{
"type": "FeatureCollection",
"name": "J09_adm2_bati",
"xy_coordinate_resolution": 1e-06,
"features": [
{ "type": "Feature", "properties": { "GID_1": "CMR.1_1", "GID_2": "CMR.1.1_1", "NAME_1": "Adamaoua", "NAME_2": "Djerem", "superficie_km2": 13242.8, "bati_2015_km2": 7.201, "bati_2025_km2": 8.769, "couverture_ghsl_pct": 100.0, "mesure_disponible": true, "part_batie_2015_pct": 0.054, "part_batie_2025_pct": 0.066, "gain_bati_km2": 1.568, "croissance_pct": 21.8 }, "geometry": { "type": "Polygon", "coordinates": [ [ [ 13.359423, 6.000621 ], [ 13.371376, 6.055076 ], [ 13.379436, 6.060189 ], [ 13.378037, 6.068148 ], [ 13.385222, 6.065056 ], [ 13.391436, 6.067469 ], [ 13.389251, 6.0783 ], [ 13.394144, 6.081847 ], [ 13.389949, 6.084828 ], [ 13.390163, 6.092911 ], [ 13.371571, 6.109739 ], [ 13.370337, 6.122069 ], [ 13.365072, 6.122591 ], [ 13.367273, 6.12637 ], [ 13.358451, 6.135983 ], [ 13.351392, 6.13614 ], [ 13.347469, 6.147384 ], [ 13.331291, 6.156195 ], [ 13.331517, 6.160266 ], [ 13.348826, 6.172953 ], [ 13.346764, 6.182047 ], [ 13.350785, 6.196968 ], [ 13.346221, 6.202641 ], [ 13.352901, 6.209367 ], [ 13.343042, 6.224364 ], [ 13.334351, 6.229845 ], [ 13.335993, 6.240208 ], [ 13.328151, 6.260478 ], [ 13.333636, 6.266363 ], [ 13.333768, 6.281571 ], [ 13.325899, 6.309565 ], [ 13.328718, 6.326158 ], [ 13.325878, 6.353449 ], [ 13.335855, 6.358271 ], [ 13.318702, 6.391481 ], [ 13.309348, 6.394286 ], [ 13.303324, 6.40618 ], [ 13.30449, 6.415584 ], [ 13.294721, 6.419682 ], [ 13.280844, 6.453042 ], [ 13.301269, 6.502203 ], [ 13.323838, 6.519341 ], [ 13.330077, 6.533371 ], [ 13.344082, 6.542295 ], [ 13.356996, 6.557647 ], [ 13.358217, 6.568488 ], [ 13.365554, 6.576834 ], [ 13.377514, 6.581123 ], [ 13.390767, 6.592901 ], [ 13.401238, 6.594611 ], [ 13.407186, 6.607263 ], [ 13.418967, 6.614193 ], [ 13.409147, 6.633142 ], [ 13.398489, 6.631704 ], [ 13.392488, 6.639134 ], [ 13.374499, 6.644847 ], [ 13.375478, 6.65841 ], [ 13.366819, 6.667443 ], [ 13.367431, 6.680584 ], [ 13.352923, 6.68512 ], [ 13.359895, 6.718423 ], [ 13.349857, 6.720436 ], [ 13.34971, 6.727438 ], [ 13.343321, 6.728276 ], [ 13.346048, 6.73291 ], [ 13.336443, 6.740286 ], [ 13.344212, 6.743382 ], [ 13.314323, 6.746022 ], [ 13.272244, 6.759671 ], [ 13.26633, 6.776513 ], [ 13.2543, 6.776429 ], [ 13.248661, 6.786442 ], [ 13.220976, 6.767893 ], [ 13.204424, 6.768231 ], [ 13.196691, 6.775262 ], [ 13.183055, 6.769318 ], [ 13.178067, 6.780994 ], [ 13.160386, 6.792321 ], [ 13.145719, 6.789779 ], [ 13.096167, 6.814328 ], [ 13.081477, 6.811026 ], [ 13.07197, 6.815653 ], [ 13.059084, 6.813054 ], [ 13.048226, 6.841846 ], [ 13.005061, 6.837918 ], [ 12.996236, 6.840889 ], [ 12.989468, 6.829382 ], [ 12.978483, 6.821569 ], [ 12.956045, 6.81242 ], [ 12.954134, 6.802733 ], [ 12.939145, 6.789503 ], [ 12.936235, 6.780588 ], [ 12.92436, 6.779064 ], [ 12.916866, 6.765519 ], [ 12.893086, 6.77226 ], [ 12.876031, 6.77056 ], [ 12.872934, 6.783564 ], [ 12.892262, 6.811498 ], [ 12.892721, 6.83515 ], [ 12.909197, 6.856327 ], [ 12.912722, 6.87075 ], [ 12.893395, 6.902764 ], [ 12.890375, 6.940664 ], [ 12.876527, 6.960341 ], [ 12.876648, 6.971916 ], [ 12.872187, 6.975435 ], [ 12.865015, 6.971752 ], [ 12.859076, 6.97382 ], [ 12.858201, 6.981596 ], [ 12.840271, 6.999052 ], [ 12.83515, 7.031288 ], [ 12.825223, 7.027471 ], [ 12.81158, 7.037044 ], [ 12.795481, 7.00806 ], [ 12.77656, 6.993727 ], [ 12.759667, 6.993947 ], [ 12.756981, 7.004527 ], [ 12.745264, 7.012131 ], [ 12.729523, 6.997094 ], [ 12.713062, 6.99523 ], [ 12.707899, 6.997108 ], [ 12.705466, 7.017086 ], [ 12.687531, 7.022264 ], [ 12.675423, 7.011791 ], [ 12.651765, 7.011434 ], [ 12.641908, 7.029995 ], [ 12.634836, 7.018889 ], [ 12.626712, 7.014659 ], [ 12.628228, 6.998988 ], [ 12.616328, 6.983488 ], [ 12.608232, 6.99751 ], [ 12.607601, 7.01534 ], [ 12.599901, 7.021883 ], [ 12.601949, 7.043018 ], [ 12.579971, 7.042007 ], [ 12.56683, 7.034997 ], [ 12.543405, 7.058811 ], [ 12.526151, 7.048248 ], [ 12.535287, 7.042252 ], [ 12.532039, 7.022129 ], [ 12.547409, 7.014909 ], [ 12.550572, 7.005531 ], [ 12.547881, 6.989178 ], [ 12.539045, 6.988117 ], [ 12.532338, 6.999392 ], [ 12.522964, 6.993778 ], [ 12.501983, 6.997676 ], [ 12.441086, 6.885218 ], [ 12.427687, 6.894061 ], [ 12.407357, 6.889224 ], [ 12.389642, 6.894989 ], [ 12.387924, 6.884631 ], [ 12.382011, 6.881966 ], [ 12.3396, 6.875749 ], [ 12.327143, 6.876697 ], [ 12.322729, 6.88439 ], [ 12.302735, 6.894688 ], [ 12.279855, 6.913969 ], [ 12.264251, 6.933622 ], [ 12.236128, 6.952517 ], [ 12.235709, 6.962804 ], [ 12.224738, 6.975423 ], [ 12.213384, 6.980648 ], [ 12.203696, 6.978616 ], [ 12.200899, 6.98424 ], [ 12.193538, 6.982344 ], [ 12.195813, 6.957738 ], [ 12.179626, 6.950578 ], [ 12.160702, 6.930499 ], [ 12.149062, 6.934826 ], [ 12.150798, 6.922078 ], [ 12.14264, 6.911361 ], [ 12.147864, 6.906203 ], [ 12.15069, 6.87991 ], [ 12.159732, 6.875423 ], [ 12.155318, 6.853485 ], [ 12.156532, 6.831147 ], [ 12.149767, 6.829017 ], [ 12.139866, 6.808127 ], [ 12.131618, 6.800654 ], [ 12.116042, 6.812671 ], [ 12.082273, 6.79243 ], [ 12.062078, 6.79339 ], [ 12.066655, 6.775759 ], [ 12.075385, 6.774731 ], [ 12.085722, 6.746467 ], [ 12.066258, 6.745917 ], [ 12.038985, 6.7255 ], [ 12.029498, 6.708722 ], [ 12.020651, 6.705497 ], [ 12.021786, 6.696783 ], [ 12.026343, 6.694144 ], [ 12.012401, 6.675321 ], [ 12.011164, 6.665295 ], [ 12.026958, 6.651913 ], [ 12.028261, 6.638948 ], [ 12.045383, 6.632492 ], [ 12.049623, 6.610534 ], [ 12.067409, 6.61345 ], [ 12.063536, 6.61004 ], [ 12.068097, 6.606679 ], [ 12.066896, 6.60242 ], [ 12.079731, 6.589377 ], [ 12.0941, 6.584848 ], [ 12.085694, 6.567934 ], [ 12.126053, 6.5433 ], [ 12.140522, 6.546337 ], [ 12.141144, 6.538412 ], [ 12.154741, 6.529984 ], [ 12.152319, 6.525069 ], [ 12.163562, 6.512157 ], [ 12.156786, 6.512407 ], [ 12.154945, 6.50663 ], [ 12.135918, 6.494125 ], [ 12.137096, 6.475499 ], [ 12.128201, 6.458208 ], [ 12.134869, 6.451441 ], [ 12.120832, 6.456321 ], [ 12.118676, 6.450196 ], [ 12.12242, 6.440588 ], [ 12.117771, 6.436929 ], [ 12.109047, 6.44057 ], [ 12.099852, 6.42541 ], [ 12.092345, 6.419022 ], [ 12.087648, 6.422458 ], [ 12.080468, 6.408001 ], [ 12.061226, 6.396302 ], [ 12.073991, 6.361029 ], [ 12.079424, 6.358234 ], [ 12.070187, 6.350859 ], [ 12.066496, 6.355391 ], [ 12.055896, 6.35455 ], [ 12.056277, 6.348383 ], [ 12.064053, 6.345058 ], [ 12.079495, 6.325137 ], [ 12.021258, 6.310507 ], [ 12.008514, 6.302015 ], [ 12.010193, 6.295933 ], [ 12.024515, 6.290422 ], [ 12.024802, 6.285215 ], [ 12.010958, 6.261047 ], [ 12.002641, 6.257401 ], [ 11.996488, 6.247358 ], [ 11.99786, 6.240101 ], [ 11.98956, 6.225208 ], [ 11.993113, 6.2129 ], [ 12.028422, 6.193163 ], [ 12.031738, 6.186072 ], [ 12.054535, 6.172062 ], [ 12.093912, 6.154244 ], [ 12.134295, 6.158075 ], [ 12.144243, 6.152713 ], [ 12.18443, 6.153447 ], [ 12.197314, 6.1813 ], [ 12.20449, 6.185057 ], [ 12.211034, 6.18652 ], [ 12.224239, 6.179546 ], [ 12.257261, 6.192955 ], [ 12.295089, 6.198024 ], [ 12.332211, 6.16094 ], [ 12.378316, 6.13511 ], [ 12.38705, 6.134083 ], [ 12.401323, 6.115435 ], [ 12.458616, 6.087411 ], [ 12.464731, 6.063691 ], [ 12.476875, 6.043997 ], [ 12.484087, 6.039886 ], [ 12.49126, 6.043551 ], [ 12.496073, 6.037069 ], [ 12.502731, 6.00186 ], [ 13.359423, 6.000621 ] ] ] } },
{ "type": "Feature", "properties": { "GID_1": "CMR.1_1", "GID_2": "CMR.1.2_1", "NAME_1": "Adamaoua", "NAME_2": "Faro et Déo", "superficie_km2": 10457.7, "bati_2015_km2": 4.934, "bati_2025_km2": 5.796, "couverture_ghsl_pct": 100.0, "mesure_disponible": true, "part_batie_2015_pct": 0.047, "part_batie_2025_pct": 0.055, "gain_bati_km2": 0.862, "croissance_pct": 17.5 }, "geometry": { "type": "Polygon", "coordinates": [ [ [ 12.672729, 7.011299 ], [ 12.687531, 7.022264 ], [ 12.705466, 7.017086 ], [ 12.707899, 6.997108 ], [ 12.713062, 6.99523 ], [ 12.729523, 6.997094 ], [ 12.745264, 7.012131 ], [ 12.756981, 7.004527 ], [ 12.759667, 6.993947 ], [ 12.77656, 6.993727 ], [ 12.795481, 7.00806 ], [ 12.81158, 7.037044 ], [ 12.825223, 7.027471 ], [ 12.83515, 7.031288 ], [ 12.840271, 6.999052 ], [ 12.858201, 6.981596 ], [ 12.859076, 6.97382 ], [ 12.865015, 6.971752 ], [ 12.872187, 6.975435 ], [ 12.876648, 6.971916 ], [ 12.881065, 6.984332 ], [ 12.888292, 6.99035 ], [ 12.891076, 7.006122 ], [ 12.874461, 7.025892 ], [ 12.864305, 7.024567 ], [ 12.862598, 7.030315 ], [ 12.850974, 7.034978 ], [ 12.840096, 7.051397 ], [ 12.842299, 7.059162 ], [ 12.836093, 7.085914 ], [ 12.822206, 7.112151 ], [ 12.824016, 7.135503 ], [ 12.828074, 7.140558 ], [ 12.833291, 7.137465 ], [ 12.843837, 7.141432 ], [ 12.846871, 7.160153 ], [ 12.857333, 7.165079 ], [ 12.8624, 7.177094 ], [ 12.872252, 7.17578 ], [ 12.868358, 7.186955 ], [ 12.880982, 7.19197 ], [ 12.892845, 7.188587 ], [ 12.899105, 7.202446 ], [ 12.893375, 7.212414 ], [ 12.89783, 7.21859 ], [ 12.89315, 7.226483 ], [ 12.906116, 7.227343 ], [ 12.910873, 7.237198 ], [ 12.920399, 7.237481 ], [ 12.92533, 7.244619 ], [ 12.935829, 7.242108 ], [ 12.932405, 7.255524 ], [ 12.936398, 7.258021 ], [ 12.946512, 7.25207 ], [ 12.953691, 7.257939 ], [ 12.952624, 7.263851 ], [ 12.967845, 7.26192 ], [ 12.969746, 7.266726 ], [ 12.97513, 7.262113 ], [ 12.981048, 7.263818 ], [ 12.981317, 7.257343 ], [ 12.990992, 7.260185 ], [ 12.998873, 7.252384 ], [ 13.009648, 7.260027 ], [ 13.011761, 7.27115 ], [ 12.999651, 7.275573 ], [ 12.996396, 7.269323 ], [ 12.985803, 7.292781 ], [ 12.995481, 7.295223 ], [ 12.99608, 7.30426 ], [ 13.003087, 7.313406 ], [ 13.00039, 7.325546 ], [ 13.00703, 7.324567 ], [ 13.001739, 7.339594 ], [ 13.005569, 7.342609 ], [ 13.004087, 7.338105 ], [ 13.011721, 7.33694 ], [ 13.008048, 7.338842 ], [ 13.00977, 7.343408 ], [ 13.026016, 7.350255 ], [ 13.015358, 7.356384 ], [ 13.022507, 7.369788 ], [ 13.06084, 7.38105 ], [ 13.066926, 7.39043 ], [ 13.082312, 7.388758 ], [ 13.084794, 7.398183 ], [ 13.095619, 7.395172 ], [ 13.10105, 7.40353 ], [ 13.118237, 7.402344 ], [ 13.117668, 7.408698 ], [ 13.112074, 7.410473 ], [ 13.115584, 7.418404 ], [ 13.123583, 7.430731 ], [ 13.134189, 7.42316 ], [ 13.134868, 7.432937 ], [ 13.141595, 7.433265 ], [ 13.138606, 7.444107 ], [ 13.147536, 7.463574 ], [ 13.145795, 7.4776 ], [ 13.13267, 7.497694 ], [ 13.162028, 7.517847 ], [ 13.162299, 7.524984 ], [ 13.166397, 7.522303 ], [ 13.173168, 7.526888 ], [ 13.174253, 7.540266 ], [ 13.186177, 7.563164 ], [ 13.181816, 7.571242 ], [ 13.213593, 7.575031 ], [ 13.226891, 7.571187 ], [ 13.229577, 7.575757 ], [ 13.245999, 7.571985 ], [ 13.247889, 7.580328 ], [ 13.241758, 7.595296 ], [ 13.244554, 7.606543 ], [ 13.228236, 7.613064 ], [ 13.221279, 7.606258 ], [ 13.22449, 7.60193 ], [ 13.210366, 7.605886 ], [ 13.183172, 7.604336 ], [ 13.15525, 7.596679 ], [ 13.147243, 7.600002 ], [ 13.140588, 7.594623 ], [ 13.13748, 7.599905 ], [ 13.12707, 7.602201 ], [ 13.122622, 7.597468 ], [ 13.08958, 7.605039 ], [ 13.08085, 7.602924 ], [ 13.036689, 7.629697 ], [ 13.016868, 7.629023 ], [ 12.976998, 7.648783 ], [ 12.903151, 7.660409 ], [ 12.895114, 7.658203 ], [ 12.890841, 7.662158 ], [ 12.878399, 7.662652 ], [ 12.875678, 7.668886 ], [ 12.871526, 7.664912 ], [ 12.841054, 7.662415 ], [ 12.799829, 7.667462 ], [ 12.789765, 7.677295 ], [ 12.782786, 7.678598 ], [ 12.77769, 7.68705 ], [ 12.768777, 7.686173 ], [ 12.740129, 7.6955 ], [ 12.738875, 7.716433 ], [ 12.731251, 7.731499 ], [ 12.704331, 7.719983 ], [ 12.697115, 7.727211 ], [ 12.676353, 7.729874 ], [ 12.652257, 7.745846 ], [ 12.636778, 7.750469 ], [ 12.633584, 7.768937 ], [ 12.64328, 7.782326 ], [ 12.631294, 7.825425 ], [ 12.650526, 7.855451 ], [ 12.652927, 7.867086 ], [ 12.648899, 7.877536 ], [ 12.635924, 7.88405 ], [ 12.629478, 7.903025 ], [ 12.626757, 7.931521 ], [ 12.500504, 7.928303 ], [ 12.486094, 7.92441 ], [ 12.479095, 7.935363 ], [ 12.449727, 7.953956 ], [ 12.43033, 7.973039 ], [ 12.42774, 7.984337 ], [ 12.417628, 7.990346 ], [ 12.39911, 8.023184 ], [ 12.386933, 8.034753 ], [ 12.381076, 8.03375 ], [ 12.360787, 8.050163 ], [ 12.349214, 8.053699 ], [ 12.327128, 8.073472 ], [ 12.324452, 8.086301 ], [ 12.298107, 8.101616 ], [ 12.287656, 8.113744 ], [ 12.27607, 8.151496 ], [ 12.288486, 8.168504 ], [ 12.291426, 8.187595 ], [ 12.277897, 8.175567 ], [ 12.256371, 8.175818 ], [ 12.243575, 8.16695 ], [ 12.24161, 8.149935 ], [ 12.226858, 8.136246 ], [ 12.228408, 8.125814 ], [ 12.219705, 8.121538 ], [ 12.211277, 8.106554 ], [ 12.212285, 8.077176 ], [ 12.218387, 8.068984 ], [ 12.216496, 8.031019 ], [ 12.223188, 8.014731 ], [ 12.221256, 8.002603 ], [ 12.206317, 7.979541 ], [ 12.207089, 7.972387 ], [ 12.187638, 7.958768 ], [ 12.188004, 7.943318 ], [ 12.167288, 7.925518 ], [ 12.159163, 7.91397 ], [ 12.1553, 7.897472 ], [ 12.132184, 7.870222 ], [ 12.108068, 7.855514 ], [ 12.088475, 7.836422 ], [ 12.076456, 7.805112 ], [ 12.063314, 7.794828 ], [ 12.063023, 7.780674 ], [ 12.05247, 7.772551 ], [ 12.055311, 7.757185 ], [ 12.031876, 7.730211 ], [ 12.026993, 7.665259 ], [ 12.007757, 7.66188 ], [ 12.018832, 7.622357 ], [ 12.015395, 7.57358 ], [ 12.021081, 7.560376 ], [ 12.020507, 7.539728 ], [ 12.034344, 7.521107 ], [ 11.974037, 7.487347 ], [ 11.965349, 7.474045 ], [ 11.962316, 7.432998 ], [ 11.949068, 7.43044 ], [ 11.940254, 7.416812 ], [ 11.943954, 7.398922 ], [ 11.935762, 7.379846 ], [ 11.916112, 7.3727 ], [ 11.901709, 7.349622 ], [ 11.89229, 7.348518 ], [ 11.88068, 7.307284 ], [ 11.836669, 7.252326 ], [ 11.816765, 7.245437 ], [ 11.811028, 7.229559 ], [ 11.872807, 7.226345 ], [ 11.877274, 7.229997 ], [ 11.887611, 7.22196 ], [ 11.895477, 7.227148 ], [ 11.904067, 7.221424 ], [ 11.907778, 7.224962 ], [ 11.925148, 7.22535 ], [ 11.931819, 7.239393 ], [ 11.940969, 7.246806 ], [ 11.95886, 7.250601 ], [ 11.965744, 7.249188 ], [ 11.971856, 7.241715 ], [ 11.991102, 7.245086 ], [ 12.002168, 7.233484 ], [ 12.024162, 7.230494 ], [ 12.039707, 7.237351 ], [ 12.050238, 7.257799 ], [ 12.105161, 7.244259 ], [ 12.119502, 7.244891 ], [ 12.12663, 7.23099 ], [ 12.144251, 7.217205 ], [ 12.152772, 7.201293 ], [ 12.152929, 7.189543 ], [ 12.169469, 7.173728 ], [ 12.179143, 7.150562 ], [ 12.17942, 7.141335 ], [ 12.170837, 7.140634 ], [ 12.169348, 7.124923 ], [ 12.172739, 7.122849 ], [ 12.167975, 7.112648 ], [ 12.197057, 7.063612 ], [ 12.196824, 7.032392 ], [ 12.208279, 7.02279 ], [ 12.20744, 7.018172 ], [ 12.203333, 7.018161 ], [ 12.206231, 7.014147 ], [ 12.201632, 7.012371 ], [ 12.205591, 7.001582 ], [ 12.200899, 6.98424 ], [ 12.203696, 6.978616 ], [ 12.213384, 6.980648 ], [ 12.2264, 6.974114 ], [ 12.235709, 6.962804 ], [ 12.236128, 6.952517 ], [ 12.252103, 6.944114 ], [ 12.279855, 6.913969 ], [ 12.330742, 6.87546 ], [ 12.382011, 6.881966 ], [ 12.387924, 6.884631 ], [ 12.389642, 6.894989 ], [ 12.407357, 6.889224 ], [ 12.427687, 6.894061 ], [ 12.441086, 6.885218 ], [ 12.501983, 6.997676 ], [ 12.522964, 6.993778 ], [ 12.532338, 6.999392 ], [ 12.539045, 6.988117 ], [ 12.547881, 6.989178 ], [ 12.550572, 7.005531 ], [ 12.547409, 7.014909 ], [ 12.532039, 7.022129 ], [ 12.535287, 7.042252 ], [ 12.526151, 7.048248 ], [ 12.543405, 7.058811 ], [ 12.56683, 7.034997 ], [ 12.579971, 7.042007 ], [ 12.601949, 7.043018 ], [ 12.599901, 7.021883 ], [ 12.607601, 7.01534 ], [ 12.608232, 6.99751 ], [ 12.616328, 6.983488 ], [ 12.628228, 6.998988 ], [ 12.626712, 7.014659 ], [ 12.634836, 7.018889 ], [ 12.641908, 7.029995 ], [ 12.651765, 7.011434 ], [ 12.672729, 7.011299 ] ] ] } },
{ "type": "Feature", "properties": { "GID_1": "CMR.1_1", "GID_2": "CMR.1.3_1", "NAME_1": "Adamaoua", "NAME_2": "Mayo Banyo", "superficie_km2": 8559.1, "bati_2015_km2": 10.812, "bati_2025_km2": 13.181, "couverture_ghsl_pct": 100.0, "mesure_disponible": true, "part_batie_2015_pct": 0.126, "part_batie_2025_pct": 0.154, "gain_bati_km2": 2.369, "croissance_pct": 21.9 }, "geometry": { "type": "Polygon", "coordinates": [ [ [ 11.902439, 6.206333 ], [ 11.910747, 6.222908 ], [ 11.919401, 6.22233 ], [ 11.927224, 6.215214 ], [ 11.929376, 6.22086 ], [ 11.938466, 6.219307 ], [ 11.944067, 6.225641 ], [ 11.943748, 6.247479 ], [ 11.948008, 6.25108 ], [ 11.959041, 6.249162 ], [ 11.962791, 6.25639 ], [ 11.992592, 6.26126 ], [ 12.006749, 6.257746 ], [ 12.024802, 6.285215 ], [ 12.024515, 6.290422 ], [ 12.008443, 6.298221 ], [ 12.013156, 6.306424 ], [ 12.041817, 6.313046 ], [ 12.06987, 6.325371 ], [ 12.079495, 6.325137 ], [ 12.064053, 6.345058 ], [ 12.056277, 6.348383 ], [ 12.055896, 6.35455 ], [ 12.066496, 6.355391 ], [ 12.070187, 6.350859 ], [ 12.079424, 6.358234 ], [ 12.073991, 6.361029 ], [ 12.061226, 6.396302 ], [ 12.080468, 6.408001 ], [ 12.087648, 6.422458 ], [ 12.092345, 6.419022 ], [ 12.099852, 6.42541 ], [ 12.109047, 6.44057 ], [ 12.117771, 6.436929 ], [ 12.12242, 6.440588 ], [ 12.118676, 6.450196 ], [ 12.120832, 6.456321 ], [ 12.134869, 6.451441 ], [ 12.128201, 6.458208 ], [ 12.137096, 6.475499 ], [ 12.135918, 6.494125 ], [ 12.154945, 6.50663 ], [ 12.156786, 6.512407 ], [ 12.163356, 6.510354 ], [ 12.152319, 6.525069 ], [ 12.154741, 6.529984 ], [ 12.141144, 6.538412 ], [ 12.140522, 6.546337 ], [ 12.126053, 6.5433 ], [ 12.085694, 6.567934 ], [ 12.0941, 6.584848 ], [ 12.079731, 6.589377 ], [ 12.066896, 6.60242 ], [ 12.068097, 6.606679 ], [ 12.063536, 6.61004 ], [ 12.067409, 6.61345 ], [ 12.049623, 6.610534 ], [ 12.045383, 6.632492 ], [ 12.028261, 6.638948 ], [ 12.026958, 6.651913 ], [ 12.011164, 6.665295 ], [ 12.012401, 6.675321 ], [ 12.026343, 6.694144 ], [ 12.021786, 6.696783 ], [ 12.020651, 6.705497 ], [ 12.029498, 6.708722 ], [ 12.038985, 6.7255 ], [ 12.066258, 6.745917 ], [ 12.085722, 6.746467 ], [ 12.075385, 6.774731 ], [ 12.066655, 6.775759 ], [ 12.062078, 6.79339 ], [ 12.082273, 6.79243 ], [ 12.116042, 6.812671 ], [ 12.131618, 6.800654 ], [ 12.139866, 6.808127 ], [ 12.149767, 6.829017 ], [ 12.156532, 6.831147 ], [ 12.155318, 6.853485 ], [ 12.159732, 6.875423 ], [ 12.15069, 6.87991 ], [ 12.147864, 6.906203 ], [ 12.14264, 6.911361 ], [ 12.150798, 6.922078 ], [ 12.148352, 6.933092 ], [ 12.160702, 6.930499 ], [ 12.179626, 6.950578 ], [ 12.195813, 6.957738 ], [ 12.192759, 6.979889 ], [ 12.202426, 6.987939 ], [ 12.205591, 7.001582 ], [ 12.201632, 7.012371 ], [ 12.206231, 7.014147 ], [ 12.203683, 7.019159 ], [ 12.208228, 7.019258 ], [ 12.207091, 7.026838 ], [ 12.203859, 7.02444 ], [ 12.196824, 7.032392 ], [ 12.197057, 7.063612 ], [ 12.167975, 7.112648 ], [ 12.172739, 7.122849 ], [ 12.169348, 7.124923 ], [ 12.170837, 7.140634 ], [ 12.17942, 7.141335 ], [ 12.179143, 7.150562 ], [ 12.169469, 7.173728 ], [ 12.152929, 7.189543 ], [ 12.152772, 7.201293 ], [ 12.144251, 7.217205 ], [ 12.12663, 7.23099 ], [ 12.119502, 7.244891 ], [ 12.105161, 7.244259 ], [ 12.052511, 7.257813 ], [ 12.047763, 7.255458 ], [ 12.039707, 7.237351 ], [ 12.024162, 7.230494 ], [ 12.002168, 7.233484 ], [ 11.991102, 7.245086 ], [ 11.971856, 7.241715 ], [ 11.965744, 7.249188 ], [ 11.95886, 7.250601 ], [ 11.940969, 7.246806 ], [ 11.923745, 7.224692 ], [ 11.907778, 7.224962 ], [ 11.904067, 7.221424 ], [ 11.895477, 7.227148 ], [ 11.887611, 7.22196 ], [ 11.877274, 7.229997 ], [ 11.872807, 7.226345 ], [ 11.853286, 7.226587 ], [ 11.853136, 7.220895 ], [ 11.840994, 7.209957 ], [ 11.834822, 7.191161 ], [ 11.835766, 7.176638 ], [ 11.844941, 7.165263 ], [ 11.842943, 7.153643 ], [ 11.852987, 7.138576 ], [ 11.853634, 7.129507 ], [ 11.87327, 7.1084 ], [ 11.871127, 7.079436 ], [ 11.849684, 7.089482 ], [ 11.836514, 7.086731 ], [ 11.826861, 7.073035 ], [ 11.80686, 7.081401 ], [ 11.777204, 7.048419 ], [ 11.732902, 7.057717 ], [ 11.716633, 7.05267 ], [ 11.709924, 7.055349 ], [ 11.710272, 7.042825 ], [ 11.717101, 7.031593 ], [ 11.68572, 7.021285 ], [ 11.669208, 6.998487 ], [ 11.656242, 6.996499 ], [ 11.660444, 6.988554 ], [ 11.636551, 6.988502 ], [ 11.619241, 6.976115 ], [ 11.624932, 6.969149 ], [ 11.623055, 6.950442 ], [ 11.606589, 6.935048 ], [ 11.606627, 6.911232 ], [ 11.601145, 6.907523 ], [ 11.583251, 6.908845 ], [ 11.564295, 6.887949 ], [ 11.56467, 6.875737 ], [ 11.553371, 6.859167 ], [ 11.554748, 6.851294 ], [ 11.568202, 6.849869 ], [ 11.580876, 6.839496 ], [ 11.579449, 6.817455 ], [ 11.591327, 6.814328 ], [ 11.592471, 6.804257 ], [ 11.597304, 6.801832 ], [ 11.571569, 6.785135 ], [ 11.570743, 6.772285 ], [ 11.577289, 6.765683 ], [ 11.576338, 6.759723 ], [ 11.585802, 6.740593 ], [ 11.583808, 6.733307 ], [ 11.573802, 6.729421 ], [ 11.576042, 6.724856 ], [ 11.560012, 6.724137 ], [ 11.551467, 6.715819 ], [ 11.548579, 6.694233 ], [ 11.553865, 6.683958 ], [ 11.548646, 6.677214 ], [ 11.556046, 6.667692 ], [ 11.533667, 6.654108 ], [ 11.537303, 6.649263 ], [ 11.525756, 6.645046 ], [ 11.519907, 6.628893 ], [ 11.522038, 6.618969 ], [ 11.512253, 6.616293 ], [ 11.496593, 6.600743 ], [ 11.484277, 6.599223 ], [ 11.463951, 6.611293 ], [ 11.448317, 6.600688 ], [ 11.418872, 6.597209 ], [ 11.417442, 6.588713 ], [ 11.426661, 6.582045 ], [ 11.432535, 6.554647 ], [ 11.432087, 6.544853 ], [ 11.419384, 6.541709 ], [ 11.425989, 6.531851 ], [ 11.386539, 6.527803 ], [ 11.37981, 6.520569 ], [ 11.365673, 6.527729 ], [ 11.356501, 6.525676 ], [ 11.350846, 6.514971 ], [ 11.357165, 6.505155 ], [ 11.350897, 6.500007 ], [ 11.3376, 6.50788 ], [ 11.328965, 6.505123 ], [ 11.315584, 6.508752 ], [ 11.308849, 6.520513 ], [ 11.280172, 6.53859 ], [ 11.266829, 6.537001 ], [ 11.256639, 6.527523 ], [ 11.242861, 6.523064 ], [ 11.23562, 6.533156 ], [ 11.225032, 6.538867 ], [ 11.208037, 6.534438 ], [ 11.191735, 6.538615 ], [ 11.199567, 6.513616 ], [ 11.19692, 6.506683 ], [ 11.205587, 6.486719 ], [ 11.199919, 6.478793 ], [ 11.201286, 6.469428 ], [ 11.192886, 6.458091 ], [ 11.192342, 6.448331 ], [ 11.207355, 6.43005 ], [ 11.198368, 6.399192 ], [ 11.205383, 6.392822 ], [ 11.19771, 6.362662 ], [ 11.209311, 6.346812 ], [ 11.204747, 6.338076 ], [ 11.205887, 6.32227 ], [ 11.188858, 6.311486 ], [ 11.185087, 6.303437 ], [ 11.182426, 6.268223 ], [ 11.191743, 6.259529 ], [ 11.219489, 6.256494 ], [ 11.230051, 6.256852 ], [ 11.240342, 6.264658 ], [ 11.245527, 6.258008 ], [ 11.258501, 6.254013 ], [ 11.264956, 6.258413 ], [ 11.278686, 6.247183 ], [ 11.290889, 6.25508 ], [ 11.303706, 6.242344 ], [ 11.297533, 6.233616 ], [ 11.301431, 6.228064 ], [ 11.29573, 6.211987 ], [ 11.271873, 6.206354 ], [ 11.268268, 6.186443 ], [ 11.27117, 6.18311 ], [ 11.262687, 6.174592 ], [ 11.268622, 6.175271 ], [ 11.280918, 6.158211 ], [ 11.275436, 6.146158 ], [ 11.271496, 6.141646 ], [ 11.264259, 6.142381 ], [ 11.262527, 6.136853 ], [ 11.27793, 6.117667 ], [ 11.275867, 6.105196 ], [ 11.279429, 6.091897 ], [ 11.289238, 6.081289 ], [ 11.285274, 6.071141 ], [ 11.28858, 6.06831 ], [ 11.29183, 6.076146 ], [ 11.296558, 6.077031 ], [ 11.30073, 6.064937 ], [ 11.299066, 6.051861 ], [ 11.307181, 6.045487 ], [ 11.307961, 6.039748 ], [ 11.29476, 6.032054 ], [ 11.293201, 6.019985 ], [ 11.275456, 6.007278 ], [ 11.276435, 6.000934 ], [ 11.266065, 5.99675 ], [ 11.26683, 5.987488 ], [ 11.261373, 5.980365 ], [ 11.264049, 5.972384 ], [ 11.299394, 5.987726 ], [ 11.300686, 5.979848 ], [ 11.304045, 5.980365 ], [ 11.311269, 5.996433 ], [ 11.321587, 5.992055 ], [ 11.327628, 5.99999 ], [ 11.33723, 5.993315 ], [ 11.367042, 6.002386 ], [ 11.376667, 6.00146 ], [ 11.385264, 6.007702 ], [ 11.39869, 6.007201 ], [ 11.435841, 6.017561 ], [ 11.456246, 6.017205 ], [ 11.462377, 6.024871 ], [ 11.496591, 6.030287 ], [ 11.502897, 6.037687 ], [ 11.524641, 6.04024 ], [ 11.533146, 6.045506 ], [ 11.543388, 6.04422 ], [ 11.548268, 6.048797 ], [ 11.553732, 6.045852 ], [ 11.577108, 6.057327 ], [ 11.593613, 6.054241 ], [ 11.60124, 6.060572 ], [ 11.603407, 6.070112 ], [ 11.615466, 6.061211 ], [ 11.623383, 6.072315 ], [ 11.642992, 6.071866 ], [ 11.653884, 6.077207 ], [ 11.664734, 6.074146 ], [ 11.667224, 6.077406 ], [ 11.661623, 6.088222 ], [ 11.67481, 6.093109 ], [ 11.675468, 6.101064 ], [ 11.684272, 6.112604 ], [ 11.69603, 6.114402 ], [ 11.697825, 6.120052 ], [ 11.705076, 6.121342 ], [ 11.706493, 6.139638 ], [ 11.71417, 6.137743 ], [ 11.734749, 6.153996 ], [ 11.754822, 6.157518 ], [ 11.763167, 6.165521 ], [ 11.77367, 6.163433 ], [ 11.775909, 6.169434 ], [ 11.787697, 6.176623 ], [ 11.789688, 6.185719 ], [ 11.796479, 6.183385 ], [ 11.801551, 6.190255 ], [ 11.815534, 6.194778 ], [ 11.835037, 6.190872 ], [ 11.840832, 6.200655 ], [ 11.861644, 6.210003 ], [ 11.871587, 6.202523 ], [ 11.902439, 6.206333 ] ] ] } },
{ "type": "Feature", "properties": { "GID_1": "CMR.1_1", "GID_2": "CMR.1.4_1", "NAME_1": "Adamaoua", "NAME_2": "Mbéré", "superficie_km2": 14545.4, "bati_2015_km2": 8.751, "bati_2025_km2": 11.216, "couverture_ghsl_pct": 100.0, "mesure_disponible": true, "part_batie_2015_pct": 0.06, "part_batie_2025_pct": 0.077, "gain_bati_km2": 2.465, "croissance_pct": 28.2 }, "geometry": { "type": "Polygon", "coordinates": [ [ [ 13.359632, 6.001706 ], [ 14.379948, 5.999982 ], [ 14.380189, 6.014135 ], [ 14.404576, 6.014406 ], [ 14.382455, 6.036062 ], [ 14.386478, 6.059511 ], [ 14.398177, 6.061241 ], [ 14.400261, 6.05445 ], [ 14.40754, 6.054993 ], [ 14.417741, 6.041794 ], [ 14.425872, 6.075981 ], [ 14.423191, 6.079329 ], [ 14.437382, 6.080884 ], [ 14.447148, 6.088803 ], [ 14.470106, 6.09412 ], [ 14.486289, 6.114843 ], [ 14.508037, 6.1282 ], [ 14.512709, 6.14355 ], [ 14.531437, 6.165884 ], [ 14.563022, 6.191108 ], [ 14.592346, 6.197498 ], [ 14.739759, 6.25089 ], [ 14.812823, 6.364129 ], [ 14.801402, 6.401122 ], [ 14.850963, 6.49262 ], [ 14.961637, 6.749874 ], [ 15.009879, 6.763589 ], [ 15.016115, 6.769373 ], [ 15.04514, 6.76193 ], [ 15.060701, 6.778402 ], [ 15.068095, 6.814915 ], [ 15.105816, 6.887177 ], [ 15.114456, 6.914992 ], [ 15.128622, 6.938318 ], [ 15.138985, 6.943492 ], [ 15.132983, 6.97062 ], [ 15.136375, 6.998022 ], [ 15.142664, 7.002921 ], [ 15.144467, 7.027078 ], [ 15.159811, 7.045779 ], [ 15.160161, 7.058686 ], [ 15.168665, 7.073523 ], [ 15.172532, 7.069449 ], [ 15.176472, 7.072485 ], [ 15.188768, 7.067372 ], [ 15.194022, 7.072961 ], [ 15.192645, 7.085938 ], [ 15.212354, 7.121476 ], [ 15.223482, 7.126717 ], [ 15.221761, 7.140177 ], [ 15.211744, 7.146739 ], [ 15.208509, 7.176489 ], [ 15.233893, 7.216442 ], [ 15.222009, 7.224385 ], [ 15.213024, 7.224803 ], [ 15.201921, 7.212239 ], [ 15.185226, 7.204184 ], [ 15.177662, 7.194672 ], [ 15.162704, 7.188211 ], [ 15.118455, 7.151105 ], [ 15.110069, 7.151312 ], [ 15.103199, 7.143596 ], [ 15.102549, 7.159123 ], [ 15.087193, 7.165707 ], [ 15.079369, 7.179426 ], [ 15.067077, 7.179875 ], [ 15.060044, 7.188728 ], [ 15.054788, 7.18775 ], [ 14.995313, 7.138256 ], [ 14.978228, 7.136764 ], [ 14.933106, 7.112682 ], [ 14.89325, 7.105097 ], [ 14.87119, 7.079852 ], [ 14.834172, 7.085653 ], [ 14.81587, 7.078549 ], [ 14.790642, 7.05886 ], [ 14.773238, 7.05498 ], [ 14.765334, 7.040408 ], [ 14.725649, 7.023557 ], [ 14.651938, 7.016165 ], [ 14.645, 7.025968 ], [ 14.655542, 7.045945 ], [ 14.64679, 7.055579 ], [ 14.646139, 7.064829 ], [ 14.62351, 7.070725 ], [ 14.600678, 7.067857 ], [ 14.587788, 7.074683 ], [ 14.579369, 7.064682 ], [ 14.563533, 7.056677 ], [ 14.583694, 7.047072 ], [ 14.584088, 7.04085 ], [ 14.602426, 7.04199 ], [ 14.602576, 7.017361 ], [ 14.608422, 7.008162 ], [ 14.619185, 7.014739 ], [ 14.626107, 7.012152 ], [ 14.625345, 6.99098 ], [ 14.633914, 6.983165 ], [ 14.650997, 6.980888 ], [ 14.662943, 6.965644 ], [ 14.673237, 6.963189 ], [ 14.677307, 6.954593 ], [ 14.665896, 6.948277 ], [ 14.640429, 6.945881 ], [ 14.623398, 6.938221 ], [ 14.619514, 6.929273 ], [ 14.631152, 6.920511 ], [ 14.641788, 6.920519 ], [ 14.63747, 6.9133 ], [ 14.640239, 6.910796 ], [ 14.635661, 6.904657 ], [ 14.629392, 6.904565 ], [ 14.631644, 6.898216 ], [ 14.624171, 6.889611 ], [ 14.608655, 6.883247 ], [ 14.607159, 6.862549 ], [ 14.610664, 6.857756 ], [ 14.596618, 6.853725 ], [ 14.582576, 6.843516 ], [ 14.568095, 6.841214 ], [ 14.568177, 6.84601 ], [ 14.563164, 6.845055 ], [ 14.557884, 6.850149 ], [ 14.555887, 6.859091 ], [ 14.544167, 6.864135 ], [ 14.542346, 6.869059 ], [ 14.537505, 6.868363 ], [ 14.534441, 6.8627 ], [ 14.519446, 6.854951 ], [ 14.51859, 6.847389 ], [ 14.514649, 6.853866 ], [ 14.50267, 6.857483 ], [ 14.493899, 6.852505 ], [ 14.495591, 6.847365 ], [ 14.49684, 6.850909 ], [ 14.499698, 6.847499 ], [ 14.487556, 6.84148 ], [ 14.468918, 6.846948 ], [ 14.469571, 6.842368 ], [ 14.456345, 6.840539 ], [ 14.456048, 6.835656 ], [ 14.446237, 6.833484 ], [ 14.447283, 6.825751 ], [ 14.443185, 6.818488 ], [ 14.439423, 6.819866 ], [ 14.440248, 6.815935 ], [ 14.422567, 6.816778 ], [ 14.418381, 6.811416 ], [ 14.413883, 6.813052 ], [ 14.414536, 6.808473 ], [ 14.408569, 6.810367 ], [ 14.40879, 6.806997 ], [ 14.401788, 6.805692 ], [ 14.401233, 6.80042 ], [ 14.395481, 6.802401 ], [ 14.397419, 6.808668 ], [ 14.391957, 6.820198 ], [ 14.396575, 6.826339 ], [ 14.394626, 6.829534 ], [ 14.384684, 6.829218 ], [ 14.381015, 6.82485 ], [ 14.371494, 6.832701 ], [ 14.355762, 6.830693 ], [ 14.350134, 6.836864 ], [ 14.335145, 6.828116 ], [ 14.321404, 6.854496 ], [ 14.302911, 6.848507 ], [ 14.302657, 6.844402 ], [ 14.293278, 6.843783 ], [ 14.276998, 6.832137 ], [ 14.25184, 6.859231 ], [ 14.236623, 6.859251 ], [ 14.228312, 6.866323 ], [ 14.208385, 6.864304 ], [ 14.187403, 6.873471 ], [ 14.172316, 6.873229 ], [ 14.156174, 6.858511 ], [ 14.147228, 6.85694 ], [ 14.14318, 6.848508 ], [ 14.034778, 6.776087 ], [ 14.016404, 6.758359 ], [ 14.001073, 6.731542 ], [ 13.955675, 6.741426 ], [ 13.947478, 6.754888 ], [ 13.927691, 6.772039 ], [ 13.920047, 6.788569 ], [ 13.919675, 6.800363 ], [ 13.912398, 6.807302 ], [ 13.899478, 6.80602 ], [ 13.893359, 6.797625 ], [ 13.885142, 6.799766 ], [ 13.877896, 6.793571 ], [ 13.872663, 6.795028 ], [ 13.867545, 6.784086 ], [ 13.858335, 6.785836 ], [ 13.84936, 6.779896 ], [ 13.84748, 6.770949 ], [ 13.857782, 6.76365 ], [ 13.864477, 6.746818 ], [ 13.877477, 6.731856 ], [ 13.882979, 6.70651 ], [ 13.894872, 6.702778 ], [ 13.903301, 6.68193 ], [ 13.912992, 6.676724 ], [ 13.905872, 6.671999 ], [ 13.905984, 6.660724 ], [ 13.897317, 6.652842 ], [ 13.899199, 6.642002 ], [ 13.879461, 6.638502 ], [ 13.870975, 6.626904 ], [ 13.850984, 6.621891 ], [ 13.852132, 6.610963 ], [ 13.859522, 6.6099 ], [ 13.855598, 6.606478 ], [ 13.855851, 6.59058 ], [ 13.847897, 6.592852 ], [ 13.83832, 6.586825 ], [ 13.823111, 6.587955 ], [ 13.808277, 6.57617 ], [ 13.807927, 6.560228 ], [ 13.801222, 6.563841 ], [ 13.794407, 6.559634 ], [ 13.79179, 6.552111 ], [ 13.796388, 6.544389 ], [ 13.790967, 6.535174 ], [ 13.781472, 6.531868 ], [ 13.770624, 6.534217 ], [ 13.758312, 6.517123 ], [ 13.747821, 6.515196 ], [ 13.739409, 6.52779 ], [ 13.734501, 6.5216 ], [ 13.712317, 6.531998 ], [ 13.708404, 6.524817 ], [ 13.700842, 6.526093 ], [ 13.695114, 6.519556 ], [ 13.689746, 6.524337 ], [ 13.684134, 6.523156 ], [ 13.68217, 6.53084 ], [ 13.665214, 6.523754 ], [ 13.664971, 6.533646 ], [ 13.65422, 6.532364 ], [ 13.644723, 6.546033 ], [ 13.638847, 6.546708 ], [ 13.63597, 6.54048 ], [ 13.624558, 6.543386 ], [ 13.61963, 6.545273 ], [ 13.618437, 6.55499 ], [ 13.61412, 6.554028 ], [ 13.613014, 6.547804 ], [ 13.605627, 6.54787 ], [ 13.613023, 6.560029 ], [ 13.600019, 6.561159 ], [ 13.597595, 6.578172 ], [ 13.592961, 6.582393 ], [ 13.596486, 6.588623 ], [ 13.585121, 6.5898 ], [ 13.579915, 6.582744 ], [ 13.573819, 6.584369 ], [ 13.57932, 6.579287 ], [ 13.573753, 6.577198 ], [ 13.562042, 6.593967 ], [ 13.554663, 6.5917 ], [ 13.55257, 6.583184 ], [ 13.542273, 6.574256 ], [ 13.529996, 6.591973 ], [ 13.540742, 6.595547 ], [ 13.543086, 6.60644 ], [ 13.537134, 6.617826 ], [ 13.524537, 6.62673 ], [ 13.508094, 6.621584 ], [ 13.506649, 6.599204 ], [ 13.496452, 6.599822 ], [ 13.486834, 6.609425 ], [ 13.481357, 6.606601 ], [ 13.477636, 6.593976 ], [ 13.469086, 6.593389 ], [ 13.458454, 6.609079 ], [ 13.446961, 6.609993 ], [ 13.441202, 6.628419 ], [ 13.446417, 6.63228 ], [ 13.4364, 6.644041 ], [ 13.425484, 6.640032 ], [ 13.405643, 6.644331 ], [ 13.401237, 6.634104 ], [ 13.409147, 6.633142 ], [ 13.418967, 6.614193 ], [ 13.407186, 6.607263 ], [ 13.401238, 6.594611 ], [ 13.390767, 6.592901 ], [ 13.377514, 6.581123 ], [ 13.365554, 6.576834 ], [ 13.358217, 6.568488 ], [ 13.356996, 6.557647 ], [ 13.344082, 6.542295 ], [ 13.330077, 6.533371 ], [ 13.323838, 6.519341 ], [ 13.301269, 6.502203 ], [ 13.280844, 6.453042 ], [ 13.294721, 6.419682 ], [ 13.30449, 6.415584 ], [ 13.303324, 6.40618 ], [ 13.309348, 6.394286 ], [ 13.318702, 6.391481 ], [ 13.335855, 6.358271 ], [ 13.325878, 6.353449 ], [ 13.328718, 6.326158 ], [ 13.325899, 6.309565 ], [ 13.333768, 6.281571 ], [ 13.333636, 6.266363 ], [ 13.328151, 6.260478 ], [ 13.335993, 6.240208 ], [ 13.334351, 6.229845 ], [ 13.343042, 6.224364 ], [ 13.352901, 6.209367 ], [ 13.346221, 6.202641 ], [ 13.350785, 6.196968 ], [ 13.346764, 6.182047 ], [ 13.348826, 6.172953 ], [ 13.331517, 6.160266 ], [ 13.331291, 6.156195 ], [ 13.347469, 6.147384 ], [ 13.351392, 6.13614 ], [ 13.358451, 6.135983 ], [ 13.367273, 6.12637 ], [ 13.365072, 6.122591 ], [ 13.370337, 6.122069 ], [ 13.371571, 6.109739 ], [ 13.390163, 6.092911 ], [ 13.389949, 6.084828 ], [ 13.394144, 6.081847 ], [ 13.389251, 6.0783 ], [ 13.391436, 6.067469 ], [ 13.385222, 6.065056 ], [ 13.378037, 6.068148 ], [ 13.379436, 6.060189 ], [ 13.371376, 6.055076 ], [ 13.359632, 6.001706 ] ] ] } },
{ "type": "Feature", "properties": { "GID_1": "CMR.1_1", "GID_2": "CMR.1.5_1", "NAME_1": "Adamaoua", "NAME_2": "Vina", "superficie_km2": 17208.5, "bati_2015_km2": 25.262, "bati_2025_km2": 29.478, "couverture_ghsl_pct": 100.0, "mesure_disponible": true, "part_batie_2015_pct": 0.147, "part_batie_2025_pct": 0.171, "gain_bati_km2": 4.216, "croissance_pct": 16.7 }, "geometry": { "type": "Polygon", "coordinates": [ [ [ 14.152676, 6.856302 ], [ 14.16912, 6.871496 ], [ 14.179577, 6.874365 ], [ 14.208385, 6.864304 ], [ 14.228312, 6.866323 ], [ 14.236623, 6.859251 ], [ 14.255215, 6.857422 ], [ 14.276998, 6.832137 ], [ 14.293278, 6.843783 ], [ 14.302657, 6.844402 ], [ 14.302911, 6.848507 ], [ 14.321404, 6.854496 ], [ 14.335145, 6.828116 ], [ 14.350134, 6.836864 ], [ 14.355762, 6.830693 ], [ 14.371494, 6.832701 ], [ 14.381015, 6.82485 ], [ 14.384684, 6.829218 ], [ 14.394626, 6.829534 ], [ 14.396575, 6.826339 ], [ 14.391957, 6.820198 ], [ 14.397419, 6.808668 ], [ 14.395481, 6.802401 ], [ 14.401233, 6.80042 ], [ 14.401788, 6.805692 ], [ 14.40879, 6.806997 ], [ 14.408569, 6.810367 ], [ 14.414536, 6.808473 ], [ 14.413883, 6.813052 ], [ 14.418381, 6.811416 ], [ 14.422567, 6.816778 ], [ 14.440248, 6.815935 ], [ 14.439423, 6.819866 ], [ 14.443185, 6.818488 ], [ 14.447283, 6.825751 ], [ 14.446237, 6.833484 ], [ 14.456048, 6.835656 ], [ 14.456345, 6.840539 ], [ 14.469571, 6.842368 ], [ 14.468918, 6.846948 ], [ 14.487556, 6.84148 ], [ 14.499698, 6.847499 ], [ 14.49684, 6.850909 ], [ 14.495591, 6.847365 ], [ 14.493899, 6.852505 ], [ 14.50267, 6.857483 ], [ 14.514649, 6.853866 ], [ 14.51859, 6.847389 ], [ 14.519446, 6.854951 ], [ 14.534441, 6.8627 ], [ 14.537505, 6.868363 ], [ 14.542346, 6.869059 ], [ 14.544167, 6.864135 ], [ 14.555887, 6.859091 ], [ 14.557884, 6.850149 ], [ 14.563164, 6.845055 ], [ 14.568177, 6.84601 ], [ 14.56896, 6.840998 ], [ 14.607554, 6.855247 ], [ 14.610967, 6.858663 ], [ 14.607246, 6.861598 ], [ 14.608655, 6.883247 ], [ 14.628751, 6.893892 ], [ 14.631817, 6.89882 ], [ 14.629392, 6.904565 ], [ 14.635661, 6.904657 ], [ 14.642265, 6.918878 ], [ 14.622458, 6.924695 ], [ 14.619514, 6.929273 ], [ 14.623398, 6.938221 ], [ 14.640429, 6.945881 ], [ 14.665896, 6.948277 ], [ 14.677307, 6.954593 ], [ 14.673237, 6.963189 ], [ 14.662943, 6.965644 ], [ 14.650997, 6.980888 ], [ 14.633914, 6.983165 ], [ 14.625345, 6.99098 ], [ 14.626107, 7.012152 ], [ 14.619185, 7.014739 ], [ 14.608422, 7.008162 ], [ 14.602576, 7.017361 ], [ 14.602426, 7.04199 ], [ 14.584088, 7.04085 ], [ 14.583694, 7.047072 ], [ 14.563533, 7.056677 ], [ 14.572813, 7.066858 ], [ 14.569129, 7.069856 ], [ 14.569347, 7.080145 ], [ 14.55761, 7.095629 ], [ 14.5462, 7.098815 ], [ 14.54122, 7.105165 ], [ 14.539851, 7.118333 ], [ 14.531132, 7.123107 ], [ 14.533492, 7.128987 ], [ 14.520876, 7.135143 ], [ 14.518886, 7.152131 ], [ 14.522622, 7.153325 ], [ 14.522228, 7.160286 ], [ 14.510966, 7.160041 ], [ 14.507064, 7.15294 ], [ 14.499772, 7.157602 ], [ 14.49675, 7.152205 ], [ 14.486036, 7.150046 ], [ 14.457396, 7.156868 ], [ 14.443304, 7.151603 ], [ 14.438752, 7.162046 ], [ 14.431832, 7.165941 ], [ 14.404411, 7.147201 ], [ 14.398787, 7.147648 ], [ 14.391817, 7.155546 ], [ 14.384884, 7.15029 ], [ 14.376922, 7.154958 ], [ 14.353161, 7.155332 ], [ 14.34141, 7.162523 ], [ 14.321863, 7.164275 ], [ 14.332682, 7.191605 ], [ 14.354008, 7.194978 ], [ 14.361959, 7.213665 ], [ 14.352699, 7.237892 ], [ 14.35724, 7.250421 ], [ 14.353862, 7.271529 ], [ 14.332843, 7.27826 ], [ 14.342222, 7.296262 ], [ 14.341649, 7.304276 ], [ 14.313561, 7.310901 ], [ 14.304883, 7.303758 ], [ 14.2946, 7.31427 ], [ 14.27938, 7.319217 ], [ 14.280634, 7.328354 ], [ 14.245873, 7.352694 ], [ 14.244139, 7.367588 ], [ 14.235728, 7.375219 ], [ 14.24194, 7.391641 ], [ 14.215977, 7.401195 ], [ 14.220279, 7.433849 ], [ 14.213675, 7.457002 ], [ 14.182642, 7.458225 ], [ 14.174986, 7.473286 ], [ 14.163136, 7.473139 ], [ 14.160615, 7.478032 ], [ 14.144822, 7.483748 ], [ 14.132311, 7.508688 ], [ 14.136558, 7.552695 ], [ 14.125642, 7.567032 ], [ 14.112594, 7.57081 ], [ 14.092731, 7.555975 ], [ 14.083734, 7.554745 ], [ 14.059714, 7.560366 ], [ 14.03378, 7.557519 ], [ 14.032388, 7.561064 ], [ 14.022988, 7.558216 ], [ 14.024382, 7.554766 ], [ 14.011961, 7.555195 ], [ 14.006171, 7.550397 ], [ 13.996911, 7.55966 ], [ 13.992124, 7.558952 ], [ 13.980392, 7.577782 ], [ 13.951445, 7.579257 ], [ 13.930847, 7.592178 ], [ 13.914268, 7.588646 ], [ 13.889409, 7.605336 ], [ 13.88245, 7.615622 ], [ 13.874242, 7.616859 ], [ 13.872741, 7.627847 ], [ 13.887917, 7.642271 ], [ 13.891754, 7.651767 ], [ 13.884072, 7.665686 ], [ 13.873081, 7.674588 ], [ 13.885555, 7.694956 ], [ 13.880718, 7.698445 ], [ 13.883561, 7.704518 ], [ 13.860689, 7.711553 ], [ 13.840682, 7.726663 ], [ 13.840178, 7.732869 ], [ 13.830565, 7.73689 ], [ 13.825507, 7.746297 ], [ 13.804565, 7.74682 ], [ 13.792929, 7.75821 ], [ 13.786901, 7.758087 ], [ 13.781994, 7.772454 ], [ 13.773364, 7.779135 ], [ 13.77517, 7.786556 ], [ 13.764981, 7.79917 ], [ 13.76763, 7.804865 ], [ 13.764399, 7.815207 ], [ 13.738647, 7.847747 ], [ 13.734192, 7.859915 ], [ 13.7447, 7.883555 ], [ 13.740916, 7.904112 ], [ 13.744262, 7.912089 ], [ 13.724451, 7.928822 ], [ 13.715934, 7.928918 ], [ 13.71056, 7.93604 ], [ 13.714105, 7.944683 ], [ 13.699186, 7.954204 ], [ 13.699512, 7.957635 ], [ 13.687056, 7.948043 ], [ 13.683712, 7.940161 ], [ 13.664938, 7.930448 ], [ 13.645507, 7.930379 ], [ 13.632793, 7.923364 ], [ 13.620863, 7.926455 ], [ 13.597549, 7.921655 ], [ 13.588793, 7.926142 ], [ 13.57297, 7.906274 ], [ 13.506917, 7.923506 ], [ 13.45804, 7.909906 ], [ 13.440799, 7.90904 ], [ 13.42136, 7.917647 ], [ 13.425757, 7.943851 ], [ 13.412724, 7.960599 ], [ 13.365136, 7.969981 ], [ 13.354734, 7.964363 ], [ 13.343467, 7.967441 ], [ 13.338741, 7.973409 ], [ 13.327539, 7.973622 ], [ 13.335478, 7.954541 ], [ 13.351945, 7.945108 ], [ 13.356139, 7.934181 ], [ 13.341181, 7.923168 ], [ 13.339256, 7.913069 ], [ 13.325822, 7.90118 ], [ 13.327915, 7.890656 ], [ 13.340382, 7.874202 ], [ 13.341569, 7.859488 ], [ 13.329309, 7.849782 ], [ 13.329042, 7.842529 ], [ 13.309674, 7.821151 ], [ 13.300601, 7.823249 ], [ 13.294424, 7.818347 ], [ 13.301925, 7.8029 ], [ 13.299628, 7.793663 ], [ 13.306158, 7.786245 ], [ 13.305222, 7.778998 ], [ 13.298296, 7.775727 ], [ 13.283922, 7.755346 ], [ 13.29548, 7.743486 ], [ 13.289311, 7.739347 ], [ 13.287878, 7.730101 ], [ 13.293762, 7.725077 ], [ 13.286587, 7.715984 ], [ 13.283844, 7.700258 ], [ 13.275522, 7.700723 ], [ 13.257615, 7.690208 ], [ 13.259341, 7.681026 ], [ 13.251938, 7.667923 ], [ 13.252614, 7.649298 ], [ 13.254071, 7.632193 ], [ 13.260502, 7.624492 ], [ 13.241558, 7.600213 ], [ 13.242572, 7.587383 ], [ 13.247889, 7.580328 ], [ 13.245999, 7.571985 ], [ 13.229577, 7.575757 ], [ 13.226891, 7.571187 ], [ 13.213593, 7.575031 ], [ 13.181816, 7.571242 ], [ 13.186177, 7.563164 ], [ 13.174253, 7.540266 ], [ 13.173168, 7.526888 ], [ 13.166397, 7.522303 ], [ 13.162299, 7.524984 ], [ 13.162028, 7.517847 ], [ 13.13267, 7.497694 ], [ 13.145795, 7.4776 ], [ 13.147536, 7.463574 ], [ 13.138606, 7.444107 ], [ 13.141595, 7.433265 ], [ 13.134868, 7.432937 ], [ 13.134189, 7.42316 ], [ 13.123583, 7.430731 ], [ 13.115584, 7.418404 ], [ 13.112074, 7.410473 ], [ 13.117668, 7.408698 ], [ 13.118774, 7.402946 ], [ 13.10105, 7.40353 ], [ 13.095619, 7.395172 ], [ 13.084794, 7.398183 ], [ 13.082312, 7.388758 ], [ 13.066926, 7.39043 ], [ 13.06084, 7.38105 ], [ 13.022507, 7.369788 ], [ 13.015358, 7.356384 ], [ 13.026016, 7.350255 ], [ 13.00977, 7.343408 ], [ 13.008048, 7.338842 ], [ 13.011721, 7.33694 ], [ 13.004087, 7.338105 ], [ 13.005569, 7.342609 ], [ 13.001739, 7.339594 ], [ 13.00703, 7.324567 ], [ 13.00039, 7.325546 ], [ 13.003087, 7.313406 ], [ 12.99608, 7.30426 ], [ 12.995481, 7.295223 ], [ 12.985803, 7.292781 ], [ 12.996396, 7.269323 ], [ 12.999651, 7.275573 ], [ 13.013617, 7.268039 ], [ 13.005346, 7.255211 ], [ 12.995265, 7.253488 ], [ 12.990992, 7.260185 ], [ 12.981317, 7.257343 ], [ 12.981048, 7.263818 ], [ 12.97513, 7.262113 ], [ 12.969746, 7.266726 ], [ 12.967845, 7.26192 ], [ 12.952624, 7.263851 ], [ 12.953691, 7.257939 ], [ 12.946512, 7.25207 ], [ 12.936398, 7.258021 ], [ 12.932405, 7.255524 ], [ 12.935829, 7.242108 ], [ 12.92533, 7.244619 ], [ 12.920399, 7.237481 ], [ 12.910873, 7.237198 ], [ 12.906116, 7.227343 ], [ 12.89315, 7.226483 ], [ 12.89783, 7.21859 ], [ 12.893375, 7.212414 ], [ 12.899105, 7.202446 ], [ 12.892845, 7.188587 ], [ 12.880982, 7.19197 ], [ 12.868358, 7.186955 ], [ 12.872252, 7.17578 ], [ 12.8624, 7.177094 ], [ 12.857333, 7.165079 ], [ 12.846871, 7.160153 ], [ 12.843837, 7.141432 ], [ 12.833291, 7.137465 ], [ 12.828074, 7.140558 ], [ 12.824016, 7.135503 ], [ 12.822206, 7.112151 ], [ 12.836093, 7.085914 ], [ 12.842299, 7.059162 ], [ 12.840096, 7.051397 ], [ 12.850974, 7.034978 ], [ 12.862598, 7.030315 ], [ 12.864305, 7.024567 ], [ 12.874461, 7.025892 ], [ 12.891076, 7.006122 ], [ 12.888292, 6.99035 ], [ 12.877331, 6.976872 ], [ 12.876527, 6.960341 ], [ 12.890074, 6.941729 ], [ 12.893395, 6.902764 ], [ 12.912722, 6.87075 ], [ 12.909197, 6.856327 ], [ 12.892721, 6.83515 ], [ 12.892262, 6.811498 ], [ 12.872934, 6.783564 ], [ 12.876031, 6.77056 ], [ 12.893086, 6.77226 ], [ 12.917724, 6.765922 ], [ 12.92436, 6.779064 ], [ 12.936235, 6.780588 ], [ 12.939145, 6.789503 ], [ 12.954134, 6.802733 ], [ 12.956045, 6.81242 ], [ 12.978483, 6.821569 ], [ 12.999858, 6.841211 ], [ 13.005061, 6.837918 ], [ 13.048226, 6.841846 ], [ 13.059084, 6.813054 ], [ 13.07197, 6.815653 ], [ 13.081477, 6.811026 ], [ 13.096167, 6.814328 ], [ 13.145719, 6.789779 ], [ 13.160386, 6.792321 ], [ 13.178067, 6.780994 ], [ 13.183055, 6.769318 ], [ 13.196691, 6.775262 ], [ 13.204424, 6.768231 ], [ 13.220976, 6.767893 ], [ 13.229035, 6.770562 ], [ 13.244548, 6.78615 ], [ 13.250967, 6.785805 ], [ 13.2543, 6.776429 ], [ 13.26633, 6.776513 ], [ 13.272244, 6.759671 ], [ 13.314323, 6.746022 ], [ 13.343718, 6.744076 ], [ 13.343852, 6.740639 ], [ 13.336443, 6.740286 ], [ 13.346048, 6.73291 ], [ 13.343321, 6.728276 ], [ 13.34971, 6.727438 ], [ 13.349857, 6.720436 ], [ 13.359895, 6.718423 ], [ 13.353254, 6.684057 ], [ 13.361767, 6.684781 ], [ 13.367431, 6.680584 ], [ 13.366819, 6.667443 ], [ 13.375312, 6.659228 ], [ 13.373255, 6.649959 ], [ 13.377786, 6.641419 ], [ 13.392488, 6.639134 ], [ 13.399103, 6.631624 ], [ 13.407036, 6.640837 ], [ 13.405643, 6.644331 ], [ 13.425484, 6.640032 ], [ 13.4364, 6.644041 ], [ 13.446417, 6.63228 ], [ 13.441202, 6.628419 ], [ 13.446961, 6.609993 ], [ 13.458454, 6.609079 ], [ 13.469086, 6.593389 ], [ 13.477636, 6.593976 ], [ 13.481357, 6.606601 ], [ 13.486834, 6.609425 ], [ 13.496452, 6.599822 ], [ 13.506649, 6.599204 ], [ 13.508094, 6.621584 ], [ 13.524537, 6.62673 ], [ 13.537134, 6.617826 ], [ 13.543086, 6.60644 ], [ 13.540742, 6.595547 ], [ 13.529996, 6.591973 ], [ 13.542273, 6.574256 ], [ 13.55257, 6.583184 ], [ 13.554663, 6.5917 ], [ 13.562042, 6.593967 ], [ 13.573753, 6.577198 ], [ 13.57932, 6.579287 ], [ 13.573819, 6.584369 ], [ 13.579915, 6.582744 ], [ 13.585121, 6.5898 ], [ 13.596486, 6.588623 ], [ 13.592961, 6.582393 ], [ 13.597595, 6.578172 ], [ 13.600019, 6.561159 ], [ 13.613023, 6.560029 ], [ 13.605627, 6.54787 ], [ 13.613014, 6.547804 ], [ 13.61412, 6.554028 ], [ 13.618437, 6.55499 ], [ 13.61963, 6.545273 ], [ 13.624558, 6.543386 ], [ 13.63597, 6.54048 ], [ 13.638847, 6.546708 ], [ 13.644723, 6.546033 ], [ 13.65422, 6.532364 ], [ 13.664971, 6.533646 ], [ 13.665214, 6.523754 ], [ 13.680528, 6.531009 ], [ 13.684134, 6.523156 ], [ 13.689746, 6.524337 ], [ 13.693818, 6.519552 ], [ 13.700842, 6.526093 ], [ 13.708404, 6.524817 ], [ 13.712317, 6.531998 ], [ 13.734501, 6.5216 ], [ 13.739409, 6.52779 ], [ 13.747821, 6.515196 ], [ 13.764735, 6.522236 ], [ 13.770624, 6.534217 ], [ 13.781472, 6.531868 ], [ 13.790967, 6.535174 ], [ 13.796388, 6.544389 ], [ 13.79179, 6.552111 ], [ 13.794407, 6.559634 ], [ 13.801222, 6.563841 ], [ 13.807927, 6.560228 ], [ 13.808277, 6.57617 ], [ 13.823111, 6.587955 ], [ 13.83832, 6.586825 ], [ 13.847897, 6.592852 ], [ 13.855851, 6.59058 ], [ 13.855598, 6.606478 ], [ 13.859522, 6.6099 ], [ 13.852132, 6.610963 ], [ 13.850984, 6.621891 ], [ 13.870975, 6.626904 ], [ 13.879461, 6.638502 ], [ 13.899199, 6.642002 ], [ 13.897317, 6.652842 ], [ 13.905984, 6.660724 ], [ 13.905872, 6.671999 ], [ 13.912778, 6.675773 ], [ 13.903301, 6.68193 ], [ 13.894872, 6.702778 ], [ 13.882979, 6.70651 ], [ 13.877477, 6.731856 ], [ 13.864477, 6.746818 ], [ 13.857782, 6.76365 ], [ 13.84748, 6.770949 ], [ 13.852509, 6.782582 ], [ 13.858335, 6.785836 ], [ 13.866941, 6.783696 ], [ 13.872663, 6.795028 ], [ 13.877896, 6.793571 ], [ 13.885142, 6.799766 ], [ 13.893359, 6.797625 ], [ 13.899478, 6.80602 ], [ 13.910062, 6.808204 ], [ 13.919675, 6.800363 ], [ 13.920047, 6.788569 ], [ 13.927691, 6.772039 ], [ 13.947478, 6.754888 ], [ 13.955675, 6.741426 ], [ 14.001073, 6.731542 ], [ 14.016404, 6.758359 ], [ 14.034778, 6.776087 ], [ 14.14318, 6.848508 ], [ 14.147228, 6.85694 ], [ 14.152676, 6.856302 ] ] ] } },
{ "type": "Feature", "properties": { "GID_1": "CMR.2_1", "GID_2": "CMR.2.1_1", "NAME_1": "Centre", "NAME_2": "Haute Sanaga", "superficie_km2": 11736.4, "bati_2015_km2": 7.454, "bati_2025_km2": 8.742, "couverture_ghsl_pct": 100.0, "mesure_disponible": true, "part_batie_2015_pct": 0.064, "part_batie_2025_pct": 0.074, "gain_bati_km2": 1.288, "croissance_pct": 17.3 }, "geometry": { "type": "Polygon", "coordinates": [ [ [ 12.488523, 4.359532 ], [ 12.614182, 4.390717 ], [ 12.623165, 4.38614 ], [ 12.658825, 4.388032 ], [ 12.683769, 4.381724 ], [ 12.759848, 4.32976 ], [ 12.842839, 4.37466 ], [ 12.877204, 4.517859 ], [ 12.979486, 4.564664 ], [ 12.97687, 4.590008 ], [ 13.000216, 4.592432 ], [ 13.006648, 4.604741 ], [ 13.023839, 4.606452 ], [ 13.041487, 4.595178 ], [ 13.058454, 4.594975 ], [ 13.074938, 4.584559 ], [ 13.091351, 4.561586 ], [ 13.121202, 4.552583 ], [ 13.129222, 4.545727 ], [ 13.140984, 4.544383 ], [ 13.171256, 4.553677 ], [ 13.21216, 4.549927 ], [ 13.206402, 4.562409 ], [ 13.213075, 4.579394 ], [ 13.209188, 4.603569 ], [ 13.228879, 4.652074 ], [ 13.222853, 4.672751 ], [ 13.227416, 4.690917 ], [ 13.219311, 4.700967 ], [ 13.235261, 4.708211 ], [ 13.234566, 4.715876 ], [ 13.222241, 4.729569 ], [ 13.225711, 4.742103 ], [ 13.22288, 4.74744 ], [ 13.226614, 4.751141 ], [ 13.223794, 4.75818 ], [ 13.229138, 4.765063 ], [ 13.238866, 4.760322 ], [ 13.236691, 4.768847 ], [ 13.246797, 4.773785 ], [ 13.246945, 4.780699 ], [ 13.244125, 4.787632 ], [ 13.232732, 4.780362 ], [ 13.235528, 4.786515 ], [ 13.242752, 4.788598 ], [ 13.236672, 4.800127 ], [ 13.240932, 4.802866 ], [ 13.2377, 4.811823 ], [ 13.240072, 4.818298 ], [ 13.231289, 4.821439 ], [ 13.223425, 4.836064 ], [ 13.20997, 4.838594 ], [ 13.209276, 4.846366 ], [ 13.198141, 4.846755 ], [ 13.2055, 4.853199 ], [ 13.20682, 4.860745 ], [ 13.203775, 4.865871 ], [ 13.196024, 4.864643 ], [ 13.18965, 4.914158 ], [ 13.184577, 4.917275 ], [ 13.169078, 4.915564 ], [ 13.1492, 4.926222 ], [ 13.114214, 4.930164 ], [ 13.098485, 4.925792 ], [ 13.065726, 4.930037 ], [ 13.056575, 4.94297 ], [ 13.039551, 4.952652 ], [ 13.014436, 4.958126 ], [ 13.022434, 4.964782 ], [ 13.028822, 4.985708 ], [ 13.037992, 4.992888 ], [ 13.058416, 5.035328 ], [ 13.057286, 5.075348 ], [ 13.049356, 5.080187 ], [ 13.030211, 5.107444 ], [ 13.000072, 5.12498 ], [ 12.904875, 5.214336 ], [ 12.809184, 5.279751 ], [ 12.624185, 5.231247 ], [ 12.543249, 5.218958 ], [ 12.515143, 5.187174 ], [ 12.510244, 5.175255 ], [ 12.501011, 5.17039 ], [ 12.488524, 5.153177 ], [ 12.476602, 5.147561 ], [ 12.461681, 5.113068 ], [ 12.451909, 5.102579 ], [ 12.440743, 5.098339 ], [ 12.429015, 5.082259 ], [ 12.416102, 5.077477 ], [ 12.401359, 5.08169 ], [ 12.356557, 5.064117 ], [ 12.338717, 5.036799 ], [ 12.325777, 5.002042 ], [ 12.314593, 4.946561 ], [ 12.281118, 4.914429 ], [ 12.264988, 4.916728 ], [ 12.254601, 4.910888 ], [ 12.243569, 4.912597 ], [ 12.237571, 4.910437 ], [ 12.236469, 4.901013 ], [ 12.212934, 4.893975 ], [ 12.182882, 4.898196 ], [ 12.175917, 4.891074 ], [ 12.148696, 4.88768 ], [ 12.134138, 4.878314 ], [ 12.13416, 4.873128 ], [ 12.11584, 4.856394 ], [ 12.109524, 4.857893 ], [ 12.104389, 4.849558 ], [ 12.098521, 4.852965 ], [ 12.090494, 4.845609 ], [ 12.079823, 4.848614 ], [ 12.065391, 4.863345 ], [ 12.059332, 4.857981 ], [ 12.057487, 4.8627 ], [ 12.051819, 4.855126 ], [ 12.044801, 4.860586 ], [ 12.044837, 4.852198 ], [ 12.040144, 4.847678 ], [ 12.026603, 4.846399 ], [ 12.025782, 4.842811 ], [ 12.021361, 4.845461 ], [ 12.01957, 4.855137 ], [ 12.011455, 4.851136 ], [ 12.004967, 4.857055 ], [ 11.999039, 4.856647 ], [ 11.995368, 4.844354 ], [ 12.001141, 4.828138 ], [ 11.995008, 4.822545 ], [ 11.988984, 4.826986 ], [ 11.987781, 4.823931 ], [ 11.990014, 4.81746 ], [ 12.001426, 4.815299 ], [ 11.993172, 4.790679 ], [ 11.998809, 4.787806 ], [ 11.998907, 4.782774 ], [ 11.99295, 4.771691 ], [ 12.002684, 4.770742 ], [ 11.999678, 4.762875 ], [ 11.983823, 4.762315 ], [ 11.9924, 4.753611 ], [ 11.984998, 4.747589 ], [ 11.987251, 4.740285 ], [ 11.981627, 4.740191 ], [ 11.982492, 4.732952 ], [ 11.999065, 4.737412 ], [ 12.002975, 4.732205 ], [ 11.984541, 4.721667 ], [ 11.967038, 4.718014 ], [ 11.971515, 4.700811 ], [ 11.982735, 4.701633 ], [ 11.988157, 4.69437 ], [ 11.983017, 4.687171 ], [ 11.961569, 4.685202 ], [ 11.971509, 4.676468 ], [ 11.964698, 4.67412 ], [ 11.962318, 4.664394 ], [ 11.977259, 4.669979 ], [ 11.983438, 4.6657 ], [ 11.983018, 4.661172 ], [ 11.970941, 4.655048 ], [ 11.956949, 4.659293 ], [ 11.949709, 4.654183 ], [ 11.935403, 4.654894 ], [ 11.939301, 4.643761 ], [ 11.951218, 4.635974 ], [ 11.946518, 4.628778 ], [ 11.916083, 4.639464 ], [ 11.891812, 4.629533 ], [ 11.883339, 4.630048 ], [ 11.863025, 4.646185 ], [ 11.853344, 4.646031 ], [ 11.854326, 4.633906 ], [ 11.842319, 4.622797 ], [ 11.847072, 4.603437 ], [ 11.839581, 4.59703 ], [ 11.83368, 4.583217 ], [ 11.811974, 4.567512 ], [ 11.815825, 4.546692 ], [ 11.811793, 4.52001 ], [ 11.793468, 4.502371 ], [ 11.774206, 4.502936 ], [ 11.764253, 4.497299 ], [ 11.752851, 4.467412 ], [ 11.722615, 4.447509 ], [ 11.721733, 4.441913 ], [ 11.728641, 4.43297 ], [ 11.723248, 4.421631 ], [ 11.724506, 4.406641 ], [ 11.707808, 4.373273 ], [ 11.728203, 4.36699 ], [ 11.732414, 4.351921 ], [ 11.731699, 4.304574 ], [ 11.741038, 4.304212 ], [ 11.754696, 4.323825 ], [ 11.766152, 4.327624 ], [ 11.79223, 4.312734 ], [ 11.805834, 4.288093 ], [ 11.820115, 4.286546 ], [ 11.861545, 4.268634 ], [ 11.870147, 4.252998 ], [ 11.883531, 4.262161 ], [ 11.891809, 4.260319 ], [ 11.900867, 4.264106 ], [ 11.913625, 4.276482 ], [ 11.933375, 4.275221 ], [ 11.945415, 4.284111 ], [ 11.960022, 4.268094 ], [ 11.96264, 4.246939 ], [ 11.981926, 4.227859 ], [ 11.987594, 4.211215 ], [ 11.993078, 4.207486 ], [ 12.053738, 4.198474 ], [ 12.06519, 4.204412 ], [ 12.06955, 4.21595 ], [ 12.077551, 4.217052 ], [ 12.085705, 4.213064 ], [ 12.085596, 4.206499 ], [ 12.088948, 4.205574 ], [ 12.113876, 4.211829 ], [ 12.134709, 4.207083 ], [ 12.165632, 4.179462 ], [ 12.153836, 4.170349 ], [ 12.134419, 4.170278 ], [ 12.128227, 4.137177 ], [ 12.117035, 4.126035 ], [ 12.115122, 4.117146 ], [ 12.102116, 4.11501 ], [ 12.109838, 4.102849 ], [ 12.108841, 4.090885 ], [ 12.118979, 4.067239 ], [ 12.116934, 4.059529 ], [ 12.147111, 4.066029 ], [ 12.163567, 4.098138 ], [ 12.192563, 4.12032 ], [ 12.271281, 4.140792 ], [ 12.317606, 4.188086 ], [ 12.340092, 4.19664 ], [ 12.346691, 4.217834 ], [ 12.488523, 4.359532 ] ] ] } },
{ "type": "Feature", "properties": { "GID_1": "CMR.2_1", "GID_2": "CMR.2.2_1", "NAME_1": "Centre", "NAME_2": "Lekié", "superficie_km2": 3015.5, "bati_2015_km2": 26.354, "bati_2025_km2": 32.003, "couverture_ghsl_pct": 100.0, "mesure_disponible": true, "part_batie_2015_pct": 0.874, "part_batie_2025_pct": 1.061, "gain_bati_km2": 5.649, "croissance_pct": 21.4 }, "geometry": { "type": "Polygon", "coordinates": [ [ [ 11.386107, 3.867311 ], [ 11.453591, 3.898788 ], [ 11.451439, 3.90921 ], [ 11.461509, 3.91941 ], [ 11.474195, 3.95226 ], [ 11.476588, 3.955542 ], [ 11.48566, 3.953873 ], [ 11.507007, 3.982766 ], [ 11.522124, 3.991506 ], [ 11.53263, 4.019287 ], [ 11.544932, 4.024033 ], [ 11.55671, 4.018678 ], [ 11.573688, 4.021206 ], [ 11.575953, 4.033944 ], [ 11.565791, 4.061374 ], [ 11.591328, 4.071682 ], [ 11.573024, 4.111855 ], [ 11.584017, 4.122293 ], [ 11.602795, 4.116816 ], [ 11.607334, 4.12053 ], [ 11.60571, 4.131608 ], [ 11.62641, 4.150539 ], [ 11.606243, 4.173992 ], [ 11.637053, 4.205508 ], [ 11.650841, 4.202743 ], [ 11.67403, 4.218567 ], [ 11.675869, 4.227144 ], [ 11.685399, 4.23566 ], [ 11.687981, 4.256886 ], [ 11.684399, 4.261108 ], [ 11.689906, 4.267253 ], [ 11.688562, 4.27431 ], [ 11.70031, 4.276983 ], [ 11.716872, 4.271832 ], [ 11.731699, 4.304574 ], [ 11.732414, 4.351921 ], [ 11.726509, 4.369323 ], [ 11.707808, 4.373273 ], [ 11.689574, 4.364626 ], [ 11.67486, 4.350263 ], [ 11.640265, 4.346634 ], [ 11.629253, 4.35006 ], [ 11.623629, 4.357651 ], [ 11.606174, 4.361447 ], [ 11.570956, 4.377895 ], [ 11.555804, 4.372882 ], [ 11.545775, 4.382723 ], [ 11.544525, 4.394074 ], [ 11.533381, 4.414598 ], [ 11.465453, 4.484606 ], [ 11.437958, 4.499568 ], [ 11.395561, 4.496687 ], [ 11.357851, 4.477931 ], [ 11.329425, 4.444994 ], [ 11.30038, 4.397696 ], [ 11.277668, 4.389668 ], [ 11.263571, 4.364062 ], [ 11.236529, 4.345269 ], [ 11.213278, 4.287467 ], [ 11.196721, 4.275129 ], [ 11.176723, 4.273327 ], [ 11.15097, 4.264574 ], [ 11.128421, 4.230611 ], [ 11.073381, 4.187445 ], [ 11.07802, 4.182431 ], [ 11.078583, 4.166852 ], [ 11.099431, 4.167833 ], [ 11.108779, 4.160351 ], [ 11.106541, 4.142032 ], [ 11.120152, 4.125445 ], [ 11.126754, 4.124212 ], [ 11.136404, 4.11413 ], [ 11.144323, 4.101021 ], [ 11.138309, 4.080901 ], [ 11.145147, 4.070805 ], [ 11.143454, 4.059947 ], [ 11.120589, 4.054773 ], [ 11.112667, 4.028246 ], [ 11.135428, 4.034198 ], [ 11.135453, 4.049391 ], [ 11.145253, 4.048464 ], [ 11.1584, 4.02676 ], [ 11.173069, 4.02157 ], [ 11.179749, 4.003388 ], [ 11.192718, 4.009 ], [ 11.199351, 3.979715 ], [ 11.206139, 3.979941 ], [ 11.21125, 3.965024 ], [ 11.208307, 3.929752 ], [ 11.202304, 3.92768 ], [ 11.184802, 3.937826 ], [ 11.170222, 3.912196 ], [ 11.169028, 3.895984 ], [ 11.182387, 3.895653 ], [ 11.186793, 3.89156 ], [ 11.186237, 3.863451 ], [ 11.154469, 3.840353 ], [ 11.166855, 3.817621 ], [ 11.16117, 3.802417 ], [ 11.201784, 3.795639 ], [ 11.20828, 3.803996 ], [ 11.216682, 3.806595 ], [ 11.215679, 3.816492 ], [ 11.227422, 3.824131 ], [ 11.228288, 3.831078 ], [ 11.247744, 3.831164 ], [ 11.282164, 3.864159 ], [ 11.386107, 3.867311 ] ] ] } },
{ "type": "Feature", "properties": { "GID_1": "CMR.2_1", "GID_2": "CMR.2.3_1", "NAME_1": "Centre", "NAME_2": "Mbam et Inoubou", "superficie_km2": 6820.8, "bati_2015_km2": 17.266, "bati_2025_km2": 21.565, "couverture_ghsl_pct": 100.0, "mesure_disponible": true, "part_batie_2015_pct": 0.253, "part_batie_2025_pct": 0.316, "gain_bati_km2": 4.299, "croissance_pct": 24.9 }, "geometry": { "type": "Polygon", "coordinates": [ [ [ 11.266944, 4.367824 ], [ 11.277668, 4.389668 ], [ 11.285384, 4.429577 ], [ 11.317345, 4.463138 ], [ 11.321797, 4.474441 ], [ 11.321854, 4.49179 ], [ 11.297401, 4.501988 ], [ 11.281368, 4.523027 ], [ 11.285064, 4.552101 ], [ 11.307622, 4.567361 ], [ 11.321909, 4.569473 ], [ 11.346584, 4.587462 ], [ 11.335869, 4.601776 ], [ 11.33539, 4.630839 ], [ 11.331264, 4.64305 ], [ 11.318419, 4.657156 ], [ 11.314244, 4.678492 ], [ 11.309402, 4.679437 ], [ 11.309179, 4.684814 ], [ 11.318254, 4.688745 ], [ 11.322455, 4.699446 ], [ 11.332879, 4.704549 ], [ 11.312707, 4.713179 ], [ 11.31111, 4.722451 ], [ 11.302767, 4.726484 ], [ 11.286918, 4.722905 ], [ 11.292416, 4.744291 ], [ 11.276999, 4.768088 ], [ 11.295894, 4.800949 ], [ 11.338706, 4.85129 ], [ 11.336711, 4.861776 ], [ 11.346642, 4.879236 ], [ 11.346354, 4.988463 ], [ 11.36156, 4.97961 ], [ 11.380696, 4.977849 ], [ 11.38199, 5.005644 ], [ 11.378841, 5.014233 ], [ 11.381961, 5.021986 ], [ 11.213258, 5.23882 ], [ 11.08015, 5.188231 ], [ 11.061968, 5.18507 ], [ 11.051907, 5.17846 ], [ 11.048368, 5.17062 ], [ 11.030912, 5.174803 ], [ 11.015141, 5.172136 ], [ 11.013913, 5.164892 ], [ 10.998031, 5.1585 ], [ 10.989099, 5.127022 ], [ 10.986657, 5.084149 ], [ 10.970727, 5.061348 ], [ 10.96995, 5.036689 ], [ 10.960199, 5.032088 ], [ 10.958565, 5.022429 ], [ 10.948405, 5.015212 ], [ 10.945269, 5.006867 ], [ 10.931401, 5.001673 ], [ 10.935693, 4.993306 ], [ 10.954134, 4.98399 ], [ 10.962124, 4.970579 ], [ 10.94056, 4.941551 ], [ 10.941616, 4.924838 ], [ 10.867392, 4.941459 ], [ 10.851065, 4.953485 ], [ 10.856185, 4.954074 ], [ 10.853739, 4.97663 ], [ 10.844396, 4.973737 ], [ 10.837685, 4.978789 ], [ 10.833946, 4.970142 ], [ 10.823812, 4.971378 ], [ 10.818027, 4.984683 ], [ 10.8098, 4.986517 ], [ 10.819873, 4.999074 ], [ 10.811274, 5.011077 ], [ 10.790704, 5.014455 ], [ 10.785096, 5.019706 ], [ 10.779262, 5.015091 ], [ 10.765511, 5.015934 ], [ 10.749221, 5.005809 ], [ 10.748089, 4.995443 ], [ 10.721177, 4.953734 ], [ 10.699683, 4.948857 ], [ 10.690763, 4.954216 ], [ 10.687117, 4.941137 ], [ 10.68108, 4.935615 ], [ 10.662999, 4.930727 ], [ 10.641485, 4.91729 ], [ 10.598439, 4.882257 ], [ 10.564317, 4.884754 ], [ 10.520885, 4.899353 ], [ 10.492644, 4.884112 ], [ 10.486405, 4.877179 ], [ 10.477817, 4.851422 ], [ 10.444452, 4.832967 ], [ 10.44504, 4.826018 ], [ 10.4209, 4.801904 ], [ 10.417158, 4.788218 ], [ 10.393578, 4.791388 ], [ 10.378411, 4.786283 ], [ 10.360703, 4.76467 ], [ 10.359632, 4.750593 ], [ 10.337878, 4.69131 ], [ 10.3571, 4.666301 ], [ 10.363068, 4.690959 ], [ 10.375242, 4.706744 ], [ 10.380366, 4.709453 ], [ 10.386678, 4.703902 ], [ 10.404753, 4.709303 ], [ 10.416789, 4.705654 ], [ 10.41901, 4.712194 ], [ 10.440498, 4.71799 ], [ 10.455976, 4.729033 ], [ 10.4571, 4.738092 ], [ 10.465141, 4.744117 ], [ 10.491493, 4.724024 ], [ 10.493781, 4.714353 ], [ 10.490127, 4.694929 ], [ 10.478268, 4.686597 ], [ 10.479058, 4.680755 ], [ 10.471417, 4.674126 ], [ 10.472398, 4.663149 ], [ 10.46654, 4.645239 ], [ 10.456213, 4.649086 ], [ 10.431359, 4.615507 ], [ 10.417196, 4.608286 ], [ 10.414966, 4.596912 ], [ 10.39857, 4.576303 ], [ 10.385972, 4.54753 ], [ 10.378762, 4.502334 ], [ 10.386283, 4.500003 ], [ 10.388559, 4.483586 ], [ 10.394867, 4.476325 ], [ 10.423354, 4.473853 ], [ 10.431586, 4.476354 ], [ 10.438634, 4.489027 ], [ 10.45318, 4.488797 ], [ 10.471625, 4.481007 ], [ 10.473122, 4.476775 ], [ 10.46567, 4.463097 ], [ 10.478279, 4.447263 ], [ 10.487436, 4.461542 ], [ 10.507612, 4.466837 ], [ 10.517216, 4.453729 ], [ 10.520231, 4.456743 ], [ 10.534775, 4.455404 ], [ 10.54251, 4.460422 ], [ 10.55915, 4.454044 ], [ 10.5749, 4.454412 ], [ 10.59107, 4.463641 ], [ 10.599823, 4.474998 ], [ 10.60281, 4.464924 ], [ 10.616174, 4.474761 ], [ 10.616458, 4.467109 ], [ 10.636518, 4.465454 ], [ 10.639416, 4.460715 ], [ 10.676477, 4.481069 ], [ 10.680017, 4.493847 ], [ 10.685513, 4.484471 ], [ 10.693643, 4.486063 ], [ 10.697036, 4.521695 ], [ 10.725928, 4.522231 ], [ 10.727809, 4.511152 ], [ 10.723174, 4.502605 ], [ 10.737393, 4.492001 ], [ 10.747837, 4.496808 ], [ 10.776428, 4.497444 ], [ 10.786091, 4.510809 ], [ 10.776607, 4.529457 ], [ 10.781541, 4.537297 ], [ 10.776646, 4.545665 ], [ 10.781076, 4.5524 ], [ 10.778717, 4.571936 ], [ 10.783268, 4.586925 ], [ 10.779888, 4.599316 ], [ 10.784626, 4.608263 ], [ 10.831185, 4.611769 ], [ 10.877053, 4.580946 ], [ 10.890063, 4.607387 ], [ 10.920257, 4.6064 ], [ 10.922215, 4.588577 ], [ 10.91573, 4.563831 ], [ 10.913711, 4.520953 ], [ 10.911678, 4.511094 ], [ 10.902924, 4.500144 ], [ 10.890779, 4.497055 ], [ 10.895665, 4.48617 ], [ 10.894118, 4.469464 ], [ 10.902829, 4.463703 ], [ 10.913996, 4.437803 ], [ 10.927426, 4.434245 ], [ 10.944027, 4.415881 ], [ 10.937689, 4.408146 ], [ 10.942451, 4.388303 ], [ 10.94965, 4.379628 ], [ 10.9726, 4.374132 ], [ 10.978175, 4.358615 ], [ 10.977303, 4.33164 ], [ 10.986814, 4.326079 ], [ 10.991802, 4.315899 ], [ 10.998816, 4.313666 ], [ 11.000393, 4.303193 ], [ 11.013427, 4.302856 ], [ 11.019879, 4.278078 ], [ 11.026797, 4.277657 ], [ 11.040708, 4.267554 ], [ 11.035971, 4.258407 ], [ 11.045157, 4.244189 ], [ 11.067405, 4.240104 ], [ 11.077399, 4.228199 ], [ 11.073059, 4.217441 ], [ 11.077747, 4.20837 ], [ 11.076099, 4.191665 ], [ 11.086509, 4.195111 ], [ 11.102019, 4.212209 ], [ 11.122459, 4.224794 ], [ 11.15097, 4.264574 ], [ 11.176723, 4.273327 ], [ 11.196721, 4.275129 ], [ 11.20889, 4.283247 ], [ 11.23236, 4.337985 ], [ 11.240237, 4.349827 ], [ 11.266944, 4.367824 ] ] ] } },
{ "type": "Feature", "properties": { "GID_1": "CMR.2_1", "GID_2": "CMR.2.4_1", "NAME_1": "Centre", "NAME_2": "Mbam et Kim", "superficie_km2": 26266.4, "bati_2015_km2": 11.547, "bati_2025_km2": 14.972, "couverture_ghsl_pct": 100.0, "mesure_disponible": true, "part_batie_2015_pct": 0.044, "part_batie_2025_pct": 0.057, "gain_bati_km2": 3.425, "croissance_pct": 29.7 }, "geometry": { "type": "Polygon", "coordinates": [ [ [ 11.537666, 4.409274 ], [ 11.545775, 4.382723 ], [ 11.555804, 4.372882 ], [ 11.570956, 4.377895 ], [ 11.606174, 4.361447 ], [ 11.623629, 4.357651 ], [ 11.629253, 4.35006 ], [ 11.640265, 4.346634 ], [ 11.67486, 4.350263 ], [ 11.689574, 4.364626 ], [ 11.710004, 4.374843 ], [ 11.722978, 4.400651 ], [ 11.723248, 4.421631 ], [ 11.728641, 4.43297 ], [ 11.721733, 4.441913 ], [ 11.722615, 4.447509 ], [ 11.752851, 4.467412 ], [ 11.764253, 4.497299 ], [ 11.774206, 4.502936 ], [ 11.793468, 4.502371 ], [ 11.811793, 4.52001 ], [ 11.815825, 4.546692 ], [ 11.811974, 4.567512 ], [ 11.83368, 4.583217 ], [ 11.839581, 4.59703 ], [ 11.847072, 4.603437 ], [ 11.842319, 4.622797 ], [ 11.854326, 4.633906 ], [ 11.853344, 4.646031 ], [ 11.863025, 4.646185 ], [ 11.883339, 4.630048 ], [ 11.891812, 4.629533 ], [ 11.916083, 4.639464 ], [ 11.946518, 4.628778 ], [ 11.951218, 4.635974 ], [ 11.939301, 4.643761 ], [ 11.935403, 4.654894 ], [ 11.949709, 4.654183 ], [ 11.956949, 4.659293 ], [ 11.970941, 4.655048 ], [ 11.983018, 4.661172 ], [ 11.983438, 4.6657 ], [ 11.977259, 4.669979 ], [ 11.962318, 4.664394 ], [ 11.964698, 4.67412 ], [ 11.971509, 4.676468 ], [ 11.961569, 4.685202 ], [ 11.983017, 4.687171 ], [ 11.988157, 4.69437 ], [ 11.982735, 4.701633 ], [ 11.971515, 4.700811 ], [ 11.967038, 4.718014 ], [ 11.984541, 4.721667 ], [ 12.002975, 4.732205 ], [ 11.999065, 4.737412 ], [ 11.982492, 4.732952 ], [ 11.981627, 4.740191 ], [ 11.987251, 4.740285 ], [ 11.984998, 4.747589 ], [ 11.9924, 4.753611 ], [ 11.983823, 4.762315 ], [ 11.999678, 4.762875 ], [ 12.002684, 4.770742 ], [ 11.99295, 4.771691 ], [ 11.998907, 4.782774 ], [ 11.998809, 4.787806 ], [ 11.993172, 4.790679 ], [ 12.001426, 4.815299 ], [ 11.990014, 4.81746 ], [ 11.987781, 4.823931 ], [ 11.988984, 4.826986 ], [ 11.995008, 4.822545 ], [ 12.001141, 4.828138 ], [ 11.995368, 4.844354 ], [ 11.999039, 4.856647 ], [ 12.004967, 4.857055 ], [ 12.011455, 4.851136 ], [ 12.01957, 4.855137 ], [ 12.021361, 4.845461 ], [ 12.025782, 4.842811 ], [ 12.026603, 4.846399 ], [ 12.040144, 4.847678 ], [ 12.044837, 4.852198 ], [ 12.044801, 4.860586 ], [ 12.051819, 4.855126 ], [ 12.057487, 4.8627 ], [ 12.059332, 4.857981 ], [ 12.065391, 4.863345 ], [ 12.079823, 4.848614 ], [ 12.090494, 4.845609 ], [ 12.098521, 4.852965 ], [ 12.104389, 4.849558 ], [ 12.109524, 4.857893 ], [ 12.11584, 4.856394 ], [ 12.13416, 4.873128 ], [ 12.134138, 4.878314 ], [ 12.148696, 4.88768 ], [ 12.175917, 4.891074 ], [ 12.182882, 4.898196 ], [ 12.212934, 4.893975 ], [ 12.236469, 4.901013 ], [ 12.237571, 4.910437 ], [ 12.243569, 4.912597 ], [ 12.283319, 4.915735 ], [ 12.314593, 4.946561 ], [ 12.325777, 5.002042 ], [ 12.338717, 5.036799 ], [ 12.356557, 5.064117 ], [ 12.401359, 5.08169 ], [ 12.416102, 5.077477 ], [ 12.429015, 5.082259 ], [ 12.440743, 5.098339 ], [ 12.451909, 5.102579 ], [ 12.461681, 5.113068 ], [ 12.476602, 5.147561 ], [ 12.488524, 5.153177 ], [ 12.501011, 5.17039 ], [ 12.510244, 5.175255 ], [ 12.515143, 5.187174 ], [ 12.543249, 5.218958 ], [ 12.624185, 5.231247 ], [ 12.809184, 5.279751 ], [ 12.842689, 5.305836 ], [ 12.861611, 5.309124 ], [ 12.88667, 5.325784 ], [ 12.904411, 5.326949 ], [ 12.920694, 5.315989 ], [ 12.935111, 5.312278 ], [ 12.961002, 5.326267 ], [ 13.000246, 5.384972 ], [ 13.069377, 5.511998 ], [ 13.073577, 5.520482 ], [ 13.071817, 5.527198 ], [ 13.076844, 5.532378 ], [ 13.071609, 5.558698 ], [ 13.054693, 5.570095 ], [ 13.055565, 5.588711 ], [ 13.031702, 5.609415 ], [ 13.031757, 5.617396 ], [ 13.009089, 5.642242 ], [ 13.007136, 5.651727 ], [ 13.013516, 5.68329 ], [ 13.005645, 5.681962 ], [ 13.000604, 5.705729 ], [ 12.987956, 5.704965 ], [ 12.967387, 5.71128 ], [ 12.964232, 5.715985 ], [ 12.958823, 5.763489 ], [ 12.952438, 5.777476 ], [ 12.954019, 5.790769 ], [ 12.931673, 5.817213 ], [ 12.91532, 5.849682 ], [ 12.899928, 5.867671 ], [ 12.886223, 5.868511 ], [ 12.881907, 5.889829 ], [ 12.871892, 5.901926 ], [ 12.877004, 5.918495 ], [ 12.877553, 5.981608 ], [ 12.88741, 5.992395 ], [ 12.887909, 6.000365 ], [ 12.502731, 6.00186 ], [ 12.496073, 6.037069 ], [ 12.49126, 6.043551 ], [ 12.484087, 6.039886 ], [ 12.476875, 6.043997 ], [ 12.464731, 6.063691 ], [ 12.458616, 6.087411 ], [ 12.401323, 6.115435 ], [ 12.38705, 6.134083 ], [ 12.378316, 6.13511 ], [ 12.332211, 6.16094 ], [ 12.295089, 6.198024 ], [ 12.257261, 6.192955 ], [ 12.224239, 6.179546 ], [ 12.211034, 6.18652 ], [ 12.20449, 6.185057 ], [ 12.197314, 6.1813 ], [ 12.18443, 6.153447 ], [ 12.144243, 6.152713 ], [ 12.134295, 6.158075 ], [ 12.093912, 6.154244 ], [ 12.054535, 6.172062 ], [ 12.031738, 6.186072 ], [ 12.028422, 6.193163 ], [ 11.993113, 6.2129 ], [ 11.98956, 6.225208 ], [ 11.99786, 6.240101 ], [ 11.996488, 6.247358 ], [ 12.003513, 6.255451 ], [ 11.99851, 6.261226 ], [ 11.992592, 6.26126 ], [ 11.962791, 6.25639 ], [ 11.959041, 6.249162 ], [ 11.950752, 6.252126 ], [ 11.944993, 6.249152 ], [ 11.942449, 6.236436 ], [ 11.946229, 6.233055 ], [ 11.938466, 6.219307 ], [ 11.929376, 6.22086 ], [ 11.927224, 6.215214 ], [ 11.919401, 6.22233 ], [ 11.910747, 6.222908 ], [ 11.900491, 6.20546 ], [ 11.884951, 6.207048 ], [ 11.871587, 6.202523 ], [ 11.861644, 6.210003 ], [ 11.840832, 6.200655 ], [ 11.835037, 6.190872 ], [ 11.814119, 6.194697 ], [ 11.809324, 6.190037 ], [ 11.801551, 6.190255 ], [ 11.796479, 6.183385 ], [ 11.789688, 6.185719 ], [ 11.787697, 6.176623 ], [ 11.775909, 6.169434 ], [ 11.77367, 6.163433 ], [ 11.763167, 6.165521 ], [ 11.754822, 6.157518 ], [ 11.734749, 6.153996 ], [ 11.71417, 6.137743 ], [ 11.706493, 6.139638 ], [ 11.705076, 6.121342 ], [ 11.697825, 6.120052 ], [ 11.69603, 6.114402 ], [ 11.684272, 6.112604 ], [ 11.675468, 6.101064 ], [ 11.67481, 6.093109 ], [ 11.661623, 6.088222 ], [ 11.667224, 6.077406 ], [ 11.664734, 6.074146 ], [ 11.653884, 6.077207 ], [ 11.642992, 6.071866 ], [ 11.623383, 6.072315 ], [ 11.615466, 6.061211 ], [ 11.603407, 6.070112 ], [ 11.60124, 6.060572 ], [ 11.593613, 6.054241 ], [ 11.577108, 6.057327 ], [ 11.553732, 6.045852 ], [ 11.548268, 6.048797 ], [ 11.543388, 6.04422 ], [ 11.533146, 6.045506 ], [ 11.524641, 6.04024 ], [ 11.502897, 6.037687 ], [ 11.496591, 6.030287 ], [ 11.462377, 6.024871 ], [ 11.456246, 6.017205 ], [ 11.435841, 6.017561 ], [ 11.39869, 6.007201 ], [ 11.385264, 6.007702 ], [ 11.376667, 6.00146 ], [ 11.367042, 6.002386 ], [ 11.33723, 5.993315 ], [ 11.327628, 5.99999 ], [ 11.321587, 5.992055 ], [ 11.311269, 5.996433 ], [ 11.304045, 5.980365 ], [ 11.300686, 5.979848 ], [ 11.299394, 5.987726 ], [ 11.262047, 5.971892 ], [ 11.260624, 5.968074 ], [ 11.278332, 5.947877 ], [ 11.271115, 5.928278 ], [ 11.275586, 5.915479 ], [ 11.256176, 5.912539 ], [ 11.253228, 5.90411 ], [ 11.268718, 5.893703 ], [ 11.264094, 5.882315 ], [ 11.274935, 5.87895 ], [ 11.278029, 5.873805 ], [ 11.270631, 5.858342 ], [ 11.276205, 5.845335 ], [ 11.26949, 5.824336 ], [ 11.273784, 5.818476 ], [ 11.272746, 5.80972 ], [ 11.286159, 5.796583 ], [ 11.302949, 5.799031 ], [ 11.316862, 5.786304 ], [ 11.306649, 5.769932 ], [ 11.292578, 5.768781 ], [ 11.292609, 5.751572 ], [ 11.278957, 5.729688 ], [ 11.271325, 5.730422 ], [ 11.257283, 5.711054 ], [ 11.24454, 5.715533 ], [ 11.232632, 5.701791 ], [ 11.225224, 5.682798 ], [ 11.201968, 5.670307 ], [ 11.201543, 5.66417 ], [ 11.21333, 5.647229 ], [ 11.195472, 5.626149 ], [ 11.186551, 5.604048 ], [ 11.205848, 5.580823 ], [ 11.203298, 5.56957 ], [ 11.212592, 5.557044 ], [ 11.207704, 5.539147 ], [ 11.215191, 5.527249 ], [ 11.205584, 5.509062 ], [ 11.204803, 5.48793 ], [ 11.195189, 5.468139 ], [ 11.188727, 5.458903 ], [ 11.170626, 5.452226 ], [ 11.192714, 5.422656 ], [ 11.194289, 5.413794 ], [ 11.186231, 5.40708 ], [ 11.182935, 5.384044 ], [ 11.158094, 5.373665 ], [ 11.14087, 5.358829 ], [ 11.127506, 5.327272 ], [ 11.105005, 5.325135 ], [ 11.072282, 5.298775 ], [ 11.070654, 5.292047 ], [ 11.082587, 5.257786 ], [ 11.074557, 5.22812 ], [ 11.066494, 5.217475 ], [ 11.072284, 5.208086 ], [ 11.081004, 5.203528 ], [ 11.08015, 5.188231 ], [ 11.213258, 5.23882 ], [ 11.381961, 5.021986 ], [ 11.378841, 5.014233 ], [ 11.38199, 5.005644 ], [ 11.380696, 4.977849 ], [ 11.36156, 4.97961 ], [ 11.346354, 4.988463 ], [ 11.346642, 4.879236 ], [ 11.336711, 4.861776 ], [ 11.338706, 4.85129 ], [ 11.295894, 4.800949 ], [ 11.276999, 4.768088 ], [ 11.292416, 4.744291 ], [ 11.286918, 4.722905 ], [ 11.302767, 4.726484 ], [ 11.31111, 4.722451 ], [ 11.312707, 4.713179 ], [ 11.332879, 4.704549 ], [ 11.322455, 4.699446 ], [ 11.318254, 4.688745 ], [ 11.309179, 4.684814 ], [ 11.309402, 4.679437 ], [ 11.314244, 4.678492 ], [ 11.318419, 4.657156 ], [ 11.331264, 4.64305 ], [ 11.33539, 4.630839 ], [ 11.335869, 4.601776 ], [ 11.346584, 4.587462 ], [ 11.321909, 4.569473 ], [ 11.307622, 4.567361 ], [ 11.285064, 4.552101 ], [ 11.281368, 4.523027 ], [ 11.297401, 4.501988 ], [ 11.321854, 4.49179 ], [ 11.321797, 4.474441 ], [ 11.317345, 4.463138 ], [ 11.285384, 4.429577 ], [ 11.277668, 4.389668 ], [ 11.30038, 4.397696 ], [ 11.329425, 4.444994 ], [ 11.357851, 4.477931 ], [ 11.38081, 4.491805 ], [ 11.395561, 4.496687 ], [ 11.437958, 4.499568 ], [ 11.465453, 4.484606 ], [ 11.537666, 4.409274 ] ] ] } },
{ "type": "Feature", "properties": { "GID_1": "CMR.2_1", "GID_2": "CMR.2.5_1", "NAME_1": "Centre", "NAME_2": "Mefou et Afamba", "superficie_km2": 3310.2, "bati_2015_km2": 22.585, "bati_2025_km2": 27.103, "couverture_ghsl_pct": 100.0, "mesure_disponible": true, "part_batie_2015_pct": 0.682, "part_batie_2025_pct": 0.819, "gain_bati_km2": 4.518, "croissance_pct": 20.0 }, "geometry": { "type": "Polygon", "coordinates": [ [ [ 11.716465, 3.724324 ], [ 11.725058, 3.738748 ], [ 11.753365, 3.761309 ], [ 11.742741, 3.772419 ], [ 11.742852, 3.777217 ], [ 11.756908, 3.781303 ], [ 11.772623, 3.779445 ], [ 11.802365, 3.795779 ], [ 11.813078, 3.796851 ], [ 11.815661, 3.813085 ], [ 11.828727, 3.821363 ], [ 11.883305, 3.829496 ], [ 11.886815, 3.826549 ], [ 11.88284, 3.81478 ], [ 11.891457, 3.809815 ], [ 11.909996, 3.811339 ], [ 11.944258, 3.775732 ], [ 11.95143, 3.798551 ], [ 11.957057, 3.804149 ], [ 11.970514, 3.807423 ], [ 11.982279, 3.820892 ], [ 11.993373, 3.818641 ], [ 12.004681, 3.829443 ], [ 12.019079, 3.830326 ], [ 12.02807, 3.837227 ], [ 12.01659, 3.860919 ], [ 12.021037, 3.892817 ], [ 12.007315, 3.934673 ], [ 12.022819, 3.945971 ], [ 12.04658, 3.951989 ], [ 12.065467, 3.974123 ], [ 12.105247, 3.993761 ], [ 12.116042, 4.01847 ], [ 12.117024, 4.034026 ], [ 12.109631, 4.04368 ], [ 12.118606, 4.055892 ], [ 12.118979, 4.067239 ], [ 12.108841, 4.090885 ], [ 12.109838, 4.102849 ], [ 12.102116, 4.11501 ], [ 12.115122, 4.117146 ], [ 12.117035, 4.126035 ], [ 12.128227, 4.137177 ], [ 12.134419, 4.170278 ], [ 12.153836, 4.170349 ], [ 12.164423, 4.18187 ], [ 12.157476, 4.184122 ], [ 12.134709, 4.207083 ], [ 12.113876, 4.211829 ], [ 12.088948, 4.205574 ], [ 12.082491, 4.216267 ], [ 12.072082, 4.216897 ], [ 12.06519, 4.204412 ], [ 12.053738, 4.198474 ], [ 11.993078, 4.207486 ], [ 11.987594, 4.211215 ], [ 11.981926, 4.227859 ], [ 11.96264, 4.246939 ], [ 11.962041, 4.263547 ], [ 11.949025, 4.28225 ], [ 11.945415, 4.284111 ], [ 11.933375, 4.275221 ], [ 11.913625, 4.276482 ], [ 11.900867, 4.264106 ], [ 11.891809, 4.260319 ], [ 11.883531, 4.262161 ], [ 11.870147, 4.252998 ], [ 11.861545, 4.268634 ], [ 11.820115, 4.286546 ], [ 11.805834, 4.288093 ], [ 11.79223, 4.312734 ], [ 11.766152, 4.327624 ], [ 11.754696, 4.323825 ], [ 11.741038, 4.304212 ], [ 11.731699, 4.304574 ], [ 11.716872, 4.271832 ], [ 11.70031, 4.276983 ], [ 11.688562, 4.27431 ], [ 11.689906, 4.267253 ], [ 11.684399, 4.261108 ], [ 11.687981, 4.256886 ], [ 11.685399, 4.23566 ], [ 11.675869, 4.227144 ], [ 11.67403, 4.218567 ], [ 11.650841, 4.202743 ], [ 11.637053, 4.205508 ], [ 11.606243, 4.173992 ], [ 11.62641, 4.150539 ], [ 11.60571, 4.131608 ], [ 11.607334, 4.12053 ], [ 11.602795, 4.116816 ], [ 11.584017, 4.122293 ], [ 11.573024, 4.111855 ], [ 11.591328, 4.071682 ], [ 11.565791, 4.061374 ], [ 11.575953, 4.033944 ], [ 11.572348, 4.008877 ], [ 11.575017, 3.998799 ], [ 11.567841, 3.977815 ], [ 11.575139, 3.969308 ], [ 11.562181, 3.963667 ], [ 11.561775, 3.949851 ], [ 11.551188, 3.931647 ], [ 11.55492, 3.925842 ], [ 11.571434, 3.930877 ], [ 11.568305, 3.921241 ], [ 11.576241, 3.907769 ], [ 11.576274, 3.899698 ], [ 11.572572, 3.897976 ], [ 11.575171, 3.866571 ], [ 11.568275, 3.852263 ], [ 11.571691, 3.848396 ], [ 11.570509, 3.834733 ], [ 11.560493, 3.828018 ], [ 11.557302, 3.814346 ], [ 11.54758, 3.811513 ], [ 11.540824, 3.800869 ], [ 11.533253, 3.762192 ], [ 11.526336, 3.753317 ], [ 11.530542, 3.738936 ], [ 11.529575, 3.724268 ], [ 11.522685, 3.718452 ], [ 11.526675, 3.680084 ], [ 11.504605, 3.660059 ], [ 11.512362, 3.640666 ], [ 11.500745, 3.631964 ], [ 11.51322, 3.616963 ], [ 11.527782, 3.621286 ], [ 11.533735, 3.616513 ], [ 11.545496, 3.617724 ], [ 11.553726, 3.624496 ], [ 11.563935, 3.619998 ], [ 11.568097, 3.61107 ], [ 11.579733, 3.604244 ], [ 11.582583, 3.566234 ], [ 11.599793, 3.551908 ], [ 11.604702, 3.550112 ], [ 11.627138, 3.560047 ], [ 11.641868, 3.554008 ], [ 11.652099, 3.542896 ], [ 11.662038, 3.541506 ], [ 11.665473, 3.554872 ], [ 11.677721, 3.55712 ], [ 11.692344, 3.588158 ], [ 11.720393, 3.60969 ], [ 11.733925, 3.614277 ], [ 11.762574, 3.641997 ], [ 11.757633, 3.652481 ], [ 11.738019, 3.652669 ], [ 11.711501, 3.670593 ], [ 11.707708, 3.68436 ], [ 11.690278, 3.687407 ], [ 11.701713, 3.700803 ], [ 11.70347, 3.713904 ], [ 11.716465, 3.724324 ] ] ] } },
{ "type": "Feature", "properties": { "GID_1": "CMR.2_1", "GID_2": "CMR.2.6_1", "NAME_1": "Centre", "NAME_2": "Mefou et Akono", "superficie_km2": 1354.4, "bati_2015_km2": 9.573, "bati_2025_km2": 11.989, "couverture_ghsl_pct": 100.0, "mesure_disponible": true, "part_batie_2015_pct": 0.707, "part_batie_2025_pct": 0.885, "gain_bati_km2": 2.416, "croissance_pct": 25.2 }, "geometry": { "type": "Polygon", "coordinates": [ [ [ 11.335176, 3.418692 ], [ 11.333562, 3.405697 ], [ 11.341619, 3.407014 ], [ 11.353932, 3.399306 ], [ 11.359118, 3.38132 ], [ 11.356627, 3.362919 ], [ 11.366284, 3.34675 ], [ 11.379726, 3.345 ], [ 11.405077, 3.358598 ], [ 11.418468, 3.370738 ], [ 11.42686, 3.385625 ], [ 11.43508, 3.377552 ], [ 11.45557, 3.373511 ], [ 11.467509, 3.39838 ], [ 11.454658, 3.413253 ], [ 11.457416, 3.428955 ], [ 11.448832, 3.431367 ], [ 11.447723, 3.419658 ], [ 11.43545, 3.416268 ], [ 11.430165, 3.426409 ], [ 11.437024, 3.440326 ], [ 11.454625, 3.456612 ], [ 11.4574, 3.467555 ], [ 11.464171, 3.470796 ], [ 11.45979, 3.478754 ], [ 11.465781, 3.485337 ], [ 11.454455, 3.502144 ], [ 11.454142, 3.517449 ], [ 11.461003, 3.530569 ], [ 11.455629, 3.546845 ], [ 11.457918, 3.584335 ], [ 11.46862, 3.597239 ], [ 11.491298, 3.591924 ], [ 11.499346, 3.596457 ], [ 11.496233, 3.606993 ], [ 11.51322, 3.616963 ], [ 11.500745, 3.631964 ], [ 11.512362, 3.640666 ], [ 11.504605, 3.660059 ], [ 11.526675, 3.680084 ], [ 11.522577, 3.713306 ], [ 11.523699, 3.721157 ], [ 11.52995, 3.726713 ], [ 11.527165, 3.751104 ], [ 11.495658, 3.753808 ], [ 11.47985, 3.736894 ], [ 11.46463, 3.733102 ], [ 11.456985, 3.724067 ], [ 11.448644, 3.72905 ], [ 11.449499, 3.739215 ], [ 11.439765, 3.740333 ], [ 11.439492, 3.744447 ], [ 11.453927, 3.752223 ], [ 11.453267, 3.757237 ], [ 11.467455, 3.762954 ], [ 11.464074, 3.775803 ], [ 11.474945, 3.794627 ], [ 11.465746, 3.821266 ], [ 11.451708, 3.841144 ], [ 11.42939, 3.85044 ], [ 11.422688, 3.861216 ], [ 11.413966, 3.864728 ], [ 11.415949, 3.8803 ], [ 11.386107, 3.867311 ], [ 11.282164, 3.864159 ], [ 11.257829, 3.83751 ], [ 11.242503, 3.829341 ], [ 11.228288, 3.831078 ], [ 11.227422, 3.824131 ], [ 11.215679, 3.816492 ], [ 11.215714, 3.80852 ], [ 11.228038, 3.785556 ], [ 11.226817, 3.77174 ], [ 11.241505, 3.749429 ], [ 11.241674, 3.739785 ], [ 11.24786, 3.72991 ], [ 11.242133, 3.72217 ], [ 11.247668, 3.714684 ], [ 11.241943, 3.706558 ], [ 11.23949, 3.681344 ], [ 11.251668, 3.676637 ], [ 11.255454, 3.658714 ], [ 11.254034, 3.630855 ], [ 11.24793, 3.62157 ], [ 11.231203, 3.612242 ], [ 11.236975, 3.60918 ], [ 11.24021, 3.600449 ], [ 11.237613, 3.578321 ], [ 11.242495, 3.573583 ], [ 11.243783, 3.539871 ], [ 11.240348, 3.53497 ], [ 11.256722, 3.536323 ], [ 11.257762, 3.532341 ], [ 11.251786, 3.5228 ], [ 11.25224, 3.505185 ], [ 11.239074, 3.501788 ], [ 11.239871, 3.494462 ], [ 11.215633, 3.47577 ], [ 11.189063, 3.465054 ], [ 11.191433, 3.448219 ], [ 11.235594, 3.45984 ], [ 11.24435, 3.44573 ], [ 11.27505, 3.448037 ], [ 11.307511, 3.42553 ], [ 11.309975, 3.416924 ], [ 11.316624, 3.418364 ], [ 11.319535, 3.426606 ], [ 11.335176, 3.418692 ] ] ] } },
{ "type": "Feature", "properties": { "GID_1": "CMR.2_1", "GID_2": "CMR.2.7_1", "NAME_1": "Centre", "NAME_2": "Mfoundi", "superficie_km2": 317.5, "bati_2015_km2": 67.357, "bati_2025_km2": 69.912, "couverture_ghsl_pct": 100.0, "mesure_disponible": true, "part_batie_2015_pct": 21.213, "part_batie_2025_pct": 22.018, "gain_bati_km2": 2.555, "croissance_pct": 3.8 }, "geometry": { "type": "Polygon", "coordinates": [ [ [ 11.495658, 3.753808 ], [ 11.527165, 3.751104 ], [ 11.533253, 3.762192 ], [ 11.540824, 3.800869 ], [ 11.54758, 3.811513 ], [ 11.557302, 3.814346 ], [ 11.560493, 3.828018 ], [ 11.570509, 3.834733 ], [ 11.571691, 3.848396 ], [ 11.568275, 3.852263 ], [ 11.575171, 3.866571 ], [ 11.572572, 3.897976 ], [ 11.576274, 3.899698 ], [ 11.576241, 3.907769 ], [ 11.568305, 3.921241 ], [ 11.571434, 3.930877 ], [ 11.55492, 3.925842 ], [ 11.551188, 3.931647 ], [ 11.561775, 3.949851 ], [ 11.562181, 3.963667 ], [ 11.575139, 3.969308 ], [ 11.567841, 3.977815 ], [ 11.575017, 3.998799 ], [ 11.573358, 4.02113 ], [ 11.55671, 4.018678 ], [ 11.544932, 4.024033 ], [ 11.53263, 4.019287 ], [ 11.522124, 3.991506 ], [ 11.507007, 3.982766 ], [ 11.48566, 3.953873 ], [ 11.476588, 3.955542 ], [ 11.474195, 3.95226 ], [ 11.461509, 3.91941 ], [ 11.451439, 3.90921 ], [ 11.453591, 3.898788 ], [ 11.415949, 3.8803 ], [ 11.413966, 3.864728 ], [ 11.422688, 3.861216 ], [ 11.42939, 3.85044 ], [ 11.451708, 3.841144 ], [ 11.465746, 3.821266 ], [ 11.474945, 3.794627 ], [ 11.464074, 3.775803 ], [ 11.467455, 3.762954 ], [ 11.453267, 3.757237 ], [ 11.453927, 3.752223 ], [ 11.439492, 3.744447 ], [ 11.439765, 3.740333 ], [ 11.449499, 3.739215 ], [ 11.448644, 3.72905 ], [ 11.456985, 3.724067 ], [ 11.46463, 3.733102 ], [ 11.47985, 3.736894 ], [ 11.495658, 3.753808 ] ] ] } },
{ "type": "Feature", "properties": { "GID_1": "CMR.2_1", "GID_2": "CMR.2.8_1", "NAME_1": "Centre", "NAME_2": "Nyong et Kéllé", "superficie_km2": 6379.8, "bati_2015_km2": 10.352, "bati_2025_km2": 12.851, "couverture_ghsl_pct": 100.0, "mesure_disponible": true, "part_batie_2015_pct": 0.162, "part_batie_2025_pct": 0.201, "gain_bati_km2": 2.499, "croissance_pct": 24.1 }, "geometry": { "type": "Polygon", "coordinates": [ [ [ 10.847289, 3.398521 ], [ 10.865077, 3.388152 ], [ 10.881483, 3.402666 ], [ 10.886334, 3.399881 ], [ 10.895684, 3.409049 ], [ 10.954355, 3.415247 ], [ 10.966887, 3.396657 ], [ 10.982115, 3.393373 ], [ 10.990496, 3.394025 ], [ 10.999867, 3.413813 ], [ 11.016237, 3.410047 ], [ 11.031579, 3.415373 ], [ 11.060863, 3.39493 ], [ 11.081165, 3.406281 ], [ 11.105352, 3.399691 ], [ 11.124207, 3.41154 ], [ 11.129189, 3.43069 ], [ 11.138019, 3.43944 ], [ 11.215633, 3.47577 ], [ 11.239871, 3.494462 ], [ 11.239074, 3.501788 ], [ 11.25224, 3.505185 ], [ 11.251786, 3.5228 ], [ 11.257751, 3.535169 ], [ 11.240348, 3.53497 ], [ 11.243783, 3.539871 ], [ 11.242495, 3.573583 ], [ 11.237613, 3.578321 ], [ 11.24021, 3.600449 ], [ 11.236975, 3.60918 ], [ 11.231203, 3.612242 ], [ 11.24793, 3.62157 ], [ 11.254034, 3.630855 ], [ 11.255454, 3.658714 ], [ 11.251668, 3.676637 ], [ 11.23949, 3.681344 ], [ 11.241943, 3.706558 ], [ 11.247668, 3.714684 ], [ 11.242133, 3.72217 ], [ 11.24786, 3.72991 ], [ 11.241674, 3.739785 ], [ 11.241505, 3.749429 ], [ 11.226817, 3.77174 ], [ 11.228038, 3.785556 ], [ 11.216682, 3.806595 ], [ 11.20828, 3.803996 ], [ 11.201784, 3.795639 ], [ 11.163615, 3.800665 ], [ 11.161143, 3.808488 ], [ 11.166855, 3.817621 ], [ 11.154469, 3.840353 ], [ 11.186237, 3.863451 ], [ 11.186793, 3.89156 ], [ 11.182387, 3.895653 ], [ 11.169028, 3.895984 ], [ 11.170222, 3.912196 ], [ 11.184802, 3.937826 ], [ 11.202304, 3.92768 ], [ 11.208307, 3.929752 ], [ 11.21125, 3.965024 ], [ 11.206139, 3.979941 ], [ 11.199351, 3.979715 ], [ 11.192718, 4.009 ], [ 11.179749, 4.003388 ], [ 11.173069, 4.02157 ], [ 11.1584, 4.02676 ], [ 11.145253, 4.048464 ], [ 11.135453, 4.049391 ], [ 11.135428, 4.034198 ], [ 11.112667, 4.028246 ], [ 11.120589, 4.054773 ], [ 11.143454, 4.059947 ], [ 11.145147, 4.070805 ], [ 11.138309, 4.080901 ], [ 11.144323, 4.101021 ], [ 11.136404, 4.11413 ], [ 11.126754, 4.124212 ], [ 11.120152, 4.125445 ], [ 11.106541, 4.142032 ], [ 11.108779, 4.160351 ], [ 11.099431, 4.167833 ], [ 11.078583, 4.166852 ], [ 11.07802, 4.182431 ], [ 11.073381, 4.187445 ], [ 11.051911, 4.181563 ], [ 10.981835, 4.142586 ], [ 10.939889, 4.12598 ], [ 10.850334, 4.114819 ], [ 10.834147, 4.095024 ], [ 10.77939, 4.087497 ], [ 10.758895, 4.067709 ], [ 10.72488, 4.054896 ], [ 10.715657, 4.055218 ], [ 10.701446, 4.067329 ], [ 10.692425, 4.068355 ], [ 10.682771, 4.054583 ], [ 10.687785, 4.055176 ], [ 10.689376, 4.048729 ], [ 10.696085, 4.044889 ], [ 10.692147, 4.031407 ], [ 10.702256, 4.023231 ], [ 10.695316, 4.012473 ], [ 10.69831, 4.005419 ], [ 10.691859, 3.989022 ], [ 10.668092, 3.985043 ], [ 10.645, 3.967773 ], [ 10.647446, 3.936859 ], [ 10.641499, 3.92046 ], [ 10.649987, 3.903831 ], [ 10.650565, 3.891748 ], [ 10.656272, 3.888314 ], [ 10.655851, 3.878247 ], [ 10.659859, 3.877131 ], [ 10.666294, 3.836041 ], [ 10.657968, 3.832232 ], [ 10.653065, 3.836771 ], [ 10.644118, 3.823499 ], [ 10.645976, 3.798829 ], [ 10.654581, 3.791362 ], [ 10.650566, 3.788248 ], [ 10.648073, 3.794898 ], [ 10.643563, 3.795007 ], [ 10.645056, 3.789366 ], [ 10.629218, 3.788289 ], [ 10.625296, 3.78145 ], [ 10.619681, 3.780454 ], [ 10.621449, 3.760817 ], [ 10.61653, 3.756799 ], [ 10.615913, 3.748041 ], [ 10.607286, 3.743425 ], [ 10.605651, 3.726816 ], [ 10.597647, 3.734281 ], [ 10.591521, 3.727748 ], [ 10.592635, 3.733787 ], [ 10.583034, 3.745181 ], [ 10.575209, 3.741269 ], [ 10.572415, 3.748724 ], [ 10.58115, 3.756763 ], [ 10.55892, 3.768282 ], [ 10.551702, 3.767489 ], [ 10.548713, 3.777865 ], [ 10.542198, 3.778179 ], [ 10.542408, 3.783414 ], [ 10.536002, 3.788561 ], [ 10.529884, 3.786356 ], [ 10.524089, 3.796838 ], [ 10.521073, 3.792212 ], [ 10.512265, 3.799275 ], [ 10.508738, 3.787904 ], [ 10.503753, 3.803821 ], [ 10.492525, 3.802834 ], [ 10.493642, 3.811491 ], [ 10.488338, 3.816132 ], [ 10.483817, 3.810199 ], [ 10.473992, 3.809914 ], [ 10.468488, 3.814958 ], [ 10.471199, 3.81737 ], [ 10.468402, 3.823315 ], [ 10.462783, 3.819901 ], [ 10.458478, 3.82303 ], [ 10.443237, 3.82074 ], [ 10.439219, 3.815209 ], [ 10.428995, 3.816233 ], [ 10.423573, 3.811208 ], [ 10.414657, 3.813941 ], [ 10.406029, 3.809827 ], [ 10.403811, 3.801473 ], [ 10.39519, 3.80189 ], [ 10.392969, 3.792328 ], [ 10.385454, 3.794253 ], [ 10.376822, 3.786815 ], [ 10.377213, 3.780874 ], [ 10.383226, 3.779757 ], [ 10.3772, 3.772415 ], [ 10.363994, 3.724003 ], [ 10.373264, 3.691061 ], [ 10.352566, 3.657159 ], [ 10.352454, 3.649305 ], [ 10.340129, 3.651237 ], [ 10.34111, 3.637138 ], [ 10.32762, 3.595772 ], [ 10.330418, 3.589927 ], [ 10.324901, 3.586612 ], [ 10.327597, 3.579459 ], [ 10.323265, 3.56416 ], [ 10.31986, 3.565776 ], [ 10.312834, 3.558334 ], [ 10.298295, 3.553219 ], [ 10.284928, 3.525546 ], [ 10.273191, 3.517607 ], [ 10.239621, 3.518962 ], [ 10.232834, 3.516651 ], [ 10.23059, 3.509938 ], [ 10.236109, 3.504119 ], [ 10.236922, 3.487198 ], [ 10.243084, 3.480538 ], [ 10.238517, 3.47738 ], [ 10.239208, 3.466013 ], [ 10.254584, 3.456051 ], [ 10.251194, 3.413266 ], [ 10.290528, 3.336348 ], [ 10.296807, 3.331075 ], [ 10.554167, 3.403921 ], [ 10.762387, 3.473424 ], [ 10.81531, 3.458586 ], [ 10.820215, 3.433599 ], [ 10.827827, 3.430235 ], [ 10.833617, 3.419888 ], [ 10.827406, 3.408799 ], [ 10.833594, 3.407735 ], [ 10.843096, 3.39652 ], [ 10.847289, 3.398521 ] ] ] } },
{ "type": "Feature", "properties": { "GID_1": "CMR.2_1", "GID_2": "CMR.2.9_1", "NAME_1": "Centre", "NAME_2": "Nyong et Mfoumou", "superficie_km2": 6160.0, "bati_2015_km2": 10.056, "bati_2025_km2": 12.15, "couverture_ghsl_pct": 100.0, "mesure_disponible": true, "part_batie_2015_pct": 0.163, "part_batie_2025_pct": 0.197, "gain_bati_km2": 2.094, "croissance_pct": 20.8 }, "geometry": { "type": "Polygon", "coordinates": [ [ [ 12.397055, 3.597401 ], [ 12.414026, 3.607851 ], [ 12.432778, 3.610934 ], [ 12.432164, 3.624795 ], [ 12.439213, 3.652198 ], [ 12.44892, 3.653307 ], [ 12.446115, 3.665934 ], [ 12.457289, 3.67736 ], [ 12.477624, 3.671546 ], [ 12.49593, 3.682082 ], [ 12.500776, 3.680725 ], [ 12.527772, 3.627006 ], [ 12.522968, 3.59004 ], [ 12.52614, 3.573782 ], [ 12.543618, 3.567789 ], [ 12.563605, 3.533432 ], [ 12.570459, 3.55762 ], [ 12.601735, 3.615314 ], [ 12.618118, 3.710116 ], [ 12.604538, 3.732531 ], [ 12.565045, 3.769109 ], [ 12.548964, 3.776522 ], [ 12.551463, 3.791632 ], [ 12.530394, 3.798001 ], [ 12.501583, 3.829958 ], [ 12.493225, 3.886005 ], [ 12.500475, 3.895665 ], [ 12.507191, 3.878919 ], [ 12.520324, 3.875669 ], [ 12.532647, 3.881901 ], [ 12.556915, 3.904904 ], [ 12.556974, 3.91896 ], [ 12.569263, 3.916564 ], [ 12.59083, 3.927439 ], [ 12.613199, 3.927342 ], [ 12.632442, 3.939928 ], [ 12.65468, 3.934614 ], [ 12.671598, 3.948912 ], [ 12.681433, 3.96718 ], [ 12.701104, 3.980719 ], [ 12.726468, 4.010413 ], [ 12.762156, 4.025579 ], [ 12.764193, 4.03036 ], [ 12.799627, 4.036582 ], [ 12.807898, 4.059536 ], [ 12.80274, 4.067438 ], [ 12.791127, 4.077712 ], [ 12.755658, 4.087354 ], [ 12.749414, 4.112507 ], [ 12.753378, 4.121218 ], [ 12.782679, 4.129594 ], [ 12.776512, 4.148253 ], [ 12.785728, 4.168541 ], [ 12.793396, 4.175849 ], [ 12.783236, 4.20166 ], [ 12.8044, 4.258401 ], [ 12.795481, 4.29879 ], [ 12.790189, 4.300839 ], [ 12.776475, 4.293882 ], [ 12.770761, 4.296571 ], [ 12.770999, 4.30168 ], [ 12.781743, 4.308546 ], [ 12.783078, 4.342391 ], [ 12.759848, 4.32976 ], [ 12.683769, 4.381724 ], [ 12.658825, 4.388032 ], [ 12.623165, 4.38614 ], [ 12.614182, 4.390717 ], [ 12.488523, 4.359532 ], [ 12.346691, 4.217834 ], [ 12.340092, 4.19664 ], [ 12.317606, 4.188086 ], [ 12.271281, 4.140792 ], [ 12.192563, 4.12032 ], [ 12.168652, 4.104121 ], [ 12.156307, 4.088036 ], [ 12.147111, 4.066029 ], [ 12.116934, 4.059529 ], [ 12.118606, 4.055892 ], [ 12.109631, 4.04368 ], [ 12.117024, 4.034026 ], [ 12.116042, 4.01847 ], [ 12.105247, 3.993761 ], [ 12.065467, 3.974123 ], [ 12.04658, 3.951989 ], [ 12.022819, 3.945971 ], [ 12.007315, 3.934673 ], [ 12.021037, 3.892817 ], [ 12.01659, 3.860919 ], [ 12.029514, 3.83921 ], [ 12.019079, 3.830326 ], [ 12.004681, 3.829443 ], [ 11.993373, 3.818641 ], [ 11.982279, 3.820892 ], [ 11.970514, 3.807423 ], [ 11.957057, 3.804149 ], [ 11.944756, 3.781458 ], [ 11.948478, 3.756508 ], [ 11.95635, 3.748013 ], [ 11.954457, 3.739807 ], [ 11.966169, 3.731807 ], [ 11.963324, 3.721668 ], [ 11.975649, 3.721388 ], [ 11.988094, 3.6898 ], [ 12.009151, 3.686435 ], [ 12.010099, 3.672192 ], [ 12.00244, 3.673975 ], [ 11.993118, 3.668516 ], [ 11.982038, 3.650163 ], [ 11.960779, 3.647151 ], [ 11.950562, 3.640107 ], [ 11.949581, 3.630833 ], [ 11.959873, 3.615119 ], [ 11.939538, 3.571942 ], [ 11.923949, 3.556288 ], [ 11.9202, 3.533212 ], [ 11.910533, 3.530353 ], [ 11.90174, 3.535524 ], [ 11.910039, 3.543579 ], [ 11.908415, 3.55827 ], [ 11.890396, 3.563071 ], [ 11.875999, 3.561778 ], [ 11.86067, 3.569752 ], [ 11.846736, 3.564843 ], [ 11.847658, 3.558177 ], [ 11.828646, 3.545464 ], [ 11.825826, 3.531126 ], [ 11.828799, 3.524947 ], [ 11.813549, 3.518451 ], [ 11.809673, 3.541499 ], [ 11.795316, 3.545434 ], [ 11.795467, 3.526019 ], [ 11.791351, 3.520579 ], [ 11.792255, 3.486053 ], [ 11.872351, 3.50087 ], [ 11.884428, 3.492328 ], [ 11.89324, 3.492176 ], [ 11.892361, 3.473785 ], [ 11.92171, 3.45543 ], [ 11.925672, 3.44423 ], [ 11.941745, 3.441407 ], [ 11.949867, 3.45257 ], [ 11.980546, 3.434497 ], [ 11.982306, 3.41881 ], [ 11.993971, 3.406726 ], [ 12.133683, 3.361537 ], [ 12.138513, 3.324809 ], [ 12.128966, 3.314036 ], [ 12.13341, 3.305131 ], [ 12.129587, 3.299694 ], [ 12.139739, 3.29144 ], [ 12.145738, 3.293046 ], [ 12.14319, 3.299746 ], [ 12.146828, 3.307 ], [ 12.158824, 3.310499 ], [ 12.149997, 3.316455 ], [ 12.160774, 3.325407 ], [ 12.171718, 3.326806 ], [ 12.179978, 3.32219 ], [ 12.192652, 3.329128 ], [ 12.192977, 3.311823 ], [ 12.197361, 3.314581 ], [ 12.205151, 3.311306 ], [ 12.209933, 3.319607 ], [ 12.215263, 3.320642 ], [ 12.215494, 3.333164 ], [ 12.223233, 3.343558 ], [ 12.254109, 3.474036 ], [ 12.397055, 3.597401 ] ] ] } },
{ "type": "Feature", "properties": { "GID_1": "CMR.2_1", "GID_2": "CMR.2.10_1", "NAME_1": "Centre", "NAME_2": "Nyong et So'o", "superficie_km2": 3603.1, "bati_2015_km2": 9.834, "bati_2025_km2": 10.798, "couverture_ghsl_pct": 100.0, "mesure_disponible": true, "part_batie_2015_pct": 0.273, "part_batie_2025_pct": 0.3, "gain_bati_km2": 0.964, "croissance_pct": 9.8 }, "geometry": { "type": "Polygon", "coordinates": [ [ [ 11.836199, 3.371823 ], [ 11.850263, 3.365183 ], [ 11.85229, 3.374931 ], [ 11.860111, 3.381315 ], [ 11.861237, 3.408184 ], [ 11.892361, 3.473785 ], [ 11.893599, 3.490996 ], [ 11.869024, 3.500769 ], [ 11.792255, 3.486053 ], [ 11.795316, 3.545434 ], [ 11.809673, 3.541499 ], [ 11.814478, 3.518455 ], [ 11.828799, 3.524947 ], [ 11.825826, 3.531126 ], [ 11.828646, 3.545464 ], [ 11.847658, 3.558177 ], [ 11.846736, 3.564843 ], [ 11.862583, 3.569759 ], [ 11.875999, 3.561778 ], [ 11.890396, 3.563071 ], [ 11.908415, 3.55827 ], [ 11.910039, 3.543579 ], [ 11.90174, 3.535524 ], [ 11.907156, 3.530907 ], [ 11.918628, 3.532189 ], [ 11.923949, 3.556288 ], [ 11.939538, 3.571942 ], [ 11.959873, 3.615119 ], [ 11.949581, 3.630833 ], [ 11.950562, 3.640107 ], [ 11.960779, 3.647151 ], [ 11.982038, 3.650163 ], [ 11.993118, 3.668516 ], [ 12.010994, 3.673891 ], [ 12.009151, 3.686435 ], [ 11.989899, 3.688789 ], [ 11.9838, 3.695213 ], [ 11.975649, 3.721388 ], [ 11.963324, 3.721668 ], [ 11.965524, 3.733413 ], [ 11.955424, 3.73788 ], [ 11.95635, 3.748013 ], [ 11.948478, 3.756508 ], [ 11.947317, 3.76792 ], [ 11.937597, 3.784347 ], [ 11.930232, 3.787131 ], [ 11.909996, 3.811339 ], [ 11.891457, 3.809815 ], [ 11.88284, 3.81478 ], [ 11.886815, 3.826549 ], [ 11.883305, 3.829496 ], [ 11.828727, 3.821363 ], [ 11.815661, 3.813085 ], [ 11.813078, 3.796851 ], [ 11.802365, 3.795779 ], [ 11.772623, 3.779445 ], [ 11.756908, 3.781303 ], [ 11.742852, 3.777217 ], [ 11.742741, 3.772419 ], [ 11.753365, 3.761309 ], [ 11.725058, 3.738748 ], [ 11.715312, 3.721986 ], [ 11.70347, 3.713904 ], [ 11.701713, 3.700803 ], [ 11.690278, 3.687407 ], [ 11.707708, 3.68436 ], [ 11.711501, 3.670593 ], [ 11.738019, 3.652669 ], [ 11.757633, 3.652481 ], [ 11.762574, 3.641997 ], [ 11.733925, 3.614277 ], [ 11.720393, 3.60969 ], [ 11.692344, 3.588158 ], [ 11.677721, 3.55712 ], [ 11.665473, 3.554872 ], [ 11.662038, 3.541506 ], [ 11.652099, 3.542896 ], [ 11.641868, 3.554008 ], [ 11.627138, 3.560047 ], [ 11.604702, 3.550112 ], [ 11.599793, 3.551908 ], [ 11.581414, 3.568563 ], [ 11.579733, 3.604244 ], [ 11.556693, 3.624508 ], [ 11.545496, 3.617724 ], [ 11.533735, 3.616513 ], [ 11.527782, 3.621286 ], [ 11.507592, 3.615784 ], [ 11.496233, 3.606993 ], [ 11.500487, 3.599034 ], [ 11.495389, 3.593226 ], [ 11.46862, 3.597239 ], [ 11.462617, 3.593871 ], [ 11.457918, 3.584335 ], [ 11.455629, 3.546845 ], [ 11.460883, 3.52851 ], [ 11.454021, 3.515262 ], [ 11.456006, 3.498034 ], [ 11.465781, 3.485337 ], [ 11.45979, 3.478754 ], [ 11.464171, 3.470796 ], [ 11.4574, 3.467555 ], [ 11.454625, 3.456612 ], [ 11.437024, 3.440326 ], [ 11.430165, 3.426409 ], [ 11.43545, 3.416268 ], [ 11.447723, 3.419658 ], [ 11.448832, 3.431367 ], [ 11.457416, 3.428955 ], [ 11.454658, 3.413253 ], [ 11.467509, 3.39838 ], [ 11.45557, 3.373511 ], [ 11.43508, 3.377552 ], [ 11.42686, 3.385625 ], [ 11.418468, 3.370738 ], [ 11.405077, 3.358598 ], [ 11.379726, 3.345 ], [ 11.366284, 3.34675 ], [ 11.356627, 3.362919 ], [ 11.359118, 3.38132 ], [ 11.353932, 3.399306 ], [ 11.341619, 3.407014 ], [ 11.333562, 3.405697 ], [ 11.335176, 3.418692 ], [ 11.330296, 3.423561 ], [ 11.319535, 3.426606 ], [ 11.316624, 3.418364 ], [ 11.309975, 3.416924 ], [ 11.307511, 3.42553 ], [ 11.27505, 3.448037 ], [ 11.24435, 3.44573 ], [ 11.235594, 3.45984 ], [ 11.199414, 3.452237 ], [ 11.192589, 3.447066 ], [ 11.189063, 3.465054 ], [ 11.138019, 3.43944 ], [ 11.129189, 3.43069 ], [ 11.124207, 3.41154 ], [ 11.107876, 3.401039 ], [ 11.098496, 3.399797 ], [ 11.081165, 3.406281 ], [ 11.061049, 3.395057 ], [ 11.065228, 3.387935 ], [ 11.061293, 3.373304 ], [ 11.067646, 3.361042 ], [ 11.082508, 3.365508 ], [ 11.087807, 3.349996 ], [ 11.079691, 3.338914 ], [ 11.099669, 3.331599 ], [ 11.098674, 3.311221 ], [ 11.113203, 3.293584 ], [ 11.113555, 3.280188 ], [ 11.118582, 3.271183 ], [ 11.111591, 3.251678 ], [ 11.139351, 3.233632 ], [ 11.159142, 3.229571 ], [ 11.171205, 3.216628 ], [ 11.175468, 3.207243 ], [ 11.172199, 3.19175 ], [ 11.179001, 3.166859 ], [ 11.173546, 3.154141 ], [ 11.184397, 3.152687 ], [ 11.189026, 3.135933 ], [ 11.21048, 3.108716 ], [ 11.218846, 3.104489 ], [ 11.236293, 3.118229 ], [ 11.25134, 3.122311 ], [ 11.270498, 3.135472 ], [ 11.297047, 3.132926 ], [ 11.297888, 3.125749 ], [ 11.31281, 3.116532 ], [ 11.331456, 3.113333 ], [ 11.346426, 3.126024 ], [ 11.355126, 3.143512 ], [ 11.361209, 3.139767 ], [ 11.404712, 3.144546 ], [ 11.412589, 3.134961 ], [ 11.501379, 3.136091 ], [ 11.505745, 3.130915 ], [ 11.545152, 3.135698 ], [ 11.55031, 3.143912 ], [ 11.564949, 3.137467 ], [ 11.585847, 3.161519 ], [ 11.603278, 3.168362 ], [ 11.614885, 3.167854 ], [ 11.640818, 3.187683 ], [ 11.672226, 3.190662 ], [ 11.68354, 3.187285 ], [ 11.69908, 3.198625 ], [ 11.701807, 3.258203 ], [ 11.709755, 3.277022 ], [ 11.736783, 3.278287 ], [ 11.745658, 3.28754 ], [ 11.734559, 3.33472 ], [ 11.759066, 3.318489 ], [ 11.770106, 3.319606 ], [ 11.774552, 3.309934 ], [ 11.778272, 3.312793 ], [ 11.775255, 3.323321 ], [ 11.836199, 3.371823 ] ] ] } },
{ "type": "Feature", "properties": { "GID_1": "CMR.3_1", "GID_2": "CMR.3.1_1", "NAME_1": "Est", "NAME_2": "Boumba et Ngoko", "superficie_km2": 30771.3, "bati_2015_km2": 5.931, "bati_2025_km2": 6.629, "couverture_ghsl_pct": 100.0, "mesure_disponible": true, "part_batie_2015_pct": 0.019, "part_batie_2025_pct": 0.022, "gain_bati_km2": 0.698, "croissance_pct": 11.8 }, "geometry": { "type": "Polygon", "coordinates": [ [ [ 16.083288, 2.587262 ], [ 16.065142, 2.641021 ], [ 16.072571, 2.677336 ], [ 16.086786, 2.701515 ], [ 16.058207, 2.712932 ], [ 16.063881, 2.722644 ], [ 16.059353, 2.72687 ], [ 16.065687, 2.73122 ], [ 16.06464, 2.752464 ], [ 16.061047, 2.758029 ], [ 16.057777, 2.755687 ], [ 16.059851, 2.764531 ], [ 16.050341, 2.785916 ], [ 16.052013, 2.793554 ], [ 16.075281, 2.803183 ], [ 16.093033, 2.82977 ], [ 16.07165, 2.910473 ], [ 16.057661, 2.920672 ], [ 16.053946, 2.937964 ], [ 16.03491, 2.967267 ], [ 16.032059, 2.983956 ], [ 16.011133, 2.989336 ], [ 16.011078, 3.001533 ], [ 16.006147, 3.004084 ], [ 15.977084, 3.00277 ], [ 15.969478, 2.994266 ], [ 15.958219, 3.000911 ], [ 15.930252, 3.037257 ], [ 15.919391, 3.041823 ], [ 15.883375, 3.10123 ], [ 15.865441, 3.10044 ], [ 15.862714, 3.107345 ], [ 15.85385, 3.112111 ], [ 15.837183, 3.11132 ], [ 15.824244, 3.103489 ], [ 15.810312, 3.106113 ], [ 15.804039, 3.097808 ], [ 15.800041, 3.100827 ], [ 15.494337, 3.4577 ], [ 15.248897, 3.710672 ], [ 15.108806, 3.94322 ], [ 15.091626, 3.996674 ], [ 15.076349, 4.021727 ], [ 15.05758, 4.012156 ], [ 15.045957, 3.975157 ], [ 15.036246, 3.965313 ], [ 15.034571, 3.951855 ], [ 14.992694, 3.914687 ], [ 14.97563, 3.911323 ], [ 14.967884, 3.900492 ], [ 14.93763, 3.897231 ], [ 14.919415, 3.901225 ], [ 14.904027, 3.891414 ], [ 14.890632, 3.861026 ], [ 14.866767, 3.84278 ], [ 14.869282, 3.83111 ], [ 14.861536, 3.823959 ], [ 14.858712, 3.812498 ], [ 14.838617, 3.796092 ], [ 14.814436, 3.761408 ], [ 14.418591, 3.738078 ], [ 14.417135, 3.715844 ], [ 14.432837, 3.703567 ], [ 14.437936, 3.690637 ], [ 14.438172, 3.652286 ], [ 14.456703, 3.636161 ], [ 14.469092, 3.605046 ], [ 14.475597, 3.602138 ], [ 14.481894, 3.591346 ], [ 14.481201, 3.567269 ], [ 14.475269, 3.556463 ], [ 14.474009, 3.537002 ], [ 14.482433, 3.512334 ], [ 14.489715, 3.509994 ], [ 14.494884, 3.492596 ], [ 14.502664, 3.483012 ], [ 14.500622, 3.468359 ], [ 14.50543, 3.463745 ], [ 14.504165, 3.451102 ], [ 14.512689, 3.436881 ], [ 14.509299, 3.430345 ], [ 14.510653, 3.410956 ], [ 14.518363, 3.395882 ], [ 14.43719, 3.216058 ], [ 14.420384, 3.196077 ], [ 14.414598, 3.183929 ], [ 14.415803, 3.176188 ], [ 14.404221, 3.167609 ], [ 14.401338, 3.141876 ], [ 14.406221, 3.127888 ], [ 14.401865, 3.084192 ], [ 14.390496, 3.073177 ], [ 14.379265, 3.070046 ], [ 14.375491, 3.059944 ], [ 14.37932, 3.036083 ], [ 14.37353, 3.029262 ], [ 14.375585, 3.019859 ], [ 14.397495, 3.001974 ], [ 14.409338, 2.983266 ], [ 14.43117, 2.973086 ], [ 14.434018, 2.953907 ], [ 14.43987, 2.949337 ], [ 14.379765, 2.934514 ], [ 14.377981, 2.923483 ], [ 14.353638, 2.896868 ], [ 14.349543, 2.882338 ], [ 14.332083, 2.879738 ], [ 14.325503, 2.858965 ], [ 14.337073, 2.854451 ], [ 14.328218, 2.845887 ], [ 14.328964, 2.838023 ], [ 14.336211, 2.835525 ], [ 14.338835, 2.828636 ], [ 14.351798, 2.829653 ], [ 14.357874, 2.81436 ], [ 14.367567, 2.808967 ], [ 14.378749, 2.793774 ], [ 14.390929, 2.791322 ], [ 14.398303, 2.795935 ], [ 14.423646, 2.788223 ], [ 14.44645, 2.792755 ], [ 14.454616, 2.786482 ], [ 14.486899, 2.776577 ], [ 14.498836, 2.781367 ], [ 14.51023, 2.776543 ], [ 14.52924, 2.776068 ], [ 14.55594, 2.753022 ], [ 14.559173, 2.745193 ], [ 14.569821, 2.750859 ], [ 14.576261, 2.760846 ], [ 14.590125, 2.76237 ], [ 14.598471, 2.758792 ], [ 14.595409, 2.203564 ], [ 14.610351, 2.192964 ], [ 14.628347, 2.158787 ], [ 14.645099, 2.155631 ], [ 14.64805, 2.148642 ], [ 14.642056, 2.139736 ], [ 14.648054, 2.131503 ], [ 14.683173, 2.135245 ], [ 14.698023, 2.121269 ], [ 14.698881, 2.11246 ], [ 14.726768, 2.105572 ], [ 14.71839, 2.118017 ], [ 14.72448, 2.126444 ], [ 14.752464, 2.108448 ], [ 14.751704, 2.098299 ], [ 14.738191, 2.095903 ], [ 14.741237, 2.089393 ], [ 14.761697, 2.099449 ], [ 14.770929, 2.09677 ], [ 14.774357, 2.084227 ], [ 14.764366, 2.072449 ], [ 14.770173, 2.063641 ], [ 14.792917, 2.074368 ], [ 14.809098, 2.059816 ], [ 14.829464, 2.06834 ], [ 14.843738, 2.085385 ], [ 14.862391, 2.081173 ], [ 14.866579, 2.086344 ], [ 14.859439, 2.106834 ], [ 14.874762, 2.110761 ], [ 14.881903, 2.071504 ], [ 14.895132, 2.063558 ], [ 14.912643, 2.064038 ], [ 14.915785, 2.053506 ], [ 14.910075, 2.039239 ], [ 14.892184, 2.024492 ], [ 14.895135, 2.01597 ], [ 14.917976, 2.001514 ], [ 14.95395, 2.003717 ], [ 14.97165, 2.010133 ], [ 14.976599, 2.028708 ], [ 14.983546, 2.035315 ], [ 14.999821, 2.016644 ], [ 15.033044, 1.999739 ], [ 15.040228, 1.979968 ], [ 15.048355, 1.976952 ], [ 15.069341, 2.000812 ], [ 15.076335, 1.994444 ], [ 15.07407, 1.985731 ], [ 15.0774, 1.982514 ], [ 15.110909, 1.981708 ], [ 15.121236, 2.010729 ], [ 15.136758, 2.006237 ], [ 15.147083, 2.011933 ], [ 15.152749, 2.040619 ], [ 15.162209, 2.04169 ], [ 15.164406, 2.030631 ], [ 15.177328, 2.014678 ], [ 15.201114, 2.038402 ], [ 15.242283, 2.031291 ], [ 15.248478, 2.027805 ], [ 15.248876, 2.018824 ], [ 15.240082, 2.01105 ], [ 15.256868, 2.008233 ], [ 15.292305, 1.989326 ], [ 15.309088, 1.966066 ], [ 15.304887, 1.938118 ], [ 15.318808, 1.931547 ], [ 15.33573, 1.941597 ], [ 15.33506, 1.926986 ], [ 15.346182, 1.911769 ], [ 15.394881, 1.937764 ], [ 15.415, 1.943456 ], [ 15.42806, 1.958466 ], [ 15.475759, 1.972125 ], [ 15.486154, 1.982578 ], [ 15.531909, 1.955487 ], [ 15.544968, 1.963123 ], [ 15.564214, 1.948171 ], [ 15.588995, 1.95339 ], [ 15.617499, 1.939774 ], [ 15.66732, 1.927826 ], [ 15.686506, 1.934252 ], [ 15.718141, 1.92365 ], [ 15.727795, 1.912789 ], [ 15.748047, 1.919482 ], [ 15.763895, 1.910293 ], [ 15.785068, 1.889776 ], [ 15.792187, 1.872549 ], [ 15.805902, 1.859005 ], [ 15.829741, 1.851086 ], [ 15.846251, 1.833117 ], [ 15.867897, 1.831699 ], [ 15.882134, 1.799323 ], [ 15.88346, 1.787259 ], [ 15.893787, 1.795296 ], [ 15.911371, 1.797097 ], [ 15.914361, 1.782419 ], [ 15.937736, 1.779592 ], [ 15.961438, 1.766043 ], [ 16.027105, 1.766343 ], [ 16.03216, 1.755484 ], [ 16.014494, 1.720512 ], [ 16.023743, 1.706501 ], [ 16.020529, 1.67447 ], [ 16.029644, 1.658582 ], [ 16.050821, 1.658102 ], [ 16.060141, 1.652267 ], [ 16.085999, 1.689512 ], [ 16.118702, 1.699411 ], [ 16.137672, 1.683652 ], [ 16.149132, 1.694234 ], [ 16.147411, 1.712194 ], [ 16.139227, 1.724663 ], [ 16.134512, 1.744032 ], [ 16.142246, 1.760579 ], [ 16.138538, 1.79469 ], [ 16.111532, 1.84758 ], [ 16.10622, 1.872445 ], [ 16.111359, 1.888457 ], [ 16.108097, 1.891743 ], [ 16.093374, 1.88733 ], [ 16.088116, 1.891019 ], [ 16.073767, 1.951138 ], [ 16.050793, 1.974587 ], [ 16.057858, 1.982959 ], [ 16.053612, 2.00836 ], [ 16.079538, 2.033339 ], [ 16.083609, 2.045667 ], [ 16.082214, 2.051632 ], [ 16.07003, 2.058408 ], [ 16.063442, 2.069202 ], [ 16.083366, 2.079977 ], [ 16.089436, 2.09304 ], [ 16.079538, 2.131647 ], [ 16.083712, 2.193631 ], [ 16.089113, 2.200596 ], [ 16.13201, 2.197146 ], [ 16.136269, 2.193189 ], [ 16.138258, 2.179384 ], [ 16.145716, 2.176563 ], [ 16.162249, 2.194643 ], [ 16.180038, 2.199253 ], [ 16.191046, 2.219883 ], [ 16.186989, 2.227861 ], [ 16.161491, 2.248387 ], [ 16.170307, 2.27773 ], [ 16.147497, 2.326131 ], [ 16.148113, 2.346837 ], [ 16.115507, 2.392163 ], [ 16.09775, 2.43071 ], [ 16.084698, 2.438761 ], [ 16.083908, 2.45183 ], [ 16.072325, 2.462494 ], [ 16.083534, 2.483259 ], [ 16.080418, 2.50236 ], [ 16.069366, 2.512019 ], [ 16.064579, 2.524286 ], [ 16.083288, 2.587262 ] ] ] } },
{ "type": "Feature", "properties": { "GID_1": "CMR.3_1", "GID_2": "CMR.3.2_1", "NAME_1": "Est", "NAME_2": "Haut Nyong", "superficie_km2": 36068.5, "bati_2015_km2": 12.865, "bati_2025_km2": 15.095, "couverture_ghsl_pct": 100.0, "mesure_disponible": true, "part_batie_2015_pct": 0.036, "part_batie_2025_pct": 0.042, "gain_bati_km2": 2.23, "croissance_pct": 17.3 }, "geometry": { "type": "Polygon", "coordinates": [ [ [ 14.598471, 2.758792 ], [ 14.590125, 2.76237 ], [ 14.576261, 2.760846 ], [ 14.569821, 2.750859 ], [ 14.559173, 2.745193 ], [ 14.55594, 2.753022 ], [ 14.52924, 2.776068 ], [ 14.51023, 2.776543 ], [ 14.498836, 2.781367 ], [ 14.486899, 2.776577 ], [ 14.454616, 2.786482 ], [ 14.44645, 2.792755 ], [ 14.423646, 2.788223 ], [ 14.398303, 2.795935 ], [ 14.390929, 2.791322 ], [ 14.378749, 2.793774 ], [ 14.367567, 2.808967 ], [ 14.357874, 2.81436 ], [ 14.351798, 2.829653 ], [ 14.338835, 2.828636 ], [ 14.336211, 2.835525 ], [ 14.328964, 2.838023 ], [ 14.328218, 2.845887 ], [ 14.337073, 2.854451 ], [ 14.325503, 2.858965 ], [ 14.332083, 2.879738 ], [ 14.349543, 2.882338 ], [ 14.353638, 2.896868 ], [ 14.377981, 2.923483 ], [ 14.379765, 2.934514 ], [ 14.43987, 2.949337 ], [ 14.434018, 2.953907 ], [ 14.43117, 2.973086 ], [ 14.409338, 2.983266 ], [ 14.397495, 3.001974 ], [ 14.375585, 3.019859 ], [ 14.37353, 3.029262 ], [ 14.37932, 3.036083 ], [ 14.375491, 3.059944 ], [ 14.379265, 3.070046 ], [ 14.390496, 3.073177 ], [ 14.401865, 3.084192 ], [ 14.406221, 3.127888 ], [ 14.401338, 3.141876 ], [ 14.404221, 3.167609 ], [ 14.415803, 3.176188 ], [ 14.414598, 3.183929 ], [ 14.420384, 3.196077 ], [ 14.43719, 3.216058 ], [ 14.518363, 3.395882 ], [ 14.510653, 3.410956 ], [ 14.509299, 3.430345 ], [ 14.512689, 3.436881 ], [ 14.504165, 3.451102 ], [ 14.50543, 3.463745 ], [ 14.500622, 3.468359 ], [ 14.502664, 3.483012 ], [ 14.494884, 3.492596 ], [ 14.489715, 3.509994 ], [ 14.482433, 3.512334 ], [ 14.474009, 3.537002 ], [ 14.475269, 3.556463 ], [ 14.481201, 3.567269 ], [ 14.481894, 3.591346 ], [ 14.475597, 3.602138 ], [ 14.469092, 3.605046 ], [ 14.456703, 3.636161 ], [ 14.438172, 3.652286 ], [ 14.437936, 3.690637 ], [ 14.432837, 3.703567 ], [ 14.417135, 3.715844 ], [ 14.418591, 3.738078 ], [ 14.011174, 3.680767 ], [ 14.002986, 3.666669 ], [ 13.992669, 3.675745 ], [ 13.98201, 3.676437 ], [ 13.973657, 3.684831 ], [ 13.974697, 3.694835 ], [ 13.964159, 3.712363 ], [ 13.954451, 3.709879 ], [ 13.939327, 3.720145 ], [ 13.932371, 3.732344 ], [ 13.92546, 3.764548 ], [ 13.927193, 3.780822 ], [ 13.911963, 3.791088 ], [ 13.907814, 3.800451 ], [ 13.875149, 3.817899 ], [ 13.86505, 3.818238 ], [ 13.856093, 3.829813 ], [ 13.839336, 3.827748 ], [ 13.810857, 3.834048 ], [ 13.797711, 3.856359 ], [ 13.78494, 3.862821 ], [ 13.778261, 3.87401 ], [ 13.760607, 3.886325 ], [ 13.744051, 3.890034 ], [ 13.73505, 3.882695 ], [ 13.702869, 3.877575 ], [ 13.683612, 3.882757 ], [ 13.676042, 3.880632 ], [ 13.666213, 3.887449 ], [ 13.661145, 3.899485 ], [ 13.648089, 3.907 ], [ 13.625159, 3.906611 ], [ 13.607396, 3.919499 ], [ 13.560292, 3.92773 ], [ 13.546111, 3.936509 ], [ 13.516515, 3.938428 ], [ 13.514532, 3.949215 ], [ 13.531351, 3.955654 ], [ 13.533639, 3.970307 ], [ 13.543999, 3.981806 ], [ 13.545177, 3.989978 ], [ 13.508191, 4.043184 ], [ 13.645327, 4.177318 ], [ 13.675351, 4.23976 ], [ 13.680959, 4.242375 ], [ 13.753324, 4.336684 ], [ 13.737827, 4.353179 ], [ 13.722079, 4.362198 ], [ 13.707442, 4.379935 ], [ 13.68846, 4.388509 ], [ 13.687938, 4.396677 ], [ 13.680515, 4.402164 ], [ 13.676716, 4.413902 ], [ 13.661937, 4.428463 ], [ 13.618254, 4.451681 ], [ 13.603858, 4.45479 ], [ 13.585103, 4.476447 ], [ 13.567354, 4.484581 ], [ 13.536182, 4.481456 ], [ 13.522704, 4.497913 ], [ 13.492524, 4.507209 ], [ 13.486403, 4.514781 ], [ 13.456339, 4.532332 ], [ 13.171256, 4.553677 ], [ 13.140984, 4.544383 ], [ 13.129222, 4.545727 ], [ 13.121202, 4.552583 ], [ 13.091351, 4.561586 ], [ 13.074938, 4.584559 ], [ 13.058454, 4.594975 ], [ 13.041487, 4.595178 ], [ 13.023839, 4.606452 ], [ 13.006648, 4.604741 ], [ 13.000216, 4.592432 ], [ 12.97687, 4.590008 ], [ 12.979486, 4.564664 ], [ 12.877204, 4.517859 ], [ 12.842839, 4.37466 ], [ 12.783078, 4.342391 ], [ 12.781743, 4.308546 ], [ 12.770352, 4.299661 ], [ 12.776475, 4.293882 ], [ 12.790189, 4.300839 ], [ 12.795481, 4.29879 ], [ 12.8044, 4.258401 ], [ 12.783566, 4.204107 ], [ 12.788439, 4.181303 ], [ 12.793396, 4.175849 ], [ 12.785728, 4.168541 ], [ 12.776512, 4.148253 ], [ 12.783752, 4.132357 ], [ 12.779594, 4.12748 ], [ 12.751995, 4.120266 ], [ 12.750422, 4.101324 ], [ 12.755658, 4.087354 ], [ 12.791127, 4.077712 ], [ 12.80274, 4.067438 ], [ 12.807898, 4.059536 ], [ 12.799627, 4.036582 ], [ 12.764193, 4.03036 ], [ 12.762156, 4.025579 ], [ 12.726468, 4.010413 ], [ 12.701104, 3.980719 ], [ 12.681433, 3.96718 ], [ 12.671598, 3.948912 ], [ 12.65468, 3.934614 ], [ 12.632442, 3.939928 ], [ 12.613199, 3.927342 ], [ 12.59083, 3.927439 ], [ 12.569263, 3.916564 ], [ 12.556974, 3.91896 ], [ 12.556915, 3.904904 ], [ 12.532647, 3.881901 ], [ 12.520324, 3.875669 ], [ 12.507191, 3.878919 ], [ 12.500475, 3.895665 ], [ 12.493225, 3.886005 ], [ 12.501583, 3.829958 ], [ 12.530394, 3.798001 ], [ 12.551463, 3.791632 ], [ 12.548964, 3.776522 ], [ 12.565045, 3.769109 ], [ 12.604538, 3.732531 ], [ 12.618118, 3.710116 ], [ 12.601735, 3.615314 ], [ 12.567253, 3.550498 ], [ 12.560986, 3.520192 ], [ 12.563779, 3.502506 ], [ 12.547614, 3.430267 ], [ 12.549218, 3.40545 ], [ 12.542497, 3.392804 ], [ 12.549901, 3.389369 ], [ 12.550711, 3.378931 ], [ 12.558968, 3.376878 ], [ 12.765206, 3.170316 ], [ 12.770594, 2.995967 ], [ 12.764727, 2.973161 ], [ 12.770881, 2.945781 ], [ 12.781846, 2.931904 ], [ 12.792527, 2.927929 ], [ 12.794777, 2.904289 ], [ 12.805798, 2.907232 ], [ 12.813237, 2.915404 ], [ 12.82401, 2.90749 ], [ 12.833261, 2.888085 ], [ 12.842151, 2.887096 ], [ 12.85996, 2.893742 ], [ 12.874295, 2.875278 ], [ 12.90245, 2.873904 ], [ 12.914956, 2.878225 ], [ 12.924973, 2.866695 ], [ 12.937166, 2.872188 ], [ 12.939674, 2.862813 ], [ 12.953875, 2.86734 ], [ 12.966886, 2.864527 ], [ 12.979441, 2.883322 ], [ 12.986755, 2.886489 ], [ 12.987662, 2.873289 ], [ 13.00278, 2.867808 ], [ 13.00208, 2.849292 ], [ 13.019683, 2.858489 ], [ 13.038803, 2.847673 ], [ 13.070024, 2.84703 ], [ 13.081315, 2.837626 ], [ 13.086641, 2.847397 ], [ 13.083176, 2.855071 ], [ 13.09798, 2.851825 ], [ 13.094346, 2.84141 ], [ 13.112443, 2.841452 ], [ 13.118645, 2.8592 ], [ 13.131258, 2.864688 ], [ 13.134461, 2.872444 ], [ 13.136964, 2.862113 ], [ 13.14574, 2.85974 ], [ 13.153944, 2.845878 ], [ 13.180209, 2.851528 ], [ 13.192896, 2.848183 ], [ 13.200789, 2.865604 ], [ 13.210628, 2.864716 ], [ 13.224752, 2.849768 ], [ 13.236698, 2.846532 ], [ 13.237742, 2.842592 ], [ 13.228942, 2.837836 ], [ 13.233138, 2.827713 ], [ 13.255141, 2.826249 ], [ 13.26063, 2.822293 ], [ 13.268304, 2.808753 ], [ 13.264421, 2.788233 ], [ 13.267467, 2.782264 ], [ 13.286511, 2.782195 ], [ 13.29182, 2.786963 ], [ 13.291637, 2.795262 ], [ 13.279003, 2.812118 ], [ 13.279262, 2.825096 ], [ 13.272969, 2.840333 ], [ 13.285474, 2.845606 ], [ 13.30396, 2.837239 ], [ 13.314804, 2.822836 ], [ 13.317722, 2.811017 ], [ 13.329652, 2.803844 ], [ 13.336847, 2.804243 ], [ 13.347184, 2.7958 ], [ 13.37584, 2.820479 ], [ 13.384285, 2.815447 ], [ 13.388148, 2.80171 ], [ 13.405653, 2.786859 ], [ 13.423434, 2.789238 ], [ 13.431726, 2.771656 ], [ 13.448787, 2.779994 ], [ 13.470874, 2.774486 ], [ 13.482548, 2.784652 ], [ 13.501386, 2.787239 ], [ 13.51106, 2.80007 ], [ 13.510684, 2.812409 ], [ 13.497824, 2.823839 ], [ 13.504001, 2.834877 ], [ 13.510463, 2.837297 ], [ 13.511174, 2.829743 ], [ 13.518335, 2.821632 ], [ 13.533777, 2.821572 ], [ 13.536128, 2.827731 ], [ 13.530321, 2.830413 ], [ 13.534909, 2.840605 ], [ 13.532633, 2.853482 ], [ 13.546391, 2.855448 ], [ 13.551313, 2.843092 ], [ 13.558086, 2.843916 ], [ 13.576137, 2.861604 ], [ 13.582988, 2.882101 ], [ 13.601752, 2.892872 ], [ 13.614548, 2.892287 ], [ 13.630462, 2.904451 ], [ 13.680087, 2.171692 ], [ 14.25279, 2.172516 ], [ 14.291525, 2.171865 ], [ 14.303902, 2.162583 ], [ 14.346151, 2.175623 ], [ 14.362897, 2.187694 ], [ 14.372416, 2.182145 ], [ 14.383455, 2.185596 ], [ 14.402112, 2.178136 ], [ 14.412199, 2.1813 ], [ 14.442949, 2.157184 ], [ 14.446856, 2.145504 ], [ 14.445243, 2.13028 ], [ 14.462755, 2.126074 ], [ 14.466275, 2.130671 ], [ 14.465889, 2.148 ], [ 14.480356, 2.143793 ], [ 14.48121, 2.15375 ], [ 14.497766, 2.162852 ], [ 14.530221, 2.162671 ], [ 14.532408, 2.168608 ], [ 14.569238, 2.178672 ], [ 14.580184, 2.174845 ], [ 14.595405, 2.203478 ], [ 14.598471, 2.758792 ] ] ] } },
{ "type": "Feature", "properties": { "GID_1": "CMR.3_1", "GID_2": "CMR.3.3_1", "NAME_1": "Est", "NAME_2": "Kadey", "superficie_km2": 16131.6, "bati_2015_km2": 10.057, "bati_2025_km2": 13.191, "couverture_ghsl_pct": 100.0, "mesure_disponible": true, "part_batie_2015_pct": 0.062, "part_batie_2025_pct": 0.082, "gain_bati_km2": 3.134, "croissance_pct": 31.2 }, "geometry": { "type": "Polygon", "coordinates": [ [ [ 14.861536, 3.823959 ], [ 14.869282, 3.83111 ], [ 14.866767, 3.84278 ], [ 14.890632, 3.861026 ], [ 14.904027, 3.891414 ], [ 14.919415, 3.901225 ], [ 14.93763, 3.897231 ], [ 14.967884, 3.900492 ], [ 14.97563, 3.911323 ], [ 14.992694, 3.914687 ], [ 15.015202, 3.932982 ], [ 15.034571, 3.951855 ], [ 15.036246, 3.965313 ], [ 15.045957, 3.975157 ], [ 15.058994, 4.013496 ], [ 15.095387, 4.029495 ], [ 15.139904, 4.038134 ], [ 15.147914, 4.046041 ], [ 15.184759, 4.058299 ], [ 15.179089, 4.070699 ], [ 15.169145, 4.07479 ], [ 15.158799, 4.075328 ], [ 15.147318, 4.069097 ], [ 15.136378, 4.106296 ], [ 15.125166, 4.112665 ], [ 15.12223, 4.120842 ], [ 15.112685, 4.12272 ], [ 15.105946, 4.135992 ], [ 15.104478, 4.145777 ], [ 15.111488, 4.155561 ], [ 15.108354, 4.174261 ], [ 15.112292, 4.178416 ], [ 15.103549, 4.18284 ], [ 15.103951, 4.200601 ], [ 15.099346, 4.210253 ], [ 15.10649, 4.217155 ], [ 15.099483, 4.228148 ], [ 15.100151, 4.234179 ], [ 15.093342, 4.237666 ], [ 15.098884, 4.242624 ], [ 15.096548, 4.251941 ], [ 15.100489, 4.263066 ], [ 15.092077, 4.269501 ], [ 15.095616, 4.273924 ], [ 15.09415, 4.291953 ], [ 15.082201, 4.315412 ], [ 15.076126, 4.315413 ], [ 15.058102, 4.344971 ], [ 15.046485, 4.355628 ], [ 15.049824, 4.362866 ], [ 15.043281, 4.371043 ], [ 15.039872, 4.37513 ], [ 15.030862, 4.369905 ], [ 15.018777, 4.392625 ], [ 15.022917, 4.395977 ], [ 15.013102, 4.424729 ], [ 14.985056, 4.428482 ], [ 14.981383, 4.436659 ], [ 14.967961, 4.441082 ], [ 14.943855, 4.441281 ], [ 14.945591, 4.451066 ], [ 14.908594, 4.467416 ], [ 14.889295, 4.470697 ], [ 14.872796, 4.495761 ], [ 14.855231, 4.503331 ], [ 14.852691, 4.515126 ], [ 14.833123, 4.515792 ], [ 14.830185, 4.51673 ], [ 14.833723, 4.521824 ], [ 14.818228, 4.530131 ], [ 14.811149, 4.528186 ], [ 14.803798, 4.545341 ], [ 14.789504, 4.553648 ], [ 14.76712, 4.584336 ], [ 14.755766, 4.584668 ], [ 14.737657, 4.612609 ], [ 14.730443, 4.613343 ], [ 14.731706, 4.629697 ], [ 14.720345, 4.644705 ], [ 14.724067, 4.691956 ], [ 14.719319, 4.704755 ], [ 14.718636, 4.743358 ], [ 14.70206, 4.763393 ], [ 14.713346, 4.771236 ], [ 14.720689, 4.787659 ], [ 14.716609, 4.799051 ], [ 14.72075, 4.800125 ], [ 14.718673, 4.816477 ], [ 14.712785, 4.836648 ], [ 14.706249, 4.842105 ], [ 14.708503, 4.850184 ], [ 14.705159, 4.856884 ], [ 14.711372, 4.858496 ], [ 14.714642, 4.868751 ], [ 14.701337, 4.888717 ], [ 14.697719, 4.910162 ], [ 14.68321, 4.929189 ], [ 14.691358, 4.939447 ], [ 14.688548, 4.946683 ], [ 14.695492, 4.959755 ], [ 14.691408, 4.974163 ], [ 14.676098, 4.989436 ], [ 14.680769, 5.002375 ], [ 14.676756, 5.010011 ], [ 14.683239, 5.009411 ], [ 14.67869, 5.018457 ], [ 14.688712, 5.023287 ], [ 14.674379, 5.085474 ], [ 14.68721, 5.089233 ], [ 14.693488, 5.099825 ], [ 14.664195, 5.197608 ], [ 14.655217, 5.203803 ], [ 14.649661, 5.216399 ], [ 14.636893, 5.21666 ], [ 14.620777, 5.224358 ], [ 14.609749, 5.221335 ], [ 14.569226, 5.23679 ], [ 14.562601, 5.247374 ], [ 14.533771, 5.269067 ], [ 14.52505, 5.283404 ], [ 14.512449, 5.277622 ], [ 14.497362, 5.262456 ], [ 14.483646, 5.263643 ], [ 14.463333, 5.254986 ], [ 14.456926, 5.243502 ], [ 14.465863, 5.239032 ], [ 14.4643, 5.227912 ], [ 14.45927, 5.224187 ], [ 14.464812, 5.216751 ], [ 14.459847, 5.211386 ], [ 14.463378, 5.201992 ], [ 14.469604, 5.203321 ], [ 14.473262, 5.193613 ], [ 14.487233, 5.184783 ], [ 14.49133, 5.175326 ], [ 14.484541, 5.169834 ], [ 14.487695, 5.158737 ], [ 14.482854, 5.156147 ], [ 14.482045, 5.144139 ], [ 14.491296, 5.139353 ], [ 14.494761, 5.131283 ], [ 14.500673, 5.131982 ], [ 14.503509, 5.125803 ], [ 14.503701, 5.1212 ], [ 14.496468, 5.121308 ], [ 14.505789, 5.104666 ], [ 14.499693, 5.098481 ], [ 14.510545, 5.083421 ], [ 14.510221, 5.078627 ], [ 14.505637, 5.077244 ], [ 14.511075, 5.07449 ], [ 14.507148, 5.071466 ], [ 14.509211, 5.068985 ], [ 14.49936, 5.06417 ], [ 14.497663, 5.056486 ], [ 14.491506, 5.059239 ], [ 14.491508, 5.055627 ], [ 14.486726, 5.05779 ], [ 14.47442, 5.050425 ], [ 14.477438, 5.043204 ], [ 14.473386, 5.031892 ], [ 14.463762, 5.028141 ], [ 14.463902, 5.017896 ], [ 14.452839, 5.012568 ], [ 14.450427, 4.999996 ], [ 14.440797, 5.003862 ], [ 14.442443, 4.993553 ], [ 14.437465, 4.995519 ], [ 14.429231, 4.975679 ], [ 14.420328, 4.972434 ], [ 14.406329, 4.956792 ], [ 14.401472, 4.969725 ], [ 14.394528, 4.972214 ], [ 14.388904, 4.964853 ], [ 14.37967, 4.966027 ], [ 14.375815, 4.957289 ], [ 14.358457, 4.964365 ], [ 14.339676, 4.951672 ], [ 14.327798, 4.913033 ], [ 14.323872, 4.910796 ], [ 14.326691, 4.906924 ], [ 14.321325, 4.904226 ], [ 14.318259, 4.892468 ], [ 14.257041, 4.894636 ], [ 14.261324, 4.86922 ], [ 14.255898, 4.862647 ], [ 14.257474, 4.857855 ], [ 14.246879, 4.848216 ], [ 14.244407, 4.834226 ], [ 14.247755, 4.825476 ], [ 14.258036, 4.822729 ], [ 14.255756, 4.812219 ], [ 14.263093, 4.807302 ], [ 14.255906, 4.794423 ], [ 14.248967, 4.794678 ], [ 14.247995, 4.785674 ], [ 14.243936, 4.786523 ], [ 14.241064, 4.778442 ], [ 14.260712, 4.769795 ], [ 14.253451, 4.764009 ], [ 14.255038, 4.750088 ], [ 14.234342, 4.700636 ], [ 14.194548, 4.700198 ], [ 14.179174, 4.693022 ], [ 14.152735, 4.69102 ], [ 14.125892, 4.645131 ], [ 14.106239, 4.659291 ], [ 14.080252, 4.663723 ], [ 14.047029, 4.644937 ], [ 13.988915, 4.645185 ], [ 13.952496, 4.623528 ], [ 13.950483, 4.61202 ], [ 13.954487, 4.604081 ], [ 13.951164, 4.593964 ], [ 13.954318, 4.585563 ], [ 13.950282, 4.570914 ], [ 13.94453, 4.566033 ], [ 13.942462, 4.54922 ], [ 13.948979, 4.521894 ], [ 13.942265, 4.504483 ], [ 13.942835, 4.472098 ], [ 13.95818, 4.446563 ], [ 13.960819, 4.431398 ], [ 13.978575, 4.412163 ], [ 13.996802, 4.382021 ], [ 13.753324, 4.336684 ], [ 13.680959, 4.242375 ], [ 13.675351, 4.23976 ], [ 13.645327, 4.177318 ], [ 13.508191, 4.043184 ], [ 13.545177, 3.989978 ], [ 13.543999, 3.981806 ], [ 13.533639, 3.970307 ], [ 13.531351, 3.955654 ], [ 13.515791, 3.950837 ], [ 13.514336, 3.941312 ], [ 13.530545, 3.935354 ], [ 13.546111, 3.936509 ], [ 13.560292, 3.92773 ], [ 13.577299, 3.926773 ], [ 13.588671, 3.920242 ], [ 13.607396, 3.919499 ], [ 13.625159, 3.906611 ], [ 13.648089, 3.907 ], [ 13.661145, 3.899485 ], [ 13.666213, 3.887449 ], [ 13.676042, 3.880632 ], [ 13.683612, 3.882757 ], [ 13.702869, 3.877575 ], [ 13.73505, 3.882695 ], [ 13.744051, 3.890034 ], [ 13.760607, 3.886325 ], [ 13.778261, 3.87401 ], [ 13.78494, 3.862821 ], [ 13.797711, 3.856359 ], [ 13.810857, 3.834048 ], [ 13.839336, 3.827748 ], [ 13.856093, 3.829813 ], [ 13.86505, 3.818238 ], [ 13.875149, 3.817899 ], [ 13.907814, 3.800451 ], [ 13.911963, 3.791088 ], [ 13.927193, 3.780822 ], [ 13.92546, 3.764548 ], [ 13.932371, 3.732344 ], [ 13.939327, 3.720145 ], [ 13.954451, 3.709879 ], [ 13.964159, 3.712363 ], [ 13.974697, 3.694835 ], [ 13.973657, 3.684831 ], [ 13.98201, 3.676437 ], [ 13.992669, 3.675745 ], [ 14.002986, 3.666669 ], [ 14.011174, 3.680767 ], [ 14.410715, 3.737231 ], [ 14.814436, 3.761408 ], [ 14.838617, 3.796092 ], [ 14.858712, 3.812498 ], [ 14.861536, 3.823959 ] ] ] } },
{ "type": "Feature", "properties": { "GID_1": "CMR.3_1", "GID_2": "CMR.3.4_1", "NAME_1": "Est", "NAME_2": "Lom et Djerem", "superficie_km2": 25924.9, "bati_2015_km2": 19.84, "bati_2025_km2": 28.061, "couverture_ghsl_pct": 100.0, "mesure_disponible": true, "part_batie_2015_pct": 0.077, "part_batie_2025_pct": 0.108, "gain_bati_km2": 8.221, "croissance_pct": 41.4 }, "geometry": { "type": "Polygon", "coordinates": [ [ [ 13.704753, 4.380514 ], [ 13.753324, 4.336684 ], [ 13.995823, 4.380772 ], [ 13.978575, 4.412163 ], [ 13.960819, 4.431398 ], [ 13.95818, 4.446563 ], [ 13.942835, 4.472098 ], [ 13.942265, 4.504483 ], [ 13.948979, 4.521894 ], [ 13.942462, 4.54922 ], [ 13.94453, 4.566033 ], [ 13.950282, 4.570914 ], [ 13.954318, 4.585563 ], [ 13.951164, 4.593964 ], [ 13.954487, 4.604081 ], [ 13.950483, 4.61202 ], [ 13.952496, 4.623528 ], [ 13.988915, 4.645185 ], [ 14.047029, 4.644937 ], [ 14.080252, 4.663723 ], [ 14.106239, 4.659291 ], [ 14.125892, 4.645131 ], [ 14.152735, 4.69102 ], [ 14.179174, 4.693022 ], [ 14.194548, 4.700198 ], [ 14.232707, 4.69919 ], [ 14.249624, 4.732207 ], [ 14.255038, 4.750088 ], [ 14.253451, 4.764009 ], [ 14.260712, 4.769795 ], [ 14.241064, 4.778442 ], [ 14.243936, 4.786523 ], [ 14.247995, 4.785674 ], [ 14.248967, 4.794678 ], [ 14.255906, 4.794423 ], [ 14.263093, 4.807302 ], [ 14.255756, 4.812219 ], [ 14.258036, 4.822729 ], [ 14.247755, 4.825476 ], [ 14.244407, 4.834226 ], [ 14.246879, 4.848216 ], [ 14.257474, 4.857855 ], [ 14.255898, 4.862647 ], [ 14.261324, 4.86922 ], [ 14.257041, 4.894636 ], [ 14.318259, 4.892468 ], [ 14.321325, 4.904226 ], [ 14.326691, 4.906924 ], [ 14.323872, 4.910796 ], [ 14.327798, 4.913033 ], [ 14.339676, 4.951672 ], [ 14.358457, 4.964365 ], [ 14.375815, 4.957289 ], [ 14.37967, 4.966027 ], [ 14.388904, 4.964853 ], [ 14.394528, 4.972214 ], [ 14.401472, 4.969725 ], [ 14.406329, 4.956792 ], [ 14.420328, 4.972434 ], [ 14.429231, 4.975679 ], [ 14.437465, 4.995519 ], [ 14.442443, 4.993553 ], [ 14.440797, 5.003862 ], [ 14.450427, 4.999996 ], [ 14.452839, 5.012568 ], [ 14.463902, 5.017896 ], [ 14.463762, 5.028141 ], [ 14.473386, 5.031892 ], [ 14.477438, 5.043204 ], [ 14.47442, 5.050425 ], [ 14.486726, 5.05779 ], [ 14.491508, 5.055627 ], [ 14.491506, 5.059239 ], [ 14.497663, 5.056486 ], [ 14.49936, 5.06417 ], [ 14.509211, 5.068985 ], [ 14.507148, 5.071466 ], [ 14.511075, 5.07449 ], [ 14.505637, 5.077244 ], [ 14.510221, 5.078627 ], [ 14.510545, 5.083421 ], [ 14.499693, 5.098481 ], [ 14.505789, 5.104666 ], [ 14.496468, 5.121308 ], [ 14.503701, 5.1212 ], [ 14.503509, 5.125803 ], [ 14.500673, 5.131982 ], [ 14.494761, 5.131283 ], [ 14.491296, 5.139353 ], [ 14.482045, 5.144139 ], [ 14.482854, 5.156147 ], [ 14.487695, 5.158737 ], [ 14.484541, 5.169834 ], [ 14.49133, 5.175326 ], [ 14.487233, 5.184783 ], [ 14.473262, 5.193613 ], [ 14.469604, 5.203321 ], [ 14.463378, 5.201992 ], [ 14.459847, 5.211386 ], [ 14.464812, 5.216751 ], [ 14.45927, 5.224187 ], [ 14.4643, 5.227912 ], [ 14.465863, 5.239032 ], [ 14.456926, 5.243502 ], [ 14.463333, 5.254986 ], [ 14.483646, 5.263643 ], [ 14.497362, 5.262456 ], [ 14.549458, 5.30311 ], [ 14.549048, 5.31343 ], [ 14.544099, 5.316241 ], [ 14.552919, 5.323419 ], [ 14.551441, 5.3328 ], [ 14.562125, 5.352578 ], [ 14.561446, 5.367321 ], [ 14.572271, 5.378253 ], [ 14.573058, 5.399967 ], [ 14.587097, 5.406143 ], [ 14.59325, 5.403935 ], [ 14.600597, 5.416606 ], [ 14.598984, 5.430009 ], [ 14.605525, 5.450186 ], [ 14.599988, 5.45825 ], [ 14.619753, 5.476399 ], [ 14.614863, 5.486583 ], [ 14.630098, 5.509177 ], [ 14.625409, 5.521171 ], [ 14.612292, 5.532958 ], [ 14.605984, 5.564988 ], [ 14.592394, 5.581264 ], [ 14.591518, 5.59078 ], [ 14.591908, 5.606127 ], [ 14.607002, 5.642863 ], [ 14.60766, 5.659081 ], [ 14.628097, 5.713111 ], [ 14.623128, 5.739915 ], [ 14.621758, 5.787497 ], [ 14.625298, 5.798222 ], [ 14.614821, 5.852834 ], [ 14.620352, 5.889362 ], [ 14.607015, 5.915288 ], [ 14.596233, 5.923389 ], [ 14.580976, 5.919424 ], [ 14.559507, 5.900375 ], [ 14.548463, 5.901974 ], [ 14.513467, 5.894171 ], [ 14.498599, 5.905349 ], [ 14.488483, 5.915996 ], [ 14.483309, 5.938106 ], [ 14.472389, 5.949287 ], [ 14.464, 5.972266 ], [ 14.434321, 5.998104 ], [ 14.428, 6.025707 ], [ 14.42251, 6.026908 ], [ 14.417741, 6.041794 ], [ 14.40754, 6.054993 ], [ 14.400261, 6.05445 ], [ 14.398177, 6.061241 ], [ 14.386478, 6.059511 ], [ 14.38166, 6.038532 ], [ 14.404576, 6.014406 ], [ 14.380189, 6.014135 ], [ 14.379948, 5.999982 ], [ 12.887909, 6.000365 ], [ 12.88741, 5.992395 ], [ 12.877553, 5.981608 ], [ 12.877004, 5.918495 ], [ 12.871892, 5.901926 ], [ 12.881907, 5.889829 ], [ 12.88528, 5.87054 ], [ 12.899928, 5.867671 ], [ 12.91532, 5.849682 ], [ 12.934409, 5.813362 ], [ 12.951815, 5.794722 ], [ 12.964232, 5.715985 ], [ 12.967387, 5.71128 ], [ 12.987956, 5.704965 ], [ 13.000604, 5.705729 ], [ 13.005645, 5.681962 ], [ 13.013516, 5.68329 ], [ 13.007136, 5.651727 ], [ 13.009089, 5.642242 ], [ 13.031757, 5.617396 ], [ 13.031702, 5.609415 ], [ 13.055565, 5.588711 ], [ 13.054693, 5.570095 ], [ 13.071609, 5.558698 ], [ 13.076844, 5.532378 ], [ 13.071817, 5.527198 ], [ 13.073577, 5.520482 ], [ 13.069377, 5.511998 ], [ 13.000246, 5.384972 ], [ 12.955447, 5.320875 ], [ 12.935111, 5.312278 ], [ 12.920694, 5.315989 ], [ 12.904411, 5.326949 ], [ 12.88667, 5.325784 ], [ 12.861611, 5.309124 ], [ 12.842689, 5.305836 ], [ 12.809184, 5.279751 ], [ 12.904875, 5.214336 ], [ 13.000072, 5.12498 ], [ 13.030211, 5.107444 ], [ 13.049356, 5.080187 ], [ 13.057286, 5.075348 ], [ 13.058416, 5.035328 ], [ 13.037992, 4.992888 ], [ 13.028822, 4.985708 ], [ 13.022434, 4.964782 ], [ 13.014436, 4.958126 ], [ 13.039551, 4.952652 ], [ 13.056575, 4.94297 ], [ 13.065726, 4.930037 ], [ 13.098485, 4.925792 ], [ 13.114214, 4.930164 ], [ 13.1492, 4.926222 ], [ 13.169078, 4.915564 ], [ 13.184577, 4.917275 ], [ 13.18965, 4.914158 ], [ 13.196024, 4.864643 ], [ 13.203775, 4.865871 ], [ 13.20682, 4.860745 ], [ 13.2055, 4.853199 ], [ 13.198141, 4.846755 ], [ 13.209276, 4.846366 ], [ 13.20997, 4.838594 ], [ 13.223425, 4.836064 ], [ 13.231289, 4.821439 ], [ 13.240072, 4.818298 ], [ 13.2377, 4.811823 ], [ 13.240932, 4.802866 ], [ 13.236672, 4.800127 ], [ 13.242752, 4.788598 ], [ 13.235528, 4.786515 ], [ 13.232732, 4.780362 ], [ 13.244125, 4.787632 ], [ 13.246945, 4.780699 ], [ 13.246797, 4.773785 ], [ 13.236691, 4.768847 ], [ 13.238866, 4.760322 ], [ 13.229138, 4.765063 ], [ 13.223794, 4.75818 ], [ 13.226614, 4.751141 ], [ 13.22288, 4.74744 ], [ 13.225711, 4.742103 ], [ 13.222241, 4.729569 ], [ 13.234566, 4.715876 ], [ 13.235261, 4.708211 ], [ 13.219311, 4.700967 ], [ 13.227416, 4.690917 ], [ 13.222853, 4.672751 ], [ 13.228879, 4.652074 ], [ 13.209188, 4.603569 ], [ 13.213075, 4.579394 ], [ 13.206402, 4.562409 ], [ 13.21216, 4.549927 ], [ 13.253415, 4.54989 ], [ 13.456339, 4.532332 ], [ 13.486403, 4.514781 ], [ 13.492524, 4.507209 ], [ 13.522704, 4.497913 ], [ 13.536182, 4.481456 ], [ 13.567354, 4.484581 ], [ 13.585103, 4.476447 ], [ 13.603858, 4.45479 ], [ 13.618254, 4.451681 ], [ 13.661937, 4.428463 ], [ 13.676716, 4.413902 ], [ 13.680515, 4.402164 ], [ 13.687938, 4.396677 ], [ 13.68846, 4.388509 ], [ 13.704753, 4.380514 ] ] ] } },
{ "type": "Feature", "properties": { "GID_1": "CMR.4_1", "GID_2": "CMR.4.1_1", "NAME_1": "Extrême-Nord", "NAME_2": "Diamaré", "superficie_km2": 4777.7, "bati_2015_km2": 31.934, "bati_2025_km2": 40.277, "couverture_ghsl_pct": 100.0, "mesure_disponible": true, "part_batie_2015_pct": 0.668, "part_batie_2025_pct": 0.843, "gain_bati_km2": 8.343, "croissance_pct": 26.1 }, "geometry": { "type": "Polygon", "coordinates": [ [ [ 14.458452, 10.549137 ], [ 14.503936, 10.481115 ], [ 14.550436, 10.466612 ], [ 14.70164, 10.47401 ], [ 14.737279, 10.525243 ], [ 14.694377, 10.548613 ], [ 14.69124, 10.582705 ], [ 14.7008, 10.583877 ], [ 14.700961, 10.590515 ], [ 14.789945, 10.657605 ], [ 14.789831, 10.822335 ], [ 14.80101, 10.883904 ], [ 14.796191, 10.926266 ], [ 14.810276, 10.948323 ], [ 14.810668, 10.97673 ], [ 14.803016, 11.030284 ], [ 14.785894, 11.030408 ], [ 14.765844, 11.047969 ], [ 14.729244, 11.02439 ], [ 14.702292, 11.030167 ], [ 14.547989, 11.155941 ], [ 14.496676, 11.111484 ], [ 14.484138, 11.092069 ], [ 14.43347, 11.040855 ], [ 14.433977, 11.026074 ], [ 14.420364, 11.009256 ], [ 14.402337, 10.997939 ], [ 14.380797, 10.995649 ], [ 14.370531, 10.985165 ], [ 14.370659, 10.974955 ], [ 14.356616, 10.966927 ], [ 14.349608, 10.956491 ], [ 14.326076, 10.953462 ], [ 14.318932, 10.956814 ], [ 14.306086, 10.938577 ], [ 14.294823, 10.936235 ], [ 14.287038, 10.940428 ], [ 14.284285, 10.933579 ], [ 14.266521, 10.924623 ], [ 14.255276, 10.907019 ], [ 14.249637, 10.9049 ], [ 14.242461, 10.87857 ], [ 14.231828, 10.872965 ], [ 14.225606, 10.855775 ], [ 14.216681, 10.85186 ], [ 14.210194, 10.842712 ], [ 14.182631, 10.844138 ], [ 14.163599, 10.837171 ], [ 14.143407, 10.819233 ], [ 14.130336, 10.796631 ], [ 14.132086, 10.787269 ], [ 14.128434, 10.784278 ], [ 14.075845, 10.801581 ], [ 14.062649, 10.800229 ], [ 14.072143, 10.777105 ], [ 14.055422, 10.756402 ], [ 14.051366, 10.741206 ], [ 14.037226, 10.730959 ], [ 14.033425, 10.674974 ], [ 14.067927, 10.650984 ], [ 14.067616, 10.630821 ], [ 14.054283, 10.601842 ], [ 14.060644, 10.594238 ], [ 14.056474, 10.5764 ], [ 14.072658, 10.566244 ], [ 14.090915, 10.568608 ], [ 14.0745, 10.531802 ], [ 14.078267, 10.518167 ], [ 14.090967, 10.508368 ], [ 14.094117, 10.493084 ], [ 14.087186, 10.484827 ], [ 14.072642, 10.487981 ], [ 14.058745, 10.4829 ], [ 14.042542, 10.4606 ], [ 14.036444, 10.464393 ], [ 14.006741, 10.465899 ], [ 13.987405, 10.453422 ], [ 13.985966, 10.437558 ], [ 13.991475, 10.423782 ], [ 13.979877, 10.400511 ], [ 13.979484, 10.368669 ], [ 13.968753, 10.346727 ], [ 13.952924, 10.290003 ], [ 13.95782, 10.235287 ], [ 13.973861, 10.229939 ], [ 13.979179, 10.225184 ], [ 13.979979, 10.217192 ], [ 14.011929, 10.201671 ], [ 14.01404, 10.19582 ], [ 14.003847, 10.186394 ], [ 14.013521, 10.173917 ], [ 14.02281, 10.170817 ], [ 14.051829, 10.172573 ], [ 14.058563, 10.242698 ], [ 14.047076, 10.285951 ], [ 14.050076, 10.352553 ], [ 14.065741, 10.358461 ], [ 14.130986, 10.363557 ], [ 14.235939, 10.396542 ], [ 14.249801, 10.422174 ], [ 14.270452, 10.437975 ], [ 14.283986, 10.492669 ], [ 14.388188, 10.535881 ], [ 14.418686, 10.544209 ], [ 14.439198, 10.558293 ], [ 14.458452, 10.549137 ] ] ] } },
{ "type": "Feature", "properties": { "GID_1": "CMR.4_1", "GID_2": "CMR.4.2_1", "NAME_1": "Extrême-Nord", "NAME_2": "Logone et Chari", "superficie_km2": 12128.8, "bati_2015_km2": 22.53, "bati_2025_km2": 27.787, "couverture_ghsl_pct": 100.0, "mesure_disponible": true, "part_batie_2015_pct": 0.186, "part_batie_2025_pct": 0.229, "gain_bati_km2": 5.257, "croissance_pct": 23.3 }, "geometry": { "type": "Polygon", "coordinates": [ [ [ 14.768158, 11.046151 ], [ 14.785894, 11.030408 ], [ 14.807487, 11.030252 ], [ 14.884695, 11.084897 ], [ 14.905858, 11.086167 ], [ 14.995664, 11.01859 ], [ 15.003781, 11.017736 ], [ 14.998945, 11.009716 ], [ 15.00689, 11.00528 ], [ 15.015354, 11.009033 ], [ 15.016908, 10.999648 ], [ 15.035043, 10.995892 ], [ 15.048188, 10.997757 ], [ 15.055266, 11.005333 ], [ 15.047347, 11.013559 ], [ 15.050662, 11.021145 ], [ 15.074182, 11.023775 ], [ 15.084044, 11.031279 ], [ 15.082754, 11.041739 ], [ 15.098112, 11.045408 ], [ 15.09642, 11.060901 ], [ 15.112029, 11.084612 ], [ 15.098699, 11.105938 ], [ 15.100735, 11.149377 ], [ 15.096859, 11.165988 ], [ 15.086349, 11.17166 ], [ 15.070183, 11.198096 ], [ 15.059918, 11.230598 ], [ 15.066957, 11.238024 ], [ 15.067202, 11.248804 ], [ 15.062271, 11.265254 ], [ 15.05014, 11.27971 ], [ 15.075876, 11.322506 ], [ 15.050637, 11.342953 ], [ 15.070708, 11.365068 ], [ 15.058415, 11.395255 ], [ 15.063029, 11.400604 ], [ 15.06198, 11.413061 ], [ 15.069022, 11.417451 ], [ 15.071615, 11.431904 ], [ 15.078091, 11.434617 ], [ 15.074613, 11.443562 ], [ 15.082465, 11.446993 ], [ 15.091876, 11.465186 ], [ 15.101713, 11.472669 ], [ 15.098619, 11.483058 ], [ 15.108842, 11.484811 ], [ 15.109543, 11.496422 ], [ 15.1334, 11.506418 ], [ 15.132708, 11.517265 ], [ 15.140844, 11.527345 ], [ 15.146822, 11.554306 ], [ 15.132344, 11.568445 ], [ 15.102843, 11.580359 ], [ 15.102923, 11.606574 ], [ 15.088827, 11.617731 ], [ 15.088908, 11.630716 ], [ 15.079846, 11.639809 ], [ 15.088527, 11.64882 ], [ 15.08512, 11.658522 ], [ 15.076977, 11.663847 ], [ 15.082338, 11.682279 ], [ 15.064521, 11.709476 ], [ 15.078477, 11.730174 ], [ 15.106455, 11.724283 ], [ 15.098076, 11.744038 ], [ 15.085364, 11.752349 ], [ 15.081741, 11.759887 ], [ 15.095697, 11.771646 ], [ 15.109573, 11.773092 ], [ 15.12136, 11.779809 ], [ 15.124696, 11.786377 ], [ 15.099355, 11.810372 ], [ 15.09549, 11.845968 ], [ 15.081614, 11.856973 ], [ 15.066025, 11.839332 ], [ 15.05227, 11.850241 ], [ 15.048118, 11.860952 ], [ 15.049282, 11.874561 ], [ 15.040214, 11.89991 ], [ 15.041456, 11.908693 ], [ 15.058288, 11.916482 ], [ 15.064107, 11.928397 ], [ 15.064574, 11.935653 ], [ 15.04882, 11.958039 ], [ 15.052093, 11.969723 ], [ 15.060472, 11.977283 ], [ 15.077616, 11.972925 ], [ 15.086384, 11.98102 ], [ 15.089258, 11.993622 ], [ 15.085459, 11.998665 ], [ 15.059391, 11.999664 ], [ 15.039301, 12.023958 ], [ 15.044656, 12.030756 ], [ 15.053578, 12.028234 ], [ 15.059246, 12.046793 ], [ 15.052266, 12.064363 ], [ 15.036825, 12.074142 ], [ 15.037372, 12.096828 ], [ 15.032793, 12.104544 ], [ 15.002059, 12.116843 ], [ 14.991659, 12.107142 ], [ 14.988555, 12.083846 ], [ 14.95984, 12.092856 ], [ 14.884995, 12.16074 ], [ 14.889106, 12.169755 ], [ 14.906106, 12.17442 ], [ 14.911847, 12.182059 ], [ 14.89756, 12.190993 ], [ 14.893053, 12.200386 ], [ 14.903719, 12.220288 ], [ 14.896515, 12.243066 ], [ 14.906581, 12.269325 ], [ 14.905005, 12.281423 ], [ 14.89322, 12.302398 ], [ 14.910357, 12.324926 ], [ 14.900927, 12.340882 ], [ 14.909554, 12.37615 ], [ 14.880731, 12.426591 ], [ 14.877048, 12.460438 ], [ 14.865917, 12.460561 ], [ 14.864613, 12.451165 ], [ 14.855187, 12.446012 ], [ 14.846147, 12.45669 ], [ 14.84496, 12.469687 ], [ 14.858181, 12.479991 ], [ 14.858957, 12.496466 ], [ 14.851221, 12.51345 ], [ 14.852652, 12.559584 ], [ 14.840944, 12.585992 ], [ 14.830975, 12.629526 ], [ 14.823895, 12.633511 ], [ 14.790354, 12.628339 ], [ 14.772661, 12.631927 ], [ 14.763479, 12.641572 ], [ 14.75742, 12.675544 ], [ 14.747318, 12.685444 ], [ 14.735003, 12.680156 ], [ 14.7307, 12.659431 ], [ 14.722843, 12.653889 ], [ 14.714586, 12.654909 ], [ 14.706978, 12.66095 ], [ 14.705132, 12.671372 ], [ 14.709967, 12.683862 ], [ 14.725936, 12.703183 ], [ 14.717529, 12.719005 ], [ 14.703629, 12.72388 ], [ 14.663, 12.718554 ], [ 14.653164, 12.722403 ], [ 14.637412, 12.737697 ], [ 14.617619, 12.737411 ], [ 14.625581, 12.760589 ], [ 14.621764, 12.770364 ], [ 14.61482, 12.767652 ], [ 14.595191, 12.743941 ], [ 14.579314, 12.752797 ], [ 14.579023, 12.77017 ], [ 14.574421, 12.778399 ], [ 14.556862, 12.772708 ], [ 14.547411, 12.795971 ], [ 14.564767, 12.826709 ], [ 14.565512, 12.840177 ], [ 14.55603, 12.863129 ], [ 14.55772, 12.87875 ], [ 14.5715, 12.882182 ], [ 14.56422, 12.889885 ], [ 14.563277, 12.910667 ], [ 14.551594, 12.934276 ], [ 14.539651, 12.936957 ], [ 14.529242, 12.961004 ], [ 14.533405, 12.970511 ], [ 14.459829, 13.073822 ], [ 14.085494, 13.077391 ], [ 14.183743, 12.529235 ], [ 14.197016, 12.50389 ], [ 14.187904, 12.498878 ], [ 14.184482, 12.48222 ], [ 14.174065, 12.479627 ], [ 14.180984, 12.453948 ], [ 14.178705, 12.448231 ], [ 14.19438, 12.448145 ], [ 14.18595, 12.443072 ], [ 14.192738, 12.433132 ], [ 14.185499, 12.4359 ], [ 14.181135, 12.427187 ], [ 14.17336, 12.429355 ], [ 14.176639, 12.417744 ], [ 14.17065, 12.41042 ], [ 14.185628, 12.405982 ], [ 14.197746, 12.385998 ], [ 14.218158, 12.376 ], [ 14.215697, 12.368785 ], [ 14.220512, 12.362357 ], [ 14.261315, 12.368082 ], [ 14.273165, 12.37346 ], [ 14.282224, 12.370429 ], [ 14.285835, 12.359083 ], [ 14.292968, 12.355639 ], [ 14.296086, 12.361341 ], [ 14.28912, 12.368322 ], [ 14.291405, 12.372512 ], [ 14.29927, 12.368718 ], [ 14.299812, 12.360381 ], [ 14.309041, 12.358561 ], [ 14.328887, 12.374665 ], [ 14.351006, 12.362951 ], [ 14.363949, 12.364656 ], [ 14.378778, 12.356987 ], [ 14.399924, 12.366212 ], [ 14.4229, 12.361439 ], [ 14.433463, 12.369172 ], [ 14.443595, 12.362238 ], [ 14.443631, 12.351814 ], [ 14.447965, 12.346842 ], [ 14.463462, 12.359348 ], [ 14.475998, 12.344905 ], [ 14.487197, 12.351501 ], [ 14.485328, 12.340075 ], [ 14.501193, 12.328973 ], [ 14.520476, 12.324732 ], [ 14.520699, 12.31404 ], [ 14.509689, 12.314883 ], [ 14.514368, 12.304598 ], [ 14.511007, 12.296225 ], [ 14.520394, 12.295909 ], [ 14.545001, 12.280344 ], [ 14.541436, 12.27217 ], [ 14.548148, 12.256441 ], [ 14.559706, 12.25927 ], [ 14.547972, 12.241034 ], [ 14.548656, 12.235323 ], [ 14.567029, 12.229907 ], [ 14.571899, 12.224137 ], [ 14.591136, 12.226491 ], [ 14.593951, 12.219905 ], [ 14.590478, 12.215863 ], [ 14.600611, 12.211296 ], [ 14.607315, 12.197027 ], [ 14.597057, 12.195086 ], [ 14.597469, 12.190305 ], [ 14.615225, 12.189002 ], [ 14.613546, 12.182957 ], [ 14.629009, 12.179192 ], [ 14.628053, 12.187426 ], [ 14.632029, 12.192213 ], [ 14.639459, 12.18857 ], [ 14.641881, 12.194085 ], [ 14.647556, 12.190507 ], [ 14.652231, 12.19637 ], [ 14.659426, 12.197111 ], [ 14.665176, 12.188869 ], [ 14.662625, 12.178239 ], [ 14.672553, 12.174067 ], [ 14.676004, 12.166168 ], [ 14.676219, 12.159849 ], [ 14.666868, 12.148488 ], [ 14.64945, 12.135785 ], [ 14.653996, 12.11746 ], [ 14.633988, 12.0918 ], [ 14.639004, 12.075336 ], [ 14.653329, 12.067011 ], [ 14.653055, 12.062336 ], [ 14.631642, 12.058075 ], [ 14.619688, 12.04031 ], [ 14.620855, 12.025568 ], [ 14.631875, 12.008248 ], [ 14.633139, 11.989471 ], [ 14.642304, 11.968858 ], [ 14.651838, 11.963079 ], [ 14.653692, 11.957005 ], [ 14.633703, 11.931569 ], [ 14.642041, 11.910141 ], [ 14.628204, 11.901318 ], [ 14.617785, 11.880679 ], [ 14.609047, 11.875546 ], [ 14.602795, 11.864962 ], [ 14.614282, 11.850334 ], [ 14.604735, 11.833094 ], [ 14.608934, 11.817883 ], [ 14.604595, 11.795576 ], [ 14.61263, 11.780608 ], [ 14.598818, 11.759725 ], [ 14.584067, 11.750468 ], [ 14.576735, 11.750361 ], [ 14.571853, 11.735328 ], [ 14.548466, 11.722994 ], [ 14.556792, 11.708938 ], [ 14.566115, 11.709 ], [ 14.579774, 11.699736 ], [ 14.599097, 11.700577 ], [ 14.609617, 11.678291 ], [ 14.618846, 11.675672 ], [ 14.626048, 11.663527 ], [ 14.639752, 11.653015 ], [ 14.637308, 11.628415 ], [ 14.650196, 11.609241 ], [ 14.642833, 11.597555 ], [ 14.642617, 11.57602 ], [ 14.62818, 11.55686 ], [ 14.6131, 11.511377 ], [ 14.595454, 11.499821 ], [ 14.569601, 11.493993 ], [ 14.55487, 11.481959 ], [ 14.516144, 11.472788 ], [ 14.464478, 11.424295 ], [ 14.474059, 11.38936 ], [ 14.471748, 11.363975 ], [ 14.461096, 11.327712 ], [ 14.464396, 11.319358 ], [ 14.463064, 11.292053 ], [ 14.4697, 11.25567 ], [ 14.485654, 11.227031 ], [ 14.480398, 11.169483 ], [ 14.482343, 11.145085 ], [ 14.489283, 11.129057 ], [ 14.5014, 11.115597 ], [ 14.547989, 11.155941 ], [ 14.702292, 11.030167 ], [ 14.729244, 11.02439 ], [ 14.768158, 11.046151 ] ] ] } },
{ "type": "Feature", "properties": { "GID_1": "CMR.4_1", "GID_2": "CMR.4.3_1", "NAME_1": "Extrême-Nord", "NAME_2": "Mayo Danay", "superficie_km2": 5276.9, "bati_2015_km2": 21.006, "bati_2025_km2": 34.725, "couverture_ghsl_pct": 100.0, "mesure_disponible": true, "part_batie_2015_pct": 0.398, "part_batie_2025_pct": 0.658, "gain_bati_km2": 13.719, "croissance_pct": 65.3 }, "geometry": { "type": "Polygon", "coordinates": [ [ [ 15.494841, 10.124244 ], [ 15.487131, 10.123719 ], [ 15.480601, 10.143561 ], [ 15.461216, 10.159469 ], [ 15.445239, 10.196276 ], [ 15.411654, 10.219704 ], [ 15.403228, 10.243232 ], [ 15.386714, 10.251904 ], [ 15.369097, 10.269203 ], [ 15.356205, 10.292747 ], [ 15.327273, 10.305794 ], [ 15.312205, 10.30699 ], [ 15.311125, 10.325045 ], [ 15.295994, 10.3355 ], [ 15.296552, 10.353436 ], [ 15.283142, 10.367005 ], [ 15.282974, 10.408974 ], [ 15.252875, 10.436985 ], [ 15.241272, 10.472351 ], [ 15.206292, 10.500185 ], [ 15.177253, 10.511063 ], [ 15.146605, 10.536393 ], [ 15.144201, 10.574006 ], [ 15.157214, 10.612571 ], [ 15.157954, 10.640201 ], [ 15.141339, 10.667758 ], [ 15.138449, 10.702816 ], [ 15.102615, 10.740602 ], [ 15.069768, 10.813439 ], [ 15.074862, 10.837634 ], [ 15.080843, 10.84969 ], [ 15.096033, 10.86406 ], [ 15.097168, 10.876996 ], [ 15.089825, 10.901514 ], [ 15.083778, 10.949987 ], [ 15.065682, 10.965244 ], [ 15.062778, 10.98401 ], [ 15.048393, 10.997787 ], [ 15.028307, 10.995893 ], [ 15.016908, 10.999648 ], [ 15.015354, 11.009033 ], [ 15.00689, 11.00528 ], [ 14.998945, 11.009716 ], [ 15.003781, 11.017736 ], [ 14.995664, 11.01859 ], [ 14.905858, 11.086167 ], [ 14.884695, 11.084897 ], [ 14.803016, 11.030284 ], [ 14.810668, 10.97673 ], [ 14.810276, 10.948323 ], [ 14.796191, 10.926266 ], [ 14.80101, 10.883904 ], [ 14.789831, 10.822335 ], [ 14.789945, 10.657605 ], [ 14.815801, 10.64166 ], [ 14.817188, 10.609019 ], [ 14.985926, 10.410277 ], [ 14.902323, 10.332292 ], [ 14.867701, 10.309093 ], [ 14.891212, 10.262933 ], [ 14.899272, 10.260095 ], [ 14.897226, 10.249678 ], [ 14.932059, 10.218844 ], [ 14.931245, 10.199906 ], [ 14.919638, 10.199363 ], [ 14.912133, 10.175363 ], [ 14.893027, 10.145056 ], [ 14.88718, 10.075482 ], [ 14.858947, 10.02362 ], [ 14.832335, 9.994523 ], [ 14.804341, 9.936276 ], [ 14.961483, 9.984925 ], [ 15.000712, 9.969674 ], [ 15.036315, 9.968874 ], [ 15.061925, 9.948746 ], [ 15.106311, 9.966702 ], [ 15.112842, 9.986745 ], [ 15.152478, 9.997031 ], [ 15.180023, 9.988472 ], [ 15.209349, 9.993886 ], [ 15.214822, 9.987972 ], [ 15.248415, 9.991463 ], [ 15.364057, 9.962049 ], [ 15.41332, 9.934937 ], [ 15.527767, 9.954676 ], [ 15.689525, 9.996432 ], [ 15.671033, 10.013558 ], [ 15.618505, 10.046849 ], [ 15.59809, 10.047422 ], [ 15.594057, 10.060026 ], [ 15.585957, 10.066741 ], [ 15.563986, 10.067851 ], [ 15.556977, 10.081062 ], [ 15.536723, 10.098784 ], [ 15.525773, 10.101213 ], [ 15.512508, 10.093596 ], [ 15.509084, 10.108275 ], [ 15.494841, 10.124244 ] ] ] } },
{ "type": "Feature", "properties": { "GID_1": "CMR.4_1", "GID_2": "CMR.4.4_1", "NAME_1": "Extrême-Nord", "NAME_2": "Mayo Kani", "superficie_km2": 4977.2, "bati_2015_km2": 15.485, "bati_2025_km2": 22.179, "couverture_ghsl_pct": 100.0, "mesure_disponible": true, "part_batie_2015_pct": 0.311, "part_batie_2025_pct": 0.446, "gain_bati_km2": 6.694, "croissance_pct": 43.2 }, "geometry": { "type": "Polygon", "coordinates": [ [ [ 14.913163, 10.178657 ], [ 14.919638, 10.199363 ], [ 14.931245, 10.199906 ], [ 14.932059, 10.218844 ], [ 14.897226, 10.249678 ], [ 14.899272, 10.260095 ], [ 14.891212, 10.262933 ], [ 14.867701, 10.309093 ], [ 14.902323, 10.332292 ], [ 14.985926, 10.410277 ], [ 14.817188, 10.609019 ], [ 14.815801, 10.64166 ], [ 14.789945, 10.657605 ], [ 14.700961, 10.590515 ], [ 14.7008, 10.583877 ], [ 14.69124, 10.582705 ], [ 14.694377, 10.548613 ], [ 14.737279, 10.525243 ], [ 14.70164, 10.47401 ], [ 14.550436, 10.466612 ], [ 14.503936, 10.481115 ], [ 14.462039, 10.546387 ], [ 14.439198, 10.558293 ], [ 14.418686, 10.544209 ], [ 14.388188, 10.535881 ], [ 14.283986, 10.492669 ], [ 14.270452, 10.437975 ], [ 14.249801, 10.422174 ], [ 14.235939, 10.396542 ], [ 14.130986, 10.363557 ], [ 14.065741, 10.358461 ], [ 14.050076, 10.352553 ], [ 14.047076, 10.285951 ], [ 14.058563, 10.242698 ], [ 14.05088, 10.162183 ], [ 14.059506, 10.153657 ], [ 14.065846, 10.128382 ], [ 14.078173, 10.110453 ], [ 14.103467, 10.115497 ], [ 14.110027, 10.128651 ], [ 14.219901, 10.091261 ], [ 14.229848, 10.075657 ], [ 14.209771, 10.053663 ], [ 14.207491, 10.006017 ], [ 14.232465, 10.002729 ], [ 14.466058, 10.006619 ], [ 14.802423, 9.935676 ], [ 14.832335, 9.994523 ], [ 14.858947, 10.02362 ], [ 14.88718, 10.075482 ], [ 14.893027, 10.145056 ], [ 14.913163, 10.178657 ] ] ] } },
{ "type": "Feature", "properties": { "GID_1": "CMR.4_1", "GID_2": "CMR.4.5_1", "NAME_1": "Extrême-Nord", "NAME_2": "Mayo Sava", "superficie_km2": 2624.7, "bati_2015_km2": 14.089, "bati_2025_km2": 18.959, "couverture_ghsl_pct": 100.0, "mesure_disponible": true, "part_batie_2015_pct": 0.537, "part_batie_2025_pct": 0.722, "gain_bati_km2": 4.87, "croissance_pct": 34.6 }, "geometry": { "type": "Polygon", "coordinates": [ [ [ 14.315954, 10.954597 ], [ 14.349608, 10.956491 ], [ 14.356616, 10.966927 ], [ 14.370659, 10.974955 ], [ 14.370531, 10.985165 ], [ 14.380797, 10.995649 ], [ 14.402337, 10.997939 ], [ 14.421918, 11.01056 ], [ 14.433977, 11.026074 ], [ 14.43347, 11.040855 ], [ 14.484138, 11.092069 ], [ 14.5014, 11.115597 ], [ 14.489283, 11.129057 ], [ 14.482343, 11.145085 ], [ 14.480398, 11.169483 ], [ 14.485654, 11.227031 ], [ 14.4697, 11.25567 ], [ 14.463064, 11.292053 ], [ 14.464396, 11.319358 ], [ 14.461096, 11.327712 ], [ 14.471748, 11.363975 ], [ 14.474059, 11.38936 ], [ 14.464478, 11.424295 ], [ 14.44632, 11.418558 ], [ 14.428277, 11.41994 ], [ 14.390076, 11.381264 ], [ 14.3353, 11.340668 ], [ 14.252876, 11.293805 ], [ 14.235693, 11.288714 ], [ 14.201047, 11.253734 ], [ 14.182656, 11.254746 ], [ 14.16896, 11.245588 ], [ 14.110698, 11.262774 ], [ 14.110137, 11.269945 ], [ 14.100781, 11.278772 ], [ 14.06776, 11.282212 ], [ 13.985552, 11.320371 ], [ 13.980623, 11.31876 ], [ 13.953168, 11.24572 ], [ 13.927557, 11.210638 ], [ 13.927249, 11.202563 ], [ 13.915322, 11.197046 ], [ 13.906195, 11.168237 ], [ 13.883826, 11.155935 ], [ 13.878373, 11.144255 ], [ 13.937758, 11.111403 ], [ 13.950393, 11.082662 ], [ 13.962477, 11.067785 ], [ 13.956135, 11.051544 ], [ 13.955978, 11.023352 ], [ 13.964745, 11.004924 ], [ 13.976627, 10.995192 ], [ 13.986562, 10.933404 ], [ 14.023311, 10.90389 ], [ 14.018367, 10.89022 ], [ 14.015203, 10.840474 ], [ 14.049723, 10.803602 ], [ 14.075845, 10.801581 ], [ 14.128434, 10.784278 ], [ 14.132086, 10.787269 ], [ 14.130336, 10.796631 ], [ 14.146838, 10.824139 ], [ 14.170527, 10.840663 ], [ 14.182631, 10.844138 ], [ 14.210194, 10.842712 ], [ 14.216681, 10.85186 ], [ 14.225606, 10.855775 ], [ 14.231828, 10.872965 ], [ 14.242461, 10.87857 ], [ 14.249637, 10.9049 ], [ 14.255276, 10.907019 ], [ 14.266521, 10.924623 ], [ 14.284285, 10.933579 ], [ 14.287038, 10.940428 ], [ 14.294823, 10.936235 ], [ 14.306086, 10.938577 ], [ 14.315954, 10.954597 ] ] ] } },
{ "type": "Feature", "properties": { "GID_1": "CMR.4_1", "GID_2": "CMR.4.6_1", "NAME_1": "Extrême-Nord", "NAME_2": "Mayo Tsanaga", "superficie_km2": 4485.5, "bati_2015_km2": 25.071, "bati_2025_km2": 40.704, "couverture_ghsl_pct": 100.0, "mesure_disponible": true, "part_batie_2015_pct": 0.559, "part_batie_2025_pct": 0.907, "gain_bati_km2": 15.633, "croissance_pct": 62.4 }, "geometry": { "type": "Polygon", "coordinates": [ [ [ 13.846326, 10.239807 ], [ 13.868142, 10.243631 ], [ 13.916804, 10.228131 ], [ 13.967895, 10.229712 ], [ 13.956695, 10.237741 ], [ 13.952924, 10.290003 ], [ 13.968753, 10.346727 ], [ 13.979484, 10.368669 ], [ 13.979877, 10.400511 ], [ 13.991475, 10.423782 ], [ 13.985966, 10.437558 ], [ 13.987405, 10.453422 ], [ 14.006741, 10.465899 ], [ 14.036444, 10.464393 ], [ 14.042542, 10.4606 ], [ 14.058745, 10.4829 ], [ 14.072642, 10.487981 ], [ 14.087186, 10.484827 ], [ 14.094117, 10.493084 ], [ 14.090967, 10.508368 ], [ 14.078267, 10.518167 ], [ 14.0745, 10.531802 ], [ 14.090915, 10.568608 ], [ 14.072658, 10.566244 ], [ 14.056474, 10.5764 ], [ 14.060644, 10.594238 ], [ 14.054283, 10.601842 ], [ 14.067616, 10.630821 ], [ 14.067927, 10.650984 ], [ 14.033425, 10.674974 ], [ 14.037226, 10.730959 ], [ 14.051366, 10.741206 ], [ 14.055422, 10.756402 ], [ 14.072754, 10.780427 ], [ 14.062649, 10.800229 ], [ 14.049723, 10.803602 ], [ 14.015203, 10.840474 ], [ 14.018367, 10.89022 ], [ 14.023311, 10.90389 ], [ 13.986562, 10.933404 ], [ 13.976627, 10.995192 ], [ 13.964745, 11.004924 ], [ 13.955978, 11.023352 ], [ 13.956135, 11.051544 ], [ 13.962477, 11.067785 ], [ 13.950393, 11.082662 ], [ 13.937758, 11.111403 ], [ 13.878373, 11.144255 ], [ 13.876734, 11.135101 ], [ 13.859499, 11.117594 ], [ 13.855351, 11.100666 ], [ 13.847228, 11.092224 ], [ 13.829506, 11.085781 ], [ 13.825619, 11.071333 ], [ 13.818526, 11.074316 ], [ 13.812273, 11.069157 ], [ 13.810912, 11.053172 ], [ 13.794703, 11.025879 ], [ 13.79734, 11.016592 ], [ 13.792529, 11.009667 ], [ 13.763684, 11.007426 ], [ 13.734724, 11.011379 ], [ 13.728045, 11.001878 ], [ 13.730946, 10.99401 ], [ 13.726332, 10.983455 ], [ 13.708014, 10.972045 ], [ 13.709905, 10.949121 ], [ 13.726106, 10.931481 ], [ 13.727932, 10.923344 ], [ 13.720494, 10.903126 ], [ 13.713876, 10.859919 ], [ 13.701301, 10.846557 ], [ 13.677961, 10.838666 ], [ 13.671245, 10.818274 ], [ 13.651892, 10.82058 ], [ 13.636975, 10.79236 ], [ 13.650949, 10.791359 ], [ 13.655188, 10.784294 ], [ 13.643406, 10.776009 ], [ 13.6418, 10.763486 ], [ 13.629049, 10.743276 ], [ 13.621282, 10.718983 ], [ 13.603895, 10.703676 ], [ 13.586972, 10.70484 ], [ 13.578441, 10.691609 ], [ 13.586909, 10.679873 ], [ 13.585781, 10.672165 ], [ 13.58153, 10.662495 ], [ 13.574302, 10.657859 ], [ 13.570919, 10.634735 ], [ 13.54585, 10.61833 ], [ 13.554912, 10.594201 ], [ 13.566772, 10.58372 ], [ 13.5583, 10.558449 ], [ 13.573974, 10.535323 ], [ 13.555828, 10.51293 ], [ 13.538351, 10.479948 ], [ 13.527542, 10.479069 ], [ 13.528139, 10.466233 ], [ 13.538298, 10.451894 ], [ 13.536246, 10.423673 ], [ 13.5282, 10.418322 ], [ 13.523856, 10.4039 ], [ 13.494111, 10.391013 ], [ 13.498349, 10.339501 ], [ 13.482142, 10.335397 ], [ 13.489415, 10.317918 ], [ 13.487435, 10.295401 ], [ 13.480151, 10.291175 ], [ 13.471402, 10.274336 ], [ 13.465643, 10.246206 ], [ 13.468612, 10.235808 ], [ 13.474919, 10.231819 ], [ 13.482848, 10.199433 ], [ 13.469137, 10.194317 ], [ 13.467485, 10.163992 ], [ 13.443427, 10.153946 ], [ 13.434075, 10.134838 ], [ 13.403127, 10.125348 ], [ 13.424168, 10.108645 ], [ 13.42876, 10.085658 ], [ 13.435179, 10.082726 ], [ 13.44612, 10.086874 ], [ 13.479836, 10.087276 ], [ 13.518347, 10.100017 ], [ 13.539433, 10.097116 ], [ 13.551144, 10.102165 ], [ 13.554935, 10.099779 ], [ 13.554415, 10.086226 ], [ 13.563533, 10.085402 ], [ 13.568996, 10.09984 ], [ 13.588671, 10.124335 ], [ 13.610671, 10.1276 ], [ 13.615883, 10.133484 ], [ 13.641316, 10.127536 ], [ 13.69556, 10.143901 ], [ 13.656664, 10.168251 ], [ 13.64778, 10.181957 ], [ 13.655858, 10.221777 ], [ 13.672605, 10.237464 ], [ 13.678579, 10.257226 ], [ 13.693377, 10.261115 ], [ 13.714341, 10.258616 ], [ 13.741987, 10.245523 ], [ 13.757083, 10.250072 ], [ 13.783314, 10.24568 ], [ 13.800956, 10.253052 ], [ 13.846326, 10.239807 ] ] ] } },
{ "type": "Feature", "properties": { "GID_1": "CMR.5_1", "GID_2": "CMR.5.1_1", "NAME_1": "Littoral", "NAME_2": "Moungo", "superficie_km2": 3889.9, "bati_2015_km2": 25.705, "bati_2025_km2": 29.225, "couverture_ghsl_pct": 100.0, "mesure_disponible": true, "part_batie_2015_pct": 0.661, "part_batie_2025_pct": 0.751, "gain_bati_km2": 3.52, "croissance_pct": 13.7 }, "geometry": { "type": "Polygon", "coordinates": [ [ [ 9.784912, 4.261408 ], [ 9.787388, 4.273212 ], [ 9.801809, 4.444571 ], [ 9.787051, 4.4485 ], [ 9.774493, 4.440815 ], [ 9.766401, 4.443796 ], [ 9.762504, 4.45278 ], [ 9.77848, 4.476387 ], [ 9.775277, 4.486794 ], [ 9.770832, 4.487572 ], [ 9.774232, 4.491951 ], [ 9.770362, 4.496986 ], [ 9.773895, 4.496707 ], [ 9.773057, 4.500995 ], [ 9.778575, 4.505389 ], [ 9.756829, 4.554595 ], [ 9.757755, 4.566044 ], [ 9.761175, 4.567487 ], [ 9.759241, 4.611257 ], [ 9.793203, 4.645056 ], [ 9.81686, 4.650496 ], [ 9.818203, 4.660026 ], [ 9.827817, 4.670325 ], [ 9.895046, 4.708344 ], [ 9.928725, 4.688714 ], [ 9.920941, 4.677204 ], [ 9.920748, 4.663887 ], [ 9.948845, 4.668 ], [ 9.95181, 4.679837 ], [ 9.969149, 4.700577 ], [ 9.973433, 4.717355 ], [ 9.984293, 4.735311 ], [ 9.987309, 4.736851 ], [ 10.00737, 4.724072 ], [ 10.034009, 4.741517 ], [ 10.06317, 4.774055 ], [ 10.056206, 4.777668 ], [ 10.05469, 4.78535 ], [ 10.047367, 4.788136 ], [ 10.051319, 4.802104 ], [ 10.043598, 4.809282 ], [ 10.044696, 4.821653 ], [ 10.038941, 4.821978 ], [ 10.04154, 4.831246 ], [ 10.057726, 4.840248 ], [ 10.065766, 4.864503 ], [ 10.090081, 4.888311 ], [ 10.103436, 4.922599 ], [ 10.113503, 4.928411 ], [ 10.104399, 4.946277 ], [ 10.10649, 4.958079 ], [ 10.092093, 4.964148 ], [ 10.085148, 4.978987 ], [ 10.076959, 4.981551 ], [ 10.074425, 4.987316 ], [ 10.065806, 5.015476 ], [ 10.070336, 5.02123 ], [ 10.072918, 5.044648 ], [ 10.060871, 5.049957 ], [ 10.049189, 5.048087 ], [ 10.03941, 5.058209 ], [ 10.018323, 5.065609 ], [ 10.01135, 5.063448 ], [ 10.00646, 5.069312 ], [ 10.010433, 5.080072 ], [ 10.001612, 5.101149 ], [ 10.001631, 5.113333 ], [ 9.993351, 5.11939 ], [ 9.991485, 5.130727 ], [ 10.005448, 5.145345 ], [ 10.001613, 5.162068 ], [ 10.004821, 5.165275 ], [ 10.001149, 5.166791 ], [ 10.007753, 5.173015 ], [ 10.008336, 5.183876 ], [ 10.007873, 5.189071 ], [ 10.002788, 5.190496 ], [ 9.998303, 5.214399 ], [ 9.992371, 5.216108 ], [ 9.993708, 5.227534 ], [ 9.986076, 5.227263 ], [ 9.983356, 5.235579 ], [ 9.970463, 5.244477 ], [ 9.957084, 5.244215 ], [ 9.943341, 5.253114 ], [ 9.923364, 5.251066 ], [ 9.934993, 5.277684 ], [ 9.924526, 5.272599 ], [ 9.907195, 5.276497 ], [ 9.882189, 5.25037 ], [ 9.847524, 5.256841 ], [ 9.836793, 5.264978 ], [ 9.832662, 5.275468 ], [ 9.839667, 5.300205 ], [ 9.850799, 5.308974 ], [ 9.853832, 5.322288 ], [ 9.849804, 5.332498 ], [ 9.8427, 5.334849 ], [ 9.824076, 5.330033 ], [ 9.829556, 5.290767 ], [ 9.805056, 5.291063 ], [ 9.783972, 5.2844 ], [ 9.768579, 5.263294 ], [ 9.740932, 5.275123 ], [ 9.736418, 5.245463 ], [ 9.745983, 5.240522 ], [ 9.766405, 5.209689 ], [ 9.775547, 5.146035 ], [ 9.801352, 5.140281 ], [ 9.8043, 5.111141 ], [ 9.811661, 5.099777 ], [ 9.815937, 5.079702 ], [ 9.831186, 5.060317 ], [ 9.854437, 5.051396 ], [ 9.866171, 5.029462 ], [ 9.856062, 5.018385 ], [ 9.841054, 5.020077 ], [ 9.828407, 5.01446 ], [ 9.822527, 5.014819 ], [ 9.811129, 5.025396 ], [ 9.77573, 5.005545 ], [ 9.766896, 4.956261 ], [ 9.754416, 4.941047 ], [ 9.756323, 4.919918 ], [ 9.786071, 4.916451 ], [ 9.779553, 4.897005 ], [ 9.763833, 4.887076 ], [ 9.762769, 4.877658 ], [ 9.770931, 4.877913 ], [ 9.774525, 4.873772 ], [ 9.764074, 4.867445 ], [ 9.753104, 4.867282 ], [ 9.742739, 4.858403 ], [ 9.749039, 4.841759 ], [ 9.729361, 4.821886 ], [ 9.71716, 4.819698 ], [ 9.704513, 4.808179 ], [ 9.705903, 4.795414 ], [ 9.691056, 4.721375 ], [ 9.632195, 4.664201 ], [ 9.637777, 4.652752 ], [ 9.646877, 4.650323 ], [ 9.643576, 4.637672 ], [ 9.634479, 4.635172 ], [ 9.630406, 4.62712 ], [ 9.573591, 4.615284 ], [ 9.568541, 4.606596 ], [ 9.552742, 4.597695 ], [ 9.549226, 4.588344 ], [ 9.541331, 4.589341 ], [ 9.542203, 4.581637 ], [ 9.537155, 4.577129 ], [ 9.538538, 4.564263 ], [ 9.522877, 4.544361 ], [ 9.51095, 4.542359 ], [ 9.511793, 4.519955 ], [ 9.504733, 4.520343 ], [ 9.511223, 4.523593 ], [ 9.508176, 4.531925 ], [ 9.493003, 4.526287 ], [ 9.503297, 4.511727 ], [ 9.492797, 4.503884 ], [ 9.503664, 4.490855 ], [ 9.496981, 4.483201 ], [ 9.491257, 4.483013 ], [ 9.49335, 4.475448 ], [ 9.487528, 4.470186 ], [ 9.495152, 4.459937 ], [ 9.497226, 4.421447 ], [ 9.510482, 4.417896 ], [ 9.514859, 4.402382 ], [ 9.502464, 4.411008 ], [ 9.498159, 4.391288 ], [ 9.479742, 4.37962 ], [ 9.478492, 4.36277 ], [ 9.465897, 4.355405 ], [ 9.464746, 4.346406 ], [ 9.455782, 4.348327 ], [ 9.460547, 4.342388 ], [ 9.455967, 4.337986 ], [ 9.45872, 4.3174 ], [ 9.45242, 4.307734 ], [ 9.437729, 4.301711 ], [ 9.439345, 4.292997 ], [ 9.433624, 4.294819 ], [ 9.424742, 4.27175 ], [ 9.42387, 4.248773 ], [ 9.428633, 4.236898 ], [ 9.426533, 4.233356 ], [ 9.41919, 4.234988 ], [ 9.419567, 4.22618 ], [ 9.413748, 4.223502 ], [ 9.420794, 4.203967 ], [ 9.429667, 4.211717 ], [ 9.448833, 4.208068 ], [ 9.454648, 4.204522 ], [ 9.456835, 4.193032 ], [ 9.46675, 4.189771 ], [ 9.483254, 4.200579 ], [ 9.491834, 4.195787 ], [ 9.499659, 4.203729 ], [ 9.510526, 4.196828 ], [ 9.519404, 4.212332 ], [ 9.529988, 4.210411 ], [ 9.532743, 4.194324 ], [ 9.528348, 4.181976 ], [ 9.529767, 4.165891 ], [ 9.541112, 4.161479 ], [ 9.540532, 4.151235 ], [ 9.548922, 4.148836 ], [ 9.547862, 4.13323 ], [ 9.557864, 4.118288 ], [ 9.550132, 4.105272 ], [ 9.547082, 4.108051 ], [ 9.542121, 4.103458 ], [ 9.529536, 4.105573 ], [ 9.509882, 4.08548 ], [ 9.505869, 4.071409 ], [ 9.517442, 4.077856 ], [ 9.531027, 4.072706 ], [ 9.559413, 4.084758 ], [ 9.570519, 4.078592 ], [ 9.568822, 4.072214 ], [ 9.573343, 4.065379 ], [ 9.585765, 4.066961 ], [ 9.587152, 4.082575 ], [ 9.603627, 4.09155 ], [ 9.592284, 4.095843 ], [ 9.594927, 4.109506 ], [ 9.602392, 4.108808 ], [ 9.605803, 4.119193 ], [ 9.623042, 4.122057 ], [ 9.632028, 4.135477 ], [ 9.641355, 4.135291 ], [ 9.651525, 4.120752 ], [ 9.679385, 4.119691 ], [ 9.711882, 4.128524 ], [ 9.712581, 4.135646 ], [ 9.726171, 4.149223 ], [ 9.754391, 4.150785 ], [ 9.751685, 4.172064 ], [ 9.757104, 4.186796 ], [ 9.76627, 4.196737 ], [ 9.767632, 4.211895 ], [ 9.762036, 4.223613 ], [ 9.784912, 4.261408 ] ] ] } },
{ "type": "Feature", "properties": { "GID_1": "CMR.5_1", "GID_2": "CMR.5.2_1", "NAME_1": "Littoral", "NAME_2": "Nkam", "superficie_km2": 6183.9, "bati_2015_km2": 3.469, "bati_2025_km2": 4.456, "couverture_ghsl_pct": 100.0, "mesure_disponible": true, "part_batie_2015_pct": 0.056, "part_batie_2025_pct": 0.072, "gain_bati_km2": 0.987, "croissance_pct": 28.5 }, "geometry": { "type": "Polygon", "coordinates": [ [ [ 9.782523, 4.256801 ], [ 9.762815, 4.224975 ], [ 9.792666, 4.223142 ], [ 9.850469, 4.16285 ], [ 9.862903, 4.15556 ], [ 9.863207, 4.143465 ], [ 9.851212, 4.135246 ], [ 9.848671, 4.127655 ], [ 9.833503, 4.122581 ], [ 9.826916, 4.113946 ], [ 9.837329, 4.105422 ], [ 9.836032, 4.08614 ], [ 9.838817, 4.076852 ], [ 9.846684, 4.074275 ], [ 9.846073, 4.067374 ], [ 9.86726, 4.072269 ], [ 9.879658, 4.083228 ], [ 9.894365, 4.083471 ], [ 9.909393, 4.092417 ], [ 9.92359, 4.083341 ], [ 9.946922, 4.090643 ], [ 9.964362, 4.079239 ], [ 9.992979, 4.092946 ], [ 10.005624, 4.08274 ], [ 10.019962, 4.086742 ], [ 10.033463, 4.082242 ], [ 10.046889, 4.089817 ], [ 10.061956, 4.080518 ], [ 10.069412, 4.081235 ], [ 10.065227, 4.091943 ], [ 10.072533, 4.099032 ], [ 10.068808, 4.107284 ], [ 10.072456, 4.111477 ], [ 10.085461, 4.115471 ], [ 10.088984, 4.121979 ], [ 10.107328, 4.1269 ], [ 10.124843, 4.122088 ], [ 10.130816, 4.128611 ], [ 10.148692, 4.121117 ], [ 10.158136, 4.106413 ], [ 10.224848, 4.106011 ], [ 10.231962, 4.112896 ], [ 10.266275, 4.100955 ], [ 10.276564, 4.089726 ], [ 10.280225, 4.107424 ], [ 10.289117, 4.102312 ], [ 10.290609, 4.113868 ], [ 10.305499, 4.107821 ], [ 10.310362, 4.11615 ], [ 10.316061, 4.104516 ], [ 10.320711, 4.107305 ], [ 10.324568, 4.104205 ], [ 10.327974, 4.115893 ], [ 10.367334, 4.149732 ], [ 10.357026, 4.171208 ], [ 10.358315, 4.196634 ], [ 10.401386, 4.255852 ], [ 10.408493, 4.277035 ], [ 10.419711, 4.286391 ], [ 10.426532, 4.319564 ], [ 10.438781, 4.348723 ], [ 10.447988, 4.356574 ], [ 10.452124, 4.340903 ], [ 10.459574, 4.358033 ], [ 10.471224, 4.366539 ], [ 10.528018, 4.366444 ], [ 10.525816, 4.403648 ], [ 10.534696, 4.422112 ], [ 10.546538, 4.422472 ], [ 10.548885, 4.430909 ], [ 10.57038, 4.425142 ], [ 10.582478, 4.42702 ], [ 10.598823, 4.420379 ], [ 10.616988, 4.430114 ], [ 10.636995, 4.453218 ], [ 10.648163, 4.450516 ], [ 10.652635, 4.454635 ], [ 10.652248, 4.459206 ], [ 10.638011, 4.460618 ], [ 10.636518, 4.465454 ], [ 10.616458, 4.467109 ], [ 10.616174, 4.474761 ], [ 10.60281, 4.464924 ], [ 10.599823, 4.474998 ], [ 10.59107, 4.463641 ], [ 10.5749, 4.454412 ], [ 10.55915, 4.454044 ], [ 10.54251, 4.460422 ], [ 10.534775, 4.455404 ], [ 10.520231, 4.456743 ], [ 10.517216, 4.453729 ], [ 10.507612, 4.466837 ], [ 10.487436, 4.461542 ], [ 10.478279, 4.447263 ], [ 10.46567, 4.463097 ], [ 10.473122, 4.476775 ], [ 10.469722, 4.482722 ], [ 10.441243, 4.489525 ], [ 10.427972, 4.474851 ], [ 10.394867, 4.476325 ], [ 10.388559, 4.483586 ], [ 10.386283, 4.500003 ], [ 10.378762, 4.502334 ], [ 10.385972, 4.54753 ], [ 10.39857, 4.576303 ], [ 10.407012, 4.583234 ], [ 10.417196, 4.608286 ], [ 10.431359, 4.615507 ], [ 10.454504, 4.64768 ], [ 10.46654, 4.645239 ], [ 10.472398, 4.663149 ], [ 10.471417, 4.674126 ], [ 10.479058, 4.680755 ], [ 10.478268, 4.686597 ], [ 10.490127, 4.694929 ], [ 10.493781, 4.714353 ], [ 10.491493, 4.724024 ], [ 10.465141, 4.744117 ], [ 10.4571, 4.738092 ], [ 10.455976, 4.729033 ], [ 10.440498, 4.71799 ], [ 10.41901, 4.712194 ], [ 10.416789, 4.705654 ], [ 10.404753, 4.709303 ], [ 10.386678, 4.703902 ], [ 10.380366, 4.709453 ], [ 10.375242, 4.706744 ], [ 10.363068, 4.690959 ], [ 10.3571, 4.666301 ], [ 10.337878, 4.69131 ], [ 10.359632, 4.750593 ], [ 10.360703, 4.76467 ], [ 10.378411, 4.786283 ], [ 10.393578, 4.791388 ], [ 10.417158, 4.788218 ], [ 10.4209, 4.801904 ], [ 10.44504, 4.826018 ], [ 10.444452, 4.832967 ], [ 10.477817, 4.851422 ], [ 10.488422, 4.881302 ], [ 10.522743, 4.898955 ], [ 10.524454, 4.903233 ], [ 10.507613, 4.908181 ], [ 10.454599, 4.905182 ], [ 10.433709, 4.910327 ], [ 10.452962, 4.931722 ], [ 10.459118, 4.94814 ], [ 10.458101, 4.956736 ], [ 10.444268, 4.960638 ], [ 10.439743, 4.958098 ], [ 10.429317, 4.925635 ], [ 10.420357, 4.918855 ], [ 10.425298, 4.93962 ], [ 10.411594, 4.960236 ], [ 10.420565, 4.972116 ], [ 10.416256, 4.982891 ], [ 10.418097, 5.006685 ], [ 10.415093, 5.011508 ], [ 10.400031, 5.013806 ], [ 10.395803, 5.018159 ], [ 10.390241, 5.015149 ], [ 10.367552, 5.017841 ], [ 10.370794, 5.037289 ], [ 10.366851, 5.043341 ], [ 10.372665, 5.076571 ], [ 10.367036, 5.086593 ], [ 10.314605, 5.100207 ], [ 10.302423, 5.084838 ], [ 10.29816, 5.071719 ], [ 10.283636, 5.062116 ], [ 10.284192, 5.057203 ], [ 10.27893, 5.063353 ], [ 10.265376, 5.06744 ], [ 10.240209, 5.105927 ], [ 10.232865, 5.107735 ], [ 10.197867, 5.078902 ], [ 10.223534, 5.054298 ], [ 10.225672, 5.039089 ], [ 10.206511, 5.015892 ], [ 10.193783, 5.008171 ], [ 10.191598, 4.997881 ], [ 10.174827, 4.993472 ], [ 10.161423, 4.975646 ], [ 10.147861, 4.975008 ], [ 10.154255, 4.969425 ], [ 10.153199, 4.957904 ], [ 10.1593, 4.946183 ], [ 10.15449, 4.94213 ], [ 10.150026, 4.919943 ], [ 10.1439, 4.916931 ], [ 10.138824, 4.922323 ], [ 10.128463, 4.920641 ], [ 10.128191, 4.926686 ], [ 10.121415, 4.929342 ], [ 10.106965, 4.927022 ], [ 10.090081, 4.888311 ], [ 10.065766, 4.864503 ], [ 10.057726, 4.840248 ], [ 10.04154, 4.831246 ], [ 10.038941, 4.821978 ], [ 10.044696, 4.821653 ], [ 10.043598, 4.809282 ], [ 10.051319, 4.802104 ], [ 10.047367, 4.788136 ], [ 10.05469, 4.78535 ], [ 10.056206, 4.777668 ], [ 10.06317, 4.774055 ], [ 10.043523, 4.751384 ], [ 10.00737, 4.724072 ], [ 9.987309, 4.736851 ], [ 9.984293, 4.735311 ], [ 9.973433, 4.717355 ], [ 9.969149, 4.700577 ], [ 9.95181, 4.679837 ], [ 9.948845, 4.668 ], [ 9.920748, 4.663887 ], [ 9.920941, 4.677204 ], [ 9.928725, 4.688714 ], [ 9.895046, 4.708344 ], [ 9.827817, 4.670325 ], [ 9.818203, 4.660026 ], [ 9.81686, 4.650496 ], [ 9.793203, 4.645056 ], [ 9.759241, 4.611257 ], [ 9.761175, 4.567487 ], [ 9.757755, 4.566044 ], [ 9.756829, 4.554595 ], [ 9.778575, 4.505389 ], [ 9.773057, 4.500995 ], [ 9.773895, 4.496707 ], [ 9.770362, 4.496986 ], [ 9.774232, 4.491951 ], [ 9.770832, 4.487572 ], [ 9.775277, 4.486794 ], [ 9.77848, 4.476387 ], [ 9.762504, 4.45278 ], [ 9.766401, 4.443796 ], [ 9.774493, 4.440815 ], [ 9.787051, 4.4485 ], [ 9.801809, 4.444571 ], [ 9.787388, 4.273212 ], [ 9.782523, 4.256801 ] ] ] } },
{ "type": "Feature", "properties": { "GID_1": "CMR.5_1", "GID_2": "CMR.5.3_1", "NAME_1": "Littoral", "NAME_2": "Sanaga Maritime", "superficie_km2": 9312.4, "bati_2015_km2": 13.381, "bati_2025_km2": 17.018, "couverture_ghsl_pct": 100.0, "mesure_disponible": true, "part_batie_2015_pct": 0.144, "part_batie_2025_pct": 0.183, "gain_bati_km2": 3.637, "croissance_pct": 27.2 }, "geometry": { "type": "Polygon", "coordinates": [ [ [ 10.991802, 4.315899 ], [ 10.975409, 4.335873 ], [ 10.978175, 4.358615 ], [ 10.9726, 4.374132 ], [ 10.94965, 4.379628 ], [ 10.942451, 4.388303 ], [ 10.937689, 4.408146 ], [ 10.944027, 4.415881 ], [ 10.927426, 4.434245 ], [ 10.913996, 4.437803 ], [ 10.902829, 4.463703 ], [ 10.894118, 4.469464 ], [ 10.895665, 4.48617 ], [ 10.890779, 4.497055 ], [ 10.902924, 4.500144 ], [ 10.911678, 4.511094 ], [ 10.913711, 4.520953 ], [ 10.91573, 4.563831 ], [ 10.922215, 4.588577 ], [ 10.920257, 4.6064 ], [ 10.890063, 4.607387 ], [ 10.877053, 4.580946 ], [ 10.831185, 4.611769 ], [ 10.794967, 4.611056 ], [ 10.784626, 4.608263 ], [ 10.779888, 4.599316 ], [ 10.783268, 4.586925 ], [ 10.778717, 4.571936 ], [ 10.781076, 4.5524 ], [ 10.776646, 4.545665 ], [ 10.781541, 4.537297 ], [ 10.776607, 4.529457 ], [ 10.786091, 4.510809 ], [ 10.776428, 4.497444 ], [ 10.747837, 4.496808 ], [ 10.737393, 4.492001 ], [ 10.723174, 4.502605 ], [ 10.727809, 4.511152 ], [ 10.725928, 4.522231 ], [ 10.697036, 4.521695 ], [ 10.693643, 4.486063 ], [ 10.685513, 4.484471 ], [ 10.680017, 4.493847 ], [ 10.676477, 4.481069 ], [ 10.66241, 4.470429 ], [ 10.643538, 4.464532 ], [ 10.642169, 4.460469 ], [ 10.652248, 4.459206 ], [ 10.650432, 4.452094 ], [ 10.636995, 4.453218 ], [ 10.614363, 4.428173 ], [ 10.598823, 4.420379 ], [ 10.582478, 4.42702 ], [ 10.57038, 4.425142 ], [ 10.548885, 4.430909 ], [ 10.546538, 4.422472 ], [ 10.534696, 4.422112 ], [ 10.525816, 4.403648 ], [ 10.528018, 4.366444 ], [ 10.471224, 4.366539 ], [ 10.459574, 4.358033 ], [ 10.452124, 4.340903 ], [ 10.447988, 4.356574 ], [ 10.438781, 4.348723 ], [ 10.426532, 4.319564 ], [ 10.419711, 4.286391 ], [ 10.408493, 4.277035 ], [ 10.401386, 4.255852 ], [ 10.358315, 4.196634 ], [ 10.357026, 4.171208 ], [ 10.367334, 4.149732 ], [ 10.327974, 4.115893 ], [ 10.324568, 4.104205 ], [ 10.320711, 4.107305 ], [ 10.316061, 4.104516 ], [ 10.310362, 4.11615 ], [ 10.305499, 4.107821 ], [ 10.290609, 4.113868 ], [ 10.289117, 4.102312 ], [ 10.280225, 4.107424 ], [ 10.276564, 4.089726 ], [ 10.266275, 4.100955 ], [ 10.231962, 4.112896 ], [ 10.224848, 4.106011 ], [ 10.158136, 4.106413 ], [ 10.15564, 4.114114 ], [ 10.142987, 4.125331 ], [ 10.128367, 4.128484 ], [ 10.122061, 4.121736 ], [ 10.107328, 4.1269 ], [ 10.088984, 4.121979 ], [ 10.085461, 4.115471 ], [ 10.06969, 4.108631 ], [ 10.072533, 4.099032 ], [ 10.065227, 4.091943 ], [ 10.069412, 4.081235 ], [ 10.061956, 4.080518 ], [ 10.046889, 4.089817 ], [ 10.033463, 4.082242 ], [ 10.019962, 4.086742 ], [ 10.005624, 4.08274 ], [ 9.992979, 4.092946 ], [ 9.964362, 4.079239 ], [ 9.946922, 4.090643 ], [ 9.92359, 4.083341 ], [ 9.909393, 4.092417 ], [ 9.894365, 4.083471 ], [ 9.879658, 4.083228 ], [ 9.86726, 4.072269 ], [ 9.846073, 4.067374 ], [ 9.821014, 4.047616 ], [ 9.842462, 4.035228 ], [ 9.845434, 4.004591 ], [ 9.859872, 3.997128 ], [ 9.863518, 3.989377 ], [ 9.861629, 3.9601 ], [ 9.851458, 3.947774 ], [ 9.834815, 3.941758 ], [ 9.821473, 3.948681 ], [ 9.805011, 3.949016 ], [ 9.78377, 3.962347 ], [ 9.774499, 3.963164 ], [ 9.758715, 3.942593 ], [ 9.71358, 3.930539 ], [ 9.678086, 3.928894 ], [ 9.678214, 3.907081 ], [ 9.71616, 3.866738 ], [ 9.71589, 3.857803 ], [ 9.698128, 3.853606 ], [ 9.682081, 3.835149 ], [ 9.661251, 3.836162 ], [ 9.658529, 3.846548 ], [ 9.628081, 3.867979 ], [ 9.622065, 3.867614 ], [ 9.61422, 3.864732 ], [ 9.603041, 3.840424 ], [ 9.600803, 3.808112 ], [ 9.595879, 3.806556 ], [ 9.59234, 3.797085 ], [ 9.579188, 3.796426 ], [ 9.560272, 3.812699 ], [ 9.55251, 3.814175 ], [ 9.634968, 3.683049 ], [ 9.656845, 3.632742 ], [ 9.657028, 3.629312 ], [ 9.651123, 3.628514 ], [ 9.650143, 3.62012 ], [ 9.645637, 3.621183 ], [ 9.641062, 3.615491 ], [ 9.638545, 3.619452 ], [ 9.636681, 3.604626 ], [ 9.640589, 3.594627 ], [ 9.637458, 3.581836 ], [ 9.648225, 3.573939 ], [ 9.647785, 3.567883 ], [ 9.635526, 3.555037 ], [ 9.636987, 3.564912 ], [ 9.633614, 3.557695 ], [ 9.631965, 3.563834 ], [ 9.63107, 3.562685 ], [ 9.632863, 3.556213 ], [ 9.640202, 3.550394 ], [ 9.652122, 3.564524 ], [ 9.655746, 3.561209 ], [ 9.659286, 3.564328 ], [ 9.660345, 3.569959 ], [ 9.671316, 3.567782 ], [ 9.670061, 3.563294 ], [ 9.673075, 3.567268 ], [ 9.684931, 3.568052 ], [ 9.688851, 3.562832 ], [ 9.680696, 3.553537 ], [ 9.65536, 3.546001 ], [ 9.650603, 3.539968 ], [ 9.640008, 3.542909 ], [ 9.662114, 3.534553 ], [ 9.684784, 3.519097 ], [ 9.727757, 3.48664 ], [ 9.781024, 3.43707 ], [ 9.878924, 3.325168 ], [ 9.898563, 3.28884 ], [ 9.902986, 3.263091 ], [ 9.907838, 3.260334 ], [ 9.919569, 3.268783 ], [ 9.933595, 3.26595 ], [ 9.963164, 3.276597 ], [ 9.982028, 3.303166 ], [ 10.002879, 3.312007 ], [ 10.03908, 3.337952 ], [ 10.048931, 3.367549 ], [ 10.057661, 3.378819 ], [ 10.053374, 3.398764 ], [ 10.075143, 3.419485 ], [ 10.069253, 3.440036 ], [ 10.071293, 3.471453 ], [ 10.067604, 3.489182 ], [ 10.083748, 3.496515 ], [ 10.102452, 3.549866 ], [ 10.111071, 3.549252 ], [ 10.11119, 3.565163 ], [ 10.117622, 3.580462 ], [ 10.130847, 3.575612 ], [ 10.15019, 3.575487 ], [ 10.154891, 3.567727 ], [ 10.173449, 3.580291 ], [ 10.185395, 3.59528 ], [ 10.204033, 3.59163 ], [ 10.202387, 3.559106 ], [ 10.23514, 3.544361 ], [ 10.229911, 3.531075 ], [ 10.232497, 3.516672 ], [ 10.273191, 3.517607 ], [ 10.284928, 3.525546 ], [ 10.298295, 3.553219 ], [ 10.312834, 3.558334 ], [ 10.31986, 3.565776 ], [ 10.323265, 3.56416 ], [ 10.327597, 3.579459 ], [ 10.324901, 3.586612 ], [ 10.330418, 3.589927 ], [ 10.32762, 3.595772 ], [ 10.34111, 3.637138 ], [ 10.340129, 3.651237 ], [ 10.352454, 3.649305 ], [ 10.352566, 3.657159 ], [ 10.373264, 3.691061 ], [ 10.363994, 3.724003 ], [ 10.3772, 3.772415 ], [ 10.383226, 3.779757 ], [ 10.377213, 3.780874 ], [ 10.376822, 3.786815 ], [ 10.385454, 3.794253 ], [ 10.392969, 3.792328 ], [ 10.397299, 3.804303 ], [ 10.403811, 3.801473 ], [ 10.404424, 3.808621 ], [ 10.414657, 3.813941 ], [ 10.423573, 3.811208 ], [ 10.428995, 3.816233 ], [ 10.439219, 3.815209 ], [ 10.443237, 3.82074 ], [ 10.456272, 3.822833 ], [ 10.462783, 3.819901 ], [ 10.468402, 3.823315 ], [ 10.471199, 3.81737 ], [ 10.468488, 3.814958 ], [ 10.473992, 3.809914 ], [ 10.483817, 3.810199 ], [ 10.488338, 3.816132 ], [ 10.493642, 3.811491 ], [ 10.492525, 3.802834 ], [ 10.503753, 3.803821 ], [ 10.508738, 3.787904 ], [ 10.512265, 3.799275 ], [ 10.521073, 3.792212 ], [ 10.524089, 3.796838 ], [ 10.529884, 3.786356 ], [ 10.536002, 3.788561 ], [ 10.542408, 3.783414 ], [ 10.542198, 3.778179 ], [ 10.548713, 3.777865 ], [ 10.551702, 3.767489 ], [ 10.55892, 3.768282 ], [ 10.58115, 3.756763 ], [ 10.572415, 3.748724 ], [ 10.575209, 3.741269 ], [ 10.583034, 3.745181 ], [ 10.592635, 3.733787 ], [ 10.591521, 3.727748 ], [ 10.597647, 3.734281 ], [ 10.605651, 3.726816 ], [ 10.607286, 3.743425 ], [ 10.615913, 3.748041 ], [ 10.61653, 3.756799 ], [ 10.621449, 3.760817 ], [ 10.619681, 3.780454 ], [ 10.625296, 3.78145 ], [ 10.629218, 3.788289 ], [ 10.645056, 3.789366 ], [ 10.643563, 3.795007 ], [ 10.648073, 3.794898 ], [ 10.650566, 3.788248 ], [ 10.654581, 3.791362 ], [ 10.645976, 3.798829 ], [ 10.644118, 3.823499 ], [ 10.653065, 3.836771 ], [ 10.657968, 3.832232 ], [ 10.666294, 3.836041 ], [ 10.659859, 3.877131 ], [ 10.655851, 3.878247 ], [ 10.656272, 3.888314 ], [ 10.650565, 3.891748 ], [ 10.649987, 3.903831 ], [ 10.641499, 3.92046 ], [ 10.647446, 3.936859 ], [ 10.645, 3.967773 ], [ 10.668092, 3.985043 ], [ 10.691859, 3.989022 ], [ 10.69831, 4.005419 ], [ 10.695316, 4.012473 ], [ 10.702256, 4.023231 ], [ 10.692147, 4.031407 ], [ 10.696085, 4.044889 ], [ 10.689376, 4.048729 ], [ 10.687785, 4.055176 ], [ 10.682771, 4.054583 ], [ 10.692425, 4.068355 ], [ 10.701446, 4.067329 ], [ 10.715657, 4.055218 ], [ 10.72488, 4.054896 ], [ 10.758895, 4.067709 ], [ 10.77939, 4.087497 ], [ 10.834147, 4.095024 ], [ 10.850334, 4.114819 ], [ 10.939889, 4.12598 ], [ 10.981835, 4.142586 ], [ 11.051911, 4.181563 ], [ 11.073381, 4.187445 ], [ 11.077747, 4.20837 ], [ 11.073059, 4.217441 ], [ 11.077399, 4.228199 ], [ 11.067405, 4.240104 ], [ 11.045157, 4.244189 ], [ 11.035971, 4.258407 ], [ 11.040708, 4.267554 ], [ 11.026797, 4.277657 ], [ 11.019879, 4.278078 ], [ 11.013427, 4.302856 ], [ 11.000393, 4.303193 ], [ 10.998816, 4.313666 ], [ 10.991802, 4.315899 ] ], [ [ 9.863748, 3.978022 ], [ 9.86389, 3.977889 ], [ 9.863669, 3.977938 ], [ 9.863748, 3.978022 ] ] ] } },
{ "type": "Feature", "properties": { "GID_1": "CMR.5_1", "GID_2": "CMR.5.4_1", "NAME_1": "Littoral", "NAME_2": "Wouri", "superficie_km2": 872.2, "bati_2015_km2": 74.862, "bati_2025_km2": 81.13, "couverture_ghsl_pct": 100.0, "mesure_disponible": true, "part_batie_2015_pct": 8.583, "part_batie_2025_pct": 9.302, "gain_bati_km2": 6.268, "croissance_pct": 8.4 }, "geometry": { "type": "MultiPolygon", "coordinates": [ [ [ [ 9.863669, 3.977938 ], [ 9.86389, 3.977889 ], [ 9.863748, 3.978022 ], [ 9.863669, 3.977938 ] ] ], [ [ [ 9.842462, 4.035228 ], [ 9.82136, 4.044771 ], [ 9.82176, 4.050357 ], [ 9.846073, 4.067374 ], [ 9.846684, 4.074275 ], [ 9.838817, 4.076852 ], [ 9.837329, 4.105422 ], [ 9.82704, 4.112251 ], [ 9.827575, 4.11655 ], [ 9.848671, 4.127655 ], [ 9.851212, 4.135246 ], [ 9.863207, 4.143465 ], [ 9.862903, 4.15556 ], [ 9.850469, 4.16285 ], [ 9.792666, 4.223142 ], [ 9.765738, 4.225786 ], [ 9.762049, 4.221692 ], [ 9.767632, 4.211895 ], [ 9.76627, 4.196737 ], [ 9.757104, 4.186796 ], [ 9.751685, 4.172064 ], [ 9.754391, 4.150785 ], [ 9.726171, 4.149223 ], [ 9.712581, 4.135646 ], [ 9.711882, 4.128524 ], [ 9.679385, 4.119691 ], [ 9.651525, 4.120752 ], [ 9.641355, 4.135291 ], [ 9.632028, 4.135477 ], [ 9.623042, 4.122057 ], [ 9.605803, 4.119193 ], [ 9.602392, 4.108808 ], [ 9.594927, 4.109506 ], [ 9.592284, 4.095843 ], [ 9.603627, 4.09155 ], [ 9.587152, 4.082575 ], [ 9.585765, 4.066961 ], [ 9.573343, 4.065379 ], [ 9.568822, 4.072214 ], [ 9.570519, 4.078592 ], [ 9.559413, 4.084758 ], [ 9.531027, 4.072706 ], [ 9.513595, 4.076955 ], [ 9.505869, 4.071409 ], [ 9.504906, 4.056761 ], [ 9.496035, 4.050256 ], [ 9.478689, 4.062139 ], [ 9.469725, 4.058506 ], [ 9.458381, 4.060714 ], [ 9.451781, 4.023857 ], [ 9.434525, 4.023866 ], [ 9.413536, 3.996973 ], [ 9.403999, 3.991808 ], [ 9.405419, 3.971126 ], [ 9.394259, 3.957727 ], [ 9.396352, 3.949014 ], [ 9.386052, 3.939253 ], [ 9.381182, 3.920585 ], [ 9.355698, 3.907412 ], [ 9.339235, 3.917252 ], [ 9.335801, 3.915395 ], [ 9.368587, 3.892926 ], [ 9.406522, 3.883082 ], [ 9.433998, 3.887911 ], [ 9.470775, 3.904634 ], [ 9.47494, 3.909123 ], [ 9.462534, 3.919635 ], [ 9.4457, 3.918779 ], [ 9.439801, 3.924501 ], [ 9.440511, 3.929214 ], [ 9.447093, 3.93186 ], [ 9.447928, 3.945433 ], [ 9.453943, 3.949934 ], [ 9.459094, 3.963785 ], [ 9.458046, 3.973009 ], [ 9.446289, 3.987488 ], [ 9.461505, 3.990689 ], [ 9.482914, 3.971999 ], [ 9.494637, 3.971582 ], [ 9.498632, 3.964607 ], [ 9.524737, 3.963295 ], [ 9.532081, 3.972514 ], [ 9.526626, 3.994907 ], [ 9.528019, 4.008114 ], [ 9.512769, 4.018978 ], [ 9.523568, 4.02785 ], [ 9.53753, 4.025256 ], [ 9.54053, 4.019451 ], [ 9.550491, 4.015305 ], [ 9.559053, 4.017593 ], [ 9.580733, 4.004849 ], [ 9.589247, 4.005092 ], [ 9.61034, 4.016076 ], [ 9.630585, 4.007158 ], [ 9.639757, 3.990564 ], [ 9.633298, 3.976402 ], [ 9.63523, 3.962907 ], [ 9.625363, 3.970631 ], [ 9.623016, 3.956128 ], [ 9.626073, 3.94471 ], [ 9.634892, 3.939484 ], [ 9.675826, 3.941546 ], [ 9.678086, 3.928894 ], [ 9.71358, 3.930539 ], [ 9.758715, 3.942593 ], [ 9.771461, 3.961065 ], [ 9.778639, 3.963519 ], [ 9.805011, 3.949016 ], [ 9.821473, 3.948681 ], [ 9.84092, 3.941687 ], [ 9.858934, 3.955047 ], [ 9.864202, 3.984751 ], [ 9.859872, 3.997128 ], [ 9.845434, 4.004591 ], [ 9.842462, 4.035228 ] ] ] ] } },
{ "type": "Feature", "properties": { "GID_1": "CMR.7_1", "GID_2": "CMR.7.1_1", "NAME_1": "Nord", "NAME_2": "Bénoué", "superficie_km2": 13771.5, "bati_2015_km2": 41.769, "bati_2025_km2": 54.395, "couverture_ghsl_pct": 100.0, "mesure_disponible": true, "part_batie_2015_pct": 0.303, "part_batie_2025_pct": 0.395, "gain_bati_km2": 12.626, "croissance_pct": 30.2 }, "geometry": { "type": "Polygon", "coordinates": [ [ [ 13.79744, 8.980974 ], [ 13.818815, 9.003019 ], [ 13.840693, 9.003089 ], [ 13.848, 9.011662 ], [ 13.846201, 9.020456 ], [ 13.854607, 9.042007 ], [ 13.841375, 9.066482 ], [ 13.872642, 9.090718 ], [ 13.880646, 9.079554 ], [ 13.900917, 9.068803 ], [ 13.91657, 9.079159 ], [ 13.905091, 9.110469 ], [ 13.920347, 9.127235 ], [ 13.94003, 9.14062 ], [ 13.946816, 9.156105 ], [ 13.960965, 9.163312 ], [ 13.958528, 9.174998 ], [ 13.962863, 9.206984 ], [ 13.977748, 9.231857 ], [ 13.982005, 9.247711 ], [ 13.993012, 9.248622 ], [ 14.013423, 9.23598 ], [ 14.034065, 9.235408 ], [ 14.068088, 9.243041 ], [ 14.077839, 9.2403 ], [ 14.125145, 9.260913 ], [ 14.146934, 9.252793 ], [ 14.153889, 9.260228 ], [ 14.167298, 9.262899 ], [ 14.229192, 9.261907 ], [ 14.217067, 9.30756 ], [ 14.224014, 9.313862 ], [ 14.232748, 9.314384 ], [ 14.239049, 9.327348 ], [ 14.256904, 9.330781 ], [ 14.269032, 9.342876 ], [ 14.287896, 9.341658 ], [ 14.291288, 9.359352 ], [ 14.279195, 9.35585 ], [ 14.274446, 9.358396 ], [ 14.238, 9.406951 ], [ 14.239017, 9.41965 ], [ 14.211861, 9.445463 ], [ 14.196987, 9.444073 ], [ 14.183166, 9.473826 ], [ 14.16302, 9.490468 ], [ 14.156397, 9.502191 ], [ 14.134997, 9.504214 ], [ 14.110914, 9.517809 ], [ 14.107487, 9.536884 ], [ 14.09973, 9.549881 ], [ 14.083787, 9.556387 ], [ 14.074267, 9.566423 ], [ 14.04666, 9.600764 ], [ 14.043808, 9.614012 ], [ 14.007901, 9.622694 ], [ 13.982442, 9.642431 ], [ 13.960628, 9.627691 ], [ 13.940592, 9.638561 ], [ 13.919583, 9.63562 ], [ 13.911745, 9.639191 ], [ 13.902782, 9.631683 ], [ 13.896163, 9.617135 ], [ 13.880418, 9.60083 ], [ 13.871734, 9.59735 ], [ 13.87117, 9.592602 ], [ 13.832485, 9.589453 ], [ 13.823517, 9.58482 ], [ 13.800607, 9.588481 ], [ 13.777323, 9.57488 ], [ 13.764419, 9.576704 ], [ 13.757066, 9.566494 ], [ 13.742682, 9.576654 ], [ 13.742652, 9.584852 ], [ 13.734945, 9.591872 ], [ 13.701228, 9.579234 ], [ 13.680315, 9.628488 ], [ 13.640877, 9.668936 ], [ 13.650285, 9.708669 ], [ 13.639678, 9.750378 ], [ 13.619472, 9.798807 ], [ 13.613533, 9.797201 ], [ 13.598573, 9.803181 ], [ 13.597936, 9.816697 ], [ 13.608927, 9.82379 ], [ 13.61423, 9.838625 ], [ 13.610973, 9.854719 ], [ 13.616995, 9.871283 ], [ 13.608973, 9.88208 ], [ 13.610353, 9.898912 ], [ 13.590406, 9.916519 ], [ 13.578221, 9.916755 ], [ 13.550729, 9.967433 ], [ 13.527473, 9.977255 ], [ 13.501219, 9.976418 ], [ 13.480279, 9.987109 ], [ 13.422875, 9.977639 ], [ 13.379484, 9.981026 ], [ 13.310798, 10.012459 ], [ 13.289861, 10.032691 ], [ 13.281004, 10.049101 ], [ 13.274463, 10.051491 ], [ 13.25222, 10.042206 ], [ 13.246443, 10.031011 ], [ 13.250035, 10.028887 ], [ 13.247621, 10.000476 ], [ 13.272196, 9.994417 ], [ 13.287774, 9.980195 ], [ 13.285992, 9.957978 ], [ 13.277565, 9.948149 ], [ 13.279877, 9.941511 ], [ 13.271158, 9.939208 ], [ 13.269419, 9.933177 ], [ 13.253988, 9.931968 ], [ 13.236782, 9.919707 ], [ 13.237727, 9.884897 ], [ 13.244735, 9.875525 ], [ 13.242076, 9.864031 ], [ 13.248886, 9.856162 ], [ 13.256022, 9.858269 ], [ 13.264409, 9.851035 ], [ 13.272946, 9.851205 ], [ 13.294847, 9.835821 ], [ 13.299127, 9.827687 ], [ 13.288002, 9.814018 ], [ 13.284144, 9.801702 ], [ 13.25891, 9.777611 ], [ 13.254919, 9.754756 ], [ 13.258204, 9.742979 ], [ 13.247503, 9.709614 ], [ 13.252609, 9.700294 ], [ 13.246839, 9.691607 ], [ 13.233138, 9.688024 ], [ 13.229709, 9.679098 ], [ 13.236688, 9.662071 ], [ 13.228901, 9.652182 ], [ 13.230987, 9.627915 ], [ 13.235837, 9.619033 ], [ 13.224846, 9.605489 ], [ 13.224689, 9.584912 ], [ 13.213855, 9.566313 ], [ 13.207711, 9.557841 ], [ 13.200548, 9.556196 ], [ 13.192313, 9.560287 ], [ 13.171694, 9.544276 ], [ 13.161713, 9.539918 ], [ 13.15626, 9.54299 ], [ 13.125862, 9.528475 ], [ 13.112675, 9.52892 ], [ 13.105469, 9.524805 ], [ 13.092561, 9.526974 ], [ 13.077132, 9.514718 ], [ 13.063469, 9.517685 ], [ 13.046761, 9.506971 ], [ 13.034304, 9.511322 ], [ 13.004919, 9.483371 ], [ 12.986347, 9.475572 ], [ 12.981412, 9.469343 ], [ 12.972324, 9.471128 ], [ 12.967122, 9.451293 ], [ 12.94594, 9.435785 ], [ 12.936789, 9.419313 ], [ 12.871007, 9.391369 ], [ 12.864787, 9.369922 ], [ 12.84804, 9.376191 ], [ 12.843784, 9.372721 ], [ 12.853751, 9.359005 ], [ 12.865715, 9.35879 ], [ 12.86678, 9.352524 ], [ 12.8774, 9.34738 ], [ 12.892438, 9.354989 ], [ 12.908204, 9.348351 ], [ 12.916559, 9.337886 ], [ 12.916951, 9.328647 ], [ 12.912004, 9.320605 ], [ 12.916028, 9.314257 ], [ 12.914378, 9.300068 ], [ 12.908589, 9.292112 ], [ 12.908691, 9.284651 ], [ 12.916018, 9.276829 ], [ 12.909592, 9.259513 ], [ 12.919813, 9.247385 ], [ 12.914539, 9.158739 ], [ 12.927646, 9.152468 ], [ 12.926517, 9.14213 ], [ 12.931757, 9.134928 ], [ 12.927827, 9.121031 ], [ 12.938148, 9.113503 ], [ 12.952322, 9.075798 ], [ 12.941006, 9.055071 ], [ 12.942286, 9.038666 ], [ 12.936064, 9.036417 ], [ 12.943675, 9.029522 ], [ 12.942998, 9.018006 ], [ 12.936093, 9.005126 ], [ 12.926773, 8.999317 ], [ 12.922464, 8.976504 ], [ 12.886813, 8.929072 ], [ 12.878609, 8.910577 ], [ 12.880435, 8.876891 ], [ 12.874407, 8.841288 ], [ 12.885193, 8.823341 ], [ 12.876151, 8.798288 ], [ 12.878821, 8.772327 ], [ 12.874308, 8.757247 ], [ 12.880024, 8.743258 ], [ 12.892044, 8.724226 ], [ 12.901147, 8.741102 ], [ 12.947141, 8.794416 ], [ 13.032774, 8.785722 ], [ 13.035478, 8.779537 ], [ 13.038425, 8.783242 ], [ 13.040368, 8.780743 ], [ 13.04085, 8.773808 ], [ 13.047982, 8.771778 ], [ 13.055131, 8.752376 ], [ 13.062406, 8.751527 ], [ 13.068971, 8.744475 ], [ 13.091091, 8.712556 ], [ 13.095389, 8.713463 ], [ 13.102702, 8.704938 ], [ 13.127201, 8.703922 ], [ 13.144958, 8.713161 ], [ 13.151085, 8.704334 ], [ 13.163255, 8.703361 ], [ 13.171506, 8.684505 ], [ 13.190216, 8.680903 ], [ 13.208587, 8.648749 ], [ 13.242182, 8.633847 ], [ 13.272406, 8.609479 ], [ 13.478398, 8.625999 ], [ 13.48356, 8.482403 ], [ 13.439011, 8.421125 ], [ 13.395565, 8.420652 ], [ 13.399487, 8.358582 ], [ 13.420074, 8.354071 ], [ 13.442716, 8.366452 ], [ 13.461226, 8.36727 ], [ 13.475163, 8.373904 ], [ 13.478383, 8.379627 ], [ 13.492848, 8.378939 ], [ 13.495819, 8.384661 ], [ 13.504903, 8.382833 ], [ 13.537356, 8.406546 ], [ 13.551334, 8.403121 ], [ 13.580985, 8.427367 ], [ 13.586808, 8.437819 ], [ 13.58473, 8.460484 ], [ 13.592029, 8.476776 ], [ 13.60135, 8.485749 ], [ 13.608551, 8.483598 ], [ 13.618384, 8.489819 ], [ 13.6243, 8.553229 ], [ 13.629384, 8.569886 ], [ 13.641962, 8.58856 ], [ 13.642217, 8.597242 ], [ 13.653289, 8.607592 ], [ 13.663144, 8.608977 ], [ 13.661887, 8.620848 ], [ 13.66945, 8.624002 ], [ 13.673947, 8.645584 ], [ 13.687715, 8.652173 ], [ 13.691116, 8.660433 ], [ 13.676023, 8.685219 ], [ 13.676991, 8.694608 ], [ 13.669973, 8.698708 ], [ 13.659247, 8.720528 ], [ 13.66335, 8.744243 ], [ 13.673984, 8.756188 ], [ 13.683121, 8.751972 ], [ 13.690032, 8.755407 ], [ 13.687362, 8.760483 ], [ 13.695504, 8.763344 ], [ 13.696563, 8.775126 ], [ 13.705312, 8.780428 ], [ 13.709202, 8.778317 ], [ 13.714077, 8.788594 ], [ 13.714942, 8.781838 ], [ 13.724521, 8.781163 ], [ 13.72618, 8.787863 ], [ 13.737175, 8.78951 ], [ 13.734044, 8.796773 ], [ 13.747649, 8.792055 ], [ 13.750795, 8.816188 ], [ 13.771409, 8.812484 ], [ 13.779601, 8.819802 ], [ 13.792496, 8.81909 ], [ 13.784895, 8.82422 ], [ 13.788659, 8.832908 ], [ 13.807467, 8.840762 ], [ 13.804289, 8.846536 ], [ 13.823695, 8.865456 ], [ 13.814829, 8.87062 ], [ 13.814928, 8.879169 ], [ 13.828808, 8.887385 ], [ 13.830174, 8.895059 ], [ 13.841391, 8.906409 ], [ 13.833181, 8.903744 ], [ 13.834043, 8.911038 ], [ 13.829115, 8.910269 ], [ 13.831619, 8.91782 ], [ 13.839441, 8.922999 ], [ 13.829708, 8.922339 ], [ 13.831976, 8.936956 ], [ 13.813996, 8.944694 ], [ 13.799158, 8.958476 ], [ 13.782074, 8.962694 ], [ 13.793805, 8.971282 ], [ 13.79744, 8.980974 ] ] ] } },
{ "type": "Feature", "properties": { "GID_1": "CMR.7_1", "GID_2": "CMR.7.2_1", "NAME_1": "Nord", "NAME_2": "Faro", "superficie_km2": 11804.1, "bati_2015_km2": 3.389, "bati_2025_km2": 5.173, "couverture_ghsl_pct": 100.0, "mesure_disponible": true, "part_batie_2015_pct": 0.029, "part_batie_2025_pct": 0.044, "gain_bati_km2": 1.784, "croissance_pct": 52.6 }, "geometry": { "type": "Polygon", "coordinates": [ [ [ 12.479095, 7.935363 ], [ 12.487242, 7.924018 ], [ 12.500504, 7.928303 ], [ 12.626757, 7.931521 ], [ 12.629478, 7.903025 ], [ 12.635924, 7.88405 ], [ 12.648899, 7.877536 ], [ 12.652927, 7.867086 ], [ 12.650526, 7.855451 ], [ 12.631294, 7.825425 ], [ 12.64328, 7.782326 ], [ 12.634279, 7.771798 ], [ 12.635262, 7.752393 ], [ 12.652257, 7.745846 ], [ 12.668621, 7.732903 ], [ 12.697115, 7.727211 ], [ 12.704331, 7.719983 ], [ 12.731251, 7.731499 ], [ 12.738875, 7.716433 ], [ 12.740129, 7.6955 ], [ 12.768777, 7.686173 ], [ 12.77769, 7.68705 ], [ 12.782786, 7.678598 ], [ 12.789765, 7.677295 ], [ 12.799829, 7.667462 ], [ 12.841054, 7.662415 ], [ 12.871526, 7.664912 ], [ 12.875678, 7.668886 ], [ 12.878399, 7.662652 ], [ 12.890841, 7.662158 ], [ 12.895114, 7.658203 ], [ 12.903151, 7.660409 ], [ 12.976998, 7.648783 ], [ 13.016868, 7.629023 ], [ 13.036689, 7.629697 ], [ 13.08085, 7.602924 ], [ 13.08958, 7.605039 ], [ 13.122622, 7.597468 ], [ 13.12707, 7.602201 ], [ 13.13748, 7.599905 ], [ 13.140588, 7.594623 ], [ 13.147243, 7.600002 ], [ 13.15525, 7.596679 ], [ 13.183172, 7.604336 ], [ 13.210366, 7.605886 ], [ 13.22449, 7.60193 ], [ 13.221279, 7.606258 ], [ 13.228236, 7.613064 ], [ 13.245875, 7.60659 ], [ 13.260502, 7.624492 ], [ 13.254071, 7.632193 ], [ 13.252614, 7.649298 ], [ 13.251938, 7.667923 ], [ 13.259341, 7.681026 ], [ 13.257615, 7.690208 ], [ 13.275522, 7.700723 ], [ 13.283844, 7.700258 ], [ 13.286587, 7.715984 ], [ 13.293762, 7.725077 ], [ 13.287899, 7.732201 ], [ 13.289311, 7.739347 ], [ 13.29548, 7.743486 ], [ 13.283922, 7.755346 ], [ 13.298296, 7.775727 ], [ 13.305222, 7.778998 ], [ 13.306158, 7.786245 ], [ 13.300559, 7.791075 ], [ 13.301925, 7.8029 ], [ 13.294424, 7.818347 ], [ 13.300601, 7.823249 ], [ 13.309674, 7.821151 ], [ 13.329042, 7.842529 ], [ 13.329309, 7.849782 ], [ 13.34087, 7.856727 ], [ 13.340382, 7.874202 ], [ 13.327915, 7.890656 ], [ 13.325822, 7.90118 ], [ 13.339256, 7.913069 ], [ 13.341181, 7.923168 ], [ 13.355926, 7.932084 ], [ 13.351945, 7.945108 ], [ 13.335478, 7.954541 ], [ 13.327539, 7.973622 ], [ 13.270465, 7.966939 ], [ 13.239706, 7.972891 ], [ 13.225775, 7.970129 ], [ 13.187566, 7.979229 ], [ 13.180608, 7.97611 ], [ 13.175447, 7.982748 ], [ 13.160825, 7.982973 ], [ 13.15912, 7.996189 ], [ 13.153084, 8.003304 ], [ 13.118562, 8.014248 ], [ 13.104431, 8.027329 ], [ 13.074111, 8.029698 ], [ 13.045426, 8.05263 ], [ 13.046708, 8.068079 ], [ 13.052241, 8.075373 ], [ 13.045286, 8.091747 ], [ 13.020194, 8.113535 ], [ 13.015037, 8.138054 ], [ 13.005942, 8.147854 ], [ 13.009138, 8.167461 ], [ 13.018756, 8.181407 ], [ 13.02401, 8.172717 ], [ 13.030698, 8.171784 ], [ 13.028075, 8.153073 ], [ 13.053264, 8.141184 ], [ 13.066712, 8.121021 ], [ 13.072015, 8.123032 ], [ 13.088422, 8.10533 ], [ 13.109116, 8.096927 ], [ 13.129427, 8.100533 ], [ 13.143797, 8.098816 ], [ 13.148216, 8.093034 ], [ 13.15852, 8.096033 ], [ 13.166106, 8.09001 ], [ 13.203897, 8.094707 ], [ 13.211537, 8.103954 ], [ 13.223376, 8.106501 ], [ 13.237267, 8.153772 ], [ 13.252628, 8.149105 ], [ 13.271613, 8.153514 ], [ 13.280822, 8.165856 ], [ 13.298036, 8.166693 ], [ 13.322562, 8.1803 ], [ 13.337809, 8.199808 ], [ 13.333229, 8.271614 ], [ 13.347215, 8.271065 ], [ 13.362732, 8.278873 ], [ 13.375173, 8.296195 ], [ 13.379282, 8.318502 ], [ 13.387438, 8.334827 ], [ 13.396818, 8.340384 ], [ 13.393935, 8.34607 ], [ 13.401737, 8.356977 ], [ 13.395565, 8.420652 ], [ 13.439011, 8.421125 ], [ 13.48356, 8.482403 ], [ 13.478398, 8.625999 ], [ 13.272406, 8.609479 ], [ 13.242182, 8.633847 ], [ 13.208587, 8.648749 ], [ 13.190216, 8.680903 ], [ 13.171506, 8.684505 ], [ 13.163255, 8.703361 ], [ 13.151085, 8.704334 ], [ 13.144958, 8.713161 ], [ 13.127201, 8.703922 ], [ 13.102702, 8.704938 ], [ 13.095389, 8.713463 ], [ 13.091091, 8.712556 ], [ 13.068971, 8.744475 ], [ 13.062406, 8.751527 ], [ 13.055131, 8.752376 ], [ 13.047982, 8.771778 ], [ 13.04085, 8.773808 ], [ 13.040368, 8.780743 ], [ 13.038425, 8.783242 ], [ 13.035478, 8.779537 ], [ 13.032774, 8.785722 ], [ 12.947141, 8.794416 ], [ 12.890553, 8.725399 ], [ 12.874308, 8.757247 ], [ 12.878821, 8.772327 ], [ 12.876151, 8.798288 ], [ 12.885193, 8.823341 ], [ 12.874407, 8.841288 ], [ 12.880435, 8.876891 ], [ 12.878609, 8.910577 ], [ 12.886813, 8.929072 ], [ 12.922464, 8.976504 ], [ 12.926773, 8.999317 ], [ 12.936093, 9.005126 ], [ 12.942998, 9.018006 ], [ 12.943675, 9.029522 ], [ 12.936064, 9.036417 ], [ 12.942286, 9.038666 ], [ 12.941006, 9.055071 ], [ 12.952332, 9.074027 ], [ 12.938148, 9.113503 ], [ 12.927827, 9.121031 ], [ 12.931757, 9.134928 ], [ 12.926517, 9.14213 ], [ 12.927646, 9.152468 ], [ 12.914539, 9.158739 ], [ 12.919813, 9.247385 ], [ 12.915771, 9.252675 ], [ 12.906377, 9.224573 ], [ 12.89793, 9.218143 ], [ 12.895931, 9.195601 ], [ 12.886028, 9.18033 ], [ 12.889225, 9.167204 ], [ 12.884569, 9.16333 ], [ 12.882692, 9.14985 ], [ 12.894035, 9.134616 ], [ 12.89085, 9.126629 ], [ 12.897857, 9.114781 ], [ 12.890252, 9.110437 ], [ 12.88764, 9.087735 ], [ 12.838542, 9.007331 ], [ 12.82628, 8.972586 ], [ 12.827931, 8.955334 ], [ 12.82091, 8.935739 ], [ 12.803987, 8.916488 ], [ 12.806495, 8.902427 ], [ 12.812806, 8.905477 ], [ 12.818769, 8.899023 ], [ 12.807533, 8.886294 ], [ 12.807467, 8.874791 ], [ 12.81582, 8.862853 ], [ 12.804515, 8.861783 ], [ 12.800861, 8.853324 ], [ 12.80938, 8.836098 ], [ 12.819844, 8.831069 ], [ 12.810176, 8.815143 ], [ 12.809618, 8.795653 ], [ 12.797952, 8.78775 ], [ 12.792346, 8.756647 ], [ 12.78583, 8.743083 ], [ 12.765479, 8.747182 ], [ 12.758804, 8.760401 ], [ 12.737697, 8.755922 ], [ 12.720303, 8.760773 ], [ 12.714958, 8.754179 ], [ 12.713835, 8.739709 ], [ 12.709403, 8.738075 ], [ 12.711262, 8.731256 ], [ 12.705837, 8.715823 ], [ 12.710567, 8.70159 ], [ 12.698544, 8.675872 ], [ 12.701419, 8.667921 ], [ 12.696095, 8.669027 ], [ 12.686839, 8.653236 ], [ 12.673355, 8.646727 ], [ 12.660731, 8.653413 ], [ 12.636085, 8.645963 ], [ 12.632312, 8.635963 ], [ 12.615338, 8.639071 ], [ 12.605762, 8.632115 ], [ 12.606889, 8.623954 ], [ 12.575333, 8.613981 ], [ 12.559916, 8.626136 ], [ 12.550527, 8.621724 ], [ 12.537685, 8.630867 ], [ 12.524905, 8.630517 ], [ 12.507076, 8.640979 ], [ 12.485802, 8.643451 ], [ 12.464281, 8.622154 ], [ 12.432199, 8.621338 ], [ 12.445724, 8.60089 ], [ 12.446306, 8.564074 ], [ 12.45374, 8.558766 ], [ 12.465737, 8.524367 ], [ 12.436906, 8.511243 ], [ 12.421288, 8.494677 ], [ 12.424415, 8.4886 ], [ 12.403153, 8.4904 ], [ 12.394713, 8.485658 ], [ 12.394652, 8.474692 ], [ 12.381826, 8.482171 ], [ 12.376532, 8.479591 ], [ 12.337159, 8.446055 ], [ 12.334774, 8.440817 ], [ 12.33913, 8.432209 ], [ 12.335585, 8.4305 ], [ 12.313432, 8.425797 ], [ 12.302828, 8.442593 ], [ 12.283645, 8.445807 ], [ 12.268851, 8.446306 ], [ 12.260376, 8.437411 ], [ 12.26044, 8.418751 ], [ 12.253504, 8.411004 ], [ 12.247361, 8.385927 ], [ 12.253192, 8.378873 ], [ 12.259836, 8.380258 ], [ 12.26468, 8.370116 ], [ 12.259423, 8.36245 ], [ 12.2515, 8.361323 ], [ 12.251745, 8.3551 ], [ 12.238751, 8.339078 ], [ 12.25728, 8.225474 ], [ 12.256371, 8.175818 ], [ 12.277897, 8.175567 ], [ 12.291426, 8.187595 ], [ 12.288486, 8.168504 ], [ 12.27607, 8.151496 ], [ 12.285949, 8.116147 ], [ 12.298107, 8.101616 ], [ 12.324452, 8.086301 ], [ 12.327128, 8.073472 ], [ 12.349214, 8.053699 ], [ 12.360787, 8.050163 ], [ 12.381076, 8.03375 ], [ 12.386933, 8.034753 ], [ 12.402439, 8.020002 ], [ 12.417628, 7.990346 ], [ 12.42774, 7.984337 ], [ 12.429096, 7.974483 ], [ 12.479095, 7.935363 ] ] ] } },
{ "type": "Feature", "properties": { "GID_1": "CMR.7_1", "GID_2": "CMR.7.3_1", "NAME_1": "Nord", "NAME_2": "Mayo Louti", "superficie_km2": 4159.0, "bati_2015_km2": 18.49, "bati_2025_km2": 27.271, "couverture_ghsl_pct": 100.0, "mesure_disponible": true, "part_batie_2015_pct": 0.445, "part_batie_2025_pct": 0.656, "gain_bati_km2": 8.781, "croissance_pct": 47.5 }, "geometry": { "type": "Polygon", "coordinates": [ [ [ 14.229753, 10.075223 ], [ 14.221135, 10.090192 ], [ 14.209111, 10.09639 ], [ 14.110027, 10.128651 ], [ 14.103467, 10.115497 ], [ 14.076165, 10.111342 ], [ 14.059918, 10.14316 ], [ 14.059506, 10.153657 ], [ 14.05088, 10.162183 ], [ 14.051829, 10.172573 ], [ 14.02281, 10.170817 ], [ 14.013521, 10.173917 ], [ 14.003847, 10.186394 ], [ 14.01404, 10.19582 ], [ 14.011929, 10.201671 ], [ 13.979979, 10.217192 ], [ 13.979179, 10.225184 ], [ 13.973861, 10.229939 ], [ 13.916804, 10.228131 ], [ 13.88222, 10.24099 ], [ 13.868142, 10.243631 ], [ 13.842347, 10.240177 ], [ 13.831262, 10.246865 ], [ 13.800956, 10.253052 ], [ 13.783314, 10.24568 ], [ 13.757083, 10.250072 ], [ 13.7391, 10.245756 ], [ 13.714341, 10.258616 ], [ 13.693377, 10.261115 ], [ 13.676233, 10.25497 ], [ 13.672605, 10.237464 ], [ 13.655858, 10.221777 ], [ 13.64778, 10.181957 ], [ 13.656664, 10.168251 ], [ 13.695256, 10.147264 ], [ 13.691693, 10.14081 ], [ 13.674723, 10.140262 ], [ 13.636472, 10.126651 ], [ 13.615883, 10.133484 ], [ 13.610671, 10.1276 ], [ 13.588671, 10.124335 ], [ 13.568996, 10.09984 ], [ 13.564304, 10.086269 ], [ 13.558687, 10.0849 ], [ 13.554415, 10.086226 ], [ 13.554935, 10.099779 ], [ 13.551144, 10.102165 ], [ 13.539433, 10.097116 ], [ 13.515837, 10.099574 ], [ 13.479836, 10.087276 ], [ 13.44612, 10.086874 ], [ 13.438445, 10.082109 ], [ 13.42876, 10.085658 ], [ 13.424168, 10.108645 ], [ 13.403122, 10.125546 ], [ 13.368962, 10.120569 ], [ 13.357241, 10.112761 ], [ 13.346519, 10.113567 ], [ 13.342946, 10.122792 ], [ 13.31697, 10.101015 ], [ 13.294436, 10.088724 ], [ 13.287746, 10.062986 ], [ 13.274989, 10.051298 ], [ 13.281004, 10.049101 ], [ 13.289861, 10.032691 ], [ 13.313917, 10.010318 ], [ 13.376578, 9.981874 ], [ 13.42012, 9.977482 ], [ 13.480279, 9.987109 ], [ 13.501219, 9.976418 ], [ 13.527473, 9.977255 ], [ 13.550729, 9.967433 ], [ 13.578221, 9.916755 ], [ 13.590406, 9.916519 ], [ 13.610353, 9.898912 ], [ 13.608973, 9.88208 ], [ 13.616995, 9.871283 ], [ 13.610973, 9.854719 ], [ 13.61423, 9.838625 ], [ 13.608927, 9.82379 ], [ 13.597936, 9.816697 ], [ 13.597832, 9.80706 ], [ 13.603371, 9.800036 ], [ 13.619472, 9.798807 ], [ 13.641881, 9.74334 ], [ 13.650285, 9.708669 ], [ 13.640877, 9.668936 ], [ 13.680315, 9.628488 ], [ 13.701228, 9.579234 ], [ 13.734945, 9.591872 ], [ 13.742652, 9.584852 ], [ 13.742682, 9.576654 ], [ 13.755762, 9.566346 ], [ 13.764419, 9.576704 ], [ 13.777323, 9.57488 ], [ 13.800607, 9.588481 ], [ 13.823517, 9.58482 ], [ 13.832485, 9.589453 ], [ 13.87117, 9.592602 ], [ 13.871734, 9.59735 ], [ 13.880418, 9.60083 ], [ 13.896163, 9.617135 ], [ 13.902782, 9.631683 ], [ 13.911745, 9.639191 ], [ 13.919583, 9.63562 ], [ 13.940592, 9.638561 ], [ 13.960628, 9.627691 ], [ 13.982442, 9.642431 ], [ 14.026253, 9.731582 ], [ 14.135066, 9.823863 ], [ 14.173274, 9.901176 ], [ 14.208221, 10.001635 ], [ 14.209771, 10.053663 ], [ 14.229753, 10.075223 ] ] ] } },
{ "type": "Feature", "properties": { "GID_1": "CMR.7_1", "GID_2": "CMR.7.4_1", "NAME_1": "Nord", "NAME_2": "Mayo Rey", "superficie_km2": 36601.5, "bati_2015_km2": 17.721, "bati_2025_km2": 24.253, "couverture_ghsl_pct": 100.0, "mesure_disponible": true, "part_batie_2015_pct": 0.048, "part_batie_2025_pct": 0.066, "gain_bati_km2": 6.532, "croissance_pct": 36.9 }, "geometry": { "type": "Polygon", "coordinates": [ [ [ 15.220699, 7.230598 ], [ 15.22271, 7.244401 ], [ 15.232526, 7.246674 ], [ 15.237644, 7.252746 ], [ 15.24512, 7.273379 ], [ 15.26123, 7.279099 ], [ 15.293948, 7.313452 ], [ 15.379653, 7.375576 ], [ 15.392184, 7.395237 ], [ 15.404701, 7.398193 ], [ 15.426223, 7.416947 ], [ 15.426094, 7.427094 ], [ 15.437719, 7.436055 ], [ 15.440724, 7.449432 ], [ 15.457102, 7.455775 ], [ 15.463618, 7.471505 ], [ 15.462382, 7.479927 ], [ 15.475113, 7.485435 ], [ 15.478652, 7.496681 ], [ 15.492841, 7.506812 ], [ 15.490985, 7.517028 ], [ 15.496735, 7.525787 ], [ 15.512718, 7.531981 ], [ 15.517644, 7.544813 ], [ 15.524147, 7.545909 ], [ 15.542015, 7.565144 ], [ 15.553088, 7.570375 ], [ 15.569024, 7.590647 ], [ 15.56476, 7.609701 ], [ 15.579032, 7.625971 ], [ 15.58327, 7.639838 ], [ 15.582179, 7.650951 ], [ 15.576859, 7.655652 ], [ 15.588219, 7.666679 ], [ 15.593575, 7.687585 ], [ 15.589659, 7.707191 ], [ 15.592651, 7.720162 ], [ 15.588578, 7.726311 ], [ 15.590947, 7.738179 ], [ 15.586594, 7.742464 ], [ 15.592426, 7.757226 ], [ 15.588642, 7.772484 ], [ 15.504727, 7.793643 ], [ 15.452364, 7.881149 ], [ 15.395676, 8.044395 ], [ 15.396739, 8.091275 ], [ 15.200231, 8.509018 ], [ 15.177764, 8.525024 ], [ 15.155976, 8.567975 ], [ 15.151495, 8.60216 ], [ 15.11097, 8.637051 ], [ 15.10603, 8.657797 ], [ 15.066554, 8.673258 ], [ 15.059052, 8.679808 ], [ 15.036851, 8.675732 ], [ 15.023561, 8.685061 ], [ 15.005385, 8.68978 ], [ 14.981993, 8.689545 ], [ 14.991176, 8.7157 ], [ 14.987404, 8.732252 ], [ 14.974404, 8.742303 ], [ 14.958575, 8.746255 ], [ 14.946896, 8.757724 ], [ 14.921919, 8.755439 ], [ 14.912906, 8.766919 ], [ 14.925709, 8.778561 ], [ 14.907761, 8.795701 ], [ 14.901445, 8.813485 ], [ 14.882258, 8.823232 ], [ 14.878992, 8.819455 ], [ 14.872983, 8.824801 ], [ 14.864552, 8.817353 ], [ 14.85791, 8.821754 ], [ 14.854116, 8.819656 ], [ 14.853698, 8.813155 ], [ 14.836006, 8.815204 ], [ 14.586083, 9.002035 ], [ 14.497076, 9.053719 ], [ 14.488447, 9.076093 ], [ 14.471211, 9.102626 ], [ 14.467812, 9.116867 ], [ 14.433702, 9.129535 ], [ 14.403778, 9.151042 ], [ 14.389365, 9.170554 ], [ 14.373326, 9.181977 ], [ 14.364164, 9.18292 ], [ 14.358102, 9.202474 ], [ 14.348531, 9.206849 ], [ 14.350842, 9.217474 ], [ 14.357666, 9.22116 ], [ 14.356929, 9.229304 ], [ 14.381392, 9.256978 ], [ 14.384579, 9.273594 ], [ 14.380206, 9.292113 ], [ 14.347547, 9.304832 ], [ 14.311408, 9.368731 ], [ 14.291471, 9.36005 ], [ 14.287896, 9.341658 ], [ 14.269032, 9.342876 ], [ 14.256904, 9.330781 ], [ 14.239049, 9.327348 ], [ 14.232748, 9.314384 ], [ 14.21858, 9.309827 ], [ 14.217717, 9.299515 ], [ 14.229192, 9.261907 ], [ 14.167298, 9.262899 ], [ 14.153889, 9.260228 ], [ 14.146934, 9.252793 ], [ 14.125145, 9.260913 ], [ 14.077839, 9.2403 ], [ 14.068088, 9.243041 ], [ 14.034065, 9.235408 ], [ 14.013423, 9.23598 ], [ 13.993012, 9.248622 ], [ 13.982005, 9.247711 ], [ 13.977748, 9.231857 ], [ 13.962863, 9.206984 ], [ 13.958528, 9.174998 ], [ 13.960965, 9.163312 ], [ 13.946816, 9.156105 ], [ 13.94003, 9.14062 ], [ 13.920347, 9.127235 ], [ 13.905091, 9.110469 ], [ 13.91657, 9.079159 ], [ 13.900917, 9.068803 ], [ 13.880646, 9.079554 ], [ 13.872642, 9.090718 ], [ 13.841375, 9.066482 ], [ 13.854607, 9.042007 ], [ 13.846201, 9.020456 ], [ 13.848, 9.011662 ], [ 13.840693, 9.003089 ], [ 13.815207, 9.000519 ], [ 13.794416, 8.977695 ], [ 13.793805, 8.971282 ], [ 13.782074, 8.962694 ], [ 13.799158, 8.958476 ], [ 13.813996, 8.944694 ], [ 13.831976, 8.936956 ], [ 13.829708, 8.922339 ], [ 13.839441, 8.922999 ], [ 13.831619, 8.91782 ], [ 13.829115, 8.910269 ], [ 13.834043, 8.911038 ], [ 13.833181, 8.903744 ], [ 13.841391, 8.906409 ], [ 13.830174, 8.895059 ], [ 13.828808, 8.887385 ], [ 13.814928, 8.879169 ], [ 13.814829, 8.87062 ], [ 13.823695, 8.865456 ], [ 13.804289, 8.846536 ], [ 13.806208, 8.83925 ], [ 13.788659, 8.832908 ], [ 13.784895, 8.82422 ], [ 13.792496, 8.81909 ], [ 13.779601, 8.819802 ], [ 13.771409, 8.812484 ], [ 13.750795, 8.816188 ], [ 13.747649, 8.792055 ], [ 13.734044, 8.796773 ], [ 13.737175, 8.78951 ], [ 13.72618, 8.787863 ], [ 13.724521, 8.781163 ], [ 13.714942, 8.781838 ], [ 13.713625, 8.788336 ], [ 13.709202, 8.778317 ], [ 13.705312, 8.780428 ], [ 13.696563, 8.775126 ], [ 13.695504, 8.763344 ], [ 13.687362, 8.760483 ], [ 13.690032, 8.755407 ], [ 13.683121, 8.751972 ], [ 13.673984, 8.756188 ], [ 13.662031, 8.741727 ], [ 13.659247, 8.720528 ], [ 13.669973, 8.698708 ], [ 13.676991, 8.694608 ], [ 13.676023, 8.685219 ], [ 13.691116, 8.660433 ], [ 13.687715, 8.652173 ], [ 13.673947, 8.645584 ], [ 13.66945, 8.624002 ], [ 13.661887, 8.620848 ], [ 13.663144, 8.608977 ], [ 13.653289, 8.607592 ], [ 13.642217, 8.597242 ], [ 13.641962, 8.58856 ], [ 13.629384, 8.569886 ], [ 13.6243, 8.553229 ], [ 13.618384, 8.489819 ], [ 13.608551, 8.483598 ], [ 13.60135, 8.485749 ], [ 13.592029, 8.476776 ], [ 13.58473, 8.460484 ], [ 13.586808, 8.437819 ], [ 13.580985, 8.427367 ], [ 13.551334, 8.403121 ], [ 13.537356, 8.406546 ], [ 13.504903, 8.382833 ], [ 13.495819, 8.384661 ], [ 13.492848, 8.378939 ], [ 13.478383, 8.379627 ], [ 13.475163, 8.373904 ], [ 13.461226, 8.36727 ], [ 13.442716, 8.366452 ], [ 13.420074, 8.354071 ], [ 13.401737, 8.356977 ], [ 13.393935, 8.34607 ], [ 13.396289, 8.33878 ], [ 13.387438, 8.334827 ], [ 13.379282, 8.318502 ], [ 13.375173, 8.296195 ], [ 13.362732, 8.278873 ], [ 13.347215, 8.271065 ], [ 13.333229, 8.271614 ], [ 13.337809, 8.199808 ], [ 13.322562, 8.1803 ], [ 13.298036, 8.166693 ], [ 13.280822, 8.165856 ], [ 13.271613, 8.153514 ], [ 13.252628, 8.149105 ], [ 13.237267, 8.153772 ], [ 13.223376, 8.106501 ], [ 13.211537, 8.103954 ], [ 13.203897, 8.094707 ], [ 13.166106, 8.09001 ], [ 13.15852, 8.096033 ], [ 13.148216, 8.093034 ], [ 13.143797, 8.098816 ], [ 13.129427, 8.100533 ], [ 13.109116, 8.096927 ], [ 13.088422, 8.10533 ], [ 13.072015, 8.123032 ], [ 13.066712, 8.121021 ], [ 13.053264, 8.141184 ], [ 13.028075, 8.153073 ], [ 13.030698, 8.171784 ], [ 13.02401, 8.172717 ], [ 13.018756, 8.181407 ], [ 13.009138, 8.167461 ], [ 13.005942, 8.147854 ], [ 13.015037, 8.138054 ], [ 13.020194, 8.113535 ], [ 13.045286, 8.091747 ], [ 13.052241, 8.075373 ], [ 13.046708, 8.068079 ], [ 13.044933, 8.054461 ], [ 13.050499, 8.04696 ], [ 13.079644, 8.026829 ], [ 13.104431, 8.027329 ], [ 13.118562, 8.014248 ], [ 13.153084, 8.003304 ], [ 13.15912, 7.996189 ], [ 13.160825, 7.982973 ], [ 13.175447, 7.982748 ], [ 13.180608, 7.97611 ], [ 13.187566, 7.979229 ], [ 13.225775, 7.970129 ], [ 13.239706, 7.972891 ], [ 13.270465, 7.966939 ], [ 13.329657, 7.97465 ], [ 13.354734, 7.964363 ], [ 13.365136, 7.969981 ], [ 13.409005, 7.962166 ], [ 13.425757, 7.943851 ], [ 13.42136, 7.917647 ], [ 13.440799, 7.90904 ], [ 13.45804, 7.909906 ], [ 13.506917, 7.923506 ], [ 13.57297, 7.906274 ], [ 13.588793, 7.926142 ], [ 13.597549, 7.921655 ], [ 13.620863, 7.926455 ], [ 13.632793, 7.923364 ], [ 13.645507, 7.930379 ], [ 13.664938, 7.930448 ], [ 13.683712, 7.940161 ], [ 13.687056, 7.948043 ], [ 13.699512, 7.957635 ], [ 13.699186, 7.954204 ], [ 13.714105, 7.944683 ], [ 13.71056, 7.93604 ], [ 13.715934, 7.928918 ], [ 13.724451, 7.928822 ], [ 13.744262, 7.912089 ], [ 13.740916, 7.904112 ], [ 13.7447, 7.883555 ], [ 13.734192, 7.859915 ], [ 13.738647, 7.847747 ], [ 13.764399, 7.815207 ], [ 13.76763, 7.804865 ], [ 13.764981, 7.79917 ], [ 13.77517, 7.786556 ], [ 13.773364, 7.779135 ], [ 13.781994, 7.772454 ], [ 13.786901, 7.758087 ], [ 13.792929, 7.75821 ], [ 13.804565, 7.74682 ], [ 13.825507, 7.746297 ], [ 13.830565, 7.73689 ], [ 13.840178, 7.732869 ], [ 13.840682, 7.726663 ], [ 13.860689, 7.711553 ], [ 13.883561, 7.704518 ], [ 13.880718, 7.698445 ], [ 13.885555, 7.694956 ], [ 13.873081, 7.674588 ], [ 13.884072, 7.665686 ], [ 13.891754, 7.651767 ], [ 13.887917, 7.642271 ], [ 13.872741, 7.627847 ], [ 13.874242, 7.616859 ], [ 13.88245, 7.615622 ], [ 13.889409, 7.605336 ], [ 13.914268, 7.588646 ], [ 13.930847, 7.592178 ], [ 13.951445, 7.579257 ], [ 13.980392, 7.577782 ], [ 13.992124, 7.558952 ], [ 13.996911, 7.55966 ], [ 14.006171, 7.550397 ], [ 14.011961, 7.555195 ], [ 14.024382, 7.554766 ], [ 14.022988, 7.558216 ], [ 14.032388, 7.561064 ], [ 14.03378, 7.557519 ], [ 14.059714, 7.560366 ], [ 14.083734, 7.554745 ], [ 14.092731, 7.555975 ], [ 14.112594, 7.57081 ], [ 14.125642, 7.567032 ], [ 14.136558, 7.552695 ], [ 14.132311, 7.508688 ], [ 14.144822, 7.483748 ], [ 14.160615, 7.478032 ], [ 14.163136, 7.473139 ], [ 14.174986, 7.473286 ], [ 14.182642, 7.458225 ], [ 14.213675, 7.457002 ], [ 14.220279, 7.433849 ], [ 14.215977, 7.401195 ], [ 14.24194, 7.391641 ], [ 14.235728, 7.375219 ], [ 14.244139, 7.367588 ], [ 14.245873, 7.352694 ], [ 14.280634, 7.328354 ], [ 14.27938, 7.319217 ], [ 14.2946, 7.31427 ], [ 14.304883, 7.303758 ], [ 14.313561, 7.310901 ], [ 14.340898, 7.305334 ], [ 14.342222, 7.296262 ], [ 14.332843, 7.27826 ], [ 14.353862, 7.271529 ], [ 14.35724, 7.250421 ], [ 14.352699, 7.237892 ], [ 14.361959, 7.213665 ], [ 14.354008, 7.194978 ], [ 14.332682, 7.191605 ], [ 14.321863, 7.164275 ], [ 14.34141, 7.162523 ], [ 14.353161, 7.155332 ], [ 14.376922, 7.154958 ], [ 14.384884, 7.15029 ], [ 14.391817, 7.155546 ], [ 14.398787, 7.147648 ], [ 14.404411, 7.147201 ], [ 14.431832, 7.165941 ], [ 14.438752, 7.162046 ], [ 14.443304, 7.151603 ], [ 14.457396, 7.156868 ], [ 14.486036, 7.150046 ], [ 14.49675, 7.152205 ], [ 14.499772, 7.157602 ], [ 14.507064, 7.15294 ], [ 14.510966, 7.160041 ], [ 14.520239, 7.161454 ], [ 14.520876, 7.135143 ], [ 14.533492, 7.128987 ], [ 14.531132, 7.123107 ], [ 14.539851, 7.118333 ], [ 14.54122, 7.105165 ], [ 14.5462, 7.098815 ], [ 14.55761, 7.095629 ], [ 14.569347, 7.080145 ], [ 14.569129, 7.069856 ], [ 14.572813, 7.066858 ], [ 14.563533, 7.056677 ], [ 14.579369, 7.064682 ], [ 14.587788, 7.074683 ], [ 14.600678, 7.067857 ], [ 14.62351, 7.070725 ], [ 14.646139, 7.064829 ], [ 14.64679, 7.055579 ], [ 14.655542, 7.045945 ], [ 14.645, 7.025968 ], [ 14.651938, 7.016165 ], [ 14.725649, 7.023557 ], [ 14.765334, 7.040408 ], [ 14.773238, 7.05498 ], [ 14.790642, 7.05886 ], [ 14.802325, 7.070526 ], [ 14.834172, 7.085653 ], [ 14.87119, 7.079852 ], [ 14.89325, 7.105097 ], [ 14.933106, 7.112682 ], [ 14.978228, 7.136764 ], [ 14.995313, 7.138256 ], [ 15.029405, 7.164376 ], [ 15.033046, 7.172993 ], [ 15.058331, 7.188941 ], [ 15.067077, 7.179875 ], [ 15.079369, 7.179426 ], [ 15.087193, 7.165707 ], [ 15.102549, 7.159123 ], [ 15.103199, 7.143596 ], [ 15.110069, 7.151312 ], [ 15.118455, 7.151105 ], [ 15.124189, 7.159406 ], [ 15.220699, 7.230598 ] ] ] } },
{ "type": "Feature", "properties": { "GID_1": "CMR.6_1", "GID_2": "CMR.6.1_1", "NAME_1": "Nord-Ouest", "NAME_2": "Boyo", "superficie_km2": 1655.9, "bati_2015_km2": 8.941, "bati_2025_km2": 14.113, "couverture_ghsl_pct": 100.0, "mesure_disponible": true, "part_batie_2015_pct": 0.54, "part_batie_2025_pct": 0.852, "gain_bati_km2": 5.172, "croissance_pct": 57.8 }, "geometry": { "type": "Polygon", "coordinates": [ [ [ 10.476687, 6.292322 ], [ 10.497778, 6.292505 ], [ 10.514122, 6.301669 ], [ 10.501333, 6.318896 ], [ 10.504749, 6.333588 ], [ 10.495554, 6.335441 ], [ 10.491755, 6.346526 ], [ 10.498619, 6.353353 ], [ 10.51283, 6.357988 ], [ 10.521928, 6.367413 ], [ 10.519949, 6.372713 ], [ 10.53814, 6.373515 ], [ 10.545922, 6.386151 ], [ 10.547894, 6.400074 ], [ 10.556043, 6.407718 ], [ 10.559401, 6.429017 ], [ 10.566433, 6.435363 ], [ 10.568802, 6.459232 ], [ 10.553355, 6.47057 ], [ 10.551214, 6.47668 ], [ 10.532075, 6.471191 ], [ 10.51529, 6.481213 ], [ 10.519517, 6.490409 ], [ 10.515623, 6.49684 ], [ 10.516869, 6.508192 ], [ 10.526233, 6.522755 ], [ 10.520084, 6.532628 ], [ 10.530146, 6.53696 ], [ 10.515928, 6.559192 ], [ 10.521399, 6.579863 ], [ 10.516095, 6.585675 ], [ 10.521509, 6.590168 ], [ 10.509136, 6.618086 ], [ 10.513911, 6.626143 ], [ 10.511418, 6.641207 ], [ 10.500771, 6.641918 ], [ 10.479717, 6.658313 ], [ 10.456882, 6.666183 ], [ 10.453954, 6.713522 ], [ 10.426578, 6.688781 ], [ 10.412672, 6.687939 ], [ 10.398371, 6.669998 ], [ 10.384298, 6.663301 ], [ 10.378568, 6.645329 ], [ 10.371899, 6.644487 ], [ 10.360689, 6.655005 ], [ 10.355759, 6.649646 ], [ 10.345476, 6.64847 ], [ 10.355901, 6.545496 ], [ 10.36339, 6.534342 ], [ 10.340979, 6.507821 ], [ 10.348153, 6.494689 ], [ 10.334812, 6.485476 ], [ 10.335758, 6.472785 ], [ 10.330737, 6.459374 ], [ 10.333266, 6.454998 ], [ 10.324203, 6.43897 ], [ 10.326177, 6.431932 ], [ 10.317558, 6.430691 ], [ 10.31101, 6.411955 ], [ 10.295686, 6.409324 ], [ 10.292624, 6.397354 ], [ 10.299575, 6.385872 ], [ 10.284315, 6.343664 ], [ 10.279075, 6.339312 ], [ 10.252219, 6.33519 ], [ 10.247797, 6.32995 ], [ 10.235046, 6.336725 ], [ 10.220583, 6.332722 ], [ 10.20344, 6.357228 ], [ 10.189556, 6.368827 ], [ 10.173426, 6.370006 ], [ 10.159841, 6.362625 ], [ 10.112798, 6.303029 ], [ 10.114353, 6.29168 ], [ 10.104868, 6.262276 ], [ 10.091262, 6.257555 ], [ 10.079249, 6.237496 ], [ 10.071701, 6.234565 ], [ 10.077114, 6.220145 ], [ 10.084726, 6.221338 ], [ 10.084564, 6.214716 ], [ 10.08938, 6.21521 ], [ 10.09306, 6.205257 ], [ 10.076612, 6.177692 ], [ 10.084582, 6.176532 ], [ 10.090424, 6.163009 ], [ 10.10101, 6.157721 ], [ 10.108938, 6.16116 ], [ 10.113458, 6.157274 ], [ 10.132101, 6.165861 ], [ 10.138947, 6.176023 ], [ 10.154273, 6.179754 ], [ 10.161172, 6.173196 ], [ 10.187226, 6.18084 ], [ 10.195143, 6.17833 ], [ 10.201614, 6.169298 ], [ 10.197633, 6.163314 ], [ 10.20512, 6.153506 ], [ 10.217552, 6.154964 ], [ 10.224909, 6.147286 ], [ 10.236385, 6.155358 ], [ 10.26973, 6.159471 ], [ 10.301776, 6.149316 ], [ 10.310044, 6.152757 ], [ 10.335014, 6.105338 ], [ 10.346047, 6.10027 ], [ 10.362777, 6.104283 ], [ 10.362927, 6.121049 ], [ 10.37298, 6.132083 ], [ 10.388963, 6.141019 ], [ 10.4113, 6.144368 ], [ 10.432994, 6.153825 ], [ 10.448419, 6.172562 ], [ 10.453181, 6.180336 ], [ 10.452706, 6.198265 ], [ 10.42808, 6.235269 ], [ 10.435071, 6.245801 ], [ 10.447144, 6.245906 ], [ 10.454646, 6.253383 ], [ 10.467078, 6.24914 ], [ 10.473096, 6.260792 ], [ 10.476687, 6.292322 ] ] ] } },
{ "type": "Feature", "properties": { "GID_1": "CMR.6_1", "GID_2": "CMR.6.2_1", "NAME_1": "Nord-Ouest", "NAME_2": "Bui", "superficie_km2": 2224.1, "bati_2015_km2": 16.592, "bati_2025_km2": 29.635, "couverture_ghsl_pct": 100.0, "mesure_disponible": true, "part_batie_2015_pct": 0.746, "part_batie_2025_pct": 1.332, "gain_bati_km2": 13.043, "croissance_pct": 78.6 }, "geometry": { "type": "Polygon", "coordinates": [ [ [ 10.721775, 6.398644 ], [ 10.711395, 6.391821 ], [ 10.701873, 6.392887 ], [ 10.688161, 6.382061 ], [ 10.676641, 6.422894 ], [ 10.66253, 6.43149 ], [ 10.660771, 6.4403 ], [ 10.654473, 6.436676 ], [ 10.646764, 6.440651 ], [ 10.64109, 6.450505 ], [ 10.631941, 6.449618 ], [ 10.628787, 6.456192 ], [ 10.623994, 6.455342 ], [ 10.623002, 6.468886 ], [ 10.611347, 6.469661 ], [ 10.599547, 6.479392 ], [ 10.592041, 6.475353 ], [ 10.589141, 6.468121 ], [ 10.567921, 6.460191 ], [ 10.566433, 6.435363 ], [ 10.559401, 6.429017 ], [ 10.556043, 6.407718 ], [ 10.547894, 6.400074 ], [ 10.545922, 6.386151 ], [ 10.53814, 6.373515 ], [ 10.519949, 6.372713 ], [ 10.521928, 6.367413 ], [ 10.51283, 6.357988 ], [ 10.498619, 6.353353 ], [ 10.491755, 6.346526 ], [ 10.495554, 6.335441 ], [ 10.504749, 6.333588 ], [ 10.501333, 6.318896 ], [ 10.514122, 6.301669 ], [ 10.497778, 6.292505 ], [ 10.476687, 6.292322 ], [ 10.473038, 6.286168 ], [ 10.473096, 6.260792 ], [ 10.467078, 6.24914 ], [ 10.454646, 6.253383 ], [ 10.447144, 6.245906 ], [ 10.435071, 6.245801 ], [ 10.42808, 6.235269 ], [ 10.453701, 6.19489 ], [ 10.453181, 6.180336 ], [ 10.430172, 6.149658 ], [ 10.434849, 6.132833 ], [ 10.430641, 6.106255 ], [ 10.443974, 6.102522 ], [ 10.446901, 6.105802 ], [ 10.486793, 6.10742 ], [ 10.494564, 6.120703 ], [ 10.501935, 6.123034 ], [ 10.513301, 6.10715 ], [ 10.52289, 6.103383 ], [ 10.524094, 6.088991 ], [ 10.535379, 6.082673 ], [ 10.533973, 6.07398 ], [ 10.540028, 6.068605 ], [ 10.543678, 6.055989 ], [ 10.549315, 6.053471 ], [ 10.571947, 6.057306 ], [ 10.573184, 6.074708 ], [ 10.595323, 6.078736 ], [ 10.621078, 6.013123 ], [ 10.638819, 6.012673 ], [ 10.653408, 5.987089 ], [ 10.655851, 5.989674 ], [ 10.661392, 5.985472 ], [ 10.680091, 5.993535 ], [ 10.68249, 6.004197 ], [ 10.699852, 6.017896 ], [ 10.705066, 6.037911 ], [ 10.715339, 6.032486 ], [ 10.722702, 6.03933 ], [ 10.73511, 6.022655 ], [ 10.750659, 6.022904 ], [ 10.75735, 6.017707 ], [ 10.772953, 6.016383 ], [ 10.776911, 6.020897 ], [ 10.788515, 6.018988 ], [ 10.792838, 6.011189 ], [ 10.801965, 6.01007 ], [ 10.806344, 6.001785 ], [ 10.817149, 5.999955 ], [ 10.824462, 5.984811 ], [ 10.841936, 5.976416 ], [ 10.850379, 5.985957 ], [ 10.852316, 6.003914 ], [ 10.863903, 6.020242 ], [ 10.8882, 6.019194 ], [ 10.898842, 6.013412 ], [ 10.925933, 6.016312 ], [ 10.934752, 6.024961 ], [ 10.963761, 6.037842 ], [ 10.971091, 6.044581 ], [ 10.975204, 6.057054 ], [ 10.989204, 6.064487 ], [ 10.999294, 6.08614 ], [ 10.990879, 6.099335 ], [ 10.990814, 6.108012 ], [ 11.012226, 6.151204 ], [ 10.99934, 6.232678 ], [ 11.008059, 6.237238 ], [ 11.017511, 6.233853 ], [ 11.026806, 6.239175 ], [ 11.052178, 6.223577 ], [ 11.050524, 6.237033 ], [ 11.045927, 6.239491 ], [ 11.040068, 6.257441 ], [ 11.02297, 6.26019 ], [ 11.019164, 6.273639 ], [ 11.009839, 6.277813 ], [ 10.990662, 6.279486 ], [ 10.985792, 6.273518 ], [ 10.975508, 6.27108 ], [ 10.973067, 6.264458 ], [ 10.95015, 6.264922 ], [ 10.936771, 6.288335 ], [ 10.921483, 6.297379 ], [ 10.903179, 6.294163 ], [ 10.889759, 6.313867 ], [ 10.882592, 6.317651 ], [ 10.870224, 6.340353 ], [ 10.853657, 6.348171 ], [ 10.844182, 6.345805 ], [ 10.83877, 6.348927 ], [ 10.82622, 6.343841 ], [ 10.817637, 6.347679 ], [ 10.808234, 6.344773 ], [ 10.801439, 6.352331 ], [ 10.785884, 6.350857 ], [ 10.780602, 6.354587 ], [ 10.774906, 6.351306 ], [ 10.75775, 6.366122 ], [ 10.76633, 6.378939 ], [ 10.759817, 6.393032 ], [ 10.721775, 6.398644 ] ] ] } },
{ "type": "Feature", "properties": { "GID_1": "CMR.6_1", "GID_2": "CMR.6.3_1", "NAME_1": "Nord-Ouest", "NAME_2": "Donga Mantung", "superficie_km2": 4364.9, "bati_2015_km2": 14.855, "bati_2025_km2": 24.878, "couverture_ghsl_pct": 100.0, "mesure_disponible": true, "part_batie_2015_pct": 0.34, "part_batie_2025_pct": 0.57, "gain_bati_km2": 10.023, "croissance_pct": 67.5 }, "geometry": { "type": "Polygon", "coordinates": [ [ [ 11.054726, 6.214573 ], [ 11.060165, 6.212064 ], [ 11.069055, 6.211551 ], [ 11.072227, 6.21594 ], [ 11.085336, 6.218663 ], [ 11.1035, 6.218591 ], [ 11.126485, 6.228449 ], [ 11.137568, 6.226587 ], [ 11.144534, 6.246841 ], [ 11.163245, 6.263316 ], [ 11.195728, 6.257536 ], [ 11.184617, 6.263082 ], [ 11.181338, 6.272857 ], [ 11.185087, 6.303437 ], [ 11.188858, 6.311486 ], [ 11.205887, 6.32227 ], [ 11.204747, 6.338076 ], [ 11.209311, 6.346812 ], [ 11.19771, 6.362662 ], [ 11.205383, 6.392822 ], [ 11.198368, 6.399192 ], [ 11.207538, 6.425823 ], [ 11.192342, 6.448331 ], [ 11.193715, 6.460703 ], [ 11.201286, 6.469428 ], [ 11.199919, 6.478793 ], [ 11.205587, 6.486719 ], [ 11.19692, 6.506683 ], [ 11.199567, 6.513616 ], [ 11.194415, 6.529321 ], [ 11.170755, 6.524125 ], [ 11.142426, 6.534112 ], [ 11.118598, 6.517707 ], [ 11.099142, 6.521626 ], [ 11.097853, 6.591544 ], [ 11.09391, 6.611861 ], [ 11.100077, 6.67301 ], [ 11.096622, 6.682096 ], [ 11.059893, 6.716192 ], [ 11.051923, 6.709365 ], [ 11.032322, 6.716026 ], [ 11.023065, 6.712512 ], [ 10.994279, 6.687008 ], [ 10.978783, 6.691122 ], [ 10.970732, 6.687446 ], [ 10.948147, 6.694738 ], [ 10.947083, 6.688282 ], [ 10.919232, 6.708508 ], [ 10.915102, 6.729531 ], [ 10.917122, 6.755161 ], [ 10.912993, 6.765612 ], [ 10.904158, 6.773359 ], [ 10.898317, 6.76248 ], [ 10.880411, 6.795504 ], [ 10.855601, 6.81102 ], [ 10.852384, 6.805234 ], [ 10.840547, 6.811835 ], [ 10.826301, 6.828643 ], [ 10.820064, 6.8438 ], [ 10.822938, 6.849497 ], [ 10.817747, 6.853147 ], [ 10.825978, 6.86568 ], [ 10.827869, 6.885463 ], [ 10.843297, 6.920748 ], [ 10.841154, 6.939636 ], [ 10.814841, 6.948857 ], [ 10.8007, 6.962654 ], [ 10.791862, 6.960341 ], [ 10.782248, 6.967989 ], [ 10.765486, 6.957441 ], [ 10.750069, 6.969591 ], [ 10.738444, 6.990109 ], [ 10.720821, 6.989348 ], [ 10.711115, 6.997423 ], [ 10.704015, 7.012051 ], [ 10.686524, 7.015585 ], [ 10.682498, 7.023195 ], [ 10.683583, 7.036008 ], [ 10.67802, 7.042315 ], [ 10.658669, 7.051587 ], [ 10.654706, 7.04313 ], [ 10.627642, 7.049407 ], [ 10.612911, 7.061125 ], [ 10.597702, 7.077907 ], [ 10.607007, 7.10334 ], [ 10.601279, 7.117719 ], [ 10.601531, 7.136365 ], [ 10.597833, 7.14535 ], [ 10.587488, 7.147657 ], [ 10.583792, 7.156385 ], [ 10.572037, 7.162286 ], [ 10.566337, 7.146852 ], [ 10.559307, 7.081923 ], [ 10.557038, 7.049427 ], [ 10.560274, 7.034681 ], [ 10.551012, 6.977721 ], [ 10.541215, 6.968178 ], [ 10.540978, 6.938624 ], [ 10.535209, 6.939686 ], [ 10.528111, 6.926647 ], [ 10.495899, 6.914832 ], [ 10.49037, 6.89966 ], [ 10.477433, 6.904176 ], [ 10.473054, 6.912724 ], [ 10.463063, 6.914777 ], [ 10.410423, 6.908956 ], [ 10.418094, 6.879488 ], [ 10.428465, 6.866231 ], [ 10.429615, 6.827388 ], [ 10.443645, 6.815612 ], [ 10.448065, 6.748082 ], [ 10.456367, 6.707264 ], [ 10.456882, 6.666183 ], [ 10.479717, 6.658313 ], [ 10.500771, 6.641918 ], [ 10.511418, 6.641207 ], [ 10.513911, 6.626143 ], [ 10.509136, 6.618086 ], [ 10.521509, 6.590168 ], [ 10.516095, 6.585675 ], [ 10.521399, 6.579863 ], [ 10.515928, 6.559192 ], [ 10.530146, 6.53696 ], [ 10.520084, 6.532628 ], [ 10.526233, 6.522755 ], [ 10.516869, 6.508192 ], [ 10.515623, 6.49684 ], [ 10.519517, 6.490409 ], [ 10.51529, 6.481213 ], [ 10.532075, 6.471191 ], [ 10.551214, 6.47668 ], [ 10.553355, 6.47057 ], [ 10.570076, 6.460142 ], [ 10.589141, 6.468121 ], [ 10.592041, 6.475353 ], [ 10.601095, 6.479473 ], [ 10.610468, 6.470057 ], [ 10.623883, 6.46822 ], [ 10.623994, 6.455342 ], [ 10.628787, 6.456192 ], [ 10.631941, 6.449618 ], [ 10.64109, 6.450505 ], [ 10.646764, 6.440651 ], [ 10.654473, 6.436676 ], [ 10.660771, 6.4403 ], [ 10.66253, 6.43149 ], [ 10.676641, 6.422894 ], [ 10.688161, 6.382061 ], [ 10.703549, 6.393642 ], [ 10.711395, 6.391821 ], [ 10.72816, 6.400045 ], [ 10.759817, 6.393032 ], [ 10.76633, 6.378939 ], [ 10.75775, 6.366122 ], [ 10.774906, 6.351306 ], [ 10.780602, 6.354587 ], [ 10.785884, 6.350857 ], [ 10.801439, 6.352331 ], [ 10.808234, 6.344773 ], [ 10.817637, 6.347679 ], [ 10.82622, 6.343841 ], [ 10.851564, 6.348896 ], [ 10.867517, 6.341949 ], [ 10.903179, 6.294163 ], [ 10.921483, 6.297379 ], [ 10.932028, 6.292139 ], [ 10.952245, 6.263994 ], [ 10.973067, 6.264458 ], [ 10.975508, 6.27108 ], [ 10.985792, 6.273518 ], [ 10.990662, 6.279486 ], [ 11.017876, 6.274774 ], [ 11.02297, 6.26019 ], [ 11.03543, 6.259947 ], [ 11.04204, 6.254895 ], [ 11.054726, 6.214573 ] ] ] } },
{ "type": "Feature", "properties": { "GID_1": "CMR.6_1", "GID_2": "CMR.6.4_1", "NAME_1": "Nord-Ouest", "NAME_2": "Menchum", "superficie_km2": 4569.9, "bati_2015_km2": 6.616, "bati_2025_km2": 9.769, "couverture_ghsl_pct": 100.0, "mesure_disponible": true, "part_batie_2015_pct": 0.145, "part_batie_2025_pct": 0.214, "gain_bati_km2": 3.153, "croissance_pct": 47.7 }, "geometry": { "type": "Polygon", "coordinates": [ [ [ 10.279075, 6.339312 ], [ 10.289136, 6.351143 ], [ 10.298264, 6.379599 ], [ 10.299575, 6.385872 ], [ 10.292624, 6.397354 ], [ 10.295686, 6.409324 ], [ 10.31101, 6.411955 ], [ 10.317558, 6.430691 ], [ 10.326177, 6.431932 ], [ 10.324203, 6.43897 ], [ 10.333266, 6.454998 ], [ 10.330737, 6.459374 ], [ 10.335758, 6.472785 ], [ 10.334812, 6.485476 ], [ 10.348153, 6.494689 ], [ 10.340979, 6.507821 ], [ 10.36339, 6.534342 ], [ 10.355901, 6.545496 ], [ 10.345476, 6.64847 ], [ 10.355759, 6.649646 ], [ 10.360689, 6.655005 ], [ 10.371899, 6.644487 ], [ 10.378568, 6.645329 ], [ 10.384298, 6.663301 ], [ 10.398371, 6.669998 ], [ 10.412672, 6.687939 ], [ 10.426578, 6.688781 ], [ 10.453954, 6.713522 ], [ 10.443645, 6.815612 ], [ 10.429615, 6.827388 ], [ 10.428465, 6.866231 ], [ 10.418094, 6.879488 ], [ 10.410382, 6.908951 ], [ 10.217097, 6.888837 ], [ 10.174064, 6.938205 ], [ 10.173341, 6.941718 ], [ 10.178493, 6.942114 ], [ 10.184516, 6.966561 ], [ 10.180625, 6.977254 ], [ 10.18261, 6.984831 ], [ 10.172322, 6.990736 ], [ 10.174186, 6.993417 ], [ 10.168615, 7.000229 ], [ 10.179498, 7.011675 ], [ 10.163241, 7.021296 ], [ 10.165774, 7.033944 ], [ 10.153352, 7.038452 ], [ 10.065834, 6.960011 ], [ 10.048265, 6.939481 ], [ 10.020114, 6.920472 ], [ 10.013424, 6.903147 ], [ 10.003182, 6.901135 ], [ 9.989941, 6.891552 ], [ 9.863947, 6.776453 ], [ 9.856108, 6.781578 ], [ 9.820953, 6.782633 ], [ 9.807501, 6.791629 ], [ 9.796585, 6.78672 ], [ 9.779425, 6.79453 ], [ 9.769679, 6.766233 ], [ 9.762715, 6.759293 ], [ 9.768433, 6.755099 ], [ 9.768431, 6.749093 ], [ 9.756074, 6.695715 ], [ 9.763906, 6.691051 ], [ 9.764413, 6.680713 ], [ 9.750652, 6.678322 ], [ 9.751466, 6.655732 ], [ 9.745119, 6.649943 ], [ 9.739111, 6.624581 ], [ 9.727962, 6.601075 ], [ 9.719948, 6.558311 ], [ 9.710506, 6.540121 ], [ 9.706341, 6.501975 ], [ 9.743618, 6.484232 ], [ 9.7365, 6.431143 ], [ 9.751397, 6.418659 ], [ 9.750241, 6.408883 ], [ 9.764067, 6.390413 ], [ 9.759324, 6.362491 ], [ 9.768832, 6.341939 ], [ 9.772645, 6.306565 ], [ 9.788483, 6.287357 ], [ 9.78861, 6.272702 ], [ 9.799764, 6.263192 ], [ 9.807235, 6.267951 ], [ 9.812421, 6.280811 ], [ 9.835269, 6.278138 ], [ 9.841052, 6.267199 ], [ 9.838965, 6.258357 ], [ 9.844052, 6.232136 ], [ 9.85571, 6.212915 ], [ 9.865302, 6.20745 ], [ 9.879712, 6.215566 ], [ 9.912026, 6.222888 ], [ 9.908952, 6.241107 ], [ 9.920668, 6.265887 ], [ 9.923843, 6.262171 ], [ 9.944489, 6.262734 ], [ 9.954432, 6.271169 ], [ 9.954934, 6.281689 ], [ 9.979522, 6.291958 ], [ 9.985088, 6.303373 ], [ 10.001256, 6.305221 ], [ 10.019273, 6.304103 ], [ 10.026014, 6.293008 ], [ 10.04561, 6.277239 ], [ 10.043125, 6.264233 ], [ 10.051263, 6.259475 ], [ 10.051716, 6.249809 ], [ 10.058867, 6.247217 ], [ 10.055545, 6.240779 ], [ 10.063425, 6.23771 ], [ 10.064727, 6.227689 ], [ 10.076457, 6.239041 ], [ 10.079249, 6.237496 ], [ 10.091262, 6.257555 ], [ 10.104868, 6.262276 ], [ 10.114353, 6.29168 ], [ 10.112798, 6.303029 ], [ 10.125134, 6.314388 ], [ 10.137595, 6.338357 ], [ 10.154932, 6.357863 ], [ 10.173426, 6.370006 ], [ 10.184581, 6.371078 ], [ 10.199537, 6.361061 ], [ 10.217434, 6.333539 ], [ 10.235046, 6.336725 ], [ 10.247797, 6.32995 ], [ 10.256798, 6.336683 ], [ 10.279075, 6.339312 ] ] ] } },
{ "type": "Feature", "properties": { "GID_1": "CMR.6_1", "GID_2": "CMR.6.5_1", "NAME_1": "Nord-Ouest", "NAME_2": "Mezam", "superficie_km2": 1854.1, "bati_2015_km2": 44.859, "bati_2025_km2": 53.531, "couverture_ghsl_pct": 100.0, "mesure_disponible": true, "part_batie_2015_pct": 2.419, "part_batie_2025_pct": 2.887, "gain_bati_km2": 8.672, "croissance_pct": 19.3 }, "geometry": { "type": "Polygon", "coordinates": [ [ [ 10.268898, 5.894415 ], [ 10.257122, 5.908344 ], [ 10.256052, 5.918881 ], [ 10.282842, 5.925193 ], [ 10.294184, 5.939417 ], [ 10.308355, 5.936605 ], [ 10.317034, 5.944311 ], [ 10.343179, 5.941053 ], [ 10.370049, 5.944983 ], [ 10.367819, 5.956976 ], [ 10.387304, 5.999516 ], [ 10.386523, 6.025609 ], [ 10.368944, 6.049258 ], [ 10.354151, 6.061591 ], [ 10.346047, 6.10027 ], [ 10.333311, 6.107792 ], [ 10.316134, 6.135973 ], [ 10.313643, 6.151554 ], [ 10.301776, 6.149316 ], [ 10.26973, 6.159471 ], [ 10.236385, 6.155358 ], [ 10.224909, 6.147286 ], [ 10.217552, 6.154964 ], [ 10.20512, 6.153506 ], [ 10.197633, 6.163314 ], [ 10.201614, 6.169298 ], [ 10.195143, 6.17833 ], [ 10.187226, 6.18084 ], [ 10.161172, 6.173196 ], [ 10.152257, 6.179511 ], [ 10.138947, 6.176023 ], [ 10.134445, 6.167005 ], [ 10.113458, 6.157274 ], [ 10.108938, 6.16116 ], [ 10.098989, 6.158039 ], [ 10.090424, 6.163009 ], [ 10.084582, 6.176532 ], [ 10.076612, 6.177692 ], [ 10.091762, 6.200196 ], [ 10.08938, 6.21521 ], [ 10.084564, 6.214716 ], [ 10.084726, 6.221338 ], [ 10.077114, 6.220145 ], [ 10.071701, 6.234565 ], [ 10.062417, 6.229239 ], [ 10.063425, 6.23771 ], [ 10.055545, 6.240779 ], [ 10.058867, 6.247217 ], [ 10.051716, 6.249809 ], [ 10.051263, 6.259475 ], [ 10.043125, 6.264233 ], [ 10.04561, 6.277239 ], [ 10.026014, 6.293008 ], [ 10.018691, 6.304437 ], [ 9.985088, 6.303373 ], [ 9.979522, 6.291958 ], [ 9.954934, 6.281689 ], [ 9.954432, 6.271169 ], [ 9.944489, 6.262734 ], [ 9.923843, 6.262171 ], [ 9.920668, 6.265887 ], [ 9.908952, 6.241107 ], [ 9.912026, 6.222888 ], [ 9.940847, 6.221078 ], [ 9.955385, 6.202609 ], [ 9.958229, 6.186722 ], [ 9.983937, 6.158179 ], [ 9.995953, 6.148538 ], [ 10.005671, 6.14868 ], [ 10.015248, 6.139143 ], [ 10.023598, 6.109829 ], [ 10.043171, 6.100769 ], [ 10.042567, 6.08528 ], [ 10.036581, 6.075133 ], [ 10.041509, 6.069369 ], [ 10.038191, 6.051445 ], [ 10.041321, 6.036601 ], [ 10.035521, 6.036315 ], [ 10.03152, 6.029656 ], [ 10.03808, 6.022919 ], [ 10.045341, 5.988731 ], [ 10.073829, 5.982481 ], [ 10.07769, 5.978972 ], [ 10.076365, 5.971523 ], [ 10.084669, 5.964161 ], [ 10.080853, 5.949718 ], [ 10.059989, 5.947092 ], [ 10.058012, 5.934525 ], [ 10.02787, 5.931581 ], [ 10.012774, 5.920059 ], [ 10.002627, 5.918642 ], [ 9.995538, 5.90477 ], [ 9.976846, 5.897537 ], [ 9.986679, 5.873704 ], [ 9.979897, 5.861281 ], [ 9.948526, 5.867176 ], [ 9.945205, 5.860599 ], [ 9.939908, 5.86055 ], [ 9.935714, 5.850692 ], [ 9.943392, 5.836652 ], [ 9.958402, 5.834303 ], [ 9.959465, 5.828895 ], [ 9.970213, 5.82425 ], [ 9.975245, 5.816032 ], [ 9.971944, 5.781686 ], [ 9.981146, 5.760546 ], [ 9.980485, 5.739009 ], [ 9.985452, 5.7286 ], [ 9.999557, 5.71859 ], [ 10.061239, 5.719415 ], [ 10.07936, 5.708124 ], [ 10.08955, 5.711788 ], [ 10.093348, 5.725475 ], [ 10.104959, 5.732536 ], [ 10.117258, 5.753857 ], [ 10.148791, 5.773627 ], [ 10.15728, 5.774744 ], [ 10.165272, 5.763205 ], [ 10.180844, 5.770162 ], [ 10.207665, 5.744984 ], [ 10.215878, 5.749689 ], [ 10.219532, 5.738914 ], [ 10.24281, 5.733576 ], [ 10.252309, 5.722694 ], [ 10.273713, 5.723686 ], [ 10.276784, 5.70517 ], [ 10.306418, 5.718796 ], [ 10.305406, 5.729753 ], [ 10.28705, 5.742733 ], [ 10.27805, 5.765891 ], [ 10.313115, 5.800209 ], [ 10.311192, 5.821689 ], [ 10.299063, 5.848902 ], [ 10.279578, 5.859432 ], [ 10.283746, 5.887968 ], [ 10.268898, 5.894415 ] ] ] } },
{ "type": "Feature", "properties": { "GID_1": "CMR.6_1", "GID_2": "CMR.6.6_1", "NAME_1": "Nord-Ouest", "NAME_2": "Momo", "superficie_km2": 1819.6, "bati_2015_km2": 11.834, "bati_2025_km2": 15.336, "couverture_ghsl_pct": 100.0, "mesure_disponible": true, "part_batie_2015_pct": 0.65, "part_batie_2025_pct": 0.843, "gain_bati_km2": 3.502, "croissance_pct": 29.6 }, "geometry": { "type": "Polygon", "coordinates": [ [ [ 10.0254, 5.929771 ], [ 10.044425, 5.935797 ], [ 10.058012, 5.934525 ], [ 10.059989, 5.947092 ], [ 10.078426, 5.948534 ], [ 10.084385, 5.956954 ], [ 10.075696, 5.981278 ], [ 10.045341, 5.988731 ], [ 10.03808, 6.022919 ], [ 10.03152, 6.029656 ], [ 10.035521, 6.036315 ], [ 10.041321, 6.036601 ], [ 10.038191, 6.051445 ], [ 10.041509, 6.069369 ], [ 10.036581, 6.075133 ], [ 10.042567, 6.08528 ], [ 10.043171, 6.100769 ], [ 10.023598, 6.109829 ], [ 10.015248, 6.139143 ], [ 10.005671, 6.14868 ], [ 9.995953, 6.148538 ], [ 9.983937, 6.158179 ], [ 9.958229, 6.186722 ], [ 9.955385, 6.202609 ], [ 9.940847, 6.221078 ], [ 9.912026, 6.222888 ], [ 9.879712, 6.215566 ], [ 9.870489, 6.207983 ], [ 9.858274, 6.21004 ], [ 9.844052, 6.232136 ], [ 9.837592, 6.27514 ], [ 9.812421, 6.280811 ], [ 9.807235, 6.267951 ], [ 9.799764, 6.263192 ], [ 9.8086, 6.252716 ], [ 9.816828, 6.221224 ], [ 9.80582, 6.209671 ], [ 9.781543, 6.206037 ], [ 9.771766, 6.198583 ], [ 9.790551, 6.183728 ], [ 9.786911, 6.177027 ], [ 9.789698, 6.168314 ], [ 9.767003, 6.158496 ], [ 9.772458, 6.146729 ], [ 9.763034, 6.134124 ], [ 9.764269, 6.123434 ], [ 9.736766, 6.116185 ], [ 9.726398, 6.084697 ], [ 9.710403, 6.083849 ], [ 9.702235, 6.090621 ], [ 9.673878, 6.062239 ], [ 9.655654, 6.05852 ], [ 9.65026, 6.051551 ], [ 9.62974, 6.043931 ], [ 9.623106, 6.028966 ], [ 9.611459, 6.021414 ], [ 9.612037, 6.007402 ], [ 9.639274, 5.982396 ], [ 9.636111, 5.976464 ], [ 9.638874, 5.967557 ], [ 9.633982, 5.953681 ], [ 9.619618, 5.935317 ], [ 9.603939, 5.935908 ], [ 9.605927, 5.917525 ], [ 9.593203, 5.910358 ], [ 9.594998, 5.890731 ], [ 9.590784, 5.88346 ], [ 9.602922, 5.880862 ], [ 9.610865, 5.886501 ], [ 9.617262, 5.879219 ], [ 9.633715, 5.887529 ], [ 9.649937, 5.860417 ], [ 9.669233, 5.848715 ], [ 9.679925, 5.835299 ], [ 9.685663, 5.838164 ], [ 9.690657, 5.855869 ], [ 9.727929, 5.84778 ], [ 9.754272, 5.816728 ], [ 9.754721, 5.794518 ], [ 9.768461, 5.776789 ], [ 9.783938, 5.771502 ], [ 9.811853, 5.774718 ], [ 9.814119, 5.75509 ], [ 9.833229, 5.75085 ], [ 9.843843, 5.754855 ], [ 9.853303, 5.752543 ], [ 9.855282, 5.73416 ], [ 9.883677, 5.740627 ], [ 9.890048, 5.718886 ], [ 9.922081, 5.729366 ], [ 9.952988, 5.751811 ], [ 9.967892, 5.748723 ], [ 9.980485, 5.739009 ], [ 9.982082, 5.756546 ], [ 9.971191, 5.790258 ], [ 9.975245, 5.816032 ], [ 9.970213, 5.82425 ], [ 9.959465, 5.828895 ], [ 9.958402, 5.834303 ], [ 9.943392, 5.836652 ], [ 9.935714, 5.850692 ], [ 9.939908, 5.86055 ], [ 9.945205, 5.860599 ], [ 9.948526, 5.867176 ], [ 9.979897, 5.861281 ], [ 9.986679, 5.873704 ], [ 9.976846, 5.897537 ], [ 9.995538, 5.90477 ], [ 10.002627, 5.918642 ], [ 10.012774, 5.920059 ], [ 10.0254, 5.929771 ] ] ] } },
{ "type": "Feature", "properties": { "GID_1": "CMR.6_1", "GID_2": "CMR.6.7_1", "NAME_1": "Nord-Ouest", "NAME_2": "Ngo Ketunjia", "superficie_km2": 1067.3, "bati_2015_km2": 12.813, "bati_2025_km2": 17.047, "couverture_ghsl_pct": 100.0, "mesure_disponible": true, "part_batie_2015_pct": 1.201, "part_batie_2025_pct": 1.597, "gain_bati_km2": 4.234, "croissance_pct": 33.0 }, "geometry": { "type": "Polygon", "coordinates": [ [ [ 10.265834, 5.897627 ], [ 10.283746, 5.887968 ], [ 10.279578, 5.859432 ], [ 10.299063, 5.848902 ], [ 10.303833, 5.840701 ], [ 10.304601, 5.830896 ], [ 10.311192, 5.821689 ], [ 10.313115, 5.800209 ], [ 10.324352, 5.809132 ], [ 10.347835, 5.810398 ], [ 10.37657, 5.800319 ], [ 10.386094, 5.800484 ], [ 10.39092, 5.807555 ], [ 10.404688, 5.808182 ], [ 10.439091, 5.802524 ], [ 10.442327, 5.814603 ], [ 10.458291, 5.825988 ], [ 10.468846, 5.823789 ], [ 10.470421, 5.812925 ], [ 10.523848, 5.834597 ], [ 10.536452, 5.823798 ], [ 10.54589, 5.826793 ], [ 10.559924, 5.821561 ], [ 10.567333, 5.807094 ], [ 10.569447, 5.789346 ], [ 10.579885, 5.777692 ], [ 10.587996, 5.778425 ], [ 10.603382, 5.785086 ], [ 10.604255, 5.79377 ], [ 10.610677, 5.797435 ], [ 10.605212, 5.798961 ], [ 10.600346, 5.811628 ], [ 10.608265, 5.811417 ], [ 10.612448, 5.82368 ], [ 10.62888, 5.832509 ], [ 10.63012, 5.837981 ], [ 10.617263, 5.858697 ], [ 10.623978, 5.86576 ], [ 10.617764, 5.868799 ], [ 10.616751, 5.877395 ], [ 10.621213, 5.887863 ], [ 10.624896, 5.889552 ], [ 10.629308, 5.882929 ], [ 10.637831, 5.895085 ], [ 10.634269, 5.902649 ], [ 10.639775, 5.915097 ], [ 10.640793, 5.940305 ], [ 10.650136, 5.942732 ], [ 10.663105, 5.959311 ], [ 10.659095, 5.974148 ], [ 10.661392, 5.985472 ], [ 10.657233, 5.989389 ], [ 10.652417, 5.987772 ], [ 10.637035, 6.013942 ], [ 10.621078, 6.013123 ], [ 10.595323, 6.078736 ], [ 10.573184, 6.074708 ], [ 10.571947, 6.057306 ], [ 10.549315, 6.053471 ], [ 10.543678, 6.055989 ], [ 10.540028, 6.068605 ], [ 10.533973, 6.07398 ], [ 10.535379, 6.082673 ], [ 10.524094, 6.088991 ], [ 10.52289, 6.103383 ], [ 10.513301, 6.10715 ], [ 10.501935, 6.123034 ], [ 10.494564, 6.120703 ], [ 10.486793, 6.10742 ], [ 10.432826, 6.104203 ], [ 10.42968, 6.115025 ], [ 10.434849, 6.132833 ], [ 10.430172, 6.149658 ], [ 10.432994, 6.153825 ], [ 10.426196, 6.153767 ], [ 10.4113, 6.144368 ], [ 10.388963, 6.141019 ], [ 10.37298, 6.132083 ], [ 10.362927, 6.121049 ], [ 10.364839, 6.10509 ], [ 10.346047, 6.10027 ], [ 10.354151, 6.061591 ], [ 10.379249, 6.037334 ], [ 10.388837, 6.01721 ], [ 10.384911, 5.990852 ], [ 10.367819, 5.956976 ], [ 10.37127, 5.946453 ], [ 10.343179, 5.941053 ], [ 10.317034, 5.944311 ], [ 10.308355, 5.936605 ], [ 10.294184, 5.939417 ], [ 10.282842, 5.925193 ], [ 10.256052, 5.918881 ], [ 10.257122, 5.908344 ], [ 10.265834, 5.897627 ] ] ] } },
{ "type": "Feature", "properties": { "GID_1": "CMR.8_1", "GID_2": "CMR.8.1_1", "NAME_1": "Ouest", "NAME_2": "Bamboutos", "superficie_km2": 1195.1, "bati_2015_km2": 38.669, "bati_2025_km2": 43.497, "couverture_ghsl_pct": 100.0, "mesure_disponible": true, "part_batie_2015_pct": 3.236, "part_batie_2025_pct": 3.64, "gain_bati_km2": 4.828, "croissance_pct": 12.5 }, "geometry": { "type": "Polygon", "coordinates": [ [ [ 10.219532, 5.738914 ], [ 10.215878, 5.749689 ], [ 10.207665, 5.744984 ], [ 10.180844, 5.770162 ], [ 10.165272, 5.763205 ], [ 10.159164, 5.77389 ], [ 10.152376, 5.774375 ], [ 10.113574, 5.750653 ], [ 10.109212, 5.737628 ], [ 10.093348, 5.725475 ], [ 10.08955, 5.711788 ], [ 10.07936, 5.708124 ], [ 10.087529, 5.690259 ], [ 10.097887, 5.682966 ], [ 10.101245, 5.663693 ], [ 10.091026, 5.644729 ], [ 10.08319, 5.638605 ], [ 10.083786, 5.6343 ], [ 10.119091, 5.579407 ], [ 10.126486, 5.576369 ], [ 10.13433, 5.551874 ], [ 10.133163, 5.538827 ], [ 10.152629, 5.539352 ], [ 10.192956, 5.50282 ], [ 10.207501, 5.515564 ], [ 10.240671, 5.509084 ], [ 10.281804, 5.508318 ], [ 10.286762, 5.514194 ], [ 10.29589, 5.510709 ], [ 10.300757, 5.516493 ], [ 10.306986, 5.511344 ], [ 10.311243, 5.525421 ], [ 10.331647, 5.528411 ], [ 10.335849, 5.532689 ], [ 10.338798, 5.55381 ], [ 10.355268, 5.566424 ], [ 10.355232, 5.586798 ], [ 10.351969, 5.589893 ], [ 10.354664, 5.595657 ], [ 10.386983, 5.605276 ], [ 10.397442, 5.606233 ], [ 10.402148, 5.594034 ], [ 10.412225, 5.596111 ], [ 10.432224, 5.588027 ], [ 10.436257, 5.582066 ], [ 10.454487, 5.593444 ], [ 10.480852, 5.584034 ], [ 10.507891, 5.584367 ], [ 10.513427, 5.577416 ], [ 10.526274, 5.576016 ], [ 10.529605, 5.580736 ], [ 10.523205, 5.593321 ], [ 10.512208, 5.592198 ], [ 10.501758, 5.603467 ], [ 10.483049, 5.604714 ], [ 10.486328, 5.609022 ], [ 10.480525, 5.613366 ], [ 10.480369, 5.619788 ], [ 10.474688, 5.622099 ], [ 10.472195, 5.612874 ], [ 10.467279, 5.612942 ], [ 10.46025, 5.623807 ], [ 10.459163, 5.639964 ], [ 10.468286, 5.648492 ], [ 10.467896, 5.657396 ], [ 10.483353, 5.662121 ], [ 10.490662, 5.670421 ], [ 10.487593, 5.680247 ], [ 10.493503, 5.689821 ], [ 10.502442, 5.694602 ], [ 10.505032, 5.705114 ], [ 10.522096, 5.709637 ], [ 10.527577, 5.705611 ], [ 10.536326, 5.7075 ], [ 10.542713, 5.697057 ], [ 10.555803, 5.704225 ], [ 10.54985, 5.713814 ], [ 10.560589, 5.721179 ], [ 10.552529, 5.726812 ], [ 10.557552, 5.726851 ], [ 10.559429, 5.732862 ], [ 10.559372, 5.740249 ], [ 10.55324, 5.745447 ], [ 10.560149, 5.750319 ], [ 10.556791, 5.756074 ], [ 10.564419, 5.764807 ], [ 10.557578, 5.778565 ], [ 10.566738, 5.794351 ], [ 10.567333, 5.807094 ], [ 10.559924, 5.821561 ], [ 10.54589, 5.826793 ], [ 10.536452, 5.823798 ], [ 10.523848, 5.834597 ], [ 10.470421, 5.812925 ], [ 10.468846, 5.823789 ], [ 10.458291, 5.825988 ], [ 10.442327, 5.814603 ], [ 10.440699, 5.804503 ], [ 10.436638, 5.802153 ], [ 10.404688, 5.808182 ], [ 10.39092, 5.807555 ], [ 10.382226, 5.799833 ], [ 10.365259, 5.80214 ], [ 10.347835, 5.810398 ], [ 10.324352, 5.809132 ], [ 10.278337, 5.767968 ], [ 10.284796, 5.74661 ], [ 10.305406, 5.729753 ], [ 10.306418, 5.718796 ], [ 10.289529, 5.712885 ], [ 10.280175, 5.703934 ], [ 10.274621, 5.707819 ], [ 10.273713, 5.723686 ], [ 10.252309, 5.722694 ], [ 10.24281, 5.733576 ], [ 10.219532, 5.738914 ] ] ] } },
{ "type": "Feature", "properties": { "GID_1": "CMR.8_1", "GID_2": "CMR.8.2_1", "NAME_1": "Ouest", "NAME_2": "Haut Nkam", "superficie_km2": 972.8, "bati_2015_km2": 11.987, "bati_2025_km2": 15.0, "couverture_ghsl_pct": 100.0, "mesure_disponible": true, "part_batie_2015_pct": 1.232, "part_batie_2025_pct": 1.542, "gain_bati_km2": 3.013, "croissance_pct": 25.1 }, "geometry": { "type": "Polygon", "coordinates": [ [ [ 10.115574, 4.927274 ], [ 10.128191, 4.926686 ], [ 10.128463, 4.920641 ], [ 10.138824, 4.922323 ], [ 10.1439, 4.916931 ], [ 10.150026, 4.919943 ], [ 10.15449, 4.94213 ], [ 10.1593, 4.946183 ], [ 10.153199, 4.957904 ], [ 10.154255, 4.969425 ], [ 10.147861, 4.975008 ], [ 10.161423, 4.975646 ], [ 10.174827, 4.993472 ], [ 10.191598, 4.997881 ], [ 10.193783, 5.008171 ], [ 10.206511, 5.015892 ], [ 10.225672, 5.039089 ], [ 10.223534, 5.054298 ], [ 10.197867, 5.078902 ], [ 10.232865, 5.107735 ], [ 10.240209, 5.105927 ], [ 10.265376, 5.06744 ], [ 10.27893, 5.063353 ], [ 10.284192, 5.057203 ], [ 10.283636, 5.062116 ], [ 10.29816, 5.071719 ], [ 10.302423, 5.084838 ], [ 10.314605, 5.100207 ], [ 10.364873, 5.088014 ], [ 10.372012, 5.079027 ], [ 10.37775, 5.110357 ], [ 10.3632, 5.120088 ], [ 10.363387, 5.12653 ], [ 10.347006, 5.147137 ], [ 10.325971, 5.155612 ], [ 10.321951, 5.162374 ], [ 10.324028, 5.181663 ], [ 10.332961, 5.189691 ], [ 10.332308, 5.214861 ], [ 10.326894, 5.220559 ], [ 10.309861, 5.21809 ], [ 10.295211, 5.225064 ], [ 10.270869, 5.247361 ], [ 10.264252, 5.26225 ], [ 10.254336, 5.260769 ], [ 10.24405, 5.277316 ], [ 10.246293, 5.28951 ], [ 10.256627, 5.297317 ], [ 10.258208, 5.304354 ], [ 10.256591, 5.317372 ], [ 10.245911, 5.339301 ], [ 10.254843, 5.362318 ], [ 10.246686, 5.374899 ], [ 10.238746, 5.374603 ], [ 10.215152, 5.344681 ], [ 10.190698, 5.335475 ], [ 10.17652, 5.316 ], [ 10.151408, 5.301639 ], [ 10.148932, 5.289679 ], [ 10.139229, 5.291241 ], [ 10.114398, 5.271146 ], [ 10.120812, 5.257231 ], [ 10.115308, 5.256491 ], [ 10.081738, 5.214272 ], [ 10.060058, 5.206718 ], [ 10.035094, 5.188714 ], [ 10.025202, 5.188001 ], [ 10.001434, 5.168208 ], [ 10.004821, 5.165275 ], [ 10.001613, 5.162068 ], [ 10.005448, 5.145345 ], [ 9.991485, 5.130727 ], [ 9.993351, 5.11939 ], [ 10.001631, 5.113333 ], [ 10.001612, 5.101149 ], [ 10.010433, 5.080072 ], [ 10.00646, 5.069312 ], [ 10.01135, 5.063448 ], [ 10.018323, 5.065609 ], [ 10.03941, 5.058209 ], [ 10.049189, 5.048087 ], [ 10.060871, 5.049957 ], [ 10.072918, 5.044648 ], [ 10.070336, 5.02123 ], [ 10.065806, 5.015476 ], [ 10.074425, 4.987316 ], [ 10.076959, 4.981551 ], [ 10.085148, 4.978987 ], [ 10.092093, 4.964148 ], [ 10.10649, 4.958079 ], [ 10.104399, 4.946277 ], [ 10.115574, 4.927274 ] ] ] } },
{ "type": "Feature", "properties": { "GID_1": "CMR.8_1", "GID_2": "CMR.8.3_1", "NAME_1": "Ouest", "NAME_2": "Hauts Plateaux", "superficie_km2": 434.4, "bati_2015_km2": 25.127, "bati_2025_km2": 28.654, "couverture_ghsl_pct": 100.0, "mesure_disponible": true, "part_batie_2015_pct": 5.784, "part_batie_2025_pct": 6.596, "gain_bati_km2": 3.527, "croissance_pct": 14.0 }, "geometry": { "type": "Polygon", "coordinates": [ [ [ 10.350307, 5.142998 ], [ 10.361412, 5.144341 ], [ 10.364664, 5.150823 ], [ 10.362847, 5.163096 ], [ 10.368128, 5.171325 ], [ 10.397944, 5.175639 ], [ 10.414651, 5.189937 ], [ 10.445668, 5.202449 ], [ 10.441045, 5.211804 ], [ 10.443274, 5.229307 ], [ 10.439125, 5.244667 ], [ 10.406727, 5.263633 ], [ 10.426923, 5.298344 ], [ 10.428398, 5.311628 ], [ 10.442717, 5.325625 ], [ 10.426467, 5.342194 ], [ 10.388298, 5.344378 ], [ 10.383898, 5.357186 ], [ 10.36577, 5.377512 ], [ 10.37005, 5.394084 ], [ 10.362867, 5.401595 ], [ 10.362849, 5.418965 ], [ 10.37576, 5.434742 ], [ 10.357938, 5.444789 ], [ 10.357455, 5.460333 ], [ 10.348906, 5.451447 ], [ 10.33855, 5.454442 ], [ 10.33475, 5.439731 ], [ 10.326101, 5.428629 ], [ 10.328148, 5.422781 ], [ 10.319973, 5.421076 ], [ 10.30376, 5.399886 ], [ 10.288573, 5.399038 ], [ 10.27345, 5.390076 ], [ 10.258572, 5.396525 ], [ 10.253596, 5.39293 ], [ 10.246686, 5.374899 ], [ 10.254843, 5.362318 ], [ 10.245911, 5.339301 ], [ 10.256591, 5.317372 ], [ 10.257895, 5.299668 ], [ 10.242617, 5.28152 ], [ 10.254336, 5.260769 ], [ 10.264252, 5.26225 ], [ 10.270869, 5.247361 ], [ 10.295211, 5.225064 ], [ 10.309861, 5.21809 ], [ 10.326894, 5.220559 ], [ 10.332308, 5.214861 ], [ 10.332961, 5.189691 ], [ 10.324028, 5.181663 ], [ 10.321951, 5.162374 ], [ 10.325971, 5.155612 ], [ 10.350307, 5.142998 ] ] ] } },
{ "type": "Feature", "properties": { "GID_1": "CMR.8_1", "GID_2": "CMR.8.4_1", "NAME_1": "Ouest", "NAME_2": "Koung Khi", "superficie_km2": 361.8, "bati_2015_km2": 19.703, "bati_2025_km2": 21.182, "couverture_ghsl_pct": 100.0, "mesure_disponible": true, "part_batie_2015_pct": 5.445, "part_batie_2025_pct": 5.854, "gain_bati_km2": 1.479, "croissance_pct": 7.5 }, "geometry": { "type": "Polygon", "coordinates": [ [ [ 10.406727, 5.263633 ], [ 10.439125, 5.244667 ], [ 10.460547, 5.237262 ], [ 10.47343, 5.23767 ], [ 10.484644, 5.229559 ], [ 10.481879, 5.220717 ], [ 10.501481, 5.204159 ], [ 10.518077, 5.212627 ], [ 10.530828, 5.209252 ], [ 10.536304, 5.217168 ], [ 10.512794, 5.233562 ], [ 10.509058, 5.244997 ], [ 10.497205, 5.254482 ], [ 10.503038, 5.262677 ], [ 10.513359, 5.269723 ], [ 10.532964, 5.264193 ], [ 10.55446, 5.269546 ], [ 10.563219, 5.264291 ], [ 10.589231, 5.26944 ], [ 10.585974, 5.286561 ], [ 10.574735, 5.286328 ], [ 10.568851, 5.280804 ], [ 10.565495, 5.28276 ], [ 10.567286, 5.287189 ], [ 10.560887, 5.289884 ], [ 10.565889, 5.312609 ], [ 10.57176, 5.320113 ], [ 10.565893, 5.333212 ], [ 10.553685, 5.34089 ], [ 10.561273, 5.363025 ], [ 10.54025, 5.371095 ], [ 10.514591, 5.369231 ], [ 10.499878, 5.386938 ], [ 10.50896, 5.391421 ], [ 10.50419, 5.399456 ], [ 10.507926, 5.40848 ], [ 10.518481, 5.411128 ], [ 10.519341, 5.424945 ], [ 10.526469, 5.428745 ], [ 10.52035, 5.432768 ], [ 10.523076, 5.439748 ], [ 10.517543, 5.446091 ], [ 10.499747, 5.447505 ], [ 10.494073, 5.45401 ], [ 10.488723, 5.453515 ], [ 10.44993, 5.427396 ], [ 10.426283, 5.443403 ], [ 10.401411, 5.449852 ], [ 10.393629, 5.447155 ], [ 10.390173, 5.436308 ], [ 10.37576, 5.434742 ], [ 10.362849, 5.418965 ], [ 10.362867, 5.401595 ], [ 10.37005, 5.394084 ], [ 10.370586, 5.386078 ], [ 10.365152, 5.379196 ], [ 10.383898, 5.357186 ], [ 10.386321, 5.345809 ], [ 10.426467, 5.342194 ], [ 10.442717, 5.325625 ], [ 10.428398, 5.311628 ], [ 10.426923, 5.298344 ], [ 10.406727, 5.263633 ] ] ] } },
{ "type": "Feature", "properties": { "GID_1": "CMR.8_1", "GID_2": "CMR.8.5_1", "NAME_1": "Ouest", "NAME_2": "Menoua", "superficie_km2": 1392.9, "bati_2015_km2": 46.07, "bati_2025_km2": 54.818, "couverture_ghsl_pct": 100.0, "mesure_disponible": true, "part_batie_2015_pct": 3.307, "part_batie_2025_pct": 3.935, "gain_bati_km2": 8.748, "croissance_pct": 19.0 }, "geometry": { "type": "Polygon", "coordinates": [ [ [ 10.007967, 5.174289 ], [ 10.025202, 5.188001 ], [ 10.035094, 5.188714 ], [ 10.060058, 5.206718 ], [ 10.081738, 5.214272 ], [ 10.115308, 5.256491 ], [ 10.120812, 5.257231 ], [ 10.114398, 5.271146 ], [ 10.139229, 5.291241 ], [ 10.148932, 5.289679 ], [ 10.151408, 5.301639 ], [ 10.17652, 5.316 ], [ 10.190698, 5.335475 ], [ 10.215152, 5.344681 ], [ 10.238746, 5.374603 ], [ 10.249902, 5.376671 ], [ 10.250185, 5.387068 ], [ 10.255578, 5.395407 ], [ 10.27345, 5.390076 ], [ 10.288573, 5.399038 ], [ 10.30376, 5.399886 ], [ 10.319973, 5.421076 ], [ 10.327067, 5.421405 ], [ 10.326101, 5.428629 ], [ 10.33475, 5.439731 ], [ 10.33871, 5.45727 ], [ 10.332054, 5.482324 ], [ 10.324314, 5.494757 ], [ 10.325971, 5.504016 ], [ 10.338084, 5.514234 ], [ 10.328673, 5.530666 ], [ 10.311243, 5.525421 ], [ 10.306986, 5.511344 ], [ 10.300757, 5.516493 ], [ 10.29589, 5.510709 ], [ 10.286762, 5.514194 ], [ 10.281804, 5.508318 ], [ 10.240671, 5.509084 ], [ 10.207501, 5.515564 ], [ 10.192956, 5.50282 ], [ 10.152629, 5.539352 ], [ 10.133163, 5.538827 ], [ 10.13433, 5.551874 ], [ 10.126486, 5.576369 ], [ 10.119091, 5.579407 ], [ 10.08319, 5.638605 ], [ 10.079041, 5.633993 ], [ 10.05697, 5.631664 ], [ 10.046794, 5.635082 ], [ 10.024629, 5.62955 ], [ 10.021494, 5.615577 ], [ 9.998054, 5.580388 ], [ 9.978728, 5.580043 ], [ 9.962247, 5.589609 ], [ 9.948732, 5.568758 ], [ 9.955693, 5.559491 ], [ 9.965302, 5.555603 ], [ 9.966514, 5.546817 ], [ 9.959153, 5.54239 ], [ 9.949695, 5.522099 ], [ 9.958696, 5.492805 ], [ 9.952281, 5.488942 ], [ 9.946371, 5.447016 ], [ 9.931715, 5.41587 ], [ 9.923316, 5.408232 ], [ 9.923274, 5.380464 ], [ 9.893357, 5.351134 ], [ 9.874978, 5.349366 ], [ 9.852818, 5.338346 ], [ 9.849604, 5.331172 ], [ 9.854119, 5.325688 ], [ 9.850799, 5.308974 ], [ 9.839667, 5.300205 ], [ 9.832662, 5.275468 ], [ 9.836793, 5.264978 ], [ 9.850536, 5.254853 ], [ 9.880209, 5.250089 ], [ 9.907195, 5.276497 ], [ 9.924526, 5.272599 ], [ 9.934993, 5.277684 ], [ 9.923364, 5.251066 ], [ 9.943341, 5.253114 ], [ 9.957084, 5.244215 ], [ 9.970463, 5.244477 ], [ 9.983356, 5.235579 ], [ 9.986076, 5.227263 ], [ 9.993708, 5.227534 ], [ 9.992371, 5.216108 ], [ 9.998303, 5.214399 ], [ 10.001588, 5.206365 ], [ 10.002788, 5.190496 ], [ 10.007873, 5.189071 ], [ 10.007967, 5.174289 ] ] ] } },
{ "type": "Feature", "properties": { "GID_1": "CMR.8_1", "GID_2": "CMR.8.6_1", "NAME_1": "Ouest", "NAME_2": "Mifi", "superficie_km2": 405.0, "bati_2015_km2": 26.073, "bati_2025_km2": 27.777, "couverture_ghsl_pct": 100.0, "mesure_disponible": true, "part_batie_2015_pct": 6.438, "part_batie_2025_pct": 6.859, "gain_bati_km2": 1.704, "croissance_pct": 6.5 }, "geometry": { "type": "Polygon", "coordinates": [ [ [ 10.331647, 5.528411 ], [ 10.338084, 5.514234 ], [ 10.325971, 5.504016 ], [ 10.324314, 5.494757 ], [ 10.332054, 5.482324 ], [ 10.33855, 5.454442 ], [ 10.348906, 5.451447 ], [ 10.358545, 5.46016 ], [ 10.357938, 5.444789 ], [ 10.37576, 5.434742 ], [ 10.390173, 5.436308 ], [ 10.393629, 5.447155 ], [ 10.403949, 5.450144 ], [ 10.426283, 5.443403 ], [ 10.443564, 5.429348 ], [ 10.45374, 5.427516 ], [ 10.474733, 5.447135 ], [ 10.494073, 5.45401 ], [ 10.496471, 5.448662 ], [ 10.517543, 5.446091 ], [ 10.523076, 5.439748 ], [ 10.525331, 5.452505 ], [ 10.533918, 5.447001 ], [ 10.56144, 5.466928 ], [ 10.55225, 5.481742 ], [ 10.558503, 5.488534 ], [ 10.565351, 5.486979 ], [ 10.582458, 5.499847 ], [ 10.581244, 5.505085 ], [ 10.573737, 5.508883 ], [ 10.576036, 5.51586 ], [ 10.566608, 5.519216 ], [ 10.572009, 5.525681 ], [ 10.566645, 5.528746 ], [ 10.573574, 5.530832 ], [ 10.575658, 5.537936 ], [ 10.567867, 5.5367 ], [ 10.572677, 5.550869 ], [ 10.565855, 5.562917 ], [ 10.553537, 5.566892 ], [ 10.557547, 5.573561 ], [ 10.553424, 5.581881 ], [ 10.543423, 5.576238 ], [ 10.529605, 5.580736 ], [ 10.521916, 5.575358 ], [ 10.521763, 5.579228 ], [ 10.513427, 5.577416 ], [ 10.507891, 5.584367 ], [ 10.480852, 5.584034 ], [ 10.454487, 5.593444 ], [ 10.436257, 5.582066 ], [ 10.432224, 5.588027 ], [ 10.412225, 5.596111 ], [ 10.402148, 5.594034 ], [ 10.397442, 5.606233 ], [ 10.354664, 5.595657 ], [ 10.351969, 5.589893 ], [ 10.355232, 5.586798 ], [ 10.355268, 5.566424 ], [ 10.338798, 5.55381 ], [ 10.340593, 5.547207 ], [ 10.331647, 5.528411 ] ] ] } },
{ "type": "Feature", "properties": { "GID_1": "CMR.8_1", "GID_2": "CMR.8.7_1", "NAME_1": "Ouest", "NAME_2": "Ndé", "superficie_km2": 1529.3, "bati_2015_km2": 13.349, "bati_2025_km2": 16.193, "couverture_ghsl_pct": 100.0, "mesure_disponible": true, "part_batie_2015_pct": 0.873, "part_batie_2025_pct": 1.059, "gain_bati_km2": 2.844, "croissance_pct": 21.3 }, "geometry": { "type": "Polygon", "coordinates": [ [ [ 10.748746, 4.997253 ], [ 10.749221, 5.005809 ], [ 10.765511, 5.015934 ], [ 10.779262, 5.015091 ], [ 10.785096, 5.019706 ], [ 10.790704, 5.014455 ], [ 10.811274, 5.011077 ], [ 10.819873, 4.999074 ], [ 10.8098, 4.986517 ], [ 10.818027, 4.984683 ], [ 10.823812, 4.971378 ], [ 10.833946, 4.970142 ], [ 10.837685, 4.978789 ], [ 10.844396, 4.973737 ], [ 10.853739, 4.97663 ], [ 10.856185, 4.954074 ], [ 10.851065, 4.953485 ], [ 10.867392, 4.941459 ], [ 10.877378, 4.952464 ], [ 10.884112, 4.968701 ], [ 10.886699, 4.988814 ], [ 10.879231, 4.995506 ], [ 10.871567, 4.99593 ], [ 10.870891, 5.009757 ], [ 10.860353, 5.017433 ], [ 10.860062, 5.029962 ], [ 10.851771, 5.036174 ], [ 10.829518, 5.032367 ], [ 10.831699, 5.041602 ], [ 10.823605, 5.053997 ], [ 10.827455, 5.078609 ], [ 10.83248, 5.085143 ], [ 10.841674, 5.08532 ], [ 10.843246, 5.097388 ], [ 10.851493, 5.098151 ], [ 10.853047, 5.113055 ], [ 10.842534, 5.116415 ], [ 10.837877, 5.107401 ], [ 10.827271, 5.106859 ], [ 10.821646, 5.101858 ], [ 10.822866, 5.095482 ], [ 10.814857, 5.094603 ], [ 10.796397, 5.123596 ], [ 10.785525, 5.127779 ], [ 10.77579, 5.125706 ], [ 10.753128, 5.148131 ], [ 10.758963, 5.174705 ], [ 10.720648, 5.17551 ], [ 10.708203, 5.185472 ], [ 10.693024, 5.169532 ], [ 10.686002, 5.17953 ], [ 10.690845, 5.1954 ], [ 10.661086, 5.220546 ], [ 10.669731, 5.231715 ], [ 10.666188, 5.249772 ], [ 10.655798, 5.248873 ], [ 10.635011, 5.237737 ], [ 10.626014, 5.243346 ], [ 10.617651, 5.24246 ], [ 10.61236, 5.265822 ], [ 10.598665, 5.268916 ], [ 10.595446, 5.274092 ], [ 10.590144, 5.2737 ], [ 10.583953, 5.265739 ], [ 10.570031, 5.267649 ], [ 10.563219, 5.264291 ], [ 10.55446, 5.269546 ], [ 10.532964, 5.264193 ], [ 10.513359, 5.269723 ], [ 10.497205, 5.254482 ], [ 10.509058, 5.244997 ], [ 10.512794, 5.233562 ], [ 10.536304, 5.217168 ], [ 10.530828, 5.209252 ], [ 10.518077, 5.212627 ], [ 10.501481, 5.204159 ], [ 10.481879, 5.220717 ], [ 10.484644, 5.229559 ], [ 10.47343, 5.23767 ], [ 10.460547, 5.237262 ], [ 10.439125, 5.244667 ], [ 10.443646, 5.199599 ], [ 10.414651, 5.189937 ], [ 10.393871, 5.174034 ], [ 10.368128, 5.171325 ], [ 10.362847, 5.163096 ], [ 10.36328, 5.146718 ], [ 10.350307, 5.142998 ], [ 10.363387, 5.12653 ], [ 10.3632, 5.120088 ], [ 10.37775, 5.110357 ], [ 10.366851, 5.043341 ], [ 10.370794, 5.037289 ], [ 10.367552, 5.017841 ], [ 10.390241, 5.015149 ], [ 10.395803, 5.018159 ], [ 10.400031, 5.013806 ], [ 10.415093, 5.011508 ], [ 10.418097, 5.006685 ], [ 10.416256, 4.982891 ], [ 10.420565, 4.972116 ], [ 10.411594, 4.960236 ], [ 10.425298, 4.93962 ], [ 10.420357, 4.918855 ], [ 10.432152, 4.930917 ], [ 10.441442, 4.960077 ], [ 10.459132, 4.954467 ], [ 10.452962, 4.931722 ], [ 10.433806, 4.912121 ], [ 10.435119, 4.909379 ], [ 10.454599, 4.905182 ], [ 10.467599, 4.908365 ], [ 10.517872, 4.906552 ], [ 10.528605, 4.895106 ], [ 10.564317, 4.884754 ], [ 10.595726, 4.881257 ], [ 10.641485, 4.91729 ], [ 10.662999, 4.930727 ], [ 10.68108, 4.935615 ], [ 10.687117, 4.941137 ], [ 10.690763, 4.954216 ], [ 10.699683, 4.948857 ], [ 10.721177, 4.953734 ], [ 10.748746, 4.997253 ] ] ] } },
{ "type": "Feature", "properties": { "GID_1": "CMR.8_1", "GID_2": "CMR.8.8_1", "NAME_1": "Ouest", "NAME_2": "Noun", "superficie_km2": 7670.4, "bati_2015_km2": 40.866, "bati_2025_km2": 48.957, "couverture_ghsl_pct": 100.0, "mesure_disponible": true, "part_batie_2015_pct": 0.533, "part_batie_2025_pct": 0.638, "gain_bati_km2": 8.091, "croissance_pct": 19.8 }, "geometry": { "type": "Polygon", "coordinates": [ [ [ 10.507926, 5.40848 ], [ 10.50419, 5.399456 ], [ 10.50896, 5.391421 ], [ 10.499711, 5.388916 ], [ 10.506952, 5.375113 ], [ 10.514591, 5.369231 ], [ 10.54025, 5.371095 ], [ 10.561273, 5.363025 ], [ 10.553685, 5.34089 ], [ 10.565893, 5.333212 ], [ 10.571737, 5.323311 ], [ 10.561889, 5.298571 ], [ 10.560887, 5.289884 ], [ 10.567286, 5.287189 ], [ 10.565495, 5.28276 ], [ 10.570673, 5.280818 ], [ 10.574735, 5.286328 ], [ 10.585974, 5.286561 ], [ 10.589403, 5.274251 ], [ 10.61236, 5.265822 ], [ 10.617651, 5.24246 ], [ 10.626014, 5.243346 ], [ 10.635011, 5.237737 ], [ 10.655798, 5.248873 ], [ 10.666188, 5.249772 ], [ 10.669731, 5.231715 ], [ 10.661086, 5.220546 ], [ 10.690845, 5.1954 ], [ 10.686002, 5.17953 ], [ 10.693024, 5.169532 ], [ 10.708203, 5.185472 ], [ 10.720648, 5.17551 ], [ 10.758963, 5.174705 ], [ 10.753128, 5.148131 ], [ 10.77579, 5.125706 ], [ 10.785525, 5.127779 ], [ 10.796397, 5.123596 ], [ 10.814857, 5.094603 ], [ 10.822866, 5.095482 ], [ 10.821646, 5.101858 ], [ 10.827271, 5.106859 ], [ 10.837877, 5.107401 ], [ 10.842534, 5.116415 ], [ 10.853047, 5.113055 ], [ 10.851493, 5.098151 ], [ 10.843246, 5.097388 ], [ 10.841674, 5.08532 ], [ 10.83248, 5.085143 ], [ 10.827455, 5.078609 ], [ 10.823605, 5.053997 ], [ 10.831699, 5.041602 ], [ 10.829518, 5.032367 ], [ 10.853896, 5.035597 ], [ 10.860062, 5.029962 ], [ 10.860353, 5.017433 ], [ 10.870891, 5.009757 ], [ 10.871567, 4.99593 ], [ 10.879231, 4.995506 ], [ 10.886699, 4.988814 ], [ 10.879476, 4.95626 ], [ 10.867392, 4.941459 ], [ 10.941616, 4.924838 ], [ 10.94056, 4.941551 ], [ 10.962124, 4.970579 ], [ 10.954134, 4.98399 ], [ 10.935693, 4.993306 ], [ 10.931401, 5.001673 ], [ 10.945269, 5.006867 ], [ 10.948405, 5.015212 ], [ 10.958565, 5.022429 ], [ 10.960199, 5.032088 ], [ 10.96995, 5.036689 ], [ 10.970727, 5.061348 ], [ 10.986657, 5.084149 ], [ 10.989099, 5.127022 ], [ 10.998031, 5.1585 ], [ 11.013913, 5.164892 ], [ 11.015141, 5.172136 ], [ 11.030912, 5.174803 ], [ 11.048368, 5.17062 ], [ 11.051907, 5.17846 ], [ 11.061968, 5.18507 ], [ 11.08015, 5.188231 ], [ 11.081004, 5.203528 ], [ 11.072284, 5.208086 ], [ 11.066494, 5.217475 ], [ 11.074557, 5.22812 ], [ 11.082587, 5.257786 ], [ 11.070654, 5.292047 ], [ 11.072282, 5.298775 ], [ 11.105005, 5.325135 ], [ 11.127506, 5.327272 ], [ 11.14087, 5.358829 ], [ 11.158094, 5.373665 ], [ 11.182935, 5.384044 ], [ 11.186231, 5.40708 ], [ 11.194289, 5.413794 ], [ 11.192714, 5.422656 ], [ 11.170626, 5.452226 ], [ 11.188727, 5.458903 ], [ 11.195189, 5.468139 ], [ 11.204803, 5.48793 ], [ 11.205584, 5.509062 ], [ 11.215191, 5.527249 ], [ 11.207704, 5.539147 ], [ 11.212592, 5.557044 ], [ 11.203298, 5.56957 ], [ 11.205848, 5.580823 ], [ 11.186551, 5.604048 ], [ 11.195472, 5.626149 ], [ 11.21333, 5.647229 ], [ 11.201543, 5.66417 ], [ 11.201968, 5.670307 ], [ 11.225224, 5.682798 ], [ 11.232632, 5.701791 ], [ 11.24454, 5.715533 ], [ 11.257283, 5.711054 ], [ 11.271325, 5.730422 ], [ 11.278957, 5.729688 ], [ 11.292609, 5.751572 ], [ 11.292578, 5.768781 ], [ 11.306649, 5.769932 ], [ 11.316862, 5.786304 ], [ 11.302949, 5.799031 ], [ 11.288466, 5.795769 ], [ 11.274441, 5.806292 ], [ 11.26949, 5.824336 ], [ 11.276205, 5.845335 ], [ 11.270631, 5.858342 ], [ 11.278029, 5.873805 ], [ 11.274935, 5.87895 ], [ 11.264094, 5.882315 ], [ 11.268718, 5.893703 ], [ 11.253228, 5.90411 ], [ 11.256176, 5.912539 ], [ 11.275586, 5.915479 ], [ 11.270905, 5.925574 ], [ 11.27774, 5.950694 ], [ 11.260331, 5.969487 ], [ 11.264049, 5.972384 ], [ 11.261373, 5.980365 ], [ 11.26683, 5.987488 ], [ 11.264848, 5.994239 ], [ 11.276435, 6.000934 ], [ 11.275456, 6.007278 ], [ 11.283231, 6.015498 ], [ 11.293201, 6.019985 ], [ 11.29476, 6.032054 ], [ 11.307961, 6.039748 ], [ 11.307181, 6.045487 ], [ 11.299066, 6.051861 ], [ 11.30073, 6.064937 ], [ 11.296558, 6.077031 ], [ 11.29183, 6.076146 ], [ 11.28858, 6.06831 ], [ 11.285274, 6.071141 ], [ 11.289238, 6.081289 ], [ 11.279429, 6.091897 ], [ 11.275867, 6.105196 ], [ 11.27793, 6.117667 ], [ 11.262527, 6.136853 ], [ 11.264259, 6.142381 ], [ 11.271496, 6.141646 ], [ 11.275436, 6.146158 ], [ 11.280918, 6.158211 ], [ 11.268622, 6.175271 ], [ 11.262687, 6.174592 ], [ 11.27117, 6.18311 ], [ 11.268268, 6.186443 ], [ 11.271873, 6.206354 ], [ 11.29573, 6.211987 ], [ 11.301431, 6.228064 ], [ 11.297533, 6.233616 ], [ 11.303706, 6.242344 ], [ 11.301216, 6.24789 ], [ 11.290889, 6.25508 ], [ 11.278686, 6.247183 ], [ 11.264956, 6.258413 ], [ 11.258501, 6.254013 ], [ 11.245527, 6.258008 ], [ 11.240342, 6.264658 ], [ 11.230051, 6.256852 ], [ 11.219489, 6.256494 ], [ 11.200298, 6.261003 ], [ 11.185594, 6.257483 ], [ 11.163245, 6.263316 ], [ 11.144534, 6.246841 ], [ 11.137568, 6.226587 ], [ 11.126485, 6.228449 ], [ 11.1035, 6.218591 ], [ 11.07596, 6.217169 ], [ 11.067236, 6.21108 ], [ 11.056918, 6.212938 ], [ 11.052178, 6.223577 ], [ 11.026806, 6.239175 ], [ 11.017511, 6.233853 ], [ 11.008059, 6.237238 ], [ 10.99934, 6.232678 ], [ 11.012226, 6.151204 ], [ 10.990814, 6.108012 ], [ 10.990879, 6.099335 ], [ 10.999294, 6.08614 ], [ 10.989204, 6.064487 ], [ 10.975204, 6.057054 ], [ 10.971091, 6.044581 ], [ 10.963761, 6.037842 ], [ 10.934752, 6.024961 ], [ 10.925933, 6.016312 ], [ 10.898842, 6.013412 ], [ 10.8882, 6.019194 ], [ 10.863903, 6.020242 ], [ 10.852316, 6.003914 ], [ 10.850379, 5.985957 ], [ 10.841936, 5.976416 ], [ 10.824462, 5.984811 ], [ 10.817149, 5.999955 ], [ 10.806344, 6.001785 ], [ 10.801965, 6.01007 ], [ 10.792838, 6.011189 ], [ 10.788515, 6.018988 ], [ 10.776911, 6.020897 ], [ 10.772953, 6.016383 ], [ 10.75735, 6.017707 ], [ 10.750659, 6.022904 ], [ 10.742105, 6.021045 ], [ 10.729704, 6.027094 ], [ 10.722702, 6.03933 ], [ 10.715339, 6.032486 ], [ 10.705066, 6.037911 ], [ 10.699852, 6.017896 ], [ 10.68249, 6.004197 ], [ 10.680741, 5.994263 ], [ 10.659405, 5.983023 ], [ 10.661778, 5.957144 ], [ 10.650136, 5.942732 ], [ 10.640793, 5.940305 ], [ 10.639775, 5.915097 ], [ 10.634269, 5.902649 ], [ 10.637831, 5.895085 ], [ 10.629308, 5.882929 ], [ 10.624896, 5.889552 ], [ 10.621213, 5.887863 ], [ 10.616751, 5.877395 ], [ 10.617764, 5.868799 ], [ 10.623978, 5.86576 ], [ 10.617263, 5.858697 ], [ 10.63012, 5.837981 ], [ 10.62888, 5.832509 ], [ 10.616892, 5.828011 ], [ 10.608265, 5.811417 ], [ 10.599489, 5.808892 ], [ 10.605212, 5.798961 ], [ 10.610677, 5.797435 ], [ 10.604255, 5.79377 ], [ 10.603382, 5.785086 ], [ 10.587996, 5.778425 ], [ 10.579885, 5.777692 ], [ 10.565677, 5.795481 ], [ 10.563451, 5.793001 ], [ 10.557491, 5.775888 ], [ 10.564419, 5.764807 ], [ 10.556791, 5.756074 ], [ 10.560149, 5.750319 ], [ 10.55324, 5.745447 ], [ 10.559372, 5.740249 ], [ 10.558822, 5.728574 ], [ 10.552529, 5.726812 ], [ 10.560612, 5.718181 ], [ 10.54985, 5.713814 ], [ 10.555803, 5.704225 ], [ 10.542713, 5.697057 ], [ 10.536326, 5.7075 ], [ 10.527577, 5.705611 ], [ 10.522096, 5.709637 ], [ 10.505032, 5.705114 ], [ 10.502442, 5.694602 ], [ 10.493503, 5.689821 ], [ 10.487593, 5.680247 ], [ 10.490662, 5.670421 ], [ 10.483353, 5.662121 ], [ 10.467896, 5.657396 ], [ 10.468286, 5.648492 ], [ 10.459163, 5.639964 ], [ 10.46025, 5.623807 ], [ 10.467279, 5.612942 ], [ 10.472195, 5.612874 ], [ 10.474688, 5.622099 ], [ 10.480369, 5.619788 ], [ 10.480525, 5.613366 ], [ 10.486328, 5.609022 ], [ 10.483049, 5.604714 ], [ 10.501758, 5.603467 ], [ 10.512208, 5.592198 ], [ 10.523205, 5.593321 ], [ 10.529605, 5.580736 ], [ 10.543423, 5.576238 ], [ 10.553424, 5.581881 ], [ 10.557547, 5.573561 ], [ 10.553537, 5.566892 ], [ 10.565855, 5.562917 ], [ 10.572677, 5.550869 ], [ 10.567867, 5.5367 ], [ 10.575563, 5.536222 ], [ 10.573574, 5.530832 ], [ 10.566645, 5.528746 ], [ 10.572009, 5.525681 ], [ 10.566608, 5.519216 ], [ 10.576036, 5.51586 ], [ 10.573737, 5.508883 ], [ 10.581244, 5.505085 ], [ 10.582458, 5.499847 ], [ 10.55225, 5.481742 ], [ 10.561405, 5.471639 ], [ 10.55964, 5.464773 ], [ 10.533918, 5.447001 ], [ 10.525331, 5.452505 ], [ 10.524346, 5.441363 ], [ 10.519462, 5.437366 ], [ 10.526469, 5.428745 ], [ 10.519341, 5.424945 ], [ 10.518481, 5.411128 ], [ 10.507926, 5.40848 ] ] ] } },
{ "type": "Feature", "properties": { "GID_1": "CMR.10_1", "GID_2": "CMR.10.1_1", "NAME_1": "Sud", "NAME_2": "Dja et Lobo", "superficie_km2": 19950.1, "bati_2015_km2": 16.499, "bati_2025_km2": 18.579, "couverture_ghsl_pct": 100.0, "mesure_disponible": true, "part_batie_2015_pct": 0.083, "part_batie_2025_pct": 0.093, "gain_bati_km2": 2.08, "croissance_pct": 12.6 }, "geometry": { "type": "MultiPolygon", "coordinates": [ [ [ [ 13.083176, 2.855071 ], [ 13.085991, 2.843249 ], [ 13.081315, 2.837626 ], [ 13.070024, 2.84703 ], [ 13.038803, 2.847673 ], [ 13.019683, 2.858489 ], [ 13.00208, 2.849292 ], [ 13.00278, 2.867808 ], [ 12.987662, 2.873289 ], [ 12.986755, 2.886489 ], [ 12.979441, 2.883322 ], [ 12.966886, 2.864527 ], [ 12.953875, 2.86734 ], [ 12.939674, 2.862813 ], [ 12.937166, 2.872188 ], [ 12.924973, 2.866695 ], [ 12.914956, 2.878225 ], [ 12.90245, 2.873904 ], [ 12.874295, 2.875278 ], [ 12.85996, 2.893742 ], [ 12.842151, 2.887096 ], [ 12.833261, 2.888085 ], [ 12.82401, 2.90749 ], [ 12.813237, 2.915404 ], [ 12.805798, 2.907232 ], [ 12.794777, 2.904289 ], [ 12.792527, 2.927929 ], [ 12.781846, 2.931904 ], [ 12.770881, 2.945781 ], [ 12.764727, 2.973161 ], [ 12.770594, 2.995967 ], [ 12.765206, 3.170316 ], [ 12.558968, 3.376878 ], [ 12.550711, 3.378931 ], [ 12.549901, 3.389369 ], [ 12.542497, 3.392804 ], [ 12.549218, 3.40545 ], [ 12.547614, 3.430267 ], [ 12.563779, 3.502506 ], [ 12.563605, 3.533432 ], [ 12.543618, 3.567789 ], [ 12.52614, 3.573782 ], [ 12.522968, 3.59004 ], [ 12.527772, 3.627006 ], [ 12.498498, 3.681881 ], [ 12.477624, 3.671546 ], [ 12.466894, 3.676558 ], [ 12.454617, 3.675363 ], [ 12.446115, 3.665934 ], [ 12.44892, 3.653307 ], [ 12.439213, 3.652198 ], [ 12.432164, 3.624795 ], [ 12.432778, 3.610934 ], [ 12.414026, 3.607851 ], [ 12.397055, 3.597401 ], [ 12.258034, 3.48081 ], [ 12.223233, 3.343558 ], [ 12.216071, 3.335074 ], [ 12.215263, 3.320642 ], [ 12.209933, 3.319607 ], [ 12.205151, 3.311306 ], [ 12.191271, 3.313741 ], [ 12.192652, 3.329128 ], [ 12.179978, 3.32219 ], [ 12.171718, 3.326806 ], [ 12.160774, 3.325407 ], [ 12.149997, 3.316455 ], [ 12.158824, 3.310499 ], [ 12.146828, 3.307 ], [ 12.14319, 3.299746 ], [ 12.145738, 3.293046 ], [ 12.139739, 3.29144 ], [ 12.129587, 3.299694 ], [ 12.13341, 3.305131 ], [ 12.128966, 3.314036 ], [ 12.138513, 3.324809 ], [ 12.133683, 3.361537 ], [ 11.993971, 3.406726 ], [ 11.982306, 3.41881 ], [ 11.980546, 3.434497 ], [ 11.949867, 3.45257 ], [ 11.941745, 3.441407 ], [ 11.925672, 3.44423 ], [ 11.92171, 3.45543 ], [ 11.892361, 3.473785 ], [ 11.861237, 3.408184 ], [ 11.860111, 3.381315 ], [ 11.85229, 3.374931 ], [ 11.849023, 3.364039 ], [ 11.839247, 3.37277 ], [ 11.819998, 3.363168 ], [ 11.776405, 3.326187 ], [ 11.778272, 3.312793 ], [ 11.774552, 3.309934 ], [ 11.770106, 3.319606 ], [ 11.759066, 3.318489 ], [ 11.734559, 3.33472 ], [ 11.745658, 3.28754 ], [ 11.736783, 3.278287 ], [ 11.709755, 3.277022 ], [ 11.701807, 3.258203 ], [ 11.699846, 3.20044 ], [ 11.687381, 3.18921 ], [ 11.687622, 3.18643 ], [ 11.684367, 3.177703 ], [ 11.684136, 3.172099 ], [ 11.681432, 3.165865 ], [ 11.69213, 3.151579 ], [ 11.702928, 3.145263 ], [ 11.707305, 3.131953 ], [ 11.71533, 3.123963 ], [ 11.725986, 3.123996 ], [ 11.725568, 3.1194 ], [ 11.700257, 3.100344 ], [ 11.693486, 3.086109 ], [ 11.683967, 3.085916 ], [ 11.682253, 3.080419 ], [ 11.688665, 3.070896 ], [ 11.683011, 3.062777 ], [ 11.604609, 3.047475 ], [ 11.594504, 3.035612 ], [ 11.610709, 3.024829 ], [ 11.618578, 3.024482 ], [ 11.638073, 3.002645 ], [ 11.650451, 3.006835 ], [ 11.66513, 2.99499 ], [ 11.665759, 2.98548 ], [ 11.658449, 2.969151 ], [ 11.824716, 2.720666 ], [ 11.998936, 2.656185 ], [ 12.114086, 2.645359 ], [ 12.26066, 2.606288 ], [ 12.242979, 2.58849 ], [ 12.24232, 2.570715 ], [ 12.221295, 2.55574 ], [ 12.210552, 2.537808 ], [ 12.188002, 2.524594 ], [ 12.170341, 2.502007 ], [ 12.147792, 2.488886 ], [ 12.129976, 2.469041 ], [ 12.080187, 2.445977 ], [ 12.060378, 2.451099 ], [ 12.029616, 2.426344 ], [ 12.006516, 2.421458 ], [ 11.999338, 2.413594 ], [ 11.993427, 2.4131 ], [ 11.990646, 2.401253 ], [ 11.978857, 2.399244 ], [ 11.983474, 2.390936 ], [ 11.976266, 2.382952 ], [ 11.97462, 2.370816 ], [ 11.963832, 2.361714 ], [ 11.971146, 2.34839 ], [ 11.9658, 2.348979 ], [ 11.945891, 2.332959 ], [ 11.940457, 2.333188 ], [ 11.945632, 2.328541 ], [ 11.945205, 2.319351 ], [ 11.950147, 2.311872 ], [ 11.93777, 2.305869 ], [ 11.939247, 2.298965 ], [ 11.932675, 2.301023 ], [ 11.935605, 2.298978 ], [ 11.932189, 2.291223 ], [ 11.937087, 2.285132 ], [ 11.934324, 2.278196 ], [ 11.950673, 2.285515 ], [ 11.962996, 2.282903 ], [ 11.969201, 2.288481 ], [ 11.971605, 2.284413 ], [ 11.980724, 2.287243 ], [ 11.989006, 2.281581 ], [ 12.001375, 2.284533 ], [ 12.007257, 2.280816 ], [ 12.015743, 2.28803 ], [ 12.037723, 2.28094 ], [ 12.047951, 2.280527 ], [ 12.049718, 2.285216 ], [ 12.070992, 2.283472 ], [ 12.082432, 2.277844 ], [ 12.108219, 2.276979 ], [ 12.123369, 2.288844 ], [ 12.128376, 2.282478 ], [ 12.153657, 2.271032 ], [ 12.168524, 2.281254 ], [ 12.183083, 2.27708 ], [ 12.205026, 2.278379 ], [ 12.212379, 2.27564 ], [ 12.222401, 2.258171 ], [ 12.245902, 2.24841 ], [ 12.258657, 2.258482 ], [ 12.265916, 2.254679 ], [ 12.283241, 2.260944 ], [ 12.290753, 2.275935 ], [ 12.307167, 2.282198 ], [ 12.453922, 2.25246 ], [ 12.472964, 2.253532 ], [ 12.492743, 2.262249 ], [ 12.534319, 2.253638 ], [ 12.553547, 2.25669 ], [ 12.573323, 2.268049 ], [ 12.581491, 2.265326 ], [ 12.590799, 2.253072 ], [ 12.609699, 2.255958 ], [ 12.611539, 2.249803 ], [ 12.617168, 2.249883 ], [ 12.622175, 2.243237 ], [ 12.65209, 2.238048 ], [ 12.683256, 2.242274 ], [ 12.709457, 2.227237 ], [ 12.733101, 2.228548 ], [ 12.743388, 2.219857 ], [ 12.756043, 2.227309 ], [ 12.778771, 2.229397 ], [ 12.795577, 2.238767 ], [ 12.796898, 2.249459 ], [ 12.808025, 2.244167 ], [ 12.81962, 2.255795 ], [ 12.824339, 2.253253 ], [ 12.823723, 2.241429 ], [ 12.852727, 2.235454 ], [ 12.860129, 2.226899 ], [ 12.874696, 2.228265 ], [ 12.87791, 2.244412 ], [ 12.886709, 2.24315 ], [ 12.889325, 2.234658 ], [ 12.909166, 2.239289 ], [ 12.92084, 2.245677 ], [ 12.918296, 2.252966 ], [ 12.932091, 2.253057 ], [ 12.946816, 2.241962 ], [ 12.968847, 2.241143 ], [ 12.991219, 2.248821 ], [ 13.004949, 2.245087 ], [ 13.019021, 2.249142 ], [ 13.027055, 2.241365 ], [ 13.032541, 2.244134 ], [ 13.036285, 2.233801 ], [ 13.058101, 2.2373 ], [ 13.074348, 2.248036 ], [ 13.087686, 2.236654 ], [ 13.101651, 2.250835 ], [ 13.117727, 2.251335 ], [ 13.116851, 2.267315 ], [ 13.160309, 2.281343 ], [ 13.178204, 2.274667 ], [ 13.192277, 2.27947 ], [ 13.1842, 2.271517 ], [ 13.191634, 2.260808 ], [ 13.202759, 2.266372 ], [ 13.20353, 2.258047 ], [ 13.212852, 2.259973 ], [ 13.222276, 2.255103 ], [ 13.24842, 2.270735 ], [ 13.261276, 2.26051 ], [ 13.259478, 2.25266 ], [ 13.270615, 2.24808 ], [ 13.271671, 2.238893 ], [ 13.284029, 2.248191 ], [ 13.286996, 2.232882 ], [ 13.295092, 2.225522 ], [ 13.295293, 2.215281 ], [ 13.303198, 2.20773 ], [ 13.28419, 2.191055 ], [ 13.283911, 2.185312 ], [ 13.297426, 2.179681 ], [ 13.293155, 2.17135 ], [ 13.680087, 2.171692 ], [ 13.630462, 2.904451 ], [ 13.614548, 2.892287 ], [ 13.601752, 2.892872 ], [ 13.582988, 2.882101 ], [ 13.576137, 2.861604 ], [ 13.558086, 2.843916 ], [ 13.551313, 2.843092 ], [ 13.546391, 2.855448 ], [ 13.532633, 2.853482 ], [ 13.534909, 2.840605 ], [ 13.530321, 2.830413 ], [ 13.536128, 2.827731 ], [ 13.533777, 2.821572 ], [ 13.518335, 2.821632 ], [ 13.511174, 2.829743 ], [ 13.510463, 2.837297 ], [ 13.504001, 2.834877 ], [ 13.497824, 2.823839 ], [ 13.510684, 2.812409 ], [ 13.510308, 2.797202 ], [ 13.501386, 2.787239 ], [ 13.482548, 2.784652 ], [ 13.470874, 2.774486 ], [ 13.448787, 2.779994 ], [ 13.429191, 2.772729 ], [ 13.425754, 2.787208 ], [ 13.420475, 2.789887 ], [ 13.405653, 2.786859 ], [ 13.388148, 2.80171 ], [ 13.384285, 2.815447 ], [ 13.37584, 2.820479 ], [ 13.347184, 2.7958 ], [ 13.336847, 2.804243 ], [ 13.329652, 2.803844 ], [ 13.317722, 2.811017 ], [ 13.314804, 2.822836 ], [ 13.30396, 2.837239 ], [ 13.285474, 2.845606 ], [ 13.272969, 2.840333 ], [ 13.279262, 2.825096 ], [ 13.279003, 2.812118 ], [ 13.291637, 2.795262 ], [ 13.29182, 2.786963 ], [ 13.286511, 2.782195 ], [ 13.267467, 2.782264 ], [ 13.264421, 2.788233 ], [ 13.268304, 2.808753 ], [ 13.26063, 2.822293 ], [ 13.255141, 2.826249 ], [ 13.233138, 2.827713 ], [ 13.228942, 2.837836 ], [ 13.237742, 2.842592 ], [ 13.236698, 2.846532 ], [ 13.224752, 2.849768 ], [ 13.210628, 2.864716 ], [ 13.200789, 2.865604 ], [ 13.192896, 2.848183 ], [ 13.180209, 2.851528 ], [ 13.153944, 2.845878 ], [ 13.14574, 2.85974 ], [ 13.136964, 2.862113 ], [ 13.134461, 2.872444 ], [ 13.131258, 2.864688 ], [ 13.118645, 2.8592 ], [ 13.112443, 2.841452 ], [ 13.094346, 2.84141 ], [ 13.09798, 2.851825 ], [ 13.083176, 2.855071 ] ] ], [ [ [ 11.687202, 3.189113 ], [ 11.687366, 3.189049 ], [ 11.687349, 3.189192 ], [ 11.687202, 3.189113 ] ] ] ] } },
{ "type": "Feature", "properties": { "GID_1": "CMR.10_1", "GID_2": "CMR.10.2_1", "NAME_1": "Sud", "NAME_2": "Mvila", "superficie_km2": 8716.7, "bati_2015_km2": 12.194, "bati_2025_km2": 12.533, "couverture_ghsl_pct": 100.0, "mesure_disponible": true, "part_batie_2015_pct": 0.14, "part_batie_2025_pct": 0.144, "gain_bati_km2": 0.339, "croissance_pct": 2.8 }, "geometry": { "type": "Polygon", "coordinates": [ [ [ 12.114086, 2.645359 ], [ 11.998936, 2.656185 ], [ 11.824716, 2.720666 ], [ 11.658449, 2.969151 ], [ 11.665759, 2.98548 ], [ 11.66513, 2.99499 ], [ 11.650451, 3.006835 ], [ 11.638073, 3.002645 ], [ 11.618578, 3.024482 ], [ 11.610709, 3.024829 ], [ 11.594504, 3.035612 ], [ 11.604609, 3.047475 ], [ 11.683011, 3.062777 ], [ 11.688665, 3.070896 ], [ 11.682253, 3.080419 ], [ 11.683967, 3.085916 ], [ 11.693486, 3.086109 ], [ 11.700257, 3.100344 ], [ 11.725568, 3.1194 ], [ 11.725986, 3.123996 ], [ 11.71533, 3.123963 ], [ 11.707305, 3.131953 ], [ 11.702928, 3.145263 ], [ 11.682056, 3.164248 ], [ 11.687202, 3.189113 ], [ 11.640818, 3.187683 ], [ 11.614885, 3.167854 ], [ 11.603278, 3.168362 ], [ 11.585847, 3.161519 ], [ 11.564949, 3.137467 ], [ 11.55031, 3.143912 ], [ 11.545152, 3.135698 ], [ 11.505745, 3.130915 ], [ 11.501379, 3.136091 ], [ 11.412589, 3.134961 ], [ 11.404712, 3.144546 ], [ 11.361209, 3.139767 ], [ 11.355126, 3.143512 ], [ 11.346426, 3.126024 ], [ 11.331456, 3.113333 ], [ 11.31281, 3.116532 ], [ 11.297888, 3.125749 ], [ 11.297047, 3.132926 ], [ 11.270498, 3.135472 ], [ 11.25134, 3.122311 ], [ 11.236293, 3.118229 ], [ 11.218846, 3.104489 ], [ 11.21048, 3.108716 ], [ 11.189026, 3.135933 ], [ 11.184397, 3.152687 ], [ 11.140059, 3.153363 ], [ 11.119248, 3.164007 ], [ 11.097299, 3.157475 ], [ 11.071311, 3.170761 ], [ 11.069867, 3.177808 ], [ 11.060555, 3.18511 ], [ 11.046821, 3.181281 ], [ 11.031925, 3.184786 ], [ 11.024423, 3.182192 ], [ 11.013166, 3.160707 ], [ 10.994371, 3.164766 ], [ 10.969726, 3.16113 ], [ 10.957892, 3.151752 ], [ 10.902864, 3.135653 ], [ 10.832904, 3.213629 ], [ 10.575406, 3.076553 ], [ 10.592523, 3.064806 ], [ 10.596022, 3.057772 ], [ 10.593191, 3.004855 ], [ 10.606328, 2.978046 ], [ 10.594429, 2.96084 ], [ 10.627482, 2.928926 ], [ 10.611968, 2.89395 ], [ 10.627943, 2.883047 ], [ 10.663364, 2.888545 ], [ 10.705915, 2.844097 ], [ 10.713484, 2.827278 ], [ 10.706804, 2.814222 ], [ 10.711971, 2.795564 ], [ 10.707085, 2.780291 ], [ 10.710377, 2.773862 ], [ 10.725698, 2.773207 ], [ 10.734626, 2.78106 ], [ 10.770944, 2.791264 ], [ 10.803984, 2.779414 ], [ 10.860449, 2.74175 ], [ 10.887522, 2.751562 ], [ 10.898282, 2.748049 ], [ 10.907166, 2.750315 ], [ 10.947547, 2.772359 ], [ 10.961544, 2.774643 ], [ 11.356739, 2.600044 ], [ 11.680435, 2.374311 ], [ 11.674115, 2.368562 ], [ 11.672316, 2.355958 ], [ 11.666001, 2.348086 ], [ 11.666577, 2.342354 ], [ 11.671438, 2.340242 ], [ 11.671895, 2.325577 ], [ 11.665209, 2.314829 ], [ 11.70107, 2.315645 ], [ 11.704172, 2.305557 ], [ 11.711257, 2.299322 ], [ 11.723573, 2.299179 ], [ 11.731175, 2.29088 ], [ 11.746333, 2.294757 ], [ 11.742418, 2.28626 ], [ 11.748089, 2.274744 ], [ 11.752976, 2.282097 ], [ 11.752479, 2.274983 ], [ 11.74952, 2.272109 ], [ 11.756201, 2.267879 ], [ 11.766572, 2.270828 ], [ 11.784538, 2.268344 ], [ 11.787717, 2.275292 ], [ 11.793427, 2.271806 ], [ 11.794608, 2.278692 ], [ 11.800551, 2.273084 ], [ 11.819022, 2.274846 ], [ 11.823991, 2.271186 ], [ 11.824827, 2.279792 ], [ 11.829042, 2.282095 ], [ 11.84081, 2.272485 ], [ 11.853628, 2.278306 ], [ 11.855412, 2.270853 ], [ 11.866479, 2.268984 ], [ 11.871243, 2.281041 ], [ 11.889101, 2.27695 ], [ 11.89502, 2.282298 ], [ 11.911797, 2.277458 ], [ 11.921756, 2.287174 ], [ 11.934324, 2.278196 ], [ 11.937087, 2.285132 ], [ 11.932189, 2.291223 ], [ 11.935605, 2.298978 ], [ 11.932675, 2.301023 ], [ 11.939247, 2.298965 ], [ 11.93777, 2.305869 ], [ 11.950147, 2.311872 ], [ 11.945205, 2.319351 ], [ 11.945632, 2.328541 ], [ 11.940457, 2.333188 ], [ 11.945891, 2.332959 ], [ 11.9658, 2.348979 ], [ 11.971146, 2.34839 ], [ 11.963832, 2.361714 ], [ 11.97462, 2.370816 ], [ 11.976266, 2.382952 ], [ 11.983474, 2.390936 ], [ 11.978857, 2.399244 ], [ 11.990646, 2.401253 ], [ 11.993427, 2.4131 ], [ 11.999338, 2.413594 ], [ 12.006516, 2.421458 ], [ 12.029616, 2.426344 ], [ 12.060378, 2.451099 ], [ 12.080187, 2.445977 ], [ 12.129976, 2.469041 ], [ 12.147792, 2.488886 ], [ 12.170341, 2.502007 ], [ 12.188002, 2.524594 ], [ 12.210552, 2.537808 ], [ 12.221295, 2.55574 ], [ 12.24232, 2.570715 ], [ 12.242979, 2.58849 ], [ 12.26066, 2.606288 ], [ 12.114086, 2.645359 ] ] ] } },
{ "type": "Feature", "properties": { "GID_1": "CMR.10_1", "GID_2": "CMR.10.3_1", "NAME_1": "Sud", "NAME_2": "Océan", "superficie_km2": 11499.8, "bati_2015_km2": 10.905, "bati_2025_km2": 12.205, "couverture_ghsl_pct": 100.0, "mesure_disponible": true, "part_batie_2015_pct": 0.095, "part_batie_2025_pct": 0.106, "gain_bati_km2": 1.3, "croissance_pct": 11.9 }, "geometry": { "type": "Polygon", "coordinates": [ [ [ 10.567894, 2.64512 ], [ 10.573888, 2.674009 ], [ 10.593557, 2.708081 ], [ 10.610802, 2.712208 ], [ 10.624961, 2.706336 ], [ 10.640141, 2.71113 ], [ 10.654648, 2.707273 ], [ 10.664609, 2.722119 ], [ 10.663254, 2.738701 ], [ 10.669203, 2.755429 ], [ 10.697966, 2.751742 ], [ 10.707005, 2.761017 ], [ 10.710377, 2.773862 ], [ 10.707869, 2.786269 ], [ 10.711971, 2.795564 ], [ 10.706804, 2.814222 ], [ 10.713484, 2.827278 ], [ 10.705915, 2.844097 ], [ 10.663364, 2.888545 ], [ 10.627943, 2.883047 ], [ 10.611968, 2.89395 ], [ 10.627482, 2.928926 ], [ 10.594429, 2.96084 ], [ 10.606328, 2.978046 ], [ 10.593191, 3.004855 ], [ 10.596022, 3.057772 ], [ 10.592523, 3.064806 ], [ 10.575406, 3.076553 ], [ 10.832904, 3.213629 ], [ 10.902864, 3.135653 ], [ 10.957892, 3.151752 ], [ 10.969726, 3.16113 ], [ 10.994371, 3.164766 ], [ 11.013166, 3.160707 ], [ 11.024423, 3.182192 ], [ 11.031925, 3.184786 ], [ 11.046821, 3.181281 ], [ 11.060555, 3.18511 ], [ 11.069867, 3.177808 ], [ 11.071311, 3.170761 ], [ 11.097299, 3.157475 ], [ 11.119248, 3.164007 ], [ 11.140059, 3.153363 ], [ 11.173546, 3.154141 ], [ 11.179001, 3.166859 ], [ 11.172199, 3.19175 ], [ 11.174713, 3.210115 ], [ 11.159142, 3.229571 ], [ 11.139351, 3.233632 ], [ 11.128899, 3.242648 ], [ 11.113488, 3.24823 ], [ 11.111317, 3.256942 ], [ 11.118582, 3.271183 ], [ 11.108178, 3.303833 ], [ 11.098674, 3.311221 ], [ 11.099669, 3.331599 ], [ 11.079691, 3.338914 ], [ 11.087807, 3.349996 ], [ 11.082508, 3.365508 ], [ 11.067646, 3.361042 ], [ 11.061293, 3.373304 ], [ 11.06438, 3.392243 ], [ 11.035573, 3.412973 ], [ 11.031579, 3.415373 ], [ 11.016237, 3.410047 ], [ 10.999867, 3.413813 ], [ 10.990496, 3.394025 ], [ 10.982115, 3.393373 ], [ 10.966887, 3.396657 ], [ 10.954355, 3.415247 ], [ 10.895684, 3.409049 ], [ 10.886334, 3.399881 ], [ 10.881483, 3.402666 ], [ 10.868697, 3.389102 ], [ 10.861649, 3.388254 ], [ 10.850053, 3.399473 ], [ 10.843096, 3.39652 ], [ 10.833594, 3.407735 ], [ 10.827406, 3.408799 ], [ 10.833617, 3.419888 ], [ 10.827827, 3.430235 ], [ 10.820215, 3.433599 ], [ 10.81531, 3.458586 ], [ 10.762387, 3.473424 ], [ 10.554167, 3.403921 ], [ 10.296807, 3.331075 ], [ 10.290528, 3.336348 ], [ 10.251194, 3.413266 ], [ 10.254584, 3.456051 ], [ 10.239208, 3.466013 ], [ 10.238517, 3.47738 ], [ 10.243084, 3.480538 ], [ 10.236922, 3.487198 ], [ 10.236109, 3.504119 ], [ 10.23059, 3.509938 ], [ 10.229911, 3.531075 ], [ 10.235639, 3.542749 ], [ 10.202387, 3.559106 ], [ 10.204033, 3.59163 ], [ 10.185395, 3.59528 ], [ 10.173449, 3.580291 ], [ 10.154891, 3.567727 ], [ 10.15019, 3.575487 ], [ 10.130847, 3.575612 ], [ 10.119629, 3.581466 ], [ 10.11119, 3.565163 ], [ 10.111071, 3.549252 ], [ 10.102452, 3.549866 ], [ 10.083748, 3.496515 ], [ 10.067604, 3.489182 ], [ 10.071293, 3.471453 ], [ 10.069253, 3.440036 ], [ 10.075143, 3.419485 ], [ 10.053374, 3.398764 ], [ 10.057661, 3.378819 ], [ 10.048931, 3.367549 ], [ 10.03908, 3.337952 ], [ 10.002879, 3.312007 ], [ 9.982028, 3.303166 ], [ 9.963164, 3.276597 ], [ 9.933595, 3.26595 ], [ 9.919569, 3.268783 ], [ 9.907838, 3.260334 ], [ 9.902986, 3.263091 ], [ 9.926315, 3.21391 ], [ 9.92453, 3.210372 ], [ 9.947323, 3.147871 ], [ 9.97446, 3.08801 ], [ 9.963968, 3.079376 ], [ 9.966426, 3.061122 ], [ 9.961184, 3.056281 ], [ 9.960618, 3.035152 ], [ 9.955137, 3.020057 ], [ 9.946091, 3.006996 ], [ 9.929564, 3.000862 ], [ 9.92884, 2.993325 ], [ 9.92495, 2.993449 ], [ 9.912429, 2.972696 ], [ 9.91344, 2.962514 ], [ 9.910749, 2.965018 ], [ 9.907653, 2.948783 ], [ 9.905181, 2.950012 ], [ 9.905193, 2.936803 ], [ 9.897033, 2.916643 ], [ 9.899708, 2.901921 ], [ 9.896626, 2.880353 ], [ 9.890083, 2.880038 ], [ 9.881104, 2.840754 ], [ 9.892242, 2.799033 ], [ 9.876204, 2.768398 ], [ 9.873745, 2.733578 ], [ 9.85675, 2.716006 ], [ 9.859481, 2.697947 ], [ 9.846457, 2.672001 ], [ 9.839522, 2.617654 ], [ 9.82935, 2.577609 ], [ 9.8219, 2.567519 ], [ 9.822807, 2.518556 ], [ 9.815081, 2.50632 ], [ 9.822694, 2.474977 ], [ 9.820947, 2.461001 ], [ 9.825347, 2.438418 ], [ 9.817172, 2.419363 ], [ 9.822639, 2.377475 ], [ 9.818666, 2.362393 ], [ 9.821338, 2.34755 ], [ 9.835248, 2.327492 ], [ 9.830045, 2.290158 ], [ 9.846112, 2.244625 ], [ 9.87759, 2.231256 ], [ 9.878126, 2.217942 ], [ 9.8876, 2.2194 ], [ 9.902821, 2.197039 ], [ 9.919762, 2.197042 ], [ 9.933703, 2.182238 ], [ 9.938412, 2.191571 ], [ 9.9466, 2.186721 ], [ 9.955583, 2.188615 ], [ 9.982765, 2.173032 ], [ 9.9863, 2.174743 ], [ 9.988886, 2.167298 ], [ 10.000694, 2.171612 ], [ 10.012523, 2.169898 ], [ 10.031023, 2.160476 ], [ 10.041036, 2.164456 ], [ 10.041488, 2.159634 ], [ 10.046826, 2.159816 ], [ 10.047954, 2.164972 ], [ 10.070146, 2.160112 ], [ 10.109699, 2.161666 ], [ 10.114781, 2.157352 ], [ 10.110327, 2.152897 ], [ 10.113235, 2.146547 ], [ 10.120065, 2.141032 ], [ 10.136584, 2.155503 ], [ 10.16608, 2.150719 ], [ 10.181766, 2.170999 ], [ 10.188081, 2.171731 ], [ 10.195684, 2.195812 ], [ 10.194048, 2.208031 ], [ 10.199995, 2.219404 ], [ 10.212171, 2.225235 ], [ 10.247985, 2.264694 ], [ 10.267141, 2.290674 ], [ 10.271525, 2.304992 ], [ 10.333827, 2.354081 ], [ 10.362868, 2.392689 ], [ 10.361452, 2.408232 ], [ 10.371672, 2.422329 ], [ 10.375545, 2.419827 ], [ 10.380156, 2.422968 ], [ 10.3793, 2.429519 ], [ 10.389034, 2.441519 ], [ 10.395339, 2.459078 ], [ 10.39115, 2.465542 ], [ 10.410086, 2.467895 ], [ 10.416478, 2.48217 ], [ 10.422166, 2.480818 ], [ 10.431538, 2.488396 ], [ 10.435442, 2.498852 ], [ 10.432075, 2.508322 ], [ 10.446648, 2.523542 ], [ 10.461413, 2.527481 ], [ 10.473402, 2.545246 ], [ 10.481891, 2.5452 ], [ 10.509212, 2.579765 ], [ 10.550689, 2.615012 ], [ 10.567894, 2.64512 ] ] ] } },
{ "type": "Feature", "properties": { "GID_1": "CMR.10_1", "GID_2": "CMR.10.4_1", "NAME_1": "Sud", "NAME_2": "Vallée du Ntem", "superficie_km2": 7257.3, "bati_2015_km2": 5.396, "bati_2025_km2": 5.84, "couverture_ghsl_pct": 100.0, "mesure_disponible": true, "part_batie_2015_pct": 0.074, "part_batie_2025_pct": 0.08, "gain_bati_km2": 0.444, "croissance_pct": 8.2 }, "geometry": { "type": "Polygon", "coordinates": [ [ [ 11.380275, 2.298 ], [ 11.388547, 2.294982 ], [ 11.396113, 2.300678 ], [ 11.420135, 2.290891 ], [ 11.439953, 2.298051 ], [ 11.44516, 2.289979 ], [ 11.451774, 2.289479 ], [ 11.459798, 2.294717 ], [ 11.456418, 2.301346 ], [ 11.475631, 2.300419 ], [ 11.487792, 2.292422 ], [ 11.501853, 2.300083 ], [ 11.515882, 2.297652 ], [ 11.523341, 2.301225 ], [ 11.533733, 2.294369 ], [ 11.539883, 2.297538 ], [ 11.548669, 2.294406 ], [ 11.560219, 2.304011 ], [ 11.582673, 2.307047 ], [ 11.600644, 2.301585 ], [ 11.610299, 2.293293 ], [ 11.630799, 2.303263 ], [ 11.649102, 2.302747 ], [ 11.65535, 2.31297 ], [ 11.665209, 2.314829 ], [ 11.671546, 2.324231 ], [ 11.671438, 2.340242 ], [ 11.666577, 2.342354 ], [ 11.666001, 2.348086 ], [ 11.672316, 2.355958 ], [ 11.674115, 2.368562 ], [ 11.680435, 2.374311 ], [ 11.356739, 2.600044 ], [ 10.961544, 2.774643 ], [ 10.947547, 2.772359 ], [ 10.907166, 2.750315 ], [ 10.898282, 2.748049 ], [ 10.887522, 2.751562 ], [ 10.860449, 2.74175 ], [ 10.803984, 2.779414 ], [ 10.764695, 2.791952 ], [ 10.74264, 2.780852 ], [ 10.734626, 2.78106 ], [ 10.727934, 2.773926 ], [ 10.708259, 2.773143 ], [ 10.707005, 2.761017 ], [ 10.697966, 2.751742 ], [ 10.669203, 2.755429 ], [ 10.663254, 2.738701 ], [ 10.664609, 2.722119 ], [ 10.654648, 2.707273 ], [ 10.640141, 2.71113 ], [ 10.624961, 2.706336 ], [ 10.610802, 2.712208 ], [ 10.593557, 2.708081 ], [ 10.573888, 2.674009 ], [ 10.564858, 2.635 ], [ 10.550689, 2.615012 ], [ 10.509212, 2.579765 ], [ 10.481891, 2.5452 ], [ 10.474688, 2.546089 ], [ 10.461413, 2.527481 ], [ 10.444228, 2.521933 ], [ 10.431396, 2.507101 ], [ 10.434402, 2.492675 ], [ 10.422166, 2.480818 ], [ 10.416478, 2.48217 ], [ 10.41172, 2.477504 ], [ 10.411219, 2.468889 ], [ 10.39115, 2.465542 ], [ 10.395339, 2.459078 ], [ 10.389034, 2.441519 ], [ 10.3793, 2.429519 ], [ 10.380156, 2.422968 ], [ 10.375545, 2.419827 ], [ 10.371672, 2.422329 ], [ 10.361452, 2.408232 ], [ 10.362868, 2.392689 ], [ 10.333827, 2.354081 ], [ 10.271525, 2.304992 ], [ 10.267141, 2.290674 ], [ 10.247985, 2.264694 ], [ 10.212171, 2.225235 ], [ 10.199995, 2.219404 ], [ 10.194048, 2.208031 ], [ 10.195684, 2.195812 ], [ 10.188293, 2.172402 ], [ 11.249957, 2.171722 ], [ 11.346167, 2.17521 ], [ 11.353188, 2.171281 ], [ 11.359899, 2.174152 ], [ 11.355342, 2.180869 ], [ 11.363935, 2.198886 ], [ 11.359027, 2.201912 ], [ 11.363108, 2.211153 ], [ 11.35905, 2.215959 ], [ 11.365252, 2.219815 ], [ 11.355093, 2.225638 ], [ 11.360618, 2.22743 ], [ 11.364112, 2.24332 ], [ 11.370229, 2.235709 ], [ 11.382174, 2.245027 ], [ 11.377362, 2.255278 ], [ 11.384241, 2.262405 ], [ 11.377337, 2.265082 ], [ 11.382895, 2.276391 ], [ 11.378104, 2.277583 ], [ 11.379798, 2.284238 ], [ 11.365482, 2.287757 ], [ 11.380275, 2.298 ] ] ] } },
{ "type": "Feature", "properties": { "GID_1": "CMR.9_1", "GID_2": "CMR.9.1_1", "NAME_1": "Sud-Ouest", "NAME_2": "Fako", "superficie_km2": 2066.2, "bati_2015_km2": 24.831, "bati_2025_km2": 27.287, "couverture_ghsl_pct": 100.0, "mesure_disponible": true, "part_batie_2015_pct": 1.202, "part_batie_2025_pct": 1.321, "gain_bati_km2": 2.456, "croissance_pct": 9.9 }, "geometry": { "type": "Polygon", "coordinates": [ [ [ 9.212541, 4.002991 ], [ 9.210126, 3.995734 ], [ 9.204434, 3.995741 ], [ 9.211816, 3.97798 ], [ 9.20544, 3.960598 ], [ 9.213804, 3.951226 ], [ 9.218219, 3.957544 ], [ 9.215691, 3.966433 ], [ 9.219047, 3.961217 ], [ 9.230515, 3.963289 ], [ 9.234843, 3.954269 ], [ 9.232603, 3.948246 ], [ 9.243067, 3.942064 ], [ 9.252219, 3.947268 ], [ 9.252083, 3.958043 ], [ 9.256678, 3.962472 ], [ 9.26975, 3.962626 ], [ 9.267252, 3.976048 ], [ 9.281774, 3.971752 ], [ 9.285511, 3.97537 ], [ 9.28478, 3.982983 ], [ 9.290876, 3.984264 ], [ 9.290071, 3.993797 ], [ 9.297234, 4.001341 ], [ 9.306271, 4.005616 ], [ 9.310436, 4.000752 ], [ 9.322223, 3.999905 ], [ 9.300505, 3.983278 ], [ 9.294419, 3.971406 ], [ 9.294071, 3.959264 ], [ 9.304168, 3.943664 ], [ 9.335786, 3.915423 ], [ 9.339235, 3.917252 ], [ 9.355698, 3.907412 ], [ 9.381182, 3.920585 ], [ 9.386052, 3.939253 ], [ 9.396352, 3.949014 ], [ 9.394259, 3.957727 ], [ 9.405419, 3.971126 ], [ 9.403999, 3.991808 ], [ 9.413536, 3.996973 ], [ 9.434525, 4.023866 ], [ 9.451781, 4.023857 ], [ 9.457045, 4.059566 ], [ 9.478689, 4.062139 ], [ 9.494033, 4.04997 ], [ 9.498991, 4.051403 ], [ 9.506529, 4.060015 ], [ 9.509882, 4.08548 ], [ 9.529536, 4.105573 ], [ 9.542121, 4.103458 ], [ 9.547082, 4.108051 ], [ 9.55223, 4.106802 ], [ 9.557961, 4.120585 ], [ 9.547862, 4.13323 ], [ 9.548922, 4.148836 ], [ 9.540532, 4.151235 ], [ 9.541112, 4.161479 ], [ 9.529767, 4.165891 ], [ 9.528348, 4.181976 ], [ 9.532743, 4.194324 ], [ 9.529988, 4.210411 ], [ 9.519404, 4.212332 ], [ 9.510526, 4.196828 ], [ 9.499659, 4.203729 ], [ 9.491834, 4.195787 ], [ 9.483254, 4.200579 ], [ 9.46675, 4.189771 ], [ 9.456835, 4.193032 ], [ 9.454648, 4.204522 ], [ 9.448833, 4.208068 ], [ 9.429667, 4.211717 ], [ 9.420794, 4.203967 ], [ 9.413748, 4.223502 ], [ 9.419567, 4.22618 ], [ 9.41919, 4.234988 ], [ 9.426533, 4.233356 ], [ 9.428633, 4.236898 ], [ 9.42387, 4.248773 ], [ 9.424742, 4.27175 ], [ 9.433624, 4.294819 ], [ 9.439345, 4.292997 ], [ 9.437729, 4.301711 ], [ 9.45242, 4.307734 ], [ 9.45872, 4.3174 ], [ 9.455967, 4.337986 ], [ 9.460547, 4.342388 ], [ 9.455782, 4.348327 ], [ 9.464746, 4.346406 ], [ 9.465897, 4.355405 ], [ 9.478492, 4.36277 ], [ 9.479722, 4.378542 ], [ 9.363462, 4.37802 ], [ 9.349445, 4.397556 ], [ 9.347546, 4.421296 ], [ 9.344482, 4.428288 ], [ 9.338457, 4.428781 ], [ 9.336877, 4.43859 ], [ 9.315016, 4.443278 ], [ 9.312282, 4.4493 ], [ 9.299885, 4.456326 ], [ 9.280605, 4.460924 ], [ 9.268805, 4.457702 ], [ 9.248054, 4.430347 ], [ 9.171698, 4.216529 ], [ 9.127437, 4.215439 ], [ 9.095333, 4.22965 ], [ 9.072926, 4.251528 ], [ 9.056196, 4.261538 ], [ 9.035131, 4.265257 ], [ 9.019761, 4.252302 ], [ 8.999414, 4.257859 ], [ 8.963728, 4.298459 ], [ 8.964684, 4.291597 ], [ 8.958419, 4.280019 ], [ 8.937588, 4.255505 ], [ 8.966965, 4.241109 ], [ 8.969484, 4.234178 ], [ 8.983563, 4.222624 ], [ 8.997722, 4.194453 ], [ 8.994825, 4.188717 ], [ 8.998971, 4.179988 ], [ 8.986724, 4.150471 ], [ 8.988914, 4.118065 ], [ 8.977319, 4.102503 ], [ 8.97779, 4.096603 ], [ 8.985758, 4.09633 ], [ 9.002635, 4.077556 ], [ 9.012748, 4.075727 ], [ 9.015613, 4.06675 ], [ 9.026313, 4.068829 ], [ 9.031953, 4.062729 ], [ 9.084486, 4.037594 ], [ 9.104512, 4.015835 ], [ 9.115175, 4.010246 ], [ 9.118851, 4.013368 ], [ 9.127718, 4.006907 ], [ 9.136621, 4.015115 ], [ 9.149098, 4.014491 ], [ 9.154599, 4.007911 ], [ 9.197583, 4.012267 ], [ 9.212541, 4.002991 ] ] ] } },
{ "type": "Feature", "properties": { "GID_1": "CMR.9_1", "GID_2": "CMR.9.2_1", "NAME_1": "Sud-Ouest", "NAME_2": "Koupé Manengouba", "superficie_km2": 3464.4, "bati_2015_km2": 5.949, "bati_2025_km2": 7.028, "couverture_ghsl_pct": 100.0, "mesure_disponible": true, "part_batie_2015_pct": 0.172, "part_batie_2025_pct": 0.203, "gain_bati_km2": 1.079, "croissance_pct": 18.1 }, "geometry": { "type": "Polygon", "coordinates": [ [ [ 9.705438, 4.793899 ], [ 9.703809, 4.806332 ], [ 9.709082, 4.813897 ], [ 9.729361, 4.821886 ], [ 9.749039, 4.841759 ], [ 9.742739, 4.858403 ], [ 9.753104, 4.867282 ], [ 9.764074, 4.867445 ], [ 9.774525, 4.873772 ], [ 9.770931, 4.877913 ], [ 9.762769, 4.877658 ], [ 9.763833, 4.887076 ], [ 9.779553, 4.897005 ], [ 9.786071, 4.916451 ], [ 9.756323, 4.919918 ], [ 9.754416, 4.941047 ], [ 9.766896, 4.956261 ], [ 9.77573, 5.005545 ], [ 9.811129, 5.025396 ], [ 9.822527, 5.014819 ], [ 9.828407, 5.01446 ], [ 9.841054, 5.020077 ], [ 9.856062, 5.018385 ], [ 9.866171, 5.029462 ], [ 9.854437, 5.051396 ], [ 9.831186, 5.060317 ], [ 9.815937, 5.079702 ], [ 9.811661, 5.099777 ], [ 9.8043, 5.111141 ], [ 9.801352, 5.140281 ], [ 9.775547, 5.146035 ], [ 9.766405, 5.209689 ], [ 9.745983, 5.240522 ], [ 9.736418, 5.245463 ], [ 9.74056, 5.257782 ], [ 9.739612, 5.273099 ], [ 9.744619, 5.274502 ], [ 9.768579, 5.263294 ], [ 9.783972, 5.2844 ], [ 9.805056, 5.291063 ], [ 9.829556, 5.290767 ], [ 9.824076, 5.330033 ], [ 9.840591, 5.334764 ], [ 9.849804, 5.332498 ], [ 9.852818, 5.338346 ], [ 9.874978, 5.349366 ], [ 9.893357, 5.351134 ], [ 9.911198, 5.371604 ], [ 9.894762, 5.381848 ], [ 9.869988, 5.388428 ], [ 9.818548, 5.372867 ], [ 9.801832, 5.374034 ], [ 9.803946, 5.390963 ], [ 9.793659, 5.398854 ], [ 9.776398, 5.430155 ], [ 9.782363, 5.441162 ], [ 9.778165, 5.459465 ], [ 9.772277, 5.466916 ], [ 9.776595, 5.475866 ], [ 9.692534, 5.490016 ], [ 9.61333, 5.439051 ], [ 9.428032, 5.336932 ], [ 9.387225, 5.323752 ], [ 9.361781, 5.304687 ], [ 9.347857, 5.283889 ], [ 9.334805, 5.288179 ], [ 9.33164, 5.293478 ], [ 9.314961, 5.293509 ], [ 9.303, 5.298634 ], [ 9.292405, 5.314795 ], [ 9.282005, 5.319567 ], [ 9.264872, 5.319315 ], [ 9.256163, 5.309865 ], [ 9.244568, 5.305256 ], [ 9.186213, 5.299579 ], [ 9.191215, 5.280295 ], [ 9.202138, 5.268096 ], [ 9.201686, 5.253887 ], [ 9.215381, 5.257822 ], [ 9.215161, 5.249912 ], [ 9.225164, 5.242389 ], [ 9.227726, 5.233918 ], [ 9.25727, 5.229943 ], [ 9.270896, 5.225528 ], [ 9.275188, 5.219357 ], [ 9.275867, 5.208964 ], [ 9.269739, 5.192065 ], [ 9.270285, 5.180206 ], [ 9.277569, 5.166211 ], [ 9.273411, 5.141245 ], [ 9.327738, 5.109507 ], [ 9.339641, 5.09223 ], [ 9.363771, 5.100404 ], [ 9.384142, 5.089143 ], [ 9.409063, 5.099796 ], [ 9.414999, 5.090834 ], [ 9.407961, 5.075777 ], [ 9.395283, 5.071105 ], [ 9.395434, 5.062449 ], [ 9.417305, 5.046823 ], [ 9.425155, 5.048359 ], [ 9.429975, 5.029955 ], [ 9.423058, 5.01861 ], [ 9.42478, 5.006411 ], [ 9.440514, 4.9961 ], [ 9.461994, 4.999508 ], [ 9.461929, 4.979197 ], [ 9.468765, 4.972915 ], [ 9.468742, 4.966421 ], [ 9.477068, 4.966259 ], [ 9.477494, 4.961392 ], [ 9.492844, 4.964767 ], [ 9.497921, 4.956692 ], [ 9.504476, 4.956283 ], [ 9.480362, 4.936344 ], [ 9.478352, 4.927745 ], [ 9.484231, 4.906495 ], [ 9.489898, 4.901517 ], [ 9.48575, 4.890427 ], [ 9.498767, 4.881952 ], [ 9.477868, 4.864764 ], [ 9.466631, 4.848823 ], [ 9.463717, 4.828235 ], [ 9.468989, 4.82418 ], [ 9.474295, 4.825693 ], [ 9.478893, 4.819213 ], [ 9.500628, 4.818848 ], [ 9.510051, 4.806709 ], [ 9.517738, 4.809013 ], [ 9.523234, 4.805965 ], [ 9.521742, 4.799845 ], [ 9.513668, 4.797692 ], [ 9.521389, 4.786157 ], [ 9.520156, 4.776544 ], [ 9.502921, 4.75383 ], [ 9.5069, 4.737981 ], [ 9.502554, 4.702846 ], [ 9.521134, 4.695122 ], [ 9.529193, 4.698227 ], [ 9.555408, 4.694293 ], [ 9.56862, 4.684174 ], [ 9.569823, 4.670074 ], [ 9.556919, 4.662201 ], [ 9.551384, 4.637548 ], [ 9.545697, 4.63252 ], [ 9.552534, 4.619309 ], [ 9.566931, 4.619166 ], [ 9.56382, 4.605186 ], [ 9.576663, 4.616933 ], [ 9.630406, 4.62712 ], [ 9.634479, 4.635172 ], [ 9.643576, 4.637672 ], [ 9.646877, 4.650323 ], [ 9.637777, 4.652752 ], [ 9.632195, 4.664201 ], [ 9.691056, 4.721375 ], [ 9.705438, 4.793899 ] ] ] } },
{ "type": "Feature", "properties": { "GID_1": "CMR.9_1", "GID_2": "CMR.9.3_1", "NAME_1": "Sud-Ouest", "NAME_2": "Lebialem", "superficie_km2": 642.9, "bati_2015_km2": 3.84, "bati_2025_km2": 5.752, "couverture_ghsl_pct": 100.0, "mesure_disponible": true, "part_batie_2015_pct": 0.597, "part_batie_2025_pct": 0.895, "gain_bati_km2": 1.912, "croissance_pct": 49.8 }, "geometry": { "type": "Polygon", "coordinates": [ [ [ 9.947609, 5.454948 ], [ 9.952281, 5.488942 ], [ 9.959077, 5.494882 ], [ 9.949695, 5.522099 ], [ 9.959153, 5.54239 ], [ 9.966514, 5.546817 ], [ 9.965302, 5.555603 ], [ 9.955693, 5.559491 ], [ 9.948732, 5.568758 ], [ 9.962247, 5.589609 ], [ 9.978728, 5.580043 ], [ 9.998054, 5.580388 ], [ 10.021494, 5.615577 ], [ 10.024629, 5.62955 ], [ 10.046794, 5.635082 ], [ 10.05697, 5.631664 ], [ 10.079041, 5.633993 ], [ 10.091026, 5.644729 ], [ 10.101245, 5.663693 ], [ 10.097887, 5.682966 ], [ 10.087529, 5.690259 ], [ 10.07936, 5.708124 ], [ 10.06404, 5.71785 ], [ 9.997377, 5.719218 ], [ 9.985452, 5.7286 ], [ 9.978412, 5.741302 ], [ 9.955568, 5.75219 ], [ 9.911861, 5.725707 ], [ 9.91566, 5.717219 ], [ 9.911669, 5.711851 ], [ 9.90992, 5.691588 ], [ 9.90056, 5.680839 ], [ 9.909115, 5.657836 ], [ 9.892664, 5.628976 ], [ 9.87334, 5.613819 ], [ 9.865827, 5.601948 ], [ 9.869638, 5.596281 ], [ 9.882417, 5.593818 ], [ 9.880927, 5.564567 ], [ 9.858669, 5.549257 ], [ 9.840376, 5.542478 ], [ 9.829973, 5.530619 ], [ 9.832513, 5.52347 ], [ 9.824241, 5.525145 ], [ 9.821287, 5.516569 ], [ 9.795911, 5.501684 ], [ 9.794717, 5.491285 ], [ 9.776595, 5.475866 ], [ 9.772277, 5.466916 ], [ 9.782347, 5.443068 ], [ 9.776398, 5.430155 ], [ 9.793659, 5.398854 ], [ 9.803946, 5.390963 ], [ 9.80087, 5.375336 ], [ 9.804333, 5.373341 ], [ 9.847725, 5.379307 ], [ 9.869988, 5.388428 ], [ 9.915156, 5.371692 ], [ 9.923274, 5.380464 ], [ 9.923316, 5.408232 ], [ 9.931715, 5.41587 ], [ 9.947609, 5.454948 ] ] ] } },
{ "type": "Feature", "properties": { "GID_1": "CMR.9_1", "GID_2": "CMR.9.4_1", "NAME_1": "Sud-Ouest", "NAME_2": "Manyu", "superficie_km2": 9588.7, "bati_2015_km2": 8.266, "bati_2025_km2": 10.043, "couverture_ghsl_pct": 100.0, "mesure_disponible": true, "part_batie_2015_pct": 0.086, "part_batie_2025_pct": 0.105, "gain_bati_km2": 1.777, "croissance_pct": 21.5 }, "geometry": { "type": "Polygon", "coordinates": [ [ [ 9.603939, 5.935908 ], [ 9.619618, 5.935317 ], [ 9.633982, 5.953681 ], [ 9.638874, 5.967557 ], [ 9.636111, 5.976464 ], [ 9.639274, 5.982396 ], [ 9.612037, 6.007402 ], [ 9.612697, 6.023187 ], [ 9.623106, 6.028966 ], [ 9.62974, 6.043931 ], [ 9.65026, 6.051551 ], [ 9.655654, 6.05852 ], [ 9.673878, 6.062239 ], [ 9.702235, 6.090621 ], [ 9.710403, 6.083849 ], [ 9.726398, 6.084697 ], [ 9.736766, 6.116185 ], [ 9.765443, 6.125458 ], [ 9.763034, 6.134124 ], [ 9.772458, 6.146729 ], [ 9.767003, 6.158496 ], [ 9.789146, 6.166862 ], [ 9.786911, 6.177027 ], [ 9.790551, 6.183728 ], [ 9.771766, 6.198583 ], [ 9.781543, 6.206037 ], [ 9.80582, 6.209671 ], [ 9.816828, 6.221224 ], [ 9.8086, 6.252716 ], [ 9.78861, 6.272702 ], [ 9.788483, 6.287357 ], [ 9.772645, 6.306565 ], [ 9.768832, 6.341939 ], [ 9.759324, 6.362491 ], [ 9.764067, 6.390413 ], [ 9.750241, 6.408883 ], [ 9.751397, 6.418659 ], [ 9.7365, 6.431143 ], [ 9.743618, 6.484232 ], [ 9.707198, 6.500149 ], [ 9.706346, 6.515554 ], [ 9.701474, 6.510728 ], [ 9.693625, 6.5161 ], [ 9.668976, 6.510749 ], [ 9.65168, 6.529213 ], [ 9.64932, 6.52396 ], [ 9.633991, 6.520159 ], [ 9.599738, 6.530717 ], [ 9.594839, 6.528948 ], [ 9.582773, 6.492852 ], [ 9.587982, 6.475166 ], [ 9.528006, 6.443352 ], [ 9.513637, 6.443098 ], [ 9.464489, 6.454388 ], [ 9.457625, 6.432923 ], [ 9.460099, 6.426146 ], [ 9.455614, 6.42156 ], [ 9.4568, 6.409643 ], [ 9.450592, 6.38653 ], [ 9.445146, 6.38168 ], [ 9.442021, 6.348593 ], [ 9.431278, 6.317245 ], [ 9.352433, 6.352984 ], [ 9.343442, 6.351086 ], [ 9.343549, 6.328871 ], [ 9.333884, 6.319678 ], [ 9.337246, 6.315312 ], [ 9.333715, 6.293262 ], [ 9.330065, 6.287448 ], [ 9.320407, 6.287686 ], [ 9.324018, 6.281379 ], [ 9.321745, 6.274951 ], [ 9.30824, 6.262759 ], [ 9.265695, 6.184168 ], [ 9.211696, 6.167309 ], [ 9.167498, 6.130717 ], [ 9.152614, 6.090577 ], [ 9.133094, 6.072075 ], [ 9.053596, 5.99921 ], [ 8.945056, 5.911194 ], [ 8.912257, 5.90246 ], [ 8.913972, 5.891739 ], [ 8.903375, 5.873115 ], [ 8.902875, 5.863132 ], [ 8.882977, 5.860476 ], [ 8.858809, 5.845056 ], [ 8.856, 5.830707 ], [ 8.840001, 5.826343 ], [ 8.849235, 5.80253 ], [ 8.847064, 5.792301 ], [ 8.860287, 5.800138 ], [ 8.869383, 5.795819 ], [ 8.87236, 5.801792 ], [ 8.882951, 5.792844 ], [ 8.883421, 5.777464 ], [ 8.881745, 5.770668 ], [ 8.874526, 5.770208 ], [ 8.868416, 5.758642 ], [ 8.86975, 5.747689 ], [ 8.875004, 5.746984 ], [ 8.867755, 5.735178 ], [ 8.86185, 5.732829 ], [ 8.860005, 5.720471 ], [ 8.854161, 5.719495 ], [ 8.854125, 5.70868 ], [ 8.842211, 5.699413 ], [ 8.836501, 5.707272 ], [ 8.832183, 5.705855 ], [ 8.836645, 5.679553 ], [ 8.854479, 5.66832 ], [ 8.870043, 5.646256 ], [ 8.882248, 5.640795 ], [ 8.890448, 5.626801 ], [ 8.898597, 5.624197 ], [ 8.920679, 5.572205 ], [ 8.920333, 5.564701 ], [ 8.910924, 5.559367 ], [ 8.891793, 5.517491 ], [ 8.866731, 5.489424 ], [ 8.86527, 5.473489 ], [ 8.843883, 5.459048 ], [ 8.831048, 5.429978 ], [ 8.840231, 5.387762 ], [ 8.835689, 5.343849 ], [ 8.894845, 5.330618 ], [ 8.899125, 5.325977 ], [ 8.90612, 5.327364 ], [ 8.914737, 5.312373 ], [ 8.940701, 5.300187 ], [ 8.949721, 5.310962 ], [ 8.949317, 5.352091 ], [ 8.960499, 5.373281 ], [ 8.964664, 5.409801 ], [ 8.977136, 5.418709 ], [ 8.981999, 5.429005 ], [ 8.988406, 5.430973 ], [ 9.044265, 5.410006 ], [ 9.055017, 5.400888 ], [ 9.096777, 5.38768 ], [ 9.104613, 5.393027 ], [ 9.113843, 5.390335 ], [ 9.12125, 5.3948 ], [ 9.130219, 5.388737 ], [ 9.134378, 5.396831 ], [ 9.146359, 5.394904 ], [ 9.147589, 5.390369 ], [ 9.140063, 5.382975 ], [ 9.147981, 5.379976 ], [ 9.149638, 5.374691 ], [ 9.141327, 5.373 ], [ 9.150399, 5.371477 ], [ 9.153255, 5.363157 ], [ 9.148023, 5.360325 ], [ 9.142716, 5.365252 ], [ 9.142151, 5.347968 ], [ 9.144957, 5.344773 ], [ 9.163195, 5.347144 ], [ 9.169045, 5.330945 ], [ 9.166876, 5.313206 ], [ 9.178121, 5.313605 ], [ 9.186213, 5.299579 ], [ 9.244568, 5.305256 ], [ 9.256163, 5.309865 ], [ 9.264872, 5.319315 ], [ 9.282005, 5.319567 ], [ 9.292405, 5.314795 ], [ 9.303, 5.298634 ], [ 9.314961, 5.293509 ], [ 9.33164, 5.293478 ], [ 9.346302, 5.283599 ], [ 9.371092, 5.313867 ], [ 9.387225, 5.323752 ], [ 9.428032, 5.336932 ], [ 9.61333, 5.439051 ], [ 9.692534, 5.490016 ], [ 9.778795, 5.475977 ], [ 9.794717, 5.491285 ], [ 9.795911, 5.501684 ], [ 9.821287, 5.516569 ], [ 9.824241, 5.525145 ], [ 9.832513, 5.52347 ], [ 9.829973, 5.530619 ], [ 9.840376, 5.542478 ], [ 9.858669, 5.549257 ], [ 9.880927, 5.564567 ], [ 9.882417, 5.593818 ], [ 9.869638, 5.596281 ], [ 9.865827, 5.601948 ], [ 9.87334, 5.613819 ], [ 9.892664, 5.628976 ], [ 9.909115, 5.657836 ], [ 9.90056, 5.680839 ], [ 9.90992, 5.691588 ], [ 9.915462, 5.718781 ], [ 9.911372, 5.726607 ], [ 9.888996, 5.718792 ], [ 9.883677, 5.740627 ], [ 9.855282, 5.73416 ], [ 9.850629, 5.753888 ], [ 9.833229, 5.75085 ], [ 9.81536, 5.75413 ], [ 9.811853, 5.774718 ], [ 9.783938, 5.771502 ], [ 9.768461, 5.776789 ], [ 9.754721, 5.794518 ], [ 9.754272, 5.816728 ], [ 9.725541, 5.849028 ], [ 9.690657, 5.855869 ], [ 9.685663, 5.838164 ], [ 9.679925, 5.835299 ], [ 9.669233, 5.848715 ], [ 9.649937, 5.860417 ], [ 9.633715, 5.887529 ], [ 9.617262, 5.879219 ], [ 9.610865, 5.886501 ], [ 9.602922, 5.880862 ], [ 9.590974, 5.882215 ], [ 9.594998, 5.890731 ], [ 9.593203, 5.910358 ], [ 9.604299, 5.914846 ], [ 9.603939, 5.935908 ] ] ] } },
{ "type": "Feature", "properties": { "GID_1": "CMR.9_1", "GID_2": "CMR.9.5_1", "NAME_1": "Sud-Ouest", "NAME_2": "Meme", "superficie_km2": 2881.5, "bati_2015_km2": 15.61, "bati_2025_km2": 17.104, "couverture_ghsl_pct": 100.0, "mesure_disponible": true, "part_batie_2015_pct": 0.542, "part_batie_2025_pct": 0.594, "gain_bati_km2": 1.494, "croissance_pct": 9.6 }, "geometry": { "type": "Polygon", "coordinates": [ [ [ 9.524405, 4.546179 ], [ 9.538538, 4.564263 ], [ 9.537155, 4.577129 ], [ 9.542203, 4.581637 ], [ 9.541331, 4.589341 ], [ 9.549226, 4.588344 ], [ 9.566725, 4.613082 ], [ 9.566931, 4.619166 ], [ 9.552534, 4.619309 ], [ 9.545697, 4.63252 ], [ 9.551384, 4.637548 ], [ 9.556919, 4.662201 ], [ 9.569823, 4.670074 ], [ 9.570258, 4.679202 ], [ 9.555408, 4.694293 ], [ 9.529193, 4.698227 ], [ 9.521134, 4.695122 ], [ 9.503028, 4.701303 ], [ 9.5069, 4.737981 ], [ 9.502921, 4.75383 ], [ 9.520156, 4.776544 ], [ 9.521389, 4.786157 ], [ 9.513668, 4.797692 ], [ 9.521742, 4.799845 ], [ 9.523234, 4.805965 ], [ 9.517738, 4.809013 ], [ 9.510051, 4.806709 ], [ 9.500628, 4.818848 ], [ 9.478893, 4.819213 ], [ 9.474295, 4.825693 ], [ 9.468989, 4.82418 ], [ 9.463717, 4.828235 ], [ 9.466631, 4.848823 ], [ 9.477868, 4.864764 ], [ 9.498767, 4.881952 ], [ 9.48575, 4.890427 ], [ 9.489898, 4.901517 ], [ 9.484231, 4.906495 ], [ 9.478352, 4.927745 ], [ 9.480362, 4.936344 ], [ 9.504476, 4.956283 ], [ 9.497921, 4.956692 ], [ 9.492844, 4.964767 ], [ 9.477494, 4.961392 ], [ 9.477068, 4.966259 ], [ 9.468742, 4.966421 ], [ 9.468765, 4.972915 ], [ 9.461929, 4.979197 ], [ 9.461994, 4.999508 ], [ 9.440514, 4.9961 ], [ 9.42478, 5.006411 ], [ 9.423058, 5.01861 ], [ 9.429975, 5.029955 ], [ 9.425155, 5.048359 ], [ 9.417305, 5.046823 ], [ 9.395434, 5.062449 ], [ 9.395283, 5.071105 ], [ 9.407961, 5.075777 ], [ 9.414999, 5.090834 ], [ 9.410072, 5.098955 ], [ 9.384142, 5.089143 ], [ 9.363771, 5.100404 ], [ 9.341415, 5.092014 ], [ 9.330534, 5.107188 ], [ 9.321853, 5.097736 ], [ 9.315338, 5.074535 ], [ 9.302979, 5.068128 ], [ 9.270592, 5.030902 ], [ 9.252844, 5.023129 ], [ 9.246933, 5.014436 ], [ 9.261961, 4.982493 ], [ 9.273467, 4.969119 ], [ 9.271377, 4.9575 ], [ 9.251622, 4.928622 ], [ 9.281054, 4.901927 ], [ 9.276014, 4.859218 ], [ 9.262264, 4.827757 ], [ 9.255161, 4.821692 ], [ 9.231855, 4.815636 ], [ 9.216804, 4.782922 ], [ 9.226604, 4.745732 ], [ 9.240233, 4.73911 ], [ 9.243648, 4.732255 ], [ 9.237763, 4.720049 ], [ 9.245748, 4.707667 ], [ 9.241488, 4.675499 ], [ 9.232509, 4.66693 ], [ 9.224082, 4.644453 ], [ 9.198534, 4.627694 ], [ 9.176103, 4.62253 ], [ 9.15867, 4.613014 ], [ 9.15092, 4.597238 ], [ 9.104687, 4.568157 ], [ 9.085445, 4.548378 ], [ 9.081179, 4.535018 ], [ 9.103551, 4.528613 ], [ 9.107231, 4.524544 ], [ 9.106488, 4.508241 ], [ 9.115997, 4.50495 ], [ 9.125301, 4.508979 ], [ 9.115433, 4.502603 ], [ 9.111144, 4.491586 ], [ 9.114458, 4.478581 ], [ 9.1096, 4.46595 ], [ 9.098711, 4.459419 ], [ 9.107941, 4.454471 ], [ 9.114817, 4.433734 ], [ 9.106092, 4.43015 ], [ 9.104259, 4.422229 ], [ 9.086814, 4.414915 ], [ 9.084559, 4.40494 ], [ 9.07268, 4.394596 ], [ 9.061032, 4.39216 ], [ 9.048138, 4.38137 ], [ 9.035119, 4.386243 ], [ 9.00996, 4.374335 ], [ 9.002765, 4.363675 ], [ 8.991216, 4.35895 ], [ 8.990339, 4.353179 ], [ 8.972739, 4.335951 ], [ 8.963706, 4.298485 ], [ 8.999414, 4.257859 ], [ 9.019761, 4.252302 ], [ 9.035131, 4.265257 ], [ 9.056196, 4.261538 ], [ 9.072926, 4.251528 ], [ 9.095333, 4.22965 ], [ 9.127437, 4.215439 ], [ 9.171698, 4.216529 ], [ 9.248054, 4.430347 ], [ 9.265278, 4.454977 ], [ 9.277165, 4.460789 ], [ 9.292991, 4.458107 ], [ 9.312282, 4.4493 ], [ 9.315016, 4.443278 ], [ 9.336877, 4.43859 ], [ 9.338457, 4.428781 ], [ 9.344482, 4.428288 ], [ 9.347546, 4.421296 ], [ 9.349445, 4.397556 ], [ 9.363462, 4.37802 ], [ 9.482699, 4.379426 ], [ 9.498159, 4.391288 ], [ 9.502464, 4.411008 ], [ 9.514859, 4.402382 ], [ 9.510482, 4.417896 ], [ 9.497226, 4.421447 ], [ 9.495152, 4.459937 ], [ 9.487528, 4.470186 ], [ 9.49335, 4.475448 ], [ 9.491257, 4.483013 ], [ 9.496981, 4.483201 ], [ 9.503664, 4.490855 ], [ 9.492797, 4.503884 ], [ 9.503297, 4.511727 ], [ 9.493003, 4.526287 ], [ 9.508176, 4.531925 ], [ 9.511223, 4.523593 ], [ 9.504733, 4.520343 ], [ 9.511793, 4.519955 ], [ 9.51095, 4.542359 ], [ 9.524405, 4.546179 ] ] ] } },
{ "type": "Feature", "properties": { "GID_1": "CMR.9_1", "GID_2": "CMR.9.6_1", "NAME_1": "Sud-Ouest", "NAME_2": "Ndian", "superficie_km2": 6507.7, "bati_2015_km2": 4.273, "bati_2025_km2": 5.048, "couverture_ghsl_pct": 100.0, "mesure_disponible": true, "part_batie_2015_pct": 0.066, "part_batie_2025_pct": 0.078, "gain_bati_km2": 0.775, "croissance_pct": 18.1 }, "geometry": { "type": "Polygon", "coordinates": [ [ [ 8.719927, 4.510425 ], [ 8.781261, 4.530087 ], [ 8.801143, 4.545537 ], [ 8.832584, 4.545903 ], [ 8.838902, 4.550384 ], [ 8.841802, 4.5496 ], [ 8.837623, 4.544613 ], [ 8.841262, 4.534982 ], [ 8.861615, 4.523161 ], [ 8.875446, 4.525326 ], [ 8.890728, 4.507414 ], [ 8.905168, 4.500103 ], [ 8.908315, 4.49209 ], [ 8.892514, 4.475724 ], [ 8.898429, 4.454543 ], [ 8.884097, 4.438287 ], [ 8.888115, 4.388005 ], [ 8.899965, 4.359493 ], [ 8.919489, 4.343657 ], [ 8.923743, 4.321745 ], [ 8.91585, 4.288692 ], [ 8.930756, 4.274767 ], [ 8.932978, 4.257552 ], [ 8.937588, 4.255505 ], [ 8.964684, 4.291597 ], [ 8.965032, 4.312391 ], [ 8.972739, 4.335951 ], [ 8.990339, 4.353179 ], [ 8.991216, 4.35895 ], [ 9.002765, 4.363675 ], [ 9.00996, 4.374335 ], [ 9.035119, 4.386243 ], [ 9.048138, 4.38137 ], [ 9.061032, 4.39216 ], [ 9.07268, 4.394596 ], [ 9.084559, 4.40494 ], [ 9.086814, 4.414915 ], [ 9.104259, 4.422229 ], [ 9.106092, 4.43015 ], [ 9.114817, 4.433734 ], [ 9.107941, 4.454471 ], [ 9.098711, 4.459419 ], [ 9.1096, 4.46595 ], [ 9.114458, 4.478581 ], [ 9.111144, 4.491586 ], [ 9.115433, 4.502603 ], [ 9.125301, 4.508979 ], [ 9.115997, 4.50495 ], [ 9.106488, 4.508241 ], [ 9.107231, 4.524544 ], [ 9.081179, 4.535018 ], [ 9.083282, 4.545432 ], [ 9.104687, 4.568157 ], [ 9.15092, 4.597238 ], [ 9.15867, 4.613014 ], [ 9.176103, 4.62253 ], [ 9.198534, 4.627694 ], [ 9.224082, 4.644453 ], [ 9.232509, 4.66693 ], [ 9.241488, 4.675499 ], [ 9.245748, 4.707667 ], [ 9.237763, 4.720049 ], [ 9.243648, 4.732255 ], [ 9.240233, 4.73911 ], [ 9.226604, 4.745732 ], [ 9.216804, 4.782922 ], [ 9.231855, 4.815636 ], [ 9.255161, 4.821692 ], [ 9.262264, 4.827757 ], [ 9.276014, 4.859218 ], [ 9.281054, 4.901927 ], [ 9.251622, 4.928622 ], [ 9.271377, 4.9575 ], [ 9.273467, 4.969119 ], [ 9.261961, 4.982493 ], [ 9.246933, 5.014436 ], [ 9.252844, 5.023129 ], [ 9.270592, 5.030902 ], [ 9.302979, 5.068128 ], [ 9.315338, 5.074535 ], [ 9.321853, 5.097736 ], [ 9.330534, 5.107188 ], [ 9.273411, 5.141245 ], [ 9.277569, 5.166211 ], [ 9.270285, 5.180206 ], [ 9.269739, 5.192065 ], [ 9.275867, 5.208964 ], [ 9.275188, 5.219357 ], [ 9.270896, 5.225528 ], [ 9.25727, 5.229943 ], [ 9.227726, 5.233918 ], [ 9.225164, 5.242389 ], [ 9.215161, 5.249912 ], [ 9.215381, 5.257822 ], [ 9.201686, 5.253887 ], [ 9.202138, 5.268096 ], [ 9.191215, 5.280295 ], [ 9.178121, 5.313605 ], [ 9.166876, 5.313206 ], [ 9.169045, 5.330945 ], [ 9.163195, 5.347144 ], [ 9.144957, 5.344773 ], [ 9.142151, 5.347968 ], [ 9.142716, 5.365252 ], [ 9.148023, 5.360325 ], [ 9.153255, 5.363157 ], [ 9.150399, 5.371477 ], [ 9.141327, 5.373 ], [ 9.149638, 5.374691 ], [ 9.147981, 5.379976 ], [ 9.140063, 5.382975 ], [ 9.147589, 5.390369 ], [ 9.146359, 5.394904 ], [ 9.134378, 5.396831 ], [ 9.130219, 5.388737 ], [ 9.12125, 5.3948 ], [ 9.113843, 5.390335 ], [ 9.104613, 5.393027 ], [ 9.096777, 5.38768 ], [ 9.055017, 5.400888 ], [ 9.044265, 5.410006 ], [ 8.984899, 5.43123 ], [ 8.977136, 5.418709 ], [ 8.964664, 5.409801 ], [ 8.960499, 5.373281 ], [ 8.949317, 5.352091 ], [ 8.949721, 5.310962 ], [ 8.940701, 5.300187 ], [ 8.914737, 5.312373 ], [ 8.90612, 5.327364 ], [ 8.899125, 5.325977 ], [ 8.894845, 5.330618 ], [ 8.835689, 5.343849 ], [ 8.834191, 5.328467 ], [ 8.815157, 5.283846 ], [ 8.812752, 5.220225 ], [ 8.818734, 5.185621 ], [ 8.800397, 5.155856 ], [ 8.794463, 5.134586 ], [ 8.782882, 5.121231 ], [ 8.781618, 5.113309 ], [ 8.748363, 5.101242 ], [ 8.740684, 5.085674 ], [ 8.725268, 5.074829 ], [ 8.717372, 5.052611 ], [ 8.72114, 5.041834 ], [ 8.715596, 5.031939 ], [ 8.710304, 5.0321 ], [ 8.704352, 5.020229 ], [ 8.694184, 5.014048 ], [ 8.691939, 5.005467 ], [ 8.680796, 4.998506 ], [ 8.69408, 4.988158 ], [ 8.680321, 4.981518 ], [ 8.678075, 4.973009 ], [ 8.666233, 4.964902 ], [ 8.663198, 4.947745 ], [ 8.6509, 4.942725 ], [ 8.651937, 4.914962 ], [ 8.641123, 4.907206 ], [ 8.622027, 4.904959 ], [ 8.606059, 4.880474 ], [ 8.603004, 4.868322 ], [ 8.607807, 4.85891 ], [ 8.625521, 4.84386 ], [ 8.628655, 4.820331 ], [ 8.596951, 4.801202 ], [ 8.557829, 4.796448 ], [ 8.546133, 4.800807 ], [ 8.538758, 4.792313 ], [ 8.528543, 4.766856 ], [ 8.524913, 4.742752 ], [ 8.540198, 4.702319 ], [ 8.500317, 4.669797 ], [ 8.516054, 4.663324 ], [ 8.516641, 4.655507 ], [ 8.501253, 4.623817 ], [ 8.500237, 4.603779 ], [ 8.522922, 4.577252 ], [ 8.528872, 4.563379 ], [ 8.517029, 4.556223 ], [ 8.499638, 4.556495 ], [ 8.506001, 4.505922 ], [ 8.51454, 4.499379 ], [ 8.53866, 4.493577 ], [ 8.568716, 4.52067 ], [ 8.576661, 4.516402 ], [ 8.576537, 4.511092 ], [ 8.566199, 4.502894 ], [ 8.555752, 4.487844 ], [ 8.557773, 4.484437 ], [ 8.57589, 4.481172 ], [ 8.647718, 4.483287 ], [ 8.672376, 4.474024 ], [ 8.693396, 4.477632 ], [ 8.706062, 4.48665 ], [ 8.719927, 4.510425 ] ] ] } }
]
}
