{
"type": "FeatureCollection",
"name": "cmr_adm2_carto",
"crs": { "type": "name", "properties": { "name": "urn:ogc:def:crs:OGC:1.3:CRS84" } },
"features": [
{ "type": "Feature", "properties": { "GID_1": "CMR.1_1", "NAME_1": "Adamaoua", "GID_2": "CMR.1.1_1", "NAME_2": "Djerem", "cle": "djerem", "superficie_km2": 13242.847578432353, "pop_total": 220422.75, "pop_incertitude": 0.47, "menages_total": 34084.15, "densite": 16.644664124880986, "taille_moy_menage": 6.4670161937440129, "lon_c": 12.711859754465719, "lat_c": 6.4732280592466669 }, "geometry": { "type": "Polygon", "coordinates": [ [ [ 13.359422683000105, 6.000621320000164 ], [ 12.505737305000025, 6.001138210000136 ], [ 12.496072769000079, 6.037069321000104 ], [ 12.476875305000135, 6.043996810000124 ], [ 12.458616257000131, 6.087411404000136 ], [ 12.332211494000092, 6.160939693000103 ], [ 12.295088769000131, 6.198024273000044 ], [ 12.224239349000015, 6.179545879000045 ], [ 12.204489708000096, 6.185057163000067 ], [ 12.184430123000084, 6.153446674000179 ], [ 12.093912124000155, 6.154244424000126 ], [ 11.993112564000171, 6.212900162000153 ], [ 11.996487617000071, 6.247358322000139 ], [ 12.024802208000096, 6.285214901000074 ], [ 12.008514405000028, 6.302015306000044 ], [ 12.079495431000055, 6.325136661999977 ], [ 12.056277276, 6.348382951000076 ], [ 12.079423905000169, 6.35823393000004 ], [ 12.06122589, 6.39630174600012 ], [ 12.109046936000084, 6.440569878000076 ], [ 12.122420310000109, 6.440587521000168 ], [ 12.120832443000097, 6.456320764000168 ], [ 12.134868621000066, 6.451440810000122 ], [ 12.128200531000118, 6.45820760700002 ], [ 12.135917662999987, 6.494125366000105 ], [ 12.163561821000087, 6.512157440000124 ], [ 12.140522003000115, 6.546337127000129 ], [ 12.126052856000115, 6.543299675000185 ], [ 12.085694314000023, 6.567933559000039 ], [ 12.094099998000104, 6.58484840400007 ], [ 12.066896438000072, 6.602419853000072 ], [ 12.067408561999969, 6.613450050000097 ], [ 12.049622536000072, 6.610534190000067 ], [ 12.045383453000056, 6.632491589000097 ], [ 12.02826118500019, 6.63894796400001 ], [ 12.01240062700009, 6.67532062600003 ], [ 12.026343346000033, 6.694143773 ], [ 12.020650864000118, 6.705496788000119 ], [ 12.038985253000021, 6.725500107000073 ], [ 12.066258431000108, 6.745917321000093 ], [ 12.085721970000179, 6.746466637000083 ], [ 12.062077522000152, 6.793389796000042 ], [ 12.082272528999965, 6.792430401000161 ], [ 12.116042136000146, 6.812670707000109 ], [ 12.131617546000086, 6.800653934000138 ], [ 12.156532288000108, 6.831147193000106 ], [ 12.159731866000186, 6.875423432000048 ], [ 12.150690080000061, 6.879910470000084 ], [ 12.142640113000027, 6.911361217000035 ], [ 12.149062156000184, 6.93482589700011 ], [ 12.160701752000136, 6.930498601000011 ], [ 12.195813179000083, 6.957738400000096 ], [ 12.193537713000126, 6.982344151 ], [ 12.22473812200019, 6.975422859000048 ], [ 12.236127853000141, 6.952516555000159 ], [ 12.279854775, 6.913969039000165 ], [ 12.339599609000061, 6.875748635000036 ], [ 12.382011414000146, 6.881966114000136 ], [ 12.389641762000167, 6.894988537000188 ], [ 12.427686692000123, 6.894061089 ], [ 12.441085815000065, 6.885217667000177 ], [ 12.501982689000045, 6.997675895999976 ], [ 12.532338143000118, 6.99939203200006 ], [ 12.547881127000039, 6.989178181000057 ], [ 12.547409057000039, 7.014909267000121 ], [ 12.532038689, 7.022129060000168 ], [ 12.535286904000088, 7.042252065000071 ], [ 12.526150703999974, 7.048247814000149 ], [ 12.543404580000129, 7.058810711000035 ], [ 12.566829682000105, 7.034997463000082 ], [ 12.601948738000146, 7.043017864000092 ], [ 12.599901199000101, 7.02188301100017 ], [ 12.616328238999984, 6.983488084000101 ], [ 12.641907693000121, 7.029995441000096 ], [ 12.651764870000079, 7.011433601000135 ], [ 12.675422668000181, 7.011790753000184 ], [ 12.687530518000131, 7.022263526000074 ], [ 12.705466271000034, 7.017085553000015 ], [ 12.713062287000071, 6.995230199000048 ], [ 12.745264054000188, 7.012131214000021 ], [ 12.759667396000168, 6.993946552000182 ], [ 12.776559830000053, 6.993727207000063 ], [ 12.811579704, 7.037043571000083 ], [ 12.825222968000162, 7.0274710650001 ], [ 12.83514976500004, 7.031287671000086 ], [ 12.840270996000186, 6.999051571000052 ], [ 12.859075547000089, 6.973819733000084 ], [ 12.876647950000176, 6.971916198999963 ], [ 12.893395425000051, 6.902764321000177 ], [ 12.912721633000046, 6.870750427000019 ], [ 12.872934341000132, 6.783564091000187 ], [ 12.876030921, 6.770559789000117 ], [ 12.916866302000017, 6.765519143000176 ], [ 12.956045151000126, 6.812420368000062 ], [ 12.99623584699998, 6.840888977000191 ], [ 13.04822635700009, 6.84184551200002 ], [ 13.059083939000118, 6.813054085000033 ], [ 13.096166611000058, 6.814328195000087 ], [ 13.145718574000114, 6.789779186999965 ], [ 13.160386086000074, 6.792321206000054 ], [ 13.183054923000157, 6.769318103000046 ], [ 13.196690560000093, 6.775262357000031 ], [ 13.220975874999965, 6.767892839000069 ], [ 13.248661042000151, 6.786441803000059 ], [ 13.266329765000023, 6.776512623000087 ], [ 13.272244453000042, 6.759671211000182 ], [ 13.34421157800017, 6.743381978000059 ], [ 13.336442948000069, 6.740285873000118 ], [ 13.34332084600004, 6.728276253000104 ], [ 13.359894752000173, 6.718422890999989 ], [ 13.352923393000083, 6.685119630000088 ], [ 13.367430688000013, 6.680583955000031 ], [ 13.37449932100003, 6.644846916000176 ], [ 13.409147263000136, 6.633141517000183 ], [ 13.418967248000058, 6.614193439000076 ], [ 13.365553855000087, 6.576833726000018 ], [ 13.344081879000044, 6.542294980000065 ], [ 13.301268578000133, 6.502202989000125 ], [ 13.280843735000133, 6.45304203000012 ], [ 13.335855483000046, 6.358271122000133 ], [ 13.325878143000182, 6.353449346000104 ], [ 13.333767890999979, 6.281570913000053 ], [ 13.328150750000191, 6.260478497000122 ], [ 13.334350585000095, 6.229844571000115 ], [ 13.35290050500015, 6.209367275000091 ], [ 13.348826409000026, 6.172953128000188 ], [ 13.331291199000077, 6.156194688000028 ], [ 13.367273331000092, 6.126370430000065 ], [ 13.394144057000062, 6.081846714000108 ], [ 13.391435623000177, 6.067469120000169 ], [ 13.378036500000064, 6.06814765900009 ], [ 13.371376038000164, 6.055075647000137 ], [ 13.359422683000105, 6.000621320000164 ] ] ] } },
{ "type": "Feature", "properties": { "GID_1": "CMR.1_1", "NAME_1": "Adamaoua", "GID_2": "CMR.1.2_1", "NAME_2": "Faro et Déo", "cle": "farodeo", "superficie_km2": 10457.690052084346, "pop_total": 145019.51, "pop_incertitude": 0.61, "menages_total": 25916.11, "densite": 13.867260291491986, "taille_moy_menage": 5.5957282940996933, "lon_c": 12.477742500794147, "lat_c": 7.4594784979915678 }, "geometry": { "type": "Polygon", "coordinates": [ [ [ 12.672729492000087, 7.011298657000111 ], [ 12.651764870000079, 7.011433601000135 ], [ 12.641907693000121, 7.029995441000096 ], [ 12.616328238999984, 6.983488084000101 ], [ 12.599901199000101, 7.02188301100017 ], [ 12.601948738000146, 7.043017864000092 ], [ 12.566829682000105, 7.034997463000082 ], [ 12.543404580000129, 7.058810711000035 ], [ 12.526150703999974, 7.048247814000149 ], [ 12.535286904000088, 7.042252065000071 ], [ 12.532038689, 7.022129060000168 ], [ 12.547409057000039, 7.014909267000121 ], [ 12.547881127000039, 6.989178181000057 ], [ 12.532338143000118, 6.99939203200006 ], [ 12.501982689000045, 6.997675895999976 ], [ 12.441085815000065, 6.885217667000177 ], [ 12.427686692000123, 6.894061089 ], [ 12.389641762000167, 6.894988537000188 ], [ 12.382011414000146, 6.881966114000136 ], [ 12.330741882000041, 6.875460147000183 ], [ 12.236127853000141, 6.952516555000159 ], [ 12.226400375000139, 6.974113942000031 ], [ 12.203696251000054, 6.978615761000071 ], [ 12.208278656000061, 7.022790433000068 ], [ 12.196824074000176, 7.032391548000021 ], [ 12.197056770000074, 7.063611508000179 ], [ 12.167975425, 7.112648010999976 ], [ 12.179142953000166, 7.150562286000081 ], [ 12.144250870000178, 7.217205048000153 ], [ 12.119502068000088, 7.244891166000116 ], [ 12.050237655000103, 7.257798673000025 ], [ 12.039707184000179, 7.237351417000013 ], [ 12.024162293000131, 7.230493546000048 ], [ 11.958860398000127, 7.250601291000123 ], [ 11.940969467000116, 7.246805668000036 ], [ 11.925148011000033, 7.225349903000165 ], [ 11.90406703900004, 7.221423626000103 ], [ 11.877273560000106, 7.229996681000102 ], [ 11.811027525999975, 7.229558945000122 ], [ 11.816764832000047, 7.245436669000014 ], [ 11.836668968000083, 7.25232601200014 ], [ 11.880680085000108, 7.307284354999979 ], [ 11.892290116000027, 7.348518372000115 ], [ 11.935762406000151, 7.379846097000041 ], [ 11.940254211000081, 7.416812419000109 ], [ 11.962315559999979, 7.432997703000126 ], [ 11.974037170000145, 7.487347126999964 ], [ 12.034343720000152, 7.521106719000102 ], [ 12.020506859000022, 7.539728164000167 ], [ 12.018832206000127, 7.622356891000095 ], [ 12.007757187000095, 7.661879540000029 ], [ 12.026992798000151, 7.665258884000082 ], [ 12.031875610000043, 7.730210782000029 ], [ 12.055311203000088, 7.757184506000044 ], [ 12.052470207000056, 7.772550584000101 ], [ 12.088475227000174, 7.836421967000092 ], [ 12.132184028000097, 7.870222091000187 ], [ 12.188003541000171, 7.943317891 ], [ 12.187638284000059, 7.95876789 ], [ 12.207089425000163, 7.97238731300007 ], [ 12.223188400000026, 8.014731407000113 ], [ 12.211277009000071, 8.106554032000133 ], [ 12.256371497000146, 8.175818443000139 ], [ 12.277896881, 8.175566673999981 ], [ 12.291425705000108, 8.187595368000132 ], [ 12.276069640000117, 8.151495934000025 ], [ 12.287655830000062, 8.113743782000142 ], [ 12.324452400000098, 8.086300851000146 ], [ 12.349213599999985, 8.053698541000188 ], [ 12.399109841000097, 8.023183823000124 ], [ 12.430330276, 7.973039150999966 ], [ 12.486094474000083, 7.924410343000034 ], [ 12.626756668000155, 7.93152141600018 ], [ 12.635924340000031, 7.884050369000022 ], [ 12.652927399000077, 7.867086411000059 ], [ 12.631294250999986, 7.825424672000111 ], [ 12.643280030000028, 7.782325745000037 ], [ 12.633584023000083, 7.76893711200006 ], [ 12.636777878000146, 7.75046920900013 ], [ 12.704331398000022, 7.719982623000078 ], [ 12.731250762000172, 7.73149919500014 ], [ 12.740128518000176, 7.695499898000037 ], [ 12.777689933000033, 7.68704986500012 ], [ 12.79982853000007, 7.667461872000104 ], [ 12.87567806200002, 7.668886183999973 ], [ 12.895113945000105, 7.65820312600016 ], [ 12.976998330000185, 7.648783207000122 ], [ 13.016867638000065, 7.629022598000176 ], [ 13.036688805000097, 7.62969732300013 ], [ 13.08084964699998, 7.602924348000158 ], [ 13.140587806000156, 7.594623089000095 ], [ 13.224490165000134, 7.601929664000068 ], [ 13.228236198000047, 7.613064290000125 ], [ 13.244553565000047, 7.606543065000153 ], [ 13.245999335000079, 7.571984768000107 ], [ 13.181816100000049, 7.571241856000086 ], [ 13.17316818200004, 7.526888370000052 ], [ 13.132670401999974, 7.497693539000011 ], [ 13.147536279000121, 7.463574410000092 ], [ 13.141594888000157, 7.433265210000116 ], [ 13.134188651000102, 7.42315959900003 ], [ 13.123582839000107, 7.430730819000132 ], [ 13.115584374000093, 7.418403626000099 ], [ 13.118236541000044, 7.402343751000103 ], [ 13.084794044000148, 7.398183346 ], [ 13.082311630000106, 7.388757705000046 ], [ 13.066926002000173, 7.390430451000043 ], [ 13.022506715000134, 7.369788171000096 ], [ 13.015357970000082, 7.356384278000121 ], [ 13.026016235000043, 7.350255013000037 ], [ 13.009770393000053, 7.343407632000037 ], [ 13.011720657000126, 7.336939812000139 ], [ 13.001738549000038, 7.339593887999968 ], [ 13.007030487000179, 7.324566842000081 ], [ 13.00039005300016, 7.325546265000014 ], [ 12.995480538000095, 7.295223237000187 ], [ 12.985802650000153, 7.292781353000123 ], [ 12.99639606400001, 7.269322873000021 ], [ 13.011760712000125, 7.271149636000075 ], [ 13.009648323000079, 7.26002693200013 ], [ 12.998872757000015, 7.252384187000018 ], [ 12.969745635000038, 7.26672601700011 ], [ 12.95262432100003, 7.263850689000037 ], [ 12.946512221999967, 7.252070427000035 ], [ 12.932405473000131, 7.255524159000117 ], [ 12.935829163000051, 7.242108345000133 ], [ 12.893150329000036, 7.226483346000066 ], [ 12.899105072000054, 7.202446462000069 ], [ 12.892845154000099, 7.188587189999964 ], [ 12.868357659000026, 7.186954976000095 ], [ 12.872251511000115, 7.175780297000188 ], [ 12.862400055000023, 7.177093984000123 ], [ 12.846871374999978, 7.160152912000115 ], [ 12.843836785000065, 7.141431808000107 ], [ 12.824015616999986, 7.135502815000052 ], [ 12.822205544000099, 7.11215066800014 ], [ 12.840095520000091, 7.051396846000102 ], [ 12.891076088999966, 7.006121635000056 ], [ 12.876647950000176, 6.971916198999963 ], [ 12.859075547000089, 6.973819733000084 ], [ 12.840270996000186, 6.999051571000052 ], [ 12.83514976500004, 7.031287671000086 ], [ 12.825222968000162, 7.0274710650001 ], [ 12.811579704, 7.037043571000083 ], [ 12.776559830000053, 6.993727207000063 ], [ 12.759667396000168, 6.993946552000182 ], [ 12.745264054000188, 7.012131214000021 ], [ 12.713062287000071, 6.995230199000048 ], [ 12.705466271000034, 7.017085553000015 ], [ 12.687530518000131, 7.022263526000074 ], [ 12.672729492000087, 7.011298657000111 ] ] ] } },
{ "type": "Feature", "properties": { "GID_1": "CMR.1_1", "NAME_1": "Adamaoua", "GID_2": "CMR.1.3_1", "NAME_2": "Mayo Banyo", "cle": "mayobanyo", "superficie_km2": 8559.0835197579381, "pop_total": 229967.89, "pop_incertitude": 0.28, "menages_total": 37345.16, "densite": 26.868284375206542, "taille_moy_menage": 6.1579034605823084, "lon_c": 11.736317234824378, "lat_c": 6.5833044254044539 }, "geometry": { "type": "Polygon", "coordinates": [ [ [ 11.902439117000142, 6.206333160000156 ], [ 11.871586799000056, 6.202523231000157 ], [ 11.861643791000176, 6.210003376999964 ], [ 11.835037231000172, 6.190872193000132 ], [ 11.801550865000081, 6.190254689000028 ], [ 11.773670196000069, 6.163433075 ], [ 11.706493378000062, 6.139638424000054 ], [ 11.705076218000045, 6.121341705000077 ], [ 11.661623, 6.088222027000143 ], [ 11.664733886000079, 6.074146271000075 ], [ 11.623382568000068, 6.072314740000138 ], [ 11.615466117000096, 6.061211109000055 ], [ 11.603406907000078, 6.070112229000074 ], [ 11.593612671000074, 6.054241180000076 ], [ 11.502897261999976, 6.037687302000165 ], [ 11.456246376000081, 6.017204762000063 ], [ 11.337229729000114, 5.99331522000017 ], [ 11.31126880700009, 5.996432781000124 ], [ 11.304044724, 5.980364801000064 ], [ 11.299393654000141, 5.987726211000052 ], [ 11.264048577000153, 5.972384452000142 ], [ 11.266064644000096, 5.996749879000049 ], [ 11.30796146299997, 6.039747716000079 ], [ 11.296558381000068, 6.07703113600013 ], [ 11.285273552000149, 6.071141242000067 ], [ 11.277930260000062, 6.117666722000024 ], [ 11.262527466000165, 6.136853219000102 ], [ 11.28091812100007, 6.158210755000084 ], [ 11.262686729000109, 6.17459154200003 ], [ 11.271872521000034, 6.20635414100019 ], [ 11.295729637000079, 6.211987019000162 ], [ 11.303706168000076, 6.242344380000077 ], [ 11.290888785000107, 6.255080224000096 ], [ 11.278685571000096, 6.247183324000048 ], [ 11.24034213900012, 6.264657975000034 ], [ 11.219489097000121, 6.256494045000125 ], [ 11.182425500000079, 6.268223284999976 ], [ 11.185087205000116, 6.303437233000011 ], [ 11.205886842000098, 6.322269917000028 ], [ 11.209311485, 6.346811772000024 ], [ 11.197710037000036, 6.36266231500008 ], [ 11.207354546000033, 6.430050372999972 ], [ 11.192886353000063, 6.458091259000184 ], [ 11.205587387999969, 6.486718656000164 ], [ 11.19173526700007, 6.538615228000083 ], [ 11.225031851999972, 6.538866997000071 ], [ 11.242860795000183, 6.523063659000059 ], [ 11.280172348000121, 6.538589954000145 ], [ 11.31558418200018, 6.508751869000037 ], [ 11.350896835000128, 6.500007153000183 ], [ 11.356500625000137, 6.52567625100005 ], [ 11.379810334000126, 6.52056932500011 ], [ 11.425989151000124, 6.531850816000144 ], [ 11.419384004000108, 6.541708947000188 ], [ 11.432086944000105, 6.544852735000063 ], [ 11.43253517200003, 6.554646969000089 ], [ 11.418871879999983, 6.597208976000104 ], [ 11.463951110000039, 6.611292838000168 ], [ 11.496593475000054, 6.600743294000154 ], [ 11.522037507000107, 6.618969441000161 ], [ 11.533666611000058, 6.654108047000022 ], [ 11.556046485000138, 6.66769170800012 ], [ 11.548645973000134, 6.677214145000107 ], [ 11.551466941000115, 6.715818881000189 ], [ 11.576042175000055, 6.724856377000151 ], [ 11.585802077000096, 6.740593434000061 ], [ 11.571569442999987, 6.785134792000179 ], [ 11.597304344000122, 6.801832198999989 ], [ 11.579448700000114, 6.817455292000091 ], [ 11.580876351000029, 6.839495659000022 ], [ 11.553371430000027, 6.859166623000135 ], [ 11.583251000000132, 6.908844949000013 ], [ 11.606627465000088, 6.911232471000062 ], [ 11.606589316000054, 6.935048104000145 ], [ 11.623055458000181, 6.950442315000146 ], [ 11.619240761000128, 6.976115226000047 ], [ 11.636550903000114, 6.988502026000162 ], [ 11.660444260000077, 6.988554001000125 ], [ 11.656242370000029, 6.996499061000065 ], [ 11.669207573000108, 6.998486997000043 ], [ 11.685720444000083, 7.02128505800016 ], [ 11.717101097000125, 7.031593323000152 ], [ 11.709923744000037, 7.05534887400006 ], [ 11.777203561000135, 7.048419477000039 ], [ 11.806859971000051, 7.081400872000188 ], [ 11.826861381000128, 7.073034763000123 ], [ 11.849683762000097, 7.089481831000057 ], [ 11.871127129, 7.07943630300008 ], [ 11.873270035000019, 7.108400345000064 ], [ 11.853633880000075, 7.129506589000073 ], [ 11.835765838000157, 7.176637649999975 ], [ 11.840993880000156, 7.209957124000141 ], [ 11.853285789000154, 7.226586818000101 ], [ 11.923745155000177, 7.224691869000083 ], [ 11.940969467000116, 7.246805668000036 ], [ 11.958860398000127, 7.250601291000123 ], [ 12.024162293000131, 7.230493546000048 ], [ 12.052511214000162, 7.257813454000086 ], [ 12.119502068000088, 7.244891166000116 ], [ 12.144250870000178, 7.217205048000153 ], [ 12.179142953000166, 7.150562286000081 ], [ 12.167975425, 7.112648010999976 ], [ 12.197056770000074, 7.063611508000179 ], [ 12.196824074000176, 7.032391548000021 ], [ 12.208228111000039, 7.01925802300002 ], [ 12.202425957000116, 6.987939358000119 ], [ 12.192758561000119, 6.979888916000164 ], [ 12.195813179000083, 6.957738400000096 ], [ 12.160701752000136, 6.930498601000011 ], [ 12.148351670000011, 6.9330916400001 ], [ 12.142640113000027, 6.911361217000035 ], [ 12.150690080000061, 6.879910470000084 ], [ 12.159731866000186, 6.875423432000048 ], [ 12.156532288000108, 6.831147193000106 ], [ 12.131617546000086, 6.800653934000138 ], [ 12.116042136000146, 6.812670707000109 ], [ 12.082272528999965, 6.792430401000161 ], [ 12.062077522000152, 6.793389796000042 ], [ 12.085721970000179, 6.746466637000083 ], [ 12.066258431000108, 6.745917321000093 ], [ 12.038985253000021, 6.725500107000073 ], [ 12.020650864000118, 6.705496788000119 ], [ 12.026343346000033, 6.694143773 ], [ 12.011163712000155, 6.665295124000068 ], [ 12.02826118500019, 6.63894796400001 ], [ 12.045383453000056, 6.632491589000097 ], [ 12.049622536000072, 6.610534190000067 ], [ 12.067408561999969, 6.613450050000097 ], [ 12.066896438000072, 6.602419853000072 ], [ 12.094099998000104, 6.58484840400007 ], [ 12.085694314000023, 6.567933559000039 ], [ 12.126052856000115, 6.543299675000185 ], [ 12.140522003000115, 6.546337127000129 ], [ 12.163355827999965, 6.510354043000063 ], [ 12.135917662999987, 6.494125366000105 ], [ 12.128200531000118, 6.45820760700002 ], [ 12.134868621000066, 6.451440810000122 ], [ 12.120832443000097, 6.456320764000168 ], [ 12.122420310000109, 6.440587521000168 ], [ 12.109046936000084, 6.440569878000076 ], [ 12.06122589, 6.39630174600012 ], [ 12.079423905000169, 6.35823393000004 ], [ 12.056277276, 6.348382951000076 ], [ 12.079495431000055, 6.325136661999977 ], [ 12.013155938000125, 6.306424141999969 ], [ 12.008442878999972, 6.298221111000089 ], [ 12.024802208000096, 6.285214901000074 ], [ 12.006749152999987, 6.257746219000182 ], [ 11.948007585000028, 6.251080036000076 ], [ 11.938466073000143, 6.219306945000085 ], [ 11.910746574000143, 6.222908497000162 ], [ 11.902439117000142, 6.206333160000156 ] ] ] } },
{ "type": "Feature", "properties": { "GID_1": "CMR.1_1", "NAME_1": "Adamaoua", "GID_2": "CMR.1.4_1", "NAME_2": "Mbéré", "cle": "mbere", "superficie_km2": 14545.351973441773, "pop_total": 297740.42, "pop_incertitude": 0.45, "menages_total": 46330.15, "densite": 20.469798224452838, "taille_moy_menage": 6.4264937627009617, "lon_c": 14.224520295324695, "lat_c": 6.4830814203455205 }, "geometry": { "type": "Polygon", "coordinates": [ [ [ 13.359631538000087, 6.001705646000175 ], [ 13.371376038000164, 6.055075647000137 ], [ 13.378036500000064, 6.06814765900009 ], [ 13.391435623000177, 6.067469120000169 ], [ 13.394144057000062, 6.081846714000108 ], [ 13.367273331000092, 6.126370430000065 ], [ 13.331291199000077, 6.156194688000028 ], [ 13.348826409000026, 6.172953128000188 ], [ 13.35290050500015, 6.209367275000091 ], [ 13.334350585000095, 6.229844571000115 ], [ 13.328150750000191, 6.260478497000122 ], [ 13.333767890999979, 6.281570913000053 ], [ 13.325878143000182, 6.353449346000104 ], [ 13.335855483000046, 6.358271122000133 ], [ 13.280843735000133, 6.45304203000012 ], [ 13.301268578000133, 6.502202989000125 ], [ 13.344081879000044, 6.542294980000065 ], [ 13.365553855000087, 6.576833726000018 ], [ 13.418967248000058, 6.614193439000076 ], [ 13.401236534000077, 6.634104251999986 ], [ 13.405642509000018, 6.644331456000145 ], [ 13.436400413000172, 6.644040585000141 ], [ 13.446416854000176, 6.632279874000062 ], [ 13.446961402000113, 6.609993458000076 ], [ 13.458454133000032, 6.609078884000098 ], [ 13.469085694000114, 6.593388557000139 ], [ 13.486833573000183, 6.609425068000121 ], [ 13.506649017000143, 6.599204064000162 ], [ 13.508093834000022, 6.621583938000072 ], [ 13.524537087000112, 6.626729966000028 ], [ 13.543086052000035, 6.606439591000139 ], [ 13.529995918000168, 6.591973305000067 ], [ 13.542272568000044, 6.574255943000026 ], [ 13.562042237000014, 6.593967439000039 ], [ 13.573753356000111, 6.57719755300019 ], [ 13.573819161000131, 6.584368705999964 ], [ 13.596486091000145, 6.588622571000144 ], [ 13.600018502000069, 6.561159134000036 ], [ 13.613022804000138, 6.560029031000056 ], [ 13.605627060000188, 6.547869682 ], [ 13.618436813000187, 6.554989815 ], [ 13.624558449000062, 6.543386459000089 ], [ 13.644722939000133, 6.546032905000175 ], [ 13.654219627000032, 6.532364370000153 ], [ 13.66497135100002, 6.533646107000095 ], [ 13.665213584000071, 6.523754120999968 ], [ 13.682169914000099, 6.530839921000052 ], [ 13.69511413500004, 6.519555569000033 ], [ 13.712316514000065, 6.531998158000079 ], [ 13.758312225000054, 6.517123223000056 ], [ 13.770624161000171, 6.534217359000081 ], [ 13.790966987000047, 6.535173894000081 ], [ 13.794406891000108, 6.559633732000123 ], [ 13.807927132000088, 6.560227871000166 ], [ 13.808277131000011, 6.576169967999988 ], [ 13.823110581000094, 6.587955475000172 ], [ 13.855851173000076, 6.590580463000151 ], [ 13.859521867000069, 6.609899998000174 ], [ 13.850983619000033, 6.621890545000099 ], [ 13.899198531000025, 6.642002105000074 ], [ 13.912991525000109, 6.676724434000164 ], [ 13.882979393000085, 6.70650959000011 ], [ 13.877476693000062, 6.731856346000143 ], [ 13.84747982000016, 6.770948886999975 ], [ 13.872662545000026, 6.795027733000097 ], [ 13.91239833700007, 6.807301521000113 ], [ 13.927690506000147, 6.772039413000186 ], [ 13.955675125000027, 6.741426469000146 ], [ 14.001072883000177, 6.73154163300012 ], [ 14.034777642000108, 6.776086808000116 ], [ 14.172315597000079, 6.87322902700015 ], [ 14.251839638000035, 6.85923147200009 ], [ 14.276997567000024, 6.832136632000186 ], [ 14.321404458000131, 6.854496002000133 ], [ 14.335144997000043, 6.828115941000135 ], [ 14.350133896000102, 6.836863996000147 ], [ 14.38101482400009, 6.824849605000054 ], [ 14.394625664000046, 6.829533577000177 ], [ 14.401232719, 6.800419808000129 ], [ 14.422567367999989, 6.816778182 ], [ 14.440248489, 6.815935135000188 ], [ 14.446236610000142, 6.833484173000045 ], [ 14.468917848000103, 6.846947671000066 ], [ 14.487556458000029, 6.841480255000079 ], [ 14.502670287000058, 6.857482910000158 ], [ 14.518589973000076, 6.847388744000057 ], [ 14.537505149000026, 6.868363380000176 ], [ 14.568095208000159, 6.841213702000175 ], [ 14.58257579900004, 6.843516350000073 ], [ 14.610664367000084, 6.857755662000159 ], [ 14.608654976000025, 6.883246898999971 ], [ 14.640238760999978, 6.910795688000064 ], [ 14.641788483000141, 6.920518876000017 ], [ 14.619513511999969, 6.92927312900008 ], [ 14.623397827000133, 6.93822050100016 ], [ 14.677307128000052, 6.95459318200011 ], [ 14.650997162000124, 6.980888367000034 ], [ 14.62534523000005, 6.990979672000151 ], [ 14.626107216000037, 7.012152195000056 ], [ 14.608422280000127, 7.008162498000104 ], [ 14.602425576000087, 7.041989803000035 ], [ 14.584088325000153, 7.04085016199997 ], [ 14.563532829000053, 7.056676864000167 ], [ 14.587787628000058, 7.07468271200014 ], [ 14.646139145000063, 7.064829350000025 ], [ 14.65554237300006, 7.045944691000102 ], [ 14.645000459000187, 7.02596759700009 ], [ 14.651938439000105, 7.016164780000167 ], [ 14.725648880000051, 7.023557187000108 ], [ 14.765334130000042, 7.040407659000039 ], [ 14.773238183000046, 7.054980279000176 ], [ 14.815870286000063, 7.078548909000176 ], [ 14.834172248000016, 7.085653306000097 ], [ 14.871190071, 7.079852104999986 ], [ 14.893250464000175, 7.105097295000178 ], [ 14.995312692000027, 7.138255596000022 ], [ 15.054787636000185, 7.187749863000079 ], [ 15.102548599000158, 7.159123422 ], [ 15.103199005000135, 7.143596172000116 ], [ 15.21302413899997, 7.224803447000113 ], [ 15.233893394000177, 7.216441632000056 ], [ 15.208509445000175, 7.176489353000079 ], [ 15.223482131000026, 7.126717091000046 ], [ 15.192645073000108, 7.085937977000128 ], [ 15.194022178000068, 7.072960854000144 ], [ 15.16866493200007, 7.073523045000172 ], [ 15.144467354000085, 7.027078152 ], [ 15.132983208000041, 6.970620156000109 ], [ 15.138984679000032, 6.943491935000054 ], [ 15.114456177000022, 6.914991857000075 ], [ 15.068095207000169, 6.814915180000071 ], [ 15.060701371000164, 6.77840232900013 ], [ 15.045140267000136, 6.76192998900018 ], [ 15.016115189000061, 6.7693734180001 ], [ 14.961637496000151, 6.749874115000125 ], [ 14.850962638000169, 6.492620468000155 ], [ 14.801402093000149, 6.401122093000083 ], [ 14.812823295000101, 6.364129066000032 ], [ 14.739759444000185, 6.250890255000115 ], [ 14.563021660000118, 6.19110822600004 ], [ 14.470106126000189, 6.094119549000141 ], [ 14.423191070000087, 6.079328538000141 ], [ 14.417740822000155, 6.041794300000163 ], [ 14.398177148000059, 6.061240673000043 ], [ 14.386478425000121, 6.059511185000133 ], [ 14.382454871000107, 6.036062241000081 ], [ 14.404576303000113, 6.014406204000124 ], [ 14.380188942000132, 6.0141348840001 ], [ 14.379947661000131, 5.999982358000068 ], [ 13.359631538000087, 6.001705646000175 ] ] ] } },
{ "type": "Feature", "properties": { "GID_1": "CMR.1_1", "NAME_1": "Adamaoua", "GID_2": "CMR.1.5_1", "NAME_2": "Vina", "cle": "vina", "superficie_km2": 17208.471382802643, "pop_total": 754014.77, "pop_incertitude": 0.58, "menages_total": 128021.87, "densite": 43.816487428019187, "taille_moy_menage": 5.889734074342142, "lon_c": 13.660422112521688, "lat_c": 7.187277197731702 }, "geometry": { "type": "Polygon", "coordinates": [ [ [ 14.17957687400002, 6.874364853000145 ], [ 14.034777642000108, 6.776086808000116 ], [ 14.001072883000177, 6.73154163300012 ], [ 13.955675125000027, 6.741426469000146 ], [ 13.910061835000022, 6.808203698000057 ], [ 13.852508546000024, 6.782581807000099 ], [ 13.84747982000016, 6.770948886999975 ], [ 13.877476693000062, 6.731856346000143 ], [ 13.882979393000085, 6.70650959000011 ], [ 13.912777900000151, 6.675773145000051 ], [ 13.899198531000025, 6.642002105000074 ], [ 13.850983619000033, 6.621890545000099 ], [ 13.859521867000069, 6.609899998000174 ], [ 13.855851173000076, 6.590580463000151 ], [ 13.823110581000094, 6.587955475000172 ], [ 13.808277131000011, 6.576169967999988 ], [ 13.807927132000088, 6.560227871000166 ], [ 13.794406891000108, 6.559633732000123 ], [ 13.790966987000047, 6.535173894000081 ], [ 13.770624161000171, 6.534217359000081 ], [ 13.7478208550001, 6.515196323000168 ], [ 13.739409446000025, 6.527790070000037 ], [ 13.734500886000092, 6.521599769999966 ], [ 13.712316514000065, 6.531998158000079 ], [ 13.693818092000015, 6.519552232000024 ], [ 13.680527687000051, 6.531008720999978 ], [ 13.665213584000071, 6.523754120999968 ], [ 13.66497135100002, 6.533646107000095 ], [ 13.654219627000032, 6.532364370000153 ], [ 13.644722939000133, 6.546032905000175 ], [ 13.624558449000062, 6.543386459000089 ], [ 13.618436813000187, 6.554989815 ], [ 13.605627060000188, 6.547869682 ], [ 13.613022804000138, 6.560029031000056 ], [ 13.600018502000069, 6.561159134000036 ], [ 13.596486091000145, 6.588622571000144 ], [ 13.573819161000131, 6.584368705999964 ], [ 13.573753356000111, 6.57719755300019 ], [ 13.562042237000014, 6.593967439000039 ], [ 13.542272568000044, 6.574255943000026 ], [ 13.529995918000168, 6.591973305000067 ], [ 13.543086052000035, 6.606439591000139 ], [ 13.524537087000112, 6.626729966000028 ], [ 13.508093834000022, 6.621583938000072 ], [ 13.506649017000143, 6.599204064000162 ], [ 13.486833573000183, 6.609425068000121 ], [ 13.469085694000114, 6.593388557000139 ], [ 13.458454133000032, 6.609078884000098 ], [ 13.446961402000113, 6.609993458000076 ], [ 13.446416854000176, 6.632279874000062 ], [ 13.436400413000172, 6.644040585000141 ], [ 13.405642509000018, 6.644331456000145 ], [ 13.399103165000042, 6.631624221000095 ], [ 13.377785683000184, 6.641419410000083 ], [ 13.367430688000013, 6.680583955000031 ], [ 13.353254319000087, 6.684056758000054 ], [ 13.359894752000173, 6.718422890999989 ], [ 13.34332084600004, 6.728276253000104 ], [ 13.336442948000069, 6.740285873000118 ], [ 13.343717574000152, 6.744076253000173 ], [ 13.272244453000042, 6.759671211000182 ], [ 13.266329765000023, 6.776512623000087 ], [ 13.254300117000184, 6.776428699000064 ], [ 13.250967026000183, 6.785805226000093 ], [ 13.220975874999965, 6.767892839000069 ], [ 13.196690560000093, 6.775262357000031 ], [ 13.183054923000157, 6.769318103000046 ], [ 13.160386086000074, 6.792321206000054 ], [ 13.145718574000114, 6.789779186999965 ], [ 13.096166611000058, 6.814328195000087 ], [ 13.059083939000118, 6.813054085000033 ], [ 13.04822635700009, 6.84184551200002 ], [ 12.999857903000191, 6.841211320000127 ], [ 12.956045151000126, 6.812420368000062 ], [ 12.917723655000032, 6.765921594000133 ], [ 12.876030921, 6.770559789000117 ], [ 12.872934341000132, 6.783564091000187 ], [ 12.912721633000046, 6.870750427000019 ], [ 12.876526832000081, 6.960340500000086 ], [ 12.891076088999966, 7.006121635000056 ], [ 12.840095520000091, 7.051396846000102 ], [ 12.822205544000099, 7.11215066800014 ], [ 12.824015616999986, 7.135502815000052 ], [ 12.843836785000065, 7.141431808000107 ], [ 12.846871374999978, 7.160152912000115 ], [ 12.862400055000023, 7.177093984000123 ], [ 12.872251511000115, 7.175780297000188 ], [ 12.868357659000026, 7.186954976000095 ], [ 12.892845154000099, 7.188587189999964 ], [ 12.899105072000054, 7.202446462000069 ], [ 12.893150329000036, 7.226483346000066 ], [ 12.935829163000051, 7.242108345000133 ], [ 12.932405473000131, 7.255524159000117 ], [ 12.946512221999967, 7.252070427000035 ], [ 12.95262432100003, 7.263850689000037 ], [ 12.969745635000038, 7.26672601700011 ], [ 13.005346298000177, 7.255210877000138 ], [ 13.013616561000106, 7.268039228000134 ], [ 12.99965095400006, 7.275573254000165 ], [ 12.99639606400001, 7.269322873000021 ], [ 12.985802650000153, 7.292781353000123 ], [ 12.995480538000095, 7.295223237000187 ], [ 13.00039005300016, 7.325546265000014 ], [ 13.007030487000179, 7.324566842000081 ], [ 13.001738549000038, 7.339593887999968 ], [ 13.011720657000126, 7.336939812000139 ], [ 13.009770393000053, 7.343407632000037 ], [ 13.026016235000043, 7.350255013000037 ], [ 13.015357970000082, 7.356384278000121 ], [ 13.022506715000134, 7.369788171000096 ], [ 13.066926002000173, 7.390430451000043 ], [ 13.082311630000106, 7.388757705000046 ], [ 13.084794044000148, 7.398183346 ], [ 13.118774414000086, 7.402945519000127 ], [ 13.115584374000093, 7.418403626000099 ], [ 13.123582839000107, 7.430730819000132 ], [ 13.134188651000102, 7.42315959900003 ], [ 13.141594888000157, 7.433265210000116 ], [ 13.147536279000121, 7.463574410000092 ], [ 13.132670401999974, 7.497693539000011 ], [ 13.17316818200004, 7.526888370000052 ], [ 13.181816100000049, 7.571241856000086 ], [ 13.245999335000079, 7.571984768000107 ], [ 13.241558075000171, 7.600213051000082 ], [ 13.260501862000012, 7.624491691000173 ], [ 13.252614020000181, 7.649298191000128 ], [ 13.257615089000183, 7.690208434999988 ], [ 13.283843994000108, 7.700258256000097 ], [ 13.295479774000057, 7.743485927000165 ], [ 13.283922195000116, 7.755345823000027 ], [ 13.305221557999971, 7.778998376000118 ], [ 13.294424057000015, 7.818347455000094 ], [ 13.309674264000023, 7.821151256000178 ], [ 13.341568946, 7.859488010000121 ], [ 13.325821876000077, 7.901179791000118 ], [ 13.356139184000142, 7.934181213000045 ], [ 13.327539444000081, 7.973622323000086 ], [ 13.412723540000172, 7.960598946000175 ], [ 13.425757407999981, 7.943850518000147 ], [ 13.421360015000062, 7.917646885000181 ], [ 13.440798759000074, 7.909039975000155 ], [ 13.506916999000111, 7.923505783000167 ], [ 13.572970389999966, 7.906274320000023 ], [ 13.588792801000068, 7.926142216000073 ], [ 13.664937974000054, 7.930447578000155 ], [ 13.699512482000102, 7.957634927000129 ], [ 13.714104653000163, 7.944683075000171 ], [ 13.71593379900014, 7.928917886000022 ], [ 13.744261741000116, 7.912088870000105 ], [ 13.734191894000105, 7.859915258000115 ], [ 13.76439857500003, 7.815206527999976 ], [ 13.786900521000064, 7.758087159000183 ], [ 13.825507163000111, 7.746296884000117 ], [ 13.860689164000064, 7.71155262100018 ], [ 13.883561134000161, 7.704518318000169 ], [ 13.873081206999984, 7.674587726000084 ], [ 13.891754150000054, 7.651766777000091 ], [ 13.872740745999977, 7.627846718000058 ], [ 13.874241829000141, 7.616858959000126 ], [ 13.914268495000101, 7.58864641200006 ], [ 13.930847169000117, 7.592178344000047 ], [ 13.951444627000114, 7.579257489000099 ], [ 13.980391503000135, 7.577781677000189 ], [ 14.006171226000049, 7.550397396000051 ], [ 14.032387733000178, 7.561063766000132 ], [ 14.08373355800012, 7.554745198000091 ], [ 14.112593651000168, 7.570809841000141 ], [ 14.125641821999977, 7.567032338000104 ], [ 14.136557579000169, 7.552694797000186 ], [ 14.132310867000172, 7.508687972000132 ], [ 14.144822121000061, 7.483747959000084 ], [ 14.174985887000048, 7.47328615300006 ], [ 14.182641983000053, 7.458225250000169 ], [ 14.213675499999965, 7.457001687000059 ], [ 14.215976715000068, 7.401195050000183 ], [ 14.241939544000161, 7.391641140000161 ], [ 14.235728263000055, 7.375219345000062 ], [ 14.245873451000136, 7.35269403500007 ], [ 14.304883004000033, 7.30375766700007 ], [ 14.313561440000058, 7.310900689000107 ], [ 14.341649056000051, 7.304275991000111 ], [ 14.332842826000103, 7.278259754000032 ], [ 14.35386180900008, 7.271528721000095 ], [ 14.361959458000115, 7.213664532000109 ], [ 14.354007721000073, 7.194978237000043 ], [ 14.332681656000091, 7.191605091000042 ], [ 14.321863174000043, 7.16427517000011 ], [ 14.404411315000118, 7.147200585000178 ], [ 14.431832312999973, 7.165940761000172 ], [ 14.443304062000152, 7.151602745000105 ], [ 14.486036300000023, 7.150045871000088 ], [ 14.52222824100005, 7.160286426000141 ], [ 14.520875930000159, 7.135142803000122 ], [ 14.569347381000114, 7.080145359000142 ], [ 14.572813034000092, 7.066857815999981 ], [ 14.563532829000053, 7.056676864000167 ], [ 14.584088325000153, 7.04085016199997 ], [ 14.602425576000087, 7.041989803000035 ], [ 14.608422280000127, 7.008162498000104 ], [ 14.626107216000037, 7.012152195000056 ], [ 14.62534523000005, 6.990979672000151 ], [ 14.650997162000124, 6.980888367000034 ], [ 14.677307128000052, 6.95459318200011 ], [ 14.623397827000133, 6.93822050100016 ], [ 14.622457505000114, 6.924695014000065 ], [ 14.642265320999968, 6.918877602000123 ], [ 14.628750800000091, 6.893892288000188 ], [ 14.608654976000025, 6.883246898999971 ], [ 14.6075544360001, 6.855247020000093 ], [ 14.568960190000155, 6.84099817200007 ], [ 14.537505149000026, 6.868363380000176 ], [ 14.518589973000076, 6.847388744000057 ], [ 14.502670287000058, 6.857482910000158 ], [ 14.487556458000029, 6.841480255000079 ], [ 14.468917848000103, 6.846947671000066 ], [ 14.446236610000142, 6.833484173000045 ], [ 14.440248489, 6.815935135000188 ], [ 14.422567367999989, 6.816778182 ], [ 14.401232719, 6.800419808000129 ], [ 14.394625664000046, 6.829533577000177 ], [ 14.38101482400009, 6.824849605000054 ], [ 14.350133896000102, 6.836863996000147 ], [ 14.335144997000043, 6.828115941000135 ], [ 14.321404458000131, 6.854496002000133 ], [ 14.276997567000024, 6.832136632000186 ], [ 14.255214691000162, 6.857422352000128 ], [ 14.228311538000014, 6.866323471000044 ], [ 14.17957687400002, 6.874364853000145 ] ] ] } },
{ "type": "Feature", "properties": { "GID_1": "CMR.2_1", "NAME_1": "Centre", "GID_2": "CMR.2.1_1", "NAME_2": "Haute Sanaga", "cle": "hautesanaga", "superficie_km2": 11736.382757141922, "pop_total": 162919.0, "pop_incertitude": 0.26, "menages_total": 34385.95, "densite": 13.881534316939277, "taille_moy_menage": 4.7379525649284089, "lon_c": 12.504576023490044, "lat_c": 4.6873952891343649 }, "geometry": { "type": "Polygon", "coordinates": [ [ [ 12.488523483000051, 4.359532357000148 ], [ 12.346691131999989, 4.217833995000092 ], [ 12.340091705000134, 4.196640015000128 ], [ 12.317605972000081, 4.188086033000047 ], [ 12.271281243000089, 4.140791893000085 ], [ 12.192563057000143, 4.120320321000179 ], [ 12.163566588000037, 4.098138333000179 ], [ 12.147110939000129, 4.066029072000049 ], [ 12.116933823000124, 4.059529305000069 ], [ 12.102115631000117, 4.115009784000165 ], [ 12.115121841000132, 4.11714601500006 ], [ 12.128227235000168, 4.137177468000061 ], [ 12.134419442000137, 4.170278072000031 ], [ 12.165632248000065, 4.179461957000058 ], [ 12.134709358000123, 4.207083226000066 ], [ 12.088948249000055, 4.205573558000083 ], [ 12.077550888000189, 4.217052461000094 ], [ 12.053737639000133, 4.198474408000095 ], [ 11.99307823200013, 4.2074856750001 ], [ 11.94541549600001, 4.284110546000136 ], [ 11.870146751000107, 4.252997875000062 ], [ 11.861544608000031, 4.268634320000047 ], [ 11.805833817000064, 4.288093090000132 ], [ 11.792229653000106, 4.312734127000169 ], [ 11.76615238100004, 4.327623845000062 ], [ 11.731698989000051, 4.304573537000124 ], [ 11.728202820000035, 4.366989612000168 ], [ 11.707807542000069, 4.37327289600006 ], [ 11.724506379, 4.406640530000118 ], [ 11.722615243000064, 4.447508812000081 ], [ 11.752850531999968, 4.467412472000092 ], [ 11.76425266200016, 4.497298718000025 ], [ 11.793467521000025, 4.502370835000022 ], [ 11.811793327000032, 4.520010471999967 ], [ 11.811973573000046, 4.567512036000096 ], [ 11.847071648000167, 4.603436947000091 ], [ 11.842319488000044, 4.622796536000067 ], [ 11.854326248000177, 4.63390636400004 ], [ 11.853343964000089, 4.646031380000124 ], [ 11.883338929000047, 4.630047799000067 ], [ 11.916083336000099, 4.639464378000184 ], [ 11.946517945000039, 4.628777981000155 ], [ 11.951217650000103, 4.635973931000137 ], [ 11.935402868999972, 4.654893875000084 ], [ 11.983017921000055, 4.661171914000022 ], [ 11.977258683000116, 4.669979095000144 ], [ 11.962318420000031, 4.664394378000168 ], [ 11.971508981000113, 4.676467896000133 ], [ 11.961568833000115, 4.685201645000063 ], [ 11.988157271000034, 4.694369793000135 ], [ 11.971514701000046, 4.700811387000044 ], [ 11.967038154000136, 4.718014241000162 ], [ 12.002975463000041, 4.732204913000146 ], [ 11.982492446000037, 4.732951641000113 ], [ 11.981627465000145, 4.740191460000062 ], [ 11.992400170000167, 4.753611089000117 ], [ 11.983822823000025, 4.762314797000101 ], [ 12.002683639000054, 4.770742416000076 ], [ 11.99295043900014, 4.771691323000027 ], [ 12.001425743000084, 4.815298557000119 ], [ 11.987780571000144, 4.823931217000109 ], [ 12.001140595000095, 4.828138351000064 ], [ 11.999038696000014, 4.856647014000146 ], [ 12.019570351000027, 4.855136871000184 ], [ 12.025781632000133, 4.842811108000035 ], [ 12.040143967000176, 4.847678184000017 ], [ 12.044800758000065, 4.860585689000175 ], [ 12.051818847000163, 4.855126381000161 ], [ 12.065390588000184, 4.863345146000142 ], [ 12.090494156000148, 4.84560918699998 ], [ 12.115839959000027, 4.856394290000026 ], [ 12.148695946000089, 4.887679576000039 ], [ 12.182882307999989, 4.898196221000092 ], [ 12.212933540999984, 4.893974781 ], [ 12.236469269000111, 4.901012898000147 ], [ 12.24356937400006, 4.91259670300019 ], [ 12.281118394000032, 4.91442918700011 ], [ 12.314593315000138, 4.946561337000048 ], [ 12.325777054000127, 5.002041817000077 ], [ 12.356556892000071, 5.064117431000057 ], [ 12.401358604000109, 5.081689835000077 ], [ 12.429015159000187, 5.082258701000057 ], [ 12.543249130000049, 5.218957902000056 ], [ 12.624184608000178, 5.231246948000091 ], [ 12.809184074000029, 5.279750823000086 ], [ 12.904874803000041, 5.214336395000032 ], [ 13.057286262000162, 5.075347900000168 ], [ 13.058416367000177, 5.035328388000039 ], [ 13.014435769000045, 4.958126066999966 ], [ 13.039550781000116, 4.952651978000119 ], [ 13.065726280000035, 4.930037498000047 ], [ 13.149200438999969, 4.926222325000083 ], [ 13.189649582000186, 4.914157867000029 ], [ 13.196023941000135, 4.864642621000087 ], [ 13.20681953400009, 4.860744954000097 ], [ 13.198141098000065, 4.846754551000117 ], [ 13.240072250000026, 4.818298340000069 ], [ 13.242752075000169, 4.788598061000187 ], [ 13.232731819000151, 4.780361652000181 ], [ 13.244125367000095, 4.787631988000101 ], [ 13.246945382000149, 4.780699253000137 ], [ 13.238865853000163, 4.760321618000148 ], [ 13.229138375000161, 4.765063285000167 ], [ 13.223793984, 4.758180143000118 ], [ 13.222241402000179, 4.72956943500003 ], [ 13.23526096400002, 4.708211421000158 ], [ 13.219310760000155, 4.700967312000046 ], [ 13.227416039000104, 4.690917016000185 ], [ 13.228878975000043, 4.652073861000133 ], [ 13.209187508000127, 4.603569030000074 ], [ 13.212160110000013, 4.549927234000108 ], [ 13.12922191600012, 4.545726777000141 ], [ 13.091350556000123, 4.56158590300015 ], [ 13.058453560000146, 4.594974995000143 ], [ 13.006648064000046, 4.60474062000003 ], [ 13.000215530000048, 4.592431546000114 ], [ 12.976869584000156, 4.590008260000161 ], [ 12.979486466000139, 4.564663887000052 ], [ 12.877203941000062, 4.517858506000096 ], [ 12.842839241000149, 4.374660492000146 ], [ 12.759847642000182, 4.329760075000024 ], [ 12.683769227000028, 4.38172435700011 ], [ 12.614181519, 4.390717029000029 ], [ 12.488523483000051, 4.359532357000148 ] ] ] } },
{ "type": "Feature", "properties": { "GID_1": "CMR.2_1", "NAME_1": "Centre", "GID_2": "CMR.2.2_1", "NAME_2": "Lekié", "cle": "lekie", "superficie_km2": 3015.478347337164, "pop_total": 627967.48, "pop_incertitude": 0.1, "menages_total": 124313.31, "densite": 208.2480481262717, "taille_moy_menage": 5.0514903030093885, "lon_c": 11.385910690050844, "lat_c": 4.1681740404975098 }, "geometry": { "type": "Polygon", "coordinates": [ [ [ 11.38610744500005, 3.867310762000159 ], [ 11.28216361900013, 3.864159107000091 ], [ 11.247743606000142, 3.831164121000143 ], [ 11.228287697000155, 3.831078292000086 ], [ 11.201784134999969, 3.79563903900015 ], [ 11.161170006000134, 3.802416564 ], [ 11.166854858000136, 3.817620994000038 ], [ 11.154468534999978, 3.840353012000094 ], [ 11.186237335999976, 3.863451004000183 ], [ 11.186793327000089, 3.891559839000081 ], [ 11.169028282000056, 3.895983696000087 ], [ 11.170222283000157, 3.912196398 ], [ 11.18480205600008, 3.93782591900009 ], [ 11.208307266000133, 3.929752111000141 ], [ 11.211250306000125, 3.965023756000051 ], [ 11.192717552000033, 4.009000302000175 ], [ 11.179748534999987, 4.003388406 ], [ 11.145253181000101, 4.048463821000041 ], [ 11.135453224000059, 4.049390792000054 ], [ 11.135428428000125, 4.034198285000059 ], [ 11.112667084000179, 4.028245926000068 ], [ 11.120589255000084, 4.054773332000082 ], [ 11.143453599000054, 4.059947491 ], [ 11.144323349999979, 4.10102128900013 ], [ 11.106540679000148, 4.142031670000051 ], [ 11.108778954000172, 4.160351277000132 ], [ 11.078582764000146, 4.166852474000109 ], [ 11.073381423000114, 4.187444686000049 ], [ 11.128420830000152, 4.230610849000129 ], [ 11.150970459000121, 4.264573575000043 ], [ 11.213277816000186, 4.287467480000089 ], [ 11.236529350000069, 4.345268727000189 ], [ 11.26357078500007, 4.364061832000175 ], [ 11.277667998000027, 4.389667987000109 ], [ 11.300379753000072, 4.39769601800009 ], [ 11.357851028000084, 4.477931023000053 ], [ 11.395561218000068, 4.496687412000085 ], [ 11.437957763999975, 4.49956846200007 ], [ 11.465453148000165, 4.484605789000057 ], [ 11.533381463000126, 4.414598465000154 ], [ 11.555804252000087, 4.372881890000087 ], [ 11.570956229000103, 4.377895355000021 ], [ 11.640264512000158, 4.346634388000098 ], [ 11.67486, 4.350262643000178 ], [ 11.707807542000069, 4.37327289600006 ], [ 11.726509093000175, 4.369323254000165 ], [ 11.731698989000051, 4.304573537000124 ], [ 11.716872216000127, 4.271831513000166 ], [ 11.688562393000154, 4.274309636000112 ], [ 11.685399056000165, 4.235660076000045 ], [ 11.674030304000098, 4.218567372000109 ], [ 11.65084076, 4.202742578000141 ], [ 11.637052536000112, 4.20550823200017 ], [ 11.606243133000135, 4.173991681000075 ], [ 11.626410485000065, 4.15053892200018 ], [ 11.605710030000125, 4.131607532000146 ], [ 11.602794648000156, 4.116815567000117 ], [ 11.584016801000132, 4.122293473000184 ], [ 11.573023795999973, 4.111854554000047 ], [ 11.591327666000097, 4.071682454000097 ], [ 11.565791130000036, 4.061373711000101 ], [ 11.573687554, 4.021206378999977 ], [ 11.532629966, 4.019286634000082 ], [ 11.522124291000011, 3.991506339000182 ], [ 11.485659599000087, 3.95387339600012 ], [ 11.47419548, 3.952260018000061 ], [ 11.453591347000099, 3.898787737000021 ], [ 11.38610744500005, 3.867310762000159 ] ] ] } },
{ "type": "Feature", "properties": { "GID_1": "CMR.2_1", "NAME_1": "Centre", "GID_2": "CMR.2.3_1", "NAME_2": "Mbam et Inoubou", "cle": "mbaminoubou", "superficie_km2": 6820.7840086108608, "pop_total": 273182.02, "pop_incertitude": 0.15, "menages_total": 53773.5, "densite": 40.051410461777252, "taille_moy_menage": 5.0802350600202706, "lon_c": 10.950087038118365, "lat_c": 4.7307096057379656 }, "geometry": { "type": "Polygon", "coordinates": [ [ [ 11.266943931000071, 4.367823601000111 ], [ 11.232359885000108, 4.33798456300002 ], [ 11.208889960000022, 4.283246995000184 ], [ 11.150970459000121, 4.264573575000043 ], [ 11.122459412000183, 4.224793911000063 ], [ 11.076099395000085, 4.191665173999979 ], [ 11.077399254000113, 4.228199483000139 ], [ 11.067404748000058, 4.240103721000082 ], [ 11.045157433000043, 4.244189263000067 ], [ 11.035970688000134, 4.258406639000157 ], [ 11.040707589000078, 4.26755380700007 ], [ 11.019879341000035, 4.278077603000042 ], [ 11.013426781000078, 4.302856446000078 ], [ 11.000392913000098, 4.303193092000015 ], [ 10.977302551000037, 4.331639768000059 ], [ 10.97259998300018, 4.374131679000186 ], [ 10.942451478000123, 4.388303281000162 ], [ 10.944026947000168, 4.4158806800001 ], [ 10.913995742000054, 4.437803268000152 ], [ 10.894118308000145, 4.469463826000151 ], [ 10.890778541000088, 4.4970550540001 ], [ 10.902923583000131, 4.500144004000049 ], [ 10.913710594000122, 4.520953179000117 ], [ 10.920256615000028, 4.606400013000098 ], [ 10.890063285000053, 4.607387067000047 ], [ 10.877053261000071, 4.580945968000151 ], [ 10.83118534100015, 4.611769199999969 ], [ 10.784626007000043, 4.608263493000095 ], [ 10.776606559000129, 4.52945709200003 ], [ 10.786090851000097, 4.510809421000147 ], [ 10.776428223000153, 4.497443677000035 ], [ 10.737393379000139, 4.492001056999982 ], [ 10.723174095000104, 4.502605439000092 ], [ 10.725928307000117, 4.52223062600018 ], [ 10.697035790000029, 4.521695136000119 ], [ 10.693642616000147, 4.48606300400013 ], [ 10.680017470000053, 4.493846894000058 ], [ 10.67647743200007, 4.481069088000083 ], [ 10.639415740000118, 4.460715294000181 ], [ 10.616457957000137, 4.46710920300012 ], [ 10.616173999000068, 4.474761 ], [ 10.602809905000129, 4.464923859000123 ], [ 10.599822999000082, 4.474998000000141 ], [ 10.574899674000164, 4.454412461000118 ], [ 10.542510032000052, 4.460422040000083 ], [ 10.517215729000156, 4.453728676000139 ], [ 10.507612001000098, 4.466836999000179 ], [ 10.487436294000076, 4.46154213 ], [ 10.478279114000031, 4.447263241000144 ], [ 10.465669631000083, 4.463096618 ], [ 10.471625000000131, 4.481006999000044 ], [ 10.453180000999964, 4.48879700100008 ], [ 10.438634, 4.489027 ], [ 10.423354148000158, 4.473853112000086 ], [ 10.394866943000068, 4.476324558000101 ], [ 10.378762246000122, 4.502333687000146 ], [ 10.385972024000125, 4.547530100000017 ], [ 10.417196274000105, 4.60828590400007 ], [ 10.456212998000012, 4.64908647600015 ], [ 10.466540001000169, 4.645238999000014 ], [ 10.471416999000098, 4.674126000000172 ], [ 10.490126610000118, 4.694928646000108 ], [ 10.493781000000126, 4.714353000000187 ], [ 10.465141000000131, 4.744117000000131 ], [ 10.455975999000032, 4.729033000000129 ], [ 10.416789000000165, 4.705654001000141 ], [ 10.375242000000185, 4.706744000000185 ], [ 10.357099702000085, 4.666301386000043 ], [ 10.337878228000079, 4.691309929000056 ], [ 10.360702515000014, 4.764670372000069 ], [ 10.378411293000113, 4.786283492000052 ], [ 10.417158128000153, 4.788218023000184 ], [ 10.444452287000104, 4.832967282000027 ], [ 10.477816582000173, 4.851421833000074 ], [ 10.49264431000006, 4.884111881000024 ], [ 10.520885468000131, 4.899352551000163 ], [ 10.598439217000134, 4.882256985000026 ], [ 10.641485214999989, 4.917290211000022 ], [ 10.681079865000129, 4.935615063000114 ], [ 10.690763474000107, 4.954215526000155 ], [ 10.72117710100008, 4.953734399000041 ], [ 10.74922084800005, 5.00580930700005 ], [ 10.765510559000063, 5.015933514000039 ], [ 10.81127357500003, 5.011076927000147 ], [ 10.819872856000018, 4.999073505000126 ], [ 10.809800149000182, 4.986517430000106 ], [ 10.823811531000047, 4.971378326000035 ], [ 10.853738785000189, 4.976630211000156 ], [ 10.851064683000061, 4.953484534999973 ], [ 10.86739158600011, 4.941459179000105 ], [ 10.941616058000079, 4.924838067000167 ], [ 10.940560341000037, 4.941551208000021 ], [ 10.96212387200012, 4.970578671000055 ], [ 10.931401252000114, 5.001673223000125 ], [ 10.969949721000091, 5.036688806000143 ], [ 10.998030662000133, 5.158500194000169 ], [ 11.015141487000051, 5.172135830000059 ], [ 11.048367501000087, 5.170619964000025 ], [ 11.061967850000144, 5.185070039000095 ], [ 11.213257790000114, 5.238819600000113 ], [ 11.381960868000078, 5.02198600700018 ], [ 11.380696296000053, 4.977849484000046 ], [ 11.346354484000074, 4.988462926000182 ], [ 11.346642495000026, 4.879236220999985 ], [ 11.338706016000174, 4.851289749000159 ], [ 11.276999474000149, 4.768087864 ], [ 11.292415619000167, 4.744290829000022 ], [ 11.286917687000027, 4.722904682000092 ], [ 11.30276679900004, 4.726484300000152 ], [ 11.332879066000146, 4.704548837000175 ], [ 11.309401513000125, 4.679436683000176 ], [ 11.331263542000045, 4.643049718000157 ], [ 11.335868835000156, 4.601775646000021 ], [ 11.34658432000009, 4.587462426 ], [ 11.285063744000183, 4.552100659000132 ], [ 11.281368256000121, 4.523026944000151 ], [ 11.297401428000114, 4.501988411000184 ], [ 11.32185363800005, 4.491789818000029 ], [ 11.321797371000116, 4.474441052000032 ], [ 11.28538417700014, 4.429576875000123 ], [ 11.266943931000071, 4.367823601000111 ] ] ] } },
{ "type": "Feature", "properties": { "GID_1": "CMR.2_1", "NAME_1": "Centre", "GID_2": "CMR.2.4_1", "NAME_2": "Mbam et Kim", "cle": "mbamkim", "superficie_km2": 26266.421561987234, "pop_total": 231968.14, "pop_incertitude": 0.14, "menages_total": 48647.24, "densite": 8.8313567743732673, "taille_moy_menage": 4.7683720597509751, "lon_c": 11.980835787317973, "lat_c": 5.4275575665699023 }, "geometry": { "type": "Polygon", "coordinates": [ [ [ 11.537666321000074, 4.409274101000165 ], [ 11.437957763999975, 4.49956846200007 ], [ 11.380809784000064, 4.491805076000048 ], [ 11.329424858000152, 4.444994450000081 ], [ 11.300379753000072, 4.39769601800009 ], [ 11.277667998000027, 4.389667987000109 ], [ 11.28538417700014, 4.429576875000123 ], [ 11.321797371000116, 4.474441052000032 ], [ 11.32185363800005, 4.491789818000029 ], [ 11.297401428000114, 4.501988411000184 ], [ 11.281368256000121, 4.523026944000151 ], [ 11.285063744000183, 4.552100659000132 ], [ 11.34658432000009, 4.587462426 ], [ 11.335868835000156, 4.601775646000021 ], [ 11.331263542000045, 4.643049718000157 ], [ 11.309401513000125, 4.679436683000176 ], [ 11.332879066000146, 4.704548837000175 ], [ 11.30276679900004, 4.726484300000152 ], [ 11.286917687000027, 4.722904682000092 ], [ 11.292415619000167, 4.744290829000022 ], [ 11.276999474000149, 4.768087864 ], [ 11.338706016000174, 4.851289749000159 ], [ 11.346642495000026, 4.879236220999985 ], [ 11.346354484000074, 4.988462926000182 ], [ 11.380696296000053, 4.977849484000046 ], [ 11.381960868000078, 5.02198600700018 ], [ 11.213257790000114, 5.238819600000113 ], [ 11.080149650000124, 5.188231469000186 ], [ 11.08100414300003, 5.203527927000152 ], [ 11.066493988, 5.217475415000081 ], [ 11.082587241999988, 5.257785797000111 ], [ 11.072281837000105, 5.29877472000004 ], [ 11.105005265000102, 5.325135232000093 ], [ 11.12750625700005, 5.327272415000095 ], [ 11.140870094999968, 5.35882949900008 ], [ 11.182934761000013, 5.384043693000137 ], [ 11.194289208000043, 5.413793564000059 ], [ 11.170625687000154, 5.45222568500003 ], [ 11.19518947600011, 5.468138696000096 ], [ 11.215190888, 5.527248861000146 ], [ 11.205847740000024, 5.580823421000048 ], [ 11.186551094000038, 5.60404777500014 ], [ 11.213330268000107, 5.647228718000065 ], [ 11.201968193000141, 5.670307159000117 ], [ 11.225223541000105, 5.682798385000126 ], [ 11.244540214000097, 5.715532780999979 ], [ 11.257283211000129, 5.711054326000067 ], [ 11.2789573660001, 5.729687692000141 ], [ 11.292577743999971, 5.768781186000183 ], [ 11.306649209000113, 5.769931793000069 ], [ 11.316862107000134, 5.786304475000122 ], [ 11.272746085, 5.809720040000116 ], [ 11.270630836000066, 5.858341693000114 ], [ 11.278029442000104, 5.87380504500004 ], [ 11.253228188000094, 5.904110433000028 ], [ 11.256175996000081, 5.912539005000156 ], [ 11.2755861280001, 5.915479183000059 ], [ 11.27833175700016, 5.947876931000167 ], [ 11.262046813999973, 5.971892357000172 ], [ 11.299393654000141, 5.987726211000052 ], [ 11.304044724, 5.980364801000064 ], [ 11.31126880700009, 5.996432781000124 ], [ 11.337229729000114, 5.99331522000017 ], [ 11.456246376000081, 6.017204762000063 ], [ 11.502897261999976, 6.037687302000165 ], [ 11.593612671000074, 6.054241180000076 ], [ 11.603406907000078, 6.070112229000074 ], [ 11.615466117000096, 6.061211109000055 ], [ 11.623382568000068, 6.072314740000138 ], [ 11.664733886000079, 6.074146271000075 ], [ 11.661623, 6.088222027000143 ], [ 11.705076218000045, 6.121341705000077 ], [ 11.706493378000062, 6.139638424000054 ], [ 11.773670196000069, 6.163433075 ], [ 11.789688111000146, 6.185719491000157 ], [ 11.814119339000115, 6.194697380000036 ], [ 11.835037231000172, 6.190872193000132 ], [ 11.861643791000176, 6.210003376999964 ], [ 11.871586799000056, 6.202523231000157 ], [ 11.900490761000071, 6.20545959400016 ], [ 11.910746574000143, 6.222908497000162 ], [ 11.938466073000143, 6.219306945000085 ], [ 11.944993019000151, 6.249152184000081 ], [ 11.992591859000129, 6.261259556000141 ], [ 12.003513336000083, 6.255451204000053 ], [ 11.989560127000118, 6.225208282000096 ], [ 11.993112564000171, 6.212900162000153 ], [ 12.093912124000155, 6.154244424000126 ], [ 12.184430123000084, 6.153446674000179 ], [ 12.204489708000096, 6.185057163000067 ], [ 12.224239349000015, 6.179545879000045 ], [ 12.295088769000131, 6.198024273000044 ], [ 12.332211494000092, 6.160939693000103 ], [ 12.458616257000131, 6.087411404000136 ], [ 12.476875305000135, 6.043996810000124 ], [ 12.496072769000079, 6.037069321000104 ], [ 12.502731324000081, 6.001859666000144 ], [ 12.887908935000155, 6.000365258000159 ], [ 12.877552985000023, 5.981608392000169 ], [ 12.87189197500004, 5.901926040000035 ], [ 12.886222839000084, 5.868511200000171 ], [ 12.899928093000028, 5.867670535000116 ], [ 12.954018593000114, 5.790768624000066 ], [ 12.964232444000118, 5.715984822 ], [ 13.000603675999969, 5.705728532000137 ], [ 13.005644798, 5.681961536000074 ], [ 13.013516426000081, 5.683290005000117 ], [ 13.009089469000173, 5.642241954000099 ], [ 13.055564881000123, 5.588711261000014 ], [ 13.054693223000129, 5.570094586000039 ], [ 13.071608543000082, 5.558697702000131 ], [ 13.076844216000154, 5.532377721000159 ], [ 12.961002350000058, 5.326267243000018 ], [ 12.935111045000156, 5.312277795 ], [ 12.886670112000047, 5.325783730000069 ], [ 12.809184074000029, 5.279750823000086 ], [ 12.624184608000178, 5.231246948000091 ], [ 12.543249130000049, 5.218957902000056 ], [ 12.429015159000187, 5.082258701000057 ], [ 12.401358604000109, 5.081689835000077 ], [ 12.356556892000071, 5.064117431000057 ], [ 12.325777054000127, 5.002041817000077 ], [ 12.314593315000138, 4.946561337000048 ], [ 12.283318519999966, 4.915734768 ], [ 12.24356937400006, 4.91259670300019 ], [ 12.236469269000111, 4.901012898000147 ], [ 12.212933540999984, 4.893974781 ], [ 12.182882307999989, 4.898196221000092 ], [ 12.148695946000089, 4.887679576000039 ], [ 12.115839959000027, 4.856394290000026 ], [ 12.090494156000148, 4.84560918699998 ], [ 12.065390588000184, 4.863345146000142 ], [ 12.051818847000163, 4.855126381000161 ], [ 12.044800758000065, 4.860585689000175 ], [ 12.040143967000176, 4.847678184000017 ], [ 12.025781632000133, 4.842811108000035 ], [ 12.019570351000027, 4.855136871000184 ], [ 11.999038696000014, 4.856647014000146 ], [ 12.001140595000095, 4.828138351000064 ], [ 11.987780571000144, 4.823931217000109 ], [ 12.001425743000084, 4.815298557000119 ], [ 11.99295043900014, 4.771691323000027 ], [ 12.002683639000054, 4.770742416000076 ], [ 11.983822823000025, 4.762314797000101 ], [ 11.992400170000167, 4.753611089000117 ], [ 11.981627465000145, 4.740191460000062 ], [ 11.982492446000037, 4.732951641000113 ], [ 12.002975463000041, 4.732204913000146 ], [ 11.967038154000136, 4.718014241000162 ], [ 11.971514701000046, 4.700811387000044 ], [ 11.988157271000034, 4.694369793000135 ], [ 11.961568833000115, 4.685201645000063 ], [ 11.971508981000113, 4.676467896000133 ], [ 11.962318420000031, 4.664394378000168 ], [ 11.977258683000116, 4.669979095000144 ], [ 11.983017921000055, 4.661171914000022 ], [ 11.935402868999972, 4.654893875000084 ], [ 11.951217650000103, 4.635973931000137 ], [ 11.946517945000039, 4.628777981000155 ], [ 11.916083336000099, 4.639464378000184 ], [ 11.883338929000047, 4.630047799000067 ], [ 11.853343964000089, 4.646031380000124 ], [ 11.854326248000177, 4.63390636400004 ], [ 11.842319488000044, 4.622796536000067 ], [ 11.847071648000167, 4.603436947000091 ], [ 11.811973573000046, 4.567512036000096 ], [ 11.811793327000032, 4.520010471999967 ], [ 11.793467521000025, 4.502370835000022 ], [ 11.76425266200016, 4.497298718000025 ], [ 11.752850531999968, 4.467412472000092 ], [ 11.722615243000064, 4.447508812000081 ], [ 11.722977638000089, 4.400651454000183 ], [ 11.710003852000114, 4.374843120000151 ], [ 11.67486, 4.350262643000178 ], [ 11.640264512000158, 4.346634388000098 ], [ 11.570956229000103, 4.377895355000021 ], [ 11.555804252000087, 4.372881890000087 ], [ 11.537666321000074, 4.409274101000165 ] ] ] } },
{ "type": "Feature", "properties": { "GID_1": "CMR.2_1", "NAME_1": "Centre", "GID_2": "CMR.2.5_1", "NAME_2": "Mefou et Afamba", "cle": "mefouafamba", "superficie_km2": 3310.2023516548156, "pop_total": 687366.92, "pop_incertitude": 0.12, "menages_total": 135798.42, "densite": 207.65102763472325, "taille_moy_menage": 5.0616709678949139, "lon_c": 11.795321331478647, "lat_c": 3.9769818999504354 }, "geometry": { "type": "Polygon", "coordinates": [ [ [ 11.753364564000037, 3.761309148000123 ], [ 11.690278052999986, 3.687406779000071 ], [ 11.707708359000151, 3.684360027000082 ], [ 11.711501122000186, 3.670592547000126 ], [ 11.738018990000114, 3.652668714000072 ], [ 11.757633209, 3.652480841000113 ], [ 11.762574196, 3.641996622000079 ], [ 11.692343712000138, 3.588157892000027 ], [ 11.662037849, 3.541506053000148 ], [ 11.627138137000031, 3.560046674000091 ], [ 11.599793435000095, 3.551908493000042 ], [ 11.582583427000031, 3.566233634000014 ], [ 11.579732895000063, 3.604243755000027 ], [ 11.563935280000123, 3.619998456000189 ], [ 11.513219833000107, 3.616963149000128 ], [ 11.500744819000147, 3.631964444000118 ], [ 11.512361526000063, 3.640666485000111 ], [ 11.504605292000122, 3.660059453000088 ], [ 11.526675224000087, 3.68008375200003 ], [ 11.526335716000062, 3.753317118000041 ], [ 11.540823937000027, 3.800869464000073 ], [ 11.570508958000119, 3.834732532999965 ], [ 11.576240539000139, 3.907769441000084 ], [ 11.571434021000186, 3.930876971000146 ], [ 11.551187515000095, 3.931646824000154 ], [ 11.562181473000066, 3.963666678000038 ], [ 11.575139045000128, 3.969308377000118 ], [ 11.567840576000151, 3.977814913000145 ], [ 11.575952530000052, 4.033943653000165 ], [ 11.565791130000036, 4.061373711000101 ], [ 11.591327666000097, 4.071682454000097 ], [ 11.573023795999973, 4.111854554000047 ], [ 11.584016801000132, 4.122293473000184 ], [ 11.607334136000077, 4.120529653000062 ], [ 11.605710030000125, 4.131607532000146 ], [ 11.626410485000065, 4.15053892200018 ], [ 11.606243133000135, 4.173991681000075 ], [ 11.637052536000112, 4.20550823200017 ], [ 11.65084076, 4.202742578000141 ], [ 11.674030304000098, 4.218567372000109 ], [ 11.685399056000165, 4.235660076000045 ], [ 11.688562393000154, 4.274309636000112 ], [ 11.716872216000127, 4.271831513000166 ], [ 11.731698989000051, 4.304573537000124 ], [ 11.76615238100004, 4.327623845000062 ], [ 11.792229653000106, 4.312734127000169 ], [ 11.805833817000064, 4.288093090000132 ], [ 11.861544608000031, 4.268634320000047 ], [ 11.870146751000107, 4.252997875000062 ], [ 11.913624764000076, 4.276481628000056 ], [ 11.949025155000186, 4.282249928000056 ], [ 11.962639808000176, 4.246938706000094 ], [ 11.99307823200013, 4.2074856750001 ], [ 12.053737639000133, 4.198474408000095 ], [ 12.072081566000122, 4.216897489000075 ], [ 12.088948249000055, 4.205573558000083 ], [ 12.113876342000026, 4.211829186000045 ], [ 12.134709358000123, 4.207083226000066 ], [ 12.164422988000183, 4.181869507000158 ], [ 12.153836250000154, 4.170348645000104 ], [ 12.134419442000137, 4.170278072000031 ], [ 12.128227235000168, 4.137177468000061 ], [ 12.115121841000132, 4.11714601500006 ], [ 12.102115631000117, 4.115009784000165 ], [ 12.118979454000169, 4.067239286000188 ], [ 12.109630586000094, 4.043680192000068 ], [ 12.116042136000146, 4.018470288000174 ], [ 12.105246542999964, 3.993761300000187 ], [ 12.007314682000185, 3.934673309000175 ], [ 12.02103710200015, 3.892817020000052 ], [ 12.016590118000067, 3.860919238000179 ], [ 12.02807044900004, 3.837227344999974 ], [ 11.957056999000031, 3.80414915 ], [ 11.944257736000168, 3.775731564000125 ], [ 11.909996033000141, 3.811339379000117 ], [ 11.882840156000043, 3.8147797580001 ], [ 11.883304595000027, 3.829496383000162 ], [ 11.828726768000024, 3.82136344900016 ], [ 11.815661430999967, 3.813084841000148 ], [ 11.813077927000109, 3.796851395999965 ], [ 11.74285221100007, 3.777216911000153 ], [ 11.753364564000037, 3.761309148000123 ] ] ] } },
{ "type": "Feature", "properties": { "GID_1": "CMR.2_1", "NAME_1": "Centre", "GID_2": "CMR.2.6_1", "NAME_2": "Mefou et Akono", "cle": "mefouakono", "superficie_km2": 1354.3942077380741, "pop_total": 196708.2, "pop_incertitude": 0.11, "menages_total": 42014.53, "densite": 145.237035773001, "taille_moy_menage": 4.6819088539131588, "lon_c": 11.362977802517046, "lat_c": 3.633657661493273 }, "geometry": { "type": "Polygon", "coordinates": [ [ [ 11.330844880000029, 3.42311239300011 ], [ 11.319535255000176, 3.426605701000142 ], [ 11.309974670000031, 3.41692352299998 ], [ 11.27505016300006, 3.448037148000139 ], [ 11.244350434000069, 3.445729732000189 ], [ 11.235593796000103, 3.459840298000074 ], [ 11.191432952000184, 3.448218822000058 ], [ 11.189063071000135, 3.465054035000094 ], [ 11.252240181000104, 3.50518465100015 ], [ 11.257761955000092, 3.532340526000041 ], [ 11.240347861999965, 3.534970284 ], [ 11.240209580000112, 3.60044908500015 ], [ 11.231203079000181, 3.61224198300016 ], [ 11.254034043000047, 3.63085460700006 ], [ 11.251667977000011, 3.676637173000017 ], [ 11.239489554000045, 3.681343556000172 ], [ 11.247859953999978, 3.729910136000115 ], [ 11.215679168000122, 3.816491843000108 ], [ 11.228287697000155, 3.831078292000086 ], [ 11.257828713000151, 3.837509633000082 ], [ 11.28216361900013, 3.864159107000091 ], [ 11.38610744500005, 3.867310762000159 ], [ 11.4159488680001, 3.880299568000169 ], [ 11.413966179999989, 3.864728451000133 ], [ 11.451707841000029, 3.841144086000156 ], [ 11.474945068000011, 3.794626714000117 ], [ 11.464074135000033, 3.775803089000078 ], [ 11.467454911000175, 3.762954475000129 ], [ 11.439764976000163, 3.740332604000059 ], [ 11.456984521000152, 3.724067450000177 ], [ 11.495657921000088, 3.753807546000132 ], [ 11.527165412000159, 3.751103879000141 ], [ 11.526675224000087, 3.68008375200003 ], [ 11.504605292000122, 3.660059453000088 ], [ 11.512361526000063, 3.640666485000111 ], [ 11.500744819000147, 3.631964444000118 ], [ 11.513219833000107, 3.616963149000128 ], [ 11.496232987000042, 3.60699272200003 ], [ 11.499345779000066, 3.596457243000089 ], [ 11.468620301000101, 3.597238779000065 ], [ 11.457918167000116, 3.584334612000077 ], [ 11.45445537500018, 3.502143621000073 ], [ 11.464171410000176, 3.470796109000048 ], [ 11.430165291000151, 3.426409482000167 ], [ 11.435449599000037, 3.416268110000033 ], [ 11.447723389000032, 3.419657946000029 ], [ 11.448831559000041, 3.431366922000166 ], [ 11.457415581000134, 3.428955079000048 ], [ 11.454657554000107, 3.413252593000038 ], [ 11.467509269000061, 3.398379564000152 ], [ 11.455570222000119, 3.37351131500003 ], [ 11.426859856000135, 3.385624648000146 ], [ 11.405076981000036, 3.358598472000097 ], [ 11.366284371000177, 3.346750499000052 ], [ 11.353932382000039, 3.399305582000068 ], [ 11.333561897000038, 3.40569686900011 ], [ 11.330844880000029, 3.42311239300011 ] ] ] } },
{ "type": "Feature", "properties": { "GID_1": "CMR.2_1", "NAME_1": "Centre", "GID_2": "CMR.2.7_1", "NAME_2": "Mfoundi", "cle": "mfoundi", "superficie_km2": 317.52307690837728, "pop_total": 2541508.11, "pop_incertitude": 0.3, "menages_total": 522033.02, "densite": 8004.1681843910937, "taille_moy_menage": 4.8684815186594896, "lon_c": 11.509416828053658, "lat_c": 3.8760783449341605 }, "geometry": { "type": "Polygon", "coordinates": [ [ [ 11.495657921000088, 3.753807546000132 ], [ 11.456984521000152, 3.724067450000177 ], [ 11.439764976000163, 3.740332604000059 ], [ 11.467454911000175, 3.762954475000129 ], [ 11.464074135000033, 3.775803089000078 ], [ 11.474945068000011, 3.794626714000117 ], [ 11.451707841000029, 3.841144086000156 ], [ 11.413966179999989, 3.864728451000133 ], [ 11.4159488680001, 3.880299568000169 ], [ 11.453591347000099, 3.898787737000021 ], [ 11.47419548, 3.952260018000061 ], [ 11.485659599000087, 3.95387339600012 ], [ 11.522124291000011, 3.991506339000182 ], [ 11.532629966, 4.019286634000082 ], [ 11.573357582000085, 4.021129608000138 ], [ 11.567840576000151, 3.977814913000145 ], [ 11.575139045000128, 3.969308377000118 ], [ 11.562181473000066, 3.963666678000038 ], [ 11.551187515000095, 3.931646824000154 ], [ 11.571434021000186, 3.930876971000146 ], [ 11.576240539000139, 3.907769441000084 ], [ 11.570508958000119, 3.834732532999965 ], [ 11.540823937000027, 3.800869464000073 ], [ 11.527165412000159, 3.751103879000141 ], [ 11.495657921000088, 3.753807546000132 ] ] ] } },
{ "type": "Feature", "properties": { "GID_1": "CMR.2_1", "NAME_1": "Centre", "GID_2": "CMR.2.8_1", "NAME_2": "Nyong et Kéllé", "cle": "nyongkelle", "superficie_km2": 6379.8294970633251, "pop_total": 153666.31, "pop_incertitude": 0.35, "menages_total": 35691.81, "densite": 24.086272222593653, "taille_moy_menage": 4.3053661330148287, "lon_c": 10.813746598215596, "lat_c": 3.7079128609025247 }, "geometry": { "type": "Polygon", "coordinates": [ [ [ 10.865077019000012, 3.388151647000086 ], [ 10.827405929000065, 3.408799172000045 ], [ 10.83361721, 3.419888259000174 ], [ 10.820215225000027, 3.433598996000114 ], [ 10.815310478000185, 3.458585740000046 ], [ 10.762387275000094, 3.473424197000043 ], [ 10.296807288000025, 3.331075192000071 ], [ 10.251194001000101, 3.413266421000117 ], [ 10.25458431200002, 3.456050634000064 ], [ 10.239208222000059, 3.46601271600008 ], [ 10.243083953000166, 3.480538131000174 ], [ 10.230589868000152, 3.509938479000027 ], [ 10.239621162999981, 3.518961669000021 ], [ 10.273191452000049, 3.51760721300019 ], [ 10.298295021000115, 3.553219319000164 ], [ 10.323265076000155, 3.564159632000042 ], [ 10.340128898000103, 3.651236772000118 ], [ 10.352454186000102, 3.649304867000012 ], [ 10.37326431300005, 3.691061258000047 ], [ 10.363993644000118, 3.724002600000176 ], [ 10.383226395000065, 3.779756547000147 ], [ 10.376821518000099, 3.786815168000032 ], [ 10.406028749000086, 3.809826851000025 ], [ 10.458477974, 3.823030235000033 ], [ 10.468401909000022, 3.823315383000022 ], [ 10.473992348000081, 3.809914113000161 ], [ 10.488337516000058, 3.816132069 ], [ 10.508737564000057, 3.787903786000015 ], [ 10.512265205000176, 3.799275399000066 ], [ 10.524088859000074, 3.796838045000015 ], [ 10.551701545000185, 3.767489195000167 ], [ 10.581150055000137, 3.756763459000183 ], [ 10.575208664000115, 3.74126887400007 ], [ 10.583033560999979, 3.745181322000121 ], [ 10.591521263000061, 3.72774768000005 ], [ 10.597646713000131, 3.734280826000088 ], [ 10.605650902999969, 3.726815701000135 ], [ 10.621449471000119, 3.760817290000148 ], [ 10.619681358000093, 3.780453682000029 ], [ 10.643563270000072, 3.795007467000119 ], [ 10.654581071000166, 3.79136180900008 ], [ 10.644118307999975, 3.82349896400018 ], [ 10.653064727000128, 3.836771489000114 ], [ 10.666294097000105, 3.836040974000184 ], [ 10.641498565000063, 3.920459985000093 ], [ 10.645000457000094, 3.967772960000161 ], [ 10.668091774000118, 3.98504328700011 ], [ 10.691859245000103, 3.989021778000051 ], [ 10.702256202000171, 4.023230553000133 ], [ 10.692147256000055, 4.031406879000031 ], [ 10.696084976000066, 4.044889451000074 ], [ 10.682770729000026, 4.054582595000056 ], [ 10.692424774000074, 4.068355083000029 ], [ 10.724880218000123, 4.054895878000139 ], [ 10.758894920999978, 4.067708970000126 ], [ 10.77939033399997, 4.0874967580001 ], [ 10.834147453000128, 4.095024110000168 ], [ 10.850334168000131, 4.114818573000036 ], [ 10.939888955000129, 4.125979901000051 ], [ 11.073381423000114, 4.187444686000049 ], [ 11.078582764000146, 4.166852474000109 ], [ 11.108778954000172, 4.160351277000132 ], [ 11.106540679000148, 4.142031670000051 ], [ 11.144323349999979, 4.10102128900013 ], [ 11.143453599000054, 4.059947491 ], [ 11.120589255000084, 4.054773332000082 ], [ 11.112667084000179, 4.028245926000068 ], [ 11.135428428000125, 4.034198285000059 ], [ 11.135453224000059, 4.049390792000054 ], [ 11.145253181000101, 4.048463821000041 ], [ 11.179748534999987, 4.003388406 ], [ 11.192717552000033, 4.009000302000175 ], [ 11.211250306000125, 3.965023756000051 ], [ 11.208307266000133, 3.929752111000141 ], [ 11.18480205600008, 3.93782591900009 ], [ 11.170222283000157, 3.912196398 ], [ 11.169028282000056, 3.895983696000087 ], [ 11.186793327000089, 3.891559839000081 ], [ 11.186237335999976, 3.863451004000183 ], [ 11.154468534999978, 3.840353012000094 ], [ 11.166854858000136, 3.817620994000038 ], [ 11.163615226000161, 3.80066466400018 ], [ 11.201784134999969, 3.79563903900015 ], [ 11.216682433000074, 3.806595087000176 ], [ 11.247859953999978, 3.729910136000115 ], [ 11.239489554000045, 3.681343556000172 ], [ 11.251667977000011, 3.676637173000017 ], [ 11.254034043000047, 3.63085460700006 ], [ 11.231203079000181, 3.61224198300016 ], [ 11.240209580000112, 3.60044908500015 ], [ 11.240347861999965, 3.534970284 ], [ 11.257750512000143, 3.53516936300008 ], [ 11.252240181000104, 3.50518465100015 ], [ 11.215633392000029, 3.475769758000069 ], [ 11.138018609000142, 3.439439773000117 ], [ 11.124207497000157, 3.411539555000047 ], [ 11.105352401000061, 3.399690628000087 ], [ 11.081165313000042, 3.406280756000058 ], [ 11.060862541000063, 3.394929647000083 ], [ 11.031579017000126, 3.415373325000189 ], [ 10.999867438000024, 3.413813352000147 ], [ 10.982114791000129, 3.393372536000129 ], [ 10.96688652000006, 3.396657468000171 ], [ 10.954355240000041, 3.415247202000103 ], [ 10.895684241000083, 3.409049273000051 ], [ 10.865077019000012, 3.388151647000086 ] ] ] } },
{ "type": "Feature", "properties": { "GID_1": "CMR.2_1", "NAME_1": "Centre", "GID_2": "CMR.2.9_1", "NAME_2": "Nyong et Mfoumou", "cle": "nyongmfoumou", "superficie_km2": 6160.0478889815449, "pop_total": 181786.67, "pop_incertitude": 0.23, "menages_total": 34403.3, "densite": 29.510593631124387, "taille_moy_menage": 5.2839893266052966, "lon_c": 12.339634930315617, "lat_c": 3.8732962582018668 }, "geometry": { "type": "Polygon", "coordinates": [ [ [ 12.261563300000091, 3.483760834000066 ], [ 12.215263366000158, 3.320641518000116 ], [ 12.192976951000105, 3.311823368000034 ], [ 12.192651749, 3.329127789000154 ], [ 12.160774230000072, 3.325407029000132 ], [ 12.149996757000167, 3.31645512700004 ], [ 12.15882396600017, 3.310499430000107 ], [ 12.146827699000141, 3.30700039900006 ], [ 12.139739037000027, 3.291439533000016 ], [ 12.129587173000061, 3.299693584000067 ], [ 12.138512612000056, 3.32480931300006 ], [ 12.133683205000068, 3.361536742000169 ], [ 11.993970871000045, 3.406726122000123 ], [ 11.980545996999979, 3.434497356 ], [ 11.949867249000022, 3.452569723000067 ], [ 11.941744804000052, 3.441407205000189 ], [ 11.925671578000106, 3.444230080000068 ], [ 11.892360752000172, 3.473784643000045 ], [ 11.893239999000173, 3.492175999000096 ], [ 11.872351, 3.500870000000134 ], [ 11.792255401000148, 3.486053467000147 ], [ 11.791351319000114, 3.520579099999964 ], [ 11.795315839000011, 3.545433765000041 ], [ 11.809673310000051, 3.541498900000022 ], [ 11.813549042000091, 3.518451215000027 ], [ 11.828799249000042, 3.524947167000164 ], [ 11.828645706000032, 3.545464278 ], [ 11.860670090000156, 3.56975221600004 ], [ 11.908414840000148, 3.558270454000024 ], [ 11.901740074000145, 3.53552413 ], [ 11.920200347000161, 3.533211709000113 ], [ 11.923949242000106, 3.556287528000098 ], [ 11.959873199000128, 3.61511874200005 ], [ 11.950562477000176, 3.640107156000113 ], [ 11.982038497000019, 3.650162935000139 ], [ 11.993118286000083, 3.668516397000133 ], [ 12.010099411999988, 3.672191619000102 ], [ 12.009151460000112, 3.686434507000115 ], [ 11.988094331000184, 3.689800262000176 ], [ 11.975648880000108, 3.721388340000033 ], [ 11.963323592999984, 3.721667528000069 ], [ 11.944755555000029, 3.78145766200015 ], [ 11.957056999000031, 3.80414915 ], [ 12.02951431200006, 3.839210273000106 ], [ 12.016590118000067, 3.860919238000179 ], [ 12.02103710200015, 3.892817020000052 ], [ 12.007314682000185, 3.934673309000175 ], [ 12.105246542999964, 3.993761300000187 ], [ 12.116042136000146, 4.018470288000174 ], [ 12.109630586000094, 4.043680192000068 ], [ 12.116933823000124, 4.059529305000069 ], [ 12.147110939000129, 4.066029072000049 ], [ 12.168651581, 4.104120732000183 ], [ 12.192563057000143, 4.120320321000179 ], [ 12.271281243000089, 4.140791893000085 ], [ 12.317605972000081, 4.188086033000047 ], [ 12.340091705000134, 4.196640015000128 ], [ 12.346691131999989, 4.217833995000092 ], [ 12.488523483000051, 4.359532357000148 ], [ 12.614181519, 4.390717029000029 ], [ 12.683769227000028, 4.38172435700011 ], [ 12.759847642000182, 4.329760075000024 ], [ 12.783078193000165, 4.342391492000047 ], [ 12.781743050000102, 4.308546066000076 ], [ 12.770761490999973, 4.29657125500006 ], [ 12.795480729000133, 4.29879045600012 ], [ 12.804400445000113, 4.258401394000146 ], [ 12.783235550000143, 4.201660157000163 ], [ 12.793395996000072, 4.175849438000057 ], [ 12.776512146000186, 4.148253442000055 ], [ 12.782678604000068, 4.129594325000141 ], [ 12.749414443000148, 4.112506867000093 ], [ 12.755658150000102, 4.087353705999988 ], [ 12.802740097000026, 4.067437650000102 ], [ 12.799627304000126, 4.036581517000116 ], [ 12.764192581000032, 4.030359745000112 ], [ 12.726468086000011, 4.010413170000049 ], [ 12.654680252000048, 3.934613706000164 ], [ 12.632441521999965, 3.93992829300015 ], [ 12.613199235000081, 3.927342178000117 ], [ 12.556974411000112, 3.918959618000031 ], [ 12.556915283000023, 3.904904366000096 ], [ 12.520323753000071, 3.875669479000123 ], [ 12.507190705000028, 3.878918886000179 ], [ 12.500474930000109, 3.895665169000097 ], [ 12.493225098000096, 3.886005163 ], [ 12.501583100000119, 3.829958439000052 ], [ 12.530393600000025, 3.798001290000116 ], [ 12.551463127000147, 3.791632176000178 ], [ 12.548963547000085, 3.776522160000127 ], [ 12.604537964000144, 3.732531308999967 ], [ 12.618118286000026, 3.710115909000024 ], [ 12.60173511500011, 3.615313769000124 ], [ 12.563605309000081, 3.533432484000173 ], [ 12.543618202, 3.567789317000063 ], [ 12.526140213000133, 3.573781968 ], [ 12.527771950000044, 3.627005817000111 ], [ 12.500776292000182, 3.680725335999966 ], [ 12.477623940000171, 3.671545982000055 ], [ 12.457288742000173, 3.677359581000132 ], [ 12.4461145410001, 3.66593408600005 ], [ 12.448920250000185, 3.653307439000116 ], [ 12.439212800000064, 3.652198077000151 ], [ 12.432778358000064, 3.610934019000069 ], [ 12.397054672000138, 3.597401142000081 ], [ 12.261563300000091, 3.483760834000066 ] ] ] } },
{ "type": "Feature", "properties": { "GID_1": "CMR.2_1", "NAME_1": "Centre", "GID_2": "CMR.2.10_1", "NAME_2": "Nyong et So'o", "cle": "nyongsoo", "superficie_km2": 3603.1414321075554, "pop_total": 148264.98, "pop_incertitude": 0.16, "menages_total": 34764.65, "densite": 41.148809391386173, "taille_moy_menage": 4.2648201549562561, "lon_c": 11.553923748754665, "lat_c": 3.4117576566253667 }, "geometry": { "type": "Polygon", "coordinates": [ [ [ 11.780414581000059, 3.330765963000147 ], [ 11.774552345000131, 3.309933901000136 ], [ 11.734559059999981, 3.334720373000152 ], [ 11.745657920000099, 3.287539960000061 ], [ 11.736783027000058, 3.278287411000179 ], [ 11.709754943000178, 3.277022362000082 ], [ 11.699080468000091, 3.198625326000183 ], [ 11.68354034400005, 3.187284709000039 ], [ 11.640817643000162, 3.187682628000175 ], [ 11.614885330000106, 3.16785430900012 ], [ 11.585846902000128, 3.161519052000074 ], [ 11.564949035000041, 3.137466907000146 ], [ 11.550310134000028, 3.143911600000024 ], [ 11.545151710000084, 3.135698080000054 ], [ 11.50574493300013, 3.130915165000033 ], [ 11.355126380000058, 3.143511533000037 ], [ 11.33145618400016, 3.11333346400005 ], [ 11.312809945000026, 3.11653208700011 ], [ 11.297046660999968, 3.132926465000139 ], [ 11.270498275000023, 3.135472059000108 ], [ 11.218846322000161, 3.104488612000068 ], [ 11.184396743000036, 3.152686835000168 ], [ 11.173545837000177, 3.154141426000024 ], [ 11.171204567000075, 3.216628314000104 ], [ 11.111591339000029, 3.251678466999977 ], [ 11.118581771000038, 3.271182776000046 ], [ 11.113203049, 3.293583870000077 ], [ 11.098673821000091, 3.311220646999971 ], [ 11.099668502000043, 3.331598997000185 ], [ 11.079690933999984, 3.338913679000029 ], [ 11.087806701000147, 3.349995851000187 ], [ 11.082508088000054, 3.365507841000067 ], [ 11.067646027000023, 3.361042499000064 ], [ 11.061292649000166, 3.373303651000072 ], [ 11.061048508000113, 3.395056725000131 ], [ 11.081165313000042, 3.406280756000058 ], [ 11.107875824000018, 3.40103864800011 ], [ 11.124207497000157, 3.411539555000047 ], [ 11.138018609000142, 3.439439773000117 ], [ 11.189063071000135, 3.465054035000094 ], [ 11.19258880600006, 3.447066307 ], [ 11.235593796000103, 3.459840298000074 ], [ 11.244350434000069, 3.445729732000189 ], [ 11.27505016300006, 3.448037148000139 ], [ 11.309974670000031, 3.41692352299998 ], [ 11.319535255000176, 3.426605701000142 ], [ 11.33029556200006, 3.423560619000057 ], [ 11.333561897000038, 3.40569686900011 ], [ 11.353932382000039, 3.399305582000068 ], [ 11.366284371000177, 3.346750499000052 ], [ 11.405076981000036, 3.358598472000097 ], [ 11.426859856000135, 3.385624648000146 ], [ 11.455570222000119, 3.37351131500003 ], [ 11.467509269000061, 3.398379564000152 ], [ 11.454657554000107, 3.413252593000038 ], [ 11.457415581000134, 3.428955079000048 ], [ 11.448831559000041, 3.431366922000166 ], [ 11.447723389000032, 3.419657946000029 ], [ 11.435449599000037, 3.416268110000033 ], [ 11.430165291000151, 3.426409482000167 ], [ 11.464171410000176, 3.470796109000048 ], [ 11.454021454000042, 3.515261650000184 ], [ 11.462616920000187, 3.593870879000121 ], [ 11.495388985000034, 3.593226194000181 ], [ 11.507592202000126, 3.615783691000104 ], [ 11.55669307800008, 3.62450790500003 ], [ 11.579732895000063, 3.604243755000027 ], [ 11.581414222000035, 3.568562746000168 ], [ 11.599793435000095, 3.551908493000042 ], [ 11.627138137000031, 3.560046674000091 ], [ 11.662037849, 3.541506053000148 ], [ 11.692343712000138, 3.588157892000027 ], [ 11.762574196, 3.641996622000079 ], [ 11.757633209, 3.652480841000113 ], [ 11.738018990000114, 3.652668714000072 ], [ 11.711501122000186, 3.670592547000126 ], [ 11.707708359000151, 3.684360027000082 ], [ 11.690278052999986, 3.687406779000071 ], [ 11.703470231000153, 3.713903904000176 ], [ 11.753364564000037, 3.761309148000123 ], [ 11.74285221100007, 3.777216911000153 ], [ 11.813077927000109, 3.796851395999965 ], [ 11.815661430999967, 3.813084841000148 ], [ 11.828726768000024, 3.82136344900016 ], [ 11.883304595000027, 3.829496383000162 ], [ 11.882840156000043, 3.8147797580001 ], [ 11.909996033000141, 3.811339379000117 ], [ 11.93759727500003, 3.784346580000033 ], [ 11.955424310000012, 3.737880230000144 ], [ 11.965523720000078, 3.733413220000045 ], [ 11.963323592999984, 3.721667528000069 ], [ 11.975648880000108, 3.721388340000033 ], [ 11.983799934000047, 3.695212603000073 ], [ 12.009151460000112, 3.686434507000115 ], [ 12.010993957000039, 3.673890591000145 ], [ 11.993118286000083, 3.668516397000133 ], [ 11.982038497000019, 3.650162935000139 ], [ 11.950562477000176, 3.640107156000113 ], [ 11.959873199000128, 3.61511874200005 ], [ 11.918627738000112, 3.532189131000052 ], [ 11.901740074000145, 3.53552413 ], [ 11.908414840000148, 3.558270454000024 ], [ 11.862583160000156, 3.569758892000038 ], [ 11.84673595400011, 3.564843416000087 ], [ 11.828645706000032, 3.545464278 ], [ 11.828799249000042, 3.524947167000164 ], [ 11.81447792, 3.51845455300014 ], [ 11.809673310000051, 3.541498900000022 ], [ 11.795315839000011, 3.545433765000041 ], [ 11.792255401000148, 3.486053467000147 ], [ 11.869024276, 3.500768899000036 ], [ 11.893599070000107, 3.490996284000119 ], [ 11.850262642000018, 3.365183114999979 ], [ 11.836198808000063, 3.371822834000056 ], [ 11.780414581000059, 3.330765963000147 ] ] ] } },
{ "type": "Feature", "properties": { "GID_1": "CMR.3_1", "NAME_1": "Est", "GID_2": "CMR.3.1_1", "NAME_2": "Boumba et Ngoko", "cle": "boumbangoko", "superficie_km2": 30771.32609470428, "pop_total": 157041.36, "pop_incertitude": 0.53, "menages_total": 28583.03, "densite": 5.1034966616868251, "taille_moy_menage": 5.4942166733197979, "lon_c": 15.244620510369545, "lat_c": 2.7950181767298128 }, "geometry": { "type": "Polygon", "coordinates": [ [ [ 16.083288001000085, 2.58726200000018 ], [ 16.06457900900017, 2.524286032000134 ], [ 16.0835340000001, 2.483258999000043 ], [ 16.072324752000043, 2.462494136000146 ], [ 16.148113, 2.346837001000154 ], [ 16.147497163000025, 2.326130674000069 ], [ 16.170307, 2.27773 ], [ 16.161491393000063, 2.248386860999972 ], [ 16.191045761000112, 2.219883441999968 ], [ 16.180038000000138, 2.199253000999988 ], [ 16.145715714000175, 2.176563263000105 ], [ 16.132009506000145, 2.19714617700015 ], [ 16.08911323600006, 2.200595856000177 ], [ 16.083711623000113, 2.193630695000024 ], [ 16.079538345000174, 2.131646873000022 ], [ 16.089435577000131, 2.093040466000048 ], [ 16.063442231000067, 2.06920170900014 ], [ 16.083608628000036, 2.045666694000033 ], [ 16.053611755000077, 2.008360148 ], [ 16.057857514000148, 1.982959390000133 ], [ 16.050792693000062, 1.974587321000115 ], [ 16.073766708000164, 1.951138259000061 ], [ 16.088115692000088, 1.89101863000019 ], [ 16.111358642000141, 1.888457299000095 ], [ 16.1115322120001, 1.847579717000031 ], [ 16.138538001000029, 1.79469 ], [ 16.142246001000046, 1.760579000000178 ], [ 16.134511949000171, 1.744031907000021 ], [ 16.149131774000182, 1.694233536000183 ], [ 16.137672424000073, 1.683652400000085 ], [ 16.118701935000104, 1.69941127400017 ], [ 16.085998535000158, 1.689512252000156 ], [ 16.060140633000117, 1.652267129000052 ], [ 16.029644012000063, 1.658582448000061 ], [ 16.020528999000192, 1.674470000999975 ], [ 16.023742676000097, 1.706500768000183 ], [ 16.014493999000024, 1.720511954000017 ], [ 16.032159805000106, 1.755483508999987 ], [ 16.02710533100003, 1.766342640000119 ], [ 15.961438084000122, 1.766042990000187 ], [ 15.914361000000156, 1.782418999000015 ], [ 15.911371122000048, 1.797096980000106 ], [ 15.883460045000049, 1.787259340000048 ], [ 15.86789703300019, 1.831699133000029 ], [ 15.846251488000064, 1.833117009000148 ], [ 15.829741434000027, 1.851085565000062 ], [ 15.805901999000127, 1.859005 ], [ 15.785067559000026, 1.889775754000027 ], [ 15.748046874000181, 1.919481636000114 ], [ 15.727794999000082, 1.912788999000156 ], [ 15.686506271000098, 1.93425202300017 ], [ 15.66732, 1.927826 ], [ 15.588994981000042, 1.953390002000162 ], [ 15.564214, 1.948171001000048 ], [ 15.544967716000087, 1.963123046000078 ], [ 15.531909001000031, 1.955486999000186 ], [ 15.486153662999982, 1.982577771000081 ], [ 15.346182000000113, 1.911769001000152 ], [ 15.335729599000103, 1.941596865 ], [ 15.318808, 1.931546999000034 ], [ 15.304887001000054, 1.938117999000156 ], [ 15.309087753000028, 1.966065646000175 ], [ 15.29230499300013, 1.989326001000165 ], [ 15.240081987, 2.011050183000123 ], [ 15.248875618000113, 2.018823861000101 ], [ 15.242283001000033, 2.031291000000181 ], [ 15.201113701000054, 2.038401604000171 ], [ 15.177328001000035, 2.014678000000174 ], [ 15.162208876000079, 2.041690012000117 ], [ 15.152749062, 2.040618658000142 ], [ 15.14708300000018, 2.011933 ], [ 15.121235847000037, 2.010728597000139 ], [ 15.110909000000106, 1.981708 ], [ 15.0774, 1.982514001000141 ], [ 15.069340706000105, 2.000811815000134 ], [ 15.048355000000129, 1.976952 ], [ 15.03304386200017, 1.999738932000071 ], [ 14.983546000000104, 2.03531499900015 ], [ 14.971649999000022, 2.010132999000064 ], [ 14.953949999000088, 2.003717001000155 ], [ 14.917976001000056, 2.001514001000146 ], [ 14.895135000000153, 2.015970000000152 ], [ 14.892184, 2.024492001000112 ], [ 14.91578481800002, 2.05350573000004 ], [ 14.912643134000177, 2.064037810000173 ], [ 14.881902890999982, 2.071504154000138 ], [ 14.874761581000087, 2.110760927000115 ], [ 14.859438999000076, 2.106833995999978 ], [ 14.86239120800002, 2.081173218000117 ], [ 14.84373760200009, 2.085384608000027 ], [ 14.809098000000176, 2.059816000000126 ], [ 14.792917252, 2.074367524000081 ], [ 14.770172999000124, 2.063641001000121 ], [ 14.764366, 2.072449000000177 ], [ 14.774356843000078, 2.084227323000107 ], [ 14.770928999000148, 2.096769999000117 ], [ 14.741237, 2.089393001000133 ], [ 14.752464, 2.108448001000056 ], [ 14.72448, 2.126443999000116 ], [ 14.718390465000027, 2.118017434000024 ], [ 14.726767770000095, 2.105572 ], [ 14.698881, 2.112460001000159 ], [ 14.683172999000021, 2.135245 ], [ 14.648054000000116, 2.131503 ], [ 14.64509868600004, 2.155631067000115 ], [ 14.628347119000182, 2.158786977000091 ], [ 14.595409263000022, 2.203563830000064 ], [ 14.598470686999974, 2.758792134000089 ], [ 14.576260568000066, 2.760846139000137 ], [ 14.559172629999978, 2.745193006000022 ], [ 14.529239654000094, 2.776068210000062 ], [ 14.486899375000064, 2.776577234000115 ], [ 14.446450233000121, 2.79275465000012 ], [ 14.378748893000079, 2.793773890000125 ], [ 14.351798057, 2.829652786000111 ], [ 14.328964232000146, 2.838022948000059 ], [ 14.337073327000098, 2.854451180000069 ], [ 14.325503350000133, 2.858965159000036 ], [ 14.332082748000062, 2.879737854999973 ], [ 14.34954261900009, 2.882337570000061 ], [ 14.379764557000101, 2.934513807000144 ], [ 14.439869881000163, 2.949337007000054 ], [ 14.431170464000047, 2.973086357000057 ], [ 14.409337998000183, 2.983266116000095 ], [ 14.375584602000174, 3.01985931400003 ], [ 14.375491142000101, 3.059944152000014 ], [ 14.401865006000037, 3.084192276000124 ], [ 14.404220581000118, 3.167609453000125 ], [ 14.43719005600019, 3.216058255000121 ], [ 14.518363, 3.395881890999988 ], [ 14.502663612000163, 3.483012199000029 ], [ 14.474008561, 3.537002087000189 ], [ 14.481894493000027, 3.591346026000053 ], [ 14.438172340000108, 3.652285576000168 ], [ 14.437935828999969, 3.690637351000078 ], [ 14.417135239000061, 3.71584367700018 ], [ 14.418590545000029, 3.738078356000017 ], [ 14.81443595900015, 3.761408090000145 ], [ 14.858712196000113, 3.812497616000144 ], [ 14.86676693000004, 3.84278011300006 ], [ 14.890631676000055, 3.861025810000115 ], [ 14.904026984000097, 3.891413927000087 ], [ 14.919414520000146, 3.901225329000056 ], [ 14.967884064000089, 3.900492430000099 ], [ 14.992693901000166, 3.914687395000158 ], [ 15.034570694000024, 3.951854706000063 ], [ 15.057579994000093, 4.012155532000122 ], [ 15.076349000000164, 4.021727000000169 ], [ 15.108805756000152, 3.943220409000048 ], [ 15.24889694899997, 3.710672085000056 ], [ 15.494337083000119, 3.457700253000041 ], [ 15.800041198000031, 3.100826978000157 ], [ 15.853850365000085, 3.11211061400013 ], [ 15.865441323000027, 3.100440265000032 ], [ 15.883375168000043, 3.101229667000155 ], [ 15.919390678000127, 3.041823388000125 ], [ 15.958218575000103, 3.000910759000135 ], [ 15.969477653000183, 2.994266272000061 ], [ 15.977084159000185, 3.002770186000078 ], [ 16.006147384000144, 3.004084110000065 ], [ 16.011133195000127, 2.989336491000074 ], [ 16.032058715000062, 2.983955861000084 ], [ 16.057661057000132, 2.92067170100006 ], [ 16.071649551000064, 2.910472631000118 ], [ 16.093032837000067, 2.829769849000115 ], [ 16.050340652000102, 2.785916091000161 ], [ 16.064639963000047, 2.752463862000184 ], [ 16.058206558000052, 2.712932349000027 ], [ 16.086786, 2.701515 ], [ 16.065141678000089, 2.641021490000071 ], [ 16.083288001000085, 2.58726200000018 ] ] ] } },
{ "type": "Feature", "properties": { "GID_1": "CMR.3_1", "NAME_1": "Est", "GID_2": "CMR.3.2_1", "NAME_2": "Haut Nyong", "cle": "hautnyong", "superficie_km2": 36068.509740576883, "pop_total": 265389.08, "pop_incertitude": 0.46, "menages_total": 56038.21, "densite": 7.3579164181945309, "taille_moy_menage": 4.735859335978077, "lon_c": 13.578485092903968, "lat_c": 3.3403019411263948 }, "geometry": { "type": "Polygon", "coordinates": [ [ [ 14.598470686999974, 2.758792134000089 ], [ 14.595404625000128, 2.203477859000145 ], [ 14.580183982000108, 2.17484545700006 ], [ 14.497766495000064, 2.162851810000063 ], [ 14.481209754000133, 2.153750419000119 ], [ 14.480356216000075, 2.143792630000121 ], [ 14.465888976000087, 2.148000479000075 ], [ 14.462755204000189, 2.126073599000165 ], [ 14.44524288100007, 2.130280256000162 ], [ 14.442949296000108, 2.157183647000124 ], [ 14.412199020000116, 2.181299687000092 ], [ 14.362896920000026, 2.187694312000133 ], [ 14.303901673000098, 2.16258335200007 ], [ 14.291524888000026, 2.171864748000075 ], [ 14.252790450000191, 2.172516108000139 ], [ 13.680087040000046, 2.171692134000182 ], [ 13.630461727000181, 2.904450764000046 ], [ 13.58298791600015, 2.882100856000022 ], [ 13.558086395000089, 2.843915702000174 ], [ 13.546391198000094, 2.85544782300002 ], [ 13.532633, 2.853482000000156 ], [ 13.533777238000027, 2.821571590000076 ], [ 13.518335342000114, 2.821632147000173 ], [ 13.510462753000013, 2.837297135000085 ], [ 13.504000871000073, 2.834876695000048 ], [ 13.497824, 2.823839 ], [ 13.511059761000013, 2.800070287000153 ], [ 13.50138569000012, 2.787238598000101 ], [ 13.431725503000052, 2.77165579800004 ], [ 13.423434000000157, 2.789238001000058 ], [ 13.40565299900004, 2.786858558000063 ], [ 13.3758401770001, 2.820478904000083 ], [ 13.347184182000092, 2.795800446999976 ], [ 13.317722321000019, 2.811016560000155 ], [ 13.303959846000055, 2.837238551000041 ], [ 13.285474000000136, 2.845606 ], [ 13.272969246000059, 2.840333224000062 ], [ 13.291819572000065, 2.786962748000178 ], [ 13.26746749900019, 2.782264232999978 ], [ 13.260629653000024, 2.822292566000044 ], [ 13.233138085000178, 2.827713252000024 ], [ 13.228941917999975, 2.837836267000114 ], [ 13.236698000000104, 2.846532001000185 ], [ 13.210627589000126, 2.864716024000074 ], [ 13.200789452000151, 2.865603686000156 ], [ 13.192895889000113, 2.848182917000031 ], [ 13.153944015999969, 2.845877648000169 ], [ 13.134461166, 2.87244358200013 ], [ 13.112442970000018, 2.841451646000053 ], [ 13.0943460310001, 2.841409959000032 ], [ 13.097980000000121, 2.85182500000019 ], [ 13.083175984000036, 2.85507098700009 ], [ 13.081315041000153, 2.837625504000187 ], [ 13.019682885000066, 2.858489037000083 ], [ 13.002079963000028, 2.849291801000106 ], [ 13.002779961000044, 2.867807626000115 ], [ 12.98766231500008, 2.87328863099998 ], [ 12.986755372000118, 2.886488913999983 ], [ 12.966885566000087, 2.864527465000037 ], [ 12.939674378000177, 2.862812757000086 ], [ 12.937166214000115, 2.872187614000097 ], [ 12.924973487000159, 2.86669492700014 ], [ 12.914956093000171, 2.878224850000151 ], [ 12.874295235000091, 2.875277759000085 ], [ 12.85995960300005, 2.893741609000131 ], [ 12.833261490000041, 2.888084651000156 ], [ 12.813237191000098, 2.915403844000025 ], [ 12.794776916000103, 2.904289008000035 ], [ 12.79252719800013, 2.927929163000158 ], [ 12.770880699000088, 2.945780755000158 ], [ 12.76472663800007, 2.973160983000014 ], [ 12.765206337999984, 3.170316459000105 ], [ 12.542496682000149, 3.392803907000086 ], [ 12.567253112000174, 3.550498247000064 ], [ 12.60173511500011, 3.615313769000124 ], [ 12.618118286000026, 3.710115909000024 ], [ 12.604537964000144, 3.732531308999967 ], [ 12.548963547000085, 3.776522160000127 ], [ 12.551463127000147, 3.791632176000178 ], [ 12.530393600000025, 3.798001290000116 ], [ 12.501583100000119, 3.829958439000052 ], [ 12.493225098000096, 3.886005163 ], [ 12.500474930000109, 3.895665169000097 ], [ 12.507190705000028, 3.878918886000179 ], [ 12.520323753000071, 3.875669479000123 ], [ 12.556915283000023, 3.904904366000096 ], [ 12.556974411000112, 3.918959618000031 ], [ 12.613199235000081, 3.927342178000117 ], [ 12.632441521999965, 3.93992829300015 ], [ 12.654680252000048, 3.934613706000164 ], [ 12.726468086000011, 4.010413170000049 ], [ 12.764192581000032, 4.030359745000112 ], [ 12.799627304000126, 4.036581517000116 ], [ 12.802740097000026, 4.067437650000102 ], [ 12.755658150000102, 4.087353705999988 ], [ 12.750422478000132, 4.101324081000143 ], [ 12.751995087000125, 4.120265961000143 ], [ 12.783752442000093, 4.13235712 ], [ 12.776512146000186, 4.148253442000055 ], [ 12.793395996000072, 4.175849438000057 ], [ 12.783565521000185, 4.204107284000088 ], [ 12.804400445000113, 4.258401394000146 ], [ 12.795480729000133, 4.29879045600012 ], [ 12.770352364000189, 4.299660682000138 ], [ 12.781743050000102, 4.308546066000076 ], [ 12.783078193000165, 4.342391492000047 ], [ 12.842839241000149, 4.374660492000146 ], [ 12.877203941000062, 4.517858506000096 ], [ 12.979486466000139, 4.564663887000052 ], [ 12.976869584000156, 4.590008260000161 ], [ 13.023838997000041, 4.606452465000189 ], [ 13.058453560000146, 4.594974995000143 ], [ 13.091350556000123, 4.56158590300015 ], [ 13.12922191600012, 4.545726777000141 ], [ 13.171256065000023, 4.553677082000092 ], [ 13.456338882000068, 4.53233194400002 ], [ 13.522704124000086, 4.497912884000186 ], [ 13.536182403000169, 4.481455803000188 ], [ 13.567354201000057, 4.484580994000055 ], [ 13.585103035000088, 4.476446629000179 ], [ 13.60385799400018, 4.454790116000027 ], [ 13.661936761000106, 4.428463460000103 ], [ 13.688460351, 4.388508798000032 ], [ 13.753323555000065, 4.336683750000134 ], [ 13.675351, 4.23976000000016 ], [ 13.645326615000158, 4.177318096000079 ], [ 13.508191127000032, 4.043183821000127 ], [ 13.545176507000065, 3.989977838000129 ], [ 13.531351089000111, 3.955653667000092 ], [ 13.514532089000113, 3.949214698000105 ], [ 13.516514779000033, 3.938428402000113 ], [ 13.648089409000136, 3.907000304000121 ], [ 13.676041604000034, 3.880631924000113 ], [ 13.760606767000183, 3.886325121000027 ], [ 13.810856819000151, 3.834048033000045 ], [ 13.856093406000127, 3.829813243000103 ], [ 13.90781402500005, 3.800451040000098 ], [ 13.927192688000162, 3.780822277000027 ], [ 13.939327239000079, 3.720144986000037 ], [ 13.964159012000096, 3.712362767000116 ], [ 13.973656655000127, 3.684830904000023 ], [ 14.00298595400011, 3.666669130000116 ], [ 14.011174201000188, 3.680766821000134 ], [ 14.418590545000029, 3.738078356000017 ], [ 14.417135239000061, 3.71584367700018 ], [ 14.437935828999969, 3.690637351000078 ], [ 14.438172340000108, 3.652285576000168 ], [ 14.481894493000027, 3.591346026000053 ], [ 14.474008561, 3.537002087000189 ], [ 14.502663612000163, 3.483012199000029 ], [ 14.518363, 3.395881890999988 ], [ 14.43719005600019, 3.216058255000121 ], [ 14.404220581000118, 3.167609453000125 ], [ 14.401865006000037, 3.084192276000124 ], [ 14.375491142000101, 3.059944152000014 ], [ 14.375584602000174, 3.01985931400003 ], [ 14.409337998000183, 2.983266116000095 ], [ 14.431170464000047, 2.973086357000057 ], [ 14.439869881000163, 2.949337007000054 ], [ 14.379764557000101, 2.934513807000144 ], [ 14.34954261900009, 2.882337570000061 ], [ 14.332082748000062, 2.879737854999973 ], [ 14.325503350000133, 2.858965159000036 ], [ 14.337073327000098, 2.854451180000069 ], [ 14.328964232000146, 2.838022948000059 ], [ 14.351798057, 2.829652786000111 ], [ 14.378748893000079, 2.793773890000125 ], [ 14.446450233000121, 2.79275465000012 ], [ 14.486899375000064, 2.776577234000115 ], [ 14.529239654000094, 2.776068210000062 ], [ 14.559172629999978, 2.745193006000022 ], [ 14.576260568000066, 2.760846139000137 ], [ 14.598470686999974, 2.758792134000089 ] ] ] } },
{ "type": "Feature", "properties": { "GID_1": "CMR.3_1", "NAME_1": "Est", "GID_2": "CMR.3.3_1", "NAME_2": "Kadey", "cle": "kadey", "superficie_km2": 16131.643674510131, "pop_total": 378872.0, "pop_incertitude": 0.16, "menages_total": 70909.18, "densite": 23.486261390627028, "taille_moy_menage": 5.3430599535913412, "lon_c": 14.384441581652673, "lat_c": 4.2739097723438215 }, "geometry": { "type": "Polygon", "coordinates": [ [ [ 14.904026984000097, 3.891413927000087 ], [ 14.81443595900015, 3.761408090000145 ], [ 14.410715103000143, 3.737231254000108 ], [ 14.011174201000188, 3.680766821000134 ], [ 14.00298595400011, 3.666669130000116 ], [ 13.973656655000127, 3.684830904000023 ], [ 13.964159012000096, 3.712362767000116 ], [ 13.939327239000079, 3.720144986000037 ], [ 13.927192688000162, 3.780822277000027 ], [ 13.90781402500005, 3.800451040000098 ], [ 13.856093406000127, 3.829813243000103 ], [ 13.810856819000151, 3.834048033000045 ], [ 13.760606767000183, 3.886325121000027 ], [ 13.676041604000034, 3.880631924000113 ], [ 13.648089409000136, 3.907000304000121 ], [ 13.625159138000129, 3.906610995000165 ], [ 13.607396125000093, 3.919498683000143 ], [ 13.514336000000128, 3.941312000000153 ], [ 13.515790940000102, 3.950836659000117 ], [ 13.531351089000111, 3.955653667000092 ], [ 13.545176507000065, 3.989977838000129 ], [ 13.508191127000032, 4.043183821000127 ], [ 13.645326615000158, 4.177318096000079 ], [ 13.675351, 4.23976000000016 ], [ 13.753323555000065, 4.336683750000134 ], [ 13.996801999000127, 4.382021005000126 ], [ 13.942834854000182, 4.472097875000088 ], [ 13.952495576000103, 4.623527528000125 ], [ 13.988915443, 4.645184518000065 ], [ 14.04702949600005, 4.644937039000126 ], [ 14.080251693000037, 4.663722516000178 ], [ 14.125891686000045, 4.645131111000182 ], [ 14.152734757000189, 4.69102001300007 ], [ 14.234341621000056, 4.700636386000042 ], [ 14.260711669000045, 4.769795417000182 ], [ 14.241064071000096, 4.778442382000037 ], [ 14.263092995000079, 4.807301999000174 ], [ 14.244406700000184, 4.834225654000022 ], [ 14.261323930000174, 4.869219781000083 ], [ 14.257040977000088, 4.894635677000167 ], [ 14.31825923800011, 4.892467976000148 ], [ 14.339675904000046, 4.951672077000126 ], [ 14.358456612, 4.964364529000136 ], [ 14.375815392000106, 4.957288743000163 ], [ 14.394528389000072, 4.972213745000147 ], [ 14.40632915499998, 4.956791877000057 ], [ 14.442442895000056, 4.993553162000183 ], [ 14.440796852000176, 5.003862380000157 ], [ 14.450427056000137, 4.999995709000018 ], [ 14.46390152000015, 5.017896175000033 ], [ 14.474419593000107, 5.050425052000037 ], [ 14.509210586000052, 5.068984509000074 ], [ 14.496467591000055, 5.121307851000154 ], [ 14.503508568000086, 5.125803472000086 ], [ 14.482045173000074, 5.14413881300004 ], [ 14.491330148000145, 5.175325870000052 ], [ 14.463377953000077, 5.201992035000103 ], [ 14.465863227, 5.23903226800013 ], [ 14.456926346000159, 5.243502140000146 ], [ 14.463333131000127, 5.254985810000164 ], [ 14.497362136000049, 5.262455940000052 ], [ 14.525050163000117, 5.283404350000126 ], [ 14.569226266000157, 5.236789703000113 ], [ 14.649661065000146, 5.216399192000097 ], [ 14.6641950610001, 5.197608471000137 ], [ 14.693488121000144, 5.099825382000176 ], [ 14.674379348000116, 5.085474015000159 ], [ 14.688712120000105, 5.023286820000067 ], [ 14.678689957000188, 5.018456937000053 ], [ 14.676098, 4.989436 ], [ 14.695491790000119, 4.959755421000125 ], [ 14.68321, 4.929189000000179 ], [ 14.714641572000062, 4.868751049000025 ], [ 14.706249, 4.842105 ], [ 14.720688820000191, 4.787659169000108 ], [ 14.702059849000079, 4.763392985000166 ], [ 14.718635559, 4.74335813600004 ], [ 14.720345000000179, 4.644705000000158 ], [ 14.731706000000145, 4.629697 ], [ 14.730443, 4.613343000000157 ], [ 14.755766000000108, 4.584668 ], [ 14.76712, 4.584336000000178 ], [ 14.811149, 4.528186000000176 ], [ 14.852690828000163, 4.515125953000052 ], [ 14.889295000000118, 4.470697 ], [ 14.945591, 4.451065998999979 ], [ 14.943855000000156, 4.441281000000117 ], [ 15.013101578000033, 4.424728870000024 ], [ 15.030862000000127, 4.369905000000131 ], [ 15.043280602000038, 4.371043205000092 ], [ 15.094149590000029, 4.291953088000128 ], [ 15.092077000000131, 4.269501000000162 ], [ 15.100488663000078, 4.263065815000175 ], [ 15.093342000000177, 4.237666000000104 ], [ 15.10649, 4.217155000000162 ], [ 15.099346, 4.210253 ], [ 15.103549, 4.18284 ], [ 15.112291907000042, 4.178416215000027 ], [ 15.105946000000131, 4.135992 ], [ 15.136378, 4.106296 ], [ 15.147318, 4.069097 ], [ 15.169144630000176, 4.074789525000085 ], [ 15.184758848000115, 4.058298912000112 ], [ 15.058994293000126, 4.013495922000175 ], [ 15.034570694000024, 3.951854706000063 ], [ 15.015201569000112, 3.932982207000066 ], [ 14.967884064000089, 3.900492430000099 ], [ 14.919414520000146, 3.901225329000056 ], [ 14.904026984000097, 3.891413927000087 ] ] ] } },
{ "type": "Feature", "properties": { "GID_1": "CMR.3_1", "NAME_1": "Est", "GID_2": "CMR.3.4_1", "NAME_2": "Lom et Djerem", "cle": "lomdjerem", "superficie_km2": 25924.901926842747, "pop_total": 719625.51, "pop_incertitude": 0.12, "menages_total": 138032.61, "densite": 27.758080321025126, "taille_moy_menage": 5.2134456488216809, "lon_c": 13.750660377599266, "lat_c": 5.3218091953970577 }, "geometry": { "type": "Polygon", "coordinates": [ [ [ 13.753323555000065, 4.336683750000134 ], [ 13.688460351, 4.388508798000032 ], [ 13.661936761000106, 4.428463460000103 ], [ 13.60385799400018, 4.454790116000027 ], [ 13.585103035000088, 4.476446629000179 ], [ 13.567354201000057, 4.484580994000055 ], [ 13.536182403000169, 4.481455803000188 ], [ 13.522704124000086, 4.497912884000186 ], [ 13.456338882000068, 4.53233194400002 ], [ 13.212160110000013, 4.549927234000108 ], [ 13.209187508000127, 4.603569030000074 ], [ 13.228878975000043, 4.652073861000133 ], [ 13.227416039000104, 4.690917016000185 ], [ 13.219310760000155, 4.700967312000046 ], [ 13.23526096400002, 4.708211421000158 ], [ 13.222241402000179, 4.72956943500003 ], [ 13.223793984, 4.758180143000118 ], [ 13.229138375000161, 4.765063285000167 ], [ 13.238865853000163, 4.760321618000148 ], [ 13.246945382000149, 4.780699253000137 ], [ 13.244125367000095, 4.787631988000101 ], [ 13.232731819000151, 4.780361652000181 ], [ 13.242752075000169, 4.788598061000187 ], [ 13.240072250000026, 4.818298340000069 ], [ 13.198141098000065, 4.846754551000117 ], [ 13.20681953400009, 4.860744954000097 ], [ 13.196023941000135, 4.864642621000087 ], [ 13.189649582000186, 4.914157867000029 ], [ 13.149200438999969, 4.926222325000083 ], [ 13.065726280000035, 4.930037498000047 ], [ 13.039550781000116, 4.952651978000119 ], [ 13.014435769000045, 4.958126066999966 ], [ 13.058416367000177, 5.035328388000039 ], [ 13.057286262000162, 5.075347900000168 ], [ 12.904874803000041, 5.214336395000032 ], [ 12.809184074000029, 5.279750823000086 ], [ 12.886670112000047, 5.325783730000069 ], [ 12.935111045000156, 5.312277795 ], [ 12.955447198000115, 5.320875168000043 ], [ 13.000246047000132, 5.384971619000169 ], [ 13.076844216000154, 5.532377721000159 ], [ 13.071608543000082, 5.558697702000131 ], [ 13.054693223000129, 5.570094586000039 ], [ 13.055564881000123, 5.588711261000014 ], [ 13.009089469000173, 5.642241954000099 ], [ 13.013516426000081, 5.683290005000117 ], [ 13.005644798, 5.681961536000074 ], [ 13.000603675999969, 5.705728532000137 ], [ 12.964232444000118, 5.715984822 ], [ 12.95181465200011, 5.794721604000131 ], [ 12.899928093000028, 5.867670535000116 ], [ 12.885279655000033, 5.870540142000152 ], [ 12.87189197500004, 5.901926040000035 ], [ 12.877552985000023, 5.981608392000169 ], [ 12.887908935000155, 6.000365258000159 ], [ 14.379947661000131, 5.999982358000068 ], [ 14.380188942000132, 6.0141348840001 ], [ 14.404576303000113, 6.014406204000124 ], [ 14.381659509000031, 6.038531781000131 ], [ 14.386478425000121, 6.059511185000133 ], [ 14.398177148000059, 6.061240673000043 ], [ 14.428000450000127, 6.025707246000138 ], [ 14.434321404000173, 5.998103620000052 ], [ 14.463999748000106, 5.972265721000156 ], [ 14.498599053000191, 5.905349256000079 ], [ 14.513466835000031, 5.894170762000158 ], [ 14.559507370000176, 5.90037489000008 ], [ 14.596233369000174, 5.923389436000093 ], [ 14.620351791000132, 5.889361859000076 ], [ 14.614821435000181, 5.85283374800008 ], [ 14.628096580000147, 5.713111400000116 ], [ 14.591518403000123, 5.59077978300013 ], [ 14.6300983430001, 5.509177209000029 ], [ 14.614863395999976, 5.486582755000029 ], [ 14.61975288300016, 5.476398945000085 ], [ 14.599987984000052, 5.458249570000078 ], [ 14.600597381000114, 5.416606426000101 ], [ 14.593250274000127, 5.403935432000083 ], [ 14.573058128000127, 5.399967194000055 ], [ 14.572271346000036, 5.378252984000028 ], [ 14.544098853000037, 5.316241265000031 ], [ 14.549457549000067, 5.30310964500012 ], [ 14.497362136000049, 5.262455940000052 ], [ 14.463333131000127, 5.254985810000164 ], [ 14.456926346000159, 5.243502140000146 ], [ 14.465863227, 5.23903226800013 ], [ 14.463377953000077, 5.201992035000103 ], [ 14.491330148000145, 5.175325870000052 ], [ 14.482045173000074, 5.14413881300004 ], [ 14.501302720000183, 5.13128852900013 ], [ 14.499692917000118, 5.098480702000131 ], [ 14.511075973000118, 5.073504926000055 ], [ 14.497663497000076, 5.056485654000028 ], [ 14.474419593000107, 5.050425052000037 ], [ 14.46390152000015, 5.017896175000033 ], [ 14.450427056000137, 4.999995709000018 ], [ 14.440796852000176, 5.003862380000157 ], [ 14.442442895000056, 4.993553162000183 ], [ 14.40632915499998, 4.956791877000057 ], [ 14.394528389000072, 4.972213745000147 ], [ 14.375815392000106, 4.957288743000163 ], [ 14.358456612, 4.964364529000136 ], [ 14.339675904000046, 4.951672077000126 ], [ 14.31825923800011, 4.892467976000148 ], [ 14.257040977000088, 4.894635677000167 ], [ 14.261323930000174, 4.869219781000083 ], [ 14.244406700000184, 4.834225654000022 ], [ 14.263092995000079, 4.807301999000174 ], [ 14.241064071000096, 4.778442382000037 ], [ 14.260711669000045, 4.769795417000182 ], [ 14.232707024000092, 4.699189663000141 ], [ 14.152734757000189, 4.69102001300007 ], [ 14.125891686000045, 4.645131111000182 ], [ 14.080251693000037, 4.663722516000178 ], [ 14.04702949600005, 4.644937039000126 ], [ 13.988915443, 4.645184518000065 ], [ 13.952495576000103, 4.623527528000125 ], [ 13.942834854000182, 4.472097875000088 ], [ 13.995822906000171, 4.380772115000184 ], [ 13.753323555000065, 4.336683750000134 ] ] ] } },
{ "type": "Feature", "properties": { "GID_1": "CMR.4_1", "NAME_1": "Extrême-Nord", "GID_2": "CMR.4.1_1", "NAME_2": "Diamaré", "cle": "diamare", "superficie_km2": 4777.7210447601965, "pop_total": 1170264.05, "pop_incertitude": 0.39, "menages_total": 188117.08, "densite": 244.94189573571848, "taille_moy_menage": 6.2209345903093975, "lon_c": 14.417147382016285, "lat_c": 10.715500465912553 }, "geometry": { "type": "Polygon", "coordinates": [ [ [ 14.45845222500003, 10.549137115000065 ], [ 14.439198495000028, 10.558293342000127 ], [ 14.283986092000134, 10.492669106000164 ], [ 14.270451545000185, 10.437974931000099 ], [ 14.235939025999983, 10.396541595000087 ], [ 14.130986213000142, 10.363556862000053 ], [ 14.050076484000101, 10.352553368000144 ], [ 14.047076226, 10.285950660000026 ], [ 14.058563232000097, 10.242697716000123 ], [ 14.051829338, 10.172573090000071 ], [ 14.013521193000031, 10.173916818000066 ], [ 14.003847122000082, 10.18639373700006 ], [ 14.011928559000069, 10.201670646000139 ], [ 13.957819938000114, 10.235286713 ], [ 13.952923774000055, 10.290002823 ], [ 13.991475105000063, 10.423782348999964 ], [ 13.98740482400018, 10.453421593000087 ], [ 14.006740570000034, 10.465899467000099 ], [ 14.042541503000052, 10.460599898999988 ], [ 14.058745385000179, 10.482899666000094 ], [ 14.087185860000147, 10.484827042000063 ], [ 14.094117165000114, 10.493083954000042 ], [ 14.074500083000032, 10.531802178000135 ], [ 14.090914726999983, 10.568608285000153 ], [ 14.072657584000126, 10.566244125000139 ], [ 14.056473731000153, 10.576399803000186 ], [ 14.054283143000077, 10.601841927000123 ], [ 14.067927360000056, 10.650983810000128 ], [ 14.033425331000046, 10.674974442000064 ], [ 14.037225724000166, 10.730958938000015 ], [ 14.07214260000012, 10.777105332000133 ], [ 14.062648773000035, 10.800229074000072 ], [ 14.128434181000046, 10.784277916000065 ], [ 14.14340686700001, 10.819232942000042 ], [ 14.163599013000066, 10.837170602000015 ], [ 14.210193634, 10.842712402000075 ], [ 14.242461204000165, 10.878569602000084 ], [ 14.266520501000173, 10.92462253500014 ], [ 14.287037850000047, 10.940427781000096 ], [ 14.306085587000155, 10.938576699000066 ], [ 14.31893158000014, 10.956813813000167 ], [ 14.349608422000131, 10.956491471000163 ], [ 14.38079738600004, 10.995649338000078 ], [ 14.420364379999967, 11.009256363000191 ], [ 14.433977128000095, 11.026074409000103 ], [ 14.433469772000024, 11.040855407000095 ], [ 14.547988891000045, 11.155941010000049 ], [ 14.702292443000147, 11.030166626000039 ], [ 14.729244231999985, 11.0243902200001 ], [ 14.765844344000186, 11.047968865000144 ], [ 14.785894393999968, 11.030407905 ], [ 14.803015708000146, 11.030283929000063 ], [ 14.810276031, 10.948323251000033 ], [ 14.796191216000182, 10.926265717000035 ], [ 14.789944648000073, 10.657605171000114 ], [ 14.691240311000172, 10.582705498000109 ], [ 14.694376945000158, 10.548612595 ], [ 14.737278938000088, 10.525242806000051 ], [ 14.701640128000065, 10.474010467000085 ], [ 14.55043602000012, 10.466611863000082 ], [ 14.503935814000045, 10.481115341000134 ], [ 14.45845222500003, 10.549137115000065 ] ] ] } },
{ "type": "Feature", "properties": { "GID_1": "CMR.4_1", "NAME_1": "Extrême-Nord", "GID_2": "CMR.4.2_1", "NAME_2": "Logone et Chari", "cle": "logonechari", "superficie_km2": 12128.841030575819, "pop_total": 1244754.96, "pop_incertitude": 0.92, "menages_total": 175157.61, "densite": 102.62769186784411, "taille_moy_menage": 7.1064851821168382, "lon_c": 14.669020051677043, "lat_c": 12.03478029385532 }, "geometry": { "type": "Polygon", "coordinates": [ [ [ 14.76815796000011, 11.046151162000115 ], [ 14.729244231999985, 11.0243902200001 ], [ 14.702292443000147, 11.030166626000039 ], [ 14.547988891000045, 11.155941010000049 ], [ 14.501399995000099, 11.11559677200006 ], [ 14.48234271900003, 11.145085335999966 ], [ 14.485653877000061, 11.227030754000168 ], [ 14.463064193999969, 11.292053223000039 ], [ 14.474059104000048, 11.389360427999975 ], [ 14.464477540000019, 11.424295425000139 ], [ 14.516143798000144, 11.472787857000185 ], [ 14.613100052000107, 11.511377335000077 ], [ 14.642617225000151, 11.576020242000141 ], [ 14.650196075000167, 11.609241486000144 ], [ 14.63730812100016, 11.628415107000023 ], [ 14.639752387999977, 11.653015137000068 ], [ 14.609617233000165, 11.678291321000131 ], [ 14.599097253000139, 11.700576782999974 ], [ 14.55679225800003, 11.708937645000049 ], [ 14.548465728000167, 11.722993851000126 ], [ 14.571852684000191, 11.735327722000022 ], [ 14.5767345430001, 11.750361444000077 ], [ 14.59881782500014, 11.759724617000074 ], [ 14.612629890000107, 11.780608178000023 ], [ 14.604735375000189, 11.833093643000097 ], [ 14.614281654000024, 11.850334168000074 ], [ 14.602794646000063, 11.864961624000159 ], [ 14.642041205000112, 11.910140991000048 ], [ 14.633703232000073, 11.931569100000104 ], [ 14.653692246000162, 11.957004547000111 ], [ 14.633138656000085, 11.989471436000144 ], [ 14.619688035000138, 12.040309906000118 ], [ 14.631642341000145, 12.058074950999981 ], [ 14.653055191000135, 12.062335968000014 ], [ 14.63398838, 12.091799735999984 ], [ 14.653996468000116, 12.117460251000125 ], [ 14.649450302, 12.13578510200017 ], [ 14.676004409000029, 12.166168213000049 ], [ 14.662625312000159, 12.178238869000154 ], [ 14.659425735000184, 12.19711113000011 ], [ 14.632028579000121, 12.192213059000153 ], [ 14.629009247000056, 12.179191589000084 ], [ 14.613546372000087, 12.18295669500003 ], [ 14.61522483900012, 12.189002038000126 ], [ 14.597469329000091, 12.190304757000149 ], [ 14.607315063000101, 12.19702720700019 ], [ 14.59113598, 12.226490975000161 ], [ 14.571899413999972, 12.224137307000092 ], [ 14.548656464000089, 12.23532295300015 ], [ 14.559705734000033, 12.259269716000063 ], [ 14.548148155000092, 12.256441116000133 ], [ 14.54500102999998, 12.280344011000182 ], [ 14.511007310000025, 12.296224595000183 ], [ 14.509689331000118, 12.314883232000057 ], [ 14.520698547000109, 12.31404018500001 ], [ 14.520476341000062, 12.324731826000118 ], [ 14.48532772100009, 12.340074540000046 ], [ 14.487196922000123, 12.351500510000051 ], [ 14.475997925000115, 12.344904899000085 ], [ 14.4634618770001, 12.3593482980001 ], [ 14.447964668000111, 12.346841812000036 ], [ 14.433463000000188, 12.369172 ], [ 14.378778396000143, 12.356987017000051 ], [ 14.328887000000179, 12.374664999000061 ], [ 14.309041023000077, 12.358560563000026 ], [ 14.291404758000056, 12.372511861000078 ], [ 14.292967796000028, 12.355639459000088 ], [ 14.273164750000035, 12.373459817000025 ], [ 14.220512390000067, 12.362357139000096 ], [ 14.218157999000027, 12.376000001000023 ], [ 14.170649529000059, 12.410420418000058 ], [ 14.173359871000173, 12.429354668000144 ], [ 14.192737579000152, 12.433132173000104 ], [ 14.185950278000178, 12.443072319000123 ], [ 14.194379806000029, 12.448144914000181 ], [ 14.178705216000026, 12.448230743000067 ], [ 14.174064636000139, 12.479626656000107 ], [ 14.197015761999978, 12.503890038000065 ], [ 14.183742522000102, 12.529234886000097 ], [ 14.085494041, 13.077390670000057 ], [ 14.459829330000048, 13.073822022 ], [ 14.533405304000155, 12.970511436999971 ], [ 14.539650917000074, 12.936957359000132 ], [ 14.551593780000132, 12.934275628000023 ], [ 14.563277244000119, 12.910667420000152 ], [ 14.571499825000046, 12.882182122000131 ], [ 14.557720184000061, 12.878749847000108 ], [ 14.556030273000147, 12.863128662000179 ], [ 14.564766884000107, 12.82670879300008 ], [ 14.547410966000086, 12.795970918000137 ], [ 14.556861877000188, 12.772707940000032 ], [ 14.574420929000155, 12.778399467000099 ], [ 14.579314231000012, 12.752797127000065 ], [ 14.595191002000149, 12.743941307000114 ], [ 14.621764183000153, 12.77036380800007 ], [ 14.617618561000143, 12.737411499000189 ], [ 14.637412071000085, 12.737696647000121 ], [ 14.663000107000187, 12.718554497000127 ], [ 14.717529297000169, 12.719004631000075 ], [ 14.725935936000042, 12.703183175000163 ], [ 14.705131531, 12.671372414000075 ], [ 14.714586257000178, 12.654909135000082 ], [ 14.73070049200004, 12.65943050400017 ], [ 14.735003471000027, 12.680155753000179 ], [ 14.747318268000129, 12.685443878000115 ], [ 14.772661209000091, 12.63192749100017 ], [ 14.830974579000042, 12.629526138000188 ], [ 14.852651597000033, 12.559583663000012 ], [ 14.851221085000134, 12.513449774000037 ], [ 14.858956998999986, 12.496465999000122 ], [ 14.84614658400011, 12.456689834000031 ], [ 14.855187416000149, 12.446012497000027 ], [ 14.86591720600012, 12.460560798000188 ], [ 14.877047999000126, 12.460438000000181 ], [ 14.880730630000073, 12.426590919000148 ], [ 14.909553528000117, 12.376150130000099 ], [ 14.900926589000164, 12.340882302000068 ], [ 14.91035652100004, 12.324926377000168 ], [ 14.893219948000137, 12.302397729000063 ], [ 14.906580924000025, 12.269325257000105 ], [ 14.896514892000084, 12.243065834000163 ], [ 14.903718947000129, 12.220288277000122 ], [ 14.893053055000109, 12.200386047000109 ], [ 14.911847134000027, 12.182059460000119 ], [ 14.884995459999971, 12.160739899000191 ], [ 14.959839822000106, 12.092856408000046 ], [ 14.988554955000041, 12.083846093000147 ], [ 15.00205898300004, 12.116843223999979 ], [ 15.032793045000119, 12.10454368600017 ], [ 15.036825180000051, 12.074142456000061 ], [ 15.059246062999989, 12.046792984000092 ], [ 15.053578377, 12.028233529000033 ], [ 15.039300918000094, 12.023958207000135 ], [ 15.059391022, 11.999664306000113 ], [ 15.089258194000138, 11.993621825000105 ], [ 15.077615738000191, 11.972925186000168 ], [ 15.06047248800013, 11.977283477000071 ], [ 15.05209255200009, 11.969722748000038 ], [ 15.048820496000076, 11.958039283000119 ], [ 15.064106941000034, 11.928397179000115 ], [ 15.040213586000107, 11.899909974000025 ], [ 15.052269936000016, 11.850240707000069 ], [ 15.066024780000191, 11.839331628000139 ], [ 15.081614494000064, 11.856972694000092 ], [ 15.095490456000107, 11.845968246000155 ], [ 15.099354744000095, 11.810372353000048 ], [ 15.124695777000113, 11.786376954 ], [ 15.081741334000128, 11.759886742000049 ], [ 15.106454850000148, 11.724283219000029 ], [ 15.078476906, 11.730174065000028 ], [ 15.064520835000167, 11.709476471000073 ], [ 15.08233833200012, 11.68227863300018 ], [ 15.076976776000038, 11.663846970000066 ], [ 15.088526725000122, 11.648819923000076 ], [ 15.079846383000074, 11.639808656000071 ], [ 15.102923394000186, 11.606574059000138 ], [ 15.102843285, 11.580359460000125 ], [ 15.146821976000069, 11.554306031000181 ], [ 15.133399962999988, 11.506418227999973 ], [ 15.09861946, 11.483057976 ], [ 15.101713180000047, 11.47266864900007 ], [ 15.074612618, 11.443561555000144 ], [ 15.078090668000016, 11.43461704300006 ], [ 15.061980248, 11.413061143000164 ], [ 15.058415414000137, 11.395255089000045 ], [ 15.070708275000186, 11.365068437000104 ], [ 15.050637244000143, 11.342952728000171 ], [ 15.075876237000045, 11.322505952000029 ], [ 15.050140381000119, 11.279709817000139 ], [ 15.067201615000101, 11.248804093000047 ], [ 15.059918404000143, 11.230598450000116 ], [ 15.070182800000111, 11.198096275000012 ], [ 15.096858978000057, 11.165987968000024 ], [ 15.098698616000036, 11.105937959000187 ], [ 15.112029076000056, 11.084611892 ], [ 15.096420287000058, 11.06090068900005 ], [ 15.098112106000144, 11.045408250000094 ], [ 15.082754134000083, 11.041739463000056 ], [ 15.074181557000145, 11.023775101000126 ], [ 15.05066204000002, 11.021144868000022 ], [ 15.055266381000081, 11.005332947000113 ], [ 15.035042763000092, 10.995891572000062 ], [ 14.998945237000157, 11.009716035 ], [ 15.003781319000041, 11.017736436000064 ], [ 14.905858040000055, 11.086167335000027 ], [ 14.884695053000087, 11.08489704100009 ], [ 14.807486535000123, 11.030251503000045 ], [ 14.785894393999968, 11.030407905 ], [ 14.76815796000011, 11.046151162000115 ] ] ] } },
{ "type": "Feature", "properties": { "GID_1": "CMR.4_1", "NAME_1": "Extrême-Nord", "GID_2": "CMR.4.3_1", "NAME_2": "Mayo Danay", "cle": "mayodanay", "superficie_km2": 5276.9102050902875, "pop_total": 945752.58, "pop_incertitude": 0.2, "menages_total": 133692.82, "densite": 179.2246870313796, "taille_moy_menage": 7.0740715918775585, "lon_c": 15.098585762809137, "lat_c": 10.39825874655337 }, "geometry": { "type": "Polygon", "coordinates": [ [ [ 15.461215973000094, 10.159468651 ], [ 15.512508392000029, 10.093596459000139 ], [ 15.536723137000138, 10.098784447000014 ], [ 15.563985824000156, 10.067851067000163 ], [ 15.585956574000079, 10.066740990000028 ], [ 15.598090172000184, 10.047422409999967 ], [ 15.618505479000135, 10.046849251000083 ], [ 15.68952465000018, 9.996432304000052 ], [ 15.41331958700016, 9.934937477000062 ], [ 15.364056588000039, 9.962049108000031 ], [ 15.248415, 9.991463001000056 ], [ 15.180023017000053, 9.988472003000027 ], [ 15.152478000000144, 9.997031 ], [ 15.112841999000068, 9.986745 ], [ 15.106310845000053, 9.966702461000182 ], [ 15.061924933000171, 9.948745729 ], [ 15.036314963, 9.968873977000101 ], [ 15.000712395000164, 9.969674110000142 ], [ 14.961483002000136, 9.98492526900003 ], [ 14.804341316000034, 9.936276437000174 ], [ 14.88718032700001, 10.075482368000166 ], [ 14.893027306000022, 10.145055770000056 ], [ 14.91963768100004, 10.199362755000038 ], [ 14.931244850000041, 10.199906350000163 ], [ 14.932059288000119, 10.218844413000113 ], [ 14.897226333000049, 10.24967765800011 ], [ 14.89927196400015, 10.260094643000059 ], [ 14.867700577000107, 10.309093475000054 ], [ 14.985925674000157, 10.410277366000173 ], [ 14.817188263000105, 10.609019279000165 ], [ 14.815800667000076, 10.641659736000122 ], [ 14.789944648000073, 10.657605171000114 ], [ 14.796191216000182, 10.926265717000035 ], [ 14.810276031, 10.948323251000033 ], [ 14.803015708000146, 11.030283929000063 ], [ 14.884695053000087, 11.08489704100009 ], [ 14.905858040000055, 11.086167335000027 ], [ 15.003781319000041, 11.017736436000064 ], [ 14.998945237000157, 11.009716035 ], [ 15.015354156000058, 11.009033203 ], [ 15.028306960000123, 10.995892525000045 ], [ 15.048393249000185, 10.99778652100008 ], [ 15.062777518000075, 10.984009743000058 ], [ 15.065682412000115, 10.965244294000058 ], [ 15.083778382000048, 10.949987411000052 ], [ 15.097167969000111, 10.876996041000154 ], [ 15.069767953, 10.813439370000083 ], [ 15.102615357000161, 10.740601540000114 ], [ 15.138448714000049, 10.702816009 ], [ 15.141339302000119, 10.667757989000108 ], [ 15.157954216000121, 10.64020061500014 ], [ 15.144201279000185, 10.57400608100005 ], [ 15.146604539000066, 10.536393165999982 ], [ 15.241271972000163, 10.47235107500012 ], [ 15.252875328000073, 10.436985015000118 ], [ 15.282974244000059, 10.408973695000043 ], [ 15.283142088999966, 10.367005348000077 ], [ 15.296551705000184, 10.35343647000002 ], [ 15.295993804000091, 10.335499764000076 ], [ 15.311124801000176, 10.325044632000129 ], [ 15.312205314000096, 10.306989671000053 ], [ 15.356204986000023, 10.292746544000124 ], [ 15.369096757000079, 10.269203184999981 ], [ 15.403227806000132, 10.243231773000161 ], [ 15.41165351900014, 10.219703675000119 ], [ 15.445239067000102, 10.196275711000055 ], [ 15.461215973000094, 10.159468651 ] ] ] } },
{ "type": "Feature", "properties": { "GID_1": "CMR.4_1", "NAME_1": "Extrême-Nord", "GID_2": "CMR.4.4_1", "NAME_2": "Mayo Kani", "cle": "mayokani", "superficie_km2": 4977.2128555878326, "pop_total": 593090.1, "pop_incertitude": 0.24, "menages_total": 95777.28, "densite": 119.16108818495631, "taille_moy_menage": 6.1923882156603316, "lon_c": 14.537027418770686, "lat_c": 10.259622036242279 }, "geometry": { "type": "Polygon", "coordinates": [ [ [ 14.91963768100004, 10.199362755000038 ], [ 14.893027306000022, 10.145055770000056 ], [ 14.88718032700001, 10.075482368000166 ], [ 14.802422523000189, 9.93567562100003 ], [ 14.466057776000071, 10.006619453000155 ], [ 14.207490920000055, 10.006016732000091 ], [ 14.209771157000148, 10.05366325500006 ], [ 14.229847908000124, 10.075656891000108 ], [ 14.219901084000128, 10.091260910000074 ], [ 14.110027313000103, 10.128650666000169 ], [ 14.103466988000037, 10.115496635000056 ], [ 14.078172683000162, 10.110452652000106 ], [ 14.065846443000112, 10.128381729000012 ], [ 14.050880432000042, 10.162182808000125 ], [ 14.058563232000097, 10.242697716000123 ], [ 14.047076226, 10.285950660000026 ], [ 14.050076484000101, 10.352553368000144 ], [ 14.130986213000142, 10.363556862000053 ], [ 14.235939025999983, 10.396541595000087 ], [ 14.270451545000185, 10.437974931000099 ], [ 14.283986092000134, 10.492669106000164 ], [ 14.439198495000028, 10.558293342000127 ], [ 14.462038992999965, 10.546386719000054 ], [ 14.503935814000045, 10.481115341000134 ], [ 14.55043602000012, 10.466611863000082 ], [ 14.701640128000065, 10.474010467000085 ], [ 14.737278938000088, 10.525242806000051 ], [ 14.694376945000158, 10.548612595 ], [ 14.691240311000172, 10.582705498000109 ], [ 14.789944648000073, 10.657605171000114 ], [ 14.815800667000076, 10.641659736000122 ], [ 14.817188263000105, 10.609019279000165 ], [ 14.985925674000157, 10.410277366000173 ], [ 14.867700577000107, 10.309093475000054 ], [ 14.89927196400015, 10.260094643000059 ], [ 14.897226333000049, 10.24967765800011 ], [ 14.932059288000119, 10.218844413000113 ], [ 14.931244850000041, 10.199906350000163 ], [ 14.91963768100004, 10.199362755000038 ] ] ] } },
{ "type": "Feature", "properties": { "GID_1": "CMR.4_1", "NAME_1": "Extrême-Nord", "GID_2": "CMR.4.5_1", "NAME_2": "Mayo Sava", "cle": "mayosava", "superficie_km2": 2624.7002650423174, "pop_total": 525565.46, "pop_incertitude": 0.49, "menages_total": 78994.28, "densite": 200.23827749014472, "taille_moy_menage": 6.6532090677957942, "lon_c": 14.202856916040371, "lat_c": 11.106820103765399 }, "geometry": { "type": "Polygon", "coordinates": [ [ [ 14.315954208000164, 10.954597473000092 ], [ 14.306085587000155, 10.938576699000066 ], [ 14.287037850000047, 10.940427781000096 ], [ 14.266520501000173, 10.92462253500014 ], [ 14.242461204000165, 10.878569602000084 ], [ 14.210193634, 10.842712402000075 ], [ 14.170526505000055, 10.840662956000187 ], [ 14.146838188000174, 10.824138642000037 ], [ 14.128434181000046, 10.784277916000065 ], [ 14.049722672000144, 10.803602219000027 ], [ 14.015203477000114, 10.840474129000086 ], [ 14.023310662000085, 10.903889656 ], [ 13.986561775000155, 10.933403968999983 ], [ 13.976627350000172, 10.995191574000046 ], [ 13.955978394000169, 11.023351669000078 ], [ 13.962476731000038, 11.067785264000065 ], [ 13.937758446000089, 11.111403465000137 ], [ 13.878373145000182, 11.144254685000078 ], [ 13.906194687000152, 11.168236733000185 ], [ 13.915322303999972, 11.197046281000041 ], [ 13.927248955000096, 11.202563287000146 ], [ 13.953167915000051, 11.245719909000115 ], [ 13.980623244000014, 11.318759919000115 ], [ 14.067760467000028, 11.282212257000026 ], [ 14.100781440000048, 11.278772355000172 ], [ 14.110697747000131, 11.262774467999975 ], [ 14.168959617000041, 11.245588303000034 ], [ 14.201046943000051, 11.25373363500006 ], [ 14.235692979000135, 11.288714408999965 ], [ 14.335300446000019, 11.340667726000106 ], [ 14.428277016000095, 11.419939995 ], [ 14.464477540000019, 11.424295425000139 ], [ 14.474059104000048, 11.389360427999975 ], [ 14.463064193999969, 11.292053223000039 ], [ 14.485653877000061, 11.227030754000168 ], [ 14.48234271900003, 11.145085335999966 ], [ 14.501399995000099, 11.11559677200006 ], [ 14.433469772000024, 11.040855407000095 ], [ 14.421917915000165, 11.010560037000062 ], [ 14.38079738600004, 10.995649338000078 ], [ 14.349608422000131, 10.956491471000163 ], [ 14.315954208000164, 10.954597473000092 ] ] ] } },
{ "type": "Feature", "properties": { "GID_1": "CMR.4_1", "NAME_1": "Extrême-Nord", "GID_2": "CMR.4.6_1", "NAME_2": "Mayo Tsanaga", "cle": "mayotsanaga", "superficie_km2": 4485.4913364215699, "pop_total": 896314.26, "pop_incertitude": 0.45, "menages_total": 144293.92, "densite": 199.8252126187497, "taille_moy_menage": 6.2117257608636587, "lon_c": 13.784739193420931, "lat_c": 10.576177697938636 }, "geometry": { "type": "Polygon", "coordinates": [ [ [ 13.846325874000058, 10.239807130000031 ], [ 13.800955773000169, 10.253051758000083 ], [ 13.741987229000017, 10.245523453000033 ], [ 13.714341164000075, 10.258616447000122 ], [ 13.678579331000094, 10.257225991000041 ], [ 13.655858041000045, 10.221776963000082 ], [ 13.647780418000082, 10.181957244999978 ], [ 13.695560456000123, 10.143900871000142 ], [ 13.641316414000073, 10.127535820000105 ], [ 13.615882873000089, 10.133483888000058 ], [ 13.58867073000016, 10.124335289000044 ], [ 13.563532829999986, 10.085401535000074 ], [ 13.554414750000149, 10.086226464000049 ], [ 13.551143646000071, 10.102165223000156 ], [ 13.435178757000131, 10.082725525 ], [ 13.424167634000071, 10.108645439000043 ], [ 13.403126715999974, 10.125348092000138 ], [ 13.434075356000051, 10.134838103999982 ], [ 13.443427086000042, 10.153945922000048 ], [ 13.467485428999964, 10.163991928000087 ], [ 13.469137191000016, 10.194316864000086 ], [ 13.4828481670001, 10.199433326000076 ], [ 13.46564293, 10.246206283000049 ], [ 13.471402168000111, 10.274335861000111 ], [ 13.487435341000037, 10.29540062000018 ], [ 13.482142448000047, 10.335396767000191 ], [ 13.498349190000056, 10.339501382000094 ], [ 13.494111061000126, 10.391013145999977 ], [ 13.523856163000119, 10.403900147000172 ], [ 13.536246301000119, 10.423672676000081 ], [ 13.538297652000153, 10.451893806000044 ], [ 13.527542113000095, 10.479068757000107 ], [ 13.538351059000036, 10.479948043000036 ], [ 13.573973656000021, 10.535323143000028 ], [ 13.558300019, 10.558448792000036 ], [ 13.566771507000169, 10.583720208000045 ], [ 13.545849800999974, 10.61833000200005 ], [ 13.570919036000078, 10.634735109000189 ], [ 13.585781097000051, 10.672164918000135 ], [ 13.578440666000176, 10.691609384000117 ], [ 13.586972236000122, 10.70483970600003 ], [ 13.603895188000024, 10.703676224000048 ], [ 13.621281623000186, 10.718982697000058 ], [ 13.643405915000073, 10.776008606000119 ], [ 13.655187607000187, 10.784294129000102 ], [ 13.636975289000191, 10.792360305000102 ], [ 13.651891708000051, 10.820580482000139 ], [ 13.671244622000131, 10.818273544000022 ], [ 13.677961349000157, 10.838665962000107 ], [ 13.713875770000129, 10.859918595000067 ], [ 13.727931975999979, 10.923343658000078 ], [ 13.709904671000118, 10.949121476000073 ], [ 13.708013535000134, 10.97204494500005 ], [ 13.726331711, 10.983454705000156 ], [ 13.734724044000131, 11.011379243000135 ], [ 13.792529104999971, 11.009667397999976 ], [ 13.812273025000081, 11.069156648000046 ], [ 13.825618743000121, 11.071332932000189 ], [ 13.829505920000145, 11.085781097000051 ], [ 13.855351449000125, 11.100666047000061 ], [ 13.878373145000182, 11.144254685000078 ], [ 13.937758446000089, 11.111403465000137 ], [ 13.962476731000038, 11.067785264000065 ], [ 13.955978394000169, 11.023351669000078 ], [ 13.976627350000172, 10.995191574000046 ], [ 13.986561775000155, 10.933403968999983 ], [ 14.023310662000085, 10.903889656 ], [ 14.015203477000114, 10.840474129000086 ], [ 14.062648773000035, 10.800229074000072 ], [ 14.072753906000059, 10.780426979000026 ], [ 14.037225724000166, 10.730958938000015 ], [ 14.033425331000046, 10.674974442000064 ], [ 14.067927360000056, 10.650983810000128 ], [ 14.054283143000077, 10.601841927000123 ], [ 14.056473731000153, 10.576399803000186 ], [ 14.072657584000126, 10.566244125000139 ], [ 14.090914726999983, 10.568608285000153 ], [ 14.074500083000032, 10.531802178000135 ], [ 14.094117165000114, 10.493083954000042 ], [ 14.087185860000147, 10.484827042000063 ], [ 14.058745385000179, 10.482899666000094 ], [ 14.042541503000052, 10.460599898999988 ], [ 14.006740570000034, 10.465899467000099 ], [ 13.98740482400018, 10.453421593000087 ], [ 13.991475105000063, 10.423782348999964 ], [ 13.952923774000055, 10.290002823 ], [ 13.956694603000187, 10.237741471000106 ], [ 13.967894555000157, 10.229711532000124 ], [ 13.846325874000058, 10.239807130000031 ] ] ] } },
{ "type": "Feature", "properties": { "GID_1": "CMR.5_1", "NAME_1": "Littoral", "GID_2": "CMR.5.1_1", "NAME_2": "Moungo", "cle": "moungo", "superficie_km2": 3889.8508501390024, "pop_total": 612188.27, "pop_incertitude": 0.53, "menages_total": 121866.29, "densite": 157.38091088457125, "taille_moy_menage": 5.0234422496984195, "lon_c": 9.7691497892843486, "lat_c": 4.6738463794022937 }, "geometry": { "type": "Polygon", "coordinates": [ [ [ 9.766563416000054, 4.231801509999968 ], [ 9.754390716000103, 4.150785446000157 ], [ 9.726170539000066, 4.149223328 ], [ 9.711881637000147, 4.128524303000063 ], [ 9.679385186000161, 4.119690896000066 ], [ 9.65152454300005, 4.120751858000062 ], [ 9.632027627000184, 4.135477066000078 ], [ 9.594926834000091, 4.10950613100016 ], [ 9.592284202000087, 4.095842839000113 ], [ 9.603627204000134, 4.091550350000148 ], [ 9.58715152700006, 4.082574844000021 ], [ 9.585764884000127, 4.066960813000151 ], [ 9.573343277000106, 4.065378666000072 ], [ 9.559412957000177, 4.084758282000053 ], [ 9.505868913000143, 4.071408749000113 ], [ 9.529536247000124, 4.105573177000167 ], [ 9.550131797000176, 4.105272293000155 ], [ 9.557864189000099, 4.118287563000024 ], [ 9.548921585000016, 4.148835658999985 ], [ 9.529767036000123, 4.165890694000097 ], [ 9.529988288000141, 4.210410595000155 ], [ 9.519404412000029, 4.212332250000088 ], [ 9.510525704000088, 4.196827888000144 ], [ 9.499658584000144, 4.203728676000026 ], [ 9.466750145000162, 4.189770698000075 ], [ 9.448833465000064, 4.208067895000113 ], [ 9.429667472000119, 4.211717129000078 ], [ 9.42079448700008, 4.203966618000152 ], [ 9.413747787000034, 4.223502158000031 ], [ 9.428632736000111, 4.23689794600017 ], [ 9.424741744000073, 4.271750451 ], [ 9.433624268000131, 4.294819355000072 ], [ 9.45872020600001, 4.317399978000083 ], [ 9.455781936000108, 4.348326683000039 ], [ 9.464746476000187, 4.346406460000082 ], [ 9.478491782999981, 4.36276960400005 ], [ 9.479742051000073, 4.379619599000023 ], [ 9.498159409000152, 4.391287803000182 ], [ 9.502464294000106, 4.411007882000149 ], [ 9.514859199000057, 4.402382373000137 ], [ 9.510481834000188, 4.417895795000106 ], [ 9.497225760999982, 4.421447276000094 ], [ 9.48752784800007, 4.470186233000163 ], [ 9.503664017000176, 4.490855216000114 ], [ 9.492796898000108, 4.503883839000139 ], [ 9.503296852000062, 4.511727334000113 ], [ 9.493002892000106, 4.526287079000156 ], [ 9.50817585100009, 4.531925201000035 ], [ 9.504733085000169, 4.520342828000139 ], [ 9.511793136000165, 4.519955158000187 ], [ 9.510950089000119, 4.542358875000161 ], [ 9.538537979000125, 4.56426334400004 ], [ 9.541331292000052, 4.589340686000185 ], [ 9.573591232000069, 4.615284444000054 ], [ 9.630406379000135, 4.627120494000053 ], [ 9.64357566800004, 4.637671948 ], [ 9.646877288000042, 4.650323391000086 ], [ 9.632194520000041, 4.664201259000095 ], [ 9.691056251000134, 4.72137498800015 ], [ 9.704512595999972, 4.808179378000034 ], [ 9.749038695000024, 4.841758729000105 ], [ 9.742738723000116, 4.858402729000034 ], [ 9.774524689000032, 4.873771667000142 ], [ 9.762768746000177, 4.877657891000183 ], [ 9.763833046000116, 4.887075900000013 ], [ 9.779553413000087, 4.897004605000063 ], [ 9.786070823000045, 4.916450502000089 ], [ 9.756322861000172, 4.919918061000033 ], [ 9.754415512000037, 4.941046714000038 ], [ 9.766896246999977, 4.956261157000029 ], [ 9.775730133000138, 5.005545139 ], [ 9.811128617000122, 5.025396347000083 ], [ 9.828407287000175, 5.014459610000131 ], [ 9.856061935000014, 5.018384933000107 ], [ 9.866170884000041, 5.029462337000098 ], [ 9.854436874000157, 5.051395893000119 ], [ 9.831186295000066, 5.060317040000086 ], [ 9.81593704200003, 5.079701901000078 ], [ 9.801351547000138, 5.140281200000175 ], [ 9.775547027000073, 5.146035195000081 ], [ 9.76640510600015, 5.209688663000065 ], [ 9.736417771000106, 5.245463372000074 ], [ 9.740931510000053, 5.275122644000021 ], [ 9.768578529000081, 5.263293744000066 ], [ 9.783971787000098, 5.284400464000157 ], [ 9.829555511000137, 5.290767192000033 ], [ 9.824075699000048, 5.330033302000174 ], [ 9.842700004000164, 5.334849358000042 ], [ 9.853832246000024, 5.322288036000032 ], [ 9.832661629000086, 5.275467873000082 ], [ 9.847523690000116, 5.256840707000038 ], [ 9.88218879700014, 5.250369549000027 ], [ 9.907195091000062, 5.276496888000054 ], [ 9.934992791000013, 5.277683736000029 ], [ 9.923363686000187, 5.25106573100004 ], [ 9.970462799000131, 5.244477273000086 ], [ 9.993707658000062, 5.227534294000066 ], [ 10.008336068000176, 5.183875561000036 ], [ 10.00544834100009, 5.145344735000151 ], [ 9.991484641000056, 5.130727292000131 ], [ 10.010433197000054, 5.080072404000077 ], [ 10.006460190000041, 5.06931162 ], [ 10.072917939000149, 5.044648171000119 ], [ 10.065806389000045, 5.01547575 ], [ 10.074424743000122, 4.98731613200016 ], [ 10.106490135000058, 4.958078862000093 ], [ 10.113503456000103, 4.928411007000022 ], [ 10.065766334000045, 4.864503385000148 ], [ 10.057725907000133, 4.840248108000083 ], [ 10.041540145999988, 4.831246377000184 ], [ 10.047367097000119, 4.788136006000059 ], [ 10.063170433000096, 4.774055004000104 ], [ 10.034008979000077, 4.741516590000117 ], [ 10.00736999500009, 4.724071502000129 ], [ 9.984292983999978, 4.735310554000137 ], [ 9.948844910000162, 4.667999745000145 ], [ 9.920747757000186, 4.663886547000175 ], [ 9.928725243000144, 4.688714028000163 ], [ 9.895046234000176, 4.708343505000073 ], [ 9.827816964000078, 4.670325279 ], [ 9.816860198000029, 4.650496484000087 ], [ 9.79320335500006, 4.645056247000184 ], [ 9.759241103000079, 4.611256600000047 ], [ 9.756829263000157, 4.55459499300008 ], [ 9.77857494400007, 4.505388737000146 ], [ 9.770361900000125, 4.496985913000174 ], [ 9.778479577000041, 4.476386548000107 ], [ 9.76250362400009, 4.452780247000078 ], [ 9.774493218000032, 4.44081544900007 ], [ 9.80180931100017, 4.444570542000179 ], [ 9.787387847000105, 4.273211954999965 ], [ 9.766563416000054, 4.231801509999968 ] ] ] } },
{ "type": "Feature", "properties": { "GID_1": "CMR.5_1", "NAME_1": "Littoral", "GID_2": "CMR.5.2_1", "NAME_2": "Nkam", "cle": "nkam", "superficie_km2": 6183.9076877057114, "pop_total": 59276.08, "pop_incertitude": 0.42, "menages_total": 13414.94, "densite": 9.5855376557200831, "taille_moy_menage": 4.4186615817886628, "lon_c": 10.149877798904908, "lat_c": 4.5189999969722932 }, "geometry": { "type": "Polygon", "coordinates": [ [ [ 9.782523154000046, 4.256801129000166 ], [ 9.80180931100017, 4.444570542000179 ], [ 9.774493218000032, 4.44081544900007 ], [ 9.76250362400009, 4.452780247000078 ], [ 9.778479577000041, 4.476386548000107 ], [ 9.770361900000125, 4.496985913000174 ], [ 9.77857494400007, 4.505388737000146 ], [ 9.756829263000157, 4.55459499300008 ], [ 9.759241103000079, 4.611256600000047 ], [ 9.79320335500006, 4.645056247000184 ], [ 9.816860198000029, 4.650496484000087 ], [ 9.827816964000078, 4.670325279 ], [ 9.895046234000176, 4.708343505000073 ], [ 9.928725243000144, 4.688714028000163 ], [ 9.920747757000186, 4.663886547000175 ], [ 9.948844910000162, 4.667999745000145 ], [ 9.984292983999978, 4.735310554000137 ], [ 10.00736999500009, 4.724071502000129 ], [ 10.043522834999976, 4.751384259000076 ], [ 10.063170433000096, 4.774055004000104 ], [ 10.047367097000119, 4.788136006000059 ], [ 10.041540145999988, 4.831246377000184 ], [ 10.057725907000133, 4.840248108000083 ], [ 10.106965065000111, 4.927021504000038 ], [ 10.150026320000052, 4.919942856000034 ], [ 10.159299849999968, 4.946182728000053 ], [ 10.147860526000102, 4.975008488000185 ], [ 10.191597937999973, 4.997880935000012 ], [ 10.225671768000041, 5.03908920300006 ], [ 10.22353363000002, 5.054298401000153 ], [ 10.197867394000014, 5.07890176900014 ], [ 10.23286533400011, 5.107735158000082 ], [ 10.284192085000086, 5.057203292000054 ], [ 10.314604760000179, 5.100206852000156 ], [ 10.367035866000094, 5.086592674000087 ], [ 10.367551803000083, 5.017841340000189 ], [ 10.395803452000052, 5.018159390000051 ], [ 10.418096542000171, 5.006684780000057 ], [ 10.42056465200011, 4.972115993000045 ], [ 10.411594392000097, 4.960236073000146 ], [ 10.425297737000108, 4.939620018000085 ], [ 10.420356750000167, 4.918854714000076 ], [ 10.444268226000077, 4.960638046999975 ], [ 10.45911788900014, 4.948140144000035 ], [ 10.433709144000034, 4.910326957000109 ], [ 10.524454116000186, 4.903232575000061 ], [ 10.488422395000043, 4.881301880000137 ], [ 10.477816582000173, 4.851421833000074 ], [ 10.444452287000104, 4.832967282000027 ], [ 10.417158128000153, 4.788218023000184 ], [ 10.378411293000113, 4.786283492000052 ], [ 10.360702515000014, 4.764670372000069 ], [ 10.337878228000079, 4.691309929000056 ], [ 10.357099702000085, 4.666301386000043 ], [ 10.375242000000185, 4.706744000000185 ], [ 10.416789000000165, 4.705654001000141 ], [ 10.455975999000032, 4.729033000000129 ], [ 10.465141000000131, 4.744117000000131 ], [ 10.493781000000126, 4.714353000000187 ], [ 10.490126610000118, 4.694928646000108 ], [ 10.471416999000098, 4.674126000000172 ], [ 10.466540001000169, 4.645238999000014 ], [ 10.454504013000133, 4.647680282000124 ], [ 10.398570062000147, 4.576303483000174 ], [ 10.378762246000122, 4.502333687000146 ], [ 10.394866943000068, 4.476324558000101 ], [ 10.427971840000168, 4.474850654000022 ], [ 10.441243001000146, 4.489525 ], [ 10.469722000000104, 4.482722 ], [ 10.465669631000083, 4.463096618 ], [ 10.478279114000031, 4.447263241000144 ], [ 10.487436294000076, 4.46154213 ], [ 10.507612001000098, 4.466836999000179 ], [ 10.517215729000156, 4.453728676000139 ], [ 10.542510032000052, 4.460422040000083 ], [ 10.574899674000164, 4.454412461000118 ], [ 10.599822999000082, 4.474998000000141 ], [ 10.602809905000129, 4.464923859000123 ], [ 10.616173999000068, 4.474761 ], [ 10.616457957000137, 4.46710920300012 ], [ 10.652635001000078, 4.454635000000167 ], [ 10.636995316000025, 4.453217983000059 ], [ 10.598823, 4.420379000000139 ], [ 10.548885078000126, 4.430908992000127 ], [ 10.525816008000049, 4.403648016000147 ], [ 10.528018, 4.366443999000012 ], [ 10.471223831000088, 4.366538526000113 ], [ 10.452123948000121, 4.340903005000087 ], [ 10.447987866000176, 4.356573813000125 ], [ 10.43878100000012, 4.348723001000167 ], [ 10.419711052000025, 4.286391126000183 ], [ 10.358315000000118, 4.196633999000142 ], [ 10.357026100000041, 4.171207905000131 ], [ 10.367333656000085, 4.149732017000076 ], [ 10.324567912000134, 4.104204999000103 ], [ 10.3103615980001, 4.116149551000035 ], [ 10.305499003000023, 4.107821025000021 ], [ 10.290609360000019, 4.113867761000108 ], [ 10.276563899999985, 4.089726074 ], [ 10.231962183000121, 4.112895940000044 ], [ 10.224847960999966, 4.106010999000148 ], [ 10.158136161000073, 4.106412989000034 ], [ 10.130816202000119, 4.128611075000151 ], [ 10.072456360000047, 4.111476899000138 ], [ 10.069412230000069, 4.081234932000029 ], [ 10.046889305000036, 4.089817047000167 ], [ 10.005623818000117, 4.08273982999998 ], [ 9.992979049000041, 4.092946053000048 ], [ 9.964362145000166, 4.079238891000159 ], [ 9.946922303000122, 4.090643405000151 ], [ 9.923589707000133, 4.083340645000078 ], [ 9.909393310000155, 4.092416763000131 ], [ 9.84607315, 4.067373752000094 ], [ 9.83732891, 4.105421543000034 ], [ 9.826915742000153, 4.113945962000059 ], [ 9.863206863000016, 4.143465043000106 ], [ 9.862902641000062, 4.155560494000156 ], [ 9.792666435000058, 4.223142147000033 ], [ 9.762815476000128, 4.224975110000059 ], [ 9.782523154000046, 4.256801129000166 ] ] ] } },
{ "type": "Feature", "properties": { "GID_1": "CMR.5_1", "NAME_1": "Littoral", "GID_2": "CMR.5.3_1", "NAME_2": "Sanaga Maritime", "cle": "sanagamaritime", "superficie_km2": 9312.3724122572621, "pop_total": 294054.72, "pop_incertitude": 0.53, "menages_total": 63132.29, "densite": 31.57677839569164, "taille_moy_menage": 4.6577546925669884, "lon_c": 10.283854500248694, "lat_c": 3.934753546905382 }, "geometry": { "type": "Polygon", "coordinates": [ [ [ 10.975408554000126, 4.335872651000102 ], [ 11.000392913000098, 4.303193092000015 ], [ 11.013426781000078, 4.302856446000078 ], [ 11.019879341000035, 4.278077603000042 ], [ 11.040707589000078, 4.26755380700007 ], [ 11.035970688000134, 4.258406639000157 ], [ 11.045157433000043, 4.244189263000067 ], [ 11.067404748000058, 4.240103721000082 ], [ 11.077399254000113, 4.228199483000139 ], [ 11.073381423000114, 4.187444686000049 ], [ 10.939888955000129, 4.125979901000051 ], [ 10.850334168000131, 4.114818573000036 ], [ 10.834147453000128, 4.095024110000168 ], [ 10.77939033399997, 4.0874967580001 ], [ 10.758894920999978, 4.067708970000126 ], [ 10.724880218000123, 4.054895878000139 ], [ 10.692424774000074, 4.068355083000029 ], [ 10.682770729000026, 4.054582595000056 ], [ 10.696084976000066, 4.044889451000074 ], [ 10.692147256000055, 4.031406879000031 ], [ 10.702256202000171, 4.023230553000133 ], [ 10.691859245000103, 3.989021778000051 ], [ 10.668091774000118, 3.98504328700011 ], [ 10.645000457000094, 3.967772960000161 ], [ 10.641498565000063, 3.920459985000093 ], [ 10.666294097000105, 3.836040974000184 ], [ 10.653064727000128, 3.836771489000114 ], [ 10.644118307999975, 3.82349896400018 ], [ 10.654581071000166, 3.79136180900008 ], [ 10.643563270000072, 3.795007467000119 ], [ 10.619681358000093, 3.780453682000029 ], [ 10.621449471000119, 3.760817290000148 ], [ 10.605650902999969, 3.726815701000135 ], [ 10.597646713000131, 3.734280826000088 ], [ 10.591521263000061, 3.72774768000005 ], [ 10.583033560999979, 3.745181322000121 ], [ 10.575208664000115, 3.74126887400007 ], [ 10.581150055000137, 3.756763459000183 ], [ 10.551701545000185, 3.767489195000167 ], [ 10.524088859000074, 3.796838045000015 ], [ 10.512265205000176, 3.799275399000066 ], [ 10.508737564000057, 3.787903786000015 ], [ 10.488337516000058, 3.816132069 ], [ 10.473992348000081, 3.809914113000161 ], [ 10.468401909000022, 3.823315383000022 ], [ 10.456272126000101, 3.822832585000185 ], [ 10.397298812000145, 3.804302930000119 ], [ 10.392969132000189, 3.792327643000078 ], [ 10.376821518000099, 3.786815168000032 ], [ 10.383226395000065, 3.779756547000147 ], [ 10.363993644000118, 3.724002600000176 ], [ 10.37326431300005, 3.691061258000047 ], [ 10.352454186000102, 3.649304867000012 ], [ 10.340128898000103, 3.651236772000118 ], [ 10.323265076000155, 3.564159632000042 ], [ 10.298295021000115, 3.553219319000164 ], [ 10.273191452000049, 3.51760721300019 ], [ 10.232497215000137, 3.516671657000074 ], [ 10.235139846000038, 3.544360639000104 ], [ 10.202386856000032, 3.559106350000093 ], [ 10.20403289799998, 3.591630459000044 ], [ 10.185395240000162, 3.595280170000137 ], [ 10.154891013000167, 3.567727089000073 ], [ 10.11762237500011, 3.580461978000073 ], [ 10.083747864000145, 3.496514797000088 ], [ 10.067604065000126, 3.48918175600005 ], [ 10.075142861000018, 3.419484855000178 ], [ 10.053374291000125, 3.398763657000075 ], [ 10.057661057000075, 3.378819227000065 ], [ 10.039079665999964, 3.337952375000043 ], [ 9.982028007999986, 3.303165912000111 ], [ 9.963164329, 3.276597262000053 ], [ 9.902985572000034, 3.26309084900015 ], [ 9.87892436900006, 3.32516789500005 ], [ 9.781023979000111, 3.437070132000088 ], [ 9.684783935000041, 3.519096613000158 ], [ 9.640007973000024, 3.54290914600017 ], [ 9.650603295000053, 3.53996777600014 ], [ 9.688851357000146, 3.562831640000127 ], [ 9.660345077000159, 3.569958686000064 ], [ 9.640201568000123, 3.550393582000027 ], [ 9.632863044000089, 3.556213379000042 ], [ 9.631070137000165, 3.562685013000134 ], [ 9.631964684000025, 3.563834191000183 ], [ 9.635525704000145, 3.555037260000177 ], [ 9.647785186000021, 3.567883254000094 ], [ 9.637457847000064, 3.581835985000168 ], [ 9.638545035000107, 3.619452 ], [ 9.650142669000104, 3.620120049000036 ], [ 9.656845093000129, 3.632742406000034 ], [ 9.634967805000088, 3.683048725000106 ], [ 9.552510261000123, 3.814174890000174 ], [ 9.592340470000124, 3.797084569000162 ], [ 9.603040696000107, 3.840423822000048 ], [ 9.62206459000015, 3.867614269000171 ], [ 9.658529282000075, 3.846548319000078 ], [ 9.661251069000173, 3.836161853000135 ], [ 9.682081223000068, 3.83514857300014 ], [ 9.698127747000115, 3.853606225000021 ], [ 9.715889932000096, 3.857802869000125 ], [ 9.678214074000095, 3.907080889000156 ], [ 9.678086281000105, 3.928894043000184 ], [ 9.758714676000125, 3.942593337000176 ], [ 9.774498939000011, 3.963164329000165 ], [ 9.834815025000125, 3.941758156000105 ], [ 9.851457597000092, 3.947773933 ], [ 9.861628532999987, 3.960099698000136 ], [ 9.863517762000072, 3.989377499999989 ], [ 9.845434190000049, 4.004591464999976 ], [ 9.842461586000127, 4.035228253000014 ], [ 9.821014405000085, 4.047615528999984 ], [ 9.84607315, 4.067373752000094 ], [ 9.909393310000155, 4.092416763000131 ], [ 9.923589707000133, 4.083340645000078 ], [ 9.946922303000122, 4.090643405000151 ], [ 9.964362145000166, 4.079238891000159 ], [ 9.992979049000041, 4.092946053000048 ], [ 10.005623818000117, 4.08273982999998 ], [ 10.046889305000036, 4.089817047000167 ], [ 10.069412230000069, 4.081234932000029 ], [ 10.069689751000055, 4.108631135000053 ], [ 10.107328415000154, 4.126900196000065 ], [ 10.142987121000033, 4.125330923000149 ], [ 10.158136161000073, 4.106412989000034 ], [ 10.224847960999966, 4.106010999000148 ], [ 10.231962183000121, 4.112895940000044 ], [ 10.276563899999985, 4.089726074 ], [ 10.290609360000019, 4.113867761000108 ], [ 10.305499003000023, 4.107821025000021 ], [ 10.3103615980001, 4.116149551000035 ], [ 10.324567912000134, 4.104204999000103 ], [ 10.367333656000085, 4.149732017000076 ], [ 10.357026100000041, 4.171207905000131 ], [ 10.358315000000118, 4.196633999000142 ], [ 10.419711052000025, 4.286391126000183 ], [ 10.43878100000012, 4.348723001000167 ], [ 10.447987866000176, 4.356573813000125 ], [ 10.452123948000121, 4.340903005000087 ], [ 10.471223831000088, 4.366538526000113 ], [ 10.528018, 4.366443999000012 ], [ 10.525816008000049, 4.403648016000147 ], [ 10.534695963, 4.422111948000179 ], [ 10.548885078000126, 4.430908992000127 ], [ 10.598823, 4.420379000000139 ], [ 10.61436299900015, 4.428172999000139 ], [ 10.636995316000025, 4.453217983000059 ], [ 10.650431999000034, 4.452094001000148 ], [ 10.643537520999985, 4.464531898000132 ], [ 10.67647743200007, 4.481069088000083 ], [ 10.680017470000053, 4.493846894000058 ], [ 10.693642616000147, 4.48606300400013 ], [ 10.697035790000029, 4.521695136000119 ], [ 10.725928307000117, 4.52223062600018 ], [ 10.723174095000104, 4.502605439000092 ], [ 10.737393379000139, 4.492001056999982 ], [ 10.776428223000153, 4.497443677000035 ], [ 10.786090851000097, 4.510809421000147 ], [ 10.776606559000129, 4.52945709200003 ], [ 10.779888153000059, 4.599315644000058 ], [ 10.79496669700012, 4.611056329000064 ], [ 10.83118534100015, 4.611769199999969 ], [ 10.877053261000071, 4.580945968000151 ], [ 10.890063285000053, 4.607387067000047 ], [ 10.920256615000028, 4.606400013000098 ], [ 10.913710594000122, 4.520953179000117 ], [ 10.902923583000131, 4.500144004000049 ], [ 10.890778541000088, 4.4970550540001 ], [ 10.894118308000145, 4.469463826000151 ], [ 10.913995742000054, 4.437803268000152 ], [ 10.944026947000168, 4.4158806800001 ], [ 10.942451478000123, 4.388303281000162 ], [ 10.97259998300018, 4.374131679000186 ], [ 10.975408554000126, 4.335872651000102 ] ], [ [ 9.863889508000113, 3.977889441000116 ], [ 9.863747993000061, 3.978021992000151 ], [ 9.863669396000034, 3.977938211000037 ], [ 9.863889508000113, 3.977889441000116 ] ] ] } },
{ "type": "Feature", "properties": { "GID_1": "CMR.5_1", "NAME_1": "Littoral", "GID_2": "CMR.5.4_1", "NAME_2": "Wouri", "cle": "wouri", "superficie_km2": 872.17743056343522, "pop_total": 3490684.59, "pop_incertitude": 0.77, "menages_total": 682615.18, "densite": 4002.2642958612023, "taille_moy_menage": 5.1136931792228815, "lon_c": 9.6661614588807616, "lat_c": 4.0377741762102097 }, "geometry": { "type": "MultiPolygon", "coordinates": [ [ [ [ 9.863889508000113, 3.977889441000116 ], [ 9.863669396000034, 3.977938211000037 ], [ 9.863747993000061, 3.978021992000151 ], [ 9.863889508000113, 3.977889441000116 ] ] ], [ [ [ 9.82176017800009, 4.050357342000098 ], [ 9.842461586000127, 4.035228253000014 ], [ 9.845434190000049, 4.004591464999976 ], [ 9.864201546000174, 3.98475051000014 ], [ 9.858934402000102, 3.955046654000057 ], [ 9.84092044800019, 3.941686630000049 ], [ 9.778638839999985, 3.963519096000084 ], [ 9.758714676000125, 3.942593337000176 ], [ 9.713580131000185, 3.93053913000017 ], [ 9.678086281000105, 3.928894043000184 ], [ 9.675826072, 3.941545726000129 ], [ 9.634892464000131, 3.939483882000047 ], [ 9.623016357000097, 3.956128121000063 ], [ 9.625363350000043, 3.97063136100013 ], [ 9.635230065000087, 3.962907077000182 ], [ 9.63975715700002, 3.99056387000013 ], [ 9.630584717000147, 4.00715828 ], [ 9.610340118000124, 4.016076088000148 ], [ 9.580733299000144, 4.004848957000149 ], [ 9.523568153000156, 4.027849675000084 ], [ 9.512768746000063, 4.018978119 ], [ 9.528018951000035, 4.008114338000098 ], [ 9.532080651000172, 3.97251391500015 ], [ 9.524737357000106, 3.963294745000098 ], [ 9.498632431000033, 3.964607477000186 ], [ 9.461504937000143, 3.990688801000033 ], [ 9.446289063000052, 3.987488031000055 ], [ 9.459094048000054, 3.963784695000129 ], [ 9.439801217000081, 3.924500942000066 ], [ 9.462533950000079, 3.919634581000025 ], [ 9.470774651000056, 3.904634238000142 ], [ 9.406521798000142, 3.88308215100011 ], [ 9.368587494999986, 3.89292550000016 ], [ 9.33580112400017, 3.915394545000026 ], [ 9.355697631, 3.907411814000113 ], [ 9.381181718000107, 3.920584679000115 ], [ 9.405419349000113, 3.971126317000085 ], [ 9.403999329000044, 3.991807699000105 ], [ 9.434524537000129, 4.02386617600007 ], [ 9.451781273000108, 4.02385664000019 ], [ 9.458380700000021, 4.060714245000042 ], [ 9.478689194000083, 4.062138557000139 ], [ 9.496034622000138, 4.050255775000153 ], [ 9.513594627000089, 4.076955319000035 ], [ 9.531026840000095, 4.072705747000157 ], [ 9.559412957000177, 4.084758282000053 ], [ 9.573343277000106, 4.065378666000072 ], [ 9.585764884000127, 4.066960813000151 ], [ 9.58715152700006, 4.082574844000021 ], [ 9.603627204000134, 4.091550350000148 ], [ 9.592284202000087, 4.095842839000113 ], [ 9.594926834000091, 4.10950613100016 ], [ 9.632027627000184, 4.135477066000078 ], [ 9.65152454300005, 4.120751858000062 ], [ 9.679385186000161, 4.119690896000066 ], [ 9.711881637000147, 4.128524303000063 ], [ 9.726170539000066, 4.149223328 ], [ 9.754390716000103, 4.150785446000157 ], [ 9.765737533000049, 4.225786210000024 ], [ 9.792666435000058, 4.223142147000033 ], [ 9.862902641000062, 4.155560494000156 ], [ 9.863206863000016, 4.143465043000106 ], [ 9.827574730000151, 4.116550446000076 ], [ 9.83732891, 4.105421543000034 ], [ 9.838816641999983, 4.076851846000068 ], [ 9.846683503000122, 4.074275018000037 ], [ 9.82176017800009, 4.050357342000098 ] ] ] ] } },
{ "type": "Feature", "properties": { "GID_1": "CMR.7_1", "NAME_1": "Nord", "GID_2": "CMR.7.1_1", "NAME_2": "Bénoué", "cle": "benoue", "superficie_km2": 13771.515679505583, "pop_total": 1675066.64, "pop_incertitude": 0.26, "menages_total": 255811.77, "densite": 121.63270034922817, "taille_moy_menage": 6.5480436650745197, "lon_c": 13.473740890280537, "lat_c": 9.2232061962227156 }, "geometry": { "type": "Polygon", "coordinates": [ [ [ 13.81881523200002, 9.003019333 ], [ 13.782073975, 8.962694168000098 ], [ 13.831975936000049, 8.93695640500016 ], [ 13.829708100000175, 8.922339439999973 ], [ 13.839441298999986, 8.92299938300016 ], [ 13.829114914000115, 8.910268784000095 ], [ 13.841390610000076, 8.906409263000057 ], [ 13.814928055, 8.879169463999972 ], [ 13.823695183000098, 8.865455627000131 ], [ 13.807467460000112, 8.840762139000162 ], [ 13.788659096000174, 8.832907677000037 ], [ 13.792495728000176, 8.819089889000054 ], [ 13.750795365000158, 8.816187857999978 ], [ 13.747649191999983, 8.792055130000051 ], [ 13.734044075000043, 8.796772958000133 ], [ 13.737174989000152, 8.78950977300002 ], [ 13.724520683000094, 8.781163217000085 ], [ 13.714076996000074, 8.788594245000127 ], [ 13.696562766000113, 8.775126457000113 ], [ 13.690032005000035, 8.755407333000107 ], [ 13.673983572999987, 8.756188394 ], [ 13.663350105000177, 8.744242669000073 ], [ 13.659247397, 8.720527648000143 ], [ 13.691116333000025, 8.660432817000128 ], [ 13.673947334000104, 8.645584106000172 ], [ 13.663144112000111, 8.608977318000029 ], [ 13.642216681999969, 8.597242355999981 ], [ 13.624300002000098, 8.553229331000125 ], [ 13.618384362000029, 8.489818572000104 ], [ 13.592028617000096, 8.476776122999979 ], [ 13.580985070000168, 8.42736721100016 ], [ 13.551334381000117, 8.403120995000052 ], [ 13.537356376000048, 8.40654564 ], [ 13.50490284000017, 8.382833481000148 ], [ 13.420074462000173, 8.354070664000176 ], [ 13.399486542000091, 8.358581543000071 ], [ 13.395565034000128, 8.420652389000054 ], [ 13.439010620000033, 8.421125413000084 ], [ 13.483559609000167, 8.482402802000024 ], [ 13.478398322999965, 8.625999451000041 ], [ 13.272405625000033, 8.609478952000131 ], [ 13.208586692000154, 8.648749352000038 ], [ 13.190216063999969, 8.680903436000051 ], [ 13.171505927000112, 8.684504510000124 ], [ 13.163254738000148, 8.703360558000099 ], [ 13.144958496000072, 8.713161468000123 ], [ 13.12720108100018, 8.703922272 ], [ 13.091091156000175, 8.712555885000029 ], [ 13.032773970999983, 8.785721778000038 ], [ 12.947140693, 8.794416428000034 ], [ 12.892044067000143, 8.724225999000168 ], [ 12.880023956000116, 8.743257523000068 ], [ 12.878608704000044, 8.91057682100012 ], [ 12.942997931999969, 9.018006325000158 ], [ 12.936063767000121, 9.036417008000171 ], [ 12.952322005999974, 9.075798035000105 ], [ 12.927826880999987, 9.121030808000171 ], [ 12.927645683000094, 9.152467728000147 ], [ 12.914539338000054, 9.158739090000154 ], [ 12.919813156000146, 9.247385026000188 ], [ 12.909591674000126, 9.259512901999983 ], [ 12.916018485000166, 9.276828766000108 ], [ 12.908589362000157, 9.292112350000082 ], [ 12.916559220000011, 9.337885857000117 ], [ 12.892437935000032, 9.354989051000189 ], [ 12.877400398000077, 9.347379684000032 ], [ 12.843784333000031, 9.372720719000029 ], [ 12.864787102000093, 9.369921685000065 ], [ 12.871006966000095, 9.391368866000107 ], [ 12.936788558000103, 9.419313430000159 ], [ 12.967122077000056, 9.451292991 ], [ 12.97232437100007, 9.471127510000031 ], [ 13.004919053000094, 9.483370782000179 ], [ 13.034303665000095, 9.511322022000058 ], [ 13.04676055900012, 9.506971359999966 ], [ 13.092560768000055, 9.526973725000062 ], [ 13.125862121000011, 9.528474808000169 ], [ 13.213854788999981, 9.566312791000144 ], [ 13.23583698200008, 9.619032861000051 ], [ 13.229708672000186, 9.679098129000124 ], [ 13.25260925300006, 9.700293541000065 ], [ 13.258910180000157, 9.777610779000099 ], [ 13.299126625000099, 9.82768726400019 ], [ 13.242075919, 9.864030839000179 ], [ 13.236782073000029, 9.919707298000162 ], [ 13.27987671000011, 9.941511155000057 ], [ 13.287774085000137, 9.98019504500013 ], [ 13.247620583000128, 10.000475883000036 ], [ 13.252220154000099, 10.042205811000088 ], [ 13.281003953000038, 10.049100876000125 ], [ 13.310797692000051, 10.012458802000026 ], [ 13.379484177, 9.981025696000017 ], [ 13.48027896800005, 9.987109184000133 ], [ 13.55072879700009, 9.967432977000044 ], [ 13.578221321000058, 9.916754722000121 ], [ 13.610352515999978, 9.898912431000042 ], [ 13.614230155000087, 9.838624954000124 ], [ 13.59793567700018, 9.816697121000118 ], [ 13.598572731000104, 9.803180695000151 ], [ 13.619471551000174, 9.798807145000126 ], [ 13.639678, 9.750377656000069 ], [ 13.650284767000073, 9.708668709000051 ], [ 13.640876769000045, 9.668935777000058 ], [ 13.680315017, 9.628487587 ], [ 13.701228142000105, 9.579234124000152 ], [ 13.734945297000024, 9.591872216000127 ], [ 13.757065773000079, 9.566493989000037 ], [ 13.800606728000162, 9.588480950000189 ], [ 13.871170043000177, 9.592601775000162 ], [ 13.911745072000144, 9.639190673000087 ], [ 13.960627554999974, 9.627691269000024 ], [ 13.982441902000062, 9.64243126000008 ], [ 14.00790119200019, 9.622694015000093 ], [ 14.043807983000079, 9.614011766000147 ], [ 14.074267387000191, 9.566423415999964 ], [ 14.099730491000059, 9.549880981 ], [ 14.11091423, 9.517808915000046 ], [ 14.156396866000023, 9.502190591000101 ], [ 14.196987153, 9.444072722999977 ], [ 14.211860656999988, 9.445463180000047 ], [ 14.239017487000069, 9.419650078000132 ], [ 14.237999917000081, 9.406950951000056 ], [ 14.274445535000041, 9.358395576000021 ], [ 14.291288377000058, 9.359352113000057 ], [ 14.287896155000055, 9.341657639000061 ], [ 14.269031524000184, 9.342876435 ], [ 14.217066764000094, 9.307559968000135 ], [ 14.22919178, 9.261906624000176 ], [ 14.167298317000075, 9.262899398000059 ], [ 14.146933555000146, 9.252793312 ], [ 14.125144959000181, 9.260912895000104 ], [ 14.077838897000106, 9.240300179000087 ], [ 14.034065246000125, 9.235407830000042 ], [ 13.982005119000064, 9.247711181000057 ], [ 13.962862969000014, 9.206983566000076 ], [ 13.960965156000157, 9.163311959000055 ], [ 13.905091284999969, 9.110468865000144 ], [ 13.916569709999976, 9.079158782999968 ], [ 13.900917054000047, 9.068802833000063 ], [ 13.872641564000162, 9.090718270000139 ], [ 13.841375351000181, 9.066481591000183 ], [ 13.854606629000159, 9.04200744700006 ], [ 13.847999572000163, 9.011661530000026 ], [ 13.840692520000061, 9.003088951000109 ], [ 13.81881523200002, 9.003019333 ] ] ] } },
{ "type": "Feature", "properties": { "GID_1": "CMR.7_1", "NAME_1": "Nord", "GID_2": "CMR.7.2_1", "NAME_2": "Faro", "cle": "faro", "superficie_km2": 11804.122316724428, "pop_total": 128857.52, "pop_incertitude": 0.5, "menages_total": 22198.78, "densite": 10.916315211121701, "taille_moy_menage": 5.8047117904677652, "lon_c": 12.87558124587153, "lat_c": 8.248787297776909 }, "geometry": { "type": "Polygon", "coordinates": [ [ [ 12.443839074000039, 7.960598946000175 ], [ 12.402439117000029, 8.020002365000153 ], [ 12.349213599999985, 8.053698541000188 ], [ 12.285948753000127, 8.116147042000023 ], [ 12.276069640000117, 8.151495934000025 ], [ 12.291425705000108, 8.187595368000132 ], [ 12.277896881, 8.175566673999981 ], [ 12.256371497000146, 8.175818443000139 ], [ 12.257280350000144, 8.225474358000042 ], [ 12.238751411000123, 8.339077949000171 ], [ 12.264679909000165, 8.370116233000033 ], [ 12.247361182000077, 8.385927201000129 ], [ 12.260375977000024, 8.437411309000083 ], [ 12.283644675000062, 8.445807457 ], [ 12.302827834000027, 8.442592622000063 ], [ 12.313431741000159, 8.425796509000065 ], [ 12.335584641000082, 8.430500030000132 ], [ 12.337159157000144, 8.446055412000021 ], [ 12.376531600000078, 8.479591370000151 ], [ 12.394652367000049, 8.474692346000154 ], [ 12.403153420000081, 8.490400314000055 ], [ 12.424414634000129, 8.488599777000047 ], [ 12.436905862000174, 8.511242866000089 ], [ 12.465737343000114, 8.524367333000043 ], [ 12.446306229000186, 8.56407356200009 ], [ 12.445723533000091, 8.60089015900013 ], [ 12.432199479000019, 8.621337890000063 ], [ 12.464281082000184, 8.622154236000142 ], [ 12.485801698000159, 8.643450736000034 ], [ 12.550526619000095, 8.621724128000039 ], [ 12.559916496000142, 8.626135827000155 ], [ 12.575332641000159, 8.61398124800013 ], [ 12.606888772000104, 8.623953820000168 ], [ 12.615338325000153, 8.639071466000075 ], [ 12.632311820999973, 8.635963440000126 ], [ 12.636084557000061, 8.645962716000042 ], [ 12.660731315000078, 8.653412818000106 ], [ 12.67335510200013, 8.646726609000098 ], [ 12.701418877000037, 8.667921066000019 ], [ 12.709403038000119, 8.738075257000105 ], [ 12.720302582000045, 8.760772706000068 ], [ 12.758804321000071, 8.760400772000025 ], [ 12.765479088000177, 8.747181892000185 ], [ 12.785830497000177, 8.743083000000127 ], [ 12.819844246000116, 8.831068992999974 ], [ 12.80086135900001, 8.853323936000095 ], [ 12.81581974, 8.862853050000183 ], [ 12.807533264000028, 8.886294366000129 ], [ 12.818768501000022, 8.899023057000022 ], [ 12.806494713000177, 8.902426719000061 ], [ 12.803986550000047, 8.916487693000136 ], [ 12.820909501000074, 8.935738563000086 ], [ 12.838541985000063, 9.007330895000052 ], [ 12.897856712000134, 9.114781380000181 ], [ 12.882692336000048, 9.149849891000144 ], [ 12.88602829000007, 9.180330277000053 ], [ 12.918152810000095, 9.251803398000163 ], [ 12.914539338000054, 9.158739090000154 ], [ 12.927645683000094, 9.152467728000147 ], [ 12.927826880999987, 9.121030808000171 ], [ 12.95233154400006, 9.074027062000027 ], [ 12.936063767000121, 9.036417008000171 ], [ 12.942997931999969, 9.018006325000158 ], [ 12.878608704000044, 8.91057682100012 ], [ 12.8744068150001, 8.841287614 ], [ 12.885192871000129, 8.823341371000083 ], [ 12.874307633000058, 8.757246971000086 ], [ 12.890553474000171, 8.725399018000132 ], [ 12.947140693, 8.794416428000034 ], [ 13.032773970999983, 8.785721778000038 ], [ 13.091091156000175, 8.712555885000029 ], [ 13.12720108100018, 8.703922272 ], [ 13.144958496000072, 8.713161468000123 ], [ 13.163254738000148, 8.703360558000099 ], [ 13.171505927000112, 8.684504510000124 ], [ 13.190216063999969, 8.680903436000051 ], [ 13.208586692000154, 8.648749352000038 ], [ 13.272405625000033, 8.609478952000131 ], [ 13.478398322999965, 8.625999451000041 ], [ 13.483559609000167, 8.482402802000024 ], [ 13.439010620000033, 8.421125413000084 ], [ 13.395565034000128, 8.420652389000054 ], [ 13.396818160000066, 8.340384484000026 ], [ 13.362731933000191, 8.278873445000102 ], [ 13.333229065000182, 8.271614075 ], [ 13.337808610000081, 8.199808120000057 ], [ 13.32256221800003, 8.180299758000103 ], [ 13.280821800000183, 8.165856362 ], [ 13.27161312100003, 8.153513908000036 ], [ 13.23726749400015, 8.153772355000172 ], [ 13.223376275000021, 8.106500625000081 ], [ 13.166106224000146, 8.090009690000102 ], [ 13.088421821000168, 8.105330467999977 ], [ 13.053263664000042, 8.141183853000086 ], [ 13.02807521800014, 8.153073309999968 ], [ 13.030697822000093, 8.171784402000071 ], [ 13.018755912000188, 8.181406975000129 ], [ 13.009138106000023, 8.167461396000135 ], [ 13.005942344000118, 8.147853851000036 ], [ 13.020194054000171, 8.11353492700016 ], [ 13.052241326, 8.075372695999988 ], [ 13.04542636900004, 8.052630426000178 ], [ 13.074110985000061, 8.029698371000165 ], [ 13.104431152000075, 8.027329445000078 ], [ 13.15308380100015, 8.00330448200009 ], [ 13.16082477600014, 7.982972622000034 ], [ 13.180607796000118, 7.976110458000164 ], [ 13.270464897000068, 7.966938973000083 ], [ 13.327539444000081, 7.973622323000086 ], [ 13.335477827999966, 7.954541207000148 ], [ 13.35194492200003, 7.945108415 ], [ 13.355925559000127, 7.932083607000038 ], [ 13.325821876000077, 7.901179791000118 ], [ 13.340869903000169, 7.856726646000084 ], [ 13.309674264000023, 7.821151256000178 ], [ 13.294424057000015, 7.818347455000094 ], [ 13.306158067000126, 7.786244870000189 ], [ 13.283922195000116, 7.755345823000027 ], [ 13.295479774000057, 7.743485927000165 ], [ 13.28789901600004, 7.732201100000054 ], [ 13.293762206000054, 7.725077152000154 ], [ 13.283843994000108, 7.700258256000097 ], [ 13.257615089000183, 7.690208434999988 ], [ 13.252614020000181, 7.649298191000128 ], [ 13.260501862000012, 7.624491691000173 ], [ 13.245875359000138, 7.606590272000062 ], [ 13.228236198000047, 7.613064290000125 ], [ 13.224490165000134, 7.601929664000068 ], [ 13.140587806000156, 7.594623089000095 ], [ 13.08084964699998, 7.602924348000158 ], [ 13.036688805000097, 7.62969732300013 ], [ 13.016867638000065, 7.629022598000176 ], [ 12.976998330000185, 7.648783207000122 ], [ 12.895113945000105, 7.65820312600016 ], [ 12.87567806200002, 7.668886183999973 ], [ 12.79982853000007, 7.667461872000104 ], [ 12.777689933000033, 7.68704986500012 ], [ 12.740128518000176, 7.695499898000037 ], [ 12.731250762000172, 7.73149919500014 ], [ 12.704331398000022, 7.719982623000078 ], [ 12.63526248900007, 7.752393247000157 ], [ 12.643280030000028, 7.782325745000037 ], [ 12.631294250999986, 7.825424672000111 ], [ 12.652927399000077, 7.867086411000059 ], [ 12.635924340000031, 7.884050369000022 ], [ 12.626756668000155, 7.93152141600018 ], [ 12.487241745000063, 7.924018384000021 ], [ 12.443839074000039, 7.960598946000175 ] ] ] } },
{ "type": "Feature", "properties": { "GID_1": "CMR.7_1", "NAME_1": "Nord", "GID_2": "CMR.7.3_1", "NAME_2": "Mayo Louti", "cle": "mayolouti", "superficie_km2": 4158.9603494882094, "pop_total": 687931.61, "pop_incertitude": 0.25, "menages_total": 100430.02, "densite": 165.40951396294389, "taille_moy_menage": 6.8498603306063259, "lon_c": 13.822534499810162, "lat_c": 9.9457422221274214 }, "geometry": { "type": "Polygon", "coordinates": [ [ [ 14.229752541000153, 10.075222970000027 ], [ 14.209771157000148, 10.05366325500006 ], [ 14.208221436000088, 10.001634597000191 ], [ 14.135066031, 9.823863029000051 ], [ 14.026252747000058, 9.731581688000063 ], [ 13.982441902000062, 9.64243126000008 ], [ 13.960627554999974, 9.627691269000024 ], [ 13.911745072000144, 9.639190673000087 ], [ 13.871170043000177, 9.592601775000162 ], [ 13.800606728000162, 9.588480950000189 ], [ 13.75576210000014, 9.566346170000145 ], [ 13.734945297000024, 9.591872216000127 ], [ 13.701228142000105, 9.579234124000152 ], [ 13.680315017, 9.628487587 ], [ 13.640876769000045, 9.668935777000058 ], [ 13.650284767000073, 9.708668709000051 ], [ 13.641880989000185, 9.74333953900009 ], [ 13.619471551000174, 9.798807145000126 ], [ 13.597831727000084, 9.807060242000034 ], [ 13.614230155000087, 9.838624954000124 ], [ 13.610352515999978, 9.898912431000042 ], [ 13.578221321000058, 9.916754722000121 ], [ 13.55072879700009, 9.967432977000044 ], [ 13.48027896800005, 9.987109184000133 ], [ 13.420120239000141, 9.977481843000021 ], [ 13.376578331000076, 9.981874466000079 ], [ 13.313917160000074, 10.010317802000031 ], [ 13.274989129000119, 10.051298142 ], [ 13.294435500000191, 10.08872413600011 ], [ 13.342946053, 10.122792244000038 ], [ 13.357240678000153, 10.112760544000082 ], [ 13.403121948000148, 10.125546456 ], [ 13.438445091000062, 10.082109451 ], [ 13.551143646000071, 10.102165223000156 ], [ 13.558687210000187, 10.084899902000075 ], [ 13.58867073000016, 10.124335289000044 ], [ 13.691693305000172, 10.140810014000124 ], [ 13.69525623200019, 10.147263526000074 ], [ 13.647780418000082, 10.181957244999978 ], [ 13.655858041000045, 10.221776963000082 ], [ 13.672604561000128, 10.237463951000052 ], [ 13.676233291000131, 10.254969598000116 ], [ 13.693376541000191, 10.261115074000031 ], [ 13.739100456000187, 10.245756149000101 ], [ 13.800955773000169, 10.253051758000083 ], [ 13.916804314000046, 10.228131295000026 ], [ 13.973860740000077, 10.229939461000072 ], [ 13.979978561000053, 10.217191696000043 ], [ 14.011928559000069, 10.201670646000139 ], [ 14.003847122000082, 10.18639373700006 ], [ 14.013521193000031, 10.173916818000066 ], [ 14.051829338, 10.172573090000071 ], [ 14.076165199000172, 10.111342429999979 ], [ 14.103466988000037, 10.115496635000056 ], [ 14.110027313000103, 10.128650666000169 ], [ 14.209111213000085, 10.09638977000003 ], [ 14.229752541000153, 10.075222970000027 ] ] ] } },
{ "type": "Feature", "properties": { "GID_1": "CMR.7_1", "NAME_1": "Nord", "GID_2": "CMR.7.4_1", "NAME_2": "Mayo Rey", "cle": "mayorey", "superficie_km2": 36601.493815151174, "pop_total": 944739.69, "pop_incertitude": 0.48, "menages_total": 141287.56, "densite": 25.81150634920057, "taille_moy_menage": 6.6866445283647051, "lon_c": 14.470442628812306, "lat_c": 8.1190059859032342 }, "geometry": { "type": "Polygon", "coordinates": [ [ [ 15.21216487800001, 7.222474575000149 ], [ 15.103199005000135, 7.143596172000116 ], [ 15.102548599000158, 7.159123422 ], [ 15.058331490000114, 7.188941002000149 ], [ 14.995312692000027, 7.138255596000022 ], [ 14.893250464000175, 7.105097295000178 ], [ 14.871190071, 7.079852104999986 ], [ 14.834172248000016, 7.085653306000097 ], [ 14.725648880000051, 7.023557187000108 ], [ 14.651938439000105, 7.016164780000167 ], [ 14.645000459000187, 7.02596759700009 ], [ 14.65554237300006, 7.045944691000102 ], [ 14.646139145000063, 7.064829350000025 ], [ 14.587787628000058, 7.07468271200014 ], [ 14.563532829000053, 7.056676864000167 ], [ 14.572813034000092, 7.066857815999981 ], [ 14.569347381000114, 7.080145359000142 ], [ 14.520875930000159, 7.135142803000122 ], [ 14.520238875000132, 7.161454201000026 ], [ 14.486036300000023, 7.150045871000088 ], [ 14.443304062000152, 7.151602745000105 ], [ 14.431832312999973, 7.165940761000172 ], [ 14.404411315000118, 7.147200585000178 ], [ 14.321863174000043, 7.16427517000011 ], [ 14.332681656000091, 7.191605091000042 ], [ 14.354007721000073, 7.194978237000043 ], [ 14.361959458000115, 7.213664532000109 ], [ 14.35386180900008, 7.271528721000095 ], [ 14.332842826000103, 7.278259754000032 ], [ 14.340897561000133, 7.305333615000052 ], [ 14.313561440000058, 7.310900689000107 ], [ 14.304883004000033, 7.30375766700007 ], [ 14.245873451000136, 7.35269403500007 ], [ 14.235728263000055, 7.375219345000062 ], [ 14.241939544000161, 7.391641140000161 ], [ 14.215976715000068, 7.401195050000183 ], [ 14.213675499999965, 7.457001687000059 ], [ 14.182641983000053, 7.458225250000169 ], [ 14.174985887000048, 7.47328615300006 ], [ 14.144822121000061, 7.483747959000084 ], [ 14.132310867000172, 7.508687972000132 ], [ 14.136557579000169, 7.552694797000186 ], [ 14.125641821999977, 7.567032338000104 ], [ 14.112593651000168, 7.570809841000141 ], [ 14.08373355800012, 7.554745198000091 ], [ 14.032387733000178, 7.561063766000132 ], [ 14.006171226000049, 7.550397396000051 ], [ 13.980391503000135, 7.577781677000189 ], [ 13.951444627000114, 7.579257489000099 ], [ 13.930847169000117, 7.592178344000047 ], [ 13.914268495000101, 7.58864641200006 ], [ 13.874241829000141, 7.616858959000126 ], [ 13.872740745999977, 7.627846718000058 ], [ 13.891754150000054, 7.651766777000091 ], [ 13.873081206999984, 7.674587726000084 ], [ 13.883561134000161, 7.704518318000169 ], [ 13.860689164000064, 7.71155262100018 ], [ 13.825507163000111, 7.746296884000117 ], [ 13.786900521000064, 7.758087159000183 ], [ 13.76439857500003, 7.815206527999976 ], [ 13.734191894000105, 7.859915258000115 ], [ 13.744261741000116, 7.912088870000105 ], [ 13.71593379900014, 7.928917886000022 ], [ 13.714104653000163, 7.944683075000171 ], [ 13.699512482000102, 7.957634927000129 ], [ 13.664937974000054, 7.930447578000155 ], [ 13.588792801000068, 7.926142216000073 ], [ 13.572970389999966, 7.906274320000023 ], [ 13.506916999000111, 7.923505783000167 ], [ 13.440798759000074, 7.909039975000155 ], [ 13.421360015000062, 7.917646885000181 ], [ 13.425757407999981, 7.943850518000147 ], [ 13.409005165999986, 7.962165832000153 ], [ 13.365136146000054, 7.969981193000081 ], [ 13.35473442100016, 7.964363097000103 ], [ 13.329656600000078, 7.974650384000142 ], [ 13.270464897000068, 7.966938973000083 ], [ 13.180607796000118, 7.976110458000164 ], [ 13.16082477600014, 7.982972622000034 ], [ 13.15308380100015, 8.00330448200009 ], [ 13.104431152000075, 8.027329445000078 ], [ 13.0796442030001, 8.02682876700004 ], [ 13.05049896200012, 8.046959877 ], [ 13.044933319000108, 8.054461479000054 ], [ 13.052241326, 8.075372695999988 ], [ 13.020194054000171, 8.11353492700016 ], [ 13.005942344000118, 8.147853851000036 ], [ 13.009138106000023, 8.167461396000135 ], [ 13.018755912000188, 8.181406975000129 ], [ 13.030697822000093, 8.171784402000071 ], [ 13.02807521800014, 8.153073309999968 ], [ 13.053263664000042, 8.141183853000086 ], [ 13.088421821000168, 8.105330467999977 ], [ 13.166106224000146, 8.090009690000102 ], [ 13.223376275000021, 8.106500625000081 ], [ 13.23726749400015, 8.153772355000172 ], [ 13.27161312100003, 8.153513908000036 ], [ 13.280821800000183, 8.165856362 ], [ 13.32256221800003, 8.180299758000103 ], [ 13.337808610000081, 8.199808120000057 ], [ 13.333229065000182, 8.271614075 ], [ 13.362731933000191, 8.278873445000102 ], [ 13.401737213000047, 8.356976510000038 ], [ 13.420074462000173, 8.354070664000176 ], [ 13.50490284000017, 8.382833481000148 ], [ 13.580985070000168, 8.42736721100016 ], [ 13.592028617000096, 8.476776122999979 ], [ 13.618384362000029, 8.489818572000104 ], [ 13.624300002000098, 8.553229331000125 ], [ 13.642216681999969, 8.597242355999981 ], [ 13.663144112000111, 8.608977318000029 ], [ 13.673947334000104, 8.645584106000172 ], [ 13.691116333000025, 8.660432817000128 ], [ 13.659247397, 8.720527648000143 ], [ 13.662031173000116, 8.74172687600003 ], [ 13.673983572999987, 8.756188394 ], [ 13.690032005000035, 8.755407333000107 ], [ 13.696562766000113, 8.775126457000113 ], [ 13.713624955000057, 8.788335800000141 ], [ 13.724520683000094, 8.781163217000085 ], [ 13.737174989000152, 8.78950977300002 ], [ 13.734044075000043, 8.796772958000133 ], [ 13.747649191999983, 8.792055130000051 ], [ 13.750795365000158, 8.816187857999978 ], [ 13.792495728000176, 8.819089889000054 ], [ 13.788659096000174, 8.832907677000037 ], [ 13.80620765600014, 8.839249611000071 ], [ 13.823695183000098, 8.865455627000131 ], [ 13.814928055, 8.879169463999972 ], [ 13.841390610000076, 8.906409263000057 ], [ 13.829114914000115, 8.910268784000095 ], [ 13.839441298999986, 8.92299938300016 ], [ 13.829708100000175, 8.922339439999973 ], [ 13.831975936000049, 8.93695640500016 ], [ 13.782073975, 8.962694168000098 ], [ 13.815206528000033, 9.000518797999973 ], [ 13.847999572000163, 9.011661530000026 ], [ 13.854606629000159, 9.04200744700006 ], [ 13.841375351000181, 9.066481591000183 ], [ 13.872641564000162, 9.090718270000139 ], [ 13.900917054000047, 9.068802833000063 ], [ 13.916569709999976, 9.079158782999968 ], [ 13.905091284999969, 9.110468865000144 ], [ 13.960965156000157, 9.163311959000055 ], [ 13.962862969000014, 9.206983566000076 ], [ 13.982005119000064, 9.247711181000057 ], [ 14.034065246000125, 9.235407830000042 ], [ 14.077838897000106, 9.240300179000087 ], [ 14.125144959000181, 9.260912895000104 ], [ 14.146933555000146, 9.252793312 ], [ 14.167298317000075, 9.262899398000059 ], [ 14.22919178, 9.261906624000176 ], [ 14.218580246999977, 9.309826852000072 ], [ 14.269031524000184, 9.342876435 ], [ 14.287896155000055, 9.341657639000061 ], [ 14.291471480000041, 9.360050201000092 ], [ 14.311408042000096, 9.368730545000119 ], [ 14.347546578000049, 9.304832458000021 ], [ 14.380206108000095, 9.292113304000168 ], [ 14.38457870600007, 9.27359390200013 ], [ 14.348530769000035, 9.206849099000067 ], [ 14.403778076000037, 9.15104198400013 ], [ 14.467811584, 9.116867065000179 ], [ 14.497076035000134, 9.0537185660001 ], [ 14.58608341300004, 9.002035142000011 ], [ 14.836006164000082, 8.815203667 ], [ 14.853697776000161, 8.813155174000087 ], [ 14.872982979000028, 8.824801444 ], [ 14.901445388000184, 8.813485146 ], [ 14.925708770000142, 8.778560640000137 ], [ 14.912905693000141, 8.766919137000116 ], [ 14.92191887000007, 8.755438804000164 ], [ 14.946895600000062, 8.757723808000037 ], [ 14.987403869000161, 8.732252122000148 ], [ 14.981992721999973, 8.689544678000061 ], [ 15.036850928000035, 8.675731659000121 ], [ 15.059051513999975, 8.679807663000076 ], [ 15.106030465000117, 8.657796861000179 ], [ 15.110969544000113, 8.6370506290001 ], [ 15.151494980000166, 8.602159501000131 ], [ 15.15597629500013, 8.56797504400015 ], [ 15.177763939000045, 8.525024414000143 ], [ 15.200230599000122, 8.50901794400005 ], [ 15.396739007000178, 8.091275214 ], [ 15.39567566, 8.044395447000113 ], [ 15.452363969000032, 7.881149293000135 ], [ 15.504727363000086, 7.793642522000141 ], [ 15.588642120000031, 7.772483826000041 ], [ 15.593574523000029, 7.687584877000177 ], [ 15.576858520000144, 7.655652046000114 ], [ 15.579031944000178, 7.625970840000093 ], [ 15.564760208000052, 7.609701158000064 ], [ 15.56902408600007, 7.590646745000072 ], [ 15.512718200000165, 7.531980991000125 ], [ 15.496734618000175, 7.525787353000169 ], [ 15.492840768000065, 7.506811619000018 ], [ 15.462382316, 7.47992658700008 ], [ 15.457101821000037, 7.455774785000187 ], [ 15.440724373000137, 7.44943237300015 ], [ 15.426222801, 7.416947366000045 ], [ 15.245120048000047, 7.273379326000168 ], [ 15.21216487800001, 7.222474575000149 ] ] ] } },
{ "type": "Feature", "properties": { "GID_1": "CMR.6_1", "NAME_1": "Nord-Ouest", "GID_2": "CMR.6.1_1", "NAME_2": "Boyo", "cle": "boyo", "superficie_km2": 1655.874169380731, "pop_total": 148548.92, "pop_incertitude": 0.19, "menages_total": 27502.66, "densite": 89.710270711907299, "taille_moy_menage": 5.4012564602842055, "lon_c": 10.355280473906609, "lat_c": 6.3634008513737275 }, "geometry": { "type": "Polygon", "coordinates": [ [ [ 10.476687432000176, 6.29232215900015 ], [ 10.467078209000078, 6.249139786000114 ], [ 10.454646110000056, 6.253382682000165 ], [ 10.428079605000107, 6.235268593 ], [ 10.452706336000119, 6.198264599000026 ], [ 10.448418618000119, 6.172562122000159 ], [ 10.432993889999977, 6.153824807000149 ], [ 10.372980118000044, 6.132083416000057 ], [ 10.362776757000063, 6.104282855000122 ], [ 10.335014344000058, 6.105337620000114 ], [ 10.310044289000018, 6.152756692000139 ], [ 10.269729614000141, 6.159471036000184 ], [ 10.224908829000015, 6.147286415000053 ], [ 10.205120087000182, 6.153505802000097 ], [ 10.187226296000119, 6.180839538000043 ], [ 10.138947486000177, 6.176023007000083 ], [ 10.132101057999989, 6.165860653000152 ], [ 10.101010322999969, 6.157720567000069 ], [ 10.076611520000142, 6.177692413000159 ], [ 10.093060493000166, 6.205257417000041 ], [ 10.071701050000115, 6.234565258000032 ], [ 10.104867934000026, 6.262275696000017 ], [ 10.112797738000154, 6.303029061000188 ], [ 10.159840583000062, 6.362624646000086 ], [ 10.18955612200017, 6.368826866000063 ], [ 10.220582962000151, 6.332722187000115 ], [ 10.247797012000149, 6.329949857000088 ], [ 10.28431511000008, 6.343663692000121 ], [ 10.299574853000138, 6.385872365000068 ], [ 10.295685768000112, 6.409324169000172 ], [ 10.311010361000058, 6.411954880000167 ], [ 10.3175582880001, 6.430691243000069 ], [ 10.326176644000157, 6.431932449000101 ], [ 10.334812164000027, 6.485476495000114 ], [ 10.34815311400007, 6.494688511999982 ], [ 10.340978623000183, 6.507820607000042 ], [ 10.363389968000092, 6.53434181199998 ], [ 10.345476151000184, 6.648470403000033 ], [ 10.360689164000064, 6.655005454000104 ], [ 10.378567695000072, 6.645328523000103 ], [ 10.384298325000145, 6.663300515000117 ], [ 10.453953742000124, 6.713522434000026 ], [ 10.456882477000079, 6.666183473000103 ], [ 10.511418342000184, 6.641206742000065 ], [ 10.5091362, 6.618086339000115 ], [ 10.521509170000058, 6.59016799900013 ], [ 10.515928269000028, 6.559192182000174 ], [ 10.530145645000118, 6.53695964800005 ], [ 10.520084381, 6.532627582000089 ], [ 10.526232719000177, 6.522755147000112 ], [ 10.515290261000189, 6.481212615000118 ], [ 10.5320749280001, 6.471191406000059 ], [ 10.551214217000165, 6.476680278000174 ], [ 10.568801879000034, 6.459231853000063 ], [ 10.538140297000041, 6.373515129000111 ], [ 10.519948959000033, 6.372712613000147 ], [ 10.491754531000083, 6.346525669000016 ], [ 10.514122009000175, 6.301669122000021 ], [ 10.476687432000176, 6.29232215900015 ] ] ] } },
{ "type": "Feature", "properties": { "GID_1": "CMR.6_1", "NAME_1": "Nord-Ouest", "GID_2": "CMR.6.2_1", "NAME_2": "Bui", "cle": "bui", "superficie_km2": 2224.1425758292366, "pop_total": 251111.67, "pop_incertitude": 0.25, "menages_total": 46416.97, "densite": 112.90268561419762, "taille_moy_menage": 5.4099108580331716, "lon_c": 10.722395053855413, "lat_c": 6.2032291258191306 }, "geometry": { "type": "Polygon", "coordinates": [ [ [ 10.721775055000023, 6.39864444799997 ], [ 10.759817124000165, 6.393032073000029 ], [ 10.766329765000023, 6.378938675000143 ], [ 10.757749558000171, 6.366121770000063 ], [ 10.774906159000125, 6.351306438000108 ], [ 10.853656769000111, 6.348171234000063 ], [ 10.870223998000029, 6.340353490000155 ], [ 10.903179170000044, 6.294163228000173 ], [ 10.921483040000169, 6.29737949400004 ], [ 10.936771394000175, 6.288334847000101 ], [ 10.950150491000045, 6.264921665000031 ], [ 11.009839058000182, 6.27781295900013 ], [ 11.022970200000032, 6.260189533000187 ], [ 11.040067672000021, 6.257441044000075 ], [ 11.050523757000121, 6.237032891000183 ], [ 11.052178382000022, 6.223577023000075 ], [ 11.026805878000175, 6.239175321000175 ], [ 10.999340058000087, 6.232678414000191 ], [ 11.012226105000025, 6.151204109000162 ], [ 10.990814209000177, 6.108012200000076 ], [ 10.999294281000118, 6.086139680000088 ], [ 10.989204406000113, 6.06448698000014 ], [ 10.925932884000076, 6.016311645000144 ], [ 10.863903045000086, 6.020241737000106 ], [ 10.841936112000155, 5.976416111 ], [ 10.788515092000011, 6.018988133000107 ], [ 10.735110282000164, 6.022655010000165 ], [ 10.722702026000036, 6.039330482000025 ], [ 10.715338708000104, 6.032486438000092 ], [ 10.705065726999976, 6.037910937999982 ], [ 10.68009090400011, 5.993535043000122 ], [ 10.653408051000099, 5.987089158000174 ], [ 10.63881874000009, 6.012673378000102 ], [ 10.621078491000162, 6.013123036000025 ], [ 10.595322609, 6.078736306000167 ], [ 10.573184014000105, 6.074707984000099 ], [ 10.571947098000123, 6.057305814000188 ], [ 10.549315453000077, 6.053470612000069 ], [ 10.522890090000089, 6.103382588000159 ], [ 10.501935005000064, 6.123034001000121 ], [ 10.486792564000154, 6.107420445 ], [ 10.430641175000119, 6.106255055000076 ], [ 10.430171967000035, 6.149658204000104 ], [ 10.453181266000172, 6.180336475999979 ], [ 10.45370102000004, 6.194889546000127 ], [ 10.428079605000107, 6.235268593 ], [ 10.454646110000056, 6.253382682000165 ], [ 10.467078209000078, 6.249139786000114 ], [ 10.476687432000176, 6.29232215900015 ], [ 10.514122009000175, 6.301669122000021 ], [ 10.491754531000083, 6.346525669000016 ], [ 10.519948959000033, 6.372712613000147 ], [ 10.538140297000041, 6.373515129000111 ], [ 10.566432953000117, 6.435362817000055 ], [ 10.567920685000104, 6.460190772999965 ], [ 10.599547386999973, 6.479392052000037 ], [ 10.623002053000164, 6.46888589800011 ], [ 10.623993873000131, 6.455342293000115 ], [ 10.660771371000067, 6.440299511000148 ], [ 10.676640510000084, 6.422893525000063 ], [ 10.688160897000159, 6.382061482000154 ], [ 10.721775055000023, 6.39864444799997 ] ] ] } },
{ "type": "Feature", "properties": { "GID_1": "CMR.6_1", "NAME_1": "Nord-Ouest", "GID_2": "CMR.6.3_1", "NAME_2": "Donga Mantung", "cle": "dongamantung", "superficie_km2": 4364.8946922248224, "pop_total": 266952.43, "pop_incertitude": 0.26, "menages_total": 46573.92, "densite": 61.15896231712572, "taille_moy_menage": 5.7318007588796478, "lon_c": 10.800043016121382, "lat_c": 6.6249206096705775 }, "geometry": { "type": "Polygon", "coordinates": [ [ [ 11.060165406000067, 6.212064266000084 ], [ 11.042039872000089, 6.254895210000086 ], [ 11.022970200000032, 6.260189533000187 ], [ 11.017875672000059, 6.274774074000163 ], [ 10.990661622000061, 6.279485703000148 ], [ 10.973067285000127, 6.264458181000066 ], [ 10.952244759000109, 6.263994217 ], [ 10.932027817000176, 6.292138578000163 ], [ 10.903179170000044, 6.294163228000173 ], [ 10.867517471000156, 6.34194898700008 ], [ 10.774906159000125, 6.351306438000108 ], [ 10.757749558000171, 6.366121770000063 ], [ 10.766329765000023, 6.378938675000143 ], [ 10.759817124000165, 6.393032073000029 ], [ 10.728159904000108, 6.400045395000177 ], [ 10.688160897000159, 6.382061482000154 ], [ 10.676640510000084, 6.422893525000063 ], [ 10.601095199000156, 6.479473114000143 ], [ 10.570075989000088, 6.460142136000115 ], [ 10.551214217000165, 6.476680278000174 ], [ 10.5320749280001, 6.471191406000059 ], [ 10.515290261000189, 6.481212615000118 ], [ 10.526232719000177, 6.522755147000112 ], [ 10.520084381, 6.532627582000089 ], [ 10.530145645000118, 6.53695964800005 ], [ 10.515928269000028, 6.559192182000174 ], [ 10.521509170000058, 6.59016799900013 ], [ 10.5091362, 6.618086339000115 ], [ 10.511418342000184, 6.641206742000065 ], [ 10.456882477000079, 6.666183473000103 ], [ 10.443644523999978, 6.815611840000145 ], [ 10.429615021000131, 6.827387809000072 ], [ 10.4284648900001, 6.866231442000128 ], [ 10.410423279999975, 6.908955574000061 ], [ 10.463063239000064, 6.914776802000119 ], [ 10.490369795999982, 6.899660111000173 ], [ 10.49589920000011, 6.914831639000113 ], [ 10.540978432000145, 6.938623905000156 ], [ 10.572036743000126, 7.162285805000124 ], [ 10.601531030000046, 7.136364938000099 ], [ 10.607007027000122, 7.10333967300005 ], [ 10.59770202600015, 7.077906609000138 ], [ 10.61291122300014, 7.061124802000109 ], [ 10.627641678000089, 7.049407005000035 ], [ 10.654706002000125, 7.043129921000059 ], [ 10.658668517000137, 7.051587105000124 ], [ 10.678020477000132, 7.042315006000024 ], [ 10.686524390000045, 7.015585423000061 ], [ 10.704014777000111, 7.012051105000069 ], [ 10.720821380000075, 6.989347936000172 ], [ 10.738444328000128, 6.990109444000097 ], [ 10.765485763000129, 6.957441331000155 ], [ 10.78224754300004, 6.967989445000171 ], [ 10.841154098000118, 6.939635754000108 ], [ 10.843297004000135, 6.920747757000072 ], [ 10.820063590000188, 6.843799591000163 ], [ 10.840546608000125, 6.811835288000168 ], [ 10.880411148, 6.795504093000091 ], [ 10.898317337000037, 6.762480260000189 ], [ 10.904157638000186, 6.773359300000038 ], [ 10.912993432000064, 6.765612125000018 ], [ 10.919232368999985, 6.708508014000074 ], [ 10.947082520000151, 6.688282491 ], [ 10.94814682000009, 6.694737911000175 ], [ 10.994278909000116, 6.687008381000112 ], [ 11.023064613000145, 6.712512494000123 ], [ 11.051922798000021, 6.709364891000178 ], [ 11.059892654000066, 6.716192246000105 ], [ 11.096622466999975, 6.682096004000186 ], [ 11.099142075000088, 6.521626472000094 ], [ 11.118597984000075, 6.517707348000158 ], [ 11.142426491000151, 6.534111977000066 ], [ 11.17075538600011, 6.524125099000116 ], [ 11.194415091999986, 6.529320717000132 ], [ 11.205587387999969, 6.486718656000164 ], [ 11.192341805000126, 6.448331356999972 ], [ 11.207537652000042, 6.425822735000111 ], [ 11.197710037000036, 6.36266231500008 ], [ 11.209311485, 6.346811772000024 ], [ 11.205886842000098, 6.322269917000028 ], [ 11.185087205000116, 6.303437233000011 ], [ 11.181338309000068, 6.272857189000092 ], [ 11.195728301000031, 6.25753641200015 ], [ 11.163245201000166, 6.263316155000041 ], [ 11.137568473000044, 6.226586819000033 ], [ 11.103500367000095, 6.218591214000071 ], [ 11.060165406000067, 6.212064266000084 ] ] ] } },
{ "type": "Feature", "properties": { "GID_1": "CMR.6_1", "NAME_1": "Nord-Ouest", "GID_2": "CMR.6.4_1", "NAME_2": "Menchum", "cle": "menchum", "superficie_km2": 4569.9056565861647, "pop_total": 122708.48, "pop_incertitude": 0.19, "menages_total": 22641.48, "densite": 26.851425219939077, "taille_moy_menage": 5.4196315788543856, "lon_c": 10.068432631102407, "lat_c": 6.607323243292103 }, "geometry": { "type": "Polygon", "coordinates": [ [ [ 10.279074670000057, 6.33931160100019 ], [ 10.247797012000149, 6.329949857000088 ], [ 10.217433929000094, 6.333539486000177 ], [ 10.19953727799998, 6.361061097000118 ], [ 10.1734256740001, 6.370005607000166 ], [ 10.112797738000154, 6.303029061000188 ], [ 10.104867934000026, 6.262275696000017 ], [ 10.064726829999984, 6.227689266000027 ], [ 10.043125153000119, 6.264233113000103 ], [ 10.045610427000042, 6.277238847000035 ], [ 10.019272803000092, 6.304103374000022 ], [ 10.001255989000128, 6.305220604000056 ], [ 9.954934121000122, 6.28168869100017 ], [ 9.9444885260001, 6.262733937 ], [ 9.920667648, 6.265887260000056 ], [ 9.908951759000104, 6.24110698700008 ], [ 9.91202640500012, 6.222887993000086 ], [ 9.865302086000099, 6.207449914 ], [ 9.844052315000056, 6.232135774000085 ], [ 9.835268974000087, 6.278138162000118 ], [ 9.812420845000133, 6.280811310000161 ], [ 9.799763680000126, 6.263192177000121 ], [ 9.78861045900004, 6.272701740000116 ], [ 9.759324075000166, 6.362491132000059 ], [ 9.764066696999976, 6.390412808000121 ], [ 9.736499785000149, 6.431143284000086 ], [ 9.743618011000024, 6.484232427000052 ], [ 9.70634079000007, 6.50197506100011 ], [ 9.727961540000024, 6.601074697000172 ], [ 9.751465797000094, 6.65573215600017 ], [ 9.75065231300016, 6.67832231400007 ], [ 9.764412881000055, 6.680712701 ], [ 9.756073952000122, 6.695715427000039 ], [ 9.768430709000143, 6.749092578000045 ], [ 9.762715339000124, 6.759293079000145 ], [ 9.779424667000114, 6.794529915000112 ], [ 9.863946915000156, 6.776453495000169 ], [ 9.989940644000114, 6.891551971000069 ], [ 10.013423919000047, 6.903146744000082 ], [ 10.020113945000105, 6.920471669000108 ], [ 10.153351784000051, 7.038451672000122 ], [ 10.17949771900004, 7.011674882000079 ], [ 10.168615341000077, 7.000228881000112 ], [ 10.182609557000148, 6.984830857000077 ], [ 10.184515954000062, 6.966560841000103 ], [ 10.17406368200011, 6.93820476500008 ], [ 10.217097283000101, 6.888836861000129 ], [ 10.410382270000127, 6.908951284000011 ], [ 10.4284648900001, 6.866231442000128 ], [ 10.429615021000131, 6.827387809000072 ], [ 10.443644523999978, 6.815611840000145 ], [ 10.453953742000124, 6.713522434000026 ], [ 10.384298325000145, 6.663300515000117 ], [ 10.378567695000072, 6.645328523000103 ], [ 10.360689164000064, 6.655005454000104 ], [ 10.345476151000184, 6.648470403000033 ], [ 10.363389968000092, 6.53434181199998 ], [ 10.340978623000183, 6.507820607000042 ], [ 10.34815311400007, 6.494688511999982 ], [ 10.334812164000027, 6.485476495000114 ], [ 10.326176644000157, 6.431932449000101 ], [ 10.3175582880001, 6.430691243000069 ], [ 10.311010361000058, 6.411954880000167 ], [ 10.295685768000112, 6.409324169000172 ], [ 10.298263549000183, 6.379599094000184 ], [ 10.279074670000057, 6.33931160100019 ] ] ] } },
{ "type": "Feature", "properties": { "GID_1": "CMR.6_1", "NAME_1": "Nord-Ouest", "GID_2": "CMR.6.5_1", "NAME_2": "Mezam", "cle": "mezam", "superficie_km2": 1854.0667702966734, "pop_total": 424321.02, "pop_incertitude": 0.22, "menages_total": 84261.77, "densite": 228.85962188519426, "taille_moy_menage": 5.0357477655643832, "lon_c": 10.148618896004198, "lat_c": 5.9784274080588586 }, "geometry": { "type": "Polygon", "coordinates": [ [ [ 10.268898010000044, 5.894415379 ], [ 10.283745766000038, 5.88796806400012 ], [ 10.279578209000078, 5.859432221000077 ], [ 10.299062729000013, 5.848902226000064 ], [ 10.31119156, 5.821689128000116 ], [ 10.313115120000191, 5.800209046000134 ], [ 10.278050422000092, 5.765890598000112 ], [ 10.306418419000067, 5.718796254000097 ], [ 10.276783943000169, 5.705169678000118 ], [ 10.27371311100012, 5.723686218000068 ], [ 10.252308846000062, 5.722694397000168 ], [ 10.219532012000059, 5.738914488999967 ], [ 10.215878486000065, 5.749688626000136 ], [ 10.207665443999986, 5.74498415100004 ], [ 10.180844307000086, 5.770161629000086 ], [ 10.165271759000177, 5.763205052000103 ], [ 10.157279968000182, 5.774743558000182 ], [ 10.117258072000084, 5.753856659000121 ], [ 10.079360009000084, 5.7081236840001 ], [ 10.061239242000113, 5.719415188000141 ], [ 9.999556542000107, 5.718589782000095 ], [ 9.985451698000134, 5.728599548000147 ], [ 9.971943855000063, 5.781686306000154 ], [ 9.975245475000065, 5.816031933000033 ], [ 9.935713768000085, 5.850692272000174 ], [ 9.948526383000171, 5.867175579000047 ], [ 9.97989654600002, 5.861281396000038 ], [ 9.986679078000066, 5.873704433000057 ], [ 9.976845740000044, 5.897536755000033 ], [ 10.027870178000114, 5.931581497000138 ], [ 10.058012009000151, 5.934524536000026 ], [ 10.059988976000056, 5.947091579000187 ], [ 10.080852509000124, 5.949718000000189 ], [ 10.084669113000075, 5.964161397000169 ], [ 10.073828697000181, 5.982481480000104 ], [ 10.045341492000091, 5.988731385000051 ], [ 10.031519890000141, 6.029655933000072 ], [ 10.04132080100004, 6.036601066000173 ], [ 10.043170928000109, 6.100768566000056 ], [ 10.023597718000133, 6.109828950000065 ], [ 10.015248299, 6.139143466000121 ], [ 9.983937263000144, 6.158178806000024 ], [ 9.940847396000095, 6.221078396000166 ], [ 9.91202640500012, 6.222887993000086 ], [ 9.908951759000104, 6.24110698700008 ], [ 9.920667648, 6.265887260000056 ], [ 9.9444885260001, 6.262733937 ], [ 9.954934121000122, 6.28168869100017 ], [ 9.97952175100005, 6.291957855000021 ], [ 9.985088349000023, 6.303372860000138 ], [ 10.018691063000119, 6.304437162000056 ], [ 10.045610427000042, 6.277238847000035 ], [ 10.043125153000119, 6.264233113000103 ], [ 10.06241703, 6.22923898800002 ], [ 10.071701050000115, 6.234565258000032 ], [ 10.089380264000056, 6.215209961000028 ], [ 10.09176159000009, 6.20019579 ], [ 10.076611520000142, 6.177692413000159 ], [ 10.09898948600005, 6.158038617000102 ], [ 10.113457679000135, 6.157273771 ], [ 10.152256965000163, 6.179511070000103 ], [ 10.161171913000089, 6.173195839000073 ], [ 10.187226296000119, 6.180839538000043 ], [ 10.205120087000182, 6.153505802000097 ], [ 10.224908829000015, 6.147286415000053 ], [ 10.269729614000141, 6.159471036000184 ], [ 10.313642502000107, 6.15155363000008 ], [ 10.33331108100009, 6.107792377000067 ], [ 10.346047401000021, 6.100269795000088 ], [ 10.354150773000072, 6.061591149000094 ], [ 10.386523247000184, 6.025609494000037 ], [ 10.38730430600009, 5.999516488000097 ], [ 10.370049478000055, 5.944983483000044 ], [ 10.294183729999986, 5.939417362000029 ], [ 10.282841682000026, 5.925192833000153 ], [ 10.256052016000126, 5.918881417000023 ], [ 10.268898010000044, 5.894415379 ] ] ] } },
{ "type": "Feature", "properties": { "GID_1": "CMR.6_1", "NAME_1": "Nord-Ouest", "GID_2": "CMR.6.6_1", "NAME_2": "Momo", "cle": "momo", "superficie_km2": 1819.6372801608345, "pop_total": 137555.81, "pop_incertitude": 0.21, "menages_total": 24899.29, "densite": 75.595181248342897, "taille_moy_menage": 5.5244872444154023, "lon_c": 9.8463294246677737, "lat_c": 5.9833377833691346 }, "geometry": { "type": "Polygon", "coordinates": [ [ [ 10.025400163000143, 5.929771423000091 ], [ 9.976845740000044, 5.897536755000033 ], [ 9.986679078000066, 5.873704433000057 ], [ 9.97989654600002, 5.861281396000038 ], [ 9.948526383000171, 5.867175579000047 ], [ 9.935713768000085, 5.850692272000174 ], [ 9.975245475000065, 5.816031933000033 ], [ 9.980484963000151, 5.739009381000187 ], [ 9.952987672000063, 5.751811028000077 ], [ 9.890048027999967, 5.718885898000053 ], [ 9.88367748200011, 5.740626812000187 ], [ 9.855281829000148, 5.73415994700008 ], [ 9.853302956000107, 5.752543450000132 ], [ 9.814119340000047, 5.755089760000089 ], [ 9.811853409000094, 5.774717807000115 ], [ 9.768461228000092, 5.776788712000155 ], [ 9.754720689000123, 5.794517517000031 ], [ 9.754272460999971, 5.816728115999979 ], [ 9.727929116000041, 5.84778022800009 ], [ 9.690656662000038, 5.855869292000079 ], [ 9.679924964000065, 5.83529949300015 ], [ 9.633714676000068, 5.887528896 ], [ 9.617261888000144, 5.87921857900011 ], [ 9.610864639999988, 5.886501313000167 ], [ 9.590784072000133, 5.883459568000092 ], [ 9.593202590000033, 5.910358428000109 ], [ 9.605926514000146, 5.917525291000061 ], [ 9.603939056, 5.935908318000088 ], [ 9.619618416000094, 5.935316563000072 ], [ 9.638874053000166, 5.967557431000159 ], [ 9.63927364400007, 5.982395649000068 ], [ 9.612036705000094, 6.007401943000161 ], [ 9.611458778000156, 6.021414280000045 ], [ 9.629739762000156, 6.043930530000182 ], [ 9.673877716000106, 6.062239170000169 ], [ 9.702235222000013, 6.09062147200018 ], [ 9.726397514000098, 6.084697247000179 ], [ 9.736765862000027, 6.116185188000031 ], [ 9.764268874000095, 6.123434067000176 ], [ 9.772458077000124, 6.146728516000167 ], [ 9.767003059000103, 6.158495903000073 ], [ 9.789697648000185, 6.168313981000097 ], [ 9.79055118600013, 6.183727741000041 ], [ 9.771765708000089, 6.198583126000187 ], [ 9.81682777400016, 6.22122430800016 ], [ 9.799763680000126, 6.263192177000121 ], [ 9.812420845000133, 6.280811310000161 ], [ 9.837592125000015, 6.275139809000109 ], [ 9.844052315000056, 6.232135774000085 ], [ 9.85827350600016, 6.210040093000032 ], [ 9.940847396000095, 6.221078396000166 ], [ 9.983937263000144, 6.158178806000024 ], [ 10.015248299, 6.139143466000121 ], [ 10.023597718000133, 6.109828950000065 ], [ 10.043170928000109, 6.100768566000056 ], [ 10.04132080100004, 6.036601066000173 ], [ 10.031519890000141, 6.029655933000072 ], [ 10.045341492000091, 5.988731385000051 ], [ 10.075695992000078, 5.981277944 ], [ 10.084384919000172, 5.956954002000089 ], [ 10.059988976000056, 5.947091579000187 ], [ 10.058012009000151, 5.934524536000026 ], [ 10.025400163000143, 5.929771423000091 ] ] ] } },
{ "type": "Feature", "properties": { "GID_1": "CMR.6_1", "NAME_1": "Nord-Ouest", "GID_2": "CMR.6.7_1", "NAME_2": "Ngo Ketunjia", "cle": "ngoketunjia", "superficie_km2": 1067.2528744240528, "pop_total": 154577.57, "pop_incertitude": 0.16, "menages_total": 27278.44, "densite": 144.83687390715008, "taille_moy_menage": 5.6666572575264569, "lon_c": 10.472279212693191, "lat_c": 5.9481413430815486 }, "geometry": { "type": "Polygon", "coordinates": [ [ [ 10.265833854, 5.897626877 ], [ 10.256052016000126, 5.918881417000023 ], [ 10.282841682000026, 5.925192833000153 ], [ 10.294183729999986, 5.939417362000029 ], [ 10.371270180000181, 5.946453094000049 ], [ 10.388836861000129, 6.017210007000074 ], [ 10.354150773000072, 6.061591149000094 ], [ 10.346047401000021, 6.100269795000088 ], [ 10.364838601000145, 6.105089665000094 ], [ 10.36292743700011, 6.121049404000132 ], [ 10.372980118000044, 6.132083416000057 ], [ 10.426196099000038, 6.153766632000043 ], [ 10.432993889999977, 6.153824807000149 ], [ 10.432826042000158, 6.104202747000045 ], [ 10.486792564000154, 6.107420445 ], [ 10.501935005000064, 6.123034001000121 ], [ 10.522890090000089, 6.103382588000159 ], [ 10.549315453000077, 6.053470612000069 ], [ 10.571947098000123, 6.057305814000188 ], [ 10.573184014000105, 6.074707984000099 ], [ 10.595322609, 6.078736306000167 ], [ 10.621078491000162, 6.013123036000025 ], [ 10.637035371000081, 6.013941764000094 ], [ 10.66139221200018, 5.985471725000025 ], [ 10.663105010000152, 5.959311485000171 ], [ 10.640792847000114, 5.940305234000107 ], [ 10.637830734000033, 5.895084857000029 ], [ 10.616750718000105, 5.877394676000108 ], [ 10.628879547000111, 5.832508565000126 ], [ 10.600345612000069, 5.811627864000059 ], [ 10.61067676600004, 5.797434807000172 ], [ 10.587995528000135, 5.778424741000038 ], [ 10.569446564000145, 5.789346218000162 ], [ 10.55992412500018, 5.821561337000105 ], [ 10.523847580000108, 5.834596635000082 ], [ 10.470420836000187, 5.812925340000106 ], [ 10.468846320000125, 5.823789119000082 ], [ 10.458291053000096, 5.825988292000034 ], [ 10.439090728000167, 5.80252409000019 ], [ 10.404687880999973, 5.808182240000065 ], [ 10.376569748000065, 5.800318719000018 ], [ 10.347834587000079, 5.810398102000079 ], [ 10.313115120000191, 5.800209046000134 ], [ 10.303833008000083, 5.840701104000061 ], [ 10.279578209000078, 5.859432221000077 ], [ 10.283745766000038, 5.88796806400012 ], [ 10.265833854, 5.897626877 ] ] ] } },
{ "type": "Feature", "properties": { "GID_1": "CMR.8_1", "NAME_1": "Ouest", "GID_2": "CMR.8.1_1", "NAME_2": "Bamboutos", "cle": "bamboutos", "superficie_km2": 1195.1291044901152, "pop_total": 387633.24, "pop_incertitude": 0.26, "menages_total": 80057.78, "densite": 324.34423908149921, "taille_moy_menage": 4.8419184244179645, "lon_c": 10.314953062882571, "lat_c": 5.6734565871412013 }, "geometry": { "type": "Polygon", "coordinates": [ [ [ 10.219532012000059, 5.738914488999967 ], [ 10.252308846000062, 5.722694397000168 ], [ 10.27371311100012, 5.723686218000068 ], [ 10.280175209000106, 5.703934193000123 ], [ 10.306418419000067, 5.718796254000097 ], [ 10.278337478000026, 5.767967701000089 ], [ 10.324352264000026, 5.809131622000109 ], [ 10.436637878000056, 5.802152635000084 ], [ 10.458291053000096, 5.825988292000034 ], [ 10.468846320000125, 5.823789119000082 ], [ 10.470420836000187, 5.812925340000106 ], [ 10.523847580000108, 5.834596635000082 ], [ 10.55992412500018, 5.821561337000105 ], [ 10.567333222000116, 5.807093621000149 ], [ 10.557578088000128, 5.778564930000186 ], [ 10.564418793000073, 5.764806748000126 ], [ 10.553239822000023, 5.745447158000047 ], [ 10.555803299000104, 5.704224586000066 ], [ 10.542713166000169, 5.697056770000131 ], [ 10.536326409000083, 5.707499505000044 ], [ 10.50503158600003, 5.705113888000085 ], [ 10.487592698000071, 5.680246830000158 ], [ 10.490661622000175, 5.670421125000132 ], [ 10.46789550800014, 5.657396317000121 ], [ 10.45916271100009, 5.639963627000157 ], [ 10.467279434000147, 5.612942219000104 ], [ 10.474687576000065, 5.622099400000081 ], [ 10.483049393000101, 5.604713918000073 ], [ 10.523204803999988, 5.59332084700003 ], [ 10.526273728000092, 5.57601594900018 ], [ 10.454486847000112, 5.593444348000048 ], [ 10.436257363000095, 5.582065582000041 ], [ 10.386982919000047, 5.605276107000179 ], [ 10.354663849000076, 5.595656871000074 ], [ 10.355268478000085, 5.566423894000081 ], [ 10.338797569, 5.553809643000079 ], [ 10.335848808000037, 5.53268909600007 ], [ 10.311243057000127, 5.525421143000074 ], [ 10.306985855000107, 5.511344433000147 ], [ 10.20750141100018, 5.515564441000095 ], [ 10.192955972000107, 5.502819538000097 ], [ 10.152628899000035, 5.539351940000131 ], [ 10.13316345200019, 5.538826943000117 ], [ 10.126485825000032, 5.576368810000133 ], [ 10.083786011000029, 5.634300232000101 ], [ 10.101244927000039, 5.663693429000148 ], [ 10.079360009000084, 5.7081236840001 ], [ 10.11357402699997, 5.750652790000174 ], [ 10.152376175000086, 5.774375439000039 ], [ 10.165271759000177, 5.763205052000103 ], [ 10.180844307000086, 5.770161629000086 ], [ 10.207665443999986, 5.74498415100004 ], [ 10.215878486000065, 5.749688626000136 ], [ 10.219532012000059, 5.738914488999967 ] ] ] } },
{ "type": "Feature", "properties": { "GID_1": "CMR.8_1", "NAME_1": "Ouest", "GID_2": "CMR.8.2_1", "NAME_2": "Haut Nkam", "cle": "hautnkam", "superficie_km2": 972.848220922824, "pop_total": 147667.88, "pop_incertitude": 0.33, "menages_total": 30626.7, "densite": 151.78922757336727, "taille_moy_menage": 4.8215406818233761, "lon_c": 10.171276778324302, "lat_c": 5.1441234641891604 }, "geometry": { "type": "Polygon", "coordinates": [ [ [ 10.110877991000052, 4.934743404000187 ], [ 10.106490135000058, 4.958078862000093 ], [ 10.074424743000122, 4.98731613200016 ], [ 10.065806389000045, 5.01547575 ], [ 10.072917939000149, 5.044648171000119 ], [ 10.006460190000041, 5.06931162 ], [ 10.010433197000054, 5.080072404000077 ], [ 9.991484641000056, 5.130727292000131 ], [ 10.00544834100009, 5.145344735000151 ], [ 10.00143432700014, 5.168208122000181 ], [ 10.081738473000087, 5.2142725 ], [ 10.120812415999978, 5.257231236000109 ], [ 10.114398003000133, 5.271145820000186 ], [ 10.148932457000058, 5.289678573000117 ], [ 10.151408195000101, 5.301638604000175 ], [ 10.246685982000031, 5.374898912000106 ], [ 10.254842758999985, 5.362318040000105 ], [ 10.245910644, 5.339300633000164 ], [ 10.258208275000129, 5.304353714000115 ], [ 10.244050026000082, 5.277316094000184 ], [ 10.29521083800006, 5.225063800999976 ], [ 10.332307817000071, 5.214861393000149 ], [ 10.321950912000091, 5.162373543000115 ], [ 10.377750396000067, 5.110356808000063 ], [ 10.372012138000116, 5.079027175000022 ], [ 10.314604760000179, 5.100206852000156 ], [ 10.284192085000086, 5.057203292000054 ], [ 10.23286533400011, 5.107735158000082 ], [ 10.197867394000014, 5.07890176900014 ], [ 10.22353363000002, 5.054298401000153 ], [ 10.225671768000041, 5.03908920300006 ], [ 10.191597937999973, 4.997880935000012 ], [ 10.147860526000102, 4.975008488000185 ], [ 10.159299849999968, 4.946182728000053 ], [ 10.150026320000052, 4.919942856000034 ], [ 10.12846279200005, 4.920640946000049 ], [ 10.110877991000052, 4.934743404000187 ] ] ] } },
{ "type": "Feature", "properties": { "GID_1": "CMR.8_1", "NAME_1": "Ouest", "GID_2": "CMR.8.3_1", "NAME_2": "Hauts Plateaux", "cle": "hautsplateaux", "superficie_km2": 434.4238187585392, "pop_total": 233392.8, "pop_incertitude": 0.32, "menages_total": 51798.28, "densite": 537.24678510255444, "taille_moy_menage": 4.5058021231593015, "lon_c": 10.343170568594227, "lat_c": 5.2945657951891683 }, "geometry": { "type": "Polygon", "coordinates": [ [ [ 10.361412048000034, 5.144341468 ], [ 10.321950912000091, 5.162373543000115 ], [ 10.332307817000071, 5.214861393000149 ], [ 10.29521083800006, 5.225063800999976 ], [ 10.24261665400013, 5.281519891000073 ], [ 10.257894515000089, 5.299667836000026 ], [ 10.245910644, 5.339300633000164 ], [ 10.25359630600019, 5.392930032000095 ], [ 10.303759574000082, 5.399886132000063 ], [ 10.328147889000093, 5.422780991000025 ], [ 10.338549614000044, 5.454442024000173 ], [ 10.357455253000126, 5.460333348000177 ], [ 10.357937813000092, 5.444788934000087 ], [ 10.375760078000042, 5.434742451000091 ], [ 10.362849235, 5.418965339000124 ], [ 10.36577034000004, 5.377511979000076 ], [ 10.388298035000162, 5.34437799400007 ], [ 10.426466942000161, 5.342194081000116 ], [ 10.442716598000118, 5.325624943000037 ], [ 10.406726837000122, 5.26363277500019 ], [ 10.43912506200013, 5.244667054000104 ], [ 10.445668221000176, 5.202449321000074 ], [ 10.397944450000068, 5.175638677000052 ], [ 10.368127823000123, 5.171325207000052 ], [ 10.361412048000034, 5.144341468 ] ] ] } },
{ "type": "Feature", "properties": { "GID_1": "CMR.8_1", "NAME_1": "Ouest", "GID_2": "CMR.8.4_1", "NAME_2": "Koung Khi", "cle": "koungkhi", "superficie_km2": 361.84634271215231, "pop_total": 181957.77, "pop_incertitude": 0.3, "menages_total": 40174.34, "densite": 502.85922095044322, "taille_moy_menage": 4.5292037156055338, "lon_c": 10.47136426471029, "lat_c": 5.3412210521219574 }, "geometry": { "type": "Polygon", "coordinates": [ [ [ 10.406726837000122, 5.26363277500019 ], [ 10.442716598000118, 5.325624943000037 ], [ 10.426466942000161, 5.342194081000116 ], [ 10.386321068000086, 5.34580898400003 ], [ 10.365152359000149, 5.37919569100012 ], [ 10.362849235, 5.418965339000124 ], [ 10.401411057000132, 5.449851514000102 ], [ 10.449930191000021, 5.427396297000143 ], [ 10.488722801000051, 5.453515053000103 ], [ 10.517542839000043, 5.446091175000106 ], [ 10.526469230000089, 5.428745270000093 ], [ 10.499877929000036, 5.386937618000047 ], [ 10.514591215999985, 5.369231224000146 ], [ 10.561272621, 5.363025188 ], [ 10.553685188000088, 5.340889931000049 ], [ 10.571760176999987, 5.320113182000057 ], [ 10.560887338000043, 5.28988409100009 ], [ 10.568850518000033, 5.280804158000137 ], [ 10.58597373900011, 5.286561012 ], [ 10.589231490999964, 5.269439698000042 ], [ 10.513359071000082, 5.269722938000029 ], [ 10.503038407000076, 5.262677193000172 ], [ 10.497204781, 5.254482269000107 ], [ 10.53630352100015, 5.217168331000096 ], [ 10.501481056999978, 5.204158783000139 ], [ 10.473429680000095, 5.237669944000061 ], [ 10.406726837000122, 5.26363277500019 ] ] ] } },
{ "type": "Feature", "properties": { "GID_1": "CMR.8_1", "NAME_1": "Ouest", "GID_2": "CMR.8.5_1", "NAME_2": "Menoua", "cle": "menoua", "superficie_km2": 1392.9287099637775, "pop_total": 455420.68, "pop_incertitude": 0.32, "menages_total": 96192.3, "densite": 326.95189405051678, "taille_moy_menage": 4.7344816580952944, "lon_c": 10.07574095227446, "lat_c": 5.4087024798517502 }, "geometry": { "type": "Polygon", "coordinates": [ [ [ 10.007966996, 5.174289226000042 ], [ 9.993707658000062, 5.227534294000066 ], [ 9.970462799000131, 5.244477273000086 ], [ 9.923363686000187, 5.25106573100004 ], [ 9.934992791000013, 5.277683736000029 ], [ 9.907195091000062, 5.276496888000054 ], [ 9.88020896900008, 5.250089168000159 ], [ 9.850536346000183, 5.254852772000163 ], [ 9.832661629000086, 5.275467873000082 ], [ 9.850798606000183, 5.308974265000074 ], [ 9.852817536000089, 5.338346481000087 ], [ 9.893357278000053, 5.351134301000172 ], [ 9.923274040000024, 5.380464077000056 ], [ 9.923316002000149, 5.408232211000097 ], [ 9.946371079000187, 5.447015763000081 ], [ 9.95869636499998, 5.492804527000033 ], [ 9.949694633000036, 5.522098542000094 ], [ 9.966513634000137, 5.546816825000064 ], [ 9.948732375000134, 5.568758011000057 ], [ 9.962246896000067, 5.589609146000157 ], [ 9.998053551000169, 5.580388069000094 ], [ 10.024628639000071, 5.629549504000124 ], [ 10.083189964000155, 5.638604641000143 ], [ 10.126485825000032, 5.576368810000133 ], [ 10.13316345200019, 5.538826943000117 ], [ 10.152628899000035, 5.539351940000131 ], [ 10.192955972000107, 5.502819538000097 ], [ 10.20750141100018, 5.515564441000095 ], [ 10.306985855000107, 5.511344433000147 ], [ 10.311243057000127, 5.525421143000074 ], [ 10.328673362000131, 5.530665876000171 ], [ 10.338084220000042, 5.514234066000029 ], [ 10.324314116999972, 5.494756698000174 ], [ 10.33870983200012, 5.457270146000042 ], [ 10.327067376000173, 5.421404839 ], [ 10.303759574000082, 5.399886132000063 ], [ 10.273449899000184, 5.390075683000077 ], [ 10.255578041000092, 5.395407200000022 ], [ 10.249901771000111, 5.37667083700012 ], [ 10.238745690000144, 5.374602795000044 ], [ 10.215151787000082, 5.344680786000083 ], [ 10.190697671, 5.335474969000188 ], [ 10.151408195000101, 5.301638604000175 ], [ 10.148932457000058, 5.289678573000117 ], [ 10.114398003000133, 5.271145820000186 ], [ 10.120812415999978, 5.257231236000109 ], [ 10.081738473000087, 5.2142725 ], [ 10.007966996, 5.174289226000042 ] ] ] } },
{ "type": "Feature", "properties": { "GID_1": "CMR.8_1", "NAME_1": "Ouest", "GID_2": "CMR.8.6_1", "NAME_2": "Mifi", "cle": "mifi", "superficie_km2": 404.95652222079309, "pop_total": 411721.36, "pop_incertitude": 0.25, "menages_total": 84730.04, "densite": 1016.7050964930959, "taille_moy_menage": 4.8592135681748765, "lon_c": 10.448055068845308, "lat_c": 5.5160186238062483 }, "geometry": { "type": "Polygon", "coordinates": [ [ [ 10.331646919000093, 5.528411388000166 ], [ 10.338797569, 5.553809643000079 ], [ 10.355268478000085, 5.566423894000081 ], [ 10.354663849000076, 5.595656871000074 ], [ 10.397441864000086, 5.606232644000158 ], [ 10.402148247000184, 5.59403419500012 ], [ 10.436257363000095, 5.582065582000041 ], [ 10.454486847000112, 5.593444348000048 ], [ 10.521916389000069, 5.57535839000019 ], [ 10.553423881000015, 5.581881046000035 ], [ 10.553537369000026, 5.566892148000136 ], [ 10.572676658000091, 5.550868988000047 ], [ 10.56786728000003, 5.536699770999974 ], [ 10.57565784500008, 5.53793573400003 ], [ 10.566608429000098, 5.519216062000112 ], [ 10.582458496000129, 5.499847412000179 ], [ 10.558503151000025, 5.488533974000063 ], [ 10.552249907999965, 5.481741906000138 ], [ 10.561440469000047, 5.466927528999975 ], [ 10.533918381000149, 5.447001458000045 ], [ 10.525331497000025, 5.45250511100005 ], [ 10.523076058000186, 5.439747811000188 ], [ 10.494072914000128, 5.454010009 ], [ 10.453740120000077, 5.427515985000127 ], [ 10.403948784000022, 5.450143815000047 ], [ 10.375760078000042, 5.434742451000091 ], [ 10.357937813000092, 5.444788934000087 ], [ 10.358545304000131, 5.460160255000176 ], [ 10.338549614000044, 5.454442024000173 ], [ 10.324314116999972, 5.494756698000174 ], [ 10.338084220000042, 5.514234066000029 ], [ 10.331646919000093, 5.528411388000166 ] ] ] } },
{ "type": "Feature", "properties": { "GID_1": "CMR.8_1", "NAME_1": "Ouest", "GID_2": "CMR.8.7_1", "NAME_2": "Ndé", "cle": "nde", "superficie_km2": 1529.3285807839543, "pop_total": 181165.54, "pop_incertitude": 0.28, "menages_total": 40780.85, "densite": 118.4608345625321, "taille_moy_menage": 4.4424169677679597, "lon_c": 10.588167308263069, "lat_c": 5.0733961692367187 }, "geometry": { "type": "Polygon", "coordinates": [ [ [ 10.765510559000063, 5.015933514000039 ], [ 10.72117710100008, 4.953734399000041 ], [ 10.690763474000107, 4.954215526000155 ], [ 10.681079865000129, 4.935615063000114 ], [ 10.595726013, 4.881257058000131 ], [ 10.528605461000041, 4.895106316000124 ], [ 10.517871857000102, 4.906552315000113 ], [ 10.435118675000012, 4.909379483000066 ], [ 10.459132195000052, 4.954466820000164 ], [ 10.441442491000146, 4.960077286000057 ], [ 10.420356750000167, 4.918854714000076 ], [ 10.425297737000108, 4.939620018000085 ], [ 10.411594392000097, 4.960236073000146 ], [ 10.42056465200011, 4.972115993000045 ], [ 10.418096542000171, 5.006684780000057 ], [ 10.395803452000052, 5.018159390000051 ], [ 10.367551803000083, 5.017841340000189 ], [ 10.377750396000067, 5.110356808000063 ], [ 10.350306510000053, 5.142997742000034 ], [ 10.363280296000084, 5.146718025000098 ], [ 10.368127823000123, 5.171325207000052 ], [ 10.393871307000154, 5.17403364200004 ], [ 10.443646431000047, 5.199599267000167 ], [ 10.43912506200013, 5.244667054000104 ], [ 10.473429680000095, 5.237669944000061 ], [ 10.501481056999978, 5.204158783000139 ], [ 10.53630352100015, 5.217168331000096 ], [ 10.497204781, 5.254482269000107 ], [ 10.513359071000082, 5.269722938000029 ], [ 10.563219070000059, 5.264291286 ], [ 10.595445632000178, 5.274092198000062 ], [ 10.61236, 5.265821933000097 ], [ 10.617650985000068, 5.242460251000182 ], [ 10.635010719000036, 5.237736702000063 ], [ 10.666188240000167, 5.249772071000166 ], [ 10.669731141000113, 5.231714725000188 ], [ 10.661086083000157, 5.220545769000125 ], [ 10.690844535000167, 5.195399761000147 ], [ 10.686001778000161, 5.179529667000168 ], [ 10.693023682000103, 5.16953182300017 ], [ 10.708203315999981, 5.185472488000073 ], [ 10.720647812000095, 5.175510406000058 ], [ 10.758962632000021, 5.174705028000176 ], [ 10.753128051000147, 5.148130893000143 ], [ 10.775790215000086, 5.125705720000155 ], [ 10.79639720900019, 5.123595716000182 ], [ 10.814856529, 5.09460306200009 ], [ 10.842534066000098, 5.116415024000048 ], [ 10.853047371000173, 5.113055229000167 ], [ 10.851492883000162, 5.098150731000089 ], [ 10.827454567000188, 5.078608513000177 ], [ 10.823604584000066, 5.053996562000123 ], [ 10.829518318000169, 5.032367229000101 ], [ 10.86006164500003, 5.029962063000028 ], [ 10.871566772999984, 4.995930196000188 ], [ 10.886698723000052, 4.988814355000045 ], [ 10.884112359000085, 4.96870136300015 ], [ 10.86739158600011, 4.941459179000105 ], [ 10.851064683000061, 4.953484534999973 ], [ 10.853738785000189, 4.976630211000156 ], [ 10.823811531000047, 4.971378326000035 ], [ 10.809800149000182, 4.986517430000106 ], [ 10.819872856000018, 4.999073505000126 ], [ 10.81127357500003, 5.011076927000147 ], [ 10.765510559000063, 5.015933514000039 ] ] ] } },
{ "type": "Feature", "properties": { "GID_1": "CMR.8_1", "NAME_1": "Ouest", "GID_2": "CMR.8.8_1", "NAME_2": "Noun", "cle": "noun", "superficie_km2": 7670.3900549695818, "pop_total": 740691.06, "pop_incertitude": 0.13, "menages_total": 134425.64, "densite": 96.564979706620335, "taille_moy_menage": 5.5100430245301419, "lon_c": 10.918514849141863, "lat_c": 5.6421962294414278 }, "geometry": { "type": "Polygon", "coordinates": [ [ [ 10.504190446000052, 5.399455547000059 ], [ 10.526469230000089, 5.428745270000093 ], [ 10.519461632000116, 5.437365532000172 ], [ 10.525331497000025, 5.45250511100005 ], [ 10.533918381000149, 5.447001458000045 ], [ 10.559639932000039, 5.464773177999973 ], [ 10.552249907999965, 5.481741906000138 ], [ 10.582458496000129, 5.499847412000179 ], [ 10.566608429000098, 5.519216062000112 ], [ 10.572676658000091, 5.550868988000047 ], [ 10.553537369000026, 5.566892148000136 ], [ 10.553423881000015, 5.581881046000035 ], [ 10.529604912000025, 5.580736160000185 ], [ 10.523204803999988, 5.59332084700003 ], [ 10.483049393000101, 5.604713918000073 ], [ 10.474687576000065, 5.622099400000081 ], [ 10.467279434000147, 5.612942219000104 ], [ 10.45916271100009, 5.639963627000157 ], [ 10.46789550800014, 5.657396317000121 ], [ 10.490661622000175, 5.670421125000132 ], [ 10.487592698000071, 5.680246830000158 ], [ 10.50503158600003, 5.705113888000085 ], [ 10.536326409000083, 5.707499505000044 ], [ 10.542713166000169, 5.697056770000131 ], [ 10.555803299000104, 5.704224586000066 ], [ 10.549850463000155, 5.713814258000184 ], [ 10.560611725000058, 5.718180657000062 ], [ 10.552529336000021, 5.72681188700011 ], [ 10.563450813000088, 5.793001176000075 ], [ 10.587995528000135, 5.778424741000038 ], [ 10.61067676600004, 5.797434807000172 ], [ 10.599489212000037, 5.808891773000084 ], [ 10.628879547000111, 5.832508565000126 ], [ 10.616750718000105, 5.877394676000108 ], [ 10.637830734000033, 5.895084857000029 ], [ 10.640792847000114, 5.940305234000107 ], [ 10.661778450000156, 5.957143783000049 ], [ 10.659404754000036, 5.983022690000155 ], [ 10.680741308999984, 5.994263172000103 ], [ 10.705065726999976, 6.037910937999982 ], [ 10.715338708000104, 6.032486438000092 ], [ 10.722702026000036, 6.039330482000025 ], [ 10.742105484000035, 6.0210452070001 ], [ 10.788515092000011, 6.018988133000107 ], [ 10.841936112000155, 5.976416111 ], [ 10.863903045000086, 6.020241737000106 ], [ 10.925932884000076, 6.016311645000144 ], [ 10.989204406000113, 6.06448698000014 ], [ 10.999294281000118, 6.086139680000088 ], [ 10.990814209000177, 6.108012200000076 ], [ 11.012226105000025, 6.151204109000162 ], [ 10.999340058000087, 6.232678414000191 ], [ 11.026805878000175, 6.239175321000175 ], [ 11.067235947000029, 6.211080075000098 ], [ 11.137568473000044, 6.226586819000033 ], [ 11.163245201000166, 6.263316155000041 ], [ 11.219489097000121, 6.256494045000125 ], [ 11.24034213900012, 6.264657975000034 ], [ 11.278685571000096, 6.247183324000048 ], [ 11.290888785000107, 6.255080224000096 ], [ 11.301216126000099, 6.247889997000186 ], [ 11.295729637000079, 6.211987019000162 ], [ 11.271872521000034, 6.20635414100019 ], [ 11.262686729000109, 6.17459154200003 ], [ 11.28091812100007, 6.158210755000084 ], [ 11.262527466000165, 6.136853219000102 ], [ 11.277930260000062, 6.117666722000024 ], [ 11.285273552000149, 6.071141242000067 ], [ 11.296558381000068, 6.07703113600013 ], [ 11.30796146299997, 6.039747716000079 ], [ 11.264847755, 5.994238854 ], [ 11.260331153000038, 5.969487191000098 ], [ 11.277740479000045, 5.950693608000051 ], [ 11.2755861280001, 5.915479183000059 ], [ 11.256175996000081, 5.912539005000156 ], [ 11.253228188000094, 5.904110433000028 ], [ 11.278029442000104, 5.87380504500004 ], [ 11.270630836000066, 5.858341693000114 ], [ 11.274440765000065, 5.806291581000039 ], [ 11.316862107000134, 5.786304475000122 ], [ 11.306649209000113, 5.769931793000069 ], [ 11.292577743999971, 5.768781186000183 ], [ 11.2789573660001, 5.729687692000141 ], [ 11.257283211000129, 5.711054326000067 ], [ 11.244540214000097, 5.715532780999979 ], [ 11.225223541000105, 5.682798385000126 ], [ 11.201968193000141, 5.670307159000117 ], [ 11.213330268000107, 5.647228718000065 ], [ 11.186551094000038, 5.60404777500014 ], [ 11.205847740000024, 5.580823421000048 ], [ 11.215190888, 5.527248861000146 ], [ 11.19518947600011, 5.468138696000096 ], [ 11.170625687000154, 5.45222568500003 ], [ 11.194289208000043, 5.413793564000059 ], [ 11.182934761000013, 5.384043693000137 ], [ 11.140870094999968, 5.35882949900008 ], [ 11.12750625700005, 5.327272415000095 ], [ 11.105005265000102, 5.325135232000093 ], [ 11.072281837000105, 5.29877472000004 ], [ 11.082587241999988, 5.257785797000111 ], [ 11.066493988, 5.217475415000081 ], [ 11.08100414300003, 5.203527927000152 ], [ 11.080149650000124, 5.188231469000186 ], [ 11.061967850000144, 5.185070039000095 ], [ 11.048367501000087, 5.170619964000025 ], [ 11.015141487000051, 5.172135830000059 ], [ 10.998030662000133, 5.158500194000169 ], [ 10.969949721000091, 5.036688806000143 ], [ 10.931401252000114, 5.001673223000125 ], [ 10.96212387200012, 4.970578671000055 ], [ 10.940560341000037, 4.941551208000021 ], [ 10.941616058000079, 4.924838067000167 ], [ 10.86739158600011, 4.941459179000105 ], [ 10.886698723000052, 4.988814355000045 ], [ 10.871566772999984, 4.995930196000188 ], [ 10.853896141000064, 5.035596847000136 ], [ 10.829518318000169, 5.032367229000101 ], [ 10.823604584000066, 5.053996562000123 ], [ 10.827454567000188, 5.078608513000177 ], [ 10.851492883000162, 5.098150731000089 ], [ 10.853047371000173, 5.113055229000167 ], [ 10.842534066000098, 5.116415024000048 ], [ 10.814856529, 5.09460306200009 ], [ 10.79639720900019, 5.123595716000182 ], [ 10.775790215000086, 5.125705720000155 ], [ 10.753128051000147, 5.148130893000143 ], [ 10.758962632000021, 5.174705028000176 ], [ 10.720647812000095, 5.175510406000058 ], [ 10.708203315999981, 5.185472488000073 ], [ 10.693023682000103, 5.16953182300017 ], [ 10.686001778000161, 5.179529667000168 ], [ 10.690844535000167, 5.195399761000147 ], [ 10.661086083000157, 5.220545769000125 ], [ 10.669731141000113, 5.231714725000188 ], [ 10.666188240000167, 5.249772071000166 ], [ 10.635010719000036, 5.237736702000063 ], [ 10.617650985000068, 5.242460251000182 ], [ 10.61236, 5.265821933000097 ], [ 10.589403152000045, 5.274250508000023 ], [ 10.58597373900011, 5.286561012 ], [ 10.565494536000188, 5.282759667000164 ], [ 10.571737289000055, 5.323310852000134 ], [ 10.553685188000088, 5.340889931000049 ], [ 10.561272621, 5.363025188 ], [ 10.506952286000171, 5.375113487000021 ], [ 10.499711036000178, 5.38891601600011 ], [ 10.50895977000016, 5.391420841000183 ], [ 10.504190446000052, 5.399455547000059 ] ] ] } },
{ "type": "Feature", "properties": { "GID_1": "CMR.10_1", "NAME_1": "Sud", "GID_2": "CMR.10.1_1", "NAME_2": "Dja et Lobo", "cle": "djalobo", "superficie_km2": 19950.084105603757, "pop_total": 292280.84, "pop_incertitude": 0.53, "menages_total": 64223.28, "densite": 14.650606907361437, "taille_moy_menage": 4.5510107861199245, "lon_c": 12.611847402469586, "lat_c": 2.77187277063735 }, "geometry": { "type": "MultiPolygon", "coordinates": [ [ [ [ 13.081315041000153, 2.837625504000187 ], [ 13.083175984000036, 2.85507098700009 ], [ 13.097980000000121, 2.85182500000019 ], [ 13.0943460310001, 2.841409959000032 ], [ 13.112442970000018, 2.841451646000053 ], [ 13.134461166, 2.87244358200013 ], [ 13.153944015999969, 2.845877648000169 ], [ 13.192895889000113, 2.848182917000031 ], [ 13.200789452000151, 2.865603686000156 ], [ 13.210627589000126, 2.864716024000074 ], [ 13.236698000000104, 2.846532001000185 ], [ 13.228941917999975, 2.837836267000114 ], [ 13.233138085000178, 2.827713252000024 ], [ 13.260629653000024, 2.822292566000044 ], [ 13.26746749900019, 2.782264232999978 ], [ 13.291819572000065, 2.786962748000178 ], [ 13.272969246000059, 2.840333224000062 ], [ 13.285474000000136, 2.845606 ], [ 13.303959846000055, 2.837238551000041 ], [ 13.317722321000019, 2.811016560000155 ], [ 13.347184182000092, 2.795800446999976 ], [ 13.3758401770001, 2.820478904000083 ], [ 13.40565299900004, 2.786858558000063 ], [ 13.425753593000138, 2.787208080000028 ], [ 13.42919081500014, 2.772729084000048 ], [ 13.448787000000152, 2.779994 ], [ 13.470873833000041, 2.774485826000102 ], [ 13.510308266000095, 2.7972016330001 ], [ 13.510684013000059, 2.812409163000041 ], [ 13.497824, 2.823839 ], [ 13.504000871000073, 2.834876695000048 ], [ 13.510462753000013, 2.837297135000085 ], [ 13.518335342000114, 2.821632147000173 ], [ 13.533777238000027, 2.821571590000076 ], [ 13.532633, 2.853482000000156 ], [ 13.546391198000094, 2.85544782300002 ], [ 13.558086395000089, 2.843915702000174 ], [ 13.58298791600015, 2.882100856000022 ], [ 13.630461727000181, 2.904450764000046 ], [ 13.680087040000046, 2.171692134000182 ], [ 13.29315498200009, 2.1713498740001 ], [ 13.297426223000116, 2.179680824000172 ], [ 13.284190177000085, 2.191054822000183 ], [ 13.303197701000158, 2.20772972900005 ], [ 13.284029007000072, 2.248191357000167 ], [ 13.271671296000136, 2.238893271000165 ], [ 13.24841976099998, 2.270735025000079 ], [ 13.222275734000164, 2.255103350000184 ], [ 13.203530312000112, 2.258046865999972 ], [ 13.202758789000143, 2.266372204000163 ], [ 13.191634178000072, 2.260807515000067 ], [ 13.184200287000067, 2.271516800000029 ], [ 13.192276955000068, 2.279470205000052 ], [ 13.160308837000173, 2.281343460000016 ], [ 13.11685085300013, 2.267314910000152 ], [ 13.117727280000111, 2.251334666999981 ], [ 13.10165119100003, 2.250835180000138 ], [ 13.087685584000099, 2.236653806000049 ], [ 13.074348449000126, 2.248036147000107 ], [ 13.0362854010001, 2.233801127 ], [ 13.019021034000104, 2.249142409000171 ], [ 12.946816442999989, 2.241961957000058 ], [ 12.918295859000125, 2.252966405000166 ], [ 12.920840263000116, 2.245677470999965 ], [ 12.909166336000112, 2.239288807000037 ], [ 12.889325142000132, 2.234658242000137 ], [ 12.877909660000114, 2.244411945000081 ], [ 12.874695779000035, 2.228265047999969 ], [ 12.86012935600013, 2.226898671000185 ], [ 12.823722840000016, 2.241429090000111 ], [ 12.819620133000114, 2.255794525000056 ], [ 12.808025360000102, 2.244166613000061 ], [ 12.796897888000103, 2.249459265999974 ], [ 12.795577049000144, 2.238767147000033 ], [ 12.778771400999972, 2.229397058000018 ], [ 12.743388176000053, 2.219856739000022 ], [ 12.683256150000091, 2.242274047000137 ], [ 12.622175216000187, 2.243237257000033 ], [ 12.573323249000168, 2.268049002000168 ], [ 12.534318924000104, 2.253637552000043 ], [ 12.492743493000148, 2.262248515000067 ], [ 12.45392227200017, 2.252460242000154 ], [ 12.307167052000068, 2.282197715000109 ], [ 12.290753365000114, 2.275934697000082 ], [ 12.283241271000065, 2.260944129000166 ], [ 12.245902061000038, 2.248409749000132 ], [ 12.222400665000123, 2.258171319000098 ], [ 12.205025673000137, 2.278378726000028 ], [ 12.168523788000186, 2.28125357600004 ], [ 12.153656959000159, 2.271031619000098 ], [ 12.123369217, 2.28884387100004 ], [ 12.108219147000057, 2.276978970000073 ], [ 11.969201088000034, 2.288480759000038 ], [ 11.934324264000168, 2.27819562000019 ], [ 11.932675361000065, 2.301023007000026 ], [ 11.950146675000042, 2.311871768000174 ], [ 11.940457344000151, 2.333187580000072 ], [ 11.971145629000091, 2.34839010200011 ], [ 11.963831901000162, 2.361713886000132 ], [ 11.983473777000142, 2.39093589800018 ], [ 11.97885704000015, 2.399244310000142 ], [ 12.060378075000131, 2.451099157000101 ], [ 12.080186843999968, 2.445976972000039 ], [ 12.129976272000022, 2.469041348000076 ], [ 12.242320061000157, 2.570714712000097 ], [ 12.242979049000155, 2.588490248000028 ], [ 12.260660171000097, 2.60628795700012 ], [ 12.114086152000141, 2.645358563 ], [ 11.998935699000128, 2.656184912000072 ], [ 11.824715615000059, 2.720666171000062 ], [ 11.658449174000168, 2.969151498000031 ], [ 11.66512966200014, 2.994990349000034 ], [ 11.650450706000072, 3.006835223000053 ], [ 11.638072967000085, 3.002645015000098 ], [ 11.594504357000176, 3.035612345000061 ], [ 11.604609489000097, 3.047474861000126 ], [ 11.683011055, 3.062777042000107 ], [ 11.683966637000026, 3.085916042000122 ], [ 11.725567819000105, 3.119400026000164 ], [ 11.681431771000064, 3.165864706000093 ], [ 11.699846268000044, 3.200440408000077 ], [ 11.709754943000178, 3.277022362000082 ], [ 11.736783027000058, 3.278287411000179 ], [ 11.745657920000099, 3.287539960000061 ], [ 11.734559059999981, 3.334720373000152 ], [ 11.774552345000131, 3.309933901000136 ], [ 11.77640533400006, 3.326186658000097 ], [ 11.819997787000148, 3.363167524000119 ], [ 11.839246876000061, 3.372770036000077 ], [ 11.849022866000155, 3.364039182000113 ], [ 11.892360752000172, 3.473784643000045 ], [ 11.925671578000106, 3.444230080000068 ], [ 11.941744804000052, 3.441407205000189 ], [ 11.949867249000022, 3.452569723000067 ], [ 11.980545996999979, 3.434497356 ], [ 11.993970871000045, 3.406726122000123 ], [ 12.133683205000068, 3.361536742000169 ], [ 12.138512612000056, 3.32480931300006 ], [ 12.129587173000061, 3.299693584000067 ], [ 12.139739037000027, 3.291439533000016 ], [ 12.146827699000141, 3.30700039900006 ], [ 12.15882396600017, 3.310499430000107 ], [ 12.149996757000167, 3.31645512700004 ], [ 12.160774230000072, 3.325407029000132 ], [ 12.192651749, 3.329127789000154 ], [ 12.191270829000132, 3.313740730000063 ], [ 12.205150604000039, 3.311305761000085 ], [ 12.223233224000182, 3.343558311999971 ], [ 12.258033752000131, 3.480809926000177 ], [ 12.397054672000138, 3.597401142000081 ], [ 12.432778358000064, 3.610934019000069 ], [ 12.439212800000064, 3.652198077000151 ], [ 12.448920250000185, 3.653307439000116 ], [ 12.454617499000051, 3.675362825000093 ], [ 12.477623940000171, 3.671545982000055 ], [ 12.498497963000034, 3.68188119000007 ], [ 12.527771950000044, 3.627005817000111 ], [ 12.526140213000133, 3.573781968 ], [ 12.543618202, 3.567789317000063 ], [ 12.563605309000081, 3.533432484000173 ], [ 12.542496682000149, 3.392803907000086 ], [ 12.765206337999984, 3.170316459000105 ], [ 12.76472663800007, 2.973160983000014 ], [ 12.770880699000088, 2.945780755000158 ], [ 12.79252719800013, 2.927929163000158 ], [ 12.794776916000103, 2.904289008000035 ], [ 12.813237191000098, 2.915403844000025 ], [ 12.833261490000041, 2.888084651000156 ], [ 12.85995960300005, 2.893741609000131 ], [ 12.874295235000091, 2.875277759000085 ], [ 12.914956093000171, 2.878224850000151 ], [ 12.924973487000159, 2.86669492700014 ], [ 12.937166214000115, 2.872187614000097 ], [ 12.939674378000177, 2.862812757000086 ], [ 12.966885566000087, 2.864527465000037 ], [ 12.986755372000118, 2.886488913999983 ], [ 12.98766231500008, 2.87328863099998 ], [ 13.002779961000044, 2.867807626000115 ], [ 13.002079963000028, 2.849291801000106 ], [ 13.019682885000066, 2.858489037000083 ], [ 13.081315041000153, 2.837625504000187 ] ] ], [ [ [ 11.687365733999968, 3.189049266000097 ], [ 11.687202011000011, 3.189112955000155 ], [ 11.687349008000012, 3.18919194 ], [ 11.687365733999968, 3.189049266000097 ] ] ] ] } },
{ "type": "Feature", "properties": { "GID_1": "CMR.10_1", "NAME_1": "Sud", "GID_2": "CMR.10.2_1", "NAME_2": "Mvila", "cle": "mvila", "superficie_km2": 8716.650009871275, "pop_total": 278080.74, "pop_incertitude": 0.6, "menages_total": 58263.65, "densite": 31.902249107751729, "taille_moy_menage": 4.7727998503355007, "lon_c": 11.3949455967274, "lat_c": 2.7965653264671686 }, "geometry": { "type": "Polygon", "coordinates": [ [ [ 12.114086152000141, 2.645358563 ], [ 12.260660171000097, 2.60628795700012 ], [ 12.242979049000155, 2.588490248000028 ], [ 12.242320061000157, 2.570714712000097 ], [ 12.129976272000022, 2.469041348000076 ], [ 12.080186843999968, 2.445976972000039 ], [ 12.060378075000131, 2.451099157000101 ], [ 11.97885704000015, 2.399244310000142 ], [ 11.983473777000142, 2.39093589800018 ], [ 11.963831901000162, 2.361713886000132 ], [ 11.971145629000091, 2.34839010200011 ], [ 11.940457344000151, 2.333187580000072 ], [ 11.950146675000042, 2.311871768000174 ], [ 11.932675361000065, 2.301023007000026 ], [ 11.934324264000168, 2.27819562000019 ], [ 11.921755790000134, 2.287174226 ], [ 11.911796570000149, 2.27745795300018 ], [ 11.871242523000149, 2.281041146000064 ], [ 11.866478920000077, 2.268984318000093 ], [ 11.829042435000133, 2.282095433000165 ], [ 11.823990821000109, 2.271185637000031 ], [ 11.794608117000109, 2.278691767999987 ], [ 11.784538270000098, 2.268344403000185 ], [ 11.756200790000094, 2.267879249000032 ], [ 11.742418289000057, 2.28625965100008 ], [ 11.74633312200001, 2.294757366000056 ], [ 11.711256981000133, 2.299322367000173 ], [ 11.701069831000098, 2.315644502000055 ], [ 11.665208816000074, 2.314828634000037 ], [ 11.671895027000062, 2.325576782999974 ], [ 11.666001320000134, 2.348086120000175 ], [ 11.680435181000064, 2.374311209000155 ], [ 11.356739044000051, 2.600044012000126 ], [ 10.961544037000067, 2.774642945000039 ], [ 10.907165527000075, 2.75031471300008 ], [ 10.860448837999968, 2.741750240000101 ], [ 10.770943641000031, 2.791263580000077 ], [ 10.710376740000072, 2.773861884000155 ], [ 10.713483811000174, 2.82727790000007 ], [ 10.705915451000124, 2.844097138000109 ], [ 10.663364410000099, 2.888544798000112 ], [ 10.627943040000162, 2.88304686500004 ], [ 10.611968041000068, 2.893949509000095 ], [ 10.627482414000042, 2.928925515000174 ], [ 10.594429017000152, 2.96084022600013 ], [ 10.606328010000141, 2.978045940000186 ], [ 10.593191147000027, 3.004855156000076 ], [ 10.596021652000047, 3.057771921000153 ], [ 10.575406075000046, 3.076552868000078 ], [ 10.832903862000137, 3.213629008999987 ], [ 10.902863503000106, 3.135653257000172 ], [ 10.96972560800009, 3.161129714000026 ], [ 11.013166429000023, 3.160707236000064 ], [ 11.024422646000119, 3.182192088000136 ], [ 11.060555457000078, 3.185109855000064 ], [ 11.097298621000164, 3.157475472000158 ], [ 11.119248390000052, 3.164007186000049 ], [ 11.140059470000153, 3.15336346700002 ], [ 11.184396743000036, 3.152686835000168 ], [ 11.218846322000161, 3.104488612000068 ], [ 11.270498275000023, 3.135472059000108 ], [ 11.297046660999968, 3.132926465000139 ], [ 11.312809945000026, 3.11653208700011 ], [ 11.33145618400016, 3.11333346400005 ], [ 11.355126380000058, 3.143511533000037 ], [ 11.50574493300013, 3.130915165000033 ], [ 11.545151710000084, 3.135698080000054 ], [ 11.550310134000028, 3.143911600000024 ], [ 11.564949035000041, 3.137466907000146 ], [ 11.585846902000128, 3.161519052000074 ], [ 11.614885330000106, 3.16785430900012 ], [ 11.640817643000162, 3.187682628000175 ], [ 11.687202011000011, 3.189112955000155 ], [ 11.682056427000077, 3.164247990000092 ], [ 11.725567819000105, 3.119400026000164 ], [ 11.683966637000026, 3.085916042000122 ], [ 11.683011055, 3.062777042000107 ], [ 11.604609489000097, 3.047474861000126 ], [ 11.594504357000176, 3.035612345000061 ], [ 11.638072967000085, 3.002645015000098 ], [ 11.650450706000072, 3.006835223000053 ], [ 11.66512966200014, 2.994990349000034 ], [ 11.658449174000168, 2.969151498000031 ], [ 11.824715615000059, 2.720666171000062 ], [ 11.998935699000128, 2.656184912000072 ], [ 12.114086152000141, 2.645358563 ] ] ] } },
{ "type": "Feature", "properties": { "GID_1": "CMR.10_1", "NAME_1": "Sud", "GID_2": "CMR.10.3_1", "NAME_2": "Océan", "cle": "ocean", "superficie_km2": 11499.836634413046, "pop_total": 291087.78, "pop_incertitude": 0.33, "menages_total": 69556.75, "densite": 25.312340449161276, "taille_moy_menage": 4.1848962178365152, "lon_c": 10.311094740733498, "lat_c": 2.902212448318767 }, "geometry": { "type": "Polygon", "coordinates": [ [ [ 10.593557359000158, 2.708081246000177 ], [ 10.550688743000023, 2.615011931000026 ], [ 10.481890679000173, 2.545199872000182 ], [ 10.43207454700007, 2.508322478000025 ], [ 10.431537629000047, 2.488396407000039 ], [ 10.410085679000019, 2.467894554000054 ], [ 10.391149521000159, 2.465542317000029 ], [ 10.38015556400012, 2.422967672000141 ], [ 10.361452103000033, 2.408232213000133 ], [ 10.362868308999964, 2.392689467000025 ], [ 10.333827018000079, 2.354080916000044 ], [ 10.271525383000096, 2.304992198000093 ], [ 10.24798488600004, 2.264694215000134 ], [ 10.199995042000012, 2.219403983000177 ], [ 10.18808078800015, 2.171730755999988 ], [ 10.166080475000115, 2.150718689000087 ], [ 10.136584283000161, 2.155503273000022 ], [ 10.120064736000131, 2.141032458000041 ], [ 10.109699248000084, 2.161665917000107 ], [ 10.031023026000071, 2.160476446000189 ], [ 10.012522697000122, 2.169897556000024 ], [ 9.988885879000122, 2.167297601000087 ], [ 9.955582619000097, 2.188615322000089 ], [ 9.938411712, 2.191571236000073 ], [ 9.933703423000111, 2.182238341000129 ], [ 9.919761658000027, 2.197042465000095 ], [ 9.902820587000122, 2.197039127000153 ], [ 9.887599945000034, 2.219399930000122 ], [ 9.878126143999964, 2.217941999 ], [ 9.877590179000151, 2.231256248000022 ], [ 9.846112251000136, 2.244625330000076 ], [ 9.830044746000056, 2.290157556000111 ], [ 9.835247993000053, 2.32749200000012 ], [ 9.818666458000052, 2.362393141000098 ], [ 9.821900367000012, 2.567518712000151 ], [ 9.85948085800004, 2.697946787000035 ], [ 9.856749535000063, 2.716006278000066 ], [ 9.873744964000025, 2.733578444000045 ], [ 9.876204491000067, 2.768397570000104 ], [ 9.892242431000113, 2.799032689000114 ], [ 9.881104469000093, 2.840754031000131 ], [ 9.896626473000083, 2.880353452 ], [ 9.905180932000121, 2.950011731000131 ], [ 9.929564477000099, 3.000862361000031 ], [ 9.955137253000032, 3.020056963000116 ], [ 9.963968277000106, 3.079375745000107 ], [ 9.974459648000163, 3.088009835000037 ], [ 9.902985572000034, 3.26309084900015 ], [ 9.963164329, 3.276597262000053 ], [ 9.982028007999986, 3.303165912000111 ], [ 10.039079665999964, 3.337952375000043 ], [ 10.057661057000075, 3.378819227000065 ], [ 10.053374291000125, 3.398763657000075 ], [ 10.075142861000018, 3.419484855000178 ], [ 10.067604065000126, 3.48918175600005 ], [ 10.083747864000145, 3.496514797000088 ], [ 10.119628906000116, 3.581466438000064 ], [ 10.154891013000167, 3.567727089000073 ], [ 10.185395240000162, 3.595280170000137 ], [ 10.20403289799998, 3.591630459000044 ], [ 10.202386856000032, 3.559106350000093 ], [ 10.235638618999985, 3.54274892900014 ], [ 10.230589868000152, 3.509938479000027 ], [ 10.243083953000166, 3.480538131000174 ], [ 10.239208222000059, 3.46601271600008 ], [ 10.25458431200002, 3.456050634000064 ], [ 10.251194001000101, 3.413266421000117 ], [ 10.296807288000025, 3.331075192000071 ], [ 10.762387275000094, 3.473424197000043 ], [ 10.815310478000185, 3.458585740000046 ], [ 10.820215225000027, 3.433598996000114 ], [ 10.83361721, 3.419888259000174 ], [ 10.827405929000065, 3.408799172000045 ], [ 10.861648559000059, 3.388253927 ], [ 10.895684241000083, 3.409049273000051 ], [ 10.954355240000041, 3.415247202000103 ], [ 10.96688652000006, 3.396657468000171 ], [ 10.982114791000129, 3.393372536000129 ], [ 10.999867438000024, 3.413813352000147 ], [ 11.035573006000106, 3.412972690000061 ], [ 11.064379691000113, 3.392242909000174 ], [ 11.067646027000023, 3.361042499000064 ], [ 11.082508088000054, 3.365507841000067 ], [ 11.087806701000147, 3.349995851000187 ], [ 11.079690933999984, 3.338913679000029 ], [ 11.099668502000043, 3.331598997000185 ], [ 11.098673821000091, 3.311220646999971 ], [ 11.118581771000038, 3.271182776000046 ], [ 11.113488197000152, 3.248229743000138 ], [ 11.159142494000093, 3.229570866000188 ], [ 11.174713134, 3.21011471700001 ], [ 11.173545837000177, 3.154141426000024 ], [ 11.140059470000153, 3.15336346700002 ], [ 11.119248390000052, 3.164007186000049 ], [ 11.097298621000164, 3.157475472000158 ], [ 11.060555457000078, 3.185109855000064 ], [ 11.031925201000149, 3.184785605000059 ], [ 11.013166429000023, 3.160707236000064 ], [ 10.96972560800009, 3.161129714000026 ], [ 10.902863503000106, 3.135653257000172 ], [ 10.832903862000137, 3.213629008999987 ], [ 10.575406075000046, 3.076552868000078 ], [ 10.596021652000047, 3.057771921000153 ], [ 10.593191147000027, 3.004855156000076 ], [ 10.606328010000141, 2.978045940000186 ], [ 10.594429017000152, 2.96084022600013 ], [ 10.627482414000042, 2.928925515000174 ], [ 10.611968041000068, 2.893949509000095 ], [ 10.627943040000162, 2.88304686500004 ], [ 10.663364410000099, 2.888544798000112 ], [ 10.713483811000174, 2.82727790000007 ], [ 10.70700549999998, 2.761017322000157 ], [ 10.697965621000151, 2.751742363000062 ], [ 10.669202804000179, 2.755429030000187 ], [ 10.65464782700019, 2.707272769000156 ], [ 10.593557359000158, 2.708081246000177 ] ] ] } },
{ "type": "Feature", "properties": { "GID_1": "CMR.10_1", "NAME_1": "Sud", "GID_2": "CMR.10.4_1", "NAME_2": "Vallée du Ntem", "cle": "valleentem", "superficie_km2": 7257.2606512415996, "pop_total": 140095.37, "pop_incertitude": 0.4, "menages_total": 31250.27, "densite": 19.304166783100445, "taille_moy_menage": 4.4830131067667569, "lon_c": 10.920128131203239, "lat_c": 2.4239884778133427 }, "geometry": { "type": "Polygon", "coordinates": [ [ [ 11.396113396000089, 2.300678016000177 ], [ 11.365482331000067, 2.287756681000133 ], [ 11.382894516000022, 2.276391268000111 ], [ 11.382174493000093, 2.245027303000029 ], [ 11.370228768000118, 2.235709429000167 ], [ 11.364111901, 2.243319511000095 ], [ 11.355093001000057, 2.225638390000086 ], [ 11.36525249500005, 2.219815492000066 ], [ 11.353187562000016, 2.171280860000081 ], [ 10.188292503000127, 2.172401905000186 ], [ 10.199995042000012, 2.219403983000177 ], [ 10.24798488600004, 2.264694215000134 ], [ 10.271525383000096, 2.304992198000093 ], [ 10.333827018000079, 2.354080916000044 ], [ 10.362868308999964, 2.392689467000025 ], [ 10.361452103000033, 2.408232213000133 ], [ 10.38015556400012, 2.422967672000141 ], [ 10.391149521000159, 2.465542317000029 ], [ 10.411218642000051, 2.468889476000129 ], [ 10.434402466, 2.492674828000077 ], [ 10.431396485000107, 2.507100581999964 ], [ 10.444228172000123, 2.521932841000023 ], [ 10.481890679000173, 2.545199872000182 ], [ 10.550688743000023, 2.615011931000026 ], [ 10.593557359000158, 2.708081246000177 ], [ 10.65464782700019, 2.707272769000156 ], [ 10.669202804000179, 2.755429030000187 ], [ 10.697965621000151, 2.751742363000062 ], [ 10.708258629000056, 2.773143293000089 ], [ 10.764695168, 2.791952133999985 ], [ 10.80398368900012, 2.779413939000051 ], [ 10.860448837999968, 2.741750240000101 ], [ 10.907165527000075, 2.75031471300008 ], [ 10.961544037000067, 2.774642945000039 ], [ 11.356739044000051, 2.600044012000126 ], [ 11.680435181000064, 2.374311209000155 ], [ 11.666001320000134, 2.348086120000175 ], [ 11.671545982000055, 2.324231147000035 ], [ 11.649102211000127, 2.302746773000024 ], [ 11.610299110000085, 2.293292523000048 ], [ 11.582673073000024, 2.307046890000095 ], [ 11.548668862000113, 2.294405700000084 ], [ 11.523341178000067, 2.301225186000124 ], [ 11.487792015000139, 2.29242157900012 ], [ 11.456418037, 2.301346065000132 ], [ 11.45177364400007, 2.289479494000147 ], [ 11.439952850000054, 2.298050643000124 ], [ 11.420134544, 2.290890932000025 ], [ 11.396113396000089, 2.300678016000177 ] ] ] } },
{ "type": "Feature", "properties": { "GID_1": "CMR.9_1", "NAME_1": "Sud-Ouest", "GID_2": "CMR.9.1_1", "NAME_2": "Fako", "cle": "fako", "superficie_km2": 2066.1701105827824, "pop_total": 884157.27, "pop_incertitude": 0.65, "menages_total": 139616.95, "densite": 427.92085001685331, "taille_moy_menage": 6.3327358891595891, "lon_c": 9.2724391344473744, "lat_c": 4.1680249325169072 }, "geometry": { "type": "Polygon", "coordinates": [ [ [ 9.209392548000096, 4.005540372000098 ], [ 9.197583199000064, 4.012267112000131 ], [ 9.115175248000071, 4.010245800000064 ], [ 9.084486007000066, 4.03759431900005 ], [ 9.026312829000176, 4.068829060000098 ], [ 9.01561260200009, 4.066749573000095 ], [ 8.977789879999989, 4.096603394000056 ], [ 8.988913536000041, 4.118064879999963 ], [ 8.997721672000182, 4.194452762000083 ], [ 8.966964723000046, 4.241109371000164 ], [ 8.93758773899998, 4.255505085000038 ], [ 8.963727951000124, 4.298459053000101 ], [ 8.999414444000081, 4.257859231000168 ], [ 9.019761085000027, 4.252301693000049 ], [ 9.035131455000112, 4.265257360000021 ], [ 9.056196212000145, 4.261538028000132 ], [ 9.12743663800012, 4.215439320000144 ], [ 9.171697616000131, 4.21652936900017 ], [ 9.248053552000044, 4.430346966000172 ], [ 9.265277862000062, 4.454977035000127 ], [ 9.280605316999981, 4.460924149000164 ], [ 9.336876869000093, 4.438590050000073 ], [ 9.363462448000064, 4.378019809000023 ], [ 9.479814530000112, 4.378447056000084 ], [ 9.478491782999981, 4.36276960400005 ], [ 9.464746476000187, 4.346406460000082 ], [ 9.455781936000108, 4.348326683000039 ], [ 9.45872020600001, 4.317399978000083 ], [ 9.433624268000131, 4.294819355000072 ], [ 9.424741744000073, 4.271750451 ], [ 9.428632736000111, 4.23689794600017 ], [ 9.414509774000066, 4.220820905000153 ], [ 9.42079448700008, 4.203966618000152 ], [ 9.429667472000119, 4.211717129000078 ], [ 9.448833465000064, 4.208067895000113 ], [ 9.466750145000162, 4.189770698000075 ], [ 9.499658584000144, 4.203728676000026 ], [ 9.510525704000088, 4.196827888000144 ], [ 9.519404412000029, 4.212332250000088 ], [ 9.529988288000141, 4.210410595000155 ], [ 9.529767036000123, 4.165890694000097 ], [ 9.548921585000016, 4.148835658999985 ], [ 9.557864189000099, 4.118287563000024 ], [ 9.550131797000176, 4.105272293000155 ], [ 9.529536247000124, 4.105573177000167 ], [ 9.509881973, 4.085480213000153 ], [ 9.498991013000023, 4.051403046000132 ], [ 9.478689194000083, 4.062138557000139 ], [ 9.45704460200011, 4.05956602100008 ], [ 9.451781273000108, 4.02385664000019 ], [ 9.434524537000129, 4.02386617600007 ], [ 9.403999329000044, 3.991807699000105 ], [ 9.405419349000113, 3.971126317000085 ], [ 9.381181718000107, 3.920584679000115 ], [ 9.355697631, 3.907411814000113 ], [ 9.335785866000151, 3.915423154 ], [ 9.294071198000154, 3.959264279000024 ], [ 9.300504684999964, 3.983278274000043 ], [ 9.322222710000062, 3.9999051100001 ], [ 9.297233581000057, 4.001340866000078 ], [ 9.285511017000033, 3.975369931000159 ], [ 9.267251969000029, 3.976047755000138 ], [ 9.269749641000089, 3.962625504000073 ], [ 9.256677628000034, 3.962472439000067 ], [ 9.243066788000078, 3.94206404800002 ], [ 9.230515480000065, 3.963289262000103 ], [ 9.215690613000106, 3.966433049000045 ], [ 9.213804245000176, 3.951225756999975 ], [ 9.205439568000031, 3.960597516000121 ], [ 9.209392548000096, 4.005540372000098 ] ] ] } },
{ "type": "Feature", "properties": { "GID_1": "CMR.9_1", "NAME_1": "Sud-Ouest", "GID_2": "CMR.9.2_1", "NAME_2": "Koupé Manengouba", "cle": "koupemanengouba", "superficie_km2": 3464.4025039899288, "pop_total": 121244.37, "pop_incertitude": 0.52, "menages_total": 22689.9, "densite": 34.997195002706434, "taille_moy_menage": 5.3435391958536611, "lon_c": 9.5862019965224743, "lat_c": 5.1106360169562821 }, "geometry": { "type": "Polygon", "coordinates": [ [ [ 9.70908165000003, 4.813896656000054 ], [ 9.691056251000134, 4.72137498800015 ], [ 9.632194520000041, 4.664201259000095 ], [ 9.646877288000042, 4.650323391000086 ], [ 9.64357566800004, 4.637671948 ], [ 9.630406379000135, 4.627120494000053 ], [ 9.576663018000033, 4.616932869000095 ], [ 9.563819886000033, 4.605185986000095 ], [ 9.566930772000035, 4.619166374000088 ], [ 9.552534102000095, 4.619309425000097 ], [ 9.545697212000164, 4.632520199000169 ], [ 9.556919098000151, 4.662201405000189 ], [ 9.569823264999968, 4.670073987000023 ], [ 9.568619728000158, 4.684174060000032 ], [ 9.555407524000145, 4.694293022000068 ], [ 9.502553940000041, 4.702846050000062 ], [ 9.502921105000155, 4.753829956000175 ], [ 9.520155907000117, 4.776544094000144 ], [ 9.513668061000089, 4.797692299000175 ], [ 9.5232343670001, 4.805964947000064 ], [ 9.463716508000061, 4.828234673000054 ], [ 9.466630937000048, 4.848823070000094 ], [ 9.498766900000078, 4.881952285000011 ], [ 9.485750198000062, 4.890426635000097 ], [ 9.489897727000141, 4.901516914000126 ], [ 9.478351593000127, 4.92774534299997 ], [ 9.504475593000166, 4.956283093000081 ], [ 9.468742371000133, 4.966421128000036 ], [ 9.461994172, 4.999508381000055 ], [ 9.440513611000029, 4.996100426000055 ], [ 9.424779893000107, 5.006410600000152 ], [ 9.425154686000155, 5.048358918000133 ], [ 9.395434380000097, 5.062448978000134 ], [ 9.414999008000052, 5.09083414100013 ], [ 9.409063339, 5.099796296000079 ], [ 9.384141922000083, 5.089142799000115 ], [ 9.363771439000118, 5.100404262000154 ], [ 9.339640616000054, 5.092230321000159 ], [ 9.327737808000052, 5.109506608000061 ], [ 9.2734107980001, 5.141245365000088 ], [ 9.275188446000072, 5.219357013000149 ], [ 9.227725981999981, 5.233918190000111 ], [ 9.215380668000137, 5.257822038000143 ], [ 9.201685905999966, 5.253886699000077 ], [ 9.186213494000185, 5.299579145000052 ], [ 9.244567871000072, 5.305255891000058 ], [ 9.282005310000102, 5.319566727000051 ], [ 9.303000449000081, 5.298634053000171 ], [ 9.347856521000153, 5.283889294000119 ], [ 9.387225151000052, 5.323752403000128 ], [ 9.42803192100007, 5.336931705000097 ], [ 9.692534447000014, 5.490015506000077 ], [ 9.77659511600018, 5.475865841000029 ], [ 9.776397705000136, 5.430154801000128 ], [ 9.803945541000189, 5.390963077000151 ], [ 9.801832199000103, 5.374034403999985 ], [ 9.869988440999975, 5.388428211000189 ], [ 9.911197662, 5.371603965000077 ], [ 9.893357278000053, 5.351134301000172 ], [ 9.824075699000048, 5.330033302000174 ], [ 9.829555511000137, 5.290767192000033 ], [ 9.783971787000098, 5.284400464000157 ], [ 9.768578529000081, 5.263293744000066 ], [ 9.739611626000112, 5.273099422000143 ], [ 9.736417771000106, 5.245463372000074 ], [ 9.76640510600015, 5.209688663000065 ], [ 9.775547027000073, 5.146035195000081 ], [ 9.801351547000138, 5.140281200000175 ], [ 9.81593704200003, 5.079701901000078 ], [ 9.831186295000066, 5.060317040000086 ], [ 9.854436874000157, 5.051395893000119 ], [ 9.866170884000041, 5.029462337000098 ], [ 9.856061935000014, 5.018384933000107 ], [ 9.828407287000175, 5.014459610000131 ], [ 9.811128617000122, 5.025396347000083 ], [ 9.775730133000138, 5.005545139 ], [ 9.766896246999977, 4.956261157000029 ], [ 9.754415512000037, 4.941046714000038 ], [ 9.756322861000172, 4.919918061000033 ], [ 9.786070823000045, 4.916450502000089 ], [ 9.779553413000087, 4.897004605000063 ], [ 9.763833046000116, 4.887075900000013 ], [ 9.762768746000177, 4.877657891000183 ], [ 9.774524689000032, 4.873771667000142 ], [ 9.742738723000116, 4.858402729000034 ], [ 9.749038695000024, 4.841758729000105 ], [ 9.70908165000003, 4.813896656000054 ] ] ] } },
{ "type": "Feature", "properties": { "GID_1": "CMR.9_1", "NAME_1": "Sud-Ouest", "GID_2": "CMR.9.3_1", "NAME_2": "Lebialem", "cle": "lebialem", "superficie_km2": 642.93932296534831, "pop_total": 58876.22, "pop_incertitude": 0.27, "menages_total": 11397.83, "densite": 91.573524743287763, "taille_moy_menage": 5.1655639713875363, "lon_c": 9.9238122140145251, "lat_c": 5.560661420178171 }, "geometry": { "type": "Polygon", "coordinates": [ [ [ 9.959076882000147, 5.494881629000133 ], [ 9.91515636400004, 5.371692181000128 ], [ 9.869988440999975, 5.388428211000189 ], [ 9.804332734000184, 5.373341084 ], [ 9.803945541000189, 5.390963077000151 ], [ 9.776397705000136, 5.430154801000128 ], [ 9.782346726000185, 5.44306755100007 ], [ 9.77227687900006, 5.466915607999965 ], [ 9.79591083400004, 5.501683713000148 ], [ 9.83251285700004, 5.523469926000189 ], [ 9.840375900000083, 5.542478084000152 ], [ 9.880927086000099, 5.564566612000078 ], [ 9.882416725000155, 5.593818188000057 ], [ 9.865826608000191, 5.601947784 ], [ 9.909114839000097, 5.65783596 ], [ 9.90056037800008, 5.680839063 ], [ 9.909919739000088, 5.691587924000032 ], [ 9.911861420000037, 5.725706578000086 ], [ 9.955568313000185, 5.752189636000139 ], [ 9.997377395, 5.719217777000097 ], [ 10.064040184000021, 5.717849732000104 ], [ 10.097887039, 5.682966233000172 ], [ 10.101244927000039, 5.663693429000148 ], [ 10.079040527000132, 5.633992673000137 ], [ 10.024628639000071, 5.629549504000124 ], [ 9.998053551000169, 5.580388069000094 ], [ 9.962246896000067, 5.589609146000157 ], [ 9.948732375000134, 5.568758011000057 ], [ 9.966513634000137, 5.546816825000064 ], [ 9.949694633000036, 5.522098542000094 ], [ 9.959076882000147, 5.494881629000133 ] ] ] } },
{ "type": "Feature", "properties": { "GID_1": "CMR.9_1", "NAME_1": "Sud-Ouest", "GID_2": "CMR.9.4_1", "NAME_2": "Manyu", "cle": "manyu", "superficie_km2": 9588.6956763429243, "pop_total": 172720.5, "pop_incertitude": 0.33, "menages_total": 25697.57, "densite": 18.012929581875586, "taille_moy_menage": 6.7212775371367801, "lon_c": 9.3756862832532413, "lat_c": 5.8214894339478187 }, "geometry": { "type": "Polygon", "coordinates": [ [ [ 9.605549812000049, 5.923078061000183 ], [ 9.593202590000033, 5.910358428000109 ], [ 9.590973854000026, 5.882214547000046 ], [ 9.610864639999988, 5.886501313000167 ], [ 9.617261888000144, 5.87921857900011 ], [ 9.633714676000068, 5.887528896 ], [ 9.679924964000065, 5.83529949300015 ], [ 9.690656662000038, 5.855869292000079 ], [ 9.725541114000123, 5.849028111000052 ], [ 9.754272460999971, 5.816728115999979 ], [ 9.754720689000123, 5.794517517000031 ], [ 9.768461228000092, 5.776788712000155 ], [ 9.811853409000094, 5.774717807000115 ], [ 9.815360070000054, 5.754130365000037 ], [ 9.850628853000103, 5.753887653000049 ], [ 9.855281829000148, 5.73415994700008 ], [ 9.88367748200011, 5.740626812000187 ], [ 9.888996124000187, 5.718791961000022 ], [ 9.911372185000175, 5.726606845000049 ], [ 9.91546249400011, 5.718780518000074 ], [ 9.90056037800008, 5.680839063 ], [ 9.909114839000097, 5.65783596 ], [ 9.865826608000191, 5.601947784 ], [ 9.882416725000155, 5.593818188000057 ], [ 9.880927086000099, 5.564566612000078 ], [ 9.840375900000083, 5.542478084000152 ], [ 9.83251285700004, 5.523469926000189 ], [ 9.79591083400004, 5.501683713000148 ], [ 9.778795242000172, 5.475976943000035 ], [ 9.692534447000014, 5.490015506000077 ], [ 9.42803192100007, 5.336931705000097 ], [ 9.387225151000052, 5.323752403000128 ], [ 9.346302033000143, 5.283599376000097 ], [ 9.303000449000081, 5.298634053000171 ], [ 9.282005310000102, 5.319566727000051 ], [ 9.244567871000072, 5.305255891000058 ], [ 9.186213494000185, 5.299579145000052 ], [ 9.178120612999976, 5.313605309000081 ], [ 9.166875838000124, 5.313205719000052 ], [ 9.16319465600003, 5.34714412600016 ], [ 9.142150879000155, 5.347968102000152 ], [ 9.142716408000126, 5.365252495 ], [ 9.153254510000011, 5.363157272000137 ], [ 9.141326904000096, 5.373000145000162 ], [ 9.149638175000064, 5.374691010000163 ], [ 9.140063286000156, 5.382974625000145 ], [ 9.146359444000097, 5.394904137000083 ], [ 9.096776963000025, 5.387680053000111 ], [ 8.988406182000176, 5.430972577000091 ], [ 8.96466350500009, 5.409801483000081 ], [ 8.949316978000127, 5.352090836000173 ], [ 8.949721337000085, 5.310961723000048 ], [ 8.940700532000051, 5.300187111000071 ], [ 8.914736748000109, 5.312372684000138 ], [ 8.906120299000122, 5.327363969000032 ], [ 8.835688591000121, 5.343848705000084 ], [ 8.840230942000176, 5.387761592000174 ], [ 8.831048011, 5.429977895000036 ], [ 8.920679092000114, 5.572205067000141 ], [ 8.89859676400016, 5.624197006000088 ], [ 8.836645126000121, 5.679552555000157 ], [ 8.832182884000019, 5.705854893000037 ], [ 8.842210769000133, 5.699413301000163 ], [ 8.854125023, 5.708680153000046 ], [ 8.875003814000138, 5.746984482000073 ], [ 8.868415832000039, 5.758642196000039 ], [ 8.883420943000147, 5.777463913000133 ], [ 8.872360230000083, 5.801792146000025 ], [ 8.847064019000015, 5.792301178000059 ], [ 8.840001106000159, 5.826342583000155 ], [ 8.855999946000168, 5.83070659599997 ], [ 8.858808517000114, 5.845055580000121 ], [ 8.882976532000043, 5.860476492999965 ], [ 8.902874947000043, 5.863131523000106 ], [ 8.912257194000119, 5.90246009800012 ], [ 8.945055961000094, 5.91119432500011 ], [ 9.133093835000011, 6.072074891000113 ], [ 9.152613640000141, 6.090577125000152 ], [ 9.167497635000188, 6.130717279000066 ], [ 9.211695671000143, 6.167308808000143 ], [ 9.265694619000158, 6.184167861 ], [ 9.321744920000128, 6.274950982 ], [ 9.320406915000035, 6.287685872000168 ], [ 9.333715439000173, 6.293262005000145 ], [ 9.343441964000021, 6.351086140000177 ], [ 9.431278228000167, 6.31724500700011 ], [ 9.464488984000013, 6.454388141000038 ], [ 9.528005600000085, 6.443352223000147 ], [ 9.587982178000118, 6.475166322000177 ], [ 9.582773209000152, 6.49285173300018 ], [ 9.594839096999976, 6.528948307000064 ], [ 9.633991242000036, 6.520158768000158 ], [ 9.65167999300013, 6.529213429000151 ], [ 9.668975831000182, 6.510748864000107 ], [ 9.70634555700002, 6.515554429000133 ], [ 9.707198142000152, 6.500148773000149 ], [ 9.743618011000024, 6.484232427000052 ], [ 9.736499785000149, 6.431143284000086 ], [ 9.764066696999976, 6.390412808000121 ], [ 9.759324075000166, 6.362491132000059 ], [ 9.772644996000054, 6.306565284000101 ], [ 9.808600426000112, 6.252715588000058 ], [ 9.81682777400016, 6.22122430800016 ], [ 9.771765708000089, 6.198583126000187 ], [ 9.79055118600013, 6.183727741000041 ], [ 9.789146422000044, 6.166862488000163 ], [ 9.767003059000103, 6.158495903000073 ], [ 9.772458077000124, 6.146728516000167 ], [ 9.765442849000181, 6.125457765000135 ], [ 9.736765862000027, 6.116185188000031 ], [ 9.726397514000098, 6.084697247000179 ], [ 9.702235222000013, 6.09062147200018 ], [ 9.673877716000106, 6.062239170000169 ], [ 9.629739762000156, 6.043930530000182 ], [ 9.612696649000156, 6.023186685000042 ], [ 9.612036705000094, 6.007401943000161 ], [ 9.63927364400007, 5.982395649000068 ], [ 9.638874053000166, 5.967557431000159 ], [ 9.619618416000094, 5.935316563000072 ], [ 9.603939056, 5.935908318000088 ], [ 9.605549812000049, 5.923078061000183 ] ] ] } },
{ "type": "Feature", "properties": { "GID_1": "CMR.9_1", "NAME_1": "Sud-Ouest", "GID_2": "CMR.9.5_1", "NAME_2": "Meme", "cle": "meme", "superficie_km2": 2881.4549708777695, "pop_total": 420739.87, "pop_incertitude": 0.6, "menages_total": 72508.63, "densite": 146.01646538027668, "taille_moy_menage": 5.8026178401108943, "lon_c": 9.3123798467189047, "lat_c": 4.629550906083777 }, "geometry": { "type": "Polygon", "coordinates": [ [ [ 9.538537979000125, 4.56426334400004 ], [ 9.510950089000119, 4.542358875000161 ], [ 9.511793136000165, 4.519955158000187 ], [ 9.504733085000169, 4.520342828000139 ], [ 9.50817585100009, 4.531925201000035 ], [ 9.493002892000106, 4.526287079000156 ], [ 9.503296852000062, 4.511727334000113 ], [ 9.492796898000108, 4.503883839000139 ], [ 9.503664017000176, 4.490855216000114 ], [ 9.48752784800007, 4.470186233000163 ], [ 9.497225760999982, 4.421447276000094 ], [ 9.510481834000188, 4.417895795000106 ], [ 9.514859199000057, 4.402382373000137 ], [ 9.502464294000106, 4.411007882000149 ], [ 9.498159409000152, 4.391287803000182 ], [ 9.482699395000168, 4.379426002000116 ], [ 9.363462448000064, 4.378019809000023 ], [ 9.336876869000093, 4.438590050000073 ], [ 9.292990685000177, 4.458106994 ], [ 9.265277862000062, 4.454977035000127 ], [ 9.248053552000044, 4.430346966000172 ], [ 9.171697616000131, 4.21652936900017 ], [ 9.12743663800012, 4.215439320000144 ], [ 9.056196212000145, 4.261538028000132 ], [ 9.035131455000112, 4.265257360000021 ], [ 9.019761085000027, 4.252301693000049 ], [ 8.999414444000081, 4.257859231000168 ], [ 8.963706017000106, 4.298485279000147 ], [ 8.972739220999983, 4.335950852000053 ], [ 8.991215707000038, 4.358950138000182 ], [ 9.035119057000145, 4.386242867000021 ], [ 9.048137664000024, 4.381369591000066 ], [ 9.072680474000151, 4.394596100000115 ], [ 9.114816666000081, 4.433733940000081 ], [ 9.098711014000116, 4.459419251000156 ], [ 9.109600067000031, 4.465949535999982 ], [ 9.111144066000122, 4.491586208000058 ], [ 9.12530135999998, 4.508979320000151 ], [ 9.106488227999989, 4.508240701000034 ], [ 9.10355091100007, 4.528613091000068 ], [ 9.081178665000152, 4.535018443000183 ], [ 9.08544540500003, 4.548377514000151 ], [ 9.150919915000031, 4.597238064000067 ], [ 9.158670426000128, 4.613014221000071 ], [ 9.22408199400013, 4.644453049000049 ], [ 9.24148750400019, 4.675498963000166 ], [ 9.243647575000125, 4.732254505000185 ], [ 9.226603507000107, 4.745732307000139 ], [ 9.216803550000066, 4.782921792000081 ], [ 9.23185539300016, 4.81563568200005 ], [ 9.262264253000183, 4.827757358000042 ], [ 9.281053543000155, 4.901926518000096 ], [ 9.251622199, 4.928622247000078 ], [ 9.273467063, 4.969118595 ], [ 9.246932984000068, 5.014435768000112 ], [ 9.315338135000047, 5.074535370000035 ], [ 9.330533982000134, 5.107187747000182 ], [ 9.341415405000077, 5.092013836000092 ], [ 9.363771439000118, 5.100404262000154 ], [ 9.384141922000083, 5.089142799000115 ], [ 9.410072327000023, 5.09895467900003 ], [ 9.414999008000052, 5.09083414100013 ], [ 9.395434380000097, 5.062448978000134 ], [ 9.425154686000155, 5.048358918000133 ], [ 9.424779893000107, 5.006410600000152 ], [ 9.440513611000029, 4.996100426000055 ], [ 9.461994172, 4.999508381000055 ], [ 9.468742371000133, 4.966421128000036 ], [ 9.504475593000166, 4.956283093000081 ], [ 9.478351593000127, 4.92774534299997 ], [ 9.489897727000141, 4.901516914000126 ], [ 9.485750198000062, 4.890426635000097 ], [ 9.498766900000078, 4.881952285000011 ], [ 9.466630937000048, 4.848823070000094 ], [ 9.463716508000061, 4.828234673000054 ], [ 9.5232343670001, 4.805964947000064 ], [ 9.513668061000089, 4.797692299000175 ], [ 9.520155907000117, 4.776544094000144 ], [ 9.502921105000155, 4.753829956000175 ], [ 9.503027915000075, 4.701303483000061 ], [ 9.555407524000145, 4.694293022000068 ], [ 9.570258140000021, 4.679202080000039 ], [ 9.545697212000164, 4.632520199000169 ], [ 9.566724777000104, 4.613081931000181 ], [ 9.549225806999971, 4.588344097000061 ], [ 9.541331292000052, 4.589340686000185 ], [ 9.538537979000125, 4.56426334400004 ] ] ] } },
{ "type": "Feature", "properties": { "GID_1": "CMR.9_1", "NAME_1": "Sud-Ouest", "GID_2": "CMR.9.6_1", "NAME_2": "Ndian", "cle": "ndian", "superficie_km2": 6507.6935547100047, "pop_total": 116806.07, "pop_incertitude": 0.67, "menages_total": 19593.7, "densite": 17.948919846642212, "taille_moy_menage": 5.9614095346973777, "lon_c": 8.9387178975776482, "lat_c": 4.8667358710177835 }, "geometry": { "type": "Polygon", "coordinates": [ [ [ 8.719926834000148, 4.510425091000116 ], [ 8.693395614000167, 4.47763204600011 ], [ 8.67237567900014, 4.474023820000184 ], [ 8.64771843, 4.483287334000124 ], [ 8.557772636000095, 4.484436988000027 ], [ 8.576537133000045, 4.511092187000088 ], [ 8.568716049000045, 4.520670413000119 ], [ 8.538660050000033, 4.493577004000088 ], [ 8.506001472000037, 4.505921840000099 ], [ 8.499637603999986, 4.556495190000021 ], [ 8.528871537000043, 4.563379287000032 ], [ 8.500236512000185, 4.603778840000189 ], [ 8.516640663000032, 4.655507088999968 ], [ 8.500316621000138, 4.669796944000097 ], [ 8.540198325, 4.702318668000146 ], [ 8.524912834000133, 4.742751600000133 ], [ 8.538758277000056, 4.792312622000111 ], [ 8.546133041000076, 4.80080747500017 ], [ 8.596950532, 4.801202297000145 ], [ 8.628655435000042, 4.82033062 ], [ 8.625520706000145, 4.843859673 ], [ 8.603003503000025, 4.868321896000168 ], [ 8.606059074000143, 4.88047409100011 ], [ 8.622027397000181, 4.904959203000089 ], [ 8.651936531000047, 4.914961815000083 ], [ 8.650899887000094, 4.94272518300005 ], [ 8.694080353000061, 4.988158227000099 ], [ 8.68079567000018, 4.998505592000129 ], [ 8.715596199000061, 5.031938553000145 ], [ 8.725268364000158, 5.074828626000169 ], [ 8.748363494000046, 5.101241588000107 ], [ 8.781618118000154, 5.1133089060001 ], [ 8.794463157000052, 5.134585858000037 ], [ 8.818734169000095, 5.185620784999969 ], [ 8.81515693700004, 5.283845902000053 ], [ 8.835688591000121, 5.343848705000084 ], [ 8.906120299000122, 5.327363969000032 ], [ 8.914736748000109, 5.312372684000138 ], [ 8.940700532000051, 5.300187111000071 ], [ 8.949721337000085, 5.310961723000048 ], [ 8.949316978000127, 5.352090836000173 ], [ 8.96466350500009, 5.409801483000081 ], [ 8.984898568000062, 5.431230069000094 ], [ 9.096776963000025, 5.387680053000111 ], [ 9.146359444000097, 5.394904137000083 ], [ 9.140063286000156, 5.382974625000145 ], [ 9.149638175000064, 5.374691010000163 ], [ 9.141326904000096, 5.373000145000162 ], [ 9.153254510000011, 5.363157272000137 ], [ 9.142716408000126, 5.365252495 ], [ 9.142150879000155, 5.347968102000152 ], [ 9.16319465600003, 5.34714412600016 ], [ 9.166875838000124, 5.313205719000052 ], [ 9.178120612999976, 5.313605309000081 ], [ 9.201685905999966, 5.253886699000077 ], [ 9.215380668000137, 5.257822038000143 ], [ 9.227725981999981, 5.233918190000111 ], [ 9.275188446000072, 5.219357013000149 ], [ 9.2734107980001, 5.141245365000088 ], [ 9.330533982000134, 5.107187747000182 ], [ 9.315338135000047, 5.074535370000035 ], [ 9.246932984000068, 5.014435768000112 ], [ 9.273467063, 4.969118595 ], [ 9.251622199, 4.928622247000078 ], [ 9.281053543000155, 4.901926518000096 ], [ 9.262264253000183, 4.827757358000042 ], [ 9.23185539300016, 4.81563568200005 ], [ 9.216803550000066, 4.782921792000081 ], [ 9.226603507000107, 4.745732307000139 ], [ 9.243647575000125, 4.732254505000185 ], [ 9.24148750400019, 4.675498963000166 ], [ 9.22408199400013, 4.644453049000049 ], [ 9.158670426000128, 4.613014221000071 ], [ 9.150919915000031, 4.597238064000067 ], [ 9.083281516000113, 4.545431614000108 ], [ 9.081178665000152, 4.535018443000183 ], [ 9.107231141000113, 4.524543762000064 ], [ 9.106488227999989, 4.508240701000034 ], [ 9.12530135999998, 4.508979320000151 ], [ 9.111144066000122, 4.491586208000058 ], [ 9.109600067000031, 4.465949535999982 ], [ 9.098711014000116, 4.459419251000156 ], [ 9.114816666000081, 4.433733940000081 ], [ 9.072680474000151, 4.394596100000115 ], [ 9.048137664000024, 4.381369591000066 ], [ 9.035119057000145, 4.386242867000021 ], [ 8.991215707000038, 4.358950138000182 ], [ 8.972739220999983, 4.335950852000053 ], [ 8.964683533000141, 4.291596889000061 ], [ 8.93758773899998, 4.255505085000038 ], [ 8.915849685000126, 4.288691521000032 ], [ 8.919488906000026, 4.34365654100003 ], [ 8.899965286000054, 4.359492778000174 ], [ 8.888114928000107, 4.388004779000141 ], [ 8.88409710000002, 4.438286781000102 ], [ 8.898428916000114, 4.454543113999989 ], [ 8.892514229000028, 4.475724220000188 ], [ 8.90831470500018, 4.492089749000058 ], [ 8.905167580000125, 4.500102997000113 ], [ 8.875446319000048, 4.525325776000102 ], [ 8.841261863000113, 4.534982204000073 ], [ 8.838901519000046, 4.550383568000029 ], [ 8.801142693000088, 4.545536996000124 ], [ 8.781261444000108, 4.530087472000105 ], [ 8.719926834000148, 4.510425091000116 ] ] ] } }
]
}
