{
"type": "FeatureCollection",
"name": "J08_adm2_population",
"xy_coordinate_resolution": 1e-05,
"features": [
{ "type": "Feature", "properties": { "GID_1": "CMR.1_1", "GID_2": "CMR.1.1_1", "NAME_1": "Adamaoua", "NAME_2": "Djerem", "superficie_km2": 13242.8, "pop_worldpop_2025": 221066.0, "densite_wp_2025": 16.7 }, "geometry": { "type": "Polygon", "coordinates": [ [ [ 13.35942, 6.00062 ], [ 13.37138, 6.05508 ], [ 13.37944, 6.06019 ], [ 13.37804, 6.06815 ], [ 13.38522, 6.06506 ], [ 13.39144, 6.06747 ], [ 13.38925, 6.0783 ], [ 13.39414, 6.08185 ], [ 13.38995, 6.08483 ], [ 13.39016, 6.09291 ], [ 13.37157, 6.10974 ], [ 13.37034, 6.12207 ], [ 13.36507, 6.12259 ], [ 13.36727, 6.12637 ], [ 13.35845, 6.13598 ], [ 13.35139, 6.13614 ], [ 13.34747, 6.14738 ], [ 13.33129, 6.15619 ], [ 13.33152, 6.16027 ], [ 13.34883, 6.17295 ], [ 13.34676, 6.18205 ], [ 13.35079, 6.19697 ], [ 13.34622, 6.20264 ], [ 13.3529, 6.20937 ], [ 13.34304, 6.22436 ], [ 13.33435, 6.22984 ], [ 13.33599, 6.24021 ], [ 13.32815, 6.26048 ], [ 13.33364, 6.26636 ], [ 13.33377, 6.28157 ], [ 13.3259, 6.30956 ], [ 13.32872, 6.32616 ], [ 13.32588, 6.35345 ], [ 13.33586, 6.35827 ], [ 13.3187, 6.39148 ], [ 13.30935, 6.39429 ], [ 13.30332, 6.40618 ], [ 13.30449, 6.41558 ], [ 13.29472, 6.41968 ], [ 13.28084, 6.45304 ], [ 13.30127, 6.5022 ], [ 13.32384, 6.51934 ], [ 13.33008, 6.53337 ], [ 13.34408, 6.54229 ], [ 13.357, 6.55765 ], [ 13.35822, 6.56849 ], [ 13.36555, 6.57683 ], [ 13.37751, 6.58112 ], [ 13.39077, 6.5929 ], [ 13.40124, 6.59461 ], [ 13.40719, 6.60726 ], [ 13.41897, 6.61419 ], [ 13.40915, 6.63314 ], [ 13.39849, 6.6317 ], [ 13.39249, 6.63913 ], [ 13.3745, 6.64485 ], [ 13.37548, 6.65841 ], [ 13.36682, 6.66744 ], [ 13.36743, 6.68058 ], [ 13.35292, 6.68512 ], [ 13.35989, 6.71842 ], [ 13.34986, 6.72044 ], [ 13.34971, 6.72744 ], [ 13.34332, 6.72828 ], [ 13.34605, 6.73291 ], [ 13.33644, 6.74029 ], [ 13.34421, 6.74338 ], [ 13.31432, 6.74602 ], [ 13.27224, 6.75967 ], [ 13.26633, 6.77651 ], [ 13.2543, 6.77643 ], [ 13.24866, 6.78644 ], [ 13.22098, 6.76789 ], [ 13.20442, 6.76823 ], [ 13.19669, 6.77526 ], [ 13.18305, 6.76932 ], [ 13.17807, 6.78099 ], [ 13.16039, 6.79232 ], [ 13.14572, 6.78978 ], [ 13.09617, 6.81433 ], [ 13.08148, 6.81103 ], [ 13.07197, 6.81565 ], [ 13.05908, 6.81305 ], [ 13.04823, 6.84185 ], [ 13.00506, 6.83792 ], [ 12.99624, 6.84089 ], [ 12.98947, 6.82938 ], [ 12.97848, 6.82157 ], [ 12.95605, 6.81242 ], [ 12.95413, 6.80273 ], [ 12.93915, 6.7895 ], [ 12.93624, 6.78059 ], [ 12.92436, 6.77906 ], [ 12.91687, 6.76552 ], [ 12.89309, 6.77226 ], [ 12.87603, 6.77056 ], [ 12.87293, 6.78356 ], [ 12.89226, 6.8115 ], [ 12.89272, 6.83515 ], [ 12.9092, 6.85633 ], [ 12.91272, 6.87075 ], [ 12.8934, 6.90276 ], [ 12.89038, 6.94066 ], [ 12.87653, 6.96034 ], [ 12.87665, 6.97192 ], [ 12.87219, 6.97544 ], [ 12.86502, 6.97175 ], [ 12.85908, 6.97382 ], [ 12.8582, 6.9816 ], [ 12.84027, 6.99905 ], [ 12.83515, 7.03129 ], [ 12.82522, 7.02747 ], [ 12.81158, 7.03704 ], [ 12.79548, 7.00806 ], [ 12.77656, 6.99373 ], [ 12.75967, 6.99395 ], [ 12.75698, 7.00453 ], [ 12.74526, 7.01213 ], [ 12.72952, 6.99709 ], [ 12.71306, 6.99523 ], [ 12.7079, 6.99711 ], [ 12.70547, 7.01709 ], [ 12.68753, 7.02226 ], [ 12.67542, 7.01179 ], [ 12.65176, 7.01143 ], [ 12.64191, 7.03 ], [ 12.63484, 7.01889 ], [ 12.62671, 7.01466 ], [ 12.62823, 6.99899 ], [ 12.61633, 6.98349 ], [ 12.60823, 6.99751 ], [ 12.6076, 7.01534 ], [ 12.5999, 7.02188 ], [ 12.60195, 7.04302 ], [ 12.57997, 7.04201 ], [ 12.56683, 7.035 ], [ 12.5434, 7.05881 ], [ 12.52615, 7.04825 ], [ 12.53529, 7.04225 ], [ 12.53204, 7.02213 ], [ 12.54741, 7.01491 ], [ 12.55057, 7.00553 ], [ 12.54788, 6.98918 ], [ 12.53905, 6.98812 ], [ 12.53234, 6.99939 ], [ 12.52296, 6.99378 ], [ 12.50198, 6.99768 ], [ 12.44109, 6.88522 ], [ 12.42769, 6.89406 ], [ 12.40736, 6.88922 ], [ 12.38964, 6.89499 ], [ 12.38792, 6.88463 ], [ 12.38201, 6.88197 ], [ 12.3396, 6.87575 ], [ 12.32714, 6.8767 ], [ 12.32273, 6.88439 ], [ 12.30274, 6.89469 ], [ 12.27985, 6.91397 ], [ 12.26425, 6.93362 ], [ 12.23613, 6.95252 ], [ 12.23571, 6.9628 ], [ 12.22474, 6.97542 ], [ 12.21338, 6.98065 ], [ 12.2037, 6.97862 ], [ 12.2009, 6.98424 ], [ 12.19354, 6.98234 ], [ 12.19581, 6.95774 ], [ 12.17963, 6.95058 ], [ 12.1607, 6.9305 ], [ 12.14906, 6.93483 ], [ 12.1508, 6.92208 ], [ 12.14264, 6.91136 ], [ 12.14786, 6.9062 ], [ 12.15069, 6.87991 ], [ 12.15973, 6.87542 ], [ 12.15532, 6.85348 ], [ 12.15653, 6.83115 ], [ 12.14977, 6.82902 ], [ 12.13987, 6.80813 ], [ 12.13162, 6.80065 ], [ 12.11604, 6.81267 ], [ 12.08227, 6.79243 ], [ 12.06208, 6.79339 ], [ 12.06666, 6.77576 ], [ 12.07539, 6.77473 ], [ 12.08572, 6.74647 ], [ 12.06626, 6.74592 ], [ 12.03899, 6.7255 ], [ 12.0295, 6.70872 ], [ 12.02065, 6.7055 ], [ 12.02179, 6.69678 ], [ 12.02634, 6.69414 ], [ 12.0124, 6.67532 ], [ 12.01116, 6.6653 ], [ 12.02696, 6.65191 ], [ 12.02826, 6.63895 ], [ 12.04538, 6.63249 ], [ 12.04962, 6.61053 ], [ 12.06741, 6.61345 ], [ 12.06354, 6.61004 ], [ 12.0681, 6.60668 ], [ 12.0669, 6.60242 ], [ 12.07973, 6.58938 ], [ 12.0941, 6.58485 ], [ 12.08569, 6.56793 ], [ 12.12605, 6.5433 ], [ 12.14052, 6.54634 ], [ 12.14114, 6.53841 ], [ 12.15474, 6.52998 ], [ 12.15232, 6.52507 ], [ 12.16356, 6.51216 ], [ 12.15679, 6.51241 ], [ 12.15495, 6.50663 ], [ 12.13592, 6.49413 ], [ 12.1371, 6.4755 ], [ 12.1282, 6.45821 ], [ 12.13487, 6.45144 ], [ 12.12083, 6.45632 ], [ 12.11868, 6.4502 ], [ 12.12242, 6.44059 ], [ 12.11777, 6.43693 ], [ 12.10905, 6.44057 ], [ 12.09985, 6.42541 ], [ 12.09235, 6.41902 ], [ 12.08765, 6.42246 ], [ 12.08047, 6.408 ], [ 12.06123, 6.3963 ], [ 12.07399, 6.36103 ], [ 12.07942, 6.35823 ], [ 12.07019, 6.35086 ], [ 12.0665, 6.35539 ], [ 12.0559, 6.35455 ], [ 12.05628, 6.34838 ], [ 12.06405, 6.34506 ], [ 12.0795, 6.32514 ], [ 12.02126, 6.31051 ], [ 12.00851, 6.30202 ], [ 12.01019, 6.29593 ], [ 12.02452, 6.29042 ], [ 12.0248, 6.28521 ], [ 12.01096, 6.26105 ], [ 12.00264, 6.2574 ], [ 11.99649, 6.24736 ], [ 11.99786, 6.2401 ], [ 11.98956, 6.22521 ], [ 11.99311, 6.2129 ], [ 12.02842, 6.19316 ], [ 12.03174, 6.18607 ], [ 12.05453, 6.17206 ], [ 12.09391, 6.15424 ], [ 12.1343, 6.15807 ], [ 12.14424, 6.15271 ], [ 12.18443, 6.15345 ], [ 12.19731, 6.1813 ], [ 12.20449, 6.18506 ], [ 12.21103, 6.18652 ], [ 12.22424, 6.17955 ], [ 12.25726, 6.19296 ], [ 12.29509, 6.19802 ], [ 12.33221, 6.16094 ], [ 12.37832, 6.13511 ], [ 12.38705, 6.13408 ], [ 12.40132, 6.11544 ], [ 12.45862, 6.08741 ], [ 12.46473, 6.06369 ], [ 12.47688, 6.044 ], [ 12.48409, 6.03989 ], [ 12.49126, 6.04355 ], [ 12.49607, 6.03707 ], [ 12.50273, 6.00186 ], [ 13.35942, 6.00062 ] ] ] } },
{ "type": "Feature", "properties": { "GID_1": "CMR.1_1", "GID_2": "CMR.1.2_1", "NAME_1": "Adamaoua", "NAME_2": "Faro et Déo", "superficie_km2": 10457.7, "pop_worldpop_2025": 133281.0, "densite_wp_2025": 12.7 }, "geometry": { "type": "Polygon", "coordinates": [ [ [ 12.67273, 7.0113 ], [ 12.68753, 7.02226 ], [ 12.70547, 7.01709 ], [ 12.7079, 6.99711 ], [ 12.71306, 6.99523 ], [ 12.72952, 6.99709 ], [ 12.74526, 7.01213 ], [ 12.75698, 7.00453 ], [ 12.75967, 6.99395 ], [ 12.77656, 6.99373 ], [ 12.79548, 7.00806 ], [ 12.81158, 7.03704 ], [ 12.82522, 7.02747 ], [ 12.83515, 7.03129 ], [ 12.84027, 6.99905 ], [ 12.8582, 6.9816 ], [ 12.85908, 6.97382 ], [ 12.86502, 6.97175 ], [ 12.87219, 6.97544 ], [ 12.87665, 6.97192 ], [ 12.88107, 6.98433 ], [ 12.88829, 6.99035 ], [ 12.89108, 7.00612 ], [ 12.87446, 7.02589 ], [ 12.8643, 7.02457 ], [ 12.8626, 7.03031 ], [ 12.85097, 7.03498 ], [ 12.8401, 7.0514 ], [ 12.8423, 7.05916 ], [ 12.83609, 7.08591 ], [ 12.82221, 7.11215 ], [ 12.82402, 7.1355 ], [ 12.82807, 7.14056 ], [ 12.83329, 7.13746 ], [ 12.84384, 7.14143 ], [ 12.84687, 7.16015 ], [ 12.85733, 7.16508 ], [ 12.8624, 7.17709 ], [ 12.87225, 7.17578 ], [ 12.86836, 7.18695 ], [ 12.88098, 7.19197 ], [ 12.89285, 7.18859 ], [ 12.89911, 7.20245 ], [ 12.89338, 7.21241 ], [ 12.89783, 7.21859 ], [ 12.89315, 7.22648 ], [ 12.90612, 7.22734 ], [ 12.91087, 7.2372 ], [ 12.9204, 7.23748 ], [ 12.92533, 7.24462 ], [ 12.93583, 7.24211 ], [ 12.93241, 7.25552 ], [ 12.9364, 7.25802 ], [ 12.94651, 7.25207 ], [ 12.95369, 7.25794 ], [ 12.95262, 7.26385 ], [ 12.96784, 7.26192 ], [ 12.96975, 7.26673 ], [ 12.97513, 7.26211 ], [ 12.98105, 7.26382 ], [ 12.98132, 7.25734 ], [ 12.99099, 7.26018 ], [ 12.99887, 7.25238 ], [ 13.00965, 7.26003 ], [ 13.01176, 7.27115 ], [ 12.99965, 7.27557 ], [ 12.9964, 7.26932 ], [ 12.9858, 7.29278 ], [ 12.99548, 7.29522 ], [ 12.99608, 7.30426 ], [ 13.00309, 7.31341 ], [ 13.00039, 7.32555 ], [ 13.00703, 7.32457 ], [ 13.00174, 7.33959 ], [ 13.00557, 7.34261 ], [ 13.00409, 7.33811 ], [ 13.01172, 7.33694 ], [ 13.00805, 7.33884 ], [ 13.00977, 7.34341 ], [ 13.02602, 7.35026 ], [ 13.01536, 7.35638 ], [ 13.02251, 7.36979 ], [ 13.06084, 7.38105 ], [ 13.06693, 7.39043 ], [ 13.08231, 7.38876 ], [ 13.08479, 7.39818 ], [ 13.09562, 7.39517 ], [ 13.10105, 7.40353 ], [ 13.11824, 7.40234 ], [ 13.11767, 7.4087 ], [ 13.11207, 7.41047 ], [ 13.11558, 7.4184 ], [ 13.12358, 7.43073 ], [ 13.13419, 7.42316 ], [ 13.13487, 7.43294 ], [ 13.14159, 7.43327 ], [ 13.13861, 7.44411 ], [ 13.14754, 7.46357 ], [ 13.14579, 7.4776 ], [ 13.13267, 7.49769 ], [ 13.16203, 7.51785 ], [ 13.1623, 7.52498 ], [ 13.1664, 7.5223 ], [ 13.17317, 7.52689 ], [ 13.17425, 7.54027 ], [ 13.18618, 7.56316 ], [ 13.18182, 7.57124 ], [ 13.21359, 7.57503 ], [ 13.22689, 7.57119 ], [ 13.22958, 7.57576 ], [ 13.246, 7.57198 ], [ 13.24789, 7.58033 ], [ 13.24176, 7.5953 ], [ 13.24455, 7.60654 ], [ 13.22824, 7.61306 ], [ 13.22128, 7.60626 ], [ 13.22449, 7.60193 ], [ 13.21037, 7.60589 ], [ 13.18317, 7.60434 ], [ 13.15525, 7.59668 ], [ 13.14724, 7.6 ], [ 13.14059, 7.59462 ], [ 13.13748, 7.5999 ], [ 13.12707, 7.6022 ], [ 13.12262, 7.59747 ], [ 13.08958, 7.60504 ], [ 13.08085, 7.60292 ], [ 13.03669, 7.6297 ], [ 13.01687, 7.62902 ], [ 12.977, 7.64878 ], [ 12.90315, 7.66041 ], [ 12.89511, 7.6582 ], [ 12.89084, 7.66216 ], [ 12.8784, 7.66265 ], [ 12.87568, 7.66889 ], [ 12.87153, 7.66491 ], [ 12.84105, 7.66241 ], [ 12.79983, 7.66746 ], [ 12.78977, 7.67729 ], [ 12.78279, 7.6786 ], [ 12.77769, 7.68705 ], [ 12.76878, 7.68617 ], [ 12.74013, 7.6955 ], [ 12.73888, 7.71643 ], [ 12.73125, 7.7315 ], [ 12.70433, 7.71998 ], [ 12.69711, 7.72721 ], [ 12.67635, 7.72987 ], [ 12.65226, 7.74585 ], [ 12.63678, 7.75047 ], [ 12.63358, 7.76894 ], [ 12.64328, 7.78233 ], [ 12.63129, 7.82542 ], [ 12.65053, 7.85545 ], [ 12.65293, 7.86709 ], [ 12.6489, 7.87754 ], [ 12.63592, 7.88405 ], [ 12.62948, 7.90302 ], [ 12.62676, 7.93152 ], [ 12.5005, 7.9283 ], [ 12.48609, 7.92441 ], [ 12.47909, 7.93536 ], [ 12.44973, 7.95396 ], [ 12.43033, 7.97304 ], [ 12.42774, 7.98434 ], [ 12.41763, 7.99035 ], [ 12.39911, 8.02318 ], [ 12.38693, 8.03475 ], [ 12.38108, 8.03375 ], [ 12.36079, 8.05016 ], [ 12.34921, 8.0537 ], [ 12.32713, 8.07347 ], [ 12.32445, 8.0863 ], [ 12.29811, 8.10162 ], [ 12.28766, 8.11374 ], [ 12.27607, 8.1515 ], [ 12.28849, 8.1685 ], [ 12.29143, 8.1876 ], [ 12.2779, 8.17557 ], [ 12.25637, 8.17582 ], [ 12.24358, 8.16695 ], [ 12.24161, 8.14993 ], [ 12.22686, 8.13625 ], [ 12.22841, 8.12581 ], [ 12.2197, 8.12154 ], [ 12.21128, 8.10655 ], [ 12.21229, 8.07718 ], [ 12.21839, 8.06898 ], [ 12.2165, 8.03102 ], [ 12.22319, 8.01473 ], [ 12.22126, 8.0026 ], [ 12.20632, 7.97954 ], [ 12.20709, 7.97239 ], [ 12.18764, 7.95877 ], [ 12.188, 7.94332 ], [ 12.16729, 7.92552 ], [ 12.15916, 7.91397 ], [ 12.1553, 7.89747 ], [ 12.13218, 7.87022 ], [ 12.10807, 7.85551 ], [ 12.08848, 7.83642 ], [ 12.07646, 7.80511 ], [ 12.06331, 7.79483 ], [ 12.06302, 7.78067 ], [ 12.05247, 7.77255 ], [ 12.05531, 7.75718 ], [ 12.03188, 7.73021 ], [ 12.02699, 7.66526 ], [ 12.00776, 7.66188 ], [ 12.01883, 7.62236 ], [ 12.0154, 7.57358 ], [ 12.02108, 7.56038 ], [ 12.02051, 7.53973 ], [ 12.03434, 7.52111 ], [ 11.97404, 7.48735 ], [ 11.96535, 7.47404 ], [ 11.96232, 7.433 ], [ 11.94907, 7.43044 ], [ 11.94025, 7.41681 ], [ 11.94395, 7.39892 ], [ 11.93576, 7.37985 ], [ 11.91611, 7.3727 ], [ 11.90171, 7.34962 ], [ 11.89229, 7.34852 ], [ 11.88068, 7.30728 ], [ 11.83667, 7.25233 ], [ 11.81676, 7.24544 ], [ 11.81103, 7.22956 ], [ 11.87281, 7.22634 ], [ 11.87727, 7.23 ], [ 11.88761, 7.22196 ], [ 11.89548, 7.22715 ], [ 11.90407, 7.22142 ], [ 11.90778, 7.22496 ], [ 11.92515, 7.22535 ], [ 11.93182, 7.23939 ], [ 11.94097, 7.24681 ], [ 11.95886, 7.2506 ], [ 11.96574, 7.24919 ], [ 11.97186, 7.24172 ], [ 11.9911, 7.24509 ], [ 12.00217, 7.23348 ], [ 12.02416, 7.23049 ], [ 12.03971, 7.23735 ], [ 12.05024, 7.2578 ], [ 12.10516, 7.24426 ], [ 12.1195, 7.24489 ], [ 12.12663, 7.23099 ], [ 12.14425, 7.21721 ], [ 12.15277, 7.20129 ], [ 12.15293, 7.18954 ], [ 12.16947, 7.17373 ], [ 12.17914, 7.15056 ], [ 12.17942, 7.14134 ], [ 12.17084, 7.14063 ], [ 12.16935, 7.12492 ], [ 12.17274, 7.12285 ], [ 12.16798, 7.11265 ], [ 12.19706, 7.06361 ], [ 12.19682, 7.03239 ], [ 12.20828, 7.02279 ], [ 12.20744, 7.01817 ], [ 12.20333, 7.01816 ], [ 12.20623, 7.01415 ], [ 12.20163, 7.01237 ], [ 12.20559, 7.00158 ], [ 12.2009, 6.98424 ], [ 12.2037, 6.97862 ], [ 12.21338, 6.98065 ], [ 12.2264, 6.97411 ], [ 12.23571, 6.9628 ], [ 12.23613, 6.95252 ], [ 12.2521, 6.94411 ], [ 12.27985, 6.91397 ], [ 12.33074, 6.87546 ], [ 12.38201, 6.88197 ], [ 12.38792, 6.88463 ], [ 12.38964, 6.89499 ], [ 12.40736, 6.88922 ], [ 12.42769, 6.89406 ], [ 12.44109, 6.88522 ], [ 12.50198, 6.99768 ], [ 12.52296, 6.99378 ], [ 12.53234, 6.99939 ], [ 12.53905, 6.98812 ], [ 12.54788, 6.98918 ], [ 12.55057, 7.00553 ], [ 12.54741, 7.01491 ], [ 12.53204, 7.02213 ], [ 12.53529, 7.04225 ], [ 12.52615, 7.04825 ], [ 12.5434, 7.05881 ], [ 12.56683, 7.035 ], [ 12.57997, 7.04201 ], [ 12.60195, 7.04302 ], [ 12.5999, 7.02188 ], [ 12.6076, 7.01534 ], [ 12.60823, 6.99751 ], [ 12.61633, 6.98349 ], [ 12.62823, 6.99899 ], [ 12.62671, 7.01466 ], [ 12.63484, 7.01889 ], [ 12.64191, 7.03 ], [ 12.65176, 7.01143 ], [ 12.67273, 7.0113 ] ] ] } },
{ "type": "Feature", "properties": { "GID_1": "CMR.1_1", "GID_2": "CMR.1.3_1", "NAME_1": "Adamaoua", "NAME_2": "Mayo Banyo", "superficie_km2": 8559.1, "pop_worldpop_2025": 327895.0, "densite_wp_2025": 38.3 }, "geometry": { "type": "Polygon", "coordinates": [ [ [ 11.90244, 6.20633 ], [ 11.91075, 6.22291 ], [ 11.9194, 6.22233 ], [ 11.92722, 6.21521 ], [ 11.92938, 6.22086 ], [ 11.93847, 6.21931 ], [ 11.94407, 6.22564 ], [ 11.94375, 6.24748 ], [ 11.94801, 6.25108 ], [ 11.95904, 6.24916 ], [ 11.96279, 6.25639 ], [ 11.99259, 6.26126 ], [ 12.00675, 6.25775 ], [ 12.0248, 6.28521 ], [ 12.02452, 6.29042 ], [ 12.00844, 6.29822 ], [ 12.01316, 6.30642 ], [ 12.04182, 6.31305 ], [ 12.06987, 6.32537 ], [ 12.0795, 6.32514 ], [ 12.06405, 6.34506 ], [ 12.05628, 6.34838 ], [ 12.0559, 6.35455 ], [ 12.0665, 6.35539 ], [ 12.07019, 6.35086 ], [ 12.07942, 6.35823 ], [ 12.07399, 6.36103 ], [ 12.06123, 6.3963 ], [ 12.08047, 6.408 ], [ 12.08765, 6.42246 ], [ 12.09235, 6.41902 ], [ 12.09985, 6.42541 ], [ 12.10905, 6.44057 ], [ 12.11777, 6.43693 ], [ 12.12242, 6.44059 ], [ 12.11868, 6.4502 ], [ 12.12083, 6.45632 ], [ 12.13487, 6.45144 ], [ 12.1282, 6.45821 ], [ 12.1371, 6.4755 ], [ 12.13592, 6.49413 ], [ 12.15495, 6.50663 ], [ 12.15679, 6.51241 ], [ 12.16336, 6.51035 ], [ 12.15232, 6.52507 ], [ 12.15474, 6.52998 ], [ 12.14114, 6.53841 ], [ 12.14052, 6.54634 ], [ 12.12605, 6.5433 ], [ 12.08569, 6.56793 ], [ 12.0941, 6.58485 ], [ 12.07973, 6.58938 ], [ 12.0669, 6.60242 ], [ 12.0681, 6.60668 ], [ 12.06354, 6.61004 ], [ 12.06741, 6.61345 ], [ 12.04962, 6.61053 ], [ 12.04538, 6.63249 ], [ 12.02826, 6.63895 ], [ 12.02696, 6.65191 ], [ 12.01116, 6.6653 ], [ 12.0124, 6.67532 ], [ 12.02634, 6.69414 ], [ 12.02179, 6.69678 ], [ 12.02065, 6.7055 ], [ 12.0295, 6.70872 ], [ 12.03899, 6.7255 ], [ 12.06626, 6.74592 ], [ 12.08572, 6.74647 ], [ 12.07539, 6.77473 ], [ 12.06666, 6.77576 ], [ 12.06208, 6.79339 ], [ 12.08227, 6.79243 ], [ 12.11604, 6.81267 ], [ 12.13162, 6.80065 ], [ 12.13987, 6.80813 ], [ 12.14977, 6.82902 ], [ 12.15653, 6.83115 ], [ 12.15532, 6.85348 ], [ 12.15973, 6.87542 ], [ 12.15069, 6.87991 ], [ 12.14786, 6.9062 ], [ 12.14264, 6.91136 ], [ 12.1508, 6.92208 ], [ 12.14835, 6.93309 ], [ 12.1607, 6.9305 ], [ 12.17963, 6.95058 ], [ 12.19581, 6.95774 ], [ 12.19276, 6.97989 ], [ 12.20243, 6.98794 ], [ 12.20559, 7.00158 ], [ 12.20163, 7.01237 ], [ 12.20623, 7.01415 ], [ 12.20368, 7.01916 ], [ 12.20823, 7.01926 ], [ 12.20709, 7.02684 ], [ 12.20386, 7.02444 ], [ 12.19682, 7.03239 ], [ 12.19706, 7.06361 ], [ 12.16798, 7.11265 ], [ 12.17274, 7.12285 ], [ 12.16935, 7.12492 ], [ 12.17084, 7.14063 ], [ 12.17942, 7.14134 ], [ 12.17914, 7.15056 ], [ 12.16947, 7.17373 ], [ 12.15293, 7.18954 ], [ 12.15277, 7.20129 ], [ 12.14425, 7.21721 ], [ 12.12663, 7.23099 ], [ 12.1195, 7.24489 ], [ 12.10516, 7.24426 ], [ 12.05251, 7.25781 ], [ 12.04776, 7.25546 ], [ 12.03971, 7.23735 ], [ 12.02416, 7.23049 ], [ 12.00217, 7.23348 ], [ 11.9911, 7.24509 ], [ 11.97186, 7.24172 ], [ 11.96574, 7.24919 ], [ 11.95886, 7.2506 ], [ 11.94097, 7.24681 ], [ 11.92375, 7.22469 ], [ 11.90778, 7.22496 ], [ 11.90407, 7.22142 ], [ 11.89548, 7.22715 ], [ 11.88761, 7.22196 ], [ 11.87727, 7.23 ], [ 11.87281, 7.22634 ], [ 11.85329, 7.22659 ], [ 11.85314, 7.22089 ], [ 11.84099, 7.20996 ], [ 11.83482, 7.19116 ], [ 11.83577, 7.17664 ], [ 11.84494, 7.16526 ], [ 11.84294, 7.15364 ], [ 11.85299, 7.13858 ], [ 11.85363, 7.12951 ], [ 11.87327, 7.1084 ], [ 11.87113, 7.07944 ], [ 11.84968, 7.08948 ], [ 11.83651, 7.08673 ], [ 11.82686, 7.07303 ], [ 11.80686, 7.0814 ], [ 11.7772, 7.04842 ], [ 11.7329, 7.05772 ], [ 11.71663, 7.05267 ], [ 11.70992, 7.05535 ], [ 11.71027, 7.04283 ], [ 11.7171, 7.03159 ], [ 11.68572, 7.02129 ], [ 11.66921, 6.99849 ], [ 11.65624, 6.9965 ], [ 11.66044, 6.98855 ], [ 11.63655, 6.9885 ], [ 11.61924, 6.97612 ], [ 11.62493, 6.96915 ], [ 11.62306, 6.95044 ], [ 11.60659, 6.93505 ], [ 11.60663, 6.91123 ], [ 11.60114, 6.90752 ], [ 11.58325, 6.90884 ], [ 11.56429, 6.88795 ], [ 11.56467, 6.87574 ], [ 11.55337, 6.85917 ], [ 11.55475, 6.85129 ], [ 11.5682, 6.84987 ], [ 11.58088, 6.8395 ], [ 11.57945, 6.81746 ], [ 11.59133, 6.81433 ], [ 11.59247, 6.80426 ], [ 11.5973, 6.80183 ], [ 11.57157, 6.78513 ], [ 11.57074, 6.77228 ], [ 11.57729, 6.76568 ], [ 11.57634, 6.75972 ], [ 11.5858, 6.74059 ], [ 11.58381, 6.73331 ], [ 11.5738, 6.72942 ], [ 11.57604, 6.72486 ], [ 11.56001, 6.72414 ], [ 11.55147, 6.71582 ], [ 11.54858, 6.69423 ], [ 11.55387, 6.68396 ], [ 11.54865, 6.67721 ], [ 11.55605, 6.66769 ], [ 11.53367, 6.65411 ], [ 11.5373, 6.64926 ], [ 11.52576, 6.64505 ], [ 11.51991, 6.62889 ], [ 11.52204, 6.61897 ], [ 11.51225, 6.61629 ], [ 11.49659, 6.60074 ], [ 11.48428, 6.59922 ], [ 11.46395, 6.61129 ], [ 11.44832, 6.60069 ], [ 11.41887, 6.59721 ], [ 11.41744, 6.58871 ], [ 11.42666, 6.58205 ], [ 11.43254, 6.55465 ], [ 11.43209, 6.54485 ], [ 11.41938, 6.54171 ], [ 11.42599, 6.53185 ], [ 11.38654, 6.5278 ], [ 11.37981, 6.52057 ], [ 11.36567, 6.52773 ], [ 11.3565, 6.52568 ], [ 11.35085, 6.51497 ], [ 11.35717, 6.50516 ], [ 11.3509, 6.50001 ], [ 11.3376, 6.50788 ], [ 11.32897, 6.50512 ], [ 11.31558, 6.50875 ], [ 11.30885, 6.52051 ], [ 11.28017, 6.53859 ], [ 11.26683, 6.537 ], [ 11.25664, 6.52752 ], [ 11.24286, 6.52306 ], [ 11.23562, 6.53316 ], [ 11.22503, 6.53887 ], [ 11.20804, 6.53444 ], [ 11.19174, 6.53862 ], [ 11.19957, 6.51362 ], [ 11.19692, 6.50668 ], [ 11.20559, 6.48672 ], [ 11.19992, 6.47879 ], [ 11.20129, 6.46943 ], [ 11.19289, 6.45809 ], [ 11.19234, 6.44833 ], [ 11.20735, 6.43005 ], [ 11.19837, 6.39919 ], [ 11.20538, 6.39282 ], [ 11.19771, 6.36266 ], [ 11.20931, 6.34681 ], [ 11.20475, 6.33808 ], [ 11.20589, 6.32227 ], [ 11.18886, 6.31149 ], [ 11.18509, 6.30344 ], [ 11.18243, 6.26822 ], [ 11.19174, 6.25953 ], [ 11.21949, 6.25649 ], [ 11.23005, 6.25685 ], [ 11.24034, 6.26466 ], [ 11.24553, 6.25801 ], [ 11.2585, 6.25401 ], [ 11.26496, 6.25841 ], [ 11.27869, 6.24718 ], [ 11.29089, 6.25508 ], [ 11.30371, 6.24234 ], [ 11.29753, 6.23362 ], [ 11.30143, 6.22806 ], [ 11.29573, 6.21199 ], [ 11.27187, 6.20635 ], [ 11.26827, 6.18644 ], [ 11.27117, 6.18311 ], [ 11.26269, 6.17459 ], [ 11.26862, 6.17527 ], [ 11.28092, 6.15821 ], [ 11.27544, 6.14616 ], [ 11.2715, 6.14165 ], [ 11.26426, 6.14238 ], [ 11.26253, 6.13685 ], [ 11.27793, 6.11767 ], [ 11.27587, 6.1052 ], [ 11.27943, 6.0919 ], [ 11.28924, 6.08129 ], [ 11.28527, 6.07114 ], [ 11.28858, 6.06831 ], [ 11.29183, 6.07615 ], [ 11.29656, 6.07703 ], [ 11.30073, 6.06494 ], [ 11.29907, 6.05186 ], [ 11.30718, 6.04549 ], [ 11.30796, 6.03975 ], [ 11.29476, 6.03205 ], [ 11.2932, 6.01998 ], [ 11.27546, 6.00728 ], [ 11.27643, 6.00093 ], [ 11.26606, 5.99675 ], [ 11.26683, 5.98749 ], [ 11.26137, 5.98037 ], [ 11.26405, 5.97238 ], [ 11.29939, 5.98773 ], [ 11.30069, 5.97985 ], [ 11.30404, 5.98036 ], [ 11.31127, 5.99643 ], [ 11.32159, 5.99205 ], [ 11.32763, 5.99999 ], [ 11.33723, 5.99332 ], [ 11.36704, 6.00239 ], [ 11.37667, 6.00146 ], [ 11.38526, 6.0077 ], [ 11.39869, 6.0072 ], [ 11.43584, 6.01756 ], [ 11.45625, 6.0172 ], [ 11.46238, 6.02487 ], [ 11.49659, 6.03029 ], [ 11.5029, 6.03769 ], [ 11.52464, 6.04024 ], [ 11.53315, 6.04551 ], [ 11.54339, 6.04422 ], [ 11.54827, 6.0488 ], [ 11.55373, 6.04585 ], [ 11.57711, 6.05733 ], [ 11.59361, 6.05424 ], [ 11.60124, 6.06057 ], [ 11.60341, 6.07011 ], [ 11.61547, 6.06121 ], [ 11.62338, 6.07231 ], [ 11.64299, 6.07187 ], [ 11.65388, 6.07721 ], [ 11.66473, 6.07415 ], [ 11.66722, 6.07741 ], [ 11.66162, 6.08822 ], [ 11.67481, 6.09311 ], [ 11.67547, 6.10106 ], [ 11.68427, 6.1126 ], [ 11.69603, 6.1144 ], [ 11.69783, 6.12005 ], [ 11.70508, 6.12134 ], [ 11.70649, 6.13964 ], [ 11.71417, 6.13774 ], [ 11.73475, 6.154 ], [ 11.75482, 6.15752 ], [ 11.76317, 6.16552 ], [ 11.77367, 6.16343 ], [ 11.77591, 6.16943 ], [ 11.7877, 6.17662 ], [ 11.78969, 6.18572 ], [ 11.79648, 6.18338 ], [ 11.80155, 6.19025 ], [ 11.81553, 6.19478 ], [ 11.83504, 6.19087 ], [ 11.84083, 6.20066 ], [ 11.86164, 6.21 ], [ 11.87159, 6.20252 ], [ 11.90244, 6.20633 ] ] ] } },
{ "type": "Feature", "properties": { "GID_1": "CMR.1_1", "GID_2": "CMR.1.4_1", "NAME_1": "Adamaoua", "NAME_2": "Mbéré", "superficie_km2": 14545.4, "pop_worldpop_2025": 304946.0, "densite_wp_2025": 21.0 }, "geometry": { "type": "Polygon", "coordinates": [ [ [ 13.35963, 6.00171 ], [ 14.37995, 5.99998 ], [ 14.38019, 6.01413 ], [ 14.40458, 6.01441 ], [ 14.38245, 6.03606 ], [ 14.38648, 6.05951 ], [ 14.39818, 6.06124 ], [ 14.40026, 6.05445 ], [ 14.40754, 6.05499 ], [ 14.41774, 6.04179 ], [ 14.42587, 6.07598 ], [ 14.42319, 6.07933 ], [ 14.43738, 6.08088 ], [ 14.44715, 6.0888 ], [ 14.47011, 6.09412 ], [ 14.48629, 6.11484 ], [ 14.50804, 6.1282 ], [ 14.51271, 6.14355 ], [ 14.53144, 6.16588 ], [ 14.56302, 6.19111 ], [ 14.59235, 6.1975 ], [ 14.73976, 6.25089 ], [ 14.81282, 6.36413 ], [ 14.8014, 6.40112 ], [ 14.85096, 6.49262 ], [ 14.96164, 6.74987 ], [ 15.00988, 6.76359 ], [ 15.01612, 6.76937 ], [ 15.04514, 6.76193 ], [ 15.0607, 6.7784 ], [ 15.0681, 6.81492 ], [ 15.10582, 6.88718 ], [ 15.11446, 6.91499 ], [ 15.12862, 6.93832 ], [ 15.13898, 6.94349 ], [ 15.13298, 6.97062 ], [ 15.13638, 6.99802 ], [ 15.14266, 7.00292 ], [ 15.14447, 7.02708 ], [ 15.15981, 7.04578 ], [ 15.16016, 7.05869 ], [ 15.16866, 7.07352 ], [ 15.17253, 7.06945 ], [ 15.17647, 7.07248 ], [ 15.18877, 7.06737 ], [ 15.19402, 7.07296 ], [ 15.19265, 7.08594 ], [ 15.21235, 7.12148 ], [ 15.22348, 7.12672 ], [ 15.22176, 7.14018 ], [ 15.21174, 7.14674 ], [ 15.20851, 7.17649 ], [ 15.23389, 7.21644 ], [ 15.22201, 7.22439 ], [ 15.21302, 7.2248 ], [ 15.20192, 7.21224 ], [ 15.18523, 7.20418 ], [ 15.17766, 7.19467 ], [ 15.1627, 7.18821 ], [ 15.11845, 7.1511 ], [ 15.11007, 7.15131 ], [ 15.1032, 7.1436 ], [ 15.10255, 7.15912 ], [ 15.08719, 7.16571 ], [ 15.07937, 7.17943 ], [ 15.06708, 7.17987 ], [ 15.06004, 7.18873 ], [ 15.05479, 7.18775 ], [ 14.99531, 7.13826 ], [ 14.97823, 7.13676 ], [ 14.93311, 7.11268 ], [ 14.89325, 7.1051 ], [ 14.87119, 7.07985 ], [ 14.83417, 7.08565 ], [ 14.81587, 7.07855 ], [ 14.79064, 7.05886 ], [ 14.77324, 7.05498 ], [ 14.76533, 7.04041 ], [ 14.72565, 7.02356 ], [ 14.65194, 7.01616 ], [ 14.645, 7.02597 ], [ 14.65554, 7.04594 ], [ 14.64679, 7.05558 ], [ 14.64614, 7.06483 ], [ 14.62351, 7.07073 ], [ 14.60068, 7.06786 ], [ 14.58779, 7.07468 ], [ 14.57937, 7.06468 ], [ 14.56353, 7.05668 ], [ 14.58369, 7.04707 ], [ 14.58409, 7.04085 ], [ 14.60243, 7.04199 ], [ 14.60258, 7.01736 ], [ 14.60842, 7.00816 ], [ 14.61919, 7.01474 ], [ 14.62611, 7.01215 ], [ 14.62535, 6.99098 ], [ 14.63391, 6.98317 ], [ 14.651, 6.98089 ], [ 14.66294, 6.96564 ], [ 14.67324, 6.96319 ], [ 14.67731, 6.95459 ], [ 14.6659, 6.94828 ], [ 14.64043, 6.94588 ], [ 14.6234, 6.93822 ], [ 14.61951, 6.92927 ], [ 14.63115, 6.92051 ], [ 14.64179, 6.92052 ], [ 14.63747, 6.9133 ], [ 14.64024, 6.9108 ], [ 14.63566, 6.90466 ], [ 14.62939, 6.90457 ], [ 14.63164, 6.89822 ], [ 14.62417, 6.88961 ], [ 14.60865, 6.88325 ], [ 14.60716, 6.86255 ], [ 14.61066, 6.85776 ], [ 14.59662, 6.85373 ], [ 14.58258, 6.84352 ], [ 14.5681, 6.84121 ], [ 14.56818, 6.84601 ], [ 14.56316, 6.84505 ], [ 14.55788, 6.85015 ], [ 14.55589, 6.85909 ], [ 14.54417, 6.86414 ], [ 14.54235, 6.86906 ], [ 14.53751, 6.86836 ], [ 14.53444, 6.8627 ], [ 14.51945, 6.85495 ], [ 14.51859, 6.84739 ], [ 14.51465, 6.85387 ], [ 14.50267, 6.85748 ], [ 14.4939, 6.8525 ], [ 14.49559, 6.84736 ], [ 14.49684, 6.85091 ], [ 14.4997, 6.8475 ], [ 14.48756, 6.84148 ], [ 14.46892, 6.84695 ], [ 14.46957, 6.84237 ], [ 14.45634, 6.84054 ], [ 14.45605, 6.83566 ], [ 14.44624, 6.83348 ], [ 14.44728, 6.82575 ], [ 14.44318, 6.81849 ], [ 14.43942, 6.81987 ], [ 14.44025, 6.81594 ], [ 14.42257, 6.81678 ], [ 14.41838, 6.81142 ], [ 14.41388, 6.81305 ], [ 14.41454, 6.80847 ], [ 14.40857, 6.81037 ], [ 14.40879, 6.807 ], [ 14.40179, 6.80569 ], [ 14.40123, 6.80042 ], [ 14.39548, 6.8024 ], [ 14.39742, 6.80867 ], [ 14.39196, 6.8202 ], [ 14.39657, 6.82634 ], [ 14.39463, 6.82953 ], [ 14.38468, 6.82922 ], [ 14.38101, 6.82485 ], [ 14.37149, 6.8327 ], [ 14.35576, 6.83069 ], [ 14.35013, 6.83686 ], [ 14.33514, 6.82812 ], [ 14.3214, 6.8545 ], [ 14.30291, 6.84851 ], [ 14.30266, 6.8444 ], [ 14.29328, 6.84378 ], [ 14.277, 6.83214 ], [ 14.25184, 6.85923 ], [ 14.23662, 6.85925 ], [ 14.22831, 6.86632 ], [ 14.20839, 6.8643 ], [ 14.1874, 6.87347 ], [ 14.17232, 6.87323 ], [ 14.15617, 6.85851 ], [ 14.14723, 6.85694 ], [ 14.14318, 6.84851 ], [ 14.03478, 6.77609 ], [ 14.0164, 6.75836 ], [ 14.00107, 6.73154 ], [ 13.95568, 6.74143 ], [ 13.94748, 6.75489 ], [ 13.92769, 6.77204 ], [ 13.92005, 6.78857 ], [ 13.91967, 6.80036 ], [ 13.9124, 6.8073 ], [ 13.89948, 6.80602 ], [ 13.89336, 6.79762 ], [ 13.88514, 6.79977 ], [ 13.8779, 6.79357 ], [ 13.87266, 6.79503 ], [ 13.86755, 6.78409 ], [ 13.85834, 6.78584 ], [ 13.84936, 6.7799 ], [ 13.84748, 6.77095 ], [ 13.85778, 6.76365 ], [ 13.86448, 6.74682 ], [ 13.87748, 6.73186 ], [ 13.88298, 6.70651 ], [ 13.89487, 6.70278 ], [ 13.9033, 6.68193 ], [ 13.91299, 6.67672 ], [ 13.90587, 6.672 ], [ 13.90598, 6.66072 ], [ 13.89732, 6.65284 ], [ 13.8992, 6.642 ], [ 13.87946, 6.6385 ], [ 13.87098, 6.6269 ], [ 13.85098, 6.62189 ], [ 13.85213, 6.61096 ], [ 13.85952, 6.6099 ], [ 13.8556, 6.60648 ], [ 13.85585, 6.59058 ], [ 13.8479, 6.59285 ], [ 13.83832, 6.58682 ], [ 13.82311, 6.58796 ], [ 13.80828, 6.57617 ], [ 13.80793, 6.56023 ], [ 13.80122, 6.56384 ], [ 13.79441, 6.55963 ], [ 13.79179, 6.55211 ], [ 13.79639, 6.54439 ], [ 13.79097, 6.53517 ], [ 13.78147, 6.53187 ], [ 13.77062, 6.53422 ], [ 13.75831, 6.51712 ], [ 13.74782, 6.5152 ], [ 13.73941, 6.52779 ], [ 13.7345, 6.5216 ], [ 13.71232, 6.532 ], [ 13.7084, 6.52482 ], [ 13.70084, 6.52609 ], [ 13.69511, 6.51956 ], [ 13.68975, 6.52434 ], [ 13.68413, 6.52316 ], [ 13.68217, 6.53084 ], [ 13.66521, 6.52375 ], [ 13.66497, 6.53365 ], [ 13.65422, 6.53236 ], [ 13.64472, 6.54603 ], [ 13.63885, 6.54671 ], [ 13.63597, 6.54048 ], [ 13.62456, 6.54339 ], [ 13.61963, 6.54527 ], [ 13.61844, 6.55499 ], [ 13.61412, 6.55403 ], [ 13.61301, 6.5478 ], [ 13.60563, 6.54787 ], [ 13.61302, 6.56003 ], [ 13.60002, 6.56116 ], [ 13.5976, 6.57817 ], [ 13.59296, 6.58239 ], [ 13.59649, 6.58862 ], [ 13.58512, 6.5898 ], [ 13.57992, 6.58274 ], [ 13.57382, 6.58437 ], [ 13.57932, 6.57929 ], [ 13.57375, 6.5772 ], [ 13.56204, 6.59397 ], [ 13.55466, 6.5917 ], [ 13.55257, 6.58318 ], [ 13.54227, 6.57426 ], [ 13.53, 6.59197 ], [ 13.54074, 6.59555 ], [ 13.54309, 6.60644 ], [ 13.53713, 6.61783 ], [ 13.52454, 6.62673 ], [ 13.50809, 6.62158 ], [ 13.50665, 6.5992 ], [ 13.49645, 6.59982 ], [ 13.48683, 6.60943 ], [ 13.48136, 6.6066 ], [ 13.47764, 6.59398 ], [ 13.46909, 6.59339 ], [ 13.45845, 6.60908 ], [ 13.44696, 6.60999 ], [ 13.4412, 6.62842 ], [ 13.44642, 6.63228 ], [ 13.4364, 6.64404 ], [ 13.42548, 6.64003 ], [ 13.40564, 6.64433 ], [ 13.40124, 6.6341 ], [ 13.40915, 6.63314 ], [ 13.41897, 6.61419 ], [ 13.40719, 6.60726 ], [ 13.40124, 6.59461 ], [ 13.39077, 6.5929 ], [ 13.37751, 6.58112 ], [ 13.36555, 6.57683 ], [ 13.35822, 6.56849 ], [ 13.357, 6.55765 ], [ 13.34408, 6.54229 ], [ 13.33008, 6.53337 ], [ 13.32384, 6.51934 ], [ 13.30127, 6.5022 ], [ 13.28084, 6.45304 ], [ 13.29472, 6.41968 ], [ 13.30449, 6.41558 ], [ 13.30332, 6.40618 ], [ 13.30935, 6.39429 ], [ 13.3187, 6.39148 ], [ 13.33586, 6.35827 ], [ 13.32588, 6.35345 ], [ 13.32872, 6.32616 ], [ 13.3259, 6.30956 ], [ 13.33377, 6.28157 ], [ 13.33364, 6.26636 ], [ 13.32815, 6.26048 ], [ 13.33599, 6.24021 ], [ 13.33435, 6.22984 ], [ 13.34304, 6.22436 ], [ 13.3529, 6.20937 ], [ 13.34622, 6.20264 ], [ 13.35079, 6.19697 ], [ 13.34676, 6.18205 ], [ 13.34883, 6.17295 ], [ 13.33152, 6.16027 ], [ 13.33129, 6.15619 ], [ 13.34747, 6.14738 ], [ 13.35139, 6.13614 ], [ 13.35845, 6.13598 ], [ 13.36727, 6.12637 ], [ 13.36507, 6.12259 ], [ 13.37034, 6.12207 ], [ 13.37157, 6.10974 ], [ 13.39016, 6.09291 ], [ 13.38995, 6.08483 ], [ 13.39414, 6.08185 ], [ 13.38925, 6.0783 ], [ 13.39144, 6.06747 ], [ 13.38522, 6.06506 ], [ 13.37804, 6.06815 ], [ 13.37944, 6.06019 ], [ 13.37138, 6.05508 ], [ 13.35963, 6.00171 ] ] ] } },
{ "type": "Feature", "properties": { "GID_1": "CMR.1_1", "GID_2": "CMR.1.5_1", "NAME_1": "Adamaoua", "NAME_2": "Vina", "superficie_km2": 17208.5, "pop_worldpop_2025": 558913.0, "densite_wp_2025": 32.5 }, "geometry": { "type": "Polygon", "coordinates": [ [ [ 14.15268, 6.8563 ], [ 14.16912, 6.8715 ], [ 14.17958, 6.87436 ], [ 14.20839, 6.8643 ], [ 14.22831, 6.86632 ], [ 14.23662, 6.85925 ], [ 14.25521, 6.85742 ], [ 14.277, 6.83214 ], [ 14.29328, 6.84378 ], [ 14.30266, 6.8444 ], [ 14.30291, 6.84851 ], [ 14.3214, 6.8545 ], [ 14.33514, 6.82812 ], [ 14.35013, 6.83686 ], [ 14.35576, 6.83069 ], [ 14.37149, 6.8327 ], [ 14.38101, 6.82485 ], [ 14.38468, 6.82922 ], [ 14.39463, 6.82953 ], [ 14.39657, 6.82634 ], [ 14.39196, 6.8202 ], [ 14.39742, 6.80867 ], [ 14.39548, 6.8024 ], [ 14.40123, 6.80042 ], [ 14.40179, 6.80569 ], [ 14.40879, 6.807 ], [ 14.40857, 6.81037 ], [ 14.41454, 6.80847 ], [ 14.41388, 6.81305 ], [ 14.41838, 6.81142 ], [ 14.42257, 6.81678 ], [ 14.44025, 6.81594 ], [ 14.43942, 6.81987 ], [ 14.44318, 6.81849 ], [ 14.44728, 6.82575 ], [ 14.44624, 6.83348 ], [ 14.45605, 6.83566 ], [ 14.45634, 6.84054 ], [ 14.46957, 6.84237 ], [ 14.46892, 6.84695 ], [ 14.48756, 6.84148 ], [ 14.4997, 6.8475 ], [ 14.49684, 6.85091 ], [ 14.49559, 6.84736 ], [ 14.4939, 6.8525 ], [ 14.50267, 6.85748 ], [ 14.51465, 6.85387 ], [ 14.51859, 6.84739 ], [ 14.51945, 6.85495 ], [ 14.53444, 6.8627 ], [ 14.53751, 6.86836 ], [ 14.54235, 6.86906 ], [ 14.54417, 6.86414 ], [ 14.55589, 6.85909 ], [ 14.55788, 6.85015 ], [ 14.56316, 6.84505 ], [ 14.56818, 6.84601 ], [ 14.56896, 6.841 ], [ 14.60755, 6.85525 ], [ 14.61097, 6.85866 ], [ 14.60725, 6.8616 ], [ 14.60865, 6.88325 ], [ 14.62875, 6.89389 ], [ 14.63182, 6.89882 ], [ 14.62939, 6.90457 ], [ 14.63566, 6.90466 ], [ 14.64227, 6.91888 ], [ 14.62246, 6.9247 ], [ 14.61951, 6.92927 ], [ 14.6234, 6.93822 ], [ 14.64043, 6.94588 ], [ 14.6659, 6.94828 ], [ 14.67731, 6.95459 ], [ 14.67324, 6.96319 ], [ 14.66294, 6.96564 ], [ 14.651, 6.98089 ], [ 14.63391, 6.98317 ], [ 14.62535, 6.99098 ], [ 14.62611, 7.01215 ], [ 14.61919, 7.01474 ], [ 14.60842, 7.00816 ], [ 14.60258, 7.01736 ], [ 14.60243, 7.04199 ], [ 14.58409, 7.04085 ], [ 14.58369, 7.04707 ], [ 14.56353, 7.05668 ], [ 14.57281, 7.06686 ], [ 14.56913, 7.06986 ], [ 14.56935, 7.08015 ], [ 14.55761, 7.09563 ], [ 14.5462, 7.09882 ], [ 14.54122, 7.10517 ], [ 14.53985, 7.11833 ], [ 14.53113, 7.12311 ], [ 14.53349, 7.12899 ], [ 14.52088, 7.13514 ], [ 14.51889, 7.15213 ], [ 14.52262, 7.15332 ], [ 14.52223, 7.16029 ], [ 14.51097, 7.16004 ], [ 14.50706, 7.15294 ], [ 14.49977, 7.1576 ], [ 14.49675, 7.15221 ], [ 14.48604, 7.15005 ], [ 14.4574, 7.15687 ], [ 14.4433, 7.1516 ], [ 14.43875, 7.16205 ], [ 14.43183, 7.16594 ], [ 14.40441, 7.1472 ], [ 14.39879, 7.14765 ], [ 14.39182, 7.15555 ], [ 14.38488, 7.15029 ], [ 14.37692, 7.15496 ], [ 14.35316, 7.15533 ], [ 14.34141, 7.16252 ], [ 14.32186, 7.16428 ], [ 14.33268, 7.19161 ], [ 14.35401, 7.19498 ], [ 14.36196, 7.21366 ], [ 14.3527, 7.23789 ], [ 14.35724, 7.25042 ], [ 14.35386, 7.27153 ], [ 14.33284, 7.27826 ], [ 14.34222, 7.29626 ], [ 14.34165, 7.30428 ], [ 14.31356, 7.3109 ], [ 14.30488, 7.30376 ], [ 14.2946, 7.31427 ], [ 14.27938, 7.31922 ], [ 14.28063, 7.32835 ], [ 14.24587, 7.35269 ], [ 14.24414, 7.36759 ], [ 14.23573, 7.37522 ], [ 14.24194, 7.39164 ], [ 14.21598, 7.4012 ], [ 14.22028, 7.43385 ], [ 14.21368, 7.457 ], [ 14.18264, 7.45823 ], [ 14.17499, 7.47329 ], [ 14.16314, 7.47314 ], [ 14.16061, 7.47803 ], [ 14.14482, 7.48375 ], [ 14.13231, 7.50869 ], [ 14.13656, 7.55269 ], [ 14.12564, 7.56703 ], [ 14.11259, 7.57081 ], [ 14.09273, 7.55597 ], [ 14.08373, 7.55475 ], [ 14.05971, 7.56037 ], [ 14.03378, 7.55752 ], [ 14.03239, 7.56106 ], [ 14.02299, 7.55822 ], [ 14.02438, 7.55477 ], [ 14.01196, 7.5552 ], [ 14.00617, 7.5504 ], [ 13.99691, 7.55966 ], [ 13.99212, 7.55895 ], [ 13.98039, 7.57778 ], [ 13.95144, 7.57926 ], [ 13.93085, 7.59218 ], [ 13.91427, 7.58865 ], [ 13.88941, 7.60534 ], [ 13.88245, 7.61562 ], [ 13.87424, 7.61686 ], [ 13.87274, 7.62785 ], [ 13.88792, 7.64227 ], [ 13.89175, 7.65177 ], [ 13.88407, 7.66569 ], [ 13.87308, 7.67459 ], [ 13.88556, 7.69496 ], [ 13.88072, 7.69845 ], [ 13.88356, 7.70452 ], [ 13.86069, 7.71155 ], [ 13.84068, 7.72666 ], [ 13.84018, 7.73287 ], [ 13.83056, 7.73689 ], [ 13.82551, 7.7463 ], [ 13.80457, 7.74682 ], [ 13.79293, 7.75821 ], [ 13.7869, 7.75809 ], [ 13.78199, 7.77245 ], [ 13.77336, 7.77913 ], [ 13.77517, 7.78656 ], [ 13.76498, 7.79917 ], [ 13.76763, 7.80487 ], [ 13.7644, 7.81521 ], [ 13.73865, 7.84775 ], [ 13.73419, 7.85992 ], [ 13.7447, 7.88355 ], [ 13.74092, 7.90411 ], [ 13.74426, 7.91209 ], [ 13.72445, 7.92882 ], [ 13.71593, 7.92892 ], [ 13.71056, 7.93604 ], [ 13.7141, 7.94468 ], [ 13.69919, 7.9542 ], [ 13.69951, 7.95763 ], [ 13.68706, 7.94804 ], [ 13.68371, 7.94016 ], [ 13.66494, 7.93045 ], [ 13.64551, 7.93038 ], [ 13.63279, 7.92336 ], [ 13.62086, 7.92646 ], [ 13.59755, 7.92166 ], [ 13.58879, 7.92614 ], [ 13.57297, 7.90627 ], [ 13.50692, 7.92351 ], [ 13.45804, 7.90991 ], [ 13.4408, 7.90904 ], [ 13.42136, 7.91765 ], [ 13.42576, 7.94385 ], [ 13.41272, 7.9606 ], [ 13.36514, 7.96998 ], [ 13.35473, 7.96436 ], [ 13.34347, 7.96744 ], [ 13.33874, 7.97341 ], [ 13.32754, 7.97362 ], [ 13.33548, 7.95454 ], [ 13.35194, 7.94511 ], [ 13.35614, 7.93418 ], [ 13.34118, 7.92317 ], [ 13.33926, 7.91307 ], [ 13.32582, 7.90118 ], [ 13.32792, 7.89066 ], [ 13.34038, 7.8742 ], [ 13.34157, 7.85949 ], [ 13.32931, 7.84978 ], [ 13.32904, 7.84253 ], [ 13.30967, 7.82115 ], [ 13.3006, 7.82325 ], [ 13.29442, 7.81835 ], [ 13.30192, 7.8029 ], [ 13.29963, 7.79366 ], [ 13.30616, 7.78624 ], [ 13.30522, 7.779 ], [ 13.2983, 7.77573 ], [ 13.28392, 7.75535 ], [ 13.29548, 7.74349 ], [ 13.28931, 7.73935 ], [ 13.28788, 7.7301 ], [ 13.29376, 7.72508 ], [ 13.28659, 7.71598 ], [ 13.28384, 7.70026 ], [ 13.27552, 7.70072 ], [ 13.25762, 7.69021 ], [ 13.25934, 7.68103 ], [ 13.25194, 7.66792 ], [ 13.25261, 7.6493 ], [ 13.25407, 7.63219 ], [ 13.2605, 7.62449 ], [ 13.24156, 7.60021 ], [ 13.24257, 7.58738 ], [ 13.24789, 7.58033 ], [ 13.246, 7.57198 ], [ 13.22958, 7.57576 ], [ 13.22689, 7.57119 ], [ 13.21359, 7.57503 ], [ 13.18182, 7.57124 ], [ 13.18618, 7.56316 ], [ 13.17425, 7.54027 ], [ 13.17317, 7.52689 ], [ 13.1664, 7.5223 ], [ 13.1623, 7.52498 ], [ 13.16203, 7.51785 ], [ 13.13267, 7.49769 ], [ 13.14579, 7.4776 ], [ 13.14754, 7.46357 ], [ 13.13861, 7.44411 ], [ 13.14159, 7.43327 ], [ 13.13487, 7.43294 ], [ 13.13419, 7.42316 ], [ 13.12358, 7.43073 ], [ 13.11558, 7.4184 ], [ 13.11207, 7.41047 ], [ 13.11767, 7.4087 ], [ 13.11877, 7.40295 ], [ 13.10105, 7.40353 ], [ 13.09562, 7.39517 ], [ 13.08479, 7.39818 ], [ 13.08231, 7.38876 ], [ 13.06693, 7.39043 ], [ 13.06084, 7.38105 ], [ 13.02251, 7.36979 ], [ 13.01536, 7.35638 ], [ 13.02602, 7.35026 ], [ 13.00977, 7.34341 ], [ 13.00805, 7.33884 ], [ 13.01172, 7.33694 ], [ 13.00409, 7.33811 ], [ 13.00557, 7.34261 ], [ 13.00174, 7.33959 ], [ 13.00703, 7.32457 ], [ 13.00039, 7.32555 ], [ 13.00309, 7.31341 ], [ 12.99608, 7.30426 ], [ 12.99548, 7.29522 ], [ 12.9858, 7.29278 ], [ 12.9964, 7.26932 ], [ 12.99965, 7.27557 ], [ 13.01362, 7.26804 ], [ 13.00535, 7.25521 ], [ 12.99527, 7.25349 ], [ 12.99099, 7.26018 ], [ 12.98132, 7.25734 ], [ 12.98105, 7.26382 ], [ 12.97513, 7.26211 ], [ 12.96975, 7.26673 ], [ 12.96784, 7.26192 ], [ 12.95262, 7.26385 ], [ 12.95369, 7.25794 ], [ 12.94651, 7.25207 ], [ 12.9364, 7.25802 ], [ 12.93241, 7.25552 ], [ 12.93583, 7.24211 ], [ 12.92533, 7.24462 ], [ 12.9204, 7.23748 ], [ 12.91087, 7.2372 ], [ 12.90612, 7.22734 ], [ 12.89315, 7.22648 ], [ 12.89783, 7.21859 ], [ 12.89338, 7.21241 ], [ 12.89911, 7.20245 ], [ 12.89285, 7.18859 ], [ 12.88098, 7.19197 ], [ 12.86836, 7.18695 ], [ 12.87225, 7.17578 ], [ 12.8624, 7.17709 ], [ 12.85733, 7.16508 ], [ 12.84687, 7.16015 ], [ 12.84384, 7.14143 ], [ 12.83329, 7.13746 ], [ 12.82807, 7.14056 ], [ 12.82402, 7.1355 ], [ 12.82221, 7.11215 ], [ 12.83609, 7.08591 ], [ 12.8423, 7.05916 ], [ 12.8401, 7.0514 ], [ 12.85097, 7.03498 ], [ 12.8626, 7.03031 ], [ 12.8643, 7.02457 ], [ 12.87446, 7.02589 ], [ 12.89108, 7.00612 ], [ 12.88829, 6.99035 ], [ 12.87733, 6.97687 ], [ 12.87653, 6.96034 ], [ 12.89007, 6.94173 ], [ 12.8934, 6.90276 ], [ 12.91272, 6.87075 ], [ 12.9092, 6.85633 ], [ 12.89272, 6.83515 ], [ 12.89226, 6.8115 ], [ 12.87293, 6.78356 ], [ 12.87603, 6.77056 ], [ 12.89309, 6.77226 ], [ 12.91772, 6.76592 ], [ 12.92436, 6.77906 ], [ 12.93624, 6.78059 ], [ 12.93915, 6.7895 ], [ 12.95413, 6.80273 ], [ 12.95605, 6.81242 ], [ 12.97848, 6.82157 ], [ 12.99986, 6.84121 ], [ 13.00506, 6.83792 ], [ 13.04823, 6.84185 ], [ 13.05908, 6.81305 ], [ 13.07197, 6.81565 ], [ 13.08148, 6.81103 ], [ 13.09617, 6.81433 ], [ 13.14572, 6.78978 ], [ 13.16039, 6.79232 ], [ 13.17807, 6.78099 ], [ 13.18305, 6.76932 ], [ 13.19669, 6.77526 ], [ 13.20442, 6.76823 ], [ 13.22098, 6.76789 ], [ 13.22904, 6.77056 ], [ 13.24455, 6.78615 ], [ 13.25097, 6.78581 ], [ 13.2543, 6.77643 ], [ 13.26633, 6.77651 ], [ 13.27224, 6.75967 ], [ 13.31432, 6.74602 ], [ 13.34372, 6.74408 ], [ 13.34385, 6.74064 ], [ 13.33644, 6.74029 ], [ 13.34605, 6.73291 ], [ 13.34332, 6.72828 ], [ 13.34971, 6.72744 ], [ 13.34986, 6.72044 ], [ 13.35989, 6.71842 ], [ 13.35325, 6.68406 ], [ 13.36177, 6.68478 ], [ 13.36743, 6.68058 ], [ 13.36682, 6.66744 ], [ 13.37531, 6.65923 ], [ 13.37325, 6.64996 ], [ 13.37779, 6.64142 ], [ 13.39249, 6.63913 ], [ 13.3991, 6.63162 ], [ 13.40704, 6.64084 ], [ 13.40564, 6.64433 ], [ 13.42548, 6.64003 ], [ 13.4364, 6.64404 ], [ 13.44642, 6.63228 ], [ 13.4412, 6.62842 ], [ 13.44696, 6.60999 ], [ 13.45845, 6.60908 ], [ 13.46909, 6.59339 ], [ 13.47764, 6.59398 ], [ 13.48136, 6.6066 ], [ 13.48683, 6.60943 ], [ 13.49645, 6.59982 ], [ 13.50665, 6.5992 ], [ 13.50809, 6.62158 ], [ 13.52454, 6.62673 ], [ 13.53713, 6.61783 ], [ 13.54309, 6.60644 ], [ 13.54074, 6.59555 ], [ 13.53, 6.59197 ], [ 13.54227, 6.57426 ], [ 13.55257, 6.58318 ], [ 13.55466, 6.5917 ], [ 13.56204, 6.59397 ], [ 13.57375, 6.5772 ], [ 13.57932, 6.57929 ], [ 13.57382, 6.58437 ], [ 13.57992, 6.58274 ], [ 13.58512, 6.5898 ], [ 13.59649, 6.58862 ], [ 13.59296, 6.58239 ], [ 13.5976, 6.57817 ], [ 13.60002, 6.56116 ], [ 13.61302, 6.56003 ], [ 13.60563, 6.54787 ], [ 13.61301, 6.5478 ], [ 13.61412, 6.55403 ], [ 13.61844, 6.55499 ], [ 13.61963, 6.54527 ], [ 13.62456, 6.54339 ], [ 13.63597, 6.54048 ], [ 13.63885, 6.54671 ], [ 13.64472, 6.54603 ], [ 13.65422, 6.53236 ], [ 13.66497, 6.53365 ], [ 13.66521, 6.52375 ], [ 13.68053, 6.53101 ], [ 13.68413, 6.52316 ], [ 13.68975, 6.52434 ], [ 13.69382, 6.51955 ], [ 13.70084, 6.52609 ], [ 13.7084, 6.52482 ], [ 13.71232, 6.532 ], [ 13.7345, 6.5216 ], [ 13.73941, 6.52779 ], [ 13.74782, 6.5152 ], [ 13.76474, 6.52224 ], [ 13.77062, 6.53422 ], [ 13.78147, 6.53187 ], [ 13.79097, 6.53517 ], [ 13.79639, 6.54439 ], [ 13.79179, 6.55211 ], [ 13.79441, 6.55963 ], [ 13.80122, 6.56384 ], [ 13.80793, 6.56023 ], [ 13.80828, 6.57617 ], [ 13.82311, 6.58796 ], [ 13.83832, 6.58682 ], [ 13.8479, 6.59285 ], [ 13.85585, 6.59058 ], [ 13.8556, 6.60648 ], [ 13.85952, 6.6099 ], [ 13.85213, 6.61096 ], [ 13.85098, 6.62189 ], [ 13.87098, 6.6269 ], [ 13.87946, 6.6385 ], [ 13.8992, 6.642 ], [ 13.89732, 6.65284 ], [ 13.90598, 6.66072 ], [ 13.90587, 6.672 ], [ 13.91278, 6.67577 ], [ 13.9033, 6.68193 ], [ 13.89487, 6.70278 ], [ 13.88298, 6.70651 ], [ 13.87748, 6.73186 ], [ 13.86448, 6.74682 ], [ 13.85778, 6.76365 ], [ 13.84748, 6.77095 ], [ 13.85251, 6.78258 ], [ 13.85834, 6.78584 ], [ 13.86694, 6.7837 ], [ 13.87266, 6.79503 ], [ 13.8779, 6.79357 ], [ 13.88514, 6.79977 ], [ 13.89336, 6.79762 ], [ 13.89948, 6.80602 ], [ 13.91006, 6.8082 ], [ 13.91967, 6.80036 ], [ 13.92005, 6.78857 ], [ 13.92769, 6.77204 ], [ 13.94748, 6.75489 ], [ 13.95568, 6.74143 ], [ 14.00107, 6.73154 ], [ 14.0164, 6.75836 ], [ 14.03478, 6.77609 ], [ 14.14318, 6.84851 ], [ 14.14723, 6.85694 ], [ 14.15268, 6.8563 ] ] ] } },
{ "type": "Feature", "properties": { "GID_1": "CMR.2_1", "GID_2": "CMR.2.1_1", "NAME_1": "Centre", "NAME_2": "Haute Sanaga", "superficie_km2": 11736.4, "pop_worldpop_2025": 192761.0, "densite_wp_2025": 16.4 }, "geometry": { "type": "Polygon", "coordinates": [ [ [ 12.48852, 4.35953 ], [ 12.61418, 4.39072 ], [ 12.62317, 4.38614 ], [ 12.65882, 4.38803 ], [ 12.68377, 4.38172 ], [ 12.75985, 4.32976 ], [ 12.84284, 4.37466 ], [ 12.8772, 4.51786 ], [ 12.97949, 4.56466 ], [ 12.97687, 4.59001 ], [ 13.00022, 4.59243 ], [ 13.00665, 4.60474 ], [ 13.02384, 4.60645 ], [ 13.04149, 4.59518 ], [ 13.05845, 4.59497 ], [ 13.07494, 4.58456 ], [ 13.09135, 4.56159 ], [ 13.1212, 4.55258 ], [ 13.12922, 4.54573 ], [ 13.14098, 4.54438 ], [ 13.17126, 4.55368 ], [ 13.21216, 4.54993 ], [ 13.2064, 4.56241 ], [ 13.21307, 4.57939 ], [ 13.20919, 4.60357 ], [ 13.22888, 4.65207 ], [ 13.22285, 4.67275 ], [ 13.22742, 4.69092 ], [ 13.21931, 4.70097 ], [ 13.23526, 4.70821 ], [ 13.23457, 4.71588 ], [ 13.22224, 4.72957 ], [ 13.22571, 4.7421 ], [ 13.22288, 4.74744 ], [ 13.22661, 4.75114 ], [ 13.22379, 4.75818 ], [ 13.22914, 4.76506 ], [ 13.23887, 4.76032 ], [ 13.23669, 4.76885 ], [ 13.2468, 4.77378 ], [ 13.24695, 4.7807 ], [ 13.24413, 4.78763 ], [ 13.23273, 4.78036 ], [ 13.23553, 4.78652 ], [ 13.24275, 4.7886 ], [ 13.23667, 4.80013 ], [ 13.24093, 4.80287 ], [ 13.2377, 4.81182 ], [ 13.24007, 4.8183 ], [ 13.23129, 4.82144 ], [ 13.22342, 4.83606 ], [ 13.20997, 4.83859 ], [ 13.20928, 4.84637 ], [ 13.19814, 4.84675 ], [ 13.2055, 4.8532 ], [ 13.20682, 4.86074 ], [ 13.20378, 4.86587 ], [ 13.19602, 4.86464 ], [ 13.18965, 4.91416 ], [ 13.18458, 4.91728 ], [ 13.16908, 4.91556 ], [ 13.1492, 4.92622 ], [ 13.11421, 4.93016 ], [ 13.09848, 4.92579 ], [ 13.06573, 4.93004 ], [ 13.05657, 4.94297 ], [ 13.03955, 4.95265 ], [ 13.01444, 4.95813 ], [ 13.02243, 4.96478 ], [ 13.02882, 4.98571 ], [ 13.03799, 4.99289 ], [ 13.05842, 5.03533 ], [ 13.05729, 5.07535 ], [ 13.04936, 5.08019 ], [ 13.03021, 5.10744 ], [ 13.00007, 5.12498 ], [ 12.90487, 5.21434 ], [ 12.80918, 5.27975 ], [ 12.62418, 5.23125 ], [ 12.54325, 5.21896 ], [ 12.51514, 5.18717 ], [ 12.51024, 5.17525 ], [ 12.50101, 5.17039 ], [ 12.48852, 5.15318 ], [ 12.4766, 5.14756 ], [ 12.46168, 5.11307 ], [ 12.45191, 5.10258 ], [ 12.44074, 5.09834 ], [ 12.42902, 5.08226 ], [ 12.4161, 5.07748 ], [ 12.40136, 5.08169 ], [ 12.35656, 5.06412 ], [ 12.33872, 5.0368 ], [ 12.32578, 5.00204 ], [ 12.31459, 4.94656 ], [ 12.28112, 4.91443 ], [ 12.26499, 4.91673 ], [ 12.2546, 4.91089 ], [ 12.24357, 4.9126 ], [ 12.23757, 4.91044 ], [ 12.23647, 4.90101 ], [ 12.21293, 4.89397 ], [ 12.18288, 4.8982 ], [ 12.17592, 4.89107 ], [ 12.1487, 4.88768 ], [ 12.13414, 4.87831 ], [ 12.13416, 4.87313 ], [ 12.11584, 4.85639 ], [ 12.10952, 4.85789 ], [ 12.10439, 4.84956 ], [ 12.09852, 4.85296 ], [ 12.09049, 4.84561 ], [ 12.07982, 4.84861 ], [ 12.06539, 4.86335 ], [ 12.05933, 4.85798 ], [ 12.05749, 4.8627 ], [ 12.05182, 4.85513 ], [ 12.0448, 4.86059 ], [ 12.04484, 4.8522 ], [ 12.04014, 4.84768 ], [ 12.0266, 4.8464 ], [ 12.02578, 4.84281 ], [ 12.02136, 4.84546 ], [ 12.01957, 4.85514 ], [ 12.01145, 4.85114 ], [ 12.00497, 4.85705 ], [ 11.99904, 4.85665 ], [ 11.99537, 4.84435 ], [ 12.00114, 4.82814 ], [ 11.99501, 4.82254 ], [ 11.98898, 4.82699 ], [ 11.98778, 4.82393 ], [ 11.99001, 4.81746 ], [ 12.00143, 4.8153 ], [ 11.99317, 4.79068 ], [ 11.99881, 4.78781 ], [ 11.99891, 4.78277 ], [ 11.99295, 4.77169 ], [ 12.00268, 4.77074 ], [ 11.99968, 4.76288 ], [ 11.98382, 4.76231 ], [ 11.9924, 4.75361 ], [ 11.985, 4.74759 ], [ 11.98725, 4.74029 ], [ 11.98163, 4.74019 ], [ 11.98249, 4.73295 ], [ 11.99907, 4.73741 ], [ 12.00298, 4.7322 ], [ 11.98454, 4.72167 ], [ 11.96704, 4.71801 ], [ 11.97151, 4.70081 ], [ 11.98273, 4.70163 ], [ 11.98816, 4.69437 ], [ 11.98302, 4.68717 ], [ 11.96157, 4.6852 ], [ 11.97151, 4.67647 ], [ 11.9647, 4.67412 ], [ 11.96232, 4.66439 ], [ 11.97726, 4.66998 ], [ 11.98344, 4.6657 ], [ 11.98302, 4.66117 ], [ 11.97094, 4.65505 ], [ 11.95695, 4.65929 ], [ 11.94971, 4.65418 ], [ 11.9354, 4.65489 ], [ 11.9393, 4.64376 ], [ 11.95122, 4.63597 ], [ 11.94652, 4.62878 ], [ 11.91608, 4.63946 ], [ 11.89181, 4.62953 ], [ 11.88334, 4.63005 ], [ 11.86302, 4.64618 ], [ 11.85334, 4.64603 ], [ 11.85433, 4.63391 ], [ 11.84232, 4.6228 ], [ 11.84707, 4.60344 ], [ 11.83958, 4.59703 ], [ 11.83368, 4.58322 ], [ 11.81197, 4.56751 ], [ 11.81582, 4.54669 ], [ 11.81179, 4.52001 ], [ 11.79347, 4.50237 ], [ 11.77421, 4.50294 ], [ 11.76425, 4.4973 ], [ 11.75285, 4.46741 ], [ 11.72262, 4.44751 ], [ 11.72173, 4.44191 ], [ 11.72864, 4.43297 ], [ 11.72325, 4.42163 ], [ 11.72451, 4.40664 ], [ 11.70781, 4.37327 ], [ 11.7282, 4.36699 ], [ 11.73241, 4.35192 ], [ 11.7317, 4.30457 ], [ 11.74104, 4.30421 ], [ 11.7547, 4.32382 ], [ 11.76615, 4.32762 ], [ 11.79223, 4.31273 ], [ 11.80583, 4.28809 ], [ 11.82012, 4.28655 ], [ 11.86154, 4.26863 ], [ 11.87015, 4.253 ], [ 11.88353, 4.26216 ], [ 11.89181, 4.26032 ], [ 11.90087, 4.26411 ], [ 11.91362, 4.27648 ], [ 11.93338, 4.27522 ], [ 11.94542, 4.28411 ], [ 11.96002, 4.26809 ], [ 11.96264, 4.24694 ], [ 11.98193, 4.22786 ], [ 11.98759, 4.21122 ], [ 11.99308, 4.20749 ], [ 12.05374, 4.19847 ], [ 12.06519, 4.20441 ], [ 12.06955, 4.21595 ], [ 12.07755, 4.21705 ], [ 12.0857, 4.21306 ], [ 12.0856, 4.2065 ], [ 12.08895, 4.20557 ], [ 12.11388, 4.21183 ], [ 12.13471, 4.20708 ], [ 12.16563, 4.17946 ], [ 12.15384, 4.17035 ], [ 12.13442, 4.17028 ], [ 12.12823, 4.13718 ], [ 12.11703, 4.12603 ], [ 12.11512, 4.11715 ], [ 12.10212, 4.11501 ], [ 12.10984, 4.10285 ], [ 12.10884, 4.09088 ], [ 12.11898, 4.06724 ], [ 12.11693, 4.05953 ], [ 12.14711, 4.06603 ], [ 12.16357, 4.09814 ], [ 12.19256, 4.12032 ], [ 12.27128, 4.14079 ], [ 12.31761, 4.18809 ], [ 12.34009, 4.19664 ], [ 12.34669, 4.21783 ], [ 12.48852, 4.35953 ] ] ] } },
{ "type": "Feature", "properties": { "GID_1": "CMR.2_1", "GID_2": "CMR.2.2_1", "NAME_1": "Centre", "NAME_2": "Lekié", "superficie_km2": 3015.5, "pop_worldpop_2025": 252009.0, "densite_wp_2025": 83.6 }, "geometry": { "type": "Polygon", "coordinates": [ [ [ 11.38611, 3.86731 ], [ 11.45359, 3.89879 ], [ 11.45144, 3.90921 ], [ 11.46151, 3.91941 ], [ 11.4742, 3.95226 ], [ 11.47659, 3.95554 ], [ 11.48566, 3.95387 ], [ 11.50701, 3.98277 ], [ 11.52212, 3.99151 ], [ 11.53263, 4.01929 ], [ 11.54493, 4.02403 ], [ 11.55671, 4.01868 ], [ 11.57369, 4.02121 ], [ 11.57595, 4.03394 ], [ 11.56579, 4.06137 ], [ 11.59133, 4.07168 ], [ 11.57302, 4.11185 ], [ 11.58402, 4.12229 ], [ 11.60279, 4.11682 ], [ 11.60733, 4.12053 ], [ 11.60571, 4.13161 ], [ 11.62641, 4.15054 ], [ 11.60624, 4.17399 ], [ 11.63705, 4.20551 ], [ 11.65084, 4.20274 ], [ 11.67403, 4.21857 ], [ 11.67587, 4.22714 ], [ 11.6854, 4.23566 ], [ 11.68798, 4.25689 ], [ 11.6844, 4.26111 ], [ 11.68991, 4.26725 ], [ 11.68856, 4.27431 ], [ 11.70031, 4.27698 ], [ 11.71687, 4.27183 ], [ 11.7317, 4.30457 ], [ 11.73241, 4.35192 ], [ 11.72651, 4.36932 ], [ 11.70781, 4.37327 ], [ 11.68957, 4.36463 ], [ 11.67486, 4.35026 ], [ 11.64026, 4.34663 ], [ 11.62925, 4.35006 ], [ 11.62363, 4.35765 ], [ 11.60617, 4.36145 ], [ 11.57096, 4.3779 ], [ 11.5558, 4.37288 ], [ 11.54578, 4.38272 ], [ 11.54453, 4.39407 ], [ 11.53338, 4.4146 ], [ 11.46545, 4.48461 ], [ 11.43796, 4.49957 ], [ 11.39556, 4.49669 ], [ 11.35785, 4.47793 ], [ 11.32942, 4.44499 ], [ 11.30038, 4.3977 ], [ 11.27767, 4.38967 ], [ 11.26357, 4.36406 ], [ 11.23653, 4.34527 ], [ 11.21328, 4.28747 ], [ 11.19672, 4.27513 ], [ 11.17672, 4.27333 ], [ 11.15097, 4.26457 ], [ 11.12842, 4.23061 ], [ 11.07338, 4.18744 ], [ 11.07802, 4.18243 ], [ 11.07858, 4.16685 ], [ 11.09943, 4.16783 ], [ 11.10878, 4.16035 ], [ 11.10654, 4.14203 ], [ 11.12015, 4.12545 ], [ 11.12675, 4.12421 ], [ 11.1364, 4.11413 ], [ 11.14432, 4.10102 ], [ 11.13831, 4.0809 ], [ 11.14515, 4.07081 ], [ 11.14345, 4.05995 ], [ 11.12059, 4.05477 ], [ 11.11267, 4.02825 ], [ 11.13543, 4.0342 ], [ 11.13545, 4.04939 ], [ 11.14525, 4.04846 ], [ 11.1584, 4.02676 ], [ 11.17307, 4.02157 ], [ 11.17975, 4.00339 ], [ 11.19272, 4.009 ], [ 11.19935, 3.97971 ], [ 11.20614, 3.97994 ], [ 11.21125, 3.96502 ], [ 11.20831, 3.92975 ], [ 11.2023, 3.92768 ], [ 11.1848, 3.93783 ], [ 11.17022, 3.9122 ], [ 11.16903, 3.89598 ], [ 11.18239, 3.89565 ], [ 11.18679, 3.89156 ], [ 11.18624, 3.86345 ], [ 11.15447, 3.84035 ], [ 11.16685, 3.81762 ], [ 11.16117, 3.80242 ], [ 11.20178, 3.79564 ], [ 11.20828, 3.804 ], [ 11.21668, 3.8066 ], [ 11.21568, 3.81649 ], [ 11.22742, 3.82413 ], [ 11.22829, 3.83108 ], [ 11.24774, 3.83116 ], [ 11.28216, 3.86416 ], [ 11.38611, 3.86731 ] ] ] } },
{ "type": "Feature", "properties": { "GID_1": "CMR.2_1", "GID_2": "CMR.2.3_1", "NAME_1": "Centre", "NAME_2": "Mbam et Inoubou", "superficie_km2": 6820.8, "pop_worldpop_2025": 342218.0, "densite_wp_2025": 50.2 }, "geometry": { "type": "Polygon", "coordinates": [ [ [ 11.26694, 4.36782 ], [ 11.27767, 4.38967 ], [ 11.28538, 4.42958 ], [ 11.31734, 4.46314 ], [ 11.3218, 4.47444 ], [ 11.32185, 4.49179 ], [ 11.2974, 4.50199 ], [ 11.28137, 4.52303 ], [ 11.28506, 4.5521 ], [ 11.30762, 4.56736 ], [ 11.32191, 4.56947 ], [ 11.34658, 4.58746 ], [ 11.33587, 4.60178 ], [ 11.33539, 4.63084 ], [ 11.33126, 4.64305 ], [ 11.31842, 4.65716 ], [ 11.31424, 4.67849 ], [ 11.3094, 4.67944 ], [ 11.30918, 4.68481 ], [ 11.31825, 4.68875 ], [ 11.32246, 4.69945 ], [ 11.33288, 4.70455 ], [ 11.31271, 4.71318 ], [ 11.31111, 4.72245 ], [ 11.30277, 4.72648 ], [ 11.28692, 4.7229 ], [ 11.29242, 4.74429 ], [ 11.277, 4.76809 ], [ 11.29589, 4.80095 ], [ 11.33871, 4.85129 ], [ 11.33671, 4.86178 ], [ 11.34664, 4.87924 ], [ 11.34635, 4.98846 ], [ 11.36156, 4.97961 ], [ 11.3807, 4.97785 ], [ 11.38199, 5.00564 ], [ 11.37884, 5.01423 ], [ 11.38196, 5.02199 ], [ 11.21326, 5.23882 ], [ 11.08015, 5.18823 ], [ 11.06197, 5.18507 ], [ 11.05191, 5.17846 ], [ 11.04837, 5.17062 ], [ 11.03091, 5.1748 ], [ 11.01514, 5.17214 ], [ 11.01391, 5.16489 ], [ 10.99803, 5.1585 ], [ 10.9891, 5.12702 ], [ 10.98666, 5.08415 ], [ 10.97073, 5.06135 ], [ 10.96995, 5.03669 ], [ 10.9602, 5.03209 ], [ 10.95856, 5.02243 ], [ 10.94841, 5.01521 ], [ 10.94527, 5.00687 ], [ 10.9314, 5.00167 ], [ 10.93569, 4.99331 ], [ 10.95413, 4.98399 ], [ 10.96212, 4.97058 ], [ 10.94056, 4.94155 ], [ 10.94162, 4.92484 ], [ 10.86739, 4.94146 ], [ 10.85106, 4.95348 ], [ 10.85618, 4.95407 ], [ 10.85374, 4.97663 ], [ 10.8444, 4.97374 ], [ 10.83768, 4.97879 ], [ 10.83395, 4.97014 ], [ 10.82381, 4.97138 ], [ 10.81803, 4.98468 ], [ 10.8098, 4.98652 ], [ 10.81987, 4.99907 ], [ 10.81127, 5.01108 ], [ 10.7907, 5.01446 ], [ 10.7851, 5.01971 ], [ 10.77926, 5.01509 ], [ 10.76551, 5.01593 ], [ 10.74922, 5.00581 ], [ 10.74809, 4.99544 ], [ 10.72118, 4.95373 ], [ 10.69968, 4.94886 ], [ 10.69076, 4.95422 ], [ 10.68712, 4.94114 ], [ 10.68108, 4.93562 ], [ 10.663, 4.93073 ], [ 10.64149, 4.91729 ], [ 10.59844, 4.88226 ], [ 10.56432, 4.88475 ], [ 10.52089, 4.89935 ], [ 10.49264, 4.88411 ], [ 10.48641, 4.87718 ], [ 10.47782, 4.85142 ], [ 10.44445, 4.83297 ], [ 10.44504, 4.82602 ], [ 10.4209, 4.8019 ], [ 10.41716, 4.78822 ], [ 10.39358, 4.79139 ], [ 10.37841, 4.78628 ], [ 10.3607, 4.76467 ], [ 10.35963, 4.75059 ], [ 10.33788, 4.69131 ], [ 10.3571, 4.6663 ], [ 10.36307, 4.69096 ], [ 10.37524, 4.70674 ], [ 10.38037, 4.70945 ], [ 10.38668, 4.7039 ], [ 10.40475, 4.7093 ], [ 10.41679, 4.70565 ], [ 10.41901, 4.71219 ], [ 10.4405, 4.71799 ], [ 10.45598, 4.72903 ], [ 10.4571, 4.73809 ], [ 10.46514, 4.74412 ], [ 10.49149, 4.72402 ], [ 10.49378, 4.71435 ], [ 10.49013, 4.69493 ], [ 10.47827, 4.6866 ], [ 10.47906, 4.68076 ], [ 10.47142, 4.67413 ], [ 10.4724, 4.66315 ], [ 10.46654, 4.64524 ], [ 10.45621, 4.64909 ], [ 10.43136, 4.61551 ], [ 10.4172, 4.60829 ], [ 10.41497, 4.59691 ], [ 10.39857, 4.5763 ], [ 10.38597, 4.54753 ], [ 10.37876, 4.50233 ], [ 10.38628, 4.5 ], [ 10.38856, 4.48359 ], [ 10.39487, 4.47632 ], [ 10.42335, 4.47385 ], [ 10.43159, 4.47635 ], [ 10.43863, 4.48903 ], [ 10.45318, 4.4888 ], [ 10.47163, 4.48101 ], [ 10.47312, 4.47678 ], [ 10.46567, 4.4631 ], [ 10.47828, 4.44726 ], [ 10.48744, 4.46154 ], [ 10.50761, 4.46684 ], [ 10.51722, 4.45373 ], [ 10.52023, 4.45674 ], [ 10.53477, 4.4554 ], [ 10.54251, 4.46042 ], [ 10.55915, 4.45404 ], [ 10.5749, 4.45441 ], [ 10.59107, 4.46364 ], [ 10.59982, 4.475 ], [ 10.60281, 4.46492 ], [ 10.61617, 4.47476 ], [ 10.61646, 4.46711 ], [ 10.63652, 4.46545 ], [ 10.63942, 4.46072 ], [ 10.67648, 4.48107 ], [ 10.68002, 4.49385 ], [ 10.68551, 4.48447 ], [ 10.69364, 4.48606 ], [ 10.69704, 4.5217 ], [ 10.72593, 4.52223 ], [ 10.72781, 4.51115 ], [ 10.72317, 4.50261 ], [ 10.73739, 4.492 ], [ 10.74784, 4.49681 ], [ 10.77643, 4.49744 ], [ 10.78609, 4.51081 ], [ 10.77661, 4.52946 ], [ 10.78154, 4.5373 ], [ 10.77665, 4.54567 ], [ 10.78108, 4.5524 ], [ 10.77872, 4.57194 ], [ 10.78327, 4.58692 ], [ 10.77989, 4.59932 ], [ 10.78463, 4.60826 ], [ 10.83119, 4.61177 ], [ 10.87705, 4.58095 ], [ 10.89006, 4.60739 ], [ 10.92026, 4.6064 ], [ 10.92222, 4.58858 ], [ 10.91573, 4.56383 ], [ 10.91371, 4.52095 ], [ 10.91168, 4.51109 ], [ 10.90292, 4.50014 ], [ 10.89078, 4.49706 ], [ 10.89567, 4.48617 ], [ 10.89412, 4.46946 ], [ 10.90283, 4.4637 ], [ 10.914, 4.4378 ], [ 10.92743, 4.43425 ], [ 10.94403, 4.41588 ], [ 10.93769, 4.40815 ], [ 10.94245, 4.3883 ], [ 10.94965, 4.37963 ], [ 10.9726, 4.37413 ], [ 10.97818, 4.35861 ], [ 10.9773, 4.33164 ], [ 10.98681, 4.32608 ], [ 10.9918, 4.3159 ], [ 10.99882, 4.31367 ], [ 11.00039, 4.30319 ], [ 11.01343, 4.30286 ], [ 11.01988, 4.27808 ], [ 11.0268, 4.27766 ], [ 11.04071, 4.26755 ], [ 11.03597, 4.25841 ], [ 11.04516, 4.24419 ], [ 11.0674, 4.2401 ], [ 11.0774, 4.2282 ], [ 11.07306, 4.21744 ], [ 11.07775, 4.20837 ], [ 11.0761, 4.19167 ], [ 11.08651, 4.19511 ], [ 11.10202, 4.21221 ], [ 11.12246, 4.22479 ], [ 11.15097, 4.26457 ], [ 11.17672, 4.27333 ], [ 11.19672, 4.27513 ], [ 11.20889, 4.28325 ], [ 11.23236, 4.33798 ], [ 11.24024, 4.34983 ], [ 11.26694, 4.36782 ] ] ] } },
{ "type": "Feature", "properties": { "GID_1": "CMR.2_1", "GID_2": "CMR.2.4_1", "NAME_1": "Centre", "NAME_2": "Mbam et Kim", "superficie_km2": 26266.4, "pop_worldpop_2025": 226942.0, "densite_wp_2025": 8.6 }, "geometry": { "type": "Polygon", "coordinates": [ [ [ 11.53767, 4.40927 ], [ 11.54578, 4.38272 ], [ 11.5558, 4.37288 ], [ 11.57096, 4.3779 ], [ 11.60617, 4.36145 ], [ 11.62363, 4.35765 ], [ 11.62925, 4.35006 ], [ 11.64026, 4.34663 ], [ 11.67486, 4.35026 ], [ 11.68957, 4.36463 ], [ 11.71, 4.37484 ], [ 11.72298, 4.40065 ], [ 11.72325, 4.42163 ], [ 11.72864, 4.43297 ], [ 11.72173, 4.44191 ], [ 11.72262, 4.44751 ], [ 11.75285, 4.46741 ], [ 11.76425, 4.4973 ], [ 11.77421, 4.50294 ], [ 11.79347, 4.50237 ], [ 11.81179, 4.52001 ], [ 11.81582, 4.54669 ], [ 11.81197, 4.56751 ], [ 11.83368, 4.58322 ], [ 11.83958, 4.59703 ], [ 11.84707, 4.60344 ], [ 11.84232, 4.6228 ], [ 11.85433, 4.63391 ], [ 11.85334, 4.64603 ], [ 11.86302, 4.64618 ], [ 11.88334, 4.63005 ], [ 11.89181, 4.62953 ], [ 11.91608, 4.63946 ], [ 11.94652, 4.62878 ], [ 11.95122, 4.63597 ], [ 11.9393, 4.64376 ], [ 11.9354, 4.65489 ], [ 11.94971, 4.65418 ], [ 11.95695, 4.65929 ], [ 11.97094, 4.65505 ], [ 11.98302, 4.66117 ], [ 11.98344, 4.6657 ], [ 11.97726, 4.66998 ], [ 11.96232, 4.66439 ], [ 11.9647, 4.67412 ], [ 11.97151, 4.67647 ], [ 11.96157, 4.6852 ], [ 11.98302, 4.68717 ], [ 11.98816, 4.69437 ], [ 11.98273, 4.70163 ], [ 11.97151, 4.70081 ], [ 11.96704, 4.71801 ], [ 11.98454, 4.72167 ], [ 12.00298, 4.7322 ], [ 11.99907, 4.73741 ], [ 11.98249, 4.73295 ], [ 11.98163, 4.74019 ], [ 11.98725, 4.74029 ], [ 11.985, 4.74759 ], [ 11.9924, 4.75361 ], [ 11.98382, 4.76231 ], [ 11.99968, 4.76288 ], [ 12.00268, 4.77074 ], [ 11.99295, 4.77169 ], [ 11.99891, 4.78277 ], [ 11.99881, 4.78781 ], [ 11.99317, 4.79068 ], [ 12.00143, 4.8153 ], [ 11.99001, 4.81746 ], [ 11.98778, 4.82393 ], [ 11.98898, 4.82699 ], [ 11.99501, 4.82254 ], [ 12.00114, 4.82814 ], [ 11.99537, 4.84435 ], [ 11.99904, 4.85665 ], [ 12.00497, 4.85705 ], [ 12.01145, 4.85114 ], [ 12.01957, 4.85514 ], [ 12.02136, 4.84546 ], [ 12.02578, 4.84281 ], [ 12.0266, 4.8464 ], [ 12.04014, 4.84768 ], [ 12.04484, 4.8522 ], [ 12.0448, 4.86059 ], [ 12.05182, 4.85513 ], [ 12.05749, 4.8627 ], [ 12.05933, 4.85798 ], [ 12.06539, 4.86335 ], [ 12.07982, 4.84861 ], [ 12.09049, 4.84561 ], [ 12.09852, 4.85296 ], [ 12.10439, 4.84956 ], [ 12.10952, 4.85789 ], [ 12.11584, 4.85639 ], [ 12.13416, 4.87313 ], [ 12.13414, 4.87831 ], [ 12.1487, 4.88768 ], [ 12.17592, 4.89107 ], [ 12.18288, 4.8982 ], [ 12.21293, 4.89397 ], [ 12.23647, 4.90101 ], [ 12.23757, 4.91044 ], [ 12.24357, 4.9126 ], [ 12.28332, 4.91573 ], [ 12.31459, 4.94656 ], [ 12.32578, 5.00204 ], [ 12.33872, 5.0368 ], [ 12.35656, 5.06412 ], [ 12.40136, 5.08169 ], [ 12.4161, 5.07748 ], [ 12.42902, 5.08226 ], [ 12.44074, 5.09834 ], [ 12.45191, 5.10258 ], [ 12.46168, 5.11307 ], [ 12.4766, 5.14756 ], [ 12.48852, 5.15318 ], [ 12.50101, 5.17039 ], [ 12.51024, 5.17525 ], [ 12.51514, 5.18717 ], [ 12.54325, 5.21896 ], [ 12.62418, 5.23125 ], [ 12.80918, 5.27975 ], [ 12.84269, 5.30584 ], [ 12.86161, 5.30912 ], [ 12.88667, 5.32578 ], [ 12.90441, 5.32695 ], [ 12.92069, 5.31599 ], [ 12.93511, 5.31228 ], [ 12.961, 5.32627 ], [ 13.00025, 5.38497 ], [ 13.06938, 5.512 ], [ 13.07358, 5.52048 ], [ 13.07182, 5.5272 ], [ 13.07684, 5.53238 ], [ 13.07161, 5.5587 ], [ 13.05469, 5.57009 ], [ 13.05556, 5.58871 ], [ 13.0317, 5.60942 ], [ 13.03176, 5.6174 ], [ 13.00909, 5.64224 ], [ 13.00714, 5.65173 ], [ 13.01352, 5.68329 ], [ 13.00564, 5.68196 ], [ 13.0006, 5.70573 ], [ 12.98796, 5.70497 ], [ 12.96739, 5.71128 ], [ 12.96423, 5.71598 ], [ 12.95882, 5.76349 ], [ 12.95244, 5.77748 ], [ 12.95402, 5.79077 ], [ 12.93167, 5.81721 ], [ 12.91532, 5.84968 ], [ 12.89993, 5.86767 ], [ 12.88622, 5.86851 ], [ 12.88191, 5.88983 ], [ 12.87189, 5.90193 ], [ 12.877, 5.91849 ], [ 12.87755, 5.98161 ], [ 12.88741, 5.9924 ], [ 12.88791, 6.00037 ], [ 12.50273, 6.00186 ], [ 12.49607, 6.03707 ], [ 12.49126, 6.04355 ], [ 12.48409, 6.03989 ], [ 12.47688, 6.044 ], [ 12.46473, 6.06369 ], [ 12.45862, 6.08741 ], [ 12.40132, 6.11544 ], [ 12.38705, 6.13408 ], [ 12.37832, 6.13511 ], [ 12.33221, 6.16094 ], [ 12.29509, 6.19802 ], [ 12.25726, 6.19296 ], [ 12.22424, 6.17955 ], [ 12.21103, 6.18652 ], [ 12.20449, 6.18506 ], [ 12.19731, 6.1813 ], [ 12.18443, 6.15345 ], [ 12.14424, 6.15271 ], [ 12.1343, 6.15807 ], [ 12.09391, 6.15424 ], [ 12.05453, 6.17206 ], [ 12.03174, 6.18607 ], [ 12.02842, 6.19316 ], [ 11.99311, 6.2129 ], [ 11.98956, 6.22521 ], [ 11.99786, 6.2401 ], [ 11.99649, 6.24736 ], [ 12.00351, 6.25545 ], [ 11.99851, 6.26123 ], [ 11.99259, 6.26126 ], [ 11.96279, 6.25639 ], [ 11.95904, 6.24916 ], [ 11.95075, 6.25213 ], [ 11.94499, 6.24915 ], [ 11.94245, 6.23644 ], [ 11.94623, 6.23306 ], [ 11.93847, 6.21931 ], [ 11.92938, 6.22086 ], [ 11.92722, 6.21521 ], [ 11.9194, 6.22233 ], [ 11.91075, 6.22291 ], [ 11.90049, 6.20546 ], [ 11.88495, 6.20705 ], [ 11.87159, 6.20252 ], [ 11.86164, 6.21 ], [ 11.84083, 6.20066 ], [ 11.83504, 6.19087 ], [ 11.81412, 6.1947 ], [ 11.80932, 6.19004 ], [ 11.80155, 6.19025 ], [ 11.79648, 6.18338 ], [ 11.78969, 6.18572 ], [ 11.7877, 6.17662 ], [ 11.77591, 6.16943 ], [ 11.77367, 6.16343 ], [ 11.76317, 6.16552 ], [ 11.75482, 6.15752 ], [ 11.73475, 6.154 ], [ 11.71417, 6.13774 ], [ 11.70649, 6.13964 ], [ 11.70508, 6.12134 ], [ 11.69783, 6.12005 ], [ 11.69603, 6.1144 ], [ 11.68427, 6.1126 ], [ 11.67547, 6.10106 ], [ 11.67481, 6.09311 ], [ 11.66162, 6.08822 ], [ 11.66722, 6.07741 ], [ 11.66473, 6.07415 ], [ 11.65388, 6.07721 ], [ 11.64299, 6.07187 ], [ 11.62338, 6.07231 ], [ 11.61547, 6.06121 ], [ 11.60341, 6.07011 ], [ 11.60124, 6.06057 ], [ 11.59361, 6.05424 ], [ 11.57711, 6.05733 ], [ 11.55373, 6.04585 ], [ 11.54827, 6.0488 ], [ 11.54339, 6.04422 ], [ 11.53315, 6.04551 ], [ 11.52464, 6.04024 ], [ 11.5029, 6.03769 ], [ 11.49659, 6.03029 ], [ 11.46238, 6.02487 ], [ 11.45625, 6.0172 ], [ 11.43584, 6.01756 ], [ 11.39869, 6.0072 ], [ 11.38526, 6.0077 ], [ 11.37667, 6.00146 ], [ 11.36704, 6.00239 ], [ 11.33723, 5.99332 ], [ 11.32763, 5.99999 ], [ 11.32159, 5.99205 ], [ 11.31127, 5.99643 ], [ 11.30404, 5.98036 ], [ 11.30069, 5.97985 ], [ 11.29939, 5.98773 ], [ 11.26205, 5.97189 ], [ 11.26062, 5.96807 ], [ 11.27833, 5.94788 ], [ 11.27112, 5.92828 ], [ 11.27559, 5.91548 ], [ 11.25618, 5.91254 ], [ 11.25323, 5.90411 ], [ 11.26872, 5.8937 ], [ 11.26409, 5.88232 ], [ 11.27493, 5.87895 ], [ 11.27803, 5.87381 ], [ 11.27063, 5.85834 ], [ 11.27621, 5.84534 ], [ 11.26949, 5.82434 ], [ 11.27378, 5.81848 ], [ 11.27275, 5.80972 ], [ 11.28616, 5.79658 ], [ 11.30295, 5.79903 ], [ 11.31686, 5.7863 ], [ 11.30665, 5.76993 ], [ 11.29258, 5.76878 ], [ 11.29261, 5.75157 ], [ 11.27896, 5.72969 ], [ 11.27133, 5.73042 ], [ 11.25728, 5.71105 ], [ 11.24454, 5.71553 ], [ 11.23263, 5.70179 ], [ 11.22522, 5.6828 ], [ 11.20197, 5.67031 ], [ 11.20154, 5.66417 ], [ 11.21333, 5.64723 ], [ 11.19547, 5.62615 ], [ 11.18655, 5.60405 ], [ 11.20585, 5.58082 ], [ 11.2033, 5.56957 ], [ 11.21259, 5.55704 ], [ 11.2077, 5.53915 ], [ 11.21519, 5.52725 ], [ 11.20558, 5.50906 ], [ 11.2048, 5.48793 ], [ 11.19519, 5.46814 ], [ 11.18873, 5.4589 ], [ 11.17063, 5.45223 ], [ 11.19271, 5.42266 ], [ 11.19429, 5.41379 ], [ 11.18623, 5.40708 ], [ 11.18293, 5.38404 ], [ 11.15809, 5.37366 ], [ 11.14087, 5.35883 ], [ 11.12751, 5.32727 ], [ 11.10501, 5.32514 ], [ 11.07228, 5.29877 ], [ 11.07065, 5.29205 ], [ 11.08259, 5.25779 ], [ 11.07456, 5.22812 ], [ 11.06649, 5.21748 ], [ 11.07228, 5.20809 ], [ 11.081, 5.20353 ], [ 11.08015, 5.18823 ], [ 11.21326, 5.23882 ], [ 11.38196, 5.02199 ], [ 11.37884, 5.01423 ], [ 11.38199, 5.00564 ], [ 11.3807, 4.97785 ], [ 11.36156, 4.97961 ], [ 11.34635, 4.98846 ], [ 11.34664, 4.87924 ], [ 11.33671, 4.86178 ], [ 11.33871, 4.85129 ], [ 11.29589, 4.80095 ], [ 11.277, 4.76809 ], [ 11.29242, 4.74429 ], [ 11.28692, 4.7229 ], [ 11.30277, 4.72648 ], [ 11.31111, 4.72245 ], [ 11.31271, 4.71318 ], [ 11.33288, 4.70455 ], [ 11.32246, 4.69945 ], [ 11.31825, 4.68875 ], [ 11.30918, 4.68481 ], [ 11.3094, 4.67944 ], [ 11.31424, 4.67849 ], [ 11.31842, 4.65716 ], [ 11.33126, 4.64305 ], [ 11.33539, 4.63084 ], [ 11.33587, 4.60178 ], [ 11.34658, 4.58746 ], [ 11.32191, 4.56947 ], [ 11.30762, 4.56736 ], [ 11.28506, 4.5521 ], [ 11.28137, 4.52303 ], [ 11.2974, 4.50199 ], [ 11.32185, 4.49179 ], [ 11.3218, 4.47444 ], [ 11.31734, 4.46314 ], [ 11.28538, 4.42958 ], [ 11.27767, 4.38967 ], [ 11.30038, 4.3977 ], [ 11.32942, 4.44499 ], [ 11.35785, 4.47793 ], [ 11.38081, 4.49181 ], [ 11.39556, 4.49669 ], [ 11.43796, 4.49957 ], [ 11.46545, 4.48461 ], [ 11.53767, 4.40927 ] ] ] } },
{ "type": "Feature", "properties": { "GID_1": "CMR.2_1", "GID_2": "CMR.2.5_1", "NAME_1": "Centre", "NAME_2": "Mefou et Afamba", "superficie_km2": 3310.2, "pop_worldpop_2025": 628088.0, "densite_wp_2025": 189.7 }, "geometry": { "type": "Polygon", "coordinates": [ [ [ 11.71646, 3.72432 ], [ 11.72506, 3.73875 ], [ 11.75336, 3.76131 ], [ 11.74274, 3.77242 ], [ 11.74285, 3.77722 ], [ 11.75691, 3.7813 ], [ 11.77262, 3.77944 ], [ 11.80237, 3.79578 ], [ 11.81308, 3.79685 ], [ 11.81566, 3.81308 ], [ 11.82873, 3.82136 ], [ 11.8833, 3.8295 ], [ 11.88682, 3.82655 ], [ 11.88284, 3.81478 ], [ 11.89146, 3.80982 ], [ 11.91, 3.81134 ], [ 11.94426, 3.77573 ], [ 11.95143, 3.79855 ], [ 11.95706, 3.80415 ], [ 11.97051, 3.80742 ], [ 11.98228, 3.82089 ], [ 11.99337, 3.81864 ], [ 12.00468, 3.82944 ], [ 12.01908, 3.83033 ], [ 12.02807, 3.83723 ], [ 12.01659, 3.86092 ], [ 12.02104, 3.89282 ], [ 12.00731, 3.93467 ], [ 12.02282, 3.94597 ], [ 12.04658, 3.95199 ], [ 12.06547, 3.97412 ], [ 12.10525, 3.99376 ], [ 12.11604, 4.01847 ], [ 12.11702, 4.03403 ], [ 12.10963, 4.04368 ], [ 12.11861, 4.05589 ], [ 12.11898, 4.06724 ], [ 12.10884, 4.09088 ], [ 12.10984, 4.10285 ], [ 12.10212, 4.11501 ], [ 12.11512, 4.11715 ], [ 12.11703, 4.12603 ], [ 12.12823, 4.13718 ], [ 12.13442, 4.17028 ], [ 12.15384, 4.17035 ], [ 12.16442, 4.18187 ], [ 12.15748, 4.18412 ], [ 12.13471, 4.20708 ], [ 12.11388, 4.21183 ], [ 12.08895, 4.20557 ], [ 12.08249, 4.21627 ], [ 12.07208, 4.2169 ], [ 12.06519, 4.20441 ], [ 12.05374, 4.19847 ], [ 11.99308, 4.20749 ], [ 11.98759, 4.21122 ], [ 11.98193, 4.22786 ], [ 11.96264, 4.24694 ], [ 11.96204, 4.26355 ], [ 11.94903, 4.28225 ], [ 11.94542, 4.28411 ], [ 11.93338, 4.27522 ], [ 11.91362, 4.27648 ], [ 11.90087, 4.26411 ], [ 11.89181, 4.26032 ], [ 11.88353, 4.26216 ], [ 11.87015, 4.253 ], [ 11.86154, 4.26863 ], [ 11.82012, 4.28655 ], [ 11.80583, 4.28809 ], [ 11.79223, 4.31273 ], [ 11.76615, 4.32762 ], [ 11.7547, 4.32382 ], [ 11.74104, 4.30421 ], [ 11.7317, 4.30457 ], [ 11.71687, 4.27183 ], [ 11.70031, 4.27698 ], [ 11.68856, 4.27431 ], [ 11.68991, 4.26725 ], [ 11.6844, 4.26111 ], [ 11.68798, 4.25689 ], [ 11.6854, 4.23566 ], [ 11.67587, 4.22714 ], [ 11.67403, 4.21857 ], [ 11.65084, 4.20274 ], [ 11.63705, 4.20551 ], [ 11.60624, 4.17399 ], [ 11.62641, 4.15054 ], [ 11.60571, 4.13161 ], [ 11.60733, 4.12053 ], [ 11.60279, 4.11682 ], [ 11.58402, 4.12229 ], [ 11.57302, 4.11185 ], [ 11.59133, 4.07168 ], [ 11.56579, 4.06137 ], [ 11.57595, 4.03394 ], [ 11.57235, 4.00888 ], [ 11.57502, 3.9988 ], [ 11.56784, 3.97781 ], [ 11.57514, 3.96931 ], [ 11.56218, 3.96367 ], [ 11.56178, 3.94985 ], [ 11.55119, 3.93165 ], [ 11.55492, 3.92584 ], [ 11.57143, 3.93088 ], [ 11.56831, 3.92124 ], [ 11.57624, 3.90777 ], [ 11.57627, 3.8997 ], [ 11.57257, 3.89798 ], [ 11.57517, 3.86657 ], [ 11.56828, 3.85226 ], [ 11.57169, 3.8484 ], [ 11.57051, 3.83473 ], [ 11.56049, 3.82802 ], [ 11.5573, 3.81435 ], [ 11.54758, 3.81151 ], [ 11.54082, 3.80087 ], [ 11.53325, 3.76219 ], [ 11.52634, 3.75332 ], [ 11.53054, 3.73894 ], [ 11.52958, 3.72427 ], [ 11.52269, 3.71845 ], [ 11.52668, 3.68008 ], [ 11.50461, 3.66006 ], [ 11.51236, 3.64067 ], [ 11.50074, 3.63196 ], [ 11.51322, 3.61696 ], [ 11.52778, 3.62129 ], [ 11.53374, 3.61651 ], [ 11.5455, 3.61772 ], [ 11.55373, 3.6245 ], [ 11.56394, 3.62 ], [ 11.5681, 3.61107 ], [ 11.57973, 3.60424 ], [ 11.58258, 3.56623 ], [ 11.59979, 3.55191 ], [ 11.6047, 3.55011 ], [ 11.62714, 3.56005 ], [ 11.64187, 3.55401 ], [ 11.6521, 3.5429 ], [ 11.66204, 3.54151 ], [ 11.66547, 3.55487 ], [ 11.67772, 3.55712 ], [ 11.69234, 3.58816 ], [ 11.72039, 3.60969 ], [ 11.73392, 3.61428 ], [ 11.76257, 3.642 ], [ 11.75763, 3.65248 ], [ 11.73802, 3.65267 ], [ 11.7115, 3.67059 ], [ 11.70771, 3.68436 ], [ 11.69028, 3.68741 ], [ 11.70171, 3.7008 ], [ 11.70347, 3.7139 ], [ 11.71646, 3.72432 ] ] ] } },
{ "type": "Feature", "properties": { "GID_1": "CMR.2_1", "GID_2": "CMR.2.6_1", "NAME_1": "Centre", "NAME_2": "Mefou et Akono", "superficie_km2": 1354.4, "pop_worldpop_2025": 294925.0, "densite_wp_2025": 217.8 }, "geometry": { "type": "Polygon", "coordinates": [ [ [ 11.33518, 3.41869 ], [ 11.33356, 3.4057 ], [ 11.34162, 3.40701 ], [ 11.35393, 3.39931 ], [ 11.35912, 3.38132 ], [ 11.35663, 3.36292 ], [ 11.36628, 3.34675 ], [ 11.37973, 3.345 ], [ 11.40508, 3.3586 ], [ 11.41847, 3.37074 ], [ 11.42686, 3.38562 ], [ 11.43508, 3.37755 ], [ 11.45557, 3.37351 ], [ 11.46751, 3.39838 ], [ 11.45466, 3.41325 ], [ 11.45742, 3.42896 ], [ 11.44883, 3.43137 ], [ 11.44772, 3.41966 ], [ 11.43545, 3.41627 ], [ 11.43017, 3.42641 ], [ 11.43702, 3.44033 ], [ 11.45463, 3.45661 ], [ 11.4574, 3.46756 ], [ 11.46417, 3.4708 ], [ 11.45979, 3.47875 ], [ 11.46578, 3.48534 ], [ 11.45446, 3.50214 ], [ 11.45414, 3.51745 ], [ 11.461, 3.53057 ], [ 11.45563, 3.54684 ], [ 11.45792, 3.58433 ], [ 11.46862, 3.59724 ], [ 11.4913, 3.59192 ], [ 11.49935, 3.59646 ], [ 11.49623, 3.60699 ], [ 11.51322, 3.61696 ], [ 11.50074, 3.63196 ], [ 11.51236, 3.64067 ], [ 11.50461, 3.66006 ], [ 11.52668, 3.68008 ], [ 11.52258, 3.71331 ], [ 11.5237, 3.72116 ], [ 11.52995, 3.72671 ], [ 11.52717, 3.7511 ], [ 11.49566, 3.75381 ], [ 11.47985, 3.73689 ], [ 11.46463, 3.7331 ], [ 11.45698, 3.72407 ], [ 11.44864, 3.72905 ], [ 11.4495, 3.73921 ], [ 11.43976, 3.74033 ], [ 11.43949, 3.74445 ], [ 11.45393, 3.75222 ], [ 11.45327, 3.75724 ], [ 11.46745, 3.76295 ], [ 11.46407, 3.7758 ], [ 11.47495, 3.79463 ], [ 11.46575, 3.82127 ], [ 11.45171, 3.84114 ], [ 11.42939, 3.85044 ], [ 11.42269, 3.86122 ], [ 11.41397, 3.86473 ], [ 11.41595, 3.8803 ], [ 11.38611, 3.86731 ], [ 11.28216, 3.86416 ], [ 11.25783, 3.83751 ], [ 11.2425, 3.82934 ], [ 11.22829, 3.83108 ], [ 11.22742, 3.82413 ], [ 11.21568, 3.81649 ], [ 11.21571, 3.80852 ], [ 11.22804, 3.78556 ], [ 11.22682, 3.77174 ], [ 11.2415, 3.74943 ], [ 11.24167, 3.73979 ], [ 11.24786, 3.72991 ], [ 11.24213, 3.72217 ], [ 11.24767, 3.71468 ], [ 11.24194, 3.70656 ], [ 11.23949, 3.68134 ], [ 11.25167, 3.67664 ], [ 11.25545, 3.65871 ], [ 11.25403, 3.63085 ], [ 11.24793, 3.62157 ], [ 11.2312, 3.61224 ], [ 11.23697, 3.60918 ], [ 11.24021, 3.60045 ], [ 11.23761, 3.57832 ], [ 11.24249, 3.57358 ], [ 11.24378, 3.53987 ], [ 11.24035, 3.53497 ], [ 11.25672, 3.53632 ], [ 11.25776, 3.53234 ], [ 11.25179, 3.5228 ], [ 11.25224, 3.50518 ], [ 11.23907, 3.50179 ], [ 11.23987, 3.49446 ], [ 11.21563, 3.47577 ], [ 11.18906, 3.46505 ], [ 11.19143, 3.44822 ], [ 11.23559, 3.45984 ], [ 11.24435, 3.44573 ], [ 11.27505, 3.44804 ], [ 11.30751, 3.42553 ], [ 11.30997, 3.41692 ], [ 11.31662, 3.41836 ], [ 11.31954, 3.42661 ], [ 11.33518, 3.41869 ] ] ] } },
{ "type": "Feature", "properties": { "GID_1": "CMR.2_1", "GID_2": "CMR.2.7_1", "NAME_1": "Centre", "NAME_2": "Mfoundi", "superficie_km2": 317.5, "pop_worldpop_2025": 3390518.0, "densite_wp_2025": 10678.0 }, "geometry": { "type": "Polygon", "coordinates": [ [ [ 11.49566, 3.75381 ], [ 11.52717, 3.7511 ], [ 11.53325, 3.76219 ], [ 11.54082, 3.80087 ], [ 11.54758, 3.81151 ], [ 11.5573, 3.81435 ], [ 11.56049, 3.82802 ], [ 11.57051, 3.83473 ], [ 11.57169, 3.8484 ], [ 11.56828, 3.85226 ], [ 11.57517, 3.86657 ], [ 11.57257, 3.89798 ], [ 11.57627, 3.8997 ], [ 11.57624, 3.90777 ], [ 11.56831, 3.92124 ], [ 11.57143, 3.93088 ], [ 11.55492, 3.92584 ], [ 11.55119, 3.93165 ], [ 11.56178, 3.94985 ], [ 11.56218, 3.96367 ], [ 11.57514, 3.96931 ], [ 11.56784, 3.97781 ], [ 11.57502, 3.9988 ], [ 11.57336, 4.02113 ], [ 11.55671, 4.01868 ], [ 11.54493, 4.02403 ], [ 11.53263, 4.01929 ], [ 11.52212, 3.99151 ], [ 11.50701, 3.98277 ], [ 11.48566, 3.95387 ], [ 11.47659, 3.95554 ], [ 11.4742, 3.95226 ], [ 11.46151, 3.91941 ], [ 11.45144, 3.90921 ], [ 11.45359, 3.89879 ], [ 11.41595, 3.8803 ], [ 11.41397, 3.86473 ], [ 11.42269, 3.86122 ], [ 11.42939, 3.85044 ], [ 11.45171, 3.84114 ], [ 11.46575, 3.82127 ], [ 11.47495, 3.79463 ], [ 11.46407, 3.7758 ], [ 11.46745, 3.76295 ], [ 11.45327, 3.75724 ], [ 11.45393, 3.75222 ], [ 11.43949, 3.74445 ], [ 11.43976, 3.74033 ], [ 11.4495, 3.73921 ], [ 11.44864, 3.72905 ], [ 11.45698, 3.72407 ], [ 11.46463, 3.7331 ], [ 11.47985, 3.73689 ], [ 11.49566, 3.75381 ] ] ] } },
{ "type": "Feature", "properties": { "GID_1": "CMR.2_1", "GID_2": "CMR.2.8_1", "NAME_1": "Centre", "NAME_2": "Nyong et Kéllé", "superficie_km2": 6379.8, "pop_worldpop_2025": 214670.0, "densite_wp_2025": 33.6 }, "geometry": { "type": "Polygon", "coordinates": [ [ [ 10.84729, 3.39852 ], [ 10.86508, 3.38815 ], [ 10.88148, 3.40267 ], [ 10.88633, 3.39988 ], [ 10.89568, 3.40905 ], [ 10.95436, 3.41525 ], [ 10.96689, 3.39666 ], [ 10.98211, 3.39337 ], [ 10.9905, 3.39403 ], [ 10.99987, 3.41381 ], [ 11.01624, 3.41005 ], [ 11.03158, 3.41537 ], [ 11.06086, 3.39493 ], [ 11.08117, 3.40628 ], [ 11.10535, 3.39969 ], [ 11.12421, 3.41154 ], [ 11.12919, 3.43069 ], [ 11.13802, 3.43944 ], [ 11.21563, 3.47577 ], [ 11.23987, 3.49446 ], [ 11.23907, 3.50179 ], [ 11.25224, 3.50518 ], [ 11.25179, 3.5228 ], [ 11.25775, 3.53517 ], [ 11.24035, 3.53497 ], [ 11.24378, 3.53987 ], [ 11.24249, 3.57358 ], [ 11.23761, 3.57832 ], [ 11.24021, 3.60045 ], [ 11.23697, 3.60918 ], [ 11.2312, 3.61224 ], [ 11.24793, 3.62157 ], [ 11.25403, 3.63085 ], [ 11.25545, 3.65871 ], [ 11.25167, 3.67664 ], [ 11.23949, 3.68134 ], [ 11.24194, 3.70656 ], [ 11.24767, 3.71468 ], [ 11.24213, 3.72217 ], [ 11.24786, 3.72991 ], [ 11.24167, 3.73979 ], [ 11.2415, 3.74943 ], [ 11.22682, 3.77174 ], [ 11.22804, 3.78556 ], [ 11.21668, 3.8066 ], [ 11.20828, 3.804 ], [ 11.20178, 3.79564 ], [ 11.16362, 3.80066 ], [ 11.16114, 3.80849 ], [ 11.16685, 3.81762 ], [ 11.15447, 3.84035 ], [ 11.18624, 3.86345 ], [ 11.18679, 3.89156 ], [ 11.18239, 3.89565 ], [ 11.16903, 3.89598 ], [ 11.17022, 3.9122 ], [ 11.1848, 3.93783 ], [ 11.2023, 3.92768 ], [ 11.20831, 3.92975 ], [ 11.21125, 3.96502 ], [ 11.20614, 3.97994 ], [ 11.19935, 3.97971 ], [ 11.19272, 4.009 ], [ 11.17975, 4.00339 ], [ 11.17307, 4.02157 ], [ 11.1584, 4.02676 ], [ 11.14525, 4.04846 ], [ 11.13545, 4.04939 ], [ 11.13543, 4.0342 ], [ 11.11267, 4.02825 ], [ 11.12059, 4.05477 ], [ 11.14345, 4.05995 ], [ 11.14515, 4.07081 ], [ 11.13831, 4.0809 ], [ 11.14432, 4.10102 ], [ 11.1364, 4.11413 ], [ 11.12675, 4.12421 ], [ 11.12015, 4.12545 ], [ 11.10654, 4.14203 ], [ 11.10878, 4.16035 ], [ 11.09943, 4.16783 ], [ 11.07858, 4.16685 ], [ 11.07802, 4.18243 ], [ 11.07338, 4.18744 ], [ 11.05191, 4.18156 ], [ 10.98184, 4.14259 ], [ 10.93989, 4.12598 ], [ 10.85033, 4.11482 ], [ 10.83415, 4.09502 ], [ 10.77939, 4.0875 ], [ 10.75889, 4.06771 ], [ 10.72488, 4.0549 ], [ 10.71566, 4.05522 ], [ 10.70145, 4.06733 ], [ 10.69242, 4.06836 ], [ 10.68277, 4.05458 ], [ 10.68779, 4.05518 ], [ 10.68938, 4.04873 ], [ 10.69608, 4.04489 ], [ 10.69215, 4.03141 ], [ 10.70226, 4.02323 ], [ 10.69532, 4.01247 ], [ 10.69831, 4.00542 ], [ 10.69186, 3.98902 ], [ 10.66809, 3.98504 ], [ 10.645, 3.96777 ], [ 10.64745, 3.93686 ], [ 10.6415, 3.92046 ], [ 10.64999, 3.90383 ], [ 10.65057, 3.89175 ], [ 10.65627, 3.88831 ], [ 10.65585, 3.87825 ], [ 10.65986, 3.87713 ], [ 10.66629, 3.83604 ], [ 10.65797, 3.83223 ], [ 10.65306, 3.83677 ], [ 10.64412, 3.8235 ], [ 10.64598, 3.79883 ], [ 10.65458, 3.79136 ], [ 10.65057, 3.78825 ], [ 10.64807, 3.7949 ], [ 10.64356, 3.79501 ], [ 10.64506, 3.78937 ], [ 10.62922, 3.78829 ], [ 10.6253, 3.78145 ], [ 10.61968, 3.78045 ], [ 10.62145, 3.76082 ], [ 10.61653, 3.7568 ], [ 10.61591, 3.74804 ], [ 10.60729, 3.74343 ], [ 10.60565, 3.72682 ], [ 10.59765, 3.73428 ], [ 10.59152, 3.72775 ], [ 10.59264, 3.73379 ], [ 10.58303, 3.74518 ], [ 10.57521, 3.74127 ], [ 10.57242, 3.74872 ], [ 10.58115, 3.75676 ], [ 10.55892, 3.76828 ], [ 10.5517, 3.76749 ], [ 10.54871, 3.77787 ], [ 10.5422, 3.77818 ], [ 10.54241, 3.78341 ], [ 10.536, 3.78856 ], [ 10.52988, 3.78636 ], [ 10.52409, 3.79684 ], [ 10.52107, 3.79221 ], [ 10.51227, 3.79928 ], [ 10.50874, 3.7879 ], [ 10.50375, 3.80382 ], [ 10.49253, 3.80283 ], [ 10.49364, 3.81149 ], [ 10.48834, 3.81613 ], [ 10.48382, 3.8102 ], [ 10.47399, 3.80991 ], [ 10.46849, 3.81496 ], [ 10.4712, 3.81737 ], [ 10.4684, 3.82332 ], [ 10.46278, 3.8199 ], [ 10.45848, 3.82303 ], [ 10.44324, 3.82074 ], [ 10.43922, 3.81521 ], [ 10.429, 3.81623 ], [ 10.42357, 3.81121 ], [ 10.41466, 3.81394 ], [ 10.40603, 3.80983 ], [ 10.40381, 3.80147 ], [ 10.39519, 3.80189 ], [ 10.39297, 3.79233 ], [ 10.38545, 3.79425 ], [ 10.37682, 3.78682 ], [ 10.37721, 3.78087 ], [ 10.38323, 3.77976 ], [ 10.3772, 3.77242 ], [ 10.36399, 3.724 ], [ 10.37326, 3.69106 ], [ 10.35257, 3.65716 ], [ 10.35245, 3.6493 ], [ 10.34013, 3.65124 ], [ 10.34111, 3.63714 ], [ 10.32762, 3.59577 ], [ 10.33042, 3.58993 ], [ 10.3249, 3.58661 ], [ 10.3276, 3.57946 ], [ 10.32327, 3.56416 ], [ 10.31986, 3.56578 ], [ 10.31283, 3.55833 ], [ 10.2983, 3.55322 ], [ 10.28493, 3.52555 ], [ 10.27319, 3.51761 ], [ 10.23962, 3.51896 ], [ 10.23283, 3.51665 ], [ 10.23059, 3.50994 ], [ 10.23611, 3.50412 ], [ 10.23692, 3.4872 ], [ 10.24308, 3.48054 ], [ 10.23852, 3.47738 ], [ 10.23921, 3.46601 ], [ 10.25458, 3.45605 ], [ 10.25119, 3.41327 ], [ 10.29053, 3.33635 ], [ 10.29681, 3.33108 ], [ 10.55417, 3.40392 ], [ 10.76239, 3.47342 ], [ 10.81531, 3.45859 ], [ 10.82022, 3.4336 ], [ 10.82783, 3.43023 ], [ 10.83362, 3.41989 ], [ 10.82741, 3.4088 ], [ 10.83359, 3.40773 ], [ 10.8431, 3.39652 ], [ 10.84729, 3.39852 ] ] ] } },
{ "type": "Feature", "properties": { "GID_1": "CMR.2_1", "GID_2": "CMR.2.9_1", "NAME_1": "Centre", "NAME_2": "Nyong et Mfoumou", "superficie_km2": 6160.0, "pop_worldpop_2025": 203159.0, "densite_wp_2025": 33.0 }, "geometry": { "type": "Polygon", "coordinates": [ [ [ 12.39705, 3.5974 ], [ 12.41403, 3.60785 ], [ 12.43278, 3.61093 ], [ 12.43216, 3.62479 ], [ 12.43921, 3.6522 ], [ 12.44892, 3.65331 ], [ 12.44611, 3.66593 ], [ 12.45729, 3.67736 ], [ 12.47762, 3.67155 ], [ 12.49593, 3.68208 ], [ 12.50078, 3.68073 ], [ 12.52777, 3.62701 ], [ 12.52297, 3.59004 ], [ 12.52614, 3.57378 ], [ 12.54362, 3.56779 ], [ 12.56361, 3.53343 ], [ 12.57046, 3.55762 ], [ 12.60174, 3.61531 ], [ 12.61812, 3.71012 ], [ 12.60454, 3.73253 ], [ 12.56505, 3.76911 ], [ 12.54896, 3.77652 ], [ 12.55146, 3.79163 ], [ 12.53039, 3.798 ], [ 12.50158, 3.82996 ], [ 12.49323, 3.88601 ], [ 12.50047, 3.89567 ], [ 12.50719, 3.87892 ], [ 12.52032, 3.87567 ], [ 12.53265, 3.8819 ], [ 12.55692, 3.9049 ], [ 12.55697, 3.91896 ], [ 12.56926, 3.91656 ], [ 12.59083, 3.92744 ], [ 12.6132, 3.92734 ], [ 12.63244, 3.93993 ], [ 12.65468, 3.93461 ], [ 12.6716, 3.94891 ], [ 12.68143, 3.96718 ], [ 12.7011, 3.98072 ], [ 12.72647, 4.01041 ], [ 12.76216, 4.02558 ], [ 12.76419, 4.03036 ], [ 12.79963, 4.03658 ], [ 12.8079, 4.05954 ], [ 12.80274, 4.06744 ], [ 12.79113, 4.07771 ], [ 12.75566, 4.08735 ], [ 12.74941, 4.11251 ], [ 12.75338, 4.12122 ], [ 12.78268, 4.12959 ], [ 12.77651, 4.14825 ], [ 12.78573, 4.16854 ], [ 12.7934, 4.17585 ], [ 12.78324, 4.20166 ], [ 12.8044, 4.2584 ], [ 12.79548, 4.29879 ], [ 12.79019, 4.30084 ], [ 12.77647, 4.29388 ], [ 12.77076, 4.29657 ], [ 12.771, 4.30168 ], [ 12.78174, 4.30855 ], [ 12.78308, 4.34239 ], [ 12.75985, 4.32976 ], [ 12.68377, 4.38172 ], [ 12.65882, 4.38803 ], [ 12.62317, 4.38614 ], [ 12.61418, 4.39072 ], [ 12.48852, 4.35953 ], [ 12.34669, 4.21783 ], [ 12.34009, 4.19664 ], [ 12.31761, 4.18809 ], [ 12.27128, 4.14079 ], [ 12.19256, 4.12032 ], [ 12.16865, 4.10412 ], [ 12.15631, 4.08804 ], [ 12.14711, 4.06603 ], [ 12.11693, 4.05953 ], [ 12.11861, 4.05589 ], [ 12.10963, 4.04368 ], [ 12.11702, 4.03403 ], [ 12.11604, 4.01847 ], [ 12.10525, 3.99376 ], [ 12.06547, 3.97412 ], [ 12.04658, 3.95199 ], [ 12.02282, 3.94597 ], [ 12.00731, 3.93467 ], [ 12.02104, 3.89282 ], [ 12.01659, 3.86092 ], [ 12.02951, 3.83921 ], [ 12.01908, 3.83033 ], [ 12.00468, 3.82944 ], [ 11.99337, 3.81864 ], [ 11.98228, 3.82089 ], [ 11.97051, 3.80742 ], [ 11.95706, 3.80415 ], [ 11.94476, 3.78146 ], [ 11.94848, 3.75651 ], [ 11.95635, 3.74801 ], [ 11.95446, 3.73981 ], [ 11.96617, 3.73181 ], [ 11.96332, 3.72167 ], [ 11.97565, 3.72139 ], [ 11.98809, 3.6898 ], [ 12.00915, 3.68643 ], [ 12.0101, 3.67219 ], [ 12.00244, 3.67397 ], [ 11.99312, 3.66852 ], [ 11.98204, 3.65016 ], [ 11.96078, 3.64715 ], [ 11.95056, 3.64011 ], [ 11.94958, 3.63083 ], [ 11.95987, 3.61512 ], [ 11.93954, 3.57194 ], [ 11.92395, 3.55629 ], [ 11.9202, 3.53321 ], [ 11.91053, 3.53035 ], [ 11.90174, 3.53552 ], [ 11.91004, 3.54358 ], [ 11.90841, 3.55827 ], [ 11.8904, 3.56307 ], [ 11.876, 3.56178 ], [ 11.86067, 3.56975 ], [ 11.84674, 3.56484 ], [ 11.84766, 3.55818 ], [ 11.82865, 3.54546 ], [ 11.82583, 3.53113 ], [ 11.8288, 3.52495 ], [ 11.81355, 3.51845 ], [ 11.80967, 3.5415 ], [ 11.79532, 3.54543 ], [ 11.79547, 3.52602 ], [ 11.79135, 3.52058 ], [ 11.79226, 3.48605 ], [ 11.87235, 3.50087 ], [ 11.88443, 3.49233 ], [ 11.89324, 3.49218 ], [ 11.89236, 3.47378 ], [ 11.92171, 3.45543 ], [ 11.92567, 3.44423 ], [ 11.94174, 3.44141 ], [ 11.94987, 3.45257 ], [ 11.98055, 3.4345 ], [ 11.98231, 3.41881 ], [ 11.99397, 3.40673 ], [ 12.13368, 3.36154 ], [ 12.13851, 3.32481 ], [ 12.12897, 3.31404 ], [ 12.13341, 3.30513 ], [ 12.12959, 3.29969 ], [ 12.13974, 3.29144 ], [ 12.14574, 3.29305 ], [ 12.14319, 3.29975 ], [ 12.14683, 3.307 ], [ 12.15882, 3.3105 ], [ 12.15, 3.31646 ], [ 12.16077, 3.32541 ], [ 12.17172, 3.32681 ], [ 12.17998, 3.32219 ], [ 12.19265, 3.32913 ], [ 12.19298, 3.31182 ], [ 12.19736, 3.31458 ], [ 12.20515, 3.31131 ], [ 12.20993, 3.31961 ], [ 12.21526, 3.32064 ], [ 12.21549, 3.33316 ], [ 12.22323, 3.34356 ], [ 12.25411, 3.47404 ], [ 12.39705, 3.5974 ] ] ] } },
{ "type": "Feature", "properties": { "GID_1": "CMR.2_1", "GID_2": "CMR.2.10_1", "NAME_1": "Centre", "NAME_2": "Nyong et So'o", "superficie_km2": 3603.1, "pop_worldpop_2025": 137889.0, "densite_wp_2025": 38.3 }, "geometry": { "type": "Polygon", "coordinates": [ [ [ 11.8362, 3.37182 ], [ 11.85026, 3.36518 ], [ 11.85229, 3.37493 ], [ 11.86011, 3.38132 ], [ 11.86124, 3.40818 ], [ 11.89236, 3.47378 ], [ 11.8936, 3.491 ], [ 11.86902, 3.50077 ], [ 11.79226, 3.48605 ], [ 11.79532, 3.54543 ], [ 11.80967, 3.5415 ], [ 11.81448, 3.51845 ], [ 11.8288, 3.52495 ], [ 11.82583, 3.53113 ], [ 11.82865, 3.54546 ], [ 11.84766, 3.55818 ], [ 11.84674, 3.56484 ], [ 11.86258, 3.56976 ], [ 11.876, 3.56178 ], [ 11.8904, 3.56307 ], [ 11.90841, 3.55827 ], [ 11.91004, 3.54358 ], [ 11.90174, 3.53552 ], [ 11.90716, 3.53091 ], [ 11.91863, 3.53219 ], [ 11.92395, 3.55629 ], [ 11.93954, 3.57194 ], [ 11.95987, 3.61512 ], [ 11.94958, 3.63083 ], [ 11.95056, 3.64011 ], [ 11.96078, 3.64715 ], [ 11.98204, 3.65016 ], [ 11.99312, 3.66852 ], [ 12.01099, 3.67389 ], [ 12.00915, 3.68643 ], [ 11.9899, 3.68879 ], [ 11.9838, 3.69521 ], [ 11.97565, 3.72139 ], [ 11.96332, 3.72167 ], [ 11.96552, 3.73341 ], [ 11.95542, 3.73788 ], [ 11.95635, 3.74801 ], [ 11.94848, 3.75651 ], [ 11.94732, 3.76792 ], [ 11.9376, 3.78435 ], [ 11.93023, 3.78713 ], [ 11.91, 3.81134 ], [ 11.89146, 3.80982 ], [ 11.88284, 3.81478 ], [ 11.88682, 3.82655 ], [ 11.8833, 3.8295 ], [ 11.82873, 3.82136 ], [ 11.81566, 3.81308 ], [ 11.81308, 3.79685 ], [ 11.80237, 3.79578 ], [ 11.77262, 3.77944 ], [ 11.75691, 3.7813 ], [ 11.74285, 3.77722 ], [ 11.74274, 3.77242 ], [ 11.75336, 3.76131 ], [ 11.72506, 3.73875 ], [ 11.71531, 3.72199 ], [ 11.70347, 3.7139 ], [ 11.70171, 3.7008 ], [ 11.69028, 3.68741 ], [ 11.70771, 3.68436 ], [ 11.7115, 3.67059 ], [ 11.73802, 3.65267 ], [ 11.75763, 3.65248 ], [ 11.76257, 3.642 ], [ 11.73392, 3.61428 ], [ 11.72039, 3.60969 ], [ 11.69234, 3.58816 ], [ 11.67772, 3.55712 ], [ 11.66547, 3.55487 ], [ 11.66204, 3.54151 ], [ 11.6521, 3.5429 ], [ 11.64187, 3.55401 ], [ 11.62714, 3.56005 ], [ 11.6047, 3.55011 ], [ 11.59979, 3.55191 ], [ 11.58141, 3.56856 ], [ 11.57973, 3.60424 ], [ 11.55669, 3.62451 ], [ 11.5455, 3.61772 ], [ 11.53374, 3.61651 ], [ 11.52778, 3.62129 ], [ 11.50759, 3.61578 ], [ 11.49623, 3.60699 ], [ 11.50049, 3.59903 ], [ 11.49539, 3.59323 ], [ 11.46862, 3.59724 ], [ 11.46262, 3.59387 ], [ 11.45792, 3.58433 ], [ 11.45563, 3.54684 ], [ 11.46088, 3.52851 ], [ 11.45402, 3.51526 ], [ 11.45601, 3.49803 ], [ 11.46578, 3.48534 ], [ 11.45979, 3.47875 ], [ 11.46417, 3.4708 ], [ 11.4574, 3.46756 ], [ 11.45463, 3.45661 ], [ 11.43702, 3.44033 ], [ 11.43017, 3.42641 ], [ 11.43545, 3.41627 ], [ 11.44772, 3.41966 ], [ 11.44883, 3.43137 ], [ 11.45742, 3.42896 ], [ 11.45466, 3.41325 ], [ 11.46751, 3.39838 ], [ 11.45557, 3.37351 ], [ 11.43508, 3.37755 ], [ 11.42686, 3.38562 ], [ 11.41847, 3.37074 ], [ 11.40508, 3.3586 ], [ 11.37973, 3.345 ], [ 11.36628, 3.34675 ], [ 11.35663, 3.36292 ], [ 11.35912, 3.38132 ], [ 11.35393, 3.39931 ], [ 11.34162, 3.40701 ], [ 11.33356, 3.4057 ], [ 11.33518, 3.41869 ], [ 11.3303, 3.42356 ], [ 11.31954, 3.42661 ], [ 11.31662, 3.41836 ], [ 11.30997, 3.41692 ], [ 11.30751, 3.42553 ], [ 11.27505, 3.44804 ], [ 11.24435, 3.44573 ], [ 11.23559, 3.45984 ], [ 11.19941, 3.45224 ], [ 11.19259, 3.44707 ], [ 11.18906, 3.46505 ], [ 11.13802, 3.43944 ], [ 11.12919, 3.43069 ], [ 11.12421, 3.41154 ], [ 11.10788, 3.40104 ], [ 11.0985, 3.3998 ], [ 11.08117, 3.40628 ], [ 11.06105, 3.39506 ], [ 11.06523, 3.38794 ], [ 11.06129, 3.3733 ], [ 11.06765, 3.36104 ], [ 11.08251, 3.36551 ], [ 11.08781, 3.35 ], [ 11.07969, 3.33891 ], [ 11.09967, 3.3316 ], [ 11.09867, 3.31122 ], [ 11.1132, 3.29358 ], [ 11.11355, 3.28019 ], [ 11.11858, 3.27118 ], [ 11.11159, 3.25168 ], [ 11.13935, 3.23363 ], [ 11.15914, 3.22957 ], [ 11.1712, 3.21663 ], [ 11.17547, 3.20724 ], [ 11.1722, 3.19175 ], [ 11.179, 3.16686 ], [ 11.17355, 3.15414 ], [ 11.1844, 3.15269 ], [ 11.18903, 3.13593 ], [ 11.21048, 3.10872 ], [ 11.21885, 3.10449 ], [ 11.23629, 3.11823 ], [ 11.25134, 3.12231 ], [ 11.2705, 3.13547 ], [ 11.29705, 3.13293 ], [ 11.29789, 3.12575 ], [ 11.31281, 3.11653 ], [ 11.33146, 3.11333 ], [ 11.34643, 3.12602 ], [ 11.35513, 3.14351 ], [ 11.36121, 3.13977 ], [ 11.40471, 3.14455 ], [ 11.41259, 3.13496 ], [ 11.50138, 3.13609 ], [ 11.50574, 3.13092 ], [ 11.54515, 3.1357 ], [ 11.55031, 3.14391 ], [ 11.56495, 3.13747 ], [ 11.58585, 3.16152 ], [ 11.60328, 3.16836 ], [ 11.61489, 3.16785 ], [ 11.64082, 3.18768 ], [ 11.67223, 3.19066 ], [ 11.68354, 3.18728 ], [ 11.69908, 3.19863 ], [ 11.70181, 3.2582 ], [ 11.70975, 3.27702 ], [ 11.73678, 3.27829 ], [ 11.74566, 3.28754 ], [ 11.73456, 3.33472 ], [ 11.75907, 3.31849 ], [ 11.77011, 3.31961 ], [ 11.77455, 3.30993 ], [ 11.77827, 3.31279 ], [ 11.77526, 3.32332 ], [ 11.8362, 3.37182 ] ] ] } },
{ "type": "Feature", "properties": { "GID_1": "CMR.3_1", "GID_2": "CMR.3.1_1", "NAME_1": "Est", "NAME_2": "Boumba et Ngoko", "superficie_km2": 30771.3, "pop_worldpop_2025": 191717.0, "densite_wp_2025": 6.2 }, "geometry": { "type": "Polygon", "coordinates": [ [ [ 16.08329, 2.58726 ], [ 16.06514, 2.64102 ], [ 16.07257, 2.67734 ], [ 16.08679, 2.70152 ], [ 16.05821, 2.71293 ], [ 16.06388, 2.72264 ], [ 16.05935, 2.72687 ], [ 16.06569, 2.73122 ], [ 16.06464, 2.75246 ], [ 16.06105, 2.75803 ], [ 16.05778, 2.75569 ], [ 16.05985, 2.76453 ], [ 16.05034, 2.78592 ], [ 16.05201, 2.79355 ], [ 16.07528, 2.80318 ], [ 16.09303, 2.82977 ], [ 16.07165, 2.91047 ], [ 16.05766, 2.92067 ], [ 16.05395, 2.93796 ], [ 16.03491, 2.96727 ], [ 16.03206, 2.98396 ], [ 16.01113, 2.98934 ], [ 16.01108, 3.00153 ], [ 16.00615, 3.00408 ], [ 15.97708, 3.00277 ], [ 15.96948, 2.99427 ], [ 15.95822, 3.00091 ], [ 15.93025, 3.03726 ], [ 15.91939, 3.04182 ], [ 15.88338, 3.10123 ], [ 15.86544, 3.10044 ], [ 15.86271, 3.10735 ], [ 15.85385, 3.11211 ], [ 15.83718, 3.11132 ], [ 15.82424, 3.10349 ], [ 15.81031, 3.10611 ], [ 15.80404, 3.09781 ], [ 15.80004, 3.10083 ], [ 15.49434, 3.4577 ], [ 15.2489, 3.71067 ], [ 15.10881, 3.94322 ], [ 15.09163, 3.99667 ], [ 15.07635, 4.02173 ], [ 15.05758, 4.01216 ], [ 15.04596, 3.97516 ], [ 15.03625, 3.96531 ], [ 15.03457, 3.95185 ], [ 14.99269, 3.91469 ], [ 14.97563, 3.91132 ], [ 14.96788, 3.90049 ], [ 14.93763, 3.89723 ], [ 14.91941, 3.90123 ], [ 14.90403, 3.89141 ], [ 14.89063, 3.86103 ], [ 14.86677, 3.84278 ], [ 14.86928, 3.83111 ], [ 14.86154, 3.82396 ], [ 14.85871, 3.8125 ], [ 14.83862, 3.79609 ], [ 14.81444, 3.76141 ], [ 14.41859, 3.73808 ], [ 14.41714, 3.71584 ], [ 14.43284, 3.70357 ], [ 14.43794, 3.69064 ], [ 14.43817, 3.65229 ], [ 14.4567, 3.63616 ], [ 14.46909, 3.60505 ], [ 14.4756, 3.60214 ], [ 14.48189, 3.59135 ], [ 14.4812, 3.56727 ], [ 14.47527, 3.55646 ], [ 14.47401, 3.537 ], [ 14.48243, 3.51233 ], [ 14.48971, 3.50999 ], [ 14.49488, 3.4926 ], [ 14.50266, 3.48301 ], [ 14.50062, 3.46836 ], [ 14.50543, 3.46374 ], [ 14.50416, 3.4511 ], [ 14.51269, 3.43688 ], [ 14.5093, 3.43034 ], [ 14.51065, 3.41096 ], [ 14.51836, 3.39588 ], [ 14.43719, 3.21606 ], [ 14.42038, 3.19608 ], [ 14.4146, 3.18393 ], [ 14.4158, 3.17619 ], [ 14.40422, 3.16761 ], [ 14.40134, 3.14188 ], [ 14.40622, 3.12789 ], [ 14.40187, 3.08419 ], [ 14.3905, 3.07318 ], [ 14.37926, 3.07005 ], [ 14.37549, 3.05994 ], [ 14.37932, 3.03608 ], [ 14.37353, 3.02926 ], [ 14.37558, 3.01986 ], [ 14.3975, 3.00197 ], [ 14.40934, 2.98327 ], [ 14.43117, 2.97309 ], [ 14.43402, 2.95391 ], [ 14.43987, 2.94934 ], [ 14.37976, 2.93451 ], [ 14.37798, 2.92348 ], [ 14.35364, 2.89687 ], [ 14.34954, 2.88234 ], [ 14.33208, 2.87974 ], [ 14.3255, 2.85897 ], [ 14.33707, 2.85445 ], [ 14.32822, 2.84589 ], [ 14.32896, 2.83802 ], [ 14.33621, 2.83553 ], [ 14.33883, 2.82864 ], [ 14.3518, 2.82965 ], [ 14.35787, 2.81436 ], [ 14.36757, 2.80897 ], [ 14.37875, 2.79377 ], [ 14.39093, 2.79132 ], [ 14.3983, 2.79593 ], [ 14.42365, 2.78822 ], [ 14.44645, 2.79275 ], [ 14.45462, 2.78648 ], [ 14.4869, 2.77658 ], [ 14.49884, 2.78137 ], [ 14.51023, 2.77654 ], [ 14.52924, 2.77607 ], [ 14.55594, 2.75302 ], [ 14.55917, 2.74519 ], [ 14.56982, 2.75086 ], [ 14.57626, 2.76085 ], [ 14.59013, 2.76237 ], [ 14.59847, 2.75879 ], [ 14.59541, 2.20356 ], [ 14.61035, 2.19296 ], [ 14.62835, 2.15879 ], [ 14.6451, 2.15563 ], [ 14.64805, 2.14864 ], [ 14.64206, 2.13974 ], [ 14.64805, 2.1315 ], [ 14.68317, 2.13525 ], [ 14.69802, 2.12127 ], [ 14.69888, 2.11246 ], [ 14.72677, 2.10557 ], [ 14.71839, 2.11802 ], [ 14.72448, 2.12644 ], [ 14.75246, 2.10845 ], [ 14.7517, 2.0983 ], [ 14.73819, 2.0959 ], [ 14.74124, 2.08939 ], [ 14.7617, 2.09945 ], [ 14.77093, 2.09677 ], [ 14.77436, 2.08423 ], [ 14.76437, 2.07245 ], [ 14.77017, 2.06364 ], [ 14.79292, 2.07437 ], [ 14.8091, 2.05982 ], [ 14.82946, 2.06834 ], [ 14.84374, 2.08538 ], [ 14.86239, 2.08117 ], [ 14.86658, 2.08634 ], [ 14.85944, 2.10683 ], [ 14.87476, 2.11076 ], [ 14.8819, 2.0715 ], [ 14.89513, 2.06356 ], [ 14.91264, 2.06404 ], [ 14.91578, 2.05351 ], [ 14.91008, 2.03924 ], [ 14.89218, 2.02449 ], [ 14.89514, 2.01597 ], [ 14.91798, 2.00151 ], [ 14.95395, 2.00372 ], [ 14.97165, 2.01013 ], [ 14.9766, 2.02871 ], [ 14.98355, 2.03531 ], [ 14.99982, 2.01664 ], [ 15.03304, 1.99974 ], [ 15.04023, 1.97997 ], [ 15.04836, 1.97695 ], [ 15.06934, 2.00081 ], [ 15.07633, 1.99444 ], [ 15.07407, 1.98573 ], [ 15.0774, 1.98251 ], [ 15.11091, 1.98171 ], [ 15.12124, 2.01073 ], [ 15.13676, 2.00624 ], [ 15.14708, 2.01193 ], [ 15.15275, 2.04062 ], [ 15.16221, 2.04169 ], [ 15.16441, 2.03063 ], [ 15.17733, 2.01468 ], [ 15.20111, 2.0384 ], [ 15.24228, 2.03129 ], [ 15.24848, 2.02781 ], [ 15.24888, 2.01882 ], [ 15.24008, 2.01105 ], [ 15.25687, 2.00823 ], [ 15.2923, 1.98933 ], [ 15.30909, 1.96607 ], [ 15.30489, 1.93812 ], [ 15.31881, 1.93155 ], [ 15.33573, 1.9416 ], [ 15.33506, 1.92699 ], [ 15.34618, 1.91177 ], [ 15.39488, 1.93776 ], [ 15.415, 1.94346 ], [ 15.42806, 1.95847 ], [ 15.47576, 1.97213 ], [ 15.48615, 1.98258 ], [ 15.53191, 1.95549 ], [ 15.54497, 1.96312 ], [ 15.56421, 1.94817 ], [ 15.58899, 1.95339 ], [ 15.6175, 1.93977 ], [ 15.66732, 1.92783 ], [ 15.68651, 1.93425 ], [ 15.71814, 1.92365 ], [ 15.72779, 1.91279 ], [ 15.74805, 1.91948 ], [ 15.7639, 1.91029 ], [ 15.78507, 1.88978 ], [ 15.79219, 1.87255 ], [ 15.8059, 1.85901 ], [ 15.82974, 1.85109 ], [ 15.84625, 1.83312 ], [ 15.8679, 1.8317 ], [ 15.88213, 1.79932 ], [ 15.88346, 1.78726 ], [ 15.89379, 1.7953 ], [ 15.91137, 1.7971 ], [ 15.91436, 1.78242 ], [ 15.93774, 1.77959 ], [ 15.96144, 1.76604 ], [ 16.02711, 1.76634 ], [ 16.03216, 1.75548 ], [ 16.01449, 1.72051 ], [ 16.02374, 1.7065 ], [ 16.02053, 1.67447 ], [ 16.02964, 1.65858 ], [ 16.05082, 1.6581 ], [ 16.06014, 1.65227 ], [ 16.086, 1.68951 ], [ 16.1187, 1.69941 ], [ 16.13767, 1.68365 ], [ 16.14913, 1.69423 ], [ 16.14741, 1.71219 ], [ 16.13923, 1.72466 ], [ 16.13451, 1.74403 ], [ 16.14225, 1.76058 ], [ 16.13854, 1.79469 ], [ 16.11153, 1.84758 ], [ 16.10622, 1.87244 ], [ 16.11136, 1.88846 ], [ 16.1081, 1.89174 ], [ 16.09337, 1.88733 ], [ 16.08812, 1.89102 ], [ 16.07377, 1.95114 ], [ 16.05079, 1.97459 ], [ 16.05786, 1.98296 ], [ 16.05361, 2.00836 ], [ 16.07954, 2.03334 ], [ 16.08361, 2.04567 ], [ 16.08221, 2.05163 ], [ 16.07003, 2.05841 ], [ 16.06344, 2.0692 ], [ 16.08337, 2.07998 ], [ 16.08944, 2.09304 ], [ 16.07954, 2.13165 ], [ 16.08371, 2.19363 ], [ 16.08911, 2.2006 ], [ 16.13201, 2.19715 ], [ 16.13627, 2.19319 ], [ 16.13826, 2.17938 ], [ 16.14572, 2.17656 ], [ 16.16225, 2.19464 ], [ 16.18004, 2.19925 ], [ 16.19105, 2.21988 ], [ 16.18699, 2.22786 ], [ 16.16149, 2.24839 ], [ 16.17031, 2.27773 ], [ 16.1475, 2.32613 ], [ 16.14811, 2.34684 ], [ 16.11551, 2.39216 ], [ 16.09775, 2.43071 ], [ 16.0847, 2.43876 ], [ 16.08391, 2.45183 ], [ 16.07232, 2.46249 ], [ 16.08353, 2.48326 ], [ 16.08042, 2.50236 ], [ 16.06937, 2.51202 ], [ 16.06458, 2.52429 ], [ 16.08329, 2.58726 ] ] ] } },
{ "type": "Feature", "properties": { "GID_1": "CMR.3_1", "GID_2": "CMR.3.2_1", "NAME_1": "Est", "NAME_2": "Haut Nyong", "superficie_km2": 36068.5, "pop_worldpop_2025": 328316.0, "densite_wp_2025": 9.1 }, "geometry": { "type": "Polygon", "coordinates": [ [ [ 14.59847, 2.75879 ], [ 14.59013, 2.76237 ], [ 14.57626, 2.76085 ], [ 14.56982, 2.75086 ], [ 14.55917, 2.74519 ], [ 14.55594, 2.75302 ], [ 14.52924, 2.77607 ], [ 14.51023, 2.77654 ], [ 14.49884, 2.78137 ], [ 14.4869, 2.77658 ], [ 14.45462, 2.78648 ], [ 14.44645, 2.79275 ], [ 14.42365, 2.78822 ], [ 14.3983, 2.79593 ], [ 14.39093, 2.79132 ], [ 14.37875, 2.79377 ], [ 14.36757, 2.80897 ], [ 14.35787, 2.81436 ], [ 14.3518, 2.82965 ], [ 14.33883, 2.82864 ], [ 14.33621, 2.83553 ], [ 14.32896, 2.83802 ], [ 14.32822, 2.84589 ], [ 14.33707, 2.85445 ], [ 14.3255, 2.85897 ], [ 14.33208, 2.87974 ], [ 14.34954, 2.88234 ], [ 14.35364, 2.89687 ], [ 14.37798, 2.92348 ], [ 14.37976, 2.93451 ], [ 14.43987, 2.94934 ], [ 14.43402, 2.95391 ], [ 14.43117, 2.97309 ], [ 14.40934, 2.98327 ], [ 14.3975, 3.00197 ], [ 14.37558, 3.01986 ], [ 14.37353, 3.02926 ], [ 14.37932, 3.03608 ], [ 14.37549, 3.05994 ], [ 14.37926, 3.07005 ], [ 14.3905, 3.07318 ], [ 14.40187, 3.08419 ], [ 14.40622, 3.12789 ], [ 14.40134, 3.14188 ], [ 14.40422, 3.16761 ], [ 14.4158, 3.17619 ], [ 14.4146, 3.18393 ], [ 14.42038, 3.19608 ], [ 14.43719, 3.21606 ], [ 14.51836, 3.39588 ], [ 14.51065, 3.41096 ], [ 14.5093, 3.43034 ], [ 14.51269, 3.43688 ], [ 14.50416, 3.4511 ], [ 14.50543, 3.46374 ], [ 14.50062, 3.46836 ], [ 14.50266, 3.48301 ], [ 14.49488, 3.4926 ], [ 14.48971, 3.50999 ], [ 14.48243, 3.51233 ], [ 14.47401, 3.537 ], [ 14.47527, 3.55646 ], [ 14.4812, 3.56727 ], [ 14.48189, 3.59135 ], [ 14.4756, 3.60214 ], [ 14.46909, 3.60505 ], [ 14.4567, 3.63616 ], [ 14.43817, 3.65229 ], [ 14.43794, 3.69064 ], [ 14.43284, 3.70357 ], [ 14.41714, 3.71584 ], [ 14.41859, 3.73808 ], [ 14.01117, 3.68077 ], [ 14.00299, 3.66667 ], [ 13.99267, 3.67574 ], [ 13.98201, 3.67644 ], [ 13.97366, 3.68483 ], [ 13.9747, 3.69483 ], [ 13.96416, 3.71236 ], [ 13.95445, 3.70988 ], [ 13.93933, 3.72014 ], [ 13.93237, 3.73234 ], [ 13.92546, 3.76455 ], [ 13.92719, 3.78082 ], [ 13.91196, 3.79109 ], [ 13.90781, 3.80045 ], [ 13.87515, 3.8179 ], [ 13.86505, 3.81824 ], [ 13.85609, 3.82981 ], [ 13.83934, 3.82775 ], [ 13.81086, 3.83405 ], [ 13.79771, 3.85636 ], [ 13.78494, 3.86282 ], [ 13.77826, 3.87401 ], [ 13.76061, 3.88633 ], [ 13.74405, 3.89003 ], [ 13.73505, 3.88269 ], [ 13.70287, 3.87757 ], [ 13.68361, 3.88276 ], [ 13.67604, 3.88063 ], [ 13.66621, 3.88745 ], [ 13.66115, 3.89948 ], [ 13.64809, 3.907 ], [ 13.62516, 3.90661 ], [ 13.6074, 3.9195 ], [ 13.56029, 3.92773 ], [ 13.54611, 3.93651 ], [ 13.51651, 3.93843 ], [ 13.51453, 3.94921 ], [ 13.53135, 3.95565 ], [ 13.53364, 3.97031 ], [ 13.544, 3.98181 ], [ 13.54518, 3.98998 ], [ 13.50819, 4.04318 ], [ 13.64533, 4.17732 ], [ 13.67535, 4.23976 ], [ 13.68096, 4.24238 ], [ 13.75332, 4.33668 ], [ 13.73783, 4.35318 ], [ 13.72208, 4.3622 ], [ 13.70744, 4.37993 ], [ 13.68846, 4.38851 ], [ 13.68794, 4.39668 ], [ 13.68052, 4.40216 ], [ 13.67672, 4.4139 ], [ 13.66194, 4.42846 ], [ 13.61825, 4.45168 ], [ 13.60386, 4.45479 ], [ 13.5851, 4.47645 ], [ 13.56735, 4.48458 ], [ 13.53618, 4.48146 ], [ 13.5227, 4.49791 ], [ 13.49252, 4.50721 ], [ 13.4864, 4.51478 ], [ 13.45634, 4.53233 ], [ 13.17126, 4.55368 ], [ 13.14098, 4.54438 ], [ 13.12922, 4.54573 ], [ 13.1212, 4.55258 ], [ 13.09135, 4.56159 ], [ 13.07494, 4.58456 ], [ 13.05845, 4.59497 ], [ 13.04149, 4.59518 ], [ 13.02384, 4.60645 ], [ 13.00665, 4.60474 ], [ 13.00022, 4.59243 ], [ 12.97687, 4.59001 ], [ 12.97949, 4.56466 ], [ 12.8772, 4.51786 ], [ 12.84284, 4.37466 ], [ 12.78308, 4.34239 ], [ 12.78174, 4.30855 ], [ 12.77035, 4.29966 ], [ 12.77647, 4.29388 ], [ 12.79019, 4.30084 ], [ 12.79548, 4.29879 ], [ 12.8044, 4.2584 ], [ 12.78357, 4.20411 ], [ 12.78844, 4.1813 ], [ 12.7934, 4.17585 ], [ 12.78573, 4.16854 ], [ 12.77651, 4.14825 ], [ 12.78375, 4.13236 ], [ 12.77959, 4.12748 ], [ 12.752, 4.12027 ], [ 12.75042, 4.10132 ], [ 12.75566, 4.08735 ], [ 12.79113, 4.07771 ], [ 12.80274, 4.06744 ], [ 12.8079, 4.05954 ], [ 12.79963, 4.03658 ], [ 12.76419, 4.03036 ], [ 12.76216, 4.02558 ], [ 12.72647, 4.01041 ], [ 12.7011, 3.98072 ], [ 12.68143, 3.96718 ], [ 12.6716, 3.94891 ], [ 12.65468, 3.93461 ], [ 12.63244, 3.93993 ], [ 12.6132, 3.92734 ], [ 12.59083, 3.92744 ], [ 12.56926, 3.91656 ], [ 12.55697, 3.91896 ], [ 12.55692, 3.9049 ], [ 12.53265, 3.8819 ], [ 12.52032, 3.87567 ], [ 12.50719, 3.87892 ], [ 12.50047, 3.89567 ], [ 12.49323, 3.88601 ], [ 12.50158, 3.82996 ], [ 12.53039, 3.798 ], [ 12.55146, 3.79163 ], [ 12.54896, 3.77652 ], [ 12.56505, 3.76911 ], [ 12.60454, 3.73253 ], [ 12.61812, 3.71012 ], [ 12.60174, 3.61531 ], [ 12.56725, 3.5505 ], [ 12.56099, 3.52019 ], [ 12.56378, 3.50251 ], [ 12.54761, 3.43027 ], [ 12.54922, 3.40545 ], [ 12.5425, 3.3928 ], [ 12.5499, 3.38937 ], [ 12.55071, 3.37893 ], [ 12.55897, 3.37688 ], [ 12.76521, 3.17032 ], [ 12.77059, 2.99597 ], [ 12.76473, 2.97316 ], [ 12.77088, 2.94578 ], [ 12.78185, 2.9319 ], [ 12.79253, 2.92793 ], [ 12.79478, 2.90429 ], [ 12.8058, 2.90723 ], [ 12.81324, 2.9154 ], [ 12.82401, 2.90749 ], [ 12.83326, 2.88808 ], [ 12.84215, 2.8871 ], [ 12.85996, 2.89374 ], [ 12.8743, 2.87528 ], [ 12.90245, 2.8739 ], [ 12.91496, 2.87822 ], [ 12.92497, 2.86669 ], [ 12.93717, 2.87219 ], [ 12.93967, 2.86281 ], [ 12.95387, 2.86734 ], [ 12.96689, 2.86453 ], [ 12.97944, 2.88332 ], [ 12.98676, 2.88649 ], [ 12.98766, 2.87329 ], [ 13.00278, 2.86781 ], [ 13.00208, 2.84929 ], [ 13.01968, 2.85849 ], [ 13.0388, 2.84767 ], [ 13.07002, 2.84703 ], [ 13.08132, 2.83763 ], [ 13.08664, 2.8474 ], [ 13.08318, 2.85507 ], [ 13.09798, 2.85183 ], [ 13.09435, 2.84141 ], [ 13.11244, 2.84145 ], [ 13.11865, 2.8592 ], [ 13.13126, 2.86469 ], [ 13.13446, 2.87244 ], [ 13.13696, 2.86211 ], [ 13.14574, 2.85974 ], [ 13.15394, 2.84588 ], [ 13.18021, 2.85153 ], [ 13.1929, 2.84818 ], [ 13.20079, 2.8656 ], [ 13.21063, 2.86472 ], [ 13.22475, 2.84977 ], [ 13.2367, 2.84653 ], [ 13.23774, 2.84259 ], [ 13.22894, 2.83784 ], [ 13.23314, 2.82771 ], [ 13.25514, 2.82625 ], [ 13.26063, 2.82229 ], [ 13.2683, 2.80875 ], [ 13.26442, 2.78823 ], [ 13.26747, 2.78226 ], [ 13.28651, 2.78219 ], [ 13.29182, 2.78696 ], [ 13.29164, 2.79526 ], [ 13.279, 2.81212 ], [ 13.27926, 2.8251 ], [ 13.27297, 2.84033 ], [ 13.28547, 2.84561 ], [ 13.30396, 2.83724 ], [ 13.3148, 2.82284 ], [ 13.31772, 2.81102 ], [ 13.32965, 2.80384 ], [ 13.33685, 2.80424 ], [ 13.34718, 2.7958 ], [ 13.37584, 2.82048 ], [ 13.38429, 2.81545 ], [ 13.38815, 2.80171 ], [ 13.40565, 2.78686 ], [ 13.42343, 2.78924 ], [ 13.43173, 2.77166 ], [ 13.44879, 2.77999 ], [ 13.47087, 2.77449 ], [ 13.48255, 2.78465 ], [ 13.50139, 2.78724 ], [ 13.51106, 2.80007 ], [ 13.51068, 2.81241 ], [ 13.49782, 2.82384 ], [ 13.504, 2.83488 ], [ 13.51046, 2.8373 ], [ 13.51117, 2.82974 ], [ 13.51834, 2.82163 ], [ 13.53378, 2.82157 ], [ 13.53613, 2.82773 ], [ 13.53032, 2.83041 ], [ 13.53491, 2.8406 ], [ 13.53263, 2.85348 ], [ 13.54639, 2.85545 ], [ 13.55131, 2.84309 ], [ 13.55809, 2.84392 ], [ 13.57614, 2.8616 ], [ 13.58299, 2.8821 ], [ 13.60175, 2.89287 ], [ 13.61455, 2.89229 ], [ 13.63046, 2.90445 ], [ 13.68009, 2.17169 ], [ 14.25279, 2.17252 ], [ 14.29152, 2.17186 ], [ 14.3039, 2.16258 ], [ 14.34615, 2.17562 ], [ 14.3629, 2.18769 ], [ 14.37242, 2.18215 ], [ 14.38346, 2.1856 ], [ 14.40211, 2.17814 ], [ 14.4122, 2.1813 ], [ 14.44295, 2.15718 ], [ 14.44686, 2.1455 ], [ 14.44524, 2.13028 ], [ 14.46276, 2.12607 ], [ 14.46628, 2.13067 ], [ 14.46589, 2.148 ], [ 14.48036, 2.14379 ], [ 14.48121, 2.15375 ], [ 14.49777, 2.16285 ], [ 14.53022, 2.16267 ], [ 14.53241, 2.16861 ], [ 14.56924, 2.17867 ], [ 14.58018, 2.17485 ], [ 14.5954, 2.20348 ], [ 14.59847, 2.75879 ] ] ] } },
{ "type": "Feature", "properties": { "GID_1": "CMR.3_1", "GID_2": "CMR.3.3_1", "NAME_1": "Est", "NAME_2": "Kadey", "superficie_km2": 16131.6, "pop_worldpop_2025": 307931.0, "densite_wp_2025": 19.1 }, "geometry": { "type": "Polygon", "coordinates": [ [ [ 14.86154, 3.82396 ], [ 14.86928, 3.83111 ], [ 14.86677, 3.84278 ], [ 14.89063, 3.86103 ], [ 14.90403, 3.89141 ], [ 14.91941, 3.90123 ], [ 14.93763, 3.89723 ], [ 14.96788, 3.90049 ], [ 14.97563, 3.91132 ], [ 14.99269, 3.91469 ], [ 15.0152, 3.93298 ], [ 15.03457, 3.95185 ], [ 15.03625, 3.96531 ], [ 15.04596, 3.97516 ], [ 15.05899, 4.0135 ], [ 15.09539, 4.0295 ], [ 15.1399, 4.03813 ], [ 15.14791, 4.04604 ], [ 15.18476, 4.0583 ], [ 15.17909, 4.0707 ], [ 15.16914, 4.07479 ], [ 15.1588, 4.07533 ], [ 15.14732, 4.0691 ], [ 15.13638, 4.1063 ], [ 15.12517, 4.11267 ], [ 15.12223, 4.12084 ], [ 15.11269, 4.12272 ], [ 15.10595, 4.13599 ], [ 15.10448, 4.14578 ], [ 15.11149, 4.15556 ], [ 15.10835, 4.17426 ], [ 15.11229, 4.17842 ], [ 15.10355, 4.18284 ], [ 15.10395, 4.2006 ], [ 15.09935, 4.21025 ], [ 15.10649, 4.21716 ], [ 15.09948, 4.22815 ], [ 15.10015, 4.23418 ], [ 15.09334, 4.23767 ], [ 15.09888, 4.24262 ], [ 15.09655, 4.25194 ], [ 15.10049, 4.26307 ], [ 15.09208, 4.2695 ], [ 15.09562, 4.27392 ], [ 15.09415, 4.29195 ], [ 15.0822, 4.31541 ], [ 15.07613, 4.31541 ], [ 15.0581, 4.34497 ], [ 15.04649, 4.35563 ], [ 15.04982, 4.36287 ], [ 15.04328, 4.37104 ], [ 15.03987, 4.37513 ], [ 15.03086, 4.36991 ], [ 15.01878, 4.39263 ], [ 15.02292, 4.39598 ], [ 15.0131, 4.42473 ], [ 14.98506, 4.42848 ], [ 14.98138, 4.43666 ], [ 14.96796, 4.44108 ], [ 14.94386, 4.44128 ], [ 14.94559, 4.45107 ], [ 14.90859, 4.46742 ], [ 14.8893, 4.4707 ], [ 14.8728, 4.49576 ], [ 14.85523, 4.50333 ], [ 14.85269, 4.51513 ], [ 14.83312, 4.51579 ], [ 14.83018, 4.51673 ], [ 14.83372, 4.52182 ], [ 14.81823, 4.53013 ], [ 14.81115, 4.52819 ], [ 14.8038, 4.54534 ], [ 14.7895, 4.55365 ], [ 14.76712, 4.58434 ], [ 14.75577, 4.58467 ], [ 14.73766, 4.61261 ], [ 14.73044, 4.61334 ], [ 14.73171, 4.6297 ], [ 14.72035, 4.64471 ], [ 14.72407, 4.69196 ], [ 14.71932, 4.70476 ], [ 14.71864, 4.74336 ], [ 14.70206, 4.76339 ], [ 14.71335, 4.77124 ], [ 14.72069, 4.78766 ], [ 14.71661, 4.79905 ], [ 14.72075, 4.80013 ], [ 14.71867, 4.81648 ], [ 14.71278, 4.83665 ], [ 14.70625, 4.84211 ], [ 14.7085, 4.85018 ], [ 14.70516, 4.85688 ], [ 14.71137, 4.8585 ], [ 14.71464, 4.86875 ], [ 14.70134, 4.88872 ], [ 14.69772, 4.91016 ], [ 14.68321, 4.92919 ], [ 14.69136, 4.93945 ], [ 14.68855, 4.94668 ], [ 14.69549, 4.95976 ], [ 14.69141, 4.97416 ], [ 14.6761, 4.98944 ], [ 14.68077, 5.00238 ], [ 14.67676, 5.01001 ], [ 14.68324, 5.00941 ], [ 14.67869, 5.01846 ], [ 14.68871, 5.02329 ], [ 14.67438, 5.08547 ], [ 14.68721, 5.08923 ], [ 14.69349, 5.09983 ], [ 14.6642, 5.19761 ], [ 14.65522, 5.2038 ], [ 14.64966, 5.2164 ], [ 14.63689, 5.21666 ], [ 14.62078, 5.22436 ], [ 14.60975, 5.22134 ], [ 14.56923, 5.23679 ], [ 14.5626, 5.24737 ], [ 14.53377, 5.26907 ], [ 14.52505, 5.2834 ], [ 14.51245, 5.27762 ], [ 14.49736, 5.26246 ], [ 14.48365, 5.26364 ], [ 14.46333, 5.25499 ], [ 14.45693, 5.2435 ], [ 14.46586, 5.23903 ], [ 14.4643, 5.22791 ], [ 14.45927, 5.22419 ], [ 14.46481, 5.21675 ], [ 14.45985, 5.21139 ], [ 14.46338, 5.20199 ], [ 14.4696, 5.20332 ], [ 14.47326, 5.19361 ], [ 14.48723, 5.18478 ], [ 14.49133, 5.17533 ], [ 14.48454, 5.16983 ], [ 14.48769, 5.15874 ], [ 14.48285, 5.15615 ], [ 14.48205, 5.14414 ], [ 14.4913, 5.13935 ], [ 14.49476, 5.13128 ], [ 14.50067, 5.13198 ], [ 14.50351, 5.1258 ], [ 14.5037, 5.1212 ], [ 14.49647, 5.12131 ], [ 14.50579, 5.10467 ], [ 14.49969, 5.09848 ], [ 14.51054, 5.08342 ], [ 14.51022, 5.07863 ], [ 14.50564, 5.07724 ], [ 14.51108, 5.07449 ], [ 14.50715, 5.07147 ], [ 14.50921, 5.06898 ], [ 14.49936, 5.06417 ], [ 14.49766, 5.05649 ], [ 14.49151, 5.05924 ], [ 14.49151, 5.05563 ], [ 14.48673, 5.05779 ], [ 14.47442, 5.05043 ], [ 14.47744, 5.0432 ], [ 14.47339, 5.03189 ], [ 14.46376, 5.02814 ], [ 14.4639, 5.0179 ], [ 14.45284, 5.01257 ], [ 14.45043, 5.0 ], [ 14.4408, 5.00386 ], [ 14.44244, 4.99355 ], [ 14.43746, 4.99552 ], [ 14.42923, 4.97568 ], [ 14.42033, 4.97243 ], [ 14.40633, 4.95679 ], [ 14.40147, 4.96972 ], [ 14.39453, 4.97221 ], [ 14.3889, 4.96485 ], [ 14.37967, 4.96603 ], [ 14.37582, 4.95729 ], [ 14.35846, 4.96436 ], [ 14.33968, 4.95167 ], [ 14.3278, 4.91303 ], [ 14.32387, 4.9108 ], [ 14.32669, 4.90692 ], [ 14.32133, 4.90423 ], [ 14.31826, 4.89247 ], [ 14.25704, 4.89464 ], [ 14.26132, 4.86922 ], [ 14.2559, 4.86265 ], [ 14.25747, 4.85785 ], [ 14.24688, 4.84822 ], [ 14.24441, 4.83423 ], [ 14.24776, 4.82548 ], [ 14.25804, 4.82273 ], [ 14.25576, 4.81222 ], [ 14.26309, 4.8073 ], [ 14.25591, 4.79442 ], [ 14.24897, 4.79468 ], [ 14.248, 4.78567 ], [ 14.24394, 4.78652 ], [ 14.24106, 4.77844 ], [ 14.26071, 4.7698 ], [ 14.25345, 4.76401 ], [ 14.25504, 4.75009 ], [ 14.23434, 4.70064 ], [ 14.19455, 4.7002 ], [ 14.17917, 4.69302 ], [ 14.15273, 4.69102 ], [ 14.12589, 4.64513 ], [ 14.10624, 4.65929 ], [ 14.08025, 4.66372 ], [ 14.04703, 4.64494 ], [ 13.98892, 4.64518 ], [ 13.9525, 4.62353 ], [ 13.95048, 4.61202 ], [ 13.95449, 4.60408 ], [ 13.95116, 4.59396 ], [ 13.95432, 4.58556 ], [ 13.95028, 4.57091 ], [ 13.94453, 4.56603 ], [ 13.94246, 4.54922 ], [ 13.94898, 4.52189 ], [ 13.94226, 4.50448 ], [ 13.94283, 4.4721 ], [ 13.95818, 4.44656 ], [ 13.96082, 4.4314 ], [ 13.97857, 4.41216 ], [ 13.9968, 4.38202 ], [ 13.75332, 4.33668 ], [ 13.68096, 4.24238 ], [ 13.67535, 4.23976 ], [ 13.64533, 4.17732 ], [ 13.50819, 4.04318 ], [ 13.54518, 3.98998 ], [ 13.544, 3.98181 ], [ 13.53364, 3.97031 ], [ 13.53135, 3.95565 ], [ 13.51579, 3.95084 ], [ 13.51434, 3.94131 ], [ 13.53055, 3.93535 ], [ 13.54611, 3.93651 ], [ 13.56029, 3.92773 ], [ 13.5773, 3.92677 ], [ 13.58867, 3.92024 ], [ 13.6074, 3.9195 ], [ 13.62516, 3.90661 ], [ 13.64809, 3.907 ], [ 13.66115, 3.89948 ], [ 13.66621, 3.88745 ], [ 13.67604, 3.88063 ], [ 13.68361, 3.88276 ], [ 13.70287, 3.87757 ], [ 13.73505, 3.88269 ], [ 13.74405, 3.89003 ], [ 13.76061, 3.88633 ], [ 13.77826, 3.87401 ], [ 13.78494, 3.86282 ], [ 13.79771, 3.85636 ], [ 13.81086, 3.83405 ], [ 13.83934, 3.82775 ], [ 13.85609, 3.82981 ], [ 13.86505, 3.81824 ], [ 13.87515, 3.8179 ], [ 13.90781, 3.80045 ], [ 13.91196, 3.79109 ], [ 13.92719, 3.78082 ], [ 13.92546, 3.76455 ], [ 13.93237, 3.73234 ], [ 13.93933, 3.72014 ], [ 13.95445, 3.70988 ], [ 13.96416, 3.71236 ], [ 13.9747, 3.69483 ], [ 13.97366, 3.68483 ], [ 13.98201, 3.67644 ], [ 13.99267, 3.67574 ], [ 14.00299, 3.66667 ], [ 14.01117, 3.68077 ], [ 14.41072, 3.73723 ], [ 14.81444, 3.76141 ], [ 14.83862, 3.79609 ], [ 14.85871, 3.8125 ], [ 14.86154, 3.82396 ] ] ] } },
{ "type": "Feature", "properties": { "GID_1": "CMR.3_1", "GID_2": "CMR.3.4_1", "NAME_1": "Est", "NAME_2": "Lom et Djerem", "superficie_km2": 25924.9, "pop_worldpop_2025": 453218.0, "densite_wp_2025": 17.5 }, "geometry": { "type": "Polygon", "coordinates": [ [ [ 13.70475, 4.38051 ], [ 13.75332, 4.33668 ], [ 13.99582, 4.38077 ], [ 13.97857, 4.41216 ], [ 13.96082, 4.4314 ], [ 13.95818, 4.44656 ], [ 13.94283, 4.4721 ], [ 13.94226, 4.50448 ], [ 13.94898, 4.52189 ], [ 13.94246, 4.54922 ], [ 13.94453, 4.56603 ], [ 13.95028, 4.57091 ], [ 13.95432, 4.58556 ], [ 13.95116, 4.59396 ], [ 13.95449, 4.60408 ], [ 13.95048, 4.61202 ], [ 13.9525, 4.62353 ], [ 13.98892, 4.64518 ], [ 14.04703, 4.64494 ], [ 14.08025, 4.66372 ], [ 14.10624, 4.65929 ], [ 14.12589, 4.64513 ], [ 14.15273, 4.69102 ], [ 14.17917, 4.69302 ], [ 14.19455, 4.7002 ], [ 14.23271, 4.69919 ], [ 14.24962, 4.73221 ], [ 14.25504, 4.75009 ], [ 14.25345, 4.76401 ], [ 14.26071, 4.7698 ], [ 14.24106, 4.77844 ], [ 14.24394, 4.78652 ], [ 14.248, 4.78567 ], [ 14.24897, 4.79468 ], [ 14.25591, 4.79442 ], [ 14.26309, 4.8073 ], [ 14.25576, 4.81222 ], [ 14.25804, 4.82273 ], [ 14.24776, 4.82548 ], [ 14.24441, 4.83423 ], [ 14.24688, 4.84822 ], [ 14.25747, 4.85785 ], [ 14.2559, 4.86265 ], [ 14.26132, 4.86922 ], [ 14.25704, 4.89464 ], [ 14.31826, 4.89247 ], [ 14.32133, 4.90423 ], [ 14.32669, 4.90692 ], [ 14.32387, 4.9108 ], [ 14.3278, 4.91303 ], [ 14.33968, 4.95167 ], [ 14.35846, 4.96436 ], [ 14.37582, 4.95729 ], [ 14.37967, 4.96603 ], [ 14.3889, 4.96485 ], [ 14.39453, 4.97221 ], [ 14.40147, 4.96972 ], [ 14.40633, 4.95679 ], [ 14.42033, 4.97243 ], [ 14.42923, 4.97568 ], [ 14.43746, 4.99552 ], [ 14.44244, 4.99355 ], [ 14.4408, 5.00386 ], [ 14.45043, 5.0 ], [ 14.45284, 5.01257 ], [ 14.4639, 5.0179 ], [ 14.46376, 5.02814 ], [ 14.47339, 5.03189 ], [ 14.47744, 5.0432 ], [ 14.47442, 5.05043 ], [ 14.48673, 5.05779 ], [ 14.49151, 5.05563 ], [ 14.49151, 5.05924 ], [ 14.49766, 5.05649 ], [ 14.49936, 5.06417 ], [ 14.50921, 5.06898 ], [ 14.50715, 5.07147 ], [ 14.51108, 5.07449 ], [ 14.50564, 5.07724 ], [ 14.51022, 5.07863 ], [ 14.51054, 5.08342 ], [ 14.49969, 5.09848 ], [ 14.50579, 5.10467 ], [ 14.49647, 5.12131 ], [ 14.5037, 5.1212 ], [ 14.50351, 5.1258 ], [ 14.50067, 5.13198 ], [ 14.49476, 5.13128 ], [ 14.4913, 5.13935 ], [ 14.48205, 5.14414 ], [ 14.48285, 5.15615 ], [ 14.48769, 5.15874 ], [ 14.48454, 5.16983 ], [ 14.49133, 5.17533 ], [ 14.48723, 5.18478 ], [ 14.47326, 5.19361 ], [ 14.4696, 5.20332 ], [ 14.46338, 5.20199 ], [ 14.45985, 5.21139 ], [ 14.46481, 5.21675 ], [ 14.45927, 5.22419 ], [ 14.4643, 5.22791 ], [ 14.46586, 5.23903 ], [ 14.45693, 5.2435 ], [ 14.46333, 5.25499 ], [ 14.48365, 5.26364 ], [ 14.49736, 5.26246 ], [ 14.54946, 5.30311 ], [ 14.54905, 5.31343 ], [ 14.5441, 5.31624 ], [ 14.55292, 5.32342 ], [ 14.55144, 5.3328 ], [ 14.56213, 5.35258 ], [ 14.56145, 5.36732 ], [ 14.57227, 5.37825 ], [ 14.57306, 5.39997 ], [ 14.5871, 5.40614 ], [ 14.59325, 5.40394 ], [ 14.6006, 5.41661 ], [ 14.59898, 5.43001 ], [ 14.60553, 5.45019 ], [ 14.59999, 5.45825 ], [ 14.61975, 5.4764 ], [ 14.61486, 5.48658 ], [ 14.6301, 5.50918 ], [ 14.62541, 5.52117 ], [ 14.61229, 5.53296 ], [ 14.60598, 5.56499 ], [ 14.59239, 5.58126 ], [ 14.59152, 5.59078 ], [ 14.59191, 5.60613 ], [ 14.607, 5.64286 ], [ 14.60766, 5.65908 ], [ 14.6281, 5.71311 ], [ 14.62313, 5.73991 ], [ 14.62176, 5.7875 ], [ 14.6253, 5.79822 ], [ 14.61482, 5.85283 ], [ 14.62035, 5.88936 ], [ 14.60701, 5.91529 ], [ 14.59623, 5.92339 ], [ 14.58098, 5.91942 ], [ 14.55951, 5.90037 ], [ 14.54846, 5.90197 ], [ 14.51347, 5.89417 ], [ 14.4986, 5.90535 ], [ 14.48848, 5.916 ], [ 14.48331, 5.93811 ], [ 14.47239, 5.94929 ], [ 14.464, 5.97227 ], [ 14.43432, 5.9981 ], [ 14.428, 6.02571 ], [ 14.42251, 6.02691 ], [ 14.41774, 6.04179 ], [ 14.40754, 6.05499 ], [ 14.40026, 6.05445 ], [ 14.39818, 6.06124 ], [ 14.38648, 6.05951 ], [ 14.38166, 6.03853 ], [ 14.40458, 6.01441 ], [ 14.38019, 6.01413 ], [ 14.37995, 5.99998 ], [ 12.88791, 6.00037 ], [ 12.88741, 5.9924 ], [ 12.87755, 5.98161 ], [ 12.877, 5.91849 ], [ 12.87189, 5.90193 ], [ 12.88191, 5.88983 ], [ 12.88528, 5.87054 ], [ 12.89993, 5.86767 ], [ 12.91532, 5.84968 ], [ 12.93441, 5.81336 ], [ 12.95181, 5.79472 ], [ 12.96423, 5.71598 ], [ 12.96739, 5.71128 ], [ 12.98796, 5.70497 ], [ 13.0006, 5.70573 ], [ 13.00564, 5.68196 ], [ 13.01352, 5.68329 ], [ 13.00714, 5.65173 ], [ 13.00909, 5.64224 ], [ 13.03176, 5.6174 ], [ 13.0317, 5.60942 ], [ 13.05556, 5.58871 ], [ 13.05469, 5.57009 ], [ 13.07161, 5.5587 ], [ 13.07684, 5.53238 ], [ 13.07182, 5.5272 ], [ 13.07358, 5.52048 ], [ 13.06938, 5.512 ], [ 13.00025, 5.38497 ], [ 12.95545, 5.32088 ], [ 12.93511, 5.31228 ], [ 12.92069, 5.31599 ], [ 12.90441, 5.32695 ], [ 12.88667, 5.32578 ], [ 12.86161, 5.30912 ], [ 12.84269, 5.30584 ], [ 12.80918, 5.27975 ], [ 12.90487, 5.21434 ], [ 13.00007, 5.12498 ], [ 13.03021, 5.10744 ], [ 13.04936, 5.08019 ], [ 13.05729, 5.07535 ], [ 13.05842, 5.03533 ], [ 13.03799, 4.99289 ], [ 13.02882, 4.98571 ], [ 13.02243, 4.96478 ], [ 13.01444, 4.95813 ], [ 13.03955, 4.95265 ], [ 13.05657, 4.94297 ], [ 13.06573, 4.93004 ], [ 13.09848, 4.92579 ], [ 13.11421, 4.93016 ], [ 13.1492, 4.92622 ], [ 13.16908, 4.91556 ], [ 13.18458, 4.91728 ], [ 13.18965, 4.91416 ], [ 13.19602, 4.86464 ], [ 13.20378, 4.86587 ], [ 13.20682, 4.86074 ], [ 13.2055, 4.8532 ], [ 13.19814, 4.84675 ], [ 13.20928, 4.84637 ], [ 13.20997, 4.83859 ], [ 13.22342, 4.83606 ], [ 13.23129, 4.82144 ], [ 13.24007, 4.8183 ], [ 13.2377, 4.81182 ], [ 13.24093, 4.80287 ], [ 13.23667, 4.80013 ], [ 13.24275, 4.7886 ], [ 13.23553, 4.78652 ], [ 13.23273, 4.78036 ], [ 13.24413, 4.78763 ], [ 13.24695, 4.7807 ], [ 13.2468, 4.77378 ], [ 13.23669, 4.76885 ], [ 13.23887, 4.76032 ], [ 13.22914, 4.76506 ], [ 13.22379, 4.75818 ], [ 13.22661, 4.75114 ], [ 13.22288, 4.74744 ], [ 13.22571, 4.7421 ], [ 13.22224, 4.72957 ], [ 13.23457, 4.71588 ], [ 13.23526, 4.70821 ], [ 13.21931, 4.70097 ], [ 13.22742, 4.69092 ], [ 13.22285, 4.67275 ], [ 13.22888, 4.65207 ], [ 13.20919, 4.60357 ], [ 13.21307, 4.57939 ], [ 13.2064, 4.56241 ], [ 13.21216, 4.54993 ], [ 13.25342, 4.54989 ], [ 13.45634, 4.53233 ], [ 13.4864, 4.51478 ], [ 13.49252, 4.50721 ], [ 13.5227, 4.49791 ], [ 13.53618, 4.48146 ], [ 13.56735, 4.48458 ], [ 13.5851, 4.47645 ], [ 13.60386, 4.45479 ], [ 13.61825, 4.45168 ], [ 13.66194, 4.42846 ], [ 13.67672, 4.4139 ], [ 13.68052, 4.40216 ], [ 13.68794, 4.39668 ], [ 13.68846, 4.38851 ], [ 13.70475, 4.38051 ] ] ] } },
{ "type": "Feature", "properties": { "GID_1": "CMR.4_1", "GID_2": "CMR.4.1_1", "NAME_1": "Extrême-Nord", "NAME_2": "Diamaré", "superficie_km2": 4777.7, "pop_worldpop_2025": 1139462.0, "densite_wp_2025": 238.5 }, "geometry": { "type": "Polygon", "coordinates": [ [ [ 14.45845, 10.54914 ], [ 14.50394, 10.48112 ], [ 14.55044, 10.46661 ], [ 14.70164, 10.47401 ], [ 14.73728, 10.52524 ], [ 14.69438, 10.54861 ], [ 14.69124, 10.58271 ], [ 14.7008, 10.58388 ], [ 14.70096, 10.59052 ], [ 14.78994, 10.65761 ], [ 14.78983, 10.82234 ], [ 14.80101, 10.8839 ], [ 14.79619, 10.92627 ], [ 14.81028, 10.94832 ], [ 14.81067, 10.97673 ], [ 14.80302, 11.03028 ], [ 14.78589, 11.03041 ], [ 14.76584, 11.04797 ], [ 14.72924, 11.02439 ], [ 14.70229, 11.03017 ], [ 14.54799, 11.15594 ], [ 14.49668, 11.11148 ], [ 14.48414, 11.09207 ], [ 14.43347, 11.04086 ], [ 14.43398, 11.02607 ], [ 14.42036, 11.00926 ], [ 14.40234, 10.99794 ], [ 14.3808, 10.99565 ], [ 14.37053, 10.98516 ], [ 14.37066, 10.97495 ], [ 14.35662, 10.96693 ], [ 14.34961, 10.95649 ], [ 14.32608, 10.95346 ], [ 14.31893, 10.95681 ], [ 14.30609, 10.93858 ], [ 14.29482, 10.93624 ], [ 14.28704, 10.94043 ], [ 14.28428, 10.93358 ], [ 14.26652, 10.92462 ], [ 14.25528, 10.90702 ], [ 14.24964, 10.9049 ], [ 14.24246, 10.87857 ], [ 14.23183, 10.87296 ], [ 14.22561, 10.85577 ], [ 14.21668, 10.85186 ], [ 14.21019, 10.84271 ], [ 14.18263, 10.84414 ], [ 14.1636, 10.83717 ], [ 14.14341, 10.81923 ], [ 14.13034, 10.79663 ], [ 14.13209, 10.78727 ], [ 14.12843, 10.78428 ], [ 14.07584, 10.80158 ], [ 14.06265, 10.80023 ], [ 14.07214, 10.77711 ], [ 14.05542, 10.7564 ], [ 14.05137, 10.74121 ], [ 14.03723, 10.73096 ], [ 14.03343, 10.67497 ], [ 14.06793, 10.65098 ], [ 14.06762, 10.63082 ], [ 14.05428, 10.60184 ], [ 14.06064, 10.59424 ], [ 14.05647, 10.5764 ], [ 14.07266, 10.56624 ], [ 14.09091, 10.56861 ], [ 14.0745, 10.5318 ], [ 14.07827, 10.51817 ], [ 14.09097, 10.50837 ], [ 14.09412, 10.49308 ], [ 14.08719, 10.48483 ], [ 14.07264, 10.48798 ], [ 14.05875, 10.4829 ], [ 14.04254, 10.4606 ], [ 14.03644, 10.46439 ], [ 14.00674, 10.4659 ], [ 13.9874, 10.45342 ], [ 13.98597, 10.43756 ], [ 13.99148, 10.42378 ], [ 13.97988, 10.40051 ], [ 13.97948, 10.36867 ], [ 13.96875, 10.34673 ], [ 13.95292, 10.29 ], [ 13.95782, 10.23529 ], [ 13.97386, 10.22994 ], [ 13.97918, 10.22518 ], [ 13.97998, 10.21719 ], [ 14.01193, 10.20167 ], [ 14.01404, 10.19582 ], [ 14.00385, 10.18639 ], [ 14.01352, 10.17392 ], [ 14.02281, 10.17082 ], [ 14.05183, 10.17257 ], [ 14.05856, 10.2427 ], [ 14.04708, 10.28595 ], [ 14.05008, 10.35255 ], [ 14.06574, 10.35846 ], [ 14.13099, 10.36356 ], [ 14.23594, 10.39654 ], [ 14.2498, 10.42217 ], [ 14.27045, 10.43797 ], [ 14.28399, 10.49267 ], [ 14.38819, 10.53588 ], [ 14.41869, 10.54421 ], [ 14.4392, 10.55829 ], [ 14.45845, 10.54914 ] ] ] } },
{ "type": "Feature", "properties": { "GID_1": "CMR.4_1", "GID_2": "CMR.4.2_1", "NAME_1": "Extrême-Nord", "NAME_2": "Logone et Chari", "superficie_km2": 12128.8, "pop_worldpop_2025": 814944.0, "densite_wp_2025": 67.2 }, "geometry": { "type": "Polygon", "coordinates": [ [ [ 14.76816, 11.04615 ], [ 14.78589, 11.03041 ], [ 14.80749, 11.03025 ], [ 14.8847, 11.0849 ], [ 14.90586, 11.08617 ], [ 14.99566, 11.01859 ], [ 15.00378, 11.01774 ], [ 14.99895, 11.00972 ], [ 15.00689, 11.00528 ], [ 15.01535, 11.00903 ], [ 15.01691, 10.99965 ], [ 15.03504, 10.99589 ], [ 15.04819, 10.99776 ], [ 15.05527, 11.00533 ], [ 15.04735, 11.01356 ], [ 15.05066, 11.02114 ], [ 15.07418, 11.02378 ], [ 15.08404, 11.03128 ], [ 15.08275, 11.04174 ], [ 15.09811, 11.04541 ], [ 15.09642, 11.0609 ], [ 15.11203, 11.08461 ], [ 15.0987, 11.10594 ], [ 15.10073, 11.14938 ], [ 15.09686, 11.16599 ], [ 15.08635, 11.17166 ], [ 15.07018, 11.1981 ], [ 15.05992, 11.2306 ], [ 15.06696, 11.23802 ], [ 15.0672, 11.2488 ], [ 15.06227, 11.26525 ], [ 15.05014, 11.27971 ], [ 15.07588, 11.32251 ], [ 15.05064, 11.34295 ], [ 15.07071, 11.36507 ], [ 15.05842, 11.39526 ], [ 15.06303, 11.4006 ], [ 15.06198, 11.41306 ], [ 15.06902, 11.41745 ], [ 15.07162, 11.4319 ], [ 15.07809, 11.43462 ], [ 15.07461, 11.44356 ], [ 15.08247, 11.44699 ], [ 15.09188, 11.46519 ], [ 15.10171, 11.47267 ], [ 15.09862, 11.48306 ], [ 15.10884, 11.48481 ], [ 15.10954, 11.49642 ], [ 15.1334, 11.50642 ], [ 15.13271, 11.51727 ], [ 15.14084, 11.52734 ], [ 15.14682, 11.55431 ], [ 15.13234, 11.56845 ], [ 15.10284, 11.58036 ], [ 15.10292, 11.60657 ], [ 15.08883, 11.61773 ], [ 15.08891, 11.63072 ], [ 15.07985, 11.63981 ], [ 15.08853, 11.64882 ], [ 15.08512, 11.65852 ], [ 15.07698, 11.66385 ], [ 15.08234, 11.68228 ], [ 15.06452, 11.70948 ], [ 15.07848, 11.73017 ], [ 15.10645, 11.72428 ], [ 15.09808, 11.74404 ], [ 15.08536, 11.75235 ], [ 15.08174, 11.75989 ], [ 15.0957, 11.77165 ], [ 15.10957, 11.77309 ], [ 15.12136, 11.77981 ], [ 15.1247, 11.78638 ], [ 15.09935, 11.81037 ], [ 15.09549, 11.84597 ], [ 15.08161, 11.85697 ], [ 15.06602, 11.83933 ], [ 15.05227, 11.85024 ], [ 15.04812, 11.86095 ], [ 15.04928, 11.87456 ], [ 15.04021, 11.89991 ], [ 15.04146, 11.90869 ], [ 15.05829, 11.91648 ], [ 15.06411, 11.9284 ], [ 15.06457, 11.93565 ], [ 15.04882, 11.95804 ], [ 15.05209, 11.96972 ], [ 15.06047, 11.97728 ], [ 15.07762, 11.97293 ], [ 15.08638, 11.98102 ], [ 15.08926, 11.99362 ], [ 15.08546, 11.99866 ], [ 15.05939, 11.99966 ], [ 15.0393, 12.02396 ], [ 15.04466, 12.03076 ], [ 15.05358, 12.02823 ], [ 15.05925, 12.04679 ], [ 15.05227, 12.06436 ], [ 15.03683, 12.07414 ], [ 15.03737, 12.09683 ], [ 15.03279, 12.10454 ], [ 15.00206, 12.11684 ], [ 14.99166, 12.10714 ], [ 14.98855, 12.08385 ], [ 14.95984, 12.09286 ], [ 14.885, 12.16074 ], [ 14.88911, 12.16975 ], [ 14.90611, 12.17442 ], [ 14.91185, 12.18206 ], [ 14.89756, 12.19099 ], [ 14.89305, 12.20039 ], [ 14.90372, 12.22029 ], [ 14.89651, 12.24307 ], [ 14.90658, 12.26933 ], [ 14.905, 12.28142 ], [ 14.89322, 12.3024 ], [ 14.91036, 12.32493 ], [ 14.90093, 12.34088 ], [ 14.90955, 12.37615 ], [ 14.88073, 12.42659 ], [ 14.87705, 12.46044 ], [ 14.86592, 12.46056 ], [ 14.86461, 12.45117 ], [ 14.85519, 12.44601 ], [ 14.84615, 12.45669 ], [ 14.84496, 12.46969 ], [ 14.85818, 12.47999 ], [ 14.85896, 12.49647 ], [ 14.85122, 12.51345 ], [ 14.85265, 12.55958 ], [ 14.84094, 12.58599 ], [ 14.83097, 12.62953 ], [ 14.8239, 12.63351 ], [ 14.79035, 12.62834 ], [ 14.77266, 12.63193 ], [ 14.76348, 12.64157 ], [ 14.75742, 12.67554 ], [ 14.74732, 12.68544 ], [ 14.735, 12.68016 ], [ 14.7307, 12.65943 ], [ 14.72284, 12.65389 ], [ 14.71459, 12.65491 ], [ 14.70698, 12.66095 ], [ 14.70513, 12.67137 ], [ 14.70997, 12.68386 ], [ 14.72594, 12.70318 ], [ 14.71753, 12.719 ], [ 14.70363, 12.72388 ], [ 14.663, 12.71855 ], [ 14.65316, 12.7224 ], [ 14.63741, 12.7377 ], [ 14.61762, 12.73741 ], [ 14.62558, 12.76059 ], [ 14.62176, 12.77036 ], [ 14.61482, 12.76765 ], [ 14.59519, 12.74394 ], [ 14.57931, 12.7528 ], [ 14.57902, 12.77017 ], [ 14.57442, 12.7784 ], [ 14.55686, 12.77271 ], [ 14.54741, 12.79597 ], [ 14.56477, 12.82671 ], [ 14.56551, 12.84018 ], [ 14.55603, 12.86313 ], [ 14.55772, 12.87875 ], [ 14.5715, 12.88218 ], [ 14.56422, 12.88988 ], [ 14.56328, 12.91067 ], [ 14.55159, 12.93428 ], [ 14.53965, 12.93696 ], [ 14.52924, 12.961 ], [ 14.53341, 12.97051 ], [ 14.45983, 13.07382 ], [ 14.08549, 13.07739 ], [ 14.18374, 12.52923 ], [ 14.19702, 12.50389 ], [ 14.1879, 12.49888 ], [ 14.18448, 12.48222 ], [ 14.17406, 12.47963 ], [ 14.18098, 12.45395 ], [ 14.17871, 12.44823 ], [ 14.19438, 12.44814 ], [ 14.18595, 12.44307 ], [ 14.19274, 12.43313 ], [ 14.1855, 12.4359 ], [ 14.18114, 12.42719 ], [ 14.17336, 12.42935 ], [ 14.17664, 12.41774 ], [ 14.17065, 12.41042 ], [ 14.18563, 12.40598 ], [ 14.19775, 12.386 ], [ 14.21816, 12.376 ], [ 14.2157, 12.36878 ], [ 14.22051, 12.36236 ], [ 14.26132, 12.36808 ], [ 14.27316, 12.37346 ], [ 14.28222, 12.37043 ], [ 14.28584, 12.35908 ], [ 14.29297, 12.35564 ], [ 14.29609, 12.36134 ], [ 14.28912, 12.36832 ], [ 14.2914, 12.37251 ], [ 14.29927, 12.36872 ], [ 14.29981, 12.36038 ], [ 14.30904, 12.35856 ], [ 14.32889, 12.37466 ], [ 14.35101, 12.36295 ], [ 14.36395, 12.36466 ], [ 14.37878, 12.35699 ], [ 14.39992, 12.36621 ], [ 14.4229, 12.36144 ], [ 14.43346, 12.36917 ], [ 14.44359, 12.36224 ], [ 14.44363, 12.35181 ], [ 14.44796, 12.34684 ], [ 14.46346, 12.35935 ], [ 14.476, 12.3449 ], [ 14.4872, 12.3515 ], [ 14.48533, 12.34007 ], [ 14.50119, 12.32897 ], [ 14.52048, 12.32473 ], [ 14.5207, 12.31404 ], [ 14.50969, 12.31488 ], [ 14.51437, 12.3046 ], [ 14.51101, 12.29622 ], [ 14.52039, 12.29591 ], [ 14.545, 12.28034 ], [ 14.54144, 12.27217 ], [ 14.54815, 12.25644 ], [ 14.55971, 12.25927 ], [ 14.54797, 12.24103 ], [ 14.54866, 12.23532 ], [ 14.56703, 12.22991 ], [ 14.5719, 12.22414 ], [ 14.59114, 12.22649 ], [ 14.59395, 12.2199 ], [ 14.59048, 12.21586 ], [ 14.60061, 12.2113 ], [ 14.60732, 12.19703 ], [ 14.59706, 12.19509 ], [ 14.59747, 12.1903 ], [ 14.61522, 12.189 ], [ 14.61355, 12.18296 ], [ 14.62901, 12.17919 ], [ 14.62805, 12.18743 ], [ 14.63203, 12.19221 ], [ 14.63946, 12.18857 ], [ 14.64188, 12.19409 ], [ 14.64756, 12.19051 ], [ 14.65223, 12.19637 ], [ 14.65943, 12.19711 ], [ 14.66518, 12.18887 ], [ 14.66263, 12.17824 ], [ 14.67255, 12.17407 ], [ 14.676, 12.16617 ], [ 14.67622, 12.15985 ], [ 14.66687, 12.14849 ], [ 14.64945, 12.13579 ], [ 14.654, 12.11746 ], [ 14.63399, 12.0918 ], [ 14.639, 12.07534 ], [ 14.65333, 12.06701 ], [ 14.65306, 12.06234 ], [ 14.63164, 12.05807 ], [ 14.61969, 12.04031 ], [ 14.62086, 12.02557 ], [ 14.63188, 12.00825 ], [ 14.63314, 11.98947 ], [ 14.6423, 11.96886 ], [ 14.65184, 11.96308 ], [ 14.65369, 11.957 ], [ 14.6337, 11.93157 ], [ 14.64204, 11.91014 ], [ 14.6282, 11.90132 ], [ 14.61779, 11.88068 ], [ 14.60905, 11.87555 ], [ 14.60279, 11.86496 ], [ 14.61428, 11.85033 ], [ 14.60474, 11.83309 ], [ 14.60893, 11.81788 ], [ 14.6046, 11.79558 ], [ 14.61263, 11.78061 ], [ 14.59882, 11.75972 ], [ 14.58407, 11.75047 ], [ 14.57673, 11.75036 ], [ 14.57185, 11.73533 ], [ 14.54847, 11.72299 ], [ 14.55679, 11.70894 ], [ 14.56612, 11.709 ], [ 14.57977, 11.69974 ], [ 14.5991, 11.70058 ], [ 14.60962, 11.67829 ], [ 14.61885, 11.67567 ], [ 14.62605, 11.66353 ], [ 14.63975, 11.65302 ], [ 14.63731, 11.62842 ], [ 14.6502, 11.60924 ], [ 14.64283, 11.59756 ], [ 14.64262, 11.57602 ], [ 14.62818, 11.55686 ], [ 14.6131, 11.51138 ], [ 14.59545, 11.49982 ], [ 14.5696, 11.49399 ], [ 14.55487, 11.48196 ], [ 14.51614, 11.47279 ], [ 14.46448, 11.4243 ], [ 14.47406, 11.38936 ], [ 14.47175, 11.36397 ], [ 14.4611, 11.32771 ], [ 14.4644, 11.31936 ], [ 14.46306, 11.29205 ], [ 14.4697, 11.25567 ], [ 14.48565, 11.22703 ], [ 14.4804, 11.16948 ], [ 14.48234, 11.14509 ], [ 14.48928, 11.12906 ], [ 14.5014, 11.1156 ], [ 14.54799, 11.15594 ], [ 14.70229, 11.03017 ], [ 14.72924, 11.02439 ], [ 14.76816, 11.04615 ] ] ] } },
{ "type": "Feature", "properties": { "GID_1": "CMR.4_1", "GID_2": "CMR.4.3_1", "NAME_1": "Extrême-Nord", "NAME_2": "Mayo Danay", "superficie_km2": 5276.9, "pop_worldpop_2025": 897890.0, "densite_wp_2025": 170.2 }, "geometry": { "type": "Polygon", "coordinates": [ [ [ 15.49484, 10.12424 ], [ 15.48713, 10.12372 ], [ 15.4806, 10.14356 ], [ 15.46122, 10.15947 ], [ 15.44524, 10.19628 ], [ 15.41165, 10.2197 ], [ 15.40323, 10.24323 ], [ 15.38671, 10.2519 ], [ 15.3691, 10.2692 ], [ 15.3562, 10.29275 ], [ 15.32727, 10.30579 ], [ 15.31221, 10.30699 ], [ 15.31112, 10.32504 ], [ 15.29599, 10.3355 ], [ 15.29655, 10.35344 ], [ 15.28314, 10.36701 ], [ 15.28297, 10.40897 ], [ 15.25288, 10.43699 ], [ 15.24127, 10.47235 ], [ 15.20629, 10.50019 ], [ 15.17725, 10.51106 ], [ 15.1466, 10.53639 ], [ 15.1442, 10.57401 ], [ 15.15721, 10.61257 ], [ 15.15795, 10.6402 ], [ 15.14134, 10.66776 ], [ 15.13845, 10.70282 ], [ 15.10262, 10.7406 ], [ 15.06977, 10.81344 ], [ 15.07486, 10.83763 ], [ 15.08084, 10.84969 ], [ 15.09603, 10.86406 ], [ 15.09717, 10.877 ], [ 15.08982, 10.90151 ], [ 15.08378, 10.94999 ], [ 15.06568, 10.96524 ], [ 15.06278, 10.98401 ], [ 15.04839, 10.99779 ], [ 15.02831, 10.99589 ], [ 15.01691, 10.99965 ], [ 15.01535, 11.00903 ], [ 15.00689, 11.00528 ], [ 14.99895, 11.00972 ], [ 15.00378, 11.01774 ], [ 14.99566, 11.01859 ], [ 14.90586, 11.08617 ], [ 14.8847, 11.0849 ], [ 14.80302, 11.03028 ], [ 14.81067, 10.97673 ], [ 14.81028, 10.94832 ], [ 14.79619, 10.92627 ], [ 14.80101, 10.8839 ], [ 14.78983, 10.82234 ], [ 14.78994, 10.65761 ], [ 14.8158, 10.64166 ], [ 14.81719, 10.60902 ], [ 14.98593, 10.41028 ], [ 14.90232, 10.33229 ], [ 14.8677, 10.30909 ], [ 14.89121, 10.26293 ], [ 14.89927, 10.26009 ], [ 14.89723, 10.24968 ], [ 14.93206, 10.21884 ], [ 14.93124, 10.19991 ], [ 14.91964, 10.19936 ], [ 14.91213, 10.17536 ], [ 14.89303, 10.14506 ], [ 14.88718, 10.07548 ], [ 14.85895, 10.02362 ], [ 14.83233, 9.99452 ], [ 14.80434, 9.93628 ], [ 14.96148, 9.98493 ], [ 15.00071, 9.96967 ], [ 15.03631, 9.96887 ], [ 15.06192, 9.94875 ], [ 15.10631, 9.9667 ], [ 15.11284, 9.98675 ], [ 15.15248, 9.99703 ], [ 15.18002, 9.98847 ], [ 15.20935, 9.99389 ], [ 15.21482, 9.98797 ], [ 15.24842, 9.99146 ], [ 15.36406, 9.96205 ], [ 15.41332, 9.93494 ], [ 15.52777, 9.95468 ], [ 15.68952, 9.99643 ], [ 15.67103, 10.01356 ], [ 15.61851, 10.04685 ], [ 15.59809, 10.04742 ], [ 15.59406, 10.06003 ], [ 15.58596, 10.06674 ], [ 15.56399, 10.06785 ], [ 15.55698, 10.08106 ], [ 15.53672, 10.09878 ], [ 15.52577, 10.10121 ], [ 15.51251, 10.0936 ], [ 15.50908, 10.10828 ], [ 15.49484, 10.12424 ] ] ] } },
{ "type": "Feature", "properties": { "GID_1": "CMR.4_1", "GID_2": "CMR.4.4_1", "NAME_1": "Extrême-Nord", "NAME_2": "Mayo Kani", "superficie_km2": 4977.2, "pop_worldpop_2025": 727636.0, "densite_wp_2025": 146.2 }, "geometry": { "type": "Polygon", "coordinates": [ [ [ 14.91316, 10.17866 ], [ 14.91964, 10.19936 ], [ 14.93124, 10.19991 ], [ 14.93206, 10.21884 ], [ 14.89723, 10.24968 ], [ 14.89927, 10.26009 ], [ 14.89121, 10.26293 ], [ 14.8677, 10.30909 ], [ 14.90232, 10.33229 ], [ 14.98593, 10.41028 ], [ 14.81719, 10.60902 ], [ 14.8158, 10.64166 ], [ 14.78994, 10.65761 ], [ 14.70096, 10.59052 ], [ 14.7008, 10.58388 ], [ 14.69124, 10.58271 ], [ 14.69438, 10.54861 ], [ 14.73728, 10.52524 ], [ 14.70164, 10.47401 ], [ 14.55044, 10.46661 ], [ 14.50394, 10.48112 ], [ 14.46204, 10.54639 ], [ 14.4392, 10.55829 ], [ 14.41869, 10.54421 ], [ 14.38819, 10.53588 ], [ 14.28399, 10.49267 ], [ 14.27045, 10.43797 ], [ 14.2498, 10.42217 ], [ 14.23594, 10.39654 ], [ 14.13099, 10.36356 ], [ 14.06574, 10.35846 ], [ 14.05008, 10.35255 ], [ 14.04708, 10.28595 ], [ 14.05856, 10.2427 ], [ 14.05088, 10.16218 ], [ 14.05951, 10.15366 ], [ 14.06585, 10.12838 ], [ 14.07817, 10.11045 ], [ 14.10347, 10.1155 ], [ 14.11003, 10.12865 ], [ 14.2199, 10.09126 ], [ 14.22985, 10.07566 ], [ 14.20977, 10.05366 ], [ 14.20749, 10.00602 ], [ 14.23246, 10.00273 ], [ 14.46606, 10.00662 ], [ 14.80242, 9.93568 ], [ 14.83233, 9.99452 ], [ 14.85895, 10.02362 ], [ 14.88718, 10.07548 ], [ 14.89303, 10.14506 ], [ 14.91316, 10.17866 ] ] ] } },
{ "type": "Feature", "properties": { "GID_1": "CMR.4_1", "GID_2": "CMR.4.5_1", "NAME_1": "Extrême-Nord", "NAME_2": "Mayo Sava", "superficie_km2": 2624.7, "pop_worldpop_2025": 521173.0, "densite_wp_2025": 198.6 }, "geometry": { "type": "Polygon", "coordinates": [ [ [ 14.31595, 10.9546 ], [ 14.34961, 10.95649 ], [ 14.35662, 10.96693 ], [ 14.37066, 10.97495 ], [ 14.37053, 10.98516 ], [ 14.3808, 10.99565 ], [ 14.40234, 10.99794 ], [ 14.42192, 11.01056 ], [ 14.43398, 11.02607 ], [ 14.43347, 11.04086 ], [ 14.48414, 11.09207 ], [ 14.5014, 11.1156 ], [ 14.48928, 11.12906 ], [ 14.48234, 11.14509 ], [ 14.4804, 11.16948 ], [ 14.48565, 11.22703 ], [ 14.4697, 11.25567 ], [ 14.46306, 11.29205 ], [ 14.4644, 11.31936 ], [ 14.4611, 11.32771 ], [ 14.47175, 11.36397 ], [ 14.47406, 11.38936 ], [ 14.46448, 11.4243 ], [ 14.44632, 11.41856 ], [ 14.42828, 11.41994 ], [ 14.39008, 11.38126 ], [ 14.3353, 11.34067 ], [ 14.25288, 11.29381 ], [ 14.23569, 11.28871 ], [ 14.20105, 11.25373 ], [ 14.18266, 11.25475 ], [ 14.16896, 11.24559 ], [ 14.1107, 11.26277 ], [ 14.11014, 11.26995 ], [ 14.10078, 11.27877 ], [ 14.06776, 11.28221 ], [ 13.98555, 11.32037 ], [ 13.98062, 11.31876 ], [ 13.95317, 11.24572 ], [ 13.92756, 11.21064 ], [ 13.92725, 11.20256 ], [ 13.91532, 11.19705 ], [ 13.90619, 11.16824 ], [ 13.88383, 11.15594 ], [ 13.87837, 11.14425 ], [ 13.93776, 11.1114 ], [ 13.95039, 11.08266 ], [ 13.96248, 11.06779 ], [ 13.95613, 11.05154 ], [ 13.95598, 11.02335 ], [ 13.96474, 11.00492 ], [ 13.97663, 10.99519 ], [ 13.98656, 10.9334 ], [ 14.02331, 10.90389 ], [ 14.01837, 10.89022 ], [ 14.0152, 10.84047 ], [ 14.04972, 10.8036 ], [ 14.07584, 10.80158 ], [ 14.12843, 10.78428 ], [ 14.13209, 10.78727 ], [ 14.13034, 10.79663 ], [ 14.14684, 10.82414 ], [ 14.17053, 10.84066 ], [ 14.18263, 10.84414 ], [ 14.21019, 10.84271 ], [ 14.21668, 10.85186 ], [ 14.22561, 10.85577 ], [ 14.23183, 10.87296 ], [ 14.24246, 10.87857 ], [ 14.24964, 10.9049 ], [ 14.25528, 10.90702 ], [ 14.26652, 10.92462 ], [ 14.28428, 10.93358 ], [ 14.28704, 10.94043 ], [ 14.29482, 10.93624 ], [ 14.30609, 10.93858 ], [ 14.31595, 10.9546 ] ] ] } },
{ "type": "Feature", "properties": { "GID_1": "CMR.4_1", "GID_2": "CMR.4.6_1", "NAME_1": "Extrême-Nord", "NAME_2": "Mayo Tsanaga", "superficie_km2": 4485.5, "pop_worldpop_2025": 1324757.0, "densite_wp_2025": 295.3 }, "geometry": { "type": "Polygon", "coordinates": [ [ [ 13.84633, 10.23981 ], [ 13.86814, 10.24363 ], [ 13.9168, 10.22813 ], [ 13.96789, 10.22971 ], [ 13.95669, 10.23774 ], [ 13.95292, 10.29 ], [ 13.96875, 10.34673 ], [ 13.97948, 10.36867 ], [ 13.97988, 10.40051 ], [ 13.99148, 10.42378 ], [ 13.98597, 10.43756 ], [ 13.9874, 10.45342 ], [ 14.00674, 10.4659 ], [ 14.03644, 10.46439 ], [ 14.04254, 10.4606 ], [ 14.05875, 10.4829 ], [ 14.07264, 10.48798 ], [ 14.08719, 10.48483 ], [ 14.09412, 10.49308 ], [ 14.09097, 10.50837 ], [ 14.07827, 10.51817 ], [ 14.0745, 10.5318 ], [ 14.09091, 10.56861 ], [ 14.07266, 10.56624 ], [ 14.05647, 10.5764 ], [ 14.06064, 10.59424 ], [ 14.05428, 10.60184 ], [ 14.06762, 10.63082 ], [ 14.06793, 10.65098 ], [ 14.03343, 10.67497 ], [ 14.03723, 10.73096 ], [ 14.05137, 10.74121 ], [ 14.05542, 10.7564 ], [ 14.07275, 10.78043 ], [ 14.06265, 10.80023 ], [ 14.04972, 10.8036 ], [ 14.0152, 10.84047 ], [ 14.01837, 10.89022 ], [ 14.02331, 10.90389 ], [ 13.98656, 10.9334 ], [ 13.97663, 10.99519 ], [ 13.96474, 11.00492 ], [ 13.95598, 11.02335 ], [ 13.95613, 11.05154 ], [ 13.96248, 11.06779 ], [ 13.95039, 11.08266 ], [ 13.93776, 11.1114 ], [ 13.87837, 11.14425 ], [ 13.87673, 11.1351 ], [ 13.8595, 11.11759 ], [ 13.85535, 11.10067 ], [ 13.84723, 11.09222 ], [ 13.82951, 11.08578 ], [ 13.82562, 11.07133 ], [ 13.81853, 11.07432 ], [ 13.81227, 11.06916 ], [ 13.81091, 11.05317 ], [ 13.7947, 11.02588 ], [ 13.79734, 11.01659 ], [ 13.79253, 11.00967 ], [ 13.76368, 11.00743 ], [ 13.73472, 11.01138 ], [ 13.72804, 11.00188 ], [ 13.73095, 10.99401 ], [ 13.72633, 10.98345 ], [ 13.70801, 10.97204 ], [ 13.7099, 10.94912 ], [ 13.72611, 10.93148 ], [ 13.72793, 10.92334 ], [ 13.72049, 10.90313 ], [ 13.71388, 10.85992 ], [ 13.7013, 10.84656 ], [ 13.67796, 10.83867 ], [ 13.67124, 10.81827 ], [ 13.65189, 10.82058 ], [ 13.63698, 10.79236 ], [ 13.65095, 10.79136 ], [ 13.65519, 10.78429 ], [ 13.64341, 10.77601 ], [ 13.6418, 10.76349 ], [ 13.62905, 10.74328 ], [ 13.62128, 10.71898 ], [ 13.6039, 10.70368 ], [ 13.58697, 10.70484 ], [ 13.57844, 10.69161 ], [ 13.58691, 10.67987 ], [ 13.58578, 10.67216 ], [ 13.58153, 10.66249 ], [ 13.5743, 10.65786 ], [ 13.57092, 10.63474 ], [ 13.54585, 10.61833 ], [ 13.55491, 10.5942 ], [ 13.56677, 10.58372 ], [ 13.5583, 10.55845 ], [ 13.57397, 10.53532 ], [ 13.55583, 10.51293 ], [ 13.53835, 10.47995 ], [ 13.52754, 10.47907 ], [ 13.52814, 10.46623 ], [ 13.5383, 10.45189 ], [ 13.53625, 10.42367 ], [ 13.5282, 10.41832 ], [ 13.52386, 10.4039 ], [ 13.49411, 10.39101 ], [ 13.49835, 10.3395 ], [ 13.48214, 10.3354 ], [ 13.48942, 10.31792 ], [ 13.48744, 10.2954 ], [ 13.48015, 10.29117 ], [ 13.4714, 10.27434 ], [ 13.46564, 10.24621 ], [ 13.46861, 10.23581 ], [ 13.47492, 10.23182 ], [ 13.48285, 10.19943 ], [ 13.46914, 10.19432 ], [ 13.46749, 10.16399 ], [ 13.44343, 10.15395 ], [ 13.43408, 10.13484 ], [ 13.40313, 10.12535 ], [ 13.42417, 10.10865 ], [ 13.42876, 10.08566 ], [ 13.43518, 10.08273 ], [ 13.44612, 10.08687 ], [ 13.47984, 10.08728 ], [ 13.51835, 10.10002 ], [ 13.53943, 10.09712 ], [ 13.55114, 10.10217 ], [ 13.55494, 10.09978 ], [ 13.55441, 10.08623 ], [ 13.56353, 10.0854 ], [ 13.569, 10.09984 ], [ 13.58867, 10.12434 ], [ 13.61067, 10.1276 ], [ 13.61588, 10.13348 ], [ 13.64132, 10.12754 ], [ 13.69556, 10.1439 ], [ 13.65666, 10.16825 ], [ 13.64778, 10.18196 ], [ 13.65586, 10.22178 ], [ 13.6726, 10.23746 ], [ 13.67858, 10.25723 ], [ 13.69338, 10.26112 ], [ 13.71434, 10.25862 ], [ 13.74199, 10.24552 ], [ 13.75708, 10.25007 ], [ 13.78331, 10.24568 ], [ 13.80096, 10.25305 ], [ 13.84633, 10.23981 ] ] ] } },
{ "type": "Feature", "properties": { "GID_1": "CMR.5_1", "GID_2": "CMR.5.1_1", "NAME_1": "Littoral", "NAME_2": "Moungo", "superficie_km2": 3889.9, "pop_worldpop_2025": 645080.0, "densite_wp_2025": 165.8 }, "geometry": { "type": "Polygon", "coordinates": [ [ [ 9.78491, 4.26141 ], [ 9.78739, 4.27321 ], [ 9.80181, 4.44457 ], [ 9.78705, 4.4485 ], [ 9.77449, 4.44082 ], [ 9.7664, 4.4438 ], [ 9.7625, 4.45278 ], [ 9.77848, 4.47639 ], [ 9.77528, 4.48679 ], [ 9.77083, 4.48757 ], [ 9.77423, 4.49195 ], [ 9.77036, 4.49699 ], [ 9.7739, 4.49671 ], [ 9.77306, 4.50099 ], [ 9.77857, 4.50539 ], [ 9.75683, 4.55459 ], [ 9.75776, 4.56604 ], [ 9.76118, 4.56749 ], [ 9.75924, 4.61126 ], [ 9.7932, 4.64506 ], [ 9.81686, 4.6505 ], [ 9.8182, 4.66003 ], [ 9.82782, 4.67033 ], [ 9.89505, 4.70834 ], [ 9.92873, 4.68871 ], [ 9.92094, 4.6772 ], [ 9.92075, 4.66389 ], [ 9.94884, 4.668 ], [ 9.95181, 4.67984 ], [ 9.96915, 4.70058 ], [ 9.97343, 4.71736 ], [ 9.98429, 4.73531 ], [ 9.98731, 4.73685 ], [ 10.00737, 4.72407 ], [ 10.03401, 4.74152 ], [ 10.06317, 4.77406 ], [ 10.05621, 4.77767 ], [ 10.05469, 4.78535 ], [ 10.04737, 4.78814 ], [ 10.05132, 4.8021 ], [ 10.0436, 4.80928 ], [ 10.0447, 4.82165 ], [ 10.03894, 4.82198 ], [ 10.04154, 4.83125 ], [ 10.05773, 4.84025 ], [ 10.06577, 4.8645 ], [ 10.09008, 4.88831 ], [ 10.10344, 4.9226 ], [ 10.1135, 4.92841 ], [ 10.1044, 4.94628 ], [ 10.10649, 4.95808 ], [ 10.09209, 4.96415 ], [ 10.08515, 4.97899 ], [ 10.07696, 4.98155 ], [ 10.07442, 4.98732 ], [ 10.06581, 5.01548 ], [ 10.07034, 5.02123 ], [ 10.07292, 5.04465 ], [ 10.06087, 5.04996 ], [ 10.04919, 5.04809 ], [ 10.03941, 5.05821 ], [ 10.01832, 5.06561 ], [ 10.01135, 5.06345 ], [ 10.00646, 5.06931 ], [ 10.01043, 5.08007 ], [ 10.00161, 5.10115 ], [ 10.00163, 5.11333 ], [ 9.99335, 5.11939 ], [ 9.99148, 5.13073 ], [ 10.00545, 5.14534 ], [ 10.00161, 5.16207 ], [ 10.00482, 5.16527 ], [ 10.00115, 5.16679 ], [ 10.00775, 5.17302 ], [ 10.00834, 5.18388 ], [ 10.00787, 5.18907 ], [ 10.00279, 5.1905 ], [ 9.9983, 5.2144 ], [ 9.99237, 5.21611 ], [ 9.99371, 5.22753 ], [ 9.98608, 5.22726 ], [ 9.98336, 5.23558 ], [ 9.97046, 5.24448 ], [ 9.95708, 5.24421 ], [ 9.94334, 5.25311 ], [ 9.92336, 5.25107 ], [ 9.93499, 5.27768 ], [ 9.92453, 5.2726 ], [ 9.9072, 5.2765 ], [ 9.88219, 5.25037 ], [ 9.84752, 5.25684 ], [ 9.83679, 5.26498 ], [ 9.83266, 5.27547 ], [ 9.83967, 5.30021 ], [ 9.8508, 5.30897 ], [ 9.85383, 5.32229 ], [ 9.8498, 5.3325 ], [ 9.8427, 5.33485 ], [ 9.82408, 5.33003 ], [ 9.82956, 5.29077 ], [ 9.80506, 5.29106 ], [ 9.78397, 5.2844 ], [ 9.76858, 5.26329 ], [ 9.74093, 5.27512 ], [ 9.73642, 5.24546 ], [ 9.74598, 5.24052 ], [ 9.76641, 5.20969 ], [ 9.77555, 5.14604 ], [ 9.80135, 5.14028 ], [ 9.8043, 5.11114 ], [ 9.81166, 5.09978 ], [ 9.81594, 5.0797 ], [ 9.83119, 5.06032 ], [ 9.85444, 5.0514 ], [ 9.86617, 5.02946 ], [ 9.85606, 5.01838 ], [ 9.84105, 5.02008 ], [ 9.82841, 5.01446 ], [ 9.82253, 5.01482 ], [ 9.81113, 5.0254 ], [ 9.77573, 5.00555 ], [ 9.7669, 4.95626 ], [ 9.75442, 4.94105 ], [ 9.75632, 4.91992 ], [ 9.78607, 4.91645 ], [ 9.77955, 4.897 ], [ 9.76383, 4.88708 ], [ 9.76277, 4.87766 ], [ 9.77093, 4.87791 ], [ 9.77452, 4.87377 ], [ 9.76407, 4.86745 ], [ 9.7531, 4.86728 ], [ 9.74274, 4.8584 ], [ 9.74904, 4.84176 ], [ 9.72936, 4.82189 ], [ 9.71716, 4.8197 ], [ 9.70451, 4.80818 ], [ 9.7059, 4.79541 ], [ 9.69106, 4.72137 ], [ 9.63219, 4.6642 ], [ 9.63778, 4.65275 ], [ 9.64688, 4.65032 ], [ 9.64358, 4.63767 ], [ 9.63448, 4.63517 ], [ 9.63041, 4.62712 ], [ 9.57359, 4.61528 ], [ 9.56854, 4.6066 ], [ 9.55274, 4.59769 ], [ 9.54923, 4.58834 ], [ 9.54133, 4.58934 ], [ 9.5422, 4.58164 ], [ 9.53716, 4.57713 ], [ 9.53854, 4.56426 ], [ 9.52288, 4.54436 ], [ 9.51095, 4.54236 ], [ 9.51179, 4.51996 ], [ 9.50473, 4.52034 ], [ 9.51122, 4.52359 ], [ 9.50818, 4.53193 ], [ 9.493, 4.52629 ], [ 9.5033, 4.51173 ], [ 9.4928, 4.50388 ], [ 9.50366, 4.49086 ], [ 9.49698, 4.4832 ], [ 9.49126, 4.48301 ], [ 9.49335, 4.47545 ], [ 9.48753, 4.47019 ], [ 9.49515, 4.45994 ], [ 9.49723, 4.42145 ], [ 9.51048, 4.4179 ], [ 9.51486, 4.40238 ], [ 9.50246, 4.41101 ], [ 9.49816, 4.39129 ], [ 9.47974, 4.37962 ], [ 9.47849, 4.36277 ], [ 9.4659, 4.35541 ], [ 9.46475, 4.34641 ], [ 9.45578, 4.34833 ], [ 9.46055, 4.34239 ], [ 9.45597, 4.33799 ], [ 9.45872, 4.3174 ], [ 9.45242, 4.30773 ], [ 9.43773, 4.30171 ], [ 9.43935, 4.293 ], [ 9.43362, 4.29482 ], [ 9.42474, 4.27175 ], [ 9.42387, 4.24877 ], [ 9.42863, 4.2369 ], [ 9.42653, 4.23336 ], [ 9.41919, 4.23499 ], [ 9.41957, 4.22618 ], [ 9.41375, 4.2235 ], [ 9.42079, 4.20397 ], [ 9.42967, 4.21172 ], [ 9.44883, 4.20807 ], [ 9.45465, 4.20452 ], [ 9.45683, 4.19303 ], [ 9.46675, 4.18977 ], [ 9.48325, 4.20058 ], [ 9.49183, 4.19579 ], [ 9.49966, 4.20373 ], [ 9.51053, 4.19683 ], [ 9.5194, 4.21233 ], [ 9.52999, 4.21041 ], [ 9.53274, 4.19432 ], [ 9.52835, 4.18198 ], [ 9.52977, 4.16589 ], [ 9.54111, 4.16148 ], [ 9.54053, 4.15123 ], [ 9.54892, 4.14884 ], [ 9.54786, 4.13323 ], [ 9.55786, 4.11829 ], [ 9.55013, 4.10527 ], [ 9.54708, 4.10805 ], [ 9.54212, 4.10346 ], [ 9.52954, 4.10557 ], [ 9.50988, 4.08548 ], [ 9.50587, 4.07141 ], [ 9.51744, 4.07786 ], [ 9.53103, 4.07271 ], [ 9.55941, 4.08476 ], [ 9.57052, 4.07859 ], [ 9.56882, 4.07221 ], [ 9.57334, 4.06538 ], [ 9.58576, 4.06696 ], [ 9.58715, 4.08257 ], [ 9.60363, 4.09155 ], [ 9.59228, 4.09584 ], [ 9.59493, 4.10951 ], [ 9.60239, 4.10881 ], [ 9.6058, 4.11919 ], [ 9.62304, 4.12206 ], [ 9.63203, 4.13548 ], [ 9.64135, 4.13529 ], [ 9.65152, 4.12075 ], [ 9.67939, 4.11969 ], [ 9.71188, 4.12852 ], [ 9.71258, 4.13565 ], [ 9.72617, 4.14922 ], [ 9.75439, 4.15079 ], [ 9.75169, 4.17206 ], [ 9.7571, 4.1868 ], [ 9.76627, 4.19674 ], [ 9.76763, 4.21189 ], [ 9.76204, 4.22361 ], [ 9.78491, 4.26141 ] ] ] } },
{ "type": "Feature", "properties": { "GID_1": "CMR.5_1", "GID_2": "CMR.5.2_1", "NAME_1": "Littoral", "NAME_2": "Nkam", "superficie_km2": 6183.9, "pop_worldpop_2025": 67148.0, "densite_wp_2025": 10.9 }, "geometry": { "type": "Polygon", "coordinates": [ [ [ 9.78252, 4.2568 ], [ 9.76282, 4.22498 ], [ 9.79267, 4.22314 ], [ 9.85047, 4.16285 ], [ 9.8629, 4.15556 ], [ 9.86321, 4.14347 ], [ 9.85121, 4.13525 ], [ 9.84867, 4.12765 ], [ 9.8335, 4.12258 ], [ 9.82692, 4.11395 ], [ 9.83733, 4.10542 ], [ 9.83603, 4.08614 ], [ 9.83882, 4.07685 ], [ 9.84668, 4.07428 ], [ 9.84607, 4.06737 ], [ 9.86726, 4.07227 ], [ 9.87966, 4.08323 ], [ 9.89437, 4.08347 ], [ 9.90939, 4.09242 ], [ 9.92359, 4.08334 ], [ 9.94692, 4.09064 ], [ 9.96436, 4.07924 ], [ 9.99298, 4.09295 ], [ 10.00562, 4.08274 ], [ 10.01996, 4.08674 ], [ 10.03346, 4.08224 ], [ 10.04689, 4.08982 ], [ 10.06196, 4.08052 ], [ 10.06941, 4.08123 ], [ 10.06523, 4.09194 ], [ 10.07253, 4.09903 ], [ 10.06881, 4.10728 ], [ 10.07246, 4.11148 ], [ 10.08546, 4.11547 ], [ 10.08898, 4.12198 ], [ 10.10733, 4.1269 ], [ 10.12484, 4.12209 ], [ 10.13082, 4.12861 ], [ 10.14869, 4.12112 ], [ 10.15814, 4.10641 ], [ 10.22485, 4.10601 ], [ 10.23196, 4.1129 ], [ 10.26628, 4.10096 ], [ 10.27656, 4.08973 ], [ 10.28022, 4.10742 ], [ 10.28912, 4.10231 ], [ 10.29061, 4.11387 ], [ 10.3055, 4.10782 ], [ 10.31036, 4.11615 ], [ 10.31606, 4.10452 ], [ 10.32071, 4.1073 ], [ 10.32457, 4.1042 ], [ 10.32797, 4.11589 ], [ 10.36733, 4.14973 ], [ 10.35703, 4.17121 ], [ 10.35832, 4.19663 ], [ 10.40139, 4.25585 ], [ 10.40849, 4.27704 ], [ 10.41971, 4.28639 ], [ 10.42653, 4.31956 ], [ 10.43878, 4.34872 ], [ 10.44799, 4.35657 ], [ 10.45212, 4.3409 ], [ 10.45957, 4.35803 ], [ 10.47122, 4.36654 ], [ 10.52802, 4.36644 ], [ 10.52582, 4.40365 ], [ 10.5347, 4.42211 ], [ 10.54654, 4.42247 ], [ 10.54889, 4.43091 ], [ 10.57038, 4.42514 ], [ 10.58248, 4.42702 ], [ 10.59882, 4.42038 ], [ 10.61699, 4.43011 ], [ 10.637, 4.45322 ], [ 10.64816, 4.45052 ], [ 10.65264, 4.45464 ], [ 10.65225, 4.45921 ], [ 10.63801, 4.46062 ], [ 10.63652, 4.46545 ], [ 10.61646, 4.46711 ], [ 10.61617, 4.47476 ], [ 10.60281, 4.46492 ], [ 10.59982, 4.475 ], [ 10.59107, 4.46364 ], [ 10.5749, 4.45441 ], [ 10.55915, 4.45404 ], [ 10.54251, 4.46042 ], [ 10.53477, 4.4554 ], [ 10.52023, 4.45674 ], [ 10.51722, 4.45373 ], [ 10.50761, 4.46684 ], [ 10.48744, 4.46154 ], [ 10.47828, 4.44726 ], [ 10.46567, 4.4631 ], [ 10.47312, 4.47678 ], [ 10.46972, 4.48272 ], [ 10.44124, 4.48953 ], [ 10.42797, 4.47485 ], [ 10.39487, 4.47632 ], [ 10.38856, 4.48359 ], [ 10.38628, 4.5 ], [ 10.37876, 4.50233 ], [ 10.38597, 4.54753 ], [ 10.39857, 4.5763 ], [ 10.40701, 4.58323 ], [ 10.4172, 4.60829 ], [ 10.43136, 4.61551 ], [ 10.4545, 4.64768 ], [ 10.46654, 4.64524 ], [ 10.4724, 4.66315 ], [ 10.47142, 4.67413 ], [ 10.47906, 4.68076 ], [ 10.47827, 4.6866 ], [ 10.49013, 4.69493 ], [ 10.49378, 4.71435 ], [ 10.49149, 4.72402 ], [ 10.46514, 4.74412 ], [ 10.4571, 4.73809 ], [ 10.45598, 4.72903 ], [ 10.4405, 4.71799 ], [ 10.41901, 4.71219 ], [ 10.41679, 4.70565 ], [ 10.40475, 4.7093 ], [ 10.38668, 4.7039 ], [ 10.38037, 4.70945 ], [ 10.37524, 4.70674 ], [ 10.36307, 4.69096 ], [ 10.3571, 4.6663 ], [ 10.33788, 4.69131 ], [ 10.35963, 4.75059 ], [ 10.3607, 4.76467 ], [ 10.37841, 4.78628 ], [ 10.39358, 4.79139 ], [ 10.41716, 4.78822 ], [ 10.4209, 4.8019 ], [ 10.44504, 4.82602 ], [ 10.44445, 4.83297 ], [ 10.47782, 4.85142 ], [ 10.48842, 4.8813 ], [ 10.52274, 4.89895 ], [ 10.52445, 4.90323 ], [ 10.50761, 4.90818 ], [ 10.4546, 4.90518 ], [ 10.43371, 4.91033 ], [ 10.45296, 4.93172 ], [ 10.45912, 4.94814 ], [ 10.4581, 4.95674 ], [ 10.44427, 4.96064 ], [ 10.43974, 4.9581 ], [ 10.42932, 4.92563 ], [ 10.42036, 4.91885 ], [ 10.4253, 4.93962 ], [ 10.41159, 4.96024 ], [ 10.42056, 4.97212 ], [ 10.41626, 4.98289 ], [ 10.4181, 5.00668 ], [ 10.41509, 5.01151 ], [ 10.40003, 5.01381 ], [ 10.3958, 5.01816 ], [ 10.39024, 5.01515 ], [ 10.36755, 5.01784 ], [ 10.37079, 5.03729 ], [ 10.36685, 5.04334 ], [ 10.37267, 5.07657 ], [ 10.36704, 5.08659 ], [ 10.3146, 5.10021 ], [ 10.30242, 5.08484 ], [ 10.29816, 5.07172 ], [ 10.28364, 5.06212 ], [ 10.28419, 5.0572 ], [ 10.27893, 5.06335 ], [ 10.26538, 5.06744 ], [ 10.24021, 5.10593 ], [ 10.23287, 5.10774 ], [ 10.19787, 5.0789 ], [ 10.22353, 5.0543 ], [ 10.22567, 5.03909 ], [ 10.20651, 5.01589 ], [ 10.19378, 5.00817 ], [ 10.1916, 4.99788 ], [ 10.17483, 4.99347 ], [ 10.16142, 4.97565 ], [ 10.14786, 4.97501 ], [ 10.15425, 4.96943 ], [ 10.1532, 4.9579 ], [ 10.1593, 4.94618 ], [ 10.15449, 4.94213 ], [ 10.15003, 4.91994 ], [ 10.1439, 4.91693 ], [ 10.13882, 4.92232 ], [ 10.12846, 4.92064 ], [ 10.12819, 4.92669 ], [ 10.12142, 4.92934 ], [ 10.10697, 4.92702 ], [ 10.09008, 4.88831 ], [ 10.06577, 4.8645 ], [ 10.05773, 4.84025 ], [ 10.04154, 4.83125 ], [ 10.03894, 4.82198 ], [ 10.0447, 4.82165 ], [ 10.0436, 4.80928 ], [ 10.05132, 4.8021 ], [ 10.04737, 4.78814 ], [ 10.05469, 4.78535 ], [ 10.05621, 4.77767 ], [ 10.06317, 4.77406 ], [ 10.04352, 4.75138 ], [ 10.00737, 4.72407 ], [ 9.98731, 4.73685 ], [ 9.98429, 4.73531 ], [ 9.97343, 4.71736 ], [ 9.96915, 4.70058 ], [ 9.95181, 4.67984 ], [ 9.94884, 4.668 ], [ 9.92075, 4.66389 ], [ 9.92094, 4.6772 ], [ 9.92873, 4.68871 ], [ 9.89505, 4.70834 ], [ 9.82782, 4.67033 ], [ 9.8182, 4.66003 ], [ 9.81686, 4.6505 ], [ 9.7932, 4.64506 ], [ 9.75924, 4.61126 ], [ 9.76118, 4.56749 ], [ 9.75776, 4.56604 ], [ 9.75683, 4.55459 ], [ 9.77857, 4.50539 ], [ 9.77306, 4.50099 ], [ 9.7739, 4.49671 ], [ 9.77036, 4.49699 ], [ 9.77423, 4.49195 ], [ 9.77083, 4.48757 ], [ 9.77528, 4.48679 ], [ 9.77848, 4.47639 ], [ 9.7625, 4.45278 ], [ 9.7664, 4.4438 ], [ 9.77449, 4.44082 ], [ 9.78705, 4.4485 ], [ 9.80181, 4.44457 ], [ 9.78739, 4.27321 ], [ 9.78252, 4.2568 ] ] ] } },
{ "type": "Feature", "properties": { "GID_1": "CMR.5_1", "GID_2": "CMR.5.3_1", "NAME_1": "Littoral", "NAME_2": "Sanaga Maritime", "superficie_km2": 9312.4, "pop_worldpop_2025": 274922.0, "densite_wp_2025": 29.5 }, "geometry": { "type": "Polygon", "coordinates": [ [ [ 10.9918, 4.3159 ], [ 10.97541, 4.33587 ], [ 10.97818, 4.35861 ], [ 10.9726, 4.37413 ], [ 10.94965, 4.37963 ], [ 10.94245, 4.3883 ], [ 10.93769, 4.40815 ], [ 10.94403, 4.41588 ], [ 10.92743, 4.43425 ], [ 10.914, 4.4378 ], [ 10.90283, 4.4637 ], [ 10.89412, 4.46946 ], [ 10.89567, 4.48617 ], [ 10.89078, 4.49706 ], [ 10.90292, 4.50014 ], [ 10.91168, 4.51109 ], [ 10.91371, 4.52095 ], [ 10.91573, 4.56383 ], [ 10.92222, 4.58858 ], [ 10.92026, 4.6064 ], [ 10.89006, 4.60739 ], [ 10.87705, 4.58095 ], [ 10.83119, 4.61177 ], [ 10.79497, 4.61106 ], [ 10.78463, 4.60826 ], [ 10.77989, 4.59932 ], [ 10.78327, 4.58692 ], [ 10.77872, 4.57194 ], [ 10.78108, 4.5524 ], [ 10.77665, 4.54567 ], [ 10.78154, 4.5373 ], [ 10.77661, 4.52946 ], [ 10.78609, 4.51081 ], [ 10.77643, 4.49744 ], [ 10.74784, 4.49681 ], [ 10.73739, 4.492 ], [ 10.72317, 4.50261 ], [ 10.72781, 4.51115 ], [ 10.72593, 4.52223 ], [ 10.69704, 4.5217 ], [ 10.69364, 4.48606 ], [ 10.68551, 4.48447 ], [ 10.68002, 4.49385 ], [ 10.67648, 4.48107 ], [ 10.66241, 4.47043 ], [ 10.64354, 4.46453 ], [ 10.64217, 4.46047 ], [ 10.65225, 4.45921 ], [ 10.65043, 4.45209 ], [ 10.637, 4.45322 ], [ 10.61436, 4.42817 ], [ 10.59882, 4.42038 ], [ 10.58248, 4.42702 ], [ 10.57038, 4.42514 ], [ 10.54889, 4.43091 ], [ 10.54654, 4.42247 ], [ 10.5347, 4.42211 ], [ 10.52582, 4.40365 ], [ 10.52802, 4.36644 ], [ 10.47122, 4.36654 ], [ 10.45957, 4.35803 ], [ 10.45212, 4.3409 ], [ 10.44799, 4.35657 ], [ 10.43878, 4.34872 ], [ 10.42653, 4.31956 ], [ 10.41971, 4.28639 ], [ 10.40849, 4.27704 ], [ 10.40139, 4.25585 ], [ 10.35832, 4.19663 ], [ 10.35703, 4.17121 ], [ 10.36733, 4.14973 ], [ 10.32797, 4.11589 ], [ 10.32457, 4.1042 ], [ 10.32071, 4.1073 ], [ 10.31606, 4.10452 ], [ 10.31036, 4.11615 ], [ 10.3055, 4.10782 ], [ 10.29061, 4.11387 ], [ 10.28912, 4.10231 ], [ 10.28022, 4.10742 ], [ 10.27656, 4.08973 ], [ 10.26628, 4.10096 ], [ 10.23196, 4.1129 ], [ 10.22485, 4.10601 ], [ 10.15814, 4.10641 ], [ 10.15564, 4.11411 ], [ 10.14299, 4.12533 ], [ 10.12837, 4.12848 ], [ 10.12206, 4.12174 ], [ 10.10733, 4.1269 ], [ 10.08898, 4.12198 ], [ 10.08546, 4.11547 ], [ 10.06969, 4.10863 ], [ 10.07253, 4.09903 ], [ 10.06523, 4.09194 ], [ 10.06941, 4.08123 ], [ 10.06196, 4.08052 ], [ 10.04689, 4.08982 ], [ 10.03346, 4.08224 ], [ 10.01996, 4.08674 ], [ 10.00562, 4.08274 ], [ 9.99298, 4.09295 ], [ 9.96436, 4.07924 ], [ 9.94692, 4.09064 ], [ 9.92359, 4.08334 ], [ 9.90939, 4.09242 ], [ 9.89437, 4.08347 ], [ 9.87966, 4.08323 ], [ 9.86726, 4.07227 ], [ 9.84607, 4.06737 ], [ 9.82101, 4.04762 ], [ 9.84246, 4.03523 ], [ 9.84543, 4.00459 ], [ 9.85987, 3.99713 ], [ 9.86352, 3.98938 ], [ 9.86163, 3.9601 ], [ 9.85146, 3.94777 ], [ 9.83482, 3.94176 ], [ 9.82147, 3.94868 ], [ 9.80501, 3.94902 ], [ 9.78377, 3.96235 ], [ 9.7745, 3.96316 ], [ 9.75871, 3.94259 ], [ 9.71358, 3.93054 ], [ 9.67809, 3.92889 ], [ 9.67821, 3.90708 ], [ 9.71616, 3.86674 ], [ 9.71589, 3.8578 ], [ 9.69813, 3.85361 ], [ 9.68208, 3.83515 ], [ 9.66125, 3.83616 ], [ 9.65853, 3.84655 ], [ 9.62808, 3.86798 ], [ 9.62206, 3.86761 ], [ 9.61422, 3.86473 ], [ 9.60304, 3.84042 ], [ 9.6008, 3.80811 ], [ 9.59588, 3.80656 ], [ 9.59234, 3.79708 ], [ 9.57919, 3.79643 ], [ 9.56027, 3.8127 ], [ 9.55251, 3.81417 ], [ 9.63497, 3.68305 ], [ 9.65685, 3.63274 ], [ 9.65703, 3.62931 ], [ 9.65112, 3.62851 ], [ 9.65014, 3.62012 ], [ 9.64564, 3.62118 ], [ 9.64106, 3.61549 ], [ 9.63855, 3.61945 ], [ 9.63668, 3.60463 ], [ 9.64059, 3.59463 ], [ 9.63746, 3.58184 ], [ 9.64822, 3.57394 ], [ 9.64779, 3.56788 ], [ 9.63553, 3.55504 ], [ 9.63699, 3.56491 ], [ 9.63361, 3.5577 ], [ 9.63196, 3.56383 ], [ 9.63107, 3.56269 ], [ 9.63286, 3.55621 ], [ 9.6402, 3.55039 ], [ 9.65212, 3.56452 ], [ 9.65575, 3.56121 ], [ 9.65929, 3.56433 ], [ 9.66035, 3.56996 ], [ 9.67132, 3.56778 ], [ 9.67006, 3.56329 ], [ 9.67307, 3.56727 ], [ 9.68493, 3.56805 ], [ 9.68885, 3.56283 ], [ 9.6807, 3.55354 ], [ 9.65536, 3.546 ], [ 9.6506, 3.53997 ], [ 9.64001, 3.54291 ], [ 9.66211, 3.53455 ], [ 9.68478, 3.5191 ], [ 9.72776, 3.48664 ], [ 9.78102, 3.43707 ], [ 9.87892, 3.32517 ], [ 9.89856, 3.28884 ], [ 9.90299, 3.26309 ], [ 9.90784, 3.26033 ], [ 9.91957, 3.26878 ], [ 9.93359, 3.26595 ], [ 9.96316, 3.2766 ], [ 9.98203, 3.30317 ], [ 10.00288, 3.31201 ], [ 10.03908, 3.33795 ], [ 10.04893, 3.36755 ], [ 10.05766, 3.37882 ], [ 10.05337, 3.39876 ], [ 10.07514, 3.41948 ], [ 10.06925, 3.44004 ], [ 10.07129, 3.47145 ], [ 10.0676, 3.48918 ], [ 10.08375, 3.49651 ], [ 10.10245, 3.54987 ], [ 10.11107, 3.54925 ], [ 10.11119, 3.56516 ], [ 10.11762, 3.58046 ], [ 10.13085, 3.57561 ], [ 10.15019, 3.57549 ], [ 10.15489, 3.56773 ], [ 10.17345, 3.58029 ], [ 10.1854, 3.59528 ], [ 10.20403, 3.59163 ], [ 10.20239, 3.55911 ], [ 10.23514, 3.54436 ], [ 10.22991, 3.53108 ], [ 10.2325, 3.51667 ], [ 10.27319, 3.51761 ], [ 10.28493, 3.52555 ], [ 10.2983, 3.55322 ], [ 10.31283, 3.55833 ], [ 10.31986, 3.56578 ], [ 10.32327, 3.56416 ], [ 10.3276, 3.57946 ], [ 10.3249, 3.58661 ], [ 10.33042, 3.58993 ], [ 10.32762, 3.59577 ], [ 10.34111, 3.63714 ], [ 10.34013, 3.65124 ], [ 10.35245, 3.6493 ], [ 10.35257, 3.65716 ], [ 10.37326, 3.69106 ], [ 10.36399, 3.724 ], [ 10.3772, 3.77242 ], [ 10.38323, 3.77976 ], [ 10.37721, 3.78087 ], [ 10.37682, 3.78682 ], [ 10.38545, 3.79425 ], [ 10.39297, 3.79233 ], [ 10.3973, 3.8043 ], [ 10.40381, 3.80147 ], [ 10.40442, 3.80862 ], [ 10.41466, 3.81394 ], [ 10.42357, 3.81121 ], [ 10.429, 3.81623 ], [ 10.43922, 3.81521 ], [ 10.44324, 3.82074 ], [ 10.45627, 3.82283 ], [ 10.46278, 3.8199 ], [ 10.4684, 3.82332 ], [ 10.4712, 3.81737 ], [ 10.46849, 3.81496 ], [ 10.47399, 3.80991 ], [ 10.48382, 3.8102 ], [ 10.48834, 3.81613 ], [ 10.49364, 3.81149 ], [ 10.49253, 3.80283 ], [ 10.50375, 3.80382 ], [ 10.50874, 3.7879 ], [ 10.51227, 3.79928 ], [ 10.52107, 3.79221 ], [ 10.52409, 3.79684 ], [ 10.52988, 3.78636 ], [ 10.536, 3.78856 ], [ 10.54241, 3.78341 ], [ 10.5422, 3.77818 ], [ 10.54871, 3.77787 ], [ 10.5517, 3.76749 ], [ 10.55892, 3.76828 ], [ 10.58115, 3.75676 ], [ 10.57242, 3.74872 ], [ 10.57521, 3.74127 ], [ 10.58303, 3.74518 ], [ 10.59264, 3.73379 ], [ 10.59152, 3.72775 ], [ 10.59765, 3.73428 ], [ 10.60565, 3.72682 ], [ 10.60729, 3.74343 ], [ 10.61591, 3.74804 ], [ 10.61653, 3.7568 ], [ 10.62145, 3.76082 ], [ 10.61968, 3.78045 ], [ 10.6253, 3.78145 ], [ 10.62922, 3.78829 ], [ 10.64506, 3.78937 ], [ 10.64356, 3.79501 ], [ 10.64807, 3.7949 ], [ 10.65057, 3.78825 ], [ 10.65458, 3.79136 ], [ 10.64598, 3.79883 ], [ 10.64412, 3.8235 ], [ 10.65306, 3.83677 ], [ 10.65797, 3.83223 ], [ 10.66629, 3.83604 ], [ 10.65986, 3.87713 ], [ 10.65585, 3.87825 ], [ 10.65627, 3.88831 ], [ 10.65057, 3.89175 ], [ 10.64999, 3.90383 ], [ 10.6415, 3.92046 ], [ 10.64745, 3.93686 ], [ 10.645, 3.96777 ], [ 10.66809, 3.98504 ], [ 10.69186, 3.98902 ], [ 10.69831, 4.00542 ], [ 10.69532, 4.01247 ], [ 10.70226, 4.02323 ], [ 10.69215, 4.03141 ], [ 10.69608, 4.04489 ], [ 10.68938, 4.04873 ], [ 10.68779, 4.05518 ], [ 10.68277, 4.05458 ], [ 10.69242, 4.06836 ], [ 10.70145, 4.06733 ], [ 10.71566, 4.05522 ], [ 10.72488, 4.0549 ], [ 10.75889, 4.06771 ], [ 10.77939, 4.0875 ], [ 10.83415, 4.09502 ], [ 10.85033, 4.11482 ], [ 10.93989, 4.12598 ], [ 10.98184, 4.14259 ], [ 11.05191, 4.18156 ], [ 11.07338, 4.18744 ], [ 11.07775, 4.20837 ], [ 11.07306, 4.21744 ], [ 11.0774, 4.2282 ], [ 11.0674, 4.2401 ], [ 11.04516, 4.24419 ], [ 11.03597, 4.25841 ], [ 11.04071, 4.26755 ], [ 11.0268, 4.27766 ], [ 11.01988, 4.27808 ], [ 11.01343, 4.30286 ], [ 11.00039, 4.30319 ], [ 10.99882, 4.31367 ], [ 10.9918, 4.3159 ] ], [ [ 9.86375, 3.97802 ], [ 9.86389, 3.97789 ], [ 9.86367, 3.97794 ], [ 9.86375, 3.97802 ] ] ] } },
{ "type": "Feature", "properties": { "GID_1": "CMR.5_1", "GID_2": "CMR.5.4_1", "NAME_1": "Littoral", "NAME_2": "Wouri", "superficie_km2": 872.2, "pop_worldpop_2025": 3227908.0, "densite_wp_2025": 3701.0 }, "geometry": { "type": "MultiPolygon", "coordinates": [ [ [ [ 9.86367, 3.97794 ], [ 9.86389, 3.97789 ], [ 9.86375, 3.97802 ], [ 9.86367, 3.97794 ] ] ], [ [ [ 9.84246, 4.03523 ], [ 9.82136, 4.04477 ], [ 9.82176, 4.05036 ], [ 9.84607, 4.06737 ], [ 9.84668, 4.07428 ], [ 9.83882, 4.07685 ], [ 9.83733, 4.10542 ], [ 9.82704, 4.11225 ], [ 9.82757, 4.11655 ], [ 9.84867, 4.12765 ], [ 9.85121, 4.13525 ], [ 9.86321, 4.14347 ], [ 9.8629, 4.15556 ], [ 9.85047, 4.16285 ], [ 9.79267, 4.22314 ], [ 9.76574, 4.22579 ], [ 9.76205, 4.22169 ], [ 9.76763, 4.21189 ], [ 9.76627, 4.19674 ], [ 9.7571, 4.1868 ], [ 9.75169, 4.17206 ], [ 9.75439, 4.15079 ], [ 9.72617, 4.14922 ], [ 9.71258, 4.13565 ], [ 9.71188, 4.12852 ], [ 9.67939, 4.11969 ], [ 9.65152, 4.12075 ], [ 9.64135, 4.13529 ], [ 9.63203, 4.13548 ], [ 9.62304, 4.12206 ], [ 9.6058, 4.11919 ], [ 9.60239, 4.10881 ], [ 9.59493, 4.10951 ], [ 9.59228, 4.09584 ], [ 9.60363, 4.09155 ], [ 9.58715, 4.08257 ], [ 9.58576, 4.06696 ], [ 9.57334, 4.06538 ], [ 9.56882, 4.07221 ], [ 9.57052, 4.07859 ], [ 9.55941, 4.08476 ], [ 9.53103, 4.07271 ], [ 9.51359, 4.07696 ], [ 9.50587, 4.07141 ], [ 9.50491, 4.05676 ], [ 9.49603, 4.05026 ], [ 9.47869, 4.06214 ], [ 9.46972, 4.05851 ], [ 9.45838, 4.06071 ], [ 9.45178, 4.02386 ], [ 9.43452, 4.02387 ], [ 9.41354, 3.99697 ], [ 9.404, 3.99181 ], [ 9.40542, 3.97113 ], [ 9.39426, 3.95773 ], [ 9.39635, 3.94901 ], [ 9.38605, 3.93925 ], [ 9.38118, 3.92058 ], [ 9.3557, 3.90741 ], [ 9.33924, 3.91725 ], [ 9.3358, 3.91539 ], [ 9.36859, 3.89293 ], [ 9.40652, 3.88308 ], [ 9.434, 3.88791 ], [ 9.47077, 3.90463 ], [ 9.47494, 3.90912 ], [ 9.46253, 3.91963 ], [ 9.4457, 3.91878 ], [ 9.4398, 3.9245 ], [ 9.44051, 3.92921 ], [ 9.44709, 3.93186 ], [ 9.44793, 3.94543 ], [ 9.45394, 3.94993 ], [ 9.45909, 3.96378 ], [ 9.45805, 3.97301 ], [ 9.44629, 3.98749 ], [ 9.4615, 3.99069 ], [ 9.48291, 3.972 ], [ 9.49464, 3.97158 ], [ 9.49863, 3.96461 ], [ 9.52474, 3.96329 ], [ 9.53208, 3.97251 ], [ 9.52663, 3.99491 ], [ 9.52802, 4.00811 ], [ 9.51277, 4.01898 ], [ 9.52357, 4.02785 ], [ 9.53753, 4.02526 ], [ 9.54053, 4.01945 ], [ 9.55049, 4.01531 ], [ 9.55905, 4.01759 ], [ 9.58073, 4.00485 ], [ 9.58925, 4.00509 ], [ 9.61034, 4.01608 ], [ 9.63058, 4.00716 ], [ 9.63976, 3.99056 ], [ 9.6333, 3.9764 ], [ 9.63523, 3.96291 ], [ 9.62536, 3.97063 ], [ 9.62302, 3.95613 ], [ 9.62607, 3.94471 ], [ 9.63489, 3.93948 ], [ 9.67583, 3.94155 ], [ 9.67809, 3.92889 ], [ 9.71358, 3.93054 ], [ 9.75871, 3.94259 ], [ 9.77146, 3.96107 ], [ 9.77864, 3.96352 ], [ 9.80501, 3.94902 ], [ 9.82147, 3.94868 ], [ 9.84092, 3.94169 ], [ 9.85893, 3.95505 ], [ 9.8642, 3.98475 ], [ 9.85987, 3.99713 ], [ 9.84543, 4.00459 ], [ 9.84246, 4.03523 ] ] ] ] } },
{ "type": "Feature", "properties": { "GID_1": "CMR.7_1", "GID_2": "CMR.7.1_1", "NAME_1": "Nord", "NAME_2": "Bénoué", "superficie_km2": 13771.5, "pop_worldpop_2025": 1770329.0, "densite_wp_2025": 128.6 }, "geometry": { "type": "Polygon", "coordinates": [ [ [ 13.79744, 8.98097 ], [ 13.81882, 9.00302 ], [ 13.84069, 9.00309 ], [ 13.848, 9.01166 ], [ 13.8462, 9.02046 ], [ 13.85461, 9.04201 ], [ 13.84138, 9.06648 ], [ 13.87264, 9.09072 ], [ 13.88065, 9.07955 ], [ 13.90092, 9.0688 ], [ 13.91657, 9.07916 ], [ 13.90509, 9.11047 ], [ 13.92035, 9.12724 ], [ 13.94003, 9.14062 ], [ 13.94682, 9.15611 ], [ 13.96097, 9.16331 ], [ 13.95853, 9.175 ], [ 13.96286, 9.20698 ], [ 13.97775, 9.23186 ], [ 13.98201, 9.24771 ], [ 13.99301, 9.24862 ], [ 14.01342, 9.23598 ], [ 14.03407, 9.23541 ], [ 14.06809, 9.24304 ], [ 14.07784, 9.2403 ], [ 14.12514, 9.26091 ], [ 14.14693, 9.25279 ], [ 14.15389, 9.26023 ], [ 14.1673, 9.2629 ], [ 14.22919, 9.26191 ], [ 14.21707, 9.30756 ], [ 14.22401, 9.31386 ], [ 14.23275, 9.31438 ], [ 14.23905, 9.32735 ], [ 14.2569, 9.33078 ], [ 14.26903, 9.34288 ], [ 14.2879, 9.34166 ], [ 14.29129, 9.35935 ], [ 14.27919, 9.35585 ], [ 14.27445, 9.3584 ], [ 14.238, 9.40695 ], [ 14.23902, 9.41965 ], [ 14.21186, 9.44546 ], [ 14.19699, 9.44407 ], [ 14.18317, 9.47383 ], [ 14.16302, 9.49047 ], [ 14.1564, 9.50219 ], [ 14.135, 9.50421 ], [ 14.11091, 9.51781 ], [ 14.10749, 9.53688 ], [ 14.09973, 9.54988 ], [ 14.08379, 9.55639 ], [ 14.07427, 9.56642 ], [ 14.04666, 9.60076 ], [ 14.04381, 9.61401 ], [ 14.0079, 9.62269 ], [ 13.98244, 9.64243 ], [ 13.96063, 9.62769 ], [ 13.94059, 9.63856 ], [ 13.91958, 9.63562 ], [ 13.91175, 9.63919 ], [ 13.90278, 9.63168 ], [ 13.89616, 9.61714 ], [ 13.88042, 9.60083 ], [ 13.87173, 9.59735 ], [ 13.87117, 9.5926 ], [ 13.83249, 9.58945 ], [ 13.82352, 9.58482 ], [ 13.80061, 9.58848 ], [ 13.77732, 9.57488 ], [ 13.76442, 9.5767 ], [ 13.75707, 9.56649 ], [ 13.74268, 9.57665 ], [ 13.74265, 9.58485 ], [ 13.73495, 9.59187 ], [ 13.70123, 9.57923 ], [ 13.68032, 9.62849 ], [ 13.64088, 9.66894 ], [ 13.65028, 9.70867 ], [ 13.63968, 9.75038 ], [ 13.61947, 9.79881 ], [ 13.61353, 9.7972 ], [ 13.59857, 9.80318 ], [ 13.59794, 9.8167 ], [ 13.60893, 9.82379 ], [ 13.61423, 9.83862 ], [ 13.61097, 9.85472 ], [ 13.61699, 9.87128 ], [ 13.60897, 9.88208 ], [ 13.61035, 9.89891 ], [ 13.59041, 9.91652 ], [ 13.57822, 9.91675 ], [ 13.55073, 9.96743 ], [ 13.52747, 9.97725 ], [ 13.50122, 9.97642 ], [ 13.48028, 9.98711 ], [ 13.42288, 9.97764 ], [ 13.37948, 9.98103 ], [ 13.3108, 10.01246 ], [ 13.28986, 10.03269 ], [ 13.281, 10.0491 ], [ 13.27446, 10.05149 ], [ 13.25222, 10.04221 ], [ 13.24644, 10.03101 ], [ 13.25004, 10.02889 ], [ 13.24762, 10.00048 ], [ 13.2722, 9.99442 ], [ 13.28777, 9.9802 ], [ 13.28599, 9.95798 ], [ 13.27757, 9.94815 ], [ 13.27988, 9.94151 ], [ 13.27116, 9.93921 ], [ 13.26942, 9.93318 ], [ 13.25399, 9.93197 ], [ 13.23678, 9.91971 ], [ 13.23773, 9.8849 ], [ 13.24473, 9.87552 ], [ 13.24208, 9.86403 ], [ 13.24889, 9.85616 ], [ 13.25602, 9.85827 ], [ 13.26441, 9.85104 ], [ 13.27295, 9.8512 ], [ 13.29485, 9.83582 ], [ 13.29913, 9.82769 ], [ 13.288, 9.81402 ], [ 13.28414, 9.8017 ], [ 13.25891, 9.77761 ], [ 13.25492, 9.75476 ], [ 13.2582, 9.74298 ], [ 13.2475, 9.70961 ], [ 13.25261, 9.70029 ], [ 13.24684, 9.69161 ], [ 13.23314, 9.68802 ], [ 13.22971, 9.6791 ], [ 13.23669, 9.66207 ], [ 13.2289, 9.65218 ], [ 13.23099, 9.62792 ], [ 13.23584, 9.61903 ], [ 13.22485, 9.60549 ], [ 13.22469, 9.58491 ], [ 13.21385, 9.56631 ], [ 13.20771, 9.55784 ], [ 13.20055, 9.5562 ], [ 13.19231, 9.56029 ], [ 13.17169, 9.54428 ], [ 13.16171, 9.53992 ], [ 13.15626, 9.54299 ], [ 13.12586, 9.52847 ], [ 13.11267, 9.52892 ], [ 13.10547, 9.52481 ], [ 13.09256, 9.52697 ], [ 13.07713, 9.51472 ], [ 13.06347, 9.51768 ], [ 13.04676, 9.50697 ], [ 13.0343, 9.51132 ], [ 13.00492, 9.48337 ], [ 12.98635, 9.47557 ], [ 12.98141, 9.46934 ], [ 12.97232, 9.47113 ], [ 12.96712, 9.45129 ], [ 12.94594, 9.43579 ], [ 12.93679, 9.41931 ], [ 12.87101, 9.39137 ], [ 12.86479, 9.36992 ], [ 12.84804, 9.37619 ], [ 12.84378, 9.37272 ], [ 12.85375, 9.359 ], [ 12.86572, 9.35879 ], [ 12.86678, 9.35252 ], [ 12.8774, 9.34738 ], [ 12.89244, 9.35499 ], [ 12.9082, 9.34835 ], [ 12.91656, 9.33789 ], [ 12.91695, 9.32865 ], [ 12.912, 9.32061 ], [ 12.91603, 9.31426 ], [ 12.91438, 9.30007 ], [ 12.90859, 9.29211 ], [ 12.90869, 9.28465 ], [ 12.91602, 9.27683 ], [ 12.90959, 9.25951 ], [ 12.91981, 9.24739 ], [ 12.91454, 9.15874 ], [ 12.92765, 9.15247 ], [ 12.92652, 9.14213 ], [ 12.93176, 9.13493 ], [ 12.92783, 9.12103 ], [ 12.93815, 9.1135 ], [ 12.95232, 9.0758 ], [ 12.94101, 9.05507 ], [ 12.94229, 9.03867 ], [ 12.93606, 9.03642 ], [ 12.94368, 9.02952 ], [ 12.943, 9.01801 ], [ 12.93609, 9.00513 ], [ 12.92677, 8.99932 ], [ 12.92246, 8.9765 ], [ 12.88681, 8.92907 ], [ 12.87861, 8.91058 ], [ 12.88043, 8.87689 ], [ 12.87441, 8.84129 ], [ 12.88519, 8.82334 ], [ 12.87615, 8.79829 ], [ 12.87882, 8.77233 ], [ 12.87431, 8.75725 ], [ 12.88002, 8.74326 ], [ 12.89204, 8.72423 ], [ 12.90115, 8.7411 ], [ 12.94714, 8.79442 ], [ 13.03277, 8.78572 ], [ 13.03548, 8.77954 ], [ 13.03843, 8.78324 ], [ 13.04037, 8.78074 ], [ 13.04085, 8.77381 ], [ 13.04798, 8.77178 ], [ 13.05513, 8.75238 ], [ 13.06241, 8.75153 ], [ 13.06897, 8.74448 ], [ 13.09109, 8.71256 ], [ 13.09539, 8.71346 ], [ 13.1027, 8.70494 ], [ 13.1272, 8.70392 ], [ 13.14496, 8.71316 ], [ 13.15108, 8.70433 ], [ 13.16325, 8.70336 ], [ 13.17151, 8.6845 ], [ 13.19022, 8.6809 ], [ 13.20859, 8.64875 ], [ 13.24218, 8.63385 ], [ 13.27241, 8.60948 ], [ 13.4784, 8.626 ], [ 13.48356, 8.4824 ], [ 13.43901, 8.42113 ], [ 13.39557, 8.42065 ], [ 13.39949, 8.35858 ], [ 13.42007, 8.35407 ], [ 13.44272, 8.36645 ], [ 13.46123, 8.36727 ], [ 13.47516, 8.3739 ], [ 13.47838, 8.37963 ], [ 13.49285, 8.37894 ], [ 13.49582, 8.38466 ], [ 13.5049, 8.38283 ], [ 13.53736, 8.40655 ], [ 13.55133, 8.40312 ], [ 13.58099, 8.42737 ], [ 13.58681, 8.43782 ], [ 13.58473, 8.46048 ], [ 13.59203, 8.47678 ], [ 13.60135, 8.48575 ], [ 13.60855, 8.4836 ], [ 13.61838, 8.48982 ], [ 13.6243, 8.55323 ], [ 13.62938, 8.56989 ], [ 13.64196, 8.58856 ], [ 13.64222, 8.59724 ], [ 13.65329, 8.60759 ], [ 13.66314, 8.60898 ], [ 13.66189, 8.62085 ], [ 13.66945, 8.624 ], [ 13.67395, 8.64558 ], [ 13.68771, 8.65217 ], [ 13.69112, 8.66043 ], [ 13.67602, 8.68522 ], [ 13.67699, 8.69461 ], [ 13.66997, 8.69871 ], [ 13.65925, 8.72053 ], [ 13.66335, 8.74424 ], [ 13.67398, 8.75619 ], [ 13.68312, 8.75197 ], [ 13.69003, 8.75541 ], [ 13.68736, 8.76048 ], [ 13.6955, 8.76334 ], [ 13.69656, 8.77513 ], [ 13.70531, 8.78043 ], [ 13.7092, 8.77832 ], [ 13.71408, 8.78859 ], [ 13.71494, 8.78184 ], [ 13.72452, 8.78116 ], [ 13.72618, 8.78786 ], [ 13.73717, 8.78951 ], [ 13.73404, 8.79677 ], [ 13.74765, 8.79206 ], [ 13.7508, 8.81619 ], [ 13.77141, 8.81248 ], [ 13.7796, 8.8198 ], [ 13.7925, 8.81909 ], [ 13.78489, 8.82422 ], [ 13.78866, 8.83291 ], [ 13.80747, 8.84076 ], [ 13.80429, 8.84654 ], [ 13.8237, 8.86546 ], [ 13.81483, 8.87062 ], [ 13.81493, 8.87917 ], [ 13.82881, 8.88739 ], [ 13.83017, 8.89506 ], [ 13.84139, 8.90641 ], [ 13.83318, 8.90374 ], [ 13.83404, 8.91104 ], [ 13.82911, 8.91027 ], [ 13.83162, 8.91782 ], [ 13.83944, 8.923 ], [ 13.82971, 8.92234 ], [ 13.83198, 8.93696 ], [ 13.814, 8.94469 ], [ 13.79916, 8.95848 ], [ 13.78207, 8.96269 ], [ 13.79381, 8.97128 ], [ 13.79744, 8.98097 ] ] ] } },
{ "type": "Feature", "properties": { "GID_1": "CMR.7_1", "GID_2": "CMR.7.2_1", "NAME_1": "Nord", "NAME_2": "Faro", "superficie_km2": 11804.1, "pop_worldpop_2025": 142654.0, "densite_wp_2025": 12.1 }, "geometry": { "type": "Polygon", "coordinates": [ [ [ 12.47909, 7.93536 ], [ 12.48724, 7.92402 ], [ 12.5005, 7.9283 ], [ 12.62676, 7.93152 ], [ 12.62948, 7.90302 ], [ 12.63592, 7.88405 ], [ 12.6489, 7.87754 ], [ 12.65293, 7.86709 ], [ 12.65053, 7.85545 ], [ 12.63129, 7.82542 ], [ 12.64328, 7.78233 ], [ 12.63428, 7.7718 ], [ 12.63526, 7.75239 ], [ 12.65226, 7.74585 ], [ 12.66862, 7.7329 ], [ 12.69711, 7.72721 ], [ 12.70433, 7.71998 ], [ 12.73125, 7.7315 ], [ 12.73888, 7.71643 ], [ 12.74013, 7.6955 ], [ 12.76878, 7.68617 ], [ 12.77769, 7.68705 ], [ 12.78279, 7.6786 ], [ 12.78977, 7.67729 ], [ 12.79983, 7.66746 ], [ 12.84105, 7.66241 ], [ 12.87153, 7.66491 ], [ 12.87568, 7.66889 ], [ 12.8784, 7.66265 ], [ 12.89084, 7.66216 ], [ 12.89511, 7.6582 ], [ 12.90315, 7.66041 ], [ 12.977, 7.64878 ], [ 13.01687, 7.62902 ], [ 13.03669, 7.6297 ], [ 13.08085, 7.60292 ], [ 13.08958, 7.60504 ], [ 13.12262, 7.59747 ], [ 13.12707, 7.6022 ], [ 13.13748, 7.5999 ], [ 13.14059, 7.59462 ], [ 13.14724, 7.6 ], [ 13.15525, 7.59668 ], [ 13.18317, 7.60434 ], [ 13.21037, 7.60589 ], [ 13.22449, 7.60193 ], [ 13.22128, 7.60626 ], [ 13.22824, 7.61306 ], [ 13.24588, 7.60659 ], [ 13.2605, 7.62449 ], [ 13.25407, 7.63219 ], [ 13.25261, 7.6493 ], [ 13.25194, 7.66792 ], [ 13.25934, 7.68103 ], [ 13.25762, 7.69021 ], [ 13.27552, 7.70072 ], [ 13.28384, 7.70026 ], [ 13.28659, 7.71598 ], [ 13.29376, 7.72508 ], [ 13.2879, 7.7322 ], [ 13.28931, 7.73935 ], [ 13.29548, 7.74349 ], [ 13.28392, 7.75535 ], [ 13.2983, 7.77573 ], [ 13.30522, 7.779 ], [ 13.30616, 7.78624 ], [ 13.30056, 7.79108 ], [ 13.30192, 7.8029 ], [ 13.29442, 7.81835 ], [ 13.3006, 7.82325 ], [ 13.30967, 7.82115 ], [ 13.32904, 7.84253 ], [ 13.32931, 7.84978 ], [ 13.34087, 7.85673 ], [ 13.34038, 7.8742 ], [ 13.32792, 7.89066 ], [ 13.32582, 7.90118 ], [ 13.33926, 7.91307 ], [ 13.34118, 7.92317 ], [ 13.35593, 7.93208 ], [ 13.35194, 7.94511 ], [ 13.33548, 7.95454 ], [ 13.32754, 7.97362 ], [ 13.27046, 7.96694 ], [ 13.23971, 7.97289 ], [ 13.22577, 7.97013 ], [ 13.18757, 7.97923 ], [ 13.18061, 7.97611 ], [ 13.17545, 7.98275 ], [ 13.16082, 7.98297 ], [ 13.15912, 7.99619 ], [ 13.15308, 8.0033 ], [ 13.11856, 8.01425 ], [ 13.10443, 8.02733 ], [ 13.07411, 8.0297 ], [ 13.04543, 8.05263 ], [ 13.04671, 8.06808 ], [ 13.05224, 8.07537 ], [ 13.04529, 8.09175 ], [ 13.02019, 8.11353 ], [ 13.01504, 8.13805 ], [ 13.00594, 8.14785 ], [ 13.00914, 8.16746 ], [ 13.01876, 8.18141 ], [ 13.02401, 8.17272 ], [ 13.0307, 8.17178 ], [ 13.02808, 8.15307 ], [ 13.05326, 8.14118 ], [ 13.06671, 8.12102 ], [ 13.07201, 8.12303 ], [ 13.08842, 8.10533 ], [ 13.10912, 8.09693 ], [ 13.12943, 8.10053 ], [ 13.1438, 8.09882 ], [ 13.14822, 8.09303 ], [ 13.15852, 8.09603 ], [ 13.16611, 8.09001 ], [ 13.2039, 8.09471 ], [ 13.21154, 8.10395 ], [ 13.22338, 8.1065 ], [ 13.23727, 8.15377 ], [ 13.25263, 8.14911 ], [ 13.27161, 8.15351 ], [ 13.28082, 8.16586 ], [ 13.29804, 8.16669 ], [ 13.32256, 8.1803 ], [ 13.33781, 8.19981 ], [ 13.33323, 8.27161 ], [ 13.34721, 8.27106 ], [ 13.36273, 8.27887 ], [ 13.37517, 8.2962 ], [ 13.37928, 8.3185 ], [ 13.38744, 8.33483 ], [ 13.39682, 8.34038 ], [ 13.39394, 8.34607 ], [ 13.40174, 8.35698 ], [ 13.39557, 8.42065 ], [ 13.43901, 8.42113 ], [ 13.48356, 8.4824 ], [ 13.4784, 8.626 ], [ 13.27241, 8.60948 ], [ 13.24218, 8.63385 ], [ 13.20859, 8.64875 ], [ 13.19022, 8.6809 ], [ 13.17151, 8.6845 ], [ 13.16325, 8.70336 ], [ 13.15108, 8.70433 ], [ 13.14496, 8.71316 ], [ 13.1272, 8.70392 ], [ 13.1027, 8.70494 ], [ 13.09539, 8.71346 ], [ 13.09109, 8.71256 ], [ 13.06897, 8.74448 ], [ 13.06241, 8.75153 ], [ 13.05513, 8.75238 ], [ 13.04798, 8.77178 ], [ 13.04085, 8.77381 ], [ 13.04037, 8.78074 ], [ 13.03843, 8.78324 ], [ 13.03548, 8.77954 ], [ 13.03277, 8.78572 ], [ 12.94714, 8.79442 ], [ 12.89055, 8.7254 ], [ 12.87431, 8.75725 ], [ 12.87882, 8.77233 ], [ 12.87615, 8.79829 ], [ 12.88519, 8.82334 ], [ 12.87441, 8.84129 ], [ 12.88043, 8.87689 ], [ 12.87861, 8.91058 ], [ 12.88681, 8.92907 ], [ 12.92246, 8.9765 ], [ 12.92677, 8.99932 ], [ 12.93609, 9.00513 ], [ 12.943, 9.01801 ], [ 12.94368, 9.02952 ], [ 12.93606, 9.03642 ], [ 12.94229, 9.03867 ], [ 12.94101, 9.05507 ], [ 12.95233, 9.07403 ], [ 12.93815, 9.1135 ], [ 12.92783, 9.12103 ], [ 12.93176, 9.13493 ], [ 12.92652, 9.14213 ], [ 12.92765, 9.15247 ], [ 12.91454, 9.15874 ], [ 12.91981, 9.24739 ], [ 12.91577, 9.25268 ], [ 12.90638, 9.22457 ], [ 12.89793, 9.21814 ], [ 12.89593, 9.1956 ], [ 12.88603, 9.18033 ], [ 12.88923, 9.1672 ], [ 12.88457, 9.16333 ], [ 12.88269, 9.14985 ], [ 12.89404, 9.13462 ], [ 12.89085, 9.12663 ], [ 12.89786, 9.11478 ], [ 12.89025, 9.11044 ], [ 12.88764, 9.08774 ], [ 12.83854, 9.00733 ], [ 12.82628, 8.97259 ], [ 12.82793, 8.95533 ], [ 12.82091, 8.93574 ], [ 12.80399, 8.91649 ], [ 12.80649, 8.90243 ], [ 12.81281, 8.90548 ], [ 12.81877, 8.89902 ], [ 12.80753, 8.88629 ], [ 12.80747, 8.87479 ], [ 12.81582, 8.86285 ], [ 12.80451, 8.86178 ], [ 12.80086, 8.85332 ], [ 12.80938, 8.8361 ], [ 12.81984, 8.83107 ], [ 12.81018, 8.81514 ], [ 12.80962, 8.79565 ], [ 12.79795, 8.78775 ], [ 12.79235, 8.75665 ], [ 12.78583, 8.74308 ], [ 12.76548, 8.74718 ], [ 12.7588, 8.7604 ], [ 12.7377, 8.75592 ], [ 12.7203, 8.76077 ], [ 12.71496, 8.75418 ], [ 12.71383, 8.73971 ], [ 12.7094, 8.73808 ], [ 12.71126, 8.73126 ], [ 12.70584, 8.71582 ], [ 12.71057, 8.70159 ], [ 12.69854, 8.67587 ], [ 12.70142, 8.66792 ], [ 12.6961, 8.66903 ], [ 12.68684, 8.65324 ], [ 12.67336, 8.64673 ], [ 12.66073, 8.65341 ], [ 12.63608, 8.64596 ], [ 12.63231, 8.63596 ], [ 12.61534, 8.63907 ], [ 12.60576, 8.63212 ], [ 12.60689, 8.62395 ], [ 12.57533, 8.61398 ], [ 12.55992, 8.62614 ], [ 12.55053, 8.62172 ], [ 12.53769, 8.63087 ], [ 12.52491, 8.63052 ], [ 12.50708, 8.64098 ], [ 12.4858, 8.64345 ], [ 12.46428, 8.62215 ], [ 12.4322, 8.62134 ], [ 12.44572, 8.60089 ], [ 12.44631, 8.56407 ], [ 12.45374, 8.55877 ], [ 12.46574, 8.52437 ], [ 12.43691, 8.51124 ], [ 12.42129, 8.49468 ], [ 12.42441, 8.4886 ], [ 12.40315, 8.4904 ], [ 12.39471, 8.48566 ], [ 12.39465, 8.47469 ], [ 12.38183, 8.48217 ], [ 12.37653, 8.47959 ], [ 12.33716, 8.44606 ], [ 12.33477, 8.44082 ], [ 12.33913, 8.43221 ], [ 12.33558, 8.4305 ], [ 12.31343, 8.4258 ], [ 12.30283, 8.44259 ], [ 12.28364, 8.44581 ], [ 12.26885, 8.44631 ], [ 12.26038, 8.43741 ], [ 12.26044, 8.41875 ], [ 12.2535, 8.411 ], [ 12.24736, 8.38593 ], [ 12.25319, 8.37887 ], [ 12.25984, 8.38026 ], [ 12.26468, 8.37012 ], [ 12.25942, 8.36245 ], [ 12.2515, 8.36132 ], [ 12.25175, 8.3551 ], [ 12.23875, 8.33908 ], [ 12.25728, 8.22547 ], [ 12.25637, 8.17582 ], [ 12.2779, 8.17557 ], [ 12.29143, 8.1876 ], [ 12.28849, 8.1685 ], [ 12.27607, 8.1515 ], [ 12.28595, 8.11615 ], [ 12.29811, 8.10162 ], [ 12.32445, 8.0863 ], [ 12.32713, 8.07347 ], [ 12.34921, 8.0537 ], [ 12.36079, 8.05016 ], [ 12.38108, 8.03375 ], [ 12.38693, 8.03475 ], [ 12.40244, 8.02 ], [ 12.41763, 7.99035 ], [ 12.42774, 7.98434 ], [ 12.4291, 7.97448 ], [ 12.47909, 7.93536 ] ] ] } },
{ "type": "Feature", "properties": { "GID_1": "CMR.7_1", "GID_2": "CMR.7.3_1", "NAME_1": "Nord", "NAME_2": "Mayo Louti", "superficie_km2": 4159.0, "pop_worldpop_2025": 864770.0, "densite_wp_2025": 207.9 }, "geometry": { "type": "Polygon", "coordinates": [ [ [ 14.22975, 10.07522 ], [ 14.22114, 10.09019 ], [ 14.20911, 10.09639 ], [ 14.11003, 10.12865 ], [ 14.10347, 10.1155 ], [ 14.07617, 10.11134 ], [ 14.05992, 10.14316 ], [ 14.05951, 10.15366 ], [ 14.05088, 10.16218 ], [ 14.05183, 10.17257 ], [ 14.02281, 10.17082 ], [ 14.01352, 10.17392 ], [ 14.00385, 10.18639 ], [ 14.01404, 10.19582 ], [ 14.01193, 10.20167 ], [ 13.97998, 10.21719 ], [ 13.97918, 10.22518 ], [ 13.97386, 10.22994 ], [ 13.9168, 10.22813 ], [ 13.88222, 10.24099 ], [ 13.86814, 10.24363 ], [ 13.84235, 10.24018 ], [ 13.83126, 10.24687 ], [ 13.80096, 10.25305 ], [ 13.78331, 10.24568 ], [ 13.75708, 10.25007 ], [ 13.7391, 10.24576 ], [ 13.71434, 10.25862 ], [ 13.69338, 10.26112 ], [ 13.67623, 10.25497 ], [ 13.6726, 10.23746 ], [ 13.65586, 10.22178 ], [ 13.64778, 10.18196 ], [ 13.65666, 10.16825 ], [ 13.69526, 10.14726 ], [ 13.69169, 10.14081 ], [ 13.67472, 10.14026 ], [ 13.63647, 10.12665 ], [ 13.61588, 10.13348 ], [ 13.61067, 10.1276 ], [ 13.58867, 10.12434 ], [ 13.569, 10.09984 ], [ 13.5643, 10.08627 ], [ 13.55869, 10.0849 ], [ 13.55441, 10.08623 ], [ 13.55494, 10.09978 ], [ 13.55114, 10.10217 ], [ 13.53943, 10.09712 ], [ 13.51584, 10.09957 ], [ 13.47984, 10.08728 ], [ 13.44612, 10.08687 ], [ 13.43845, 10.08211 ], [ 13.42876, 10.08566 ], [ 13.42417, 10.10865 ], [ 13.40312, 10.12555 ], [ 13.36896, 10.12057 ], [ 13.35724, 10.11276 ], [ 13.34652, 10.11357 ], [ 13.34295, 10.12279 ], [ 13.31697, 10.10102 ], [ 13.29444, 10.08872 ], [ 13.28775, 10.06299 ], [ 13.27499, 10.0513 ], [ 13.281, 10.0491 ], [ 13.28986, 10.03269 ], [ 13.31392, 10.01032 ], [ 13.37658, 9.98187 ], [ 13.42012, 9.97748 ], [ 13.48028, 9.98711 ], [ 13.50122, 9.97642 ], [ 13.52747, 9.97725 ], [ 13.55073, 9.96743 ], [ 13.57822, 9.91675 ], [ 13.59041, 9.91652 ], [ 13.61035, 9.89891 ], [ 13.60897, 9.88208 ], [ 13.61699, 9.87128 ], [ 13.61097, 9.85472 ], [ 13.61423, 9.83862 ], [ 13.60893, 9.82379 ], [ 13.59794, 9.8167 ], [ 13.59783, 9.80706 ], [ 13.60337, 9.80004 ], [ 13.61947, 9.79881 ], [ 13.64188, 9.74334 ], [ 13.65028, 9.70867 ], [ 13.64088, 9.66894 ], [ 13.68032, 9.62849 ], [ 13.70123, 9.57923 ], [ 13.73495, 9.59187 ], [ 13.74265, 9.58485 ], [ 13.74268, 9.57665 ], [ 13.75576, 9.56635 ], [ 13.76442, 9.5767 ], [ 13.77732, 9.57488 ], [ 13.80061, 9.58848 ], [ 13.82352, 9.58482 ], [ 13.83249, 9.58945 ], [ 13.87117, 9.5926 ], [ 13.87173, 9.59735 ], [ 13.88042, 9.60083 ], [ 13.89616, 9.61714 ], [ 13.90278, 9.63168 ], [ 13.91175, 9.63919 ], [ 13.91958, 9.63562 ], [ 13.94059, 9.63856 ], [ 13.96063, 9.62769 ], [ 13.98244, 9.64243 ], [ 14.02625, 9.73158 ], [ 14.13507, 9.82386 ], [ 14.17327, 9.90118 ], [ 14.20822, 10.00163 ], [ 14.20977, 10.05366 ], [ 14.22975, 10.07522 ] ] ] } },
{ "type": "Feature", "properties": { "GID_1": "CMR.7_1", "GID_2": "CMR.7.4_1", "NAME_1": "Nord", "NAME_2": "Mayo Rey", "superficie_km2": 36601.5, "pop_worldpop_2025": 772403.0, "densite_wp_2025": 21.1 }, "geometry": { "type": "Polygon", "coordinates": [ [ [ 15.2207, 7.2306 ], [ 15.22271, 7.2444 ], [ 15.23253, 7.24667 ], [ 15.23764, 7.25275 ], [ 15.24512, 7.27338 ], [ 15.26123, 7.2791 ], [ 15.29395, 7.31345 ], [ 15.37965, 7.37558 ], [ 15.39218, 7.39524 ], [ 15.4047, 7.39819 ], [ 15.42622, 7.41695 ], [ 15.42609, 7.42709 ], [ 15.43772, 7.43605 ], [ 15.44072, 7.44943 ], [ 15.4571, 7.45577 ], [ 15.46362, 7.4715 ], [ 15.46238, 7.47993 ], [ 15.47511, 7.48544 ], [ 15.47865, 7.49668 ], [ 15.49284, 7.50681 ], [ 15.49098, 7.51703 ], [ 15.49673, 7.52579 ], [ 15.51272, 7.53198 ], [ 15.51764, 7.54481 ], [ 15.52415, 7.54591 ], [ 15.54202, 7.56514 ], [ 15.55309, 7.57038 ], [ 15.56902, 7.59065 ], [ 15.56476, 7.6097 ], [ 15.57903, 7.62597 ], [ 15.58327, 7.63984 ], [ 15.58218, 7.65095 ], [ 15.57686, 7.65565 ], [ 15.58822, 7.66668 ], [ 15.59357, 7.68758 ], [ 15.58966, 7.70719 ], [ 15.59265, 7.72016 ], [ 15.58858, 7.72631 ], [ 15.59095, 7.73818 ], [ 15.58659, 7.74246 ], [ 15.59243, 7.75723 ], [ 15.58864, 7.77248 ], [ 15.50473, 7.79364 ], [ 15.45236, 7.88115 ], [ 15.39568, 8.0444 ], [ 15.39674, 8.09128 ], [ 15.20023, 8.50902 ], [ 15.17776, 8.52502 ], [ 15.15598, 8.56798 ], [ 15.15149, 8.60216 ], [ 15.11097, 8.63705 ], [ 15.10603, 8.6578 ], [ 15.06655, 8.67326 ], [ 15.05905, 8.67981 ], [ 15.03685, 8.67573 ], [ 15.02356, 8.68506 ], [ 15.00539, 8.68978 ], [ 14.98199, 8.68954 ], [ 14.99118, 8.7157 ], [ 14.9874, 8.73225 ], [ 14.9744, 8.7423 ], [ 14.95858, 8.74625 ], [ 14.9469, 8.75772 ], [ 14.92192, 8.75544 ], [ 14.91291, 8.76692 ], [ 14.92571, 8.77856 ], [ 14.90776, 8.7957 ], [ 14.90145, 8.81349 ], [ 14.88226, 8.82323 ], [ 14.87899, 8.81946 ], [ 14.87298, 8.8248 ], [ 14.86455, 8.81735 ], [ 14.85791, 8.82175 ], [ 14.85412, 8.81966 ], [ 14.8537, 8.81316 ], [ 14.83601, 8.8152 ], [ 14.58608, 9.00204 ], [ 14.49708, 9.05372 ], [ 14.48845, 9.07609 ], [ 14.47121, 9.10263 ], [ 14.46781, 9.11687 ], [ 14.4337, 9.12953 ], [ 14.40378, 9.15104 ], [ 14.38937, 9.17055 ], [ 14.37333, 9.18198 ], [ 14.36416, 9.18292 ], [ 14.3581, 9.20247 ], [ 14.34853, 9.20685 ], [ 14.35084, 9.21747 ], [ 14.35767, 9.22116 ], [ 14.35693, 9.2293 ], [ 14.38139, 9.25698 ], [ 14.38458, 9.27359 ], [ 14.38021, 9.29211 ], [ 14.34755, 9.30483 ], [ 14.31141, 9.36873 ], [ 14.29147, 9.36005 ], [ 14.2879, 9.34166 ], [ 14.26903, 9.34288 ], [ 14.2569, 9.33078 ], [ 14.23905, 9.32735 ], [ 14.23275, 9.31438 ], [ 14.21858, 9.30983 ], [ 14.21772, 9.29951 ], [ 14.22919, 9.26191 ], [ 14.1673, 9.2629 ], [ 14.15389, 9.26023 ], [ 14.14693, 9.25279 ], [ 14.12514, 9.26091 ], [ 14.07784, 9.2403 ], [ 14.06809, 9.24304 ], [ 14.03407, 9.23541 ], [ 14.01342, 9.23598 ], [ 13.99301, 9.24862 ], [ 13.98201, 9.24771 ], [ 13.97775, 9.23186 ], [ 13.96286, 9.20698 ], [ 13.95853, 9.175 ], [ 13.96097, 9.16331 ], [ 13.94682, 9.15611 ], [ 13.94003, 9.14062 ], [ 13.92035, 9.12724 ], [ 13.90509, 9.11047 ], [ 13.91657, 9.07916 ], [ 13.90092, 9.0688 ], [ 13.88065, 9.07955 ], [ 13.87264, 9.09072 ], [ 13.84138, 9.06648 ], [ 13.85461, 9.04201 ], [ 13.8462, 9.02046 ], [ 13.848, 9.01166 ], [ 13.84069, 9.00309 ], [ 13.81521, 9.00052 ], [ 13.79442, 8.9777 ], [ 13.79381, 8.97128 ], [ 13.78207, 8.96269 ], [ 13.79916, 8.95848 ], [ 13.814, 8.94469 ], [ 13.83198, 8.93696 ], [ 13.82971, 8.92234 ], [ 13.83944, 8.923 ], [ 13.83162, 8.91782 ], [ 13.82911, 8.91027 ], [ 13.83404, 8.91104 ], [ 13.83318, 8.90374 ], [ 13.84139, 8.90641 ], [ 13.83017, 8.89506 ], [ 13.82881, 8.88739 ], [ 13.81493, 8.87917 ], [ 13.81483, 8.87062 ], [ 13.8237, 8.86546 ], [ 13.80429, 8.84654 ], [ 13.80621, 8.83925 ], [ 13.78866, 8.83291 ], [ 13.78489, 8.82422 ], [ 13.7925, 8.81909 ], [ 13.7796, 8.8198 ], [ 13.77141, 8.81248 ], [ 13.7508, 8.81619 ], [ 13.74765, 8.79206 ], [ 13.73404, 8.79677 ], [ 13.73717, 8.78951 ], [ 13.72618, 8.78786 ], [ 13.72452, 8.78116 ], [ 13.71494, 8.78184 ], [ 13.71362, 8.78834 ], [ 13.7092, 8.77832 ], [ 13.70531, 8.78043 ], [ 13.69656, 8.77513 ], [ 13.6955, 8.76334 ], [ 13.68736, 8.76048 ], [ 13.69003, 8.75541 ], [ 13.68312, 8.75197 ], [ 13.67398, 8.75619 ], [ 13.66203, 8.74173 ], [ 13.65925, 8.72053 ], [ 13.66997, 8.69871 ], [ 13.67699, 8.69461 ], [ 13.67602, 8.68522 ], [ 13.69112, 8.66043 ], [ 13.68771, 8.65217 ], [ 13.67395, 8.64558 ], [ 13.66945, 8.624 ], [ 13.66189, 8.62085 ], [ 13.66314, 8.60898 ], [ 13.65329, 8.60759 ], [ 13.64222, 8.59724 ], [ 13.64196, 8.58856 ], [ 13.62938, 8.56989 ], [ 13.6243, 8.55323 ], [ 13.61838, 8.48982 ], [ 13.60855, 8.4836 ], [ 13.60135, 8.48575 ], [ 13.59203, 8.47678 ], [ 13.58473, 8.46048 ], [ 13.58681, 8.43782 ], [ 13.58099, 8.42737 ], [ 13.55133, 8.40312 ], [ 13.53736, 8.40655 ], [ 13.5049, 8.38283 ], [ 13.49582, 8.38466 ], [ 13.49285, 8.37894 ], [ 13.47838, 8.37963 ], [ 13.47516, 8.3739 ], [ 13.46123, 8.36727 ], [ 13.44272, 8.36645 ], [ 13.42007, 8.35407 ], [ 13.40174, 8.35698 ], [ 13.39394, 8.34607 ], [ 13.39629, 8.33878 ], [ 13.38744, 8.33483 ], [ 13.37928, 8.3185 ], [ 13.37517, 8.2962 ], [ 13.36273, 8.27887 ], [ 13.34721, 8.27106 ], [ 13.33323, 8.27161 ], [ 13.33781, 8.19981 ], [ 13.32256, 8.1803 ], [ 13.29804, 8.16669 ], [ 13.28082, 8.16586 ], [ 13.27161, 8.15351 ], [ 13.25263, 8.14911 ], [ 13.23727, 8.15377 ], [ 13.22338, 8.1065 ], [ 13.21154, 8.10395 ], [ 13.2039, 8.09471 ], [ 13.16611, 8.09001 ], [ 13.15852, 8.09603 ], [ 13.14822, 8.09303 ], [ 13.1438, 8.09882 ], [ 13.12943, 8.10053 ], [ 13.10912, 8.09693 ], [ 13.08842, 8.10533 ], [ 13.07201, 8.12303 ], [ 13.06671, 8.12102 ], [ 13.05326, 8.14118 ], [ 13.02808, 8.15307 ], [ 13.0307, 8.17178 ], [ 13.02401, 8.17272 ], [ 13.01876, 8.18141 ], [ 13.00914, 8.16746 ], [ 13.00594, 8.14785 ], [ 13.01504, 8.13805 ], [ 13.02019, 8.11353 ], [ 13.04529, 8.09175 ], [ 13.05224, 8.07537 ], [ 13.04671, 8.06808 ], [ 13.04493, 8.05446 ], [ 13.0505, 8.04696 ], [ 13.07964, 8.02683 ], [ 13.10443, 8.02733 ], [ 13.11856, 8.01425 ], [ 13.15308, 8.0033 ], [ 13.15912, 7.99619 ], [ 13.16082, 7.98297 ], [ 13.17545, 7.98275 ], [ 13.18061, 7.97611 ], [ 13.18757, 7.97923 ], [ 13.22577, 7.97013 ], [ 13.23971, 7.97289 ], [ 13.27046, 7.96694 ], [ 13.32966, 7.97465 ], [ 13.35473, 7.96436 ], [ 13.36514, 7.96998 ], [ 13.40901, 7.96217 ], [ 13.42576, 7.94385 ], [ 13.42136, 7.91765 ], [ 13.4408, 7.90904 ], [ 13.45804, 7.90991 ], [ 13.50692, 7.92351 ], [ 13.57297, 7.90627 ], [ 13.58879, 7.92614 ], [ 13.59755, 7.92166 ], [ 13.62086, 7.92646 ], [ 13.63279, 7.92336 ], [ 13.64551, 7.93038 ], [ 13.66494, 7.93045 ], [ 13.68371, 7.94016 ], [ 13.68706, 7.94804 ], [ 13.69951, 7.95763 ], [ 13.69919, 7.9542 ], [ 13.7141, 7.94468 ], [ 13.71056, 7.93604 ], [ 13.71593, 7.92892 ], [ 13.72445, 7.92882 ], [ 13.74426, 7.91209 ], [ 13.74092, 7.90411 ], [ 13.7447, 7.88355 ], [ 13.73419, 7.85992 ], [ 13.73865, 7.84775 ], [ 13.7644, 7.81521 ], [ 13.76763, 7.80487 ], [ 13.76498, 7.79917 ], [ 13.77517, 7.78656 ], [ 13.77336, 7.77913 ], [ 13.78199, 7.77245 ], [ 13.7869, 7.75809 ], [ 13.79293, 7.75821 ], [ 13.80457, 7.74682 ], [ 13.82551, 7.7463 ], [ 13.83056, 7.73689 ], [ 13.84018, 7.73287 ], [ 13.84068, 7.72666 ], [ 13.86069, 7.71155 ], [ 13.88356, 7.70452 ], [ 13.88072, 7.69845 ], [ 13.88556, 7.69496 ], [ 13.87308, 7.67459 ], [ 13.88407, 7.66569 ], [ 13.89175, 7.65177 ], [ 13.88792, 7.64227 ], [ 13.87274, 7.62785 ], [ 13.87424, 7.61686 ], [ 13.88245, 7.61562 ], [ 13.88941, 7.60534 ], [ 13.91427, 7.58865 ], [ 13.93085, 7.59218 ], [ 13.95144, 7.57926 ], [ 13.98039, 7.57778 ], [ 13.99212, 7.55895 ], [ 13.99691, 7.55966 ], [ 14.00617, 7.5504 ], [ 14.01196, 7.5552 ], [ 14.02438, 7.55477 ], [ 14.02299, 7.55822 ], [ 14.03239, 7.56106 ], [ 14.03378, 7.55752 ], [ 14.05971, 7.56037 ], [ 14.08373, 7.55475 ], [ 14.09273, 7.55597 ], [ 14.11259, 7.57081 ], [ 14.12564, 7.56703 ], [ 14.13656, 7.55269 ], [ 14.13231, 7.50869 ], [ 14.14482, 7.48375 ], [ 14.16061, 7.47803 ], [ 14.16314, 7.47314 ], [ 14.17499, 7.47329 ], [ 14.18264, 7.45823 ], [ 14.21368, 7.457 ], [ 14.22028, 7.43385 ], [ 14.21598, 7.4012 ], [ 14.24194, 7.39164 ], [ 14.23573, 7.37522 ], [ 14.24414, 7.36759 ], [ 14.24587, 7.35269 ], [ 14.28063, 7.32835 ], [ 14.27938, 7.31922 ], [ 14.2946, 7.31427 ], [ 14.30488, 7.30376 ], [ 14.31356, 7.3109 ], [ 14.3409, 7.30533 ], [ 14.34222, 7.29626 ], [ 14.33284, 7.27826 ], [ 14.35386, 7.27153 ], [ 14.35724, 7.25042 ], [ 14.3527, 7.23789 ], [ 14.36196, 7.21366 ], [ 14.35401, 7.19498 ], [ 14.33268, 7.19161 ], [ 14.32186, 7.16428 ], [ 14.34141, 7.16252 ], [ 14.35316, 7.15533 ], [ 14.37692, 7.15496 ], [ 14.38488, 7.15029 ], [ 14.39182, 7.15555 ], [ 14.39879, 7.14765 ], [ 14.40441, 7.1472 ], [ 14.43183, 7.16594 ], [ 14.43875, 7.16205 ], [ 14.4433, 7.1516 ], [ 14.4574, 7.15687 ], [ 14.48604, 7.15005 ], [ 14.49675, 7.15221 ], [ 14.49977, 7.1576 ], [ 14.50706, 7.15294 ], [ 14.51097, 7.16004 ], [ 14.52024, 7.16145 ], [ 14.52088, 7.13514 ], [ 14.53349, 7.12899 ], [ 14.53113, 7.12311 ], [ 14.53985, 7.11833 ], [ 14.54122, 7.10517 ], [ 14.5462, 7.09882 ], [ 14.55761, 7.09563 ], [ 14.56935, 7.08015 ], [ 14.56913, 7.06986 ], [ 14.57281, 7.06686 ], [ 14.56353, 7.05668 ], [ 14.57937, 7.06468 ], [ 14.58779, 7.07468 ], [ 14.60068, 7.06786 ], [ 14.62351, 7.07073 ], [ 14.64614, 7.06483 ], [ 14.64679, 7.05558 ], [ 14.65554, 7.04594 ], [ 14.645, 7.02597 ], [ 14.65194, 7.01616 ], [ 14.72565, 7.02356 ], [ 14.76533, 7.04041 ], [ 14.77324, 7.05498 ], [ 14.79064, 7.05886 ], [ 14.80233, 7.07053 ], [ 14.83417, 7.08565 ], [ 14.87119, 7.07985 ], [ 14.89325, 7.1051 ], [ 14.93311, 7.11268 ], [ 14.97823, 7.13676 ], [ 14.99531, 7.13826 ], [ 15.0294, 7.16438 ], [ 15.03305, 7.17299 ], [ 15.05833, 7.18894 ], [ 15.06708, 7.17987 ], [ 15.07937, 7.17943 ], [ 15.08719, 7.16571 ], [ 15.10255, 7.15912 ], [ 15.1032, 7.1436 ], [ 15.11007, 7.15131 ], [ 15.11845, 7.1511 ], [ 15.12419, 7.15941 ], [ 15.2207, 7.2306 ] ] ] } },
{ "type": "Feature", "properties": { "GID_1": "CMR.6_1", "GID_2": "CMR.6.1_1", "NAME_1": "Nord-Ouest", "NAME_2": "Boyo", "superficie_km2": 1655.9, "pop_worldpop_2025": 178633.0, "densite_wp_2025": 107.9 }, "geometry": { "type": "Polygon", "coordinates": [ [ [ 10.47669, 6.29232 ], [ 10.49778, 6.2925 ], [ 10.51412, 6.30167 ], [ 10.50133, 6.3189 ], [ 10.50475, 6.33359 ], [ 10.49555, 6.33544 ], [ 10.49175, 6.34653 ], [ 10.49862, 6.35335 ], [ 10.51283, 6.35799 ], [ 10.52193, 6.36741 ], [ 10.51995, 6.37271 ], [ 10.53814, 6.37352 ], [ 10.54592, 6.38615 ], [ 10.54789, 6.40007 ], [ 10.55604, 6.40772 ], [ 10.5594, 6.42902 ], [ 10.56643, 6.43536 ], [ 10.5688, 6.45923 ], [ 10.55336, 6.47057 ], [ 10.55121, 6.47668 ], [ 10.53207, 6.47119 ], [ 10.51529, 6.48121 ], [ 10.51952, 6.49041 ], [ 10.51562, 6.49684 ], [ 10.51687, 6.50819 ], [ 10.52623, 6.52276 ], [ 10.52008, 6.53263 ], [ 10.53015, 6.53696 ], [ 10.51593, 6.55919 ], [ 10.5214, 6.57986 ], [ 10.5161, 6.58567 ], [ 10.52151, 6.59017 ], [ 10.50914, 6.61809 ], [ 10.51391, 6.62614 ], [ 10.51142, 6.64121 ], [ 10.50077, 6.64192 ], [ 10.47972, 6.65831 ], [ 10.45688, 6.66618 ], [ 10.45395, 6.71352 ], [ 10.42658, 6.68878 ], [ 10.41267, 6.68794 ], [ 10.39837, 6.67 ], [ 10.3843, 6.6633 ], [ 10.37857, 6.64533 ], [ 10.3719, 6.64449 ], [ 10.36069, 6.65501 ], [ 10.35576, 6.64965 ], [ 10.34548, 6.64847 ], [ 10.3559, 6.5455 ], [ 10.36339, 6.53434 ], [ 10.34098, 6.50782 ], [ 10.34815, 6.49469 ], [ 10.33481, 6.48548 ], [ 10.33576, 6.47278 ], [ 10.33074, 6.45937 ], [ 10.33327, 6.455 ], [ 10.3242, 6.43897 ], [ 10.32618, 6.43193 ], [ 10.31756, 6.43069 ], [ 10.31101, 6.41195 ], [ 10.29569, 6.40932 ], [ 10.29262, 6.39735 ], [ 10.29957, 6.38587 ], [ 10.28432, 6.34366 ], [ 10.27907, 6.33931 ], [ 10.25222, 6.33519 ], [ 10.2478, 6.32995 ], [ 10.23505, 6.33672 ], [ 10.22058, 6.33272 ], [ 10.20344, 6.35723 ], [ 10.18956, 6.36883 ], [ 10.17343, 6.37001 ], [ 10.15984, 6.36262 ], [ 10.1128, 6.30303 ], [ 10.11435, 6.29168 ], [ 10.10487, 6.26228 ], [ 10.09126, 6.25755 ], [ 10.07925, 6.2375 ], [ 10.0717, 6.23457 ], [ 10.07711, 6.22014 ], [ 10.08473, 6.22134 ], [ 10.08456, 6.21472 ], [ 10.08938, 6.21521 ], [ 10.09306, 6.20526 ], [ 10.07661, 6.17769 ], [ 10.08458, 6.17653 ], [ 10.09042, 6.16301 ], [ 10.10101, 6.15772 ], [ 10.10894, 6.16116 ], [ 10.11346, 6.15727 ], [ 10.1321, 6.16586 ], [ 10.13895, 6.17602 ], [ 10.15427, 6.17975 ], [ 10.16117, 6.1732 ], [ 10.18723, 6.18084 ], [ 10.19514, 6.17833 ], [ 10.20161, 6.1693 ], [ 10.19763, 6.16331 ], [ 10.20512, 6.15351 ], [ 10.21755, 6.15496 ], [ 10.22491, 6.14729 ], [ 10.23639, 6.15536 ], [ 10.26973, 6.15947 ], [ 10.30178, 6.14932 ], [ 10.31004, 6.15276 ], [ 10.33501, 6.10534 ], [ 10.34605, 6.10027 ], [ 10.36278, 6.10428 ], [ 10.36293, 6.12105 ], [ 10.37298, 6.13208 ], [ 10.38896, 6.14102 ], [ 10.4113, 6.14437 ], [ 10.43299, 6.15382 ], [ 10.44842, 6.17256 ], [ 10.45318, 6.18034 ], [ 10.45271, 6.19826 ], [ 10.42808, 6.23527 ], [ 10.43507, 6.2458 ], [ 10.44714, 6.24591 ], [ 10.45465, 6.25338 ], [ 10.46708, 6.24914 ], [ 10.4731, 6.26079 ], [ 10.47669, 6.29232 ] ] ] } },
{ "type": "Feature", "properties": { "GID_1": "CMR.6_1", "GID_2": "CMR.6.2_1", "NAME_1": "Nord-Ouest", "NAME_2": "Bui", "superficie_km2": 2224.1, "pop_worldpop_2025": 474492.0, "densite_wp_2025": 213.3 }, "geometry": { "type": "Polygon", "coordinates": [ [ [ 10.72178, 6.39864 ], [ 10.7114, 6.39182 ], [ 10.70187, 6.39289 ], [ 10.68816, 6.38206 ], [ 10.67664, 6.42289 ], [ 10.66253, 6.43149 ], [ 10.66077, 6.4403 ], [ 10.65447, 6.43668 ], [ 10.64676, 6.44065 ], [ 10.64109, 6.4505 ], [ 10.63194, 6.44962 ], [ 10.62879, 6.45619 ], [ 10.62399, 6.45534 ], [ 10.623, 6.46889 ], [ 10.61135, 6.46966 ], [ 10.59955, 6.47939 ], [ 10.59204, 6.47535 ], [ 10.58914, 6.46812 ], [ 10.56792, 6.46019 ], [ 10.56643, 6.43536 ], [ 10.5594, 6.42902 ], [ 10.55604, 6.40772 ], [ 10.54789, 6.40007 ], [ 10.54592, 6.38615 ], [ 10.53814, 6.37352 ], [ 10.51995, 6.37271 ], [ 10.52193, 6.36741 ], [ 10.51283, 6.35799 ], [ 10.49862, 6.35335 ], [ 10.49175, 6.34653 ], [ 10.49555, 6.33544 ], [ 10.50475, 6.33359 ], [ 10.50133, 6.3189 ], [ 10.51412, 6.30167 ], [ 10.49778, 6.2925 ], [ 10.47669, 6.29232 ], [ 10.47304, 6.28617 ], [ 10.4731, 6.26079 ], [ 10.46708, 6.24914 ], [ 10.45465, 6.25338 ], [ 10.44714, 6.24591 ], [ 10.43507, 6.2458 ], [ 10.42808, 6.23527 ], [ 10.4537, 6.19489 ], [ 10.45318, 6.18034 ], [ 10.43017, 6.14966 ], [ 10.43485, 6.13283 ], [ 10.43064, 6.10626 ], [ 10.44397, 6.10252 ], [ 10.4469, 6.1058 ], [ 10.48679, 6.10742 ], [ 10.49456, 6.1207 ], [ 10.50194, 6.12303 ], [ 10.5133, 6.10715 ], [ 10.52289, 6.10338 ], [ 10.52409, 6.08899 ], [ 10.53538, 6.08267 ], [ 10.53397, 6.07398 ], [ 10.54003, 6.0686 ], [ 10.54368, 6.05599 ], [ 10.54932, 6.05347 ], [ 10.57195, 6.05731 ], [ 10.57318, 6.07471 ], [ 10.59532, 6.07874 ], [ 10.62108, 6.01312 ], [ 10.63882, 6.01267 ], [ 10.65341, 5.98709 ], [ 10.65585, 5.98967 ], [ 10.66139, 5.98547 ], [ 10.68009, 5.99354 ], [ 10.68249, 6.0042 ], [ 10.69985, 6.0179 ], [ 10.70507, 6.03791 ], [ 10.71534, 6.03249 ], [ 10.7227, 6.03933 ], [ 10.73511, 6.02266 ], [ 10.75066, 6.0229 ], [ 10.75735, 6.01771 ], [ 10.77295, 6.01638 ], [ 10.77691, 6.0209 ], [ 10.78852, 6.01899 ], [ 10.79284, 6.01119 ], [ 10.80196, 6.01007 ], [ 10.80634, 6.00178 ], [ 10.81715, 5.99996 ], [ 10.82446, 5.98481 ], [ 10.84194, 5.97642 ], [ 10.85038, 5.98596 ], [ 10.85232, 6.00391 ], [ 10.8639, 6.02024 ], [ 10.8882, 6.01919 ], [ 10.89884, 6.01341 ], [ 10.92593, 6.01631 ], [ 10.93475, 6.02496 ], [ 10.96376, 6.03784 ], [ 10.97109, 6.04458 ], [ 10.9752, 6.05705 ], [ 10.9892, 6.06449 ], [ 10.99929, 6.08614 ], [ 10.99088, 6.09933 ], [ 10.99081, 6.10801 ], [ 11.01223, 6.1512 ], [ 10.99934, 6.23268 ], [ 11.00806, 6.23724 ], [ 11.01751, 6.23385 ], [ 11.02681, 6.23918 ], [ 11.05218, 6.22358 ], [ 11.05052, 6.23703 ], [ 11.04593, 6.23949 ], [ 11.04007, 6.25744 ], [ 11.02297, 6.26019 ], [ 11.01916, 6.27364 ], [ 11.00984, 6.27781 ], [ 10.99066, 6.27949 ], [ 10.98579, 6.27352 ], [ 10.97551, 6.27108 ], [ 10.97307, 6.26446 ], [ 10.95015, 6.26492 ], [ 10.93677, 6.28833 ], [ 10.92148, 6.29738 ], [ 10.90318, 6.29416 ], [ 10.88976, 6.31387 ], [ 10.88259, 6.31765 ], [ 10.87022, 6.34035 ], [ 10.85366, 6.34817 ], [ 10.84418, 6.3458 ], [ 10.83877, 6.34893 ], [ 10.82622, 6.34384 ], [ 10.81764, 6.34768 ], [ 10.80823, 6.34477 ], [ 10.80144, 6.35233 ], [ 10.78588, 6.35086 ], [ 10.7806, 6.35459 ], [ 10.77491, 6.35131 ], [ 10.75775, 6.36612 ], [ 10.76633, 6.37894 ], [ 10.75982, 6.39303 ], [ 10.72178, 6.39864 ] ] ] } },
{ "type": "Feature", "properties": { "GID_1": "CMR.6_1", "GID_2": "CMR.6.3_1", "NAME_1": "Nord-Ouest", "NAME_2": "Donga Mantung", "superficie_km2": 4364.9, "pop_worldpop_2025": 403374.0, "densite_wp_2025": 92.4 }, "geometry": { "type": "Polygon", "coordinates": [ [ [ 11.05473, 6.21457 ], [ 11.06017, 6.21206 ], [ 11.06905, 6.21155 ], [ 11.07223, 6.21594 ], [ 11.08534, 6.21866 ], [ 11.1035, 6.21859 ], [ 11.12648, 6.22845 ], [ 11.13757, 6.22659 ], [ 11.14453, 6.24684 ], [ 11.16325, 6.26332 ], [ 11.19573, 6.25754 ], [ 11.18462, 6.26308 ], [ 11.18134, 6.27286 ], [ 11.18509, 6.30344 ], [ 11.18886, 6.31149 ], [ 11.20589, 6.32227 ], [ 11.20475, 6.33808 ], [ 11.20931, 6.34681 ], [ 11.19771, 6.36266 ], [ 11.20538, 6.39282 ], [ 11.19837, 6.39919 ], [ 11.20754, 6.42582 ], [ 11.19234, 6.44833 ], [ 11.19372, 6.4607 ], [ 11.20129, 6.46943 ], [ 11.19992, 6.47879 ], [ 11.20559, 6.48672 ], [ 11.19692, 6.50668 ], [ 11.19957, 6.51362 ], [ 11.19442, 6.52932 ], [ 11.17076, 6.52413 ], [ 11.14243, 6.53411 ], [ 11.1186, 6.51771 ], [ 11.09914, 6.52163 ], [ 11.09785, 6.59154 ], [ 11.09391, 6.61186 ], [ 11.10008, 6.67301 ], [ 11.09662, 6.6821 ], [ 11.05989, 6.71619 ], [ 11.05192, 6.70936 ], [ 11.03232, 6.71603 ], [ 11.02306, 6.71251 ], [ 10.99428, 6.68701 ], [ 10.97878, 6.69112 ], [ 10.97073, 6.68745 ], [ 10.94815, 6.69474 ], [ 10.94708, 6.68828 ], [ 10.91923, 6.70851 ], [ 10.9151, 6.72953 ], [ 10.91712, 6.75516 ], [ 10.91299, 6.76561 ], [ 10.90416, 6.77336 ], [ 10.89832, 6.76248 ], [ 10.88041, 6.7955 ], [ 10.8556, 6.81102 ], [ 10.85238, 6.80523 ], [ 10.84055, 6.81184 ], [ 10.8263, 6.82864 ], [ 10.82006, 6.8438 ], [ 10.82294, 6.8495 ], [ 10.81775, 6.85315 ], [ 10.82598, 6.86568 ], [ 10.82787, 6.88546 ], [ 10.8433, 6.92075 ], [ 10.84115, 6.93964 ], [ 10.81484, 6.94886 ], [ 10.8007, 6.96265 ], [ 10.79186, 6.96034 ], [ 10.78225, 6.96799 ], [ 10.76549, 6.95744 ], [ 10.75007, 6.96959 ], [ 10.73844, 6.99011 ], [ 10.72082, 6.98935 ], [ 10.71111, 6.99742 ], [ 10.70401, 7.01205 ], [ 10.68652, 7.01559 ], [ 10.6825, 7.0232 ], [ 10.68358, 7.03601 ], [ 10.67802, 7.04232 ], [ 10.65867, 7.05159 ], [ 10.65471, 7.04313 ], [ 10.62764, 7.04941 ], [ 10.61291, 7.06112 ], [ 10.5977, 7.07791 ], [ 10.60701, 7.10334 ], [ 10.60128, 7.11772 ], [ 10.60153, 7.13636 ], [ 10.59783, 7.14535 ], [ 10.58749, 7.14766 ], [ 10.58379, 7.15638 ], [ 10.57204, 7.16229 ], [ 10.56634, 7.14685 ], [ 10.55931, 7.08192 ], [ 10.55704, 7.04943 ], [ 10.56027, 7.03468 ], [ 10.55101, 6.97772 ], [ 10.54121, 6.96818 ], [ 10.54098, 6.93862 ], [ 10.53521, 6.93969 ], [ 10.52811, 6.92665 ], [ 10.4959, 6.91483 ], [ 10.49037, 6.89966 ], [ 10.47743, 6.90418 ], [ 10.47305, 6.91272 ], [ 10.46306, 6.91478 ], [ 10.41042, 6.90896 ], [ 10.41809, 6.87949 ], [ 10.42846, 6.86623 ], [ 10.42962, 6.82739 ], [ 10.44364, 6.81561 ], [ 10.44806, 6.74808 ], [ 10.45637, 6.70726 ], [ 10.45688, 6.66618 ], [ 10.47972, 6.65831 ], [ 10.50077, 6.64192 ], [ 10.51142, 6.64121 ], [ 10.51391, 6.62614 ], [ 10.50914, 6.61809 ], [ 10.52151, 6.59017 ], [ 10.5161, 6.58567 ], [ 10.5214, 6.57986 ], [ 10.51593, 6.55919 ], [ 10.53015, 6.53696 ], [ 10.52008, 6.53263 ], [ 10.52623, 6.52276 ], [ 10.51687, 6.50819 ], [ 10.51562, 6.49684 ], [ 10.51952, 6.49041 ], [ 10.51529, 6.48121 ], [ 10.53207, 6.47119 ], [ 10.55121, 6.47668 ], [ 10.55336, 6.47057 ], [ 10.57008, 6.46014 ], [ 10.58914, 6.46812 ], [ 10.59204, 6.47535 ], [ 10.6011, 6.47947 ], [ 10.61047, 6.47006 ], [ 10.62388, 6.46822 ], [ 10.62399, 6.45534 ], [ 10.62879, 6.45619 ], [ 10.63194, 6.44962 ], [ 10.64109, 6.4505 ], [ 10.64676, 6.44065 ], [ 10.65447, 6.43668 ], [ 10.66077, 6.4403 ], [ 10.66253, 6.43149 ], [ 10.67664, 6.42289 ], [ 10.68816, 6.38206 ], [ 10.70355, 6.39364 ], [ 10.7114, 6.39182 ], [ 10.72816, 6.40005 ], [ 10.75982, 6.39303 ], [ 10.76633, 6.37894 ], [ 10.75775, 6.36612 ], [ 10.77491, 6.35131 ], [ 10.7806, 6.35459 ], [ 10.78588, 6.35086 ], [ 10.80144, 6.35233 ], [ 10.80823, 6.34477 ], [ 10.81764, 6.34768 ], [ 10.82622, 6.34384 ], [ 10.85156, 6.3489 ], [ 10.86752, 6.34195 ], [ 10.90318, 6.29416 ], [ 10.92148, 6.29738 ], [ 10.93203, 6.29214 ], [ 10.95224, 6.26399 ], [ 10.97307, 6.26446 ], [ 10.97551, 6.27108 ], [ 10.98579, 6.27352 ], [ 10.99066, 6.27949 ], [ 11.01788, 6.27477 ], [ 11.02297, 6.26019 ], [ 11.03543, 6.25995 ], [ 11.04204, 6.2549 ], [ 11.05473, 6.21457 ] ] ] } },
{ "type": "Feature", "properties": { "GID_1": "CMR.6_1", "GID_2": "CMR.6.4_1", "NAME_1": "Nord-Ouest", "NAME_2": "Menchum", "superficie_km2": 4569.9, "pop_worldpop_2025": 210812.0, "densite_wp_2025": 46.1 }, "geometry": { "type": "Polygon", "coordinates": [ [ [ 10.27907, 6.33931 ], [ 10.28914, 6.35114 ], [ 10.29826, 6.3796 ], [ 10.29957, 6.38587 ], [ 10.29262, 6.39735 ], [ 10.29569, 6.40932 ], [ 10.31101, 6.41195 ], [ 10.31756, 6.43069 ], [ 10.32618, 6.43193 ], [ 10.3242, 6.43897 ], [ 10.33327, 6.455 ], [ 10.33074, 6.45937 ], [ 10.33576, 6.47278 ], [ 10.33481, 6.48548 ], [ 10.34815, 6.49469 ], [ 10.34098, 6.50782 ], [ 10.36339, 6.53434 ], [ 10.3559, 6.5455 ], [ 10.34548, 6.64847 ], [ 10.35576, 6.64965 ], [ 10.36069, 6.65501 ], [ 10.3719, 6.64449 ], [ 10.37857, 6.64533 ], [ 10.3843, 6.6633 ], [ 10.39837, 6.67 ], [ 10.41267, 6.68794 ], [ 10.42658, 6.68878 ], [ 10.45395, 6.71352 ], [ 10.44364, 6.81561 ], [ 10.42962, 6.82739 ], [ 10.42846, 6.86623 ], [ 10.41809, 6.87949 ], [ 10.41038, 6.90895 ], [ 10.2171, 6.88884 ], [ 10.17406, 6.9382 ], [ 10.17334, 6.94172 ], [ 10.17849, 6.94211 ], [ 10.18452, 6.96656 ], [ 10.18062, 6.97725 ], [ 10.18261, 6.98483 ], [ 10.17232, 6.99074 ], [ 10.17419, 6.99342 ], [ 10.16862, 7.00023 ], [ 10.1795, 7.01167 ], [ 10.16324, 7.0213 ], [ 10.16577, 7.03394 ], [ 10.15335, 7.03845 ], [ 10.06583, 6.96001 ], [ 10.04826, 6.93948 ], [ 10.02011, 6.92047 ], [ 10.01342, 6.90315 ], [ 10.00318, 6.90113 ], [ 9.98994, 6.89155 ], [ 9.86395, 6.77645 ], [ 9.85611, 6.78158 ], [ 9.82095, 6.78263 ], [ 9.8075, 6.79163 ], [ 9.79659, 6.78672 ], [ 9.77942, 6.79453 ], [ 9.76968, 6.76623 ], [ 9.76272, 6.75929 ], [ 9.76843, 6.7551 ], [ 9.76843, 6.74909 ], [ 9.75607, 6.69572 ], [ 9.76391, 6.69105 ], [ 9.76441, 6.68071 ], [ 9.75065, 6.67832 ], [ 9.75147, 6.65573 ], [ 9.74512, 6.64994 ], [ 9.73911, 6.62458 ], [ 9.72796, 6.60107 ], [ 9.71995, 6.55831 ], [ 9.71051, 6.54012 ], [ 9.70634, 6.50198 ], [ 9.74362, 6.48423 ], [ 9.7365, 6.43114 ], [ 9.7514, 6.41866 ], [ 9.75024, 6.40888 ], [ 9.76407, 6.39041 ], [ 9.75932, 6.36249 ], [ 9.76883, 6.34194 ], [ 9.77264, 6.30657 ], [ 9.78848, 6.28736 ], [ 9.78861, 6.2727 ], [ 9.79976, 6.26319 ], [ 9.80723, 6.26795 ], [ 9.81242, 6.28081 ], [ 9.83527, 6.27814 ], [ 9.84105, 6.2672 ], [ 9.83897, 6.25836 ], [ 9.84405, 6.23214 ], [ 9.85571, 6.21292 ], [ 9.8653, 6.20745 ], [ 9.87971, 6.21557 ], [ 9.91203, 6.22289 ], [ 9.90895, 6.24111 ], [ 9.92067, 6.26589 ], [ 9.92384, 6.26217 ], [ 9.94449, 6.26273 ], [ 9.95443, 6.27117 ], [ 9.95493, 6.28169 ], [ 9.97952, 6.29196 ], [ 9.98509, 6.30337 ], [ 10.00126, 6.30522 ], [ 10.01927, 6.3041 ], [ 10.02601, 6.29301 ], [ 10.04561, 6.27724 ], [ 10.04313, 6.26423 ], [ 10.05126, 6.25948 ], [ 10.05172, 6.24981 ], [ 10.05887, 6.24722 ], [ 10.05554, 6.24078 ], [ 10.06343, 6.23771 ], [ 10.06473, 6.22769 ], [ 10.07646, 6.23904 ], [ 10.07925, 6.2375 ], [ 10.09126, 6.25755 ], [ 10.10487, 6.26228 ], [ 10.11435, 6.29168 ], [ 10.1128, 6.30303 ], [ 10.12513, 6.31439 ], [ 10.1376, 6.33836 ], [ 10.15493, 6.35786 ], [ 10.17343, 6.37001 ], [ 10.18458, 6.37108 ], [ 10.19954, 6.36106 ], [ 10.21743, 6.33354 ], [ 10.23505, 6.33672 ], [ 10.2478, 6.32995 ], [ 10.2568, 6.33668 ], [ 10.27907, 6.33931 ] ] ] } },
{ "type": "Feature", "properties": { "GID_1": "CMR.6_1", "GID_2": "CMR.6.5_1", "NAME_1": "Nord-Ouest", "NAME_2": "Mezam", "superficie_km2": 1854.1, "pop_worldpop_2025": 721761.0, "densite_wp_2025": 389.3 }, "geometry": { "type": "Polygon", "coordinates": [ [ [ 10.2689, 5.89442 ], [ 10.25712, 5.90834 ], [ 10.25605, 5.91888 ], [ 10.28284, 5.92519 ], [ 10.29418, 5.93942 ], [ 10.30836, 5.9366 ], [ 10.31703, 5.94431 ], [ 10.34318, 5.94105 ], [ 10.37005, 5.94498 ], [ 10.36782, 5.95698 ], [ 10.3873, 5.99952 ], [ 10.38652, 6.02561 ], [ 10.36894, 6.04926 ], [ 10.35415, 6.06159 ], [ 10.34605, 6.10027 ], [ 10.33331, 6.10779 ], [ 10.31613, 6.13597 ], [ 10.31364, 6.15155 ], [ 10.30178, 6.14932 ], [ 10.26973, 6.15947 ], [ 10.23639, 6.15536 ], [ 10.22491, 6.14729 ], [ 10.21755, 6.15496 ], [ 10.20512, 6.15351 ], [ 10.19763, 6.16331 ], [ 10.20161, 6.1693 ], [ 10.19514, 6.17833 ], [ 10.18723, 6.18084 ], [ 10.16117, 6.1732 ], [ 10.15226, 6.17951 ], [ 10.13895, 6.17602 ], [ 10.13445, 6.167 ], [ 10.11346, 6.15727 ], [ 10.10894, 6.16116 ], [ 10.09899, 6.15804 ], [ 10.09042, 6.16301 ], [ 10.08458, 6.17653 ], [ 10.07661, 6.17769 ], [ 10.09176, 6.2002 ], [ 10.08938, 6.21521 ], [ 10.08456, 6.21472 ], [ 10.08473, 6.22134 ], [ 10.07711, 6.22014 ], [ 10.0717, 6.23457 ], [ 10.06242, 6.22924 ], [ 10.06343, 6.23771 ], [ 10.05554, 6.24078 ], [ 10.05887, 6.24722 ], [ 10.05172, 6.24981 ], [ 10.05126, 6.25948 ], [ 10.04313, 6.26423 ], [ 10.04561, 6.27724 ], [ 10.02601, 6.29301 ], [ 10.01869, 6.30444 ], [ 9.98509, 6.30337 ], [ 9.97952, 6.29196 ], [ 9.95493, 6.28169 ], [ 9.95443, 6.27117 ], [ 9.94449, 6.26273 ], [ 9.92384, 6.26217 ], [ 9.92067, 6.26589 ], [ 9.90895, 6.24111 ], [ 9.91203, 6.22289 ], [ 9.94085, 6.22108 ], [ 9.95539, 6.20261 ], [ 9.95823, 6.18672 ], [ 9.98394, 6.15818 ], [ 9.99595, 6.14854 ], [ 10.00567, 6.14868 ], [ 10.01525, 6.13914 ], [ 10.0236, 6.10983 ], [ 10.04317, 6.10077 ], [ 10.04257, 6.08528 ], [ 10.03658, 6.07513 ], [ 10.04151, 6.06937 ], [ 10.03819, 6.05145 ], [ 10.04132, 6.0366 ], [ 10.03552, 6.03632 ], [ 10.03152, 6.02966 ], [ 10.03808, 6.02292 ], [ 10.04534, 5.98873 ], [ 10.07383, 5.98248 ], [ 10.07769, 5.97897 ], [ 10.07636, 5.97152 ], [ 10.08467, 5.96416 ], [ 10.08085, 5.94972 ], [ 10.05999, 5.94709 ], [ 10.05801, 5.93452 ], [ 10.02787, 5.93158 ], [ 10.01277, 5.92006 ], [ 10.00263, 5.91864 ], [ 9.99554, 5.90477 ], [ 9.97685, 5.89754 ], [ 9.98668, 5.8737 ], [ 9.9799, 5.86128 ], [ 9.94853, 5.86718 ], [ 9.9452, 5.8606 ], [ 9.93991, 5.86055 ], [ 9.93571, 5.85069 ], [ 9.94339, 5.83665 ], [ 9.9584, 5.8343 ], [ 9.95947, 5.8289 ], [ 9.97021, 5.82425 ], [ 9.97525, 5.81603 ], [ 9.97194, 5.78169 ], [ 9.98115, 5.76055 ], [ 9.98048, 5.73901 ], [ 9.98545, 5.7286 ], [ 9.99956, 5.71859 ], [ 10.06124, 5.71942 ], [ 10.07936, 5.70812 ], [ 10.08955, 5.71179 ], [ 10.09335, 5.72548 ], [ 10.10496, 5.73254 ], [ 10.11726, 5.75386 ], [ 10.14879, 5.77363 ], [ 10.15728, 5.77474 ], [ 10.16527, 5.76321 ], [ 10.18084, 5.77016 ], [ 10.20767, 5.74498 ], [ 10.21588, 5.74969 ], [ 10.21953, 5.73891 ], [ 10.24281, 5.73358 ], [ 10.25231, 5.72269 ], [ 10.27371, 5.72369 ], [ 10.27678, 5.70517 ], [ 10.30642, 5.7188 ], [ 10.30541, 5.72975 ], [ 10.28705, 5.74273 ], [ 10.27805, 5.76589 ], [ 10.31312, 5.80021 ], [ 10.31119, 5.82169 ], [ 10.29906, 5.8489 ], [ 10.27958, 5.85943 ], [ 10.28375, 5.88797 ], [ 10.2689, 5.89442 ] ] ] } },
{ "type": "Feature", "properties": { "GID_1": "CMR.6_1", "GID_2": "CMR.6.6_1", "NAME_1": "Nord-Ouest", "NAME_2": "Momo", "superficie_km2": 1819.6, "pop_worldpop_2025": 232523.0, "densite_wp_2025": 127.8 }, "geometry": { "type": "Polygon", "coordinates": [ [ [ 10.0254, 5.92977 ], [ 10.04443, 5.9358 ], [ 10.05801, 5.93452 ], [ 10.05999, 5.94709 ], [ 10.07843, 5.94853 ], [ 10.08438, 5.95695 ], [ 10.0757, 5.98128 ], [ 10.04534, 5.98873 ], [ 10.03808, 6.02292 ], [ 10.03152, 6.02966 ], [ 10.03552, 6.03632 ], [ 10.04132, 6.0366 ], [ 10.03819, 6.05145 ], [ 10.04151, 6.06937 ], [ 10.03658, 6.07513 ], [ 10.04257, 6.08528 ], [ 10.04317, 6.10077 ], [ 10.0236, 6.10983 ], [ 10.01525, 6.13914 ], [ 10.00567, 6.14868 ], [ 9.99595, 6.14854 ], [ 9.98394, 6.15818 ], [ 9.95823, 6.18672 ], [ 9.95539, 6.20261 ], [ 9.94085, 6.22108 ], [ 9.91203, 6.22289 ], [ 9.87971, 6.21557 ], [ 9.87049, 6.20798 ], [ 9.85827, 6.21004 ], [ 9.84405, 6.23214 ], [ 9.83759, 6.27514 ], [ 9.81242, 6.28081 ], [ 9.80723, 6.26795 ], [ 9.79976, 6.26319 ], [ 9.8086, 6.25272 ], [ 9.81683, 6.22122 ], [ 9.80582, 6.20967 ], [ 9.78154, 6.20604 ], [ 9.77177, 6.19858 ], [ 9.79055, 6.18373 ], [ 9.78691, 6.17703 ], [ 9.7897, 6.16831 ], [ 9.767, 6.1585 ], [ 9.77246, 6.14673 ], [ 9.76303, 6.13412 ], [ 9.76427, 6.12343 ], [ 9.73677, 6.11619 ], [ 9.7264, 6.0847 ], [ 9.7104, 6.08385 ], [ 9.70224, 6.09062 ], [ 9.67388, 6.06224 ], [ 9.65565, 6.05852 ], [ 9.65026, 6.05155 ], [ 9.62974, 6.04393 ], [ 9.62311, 6.02897 ], [ 9.61146, 6.02141 ], [ 9.61204, 6.0074 ], [ 9.63927, 5.9824 ], [ 9.63611, 5.97646 ], [ 9.63887, 5.96756 ], [ 9.63398, 5.95368 ], [ 9.61962, 5.93532 ], [ 9.60394, 5.93591 ], [ 9.60593, 5.91753 ], [ 9.5932, 5.91036 ], [ 9.595, 5.89073 ], [ 9.59078, 5.88346 ], [ 9.60292, 5.88086 ], [ 9.61086, 5.8865 ], [ 9.61726, 5.87922 ], [ 9.63371, 5.88753 ], [ 9.64994, 5.86042 ], [ 9.66923, 5.84871 ], [ 9.67992, 5.8353 ], [ 9.68566, 5.83816 ], [ 9.69066, 5.85587 ], [ 9.72793, 5.84778 ], [ 9.75427, 5.81673 ], [ 9.75472, 5.79452 ], [ 9.76846, 5.77679 ], [ 9.78394, 5.7715 ], [ 9.81185, 5.77472 ], [ 9.81412, 5.75509 ], [ 9.83323, 5.75085 ], [ 9.84384, 5.75486 ], [ 9.8533, 5.75254 ], [ 9.85528, 5.73416 ], [ 9.88368, 5.74063 ], [ 9.89005, 5.71889 ], [ 9.92208, 5.72937 ], [ 9.95299, 5.75181 ], [ 9.96789, 5.74872 ], [ 9.98048, 5.73901 ], [ 9.98208, 5.75655 ], [ 9.97119, 5.79026 ], [ 9.97525, 5.81603 ], [ 9.97021, 5.82425 ], [ 9.95947, 5.8289 ], [ 9.9584, 5.8343 ], [ 9.94339, 5.83665 ], [ 9.93571, 5.85069 ], [ 9.93991, 5.86055 ], [ 9.9452, 5.8606 ], [ 9.94853, 5.86718 ], [ 9.9799, 5.86128 ], [ 9.98668, 5.8737 ], [ 9.97685, 5.89754 ], [ 9.99554, 5.90477 ], [ 10.00263, 5.91864 ], [ 10.01277, 5.92006 ], [ 10.0254, 5.92977 ] ] ] } },
{ "type": "Feature", "properties": { "GID_1": "CMR.6_1", "GID_2": "CMR.6.7_1", "NAME_1": "Nord-Ouest", "NAME_2": "Ngo Ketunjia", "superficie_km2": 1067.3, "pop_worldpop_2025": 249930.0, "densite_wp_2025": 234.2 }, "geometry": { "type": "Polygon", "coordinates": [ [ [ 10.26583, 5.89763 ], [ 10.28375, 5.88797 ], [ 10.27958, 5.85943 ], [ 10.29906, 5.8489 ], [ 10.30383, 5.8407 ], [ 10.3046, 5.8309 ], [ 10.31119, 5.82169 ], [ 10.31312, 5.80021 ], [ 10.32435, 5.80913 ], [ 10.34783, 5.8104 ], [ 10.37657, 5.80032 ], [ 10.38609, 5.80048 ], [ 10.39092, 5.80756 ], [ 10.40469, 5.80818 ], [ 10.43909, 5.80252 ], [ 10.44233, 5.8146 ], [ 10.45829, 5.82599 ], [ 10.46885, 5.82379 ], [ 10.47042, 5.81293 ], [ 10.52385, 5.8346 ], [ 10.53645, 5.8238 ], [ 10.54589, 5.82679 ], [ 10.55992, 5.82156 ], [ 10.56733, 5.80709 ], [ 10.56945, 5.78935 ], [ 10.57989, 5.77769 ], [ 10.588, 5.77842 ], [ 10.60338, 5.78509 ], [ 10.60425, 5.79377 ], [ 10.61068, 5.79743 ], [ 10.60521, 5.79896 ], [ 10.60035, 5.81163 ], [ 10.60826, 5.81142 ], [ 10.61245, 5.82368 ], [ 10.62888, 5.83251 ], [ 10.63012, 5.83798 ], [ 10.61726, 5.8587 ], [ 10.62398, 5.86576 ], [ 10.61776, 5.8688 ], [ 10.61675, 5.87739 ], [ 10.62121, 5.88786 ], [ 10.6249, 5.88955 ], [ 10.62931, 5.88293 ], [ 10.63783, 5.89508 ], [ 10.63427, 5.90265 ], [ 10.63978, 5.9151 ], [ 10.64079, 5.94031 ], [ 10.65014, 5.94273 ], [ 10.66311, 5.95931 ], [ 10.65909, 5.97415 ], [ 10.66139, 5.98547 ], [ 10.65723, 5.98939 ], [ 10.65242, 5.98777 ], [ 10.63704, 6.01394 ], [ 10.62108, 6.01312 ], [ 10.59532, 6.07874 ], [ 10.57318, 6.07471 ], [ 10.57195, 6.05731 ], [ 10.54932, 6.05347 ], [ 10.54368, 6.05599 ], [ 10.54003, 6.0686 ], [ 10.53397, 6.07398 ], [ 10.53538, 6.08267 ], [ 10.52409, 6.08899 ], [ 10.52289, 6.10338 ], [ 10.5133, 6.10715 ], [ 10.50194, 6.12303 ], [ 10.49456, 6.1207 ], [ 10.48679, 6.10742 ], [ 10.43283, 6.1042 ], [ 10.42968, 6.11503 ], [ 10.43485, 6.13283 ], [ 10.43017, 6.14966 ], [ 10.43299, 6.15382 ], [ 10.4262, 6.15377 ], [ 10.4113, 6.14437 ], [ 10.38896, 6.14102 ], [ 10.37298, 6.13208 ], [ 10.36293, 6.12105 ], [ 10.36484, 6.10509 ], [ 10.34605, 6.10027 ], [ 10.35415, 6.06159 ], [ 10.37925, 6.03733 ], [ 10.38884, 6.01721 ], [ 10.38491, 5.99085 ], [ 10.36782, 5.95698 ], [ 10.37127, 5.94645 ], [ 10.34318, 5.94105 ], [ 10.31703, 5.94431 ], [ 10.30836, 5.9366 ], [ 10.29418, 5.93942 ], [ 10.28284, 5.92519 ], [ 10.25605, 5.91888 ], [ 10.25712, 5.90834 ], [ 10.26583, 5.89763 ] ] ] } },
{ "type": "Feature", "properties": { "GID_1": "CMR.8_1", "GID_2": "CMR.8.1_1", "NAME_1": "Ouest", "NAME_2": "Bamboutos", "superficie_km2": 1195.1, "pop_worldpop_2025": 353989.0, "densite_wp_2025": 296.2 }, "geometry": { "type": "Polygon", "coordinates": [ [ [ 10.21953, 5.73891 ], [ 10.21588, 5.74969 ], [ 10.20767, 5.74498 ], [ 10.18084, 5.77016 ], [ 10.16527, 5.76321 ], [ 10.15916, 5.77389 ], [ 10.15238, 5.77438 ], [ 10.11357, 5.75065 ], [ 10.10921, 5.73763 ], [ 10.09335, 5.72548 ], [ 10.08955, 5.71179 ], [ 10.07936, 5.70812 ], [ 10.08753, 5.69026 ], [ 10.09789, 5.68297 ], [ 10.10124, 5.66369 ], [ 10.09103, 5.64473 ], [ 10.08319, 5.6386 ], [ 10.08379, 5.6343 ], [ 10.11909, 5.57941 ], [ 10.12649, 5.57637 ], [ 10.13433, 5.55187 ], [ 10.13316, 5.53883 ], [ 10.15263, 5.53935 ], [ 10.19296, 5.50282 ], [ 10.2075, 5.51556 ], [ 10.24067, 5.50908 ], [ 10.2818, 5.50832 ], [ 10.28676, 5.51419 ], [ 10.29589, 5.51071 ], [ 10.30076, 5.51649 ], [ 10.30699, 5.51134 ], [ 10.31124, 5.52542 ], [ 10.33165, 5.52841 ], [ 10.33585, 5.53269 ], [ 10.3388, 5.55381 ], [ 10.35527, 5.56642 ], [ 10.35523, 5.5868 ], [ 10.35197, 5.58989 ], [ 10.35466, 5.59566 ], [ 10.38698, 5.60528 ], [ 10.39744, 5.60623 ], [ 10.40215, 5.59403 ], [ 10.41222, 5.59611 ], [ 10.43222, 5.58803 ], [ 10.43626, 5.58207 ], [ 10.45449, 5.59344 ], [ 10.48085, 5.58403 ], [ 10.50789, 5.58437 ], [ 10.51343, 5.57742 ], [ 10.52627, 5.57602 ], [ 10.5296, 5.58074 ], [ 10.5232, 5.59332 ], [ 10.51221, 5.5922 ], [ 10.50176, 5.60347 ], [ 10.48305, 5.60471 ], [ 10.48633, 5.60902 ], [ 10.48053, 5.61337 ], [ 10.48037, 5.61979 ], [ 10.47469, 5.6221 ], [ 10.47219, 5.61287 ], [ 10.46728, 5.61294 ], [ 10.46025, 5.62381 ], [ 10.45916, 5.63996 ], [ 10.46829, 5.64849 ], [ 10.4679, 5.6574 ], [ 10.48335, 5.66212 ], [ 10.49066, 5.67042 ], [ 10.48759, 5.68025 ], [ 10.4935, 5.68982 ], [ 10.50244, 5.6946 ], [ 10.50503, 5.70511 ], [ 10.5221, 5.70964 ], [ 10.52758, 5.70561 ], [ 10.53633, 5.7075 ], [ 10.54271, 5.69706 ], [ 10.5558, 5.70422 ], [ 10.54985, 5.71381 ], [ 10.56059, 5.72118 ], [ 10.55253, 5.72681 ], [ 10.55755, 5.72685 ], [ 10.55943, 5.73286 ], [ 10.55937, 5.74025 ], [ 10.55324, 5.74545 ], [ 10.56015, 5.75032 ], [ 10.55679, 5.75607 ], [ 10.56442, 5.76481 ], [ 10.55758, 5.77856 ], [ 10.56674, 5.79435 ], [ 10.56733, 5.80709 ], [ 10.55992, 5.82156 ], [ 10.54589, 5.82679 ], [ 10.53645, 5.8238 ], [ 10.52385, 5.8346 ], [ 10.47042, 5.81293 ], [ 10.46885, 5.82379 ], [ 10.45829, 5.82599 ], [ 10.44233, 5.8146 ], [ 10.4407, 5.8045 ], [ 10.43664, 5.80215 ], [ 10.40469, 5.80818 ], [ 10.39092, 5.80756 ], [ 10.38223, 5.79983 ], [ 10.36526, 5.80214 ], [ 10.34783, 5.8104 ], [ 10.32435, 5.80913 ], [ 10.27834, 5.76797 ], [ 10.2848, 5.74661 ], [ 10.30541, 5.72975 ], [ 10.30642, 5.7188 ], [ 10.28953, 5.71288 ], [ 10.28018, 5.70393 ], [ 10.27462, 5.70782 ], [ 10.27371, 5.72369 ], [ 10.25231, 5.72269 ], [ 10.24281, 5.73358 ], [ 10.21953, 5.73891 ] ] ] } },
{ "type": "Feature", "properties": { "GID_1": "CMR.8_1", "GID_2": "CMR.8.2_1", "NAME_1": "Ouest", "NAME_2": "Haut Nkam", "superficie_km2": 972.8, "pop_worldpop_2025": 157552.0, "densite_wp_2025": 161.9 }, "geometry": { "type": "Polygon", "coordinates": [ [ [ 10.11557, 4.92727 ], [ 10.12819, 4.92669 ], [ 10.12846, 4.92064 ], [ 10.13882, 4.92232 ], [ 10.1439, 4.91693 ], [ 10.15003, 4.91994 ], [ 10.15449, 4.94213 ], [ 10.1593, 4.94618 ], [ 10.1532, 4.9579 ], [ 10.15425, 4.96943 ], [ 10.14786, 4.97501 ], [ 10.16142, 4.97565 ], [ 10.17483, 4.99347 ], [ 10.1916, 4.99788 ], [ 10.19378, 5.00817 ], [ 10.20651, 5.01589 ], [ 10.22567, 5.03909 ], [ 10.22353, 5.0543 ], [ 10.19787, 5.0789 ], [ 10.23287, 5.10774 ], [ 10.24021, 5.10593 ], [ 10.26538, 5.06744 ], [ 10.27893, 5.06335 ], [ 10.28419, 5.0572 ], [ 10.28364, 5.06212 ], [ 10.29816, 5.07172 ], [ 10.30242, 5.08484 ], [ 10.3146, 5.10021 ], [ 10.36487, 5.08801 ], [ 10.37201, 5.07903 ], [ 10.37775, 5.11036 ], [ 10.3632, 5.12009 ], [ 10.36339, 5.12653 ], [ 10.34701, 5.14714 ], [ 10.32597, 5.15561 ], [ 10.32195, 5.16237 ], [ 10.32403, 5.18166 ], [ 10.33296, 5.18969 ], [ 10.33231, 5.21486 ], [ 10.32689, 5.22056 ], [ 10.30986, 5.21809 ], [ 10.29521, 5.22506 ], [ 10.27087, 5.24736 ], [ 10.26425, 5.26225 ], [ 10.25434, 5.26077 ], [ 10.24405, 5.27732 ], [ 10.24629, 5.28951 ], [ 10.25663, 5.29732 ], [ 10.25821, 5.30435 ], [ 10.25659, 5.31737 ], [ 10.24591, 5.3393 ], [ 10.25484, 5.36232 ], [ 10.24669, 5.3749 ], [ 10.23875, 5.3746 ], [ 10.21515, 5.34468 ], [ 10.1907, 5.33547 ], [ 10.17652, 5.316 ], [ 10.15141, 5.30164 ], [ 10.14893, 5.28968 ], [ 10.13923, 5.29124 ], [ 10.1144, 5.27115 ], [ 10.12081, 5.25723 ], [ 10.11531, 5.25649 ], [ 10.08174, 5.21427 ], [ 10.06006, 5.20672 ], [ 10.03509, 5.18871 ], [ 10.0252, 5.188 ], [ 10.00143, 5.16821 ], [ 10.00482, 5.16527 ], [ 10.00161, 5.16207 ], [ 10.00545, 5.14534 ], [ 9.99148, 5.13073 ], [ 9.99335, 5.11939 ], [ 10.00163, 5.11333 ], [ 10.00161, 5.10115 ], [ 10.01043, 5.08007 ], [ 10.00646, 5.06931 ], [ 10.01135, 5.06345 ], [ 10.01832, 5.06561 ], [ 10.03941, 5.05821 ], [ 10.04919, 5.04809 ], [ 10.06087, 5.04996 ], [ 10.07292, 5.04465 ], [ 10.07034, 5.02123 ], [ 10.06581, 5.01548 ], [ 10.07442, 4.98732 ], [ 10.07696, 4.98155 ], [ 10.08515, 4.97899 ], [ 10.09209, 4.96415 ], [ 10.10649, 4.95808 ], [ 10.1044, 4.94628 ], [ 10.11557, 4.92727 ] ] ] } },
{ "type": "Feature", "properties": { "GID_1": "CMR.8_1", "GID_2": "CMR.8.3_1", "NAME_1": "Ouest", "NAME_2": "Hauts Plateaux", "superficie_km2": 434.4, "pop_worldpop_2025": 110749.0, "densite_wp_2025": 254.9 }, "geometry": { "type": "Polygon", "coordinates": [ [ [ 10.35031, 5.143 ], [ 10.36141, 5.14434 ], [ 10.36466, 5.15082 ], [ 10.36285, 5.1631 ], [ 10.36813, 5.17133 ], [ 10.39794, 5.17564 ], [ 10.41465, 5.18994 ], [ 10.44567, 5.20245 ], [ 10.44104, 5.2118 ], [ 10.44327, 5.22931 ], [ 10.43913, 5.24467 ], [ 10.40673, 5.26363 ], [ 10.42692, 5.29834 ], [ 10.4284, 5.31163 ], [ 10.44272, 5.32562 ], [ 10.42647, 5.34219 ], [ 10.3883, 5.34438 ], [ 10.3839, 5.35719 ], [ 10.36577, 5.37751 ], [ 10.37005, 5.39408 ], [ 10.36287, 5.4016 ], [ 10.36285, 5.41897 ], [ 10.37576, 5.43474 ], [ 10.35794, 5.44479 ], [ 10.35746, 5.46033 ], [ 10.34891, 5.45145 ], [ 10.33855, 5.45444 ], [ 10.33475, 5.43973 ], [ 10.3261, 5.42863 ], [ 10.32815, 5.42278 ], [ 10.31997, 5.42108 ], [ 10.30376, 5.39989 ], [ 10.28857, 5.39904 ], [ 10.27345, 5.39008 ], [ 10.25857, 5.39652 ], [ 10.2536, 5.39293 ], [ 10.24669, 5.3749 ], [ 10.25484, 5.36232 ], [ 10.24591, 5.3393 ], [ 10.25659, 5.31737 ], [ 10.25789, 5.29967 ], [ 10.24262, 5.28152 ], [ 10.25434, 5.26077 ], [ 10.26425, 5.26225 ], [ 10.27087, 5.24736 ], [ 10.29521, 5.22506 ], [ 10.30986, 5.21809 ], [ 10.32689, 5.22056 ], [ 10.33231, 5.21486 ], [ 10.33296, 5.18969 ], [ 10.32403, 5.18166 ], [ 10.32195, 5.16237 ], [ 10.32597, 5.15561 ], [ 10.35031, 5.143 ] ] ] } },
{ "type": "Feature", "properties": { "GID_1": "CMR.8_1", "GID_2": "CMR.8.4_1", "NAME_1": "Ouest", "NAME_2": "Koung Khi", "superficie_km2": 361.8, "pop_worldpop_2025": 59312.0, "densite_wp_2025": 163.9 }, "geometry": { "type": "Polygon", "coordinates": [ [ [ 10.40673, 5.26363 ], [ 10.43913, 5.24467 ], [ 10.46055, 5.23726 ], [ 10.47343, 5.23767 ], [ 10.48464, 5.22956 ], [ 10.48188, 5.22072 ], [ 10.50148, 5.20416 ], [ 10.51808, 5.21263 ], [ 10.53083, 5.20925 ], [ 10.5363, 5.21717 ], [ 10.51279, 5.23356 ], [ 10.50906, 5.245 ], [ 10.4972, 5.25448 ], [ 10.50304, 5.26268 ], [ 10.51336, 5.26972 ], [ 10.53296, 5.26419 ], [ 10.55446, 5.26955 ], [ 10.56322, 5.26429 ], [ 10.58923, 5.26944 ], [ 10.58597, 5.28656 ], [ 10.57473, 5.28633 ], [ 10.56885, 5.2808 ], [ 10.56549, 5.28276 ], [ 10.56729, 5.28719 ], [ 10.56089, 5.28988 ], [ 10.56589, 5.31261 ], [ 10.57176, 5.32011 ], [ 10.56589, 5.33321 ], [ 10.55369, 5.34089 ], [ 10.56127, 5.36303 ], [ 10.54025, 5.37109 ], [ 10.51459, 5.36923 ], [ 10.49988, 5.38694 ], [ 10.50896, 5.39142 ], [ 10.50419, 5.39946 ], [ 10.50793, 5.40848 ], [ 10.51848, 5.41113 ], [ 10.51934, 5.42495 ], [ 10.52647, 5.42875 ], [ 10.52035, 5.43277 ], [ 10.52308, 5.43975 ], [ 10.51754, 5.44609 ], [ 10.49975, 5.4475 ], [ 10.49407, 5.45401 ], [ 10.48872, 5.45352 ], [ 10.44993, 5.4274 ], [ 10.42628, 5.4434 ], [ 10.40141, 5.44985 ], [ 10.39363, 5.44716 ], [ 10.39017, 5.43631 ], [ 10.37576, 5.43474 ], [ 10.36285, 5.41897 ], [ 10.36287, 5.4016 ], [ 10.37005, 5.39408 ], [ 10.37059, 5.38608 ], [ 10.36515, 5.3792 ], [ 10.3839, 5.35719 ], [ 10.38632, 5.34581 ], [ 10.42647, 5.34219 ], [ 10.44272, 5.32562 ], [ 10.4284, 5.31163 ], [ 10.42692, 5.29834 ], [ 10.40673, 5.26363 ] ] ] } },
{ "type": "Feature", "properties": { "GID_1": "CMR.8_1", "GID_2": "CMR.8.5_1", "NAME_1": "Ouest", "NAME_2": "Menoua", "superficie_km2": 1392.9, "pop_worldpop_2025": 363312.0, "densite_wp_2025": 260.8 }, "geometry": { "type": "Polygon", "coordinates": [ [ [ 10.00797, 5.17429 ], [ 10.0252, 5.188 ], [ 10.03509, 5.18871 ], [ 10.06006, 5.20672 ], [ 10.08174, 5.21427 ], [ 10.11531, 5.25649 ], [ 10.12081, 5.25723 ], [ 10.1144, 5.27115 ], [ 10.13923, 5.29124 ], [ 10.14893, 5.28968 ], [ 10.15141, 5.30164 ], [ 10.17652, 5.316 ], [ 10.1907, 5.33547 ], [ 10.21515, 5.34468 ], [ 10.23875, 5.3746 ], [ 10.2499, 5.37667 ], [ 10.25019, 5.38707 ], [ 10.25558, 5.39541 ], [ 10.27345, 5.39008 ], [ 10.28857, 5.39904 ], [ 10.30376, 5.39989 ], [ 10.31997, 5.42108 ], [ 10.32707, 5.4214 ], [ 10.3261, 5.42863 ], [ 10.33475, 5.43973 ], [ 10.33871, 5.45727 ], [ 10.33205, 5.48232 ], [ 10.32431, 5.49476 ], [ 10.32597, 5.50402 ], [ 10.33808, 5.51423 ], [ 10.32867, 5.53067 ], [ 10.31124, 5.52542 ], [ 10.30699, 5.51134 ], [ 10.30076, 5.51649 ], [ 10.29589, 5.51071 ], [ 10.28676, 5.51419 ], [ 10.2818, 5.50832 ], [ 10.24067, 5.50908 ], [ 10.2075, 5.51556 ], [ 10.19296, 5.50282 ], [ 10.15263, 5.53935 ], [ 10.13316, 5.53883 ], [ 10.13433, 5.55187 ], [ 10.12649, 5.57637 ], [ 10.11909, 5.57941 ], [ 10.08319, 5.6386 ], [ 10.07904, 5.63399 ], [ 10.05697, 5.63166 ], [ 10.04679, 5.63508 ], [ 10.02463, 5.62955 ], [ 10.02149, 5.61558 ], [ 9.99805, 5.58039 ], [ 9.97873, 5.58004 ], [ 9.96225, 5.58961 ], [ 9.94873, 5.56876 ], [ 9.95569, 5.55949 ], [ 9.9653, 5.5556 ], [ 9.96651, 5.54682 ], [ 9.95915, 5.54239 ], [ 9.94969, 5.5221 ], [ 9.9587, 5.4928 ], [ 9.95228, 5.48894 ], [ 9.94637, 5.44702 ], [ 9.93172, 5.41587 ], [ 9.92332, 5.40823 ], [ 9.92327, 5.38046 ], [ 9.89336, 5.35113 ], [ 9.87498, 5.34937 ], [ 9.85282, 5.33835 ], [ 9.8496, 5.33117 ], [ 9.85412, 5.32569 ], [ 9.8508, 5.30897 ], [ 9.83967, 5.30021 ], [ 9.83266, 5.27547 ], [ 9.83679, 5.26498 ], [ 9.85054, 5.25485 ], [ 9.88021, 5.25009 ], [ 9.9072, 5.2765 ], [ 9.92453, 5.2726 ], [ 9.93499, 5.27768 ], [ 9.92336, 5.25107 ], [ 9.94334, 5.25311 ], [ 9.95708, 5.24421 ], [ 9.97046, 5.24448 ], [ 9.98336, 5.23558 ], [ 9.98608, 5.22726 ], [ 9.99371, 5.22753 ], [ 9.99237, 5.21611 ], [ 9.9983, 5.2144 ], [ 10.00159, 5.20637 ], [ 10.00279, 5.1905 ], [ 10.00787, 5.18907 ], [ 10.00797, 5.17429 ] ] ] } },
{ "type": "Feature", "properties": { "GID_1": "CMR.8_1", "GID_2": "CMR.8.6_1", "NAME_1": "Ouest", "NAME_2": "Mifi", "superficie_km2": 405.0, "pop_worldpop_2025": 393926.0, "densite_wp_2025": 972.8 }, "geometry": { "type": "Polygon", "coordinates": [ [ [ 10.33165, 5.52841 ], [ 10.33808, 5.51423 ], [ 10.32597, 5.50402 ], [ 10.32431, 5.49476 ], [ 10.33205, 5.48232 ], [ 10.33855, 5.45444 ], [ 10.34891, 5.45145 ], [ 10.35855, 5.46016 ], [ 10.35794, 5.44479 ], [ 10.37576, 5.43474 ], [ 10.39017, 5.43631 ], [ 10.39363, 5.44716 ], [ 10.40395, 5.45014 ], [ 10.42628, 5.4434 ], [ 10.44356, 5.42935 ], [ 10.45374, 5.42752 ], [ 10.47473, 5.44713 ], [ 10.49407, 5.45401 ], [ 10.49647, 5.44866 ], [ 10.51754, 5.44609 ], [ 10.52308, 5.43975 ], [ 10.52533, 5.45251 ], [ 10.53392, 5.447 ], [ 10.56144, 5.46693 ], [ 10.55225, 5.48174 ], [ 10.5585, 5.48853 ], [ 10.56535, 5.48698 ], [ 10.58246, 5.49985 ], [ 10.58124, 5.50508 ], [ 10.57374, 5.50888 ], [ 10.57604, 5.51586 ], [ 10.56661, 5.51922 ], [ 10.57201, 5.52568 ], [ 10.56664, 5.52875 ], [ 10.57357, 5.53083 ], [ 10.57566, 5.53794 ], [ 10.56787, 5.5367 ], [ 10.57268, 5.55087 ], [ 10.56586, 5.56292 ], [ 10.55354, 5.56689 ], [ 10.55755, 5.57356 ], [ 10.55342, 5.58188 ], [ 10.54342, 5.57624 ], [ 10.5296, 5.58074 ], [ 10.52192, 5.57536 ], [ 10.52176, 5.57923 ], [ 10.51343, 5.57742 ], [ 10.50789, 5.58437 ], [ 10.48085, 5.58403 ], [ 10.45449, 5.59344 ], [ 10.43626, 5.58207 ], [ 10.43222, 5.58803 ], [ 10.41222, 5.59611 ], [ 10.40215, 5.59403 ], [ 10.39744, 5.60623 ], [ 10.35466, 5.59566 ], [ 10.35197, 5.58989 ], [ 10.35523, 5.5868 ], [ 10.35527, 5.56642 ], [ 10.3388, 5.55381 ], [ 10.34059, 5.54721 ], [ 10.33165, 5.52841 ] ] ] } },
{ "type": "Feature", "properties": { "GID_1": "CMR.8_1", "GID_2": "CMR.8.7_1", "NAME_1": "Ouest", "NAME_2": "Ndé", "superficie_km2": 1529.3, "pop_worldpop_2025": 123687.0, "densite_wp_2025": 80.9 }, "geometry": { "type": "Polygon", "coordinates": [ [ [ 10.74875, 4.99725 ], [ 10.74922, 5.00581 ], [ 10.76551, 5.01593 ], [ 10.77926, 5.01509 ], [ 10.7851, 5.01971 ], [ 10.7907, 5.01446 ], [ 10.81127, 5.01108 ], [ 10.81987, 4.99907 ], [ 10.8098, 4.98652 ], [ 10.81803, 4.98468 ], [ 10.82381, 4.97138 ], [ 10.83395, 4.97014 ], [ 10.83768, 4.97879 ], [ 10.8444, 4.97374 ], [ 10.85374, 4.97663 ], [ 10.85618, 4.95407 ], [ 10.85106, 4.95348 ], [ 10.86739, 4.94146 ], [ 10.87738, 4.95246 ], [ 10.88411, 4.9687 ], [ 10.8867, 4.98881 ], [ 10.87923, 4.99551 ], [ 10.87157, 4.99593 ], [ 10.87089, 5.00976 ], [ 10.86035, 5.01743 ], [ 10.86006, 5.02996 ], [ 10.85177, 5.03617 ], [ 10.82952, 5.03237 ], [ 10.8317, 5.0416 ], [ 10.8236, 5.054 ], [ 10.82745, 5.07861 ], [ 10.83248, 5.08514 ], [ 10.84167, 5.08532 ], [ 10.84325, 5.09739 ], [ 10.85149, 5.09815 ], [ 10.85305, 5.11306 ], [ 10.84253, 5.11642 ], [ 10.83788, 5.1074 ], [ 10.82727, 5.10686 ], [ 10.82165, 5.10186 ], [ 10.82287, 5.09548 ], [ 10.81486, 5.0946 ], [ 10.7964, 5.1236 ], [ 10.78553, 5.12778 ], [ 10.77579, 5.12571 ], [ 10.75313, 5.14813 ], [ 10.75896, 5.17471 ], [ 10.72065, 5.17551 ], [ 10.7082, 5.18547 ], [ 10.69302, 5.16953 ], [ 10.686, 5.17953 ], [ 10.69084, 5.1954 ], [ 10.66109, 5.22055 ], [ 10.66973, 5.23171 ], [ 10.66619, 5.24977 ], [ 10.6558, 5.24887 ], [ 10.63501, 5.23774 ], [ 10.62601, 5.24335 ], [ 10.61765, 5.24246 ], [ 10.61236, 5.26582 ], [ 10.59867, 5.26892 ], [ 10.59545, 5.27409 ], [ 10.59014, 5.2737 ], [ 10.58395, 5.26574 ], [ 10.57003, 5.26765 ], [ 10.56322, 5.26429 ], [ 10.55446, 5.26955 ], [ 10.53296, 5.26419 ], [ 10.51336, 5.26972 ], [ 10.4972, 5.25448 ], [ 10.50906, 5.245 ], [ 10.51279, 5.23356 ], [ 10.5363, 5.21717 ], [ 10.53083, 5.20925 ], [ 10.51808, 5.21263 ], [ 10.50148, 5.20416 ], [ 10.48188, 5.22072 ], [ 10.48464, 5.22956 ], [ 10.47343, 5.23767 ], [ 10.46055, 5.23726 ], [ 10.43913, 5.24467 ], [ 10.44365, 5.1996 ], [ 10.41465, 5.18994 ], [ 10.39387, 5.17403 ], [ 10.36813, 5.17133 ], [ 10.36285, 5.1631 ], [ 10.36328, 5.14672 ], [ 10.35031, 5.143 ], [ 10.36339, 5.12653 ], [ 10.3632, 5.12009 ], [ 10.37775, 5.11036 ], [ 10.36685, 5.04334 ], [ 10.37079, 5.03729 ], [ 10.36755, 5.01784 ], [ 10.39024, 5.01515 ], [ 10.3958, 5.01816 ], [ 10.40003, 5.01381 ], [ 10.41509, 5.01151 ], [ 10.4181, 5.00668 ], [ 10.41626, 4.98289 ], [ 10.42056, 4.97212 ], [ 10.41159, 4.96024 ], [ 10.4253, 4.93962 ], [ 10.42036, 4.91885 ], [ 10.43215, 4.93092 ], [ 10.44144, 4.96008 ], [ 10.45913, 4.95447 ], [ 10.45296, 4.93172 ], [ 10.43381, 4.91212 ], [ 10.43512, 4.90938 ], [ 10.4546, 4.90518 ], [ 10.4676, 4.90836 ], [ 10.51787, 4.90655 ], [ 10.52861, 4.89511 ], [ 10.56432, 4.88475 ], [ 10.59573, 4.88126 ], [ 10.64149, 4.91729 ], [ 10.663, 4.93073 ], [ 10.68108, 4.93562 ], [ 10.68712, 4.94114 ], [ 10.69076, 4.95422 ], [ 10.69968, 4.94886 ], [ 10.72118, 4.95373 ], [ 10.74875, 4.99725 ] ] ] } },
{ "type": "Feature", "properties": { "GID_1": "CMR.8_1", "GID_2": "CMR.8.8_1", "NAME_1": "Ouest", "NAME_2": "Noun", "superficie_km2": 7670.4, "pop_worldpop_2025": 555601.0, "densite_wp_2025": 72.4 }, "geometry": { "type": "Polygon", "coordinates": [ [ [ 10.50793, 5.40848 ], [ 10.50419, 5.39946 ], [ 10.50896, 5.39142 ], [ 10.49971, 5.38892 ], [ 10.50695, 5.37511 ], [ 10.51459, 5.36923 ], [ 10.54025, 5.37109 ], [ 10.56127, 5.36303 ], [ 10.55369, 5.34089 ], [ 10.56589, 5.33321 ], [ 10.57174, 5.32331 ], [ 10.56189, 5.29857 ], [ 10.56089, 5.28988 ], [ 10.56729, 5.28719 ], [ 10.56549, 5.28276 ], [ 10.57067, 5.28082 ], [ 10.57473, 5.28633 ], [ 10.58597, 5.28656 ], [ 10.5894, 5.27425 ], [ 10.61236, 5.26582 ], [ 10.61765, 5.24246 ], [ 10.62601, 5.24335 ], [ 10.63501, 5.23774 ], [ 10.6558, 5.24887 ], [ 10.66619, 5.24977 ], [ 10.66973, 5.23171 ], [ 10.66109, 5.22055 ], [ 10.69084, 5.1954 ], [ 10.686, 5.17953 ], [ 10.69302, 5.16953 ], [ 10.7082, 5.18547 ], [ 10.72065, 5.17551 ], [ 10.75896, 5.17471 ], [ 10.75313, 5.14813 ], [ 10.77579, 5.12571 ], [ 10.78553, 5.12778 ], [ 10.7964, 5.1236 ], [ 10.81486, 5.0946 ], [ 10.82287, 5.09548 ], [ 10.82165, 5.10186 ], [ 10.82727, 5.10686 ], [ 10.83788, 5.1074 ], [ 10.84253, 5.11642 ], [ 10.85305, 5.11306 ], [ 10.85149, 5.09815 ], [ 10.84325, 5.09739 ], [ 10.84167, 5.08532 ], [ 10.83248, 5.08514 ], [ 10.82745, 5.07861 ], [ 10.8236, 5.054 ], [ 10.8317, 5.0416 ], [ 10.82952, 5.03237 ], [ 10.8539, 5.0356 ], [ 10.86006, 5.02996 ], [ 10.86035, 5.01743 ], [ 10.87089, 5.00976 ], [ 10.87157, 4.99593 ], [ 10.87923, 4.99551 ], [ 10.8867, 4.98881 ], [ 10.87948, 4.95626 ], [ 10.86739, 4.94146 ], [ 10.94162, 4.92484 ], [ 10.94056, 4.94155 ], [ 10.96212, 4.97058 ], [ 10.95413, 4.98399 ], [ 10.93569, 4.99331 ], [ 10.9314, 5.00167 ], [ 10.94527, 5.00687 ], [ 10.94841, 5.01521 ], [ 10.95856, 5.02243 ], [ 10.9602, 5.03209 ], [ 10.96995, 5.03669 ], [ 10.97073, 5.06135 ], [ 10.98666, 5.08415 ], [ 10.9891, 5.12702 ], [ 10.99803, 5.1585 ], [ 11.01391, 5.16489 ], [ 11.01514, 5.17214 ], [ 11.03091, 5.1748 ], [ 11.04837, 5.17062 ], [ 11.05191, 5.17846 ], [ 11.06197, 5.18507 ], [ 11.08015, 5.18823 ], [ 11.081, 5.20353 ], [ 11.07228, 5.20809 ], [ 11.06649, 5.21748 ], [ 11.07456, 5.22812 ], [ 11.08259, 5.25779 ], [ 11.07065, 5.29205 ], [ 11.07228, 5.29877 ], [ 11.10501, 5.32514 ], [ 11.12751, 5.32727 ], [ 11.14087, 5.35883 ], [ 11.15809, 5.37366 ], [ 11.18293, 5.38404 ], [ 11.18623, 5.40708 ], [ 11.19429, 5.41379 ], [ 11.19271, 5.42266 ], [ 11.17063, 5.45223 ], [ 11.18873, 5.4589 ], [ 11.19519, 5.46814 ], [ 11.2048, 5.48793 ], [ 11.20558, 5.50906 ], [ 11.21519, 5.52725 ], [ 11.2077, 5.53915 ], [ 11.21259, 5.55704 ], [ 11.2033, 5.56957 ], [ 11.20585, 5.58082 ], [ 11.18655, 5.60405 ], [ 11.19547, 5.62615 ], [ 11.21333, 5.64723 ], [ 11.20154, 5.66417 ], [ 11.20197, 5.67031 ], [ 11.22522, 5.6828 ], [ 11.23263, 5.70179 ], [ 11.24454, 5.71553 ], [ 11.25728, 5.71105 ], [ 11.27133, 5.73042 ], [ 11.27896, 5.72969 ], [ 11.29261, 5.75157 ], [ 11.29258, 5.76878 ], [ 11.30665, 5.76993 ], [ 11.31686, 5.7863 ], [ 11.30295, 5.79903 ], [ 11.28847, 5.79577 ], [ 11.27444, 5.80629 ], [ 11.26949, 5.82434 ], [ 11.27621, 5.84534 ], [ 11.27063, 5.85834 ], [ 11.27803, 5.87381 ], [ 11.27493, 5.87895 ], [ 11.26409, 5.88232 ], [ 11.26872, 5.8937 ], [ 11.25323, 5.90411 ], [ 11.25618, 5.91254 ], [ 11.27559, 5.91548 ], [ 11.2709, 5.92557 ], [ 11.27774, 5.95069 ], [ 11.26033, 5.96949 ], [ 11.26405, 5.97238 ], [ 11.26137, 5.98037 ], [ 11.26683, 5.98749 ], [ 11.26485, 5.99424 ], [ 11.27643, 6.00093 ], [ 11.27546, 6.00728 ], [ 11.28323, 6.0155 ], [ 11.2932, 6.01998 ], [ 11.29476, 6.03205 ], [ 11.30796, 6.03975 ], [ 11.30718, 6.04549 ], [ 11.29907, 6.05186 ], [ 11.30073, 6.06494 ], [ 11.29656, 6.07703 ], [ 11.29183, 6.07615 ], [ 11.28858, 6.06831 ], [ 11.28527, 6.07114 ], [ 11.28924, 6.08129 ], [ 11.27943, 6.0919 ], [ 11.27587, 6.1052 ], [ 11.27793, 6.11767 ], [ 11.26253, 6.13685 ], [ 11.26426, 6.14238 ], [ 11.2715, 6.14165 ], [ 11.27544, 6.14616 ], [ 11.28092, 6.15821 ], [ 11.26862, 6.17527 ], [ 11.26269, 6.17459 ], [ 11.27117, 6.18311 ], [ 11.26827, 6.18644 ], [ 11.27187, 6.20635 ], [ 11.29573, 6.21199 ], [ 11.30143, 6.22806 ], [ 11.29753, 6.23362 ], [ 11.30371, 6.24234 ], [ 11.30122, 6.24789 ], [ 11.29089, 6.25508 ], [ 11.27869, 6.24718 ], [ 11.26496, 6.25841 ], [ 11.2585, 6.25401 ], [ 11.24553, 6.25801 ], [ 11.24034, 6.26466 ], [ 11.23005, 6.25685 ], [ 11.21949, 6.25649 ], [ 11.2003, 6.261 ], [ 11.18559, 6.25748 ], [ 11.16325, 6.26332 ], [ 11.14453, 6.24684 ], [ 11.13757, 6.22659 ], [ 11.12648, 6.22845 ], [ 11.1035, 6.21859 ], [ 11.07596, 6.21717 ], [ 11.06724, 6.21108 ], [ 11.05692, 6.21294 ], [ 11.05218, 6.22358 ], [ 11.02681, 6.23918 ], [ 11.01751, 6.23385 ], [ 11.00806, 6.23724 ], [ 10.99934, 6.23268 ], [ 11.01223, 6.1512 ], [ 10.99081, 6.10801 ], [ 10.99088, 6.09933 ], [ 10.99929, 6.08614 ], [ 10.9892, 6.06449 ], [ 10.9752, 6.05705 ], [ 10.97109, 6.04458 ], [ 10.96376, 6.03784 ], [ 10.93475, 6.02496 ], [ 10.92593, 6.01631 ], [ 10.89884, 6.01341 ], [ 10.8882, 6.01919 ], [ 10.8639, 6.02024 ], [ 10.85232, 6.00391 ], [ 10.85038, 5.98596 ], [ 10.84194, 5.97642 ], [ 10.82446, 5.98481 ], [ 10.81715, 5.99996 ], [ 10.80634, 6.00178 ], [ 10.80196, 6.01007 ], [ 10.79284, 6.01119 ], [ 10.78852, 6.01899 ], [ 10.77691, 6.0209 ], [ 10.77295, 6.01638 ], [ 10.75735, 6.01771 ], [ 10.75066, 6.0229 ], [ 10.74211, 6.02105 ], [ 10.7297, 6.02709 ], [ 10.7227, 6.03933 ], [ 10.71534, 6.03249 ], [ 10.70507, 6.03791 ], [ 10.69985, 6.0179 ], [ 10.68249, 6.0042 ], [ 10.68074, 5.99426 ], [ 10.6594, 5.98302 ], [ 10.66178, 5.95714 ], [ 10.65014, 5.94273 ], [ 10.64079, 5.94031 ], [ 10.63978, 5.9151 ], [ 10.63427, 5.90265 ], [ 10.63783, 5.89508 ], [ 10.62931, 5.88293 ], [ 10.6249, 5.88955 ], [ 10.62121, 5.88786 ], [ 10.61675, 5.87739 ], [ 10.61776, 5.8688 ], [ 10.62398, 5.86576 ], [ 10.61726, 5.8587 ], [ 10.63012, 5.83798 ], [ 10.62888, 5.83251 ], [ 10.61689, 5.82801 ], [ 10.60826, 5.81142 ], [ 10.59949, 5.80889 ], [ 10.60521, 5.79896 ], [ 10.61068, 5.79743 ], [ 10.60425, 5.79377 ], [ 10.60338, 5.78509 ], [ 10.588, 5.77842 ], [ 10.57989, 5.77769 ], [ 10.56568, 5.79548 ], [ 10.56345, 5.793 ], [ 10.55749, 5.77589 ], [ 10.56442, 5.76481 ], [ 10.55679, 5.75607 ], [ 10.56015, 5.75032 ], [ 10.55324, 5.74545 ], [ 10.55937, 5.74025 ], [ 10.55882, 5.72857 ], [ 10.55253, 5.72681 ], [ 10.56061, 5.71818 ], [ 10.54985, 5.71381 ], [ 10.5558, 5.70422 ], [ 10.54271, 5.69706 ], [ 10.53633, 5.7075 ], [ 10.52758, 5.70561 ], [ 10.5221, 5.70964 ], [ 10.50503, 5.70511 ], [ 10.50244, 5.6946 ], [ 10.4935, 5.68982 ], [ 10.48759, 5.68025 ], [ 10.49066, 5.67042 ], [ 10.48335, 5.66212 ], [ 10.4679, 5.6574 ], [ 10.46829, 5.64849 ], [ 10.45916, 5.63996 ], [ 10.46025, 5.62381 ], [ 10.46728, 5.61294 ], [ 10.47219, 5.61287 ], [ 10.47469, 5.6221 ], [ 10.48037, 5.61979 ], [ 10.48053, 5.61337 ], [ 10.48633, 5.60902 ], [ 10.48305, 5.60471 ], [ 10.50176, 5.60347 ], [ 10.51221, 5.5922 ], [ 10.5232, 5.59332 ], [ 10.5296, 5.58074 ], [ 10.54342, 5.57624 ], [ 10.55342, 5.58188 ], [ 10.55755, 5.57356 ], [ 10.55354, 5.56689 ], [ 10.56586, 5.56292 ], [ 10.57268, 5.55087 ], [ 10.56787, 5.5367 ], [ 10.57556, 5.53622 ], [ 10.57357, 5.53083 ], [ 10.56664, 5.52875 ], [ 10.57201, 5.52568 ], [ 10.56661, 5.51922 ], [ 10.57604, 5.51586 ], [ 10.57374, 5.50888 ], [ 10.58124, 5.50508 ], [ 10.58246, 5.49985 ], [ 10.55225, 5.48174 ], [ 10.56141, 5.47164 ], [ 10.55964, 5.46477 ], [ 10.53392, 5.447 ], [ 10.52533, 5.45251 ], [ 10.52435, 5.44136 ], [ 10.51946, 5.43737 ], [ 10.52647, 5.42875 ], [ 10.51934, 5.42495 ], [ 10.51848, 5.41113 ], [ 10.50793, 5.40848 ] ] ] } },
{ "type": "Feature", "properties": { "GID_1": "CMR.10_1", "GID_2": "CMR.10.1_1", "NAME_1": "Sud", "NAME_2": "Dja et Lobo", "superficie_km2": 19950.1, "pop_worldpop_2025": 226990.0, "densite_wp_2025": 11.4 }, "geometry": { "type": "MultiPolygon", "coordinates": [ [ [ [ 13.08318, 2.85507 ], [ 13.08599, 2.84325 ], [ 13.08132, 2.83763 ], [ 13.07002, 2.84703 ], [ 13.0388, 2.84767 ], [ 13.01968, 2.85849 ], [ 13.00208, 2.84929 ], [ 13.00278, 2.86781 ], [ 12.98766, 2.87329 ], [ 12.98676, 2.88649 ], [ 12.97944, 2.88332 ], [ 12.96689, 2.86453 ], [ 12.95387, 2.86734 ], [ 12.93967, 2.86281 ], [ 12.93717, 2.87219 ], [ 12.92497, 2.86669 ], [ 12.91496, 2.87822 ], [ 12.90245, 2.8739 ], [ 12.8743, 2.87528 ], [ 12.85996, 2.89374 ], [ 12.84215, 2.8871 ], [ 12.83326, 2.88808 ], [ 12.82401, 2.90749 ], [ 12.81324, 2.9154 ], [ 12.8058, 2.90723 ], [ 12.79478, 2.90429 ], [ 12.79253, 2.92793 ], [ 12.78185, 2.9319 ], [ 12.77088, 2.94578 ], [ 12.76473, 2.97316 ], [ 12.77059, 2.99597 ], [ 12.76521, 3.17032 ], [ 12.55897, 3.37688 ], [ 12.55071, 3.37893 ], [ 12.5499, 3.38937 ], [ 12.5425, 3.3928 ], [ 12.54922, 3.40545 ], [ 12.54761, 3.43027 ], [ 12.56378, 3.50251 ], [ 12.56361, 3.53343 ], [ 12.54362, 3.56779 ], [ 12.52614, 3.57378 ], [ 12.52297, 3.59004 ], [ 12.52777, 3.62701 ], [ 12.4985, 3.68188 ], [ 12.47762, 3.67155 ], [ 12.46689, 3.67656 ], [ 12.45462, 3.67536 ], [ 12.44611, 3.66593 ], [ 12.44892, 3.65331 ], [ 12.43921, 3.6522 ], [ 12.43216, 3.62479 ], [ 12.43278, 3.61093 ], [ 12.41403, 3.60785 ], [ 12.39705, 3.5974 ], [ 12.25803, 3.48081 ], [ 12.22323, 3.34356 ], [ 12.21607, 3.33507 ], [ 12.21526, 3.32064 ], [ 12.20993, 3.31961 ], [ 12.20515, 3.31131 ], [ 12.19127, 3.31374 ], [ 12.19265, 3.32913 ], [ 12.17998, 3.32219 ], [ 12.17172, 3.32681 ], [ 12.16077, 3.32541 ], [ 12.15, 3.31646 ], [ 12.15882, 3.3105 ], [ 12.14683, 3.307 ], [ 12.14319, 3.29975 ], [ 12.14574, 3.29305 ], [ 12.13974, 3.29144 ], [ 12.12959, 3.29969 ], [ 12.13341, 3.30513 ], [ 12.12897, 3.31404 ], [ 12.13851, 3.32481 ], [ 12.13368, 3.36154 ], [ 11.99397, 3.40673 ], [ 11.98231, 3.41881 ], [ 11.98055, 3.4345 ], [ 11.94987, 3.45257 ], [ 11.94174, 3.44141 ], [ 11.92567, 3.44423 ], [ 11.92171, 3.45543 ], [ 11.89236, 3.47378 ], [ 11.86124, 3.40818 ], [ 11.86011, 3.38132 ], [ 11.85229, 3.37493 ], [ 11.84902, 3.36404 ], [ 11.83925, 3.37277 ], [ 11.82, 3.36317 ], [ 11.77641, 3.32619 ], [ 11.77827, 3.31279 ], [ 11.77455, 3.30993 ], [ 11.77011, 3.31961 ], [ 11.75907, 3.31849 ], [ 11.73456, 3.33472 ], [ 11.74566, 3.28754 ], [ 11.73678, 3.27829 ], [ 11.70975, 3.27702 ], [ 11.70181, 3.2582 ], [ 11.69985, 3.20044 ], [ 11.68738, 3.18921 ], [ 11.68762, 3.18643 ], [ 11.68437, 3.1777 ], [ 11.68414, 3.1721 ], [ 11.68143, 3.16586 ], [ 11.69213, 3.15158 ], [ 11.70293, 3.14526 ], [ 11.7073, 3.13195 ], [ 11.71533, 3.12396 ], [ 11.72599, 3.124 ], [ 11.72557, 3.1194 ], [ 11.70026, 3.10034 ], [ 11.69349, 3.08611 ], [ 11.68397, 3.08592 ], [ 11.68225, 3.08042 ], [ 11.68867, 3.0709 ], [ 11.68301, 3.06278 ], [ 11.60461, 3.04747 ], [ 11.5945, 3.03561 ], [ 11.61071, 3.02483 ], [ 11.61858, 3.02448 ], [ 11.63807, 3.00265 ], [ 11.65045, 3.00684 ], [ 11.66513, 2.99499 ], [ 11.66576, 2.98548 ], [ 11.65845, 2.96915 ], [ 11.82472, 2.72067 ], [ 11.99894, 2.65618 ], [ 12.11409, 2.64536 ], [ 12.26066, 2.60629 ], [ 12.24298, 2.58849 ], [ 12.24232, 2.57071 ], [ 12.2213, 2.55574 ], [ 12.21055, 2.53781 ], [ 12.188, 2.52459 ], [ 12.17034, 2.50201 ], [ 12.14779, 2.48889 ], [ 12.12998, 2.46904 ], [ 12.08019, 2.44598 ], [ 12.06038, 2.4511 ], [ 12.02962, 2.42634 ], [ 12.00652, 2.42146 ], [ 11.99934, 2.41359 ], [ 11.99343, 2.4131 ], [ 11.99065, 2.40125 ], [ 11.97886, 2.39924 ], [ 11.98347, 2.39094 ], [ 11.97627, 2.38295 ], [ 11.97462, 2.37082 ], [ 11.96383, 2.36171 ], [ 11.97115, 2.34839 ], [ 11.9658, 2.34898 ], [ 11.94589, 2.33296 ], [ 11.94046, 2.33319 ], [ 11.94563, 2.32854 ], [ 11.9452, 2.31935 ], [ 11.95015, 2.31187 ], [ 11.93777, 2.30587 ], [ 11.93925, 2.29896 ], [ 11.93268, 2.30102 ], [ 11.93561, 2.29898 ], [ 11.93219, 2.29122 ], [ 11.93709, 2.28513 ], [ 11.93432, 2.2782 ], [ 11.95067, 2.28552 ], [ 11.963, 2.2829 ], [ 11.9692, 2.28848 ], [ 11.97161, 2.28441 ], [ 11.98072, 2.28724 ], [ 11.98901, 2.28158 ], [ 12.00138, 2.28453 ], [ 12.00726, 2.28082 ], [ 12.01574, 2.28803 ], [ 12.03772, 2.28094 ], [ 12.04795, 2.28053 ], [ 12.04972, 2.28522 ], [ 12.07099, 2.28347 ], [ 12.08243, 2.27784 ], [ 12.10822, 2.27698 ], [ 12.12337, 2.28884 ], [ 12.12838, 2.28248 ], [ 12.15366, 2.27103 ], [ 12.16852, 2.28125 ], [ 12.18308, 2.27708 ], [ 12.20503, 2.27838 ], [ 12.21238, 2.27564 ], [ 12.2224, 2.25817 ], [ 12.2459, 2.24841 ], [ 12.25866, 2.25848 ], [ 12.26592, 2.25468 ], [ 12.28324, 2.26094 ], [ 12.29075, 2.27593 ], [ 12.30717, 2.2822 ], [ 12.45392, 2.25246 ], [ 12.47296, 2.25353 ], [ 12.49274, 2.26225 ], [ 12.53432, 2.25364 ], [ 12.55355, 2.25669 ], [ 12.57332, 2.26805 ], [ 12.58149, 2.26533 ], [ 12.5908, 2.25307 ], [ 12.6097, 2.25596 ], [ 12.61154, 2.2498 ], [ 12.61717, 2.24988 ], [ 12.62218, 2.24324 ], [ 12.65209, 2.23805 ], [ 12.68326, 2.24227 ], [ 12.70946, 2.22724 ], [ 12.7331, 2.22855 ], [ 12.74339, 2.21986 ], [ 12.75604, 2.22731 ], [ 12.77877, 2.2294 ], [ 12.79558, 2.23877 ], [ 12.7969, 2.24946 ], [ 12.80803, 2.24417 ], [ 12.81962, 2.25579 ], [ 12.82434, 2.25325 ], [ 12.82372, 2.24143 ], [ 12.85273, 2.23545 ], [ 12.86013, 2.2269 ], [ 12.8747, 2.22827 ], [ 12.87791, 2.24441 ], [ 12.88671, 2.24315 ], [ 12.88933, 2.23466 ], [ 12.90917, 2.23929 ], [ 12.92084, 2.24568 ], [ 12.9183, 2.25297 ], [ 12.93209, 2.25306 ], [ 12.94682, 2.24196 ], [ 12.96885, 2.24114 ], [ 12.99122, 2.24882 ], [ 13.00495, 2.24509 ], [ 13.01902, 2.24914 ], [ 13.02705, 2.24136 ], [ 13.03254, 2.24413 ], [ 13.03629, 2.2338 ], [ 13.0581, 2.2373 ], [ 13.07435, 2.24804 ], [ 13.08769, 2.23665 ], [ 13.10165, 2.25084 ], [ 13.11773, 2.25133 ], [ 13.11685, 2.26731 ], [ 13.16031, 2.28134 ], [ 13.1782, 2.27467 ], [ 13.19228, 2.27947 ], [ 13.1842, 2.27152 ], [ 13.19163, 2.26081 ], [ 13.20276, 2.26637 ], [ 13.20353, 2.25805 ], [ 13.21285, 2.25997 ], [ 13.22228, 2.2551 ], [ 13.24842, 2.27074 ], [ 13.26128, 2.26051 ], [ 13.25948, 2.25266 ], [ 13.27061, 2.24808 ], [ 13.27167, 2.23889 ], [ 13.28403, 2.24819 ], [ 13.287, 2.23288 ], [ 13.29509, 2.22552 ], [ 13.29529, 2.21528 ], [ 13.3032, 2.20773 ], [ 13.28419, 2.19105 ], [ 13.28391, 2.18531 ], [ 13.29743, 2.17968 ], [ 13.29315, 2.17135 ], [ 13.68009, 2.17169 ], [ 13.63046, 2.90445 ], [ 13.61455, 2.89229 ], [ 13.60175, 2.89287 ], [ 13.58299, 2.8821 ], [ 13.57614, 2.8616 ], [ 13.55809, 2.84392 ], [ 13.55131, 2.84309 ], [ 13.54639, 2.85545 ], [ 13.53263, 2.85348 ], [ 13.53491, 2.8406 ], [ 13.53032, 2.83041 ], [ 13.53613, 2.82773 ], [ 13.53378, 2.82157 ], [ 13.51834, 2.82163 ], [ 13.51117, 2.82974 ], [ 13.51046, 2.8373 ], [ 13.504, 2.83488 ], [ 13.49782, 2.82384 ], [ 13.51068, 2.81241 ], [ 13.51031, 2.7972 ], [ 13.50139, 2.78724 ], [ 13.48255, 2.78465 ], [ 13.47087, 2.77449 ], [ 13.44879, 2.77999 ], [ 13.42919, 2.77273 ], [ 13.42575, 2.78721 ], [ 13.42048, 2.78989 ], [ 13.40565, 2.78686 ], [ 13.38815, 2.80171 ], [ 13.38429, 2.81545 ], [ 13.37584, 2.82048 ], [ 13.34718, 2.7958 ], [ 13.33685, 2.80424 ], [ 13.32965, 2.80384 ], [ 13.31772, 2.81102 ], [ 13.3148, 2.82284 ], [ 13.30396, 2.83724 ], [ 13.28547, 2.84561 ], [ 13.27297, 2.84033 ], [ 13.27926, 2.8251 ], [ 13.279, 2.81212 ], [ 13.29164, 2.79526 ], [ 13.29182, 2.78696 ], [ 13.28651, 2.78219 ], [ 13.26747, 2.78226 ], [ 13.26442, 2.78823 ], [ 13.2683, 2.80875 ], [ 13.26063, 2.82229 ], [ 13.25514, 2.82625 ], [ 13.23314, 2.82771 ], [ 13.22894, 2.83784 ], [ 13.23774, 2.84259 ], [ 13.2367, 2.84653 ], [ 13.22475, 2.84977 ], [ 13.21063, 2.86472 ], [ 13.20079, 2.8656 ], [ 13.1929, 2.84818 ], [ 13.18021, 2.85153 ], [ 13.15394, 2.84588 ], [ 13.14574, 2.85974 ], [ 13.13696, 2.86211 ], [ 13.13446, 2.87244 ], [ 13.13126, 2.86469 ], [ 13.11865, 2.8592 ], [ 13.11244, 2.84145 ], [ 13.09435, 2.84141 ], [ 13.09798, 2.85183 ], [ 13.08318, 2.85507 ] ] ], [ [ [ 11.6872, 3.18911 ], [ 11.68737, 3.18905 ], [ 11.68735, 3.18919 ], [ 11.6872, 3.18911 ] ] ] ] } },
{ "type": "Feature", "properties": { "GID_1": "CMR.10_1", "GID_2": "CMR.10.2_1", "NAME_1": "Sud", "NAME_2": "Mvila", "superficie_km2": 8716.7, "pop_worldpop_2025": 213268.0, "densite_wp_2025": 24.5 }, "geometry": { "type": "Polygon", "coordinates": [ [ [ 12.11409, 2.64536 ], [ 11.99894, 2.65618 ], [ 11.82472, 2.72067 ], [ 11.65845, 2.96915 ], [ 11.66576, 2.98548 ], [ 11.66513, 2.99499 ], [ 11.65045, 3.00684 ], [ 11.63807, 3.00265 ], [ 11.61858, 3.02448 ], [ 11.61071, 3.02483 ], [ 11.5945, 3.03561 ], [ 11.60461, 3.04747 ], [ 11.68301, 3.06278 ], [ 11.68867, 3.0709 ], [ 11.68225, 3.08042 ], [ 11.68397, 3.08592 ], [ 11.69349, 3.08611 ], [ 11.70026, 3.10034 ], [ 11.72557, 3.1194 ], [ 11.72599, 3.124 ], [ 11.71533, 3.12396 ], [ 11.7073, 3.13195 ], [ 11.70293, 3.14526 ], [ 11.68206, 3.16425 ], [ 11.6872, 3.18911 ], [ 11.64082, 3.18768 ], [ 11.61489, 3.16785 ], [ 11.60328, 3.16836 ], [ 11.58585, 3.16152 ], [ 11.56495, 3.13747 ], [ 11.55031, 3.14391 ], [ 11.54515, 3.1357 ], [ 11.50574, 3.13092 ], [ 11.50138, 3.13609 ], [ 11.41259, 3.13496 ], [ 11.40471, 3.14455 ], [ 11.36121, 3.13977 ], [ 11.35513, 3.14351 ], [ 11.34643, 3.12602 ], [ 11.33146, 3.11333 ], [ 11.31281, 3.11653 ], [ 11.29789, 3.12575 ], [ 11.29705, 3.13293 ], [ 11.2705, 3.13547 ], [ 11.25134, 3.12231 ], [ 11.23629, 3.11823 ], [ 11.21885, 3.10449 ], [ 11.21048, 3.10872 ], [ 11.18903, 3.13593 ], [ 11.1844, 3.15269 ], [ 11.14006, 3.15336 ], [ 11.11925, 3.16401 ], [ 11.0973, 3.15748 ], [ 11.07131, 3.17076 ], [ 11.06987, 3.17781 ], [ 11.06056, 3.18511 ], [ 11.04682, 3.18128 ], [ 11.03193, 3.18479 ], [ 11.02442, 3.18219 ], [ 11.01317, 3.16071 ], [ 10.99437, 3.16477 ], [ 10.96973, 3.16113 ], [ 10.95789, 3.15175 ], [ 10.90286, 3.13565 ], [ 10.8329, 3.21363 ], [ 10.57541, 3.07655 ], [ 10.59252, 3.06481 ], [ 10.59602, 3.05777 ], [ 10.59319, 3.00486 ], [ 10.60633, 2.97805 ], [ 10.59443, 2.96084 ], [ 10.62748, 2.92893 ], [ 10.61197, 2.89395 ], [ 10.62794, 2.88305 ], [ 10.66336, 2.88854 ], [ 10.70592, 2.8441 ], [ 10.71348, 2.82728 ], [ 10.7068, 2.81422 ], [ 10.71197, 2.79556 ], [ 10.70708, 2.78029 ], [ 10.71038, 2.77386 ], [ 10.7257, 2.77321 ], [ 10.73463, 2.78106 ], [ 10.77094, 2.79126 ], [ 10.80398, 2.77941 ], [ 10.86045, 2.74175 ], [ 10.88752, 2.75156 ], [ 10.89828, 2.74805 ], [ 10.90717, 2.75031 ], [ 10.94755, 2.77236 ], [ 10.96154, 2.77464 ], [ 11.35674, 2.60004 ], [ 11.68044, 2.37431 ], [ 11.67412, 2.36856 ], [ 11.67232, 2.35596 ], [ 11.666, 2.34809 ], [ 11.66658, 2.34235 ], [ 11.67144, 2.34024 ], [ 11.6719, 2.32558 ], [ 11.66521, 2.31483 ], [ 11.70107, 2.31564 ], [ 11.70417, 2.30556 ], [ 11.71126, 2.29932 ], [ 11.72357, 2.29918 ], [ 11.73118, 2.29088 ], [ 11.74633, 2.29476 ], [ 11.74242, 2.28626 ], [ 11.74809, 2.27474 ], [ 11.75298, 2.2821 ], [ 11.75248, 2.27498 ], [ 11.74952, 2.27211 ], [ 11.7562, 2.26788 ], [ 11.76657, 2.27083 ], [ 11.78454, 2.26834 ], [ 11.78772, 2.27529 ], [ 11.79343, 2.27181 ], [ 11.79461, 2.27869 ], [ 11.80055, 2.27308 ], [ 11.81902, 2.27485 ], [ 11.82399, 2.27119 ], [ 11.82483, 2.27979 ], [ 11.82904, 2.2821 ], [ 11.84081, 2.27248 ], [ 11.85363, 2.27831 ], [ 11.85541, 2.27085 ], [ 11.86648, 2.26898 ], [ 11.87124, 2.28104 ], [ 11.8891, 2.27695 ], [ 11.89502, 2.2823 ], [ 11.9118, 2.27746 ], [ 11.92176, 2.28717 ], [ 11.93432, 2.2782 ], [ 11.93709, 2.28513 ], [ 11.93219, 2.29122 ], [ 11.93561, 2.29898 ], [ 11.93268, 2.30102 ], [ 11.93925, 2.29896 ], [ 11.93777, 2.30587 ], [ 11.95015, 2.31187 ], [ 11.9452, 2.31935 ], [ 11.94563, 2.32854 ], [ 11.94046, 2.33319 ], [ 11.94589, 2.33296 ], [ 11.9658, 2.34898 ], [ 11.97115, 2.34839 ], [ 11.96383, 2.36171 ], [ 11.97462, 2.37082 ], [ 11.97627, 2.38295 ], [ 11.98347, 2.39094 ], [ 11.97886, 2.39924 ], [ 11.99065, 2.40125 ], [ 11.99343, 2.4131 ], [ 11.99934, 2.41359 ], [ 12.00652, 2.42146 ], [ 12.02962, 2.42634 ], [ 12.06038, 2.4511 ], [ 12.08019, 2.44598 ], [ 12.12998, 2.46904 ], [ 12.14779, 2.48889 ], [ 12.17034, 2.50201 ], [ 12.188, 2.52459 ], [ 12.21055, 2.53781 ], [ 12.2213, 2.55574 ], [ 12.24232, 2.57071 ], [ 12.24298, 2.58849 ], [ 12.26066, 2.60629 ], [ 12.11409, 2.64536 ] ] ] } },
{ "type": "Feature", "properties": { "GID_1": "CMR.10_1", "GID_2": "CMR.10.3_1", "NAME_1": "Sud", "NAME_2": "Océan", "superficie_km2": 11499.8, "pop_worldpop_2025": 208805.0, "densite_wp_2025": 18.2 }, "geometry": { "type": "Polygon", "coordinates": [ [ [ 10.56789, 2.64512 ], [ 10.57389, 2.67401 ], [ 10.59356, 2.70808 ], [ 10.6108, 2.71221 ], [ 10.62496, 2.70634 ], [ 10.64014, 2.71113 ], [ 10.65465, 2.70727 ], [ 10.66461, 2.72212 ], [ 10.66325, 2.7387 ], [ 10.6692, 2.75543 ], [ 10.69797, 2.75174 ], [ 10.70701, 2.76102 ], [ 10.71038, 2.77386 ], [ 10.70787, 2.78627 ], [ 10.71197, 2.79556 ], [ 10.7068, 2.81422 ], [ 10.71348, 2.82728 ], [ 10.70592, 2.8441 ], [ 10.66336, 2.88854 ], [ 10.62794, 2.88305 ], [ 10.61197, 2.89395 ], [ 10.62748, 2.92893 ], [ 10.59443, 2.96084 ], [ 10.60633, 2.97805 ], [ 10.59319, 3.00486 ], [ 10.59602, 3.05777 ], [ 10.59252, 3.06481 ], [ 10.57541, 3.07655 ], [ 10.8329, 3.21363 ], [ 10.90286, 3.13565 ], [ 10.95789, 3.15175 ], [ 10.96973, 3.16113 ], [ 10.99437, 3.16477 ], [ 11.01317, 3.16071 ], [ 11.02442, 3.18219 ], [ 11.03193, 3.18479 ], [ 11.04682, 3.18128 ], [ 11.06056, 3.18511 ], [ 11.06987, 3.17781 ], [ 11.07131, 3.17076 ], [ 11.0973, 3.15748 ], [ 11.11925, 3.16401 ], [ 11.14006, 3.15336 ], [ 11.17355, 3.15414 ], [ 11.179, 3.16686 ], [ 11.1722, 3.19175 ], [ 11.17471, 3.21011 ], [ 11.15914, 3.22957 ], [ 11.13935, 3.23363 ], [ 11.1289, 3.24265 ], [ 11.11349, 3.24823 ], [ 11.11132, 3.25694 ], [ 11.11858, 3.27118 ], [ 11.10818, 3.30383 ], [ 11.09867, 3.31122 ], [ 11.09967, 3.3316 ], [ 11.07969, 3.33891 ], [ 11.08781, 3.35 ], [ 11.08251, 3.36551 ], [ 11.06765, 3.36104 ], [ 11.06129, 3.3733 ], [ 11.06438, 3.39224 ], [ 11.03557, 3.41297 ], [ 11.03158, 3.41537 ], [ 11.01624, 3.41005 ], [ 10.99987, 3.41381 ], [ 10.9905, 3.39403 ], [ 10.98211, 3.39337 ], [ 10.96689, 3.39666 ], [ 10.95436, 3.41525 ], [ 10.89568, 3.40905 ], [ 10.88633, 3.39988 ], [ 10.88148, 3.40267 ], [ 10.8687, 3.3891 ], [ 10.86165, 3.38825 ], [ 10.85005, 3.39947 ], [ 10.8431, 3.39652 ], [ 10.83359, 3.40773 ], [ 10.82741, 3.4088 ], [ 10.83362, 3.41989 ], [ 10.82783, 3.43023 ], [ 10.82022, 3.4336 ], [ 10.81531, 3.45859 ], [ 10.76239, 3.47342 ], [ 10.55417, 3.40392 ], [ 10.29681, 3.33108 ], [ 10.29053, 3.33635 ], [ 10.25119, 3.41327 ], [ 10.25458, 3.45605 ], [ 10.23921, 3.46601 ], [ 10.23852, 3.47738 ], [ 10.24308, 3.48054 ], [ 10.23692, 3.4872 ], [ 10.23611, 3.50412 ], [ 10.23059, 3.50994 ], [ 10.22991, 3.53108 ], [ 10.23564, 3.54275 ], [ 10.20239, 3.55911 ], [ 10.20403, 3.59163 ], [ 10.1854, 3.59528 ], [ 10.17345, 3.58029 ], [ 10.15489, 3.56773 ], [ 10.15019, 3.57549 ], [ 10.13085, 3.57561 ], [ 10.11963, 3.58147 ], [ 10.11119, 3.56516 ], [ 10.11107, 3.54925 ], [ 10.10245, 3.54987 ], [ 10.08375, 3.49651 ], [ 10.0676, 3.48918 ], [ 10.07129, 3.47145 ], [ 10.06925, 3.44004 ], [ 10.07514, 3.41948 ], [ 10.05337, 3.39876 ], [ 10.05766, 3.37882 ], [ 10.04893, 3.36755 ], [ 10.03908, 3.33795 ], [ 10.00288, 3.31201 ], [ 9.98203, 3.30317 ], [ 9.96316, 3.2766 ], [ 9.93359, 3.26595 ], [ 9.91957, 3.26878 ], [ 9.90784, 3.26033 ], [ 9.90299, 3.26309 ], [ 9.92632, 3.21391 ], [ 9.92453, 3.21037 ], [ 9.94732, 3.14787 ], [ 9.97446, 3.08801 ], [ 9.96397, 3.07938 ], [ 9.96643, 3.06112 ], [ 9.96118, 3.05628 ], [ 9.96062, 3.03515 ], [ 9.95514, 3.02006 ], [ 9.94609, 3.007 ], [ 9.92956, 3.00086 ], [ 9.92884, 2.99332 ], [ 9.92495, 2.99345 ], [ 9.91243, 2.9727 ], [ 9.91344, 2.96251 ], [ 9.91075, 2.96502 ], [ 9.90765, 2.94878 ], [ 9.90518, 2.95001 ], [ 9.90519, 2.9368 ], [ 9.89703, 2.91664 ], [ 9.89971, 2.90192 ], [ 9.89663, 2.88035 ], [ 9.89008, 2.88004 ], [ 9.8811, 2.84075 ], [ 9.89224, 2.79903 ], [ 9.8762, 2.7684 ], [ 9.87374, 2.73358 ], [ 9.85675, 2.71601 ], [ 9.85948, 2.69795 ], [ 9.84646, 2.672 ], [ 9.83952, 2.61765 ], [ 9.82935, 2.57761 ], [ 9.8219, 2.56752 ], [ 9.82281, 2.51856 ], [ 9.81508, 2.50632 ], [ 9.82269, 2.47498 ], [ 9.82095, 2.461 ], [ 9.82535, 2.43842 ], [ 9.81717, 2.41936 ], [ 9.82264, 2.37747 ], [ 9.81867, 2.36239 ], [ 9.82134, 2.34755 ], [ 9.83525, 2.32749 ], [ 9.83004, 2.29016 ], [ 9.84611, 2.24463 ], [ 9.87759, 2.23126 ], [ 9.87813, 2.21794 ], [ 9.8876, 2.2194 ], [ 9.90282, 2.19704 ], [ 9.91976, 2.19704 ], [ 9.9337, 2.18224 ], [ 9.93841, 2.19157 ], [ 9.9466, 2.18672 ], [ 9.95558, 2.18862 ], [ 9.98277, 2.17303 ], [ 9.9863, 2.17474 ], [ 9.98889, 2.1673 ], [ 10.00069, 2.17161 ], [ 10.01252, 2.1699 ], [ 10.03102, 2.16048 ], [ 10.04104, 2.16446 ], [ 10.04149, 2.15963 ], [ 10.04683, 2.15982 ], [ 10.04795, 2.16497 ], [ 10.07015, 2.16011 ], [ 10.1097, 2.16167 ], [ 10.11478, 2.15735 ], [ 10.11033, 2.1529 ], [ 10.11324, 2.14655 ], [ 10.12006, 2.14103 ], [ 10.13658, 2.1555 ], [ 10.16608, 2.15072 ], [ 10.18177, 2.171 ], [ 10.18808, 2.17173 ], [ 10.19568, 2.19581 ], [ 10.19405, 2.20803 ], [ 10.2, 2.2194 ], [ 10.21217, 2.22523 ], [ 10.24798, 2.26469 ], [ 10.26714, 2.29067 ], [ 10.27153, 2.30499 ], [ 10.33383, 2.35408 ], [ 10.36287, 2.39269 ], [ 10.36145, 2.40823 ], [ 10.37167, 2.42233 ], [ 10.37554, 2.41983 ], [ 10.38016, 2.42297 ], [ 10.3793, 2.42952 ], [ 10.38903, 2.44152 ], [ 10.39534, 2.45908 ], [ 10.39115, 2.46554 ], [ 10.41009, 2.46789 ], [ 10.41648, 2.48217 ], [ 10.42217, 2.48082 ], [ 10.43154, 2.4884 ], [ 10.43544, 2.49885 ], [ 10.43207, 2.50832 ], [ 10.44665, 2.52354 ], [ 10.46141, 2.52748 ], [ 10.4734, 2.54525 ], [ 10.48189, 2.5452 ], [ 10.50921, 2.57976 ], [ 10.55069, 2.61501 ], [ 10.56789, 2.64512 ] ] ] } },
{ "type": "Feature", "properties": { "GID_1": "CMR.10_1", "GID_2": "CMR.10.4_1", "NAME_1": "Sud", "NAME_2": "Vallée du Ntem", "superficie_km2": 7257.3, "pop_worldpop_2025": 83690.0, "densite_wp_2025": 11.5 }, "geometry": { "type": "Polygon", "coordinates": [ [ [ 11.38027, 2.298 ], [ 11.38855, 2.29498 ], [ 11.39611, 2.30068 ], [ 11.42013, 2.29089 ], [ 11.43995, 2.29805 ], [ 11.44516, 2.28998 ], [ 11.45177, 2.28948 ], [ 11.4598, 2.29472 ], [ 11.45642, 2.30135 ], [ 11.47563, 2.30042 ], [ 11.48779, 2.29242 ], [ 11.50185, 2.30008 ], [ 11.51588, 2.29765 ], [ 11.52334, 2.30123 ], [ 11.53373, 2.29437 ], [ 11.53988, 2.29754 ], [ 11.54867, 2.29441 ], [ 11.56022, 2.30401 ], [ 11.58267, 2.30705 ], [ 11.60064, 2.30158 ], [ 11.6103, 2.29329 ], [ 11.6308, 2.30326 ], [ 11.6491, 2.30275 ], [ 11.65535, 2.31297 ], [ 11.66521, 2.31483 ], [ 11.67155, 2.32423 ], [ 11.67144, 2.34024 ], [ 11.66658, 2.34235 ], [ 11.666, 2.34809 ], [ 11.67232, 2.35596 ], [ 11.67412, 2.36856 ], [ 11.68044, 2.37431 ], [ 11.35674, 2.60004 ], [ 10.96154, 2.77464 ], [ 10.94755, 2.77236 ], [ 10.90717, 2.75031 ], [ 10.89828, 2.74805 ], [ 10.88752, 2.75156 ], [ 10.86045, 2.74175 ], [ 10.80398, 2.77941 ], [ 10.7647, 2.79195 ], [ 10.74264, 2.78085 ], [ 10.73463, 2.78106 ], [ 10.72793, 2.77393 ], [ 10.70826, 2.77314 ], [ 10.70701, 2.76102 ], [ 10.69797, 2.75174 ], [ 10.6692, 2.75543 ], [ 10.66325, 2.7387 ], [ 10.66461, 2.72212 ], [ 10.65465, 2.70727 ], [ 10.64014, 2.71113 ], [ 10.62496, 2.70634 ], [ 10.6108, 2.71221 ], [ 10.59356, 2.70808 ], [ 10.57389, 2.67401 ], [ 10.56486, 2.635 ], [ 10.55069, 2.61501 ], [ 10.50921, 2.57976 ], [ 10.48189, 2.5452 ], [ 10.47469, 2.54609 ], [ 10.46141, 2.52748 ], [ 10.44423, 2.52193 ], [ 10.4314, 2.5071 ], [ 10.4344, 2.49267 ], [ 10.42217, 2.48082 ], [ 10.41648, 2.48217 ], [ 10.41172, 2.4775 ], [ 10.41122, 2.46889 ], [ 10.39115, 2.46554 ], [ 10.39534, 2.45908 ], [ 10.38903, 2.44152 ], [ 10.3793, 2.42952 ], [ 10.38016, 2.42297 ], [ 10.37554, 2.41983 ], [ 10.37167, 2.42233 ], [ 10.36145, 2.40823 ], [ 10.36287, 2.39269 ], [ 10.33383, 2.35408 ], [ 10.27153, 2.30499 ], [ 10.26714, 2.29067 ], [ 10.24798, 2.26469 ], [ 10.21217, 2.22523 ], [ 10.2, 2.2194 ], [ 10.19405, 2.20803 ], [ 10.19568, 2.19581 ], [ 10.18829, 2.1724 ], [ 11.24996, 2.17172 ], [ 11.34617, 2.17521 ], [ 11.35319, 2.17128 ], [ 11.3599, 2.17415 ], [ 11.35534, 2.18087 ], [ 11.36394, 2.19889 ], [ 11.35903, 2.20191 ], [ 11.36311, 2.21115 ], [ 11.35905, 2.21596 ], [ 11.36525, 2.21982 ], [ 11.35509, 2.22564 ], [ 11.36062, 2.22743 ], [ 11.36411, 2.24332 ], [ 11.37023, 2.23571 ], [ 11.38217, 2.24503 ], [ 11.37736, 2.25528 ], [ 11.38424, 2.2624 ], [ 11.37734, 2.26508 ], [ 11.38289, 2.27639 ], [ 11.3781, 2.27758 ], [ 11.3798, 2.28424 ], [ 11.36548, 2.28776 ], [ 11.38027, 2.298 ] ] ] } },
{ "type": "Feature", "properties": { "GID_1": "CMR.9_1", "GID_2": "CMR.9.1_1", "NAME_1": "Sud-Ouest", "NAME_2": "Fako", "superficie_km2": 2066.2, "pop_worldpop_2025": 816824.0, "densite_wp_2025": 395.3 }, "geometry": { "type": "Polygon", "coordinates": [ [ [ 9.21254, 4.00299 ], [ 9.21013, 3.99573 ], [ 9.20443, 3.99574 ], [ 9.21182, 3.97798 ], [ 9.20544, 3.9606 ], [ 9.2138, 3.95123 ], [ 9.21822, 3.95754 ], [ 9.21569, 3.96643 ], [ 9.21905, 3.96122 ], [ 9.23052, 3.96329 ], [ 9.23484, 3.95427 ], [ 9.2326, 3.94825 ], [ 9.24307, 3.94206 ], [ 9.25222, 3.94727 ], [ 9.25208, 3.95804 ], [ 9.25668, 3.96247 ], [ 9.26975, 3.96263 ], [ 9.26725, 3.97605 ], [ 9.28177, 3.97175 ], [ 9.28551, 3.97537 ], [ 9.28478, 3.98298 ], [ 9.29088, 3.98426 ], [ 9.29007, 3.9938 ], [ 9.29723, 4.00134 ], [ 9.30627, 4.00562 ], [ 9.31044, 4.00075 ], [ 9.32222, 3.99991 ], [ 9.3005, 3.98328 ], [ 9.29442, 3.97141 ], [ 9.29407, 3.95926 ], [ 9.30417, 3.94366 ], [ 9.33579, 3.91542 ], [ 9.33924, 3.91725 ], [ 9.3557, 3.90741 ], [ 9.38118, 3.92058 ], [ 9.38605, 3.93925 ], [ 9.39635, 3.94901 ], [ 9.39426, 3.95773 ], [ 9.40542, 3.97113 ], [ 9.404, 3.99181 ], [ 9.41354, 3.99697 ], [ 9.43452, 4.02387 ], [ 9.45178, 4.02386 ], [ 9.45704, 4.05957 ], [ 9.47869, 4.06214 ], [ 9.49403, 4.04997 ], [ 9.49899, 4.0514 ], [ 9.50653, 4.06002 ], [ 9.50988, 4.08548 ], [ 9.52954, 4.10557 ], [ 9.54212, 4.10346 ], [ 9.54708, 4.10805 ], [ 9.55223, 4.1068 ], [ 9.55796, 4.12059 ], [ 9.54786, 4.13323 ], [ 9.54892, 4.14884 ], [ 9.54053, 4.15123 ], [ 9.54111, 4.16148 ], [ 9.52977, 4.16589 ], [ 9.52835, 4.18198 ], [ 9.53274, 4.19432 ], [ 9.52999, 4.21041 ], [ 9.5194, 4.21233 ], [ 9.51053, 4.19683 ], [ 9.49966, 4.20373 ], [ 9.49183, 4.19579 ], [ 9.48325, 4.20058 ], [ 9.46675, 4.18977 ], [ 9.45683, 4.19303 ], [ 9.45465, 4.20452 ], [ 9.44883, 4.20807 ], [ 9.42967, 4.21172 ], [ 9.42079, 4.20397 ], [ 9.41375, 4.2235 ], [ 9.41957, 4.22618 ], [ 9.41919, 4.23499 ], [ 9.42653, 4.23336 ], [ 9.42863, 4.2369 ], [ 9.42387, 4.24877 ], [ 9.42474, 4.27175 ], [ 9.43362, 4.29482 ], [ 9.43935, 4.293 ], [ 9.43773, 4.30171 ], [ 9.45242, 4.30773 ], [ 9.45872, 4.3174 ], [ 9.45597, 4.33799 ], [ 9.46055, 4.34239 ], [ 9.45578, 4.34833 ], [ 9.46475, 4.34641 ], [ 9.4659, 4.35541 ], [ 9.47849, 4.36277 ], [ 9.47972, 4.37854 ], [ 9.36346, 4.37802 ], [ 9.34945, 4.39756 ], [ 9.34755, 4.4213 ], [ 9.34448, 4.42829 ], [ 9.33846, 4.42878 ], [ 9.33688, 4.43859 ], [ 9.31502, 4.44328 ], [ 9.31228, 4.4493 ], [ 9.29988, 4.45633 ], [ 9.28061, 4.46092 ], [ 9.2688, 4.4577 ], [ 9.24805, 4.43035 ], [ 9.1717, 4.21653 ], [ 9.12744, 4.21544 ], [ 9.09533, 4.22965 ], [ 9.07293, 4.25153 ], [ 9.0562, 4.26154 ], [ 9.03513, 4.26526 ], [ 9.01976, 4.2523 ], [ 8.99941, 4.25786 ], [ 8.96373, 4.29846 ], [ 8.96468, 4.2916 ], [ 8.95842, 4.28002 ], [ 8.93759, 4.25551 ], [ 8.96696, 4.24111 ], [ 8.96948, 4.23418 ], [ 8.98356, 4.22262 ], [ 8.99772, 4.19445 ], [ 8.99483, 4.18872 ], [ 8.99897, 4.17999 ], [ 8.98672, 4.15047 ], [ 8.98891, 4.11806 ], [ 8.97732, 4.1025 ], [ 8.97779, 4.0966 ], [ 8.98576, 4.09633 ], [ 9.00264, 4.07756 ], [ 9.01275, 4.07573 ], [ 9.01561, 4.06675 ], [ 9.02631, 4.06883 ], [ 9.03195, 4.06273 ], [ 9.08449, 4.03759 ], [ 9.10451, 4.01584 ], [ 9.11518, 4.01025 ], [ 9.11885, 4.01337 ], [ 9.12772, 4.00691 ], [ 9.13662, 4.01512 ], [ 9.1491, 4.01449 ], [ 9.1546, 4.00791 ], [ 9.19758, 4.01227 ], [ 9.21254, 4.00299 ] ] ] } },
{ "type": "Feature", "properties": { "GID_1": "CMR.9_1", "GID_2": "CMR.9.2_1", "NAME_1": "Sud-Ouest", "NAME_2": "Koupé Manengouba", "superficie_km2": 3464.4, "pop_worldpop_2025": 172061.0, "densite_wp_2025": 49.7 }, "geometry": { "type": "Polygon", "coordinates": [ [ [ 9.70544, 4.7939 ], [ 9.70381, 4.80633 ], [ 9.70908, 4.8139 ], [ 9.72936, 4.82189 ], [ 9.74904, 4.84176 ], [ 9.74274, 4.8584 ], [ 9.7531, 4.86728 ], [ 9.76407, 4.86745 ], [ 9.77452, 4.87377 ], [ 9.77093, 4.87791 ], [ 9.76277, 4.87766 ], [ 9.76383, 4.88708 ], [ 9.77955, 4.897 ], [ 9.78607, 4.91645 ], [ 9.75632, 4.91992 ], [ 9.75442, 4.94105 ], [ 9.7669, 4.95626 ], [ 9.77573, 5.00555 ], [ 9.81113, 5.0254 ], [ 9.82253, 5.01482 ], [ 9.82841, 5.01446 ], [ 9.84105, 5.02008 ], [ 9.85606, 5.01838 ], [ 9.86617, 5.02946 ], [ 9.85444, 5.0514 ], [ 9.83119, 5.06032 ], [ 9.81594, 5.0797 ], [ 9.81166, 5.09978 ], [ 9.8043, 5.11114 ], [ 9.80135, 5.14028 ], [ 9.77555, 5.14604 ], [ 9.76641, 5.20969 ], [ 9.74598, 5.24052 ], [ 9.73642, 5.24546 ], [ 9.74056, 5.25778 ], [ 9.73961, 5.2731 ], [ 9.74462, 5.2745 ], [ 9.76858, 5.26329 ], [ 9.78397, 5.2844 ], [ 9.80506, 5.29106 ], [ 9.82956, 5.29077 ], [ 9.82408, 5.33003 ], [ 9.84059, 5.33476 ], [ 9.8498, 5.3325 ], [ 9.85282, 5.33835 ], [ 9.87498, 5.34937 ], [ 9.89336, 5.35113 ], [ 9.9112, 5.3716 ], [ 9.89476, 5.38185 ], [ 9.86999, 5.38843 ], [ 9.81855, 5.37287 ], [ 9.80183, 5.37403 ], [ 9.80395, 5.39096 ], [ 9.79366, 5.39885 ], [ 9.7764, 5.43015 ], [ 9.78236, 5.44116 ], [ 9.77816, 5.45946 ], [ 9.77228, 5.46692 ], [ 9.7766, 5.47587 ], [ 9.69253, 5.49002 ], [ 9.61333, 5.43905 ], [ 9.42803, 5.33693 ], [ 9.38723, 5.32375 ], [ 9.36178, 5.30469 ], [ 9.34786, 5.28389 ], [ 9.3348, 5.28818 ], [ 9.33164, 5.29348 ], [ 9.31496, 5.29351 ], [ 9.303, 5.29863 ], [ 9.29241, 5.3148 ], [ 9.28201, 5.31957 ], [ 9.26487, 5.31931 ], [ 9.25616, 5.30986 ], [ 9.24457, 5.30526 ], [ 9.18621, 5.29958 ], [ 9.19121, 5.2803 ], [ 9.20214, 5.2681 ], [ 9.20169, 5.25389 ], [ 9.21538, 5.25782 ], [ 9.21516, 5.24991 ], [ 9.22516, 5.24239 ], [ 9.22773, 5.23392 ], [ 9.25727, 5.22994 ], [ 9.2709, 5.22553 ], [ 9.27519, 5.21936 ], [ 9.27587, 5.20896 ], [ 9.26974, 5.19206 ], [ 9.27028, 5.18021 ], [ 9.27757, 5.16621 ], [ 9.27341, 5.14125 ], [ 9.32774, 5.10951 ], [ 9.33964, 5.09223 ], [ 9.36377, 5.1004 ], [ 9.38414, 5.08914 ], [ 9.40906, 5.0998 ], [ 9.415, 5.09083 ], [ 9.40796, 5.07578 ], [ 9.39528, 5.07111 ], [ 9.39543, 5.06245 ], [ 9.4173, 5.04682 ], [ 9.42515, 5.04836 ], [ 9.42997, 5.02996 ], [ 9.42306, 5.01861 ], [ 9.42478, 5.00641 ], [ 9.44051, 4.9961 ], [ 9.46199, 4.99951 ], [ 9.46193, 4.9792 ], [ 9.46877, 4.97292 ], [ 9.46874, 4.96642 ], [ 9.47707, 4.96626 ], [ 9.47749, 4.96139 ], [ 9.49284, 4.96477 ], [ 9.49792, 4.95669 ], [ 9.50448, 4.95628 ], [ 9.48036, 4.93634 ], [ 9.47835, 4.92775 ], [ 9.48423, 4.9065 ], [ 9.4899, 4.90152 ], [ 9.48575, 4.89043 ], [ 9.49877, 4.88195 ], [ 9.47787, 4.86476 ], [ 9.46663, 4.84882 ], [ 9.46372, 4.82823 ], [ 9.46899, 4.82418 ], [ 9.47429, 4.82569 ], [ 9.47889, 4.81921 ], [ 9.50063, 4.81885 ], [ 9.51005, 4.80671 ], [ 9.51774, 4.80901 ], [ 9.52323, 4.80596 ], [ 9.52174, 4.79984 ], [ 9.51367, 4.79769 ], [ 9.52139, 4.78616 ], [ 9.52016, 4.77654 ], [ 9.50292, 4.75383 ], [ 9.5069, 4.73798 ], [ 9.50255, 4.70285 ], [ 9.52113, 4.69512 ], [ 9.52919, 4.69823 ], [ 9.55541, 4.69429 ], [ 9.56862, 4.68417 ], [ 9.56982, 4.67007 ], [ 9.55692, 4.6622 ], [ 9.55138, 4.63755 ], [ 9.5457, 4.63252 ], [ 9.55253, 4.61931 ], [ 9.56693, 4.61917 ], [ 9.56382, 4.60519 ], [ 9.57666, 4.61693 ], [ 9.63041, 4.62712 ], [ 9.63448, 4.63517 ], [ 9.64358, 4.63767 ], [ 9.64688, 4.65032 ], [ 9.63778, 4.65275 ], [ 9.63219, 4.6642 ], [ 9.69106, 4.72137 ], [ 9.70544, 4.7939 ] ] ] } },
{ "type": "Feature", "properties": { "GID_1": "CMR.9_1", "GID_2": "CMR.9.3_1", "NAME_1": "Sud-Ouest", "NAME_2": "Lebialem", "superficie_km2": 642.9, "pop_worldpop_2025": 135821.0, "densite_wp_2025": 211.3 }, "geometry": { "type": "Polygon", "coordinates": [ [ [ 9.94761, 5.45495 ], [ 9.95228, 5.48894 ], [ 9.95908, 5.49488 ], [ 9.94969, 5.5221 ], [ 9.95915, 5.54239 ], [ 9.96651, 5.54682 ], [ 9.9653, 5.5556 ], [ 9.95569, 5.55949 ], [ 9.94873, 5.56876 ], [ 9.96225, 5.58961 ], [ 9.97873, 5.58004 ], [ 9.99805, 5.58039 ], [ 10.02149, 5.61558 ], [ 10.02463, 5.62955 ], [ 10.04679, 5.63508 ], [ 10.05697, 5.63166 ], [ 10.07904, 5.63399 ], [ 10.09103, 5.64473 ], [ 10.10124, 5.66369 ], [ 10.09789, 5.68297 ], [ 10.08753, 5.69026 ], [ 10.07936, 5.70812 ], [ 10.06404, 5.71785 ], [ 9.99738, 5.71922 ], [ 9.98545, 5.7286 ], [ 9.97841, 5.7413 ], [ 9.95557, 5.75219 ], [ 9.91186, 5.72571 ], [ 9.91566, 5.71722 ], [ 9.91167, 5.71185 ], [ 9.90992, 5.69159 ], [ 9.90056, 5.68084 ], [ 9.90911, 5.65784 ], [ 9.89266, 5.62898 ], [ 9.87334, 5.61382 ], [ 9.86583, 5.60195 ], [ 9.86964, 5.59628 ], [ 9.88242, 5.59382 ], [ 9.88093, 5.56457 ], [ 9.85867, 5.54926 ], [ 9.84038, 5.54248 ], [ 9.82997, 5.53062 ], [ 9.83251, 5.52347 ], [ 9.82424, 5.52514 ], [ 9.82129, 5.51657 ], [ 9.79591, 5.50168 ], [ 9.79472, 5.49128 ], [ 9.7766, 5.47587 ], [ 9.77228, 5.46692 ], [ 9.78235, 5.44307 ], [ 9.7764, 5.43015 ], [ 9.79366, 5.39885 ], [ 9.80395, 5.39096 ], [ 9.80087, 5.37534 ], [ 9.80433, 5.37334 ], [ 9.84772, 5.37931 ], [ 9.86999, 5.38843 ], [ 9.91516, 5.37169 ], [ 9.92327, 5.38046 ], [ 9.92332, 5.40823 ], [ 9.93172, 5.41587 ], [ 9.94761, 5.45495 ] ] ] } },
{ "type": "Feature", "properties": { "GID_1": "CMR.9_1", "GID_2": "CMR.9.4_1", "NAME_1": "Sud-Ouest", "NAME_2": "Manyu", "superficie_km2": 9588.7, "pop_worldpop_2025": 322804.0, "densite_wp_2025": 33.7 }, "geometry": { "type": "Polygon", "coordinates": [ [ [ 9.60394, 5.93591 ], [ 9.61962, 5.93532 ], [ 9.63398, 5.95368 ], [ 9.63887, 5.96756 ], [ 9.63611, 5.97646 ], [ 9.63927, 5.9824 ], [ 9.61204, 6.0074 ], [ 9.6127, 6.02319 ], [ 9.62311, 6.02897 ], [ 9.62974, 6.04393 ], [ 9.65026, 6.05155 ], [ 9.65565, 6.05852 ], [ 9.67388, 6.06224 ], [ 9.70224, 6.09062 ], [ 9.7104, 6.08385 ], [ 9.7264, 6.0847 ], [ 9.73677, 6.11619 ], [ 9.76544, 6.12546 ], [ 9.76303, 6.13412 ], [ 9.77246, 6.14673 ], [ 9.767, 6.1585 ], [ 9.78915, 6.16686 ], [ 9.78691, 6.17703 ], [ 9.79055, 6.18373 ], [ 9.77177, 6.19858 ], [ 9.78154, 6.20604 ], [ 9.80582, 6.20967 ], [ 9.81683, 6.22122 ], [ 9.8086, 6.25272 ], [ 9.78861, 6.2727 ], [ 9.78848, 6.28736 ], [ 9.77264, 6.30657 ], [ 9.76883, 6.34194 ], [ 9.75932, 6.36249 ], [ 9.76407, 6.39041 ], [ 9.75024, 6.40888 ], [ 9.7514, 6.41866 ], [ 9.7365, 6.43114 ], [ 9.74362, 6.48423 ], [ 9.7072, 6.50015 ], [ 9.70635, 6.51555 ], [ 9.70147, 6.51073 ], [ 9.69363, 6.5161 ], [ 9.66898, 6.51075 ], [ 9.65168, 6.52921 ], [ 9.64932, 6.52396 ], [ 9.63399, 6.52016 ], [ 9.59974, 6.53072 ], [ 9.59484, 6.52895 ], [ 9.58277, 6.49285 ], [ 9.58798, 6.47517 ], [ 9.52801, 6.44335 ], [ 9.51364, 6.4431 ], [ 9.46449, 6.45439 ], [ 9.45763, 6.43292 ], [ 9.4601, 6.42615 ], [ 9.45561, 6.42156 ], [ 9.4568, 6.40964 ], [ 9.45059, 6.38653 ], [ 9.44515, 6.38168 ], [ 9.44202, 6.34859 ], [ 9.43128, 6.31725 ], [ 9.35243, 6.35298 ], [ 9.34344, 6.35109 ], [ 9.34355, 6.32887 ], [ 9.33388, 6.31968 ], [ 9.33725, 6.31531 ], [ 9.33372, 6.29326 ], [ 9.33006, 6.28745 ], [ 9.32041, 6.28769 ], [ 9.32402, 6.28138 ], [ 9.32174, 6.27495 ], [ 9.30824, 6.26276 ], [ 9.26569, 6.18417 ], [ 9.2117, 6.16731 ], [ 9.1675, 6.13072 ], [ 9.15261, 6.09058 ], [ 9.13309, 6.07207 ], [ 9.0536, 5.99921 ], [ 8.94506, 5.91119 ], [ 8.91226, 5.90246 ], [ 8.91397, 5.89174 ], [ 8.90337, 5.87311 ], [ 8.90287, 5.86313 ], [ 8.88298, 5.86048 ], [ 8.85881, 5.84506 ], [ 8.856, 5.83071 ], [ 8.84, 5.82634 ], [ 8.84923, 5.80253 ], [ 8.84706, 5.7923 ], [ 8.86029, 5.80014 ], [ 8.86938, 5.79582 ], [ 8.87236, 5.80179 ], [ 8.88295, 5.79284 ], [ 8.88342, 5.77746 ], [ 8.88175, 5.77067 ], [ 8.87453, 5.77021 ], [ 8.86842, 5.75864 ], [ 8.86975, 5.74769 ], [ 8.875, 5.74698 ], [ 8.86775, 5.73518 ], [ 8.86185, 5.73283 ], [ 8.86001, 5.72047 ], [ 8.85416, 5.71949 ], [ 8.85413, 5.70868 ], [ 8.84221, 5.69941 ], [ 8.8365, 5.70727 ], [ 8.83218, 5.70585 ], [ 8.83665, 5.67955 ], [ 8.85448, 5.66832 ], [ 8.87004, 5.64626 ], [ 8.88225, 5.6408 ], [ 8.89045, 5.6268 ], [ 8.8986, 5.6242 ], [ 8.92068, 5.57221 ], [ 8.92033, 5.5647 ], [ 8.91092, 5.55937 ], [ 8.89179, 5.51749 ], [ 8.86673, 5.48942 ], [ 8.86527, 5.47349 ], [ 8.84388, 5.45905 ], [ 8.83105, 5.42998 ], [ 8.84023, 5.38776 ], [ 8.83569, 5.34385 ], [ 8.89485, 5.33062 ], [ 8.89913, 5.32598 ], [ 8.90612, 5.32736 ], [ 8.91474, 5.31237 ], [ 8.9407, 5.30019 ], [ 8.94972, 5.31096 ], [ 8.94932, 5.35209 ], [ 8.9605, 5.37328 ], [ 8.96466, 5.4098 ], [ 8.97714, 5.41871 ], [ 8.982, 5.42901 ], [ 8.98841, 5.43097 ], [ 9.04426, 5.41001 ], [ 9.05502, 5.40089 ], [ 9.09678, 5.38768 ], [ 9.10461, 5.39303 ], [ 9.11384, 5.39034 ], [ 9.12125, 5.3948 ], [ 9.13022, 5.38874 ], [ 9.13438, 5.39683 ], [ 9.14636, 5.3949 ], [ 9.14759, 5.39037 ], [ 9.14006, 5.38297 ], [ 9.14798, 5.37998 ], [ 9.14964, 5.37469 ], [ 9.14133, 5.373 ], [ 9.1504, 5.37148 ], [ 9.15325, 5.36316 ], [ 9.14802, 5.36032 ], [ 9.14272, 5.36525 ], [ 9.14215, 5.34797 ], [ 9.14496, 5.34477 ], [ 9.16319, 5.34714 ], [ 9.16905, 5.33095 ], [ 9.16688, 5.31321 ], [ 9.17812, 5.31361 ], [ 9.18621, 5.29958 ], [ 9.24457, 5.30526 ], [ 9.25616, 5.30986 ], [ 9.26487, 5.31931 ], [ 9.28201, 5.31957 ], [ 9.29241, 5.3148 ], [ 9.303, 5.29863 ], [ 9.31496, 5.29351 ], [ 9.33164, 5.29348 ], [ 9.3463, 5.2836 ], [ 9.37109, 5.31387 ], [ 9.38723, 5.32375 ], [ 9.42803, 5.33693 ], [ 9.61333, 5.43905 ], [ 9.69253, 5.49002 ], [ 9.7788, 5.47598 ], [ 9.79472, 5.49128 ], [ 9.79591, 5.50168 ], [ 9.82129, 5.51657 ], [ 9.82424, 5.52514 ], [ 9.83251, 5.52347 ], [ 9.82997, 5.53062 ], [ 9.84038, 5.54248 ], [ 9.85867, 5.54926 ], [ 9.88093, 5.56457 ], [ 9.88242, 5.59382 ], [ 9.86964, 5.59628 ], [ 9.86583, 5.60195 ], [ 9.87334, 5.61382 ], [ 9.89266, 5.62898 ], [ 9.90911, 5.65784 ], [ 9.90056, 5.68084 ], [ 9.90992, 5.69159 ], [ 9.91546, 5.71878 ], [ 9.91137, 5.72661 ], [ 9.889, 5.71879 ], [ 9.88368, 5.74063 ], [ 9.85528, 5.73416 ], [ 9.85063, 5.75389 ], [ 9.83323, 5.75085 ], [ 9.81536, 5.75413 ], [ 9.81185, 5.77472 ], [ 9.78394, 5.7715 ], [ 9.76846, 5.77679 ], [ 9.75472, 5.79452 ], [ 9.75427, 5.81673 ], [ 9.72554, 5.84903 ], [ 9.69066, 5.85587 ], [ 9.68566, 5.83816 ], [ 9.67992, 5.8353 ], [ 9.66923, 5.84871 ], [ 9.64994, 5.86042 ], [ 9.63371, 5.88753 ], [ 9.61726, 5.87922 ], [ 9.61086, 5.8865 ], [ 9.60292, 5.88086 ], [ 9.59097, 5.88221 ], [ 9.595, 5.89073 ], [ 9.5932, 5.91036 ], [ 9.6043, 5.91485 ], [ 9.60394, 5.93591 ] ] ] } },
{ "type": "Feature", "properties": { "GID_1": "CMR.9_1", "GID_2": "CMR.9.5_1", "NAME_1": "Sud-Ouest", "NAME_2": "Meme", "superficie_km2": 2881.5, "pop_worldpop_2025": 595898.0, "densite_wp_2025": 206.8 }, "geometry": { "type": "Polygon", "coordinates": [ [ [ 9.5244, 4.54618 ], [ 9.53854, 4.56426 ], [ 9.53716, 4.57713 ], [ 9.5422, 4.58164 ], [ 9.54133, 4.58934 ], [ 9.54923, 4.58834 ], [ 9.56672, 4.61308 ], [ 9.56693, 4.61917 ], [ 9.55253, 4.61931 ], [ 9.5457, 4.63252 ], [ 9.55138, 4.63755 ], [ 9.55692, 4.6622 ], [ 9.56982, 4.67007 ], [ 9.57026, 4.6792 ], [ 9.55541, 4.69429 ], [ 9.52919, 4.69823 ], [ 9.52113, 4.69512 ], [ 9.50303, 4.7013 ], [ 9.5069, 4.73798 ], [ 9.50292, 4.75383 ], [ 9.52016, 4.77654 ], [ 9.52139, 4.78616 ], [ 9.51367, 4.79769 ], [ 9.52174, 4.79984 ], [ 9.52323, 4.80596 ], [ 9.51774, 4.80901 ], [ 9.51005, 4.80671 ], [ 9.50063, 4.81885 ], [ 9.47889, 4.81921 ], [ 9.47429, 4.82569 ], [ 9.46899, 4.82418 ], [ 9.46372, 4.82823 ], [ 9.46663, 4.84882 ], [ 9.47787, 4.86476 ], [ 9.49877, 4.88195 ], [ 9.48575, 4.89043 ], [ 9.4899, 4.90152 ], [ 9.48423, 4.9065 ], [ 9.47835, 4.92775 ], [ 9.48036, 4.93634 ], [ 9.50448, 4.95628 ], [ 9.49792, 4.95669 ], [ 9.49284, 4.96477 ], [ 9.47749, 4.96139 ], [ 9.47707, 4.96626 ], [ 9.46874, 4.96642 ], [ 9.46877, 4.97292 ], [ 9.46193, 4.9792 ], [ 9.46199, 4.99951 ], [ 9.44051, 4.9961 ], [ 9.42478, 5.00641 ], [ 9.42306, 5.01861 ], [ 9.42997, 5.02996 ], [ 9.42515, 5.04836 ], [ 9.4173, 5.04682 ], [ 9.39543, 5.06245 ], [ 9.39528, 5.07111 ], [ 9.40796, 5.07578 ], [ 9.415, 5.09083 ], [ 9.41007, 5.09895 ], [ 9.38414, 5.08914 ], [ 9.36377, 5.1004 ], [ 9.34142, 5.09201 ], [ 9.33053, 5.10719 ], [ 9.32185, 5.09774 ], [ 9.31534, 5.07454 ], [ 9.30298, 5.06813 ], [ 9.27059, 5.0309 ], [ 9.25284, 5.02313 ], [ 9.24693, 5.01444 ], [ 9.26196, 4.98249 ], [ 9.27347, 4.96912 ], [ 9.27138, 4.9575 ], [ 9.25162, 4.92862 ], [ 9.28105, 4.90193 ], [ 9.27601, 4.85922 ], [ 9.26226, 4.82776 ], [ 9.25516, 4.82169 ], [ 9.23186, 4.81564 ], [ 9.2168, 4.78292 ], [ 9.2266, 4.74573 ], [ 9.24023, 4.73911 ], [ 9.24365, 4.73225 ], [ 9.23776, 4.72005 ], [ 9.24575, 4.70767 ], [ 9.24149, 4.6755 ], [ 9.23251, 4.66693 ], [ 9.22408, 4.64445 ], [ 9.19853, 4.62769 ], [ 9.1761, 4.62253 ], [ 9.15867, 4.61301 ], [ 9.15092, 4.59724 ], [ 9.10469, 4.56816 ], [ 9.08545, 4.54838 ], [ 9.08118, 4.53502 ], [ 9.10355, 4.52861 ], [ 9.10723, 4.52454 ], [ 9.10649, 4.50824 ], [ 9.116, 4.50495 ], [ 9.1253, 4.50898 ], [ 9.11543, 4.5026 ], [ 9.11114, 4.49159 ], [ 9.11446, 4.47858 ], [ 9.1096, 4.46595 ], [ 9.09871, 4.45942 ], [ 9.10794, 4.45447 ], [ 9.11482, 4.43373 ], [ 9.10609, 4.43015 ], [ 9.10426, 4.42223 ], [ 9.08681, 4.41491 ], [ 9.08456, 4.40494 ], [ 9.07268, 4.3946 ], [ 9.06103, 4.39216 ], [ 9.04814, 4.38137 ], [ 9.03512, 4.38624 ], [ 9.00996, 4.37433 ], [ 9.00276, 4.36367 ], [ 8.99122, 4.35895 ], [ 8.99034, 4.35318 ], [ 8.97274, 4.33595 ], [ 8.96371, 4.29849 ], [ 8.99941, 4.25786 ], [ 9.01976, 4.2523 ], [ 9.03513, 4.26526 ], [ 9.0562, 4.26154 ], [ 9.07293, 4.25153 ], [ 9.09533, 4.22965 ], [ 9.12744, 4.21544 ], [ 9.1717, 4.21653 ], [ 9.24805, 4.43035 ], [ 9.26528, 4.45498 ], [ 9.27717, 4.46079 ], [ 9.29299, 4.45811 ], [ 9.31228, 4.4493 ], [ 9.31502, 4.44328 ], [ 9.33688, 4.43859 ], [ 9.33846, 4.42878 ], [ 9.34448, 4.42829 ], [ 9.34755, 4.4213 ], [ 9.34945, 4.39756 ], [ 9.36346, 4.37802 ], [ 9.4827, 4.37943 ], [ 9.49816, 4.39129 ], [ 9.50246, 4.41101 ], [ 9.51486, 4.40238 ], [ 9.51048, 4.4179 ], [ 9.49723, 4.42145 ], [ 9.49515, 4.45994 ], [ 9.48753, 4.47019 ], [ 9.49335, 4.47545 ], [ 9.49126, 4.48301 ], [ 9.49698, 4.4832 ], [ 9.50366, 4.49086 ], [ 9.4928, 4.50388 ], [ 9.5033, 4.51173 ], [ 9.493, 4.52629 ], [ 9.50818, 4.53193 ], [ 9.51122, 4.52359 ], [ 9.50473, 4.52034 ], [ 9.51179, 4.51996 ], [ 9.51095, 4.54236 ], [ 9.5244, 4.54618 ] ] ] } },
{ "type": "Feature", "properties": { "GID_1": "CMR.9_1", "GID_2": "CMR.9.6_1", "NAME_1": "Sud-Ouest", "NAME_2": "Ndian", "superficie_km2": 6507.7, "pop_worldpop_2025": 179720.0, "densite_wp_2025": 27.6 }, "geometry": { "type": "Polygon", "coordinates": [ [ [ 8.71993, 4.51043 ], [ 8.78126, 4.53009 ], [ 8.80114, 4.54554 ], [ 8.83258, 4.5459 ], [ 8.8389, 4.55038 ], [ 8.8418, 4.5496 ], [ 8.83762, 4.54461 ], [ 8.84126, 4.53498 ], [ 8.86162, 4.52316 ], [ 8.87545, 4.52533 ], [ 8.89073, 4.50741 ], [ 8.90517, 4.5001 ], [ 8.90831, 4.49209 ], [ 8.89251, 4.47572 ], [ 8.89843, 4.45454 ], [ 8.8841, 4.43829 ], [ 8.88811, 4.388 ], [ 8.89997, 4.35949 ], [ 8.91949, 4.34366 ], [ 8.92374, 4.32174 ], [ 8.91585, 4.28869 ], [ 8.93076, 4.27477 ], [ 8.93298, 4.25755 ], [ 8.93759, 4.25551 ], [ 8.96468, 4.2916 ], [ 8.96503, 4.31239 ], [ 8.97274, 4.33595 ], [ 8.99034, 4.35318 ], [ 8.99122, 4.35895 ], [ 9.00276, 4.36367 ], [ 9.00996, 4.37433 ], [ 9.03512, 4.38624 ], [ 9.04814, 4.38137 ], [ 9.06103, 4.39216 ], [ 9.07268, 4.3946 ], [ 9.08456, 4.40494 ], [ 9.08681, 4.41491 ], [ 9.10426, 4.42223 ], [ 9.10609, 4.43015 ], [ 9.11482, 4.43373 ], [ 9.10794, 4.45447 ], [ 9.09871, 4.45942 ], [ 9.1096, 4.46595 ], [ 9.11446, 4.47858 ], [ 9.11114, 4.49159 ], [ 9.11543, 4.5026 ], [ 9.1253, 4.50898 ], [ 9.116, 4.50495 ], [ 9.10649, 4.50824 ], [ 9.10723, 4.52454 ], [ 9.08118, 4.53502 ], [ 9.08328, 4.54543 ], [ 9.10469, 4.56816 ], [ 9.15092, 4.59724 ], [ 9.15867, 4.61301 ], [ 9.1761, 4.62253 ], [ 9.19853, 4.62769 ], [ 9.22408, 4.64445 ], [ 9.23251, 4.66693 ], [ 9.24149, 4.6755 ], [ 9.24575, 4.70767 ], [ 9.23776, 4.72005 ], [ 9.24365, 4.73225 ], [ 9.24023, 4.73911 ], [ 9.2266, 4.74573 ], [ 9.2168, 4.78292 ], [ 9.23186, 4.81564 ], [ 9.25516, 4.82169 ], [ 9.26226, 4.82776 ], [ 9.27601, 4.85922 ], [ 9.28105, 4.90193 ], [ 9.25162, 4.92862 ], [ 9.27138, 4.9575 ], [ 9.27347, 4.96912 ], [ 9.26196, 4.98249 ], [ 9.24693, 5.01444 ], [ 9.25284, 5.02313 ], [ 9.27059, 5.0309 ], [ 9.30298, 5.06813 ], [ 9.31534, 5.07454 ], [ 9.32185, 5.09774 ], [ 9.33053, 5.10719 ], [ 9.27341, 5.14125 ], [ 9.27757, 5.16621 ], [ 9.27028, 5.18021 ], [ 9.26974, 5.19206 ], [ 9.27587, 5.20896 ], [ 9.27519, 5.21936 ], [ 9.2709, 5.22553 ], [ 9.25727, 5.22994 ], [ 9.22773, 5.23392 ], [ 9.22516, 5.24239 ], [ 9.21516, 5.24991 ], [ 9.21538, 5.25782 ], [ 9.20169, 5.25389 ], [ 9.20214, 5.2681 ], [ 9.19121, 5.2803 ], [ 9.17812, 5.31361 ], [ 9.16688, 5.31321 ], [ 9.16905, 5.33095 ], [ 9.16319, 5.34714 ], [ 9.14496, 5.34477 ], [ 9.14215, 5.34797 ], [ 9.14272, 5.36525 ], [ 9.14802, 5.36032 ], [ 9.15325, 5.36316 ], [ 9.1504, 5.37148 ], [ 9.14133, 5.373 ], [ 9.14964, 5.37469 ], [ 9.14798, 5.37998 ], [ 9.14006, 5.38297 ], [ 9.14759, 5.39037 ], [ 9.14636, 5.3949 ], [ 9.13438, 5.39683 ], [ 9.13022, 5.38874 ], [ 9.12125, 5.3948 ], [ 9.11384, 5.39034 ], [ 9.10461, 5.39303 ], [ 9.09678, 5.38768 ], [ 9.05502, 5.40089 ], [ 9.04426, 5.41001 ], [ 8.9849, 5.43123 ], [ 8.97714, 5.41871 ], [ 8.96466, 5.4098 ], [ 8.9605, 5.37328 ], [ 8.94932, 5.35209 ], [ 8.94972, 5.31096 ], [ 8.9407, 5.30019 ], [ 8.91474, 5.31237 ], [ 8.90612, 5.32736 ], [ 8.89913, 5.32598 ], [ 8.89485, 5.33062 ], [ 8.83569, 5.34385 ], [ 8.83419, 5.32847 ], [ 8.81516, 5.28385 ], [ 8.81275, 5.22023 ], [ 8.81873, 5.18562 ], [ 8.8004, 5.15586 ], [ 8.79446, 5.13459 ], [ 8.78288, 5.12123 ], [ 8.78162, 5.11331 ], [ 8.74836, 5.10124 ], [ 8.74068, 5.08567 ], [ 8.72527, 5.07483 ], [ 8.71737, 5.05261 ], [ 8.72114, 5.04183 ], [ 8.7156, 5.03194 ], [ 8.7103, 5.0321 ], [ 8.70435, 5.02023 ], [ 8.69418, 5.01405 ], [ 8.69194, 5.00547 ], [ 8.6808, 4.99851 ], [ 8.69408, 4.98816 ], [ 8.68032, 4.98152 ], [ 8.67807, 4.97301 ], [ 8.66623, 4.9649 ], [ 8.6632, 4.94774 ], [ 8.6509, 4.94273 ], [ 8.65194, 4.91496 ], [ 8.64112, 4.90721 ], [ 8.62203, 4.90496 ], [ 8.60606, 4.88047 ], [ 8.603, 4.86832 ], [ 8.60781, 4.85891 ], [ 8.62552, 4.84386 ], [ 8.62866, 4.82033 ], [ 8.59695, 4.8012 ], [ 8.55783, 4.79645 ], [ 8.54613, 4.80081 ], [ 8.53876, 4.79231 ], [ 8.52854, 4.76686 ], [ 8.52491, 4.74275 ], [ 8.5402, 4.70232 ], [ 8.50032, 4.6698 ], [ 8.51605, 4.66332 ], [ 8.51664, 4.65551 ], [ 8.50125, 4.62382 ], [ 8.50024, 4.60378 ], [ 8.52292, 4.57725 ], [ 8.52887, 4.56338 ], [ 8.51703, 4.55622 ], [ 8.49964, 4.5565 ], [ 8.506, 4.50592 ], [ 8.51454, 4.49938 ], [ 8.53866, 4.49358 ], [ 8.56872, 4.52067 ], [ 8.57666, 4.5164 ], [ 8.57654, 4.51109 ], [ 8.5662, 4.50289 ], [ 8.55575, 4.48784 ], [ 8.55777, 4.48444 ], [ 8.57589, 4.48117 ], [ 8.64772, 4.48329 ], [ 8.67238, 4.47402 ], [ 8.6934, 4.47763 ], [ 8.70606, 4.48665 ], [ 8.71993, 4.51043 ] ] ] } }
]
}
