{
"type": "FeatureCollection",
"name": "ds_sante_cmr",
"crs": { "type": "name", "properties": { "name": "urn:ogc:def:crs:OGC:1.3:CRS84" } },
"features": [
{ "type": "Feature", "properties": { "district": "Abo", "region": "Littoral" }, "geometry": { "type": "Polygon", "coordinates": [ [ [ 9.788, 4.448 ], [ 9.8022, 4.445 ], [ 9.8208, 4.4256 ], [ 9.8374, 4.4358 ], [ 9.8462, 4.4316 ], [ 9.8558, 4.4024 ], [ 9.8512, 4.3754 ], [ 9.8634, 4.3594 ], [ 9.8744, 4.365 ], [ 9.8678, 4.3804 ], [ 9.8826, 4.4064 ], [ 9.9148, 4.3992 ], [ 9.9282, 4.408 ], [ 9.9588, 4.3986 ], [ 9.9784, 4.3642 ], [ 9.9952, 4.3536 ], [ 9.995, 4.3158 ], [ 9.9648, 4.3044 ], [ 9.964, 4.2962 ], [ 9.9554, 4.2972 ], [ 9.9124, 4.2512 ], [ 9.8838, 4.252 ], [ 9.8686, 4.234 ], [ 9.8446, 4.224 ], [ 9.8338, 4.2256 ], [ 9.8182, 4.2426 ], [ 9.8042, 4.2232 ], [ 9.7584, 4.2222 ], [ 9.735, 4.2494 ], [ 9.7202, 4.2482 ], [ 9.7224, 4.2634 ], [ 9.6598, 4.232 ], [ 9.64, 4.2102 ], [ 9.602, 4.227 ], [ 9.5932, 4.22 ], [ 9.5686, 4.2182 ], [ 9.559, 4.2048 ], [ 9.5298, 4.1946 ], [ 9.5274, 4.209 ], [ 9.5178, 4.2152 ], [ 9.5298, 4.2826 ], [ 9.5266, 4.3292 ], [ 9.5538, 4.3566 ], [ 9.5922, 4.3718 ], [ 9.5898, 4.3788 ], [ 9.5992, 4.3866 ], [ 9.6396, 4.3994 ], [ 9.6656, 4.4256 ], [ 9.663, 4.4816 ], [ 9.6906, 4.4812 ], [ 9.707, 4.4648 ], [ 9.7362, 4.4682 ], [ 9.7744, 4.4396 ], [ 9.788, 4.448 ] ] ] } },
{ "type": "Feature", "properties": { "district": "Abong Mbang", "region": "Est" }, "geometry": { "type": "Polygon", "coordinates": [ [ [ 13.56, 3.9284 ], [ 13.6072, 3.9192 ], [ 13.6226, 3.9078 ], [ 13.6534, 3.9054 ], [ 13.6678, 3.8872 ], [ 13.6934, 3.881 ], [ 13.7482, 3.8918 ], [ 13.7606, 3.8882 ], [ 13.798, 3.8568 ], [ 13.8072, 3.8358 ], [ 13.857, 3.8312 ], [ 13.8674, 3.8172 ], [ 13.8746, 3.8208 ], [ 13.9044, 3.8072 ], [ 13.9282, 3.7766 ], [ 13.924, 3.7622 ], [ 13.93, 3.7596 ], [ 13.9304, 3.7356 ], [ 13.9424, 3.7192 ], [ 13.9538, 3.7118 ], [ 13.9638, 3.7166 ], [ 13.9682, 3.7098 ], [ 13.985, 3.7314 ], [ 13.9924, 3.7672 ], [ 14.0238, 3.7638 ], [ 14.0234, 3.7812 ], [ 14.0456, 3.7814 ], [ 14.0772, 3.8058 ], [ 14.0952, 3.8068 ], [ 14.1304, 3.8244 ], [ 14.1288, 3.7912 ], [ 14.1722, 3.7822 ], [ 14.18, 3.7664 ], [ 14.1904, 3.7706 ], [ 14.192, 3.7804 ], [ 14.2258, 3.7736 ], [ 14.259, 3.7782 ], [ 14.2696, 3.7864 ], [ 14.2922, 3.8308 ], [ 14.3154, 3.8462 ], [ 14.3528, 3.7776 ], [ 14.3654, 3.7748 ], [ 14.368, 3.7666 ], [ 14.3858, 3.7654 ], [ 14.3922, 3.7564 ], [ 14.4008, 3.761 ], [ 14.411, 3.7474 ], [ 14.4212, 3.7494 ], [ 14.434, 3.74 ], [ 14.4162, 3.7186 ], [ 14.4374, 3.691 ], [ 14.438, 3.654 ], [ 14.4596, 3.6332 ], [ 14.4818, 3.591 ], [ 14.4742, 3.5368 ], [ 14.5026, 3.4828 ], [ 14.5026, 3.453 ], [ 14.5104, 3.4354 ], [ 14.4926, 3.4342 ], [ 14.4874, 3.4414 ], [ 14.4686, 3.4436 ], [ 14.453, 3.434 ], [ 14.442, 3.4542 ], [ 14.4546, 3.469 ], [ 14.4488, 3.4774 ], [ 14.4274, 3.4782 ], [ 14.3816, 3.4578 ], [ 14.3676, 3.4614 ], [ 14.3398, 3.487 ], [ 14.2958, 3.5012 ], [ 14.2912, 3.4936 ], [ 14.2432, 3.4824 ], [ 14.2302, 3.447 ], [ 14.1646, 3.43 ], [ 14.1434, 3.438 ], [ 14.1192, 3.4366 ], [ 14.1014, 3.4142 ], [ 14.0976, 3.4346 ], [ 14.063, 3.4736 ], [ 13.9762, 3.4748 ], [ 13.925, 3.4932 ], [ 13.9042, 3.5266 ], [ 13.8446, 3.5188 ], [ 13.8, 3.4938 ], [ 13.7452, 3.494 ], [ 13.7144, 3.5114 ], [ 13.6944, 3.4938 ], [ 13.64, 3.521 ], [ 13.613, 3.5158 ], [ 13.5868, 3.5232 ], [ 13.5378, 3.5014 ], [ 13.527, 3.478 ], [ 13.5222, 3.433 ], [ 13.5428, 3.4464 ], [ 13.554, 3.446 ], [ 13.56, 3.4296 ], [ 13.5496, 3.4082 ], [ 13.5216, 3.4258 ], [ 13.496, 3.421 ], [ 13.4858, 3.426 ], [ 13.4766, 3.4198 ], [ 13.4604, 3.4248 ], [ 13.443, 3.4146 ], [ 13.3982, 3.422 ], [ 13.3612, 3.4096 ], [ 13.3494, 3.4248 ], [ 13.3258, 3.4192 ], [ 13.2334, 3.4244 ], [ 13.19, 3.4062 ], [ 13.1722, 3.4268 ], [ 13.1698, 3.4616 ], [ 13.1588, 3.4824 ], [ 13.1744, 3.5926 ], [ 13.1594, 3.6056 ], [ 13.163, 3.6208 ], [ 13.1552, 3.6338 ], [ 13.1214, 3.649 ], [ 13.1134, 3.66 ], [ 13.1334, 3.6578 ], [ 13.153, 3.6658 ], [ 13.1486, 3.692 ], [ 13.1576, 3.7358 ], [ 13.1488, 3.7502 ], [ 13.1314, 3.7548 ], [ 13.1318, 3.7836 ], [ 13.1386, 3.7952 ], [ 13.1236, 3.8016 ], [ 13.1058, 3.7984 ], [ 13.0712, 3.8176 ], [ 13.0368, 3.8072 ], [ 12.9924, 3.809 ], [ 12.958, 3.7914 ], [ 12.9396, 3.8018 ], [ 12.9648, 3.8232 ], [ 12.9808, 3.828 ], [ 13.0026, 3.8618 ], [ 12.953, 3.8686 ], [ 12.9048, 3.9116 ], [ 12.8688, 3.9228 ], [ 12.8722, 3.9094 ], [ 12.862, 3.8776 ], [ 12.8336, 3.8766 ], [ 12.8044, 3.923 ], [ 12.7846, 3.9304 ], [ 12.7526, 3.9618 ], [ 12.7346, 3.9546 ], [ 12.7278, 3.9614 ], [ 12.7252, 3.9452 ], [ 12.6902, 3.9388 ], [ 12.6822, 3.9164 ], [ 12.6846, 3.8846 ], [ 12.675, 3.8782 ], [ 12.675, 3.8688 ], [ 12.6594, 3.8706 ], [ 12.6518, 3.8468 ], [ 12.634, 3.8422 ], [ 12.618, 3.808 ], [ 12.6006, 3.8246 ], [ 12.5832, 3.8302 ], [ 12.5704, 3.8504 ], [ 12.5198, 3.8236 ], [ 12.5018, 3.8782 ], [ 12.5042, 3.886 ], [ 12.52, 3.8794 ], [ 12.5344, 3.8862 ], [ 12.5376, 3.8974 ], [ 12.5546, 3.9072 ], [ 12.5474, 3.9162 ], [ 12.5566, 3.927 ], [ 12.5712, 3.919 ], [ 12.5802, 3.93 ], [ 12.6132, 3.9308 ], [ 12.6364, 3.9474 ], [ 12.655, 3.9398 ], [ 12.6826, 3.9782 ], [ 12.7494, 4.0238 ], [ 12.7724, 4.0534 ], [ 12.7834, 4.0542 ], [ 12.7982, 4.0676 ], [ 12.7834, 4.0802 ], [ 12.7914, 4.0984 ], [ 12.8064, 4.109 ], [ 12.8176, 4.15 ], [ 12.8446, 4.1632 ], [ 12.84, 4.1284 ], [ 12.8556, 4.118 ], [ 12.9244, 4.1518 ], [ 12.9716, 4.1562 ], [ 13.013, 4.1946 ], [ 13.0716, 4.1532 ], [ 13.1018, 4.1066 ], [ 13.1002, 4.0876 ], [ 13.1386, 4.065 ], [ 13.1004, 4.0312 ], [ 13.1218, 4.0114 ], [ 13.154, 4.007 ], [ 13.1862, 3.9874 ], [ 13.204, 3.9976 ], [ 13.3068, 3.9786 ], [ 13.3538, 3.941 ], [ 13.387, 3.9038 ], [ 13.4628, 3.8678 ], [ 13.4756, 3.8772 ], [ 13.5088, 3.8604 ], [ 13.5188, 3.8804 ], [ 13.523, 3.9168 ], [ 13.547, 3.9122 ], [ 13.56, 3.9284 ] ] ] } },
{ "type": "Feature", "properties": { "district": "Ako", "region": "Nord-Ouest" }, "geometry": { "type": "Polygon", "coordinates": [ [ [ 10.5366, 6.837 ], [ 10.5148, 6.8346 ], [ 10.489, 6.842 ], [ 10.49, 6.8314 ], [ 10.4714, 6.8318 ], [ 10.4708, 6.8198 ], [ 10.4478, 6.8444 ], [ 10.4222, 6.844 ], [ 10.396, 6.8626 ], [ 10.3944, 6.8974 ], [ 10.3848, 6.9008 ], [ 10.3938, 6.9172 ], [ 10.4014, 6.9064 ], [ 10.4132, 6.9078 ], [ 10.425, 6.8992 ], [ 10.4694, 6.9122 ], [ 10.4904, 6.8988 ], [ 10.4952, 6.9144 ], [ 10.5296, 6.9254 ], [ 10.5334, 6.9374 ], [ 10.541, 6.9386 ], [ 10.561, 7.0362 ], [ 10.5592, 7.0852 ], [ 10.5642, 7.0856 ], [ 10.5712, 7.1622 ], [ 10.5986, 7.14 ], [ 10.6058, 7.105 ], [ 10.5956, 7.0768 ], [ 10.6248, 7.0492 ], [ 10.653, 7.0424 ], [ 10.658, 7.0512 ], [ 10.6786, 7.0396 ], [ 10.6834, 7.0162 ], [ 10.7006, 7.013 ], [ 10.7198, 6.9888 ], [ 10.7378, 6.989 ], [ 10.7474, 6.9696 ], [ 10.7652, 6.9556 ], [ 10.7796, 6.9672 ], [ 10.8382, 6.9382 ], [ 10.8404, 6.9232 ], [ 10.8142, 6.8546 ], [ 10.8372, 6.812 ], [ 10.8592, 6.807 ], [ 10.8418, 6.7946 ], [ 10.827, 6.7956 ], [ 10.826, 6.7864 ], [ 10.8432, 6.7656 ], [ 10.819, 6.7324 ], [ 10.8054, 6.6978 ], [ 10.78, 6.6958 ], [ 10.764, 6.7072 ], [ 10.7502, 6.6992 ], [ 10.762, 6.686 ], [ 10.7572, 6.677 ], [ 10.736, 6.6872 ], [ 10.7018, 6.6674 ], [ 10.6974, 6.6758 ], [ 10.6764, 6.68 ], [ 10.672, 6.6776 ], [ 10.6834, 6.6564 ], [ 10.6806, 6.6438 ], [ 10.6568, 6.6412 ], [ 10.638, 6.654 ], [ 10.629, 6.6742 ], [ 10.6146, 6.6846 ], [ 10.6214, 6.6976 ], [ 10.6434, 6.702 ], [ 10.6464, 6.7102 ], [ 10.627, 6.723 ], [ 10.628, 6.7366 ], [ 10.6048, 6.7352 ], [ 10.5874, 6.75 ], [ 10.5916, 6.7636 ], [ 10.5832, 6.8002 ], [ 10.5946, 6.821 ], [ 10.5754, 6.8268 ], [ 10.5584, 6.8214 ], [ 10.5406, 6.8264 ], [ 10.5366, 6.837 ] ] ] } },
{ "type": "Feature", "properties": { "district": "Akonolinga", "region": "Centre" }, "geometry": { "type": "Polygon", "coordinates": [ [ [ 12.3976, 4.2686 ], [ 12.429, 4.2498 ], [ 12.4166, 4.2064 ], [ 12.3796, 4.1872 ], [ 12.3416, 4.1474 ], [ 12.3274, 4.0914 ], [ 12.261, 4.0366 ], [ 12.2622, 4.0012 ], [ 12.2786, 3.9732 ], [ 12.2748, 3.949 ], [ 12.2828, 3.9244 ], [ 12.2708, 3.9182 ], [ 12.2754, 3.8824 ], [ 12.268, 3.8752 ], [ 12.2888, 3.8614 ], [ 12.3268, 3.8704 ], [ 12.3368, 3.8578 ], [ 12.3492, 3.8628 ], [ 12.3718, 3.848 ], [ 12.4154, 3.8576 ], [ 12.4196, 3.8524 ], [ 12.411, 3.8458 ], [ 12.423, 3.8316 ], [ 12.434, 3.84 ], [ 12.45, 3.8352 ], [ 12.4544, 3.8662 ], [ 12.4736, 3.8654 ], [ 12.5022, 3.8774 ], [ 12.5214, 3.813 ], [ 12.5512, 3.7942 ], [ 12.5484, 3.7748 ], [ 12.5722, 3.7556 ], [ 12.5928, 3.757 ], [ 12.5932, 3.7356 ], [ 12.5796, 3.7228 ], [ 12.6002, 3.6826 ], [ 12.6144, 3.6716 ], [ 12.613, 3.6284 ], [ 12.5744, 3.6068 ], [ 12.5848, 3.5964 ], [ 12.5584, 3.5656 ], [ 12.5556, 3.5464 ], [ 12.5254, 3.5644 ], [ 12.5278, 3.627 ], [ 12.5008, 3.6808 ], [ 12.4776, 3.6716 ], [ 12.4562, 3.6766 ], [ 12.4462, 3.666 ], [ 12.449, 3.6534 ], [ 12.4392, 3.6522 ], [ 12.4352, 3.6048 ], [ 12.4186, 3.604 ], [ 12.399, 3.5666 ], [ 12.37, 3.5646 ], [ 12.3472, 3.5386 ], [ 12.339, 3.5468 ], [ 12.3314, 3.5384 ], [ 12.306, 3.5374 ], [ 12.2942, 3.5226 ], [ 12.2924, 3.4776 ], [ 12.2696, 3.4938 ], [ 12.2558, 3.4796 ], [ 12.2542, 3.4514 ], [ 12.2436, 3.4416 ], [ 12.2496, 3.4288 ], [ 12.2258, 3.4162 ], [ 12.2348, 3.3926 ], [ 12.2184, 3.3992 ], [ 12.2136, 3.3922 ], [ 12.2298, 3.3582 ], [ 12.2132, 3.3314 ], [ 12.2166, 3.3204 ], [ 12.2042, 3.3172 ], [ 12.2032, 3.3068 ], [ 12.1946, 3.3142 ], [ 12.1904, 3.305 ], [ 12.1854, 3.3112 ], [ 12.1902, 3.3272 ], [ 12.177, 3.317 ], [ 12.1552, 3.3244 ], [ 12.1504, 3.3154 ], [ 12.163, 3.3102 ], [ 12.147, 3.3054 ], [ 12.1488, 3.2908 ], [ 12.1382, 3.2876 ], [ 12.1226, 3.2992 ], [ 12.1316, 3.305 ], [ 12.1248, 3.31 ], [ 12.1386, 3.3248 ], [ 12.1336, 3.3616 ], [ 11.994, 3.4068 ], [ 11.9824, 3.4188 ], [ 11.9806, 3.4344 ], [ 11.9498, 3.4526 ], [ 11.9418, 3.4414 ], [ 11.9256, 3.4442 ], [ 11.9218, 3.4554 ], [ 11.8924, 3.4738 ], [ 11.8952, 3.5052 ], [ 11.8596, 3.5002 ], [ 11.8534, 3.5098 ], [ 11.795, 3.5092 ], [ 11.7894, 3.5228 ], [ 11.7924, 3.5466 ], [ 11.8066, 3.544 ], [ 11.8122, 3.5204 ], [ 11.8264, 3.5272 ], [ 11.828, 3.5498 ], [ 11.845, 3.5602 ], [ 11.8444, 3.5672 ], [ 11.8594, 3.572 ], [ 11.8718, 3.5642 ], [ 11.9048, 3.5614 ], [ 11.9078, 3.5474 ], [ 11.8992, 3.5376 ], [ 11.9162, 3.5344 ], [ 11.9206, 3.557 ], [ 11.9368, 3.5728 ], [ 11.9574, 3.6156 ], [ 11.9482, 3.6416 ], [ 11.9798, 3.6516 ], [ 11.9954, 3.6728 ], [ 12.009, 3.6732 ], [ 12.0062, 3.6874 ], [ 11.9874, 3.6904 ], [ 11.9812, 3.6984 ], [ 11.9692, 3.7774 ], [ 11.9612, 3.7794 ], [ 11.9598, 3.796 ], [ 11.9832, 3.811 ], [ 11.9888, 3.823 ], [ 12.012, 3.8324 ], [ 12.0274, 3.8606 ], [ 12.0386, 3.8678 ], [ 12.037, 3.8842 ], [ 12.0258, 3.886 ], [ 12.0142, 3.901 ], [ 12.0136, 3.9238 ], [ 12.0074, 3.9274 ], [ 12.0192, 3.9432 ], [ 12.0198, 3.9572 ], [ 12.064, 3.9766 ], [ 12.098, 3.982 ], [ 12.1068, 3.997 ], [ 12.1282, 3.9916 ], [ 12.1324, 4.0248 ], [ 12.1096, 4.0436 ], [ 12.119, 4.0672 ], [ 12.1098, 4.0992 ], [ 12.1656, 4.0956 ], [ 12.1936, 4.0814 ], [ 12.206, 4.0936 ], [ 12.2158, 4.0888 ], [ 12.206, 4.114 ], [ 12.2166, 4.1192 ], [ 12.2302, 4.146 ], [ 12.2782, 4.1568 ], [ 12.3008, 4.1474 ], [ 12.3012, 4.158 ], [ 12.319, 4.162 ], [ 12.3156, 4.208 ], [ 12.3326, 4.2154 ], [ 12.333, 4.2236 ], [ 12.355, 4.2392 ], [ 12.361, 4.2638 ], [ 12.3538, 4.2682 ], [ 12.3976, 4.2686 ] ] ] } },
{ "type": "Feature", "properties": { "district": "Akwaya", "region": "Sud-Ouest" }, "geometry": { "type": "Polygon", "coordinates": [ [ [ 9.6434, 6.0468 ], [ 9.6276, 6.0464 ], [ 9.624, 6.0348 ], [ 9.6092, 6.024 ], [ 9.6046, 5.9872 ], [ 9.5726, 5.988 ], [ 9.5652, 5.9586 ], [ 9.5484, 5.954 ], [ 9.5322, 5.9828 ], [ 9.5192, 5.9898 ], [ 9.4816, 5.9328 ], [ 9.46, 5.927 ], [ 9.4232, 5.9584 ], [ 9.4298, 5.9606 ], [ 9.431, 5.9866 ], [ 9.447, 6.0088 ], [ 9.4508, 6.0314 ], [ 9.4466, 6.0664 ], [ 9.4312, 6.084 ], [ 9.3908, 6.1244 ], [ 9.2828, 6.1524 ], [ 9.2576, 6.1456 ], [ 9.2222, 6.1706 ], [ 9.2656, 6.1842 ], [ 9.3082, 6.2628 ], [ 9.3256, 6.2814 ], [ 9.3218, 6.2882 ], [ 9.3346, 6.2922 ], [ 9.3346, 6.3202 ], [ 9.344, 6.33 ], [ 9.3448, 6.3524 ], [ 9.4326, 6.3154 ], [ 9.4654, 6.4546 ], [ 9.519, 6.4408 ], [ 9.5674, 6.4578 ], [ 9.5752, 6.4664 ], [ 9.585, 6.4636 ], [ 9.5828, 6.4932 ], [ 9.5968, 6.5296 ], [ 9.6336, 6.5186 ], [ 9.6502, 6.5244 ], [ 9.6506, 6.5306 ], [ 9.6656, 6.51 ], [ 9.7034, 6.5128 ], [ 9.7068, 6.5002 ], [ 9.7414, 6.4866 ], [ 9.7346, 6.4318 ], [ 9.776, 6.4 ], [ 9.7706, 6.3838 ], [ 9.816, 6.3588 ], [ 9.818, 6.3288 ], [ 9.8242, 6.327 ], [ 9.8192, 6.3146 ], [ 9.7912, 6.3062 ], [ 9.789, 6.2956 ], [ 9.7724, 6.294 ], [ 9.7528, 6.2806 ], [ 9.7638, 6.2554 ], [ 9.7572, 6.2336 ], [ 9.7698, 6.1976 ], [ 9.7618, 6.1892 ], [ 9.7618, 6.171 ], [ 9.7688, 6.159 ], [ 9.7902, 6.16 ], [ 9.7728, 6.1386 ], [ 9.7828, 6.1272 ], [ 9.734, 6.1168 ], [ 9.723, 6.0854 ], [ 9.6976, 6.0826 ], [ 9.6708, 6.0616 ], [ 9.6482, 6.0572 ], [ 9.6434, 6.0468 ] ] ] } },
{ "type": "Feature", "properties": { "district": "Ambam", "region": "Sud" }, "geometry": { "type": "Polygon", "coordinates": [ [ [ 11.4392, 2.3 ], [ 11.3342, 2.2934 ], [ 11.3114, 2.3068 ], [ 11.2902, 2.2938 ], [ 11.2766, 2.2984 ], [ 11.2566, 2.287 ], [ 11.2332, 2.2848 ], [ 11.1996, 2.2968 ], [ 11.186, 2.2912 ], [ 11.1568, 2.2944 ], [ 11.1412, 2.2746 ], [ 11.0868, 2.2866 ], [ 11.0806, 2.2844 ], [ 11.0808, 2.2728 ], [ 11.0504, 2.2844 ], [ 11.047, 2.2752 ], [ 11.031, 2.279 ], [ 10.9672, 2.2366 ], [ 10.9274, 2.2374 ], [ 10.8998, 2.223 ], [ 10.8922, 2.229 ], [ 10.8736, 2.2278 ], [ 10.835, 2.209 ], [ 10.8114, 2.2064 ], [ 10.7592, 2.2454 ], [ 10.753, 2.2228 ], [ 10.7182, 2.2164 ], [ 10.7024, 2.222 ], [ 10.7008, 2.232 ], [ 10.6668, 2.2218 ], [ 10.626, 2.2316 ], [ 10.6164, 2.215 ], [ 10.6292, 2.1724 ], [ 10.1892, 2.1744 ], [ 10.2032, 2.2238 ], [ 10.246, 2.264 ], [ 10.2716, 2.3062 ], [ 10.3348, 2.356 ], [ 10.3644, 2.3954 ], [ 10.3624, 2.408 ], [ 10.3726, 2.4246 ], [ 10.3862, 2.4184 ], [ 10.3822, 2.4312 ], [ 10.393, 2.4668 ], [ 10.4122, 2.4698 ], [ 10.4128, 2.4794 ], [ 10.4326, 2.4886 ], [ 10.4348, 2.5018 ], [ 10.4516, 2.5222 ], [ 10.4862, 2.5418 ], [ 10.4838, 2.5502 ], [ 10.4942, 2.558 ], [ 10.4894, 2.5728 ], [ 10.5016, 2.5646 ], [ 10.54, 2.5926 ], [ 10.5706, 2.6536 ], [ 10.5816, 2.703 ], [ 10.5888, 2.7104 ], [ 10.6082, 2.7122 ], [ 10.6558, 2.7078 ], [ 10.6646, 2.7222 ], [ 10.6692, 2.7554 ], [ 10.698, 2.7518 ], [ 10.707, 2.761 ], [ 10.712, 2.7956 ], [ 10.7068, 2.8128 ], [ 10.7298, 2.8178 ], [ 10.7418, 2.8116 ], [ 10.7672, 2.825 ], [ 10.8014, 2.799 ], [ 10.8514, 2.8124 ], [ 10.868, 2.7798 ], [ 10.874, 2.779 ], [ 10.8956, 2.7984 ], [ 10.9276, 2.8028 ], [ 10.9576, 2.7778 ], [ 10.9706, 2.794 ], [ 11.0128, 2.8044 ], [ 11.0142, 2.7964 ], [ 11.0566, 2.7696 ], [ 11.0496, 2.7444 ], [ 11.0658, 2.724 ], [ 11.092, 2.7104 ], [ 11.114, 2.6812 ], [ 11.1282, 2.6782 ], [ 11.1498, 2.6566 ], [ 11.178, 2.6742 ], [ 11.1824, 2.6608 ], [ 11.2006, 2.6512 ], [ 11.2042, 2.5884 ], [ 11.211, 2.5736 ], [ 11.297, 2.564 ], [ 11.3068, 2.5828 ], [ 11.3268, 2.5866 ], [ 11.3402, 2.6114 ], [ 11.3424, 2.632 ], [ 11.3716, 2.6074 ], [ 11.3856, 2.6078 ], [ 11.4232, 2.5882 ], [ 11.4352, 2.5918 ], [ 11.4668, 2.5724 ], [ 11.473, 2.5518 ], [ 11.509, 2.5356 ], [ 11.5552, 2.4898 ], [ 11.5948, 2.4796 ], [ 11.6714, 2.4216 ], [ 11.6934, 2.4122 ], [ 11.6654, 2.3482 ], [ 11.6704, 2.3234 ], [ 11.6504, 2.315 ], [ 11.6482, 2.305 ], [ 11.6254, 2.307 ], [ 11.6108, 2.2958 ], [ 11.6022, 2.3068 ], [ 11.5656, 2.3094 ], [ 11.5492, 2.2972 ], [ 11.5346, 2.2964 ], [ 11.5224, 2.3046 ], [ 11.4894, 2.2944 ], [ 11.4754, 2.3028 ], [ 11.4566, 2.303 ], [ 11.4522, 2.2904 ], [ 11.444, 2.2908 ], [ 11.4392, 2.3 ] ] ] } },
{ "type": "Feature", "properties": { "district": "Awae", "region": "Centre" }, "geometry": { "type": "Polygon", "coordinates": [ [ [ 12.0716, 4.0988 ], [ 12.1098, 4.0992 ], [ 12.119, 4.0672 ], [ 12.1096, 4.0436 ], [ 12.1322, 4.0258 ], [ 12.129, 3.9934 ], [ 12.1248, 3.989 ], [ 12.1068, 3.997 ], [ 12.098, 3.982 ], [ 12.064, 3.9766 ], [ 12.019, 3.9558 ], [ 12.0192, 3.9432 ], [ 12.0074, 3.9274 ], [ 12.0136, 3.9238 ], [ 12.0142, 3.901 ], [ 12.0258, 3.886 ], [ 12.037, 3.8842 ], [ 12.0386, 3.8678 ], [ 12.0274, 3.8606 ], [ 12.012, 3.8324 ], [ 11.9888, 3.823 ], [ 11.9832, 3.811 ], [ 11.9598, 3.796 ], [ 11.9612, 3.7794 ], [ 11.9692, 3.7774 ], [ 11.975, 3.7236 ], [ 11.962, 3.7208 ], [ 11.9652, 3.7356 ], [ 11.9456, 3.759 ], [ 11.9468, 3.7718 ], [ 11.9126, 3.8066 ], [ 11.9098, 3.8212 ], [ 11.8784, 3.832 ], [ 11.8472, 3.825 ], [ 11.8382, 3.8402 ], [ 11.8296, 3.8414 ], [ 11.8266, 3.834 ], [ 11.8094, 3.8462 ], [ 11.7704, 3.833 ], [ 11.7492, 3.8334 ], [ 11.7326, 3.8392 ], [ 11.7212, 3.856 ], [ 11.709, 3.8472 ], [ 11.6876, 3.8654 ], [ 11.6786, 3.8624 ], [ 11.6468, 3.8762 ], [ 11.6512, 3.8852 ], [ 11.6638, 3.8804 ], [ 11.6538, 3.9 ], [ 11.6674, 3.8974 ], [ 11.6814, 3.935 ], [ 11.665, 3.9436 ], [ 11.6506, 3.939 ], [ 11.6432, 3.983 ], [ 11.6504, 3.9888 ], [ 11.666, 3.974 ], [ 11.6676, 3.985 ], [ 11.6776, 3.9878 ], [ 11.6746, 4.0046 ], [ 11.69, 4.027 ], [ 11.7036, 4.0184 ], [ 11.72, 4.0222 ], [ 11.7366, 3.9994 ], [ 11.732, 3.9944 ], [ 11.7448, 3.9884 ], [ 11.7432, 3.9732 ], [ 11.7638, 3.9564 ], [ 11.772, 3.9732 ], [ 11.783, 3.9714 ], [ 11.7918, 3.9846 ], [ 11.8006, 3.9826 ], [ 11.8062, 3.9948 ], [ 11.826, 3.9998 ], [ 11.8276, 4.0096 ], [ 11.8406, 4.0 ], [ 11.8484, 4.0038 ], [ 11.854, 3.9876 ], [ 11.8748, 3.999 ], [ 11.8858, 3.9744 ], [ 11.8972, 3.9922 ], [ 11.9096, 3.9864 ], [ 11.9556, 3.9902 ], [ 12.0056, 4.0028 ], [ 12.0146, 3.9924 ], [ 12.0262, 4.0002 ], [ 12.0502, 3.9992 ], [ 12.066, 4.0178 ], [ 12.0484, 4.0278 ], [ 12.035, 4.0236 ], [ 12.0228, 4.0304 ], [ 12.021, 4.0512 ], [ 12.01, 4.0638 ], [ 12.0304, 4.055 ], [ 12.0584, 4.0572 ], [ 12.0742, 4.0748 ], [ 12.0716, 4.0988 ] ] ] } },
{ "type": "Feature", "properties": { "district": "Ayos", "region": "Centre" }, "geometry": { "type": "Polygon", "coordinates": [ [ [ 12.8098, 4.3418 ], [ 12.8174, 4.3224 ], [ 12.798, 4.3094 ], [ 12.7822, 4.3128 ], [ 12.7784, 4.3046 ], [ 12.7946, 4.3002 ], [ 12.8028, 4.2634 ], [ 12.7854, 4.2684 ], [ 12.7758, 4.2636 ], [ 12.7554, 4.2316 ], [ 12.7774, 4.2166 ], [ 12.7896, 4.1772 ], [ 12.7488, 4.1324 ], [ 12.7586, 4.075 ], [ 12.788, 4.0806 ], [ 12.8002, 4.0708 ], [ 12.789, 4.0576 ], [ 12.7724, 4.0534 ], [ 12.7494, 4.0238 ], [ 12.6826, 3.9782 ], [ 12.655, 3.9398 ], [ 12.6364, 3.9474 ], [ 12.6132, 3.9308 ], [ 12.5802, 3.93 ], [ 12.5712, 3.919 ], [ 12.5566, 3.927 ], [ 12.5474, 3.9162 ], [ 12.5546, 3.9072 ], [ 12.5376, 3.8974 ], [ 12.5344, 3.8862 ], [ 12.52, 3.8794 ], [ 12.5042, 3.886 ], [ 12.5022, 3.8774 ], [ 12.4792, 3.8672 ], [ 12.4544, 3.8662 ], [ 12.4494, 3.8346 ], [ 12.434, 3.84 ], [ 12.42, 3.8326 ], [ 12.411, 3.8458 ], [ 12.4196, 3.8524 ], [ 12.4146, 3.8578 ], [ 12.3718, 3.848 ], [ 12.3492, 3.8628 ], [ 12.3368, 3.8578 ], [ 12.3268, 3.8704 ], [ 12.2916, 3.8614 ], [ 12.2712, 3.869 ], [ 12.2708, 3.9182 ], [ 12.2828, 3.9244 ], [ 12.2748, 3.949 ], [ 12.2786, 3.9732 ], [ 12.2622, 4.0012 ], [ 12.261, 4.0366 ], [ 12.3274, 4.0914 ], [ 12.3416, 4.1474 ], [ 12.3796, 4.1872 ], [ 12.4166, 4.2064 ], [ 12.429, 4.2498 ], [ 12.3976, 4.2686 ], [ 12.4044, 4.2896 ], [ 12.4508, 4.3164 ], [ 12.4468, 4.3406 ], [ 12.5338, 4.3966 ], [ 12.5592, 4.3638 ], [ 12.5708, 4.3586 ], [ 12.5892, 4.3558 ], [ 12.6136, 4.3674 ], [ 12.6356, 4.356 ], [ 12.656, 4.355 ], [ 12.6438, 4.331 ], [ 12.6464, 4.298 ], [ 12.7032, 4.3626 ], [ 12.728, 4.347 ], [ 12.7562, 4.3474 ], [ 12.7612, 4.3326 ], [ 12.8098, 4.3418 ] ] ] } },
{ "type": "Feature", "properties": { "district": "Bafang", "region": "Ouest" }, "geometry": { "type": "Polygon", "coordinates": [ [ [ 10.118, 5.096 ], [ 10.118, 5.1278 ], [ 10.1318, 5.1362 ], [ 10.121, 5.1556 ], [ 10.112, 5.1584 ], [ 10.1182, 5.1752 ], [ 10.1118, 5.1752 ], [ 10.1094, 5.1842 ], [ 10.1148, 5.203 ], [ 10.1348, 5.226 ], [ 10.1904, 5.2578 ], [ 10.223, 5.2434 ], [ 10.2122, 5.2154 ], [ 10.2592, 5.2086 ], [ 10.255, 5.1948 ], [ 10.2614, 5.1814 ], [ 10.303, 5.1804 ], [ 10.3666, 5.1276 ], [ 10.377, 5.111 ], [ 10.3688, 5.0588 ], [ 10.3354, 5.0696 ], [ 10.3042, 5.069 ], [ 10.2896, 5.0618 ], [ 10.2578, 5.0688 ], [ 10.2418, 5.0644 ], [ 10.2394, 5.0442 ], [ 10.1992, 5.0304 ], [ 10.2026, 5.0108 ], [ 10.194, 4.9982 ], [ 10.1748, 4.9972 ], [ 10.159, 4.977 ], [ 10.1034, 4.991 ], [ 10.1062, 4.9828 ], [ 10.0954, 4.9704 ], [ 10.1008, 4.961 ], [ 10.0744, 4.9864 ], [ 10.0644, 5.0192 ], [ 10.0698, 5.0264 ], [ 10.0842, 5.0246 ], [ 10.097, 5.0642 ], [ 10.1304, 5.0696 ], [ 10.1254, 5.0942 ], [ 10.118, 5.096 ] ] ] } },
{ "type": "Feature", "properties": { "district": "Bafia", "region": "Centre" }, "geometry": { "type": "Polygon", "coordinates": [ [ [ 11.0768, 4.2332 ], [ 11.0656, 4.245 ], [ 11.044, 4.2486 ], [ 11.035, 4.2622 ], [ 11.039, 4.2738 ], [ 11.0182, 4.283 ], [ 11.012, 4.3078 ], [ 10.9984, 4.3084 ], [ 10.9972, 4.3166 ], [ 10.9714, 4.3384 ], [ 10.977, 4.3592 ], [ 10.9692, 4.3788 ], [ 10.9468, 4.3814 ], [ 10.9352, 4.4096 ], [ 10.9402, 4.421 ], [ 10.9198, 4.4362 ], [ 10.9254, 4.4584 ], [ 10.9088, 4.478 ], [ 10.8916, 4.4794 ], [ 10.8936, 4.501 ], [ 10.909, 4.5122 ], [ 10.914, 4.5346 ], [ 10.9302, 4.524 ], [ 10.9936, 4.5334 ], [ 11.041, 4.5274 ], [ 11.0234, 4.552 ], [ 11.0226, 4.5674 ], [ 11.038, 4.5998 ], [ 11.0292, 4.6 ], [ 11.0274, 4.6154 ], [ 11.0172, 4.6184 ], [ 11.0088, 4.635 ], [ 11.017, 4.6754 ], [ 11.0008, 4.6968 ], [ 11.0064, 4.7114 ], [ 10.9832, 4.7196 ], [ 10.9896, 4.738 ], [ 10.9848, 4.7606 ], [ 11.0038, 4.7718 ], [ 10.9926, 4.7822 ], [ 10.9928, 4.793 ], [ 10.9994, 4.7904 ], [ 11.0034, 4.797 ], [ 11.0034, 4.8198 ], [ 10.9698, 4.8066 ], [ 10.9562, 4.8296 ], [ 10.9612, 4.8538 ], [ 10.9888, 4.8884 ], [ 10.9854, 4.8934 ], [ 10.9962, 4.9126 ], [ 10.9414, 4.9248 ], [ 10.9404, 4.9412 ], [ 10.9622, 4.9706 ], [ 10.931, 5.001 ], [ 10.9452, 5.0068 ], [ 10.9602, 5.032 ], [ 10.97, 5.0366 ], [ 10.9708, 5.0614 ], [ 10.9866, 5.0842 ], [ 10.998, 5.1586 ], [ 11.014, 5.1648 ], [ 11.0152, 5.1722 ], [ 11.0484, 5.1706 ], [ 11.0612, 5.1854 ], [ 11.0964, 5.1998 ], [ 11.1662, 5.1766 ], [ 11.1882, 5.1356 ], [ 11.231, 5.1034 ], [ 11.2492, 5.0594 ], [ 11.2882, 5.0208 ], [ 11.3342, 5.0336 ], [ 11.3452, 5.0232 ], [ 11.3536, 4.9948 ], [ 11.3334, 4.9766 ], [ 11.3352, 4.9392 ], [ 11.3228, 4.9288 ], [ 11.3488, 4.9186 ], [ 11.3372, 4.9048 ], [ 11.3368, 4.8772 ], [ 11.3214, 4.8458 ], [ 11.2962, 4.83 ], [ 11.297, 4.8206 ], [ 11.2526, 4.792 ], [ 11.2778, 4.7858 ], [ 11.2956, 4.791 ], [ 11.3186, 4.7832 ], [ 11.3266, 4.7598 ], [ 11.387, 4.7342 ], [ 11.3902, 4.7208 ], [ 11.38, 4.6878 ], [ 11.3828, 4.667 ], [ 11.3556, 4.681 ], [ 11.313, 4.6828 ], [ 11.3182, 4.658 ], [ 11.3376, 4.66 ], [ 11.3414, 4.6376 ], [ 11.3262, 4.6284 ], [ 11.3216, 4.6036 ], [ 11.3082, 4.5912 ], [ 11.3146, 4.5666 ], [ 11.2756, 4.5462 ], [ 11.2664, 4.5274 ], [ 11.29, 4.5054 ], [ 11.3194, 4.497 ], [ 11.3204, 4.4798 ], [ 11.3134, 4.4638 ], [ 11.285, 4.4364 ], [ 11.2798, 4.3934 ], [ 11.265, 4.3694 ], [ 11.23, 4.3466 ], [ 11.2236, 4.3088 ], [ 11.2058, 4.2836 ], [ 11.1402, 4.266 ], [ 11.139, 4.2544 ], [ 11.1222, 4.2354 ], [ 11.0976, 4.2308 ], [ 11.088, 4.239 ], [ 11.0768, 4.2332 ] ] ] } },
{ "type": "Feature", "properties": { "district": "Bafut", "region": "Nord-Ouest" }, "geometry": { "type": "Polygon", "coordinates": [ [ [ 10.0174, 6.3028 ], [ 10.0442, 6.278 ], [ 10.0398, 6.2654 ], [ 10.0492, 6.2602 ], [ 10.0468, 6.2464 ], [ 10.0548, 6.2502 ], [ 10.0606, 6.2276 ], [ 10.069, 6.23 ], [ 10.0752, 6.2242 ], [ 10.0692, 6.2204 ], [ 10.0768, 6.2234 ], [ 10.0744, 6.2188 ], [ 10.0868, 6.216 ], [ 10.0914, 6.1966 ], [ 10.1266, 6.1932 ], [ 10.1476, 6.2106 ], [ 10.1634, 6.2086 ], [ 10.17, 6.179 ], [ 10.1632, 6.1676 ], [ 10.176, 6.1608 ], [ 10.1842, 6.1438 ], [ 10.1748, 6.1184 ], [ 10.186, 6.1018 ], [ 10.1988, 6.1034 ], [ 10.1994, 6.09 ], [ 10.2204, 6.0922 ], [ 10.221, 6.081 ], [ 10.2308, 6.0766 ], [ 10.2396, 6.0584 ], [ 10.2116, 6.0372 ], [ 10.2102, 6.0256 ], [ 10.198, 6.0252 ], [ 10.1932, 6.015 ], [ 10.1658, 6.0186 ], [ 10.1536, 6.0134 ], [ 10.1534, 6.0236 ], [ 10.1246, 6.0372 ], [ 10.1222, 6.0486 ], [ 10.1096, 6.0508 ], [ 10.098, 6.0454 ], [ 10.047, 6.0482 ], [ 10.0372, 6.0388 ], [ 10.0338, 6.0776 ], [ 10.0388, 6.092 ], [ 10.048, 6.0968 ], [ 10.0208, 6.1096 ], [ 10.0168, 6.1314 ], [ 9.9998, 6.138 ], [ 9.9886, 6.1252 ], [ 9.981, 6.133 ], [ 9.9674, 6.1284 ], [ 9.9582, 6.139 ], [ 9.951, 6.1746 ], [ 9.9122, 6.1692 ], [ 9.9104, 6.1636 ], [ 9.9018, 6.1722 ], [ 9.9092, 6.2248 ], [ 9.9392, 6.2224 ], [ 9.9536, 6.2334 ], [ 9.9422, 6.2442 ], [ 9.941, 6.2464 ], [ 9.941, 6.2484 ], [ 9.9616, 6.2482 ], [ 9.9656, 6.2706 ], [ 9.9844, 6.2702 ], [ 9.99, 6.294 ], [ 10.0174, 6.3028 ] ] ] } },
{ "type": "Feature", "properties": { "district": "Baham", "region": "Ouest" }, "geometry": { "type": "Polygon", "coordinates": [ [ [ 10.2794, 5.2388 ], [ 10.262, 5.2638 ], [ 10.2526, 5.261 ], [ 10.2502, 5.28 ], [ 10.2396, 5.2838 ], [ 10.251, 5.2946 ], [ 10.244, 5.3018 ], [ 10.2516, 5.3214 ], [ 10.2812, 5.3374 ], [ 10.306, 5.339 ], [ 10.3104, 5.3484 ], [ 10.3232, 5.342 ], [ 10.3268, 5.3586 ], [ 10.358, 5.348 ], [ 10.369, 5.3574 ], [ 10.3776, 5.3442 ], [ 10.3836, 5.3492 ], [ 10.4084, 5.3376 ], [ 10.4128, 5.3412 ], [ 10.425, 5.3262 ], [ 10.4382, 5.3226 ], [ 10.4038, 5.2978 ], [ 10.3956, 5.2822 ], [ 10.3994, 5.2636 ], [ 10.4068, 5.2626 ], [ 10.4044, 5.2462 ], [ 10.4212, 5.2516 ], [ 10.4408, 5.2444 ], [ 10.4468, 5.2184 ], [ 10.4046, 5.1918 ], [ 10.399, 5.1734 ], [ 10.3884, 5.1786 ], [ 10.346, 5.1708 ], [ 10.33, 5.157 ], [ 10.325, 5.1656 ], [ 10.3444, 5.2002 ], [ 10.3374, 5.205 ], [ 10.3376, 5.2296 ], [ 10.3258, 5.2252 ], [ 10.3108, 5.2402 ], [ 10.3134, 5.2448 ], [ 10.294, 5.2496 ], [ 10.2794, 5.2388 ] ] ] } },
{ "type": "Feature", "properties": { "district": "Bakassi", "region": "Sud-Ouest" }, "geometry": { "type": "Polygon", "coordinates": [ [ [ 8.791, 4.8006 ], [ 8.7868, 4.7922 ], [ 8.7934, 4.78 ], [ 8.814, 4.7648 ], [ 8.8382, 4.723 ], [ 8.8164, 4.6332 ], [ 8.8358, 4.618 ], [ 8.8562, 4.5876 ], [ 8.8774, 4.5802 ], [ 8.8778, 4.5182 ], [ 8.8438, 4.5338 ], [ 8.8386, 4.5516 ], [ 8.833, 4.5496 ], [ 8.813, 4.5672 ], [ 8.7958, 4.5562 ], [ 8.797, 4.5462 ], [ 8.788, 4.538 ], [ 8.728, 4.5174 ], [ 8.7234, 4.4976 ], [ 8.697, 4.486 ], [ 8.5642, 4.4832 ], [ 8.5576, 4.487 ], [ 8.5766, 4.5136 ], [ 8.5754, 4.5238 ], [ 8.5356, 4.4942 ], [ 8.511, 4.502 ], [ 8.4984, 4.5534 ], [ 8.5224, 4.558 ], [ 8.5258, 4.5784 ], [ 8.4992, 4.6042 ], [ 8.499, 4.6196 ], [ 8.5122, 4.6446 ], [ 8.5154, 4.6728 ], [ 8.5598, 4.699 ], [ 8.5266, 4.7484 ], [ 8.5414, 4.7988 ], [ 8.6008, 4.8068 ], [ 8.628, 4.8226 ], [ 8.6288, 4.8534 ], [ 8.654, 4.8614 ], [ 8.655, 4.869 ], [ 8.6444, 4.8744 ], [ 8.6616, 4.8852 ], [ 8.6632, 4.8766 ], [ 8.6738, 4.8728 ], [ 8.6868, 4.8826 ], [ 8.7022, 4.8748 ], [ 8.7464, 4.9094 ], [ 8.7632, 4.8882 ], [ 8.7746, 4.839 ], [ 8.7678, 4.8182 ], [ 8.791, 4.8006 ] ] ] } },
{ "type": "Feature", "properties": { "district": "Bali", "region": "Nord-Ouest" }, "geometry": { "type": "Polygon", "coordinates": [ [ [ 9.9216, 5.8724 ], [ 9.9464, 5.871 ], [ 9.9838, 5.8832 ], [ 9.9788, 5.8982 ], [ 9.9834, 5.9038 ], [ 9.9608, 5.9118 ], [ 9.959, 5.9296 ], [ 9.999, 5.957 ], [ 10.0206, 5.956 ], [ 10.0216, 5.9462 ], [ 10.034, 5.9412 ], [ 10.041, 5.9478 ], [ 10.0502, 5.9406 ], [ 10.0628, 5.951 ], [ 10.089, 5.9524 ], [ 10.0948, 5.9436 ], [ 10.1198, 5.9394 ], [ 10.109, 5.9174 ], [ 10.0794, 5.9194 ], [ 10.0666, 5.9028 ], [ 10.0758, 5.886 ], [ 10.065, 5.875 ], [ 10.0652, 5.8492 ], [ 10.0876, 5.8472 ], [ 10.0814, 5.837 ], [ 10.0862, 5.8236 ], [ 10.0758, 5.8146 ], [ 10.0554, 5.8272 ], [ 10.0466, 5.8202 ], [ 10.0346, 5.8244 ], [ 10.0366, 5.8152 ], [ 10.0296, 5.81 ], [ 10.018, 5.8182 ], [ 10.0218, 5.8108 ], [ 9.999, 5.7986 ], [ 10.0054, 5.787 ], [ 9.9932, 5.7856 ], [ 10.002, 5.77 ], [ 9.9728, 5.7792 ], [ 9.9758, 5.818 ], [ 9.957, 5.8372 ], [ 9.949, 5.8336 ], [ 9.9412, 5.8412 ], [ 9.9302, 5.8556 ], [ 9.9308, 5.8706 ], [ 9.9216, 5.8724 ] ] ] } },
{ "type": "Feature", "properties": { "district": "Bamenda", "region": "Nord-Ouest" }, "geometry": { "type": "Polygon", "coordinates": [ [ [ 10.0666, 5.9506 ], [ 10.0396, 5.9628 ], [ 10.0362, 5.974 ], [ 10.0456, 6.0008 ], [ 10.0284, 6.0328 ], [ 10.047, 6.0482 ], [ 10.1222, 6.0486 ], [ 10.1246, 6.0372 ], [ 10.1538, 6.023 ], [ 10.1514, 6.0048 ], [ 10.1586, 6.004 ], [ 10.1608, 5.9904 ], [ 10.1524, 5.983 ], [ 10.1596, 5.9792 ], [ 10.1618, 5.957 ], [ 10.174, 5.9536 ], [ 10.1916, 5.9644 ], [ 10.2118, 5.9602 ], [ 10.223, 5.9198 ], [ 10.2054, 5.9178 ], [ 10.2, 5.9096 ], [ 10.1584, 5.9216 ], [ 10.1422, 5.919 ], [ 10.1468, 5.9076 ], [ 10.1302, 5.9016 ], [ 10.1372, 5.8886 ], [ 10.1258, 5.8922 ], [ 10.1006, 5.8842 ], [ 10.0906, 5.892 ], [ 10.0752, 5.8918 ], [ 10.0666, 5.9028 ], [ 10.0794, 5.9194 ], [ 10.109, 5.9174 ], [ 10.1196, 5.9398 ], [ 10.0948, 5.9436 ], [ 10.0906, 5.9522 ], [ 10.0666, 5.9506 ] ] ] } },
{ "type": "Feature", "properties": { "district": "Bamenda 3", "region": "Nord-Ouest" }, "geometry": { "type": "Polygon", "coordinates": [ [ [ 10.155, 5.9848 ], [ 10.1608, 5.9914 ], [ 10.1586, 6.004 ], [ 10.1514, 6.0048 ], [ 10.1536, 6.0134 ], [ 10.1658, 6.0186 ], [ 10.1932, 6.015 ], [ 10.2002, 6.026 ], [ 10.219, 6.0236 ], [ 10.2276, 6.0054 ], [ 10.2214, 6.0036 ], [ 10.2276, 5.9806 ], [ 10.2458, 5.9652 ], [ 10.2362, 5.9574 ], [ 10.2418, 5.9378 ], [ 10.2362, 5.9238 ], [ 10.2222, 5.9204 ], [ 10.2118, 5.9602 ], [ 10.1916, 5.9644 ], [ 10.174, 5.9536 ], [ 10.1622, 5.9566 ], [ 10.155, 5.9848 ] ] ] } },
{ "type": "Feature", "properties": { "district": "Bamendjou", "region": "Ouest" }, "geometry": { "type": "Polygon", "coordinates": [ [ [ 10.3034, 5.4012 ], [ 10.334, 5.4406 ], [ 10.336, 5.461 ], [ 10.3546, 5.4562 ], [ 10.3576, 5.4454 ], [ 10.3494, 5.4418 ], [ 10.3792, 5.4374 ], [ 10.3768, 5.407 ], [ 10.3634, 5.4104 ], [ 10.3702, 5.387 ], [ 10.3648, 5.3796 ], [ 10.3764, 5.3712 ], [ 10.3836, 5.3492 ], [ 10.3776, 5.3442 ], [ 10.3676, 5.3578 ], [ 10.358, 5.348 ], [ 10.3268, 5.3586 ], [ 10.3232, 5.342 ], [ 10.3104, 5.3484 ], [ 10.306, 5.339 ], [ 10.2812, 5.3374 ], [ 10.2516, 5.3214 ], [ 10.2438, 5.3416 ], [ 10.2514, 5.369 ], [ 10.2446, 5.3774 ], [ 10.249, 5.4008 ], [ 10.2744, 5.391 ], [ 10.3034, 5.4012 ] ] ] } },
{ "type": "Feature", "properties": { "district": "Bandja", "region": "Ouest" }, "geometry": { "type": "MultiPolygon", "coordinates": [ [ [ [ 10.1474, 5.2948 ], [ 10.1484, 5.3022 ], [ 10.2144, 5.3466 ], [ 10.236, 5.377 ], [ 10.2444, 5.3778 ], [ 10.2514, 5.3692 ], [ 10.2438, 5.3416 ], [ 10.2522, 5.314 ], [ 10.244, 5.3018 ], [ 10.251, 5.2946 ], [ 10.2396, 5.2838 ], [ 10.2502, 5.28 ], [ 10.2526, 5.261 ], [ 10.262, 5.2638 ], [ 10.2794, 5.2388 ], [ 10.294, 5.2496 ], [ 10.3134, 5.2448 ], [ 10.3108, 5.2402 ], [ 10.3258, 5.2252 ], [ 10.336, 5.2312 ], [ 10.3432, 5.1948 ], [ 10.324, 5.1652 ], [ 10.303, 5.1804 ], [ 10.2734, 5.1844 ], [ 10.2662, 5.1786 ], [ 10.255, 5.1948 ], [ 10.2592, 5.2086 ], [ 10.2122, 5.2154 ], [ 10.2128, 5.2294 ], [ 10.223, 5.2422 ], [ 10.2128, 5.2496 ], [ 10.1904, 5.2578 ], [ 10.143, 5.2288 ], [ 10.1396, 5.242 ], [ 10.1164, 5.2532 ], [ 10.1142, 5.2662 ], [ 10.1232, 5.285 ], [ 10.1474, 5.2948 ] ], [ [ 10.2296, 5.3658 ], [ 10.2294, 5.3658 ], [ 10.2296, 5.3656 ], [ 10.2296, 5.3658 ] ] ], [ [ [ 10.2046, 5.3442 ], [ 10.2048, 5.3438 ], [ 10.2042, 5.3438 ], [ 10.2046, 5.3442 ] ] ] ] } },
{ "type": "Feature", "properties": { "district": "Bandjoun", "region": "Ouest" }, "geometry": { "type": "MultiPolygon", "coordinates": [ [ [ [ 10.5202, 5.2126 ], [ 10.52, 5.2126 ], [ 10.52, 5.2128 ], [ 10.5202, 5.2126 ] ] ], [ [ [ 10.4456, 5.422 ], [ 10.4462, 5.4292 ], [ 10.4512, 5.4266 ], [ 10.4868, 5.4566 ], [ 10.4994, 5.4486 ], [ 10.5218, 5.4474 ], [ 10.5168, 5.4378 ], [ 10.5242, 5.4286 ], [ 10.517, 5.4274 ], [ 10.5166, 5.4132 ], [ 10.5052, 5.411 ], [ 10.5074, 5.3932 ], [ 10.4982, 5.3876 ], [ 10.5136, 5.3688 ], [ 10.5394, 5.3716 ], [ 10.5584, 5.3642 ], [ 10.5516, 5.3414 ], [ 10.564, 5.3342 ], [ 10.5696, 5.321 ], [ 10.5582, 5.2904 ], [ 10.5686, 5.2798 ], [ 10.5834, 5.287 ], [ 10.5888, 5.273 ], [ 10.5816, 5.267 ], [ 10.5188, 5.2692 ], [ 10.5146, 5.2518 ], [ 10.4996, 5.2494 ], [ 10.537, 5.2188 ], [ 10.5296, 5.2098 ], [ 10.524, 5.2132 ], [ 10.5152, 5.2132 ], [ 10.5104, 5.2106 ], [ 10.496, 5.2168 ], [ 10.4688, 5.2398 ], [ 10.452, 5.239 ], [ 10.4212, 5.2516 ], [ 10.4044, 5.2462 ], [ 10.4068, 5.2626 ], [ 10.3994, 5.2636 ], [ 10.3956, 5.2822 ], [ 10.3998, 5.2928 ], [ 10.4382, 5.3226 ], [ 10.425, 5.3262 ], [ 10.4128, 5.3412 ], [ 10.3846, 5.3468 ], [ 10.3764, 5.3712 ], [ 10.3648, 5.3796 ], [ 10.3702, 5.387 ], [ 10.3634, 5.4104 ], [ 10.3754, 5.4062 ], [ 10.3902, 5.4226 ], [ 10.3994, 5.4214 ], [ 10.4024, 5.4348 ], [ 10.412, 5.4334 ], [ 10.4082, 5.4494 ], [ 10.426, 5.446 ], [ 10.4456, 5.422 ] ] ], [ [ [ 10.4082, 5.4496 ], [ 10.4082, 5.4498 ], [ 10.4084, 5.4496 ], [ 10.4082, 5.4496 ] ] ] ] } },
{ "type": "Feature", "properties": { "district": "Bangangte", "region": "Ouest" }, "geometry": { "type": "MultiPolygon", "coordinates": [ [ [ [ 10.8038, 5.0132 ], [ 10.8036, 5.0132 ], [ 10.8036, 5.0134 ], [ 10.8038, 5.0132 ] ] ], [ [ [ 10.787, 5.0142 ], [ 10.787, 5.0144 ], [ 10.7872, 5.0142 ], [ 10.787, 5.0142 ] ] ], [ [ [ 10.5816, 5.267 ], [ 10.5922, 5.2744 ], [ 10.6104, 5.2648 ], [ 10.6156, 5.238 ], [ 10.6226, 5.2424 ], [ 10.6334, 5.237 ], [ 10.6634, 5.25 ], [ 10.667, 5.2338 ], [ 10.6576, 5.222 ], [ 10.6854, 5.1944 ], [ 10.6822, 5.1804 ], [ 10.688, 5.1682 ], [ 10.7014, 5.1822 ], [ 10.7182, 5.1742 ], [ 10.7564, 5.1748 ], [ 10.7496, 5.1498 ], [ 10.7578, 5.1362 ], [ 10.7744, 5.1246 ], [ 10.784, 5.1278 ], [ 10.7972, 5.1206 ], [ 10.8112, 5.0952 ], [ 10.8484, 5.1154 ], [ 10.8498, 5.1002 ], [ 10.8418, 5.1006 ], [ 10.8398, 5.0874 ], [ 10.8242, 5.0804 ], [ 10.8198, 5.0534 ], [ 10.826, 5.0322 ], [ 10.8506, 5.0358 ], [ 10.8572, 5.0178 ], [ 10.8684, 5.0102 ], [ 10.8674, 4.996 ], [ 10.884, 4.9888 ], [ 10.8666, 4.94 ], [ 10.8442, 4.955 ], [ 10.8534, 4.9562 ], [ 10.8522, 4.9766 ], [ 10.8424, 4.9722 ], [ 10.8346, 4.9782 ], [ 10.8292, 4.9686 ], [ 10.8196, 4.9722 ], [ 10.8146, 4.985 ], [ 10.8058, 4.9852 ], [ 10.8158, 4.9994 ], [ 10.8086, 5.0116 ], [ 10.8014, 5.0144 ], [ 10.7982, 5.013 ], [ 10.7962, 5.0158 ], [ 10.7874, 5.014 ], [ 10.785, 5.0198 ], [ 10.764, 5.0162 ], [ 10.7482, 5.0058 ], [ 10.7198, 4.9556 ], [ 10.6844, 4.9538 ], [ 10.6682, 4.9172 ], [ 10.6562, 4.9254 ], [ 10.6456, 4.921 ], [ 10.598, 4.8664 ], [ 10.5928, 4.8802 ], [ 10.5188, 4.8982 ], [ 10.4884, 4.8814 ], [ 10.4778, 4.8514 ], [ 10.455, 4.839 ], [ 10.4246, 4.8072 ], [ 10.4186, 4.8228 ], [ 10.4276, 4.8552 ], [ 10.4148, 4.8788 ], [ 10.4194, 4.898 ], [ 10.4126, 4.9074 ], [ 10.4348, 4.971 ], [ 10.4312, 4.9984 ], [ 10.4176, 5.0096 ], [ 10.365, 5.0178 ], [ 10.377, 5.111 ], [ 10.332, 5.16 ], [ 10.3488, 5.1714 ], [ 10.3884, 5.1786 ], [ 10.399, 5.1734 ], [ 10.4046, 5.1918 ], [ 10.4466, 5.218 ], [ 10.4446, 5.2414 ], [ 10.4694, 5.2396 ], [ 10.496, 5.2168 ], [ 10.5104, 5.2106 ], [ 10.5152, 5.2132 ], [ 10.524, 5.2132 ], [ 10.5296, 5.2098 ], [ 10.537, 5.2188 ], [ 10.4996, 5.249 ], [ 10.5194, 5.258 ], [ 10.5188, 5.2692 ], [ 10.5816, 5.267 ] ], [ [ 10.52, 5.2126 ], [ 10.5202, 5.2128 ], [ 10.52, 5.2128 ], [ 10.52, 5.2126 ] ] ] ] } },
{ "type": "Feature", "properties": { "district": "Bangem", "region": "Sud-Ouest" }, "geometry": { "type": "Polygon", "coordinates": [ [ [ 9.7872, 5.1794 ], [ 9.7858, 5.1712 ], [ 9.8072, 5.1476 ], [ 9.8044, 5.1252 ], [ 9.8192, 5.0992 ], [ 9.8256, 5.0646 ], [ 9.854, 5.0532 ], [ 9.864, 5.0326 ], [ 9.8544, 5.0186 ], [ 9.8362, 5.024 ], [ 9.8224, 5.017 ], [ 9.8078, 5.0268 ], [ 9.7742, 5.0078 ], [ 9.7668, 4.992 ], [ 9.7716, 4.9826 ], [ 9.7666, 4.9648 ], [ 9.7486, 4.9636 ], [ 9.7298, 4.9446 ], [ 9.7286, 4.9322 ], [ 9.7114, 4.927 ], [ 9.7098, 4.952 ], [ 9.7248, 4.9778 ], [ 9.7156, 4.9988 ], [ 9.7012, 5.0022 ], [ 9.6726, 5.0398 ], [ 9.65, 5.0454 ], [ 9.6486, 5.07 ], [ 9.6392, 5.079 ], [ 9.6108, 5.085 ], [ 9.5982, 5.0674 ], [ 9.6038, 5.054 ], [ 9.5932, 5.052 ], [ 9.5812, 5.0566 ], [ 9.5812, 5.071 ], [ 9.6058, 5.1042 ], [ 9.6294, 5.1144 ], [ 9.6438, 5.1584 ], [ 9.6636, 5.1414 ], [ 9.6718, 5.1422 ], [ 9.6756, 5.1502 ], [ 9.6664, 5.1592 ], [ 9.6692, 5.1658 ], [ 9.7066, 5.1716 ], [ 9.7458, 5.1676 ], [ 9.7674, 5.1974 ], [ 9.7872, 5.1794 ] ] ] } },
{ "type": "Feature", "properties": { "district": "Bangourain", "region": "Ouest" }, "geometry": { "type": "MultiPolygon", "coordinates": [ [ [ [ 10.7776, 5.8198 ], [ 10.7776, 5.8196 ], [ 10.777, 5.8194 ], [ 10.7776, 5.8198 ] ] ], [ [ [ 10.6944, 6.0134 ], [ 10.7074, 6.04 ], [ 10.7158, 6.0314 ], [ 10.721, 6.036 ], [ 10.7312, 6.021 ], [ 10.7856, 6.0198 ], [ 10.8316, 5.9802 ], [ 10.8444, 5.9768 ], [ 10.8526, 5.985 ], [ 10.8552, 5.947 ], [ 10.8656, 5.9368 ], [ 10.869, 5.9196 ], [ 10.869, 5.8924 ], [ 10.844, 5.876 ], [ 10.868, 5.8318 ], [ 10.8268, 5.832 ], [ 10.8138, 5.8424 ], [ 10.8006, 5.8426 ], [ 10.787, 5.8554 ], [ 10.7882, 5.8646 ], [ 10.7674, 5.8606 ], [ 10.7686, 5.8334 ], [ 10.7768, 5.8198 ], [ 10.7626, 5.8156 ], [ 10.7526, 5.8018 ], [ 10.743, 5.7864 ], [ 10.7522, 5.7802 ], [ 10.7396, 5.7716 ], [ 10.736, 5.7588 ], [ 10.7148, 5.756 ], [ 10.7108, 5.7236 ], [ 10.7014, 5.7208 ], [ 10.6864, 5.7228 ], [ 10.6738, 5.7426 ], [ 10.65, 5.7506 ], [ 10.6436, 5.7744 ], [ 10.6372, 5.7668 ], [ 10.6138, 5.7666 ], [ 10.5936, 5.7874 ], [ 10.6026, 5.7932 ], [ 10.6028, 5.802 ], [ 10.5768, 5.821 ], [ 10.579, 5.8364 ], [ 10.5698, 5.842 ], [ 10.579, 5.8432 ], [ 10.5726, 5.8482 ], [ 10.5644, 5.8428 ], [ 10.547, 5.871 ], [ 10.5552, 5.8636 ], [ 10.5562, 5.8694 ], [ 10.5432, 5.8792 ], [ 10.5584, 5.8752 ], [ 10.5432, 5.8908 ], [ 10.5522, 5.8836 ], [ 10.5558, 5.8882 ], [ 10.5622, 5.8778 ], [ 10.5702, 5.8828 ], [ 10.5664, 5.8968 ], [ 10.5782, 5.8996 ], [ 10.5694, 5.9104 ], [ 10.5718, 5.9242 ], [ 10.5916, 5.9244 ], [ 10.5964, 5.9196 ], [ 10.59, 5.9182 ], [ 10.6064, 5.9038 ], [ 10.6136, 5.9082 ], [ 10.6078, 5.9128 ], [ 10.6168, 5.911 ], [ 10.6204, 5.9186 ], [ 10.6352, 5.9068 ], [ 10.6396, 5.9416 ], [ 10.6486, 5.9422 ], [ 10.662, 5.9582 ], [ 10.6626, 5.9656 ], [ 10.6586, 5.9738 ], [ 10.658, 5.9756 ], [ 10.6586, 5.9762 ], [ 10.658, 5.9766 ], [ 10.658, 5.977 ], [ 10.6612, 5.9938 ], [ 10.6944, 6.0134 ] ] ], [ [ [ 10.6578, 5.977 ], [ 10.658, 5.9772 ], [ 10.658, 5.977 ], [ 10.6578, 5.977 ] ] ] ] } },
{ "type": "Feature", "properties": { "district": "Bangue", "region": "Littoral" }, "geometry": { "type": "Polygon", "coordinates": [ [ [ 9.735, 4.0642 ], [ 9.7358, 4.0784 ], [ 9.726, 4.0786 ], [ 9.7222, 4.0944 ], [ 9.7506, 4.1118 ], [ 9.7588, 4.1422 ], [ 9.7516, 4.1736 ], [ 9.7674, 4.2064 ], [ 9.7606, 4.223 ], [ 9.8042, 4.2232 ], [ 9.816, 4.2362 ], [ 9.8218, 4.2258 ], [ 9.8128, 4.1924 ], [ 9.8348, 4.182 ], [ 9.8314, 4.171 ], [ 9.8414, 4.1732 ], [ 9.8464, 4.1668 ], [ 9.827, 4.1404 ], [ 9.8282, 4.1218 ], [ 9.8092, 4.107 ], [ 9.8082, 4.0942 ], [ 9.7958, 4.0888 ], [ 9.793, 4.0752 ], [ 9.7738, 4.0662 ], [ 9.751, 4.0716 ], [ 9.7458, 4.0608 ], [ 9.735, 4.0642 ] ] ] } },
{ "type": "Feature", "properties": { "district": "Bankim", "region": "Adamaoua" }, "geometry": { "type": "Polygon", "coordinates": [ [ [ 11.1688, 6.355 ], [ 11.1704, 6.3846 ], [ 11.1806, 6.3998 ], [ 11.171, 6.4124 ], [ 11.1774, 6.4246 ], [ 11.1726, 6.4508 ], [ 11.1868, 6.4712 ], [ 11.189, 6.499 ], [ 11.2018, 6.515 ], [ 11.1894, 6.5396 ], [ 11.2258, 6.5424 ], [ 11.2482, 6.525 ], [ 11.2782, 6.5392 ], [ 11.3058, 6.5258 ], [ 11.3118, 6.5124 ], [ 11.3408, 6.5104 ], [ 11.3436, 6.5046 ], [ 11.354, 6.5308 ], [ 11.3646, 6.5304 ], [ 11.38, 6.5252 ], [ 11.3752, 6.5166 ], [ 11.4308, 6.481 ], [ 11.4562, 6.4894 ], [ 11.4968, 6.476 ], [ 11.5042, 6.4518 ], [ 11.521, 6.4296 ], [ 11.5182, 6.4222 ], [ 11.529, 6.4204 ], [ 11.5354, 6.406 ], [ 11.5388, 6.3766 ], [ 11.552, 6.3752 ], [ 11.5728, 6.3496 ], [ 11.5874, 6.3528 ], [ 11.5994, 6.366 ], [ 11.6146, 6.3494 ], [ 11.6246, 6.3484 ], [ 11.6278, 6.3276 ], [ 11.643, 6.304 ], [ 11.6778, 6.2908 ], [ 11.6658, 6.2678 ], [ 11.7042, 6.2598 ], [ 11.7098, 6.2454 ], [ 11.7336, 6.2626 ], [ 11.7494, 6.248 ], [ 11.7542, 6.2222 ], [ 11.7672, 6.2078 ], [ 11.7936, 6.2034 ], [ 11.8074, 6.2084 ], [ 11.8146, 6.1994 ], [ 11.7948, 6.186 ], [ 11.7874, 6.1886 ], [ 11.7714, 6.1648 ], [ 11.7606, 6.1672 ], [ 11.7326, 6.1564 ], [ 11.7218, 6.1448 ], [ 11.704, 6.1418 ], [ 11.704, 6.1242 ], [ 11.682, 6.1146 ], [ 11.672, 6.0942 ], [ 11.6568, 6.0886 ], [ 11.6624, 6.076 ], [ 11.6216, 6.0744 ], [ 11.6128, 6.0644 ], [ 11.6032, 6.0728 ], [ 11.5916, 6.0562 ], [ 11.5788, 6.0596 ], [ 11.5532, 6.0484 ], [ 11.5466, 6.0522 ], [ 11.5424, 6.0464 ], [ 11.5152, 6.044 ], [ 11.4938, 6.032 ], [ 11.4596, 6.0262 ], [ 11.456, 6.0196 ], [ 11.3822, 6.011 ], [ 11.3376, 5.9966 ], [ 11.326, 6.0012 ], [ 11.3208, 5.9936 ], [ 11.3114, 5.9986 ], [ 11.3032, 5.9822 ], [ 11.2988, 5.99 ], [ 11.2616, 5.9748 ], [ 11.2638, 6.0002 ], [ 11.2738, 6.0024 ], [ 11.2724, 6.0108 ], [ 11.2888, 6.0192 ], [ 11.2916, 6.0346 ], [ 11.3044, 6.042 ], [ 11.2608, 6.1354 ], [ 11.2738, 6.153 ], [ 11.2682, 6.2042 ], [ 11.2942, 6.222 ], [ 11.2954, 6.2476 ], [ 11.2774, 6.2548 ], [ 11.2554, 6.2522 ], [ 11.2372, 6.2646 ], [ 11.2348, 6.2562 ], [ 11.1828, 6.2552 ], [ 11.182, 6.3138 ], [ 11.1688, 6.355 ] ] ] } },
{ "type": "Feature", "properties": { "district": "Banyo", "region": "Adamaoua" }, "geometry": { "type": "MultiPolygon", "coordinates": [ [ [ [ 11.3758, 6.5196 ], [ 11.3846, 6.5312 ], [ 11.4272, 6.5316 ], [ 11.4176, 6.5418 ], [ 11.4306, 6.5448 ], [ 11.4338, 6.554 ], [ 11.4268, 6.5824 ], [ 11.4154, 6.5888 ], [ 11.4134, 6.5984 ], [ 11.4322, 6.5992 ], [ 11.4406, 6.6138 ], [ 11.4516, 6.6108 ], [ 11.4576, 6.6182 ], [ 11.4862, 6.6052 ], [ 11.495, 6.6176 ], [ 11.4892, 6.6388 ], [ 11.5116, 6.647 ], [ 11.5116, 6.656 ], [ 11.5338, 6.6574 ], [ 11.5474, 6.6712 ], [ 11.5448, 6.7106 ], [ 11.5564, 6.7194 ], [ 11.5596, 6.7362 ], [ 11.5542, 6.7932 ], [ 11.5642, 6.8034 ], [ 11.559, 6.8202 ], [ 11.5688, 6.835 ], [ 11.5568, 6.8446 ], [ 11.5686, 6.8506 ], [ 11.5568, 6.8516 ], [ 11.5534, 6.8598 ], [ 11.5664, 6.8752 ], [ 11.5642, 6.8862 ], [ 11.5794, 6.9076 ], [ 11.6004, 6.9076 ], [ 11.6072, 6.914 ], [ 11.6054, 6.9354 ], [ 11.624, 6.9514 ], [ 11.6178, 6.9768 ], [ 11.6314, 6.9906 ], [ 11.6464, 6.9896 ], [ 11.6518, 7.007 ], [ 11.6776, 7.0052 ], [ 11.6846, 7.0212 ], [ 11.7134, 7.0312 ], [ 11.7058, 7.0446 ], [ 11.7112, 7.0554 ], [ 11.7228, 7.0478 ], [ 11.7462, 7.0478 ], [ 11.747, 7.0396 ], [ 11.774, 7.0426 ], [ 11.7864, 7.0686 ], [ 11.8064, 7.0884 ], [ 11.8204, 7.0898 ], [ 11.8182, 7.114 ], [ 11.8332, 7.1066 ], [ 11.8512, 7.123 ], [ 11.8492, 7.141 ], [ 11.8302, 7.1514 ], [ 11.8136, 7.1782 ], [ 11.823, 7.1946 ], [ 11.8302, 7.1884 ], [ 11.837, 7.1918 ], [ 11.8312, 7.2072 ], [ 11.8448, 7.2072 ], [ 11.8506, 7.2174 ], [ 11.836, 7.237 ], [ 11.8806, 7.2294 ], [ 11.903, 7.2468 ], [ 11.9112, 7.2372 ], [ 11.9216, 7.2422 ], [ 11.9282, 7.2354 ], [ 11.9486, 7.2352 ], [ 11.949, 7.2446 ], [ 11.9794, 7.257 ], [ 11.9946, 7.2456 ], [ 12.0138, 7.2472 ], [ 12.0192, 7.2342 ], [ 12.0402, 7.226 ], [ 12.0596, 7.2374 ], [ 12.0836, 7.2372 ], [ 12.1138, 7.225 ], [ 12.1342, 7.2282 ], [ 12.152, 7.2062 ], [ 12.1578, 7.1758 ], [ 12.182, 7.1412 ], [ 12.1812, 7.1318 ], [ 12.1722, 7.1334 ], [ 12.1682, 7.103 ], [ 12.1978, 7.0544 ], [ 12.2002, 7.0372 ], [ 12.1976, 7.0352 ], [ 12.1982, 7.0272 ], [ 12.1966, 7.0242 ], [ 12.1972, 7.022 ], [ 12.2088, 7.0142 ], [ 12.2002, 6.983 ], [ 12.1906, 6.9836 ], [ 12.1938, 6.9608 ], [ 12.1782, 6.9552 ], [ 12.1636, 6.9356 ], [ 12.15, 6.9354 ], [ 12.155, 6.9272 ], [ 12.151, 6.9072 ], [ 12.1476, 6.9108 ], [ 12.1336, 6.893 ], [ 12.1356, 6.8366 ], [ 11.9998, 6.814 ], [ 12.0058, 6.798 ], [ 11.9998, 6.7852 ], [ 12.0062, 6.7848 ], [ 12.0056, 6.7584 ], [ 12.0258, 6.6932 ], [ 12.0118, 6.6756 ], [ 12.0114, 6.6646 ], [ 12.0266, 6.6526 ], [ 12.029, 6.6376 ], [ 12.0454, 6.633 ], [ 12.0496, 6.6108 ], [ 12.067, 6.6138 ], [ 12.066, 6.6028 ], [ 12.0934, 6.586 ], [ 12.0848, 6.57 ], [ 12.0894, 6.5648 ], [ 12.1256, 6.5438 ], [ 12.14, 6.5488 ], [ 12.1396, 6.5402 ], [ 12.164, 6.5138 ], [ 12.1356, 6.4952 ], [ 12.137, 6.4762 ], [ 12.127, 6.4594 ], [ 12.1316, 6.4524 ], [ 12.1186, 6.4546 ], [ 12.1224, 6.4408 ], [ 12.1162, 6.4358 ], [ 12.1082, 6.4408 ], [ 12.0922, 6.418 ], [ 12.086, 6.4218 ], [ 12.0808, 6.4082 ], [ 12.0614, 6.3966 ], [ 12.0778, 6.3584 ], [ 12.069, 6.3502 ], [ 12.0546, 6.3546 ], [ 12.0554, 6.3498 ], [ 12.0786, 6.3258 ], [ 12.0092, 6.3048 ], [ 12.0094, 6.2962 ], [ 12.0242, 6.2868 ], [ 12.0102, 6.2616 ], [ 11.9678, 6.2604 ], [ 11.9408, 6.2506 ], [ 11.9402, 6.2266 ], [ 11.926, 6.2238 ], [ 11.925, 6.2174 ], [ 11.9144, 6.2254 ], [ 11.903, 6.2226 ], [ 11.896, 6.207 ], [ 11.8686, 6.205 ], [ 11.8658, 6.2118 ], [ 11.8546, 6.2114 ], [ 11.837, 6.2026 ], [ 11.833, 6.193 ], [ 11.8122, 6.197 ], [ 11.8074, 6.2084 ], [ 11.7708, 6.2066 ], [ 11.7542, 6.2222 ], [ 11.7494, 6.248 ], [ 11.7336, 6.2626 ], [ 11.7098, 6.2454 ], [ 11.7042, 6.2598 ], [ 11.665, 6.2684 ], [ 11.6778, 6.2908 ], [ 11.6426, 6.3044 ], [ 11.6218, 6.351 ], [ 11.6146, 6.3494 ], [ 11.5948, 6.3668 ], [ 11.5874, 6.3528 ], [ 11.5728, 6.3496 ], [ 11.552, 6.3752 ], [ 11.5388, 6.3766 ], [ 11.5354, 6.406 ], [ 11.529, 6.4204 ], [ 11.5182, 6.4222 ], [ 11.521, 6.4296 ], [ 11.5042, 6.4518 ], [ 11.4968, 6.476 ], [ 11.4562, 6.4894 ], [ 11.428, 6.4842 ], [ 11.3758, 6.5196 ] ] ], [ [ [ 12.1048, 6.8308 ], [ 12.105, 6.8308 ], [ 12.105, 6.8306 ], [ 12.1048, 6.8308 ] ] ] ] } },
{ "type": "Feature", "properties": { "district": "Batcham", "region": "Ouest" }, "geometry": { "type": "MultiPolygon", "coordinates": [ [ [ [ 10.2856, 5.514 ], [ 10.2854, 5.514 ], [ 10.2854, 5.5142 ], [ 10.2856, 5.514 ] ] ], [ [ [ 10.094, 5.6006 ], [ 10.091, 5.6148 ], [ 10.0994, 5.6222 ], [ 10.088, 5.6418 ], [ 10.102, 5.6626 ], [ 10.122, 5.6412 ], [ 10.1556, 5.628 ], [ 10.1462, 5.6188 ], [ 10.169, 5.6028 ], [ 10.1928, 5.617 ], [ 10.1964, 5.6332 ], [ 10.212, 5.642 ], [ 10.2198, 5.6334 ], [ 10.2454, 5.6332 ], [ 10.2394, 5.6144 ], [ 10.2498, 5.5964 ], [ 10.242, 5.5874 ], [ 10.2696, 5.5788 ], [ 10.2746, 5.5652 ], [ 10.2682, 5.542 ], [ 10.285, 5.5344 ], [ 10.2984, 5.537 ], [ 10.31, 5.5164 ], [ 10.306, 5.512 ], [ 10.299, 5.518 ], [ 10.2944, 5.5114 ], [ 10.2858, 5.5154 ], [ 10.2812, 5.5086 ], [ 10.2538, 5.5066 ], [ 10.2128, 5.5216 ], [ 10.1966, 5.5432 ], [ 10.1898, 5.5064 ], [ 10.1536, 5.545 ], [ 10.14, 5.5386 ], [ 10.127, 5.5604 ], [ 10.1306, 5.574 ], [ 10.094, 5.6006 ] ] ] ] } },
{ "type": "Feature", "properties": { "district": "Batibo", "region": "Nord-Ouest" }, "geometry": { "type": "Polygon", "coordinates": [ [ [ 9.7422, 5.992 ], [ 9.7416, 5.971 ], [ 9.7536, 5.9604 ], [ 9.7478, 5.9476 ], [ 9.774, 5.9244 ], [ 9.7924, 5.9248 ], [ 9.7764, 5.9078 ], [ 9.8098, 5.8704 ], [ 9.8264, 5.8748 ], [ 9.809, 5.9048 ], [ 9.8678, 5.9156 ], [ 9.8786, 5.9302 ], [ 9.9118, 5.9074 ], [ 9.917, 5.9158 ], [ 9.944, 5.9238 ], [ 9.9572, 5.942 ], [ 9.9676, 5.9378 ], [ 9.959, 5.9296 ], [ 9.96, 5.914 ], [ 9.9834, 5.9038 ], [ 9.9788, 5.8982 ], [ 9.9838, 5.8832 ], [ 9.9464, 5.871 ], [ 9.9412, 5.8748 ], [ 9.9216, 5.8722 ], [ 9.9308, 5.8706 ], [ 9.9302, 5.8556 ], [ 9.9484, 5.834 ], [ 9.957, 5.8372 ], [ 9.9758, 5.818 ], [ 9.9708, 5.7828 ], [ 9.989, 5.7582 ], [ 9.989, 5.7426 ], [ 9.9994, 5.7334 ], [ 9.9962, 5.7242 ], [ 9.9514, 5.7112 ], [ 9.9386, 5.7254 ], [ 9.9472, 5.7396 ], [ 9.9368, 5.7418 ], [ 9.9234, 5.7294 ], [ 9.8994, 5.7218 ], [ 9.8938, 5.7236 ], [ 9.887, 5.7526 ], [ 9.8502, 5.7342 ], [ 9.8534, 5.7544 ], [ 9.819, 5.7568 ], [ 9.8172, 5.7788 ], [ 9.7536, 5.8062 ], [ 9.7496, 5.8224 ], [ 9.724, 5.8482 ], [ 9.6898, 5.856 ], [ 9.686, 5.8392 ], [ 9.6794, 5.8382 ], [ 9.65, 5.8604 ], [ 9.6338, 5.8876 ], [ 9.6172, 5.8792 ], [ 9.6108, 5.8864 ], [ 9.5884, 5.8828 ], [ 9.5946, 5.893 ], [ 9.5918, 5.9108 ], [ 9.6052, 5.9168 ], [ 9.6026, 5.9378 ], [ 9.6186, 5.9354 ], [ 9.6376, 5.969 ], [ 9.649, 5.9762 ], [ 9.6762, 5.9478 ], [ 9.6948, 5.9484 ], [ 9.7048, 5.9522 ], [ 9.7026, 5.9766 ], [ 9.683, 5.9882 ], [ 9.6884, 6.0024 ], [ 9.7166, 6.0084 ], [ 9.7422, 5.992 ] ] ] } },
{ "type": "Feature", "properties": { "district": "Batouri", "region": "Est" }, "geometry": { "type": "Polygon", "coordinates": [ [ [ 14.4848, 4.6006 ], [ 14.485, 4.5686 ], [ 14.4754, 4.5522 ], [ 14.5216, 4.5424 ], [ 14.5282, 4.545 ], [ 14.5276, 4.5684 ], [ 14.5466, 4.5986 ], [ 14.5656, 4.6116 ], [ 14.5858, 4.608 ], [ 14.5916, 4.628 ], [ 14.6222, 4.6266 ], [ 14.6536, 4.6038 ], [ 14.6606, 4.6066 ], [ 14.6782, 4.6046 ], [ 14.6856, 4.6106 ], [ 14.6974, 4.6052 ], [ 14.7234, 4.6144 ], [ 14.7372, 4.612 ], [ 14.752, 4.5838 ], [ 14.7658, 4.5828 ], [ 14.764, 4.5766 ], [ 14.7808, 4.5648 ], [ 14.7914, 4.546 ], [ 14.8, 4.545 ], [ 14.8106, 4.5244 ], [ 14.8182, 4.5292 ], [ 14.8288, 4.5238 ], [ 14.8276, 4.5158 ], [ 14.8508, 4.5154 ], [ 14.8518, 4.5016 ], [ 14.8708, 4.4968 ], [ 14.887, 4.4698 ], [ 14.9072, 4.467 ], [ 14.935, 4.448 ], [ 14.9052, 4.4352 ], [ 14.8926, 4.4098 ], [ 14.869, 4.4062 ], [ 14.8602, 4.3934 ], [ 14.8434, 4.3972 ], [ 14.832, 4.3902 ], [ 14.8014, 4.3172 ], [ 14.785, 4.3278 ], [ 14.7616, 4.3162 ], [ 14.759, 4.2636 ], [ 14.771, 4.2342 ], [ 14.7428, 4.2324 ], [ 14.733, 4.2194 ], [ 14.7168, 4.222 ], [ 14.7092, 4.239 ], [ 14.692, 4.2434 ], [ 14.6794, 4.2356 ], [ 14.646, 4.2488 ], [ 14.6408, 4.2288 ], [ 14.6148, 4.2606 ], [ 14.5748, 4.2278 ], [ 14.5638, 4.2396 ], [ 14.5446, 4.2434 ], [ 14.5378, 4.2322 ], [ 14.5106, 4.2282 ], [ 14.52, 4.2218 ], [ 14.5086, 4.2142 ], [ 14.5012, 4.2284 ], [ 14.4762, 4.2128 ], [ 14.4646, 4.2238 ], [ 14.4734, 4.2498 ], [ 14.4482, 4.2724 ], [ 14.4542, 4.296 ], [ 14.4352, 4.2912 ], [ 14.4316, 4.2984 ], [ 14.4206, 4.296 ], [ 14.42, 4.305 ], [ 14.39, 4.3038 ], [ 14.3798, 4.3004 ], [ 14.359, 4.27 ], [ 14.3438, 4.2252 ], [ 14.3264, 4.241 ], [ 14.2916, 4.2472 ], [ 14.269, 4.2346 ], [ 14.238, 4.2388 ], [ 14.2082, 4.2588 ], [ 14.1788, 4.2476 ], [ 14.177, 4.2248 ], [ 14.1552, 4.2222 ], [ 14.1376, 4.209 ], [ 14.1164, 4.22 ], [ 14.0996, 4.2158 ], [ 14.0626, 4.2284 ], [ 14.0572, 4.217 ], [ 14.0428, 4.2104 ], [ 14.0436, 4.1808 ], [ 14.059, 4.167 ], [ 14.0474, 4.1574 ], [ 14.0304, 4.1592 ], [ 13.9902, 4.1384 ], [ 13.9832, 4.1234 ], [ 13.9668, 4.1152 ], [ 13.9384, 4.1152 ], [ 13.9282, 4.105 ], [ 13.892, 4.1014 ], [ 13.8762, 4.0884 ], [ 13.8576, 4.1018 ], [ 13.8446, 4.0992 ], [ 13.841, 4.115 ], [ 13.8204, 4.1256 ], [ 13.8208, 4.1396 ], [ 13.8076, 4.145 ], [ 13.802, 4.1598 ], [ 13.7936, 4.159 ], [ 13.793, 4.1716 ], [ 13.7682, 4.1768 ], [ 13.744, 4.2026 ], [ 13.7358, 4.201 ], [ 13.733, 4.2114 ], [ 13.7182, 4.1996 ], [ 13.7078, 4.201 ], [ 13.6978, 4.1696 ], [ 13.6726, 4.17 ], [ 13.669, 4.1476 ], [ 13.63, 4.1354 ], [ 13.6182, 4.1428 ], [ 13.619, 4.1482 ], [ 13.6364, 4.1498 ], [ 13.6624, 4.1836 ], [ 13.653, 4.1984 ], [ 13.6582, 4.2146 ], [ 13.64, 4.2326 ], [ 13.6436, 4.2442 ], [ 13.6796, 4.2502 ], [ 13.7214, 4.2696 ], [ 13.7796, 4.2562 ], [ 13.792, 4.2704 ], [ 13.808, 4.2754 ], [ 13.7954, 4.3186 ], [ 13.78, 4.3336 ], [ 13.7516, 4.3398 ], [ 13.736, 4.3578 ], [ 13.7604, 4.3962 ], [ 13.7862, 4.4018 ], [ 13.7892, 4.4108 ], [ 13.8194, 4.4052 ], [ 13.8936, 4.4336 ], [ 13.9204, 4.4268 ], [ 13.9734, 4.3884 ], [ 13.9972, 4.3848 ], [ 13.961, 4.4344 ], [ 13.9432, 4.4694 ], [ 13.94, 4.4938 ], [ 13.9494, 4.5194 ], [ 13.9428, 4.5502 ], [ 13.9534, 4.5832 ], [ 13.9522, 4.6244 ], [ 13.9884, 4.6468 ], [ 14.044, 4.6452 ], [ 14.0794, 4.6646 ], [ 14.106, 4.6584 ], [ 14.1238, 4.6448 ], [ 14.141, 4.6632 ], [ 14.1502, 4.6896 ], [ 14.1904, 4.6996 ], [ 14.2316, 4.6994 ], [ 14.2542, 4.7508 ], [ 14.2548, 4.7664 ], [ 14.2822, 4.7578 ], [ 14.304, 4.7674 ], [ 14.3298, 4.765 ], [ 14.334, 4.7752 ], [ 14.3504, 4.7764 ], [ 14.3494, 4.7408 ], [ 14.3136, 4.6792 ], [ 14.346, 4.685 ], [ 14.383, 4.6812 ], [ 14.4038, 4.627 ], [ 14.4238, 4.6366 ], [ 14.469, 4.6216 ], [ 14.4848, 4.6006 ] ], [ [ 14.6598, 4.6052 ], [ 14.6598, 4.605 ], [ 14.66, 4.605 ], [ 14.6598, 4.6052 ] ] ] } },
{ "type": "Feature", "properties": { "district": "Belabo", "region": "Est" }, "geometry": { "type": "Polygon", "coordinates": [ [ [ 13.6932, 6.0008 ], [ 13.6736, 5.9522 ], [ 13.657, 5.9388 ], [ 13.652, 5.9158 ], [ 13.634, 5.9046 ], [ 13.6314, 5.8828 ], [ 13.6184, 5.879 ], [ 13.6086, 5.8852 ], [ 13.603, 5.8796 ], [ 13.603, 5.8548 ], [ 13.6164, 5.8268 ], [ 13.6106, 5.804 ], [ 13.6, 5.7958 ], [ 13.6028, 5.785 ], [ 13.5954, 5.7838 ], [ 13.6038, 5.7736 ], [ 13.5984, 5.7708 ], [ 13.6088, 5.7562 ], [ 13.609, 5.742 ], [ 13.6296, 5.749 ], [ 13.6318, 5.7232 ], [ 13.6434, 5.7172 ], [ 13.641, 5.699 ], [ 13.6484, 5.6982 ], [ 13.6574, 5.6776 ], [ 13.6692, 5.677 ], [ 13.6734, 5.6646 ], [ 13.667, 5.6418 ], [ 13.6808, 5.636 ], [ 13.6824, 5.6424 ], [ 13.6964, 5.6434 ], [ 13.7108, 5.6268 ], [ 13.7012, 5.6106 ], [ 13.707, 5.6028 ], [ 13.6904, 5.5778 ], [ 13.7074, 5.567 ], [ 13.695, 5.5594 ], [ 13.687, 5.523 ], [ 13.6586, 5.515 ], [ 13.6466, 5.5296 ], [ 13.6358, 5.5166 ], [ 13.6356, 5.499 ], [ 13.6456, 5.4896 ], [ 13.6422, 5.4834 ], [ 13.664, 5.4802 ], [ 13.6492, 5.4668 ], [ 13.6186, 5.4606 ], [ 13.6134, 5.452 ], [ 13.5992, 5.4546 ], [ 13.6022, 5.4402 ], [ 13.5896, 5.438 ], [ 13.592, 5.4254 ], [ 13.583, 5.4188 ], [ 13.5916, 5.4166 ], [ 13.5898, 5.4064 ], [ 13.5806, 5.41 ], [ 13.575, 5.4034 ], [ 13.5776, 5.3894 ], [ 13.5698, 5.3748 ], [ 13.5746, 5.3684 ], [ 13.5562, 5.3662 ], [ 13.5596, 5.3554 ], [ 13.548, 5.3438 ], [ 13.536, 5.36 ], [ 13.5256, 5.35 ], [ 13.5374, 5.3284 ], [ 13.558, 5.3268 ], [ 13.552, 5.308 ], [ 13.5548, 5.2954 ], [ 13.5754, 5.275 ], [ 13.5704, 5.2602 ], [ 13.5828, 5.2676 ], [ 13.5992, 5.2662 ], [ 13.6132, 5.2828 ], [ 13.6208, 5.2732 ], [ 13.6112, 5.27 ], [ 13.6156, 5.2642 ], [ 13.6292, 5.2734 ], [ 13.6372, 5.2932 ], [ 13.6584, 5.2886 ], [ 13.6632, 5.3134 ], [ 13.6772, 5.3002 ], [ 13.6874, 5.3006 ], [ 13.7084, 5.2208 ], [ 13.7298, 5.2118 ], [ 13.7484, 5.2188 ], [ 13.7736, 5.206 ], [ 13.7678, 5.19 ], [ 13.772, 5.173 ], [ 13.7522, 5.1608 ], [ 13.7388, 5.1284 ], [ 13.715, 5.103 ], [ 13.7294, 5.0976 ], [ 13.7374, 5.0826 ], [ 13.7298, 5.0442 ], [ 13.7418, 5.0042 ], [ 13.71, 4.9982 ], [ 13.7018, 4.9682 ], [ 13.6772, 4.935 ], [ 13.6098, 4.9172 ], [ 13.5666, 4.8884 ], [ 13.5842, 4.8846 ], [ 13.6022, 4.8672 ], [ 13.6292, 4.8252 ], [ 13.6946, 4.8188 ], [ 13.7248, 4.8358 ], [ 13.7436, 4.8212 ], [ 13.7554, 4.7648 ], [ 13.7416, 4.7496 ], [ 13.7516, 4.7254 ], [ 13.7334, 4.7114 ], [ 13.6904, 4.7138 ], [ 13.6494, 4.6892 ], [ 13.6184, 4.683 ], [ 13.6044, 4.6844 ], [ 13.5992, 4.6956 ], [ 13.5674, 4.709 ], [ 13.5852, 4.6328 ], [ 13.6072, 4.6062 ], [ 13.5954, 4.5896 ], [ 13.6098, 4.5666 ], [ 13.5984, 4.5616 ], [ 13.5906, 4.5432 ], [ 13.6038, 4.518 ], [ 13.6058, 4.4754 ], [ 13.592, 4.4736 ], [ 13.5592, 4.4878 ], [ 13.5446, 4.4734 ], [ 13.5116, 4.4732 ], [ 13.499, 4.459 ], [ 13.4828, 4.464 ], [ 13.4674, 4.458 ], [ 13.4638, 4.4672 ], [ 13.4394, 4.469 ], [ 13.4254, 4.4912 ], [ 13.3956, 4.5138 ], [ 13.3348, 4.5238 ], [ 13.2986, 4.5138 ], [ 13.281, 4.501 ], [ 13.2236, 4.4882 ], [ 13.2074, 4.5086 ], [ 13.211, 4.5512 ], [ 13.2052, 4.5622 ], [ 13.2124, 4.5802 ], [ 13.207, 4.6028 ], [ 13.2306, 4.6544 ], [ 13.2214, 4.6734 ], [ 13.2284, 4.6878 ], [ 13.2186, 4.7024 ], [ 13.2348, 4.7112 ], [ 13.222, 4.7274 ], [ 13.223, 4.7586 ], [ 13.2292, 4.7676 ], [ 13.2376, 4.7606 ], [ 13.236, 4.7694 ], [ 13.247, 4.7774 ], [ 13.2442, 4.7868 ], [ 13.2318, 4.7806 ], [ 13.2424, 4.7896 ], [ 13.2358, 4.7998 ], [ 13.2392, 4.819 ], [ 13.231, 4.8212 ], [ 13.2232, 4.8362 ], [ 13.2102, 4.8368 ], [ 13.2092, 4.8462 ], [ 13.1992, 4.842 ], [ 13.198, 4.854 ], [ 13.2064, 4.8612 ], [ 13.1948, 4.8646 ], [ 13.1858, 4.9176 ], [ 13.1726, 4.9148 ], [ 13.162, 4.9242 ], [ 13.1186, 4.9318 ], [ 13.0976, 4.927 ], [ 13.0656, 4.9312 ], [ 13.0432, 4.9526 ], [ 13.0182, 4.9564 ], [ 13.0592, 5.0354 ], [ 13.058, 5.078 ], [ 13.046, 5.0812 ], [ 13.0302, 5.1124 ], [ 12.9886, 5.1304 ], [ 12.9704, 5.1284 ], [ 12.9698, 5.166 ], [ 12.9336, 5.1956 ], [ 12.9042, 5.202 ], [ 12.9002, 5.2166 ], [ 12.885, 5.2266 ], [ 12.9138, 5.2372 ], [ 12.9322, 5.2642 ], [ 12.979, 5.3088 ], [ 12.9928, 5.313 ], [ 13.0242, 5.3034 ], [ 13.0406, 5.3454 ], [ 13.0414, 5.3852 ], [ 13.0328, 5.4118 ], [ 13.0374, 5.4266 ], [ 13.0708, 5.4562 ], [ 13.0648, 5.4912 ], [ 13.0802, 5.5112 ], [ 13.0678, 5.5258 ], [ 13.067, 5.5588 ], [ 13.05, 5.57 ], [ 13.051, 5.5892 ], [ 13.0236, 5.6086 ], [ 13.0034, 5.6448 ], [ 12.998, 5.7046 ], [ 12.962, 5.7136 ], [ 12.9508, 5.7898 ], [ 12.913, 5.8502 ], [ 12.8986, 5.866 ], [ 12.8852, 5.8668 ], [ 12.8806, 5.8884 ], [ 12.8692, 5.8998 ], [ 12.877, 5.9546 ], [ 12.8746, 5.9924 ], [ 12.882, 6.0056 ], [ 12.8864, 5.9978 ], [ 12.9052, 6.0028 ], [ 12.9922, 5.9884 ], [ 13.0182, 6.004 ], [ 13.0492, 5.988 ], [ 13.0596, 5.9916 ], [ 13.0622, 5.9844 ], [ 13.1064, 6.0098 ], [ 13.1292, 6.0082 ], [ 13.1468, 5.9974 ], [ 13.1638, 6.0092 ], [ 13.2194, 5.9972 ], [ 13.2286, 6.0038 ], [ 13.2532, 5.9994 ], [ 13.2666, 6.0152 ], [ 13.2794, 6.012 ], [ 13.2752, 5.9982 ], [ 13.2814, 5.9922 ], [ 13.2966, 5.9912 ], [ 13.3094, 6.0012 ], [ 13.3144, 5.9932 ], [ 13.3456, 5.995 ], [ 13.355, 5.9824 ], [ 13.3812, 5.9962 ], [ 13.393, 5.9884 ], [ 13.4, 5.996 ], [ 13.4372, 5.9978 ], [ 13.4414, 6.0058 ], [ 13.4618, 6.0044 ], [ 13.4842, 5.9888 ], [ 13.5426, 5.9996 ], [ 13.6046, 5.991 ], [ 13.6158, 5.9992 ], [ 13.6452, 6.0032 ], [ 13.6588, 6.0158 ], [ 13.668, 6.016 ], [ 13.6808, 6.0002 ], [ 13.6932, 6.0008 ] ] ] } },
{ "type": "Feature", "properties": { "district": "Belel", "region": "Adamaoua" }, "geometry": { "type": "MultiPolygon", "coordinates": [ [ [ [ 13.4726, 6.8808 ], [ 13.4774, 6.8934 ], [ 13.4662, 6.9008 ], [ 13.4968, 6.9412 ], [ 13.492, 6.9518 ], [ 13.411, 6.9692 ], [ 13.399, 6.9506 ], [ 13.3912, 6.956 ], [ 13.3792, 6.951 ], [ 13.3838, 6.947 ], [ 13.3772, 6.9424 ], [ 13.3442, 6.944 ], [ 13.309, 6.9306 ], [ 13.2962, 6.9358 ], [ 13.2826, 6.9576 ], [ 13.2756, 6.9744 ], [ 13.2816, 7.0102 ], [ 13.3034, 7.0232 ], [ 13.32, 7.0166 ], [ 13.3326, 7.0272 ], [ 13.3496, 7.0226 ], [ 13.3426, 7.0368 ], [ 13.3498, 7.0544 ], [ 13.3198, 7.1126 ], [ 13.3276, 7.1076 ], [ 13.349, 7.1164 ], [ 13.353, 7.1256 ], [ 13.3634, 7.1248 ], [ 13.3592, 7.1358 ], [ 13.3904, 7.1578 ], [ 13.402, 7.1446 ], [ 13.4096, 7.1484 ], [ 13.4142, 7.1428 ], [ 13.4378, 7.154 ], [ 13.445, 7.1476 ], [ 13.4538, 7.1528 ], [ 13.4604, 7.1458 ], [ 13.4684, 7.1512 ], [ 13.4948, 7.1456 ], [ 13.5038, 7.1672 ], [ 13.5126, 7.1656 ], [ 13.5208, 7.1774 ], [ 13.5366, 7.18 ], [ 13.5548, 7.1974 ], [ 13.563, 7.1962 ], [ 13.5638, 7.1882 ], [ 13.5816, 7.1972 ], [ 13.5832, 7.2084 ], [ 13.5986, 7.2138 ], [ 13.5958, 7.2236 ], [ 13.6, 7.2196 ], [ 13.607, 7.2268 ], [ 13.6268, 7.2192 ], [ 13.6252, 7.2336 ], [ 13.6374, 7.2318 ], [ 13.6344, 7.2444 ], [ 13.6614, 7.2554 ], [ 13.6636, 7.2664 ], [ 13.6708, 7.264 ], [ 13.6816, 7.282 ], [ 13.7046, 7.2996 ], [ 13.72, 7.288 ], [ 13.712, 7.2762 ], [ 13.719, 7.2722 ], [ 13.717, 7.2654 ], [ 13.7438, 7.2698 ], [ 13.7504, 7.263 ], [ 13.7388, 7.2588 ], [ 13.735, 7.2484 ], [ 13.7438, 7.2384 ], [ 13.7546, 7.2432 ], [ 13.7546, 7.25 ], [ 13.7632, 7.2406 ], [ 13.752, 7.2194 ], [ 13.783, 7.2038 ], [ 13.791, 7.1796 ], [ 13.808, 7.1702 ], [ 13.8196, 7.1718 ], [ 13.8274, 7.1818 ], [ 13.8436, 7.186 ], [ 13.8528, 7.2006 ], [ 13.8696, 7.1992 ], [ 13.8798, 7.2184 ], [ 13.8844, 7.214 ], [ 13.8928, 7.221 ], [ 13.9062, 7.2176 ], [ 13.9172, 7.2244 ], [ 13.9248, 7.2182 ], [ 13.9346, 7.2238 ], [ 13.9336, 7.238 ], [ 13.9218, 7.2416 ], [ 13.9314, 7.2522 ], [ 13.9284, 7.257 ], [ 13.9414, 7.2638 ], [ 13.9414, 7.2718 ], [ 13.9366, 7.2744 ], [ 13.9422, 7.281 ], [ 13.9382, 7.309 ], [ 13.972, 7.3298 ], [ 13.9888, 7.365 ], [ 14.0068, 7.355 ], [ 14.015, 7.3558 ], [ 14.0244, 7.3702 ], [ 14.052, 7.3642 ], [ 14.0784, 7.3284 ], [ 14.093, 7.345 ], [ 14.0926, 7.339 ], [ 14.1028, 7.3382 ], [ 14.1246, 7.3198 ], [ 14.131, 7.2862 ], [ 14.1398, 7.282 ], [ 14.1726, 7.3108 ], [ 14.1756, 7.3236 ], [ 14.1798, 7.3246 ], [ 14.1818, 7.3232 ], [ 14.1826, 7.3236 ], [ 14.1834, 7.329 ], [ 14.1856, 7.329 ], [ 14.1848, 7.331 ], [ 14.1856, 7.331 ], [ 14.1856, 7.3314 ], [ 14.1858, 7.3314 ], [ 14.1862, 7.331 ], [ 14.1878, 7.3334 ], [ 14.188, 7.34 ], [ 14.2026, 7.3514 ], [ 14.2006, 7.3674 ], [ 14.2134, 7.385 ], [ 14.2404, 7.3884 ], [ 14.235, 7.3748 ], [ 14.2444, 7.369 ], [ 14.2444, 7.3534 ], [ 14.2786, 7.3312 ], [ 14.2794, 7.3192 ], [ 14.3044, 7.3048 ], [ 14.3102, 7.3126 ], [ 14.3418, 7.3062 ], [ 14.332, 7.2786 ], [ 14.3546, 7.2698 ], [ 14.3598, 7.215 ], [ 14.3506, 7.1978 ], [ 14.3296, 7.1964 ], [ 14.3216, 7.1646 ], [ 14.3834, 7.153 ], [ 14.3902, 7.1586 ], [ 14.4024, 7.1494 ], [ 14.4316, 7.1686 ], [ 14.4376, 7.1658 ], [ 14.4388, 7.1574 ], [ 14.4462, 7.1512 ], [ 14.4598, 7.1602 ], [ 14.4854, 7.1526 ], [ 14.5184, 7.1628 ], [ 14.5192, 7.1364 ], [ 14.5322, 7.1312 ], [ 14.5386, 7.108 ], [ 14.5562, 7.098 ], [ 14.5676, 7.0808 ], [ 14.5898, 7.0772 ], [ 14.6128, 7.0804 ], [ 14.6278, 7.0914 ], [ 14.638, 7.0892 ], [ 14.6362, 7.087 ], [ 14.6444, 7.0552 ], [ 14.6524, 7.0448 ], [ 14.6446, 7.0378 ], [ 14.6442, 7.0162 ], [ 14.7202, 7.0244 ], [ 14.753, 7.0178 ], [ 14.7668, 7.0056 ], [ 14.7808, 7.0102 ], [ 14.7636, 6.997 ], [ 14.7598, 6.9832 ], [ 14.7482, 6.9842 ], [ 14.7116, 6.9558 ], [ 14.6868, 6.958 ], [ 14.6238, 6.9406 ], [ 14.6226, 6.9276 ], [ 14.6422, 6.9212 ], [ 14.636, 6.908 ], [ 14.629, 6.9072 ], [ 14.629, 6.8966 ], [ 14.6084, 6.8858 ], [ 14.6098, 6.8604 ], [ 14.518, 6.8158 ], [ 14.4914, 6.8132 ], [ 14.475, 6.8218 ], [ 14.4538, 6.8156 ], [ 14.4382, 6.823 ], [ 14.435, 6.8174 ], [ 14.4124, 6.816 ], [ 14.4118, 6.8106 ], [ 14.4062, 6.8138 ], [ 14.3956, 6.8036 ], [ 14.391, 6.8338 ], [ 14.379, 6.8282 ], [ 14.3482, 6.8406 ], [ 14.333, 6.8316 ], [ 14.32, 6.8582 ], [ 14.2742, 6.8352 ], [ 14.2496, 6.863 ], [ 14.1794, 6.8774 ], [ 14.1418, 6.8606 ], [ 14.145, 6.8428 ], [ 14.1364, 6.8388 ], [ 14.1466, 6.8192 ], [ 14.1446, 6.7902 ], [ 14.1312, 6.7916 ], [ 14.1118, 6.8116 ], [ 14.097, 6.7836 ], [ 14.0764, 6.8 ], [ 14.062, 6.7786 ], [ 14.048, 6.7792 ], [ 14.0502, 6.7732 ], [ 14.0406, 6.7638 ], [ 14.0254, 6.7852 ], [ 13.9948, 6.7684 ], [ 13.9892, 6.7806 ], [ 13.9736, 6.79 ], [ 13.933, 6.7848 ], [ 13.913, 6.8116 ], [ 13.8736, 6.7966 ], [ 13.8692, 6.7854 ], [ 13.852, 6.7904 ], [ 13.8514, 6.7662 ], [ 13.8742, 6.7448 ], [ 13.8842, 6.712 ], [ 13.8962, 6.71 ], [ 13.9052, 6.6888 ], [ 13.916, 6.6814 ], [ 13.909, 6.6804 ], [ 13.9082, 6.6672 ], [ 13.9, 6.6596 ], [ 13.9028, 6.6472 ], [ 13.882, 6.6454 ], [ 13.873, 6.6326 ], [ 13.8514, 6.6262 ], [ 13.8584, 6.6176 ], [ 13.856, 6.5976 ], [ 13.8274, 6.5968 ], [ 13.8088, 6.5838 ], [ 13.81, 6.5676 ], [ 13.7948, 6.5676 ], [ 13.7894, 6.5406 ], [ 13.771, 6.5408 ], [ 13.7552, 6.5222 ], [ 13.7468, 6.5216 ], [ 13.7396, 6.5336 ], [ 13.7308, 6.5266 ], [ 13.711, 6.5378 ], [ 13.7082, 6.5294 ], [ 13.6916, 6.5248 ], [ 13.68, 6.5322 ], [ 13.666, 6.5278 ], [ 13.6656, 6.5366 ], [ 13.654, 6.5374 ], [ 13.643, 6.5534 ], [ 13.6354, 6.545 ], [ 13.616, 6.5524 ], [ 13.6164, 6.5598 ], [ 13.612, 6.5504 ], [ 13.6048, 6.5526 ], [ 13.6108, 6.5662 ], [ 13.5974, 6.5652 ], [ 13.5896, 6.5964 ], [ 13.5712, 6.5898 ], [ 13.577, 6.5846 ], [ 13.5692, 6.5824 ], [ 13.5604, 6.6 ], [ 13.5416, 6.5772 ], [ 13.5284, 6.5938 ], [ 13.5412, 6.599 ], [ 13.5426, 6.6102 ], [ 13.5266, 6.628 ], [ 13.5088, 6.624 ], [ 13.5088, 6.6052 ], [ 13.4978, 6.6022 ], [ 13.4836, 6.6128 ], [ 13.475, 6.5978 ], [ 13.4684, 6.5978 ], [ 13.4604, 6.6116 ], [ 13.4432, 6.6154 ], [ 13.4422, 6.6408 ], [ 13.4628, 6.6438 ], [ 13.47, 6.6352 ], [ 13.5086, 6.6538 ], [ 13.5102, 6.6778 ], [ 13.5298, 6.7054 ], [ 13.5262, 6.718 ], [ 13.536, 6.7734 ], [ 13.4978, 6.7776 ], [ 13.5074, 6.7914 ], [ 13.4786, 6.8212 ], [ 13.494, 6.8502 ], [ 13.4726, 6.8808 ] ], [ [ 13.8676, 6.748 ], [ 13.8682, 6.7478 ], [ 13.8682, 6.7486 ], [ 13.8676, 6.748 ] ], [ [ 14.4954, 6.8138 ], [ 14.4956, 6.8138 ], [ 14.4954, 6.814 ], [ 14.4954, 6.8138 ] ], [ [ 14.366, 7.1556 ], [ 14.366, 7.1558 ], [ 14.3658, 7.1556 ], [ 14.366, 7.1556 ] ], [ [ 13.7898, 7.1806 ], [ 13.79, 7.1806 ], [ 13.7898, 7.181 ], [ 13.7898, 7.1806 ] ], [ [ 13.939, 7.3068 ], [ 13.9392, 7.3066 ], [ 13.9392, 7.3068 ], [ 13.939, 7.3068 ] ] ], [ [ [ 14.6078, 7.0804 ], [ 14.6076, 7.0802 ], [ 14.6076, 7.0804 ], [ 14.6078, 7.0804 ] ] ], [ [ [ 14.6376, 7.0884 ], [ 14.6378, 7.0882 ], [ 14.6376, 7.0882 ], [ 14.6376, 7.0884 ] ] ], [ [ [ 14.4416, 7.1558 ], [ 14.4414, 7.1556 ], [ 14.4414, 7.1558 ], [ 14.4416, 7.1558 ] ] ], [ [ [ 13.9412, 7.268 ], [ 13.941, 7.2676 ], [ 13.941, 7.268 ], [ 13.9412, 7.268 ] ] ], [ [ [ 13.938, 7.3036 ], [ 13.9378, 7.3036 ], [ 13.938, 7.3038 ], [ 13.938, 7.3036 ] ] ], [ [ [ 14.1852, 7.3316 ], [ 14.1856, 7.3314 ], [ 14.1852, 7.3314 ], [ 14.1852, 7.3316 ] ] ] ] } },
{ "type": "Feature", "properties": { "district": "Benakuma", "region": "Nord-Ouest" }, "geometry": { "type": "Polygon", "coordinates": [ [ [ 9.7278, 6.6008 ], [ 9.7446, 6.6492 ], [ 9.7536, 6.6586 ], [ 9.7508, 6.6768 ], [ 9.7652, 6.6796 ], [ 9.7648, 6.6918 ], [ 9.7566, 6.6948 ], [ 9.7686, 6.7504 ], [ 9.7638, 6.7598 ], [ 9.7794, 6.7944 ], [ 9.7992, 6.7832 ], [ 9.8064, 6.7904 ], [ 9.816, 6.7812 ], [ 9.8558, 6.7812 ], [ 9.9006, 6.7616 ], [ 9.8962, 6.7478 ], [ 9.9042, 6.739 ], [ 9.9098, 6.6996 ], [ 9.9402, 6.6842 ], [ 9.9592, 6.6632 ], [ 9.9674, 6.6666 ], [ 9.9796, 6.6562 ], [ 9.9854, 6.6624 ], [ 10.008, 6.6604 ], [ 10.0274, 6.5396 ], [ 10.0036, 6.5116 ], [ 10.0038, 6.4952 ], [ 9.9558, 6.5146 ], [ 9.9516, 6.4754 ], [ 9.935, 6.4516 ], [ 9.923, 6.453 ], [ 9.93, 6.4334 ], [ 9.9224, 6.4208 ], [ 9.9142, 6.42 ], [ 9.937, 6.4138 ], [ 9.9396, 6.4054 ], [ 9.973, 6.3838 ], [ 9.9898, 6.3856 ], [ 9.9968, 6.3668 ], [ 10.0158, 6.357 ], [ 10.0146, 6.334 ], [ 10.0016, 6.3176 ], [ 10.0184, 6.3038 ], [ 9.99, 6.294 ], [ 9.9844, 6.2702 ], [ 9.9656, 6.2706 ], [ 9.9616, 6.2482 ], [ 9.941, 6.2484 ], [ 9.9534, 6.233 ], [ 9.9382, 6.2218 ], [ 9.913, 6.2246 ], [ 9.9066, 6.2352 ], [ 9.9028, 6.2266 ], [ 9.8854, 6.2236 ], [ 9.869, 6.2094 ], [ 9.8364, 6.233 ], [ 9.837, 6.2912 ], [ 9.8288, 6.296 ], [ 9.8242, 6.327 ], [ 9.818, 6.3288 ], [ 9.8198, 6.354 ], [ 9.7706, 6.3838 ], [ 9.776, 6.4 ], [ 9.7346, 6.4318 ], [ 9.7418, 6.486 ], [ 9.7066, 6.5004 ], [ 9.7278, 6.6008 ] ], [ [ 9.7318, 6.6116 ], [ 9.732, 6.6116 ], [ 9.732, 6.6118 ], [ 9.7318, 6.6116 ] ] ] } },
{ "type": "Feature", "properties": { "district": "Bertoua", "region": "Est" }, "geometry": { "type": "Polygon", "coordinates": [ [ [ 14.0286, 4.8694 ], [ 14.0562, 4.848 ], [ 14.064, 4.8248 ], [ 14.0958, 4.8018 ], [ 14.115, 4.772 ], [ 14.1408, 4.7648 ], [ 14.1486, 4.7688 ], [ 14.1938, 4.7312 ], [ 14.2232, 4.7328 ], [ 14.2426, 4.7242 ], [ 14.227, 4.697 ], [ 14.1904, 4.6996 ], [ 14.1502, 4.6896 ], [ 14.141, 4.6632 ], [ 14.1238, 4.6448 ], [ 14.106, 4.6584 ], [ 14.0792, 4.6646 ], [ 14.044, 4.6452 ], [ 13.9892, 4.6472 ], [ 13.9526, 4.6252 ], [ 13.9534, 4.5832 ], [ 13.9428, 4.5502 ], [ 13.9496, 4.5246 ], [ 13.94, 4.4942 ], [ 13.9432, 4.4694 ], [ 13.9972, 4.3848 ], [ 13.965, 4.3928 ], [ 13.9204, 4.4268 ], [ 13.8858, 4.4336 ], [ 13.8186, 4.405 ], [ 13.7886, 4.4106 ], [ 13.7862, 4.4018 ], [ 13.7604, 4.3962 ], [ 13.7486, 4.3734 ], [ 13.7306, 4.3576 ], [ 13.7088, 4.3818 ], [ 13.692, 4.3898 ], [ 13.6756, 4.4218 ], [ 13.6012, 4.461 ], [ 13.592, 4.4736 ], [ 13.6064, 4.4758 ], [ 13.608, 4.4922 ], [ 13.6014, 4.5038 ], [ 13.6028, 4.522 ], [ 13.5906, 4.5432 ], [ 13.5984, 4.5616 ], [ 13.6098, 4.5666 ], [ 13.5954, 4.5896 ], [ 13.6072, 4.6062 ], [ 13.5852, 4.6328 ], [ 13.5674, 4.709 ], [ 13.616, 4.6828 ], [ 13.6494, 4.6892 ], [ 13.6904, 4.7138 ], [ 13.7346, 4.7118 ], [ 13.7516, 4.7254 ], [ 13.7416, 4.7498 ], [ 13.7554, 4.7648 ], [ 13.7498, 4.7782 ], [ 13.7536, 4.7918 ], [ 13.748, 4.8152 ], [ 13.7248, 4.8358 ], [ 13.6946, 4.8188 ], [ 13.6292, 4.8252 ], [ 13.6022, 4.8672 ], [ 13.5842, 4.8846 ], [ 13.5666, 4.8884 ], [ 13.6098, 4.9172 ], [ 13.6772, 4.935 ], [ 13.7018, 4.9682 ], [ 13.71, 4.9982 ], [ 13.7418, 5.0042 ], [ 13.73, 5.0418 ], [ 13.739, 5.0748 ], [ 13.7314, 5.0956 ], [ 13.7628, 5.1036 ], [ 13.8082, 5.097 ], [ 13.8416, 5.0684 ], [ 13.8628, 5.0652 ], [ 13.867, 5.0516 ], [ 13.889, 5.0364 ], [ 13.9354, 5.0168 ], [ 13.9398, 5.0104 ], [ 13.9344, 4.9888 ], [ 13.9202, 4.988 ], [ 13.9124, 4.9792 ], [ 13.945, 4.967 ], [ 13.944, 4.9442 ], [ 13.9678, 4.9342 ], [ 13.9858, 4.8972 ], [ 14.006, 4.888 ], [ 14.0106, 4.871 ], [ 14.0286, 4.8694 ] ] ] } },
{ "type": "Feature", "properties": { "district": "Betare Oya", "region": "Est" }, "geometry": { "type": "Polygon", "coordinates": [ [ [ 14.0562, 4.848 ], [ 14.0286, 4.8694 ], [ 14.0106, 4.871 ], [ 14.006, 4.888 ], [ 13.9858, 4.8972 ], [ 13.9678, 4.9342 ], [ 13.944, 4.9442 ], [ 13.945, 4.967 ], [ 13.9124, 4.9792 ], [ 13.9202, 4.988 ], [ 13.9344, 4.9888 ], [ 13.9398, 5.0104 ], [ 13.9354, 5.0168 ], [ 13.889, 5.0364 ], [ 13.867, 5.0516 ], [ 13.8628, 5.0652 ], [ 13.8416, 5.0684 ], [ 13.8082, 5.097 ], [ 13.7836, 5.103 ], [ 13.7306, 5.0952 ], [ 13.7168, 5.1 ], [ 13.7388, 5.1284 ], [ 13.7522, 5.1608 ], [ 13.772, 5.173 ], [ 13.7678, 5.19 ], [ 13.7736, 5.206 ], [ 13.7484, 5.2188 ], [ 13.7298, 5.2118 ], [ 13.7082, 5.221 ], [ 13.6874, 5.3006 ], [ 13.6772, 5.3002 ], [ 13.6592, 5.3138 ], [ 13.6646, 5.2982 ], [ 13.6584, 5.2886 ], [ 13.6372, 5.2932 ], [ 13.6292, 5.2734 ], [ 13.6156, 5.2642 ], [ 13.6112, 5.27 ], [ 13.6208, 5.2732 ], [ 13.6132, 5.2828 ], [ 13.5992, 5.2662 ], [ 13.5828, 5.2676 ], [ 13.5704, 5.2602 ], [ 13.5754, 5.275 ], [ 13.5548, 5.2954 ], [ 13.552, 5.308 ], [ 13.558, 5.3268 ], [ 13.5374, 5.3284 ], [ 13.5256, 5.35 ], [ 13.536, 5.36 ], [ 13.548, 5.3438 ], [ 13.5596, 5.3554 ], [ 13.5562, 5.3662 ], [ 13.5746, 5.3684 ], [ 13.5698, 5.3748 ], [ 13.5776, 5.3894 ], [ 13.575, 5.4034 ], [ 13.5806, 5.41 ], [ 13.5898, 5.4064 ], [ 13.5916, 5.4166 ], [ 13.583, 5.4188 ], [ 13.592, 5.4254 ], [ 13.5896, 5.438 ], [ 13.6022, 5.4402 ], [ 13.5992, 5.4546 ], [ 13.6134, 5.452 ], [ 13.6186, 5.4606 ], [ 13.6492, 5.4668 ], [ 13.664, 5.4802 ], [ 13.6422, 5.4834 ], [ 13.6456, 5.4896 ], [ 13.6356, 5.499 ], [ 13.6358, 5.5166 ], [ 13.6466, 5.5296 ], [ 13.6586, 5.515 ], [ 13.687, 5.523 ], [ 13.695, 5.5594 ], [ 13.7074, 5.567 ], [ 13.6904, 5.5778 ], [ 13.707, 5.6028 ], [ 13.7012, 5.6106 ], [ 13.7108, 5.6268 ], [ 13.6964, 5.6434 ], [ 13.6824, 5.6424 ], [ 13.6808, 5.636 ], [ 13.667, 5.6418 ], [ 13.6734, 5.6652 ], [ 13.6692, 5.677 ], [ 13.6574, 5.6776 ], [ 13.6484, 5.6982 ], [ 13.641, 5.699 ], [ 13.6434, 5.7172 ], [ 13.6318, 5.7232 ], [ 13.6296, 5.749 ], [ 13.6098, 5.7414 ], [ 13.6048, 5.7492 ], [ 13.6088, 5.7562 ], [ 13.5954, 5.7842 ], [ 13.6028, 5.785 ], [ 13.6, 5.7958 ], [ 13.6106, 5.804 ], [ 13.6164, 5.8268 ], [ 13.603, 5.8548 ], [ 13.603, 5.8796 ], [ 13.6086, 5.8852 ], [ 13.6184, 5.879 ], [ 13.6314, 5.8828 ], [ 13.634, 5.9046 ], [ 13.652, 5.9158 ], [ 13.6576, 5.94 ], [ 13.6736, 5.9522 ], [ 13.7188, 6.045 ], [ 13.7844, 6.0436 ], [ 13.8102, 6.0738 ], [ 13.846, 6.0956 ], [ 13.8554, 6.0706 ], [ 13.932, 6.0882 ], [ 13.9328, 6.0672 ], [ 13.965, 6.0534 ], [ 14.0022, 6.0638 ], [ 14.0302, 6.0984 ], [ 14.06, 6.0978 ], [ 14.0738, 6.0422 ], [ 14.0888, 6.0368 ], [ 14.1106, 6.009 ], [ 14.1408, 5.9244 ], [ 14.1698, 5.895 ], [ 14.1582, 5.8716 ], [ 14.1404, 5.8698 ], [ 14.1474, 5.8444 ], [ 14.1434, 5.8352 ], [ 14.112, 5.81 ], [ 14.124, 5.7648 ], [ 14.1344, 5.7536 ], [ 14.1332, 5.7354 ], [ 14.1586, 5.721 ], [ 14.166, 5.6922 ], [ 14.1578, 5.683 ], [ 14.1322, 5.6778 ], [ 14.1302, 5.6688 ], [ 14.164, 5.6334 ], [ 14.1788, 5.6266 ], [ 14.234, 5.6288 ], [ 14.2866, 5.5952 ], [ 14.2964, 5.5346 ], [ 14.326, 5.5382 ], [ 14.3378, 5.5502 ], [ 14.341, 5.5388 ], [ 14.3486, 5.537 ], [ 14.3446, 5.5232 ], [ 14.3526, 5.5042 ], [ 14.3474, 5.4928 ], [ 14.3626, 5.4658 ], [ 14.348, 5.3914 ], [ 14.3534, 5.3462 ], [ 14.3954, 5.3028 ], [ 14.4022, 5.2638 ], [ 14.4636, 5.236 ], [ 14.459, 5.2222 ], [ 14.4652, 5.217 ], [ 14.4596, 5.2112 ], [ 14.489, 5.1824 ], [ 14.4826, 5.1444 ], [ 14.502, 5.1316 ], [ 14.5048, 5.1218 ], [ 14.4968, 5.121 ], [ 14.5064, 5.1042 ], [ 14.5002, 5.0984 ], [ 14.5116, 5.0834 ], [ 14.5102, 5.069 ], [ 14.4996, 5.0636 ], [ 14.4986, 5.055 ], [ 14.492, 5.0596 ], [ 14.4746, 5.05 ], [ 14.4742, 5.0314 ], [ 14.4638, 5.0288 ], [ 14.4638, 5.0168 ], [ 14.452, 5.012 ], [ 14.4506, 4.9972 ], [ 14.4398, 5.003 ], [ 14.4428, 4.994 ], [ 14.4372, 4.9972 ], [ 14.4322, 4.9898 ], [ 14.4328, 4.9778 ], [ 14.4056, 4.957 ], [ 14.4, 4.9718 ], [ 14.393, 4.9728 ], [ 14.3886, 4.965 ], [ 14.3784, 4.9666 ], [ 14.3748, 4.9576 ], [ 14.353, 4.9638 ], [ 14.3396, 4.9526 ], [ 14.318, 4.8912 ], [ 14.2554, 4.8952 ], [ 14.2602, 4.869 ], [ 14.2442, 4.8362 ], [ 14.263, 4.8064 ], [ 14.2406, 4.7802 ], [ 14.2606, 4.769 ], [ 14.2528, 4.7628 ], [ 14.2426, 4.7242 ], [ 14.2232, 4.7328 ], [ 14.1938, 4.7312 ], [ 14.1486, 4.7688 ], [ 14.1408, 4.7648 ], [ 14.115, 4.772 ], [ 14.0958, 4.8018 ], [ 14.064, 4.8248 ], [ 14.0562, 4.848 ] ] ] } },
{ "type": "Feature", "properties": { "district": "Bibemi", "region": "Nord" }, "geometry": { "type": "Polygon", "coordinates": [ [ [ 13.7076, 9.1676 ], [ 13.6968, 9.169 ], [ 13.6698, 9.1968 ], [ 13.6604, 9.198 ], [ 13.6442, 9.191 ], [ 13.6464, 9.177 ], [ 13.6348, 9.1562 ], [ 13.6008, 9.2036 ], [ 13.5798, 9.2114 ], [ 13.5572, 9.2478 ], [ 13.5596, 9.268 ], [ 13.5244, 9.309 ], [ 13.5344, 9.317 ], [ 13.566, 9.3156 ], [ 13.5844, 9.3028 ], [ 13.6, 9.3044 ], [ 13.601, 9.2944 ], [ 13.6488, 9.2816 ], [ 13.6612, 9.304 ], [ 13.6732, 9.3074 ], [ 13.6816, 9.297 ], [ 13.6952, 9.3028 ], [ 13.703, 9.3188 ], [ 13.6954, 9.3206 ], [ 13.692, 9.3378 ], [ 13.7036, 9.3714 ], [ 13.6958, 9.381 ], [ 13.7072, 9.3864 ], [ 13.723, 9.4252 ], [ 13.7474, 9.4416 ], [ 13.7452, 9.4494 ], [ 13.769, 9.4418 ], [ 13.776, 9.4324 ], [ 13.7916, 9.4432 ], [ 13.81, 9.4378 ], [ 13.8304, 9.4428 ], [ 13.8344, 9.4332 ], [ 13.8408, 9.4398 ], [ 13.8512, 9.4616 ], [ 13.8422, 9.5004 ], [ 13.8466, 9.5326 ], [ 13.8584, 9.5424 ], [ 13.8662, 9.5988 ], [ 13.8906, 9.618 ], [ 13.9042, 9.6432 ], [ 13.9386, 9.6416 ], [ 13.9564, 9.629 ], [ 13.9828, 9.6434 ], [ 13.9908, 9.6366 ], [ 14.0068, 9.6374 ], [ 14.0076, 9.6292 ], [ 14.035, 9.6192 ], [ 14.0382, 9.6112 ], [ 14.0624, 9.6152 ], [ 14.0708, 9.6052 ], [ 14.0726, 9.5866 ], [ 14.0652, 9.5682 ], [ 14.0754, 9.556 ], [ 14.0924, 9.5506 ], [ 14.1028, 9.52 ], [ 14.1318, 9.5028 ], [ 14.172, 9.507 ], [ 14.1708, 9.4926 ], [ 14.1848, 9.4802 ], [ 14.1776, 9.462 ], [ 14.1862, 9.4574 ], [ 14.1892, 9.4432 ], [ 14.2038, 9.4472 ], [ 14.211, 9.4314 ], [ 14.2282, 9.4204 ], [ 14.238, 9.3924 ], [ 14.2702, 9.3526 ], [ 14.2582, 9.3438 ], [ 14.262, 9.329 ], [ 14.2426, 9.3348 ], [ 14.2338, 9.3292 ], [ 14.2362, 9.3102 ], [ 14.2722, 9.2684 ], [ 14.2612, 9.2586 ], [ 14.2628, 9.2392 ], [ 14.249, 9.2358 ], [ 14.2606, 9.1904 ], [ 14.182, 9.2468 ], [ 14.1684, 9.2674 ], [ 14.1456, 9.2634 ], [ 14.1396, 9.2556 ], [ 14.1154, 9.2638 ], [ 14.0786, 9.2386 ], [ 14.0672, 9.2424 ], [ 14.0152, 9.2344 ], [ 14.0054, 9.2406 ], [ 14.0106, 9.1966 ], [ 13.997, 9.1866 ], [ 13.9962, 9.1758 ], [ 13.97, 9.1596 ], [ 13.9842, 9.1048 ], [ 13.9746, 9.0712 ], [ 13.9676, 9.077 ], [ 13.9522, 9.075 ], [ 13.9478, 9.0616 ], [ 13.9288, 9.0614 ], [ 13.9154, 9.0446 ], [ 13.8864, 9.061 ], [ 13.8688, 9.055 ], [ 13.8586, 9.0644 ], [ 13.8384, 9.067 ], [ 13.8082, 9.0916 ], [ 13.7822, 9.0984 ], [ 13.8046, 9.1132 ], [ 13.8052, 9.1224 ], [ 13.7846, 9.131 ], [ 13.7848, 9.1548 ], [ 13.7678, 9.1694 ], [ 13.7588, 9.165 ], [ 13.7472, 9.1748 ], [ 13.7356, 9.17 ], [ 13.7178, 9.177 ], [ 13.7076, 9.1676 ] ] ] } },
{ "type": "Feature", "properties": { "district": "Biyem Assi", "region": "Centre" }, "geometry": { "type": "Polygon", "coordinates": [ [ [ 11.509, 3.8696 ], [ 11.4936, 3.8622 ], [ 11.4852, 3.8286 ], [ 11.4742, 3.828 ], [ 11.4914, 3.7946 ], [ 11.4762, 3.7944 ], [ 11.4686, 3.786 ], [ 11.4726, 3.7976 ], [ 11.452, 3.8388 ], [ 11.454, 3.856 ], [ 11.4676, 3.8566 ], [ 11.4842, 3.8712 ], [ 11.509, 3.8696 ] ] ] } },
{ "type": "Feature", "properties": { "district": "Bogo", "region": "Extreme-Nord" }, "geometry": { "type": "Polygon", "coordinates": [ [ [ 14.3638, 10.686 ], [ 14.3878, 10.689 ], [ 14.4084, 10.7038 ], [ 14.4174, 10.7388 ], [ 14.4114, 10.7604 ], [ 14.4236, 10.759 ], [ 14.4244, 10.7644 ], [ 14.4336, 10.7586 ], [ 14.448, 10.7736 ], [ 14.4786, 10.7758 ], [ 14.4894, 10.8038 ], [ 14.4848, 10.822 ], [ 14.4962, 10.8292 ], [ 14.498, 10.849 ], [ 14.511, 10.8458 ], [ 14.54, 10.8814 ], [ 14.5704, 10.8798 ], [ 14.5694, 10.8976 ], [ 14.5792, 10.898 ], [ 14.5742, 10.9076 ], [ 14.5844, 10.921 ], [ 14.6036, 10.9092 ], [ 14.6216, 10.9098 ], [ 14.6344, 10.9184 ], [ 14.643, 10.9142 ], [ 14.6894, 10.946 ], [ 14.6904, 10.9532 ], [ 14.71, 10.9576 ], [ 14.748, 10.9932 ], [ 14.7564, 11.0404 ], [ 14.7636, 11.0466 ], [ 14.7768, 11.0484 ], [ 14.7844, 11.0352 ], [ 14.84, 11.0258 ], [ 14.8406, 11.0176 ], [ 14.8148, 10.9962 ], [ 14.8126, 10.9278 ], [ 14.7914, 10.929 ], [ 14.7796, 10.8904 ], [ 14.7982, 10.8676 ], [ 14.796, 10.842 ], [ 14.761, 10.817 ], [ 14.7632, 10.8092 ], [ 14.7852, 10.8022 ], [ 14.7752, 10.801 ], [ 14.769, 10.7862 ], [ 14.7806, 10.7716 ], [ 14.7696, 10.758 ], [ 14.7738, 10.7336 ], [ 14.7654, 10.723 ], [ 14.77, 10.7144 ], [ 14.764, 10.6992 ], [ 14.7746, 10.676 ], [ 14.7742, 10.6572 ], [ 14.737, 10.6422 ], [ 14.7124, 10.607 ], [ 14.6954, 10.5996 ], [ 14.6754, 10.6046 ], [ 14.6778, 10.597 ], [ 14.6668, 10.5878 ], [ 14.6636, 10.5956 ], [ 14.6174, 10.6118 ], [ 14.5896, 10.5902 ], [ 14.5634, 10.6074 ], [ 14.5346, 10.6044 ], [ 14.5132, 10.6148 ], [ 14.5226, 10.629 ], [ 14.5042, 10.647 ], [ 14.5054, 10.671 ], [ 14.488, 10.6846 ], [ 14.464, 10.6864 ], [ 14.4416, 10.6696 ], [ 14.386, 10.6632 ], [ 14.3808, 10.6672 ], [ 14.3884, 10.6702 ], [ 14.3742, 10.6756 ], [ 14.3818, 10.6842 ], [ 14.3638, 10.686 ] ] ] } },
{ "type": "Feature", "properties": { "district": "Boko", "region": "Littoral" }, "geometry": { "type": "Polygon", "coordinates": [ [ [ 9.7196, 4.0204 ], [ 9.7956, 3.9942 ], [ 9.7834, 3.9612 ], [ 9.7686, 3.96 ], [ 9.758, 3.9442 ], [ 9.7242, 3.9584 ], [ 9.7242, 3.9724 ], [ 9.7388, 3.977 ], [ 9.7304, 3.9872 ], [ 9.737, 3.996 ], [ 9.707, 4.012 ], [ 9.7196, 4.0204 ] ] ] } },
{ "type": "Feature", "properties": { "district": "Bonassama", "region": "Littoral" }, "geometry": { "type": "Polygon", "coordinates": [ [ [ 9.7546, 4.151 ], [ 9.7588, 4.1422 ], [ 9.7504, 4.1114 ], [ 9.7284, 4.101 ], [ 9.711, 4.073 ], [ 9.7, 4.072 ], [ 9.6944, 4.1058 ], [ 9.6822, 4.086 ], [ 9.6896, 4.063 ], [ 9.6566, 4.053 ], [ 9.6502, 4.0668 ], [ 9.6418, 4.0662 ], [ 9.6424, 4.0756 ], [ 9.6308, 4.0732 ], [ 9.63, 4.0832 ], [ 9.613, 4.0802 ], [ 9.6024, 4.0966 ], [ 9.5932, 4.0958 ], [ 9.595, 4.109 ], [ 9.6026, 4.1084 ], [ 9.6046, 4.119 ], [ 9.6208, 4.1212 ], [ 9.6312, 4.1364 ], [ 9.641, 4.1356 ], [ 9.6522, 4.1204 ], [ 9.6778, 4.1196 ], [ 9.7108, 4.128 ], [ 9.7236, 4.1492 ], [ 9.7546, 4.151 ] ] ] } },
{ "type": "Feature", "properties": { "district": "Bourha", "region": "Extreme-Nord" }, "geometry": { "type": "Polygon", "coordinates": [ [ [ 13.5508, 10.1014 ], [ 13.4248, 10.0814 ], [ 13.4218, 10.109 ], [ 13.4074, 10.126 ], [ 13.4326, 10.1336 ], [ 13.4342, 10.1462 ], [ 13.4238, 10.1542 ], [ 13.445, 10.1908 ], [ 13.4636, 10.2084 ], [ 13.4666, 10.2586 ], [ 13.4882, 10.2824 ], [ 13.4952, 10.3298 ], [ 13.5018, 10.3372 ], [ 13.4956, 10.3852 ], [ 13.535, 10.3998 ], [ 13.5268, 10.4202 ], [ 13.5584, 10.4126 ], [ 13.565, 10.421 ], [ 13.5918, 10.414 ], [ 13.5956, 10.4068 ], [ 13.6166, 10.408 ], [ 13.6288, 10.4034 ], [ 13.6308, 10.384 ], [ 13.6498, 10.386 ], [ 13.6676, 10.3666 ], [ 13.6906, 10.3626 ], [ 13.6846, 10.343 ], [ 13.7218, 10.3234 ], [ 13.7178, 10.308 ], [ 13.7074, 10.3062 ], [ 13.7166, 10.2962 ], [ 13.708, 10.2782 ], [ 13.732, 10.2662 ], [ 13.7234, 10.2512 ], [ 13.6936, 10.2666 ], [ 13.7012, 10.232 ], [ 13.6908, 10.2294 ], [ 13.6866, 10.207 ], [ 13.6612, 10.1916 ], [ 13.6604, 10.1844 ], [ 13.647, 10.1878 ], [ 13.6472, 10.1716 ], [ 13.6766, 10.149 ], [ 13.6696, 10.1426 ], [ 13.6726, 10.1364 ], [ 13.6418, 10.1252 ], [ 13.6152, 10.131 ], [ 13.5826, 10.1218 ], [ 13.5792, 10.1006 ], [ 13.5942, 10.0728 ], [ 13.5882, 10.0664 ], [ 13.5544, 10.075 ], [ 13.5508, 10.1014 ] ] ] } },
{ "type": "Feature", "properties": { "district": "Buea", "region": "Sud-Ouest" }, "geometry": { "type": "Polygon", "coordinates": [ [ [ 9.3554, 4.195 ], [ 9.3452, 4.175 ], [ 9.3602, 4.1652 ], [ 9.3436, 4.13 ], [ 9.321, 4.1198 ], [ 9.3106, 4.104 ], [ 9.285, 4.1274 ], [ 9.2788, 4.1166 ], [ 9.2856, 4.093 ], [ 9.263, 4.0838 ], [ 9.2546, 4.086 ], [ 9.2536, 4.094 ], [ 9.2268, 4.0974 ], [ 9.212, 4.0884 ], [ 9.1988, 4.0954 ], [ 9.1696, 4.0898 ], [ 9.1242, 4.1076 ], [ 9.096, 4.1336 ], [ 9.1042, 4.1474 ], [ 9.166, 4.1986 ], [ 9.2286, 4.2842 ], [ 9.2816, 4.2416 ], [ 9.3194, 4.2312 ], [ 9.3096, 4.2224 ], [ 9.318, 4.2096 ], [ 9.3314, 4.2082 ], [ 9.324, 4.1932 ], [ 9.3322, 4.185 ], [ 9.3554, 4.195 ] ] ] } },
{ "type": "Feature", "properties": { "district": "Cite Des Palmiers", "region": "Littoral" }, "geometry": { "type": "Polygon", "coordinates": [ [ [ 9.8456, 4.0662 ], [ 9.8228, 4.0516 ], [ 9.8254, 4.0406 ], [ 9.8182, 4.034 ], [ 9.7754, 4.035 ], [ 9.7682, 4.0296 ], [ 9.7592, 4.0472 ], [ 9.7432, 4.0438 ], [ 9.7484, 4.0702 ], [ 9.7738, 4.0662 ], [ 9.793, 4.0752 ], [ 9.7958, 4.0888 ], [ 9.8082, 4.0942 ], [ 9.8092, 4.107 ], [ 9.828, 4.1214 ], [ 9.827, 4.1404 ], [ 9.8464, 4.1668 ], [ 9.8634, 4.1564 ], [ 9.8588, 4.1398 ], [ 9.8322, 4.12 ], [ 9.8386, 4.1032 ], [ 9.833, 4.083 ], [ 9.842, 4.0794 ], [ 9.8374, 4.0748 ], [ 9.8444, 4.0746 ], [ 9.8456, 4.0662 ] ] ] } },
{ "type": "Feature", "properties": { "district": "Cite Verte", "region": "Centre" }, "geometry": { "type": "Polygon", "coordinates": [ [ [ 11.5132, 3.8678 ], [ 11.4842, 3.8712 ], [ 11.4814, 3.8852 ], [ 11.4624, 3.9094 ], [ 11.4778, 3.9238 ], [ 11.4784, 3.9358 ], [ 11.4976, 3.9282 ], [ 11.5132, 3.8678 ] ] ] } },
{ "type": "Feature", "properties": { "district": "Dang", "region": "Adamaoua" }, "geometry": { "type": "MultiPolygon", "coordinates": [ [ [ [ 12.8858, 6.9882 ], [ 12.8858, 6.9884 ], [ 12.886, 6.9884 ], [ 12.8858, 6.9882 ] ] ], [ [ [ 12.8548, 7.1718 ], [ 12.8702, 7.1748 ], [ 12.8658, 7.1856 ], [ 12.8792, 7.1916 ], [ 12.8908, 7.1878 ], [ 12.8974, 7.2048 ], [ 12.8906, 7.2262 ], [ 12.903, 7.225 ], [ 12.91, 7.2392 ], [ 12.9354, 7.2436 ], [ 12.9312, 7.2576 ], [ 12.9448, 7.2524 ], [ 12.9524, 7.2586 ], [ 12.9514, 7.2678 ], [ 12.9818, 7.2676 ], [ 12.9826, 7.2596 ], [ 12.9924, 7.2638 ], [ 12.9982, 7.2532 ], [ 13.0072, 7.2578 ], [ 13.0118, 7.2692 ], [ 12.992, 7.274 ], [ 12.9918, 7.294 ], [ 12.9856, 7.2978 ], [ 13.0018, 7.313 ], [ 13.001, 7.3416 ], [ 13.0044, 7.344 ], [ 13.0022, 7.3386 ], [ 13.0096, 7.3374 ], [ 13.008, 7.344 ], [ 13.0242, 7.3514 ], [ 13.014, 7.357 ], [ 13.0214, 7.3704 ], [ 13.0596, 7.3816 ], [ 13.065, 7.391 ], [ 13.0814, 7.3894 ], [ 13.0832, 7.3986 ], [ 13.1168, 7.4032 ], [ 13.1138, 7.418 ], [ 13.1228, 7.4312 ], [ 13.1332, 7.424 ], [ 13.1466, 7.4642 ], [ 13.1336, 7.5024 ], [ 13.172, 7.5272 ], [ 13.1846, 7.5736 ], [ 13.2426, 7.5718 ], [ 13.2464, 7.5806 ], [ 13.2882, 7.5678 ], [ 13.3144, 7.577 ], [ 13.3248, 7.5658 ], [ 13.3374, 7.5788 ], [ 13.3764, 7.5706 ], [ 13.397, 7.5462 ], [ 13.4328, 7.5512 ], [ 13.4674, 7.5682 ], [ 13.4828, 7.5614 ], [ 13.5004, 7.574 ], [ 13.512, 7.5708 ], [ 13.507, 7.5626 ], [ 13.5166, 7.5662 ], [ 13.5198, 7.5612 ], [ 13.542, 7.5826 ], [ 13.5296, 7.5994 ], [ 13.555, 7.6024 ], [ 13.5666, 7.6134 ], [ 13.5778, 7.6114 ], [ 13.5772, 7.6176 ], [ 13.6076, 7.6188 ], [ 13.6172, 7.6122 ], [ 13.647, 7.6414 ], [ 13.659, 7.6312 ], [ 13.6806, 7.6464 ], [ 13.7084, 7.64 ], [ 13.7134, 7.6442 ], [ 13.7054, 7.6554 ], [ 13.7098, 7.6664 ], [ 13.7278, 7.6542 ], [ 13.744, 7.6172 ], [ 13.74, 7.612 ], [ 13.7502, 7.609 ], [ 13.7486, 7.5924 ], [ 13.7364, 7.5804 ], [ 13.733, 7.5648 ], [ 13.7264, 7.5616 ], [ 13.7268, 7.5742 ], [ 13.708, 7.5932 ], [ 13.703, 7.5814 ], [ 13.6762, 7.5928 ], [ 13.6598, 7.5526 ], [ 13.6718, 7.5442 ], [ 13.6702, 7.533 ], [ 13.6468, 7.545 ], [ 13.6282, 7.54 ], [ 13.6194, 7.5448 ], [ 13.6146, 7.539 ], [ 13.621, 7.5288 ], [ 13.593, 7.5392 ], [ 13.5886, 7.5228 ], [ 13.578, 7.5256 ], [ 13.5892, 7.4602 ], [ 13.5838, 7.449 ], [ 13.5914, 7.4468 ], [ 13.5886, 7.4388 ], [ 13.607, 7.4188 ], [ 13.5848, 7.4074 ], [ 13.5542, 7.4062 ], [ 13.5542, 7.3916 ], [ 13.5664, 7.3858 ], [ 13.558, 7.384 ], [ 13.5572, 7.3682 ], [ 13.5502, 7.3608 ], [ 13.525, 7.3582 ], [ 13.5128, 7.3538 ], [ 13.4792, 7.3712 ], [ 13.4388, 7.3588 ], [ 13.4308, 7.3696 ], [ 13.4478, 7.37 ], [ 13.4322, 7.3904 ], [ 13.3926, 7.3992 ], [ 13.3934, 7.3858 ], [ 13.4126, 7.3656 ], [ 13.4122, 7.353 ], [ 13.4308, 7.343 ], [ 13.435, 7.3298 ], [ 13.4606, 7.3242 ], [ 13.4686, 7.2752 ], [ 13.4942, 7.2676 ], [ 13.487, 7.2456 ], [ 13.4954, 7.231 ], [ 13.48, 7.2156 ], [ 13.4822, 7.2112 ], [ 13.48, 7.2036 ], [ 13.4524, 7.1774 ], [ 13.4174, 7.1546 ], [ 13.4222, 7.1456 ], [ 13.402, 7.1446 ], [ 13.3916, 7.1576 ], [ 13.3814, 7.1556 ], [ 13.3588, 7.1352 ], [ 13.3634, 7.1248 ], [ 13.353, 7.1256 ], [ 13.349, 7.1164 ], [ 13.3276, 7.1076 ], [ 13.326, 7.1114 ], [ 13.3196, 7.1124 ], [ 13.3498, 7.0544 ], [ 13.3426, 7.0368 ], [ 13.349, 7.0206 ], [ 13.3334, 7.0272 ], [ 13.3212, 7.0166 ], [ 13.3034, 7.0232 ], [ 13.276, 7.0026 ], [ 13.2814, 6.9972 ], [ 13.2756, 6.9744 ], [ 13.3024, 6.9312 ], [ 13.3442, 6.944 ], [ 13.3772, 6.9424 ], [ 13.3864, 6.9546 ], [ 13.399, 6.9506 ], [ 13.411, 6.9692 ], [ 13.4946, 6.9492 ], [ 13.4912, 6.9314 ], [ 13.4668, 6.9076 ], [ 13.4662, 6.9008 ], [ 13.4774, 6.8934 ], [ 13.4726, 6.881 ], [ 13.4772, 6.871 ], [ 13.494, 6.8502 ], [ 13.4784, 6.822 ], [ 13.5052, 6.7978 ], [ 13.4978, 6.7776 ], [ 13.5326, 6.775 ], [ 13.5366, 6.7686 ], [ 13.5262, 6.718 ], [ 13.5298, 6.7054 ], [ 13.5102, 6.6778 ], [ 13.508, 6.6532 ], [ 13.47, 6.6352 ], [ 13.4628, 6.6438 ], [ 13.4406, 6.639 ], [ 13.4342, 6.6464 ], [ 13.4246, 6.6406 ], [ 13.404, 6.647 ], [ 13.3958, 6.6324 ], [ 13.3924, 6.641 ], [ 13.3726, 6.6478 ], [ 13.3734, 6.663 ], [ 13.3614, 6.679 ], [ 13.3652, 6.6838 ], [ 13.353, 6.6882 ], [ 13.3588, 6.7222 ], [ 13.3434, 6.7328 ], [ 13.3368, 6.745 ], [ 13.3436, 6.748 ], [ 13.2728, 6.7642 ], [ 13.2658, 6.7806 ], [ 13.2528, 6.7788 ], [ 13.25, 6.7908 ], [ 13.2322, 6.779 ], [ 13.2016, 6.7776 ], [ 13.1926, 6.7842 ], [ 13.1794, 6.7772 ], [ 13.1684, 6.7954 ], [ 13.141, 6.7958 ], [ 13.0992, 6.8186 ], [ 13.103, 6.8274 ], [ 13.096, 6.8368 ], [ 13.0702, 6.8388 ], [ 13.0574, 6.8594 ], [ 13.0398, 6.851 ], [ 13.022, 6.8592 ], [ 13.0104, 6.8442 ], [ 12.9998, 6.8448 ], [ 12.976, 6.8226 ], [ 12.9556, 6.8164 ], [ 12.9524, 6.8046 ], [ 12.9612, 6.806 ], [ 12.9714, 6.786 ], [ 12.9686, 6.7716 ], [ 12.9444, 6.772 ], [ 12.9278, 6.7826 ], [ 12.9166, 6.7662 ], [ 12.8922, 6.7744 ], [ 12.8738, 6.7718 ], [ 12.8712, 6.785 ], [ 12.8912, 6.8124 ], [ 12.8918, 6.8358 ], [ 12.9126, 6.8704 ], [ 12.8926, 6.9042 ], [ 12.8894, 6.9402 ], [ 12.8762, 6.9604 ], [ 12.8766, 6.9776 ], [ 12.8876, 6.9894 ], [ 12.8896, 6.9998 ], [ 12.8358, 7.0468 ], [ 12.8386, 7.058 ], [ 12.8202, 7.1368 ], [ 12.8432, 7.1404 ], [ 12.8548, 7.1718 ] ], [ [ 13.0692, 6.8436 ], [ 13.069, 6.8436 ], [ 13.069, 6.8434 ], [ 13.0692, 6.8436 ] ], [ [ 12.8858, 7.0038 ], [ 12.8858, 7.0036 ], [ 12.886, 7.0036 ], [ 12.8858, 7.0038 ] ], [ [ 13.4546, 7.1832 ], [ 13.4546, 7.183 ], [ 13.4548, 7.183 ], [ 13.4546, 7.1832 ] ], [ [ 13.4802, 7.2044 ], [ 13.48, 7.2046 ], [ 13.48, 7.2044 ], [ 13.4802, 7.2044 ] ], [ [ 13.551, 7.362 ], [ 13.5508, 7.3622 ], [ 13.5508, 7.362 ], [ 13.551, 7.362 ] ] ], [ [ [ 13.5258, 7.358 ], [ 13.526, 7.358 ], [ 13.5258, 7.3578 ], [ 13.5258, 7.358 ] ] ], [ [ [ 13.5446, 7.3584 ], [ 13.5444, 7.3584 ], [ 13.5446, 7.3586 ], [ 13.5446, 7.3584 ] ] ] ] } },
{ "type": "Feature", "properties": { "district": "Deido", "region": "Littoral" }, "geometry": { "type": "Polygon", "coordinates": [ [ [ 9.735, 4.0642 ], [ 9.7426, 4.0648 ], [ 9.7496, 4.0548 ], [ 9.7436, 4.0442 ], [ 9.7216, 4.0484 ], [ 9.7016, 4.0428 ], [ 9.695, 4.032 ], [ 9.7062, 4.026 ], [ 9.6932, 4.0162 ], [ 9.6964, 4.008 ], [ 9.678, 4.0042 ], [ 9.666, 4.0328 ], [ 9.6922, 4.0558 ], [ 9.6962, 4.073 ], [ 9.711, 4.073 ], [ 9.7226, 4.087 ], [ 9.7272, 4.0772 ], [ 9.7358, 4.0784 ], [ 9.735, 4.0642 ] ] ] } },
{ "type": "Feature", "properties": { "district": "Dibombari", "region": "Littoral" }, "geometry": { "type": "Polygon", "coordinates": [ [ [ 9.735, 4.2494 ], [ 9.7674, 4.2064 ], [ 9.7516, 4.1736 ], [ 9.7546, 4.151 ], [ 9.7236, 4.1492 ], [ 9.7108, 4.128 ], [ 9.6778, 4.1196 ], [ 9.6522, 4.1204 ], [ 9.6402, 4.1362 ], [ 9.6304, 4.136 ], [ 9.6208, 4.1212 ], [ 9.6046, 4.119 ], [ 9.6026, 4.1084 ], [ 9.595, 4.109 ], [ 9.5932, 4.0958 ], [ 9.6024, 4.0966 ], [ 9.6036, 4.0902 ], [ 9.587, 4.0806 ], [ 9.5834, 4.0578 ], [ 9.5724, 4.0626 ], [ 9.5694, 4.0786 ], [ 9.5586, 4.0842 ], [ 9.5462, 4.0738 ], [ 9.5258, 4.071 ], [ 9.5134, 4.0778 ], [ 9.5052, 4.0716 ], [ 9.5082, 4.0844 ], [ 9.5296, 4.105 ], [ 9.5522, 4.1064 ], [ 9.5556, 4.1208 ], [ 9.5448, 4.134 ], [ 9.5476, 4.147 ], [ 9.5274, 4.165 ], [ 9.5256, 4.187 ], [ 9.5362, 4.1986 ], [ 9.559, 4.2048 ], [ 9.5686, 4.2182 ], [ 9.603, 4.227 ], [ 9.6394, 4.21 ], [ 9.6598, 4.232 ], [ 9.7224, 4.2634 ], [ 9.7202, 4.2482 ], [ 9.735, 4.2494 ] ] ] } },
{ "type": "Feature", "properties": { "district": "Djohong", "region": "Adamaoua" }, "geometry": { "type": "Polygon", "coordinates": [ [ [ 14.424, 6.1002 ], [ 14.4368, 6.105 ], [ 14.4404, 6.1152 ], [ 14.4354, 6.139 ], [ 14.4254, 6.1468 ], [ 14.4324, 6.163 ], [ 14.4398, 6.162 ], [ 14.4326, 6.1712 ], [ 14.4382, 6.1768 ], [ 14.4212, 6.1898 ], [ 14.4082, 6.1798 ], [ 14.401, 6.202 ], [ 14.416, 6.2174 ], [ 14.412, 6.2214 ], [ 14.4214, 6.2244 ], [ 14.4196, 6.2326 ], [ 14.4304, 6.2342 ], [ 14.4308, 6.243 ], [ 14.439, 6.2472 ], [ 14.435, 6.2554 ], [ 14.4408, 6.2572 ], [ 14.4278, 6.2724 ], [ 14.4356, 6.2682 ], [ 14.4524, 6.2834 ], [ 14.4608, 6.278 ], [ 14.4628, 6.289 ], [ 14.5008, 6.304 ], [ 14.5014, 6.3186 ], [ 14.518, 6.3228 ], [ 14.5332, 6.3444 ], [ 14.5398, 6.35 ], [ 14.544, 6.346 ], [ 14.5422, 6.3542 ], [ 14.5506, 6.3636 ], [ 14.5732, 6.3786 ], [ 14.5814, 6.3772 ], [ 14.5998, 6.3952 ], [ 14.6022, 6.4118 ], [ 14.5936, 6.4208 ], [ 14.5994, 6.4276 ], [ 14.5984, 6.4502 ], [ 14.5874, 6.4548 ], [ 14.5736, 6.4996 ], [ 14.5462, 6.5138 ], [ 14.5388, 6.5248 ], [ 14.5408, 6.565 ], [ 14.5208, 6.5558 ], [ 14.514, 6.5402 ], [ 14.5014, 6.5506 ], [ 14.4734, 6.5552 ], [ 14.4678, 6.6026 ], [ 14.4482, 6.6178 ], [ 14.411, 6.6666 ], [ 14.4068, 6.7002 ], [ 14.4268, 6.7074 ], [ 14.437, 6.6944 ], [ 14.4574, 6.69 ], [ 14.4604, 6.7176 ], [ 14.4522, 6.734 ], [ 14.4778, 6.7258 ], [ 14.5022, 6.7368 ], [ 14.5032, 6.7482 ], [ 14.5162, 6.7562 ], [ 14.5362, 6.7264 ], [ 14.5522, 6.7472 ], [ 14.5464, 6.7542 ], [ 14.5492, 6.7702 ], [ 14.572, 6.7598 ], [ 14.5784, 6.7486 ], [ 14.5932, 6.7556 ], [ 14.613, 6.7412 ], [ 14.6324, 6.7504 ], [ 14.6336, 6.7778 ], [ 14.6418, 6.7818 ], [ 14.6228, 6.804 ], [ 14.6026, 6.8042 ], [ 14.5888, 6.8152 ], [ 14.5828, 6.848 ], [ 14.6098, 6.8604 ], [ 14.6084, 6.8858 ], [ 14.624, 6.8922 ], [ 14.629, 6.9072 ], [ 14.64, 6.9132 ], [ 14.641, 6.9232 ], [ 14.62, 6.9328 ], [ 14.6308, 6.945 ], [ 14.6868, 6.958 ], [ 14.7116, 6.9558 ], [ 14.7482, 6.9842 ], [ 14.7598, 6.9832 ], [ 14.7636, 6.997 ], [ 14.801, 7.0244 ], [ 14.8136, 7.0246 ], [ 14.829, 7.013 ], [ 14.8424, 7.0156 ], [ 14.867, 7.0316 ], [ 14.8662, 7.0262 ], [ 14.8778, 7.0272 ], [ 14.8754, 7.034 ], [ 14.886, 7.0354 ], [ 14.8786, 7.048 ], [ 14.8882, 7.0466 ], [ 14.8904, 7.0538 ], [ 14.902, 7.0492 ], [ 14.9268, 7.0682 ], [ 14.9308, 7.0616 ], [ 14.941, 7.0708 ], [ 14.9456, 7.0642 ], [ 14.963, 7.0698 ], [ 14.9586, 7.0746 ], [ 14.9684, 7.0798 ], [ 14.9928, 7.0728 ], [ 15.0076, 7.0782 ], [ 15.0658, 7.1094 ], [ 15.0662, 7.1206 ], [ 15.1092, 7.1534 ], [ 15.1188, 7.1522 ], [ 15.2096, 7.223 ], [ 15.2334, 7.2166 ], [ 15.206, 7.1768 ], [ 15.21, 7.145 ], [ 15.2208, 7.139 ], [ 15.2212, 7.1256 ], [ 15.2138, 7.1224 ], [ 15.2208, 7.1068 ], [ 15.2102, 7.103 ], [ 15.2152, 7.097 ], [ 15.206, 7.086 ], [ 15.19, 7.082 ], [ 15.1902, 7.07 ], [ 15.1682, 7.075 ], [ 15.1586, 7.0594 ], [ 15.1588, 7.0444 ], [ 15.1404, 7.0196 ], [ 15.142, 7.0048 ], [ 15.1336, 6.9782 ], [ 15.1404, 6.947 ], [ 15.121, 6.9286 ], [ 15.0808, 6.8348 ], [ 15.0674, 6.8176 ], [ 15.0572, 6.7724 ], [ 15.0396, 6.7608 ], [ 15.0152, 6.7692 ], [ 14.9884, 6.7548 ], [ 14.9674, 6.7574 ], [ 14.9548, 6.7292 ], [ 14.959, 6.7208 ], [ 14.942, 6.7204 ], [ 14.9428, 6.6992 ], [ 14.9272, 6.7016 ], [ 14.9322, 6.6468 ], [ 14.9164, 6.6418 ], [ 14.8826, 6.582 ], [ 14.8816, 6.5388 ], [ 14.8896, 6.498 ], [ 14.8628, 6.4182 ], [ 14.872, 6.3824 ], [ 14.8712, 6.3504 ], [ 14.8696, 6.341 ], [ 14.8402, 6.337 ], [ 14.8392, 6.3244 ], [ 14.8518, 6.3134 ], [ 14.8402, 6.2886 ], [ 14.8164, 6.2748 ], [ 14.7826, 6.2796 ], [ 14.7692, 6.2746 ], [ 14.7298, 6.2448 ], [ 14.727, 6.2312 ], [ 14.7008, 6.201 ], [ 14.673, 6.2132 ], [ 14.6642, 6.2298 ], [ 14.6574, 6.2202 ], [ 14.6578, 6.1864 ], [ 14.6342, 6.1992 ], [ 14.6194, 6.1974 ], [ 14.6012, 6.1712 ], [ 14.5672, 6.1974 ], [ 14.5306, 6.172 ], [ 14.5102, 6.148 ], [ 14.505, 6.131 ], [ 14.486, 6.121 ], [ 14.4704, 6.0992 ], [ 14.4318, 6.0836 ], [ 14.4232, 6.0862 ], [ 14.424, 6.1002 ] ], [ [ 15.1414, 7.006 ], [ 15.141, 7.0062 ], [ 15.141, 7.0058 ], [ 15.1414, 7.006 ] ] ] } },
{ "type": "Feature", "properties": { "district": "Djoum", "region": "Sud" }, "geometry": { "type": "Polygon", "coordinates": [ [ [ 12.7784, 2.941 ], [ 12.7944, 2.9286 ], [ 12.7972, 2.9052 ], [ 12.8186, 2.9144 ], [ 12.8372, 2.8898 ], [ 12.8622, 2.895 ], [ 12.8748, 2.8772 ], [ 12.9164, 2.8806 ], [ 12.9246, 2.8694 ], [ 12.9384, 2.8746 ], [ 12.9408, 2.8658 ], [ 12.9654, 2.8654 ], [ 12.9884, 2.89 ], [ 12.9908, 2.8744 ], [ 13.0086, 2.869 ], [ 13.0026, 2.8494 ], [ 13.0218, 2.8612 ], [ 13.0404, 2.8482 ], [ 13.0704, 2.8502 ], [ 13.079, 2.84 ], [ 13.0854, 2.8482 ], [ 13.0814, 2.8578 ], [ 13.0998, 2.8518 ], [ 13.0954, 2.8412 ], [ 13.1086, 2.842 ], [ 13.1132, 2.8588 ], [ 13.1276, 2.865 ], [ 13.1324, 2.8762 ], [ 13.1368, 2.8636 ], [ 13.1578, 2.847 ], [ 13.166, 2.8532 ], [ 13.192, 2.8506 ], [ 13.1966, 2.868 ], [ 13.2074, 2.8688 ], [ 13.2384, 2.8468 ], [ 13.229, 2.838 ], [ 13.232, 2.8302 ], [ 13.259, 2.8272 ], [ 13.269, 2.8124 ], [ 13.2644, 2.7878 ], [ 13.2704, 2.784 ], [ 13.2896, 2.7906 ], [ 13.2754, 2.814 ], [ 13.2688, 2.8436 ], [ 13.2848, 2.8492 ], [ 13.306, 2.8392 ], [ 13.3178, 2.8138 ], [ 13.3484, 2.8 ], [ 13.373, 2.824 ], [ 13.3836, 2.821 ], [ 13.389, 2.8056 ], [ 13.405, 2.7912 ], [ 13.4256, 2.7936 ], [ 13.4314, 2.7758 ], [ 13.447, 2.7854 ], [ 13.4684, 2.7788 ], [ 13.483, 2.7896 ], [ 13.5014, 2.7908 ], [ 13.5102, 2.8008 ], [ 13.5096, 2.8132 ], [ 13.4958, 2.8274 ], [ 13.5062, 2.8416 ], [ 13.5138, 2.8406 ], [ 13.5208, 2.825 ], [ 13.5336, 2.8254 ], [ 13.5278, 2.8306 ], [ 13.5304, 2.8568 ], [ 13.548, 2.8594 ], [ 13.5554, 2.8472 ], [ 13.5728, 2.8644 ], [ 13.5796, 2.8868 ], [ 13.6024, 2.8992 ], [ 13.6124, 2.8962 ], [ 13.6188, 2.907 ], [ 13.639, 2.9158 ], [ 13.6478, 2.9128 ], [ 13.6618, 2.8362 ], [ 13.6762, 2.8202 ], [ 13.6648, 2.7952 ], [ 13.647, 2.7806 ], [ 13.6794, 2.7674 ], [ 13.693, 2.7466 ], [ 13.6772, 2.7282 ], [ 13.6644, 2.7246 ], [ 13.6554, 2.733 ], [ 13.6444, 2.7198 ], [ 13.6282, 2.656 ], [ 13.6382, 2.6426 ], [ 13.652, 2.6472 ], [ 13.6936, 2.6412 ], [ 13.7158, 2.6238 ], [ 13.7056, 2.5878 ], [ 13.6886, 2.5858 ], [ 13.65, 2.5572 ], [ 13.6696, 2.4794 ], [ 13.6874, 2.453 ], [ 13.6658, 2.3864 ], [ 13.6472, 2.3754 ], [ 13.6864, 2.3574 ], [ 13.6924, 2.3486 ], [ 13.7064, 2.3522 ], [ 13.719, 2.3392 ], [ 13.706, 2.2972 ], [ 13.7128, 2.2726 ], [ 13.6626, 2.2418 ], [ 13.652, 2.222 ], [ 13.6802, 2.1718 ], [ 13.2954, 2.171 ], [ 13.2986, 2.1834 ], [ 13.2852, 2.19 ], [ 13.3056, 2.2082 ], [ 13.296, 2.2186 ], [ 13.2994, 2.2284 ], [ 13.2832, 2.2426 ], [ 13.2856, 2.2492 ], [ 13.2808, 2.2522 ], [ 13.2686, 2.241 ], [ 13.2722, 2.2504 ], [ 13.2574, 2.2552 ], [ 13.2614, 2.262 ], [ 13.247, 2.2744 ], [ 13.231, 2.2706 ], [ 13.2202, 2.2578 ], [ 13.2136, 2.2642 ], [ 13.2022, 2.2616 ], [ 13.2028, 2.27 ], [ 13.1914, 2.2634 ], [ 13.186, 2.2756 ], [ 13.1942, 2.2736 ], [ 13.1928, 2.2832 ], [ 13.1766, 2.2786 ], [ 13.1578, 2.2868 ], [ 13.1104, 2.2692 ], [ 13.113, 2.2524 ], [ 13.0954, 2.2558 ], [ 13.0952, 2.2468 ], [ 13.0846, 2.2408 ], [ 13.0742, 2.2514 ], [ 13.0604, 2.2492 ], [ 13.0546, 2.2392 ], [ 13.0322, 2.2376 ], [ 13.031, 2.2512 ], [ 13.0276, 2.2452 ], [ 13.0154, 2.2532 ], [ 12.9772, 2.2504 ], [ 12.9672, 2.2418 ], [ 12.9168, 2.255 ], [ 12.9126, 2.2492 ], [ 12.9184, 2.2452 ], [ 12.8958, 2.2364 ], [ 12.8858, 2.2374 ], [ 12.8856, 2.246 ], [ 12.8774, 2.249 ], [ 12.8712, 2.2298 ], [ 12.8664, 2.234 ], [ 12.8584, 2.2282 ], [ 12.8428, 2.2424 ], [ 12.8232, 2.2426 ], [ 12.824, 2.2566 ], [ 12.8178, 2.26 ], [ 12.8114, 2.249 ], [ 12.7954, 2.2532 ], [ 12.786, 2.237 ], [ 12.7416, 2.2224 ], [ 12.724, 2.2348 ], [ 12.7092, 2.2292 ], [ 12.6814, 2.2456 ], [ 12.64, 2.2426 ], [ 12.6086, 2.2588 ], [ 12.5912, 2.2556 ], [ 12.5822, 2.2632 ], [ 12.5856, 2.267 ], [ 12.5726, 2.2714 ], [ 12.5432, 2.2596 ], [ 12.4936, 2.264 ], [ 12.46, 2.257 ], [ 12.349, 2.2772 ], [ 12.3276, 2.2838 ], [ 12.3218, 2.2952 ], [ 12.2906, 2.2796 ], [ 12.2834, 2.2608 ], [ 12.2596, 2.2604 ], [ 12.2452, 2.2506 ], [ 12.2228, 2.2616 ], [ 12.2078, 2.2814 ], [ 12.1688, 2.2868 ], [ 12.1472, 2.276 ], [ 12.123, 2.2948 ], [ 12.0968, 2.28 ], [ 12.0504, 2.2878 ], [ 12.0394, 2.283 ], [ 12.0134, 2.294 ], [ 12.007, 2.2854 ], [ 11.9954, 2.2844 ], [ 11.9824, 2.292 ], [ 11.9396, 2.2832 ], [ 11.934, 2.2884 ], [ 11.933, 2.3018 ], [ 11.939, 2.3002 ], [ 11.9366, 2.3072 ], [ 11.9492, 2.3132 ], [ 11.9404, 2.3332 ], [ 11.9694, 2.3482 ], [ 11.9638, 2.3618 ], [ 11.982, 2.3906 ], [ 11.9774, 2.4002 ], [ 11.99, 2.4018 ], [ 12.0052, 2.4222 ], [ 12.011, 2.4178 ], [ 12.029, 2.4274 ], [ 12.0604, 2.4526 ], [ 12.0832, 2.446 ], [ 12.1064, 2.4578 ], [ 12.1148, 2.4698 ], [ 12.1296, 2.4718 ], [ 12.1684, 2.5018 ], [ 12.1764, 2.5222 ], [ 12.213, 2.542 ], [ 12.2404, 2.5676 ], [ 12.2418, 2.587 ], [ 12.2602, 2.5886 ], [ 12.2732, 2.6068 ], [ 12.3072, 2.6176 ], [ 12.3506, 2.6568 ], [ 12.3744, 2.6432 ], [ 12.4038, 2.656 ], [ 12.434, 2.6442 ], [ 12.461, 2.6578 ], [ 12.4664, 2.6756 ], [ 12.482, 2.6884 ], [ 12.4836, 2.7028 ], [ 12.5102, 2.7252 ], [ 12.505, 2.743 ], [ 12.5154, 2.7526 ], [ 12.5058, 2.7712 ], [ 12.532, 2.7784 ], [ 12.5548, 2.7756 ], [ 12.565, 2.7694 ], [ 12.563, 2.7626 ], [ 12.5814, 2.7536 ], [ 12.5586, 2.8028 ], [ 12.556, 2.8448 ], [ 12.572, 2.8852 ], [ 12.5716, 2.9308 ], [ 12.5832, 2.9648 ], [ 12.5988, 2.98 ], [ 12.627, 2.9918 ], [ 12.6334, 2.9726 ], [ 12.6488, 2.9876 ], [ 12.6644, 2.9878 ], [ 12.6674, 2.9698 ], [ 12.6898, 2.975 ], [ 12.7134, 2.9654 ], [ 12.7426, 2.9808 ], [ 12.7656, 2.974 ], [ 12.7784, 2.941 ] ] ] } },
{ "type": "Feature", "properties": { "district": "Djoungolo", "region": "Centre" }, "geometry": { "type": "Polygon", "coordinates": [ [ [ 11.5226, 3.9702 ], [ 11.5446, 3.953 ], [ 11.5582, 3.9588 ], [ 11.5606, 3.947 ], [ 11.5746, 3.9408 ], [ 11.5676, 3.932 ], [ 11.5364, 3.9286 ], [ 11.5372, 3.893 ], [ 11.5206, 3.8614 ], [ 11.5036, 3.892 ], [ 11.4976, 3.9282 ], [ 11.4784, 3.9358 ], [ 11.4784, 3.9446 ], [ 11.4838, 3.9566 ], [ 11.5024, 3.9588 ], [ 11.5012, 3.9662 ], [ 11.5226, 3.9702 ] ] ] } },
{ "type": "Feature", "properties": { "district": "Doume", "region": "Est" }, "geometry": { "type": "Polygon", "coordinates": [ [ [ 13.592, 4.4736 ], [ 13.6084, 4.4552 ], [ 13.6756, 4.4218 ], [ 13.692, 4.3898 ], [ 13.7088, 4.3818 ], [ 13.7516, 4.3398 ], [ 13.781, 4.3328 ], [ 13.7954, 4.3186 ], [ 13.8088, 4.2774 ], [ 13.7796, 4.2562 ], [ 13.7214, 4.2696 ], [ 13.6796, 4.2502 ], [ 13.6434, 4.244 ], [ 13.6404, 4.2316 ], [ 13.6594, 4.2102 ], [ 13.653, 4.1984 ], [ 13.6624, 4.1836 ], [ 13.6558, 4.1724 ], [ 13.6364, 4.1498 ], [ 13.619, 4.1482 ], [ 13.6148, 4.137 ], [ 13.5988, 4.1418 ], [ 13.589, 4.1076 ], [ 13.5588, 4.0934 ], [ 13.5552, 4.0802 ], [ 13.5264, 4.0726 ], [ 13.5356, 4.0396 ], [ 13.514, 4.0404 ], [ 13.521, 4.0104 ], [ 13.544, 3.9868 ], [ 13.5318, 3.97 ], [ 13.534, 3.961 ], [ 13.5142, 3.9524 ], [ 13.513, 3.9442 ], [ 13.56, 3.9284 ], [ 13.547, 3.9122 ], [ 13.523, 3.9168 ], [ 13.5188, 3.8804 ], [ 13.5088, 3.8604 ], [ 13.4756, 3.8772 ], [ 13.4628, 3.8678 ], [ 13.4106, 3.8884 ], [ 13.3068, 3.9786 ], [ 13.204, 3.9976 ], [ 13.1862, 3.9874 ], [ 13.154, 4.007 ], [ 13.1162, 4.015 ], [ 13.1004, 4.0312 ], [ 13.1386, 4.065 ], [ 13.1002, 4.0876 ], [ 13.1018, 4.1066 ], [ 13.0716, 4.1532 ], [ 13.0472, 4.165 ], [ 13.0182, 4.1936 ], [ 13.0076, 4.1928 ], [ 12.9932, 4.2058 ], [ 12.9838, 4.2032 ], [ 12.9634, 4.2284 ], [ 12.9614, 4.277 ], [ 12.9512, 4.301 ], [ 12.9632, 4.3194 ], [ 12.9476, 4.3212 ], [ 12.948, 4.3458 ], [ 12.9346, 4.355 ], [ 12.954, 4.3598 ], [ 12.969, 4.3758 ], [ 12.9706, 4.3978 ], [ 12.9992, 4.3962 ], [ 13.0128, 4.3874 ], [ 13.0246, 4.3958 ], [ 13.057, 4.3934 ], [ 13.115, 4.3692 ], [ 13.1204, 4.359 ], [ 13.1472, 4.369 ], [ 13.1772, 4.3638 ], [ 13.193, 4.3826 ], [ 13.2308, 4.3802 ], [ 13.2264, 4.4276 ], [ 13.2372, 4.4578 ], [ 13.2278, 4.4668 ], [ 13.2236, 4.4882 ], [ 13.281, 4.501 ], [ 13.2986, 4.5138 ], [ 13.3336, 4.5238 ], [ 13.3956, 4.5138 ], [ 13.4254, 4.4912 ], [ 13.4394, 4.469 ], [ 13.4638, 4.4672 ], [ 13.4674, 4.458 ], [ 13.4828, 4.464 ], [ 13.499, 4.459 ], [ 13.5116, 4.4732 ], [ 13.5446, 4.4734 ], [ 13.5592, 4.4878 ], [ 13.592, 4.4736 ] ] ] } },
{ "type": "Feature", "properties": { "district": "Dschang", "region": "Ouest" }, "geometry": { "type": "MultiPolygon", "coordinates": [ [ [ [ 9.9674, 5.5618 ], [ 9.9542, 5.5764 ], [ 9.94, 5.5784 ], [ 9.9458, 5.5944 ], [ 9.965, 5.5882 ], [ 9.987, 5.5694 ], [ 10.008, 5.5852 ], [ 10.0108, 5.5958 ], [ 10.0246, 5.599 ], [ 10.028, 5.61 ], [ 10.0488, 5.5908 ], [ 10.052, 5.6124 ], [ 10.0612, 5.6148 ], [ 10.0736, 5.6006 ], [ 10.077, 5.6194 ], [ 10.0912, 5.6152 ], [ 10.0944, 5.6 ], [ 10.1306, 5.574 ], [ 10.127, 5.5604 ], [ 10.14, 5.5386 ], [ 10.1536, 5.545 ], [ 10.1756, 5.5162 ], [ 10.2012, 5.4978 ], [ 10.1966, 5.49 ], [ 10.1874, 5.4914 ], [ 10.1904, 5.4788 ], [ 10.1366, 5.4602 ], [ 10.1374, 5.4428 ], [ 10.1496, 5.4404 ], [ 10.1508, 5.4154 ], [ 10.1368, 5.4168 ], [ 10.1394, 5.4074 ], [ 10.1212, 5.4064 ], [ 10.1278, 5.3948 ], [ 10.122, 5.387 ], [ 10.1302, 5.3784 ], [ 10.1568, 5.3718 ], [ 10.1612, 5.3606 ], [ 10.1648, 5.3652 ], [ 10.1884, 5.36 ], [ 10.1946, 5.3384 ], [ 10.1484, 5.3022 ], [ 10.1474, 5.2948 ], [ 10.1224, 5.2842 ], [ 10.1116, 5.2698 ], [ 10.1174, 5.264 ], [ 10.1144, 5.257 ], [ 10.0832, 5.299 ], [ 10.0746, 5.3026 ], [ 10.0604, 5.2884 ], [ 10.05, 5.2874 ], [ 10.0232, 5.3156 ], [ 10.0234, 5.3248 ], [ 10.0408, 5.339 ], [ 10.0446, 5.3764 ], [ 10.0148, 5.3808 ], [ 10.0034, 5.3578 ], [ 10.0036, 5.338 ], [ 9.9796, 5.3278 ], [ 9.9564, 5.3444 ], [ 9.9606, 5.348 ], [ 9.953, 5.3534 ], [ 9.9488, 5.3752 ], [ 9.9226, 5.381 ], [ 9.9162, 5.4074 ], [ 9.9192, 5.4148 ], [ 9.9306, 5.4156 ], [ 9.9364, 5.4336 ], [ 9.9316, 5.445 ], [ 9.9416, 5.4506 ], [ 9.9408, 5.4652 ], [ 9.9506, 5.48 ], [ 9.9476, 5.5084 ], [ 9.9674, 5.5618 ] ] ], [ [ [ 10.1384, 5.4456 ], [ 10.1384, 5.4458 ], [ 10.1386, 5.4458 ], [ 10.1386, 5.4456 ], [ 10.1384, 5.4456 ] ] ], [ [ [ 10.1382, 5.4458 ], [ 10.1382, 5.446 ], [ 10.1384, 5.4458 ], [ 10.1382, 5.4458 ] ] ] ] } },
{ "type": "Feature", "properties": { "district": "Ebebda", "region": "Centre" }, "geometry": { "type": "Polygon", "coordinates": [ [ [ 11.3704, 4.2794 ], [ 11.3514, 4.2874 ], [ 11.3536, 4.2706 ], [ 11.3424, 4.2696 ], [ 11.3276, 4.2886 ], [ 11.2976, 4.3014 ], [ 11.291, 4.3204 ], [ 11.2704, 4.3128 ], [ 11.2698, 4.294 ], [ 11.258, 4.2866 ], [ 11.2526, 4.2968 ], [ 11.2236, 4.3088 ], [ 11.23, 4.3466 ], [ 11.2626, 4.3666 ], [ 11.2798, 4.3934 ], [ 11.2832, 4.4328 ], [ 11.3134, 4.4638 ], [ 11.3198, 4.4964 ], [ 11.3514, 4.4792 ], [ 11.39, 4.4986 ], [ 11.412, 4.463 ], [ 11.3992, 4.4456 ], [ 11.3968, 4.4152 ], [ 11.3814, 4.4144 ], [ 11.371, 4.4048 ], [ 11.3914, 4.3934 ], [ 11.3964, 4.3772 ], [ 11.4046, 4.381 ], [ 11.4158, 4.3594 ], [ 11.3988, 4.3436 ], [ 11.3868, 4.3474 ], [ 11.3998, 4.322 ], [ 11.3794, 4.3098 ], [ 11.3812, 4.298 ], [ 11.3696, 4.2932 ], [ 11.3704, 4.2794 ] ] ] } },
{ "type": "Feature", "properties": { "district": "Ebolowa", "region": "Sud" }, "geometry": { "type": "Polygon", "coordinates": [ [ [ 11.1722, 3.1464 ], [ 11.2046, 3.1328 ], [ 11.218, 3.1112 ], [ 11.2402, 3.1364 ], [ 11.2868, 3.1414 ], [ 11.297, 3.1354 ], [ 11.2978, 3.1258 ], [ 11.3296, 3.1138 ], [ 11.347, 3.1298 ], [ 11.3538, 3.1468 ], [ 11.369, 3.1356 ], [ 11.3858, 3.1416 ], [ 11.3998, 3.1348 ], [ 11.4124, 3.1438 ], [ 11.4136, 3.1344 ], [ 11.4382, 3.1278 ], [ 11.4586, 3.111 ], [ 11.4788, 3.1366 ], [ 11.4996, 3.1414 ], [ 11.515, 3.1282 ], [ 11.5324, 3.1262 ], [ 11.5332, 3.1516 ], [ 11.565, 3.1374 ], [ 11.5858, 3.1616 ], [ 11.6148, 3.1678 ], [ 11.6408, 3.1876 ], [ 11.6874, 3.1892 ], [ 11.6854, 3.1806 ], [ 11.717, 3.1658 ], [ 11.7136, 3.1234 ], [ 11.6744, 3.1204 ], [ 11.6646, 3.0994 ], [ 11.6482, 3.0856 ], [ 11.6232, 3.0808 ], [ 11.635, 3.072 ], [ 11.6326, 3.0476 ], [ 11.6404, 3.0322 ], [ 11.6728, 3.025 ], [ 11.6642, 3.0236 ], [ 11.6546, 3.007 ], [ 11.6672, 2.992 ], [ 11.6628, 2.9806 ], [ 11.6436, 2.985 ], [ 11.5902, 2.9534 ], [ 11.5412, 2.9406 ], [ 11.5246, 2.9002 ], [ 11.5324, 2.8912 ], [ 11.5244, 2.8826 ], [ 11.5102, 2.8852 ], [ 11.4734, 2.8746 ], [ 11.4568, 2.8644 ], [ 11.465, 2.8566 ], [ 11.4456, 2.8406 ], [ 11.444, 2.8312 ], [ 11.4026, 2.825 ], [ 11.3538, 2.7868 ], [ 11.3238, 2.7942 ], [ 11.3106, 2.751 ], [ 11.3262, 2.731 ], [ 11.346, 2.7266 ], [ 11.3562, 2.7166 ], [ 11.3584, 2.6926 ], [ 11.3718, 2.6678 ], [ 11.439, 2.6372 ], [ 11.467, 2.6078 ], [ 11.5022, 2.6128 ], [ 11.5094, 2.6254 ], [ 11.553, 2.6146 ], [ 11.5856, 2.622 ], [ 11.617, 2.6134 ], [ 11.6752, 2.6108 ], [ 11.7174, 2.59 ], [ 11.7276, 2.5708 ], [ 11.7254, 2.5522 ], [ 11.6938, 2.4112 ], [ 11.5948, 2.4796 ], [ 11.5552, 2.4898 ], [ 11.509, 2.5356 ], [ 11.473, 2.5518 ], [ 11.4668, 2.5724 ], [ 11.4352, 2.5918 ], [ 11.4232, 2.5882 ], [ 11.3856, 2.6078 ], [ 11.3716, 2.6074 ], [ 11.3424, 2.632 ], [ 11.3402, 2.6114 ], [ 11.3268, 2.5866 ], [ 11.3068, 2.5828 ], [ 11.297, 2.564 ], [ 11.211, 2.5736 ], [ 11.2042, 2.5884 ], [ 11.2006, 2.6512 ], [ 11.1824, 2.6608 ], [ 11.178, 2.6742 ], [ 11.1498, 2.6566 ], [ 11.1282, 2.6782 ], [ 11.114, 2.6812 ], [ 11.092, 2.7104 ], [ 11.0658, 2.724 ], [ 11.0496, 2.7444 ], [ 11.0566, 2.7696 ], [ 11.0142, 2.7964 ], [ 11.0128, 2.8044 ], [ 10.9706, 2.794 ], [ 10.9576, 2.7778 ], [ 10.9276, 2.8028 ], [ 10.8956, 2.7984 ], [ 10.874, 2.779 ], [ 10.868, 2.7798 ], [ 10.8514, 2.8124 ], [ 10.8014, 2.799 ], [ 10.7672, 2.825 ], [ 10.7418, 2.8116 ], [ 10.7266, 2.8178 ], [ 10.7116, 2.811 ], [ 10.706, 2.844 ], [ 10.6812, 2.8694 ], [ 10.665, 2.8738 ], [ 10.6584, 2.8832 ], [ 10.628, 2.883 ], [ 10.612, 2.894 ], [ 10.6294, 2.9332 ], [ 10.6204, 2.9468 ], [ 10.6038, 2.951 ], [ 10.5942, 2.9628 ], [ 10.6242, 2.9962 ], [ 10.619, 2.9942 ], [ 10.6152, 3.0024 ], [ 10.6228, 3.0148 ], [ 10.6038, 3.0446 ], [ 10.5728, 3.0548 ], [ 10.5896, 3.0672 ], [ 10.574, 3.0778 ], [ 10.5714, 3.1154 ], [ 10.581, 3.1344 ], [ 10.6034, 3.1362 ], [ 10.6294, 3.1596 ], [ 10.6534, 3.1538 ], [ 10.6668, 3.1626 ], [ 10.6798, 3.1594 ], [ 10.7246, 3.2014 ], [ 10.7942, 3.2136 ], [ 10.827, 3.1968 ], [ 10.8306, 3.152 ], [ 10.8872, 3.1582 ], [ 10.9104, 3.1416 ], [ 10.9222, 3.1474 ], [ 10.9268, 3.1656 ], [ 10.9, 3.1778 ], [ 10.8966, 3.186 ], [ 10.9034, 3.2004 ], [ 10.9188, 3.211 ], [ 10.9702, 3.2156 ], [ 11.0002, 3.1998 ], [ 11.0178, 3.1812 ], [ 11.053, 3.18 ], [ 11.0996, 3.1514 ], [ 11.1176, 3.1558 ], [ 11.158, 3.1496 ], [ 11.1604, 3.142 ], [ 11.1722, 3.1464 ] ] ] } },
{ "type": "Feature", "properties": { "district": "Edea", "region": "Littoral" }, "geometry": { "type": "Polygon", "coordinates": [ [ [ 9.6102, 3.7554 ], [ 9.673, 3.7432 ], [ 9.7056, 3.7684 ], [ 9.7174, 3.7682 ], [ 9.725, 3.789 ], [ 9.7318, 3.7846 ], [ 9.7402, 3.793 ], [ 9.7506, 3.7922 ], [ 9.7498, 3.8072 ], [ 9.767, 3.8056 ], [ 9.8138, 3.8246 ], [ 9.802, 3.8704 ], [ 9.7858, 3.8782 ], [ 9.7886, 3.9036 ], [ 9.7604, 3.9254 ], [ 9.757, 3.9412 ], [ 9.7754, 3.9628 ], [ 9.8346, 3.9406 ], [ 9.8604, 3.9568 ], [ 9.8614, 3.9936 ], [ 9.8454, 4.0028 ], [ 9.842, 4.034 ], [ 9.8206, 4.0452 ], [ 9.848, 4.0678 ], [ 9.9098, 4.091 ], [ 9.927, 4.0818 ], [ 9.9462, 4.0902 ], [ 9.9622, 4.0782 ], [ 9.9908, 4.0924 ], [ 10.0056, 4.0834 ], [ 10.0178, 4.089 ], [ 10.0414, 4.0834 ], [ 10.0456, 4.0912 ], [ 10.07, 4.0818 ], [ 10.0644, 4.0918 ], [ 10.0726, 4.0996 ], [ 10.068, 4.1082 ], [ 10.1076, 4.1294 ], [ 10.1452, 4.1258 ], [ 10.1576, 4.1092 ], [ 10.2238, 4.1072 ], [ 10.2322, 4.1158 ], [ 10.266, 4.1026 ], [ 10.2766, 4.0884 ], [ 10.2812, 4.1084 ], [ 10.2902, 4.1006 ], [ 10.2918, 4.1162 ], [ 10.3052, 4.108 ], [ 10.311, 4.1184 ], [ 10.3162, 4.1048 ], [ 10.3236, 4.1056 ], [ 10.3464, 4.1352 ], [ 10.367, 4.1472 ], [ 10.3698, 4.1548 ], [ 10.3586, 4.1682 ], [ 10.3596, 4.1992 ], [ 10.3866, 4.2368 ], [ 10.4022, 4.2226 ], [ 10.435, 4.2226 ], [ 10.4426, 4.2286 ], [ 10.492, 4.2128 ], [ 10.4818, 4.1704 ], [ 10.456, 4.1256 ], [ 10.4564, 4.1156 ], [ 10.4448, 4.1068 ], [ 10.3996, 4.021 ], [ 10.4148, 4.0114 ], [ 10.4616, 4.0054 ], [ 10.4586, 3.9836 ], [ 10.4692, 3.9592 ], [ 10.4626, 3.9442 ], [ 10.4742, 3.9296 ], [ 10.4684, 3.9086 ], [ 10.4826, 3.8604 ], [ 10.474, 3.8538 ], [ 10.4792, 3.8474 ], [ 10.4644, 3.8386 ], [ 10.4658, 3.8222 ], [ 10.4142, 3.8154 ], [ 10.4026, 3.8026 ], [ 10.3972, 3.8054 ], [ 10.395, 3.7948 ], [ 10.3774, 3.7888 ], [ 10.3852, 3.7822 ], [ 10.3656, 3.7272 ], [ 10.3744, 3.6924 ], [ 10.3528, 3.6494 ], [ 10.34, 3.6492 ], [ 10.3432, 3.6374 ], [ 10.3272, 3.5958 ], [ 10.3328, 3.5894 ], [ 10.3242, 3.5862 ], [ 10.3232, 3.5628 ], [ 10.2998, 3.5544 ], [ 10.2852, 3.5256 ], [ 10.2716, 3.5158 ], [ 10.2336, 3.5152 ], [ 10.2264, 3.5318 ], [ 10.2322, 3.5448 ], [ 10.1988, 3.5598 ], [ 10.201, 3.5908 ], [ 10.1856, 3.594 ], [ 10.1534, 3.5648 ], [ 10.148, 3.5736 ], [ 10.1278, 3.5718 ], [ 10.1188, 3.579 ], [ 10.111, 3.5478 ], [ 10.1016, 3.547 ], [ 10.0838, 3.495 ], [ 10.0654, 3.4894 ], [ 10.0736, 3.4192 ], [ 10.0512, 3.3982 ], [ 10.0564, 3.3774 ], [ 10.0334, 3.3308 ], [ 9.9792, 3.304 ], [ 9.9686, 3.2858 ], [ 9.9456, 3.2684 ], [ 9.9038, 3.2612 ], [ 9.891, 3.3066 ], [ 9.8072, 3.4048 ], [ 9.7274, 3.484 ], [ 9.6328, 3.5564 ], [ 9.6296, 3.5622 ], [ 9.6396, 3.5804 ], [ 9.6356, 3.5964 ], [ 9.6462, 3.6134 ], [ 9.6402, 3.6598 ], [ 9.5486, 3.8172 ], [ 9.5778, 3.7958 ], [ 9.5882, 3.7956 ], [ 9.6102, 3.7554 ] ] ] } },
{ "type": "Feature", "properties": { "district": "Efoulan", "region": "Centre" }, "geometry": { "type": "MultiPolygon", "coordinates": [ [ [ [ 11.5084, 3.8122 ], [ 11.5084, 3.7996 ], [ 11.4882, 3.7774 ], [ 11.5034, 3.7574 ], [ 11.4848, 3.747 ], [ 11.4932, 3.7326 ], [ 11.4738, 3.7226 ], [ 11.4526, 3.6988 ], [ 11.445, 3.7096 ], [ 11.4328, 3.7022 ], [ 11.4302, 3.7182 ], [ 11.4234, 3.7168 ], [ 11.4234, 3.727 ], [ 11.4328, 3.7326 ], [ 11.4294, 3.757 ], [ 11.4466, 3.7666 ], [ 11.4482, 3.78 ], [ 11.4638, 3.7898 ], [ 11.4686, 3.786 ], [ 11.4762, 3.7944 ], [ 11.4914, 3.7946 ], [ 11.4742, 3.828 ], [ 11.4852, 3.8286 ], [ 11.4936, 3.8622 ], [ 11.509, 3.8696 ], [ 11.5216, 3.8604 ], [ 11.5084, 3.8122 ] ] ], [ [ [ 11.5112, 3.8176 ], [ 11.5114, 3.8178 ], [ 11.5114, 3.8176 ], [ 11.5112, 3.8176 ] ] ] ] } },
{ "type": "Feature", "properties": { "district": "Ekondo Titi", "region": "Sud-Ouest" }, "geometry": { "type": "Polygon", "coordinates": [ [ [ 9.0874, 4.5526 ], [ 9.0806, 4.5388 ], [ 9.0686, 4.5372 ], [ 9.059, 4.5444 ], [ 9.0518, 4.536 ], [ 9.0454, 4.545 ], [ 9.0506, 4.5508 ], [ 9.0402, 4.556 ], [ 9.0368, 4.5508 ], [ 9.028, 4.5664 ], [ 8.9998, 4.5586 ], [ 8.9978, 4.54 ], [ 8.9786, 4.5438 ], [ 8.9706, 4.5376 ], [ 8.9712, 4.5272 ], [ 8.9816, 4.5222 ], [ 8.9406, 4.5014 ], [ 8.9468, 4.4822 ], [ 8.937, 4.4658 ], [ 8.9178, 4.459 ], [ 8.9128, 4.4668 ], [ 8.911, 4.4508 ], [ 8.898, 4.4462 ], [ 8.9136, 4.4358 ], [ 8.9074, 4.4266 ], [ 8.9138, 4.4158 ], [ 8.9524, 4.408 ], [ 8.96, 4.3942 ], [ 8.973, 4.3996 ], [ 9.0048, 4.395 ], [ 9.0142, 4.3758 ], [ 8.9762, 4.3404 ], [ 8.958, 4.2768 ], [ 8.9436, 4.26 ], [ 8.9334, 4.2628 ], [ 8.9144, 4.2876 ], [ 8.9232, 4.3218 ], [ 8.9176, 4.3466 ], [ 8.8908, 4.373 ], [ 8.8786, 4.4316 ], [ 8.8952, 4.4524 ], [ 8.8916, 4.4758 ], [ 8.9184, 4.5048 ], [ 8.9212, 4.5218 ], [ 8.931, 4.5306 ], [ 8.9208, 4.5386 ], [ 8.8994, 4.5032 ], [ 8.8868, 4.5092 ], [ 8.8778, 4.5182 ], [ 8.8774, 4.5802 ], [ 8.8562, 4.5876 ], [ 8.8358, 4.618 ], [ 8.8186, 4.6264 ], [ 8.8246, 4.681 ], [ 8.8382, 4.723 ], [ 8.8164, 4.7616 ], [ 8.7868, 4.7922 ], [ 8.7902, 4.8122 ], [ 8.7982, 4.8116 ], [ 8.8072, 4.8224 ], [ 8.7978, 4.8334 ], [ 8.8114, 4.8292 ], [ 8.8072, 4.8398 ], [ 8.8144, 4.8452 ], [ 8.8276, 4.8384 ], [ 8.839, 4.8452 ], [ 8.844, 4.836 ], [ 8.852, 4.8416 ], [ 8.8372, 4.8654 ], [ 8.8526, 4.8792 ], [ 8.8664, 4.871 ], [ 8.8952, 4.8774 ], [ 8.9182, 4.8688 ], [ 8.9068, 4.8548 ], [ 8.9108, 4.8278 ], [ 8.9238, 4.8212 ], [ 8.9268, 4.8258 ], [ 8.9364, 4.814 ], [ 8.9816, 4.8098 ], [ 8.9858, 4.8254 ], [ 8.9912, 4.8196 ], [ 9.012, 4.8314 ], [ 9.0072, 4.8362 ], [ 9.0248, 4.8432 ], [ 9.0392, 4.8622 ], [ 9.0774, 4.8686 ], [ 9.0976, 4.86 ], [ 9.124, 4.8656 ], [ 9.1496, 4.8902 ], [ 9.1656, 4.8808 ], [ 9.1728, 4.8866 ], [ 9.1906, 4.8816 ], [ 9.1982, 4.8608 ], [ 9.2128, 4.8642 ], [ 9.2222, 4.8492 ], [ 9.2466, 4.8374 ], [ 9.245, 4.8286 ], [ 9.232, 4.8276 ], [ 9.2166, 4.7822 ], [ 9.2252, 4.7522 ], [ 9.209, 4.7424 ], [ 9.2598, 4.6932 ], [ 9.2592, 4.6864 ], [ 9.2396, 4.6786 ], [ 9.2494, 4.6676 ], [ 9.2388, 4.655 ], [ 9.2404, 4.6438 ], [ 9.225, 4.6466 ], [ 9.2062, 4.6306 ], [ 9.1626, 4.6184 ], [ 9.1592, 4.6096 ], [ 9.1306, 4.599 ], [ 9.132, 4.5918 ], [ 9.1148, 4.5812 ], [ 9.1046, 4.5602 ], [ 9.0874, 4.5526 ] ] ] } },
{ "type": "Feature", "properties": { "district": "Elig Mfomo", "region": "Centre" }, "geometry": { "type": "Polygon", "coordinates": [ [ [ 11.3666, 4.2062 ], [ 11.3902, 4.1788 ], [ 11.4106, 4.1768 ], [ 11.419, 4.1672 ], [ 11.4042, 4.1538 ], [ 11.3928, 4.1546 ], [ 11.3886, 4.144 ], [ 11.3656, 4.142 ], [ 11.3606, 4.132 ], [ 11.318, 4.1388 ], [ 11.3142, 4.131 ], [ 11.3002, 4.1326 ], [ 11.3034, 4.1464 ], [ 11.2814, 4.1476 ], [ 11.2552, 4.1348 ], [ 11.2394, 4.1358 ], [ 11.22, 4.1534 ], [ 11.2198, 4.1616 ], [ 11.256, 4.1784 ], [ 11.254, 4.1906 ], [ 11.2702, 4.2228 ], [ 11.2846, 4.2124 ], [ 11.2954, 4.2168 ], [ 11.3042, 4.2046 ], [ 11.3666, 4.2062 ] ] ] } },
{ "type": "Feature", "properties": { "district": "Eseka", "region": "Centre" }, "geometry": { "type": "Polygon", "coordinates": [ [ [ 10.8314, 3.4208 ], [ 10.8116, 3.4486 ], [ 10.817, 3.4602 ], [ 10.8148, 3.4912 ], [ 10.797, 3.4834 ], [ 10.79, 3.4962 ], [ 10.7794, 3.4982 ], [ 10.7738, 3.4858 ], [ 10.7572, 3.4846 ], [ 10.758, 3.4586 ], [ 10.748, 3.4526 ], [ 10.7304, 3.465 ], [ 10.7154, 3.4582 ], [ 10.653, 3.4686 ], [ 10.618, 3.4424 ], [ 10.6016, 3.421 ], [ 10.5706, 3.4124 ], [ 10.5536, 3.4164 ], [ 10.5416, 3.3924 ], [ 10.5304, 3.3918 ], [ 10.493, 3.347 ], [ 10.4688, 3.3584 ], [ 10.44, 3.3514 ], [ 10.4062, 3.3628 ], [ 10.3006, 3.3304 ], [ 10.2906, 3.3364 ], [ 10.2512, 3.4132 ], [ 10.2546, 3.456 ], [ 10.2392, 3.466 ], [ 10.2428, 3.4818 ], [ 10.2306, 3.51 ], [ 10.237, 3.5162 ], [ 10.2716, 3.5158 ], [ 10.2852, 3.5256 ], [ 10.2998, 3.5544 ], [ 10.3232, 3.5628 ], [ 10.3242, 3.5862 ], [ 10.3328, 3.5894 ], [ 10.3272, 3.5958 ], [ 10.3432, 3.6374 ], [ 10.34, 3.6492 ], [ 10.3528, 3.6494 ], [ 10.3744, 3.6924 ], [ 10.3656, 3.7272 ], [ 10.3852, 3.7822 ], [ 10.3774, 3.7888 ], [ 10.395, 3.7948 ], [ 10.4056, 3.8116 ], [ 10.4558, 3.8252 ], [ 10.468, 3.8246 ], [ 10.4652, 3.8168 ], [ 10.4768, 3.8098 ], [ 10.4886, 3.8168 ], [ 10.491, 3.8046 ], [ 10.5024, 3.8074 ], [ 10.5086, 3.7874 ], [ 10.513, 3.8002 ], [ 10.5202, 3.7926 ], [ 10.525, 3.796 ], [ 10.5292, 3.7868 ], [ 10.535, 3.7898 ], [ 10.5494, 3.7776 ], [ 10.5496, 3.7698 ], [ 10.5796, 3.7592 ], [ 10.5688, 3.7524 ], [ 10.575, 3.7508 ], [ 10.5736, 3.7416 ], [ 10.5828, 3.746 ], [ 10.5894, 3.7286 ], [ 10.5986, 3.734 ], [ 10.6064, 3.7274 ], [ 10.6286, 3.7894 ], [ 10.647, 3.789 ], [ 10.6454, 3.7968 ], [ 10.6514, 3.789 ], [ 10.6556, 3.7948 ], [ 10.6496, 3.802 ], [ 10.6574, 3.811 ], [ 10.6786, 3.814 ], [ 10.6794, 3.8226 ], [ 10.7116, 3.8502 ], [ 10.7254, 3.8456 ], [ 10.7472, 3.8714 ], [ 10.754, 3.8662 ], [ 10.761, 3.8824 ], [ 10.7862, 3.8794 ], [ 10.8102, 3.8648 ], [ 10.8044, 3.8448 ], [ 10.816, 3.845 ], [ 10.8178, 3.8328 ], [ 10.8332, 3.8298 ], [ 10.8392, 3.8182 ], [ 10.8626, 3.8132 ], [ 10.8612, 3.8074 ], [ 10.8762, 3.7966 ], [ 10.883, 3.802 ], [ 10.8944, 3.7826 ], [ 10.9122, 3.7896 ], [ 10.9276, 3.7722 ], [ 10.953, 3.7648 ], [ 10.9766, 3.7692 ], [ 10.9904, 3.754 ], [ 10.9848, 3.7386 ], [ 11.0146, 3.7254 ], [ 11.0174, 3.7148 ], [ 11.0382, 3.711 ], [ 11.0484, 3.7164 ], [ 11.0708, 3.709 ], [ 11.1136, 3.7154 ], [ 11.1164, 3.7376 ], [ 11.1276, 3.7472 ], [ 11.1516, 3.743 ], [ 11.1822, 3.7188 ], [ 11.2152, 3.7122 ], [ 11.2352, 3.6906 ], [ 11.2434, 3.6722 ], [ 11.2344, 3.6346 ], [ 11.2478, 3.6242 ], [ 11.2278, 3.6136 ], [ 11.226, 3.5942 ], [ 11.2418, 3.571 ], [ 11.239, 3.549 ], [ 11.2548, 3.5384 ], [ 11.252, 3.521 ], [ 11.2592, 3.5108 ], [ 11.1866, 3.4636 ], [ 11.186, 3.4418 ], [ 11.1804, 3.4512 ], [ 11.1406, 3.4374 ], [ 11.138, 3.4236 ], [ 11.1104, 3.395 ], [ 11.0786, 3.3878 ], [ 11.0418, 3.3952 ], [ 11.0216, 3.383 ], [ 11.0128, 3.3908 ], [ 10.9644, 3.4006 ], [ 10.9544, 3.4152 ], [ 10.8956, 3.409 ], [ 10.8616, 3.3882 ], [ 10.8264, 3.4092 ], [ 10.8314, 3.4208 ] ] ] } },
{ "type": "Feature", "properties": { "district": "Esse", "region": "Centre" }, "geometry": { "type": "Polygon", "coordinates": [ [ [ 12.095, 4.1014 ], [ 12.0716, 4.0988 ], [ 12.0742, 4.0748 ], [ 12.0584, 4.0572 ], [ 12.0304, 4.055 ], [ 12.01, 4.0638 ], [ 12.021, 4.0512 ], [ 12.0228, 4.0304 ], [ 12.035, 4.0236 ], [ 12.0484, 4.0278 ], [ 12.066, 4.0178 ], [ 12.0502, 3.9992 ], [ 12.0262, 4.0002 ], [ 12.0138, 3.9924 ], [ 12.0056, 4.0028 ], [ 11.9096, 3.9864 ], [ 11.8972, 3.9922 ], [ 11.8858, 3.9744 ], [ 11.8748, 3.999 ], [ 11.854, 3.9876 ], [ 11.8484, 4.0038 ], [ 11.8406, 4.0 ], [ 11.8276, 4.0096 ], [ 11.826, 3.9998 ], [ 11.8062, 3.9948 ], [ 11.8006, 3.9826 ], [ 11.7918, 3.9846 ], [ 11.783, 3.9714 ], [ 11.772, 3.9732 ], [ 11.7638, 3.9564 ], [ 11.7432, 3.9732 ], [ 11.7448, 3.9884 ], [ 11.732, 3.9944 ], [ 11.7366, 3.9994 ], [ 11.72, 4.0222 ], [ 11.7012, 4.0188 ], [ 11.6932, 4.0276 ], [ 11.6746, 4.0046 ], [ 11.6776, 3.9878 ], [ 11.6676, 3.985 ], [ 11.666, 3.974 ], [ 11.6504, 3.9888 ], [ 11.6356, 3.9722 ], [ 11.6302, 3.9802 ], [ 11.6348, 3.9878 ], [ 11.6254, 3.9936 ], [ 11.6358, 4.0252 ], [ 11.6322, 4.0342 ], [ 11.6518, 4.0408 ], [ 11.649, 4.0612 ], [ 11.662, 4.0716 ], [ 11.694, 4.0756 ], [ 11.688, 4.1144 ], [ 11.6336, 4.132 ], [ 11.6086, 4.1214 ], [ 11.6052, 4.1388 ], [ 11.585, 4.1662 ], [ 11.6146, 4.1898 ], [ 11.597, 4.2112 ], [ 11.6192, 4.2556 ], [ 11.628, 4.2382 ], [ 11.6674, 4.2272 ], [ 11.6882, 4.2386 ], [ 11.686, 4.2646 ], [ 11.7038, 4.283 ], [ 11.7246, 4.2912 ], [ 11.7218, 4.3106 ], [ 11.692, 4.3294 ], [ 11.7232, 4.3426 ], [ 11.7242, 4.3602 ], [ 11.7598, 4.354 ], [ 11.7734, 4.3406 ], [ 11.7998, 4.3388 ], [ 11.8182, 4.3188 ], [ 11.8238, 4.2846 ], [ 11.87, 4.262 ], [ 11.9052, 4.2656 ], [ 11.9352, 4.2528 ], [ 11.9758, 4.2784 ], [ 11.9996, 4.2564 ], [ 12.0026, 4.2438 ], [ 12.0264, 4.2344 ], [ 12.0374, 4.2136 ], [ 12.0772, 4.2188 ], [ 12.0936, 4.209 ], [ 12.1148, 4.2126 ], [ 12.1198, 4.2216 ], [ 12.1566, 4.2112 ], [ 12.1602, 4.2048 ], [ 12.155, 4.2016 ], [ 12.1382, 4.2056 ], [ 12.132, 4.1866 ], [ 12.1512, 4.1698 ], [ 12.1322, 4.1608 ], [ 12.134, 4.1376 ], [ 12.1068, 4.1298 ], [ 12.095, 4.1014 ] ] ] } },
{ "type": "Feature", "properties": { "district": "Evodoula", "region": "Centre" }, "geometry": { "type": "Polygon", "coordinates": [ [ [ 11.1276, 4.1828 ], [ 11.1604, 4.1826 ], [ 11.1456, 4.1684 ], [ 11.1512, 4.1588 ], [ 11.1716, 4.1708 ], [ 11.1792, 4.1674 ], [ 11.195, 4.1822 ], [ 11.2126, 4.1726 ], [ 11.2246, 4.1454 ], [ 11.2376, 4.1362 ], [ 11.3028, 4.1468 ], [ 11.3002, 4.1326 ], [ 11.3382, 4.1372 ], [ 11.3452, 4.1254 ], [ 11.3602, 4.1216 ], [ 11.3452, 4.1048 ], [ 11.3202, 4.1212 ], [ 11.3028, 4.119 ], [ 11.2902, 4.1054 ], [ 11.2974, 4.0852 ], [ 11.2742, 4.0912 ], [ 11.2658, 4.0828 ], [ 11.2494, 4.0916 ], [ 11.2318, 4.0792 ], [ 11.2304, 4.105 ], [ 11.2046, 4.0928 ], [ 11.1556, 4.0892 ], [ 11.1398, 4.0786 ], [ 11.127, 4.1018 ], [ 11.1338, 4.1154 ], [ 11.1132, 4.14 ], [ 11.1234, 4.1412 ], [ 11.1276, 4.1828 ] ] ] } },
{ "type": "Feature", "properties": { "district": "Eyumodjock", "region": "Sud-Ouest" }, "geometry": { "type": "Polygon", "coordinates": [ [ [ 9.4234, 5.6032 ], [ 9.4126, 5.5912 ], [ 9.3526, 5.5614 ], [ 9.3362, 5.5628 ], [ 9.332, 5.5856 ], [ 9.2932, 5.565 ], [ 9.2842, 5.5694 ], [ 9.2838, 5.5892 ], [ 9.2574, 5.5928 ], [ 9.2512, 5.5686 ], [ 9.2436, 5.5676 ], [ 9.229, 5.5376 ], [ 9.2256, 5.5156 ], [ 9.2022, 5.486 ], [ 9.1816, 5.478 ], [ 9.1652, 5.4478 ], [ 9.1414, 5.4562 ], [ 9.1326, 5.4668 ], [ 9.1138, 5.4686 ], [ 9.119, 5.4412 ], [ 9.125, 5.4406 ], [ 9.1218, 5.4262 ], [ 9.128, 5.4238 ], [ 9.1194, 5.4128 ], [ 9.1362, 5.4058 ], [ 9.129, 5.3916 ], [ 9.1214, 5.3922 ], [ 9.123, 5.379 ], [ 9.0942, 5.3788 ], [ 9.0664, 5.3916 ], [ 9.0562, 5.4186 ], [ 9.0634, 5.4304 ], [ 9.049, 5.4488 ], [ 9.051, 5.442 ], [ 9.0284, 5.4346 ], [ 9.0194, 5.4412 ], [ 9.0146, 5.42 ], [ 8.9814, 5.4138 ], [ 8.9694, 5.3502 ], [ 8.9748, 5.3334 ], [ 8.9674, 5.327 ], [ 8.9644, 5.289 ], [ 8.9536, 5.2868 ], [ 8.9488, 5.2708 ], [ 8.9306, 5.2834 ], [ 8.9166, 5.3136 ], [ 8.9046, 5.3044 ], [ 8.8726, 5.3212 ], [ 8.8722, 5.35 ], [ 8.8346, 5.345 ], [ 8.8418, 5.4012 ], [ 8.8336, 5.4302 ], [ 8.8424, 5.455 ], [ 8.8672, 5.4742 ], [ 8.8676, 5.491 ], [ 8.8934, 5.5172 ], [ 8.9132, 5.5604 ], [ 8.9218, 5.5642 ], [ 8.901, 5.6252 ], [ 8.8892, 5.6264 ], [ 8.8862, 5.6404 ], [ 8.8382, 5.678 ], [ 8.8322, 5.7052 ], [ 8.8426, 5.6984 ], [ 8.8558, 5.7074 ], [ 8.854, 5.7182 ], [ 8.8612, 5.7202 ], [ 8.8752, 5.747 ], [ 8.8682, 5.7586 ], [ 8.884, 5.7752 ], [ 8.884, 5.7956 ], [ 8.8746, 5.8032 ], [ 8.865, 5.798 ], [ 8.8616, 5.8058 ], [ 8.8474, 5.7946 ], [ 8.8506, 5.8052 ], [ 8.8412, 5.8248 ], [ 8.8592, 5.8316 ], [ 8.8588, 5.8436 ], [ 8.8846, 5.86 ], [ 8.9046, 5.8628 ], [ 8.9144, 5.9038 ], [ 8.9422, 5.9112 ], [ 8.9706, 5.8798 ], [ 8.9922, 5.887 ], [ 8.9978, 5.8986 ], [ 9.0202, 5.8966 ], [ 9.0338, 5.9202 ], [ 9.053, 5.9228 ], [ 9.055, 5.934 ], [ 9.0658, 5.9364 ], [ 9.0866, 5.9152 ], [ 9.1042, 5.916 ], [ 9.1122, 5.8972 ], [ 9.1292, 5.9024 ], [ 9.125, 5.8926 ], [ 9.1398, 5.8824 ], [ 9.1534, 5.879 ], [ 9.1734, 5.898 ], [ 9.182, 5.8774 ], [ 9.1648, 5.8754 ], [ 9.1686, 5.866 ], [ 9.1996, 5.877 ], [ 9.2134, 5.8734 ], [ 9.2246, 5.8514 ], [ 9.2412, 5.8576 ], [ 9.2428, 5.806 ], [ 9.2574, 5.7962 ], [ 9.2552, 5.7876 ], [ 9.2632, 5.779 ], [ 9.2486, 5.7386 ], [ 9.234, 5.7336 ], [ 9.2292, 5.6978 ], [ 9.255, 5.6902 ], [ 9.2856, 5.7006 ], [ 9.2898, 5.6848 ], [ 9.3352, 5.6662 ], [ 9.3288, 5.66 ], [ 9.3534, 5.632 ], [ 9.4234, 5.6032 ] ] ] } },
{ "type": "Feature", "properties": { "district": "Figuil", "region": "Nord" }, "geometry": { "type": "Polygon", "coordinates": [ [ [ 14.0152, 9.8584 ], [ 14.0096, 9.8654 ], [ 14.018, 9.8756 ], [ 14.0122, 9.8808 ], [ 14.0162, 9.8916 ], [ 14.0276, 9.8878 ], [ 14.0416, 9.8968 ], [ 14.0602, 9.9212 ], [ 14.089, 9.9102 ], [ 14.0794, 9.9508 ], [ 14.0566, 9.9654 ], [ 14.0462, 9.9644 ], [ 14.0546, 10.0152 ], [ 14.0524, 10.0294 ], [ 14.0438, 10.0354 ], [ 14.0542, 10.0438 ], [ 14.048, 10.0564 ], [ 14.0682, 10.0684 ], [ 14.0698, 10.0776 ], [ 14.0602, 10.088 ], [ 14.0718, 10.1134 ], [ 14.1274, 10.1152 ], [ 14.1564, 10.1098 ], [ 14.1902, 10.0896 ], [ 14.1974, 10.0964 ], [ 14.2132, 10.089 ], [ 14.2226, 10.0726 ], [ 14.192, 10.0342 ], [ 14.2222, 9.9876 ], [ 14.2178, 9.9686 ], [ 14.2264, 9.9524 ], [ 14.2108, 9.9094 ], [ 14.2122, 9.8054 ], [ 14.1994, 9.8036 ], [ 14.187, 9.7864 ], [ 14.1856, 9.7604 ], [ 14.1582, 9.759 ], [ 14.1328, 9.7128 ], [ 14.1128, 9.7 ], [ 14.1022, 9.6508 ], [ 14.0642, 9.6288 ], [ 14.0514, 9.611 ], [ 14.0382, 9.6112 ], [ 14.035, 9.6192 ], [ 14.0076, 9.6292 ], [ 14.0068, 9.6374 ], [ 13.9908, 9.6366 ], [ 13.9762, 9.6476 ], [ 13.9546, 9.676 ], [ 13.9594, 9.6968 ], [ 13.9522, 9.6992 ], [ 13.9566, 9.7376 ], [ 13.952, 9.75 ], [ 13.9274, 9.7634 ], [ 13.9376, 9.796 ], [ 13.9578, 9.7932 ], [ 13.962, 9.8008 ], [ 13.9782, 9.795 ], [ 13.9954, 9.82 ], [ 14.0124, 9.8004 ], [ 14.026, 9.797 ], [ 14.024, 9.8032 ], [ 14.0278, 9.8032 ], [ 14.0284, 9.8122 ], [ 14.0332, 9.8158 ], [ 14.0306, 9.8404 ], [ 14.0076, 9.8484 ], [ 14.0152, 9.8584 ] ], [ [ 14.0294, 9.8126 ], [ 14.0296, 9.8128 ], [ 14.0294, 9.8128 ], [ 14.0294, 9.8126 ] ] ] } },
{ "type": "Feature", "properties": { "district": "Fontem", "region": "Sud-Ouest" }, "geometry": { "type": "Polygon", "coordinates": [ [ [ 9.9476, 5.5082 ], [ 9.9506, 5.48 ], [ 9.9408, 5.4652 ], [ 9.9416, 5.4506 ], [ 9.9316, 5.445 ], [ 9.9364, 5.4336 ], [ 9.9306, 5.4156 ], [ 9.9192, 5.4148 ], [ 9.9162, 5.4074 ], [ 9.9226, 5.3808 ], [ 9.9076, 5.3732 ], [ 9.8898, 5.3506 ], [ 9.8688, 5.3554 ], [ 9.8348, 5.3398 ], [ 9.8176, 5.3396 ], [ 9.8184, 5.3554 ], [ 9.7968, 5.36 ], [ 9.7816, 5.3822 ], [ 9.7846, 5.413 ], [ 9.7692, 5.435 ], [ 9.7778, 5.447 ], [ 9.768, 5.472 ], [ 9.7788, 5.4958 ], [ 9.7644, 5.495 ], [ 9.7526, 5.5058 ], [ 9.7606, 5.5746 ], [ 9.8278, 5.5934 ], [ 9.8424, 5.5872 ], [ 9.8382, 5.5706 ], [ 9.8462, 5.5466 ], [ 9.8558, 5.5492 ], [ 9.8982, 5.572 ], [ 9.9028, 5.5862 ], [ 9.9154, 5.5886 ], [ 9.9146, 5.6008 ], [ 9.9236, 5.601 ], [ 9.9308, 5.624 ], [ 9.938, 5.627 ], [ 9.9256, 5.638 ], [ 9.939, 5.642 ], [ 9.9438, 5.6724 ], [ 9.98, 5.6684 ], [ 10.0032, 5.6504 ], [ 9.9994, 5.641 ], [ 10.0318, 5.6326 ], [ 10.0284, 5.6086 ], [ 9.987, 5.5694 ], [ 9.965, 5.5882 ], [ 9.9454, 5.594 ], [ 9.94, 5.5784 ], [ 9.9542, 5.5764 ], [ 9.9674, 5.5618 ], [ 9.9494, 5.5262 ], [ 9.9538, 5.5166 ], [ 9.9476, 5.5082 ] ] ] } },
{ "type": "Feature", "properties": { "district": "Fotokol", "region": "Extreme-Nord" }, "geometry": { "type": "Polygon", "coordinates": [ [ [ 14.3408, 12.4624 ], [ 14.3556, 12.4582 ], [ 14.351, 12.4514 ], [ 14.3588, 12.4342 ], [ 14.3818, 12.4284 ], [ 14.3712, 12.4102 ], [ 14.3932, 12.4014 ], [ 14.4026, 12.3826 ], [ 14.4248, 12.3774 ], [ 14.4294, 12.3702 ], [ 14.4234, 12.363 ], [ 14.4, 12.3674 ], [ 14.378, 12.3582 ], [ 14.329, 12.376 ], [ 14.308, 12.3584 ], [ 14.2912, 12.3718 ], [ 14.2976, 12.3616 ], [ 14.2914, 12.3546 ], [ 14.2748, 12.3736 ], [ 14.2212, 12.3624 ], [ 14.222, 12.3742 ], [ 14.2016, 12.385 ], [ 14.1866, 12.4074 ], [ 14.1732, 12.4118 ], [ 14.1796, 12.4178 ], [ 14.1758, 12.4288 ], [ 14.1846, 12.428 ], [ 14.187, 12.4366 ], [ 14.1944, 12.4336 ], [ 14.1878, 12.4426 ], [ 14.1974, 12.4488 ], [ 14.1814, 12.4484 ], [ 14.1762, 12.4794 ], [ 14.1894, 12.4838 ], [ 14.1918, 12.4982 ], [ 14.201, 12.5042 ], [ 14.2004, 12.5192 ], [ 14.1836, 12.5296 ], [ 14.1738, 12.5894 ], [ 14.2076, 12.581 ], [ 14.2454, 12.588 ], [ 14.2568, 12.5816 ], [ 14.2816, 12.5846 ], [ 14.2868, 12.5708 ], [ 14.3072, 12.5726 ], [ 14.3172, 12.5516 ], [ 14.3358, 12.545 ], [ 14.3378, 12.5106 ], [ 14.3548, 12.4942 ], [ 14.3408, 12.4624 ] ] ] } },
{ "type": "Feature", "properties": { "district": "Foumban", "region": "Ouest" }, "geometry": { "type": "MultiPolygon", "coordinates": [ [ [ [ 10.7946, 5.5292 ], [ 10.7946, 5.5294 ], [ 10.7948, 5.5294 ], [ 10.7946, 5.5292 ] ] ], [ [ [ 10.678, 5.6538 ], [ 10.704, 5.6822 ], [ 10.6904, 5.6912 ], [ 10.6854, 5.7054 ], [ 10.6986, 5.7122 ], [ 10.6886, 5.7216 ], [ 10.7108, 5.7236 ], [ 10.7148, 5.756 ], [ 10.736, 5.7588 ], [ 10.7396, 5.7716 ], [ 10.7522, 5.7802 ], [ 10.743, 5.7864 ], [ 10.7526, 5.8018 ], [ 10.7626, 5.8156 ], [ 10.7768, 5.8198 ], [ 10.7664, 5.8598 ], [ 10.7882, 5.8646 ], [ 10.787, 5.8554 ], [ 10.8006, 5.8426 ], [ 10.8138, 5.8424 ], [ 10.8268, 5.832 ], [ 10.868, 5.8318 ], [ 10.844, 5.8752 ], [ 10.8718, 5.8978 ], [ 10.8656, 5.9368 ], [ 10.8552, 5.947 ], [ 10.8506, 5.9852 ], [ 10.8516, 6.0066 ], [ 10.8606, 6.0178 ], [ 10.9104, 6.0166 ], [ 10.9154, 6.0016 ], [ 10.9346, 6.0012 ], [ 10.938, 5.994 ], [ 10.9516, 5.998 ], [ 10.9756, 5.9836 ], [ 10.9774, 5.9728 ], [ 10.9796, 5.9798 ], [ 11.0002, 5.9798 ], [ 11.0114, 5.9698 ], [ 11.026, 5.9762 ], [ 11.0078, 5.952 ], [ 11.014, 5.9424 ], [ 11.0052, 5.9318 ], [ 11.0226, 5.9058 ], [ 11.0068, 5.8734 ], [ 11.0192, 5.855 ], [ 11.0346, 5.8508 ], [ 11.0502, 5.8326 ], [ 11.051, 5.8132 ], [ 11.0764, 5.8062 ], [ 11.0716, 5.7936 ], [ 11.0682, 5.7894 ], [ 11.0676, 5.7864 ], [ 11.0574, 5.7864 ], [ 11.0412, 5.7672 ], [ 11.0378, 5.7842 ], [ 11.0246, 5.7738 ], [ 11.0104, 5.7842 ], [ 11.0064, 5.7636 ], [ 11.025, 5.7538 ], [ 11.0266, 5.7458 ], [ 10.991, 5.7408 ], [ 10.9834, 5.7486 ], [ 10.9712, 5.7412 ], [ 10.9796, 5.7334 ], [ 10.9892, 5.7358 ], [ 10.9898, 5.7206 ], [ 10.9984, 5.7186 ], [ 11.0036, 5.696 ], [ 10.9872, 5.6688 ], [ 11.0056, 5.6316 ], [ 10.98, 5.5774 ], [ 10.9712, 5.5706 ], [ 10.9576, 5.5818 ], [ 10.9556, 5.5774 ], [ 10.9528, 5.577 ], [ 10.939, 5.582 ], [ 10.9576, 5.5474 ], [ 10.9414, 5.5436 ], [ 10.9202, 5.5518 ], [ 10.9012, 5.5326 ], [ 10.898, 5.5236 ], [ 10.9216, 5.4966 ], [ 10.8996, 5.4926 ], [ 10.8828, 5.476 ], [ 10.8626, 5.4928 ], [ 10.8548, 5.489 ], [ 10.8274, 5.5446 ], [ 10.821, 5.5464 ], [ 10.8152, 5.5342 ], [ 10.7992, 5.5274 ], [ 10.7932, 5.532 ], [ 10.7798, 5.534 ], [ 10.7718, 5.524 ], [ 10.7808, 5.55 ], [ 10.7686, 5.5694 ], [ 10.732, 5.5586 ], [ 10.7294, 5.5712 ], [ 10.7124, 5.5828 ], [ 10.7156, 5.5996 ], [ 10.6948, 5.6128 ], [ 10.6732, 5.5878 ], [ 10.661, 5.5892 ], [ 10.6584, 5.599 ], [ 10.6452, 5.5978 ], [ 10.6542, 5.6382 ], [ 10.674, 5.6392 ], [ 10.678, 5.6538 ] ], [ [ 10.777, 5.8194 ], [ 10.7776, 5.8198 ], [ 10.7768, 5.8198 ], [ 10.777, 5.8194 ] ], [ [ 10.9936, 5.6082 ], [ 10.9936, 5.6084 ], [ 10.9934, 5.6082 ], [ 10.9936, 5.6082 ] ], [ [ 10.9954, 5.6194 ], [ 10.9954, 5.6192 ], [ 10.9956, 5.6192 ], [ 10.9954, 5.6194 ] ] ], [ [ [ 11.0684, 5.7896 ], [ 11.0686, 5.7896 ], [ 11.0684, 5.7894 ], [ 11.0684, 5.7896 ] ] ] ] } },
{ "type": "Feature", "properties": { "district": "Foumbot", "region": "Ouest" }, "geometry": { "type": "MultiPolygon", "coordinates": [ [ [ [ 10.7594, 5.378 ], [ 10.7594, 5.3778 ], [ 10.7592, 5.3778 ], [ 10.7594, 5.378 ] ] ], [ [ [ 10.7052, 5.5922 ], [ 10.712, 5.5906 ], [ 10.7144, 5.5782 ], [ 10.7294, 5.5712 ], [ 10.7344, 5.5572 ], [ 10.7682, 5.5696 ], [ 10.7806, 5.5514 ], [ 10.771, 5.5282 ], [ 10.7754, 5.5196 ], [ 10.7688, 5.5158 ], [ 10.7772, 5.505 ], [ 10.7772, 5.4566 ], [ 10.7986, 5.4264 ], [ 10.7562, 5.3922 ], [ 10.7592, 5.3772 ], [ 10.7494, 5.3576 ], [ 10.7428, 5.3538 ], [ 10.7202, 5.3612 ], [ 10.707, 5.3552 ], [ 10.6984, 5.3402 ], [ 10.7004, 5.3338 ], [ 10.7082, 5.336 ], [ 10.7118, 5.325 ], [ 10.7138, 5.3144 ], [ 10.7042, 5.2946 ], [ 10.7304, 5.2634 ], [ 10.7314, 5.2168 ], [ 10.7504, 5.1894 ], [ 10.7484, 5.1752 ], [ 10.7182, 5.1742 ], [ 10.7014, 5.1822 ], [ 10.688, 5.1682 ], [ 10.6822, 5.1804 ], [ 10.6854, 5.1944 ], [ 10.6576, 5.222 ], [ 10.667, 5.2338 ], [ 10.6642, 5.2496 ], [ 10.6334, 5.237 ], [ 10.6226, 5.2424 ], [ 10.6156, 5.238 ], [ 10.6096, 5.2656 ], [ 10.5872, 5.274 ], [ 10.583, 5.2872 ], [ 10.5686, 5.2798 ], [ 10.5582, 5.2904 ], [ 10.5696, 5.321 ], [ 10.564, 5.3342 ], [ 10.5516, 5.3414 ], [ 10.5584, 5.3642 ], [ 10.5394, 5.3716 ], [ 10.5136, 5.3688 ], [ 10.498, 5.3882 ], [ 10.5074, 5.3932 ], [ 10.5052, 5.411 ], [ 10.5166, 5.4132 ], [ 10.517, 5.4274 ], [ 10.5242, 5.4286 ], [ 10.5168, 5.4378 ], [ 10.5228, 5.4546 ], [ 10.5334, 5.4498 ], [ 10.5586, 5.467 ], [ 10.5496, 5.4834 ], [ 10.58, 5.4998 ], [ 10.58, 5.5146 ], [ 10.5982, 5.5308 ], [ 10.594, 5.539 ], [ 10.6084, 5.5292 ], [ 10.6204, 5.5382 ], [ 10.6356, 5.5342 ], [ 10.6522, 5.5614 ], [ 10.7052, 5.5922 ] ], [ [ 10.7756, 5.4998 ], [ 10.7756, 5.5 ], [ 10.7754, 5.4998 ], [ 10.7756, 5.4998 ] ] ] ] } },
{ "type": "Feature", "properties": { "district": "Fundong", "region": "Nord-Ouest" }, "geometry": { "type": "Polygon", "coordinates": [ [ [ 10.2394, 6.1454 ], [ 10.2464, 6.1204 ], [ 10.2218, 6.1242 ], [ 10.2258, 6.0934 ], [ 10.1994, 6.09 ], [ 10.1988, 6.1034 ], [ 10.186, 6.1018 ], [ 10.1748, 6.1184 ], [ 10.1842, 6.1438 ], [ 10.176, 6.1608 ], [ 10.1632, 6.1676 ], [ 10.17, 6.1792 ], [ 10.161, 6.2114 ], [ 10.1476, 6.2106 ], [ 10.1266, 6.1932 ], [ 10.114, 6.1968 ], [ 10.108, 6.1916 ], [ 10.0914, 6.1966 ], [ 10.0854, 6.2172 ], [ 10.069, 6.2206 ], [ 10.0752, 6.2234 ], [ 10.069, 6.2298 ], [ 10.0738, 6.2386 ], [ 10.0828, 6.236 ], [ 10.0896, 6.258 ], [ 10.1108, 6.262 ], [ 10.112, 6.303 ], [ 10.1318, 6.3278 ], [ 10.1366, 6.3248 ], [ 10.1496, 6.3376 ], [ 10.2006, 6.3162 ], [ 10.2152, 6.317 ], [ 10.2188, 6.3244 ], [ 10.2412, 6.3322 ], [ 10.2462, 6.328 ], [ 10.2532, 6.336 ], [ 10.2762, 6.3298 ], [ 10.293, 6.3352 ], [ 10.2968, 6.345 ], [ 10.3164, 6.3542 ], [ 10.318, 6.3982 ], [ 10.338, 6.412 ], [ 10.3364, 6.4236 ], [ 10.3612, 6.4944 ], [ 10.3698, 6.468 ], [ 10.4212, 6.4806 ], [ 10.4412, 6.4738 ], [ 10.4416, 6.4652 ], [ 10.4548, 6.4598 ], [ 10.457, 6.4438 ], [ 10.4766, 6.4484 ], [ 10.4852, 6.4376 ], [ 10.4792, 6.4304 ], [ 10.4896, 6.4072 ], [ 10.4686, 6.377 ], [ 10.474, 6.3702 ], [ 10.4854, 6.3728 ], [ 10.4944, 6.337 ], [ 10.4662, 6.3338 ], [ 10.4628, 6.3214 ], [ 10.4774, 6.29 ], [ 10.4508, 6.2502 ], [ 10.4264, 6.2402 ], [ 10.442, 6.2114 ], [ 10.429, 6.1902 ], [ 10.4344, 6.171 ], [ 10.428, 6.1502 ], [ 10.4436, 6.142 ], [ 10.4528, 6.1248 ], [ 10.4464, 6.1192 ], [ 10.4516, 6.1042 ], [ 10.4316, 6.104 ], [ 10.422, 6.113 ], [ 10.408, 6.1054 ], [ 10.395, 6.0878 ], [ 10.3996, 6.0812 ], [ 10.3884, 6.0726 ], [ 10.38, 6.0784 ], [ 10.3614, 6.0608 ], [ 10.3554, 6.069 ], [ 10.312, 6.058 ], [ 10.3126, 6.0808 ], [ 10.3204, 6.0916 ], [ 10.3044, 6.12 ], [ 10.3138, 6.1522 ], [ 10.288, 6.1564 ], [ 10.2842, 6.1632 ], [ 10.252, 6.1576 ], [ 10.2614, 6.1458 ], [ 10.2394, 6.1454 ] ] ] } },
{ "type": "Feature", "properties": { "district": "Galim", "region": "Ouest" }, "geometry": { "type": "MultiPolygon", "coordinates": [ [ [ [ 10.288, 5.7868 ], [ 10.2976, 5.7922 ], [ 10.303, 5.7842 ], [ 10.3066, 5.7858 ], [ 10.2966, 5.803 ], [ 10.2972, 5.817 ], [ 10.3086, 5.8188 ], [ 10.326, 5.808 ], [ 10.3452, 5.8106 ], [ 10.3652, 5.8008 ], [ 10.3816, 5.7994 ], [ 10.3908, 5.8106 ], [ 10.4372, 5.8014 ], [ 10.4576, 5.8256 ], [ 10.476, 5.8136 ], [ 10.4812, 5.8236 ], [ 10.4734, 5.8284 ], [ 10.4756, 5.8384 ], [ 10.4794, 5.8302 ], [ 10.4884, 5.8262 ], [ 10.482, 5.8398 ], [ 10.517, 5.8232 ], [ 10.537, 5.803 ], [ 10.5704, 5.803 ], [ 10.574, 5.7922 ], [ 10.5586, 5.7846 ], [ 10.549, 5.7106 ], [ 10.5036, 5.7072 ], [ 10.485, 5.6818 ], [ 10.4876, 5.6702 ], [ 10.4656, 5.6606 ], [ 10.4566, 5.6324 ], [ 10.4506, 5.631 ], [ 10.4132, 5.6478 ], [ 10.3976, 5.6406 ], [ 10.3814, 5.6606 ], [ 10.3528, 5.6624 ], [ 10.3468, 5.6714 ], [ 10.3364, 5.661 ], [ 10.3204, 5.6636 ], [ 10.3002, 5.6524 ], [ 10.2668, 5.6622 ], [ 10.2664, 5.6788 ], [ 10.2828, 5.6842 ], [ 10.2788, 5.7006 ], [ 10.307, 5.7212 ], [ 10.2774, 5.7618 ], [ 10.2774, 5.7744 ], [ 10.288, 5.7868 ] ], [ [ 10.3054, 5.7908 ], [ 10.3054, 5.7906 ], [ 10.3056, 5.7908 ], [ 10.3054, 5.7908 ] ] ], [ [ [ 10.2772, 5.761 ], [ 10.2772, 5.7612 ], [ 10.2774, 5.7612 ], [ 10.2772, 5.761 ] ] ], [ [ [ 10.3652, 5.8012 ], [ 10.365, 5.801 ], [ 10.365, 5.8012 ], [ 10.3652, 5.8012 ] ] ] ] } },
{ "type": "Feature", "properties": { "district": "Garoua 1", "region": "Nord" }, "geometry": { "type": "Polygon", "coordinates": [ [ [ 13.3288, 9.327 ], [ 13.3486, 9.368 ], [ 13.371, 9.3816 ], [ 13.3848, 9.3776 ], [ 13.383, 9.3512 ], [ 13.4062, 9.2952 ], [ 13.3802, 9.2556 ], [ 13.34, 9.258 ], [ 13.3334, 9.2734 ], [ 13.3428, 9.2886 ], [ 13.3336, 9.2964 ], [ 13.3368, 9.3064 ], [ 13.3288, 9.327 ] ] ] } },
{ "type": "Feature", "properties": { "district": "Garoua 2", "region": "Nord" }, "geometry": { "type": "Polygon", "coordinates": [ [ [ 13.4206, 9.3824 ], [ 13.4342, 9.3524 ], [ 13.4464, 9.3498 ], [ 13.45, 9.359 ], [ 13.4642, 9.3654 ], [ 13.4696, 9.3592 ], [ 13.489, 9.3586 ], [ 13.471, 9.3428 ], [ 13.4664, 9.3208 ], [ 13.4062, 9.2952 ], [ 13.383, 9.3512 ], [ 13.3846, 9.377 ], [ 13.4206, 9.3824 ] ] ] } },
{ "type": "Feature", "properties": { "district": "Garoua Boulai", "region": "Est" }, "geometry": { "type": "MultiPolygon", "coordinates": [ [ [ [ 14.5954, 5.6134 ], [ 14.5952, 5.6134 ], [ 14.5952, 5.6136 ], [ 14.5954, 5.6134 ] ] ], [ [ [ 14.5974, 5.6178 ], [ 14.5974, 5.618 ], [ 14.5976, 5.618 ], [ 14.5974, 5.6178 ] ] ], [ [ [ 14.4008, 5.2706 ], [ 14.3994, 5.2708 ], [ 14.4002, 5.2738 ], [ 14.3966, 5.2784 ], [ 14.3976, 5.2808 ], [ 14.3946, 5.2828 ], [ 14.3954, 5.3028 ], [ 14.3698, 5.335 ], [ 14.3552, 5.343 ], [ 14.3486, 5.3634 ], [ 14.3516, 5.42 ], [ 14.3626, 5.4646 ], [ 14.3474, 5.4928 ], [ 14.3526, 5.5042 ], [ 14.3446, 5.5232 ], [ 14.3486, 5.537 ], [ 14.341, 5.5388 ], [ 14.3378, 5.5502 ], [ 14.326, 5.5382 ], [ 14.2964, 5.5346 ], [ 14.2866, 5.5952 ], [ 14.234, 5.6288 ], [ 14.1788, 5.6266 ], [ 14.164, 5.6334 ], [ 14.1314, 5.6674 ], [ 14.1322, 5.6778 ], [ 14.1578, 5.683 ], [ 14.166, 5.6922 ], [ 14.1586, 5.721 ], [ 14.1332, 5.7354 ], [ 14.1344, 5.7536 ], [ 14.124, 5.7648 ], [ 14.112, 5.8096 ], [ 14.1434, 5.8352 ], [ 14.1474, 5.8444 ], [ 14.1404, 5.8698 ], [ 14.1582, 5.8716 ], [ 14.1698, 5.895 ], [ 14.1408, 5.9244 ], [ 14.1176, 5.9842 ], [ 14.1482, 6.0028 ], [ 14.1498, 6.0118 ], [ 14.1748, 5.999 ], [ 14.199, 6.0022 ], [ 14.2188, 5.992 ], [ 14.2536, 6.0138 ], [ 14.266, 6.0092 ], [ 14.291, 6.018 ], [ 14.3082, 6.0048 ], [ 14.3796, 5.999 ], [ 14.3818, 6.0146 ], [ 14.4062, 6.0164 ], [ 14.39, 6.0294 ], [ 14.3844, 6.0488 ], [ 14.3654, 6.0692 ], [ 14.3476, 6.0768 ], [ 14.3532, 6.1074 ], [ 14.375, 6.1132 ], [ 14.3858, 6.092 ], [ 14.419, 6.0856 ], [ 14.4272, 6.075 ], [ 14.4156, 6.0326 ], [ 14.4264, 6.0254 ], [ 14.4324, 5.9994 ], [ 14.463, 5.9736 ], [ 14.4902, 5.914 ], [ 14.5108, 5.9114 ], [ 14.5274, 5.9182 ], [ 14.5442, 5.9396 ], [ 14.5724, 5.938 ], [ 14.5876, 5.9232 ], [ 14.6028, 5.921 ], [ 14.6196, 5.8886 ], [ 14.6122, 5.8542 ], [ 14.6244, 5.8022 ], [ 14.624, 5.7972 ], [ 14.62, 5.7894 ], [ 14.6262, 5.708 ], [ 14.6096, 5.6628 ], [ 14.6068, 5.659 ], [ 14.606, 5.6582 ], [ 14.6056, 5.6586 ], [ 14.6072, 5.6432 ], [ 14.5982, 5.6284 ], [ 14.5966, 5.6228 ], [ 14.598, 5.621 ], [ 14.5972, 5.6188 ], [ 14.5972, 5.6178 ], [ 14.5976, 5.6172 ], [ 14.5952, 5.6146 ], [ 14.5952, 5.6126 ], [ 14.5936, 5.6096 ], [ 14.591, 5.6074 ], [ 14.5896, 5.5952 ], [ 14.5912, 5.5822 ], [ 14.6002, 5.5758 ], [ 14.6068, 5.5606 ], [ 14.6104, 5.5334 ], [ 14.63, 5.5122 ], [ 14.613, 5.4896 ], [ 14.618, 5.478 ], [ 14.5984, 5.4596 ], [ 14.6052, 5.4516 ], [ 14.5974, 5.433 ], [ 14.6002, 5.4174 ], [ 14.5936, 5.4082 ], [ 14.5712, 5.403 ], [ 14.5726, 5.381 ], [ 14.5614, 5.3704 ], [ 14.553, 5.326 ], [ 14.5426, 5.3164 ], [ 14.5488, 5.3144 ], [ 14.5492, 5.3042 ], [ 14.498, 5.262 ], [ 14.4838, 5.2648 ], [ 14.4614, 5.2536 ], [ 14.457, 5.2444 ], [ 14.4664, 5.2398 ], [ 14.4644, 5.2344 ], [ 14.401, 5.2678 ], [ 14.4002, 5.2684 ], [ 14.4008, 5.2706 ] ], [ [ 14.6084, 5.5384 ], [ 14.6086, 5.5378 ], [ 14.6092, 5.5378 ], [ 14.6084, 5.5384 ] ], [ [ 14.6008, 5.5728 ], [ 14.6006, 5.573 ], [ 14.6004, 5.573 ], [ 14.6006, 5.5726 ], [ 14.6008, 5.5728 ] ], [ [ 14.5944, 5.6122 ], [ 14.5942, 5.6122 ], [ 14.5944, 5.612 ], [ 14.5944, 5.6122 ] ], [ [ 14.6032, 5.6374 ], [ 14.603, 5.6372 ], [ 14.6032, 5.6372 ], [ 14.6032, 5.6374 ] ], [ [ 14.6062, 5.6586 ], [ 14.606, 5.6588 ], [ 14.606, 5.6586 ], [ 14.6062, 5.6586 ] ], [ [ 14.6242, 5.731 ], [ 14.6244, 5.7308 ], [ 14.6244, 5.731 ], [ 14.6242, 5.731 ] ], [ [ 14.6202, 5.7906 ], [ 14.6202, 5.7904 ], [ 14.6204, 5.7904 ], [ 14.6202, 5.7906 ] ] ] ] } },
{ "type": "Feature", "properties": { "district": "Gaschiga", "region": "Nord" }, "geometry": { "type": "Polygon", "coordinates": [ [ [ 13.2504, 10.0356 ], [ 13.314, 10.0128 ], [ 13.3326, 10.0158 ], [ 13.3414, 10.0064 ], [ 13.3372, 9.9948 ], [ 13.3844, 9.9952 ], [ 13.4042, 9.9748 ], [ 13.4838, 9.9862 ], [ 13.4988, 9.9948 ], [ 13.5222, 9.971 ], [ 13.5254, 9.9588 ], [ 13.547, 9.9542 ], [ 13.5722, 9.9194 ], [ 13.59, 9.9168 ], [ 13.6052, 9.904 ], [ 13.6072, 9.8814 ], [ 13.6154, 9.87 ], [ 13.6092, 9.8534 ], [ 13.615, 9.8388 ], [ 13.6088, 9.8274 ], [ 13.6116, 9.809 ], [ 13.6362, 9.771 ], [ 13.646, 9.7682 ], [ 13.647, 9.7612 ], [ 13.6344, 9.7534 ], [ 13.675, 9.7216 ], [ 13.6644, 9.724 ], [ 13.6506, 9.7112 ], [ 13.6244, 9.7094 ], [ 13.6162, 9.695 ], [ 13.6234, 9.6844 ], [ 13.604, 9.674 ], [ 13.604, 9.6556 ], [ 13.6116, 9.6458 ], [ 13.6364, 9.6392 ], [ 13.64, 9.6112 ], [ 13.6496, 9.6166 ], [ 13.6662, 9.6064 ], [ 13.6562, 9.596 ], [ 13.6482, 9.5994 ], [ 13.6184, 9.585 ], [ 13.5832, 9.6016 ], [ 13.5728, 9.5894 ], [ 13.551, 9.592 ], [ 13.544, 9.5848 ], [ 13.5232, 9.5844 ], [ 13.4972, 9.5906 ], [ 13.4876, 9.577 ], [ 13.4728, 9.576 ], [ 13.4682, 9.557 ], [ 13.4524, 9.5436 ], [ 13.456, 9.51 ], [ 13.4474, 9.4972 ], [ 13.46, 9.4934 ], [ 13.4712, 9.479 ], [ 13.461, 9.454 ], [ 13.4452, 9.4552 ], [ 13.447, 9.4414 ], [ 13.4358, 9.4432 ], [ 13.434, 9.433 ], [ 13.4488, 9.423 ], [ 13.451, 9.4136 ], [ 13.4266, 9.407 ], [ 13.4138, 9.4138 ], [ 13.4162, 9.4042 ], [ 13.4098, 9.3986 ], [ 13.4206, 9.3824 ], [ 13.371, 9.3816 ], [ 13.3608, 9.3702 ], [ 13.3524, 9.3714 ], [ 13.3476, 9.3566 ], [ 13.3404, 9.3558 ], [ 13.336, 9.3324 ], [ 13.328, 9.3282 ], [ 13.3368, 9.3064 ], [ 13.3336, 9.2964 ], [ 13.3428, 9.2886 ], [ 13.3334, 9.2722 ], [ 13.34, 9.258 ], [ 13.3502, 9.2556 ], [ 13.3476, 9.2352 ], [ 13.324, 9.2452 ], [ 13.3134, 9.2268 ], [ 13.2736, 9.2346 ], [ 13.2612, 9.216 ], [ 13.2332, 9.2274 ], [ 13.2144, 9.2084 ], [ 13.1844, 9.2222 ], [ 13.1382, 9.1914 ], [ 13.1136, 9.2296 ], [ 13.0832, 9.238 ], [ 13.0664, 9.2728 ], [ 13.0278, 9.2726 ], [ 13.0096, 9.3032 ], [ 12.9934, 9.3068 ], [ 12.9784, 9.2948 ], [ 12.9748, 9.3204 ], [ 12.9582, 9.3138 ], [ 12.9474, 9.3282 ], [ 12.9198, 9.3312 ], [ 12.9242, 9.34 ], [ 12.9118, 9.3528 ], [ 12.8728, 9.3472 ], [ 12.8596, 9.3608 ], [ 12.8516, 9.3582 ], [ 12.8442, 9.3704 ], [ 12.8684, 9.3694 ], [ 12.8642, 9.3838 ], [ 12.8698, 9.3958 ], [ 12.877, 9.3908 ], [ 12.9396, 9.4146 ], [ 12.951, 9.4372 ], [ 12.973, 9.4546 ], [ 12.9748, 9.4688 ], [ 12.9832, 9.4658 ], [ 13.0048, 9.48 ], [ 13.0568, 9.5274 ], [ 13.1246, 9.5258 ], [ 13.154, 9.5402 ], [ 13.1624, 9.5378 ], [ 13.1918, 9.559 ], [ 13.208, 9.5558 ], [ 13.228, 9.5838 ], [ 13.2254, 9.5996 ], [ 13.2358, 9.621 ], [ 13.2284, 9.6488 ], [ 13.2372, 9.6674 ], [ 13.2304, 9.6782 ], [ 13.2516, 9.6984 ], [ 13.247, 9.7106 ], [ 13.26, 9.7398 ], [ 13.2594, 9.776 ], [ 13.288, 9.8022 ], [ 13.302, 9.8256 ], [ 13.2738, 9.851 ], [ 13.2496, 9.8574 ], [ 13.2376, 9.8848 ], [ 13.2366, 9.9108 ], [ 13.2516, 9.9282 ], [ 13.2654, 9.927 ], [ 13.2818, 9.9384 ], [ 13.277, 9.9434 ], [ 13.2872, 9.9626 ], [ 13.2878, 9.98 ], [ 13.2478, 10.0028 ], [ 13.2504, 10.0356 ] ] ] } },
{ "type": "Feature", "properties": { "district": "Gazawa", "region": "Extreme-Nord" }, "geometry": { "type": "MultiPolygon", "coordinates": [ [ [ [ 13.9208, 10.2774 ], [ 13.9208, 10.296 ], [ 13.9022, 10.3176 ], [ 13.9258, 10.3216 ], [ 13.9538, 10.3376 ], [ 13.9688, 10.3372 ], [ 13.9706, 10.3446 ], [ 13.9818, 10.3348 ], [ 14.0068, 10.336 ], [ 13.9758, 10.3688 ], [ 13.9812, 10.4074 ], [ 13.9728, 10.4442 ], [ 14.0032, 10.4618 ], [ 14.035, 10.4638 ], [ 14.0622, 10.4934 ], [ 14.0818, 10.481 ], [ 14.0964, 10.4902 ], [ 14.0914, 10.4964 ], [ 14.1018, 10.5064 ], [ 14.0936, 10.542 ], [ 14.0748, 10.54 ], [ 14.0828, 10.5614 ], [ 14.0682, 10.563 ], [ 14.0522, 10.5784 ], [ 14.057, 10.5902 ], [ 14.05, 10.601 ], [ 14.0668, 10.645 ], [ 14.0788, 10.647 ], [ 14.1138, 10.6278 ], [ 14.1462, 10.6396 ], [ 14.152, 10.6234 ], [ 14.1604, 10.6216 ], [ 14.1476, 10.6158 ], [ 14.145, 10.5924 ], [ 14.1842, 10.5632 ], [ 14.1868, 10.5258 ], [ 14.1684, 10.5134 ], [ 14.1916, 10.5136 ], [ 14.1804, 10.4976 ], [ 14.1604, 10.4922 ], [ 14.1628, 10.483 ], [ 14.1812, 10.4754 ], [ 14.1846, 10.4538 ], [ 14.169, 10.4508 ], [ 14.169, 10.4492 ], [ 14.1674, 10.446 ], [ 14.1638, 10.443 ], [ 14.1574, 10.4244 ], [ 14.173, 10.4128 ], [ 14.183, 10.4156 ], [ 14.1812, 10.4052 ], [ 14.1558, 10.373 ], [ 14.1358, 10.3618 ], [ 14.1118, 10.3626 ], [ 14.1058, 10.3516 ], [ 14.0922, 10.3644 ], [ 14.0812, 10.3584 ], [ 14.0672, 10.3642 ], [ 14.0556, 10.3528 ], [ 14.065, 10.338 ], [ 14.064, 10.3186 ], [ 14.054, 10.3198 ], [ 14.0416, 10.3084 ], [ 14.0512, 10.2952 ], [ 14.0434, 10.2914 ], [ 14.0488, 10.2394 ], [ 14.0424, 10.2348 ], [ 14.0504, 10.1936 ], [ 14.0448, 10.1758 ], [ 14.0238, 10.1752 ], [ 14.007, 10.2032 ], [ 13.974, 10.2164 ], [ 13.9762, 10.2234 ], [ 13.9692, 10.2284 ], [ 13.9354, 10.241 ], [ 13.9308, 10.274 ], [ 13.9208, 10.2774 ] ], [ [ 14.1574, 10.3756 ], [ 14.1574, 10.3754 ], [ 14.1576, 10.3754 ], [ 14.1574, 10.3756 ] ], [ [ 14.1682, 10.4488 ], [ 14.1684, 10.4488 ], [ 14.1682, 10.449 ], [ 14.1682, 10.4488 ] ] ], [ [ [ 14.1846, 10.456 ], [ 14.1844, 10.456 ], [ 14.1844, 10.4562 ], [ 14.1846, 10.456 ] ] ] ] } },
{ "type": "Feature", "properties": { "district": "Golombe", "region": "Nord" }, "geometry": { "type": "Polygon", "coordinates": [ [ [ 13.9346, 9.7882 ], [ 13.9276, 9.7626 ], [ 13.9512, 9.7514 ], [ 13.9566, 9.7376 ], [ 13.9546, 9.676 ], [ 13.9828, 9.6434 ], [ 13.9564, 9.629 ], [ 13.9378, 9.6418 ], [ 13.9016, 9.6414 ], [ 13.8894, 9.6166 ], [ 13.8676, 9.602 ], [ 13.8584, 9.5424 ], [ 13.8466, 9.5326 ], [ 13.8192, 9.5406 ], [ 13.799, 9.5346 ], [ 13.8032, 9.5452 ], [ 13.7906, 9.5492 ], [ 13.7826, 9.5634 ], [ 13.7696, 9.5638 ], [ 13.7752, 9.5828 ], [ 13.7626, 9.5826 ], [ 13.7506, 9.567 ], [ 13.7256, 9.6024 ], [ 13.7066, 9.611 ], [ 13.6944, 9.6034 ], [ 13.6924, 9.5708 ], [ 13.6758, 9.543 ], [ 13.6688, 9.5396 ], [ 13.6544, 9.5552 ], [ 13.6492, 9.5698 ], [ 13.6638, 9.6126 ], [ 13.6486, 9.6166 ], [ 13.64, 9.6112 ], [ 13.6364, 9.6392 ], [ 13.6116, 9.6458 ], [ 13.604, 9.6556 ], [ 13.604, 9.674 ], [ 13.6234, 9.6844 ], [ 13.6162, 9.695 ], [ 13.6244, 9.7094 ], [ 13.6506, 9.7112 ], [ 13.6644, 9.724 ], [ 13.675, 9.7216 ], [ 13.6708, 9.73 ], [ 13.6474, 9.738 ], [ 13.6344, 9.7534 ], [ 13.6408, 9.7606 ], [ 13.6636, 9.753 ], [ 13.7066, 9.7612 ], [ 13.721, 9.7496 ], [ 13.732, 9.7612 ], [ 13.724, 9.7736 ], [ 13.7304, 9.782 ], [ 13.7418, 9.7812 ], [ 13.7518, 9.7636 ], [ 13.78, 9.797 ], [ 13.7832, 9.8102 ], [ 13.8056, 9.8114 ], [ 13.8118, 9.8508 ], [ 13.8188, 9.8554 ], [ 13.8264, 9.8494 ], [ 13.8254, 9.8328 ], [ 13.8408, 9.8324 ], [ 13.8476, 9.823 ], [ 13.8588, 9.831 ], [ 13.8948, 9.8258 ], [ 13.905, 9.7924 ], [ 13.9276, 9.7838 ], [ 13.9346, 9.7882 ] ] ] } },
{ "type": "Feature", "properties": { "district": "Goulfey", "region": "Extreme-Nord" }, "geometry": { "type": "Polygon", "coordinates": [ [ [ 14.6032, 12.732 ], [ 14.6302, 12.722 ], [ 14.6296, 12.7078 ], [ 14.6428, 12.7138 ], [ 14.647, 12.7042 ], [ 14.653, 12.714 ], [ 14.6598, 12.6954 ], [ 14.6688, 12.6996 ], [ 14.6668, 12.7086 ], [ 14.6748, 12.7044 ], [ 14.6816, 12.715 ], [ 14.6908, 12.706 ], [ 14.6994, 12.7104 ], [ 14.7036, 12.7048 ], [ 14.6926, 12.6846 ], [ 14.7042, 12.679 ], [ 14.7038, 12.6678 ], [ 14.7146, 12.6574 ], [ 14.7312, 12.6668 ], [ 14.735, 12.6858 ], [ 14.7448, 12.689 ], [ 14.7616, 12.6776 ], [ 14.7628, 12.6472 ], [ 14.7728, 12.636 ], [ 14.8244, 12.64 ], [ 14.8316, 12.635 ], [ 14.8526, 12.5596 ], [ 14.8588, 12.494 ], [ 14.8454, 12.4784 ], [ 14.8444, 12.4646 ], [ 14.8558, 12.4526 ], [ 14.865, 12.4688 ], [ 14.8778, 12.4658 ], [ 14.8774, 12.4352 ], [ 14.909, 12.3826 ], [ 14.8998, 12.3488 ], [ 14.9108, 12.3326 ], [ 14.893, 12.3084 ], [ 14.9052, 12.2844 ], [ 14.892, 12.2506 ], [ 14.9038, 12.2268 ], [ 14.892, 12.2038 ], [ 14.912, 12.1868 ], [ 14.8888, 12.1742 ], [ 14.8848, 12.1642 ], [ 14.911, 12.1462 ], [ 14.9226, 12.1282 ], [ 14.8902, 12.128 ], [ 14.8712, 12.1182 ], [ 14.8568, 12.1324 ], [ 14.8414, 12.1208 ], [ 14.8484, 12.1142 ], [ 14.8408, 12.106 ], [ 14.7884, 12.113 ], [ 14.7668, 12.0978 ], [ 14.766, 12.1064 ], [ 14.7486, 12.1082 ], [ 14.7384, 12.1184 ], [ 14.7428, 12.124 ], [ 14.7332, 12.1384 ], [ 14.7148, 12.1418 ], [ 14.6912, 12.162 ], [ 14.6802, 12.1594 ], [ 14.6734, 12.1764 ], [ 14.6638, 12.1794 ], [ 14.667, 12.1892 ], [ 14.6598, 12.1978 ], [ 14.6308, 12.1942 ], [ 14.6288, 12.1822 ], [ 14.6134, 12.1858 ], [ 14.6152, 12.192 ], [ 14.5976, 12.1944 ], [ 14.609, 12.2014 ], [ 14.5918, 12.2178 ], [ 14.594, 12.228 ], [ 14.5744, 12.227 ], [ 14.5482, 12.2382 ], [ 14.5596, 12.2596 ], [ 14.5498, 12.2572 ], [ 14.5436, 12.2742 ], [ 14.561, 12.2846 ], [ 14.5634, 12.3212 ], [ 14.5902, 12.319 ], [ 14.5968, 12.3862 ], [ 14.6182, 12.382 ], [ 14.6342, 12.3648 ], [ 14.6396, 12.3798 ], [ 14.657, 12.3836 ], [ 14.6366, 12.4064 ], [ 14.637, 12.4174 ], [ 14.662, 12.4312 ], [ 14.6624, 12.4448 ], [ 14.6722, 12.4512 ], [ 14.6674, 12.458 ], [ 14.6846, 12.4678 ], [ 14.6862, 12.482 ], [ 14.7072, 12.477 ], [ 14.6908, 12.4936 ], [ 14.6948, 12.5016 ], [ 14.6882, 12.518 ], [ 14.7134, 12.5128 ], [ 14.7234, 12.5198 ], [ 14.7142, 12.532 ], [ 14.7248, 12.55 ], [ 14.708, 12.5638 ], [ 14.7018, 12.5986 ], [ 14.6632, 12.5988 ], [ 14.6382, 12.6116 ], [ 14.6236, 12.599 ], [ 14.618, 12.6158 ], [ 14.579, 12.6366 ], [ 14.567, 12.6728 ], [ 14.5922, 12.686 ], [ 14.5948, 12.694 ], [ 14.5894, 12.7102 ], [ 14.5798, 12.7118 ], [ 14.5776, 12.726 ], [ 14.5962, 12.724 ], [ 14.6032, 12.732 ] ] ] } },
{ "type": "Feature", "properties": { "district": "Guere", "region": "Extreme-Nord" }, "geometry": { "type": "Polygon", "coordinates": [ [ [ 15.4098, 10.1672 ], [ 15.411, 10.1796 ], [ 15.4266, 10.1874 ], [ 15.4212, 10.1966 ], [ 15.4296, 10.2036 ], [ 15.4414, 10.1994 ], [ 15.4546, 10.1632 ], [ 15.4784, 10.143 ], [ 15.4782, 10.1284 ], [ 15.4892, 10.1232 ], [ 15.5012, 10.0998 ], [ 15.5292, 10.1 ], [ 15.5598, 10.0678 ], [ 15.5796, 10.0692 ], [ 15.59, 10.0496 ], [ 15.612, 10.0464 ], [ 15.6804, 10.0062 ], [ 15.6982, 9.992 ], [ 15.7068, 9.9702 ], [ 15.7194, 9.963 ], [ 15.7058, 9.9464 ], [ 15.6642, 9.92 ], [ 15.53, 9.8802 ], [ 15.4854, 9.8876 ], [ 15.4794, 9.8742 ], [ 15.4478, 9.8846 ], [ 15.423, 9.88 ], [ 15.4098, 9.8904 ], [ 15.3778, 9.8842 ], [ 15.3716, 9.8892 ], [ 15.3662, 9.883 ], [ 15.351, 9.894 ], [ 15.3356, 9.8894 ], [ 15.3186, 9.865 ], [ 15.2904, 9.8684 ], [ 15.2554, 9.8452 ], [ 15.2482, 9.8566 ], [ 15.2004, 9.8702 ], [ 15.1998, 9.8834 ], [ 15.1846, 9.8844 ], [ 15.1818, 9.895 ], [ 15.1628, 9.91 ], [ 15.1996, 9.9358 ], [ 15.2374, 10.0286 ], [ 15.2326, 10.0576 ], [ 15.2384, 10.0838 ], [ 15.2664, 10.12 ], [ 15.277, 10.1488 ], [ 15.3122, 10.1846 ], [ 15.3132, 10.2482 ], [ 15.328, 10.2518 ], [ 15.3388, 10.2448 ], [ 15.3618, 10.218 ], [ 15.3582, 10.1948 ], [ 15.3816, 10.1938 ], [ 15.3814, 10.183 ], [ 15.3956, 10.1686 ], [ 15.4098, 10.1672 ] ] ] } },
{ "type": "Feature", "properties": { "district": "Guider", "region": "Nord" }, "geometry": { "type": "MultiPolygon", "coordinates": [ [ [ [ 14.0294, 9.8126 ], [ 14.0294, 9.8128 ], [ 14.0296, 9.8128 ], [ 14.0294, 9.8126 ] ] ], [ [ [ 13.6698, 10.0216 ], [ 13.6864, 10.0318 ], [ 13.697, 10.0302 ], [ 13.701, 10.0382 ], [ 13.7208, 10.0404 ], [ 13.7122, 10.0558 ], [ 13.7384, 10.0654 ], [ 13.7438, 10.0748 ], [ 13.7212, 10.0922 ], [ 13.738, 10.1144 ], [ 13.7228, 10.1298 ], [ 13.719, 10.1474 ], [ 13.7466, 10.1592 ], [ 13.7374, 10.1664 ], [ 13.7414, 10.1836 ], [ 13.7362, 10.2 ], [ 13.7652, 10.2116 ], [ 13.7426, 10.2274 ], [ 13.748, 10.2532 ], [ 13.765, 10.2654 ], [ 13.781, 10.2664 ], [ 13.8068, 10.2486 ], [ 13.8414, 10.2586 ], [ 13.8928, 10.2576 ], [ 13.9004, 10.2476 ], [ 13.9236, 10.2494 ], [ 13.9618, 10.2268 ], [ 13.9692, 10.2284 ], [ 13.9762, 10.2234 ], [ 13.974, 10.2164 ], [ 14.007, 10.2032 ], [ 14.0238, 10.1752 ], [ 14.036, 10.1764 ], [ 14.0346, 10.1614 ], [ 14.046, 10.141 ], [ 14.0602, 10.1368 ], [ 14.0718, 10.1134 ], [ 14.0602, 10.088 ], [ 14.0696, 10.0748 ], [ 14.0644, 10.0628 ], [ 14.048, 10.0564 ], [ 14.0542, 10.0438 ], [ 14.0438, 10.0354 ], [ 14.0524, 10.0294 ], [ 14.0546, 10.0134 ], [ 14.0462, 9.9644 ], [ 14.0566, 9.9654 ], [ 14.0794, 9.9508 ], [ 14.089, 9.9102 ], [ 14.0602, 9.9212 ], [ 14.0416, 9.8968 ], [ 14.0276, 9.8878 ], [ 14.016, 9.8914 ], [ 14.0122, 9.8808 ], [ 14.018, 9.8756 ], [ 14.0096, 9.8654 ], [ 14.0152, 9.8584 ], [ 14.0054, 9.8546 ], [ 14.0112, 9.846 ], [ 14.0304, 9.841 ], [ 14.0332, 9.8158 ], [ 14.0284, 9.8122 ], [ 14.0278, 9.8032 ], [ 14.024, 9.8032 ], [ 14.026, 9.797 ], [ 14.0124, 9.8004 ], [ 13.9954, 9.82 ], [ 13.9782, 9.795 ], [ 13.962, 9.8008 ], [ 13.9578, 9.7932 ], [ 13.9382, 9.7962 ], [ 13.9262, 9.784 ], [ 13.904, 9.7936 ], [ 13.8952, 9.8256 ], [ 13.8588, 9.831 ], [ 13.8476, 9.823 ], [ 13.8408, 9.8324 ], [ 13.8214, 9.8356 ], [ 13.8264, 9.8494 ], [ 13.822, 9.8544 ], [ 13.8122, 9.8536 ], [ 13.7918, 9.8718 ], [ 13.7676, 9.8784 ], [ 13.7866, 9.8882 ], [ 13.7904, 9.901 ], [ 13.7686, 9.912 ], [ 13.7666, 9.9382 ], [ 13.7454, 9.9444 ], [ 13.7368, 9.9654 ], [ 13.6916, 9.9774 ], [ 13.6848, 10.0098 ], [ 13.6698, 10.0216 ] ] ] ] } },
{ "type": "Feature", "properties": { "district": "Guidiguis", "region": "Extreme-Nord" }, "geometry": { "type": "Polygon", "coordinates": [ [ [ 14.52, 10.077 ], [ 14.5964, 10.0614 ], [ 14.6014, 10.0788 ], [ 14.595, 10.0794 ], [ 14.5942, 10.081 ], [ 14.6142, 10.098 ], [ 14.6098, 10.1444 ], [ 14.6202, 10.181 ], [ 14.6444, 10.1754 ], [ 14.6694, 10.181 ], [ 14.6826, 10.1748 ], [ 14.6922, 10.1926 ], [ 14.7014, 10.1832 ], [ 14.7104, 10.1932 ], [ 14.7448, 10.1934 ], [ 14.76, 10.2178 ], [ 14.7722, 10.214 ], [ 14.787, 10.2366 ], [ 14.7794, 10.2574 ], [ 14.793, 10.2528 ], [ 14.8092, 10.271 ], [ 14.8126, 10.263 ], [ 14.8226, 10.2634 ], [ 14.8182, 10.282 ], [ 14.8358, 10.308 ], [ 14.8496, 10.3156 ], [ 14.866, 10.3102 ], [ 14.8686, 10.301 ], [ 14.8616, 10.293 ], [ 14.891, 10.2614 ], [ 14.8904, 10.2542 ], [ 14.9122, 10.2482 ], [ 14.9128, 10.2342 ], [ 14.928, 10.218 ], [ 14.9072, 10.2 ], [ 14.919, 10.1766 ], [ 14.9152, 10.1684 ], [ 14.8818, 10.1412 ], [ 14.8918, 10.1354 ], [ 14.8818, 10.1152 ], [ 14.884, 10.0614 ], [ 14.8574, 10.0462 ], [ 14.8552, 10.0244 ], [ 14.8424, 10.0126 ], [ 14.8522, 10.011 ], [ 14.8268, 9.9812 ], [ 14.828, 9.948 ], [ 14.8396, 9.9388 ], [ 14.863, 9.877 ], [ 14.8424, 9.8642 ], [ 14.8348, 9.8472 ], [ 14.7888, 9.8568 ], [ 14.7862, 9.8744 ], [ 14.7736, 9.8806 ], [ 14.7408, 9.9288 ], [ 14.73, 9.9228 ], [ 14.6944, 9.9282 ], [ 14.6726, 9.9238 ], [ 14.6498, 9.9312 ], [ 14.6228, 9.9228 ], [ 14.5818, 9.9218 ], [ 14.5508, 9.9414 ], [ 14.5008, 9.9542 ], [ 14.4848, 9.9708 ], [ 14.4744, 9.9684 ], [ 14.4674, 9.9786 ], [ 14.4802, 10.0136 ], [ 14.4934, 10.0226 ], [ 14.5108, 10.0204 ], [ 14.5054, 10.0408 ], [ 14.4968, 10.0434 ], [ 14.5094, 10.0466 ], [ 14.52, 10.077 ] ], [ [ 14.6634, 10.177 ], [ 14.6636, 10.1768 ], [ 14.6636, 10.177 ], [ 14.6634, 10.177 ] ] ] } },
{ "type": "Feature", "properties": { "district": "Hina", "region": "Extreme-Nord" }, "geometry": { "type": "Polygon", "coordinates": [ [ [ 13.6944, 10.4392 ], [ 13.7012, 10.4498 ], [ 13.6848, 10.4596 ], [ 13.682, 10.4818 ], [ 13.703, 10.47 ], [ 13.725, 10.4806 ], [ 13.7242, 10.4924 ], [ 13.7398, 10.5208 ], [ 13.7802, 10.5448 ], [ 13.8054, 10.5348 ], [ 13.804, 10.556 ], [ 13.8518, 10.5558 ], [ 13.85, 10.5362 ], [ 13.8868, 10.5446 ], [ 13.895, 10.5378 ], [ 13.8912, 10.5526 ], [ 13.903, 10.5568 ], [ 13.915, 10.5504 ], [ 13.949, 10.5698 ], [ 13.9558, 10.5682 ], [ 13.9496, 10.5414 ], [ 13.9544, 10.5358 ], [ 13.9798, 10.5384 ], [ 14.0054, 10.51 ], [ 14.0306, 10.5 ], [ 14.0384, 10.5104 ], [ 14.0474, 10.5098 ], [ 14.0494, 10.496 ], [ 14.0676, 10.497 ], [ 14.0488, 10.4854 ], [ 14.035, 10.4638 ], [ 14.0032, 10.4618 ], [ 13.9718, 10.442 ], [ 13.9812, 10.4074 ], [ 13.9758, 10.3688 ], [ 14.0068, 10.336 ], [ 13.9818, 10.3348 ], [ 13.9706, 10.3446 ], [ 13.9688, 10.3372 ], [ 13.9538, 10.3376 ], [ 13.9258, 10.3216 ], [ 13.9022, 10.3176 ], [ 13.9208, 10.296 ], [ 13.9208, 10.2774 ], [ 13.9308, 10.274 ], [ 13.9304, 10.2436 ], [ 13.9164, 10.251 ], [ 13.9004, 10.2476 ], [ 13.8928, 10.2576 ], [ 13.8414, 10.2586 ], [ 13.8068, 10.2486 ], [ 13.781, 10.2664 ], [ 13.7646, 10.2652 ], [ 13.7432, 10.2452 ], [ 13.7238, 10.2502 ], [ 13.7292, 10.2724 ], [ 13.708, 10.2782 ], [ 13.7166, 10.2962 ], [ 13.7074, 10.3062 ], [ 13.7178, 10.308 ], [ 13.7218, 10.3234 ], [ 13.6846, 10.343 ], [ 13.6906, 10.3626 ], [ 13.6776, 10.3614 ], [ 13.6644, 10.3708 ], [ 13.6684, 10.3782 ], [ 13.682, 10.3724 ], [ 13.6852, 10.3912 ], [ 13.6952, 10.4004 ], [ 13.6944, 10.4392 ] ] ] } },
{ "type": "Feature", "properties": { "district": "Japoma", "region": "Littoral" }, "geometry": { "type": "Polygon", "coordinates": [ [ [ 9.7834, 3.9612 ], [ 9.7964, 3.9926 ], [ 9.79, 4.001 ], [ 9.7776, 3.9986 ], [ 9.7836, 4.0112 ], [ 9.7694, 4.0302 ], [ 9.8182, 4.034 ], [ 9.8254, 4.0408 ], [ 9.8412, 4.0348 ], [ 9.8454, 4.0028 ], [ 9.8596, 3.9964 ], [ 9.8638, 3.9844 ], [ 9.8604, 3.9568 ], [ 9.8346, 3.9406 ], [ 9.7834, 3.9612 ] ] ] } },
{ "type": "Feature", "properties": { "district": "Kaele", "region": "Extreme-Nord" }, "geometry": { "type": "MultiPolygon", "coordinates": [ [ [ [ 14.278, 10.3104 ], [ 14.2788, 10.3234 ], [ 14.244, 10.332 ], [ 14.2594, 10.3344 ], [ 14.2792, 10.3492 ], [ 14.3064, 10.3456 ], [ 14.343, 10.3672 ], [ 14.3554, 10.3928 ], [ 14.3694, 10.3996 ], [ 14.3732, 10.387 ], [ 14.3522, 10.2936 ], [ 14.3706, 10.2786 ], [ 14.4058, 10.2698 ], [ 14.4102, 10.2508 ], [ 14.4282, 10.2616 ], [ 14.4454, 10.2594 ], [ 14.445, 10.2458 ], [ 14.4702, 10.2466 ], [ 14.4864, 10.2698 ], [ 14.5096, 10.2508 ], [ 14.5372, 10.2482 ], [ 14.5428, 10.2686 ], [ 14.5614, 10.2832 ], [ 14.581, 10.2654 ], [ 14.6124, 10.2584 ], [ 14.604, 10.2378 ], [ 14.612, 10.2222 ], [ 14.6046, 10.218 ], [ 14.6046, 10.2084 ], [ 14.6214, 10.171 ], [ 14.6098, 10.1444 ], [ 14.6142, 10.098 ], [ 14.5942, 10.081 ], [ 14.6014, 10.0788 ], [ 14.5968, 10.0618 ], [ 14.5796, 10.0612 ], [ 14.5532, 10.0738 ], [ 14.515, 10.0746 ], [ 14.5094, 10.0466 ], [ 14.4968, 10.0436 ], [ 14.5054, 10.0408 ], [ 14.5108, 10.0204 ], [ 14.4934, 10.0226 ], [ 14.4828, 10.0166 ], [ 14.4662, 9.9734 ], [ 14.4562, 9.974 ], [ 14.4036, 9.9204 ], [ 14.382, 9.9358 ], [ 14.3758, 9.9492 ], [ 14.38, 9.9756 ], [ 14.335, 9.9778 ], [ 14.3198, 9.9674 ], [ 14.312, 9.9834 ], [ 14.3158, 9.9954 ], [ 14.3082, 10.0036 ], [ 14.2452, 10.0034 ], [ 14.2192, 9.9888 ], [ 14.2126, 10.01 ], [ 14.192, 10.0338 ], [ 14.2226, 10.0726 ], [ 14.2006, 10.099 ], [ 14.2288, 10.1106 ], [ 14.2154, 10.1214 ], [ 14.2192, 10.1326 ], [ 14.2598, 10.1258 ], [ 14.2722, 10.1624 ], [ 14.2624, 10.2572 ], [ 14.2774, 10.2992 ], [ 14.2624, 10.3008 ], [ 14.278, 10.3104 ] ] ], [ [ [ 14.2746, 10.3478 ], [ 14.2748, 10.3478 ], [ 14.2746, 10.3476 ], [ 14.2746, 10.3478 ] ] ], [ [ [ 14.2744, 10.3478 ], [ 14.2744, 10.348 ], [ 14.2746, 10.3478 ], [ 14.2744, 10.3478 ] ] ] ] } },
{ "type": "Feature", "properties": { "district": "Kar Hay", "region": "Extreme-Nord" }, "geometry": { "type": "Polygon", "coordinates": [ [ [ 14.828, 9.948 ], [ 14.8276, 9.9838 ], [ 14.8522, 10.011 ], [ 14.8424, 10.0126 ], [ 14.8552, 10.0244 ], [ 14.8574, 10.0462 ], [ 14.884, 10.0614 ], [ 14.8818, 10.1152 ], [ 14.8918, 10.1354 ], [ 14.8818, 10.1412 ], [ 14.9152, 10.1684 ], [ 14.919, 10.1766 ], [ 14.9072, 10.2 ], [ 14.9222, 10.2074 ], [ 14.9496, 10.209 ], [ 14.9588, 10.1998 ], [ 14.9734, 10.1998 ], [ 14.9802, 10.1826 ], [ 14.9914, 10.1832 ], [ 15.0162, 10.1636 ], [ 15.0336, 10.1594 ], [ 15.0672, 10.1304 ], [ 15.1094, 10.109 ], [ 15.1096, 10.0782 ], [ 15.1196, 10.0676 ], [ 15.1222, 10.05 ], [ 15.139, 10.038 ], [ 15.1478, 10.042 ], [ 15.1708, 10.0204 ], [ 15.1894, 10.027 ], [ 15.2002, 10.0172 ], [ 15.1906, 9.9766 ], [ 15.1816, 9.9754 ], [ 15.1722, 9.9592 ], [ 15.1704, 9.942 ], [ 15.183, 9.929 ], [ 15.164, 9.9112 ], [ 15.1512, 9.9482 ], [ 15.142, 9.9492 ], [ 15.1248, 9.935 ], [ 15.0716, 9.9534 ], [ 15.0544, 9.9198 ], [ 15.0364, 9.9038 ], [ 15.0096, 9.9086 ], [ 14.9184, 9.8736 ], [ 14.8996, 9.8822 ], [ 14.863, 9.8768 ], [ 14.8396, 9.9388 ], [ 14.828, 9.948 ] ] ] } },
{ "type": "Feature", "properties": { "district": "Kekem", "region": "Ouest" }, "geometry": { "type": "Polygon", "coordinates": [ [ [ 10.0472, 5.23 ], [ 10.0932, 5.2564 ], [ 10.1108, 5.252 ], [ 10.1144, 5.2572 ], [ 10.1396, 5.242 ], [ 10.143, 5.229 ], [ 10.1148, 5.203 ], [ 10.1094, 5.186 ], [ 10.1118, 5.1752 ], [ 10.1182, 5.1762 ], [ 10.112, 5.1584 ], [ 10.121, 5.1556 ], [ 10.1318, 5.1362 ], [ 10.1178, 5.1272 ], [ 10.1174, 5.0968 ], [ 10.1254, 5.0942 ], [ 10.1308, 5.0702 ], [ 10.097, 5.0642 ], [ 10.0844, 5.025 ], [ 10.078, 5.0228 ], [ 10.0692, 5.027 ], [ 10.071, 5.0478 ], [ 10.0064, 5.0692 ], [ 10.01, 5.0836 ], [ 9.9912, 5.132 ], [ 10.0076, 5.1508 ], [ 10.001, 5.1646 ], [ 10.0092, 5.1844 ], [ 10.0022, 5.2034 ], [ 10.0142, 5.2222 ], [ 10.0472, 5.23 ] ] ] } },
{ "type": "Feature", "properties": { "district": "Kette", "region": "Est" }, "geometry": { "type": "MultiPolygon", "coordinates": [ [ [ [ 14.6598, 4.605 ], [ 14.6598, 4.6052 ], [ 14.66, 4.6052 ], [ 14.6598, 4.605 ] ] ], [ [ [ 14.4238, 4.6366 ], [ 14.4038, 4.627 ], [ 14.383, 4.6812 ], [ 14.346, 4.685 ], [ 14.314, 4.6788 ], [ 14.3494, 4.7408 ], [ 14.3472, 4.7616 ], [ 14.3538, 4.7734 ], [ 14.335, 4.7756 ], [ 14.3304, 4.7654 ], [ 14.318, 4.7618 ], [ 14.304, 4.7674 ], [ 14.2822, 4.7578 ], [ 14.2646, 4.761 ], [ 14.2602, 4.771 ], [ 14.2406, 4.7802 ], [ 14.263, 4.8064 ], [ 14.2442, 4.837 ], [ 14.2602, 4.869 ], [ 14.2554, 4.8952 ], [ 14.318, 4.8912 ], [ 14.3396, 4.9526 ], [ 14.353, 4.9638 ], [ 14.3748, 4.9576 ], [ 14.3784, 4.9666 ], [ 14.3886, 4.965 ], [ 14.393, 4.9728 ], [ 14.4, 4.9718 ], [ 14.4056, 4.957 ], [ 14.4328, 4.9778 ], [ 14.4322, 4.9898 ], [ 14.4372, 4.9972 ], [ 14.4428, 4.994 ], [ 14.4398, 5.003 ], [ 14.4506, 4.9972 ], [ 14.452, 5.012 ], [ 14.4638, 5.0168 ], [ 14.4638, 5.0288 ], [ 14.4742, 5.0314 ], [ 14.4746, 5.05 ], [ 14.492, 5.0596 ], [ 14.4986, 5.055 ], [ 14.4996, 5.0636 ], [ 14.5102, 5.069 ], [ 14.5116, 5.0834 ], [ 14.5002, 5.0984 ], [ 14.5064, 5.1046 ], [ 14.4968, 5.121 ], [ 14.5048, 5.1218 ], [ 14.502, 5.1316 ], [ 14.4826, 5.1444 ], [ 14.4884, 5.1582 ], [ 14.4846, 5.1698 ], [ 14.4916, 5.1758 ], [ 14.4696, 5.2042 ], [ 14.4622, 5.2038 ], [ 14.4652, 5.2176 ], [ 14.4588, 5.2254 ], [ 14.4664, 5.2398 ], [ 14.457, 5.2446 ], [ 14.4634, 5.2552 ], [ 14.4838, 5.2648 ], [ 14.498, 5.262 ], [ 14.5232, 5.2836 ], [ 14.5748, 5.2322 ], [ 14.6452, 5.2174 ], [ 14.6568, 5.2028 ], [ 14.6824, 5.1952 ], [ 14.679, 5.158 ], [ 14.69, 5.1434 ], [ 14.6952, 5.1054 ], [ 14.689, 5.0932 ], [ 14.6732, 5.086 ], [ 14.6878, 5.0236 ], [ 14.6766, 5.02 ], [ 14.6818, 5.0108 ], [ 14.6748, 5.0108 ], [ 14.6796, 5.001 ], [ 14.6746, 4.9896 ], [ 14.6814, 4.988 ], [ 14.6934, 4.9614 ], [ 14.6896, 4.9392 ], [ 14.6808, 4.93 ], [ 14.6974, 4.9102 ], [ 14.6988, 4.8888 ], [ 14.7128, 4.8676 ], [ 14.71, 4.8584 ], [ 14.7036, 4.8584 ], [ 14.702, 4.842 ], [ 14.7166, 4.8164 ], [ 14.718, 4.7868 ], [ 14.7002, 4.764 ], [ 14.7182, 4.74 ], [ 14.7184, 4.6472 ], [ 14.7324, 4.6216 ], [ 14.7288, 4.6124 ], [ 14.7118, 4.608 ], [ 14.6856, 4.6106 ], [ 14.6782, 4.6046 ], [ 14.6606, 4.6066 ], [ 14.6536, 4.6038 ], [ 14.6222, 4.6266 ], [ 14.5916, 4.628 ], [ 14.5858, 4.608 ], [ 14.5656, 4.6116 ], [ 14.5466, 4.5986 ], [ 14.5276, 4.5684 ], [ 14.53, 4.5554 ], [ 14.5232, 4.5424 ], [ 14.4754, 4.5522 ], [ 14.485, 4.5686 ], [ 14.4848, 4.6006 ], [ 14.469, 4.6216 ], [ 14.4238, 4.6366 ] ], [ [ 14.7086, 4.8712 ], [ 14.7088, 4.8712 ], [ 14.7086, 4.8714 ], [ 14.7086, 4.8712 ] ], [ [ 14.6806, 4.9826 ], [ 14.6808, 4.9824 ], [ 14.6808, 4.9826 ], [ 14.6806, 4.9826 ] ], [ [ 14.6746, 4.992 ], [ 14.6744, 4.9922 ], [ 14.6744, 4.992 ], [ 14.6746, 4.992 ] ] ] ] } },
{ "type": "Feature", "properties": { "district": "Kolofata", "region": "Extreme-Nord" }, "geometry": { "type": "MultiPolygon", "coordinates": [ [ [ [ 13.9502, 11.1014 ], [ 13.9286, 11.0936 ], [ 13.9068, 11.098 ], [ 13.8954, 11.1376 ], [ 13.9002, 11.1426 ], [ 13.8852, 11.1562 ], [ 13.9082, 11.1684 ], [ 13.9146, 11.198 ], [ 13.9438, 11.2312 ], [ 13.9506, 11.2568 ], [ 13.9672, 11.2758 ], [ 13.9674, 11.3004 ], [ 13.9772, 11.3118 ], [ 14.0768, 11.3 ], [ 14.1118, 11.2836 ], [ 14.1556, 11.2422 ], [ 14.1824, 11.2528 ], [ 14.193, 11.2496 ], [ 14.1998, 11.2594 ], [ 14.2122, 11.2558 ], [ 14.2168, 11.2382 ], [ 14.2478, 11.2282 ], [ 14.231, 11.2126 ], [ 14.2276, 11.1832 ], [ 14.2182, 11.1844 ], [ 14.1956, 11.1684 ], [ 14.179, 11.121 ], [ 14.159, 11.1128 ], [ 14.1186, 11.1226 ], [ 14.1082, 11.1346 ], [ 14.1018, 11.1254 ], [ 14.0926, 11.1366 ], [ 14.088, 11.1256 ], [ 14.0836, 11.1362 ], [ 14.0748, 11.128 ], [ 14.0824, 11.0952 ], [ 14.0524, 11.0982 ], [ 14.0298, 11.0818 ], [ 14.0284, 11.0584 ], [ 14.0486, 11.0388 ], [ 14.044, 11.0236 ], [ 14.0834, 11.014 ], [ 14.0718, 10.9788 ], [ 14.0748, 10.962 ], [ 14.0466, 10.9462 ], [ 13.9858, 10.9286 ], [ 13.9738, 11.0128 ], [ 13.9564, 11.0068 ], [ 13.9462, 11.0212 ], [ 13.9634, 11.059 ], [ 13.9498, 11.056 ], [ 13.9422, 11.0626 ], [ 13.9502, 11.1014 ] ] ], [ [ [ 13.9918, 11.3116 ], [ 13.9918, 11.31156 ], [ 13.9916, 11.3116 ], [ 13.9918, 11.3116 ] ] ] ] } },
{ "type": "Feature", "properties": { "district": "Konye", "region": "Sud-Ouest" }, "geometry": { "type": "Polygon", "coordinates": [ [ [ 9.3632, 4.7468 ], [ 9.3842, 4.7824 ], [ 9.375, 4.7882 ], [ 9.3824, 4.799 ], [ 9.3738, 4.8076 ], [ 9.3354, 4.814 ], [ 9.3216, 4.8242 ], [ 9.311, 4.856 ], [ 9.2764, 4.8778 ], [ 9.2602, 4.9202 ], [ 9.2446, 4.9262 ], [ 9.2558, 4.945 ], [ 9.2538, 4.9742 ], [ 9.2444, 4.9772 ], [ 9.2474, 4.9944 ], [ 9.2196, 5.0328 ], [ 9.2282, 5.0442 ], [ 9.2206, 5.0862 ], [ 9.2328, 5.0916 ], [ 9.2366, 5.1178 ], [ 9.2328, 5.1602 ], [ 9.224, 5.1742 ], [ 9.2304, 5.1866 ], [ 9.235, 5.1832 ], [ 9.235, 5.1926 ], [ 9.246, 5.1994 ], [ 9.2736, 5.1732 ], [ 9.2954, 5.1708 ], [ 9.3052, 5.179 ], [ 9.3142, 5.1668 ], [ 9.3212, 5.1692 ], [ 9.3396, 5.1494 ], [ 9.3436, 5.1302 ], [ 9.3354, 5.1248 ], [ 9.3358, 5.1156 ], [ 9.3622, 5.1116 ], [ 9.3642, 5.0952 ], [ 9.3744, 5.0916 ], [ 9.3828, 5.0752 ], [ 9.3936, 5.0768 ], [ 9.396, 5.0598 ], [ 9.4228, 5.049 ], [ 9.4282, 5.032 ], [ 9.4208, 5.01 ], [ 9.4396, 4.9948 ], [ 9.4564, 4.997 ], [ 9.463, 5.006 ], [ 9.459, 5.022 ], [ 9.47, 5.0344 ], [ 9.4654, 5.0504 ], [ 9.5006, 5.0674 ], [ 9.4936, 5.074 ], [ 9.5002, 5.0862 ], [ 9.486, 5.0884 ], [ 9.4788, 5.102 ], [ 9.493, 5.1258 ], [ 9.4916, 5.1406 ], [ 9.5028, 5.1528 ], [ 9.5738, 5.166 ], [ 9.6004, 5.1538 ], [ 9.6042, 5.1388 ], [ 9.6248, 5.132 ], [ 9.6338, 5.1364 ], [ 9.6294, 5.1144 ], [ 9.6058, 5.1042 ], [ 9.5806, 5.067 ], [ 9.5876, 5.0528 ], [ 9.6216, 5.0512 ], [ 9.6232, 5.0376 ], [ 9.6382, 5.0188 ], [ 9.6148, 4.9488 ], [ 9.5954, 4.9302 ], [ 9.5712, 4.8748 ], [ 9.5736, 4.8578 ], [ 9.563, 4.8416 ], [ 9.5686, 4.8268 ], [ 9.564, 4.8008 ], [ 9.5472, 4.8152 ], [ 9.535, 4.8166 ], [ 9.5104, 4.7992 ], [ 9.5192, 4.7826 ], [ 9.5046, 4.7608 ], [ 9.4978, 4.729 ], [ 9.5108, 4.71 ], [ 9.4836, 4.6882 ], [ 9.4806, 4.6974 ], [ 9.4504, 4.7014 ], [ 9.3792, 4.6914 ], [ 9.3732, 4.7248 ], [ 9.3776, 4.737 ], [ 9.3722, 4.7502 ], [ 9.3658, 4.7462 ], [ 9.3632, 4.7468 ] ] ] } },
{ "type": "Feature", "properties": { "district": "Kouoptamo", "region": "Ouest" }, "geometry": { "type": "Polygon", "coordinates": [ [ [ 10.5772, 5.5076 ], [ 10.5712, 5.51 ], [ 10.5732, 5.5174 ], [ 10.5644, 5.519 ], [ 10.57, 5.5274 ], [ 10.5644, 5.5304 ], [ 10.5742, 5.5386 ], [ 10.5652, 5.5382 ], [ 10.571, 5.5526 ], [ 10.5626, 5.566 ], [ 10.5514, 5.568 ], [ 10.5526, 5.5826 ], [ 10.5424, 5.5722 ], [ 10.5218, 5.5938 ], [ 10.5098, 5.5924 ], [ 10.4992, 5.6046 ], [ 10.4814, 5.6046 ], [ 10.4792, 5.6212 ], [ 10.4658, 5.6136 ], [ 10.4564, 5.6326 ], [ 10.4656, 5.6606 ], [ 10.4876, 5.6702 ], [ 10.485, 5.6818 ], [ 10.5036, 5.7072 ], [ 10.549, 5.7106 ], [ 10.5586, 5.7846 ], [ 10.5658, 5.7924 ], [ 10.5822, 5.7798 ], [ 10.5936, 5.7874 ], [ 10.6042, 5.7816 ], [ 10.619, 5.7622 ], [ 10.6436, 5.7744 ], [ 10.6494, 5.7512 ], [ 10.6738, 5.7426 ], [ 10.6986, 5.7122 ], [ 10.6854, 5.705 ], [ 10.691, 5.6904 ], [ 10.704, 5.6822 ], [ 10.678, 5.6538 ], [ 10.674, 5.6392 ], [ 10.6542, 5.6382 ], [ 10.6486, 5.6074 ], [ 10.6408, 5.604 ], [ 10.6442, 5.5986 ], [ 10.6584, 5.599 ], [ 10.661, 5.5892 ], [ 10.6732, 5.5878 ], [ 10.6948, 5.6128 ], [ 10.716, 5.5984 ], [ 10.7114, 5.5904 ], [ 10.7024, 5.5914 ], [ 10.6522, 5.5614 ], [ 10.6356, 5.5342 ], [ 10.6204, 5.5382 ], [ 10.6082, 5.5292 ], [ 10.603, 5.5374 ], [ 10.594, 5.539 ], [ 10.598, 5.5304 ], [ 10.5772, 5.5076 ] ] ] } },
{ "type": "Feature", "properties": { "district": "Kousseri", "region": "Extreme-Nord" }, "geometry": { "type": "Polygon", "coordinates": [ [ [ 14.7254, 12.137 ], [ 14.7362, 12.1358 ], [ 14.7428, 12.124 ], [ 14.7384, 12.1184 ], [ 14.7486, 12.1082 ], [ 14.766, 12.1064 ], [ 14.7718, 12.0968 ], [ 14.7884, 12.113 ], [ 14.8408, 12.106 ], [ 14.8484, 12.1142 ], [ 14.8414, 12.1208 ], [ 14.8568, 12.1324 ], [ 14.8712, 12.1182 ], [ 14.8902, 12.128 ], [ 14.9228, 12.1284 ], [ 14.963, 12.0966 ], [ 14.98, 12.101 ], [ 15.002, 12.1222 ], [ 15.033, 12.1094 ], [ 15.038, 12.0768 ], [ 15.0606, 12.0598 ], [ 15.0572, 12.0368 ], [ 15.0384, 12.0322 ], [ 15.0586, 12.0068 ], [ 15.0806, 12.0052 ], [ 15.086, 11.998 ], [ 15.076, 11.9756 ], [ 15.0576, 11.9808 ], [ 15.047, 11.9674 ], [ 15.063, 11.9384 ], [ 15.0582, 11.9214 ], [ 15.0392, 11.9088 ], [ 15.0488, 11.8608 ], [ 15.0634, 11.8436 ], [ 15.0776, 11.8588 ], [ 15.092, 11.8534 ], [ 15.0974, 11.8158 ], [ 15.1226, 11.7908 ], [ 15.113, 11.7792 ], [ 15.0944, 11.7764 ], [ 15.08, 11.7646 ], [ 15.0984, 11.7476 ], [ 15.105, 11.7302 ], [ 15.0784, 11.7354 ], [ 15.0648, 11.7172 ], [ 15.0816, 11.6882 ], [ 15.0748, 11.6712 ], [ 15.0852, 11.661 ], [ 15.077, 11.6468 ], [ 15.0878, 11.6362 ], [ 15.087, 11.6234 ], [ 15.101, 11.6126 ], [ 15.0998, 11.5868 ], [ 15.1442, 11.5626 ], [ 15.13, 11.5242 ], [ 15.1332, 11.5138 ], [ 15.1084, 11.5026 ], [ 15.1074, 11.4904 ], [ 15.0972, 11.49 ], [ 15.1008, 11.4784 ], [ 15.0836, 11.451 ], [ 15.0738, 11.4496 ], [ 15.0784, 11.4426 ], [ 15.0682, 11.4204 ], [ 15.0588, 11.4154 ], [ 15.0618, 11.4052 ], [ 15.056, 11.4 ], [ 15.0692, 11.3676 ], [ 15.0486, 11.3458 ], [ 15.074, 11.3238 ], [ 15.0486, 11.2836 ], [ 15.053, 11.2734 ], [ 15.0154, 11.2328 ], [ 14.9646, 11.2118 ], [ 14.8654, 11.1436 ], [ 14.8474, 11.141 ], [ 14.8534, 11.1108 ], [ 14.8448, 11.109 ], [ 14.8382, 11.088 ], [ 14.822, 11.0752 ], [ 14.8282, 11.0496 ], [ 14.804, 11.0324 ], [ 14.781, 11.0368 ], [ 14.7612, 11.0598 ], [ 14.7518, 11.0512 ], [ 14.7346, 11.0538 ], [ 14.708, 11.0316 ], [ 14.6802, 11.0414 ], [ 14.7118, 11.0932 ], [ 14.8024, 11.1756 ], [ 14.8784, 11.2672 ], [ 14.8874, 11.3038 ], [ 14.8748, 11.322 ], [ 14.8866, 11.328 ], [ 14.8986, 11.3494 ], [ 14.8872, 11.3714 ], [ 14.897, 11.3814 ], [ 14.8944, 11.3938 ], [ 14.9276, 11.4094 ], [ 14.9304, 11.4296 ], [ 14.9168, 11.4386 ], [ 14.9244, 11.4472 ], [ 14.9276, 11.4756 ], [ 14.9196, 11.4932 ], [ 14.8972, 11.4834 ], [ 14.8714, 11.4866 ], [ 14.8622, 11.5144 ], [ 14.8434, 11.526 ], [ 14.8574, 11.5728 ], [ 14.8486, 11.5708 ], [ 14.823, 11.586 ], [ 14.8148, 11.6072 ], [ 14.7914, 11.6092 ], [ 14.7762, 11.631 ], [ 14.7978, 11.6572 ], [ 14.8124, 11.65 ], [ 14.8128, 11.6252 ], [ 14.8398, 11.6188 ], [ 14.8426, 11.6242 ], [ 14.8564, 11.6228 ], [ 14.8646, 11.6348 ], [ 14.8768, 11.6352 ], [ 14.8932, 11.6562 ], [ 14.9084, 11.6614 ], [ 14.9014, 11.671 ], [ 14.9046, 11.7024 ], [ 14.8932, 11.7078 ], [ 14.8966, 11.7194 ], [ 14.8756, 11.7134 ], [ 14.8654, 11.7302 ], [ 14.856, 11.731 ], [ 14.8656, 11.7514 ], [ 14.8578, 11.7592 ], [ 14.8694, 11.7866 ], [ 14.8624, 11.79 ], [ 14.8654, 11.802 ], [ 14.8514, 11.821 ], [ 14.8508, 11.8338 ], [ 14.8148, 11.845 ], [ 14.772, 11.8402 ], [ 14.7264, 11.8464 ], [ 14.6714, 11.839 ], [ 14.6158, 11.8556 ], [ 14.6036, 11.869 ], [ 14.619, 11.8828 ], [ 14.6278, 11.904 ], [ 14.6434, 11.9124 ], [ 14.6344, 11.9344 ], [ 14.6564, 11.962 ], [ 14.6386, 11.9844 ], [ 14.6324, 12.021 ], [ 14.6216, 12.0356 ], [ 14.6314, 12.0588 ], [ 14.6534, 12.064 ], [ 14.6358, 12.09 ], [ 14.6558, 12.1156 ], [ 14.6522, 12.1374 ], [ 14.6774, 12.1638 ], [ 14.6986, 12.1584 ], [ 14.7254, 12.137 ] ] ] } },
{ "type": "Feature", "properties": { "district": "Koza", "region": "Extreme-Nord" }, "geometry": { "type": "Polygon", "coordinates": [ [ [ 13.87, 10.9332 ], [ 13.8918, 10.93 ], [ 13.89, 10.9422 ], [ 13.906, 10.9512 ], [ 13.9158, 10.9394 ], [ 13.9022, 10.9306 ], [ 13.925, 10.9276 ], [ 13.9244, 10.935 ], [ 13.9346, 10.9366 ], [ 13.9324, 10.9506 ], [ 13.939, 10.96 ], [ 13.9728, 10.9454 ], [ 13.982, 10.9496 ], [ 13.9854, 10.9262 ], [ 14.0226, 10.9036 ], [ 14.0226, 10.8934 ], [ 14.0358, 10.8784 ], [ 14.0188, 10.8806 ], [ 14.0168, 10.872 ], [ 14.0032, 10.8668 ], [ 13.9946, 10.875 ], [ 13.983, 10.8734 ], [ 13.9714, 10.8496 ], [ 13.9632, 10.852 ], [ 13.9544, 10.8394 ], [ 13.9214, 10.8272 ], [ 13.9028, 10.8222 ], [ 13.8744, 10.8304 ], [ 13.8746, 10.8246 ], [ 13.8462, 10.809 ], [ 13.85, 10.7964 ], [ 13.8234, 10.7918 ], [ 13.8212, 10.803 ], [ 13.8128, 10.8044 ], [ 13.8134, 10.8294 ], [ 13.798, 10.8338 ], [ 13.8098, 10.8568 ], [ 13.7896, 10.8812 ], [ 13.8028, 10.8952 ], [ 13.7892, 10.903 ], [ 13.8036, 10.9074 ], [ 13.8288, 10.89 ], [ 13.8434, 10.9054 ], [ 13.844, 10.9192 ], [ 13.8642, 10.924 ], [ 13.87, 10.9332 ] ], [ [ 13.9336, 10.935 ], [ 13.9338, 10.9352 ], [ 13.9336, 10.9352 ], [ 13.9336, 10.935 ] ] ] } },
{ "type": "Feature", "properties": { "district": "Kribi", "region": "Sud" }, "geometry": { "type": "Polygon", "coordinates": [ [ [ 9.8476, 2.675 ], [ 9.8616, 2.7 ], [ 9.8596, 2.7194 ], [ 9.8762, 2.7368 ], [ 9.8784, 2.7714 ], [ 9.8946, 2.801 ], [ 9.883, 2.8458 ], [ 9.8912, 2.8826 ], [ 9.8974, 2.883 ], [ 9.9006, 2.8952 ], [ 9.898, 2.9194 ], [ 9.904, 2.9408 ], [ 9.9066, 2.9376 ], [ 9.9088, 2.9388 ], [ 9.9066, 2.9528 ], [ 9.926, 2.9952 ], [ 9.9564, 3.0196 ], [ 9.9684, 3.0616 ], [ 9.9648, 3.0792 ], [ 9.9748, 3.0856 ], [ 9.903, 3.262 ], [ 9.9456, 3.2684 ], [ 9.9686, 3.2858 ], [ 9.9792, 3.304 ], [ 10.0324, 3.3292 ], [ 10.0564, 3.3774 ], [ 10.0512, 3.3982 ], [ 10.0736, 3.4192 ], [ 10.0654, 3.4894 ], [ 10.0838, 3.495 ], [ 10.1016, 3.547 ], [ 10.111, 3.5478 ], [ 10.1188, 3.579 ], [ 10.1278, 3.5718 ], [ 10.148, 3.5736 ], [ 10.1534, 3.5648 ], [ 10.1856, 3.594 ], [ 10.201, 3.5908 ], [ 10.2, 3.5578 ], [ 10.2324, 3.5444 ], [ 10.2264, 3.5318 ], [ 10.2428, 3.4818 ], [ 10.2382, 3.4688 ], [ 10.2546, 3.456 ], [ 10.2512, 3.4132 ], [ 10.2694, 3.378 ], [ 10.2576, 3.371 ], [ 10.2558, 3.3504 ], [ 10.2462, 3.346 ], [ 10.2582, 3.3258 ], [ 10.2672, 3.3298 ], [ 10.2782, 3.3114 ], [ 10.294, 3.3156 ], [ 10.3014, 3.2736 ], [ 10.3162, 3.2418 ], [ 10.308, 3.2124 ], [ 10.3174, 3.1842 ], [ 10.3052, 3.157 ], [ 10.2882, 3.1468 ], [ 10.2888, 3.121 ], [ 10.2592, 3.1006 ], [ 10.2478, 3.1084 ], [ 10.2484, 3.118 ], [ 10.2406, 3.1124 ], [ 10.2382, 3.1246 ], [ 10.2222, 3.13 ], [ 10.2088, 3.0816 ], [ 10.2076, 3.063 ], [ 10.2288, 3.0442 ], [ 10.2134, 3.0356 ], [ 10.2144, 3.0192 ], [ 10.2444, 2.9602 ], [ 10.2092, 2.9624 ], [ 10.1634, 2.9536 ], [ 10.1404, 2.9346 ], [ 10.1204, 2.9338 ], [ 10.113, 2.9408 ], [ 10.0776, 2.9348 ], [ 10.007, 2.9038 ], [ 9.9956, 2.869 ], [ 9.9994, 2.8558 ], [ 10.017, 2.8536 ], [ 10.0102, 2.8472 ], [ 10.0192, 2.8268 ], [ 10.0096, 2.812 ], [ 10.0114, 2.7924 ], [ 9.9954, 2.7694 ], [ 9.981, 2.7716 ], [ 9.9674, 2.7898 ], [ 9.9452, 2.7854 ], [ 9.9422, 2.7604 ], [ 9.9236, 2.7538 ], [ 9.8914, 2.7262 ], [ 9.8812, 2.6598 ], [ 9.868, 2.6428 ], [ 9.841, 2.6284 ], [ 9.8476, 2.675 ] ], [ [ 9.9048, 2.9388 ], [ 9.9052, 2.9378 ], [ 9.9054, 2.9378 ], [ 9.9048, 2.9388 ] ] ] } },
{ "type": "Feature", "properties": { "district": "Kumba-North", "region": "Sud-Ouest" }, "geometry": { "type": "Polygon", "coordinates": [ [ [ 9.2534, 4.9238 ], [ 9.277, 4.8886 ], [ 9.2764, 4.8778 ], [ 9.311, 4.856 ], [ 9.3216, 4.8242 ], [ 9.3354, 4.814 ], [ 9.3738, 4.8076 ], [ 9.3824, 4.799 ], [ 9.375, 4.7882 ], [ 9.3842, 4.7824 ], [ 9.3698, 4.767 ], [ 9.3632, 4.7468 ], [ 9.3722, 4.7502 ], [ 9.3776, 4.737 ], [ 9.3732, 4.7248 ], [ 9.3804, 4.7078 ], [ 9.3748, 4.6998 ], [ 9.3792, 4.6914 ], [ 9.4168, 4.6956 ], [ 9.4278, 4.672 ], [ 9.437, 4.6706 ], [ 9.4462, 4.6418 ], [ 9.4404, 4.6384 ], [ 9.4122, 4.6624 ], [ 9.4092, 4.6514 ], [ 9.4202, 4.6324 ], [ 9.4328, 4.637 ], [ 9.4602, 4.631 ], [ 9.4478, 4.6196 ], [ 9.4514, 4.607 ], [ 9.4434, 4.5898 ], [ 9.4152, 4.5702 ], [ 9.4052, 4.5876 ], [ 9.408, 4.598 ], [ 9.402, 4.5982 ], [ 9.3862, 4.6256 ], [ 9.3688, 4.6334 ], [ 9.3526, 4.6172 ], [ 9.3198, 4.6232 ], [ 9.3074, 4.6408 ], [ 9.2888, 4.6476 ], [ 9.2876, 4.6602 ], [ 9.263, 4.6688 ], [ 9.2566, 4.699 ], [ 9.209, 4.7422 ], [ 9.2252, 4.7522 ], [ 9.2164, 4.78 ], [ 9.2318, 4.8272 ], [ 9.247, 4.8312 ], [ 9.245, 4.8388 ], [ 9.2192, 4.8516 ], [ 9.2128, 4.8642 ], [ 9.2378, 4.884 ], [ 9.2352, 4.9144 ], [ 9.2446, 4.9262 ], [ 9.2534, 4.9238 ] ] ] } },
{ "type": "Feature", "properties": { "district": "Kumba-South", "region": "Sud-Ouest" }, "geometry": { "type": "Polygon", "coordinates": [ [ [ 9.346, 4.4008 ], [ 9.3334, 4.438 ], [ 9.322, 4.4406 ], [ 9.3388, 4.4706 ], [ 9.3128, 4.4888 ], [ 9.3146, 4.4976 ], [ 9.302, 4.5126 ], [ 9.3192, 4.5296 ], [ 9.3134, 4.5516 ], [ 9.3332, 4.5506 ], [ 9.3372, 4.583 ], [ 9.3512, 4.6058 ], [ 9.3404, 4.6168 ], [ 9.36, 4.6196 ], [ 9.3688, 4.6334 ], [ 9.3826, 4.6284 ], [ 9.408, 4.598 ], [ 9.4052, 4.5876 ], [ 9.4152, 4.5702 ], [ 9.4434, 4.5898 ], [ 9.4514, 4.607 ], [ 9.4478, 4.6196 ], [ 9.4608, 4.627 ], [ 9.4328, 4.637 ], [ 9.426, 4.6302 ], [ 9.4194, 4.6332 ], [ 9.4092, 4.6514 ], [ 9.4122, 4.6624 ], [ 9.4404, 4.6384 ], [ 9.4462, 4.6422 ], [ 9.44, 4.6658 ], [ 9.4278, 4.672 ], [ 9.4168, 4.6956 ], [ 9.475, 4.6988 ], [ 9.4836, 4.6882 ], [ 9.5042, 4.7022 ], [ 9.5546, 4.6972 ], [ 9.5688, 4.6874 ], [ 9.5682, 4.6716 ], [ 9.5542, 4.6636 ], [ 9.5432, 4.6314 ], [ 9.5508, 4.6186 ], [ 9.5648, 4.6192 ], [ 9.5602, 4.6016 ], [ 9.5496, 4.5882 ], [ 9.541, 4.5904 ], [ 9.536, 4.5648 ], [ 9.5114, 4.5434 ], [ 9.5126, 4.5204 ], [ 9.5016, 4.5208 ], [ 9.509, 4.5246 ], [ 9.5062, 4.5324 ], [ 9.495, 4.5272 ], [ 9.501, 4.5136 ], [ 9.4892, 4.5044 ], [ 9.5014, 4.491 ], [ 9.489, 4.4846 ], [ 9.4912, 4.476 ], [ 9.4848, 4.4726 ], [ 9.4924, 4.4602 ], [ 9.495, 4.4204 ], [ 9.5076, 4.4166 ], [ 9.5126, 4.4034 ], [ 9.4998, 4.4126 ], [ 9.4952, 4.3898 ], [ 9.4758, 4.381 ], [ 9.4774, 4.364 ], [ 9.4636, 4.3552 ], [ 9.4628, 4.347 ], [ 9.4522, 4.3482 ], [ 9.446, 4.367 ], [ 9.4514, 4.3748 ], [ 9.4416, 4.388 ], [ 9.4328, 4.389 ], [ 9.4274, 4.3792 ], [ 9.4248, 4.391 ], [ 9.419, 4.387 ], [ 9.4042, 4.4076 ], [ 9.3898, 4.4074 ], [ 9.3896, 4.4128 ], [ 9.3816, 4.407 ], [ 9.3704, 4.4132 ], [ 9.346, 4.4008 ] ] ] } },
{ "type": "Feature", "properties": { "district": "Kumbo East", "region": "Nord-Ouest" }, "geometry": { "type": "MultiPolygon", "coordinates": [ [ [ [ 10.62, 6.016 ], [ 10.62, 6.0162 ], [ 10.6202, 6.0162 ], [ 10.62, 6.016 ] ] ], [ [ [ 11.0114, 6.1716 ], [ 11.0112, 6.1716 ], [ 11.0112, 6.1718 ], [ 11.0114, 6.1716 ] ] ], [ [ [ 10.5452, 6.0568 ], [ 10.5412, 6.0498 ], [ 10.534, 6.0834 ], [ 10.5152, 6.09 ], [ 10.5322, 6.114 ], [ 10.52, 6.2012 ], [ 10.5256, 6.2102 ], [ 10.5468, 6.2172 ], [ 10.5896, 6.211 ], [ 10.6062, 6.1924 ], [ 10.6266, 6.1894 ], [ 10.6214, 6.1768 ], [ 10.644, 6.1556 ], [ 10.651, 6.1624 ], [ 10.661, 6.1594 ], [ 10.6578, 6.1648 ], [ 10.6822, 6.1818 ], [ 10.6854, 6.192 ], [ 10.6792, 6.2004 ], [ 10.706, 6.2032 ], [ 10.7136, 6.2104 ], [ 10.718, 6.2032 ], [ 10.7306, 6.203 ], [ 10.7444, 6.1858 ], [ 10.778, 6.1822 ], [ 10.77, 6.2218 ], [ 10.7636, 6.2224 ], [ 10.7608, 6.2348 ], [ 10.7454, 6.238 ], [ 10.7408, 6.2488 ], [ 10.7482, 6.2564 ], [ 10.7412, 6.268 ], [ 10.7226, 6.2688 ], [ 10.7264, 6.2832 ], [ 10.7126, 6.3052 ], [ 10.7242, 6.3196 ], [ 10.7202, 6.342 ], [ 10.7344, 6.3458 ], [ 10.746, 6.3582 ], [ 10.7454, 6.3614 ], [ 10.7544, 6.3698 ], [ 10.7642, 6.3562 ], [ 10.79, 6.3514 ], [ 10.7852, 6.3462 ], [ 10.7932, 6.3346 ], [ 10.8262, 6.3296 ], [ 10.8162, 6.285 ], [ 10.8406, 6.2698 ], [ 10.8484, 6.2552 ], [ 10.8638, 6.2506 ], [ 10.87, 6.2572 ], [ 10.8636, 6.2822 ], [ 10.8948, 6.2822 ], [ 10.9212, 6.2972 ], [ 10.9332, 6.2914 ], [ 10.9488, 6.2638 ], [ 10.9726, 6.2636 ], [ 10.9896, 6.2806 ], [ 11.0166, 6.2746 ], [ 11.0204, 6.2598 ], [ 11.038, 6.2574 ], [ 11.0488, 6.2372 ], [ 11.0486, 6.2256 ], [ 11.026, 6.2394 ], [ 10.9978, 6.2298 ], [ 10.9962, 6.2078 ], [ 11.0084, 6.1916 ], [ 11.0104, 6.1606 ], [ 11.0188, 6.1442 ], [ 11.0056, 6.141 ], [ 10.9958, 6.1276 ], [ 11.0206, 6.0768 ], [ 11.0114, 6.0718 ], [ 11.0096, 6.06 ], [ 10.9918, 6.0664 ], [ 10.9776, 6.0586 ], [ 10.973, 6.0246 ], [ 10.941, 6.0186 ], [ 10.9306, 6.0252 ], [ 10.9254, 6.0156 ], [ 10.9304, 6.0 ], [ 10.9154, 6.0016 ], [ 10.9104, 6.0166 ], [ 10.8966, 6.0128 ], [ 10.8668, 6.0216 ], [ 10.852, 6.0074 ], [ 10.853, 5.9898 ], [ 10.8412, 5.9762 ], [ 10.822, 5.9852 ], [ 10.8138, 6.0008 ], [ 10.7896, 6.0112 ], [ 10.7856, 6.0198 ], [ 10.7312, 6.021 ], [ 10.721, 6.036 ], [ 10.7158, 6.0314 ], [ 10.7082, 6.0402 ], [ 10.6888, 6.0084 ], [ 10.6508, 5.99 ], [ 10.6478, 5.9968 ], [ 10.6362, 5.9926 ], [ 10.6362, 5.9998 ], [ 10.6204, 6.0058 ], [ 10.622, 6.0094 ], [ 10.6188, 6.0254 ], [ 10.6118, 6.0366 ], [ 10.618, 6.0528 ], [ 10.5974, 6.0446 ], [ 10.5958, 6.0544 ], [ 10.582, 6.0472 ], [ 10.5452, 6.0568 ] ], [ [ 10.9992, 6.1334 ], [ 10.999, 6.1332 ], [ 10.9992, 6.1332 ], [ 10.9992, 6.1334 ] ] ], [ [ [ 10.7398, 6.3522 ], [ 10.7396, 6.3522 ], [ 10.7398, 6.3524 ], [ 10.7398, 6.3522 ] ] ] ] } },
{ "type": "Feature", "properties": { "district": "Kumbo West", "region": "Nord-Ouest" }, "geometry": { "type": "MultiPolygon", "coordinates": [ [ [ [ 10.6034, 6.3014 ], [ 10.5984, 6.3038 ], [ 10.6066, 6.3196 ], [ 10.5938, 6.3388 ], [ 10.6112, 6.3448 ], [ 10.6216, 6.34 ], [ 10.6454, 6.3566 ], [ 10.6544, 6.37 ], [ 10.6526, 6.373 ], [ 10.6546, 6.3882 ], [ 10.6686, 6.4028 ], [ 10.6974, 6.4014 ], [ 10.706, 6.3906 ], [ 10.7268, 6.4 ], [ 10.7428, 6.3938 ], [ 10.759, 6.3934 ], [ 10.7646, 6.3804 ], [ 10.7642, 6.3804 ], [ 10.7642, 6.3802 ], [ 10.7636, 6.3802 ], [ 10.763, 6.3792 ], [ 10.7624, 6.3794 ], [ 10.762, 6.3786 ], [ 10.7606, 6.3782 ], [ 10.7522, 6.365 ], [ 10.7454, 6.3614 ], [ 10.746, 6.3582 ], [ 10.7344, 6.3458 ], [ 10.7202, 6.342 ], [ 10.7242, 6.3196 ], [ 10.7126, 6.3052 ], [ 10.7264, 6.2832 ], [ 10.7226, 6.2688 ], [ 10.7412, 6.268 ], [ 10.7482, 6.2564 ], [ 10.7408, 6.2488 ], [ 10.7454, 6.238 ], [ 10.7608, 6.2348 ], [ 10.7636, 6.2224 ], [ 10.77, 6.2218 ], [ 10.7784, 6.1828 ], [ 10.7444, 6.1858 ], [ 10.7306, 6.203 ], [ 10.718, 6.2032 ], [ 10.7136, 6.2104 ], [ 10.706, 6.2032 ], [ 10.6792, 6.2004 ], [ 10.6854, 6.192 ], [ 10.6822, 6.1818 ], [ 10.6578, 6.1648 ], [ 10.661, 6.1594 ], [ 10.651, 6.1624 ], [ 10.644, 6.1556 ], [ 10.6214, 6.1768 ], [ 10.6266, 6.1894 ], [ 10.6136, 6.1948 ], [ 10.6178, 6.208 ], [ 10.5894, 6.223 ], [ 10.5946, 6.2376 ], [ 10.5696, 6.2488 ], [ 10.5738, 6.2894 ], [ 10.5648, 6.3074 ], [ 10.5924, 6.297 ], [ 10.6034, 6.3014 ] ], [ [ 10.7396, 6.3524 ], [ 10.7396, 6.3522 ], [ 10.7398, 6.3522 ], [ 10.7396, 6.3524 ] ], [ [ 10.6542, 6.3718 ], [ 10.6544, 6.372 ], [ 10.6542, 6.372 ], [ 10.6542, 6.3718 ] ], [ [ 10.7584, 6.3916 ], [ 10.7586, 6.3914 ], [ 10.7586, 6.3916 ], [ 10.7584, 6.3916 ] ] ], [ [ [ 10.7644, 6.3804 ], [ 10.7646, 6.3802 ], [ 10.7644, 6.38 ], [ 10.7644, 6.3804 ] ] ], [ [ [ 10.7472, 6.3944 ], [ 10.7474, 6.3942 ], [ 10.7472, 6.3942 ], [ 10.7472, 6.3944 ] ] ] ] } },
{ "type": "Feature", "properties": { "district": "Kye ossi", "region": "Sud" }, "geometry": { "type": "Polygon", "coordinates": [ [ [ 11.187, 2.2916 ], [ 11.1978, 2.297 ], [ 11.2174, 2.2872 ], [ 11.2566, 2.287 ], [ 11.2628, 2.2946 ], [ 11.281, 2.2986 ], [ 11.2902, 2.2938 ], [ 11.3114, 2.3068 ], [ 11.3342, 2.2934 ], [ 11.3888, 2.301 ], [ 11.3634, 2.2864 ], [ 11.376, 2.2828 ], [ 11.3718, 2.2768 ], [ 11.3798, 2.2724 ], [ 11.373, 2.2648 ], [ 11.3802, 2.2622 ], [ 11.37, 2.249 ], [ 11.3772, 2.25 ], [ 11.3762, 2.242 ], [ 11.369, 2.2386 ], [ 11.3612, 2.2474 ], [ 11.3592, 2.2308 ], [ 11.3506, 2.2246 ], [ 11.362, 2.2198 ], [ 11.3544, 2.2162 ], [ 11.361, 2.1982 ], [ 11.3524, 2.1838 ], [ 11.3598, 2.1742 ], [ 11.1728, 2.1718 ], [ 11.187, 2.2462 ], [ 11.2006, 2.2712 ], [ 11.187, 2.2916 ] ] ] } },
{ "type": "Feature", "properties": { "district": "Lagdo", "region": "Nord" }, "geometry": { "type": "Polygon", "coordinates": [ [ [ 13.439, 8.858 ], [ 13.4502, 8.9046 ], [ 13.4648, 8.9122 ], [ 13.4472, 8.9636 ], [ 13.4684, 8.9644 ], [ 13.4982, 8.9968 ], [ 13.51, 8.9914 ], [ 13.517, 9.0012 ], [ 13.5102, 9.0072 ], [ 13.5292, 9.0182 ], [ 13.5904, 9.0196 ], [ 13.5932, 9.0388 ], [ 13.6062, 9.0432 ], [ 13.6066, 9.0708 ], [ 13.5734, 9.0674 ], [ 13.5786, 9.0722 ], [ 13.5526, 9.0894 ], [ 13.5506, 9.1264 ], [ 13.6006, 9.1594 ], [ 13.6076, 9.1822 ], [ 13.618, 9.1812 ], [ 13.6356, 9.1558 ], [ 13.6464, 9.177 ], [ 13.6442, 9.191 ], [ 13.665, 9.1986 ], [ 13.7028, 9.1652 ], [ 13.7178, 9.177 ], [ 13.7356, 9.17 ], [ 13.7472, 9.1748 ], [ 13.7828, 9.1582 ], [ 13.7846, 9.131 ], [ 13.797, 9.1288 ], [ 13.8054, 9.115 ], [ 13.7818, 9.099 ], [ 13.7996, 9.0962 ], [ 13.8232, 9.0774 ], [ 13.7964, 9.0414 ], [ 13.8148, 9.0334 ], [ 13.8098, 9.0072 ], [ 13.816, 8.9948 ], [ 13.8056, 8.9786 ], [ 13.8292, 8.9482 ], [ 13.8298, 8.9224 ], [ 13.8394, 8.923 ], [ 13.8292, 8.9102 ], [ 13.8332, 8.9038 ], [ 13.8414, 8.9064 ], [ 13.815, 8.8792 ], [ 13.8148, 8.8706 ], [ 13.8236, 8.8654 ], [ 13.8042, 8.8466 ], [ 13.8074, 8.8408 ], [ 13.7886, 8.833 ], [ 13.7848, 8.8242 ], [ 13.7924, 8.819 ], [ 13.7796, 8.8198 ], [ 13.7714, 8.8124 ], [ 13.749, 8.817 ], [ 13.7462, 8.7966 ], [ 13.7224, 8.794 ], [ 13.7206, 8.7868 ], [ 13.7132, 8.7874 ], [ 13.7098, 8.798 ], [ 13.7072, 8.787 ], [ 13.6922, 8.7824 ], [ 13.6952, 8.7728 ], [ 13.685, 8.7688 ], [ 13.6844, 8.76 ], [ 13.6732, 8.766 ], [ 13.6594, 8.751 ], [ 13.6564, 8.7258 ], [ 13.6884, 8.6682 ], [ 13.6842, 8.6572 ], [ 13.6688, 8.6478 ], [ 13.665, 8.627 ], [ 13.657, 8.625 ], [ 13.6588, 8.6038 ], [ 13.6714, 8.588 ], [ 13.6642, 8.566 ], [ 13.6682, 8.553 ], [ 13.6502, 8.538 ], [ 13.6586, 8.5138 ], [ 13.6532, 8.5034 ], [ 13.6446, 8.5058 ], [ 13.5888, 8.4768 ], [ 13.589, 8.4452 ], [ 13.6086, 8.4114 ], [ 13.5978, 8.4034 ], [ 13.5912, 8.3832 ], [ 13.5514, 8.3472 ], [ 13.5438, 8.332 ], [ 13.4948, 8.3126 ], [ 13.4854, 8.3176 ], [ 13.4706, 8.3026 ], [ 13.4364, 8.3212 ], [ 13.4026, 8.3012 ], [ 13.3852, 8.3156 ], [ 13.3536, 8.319 ], [ 13.3578, 8.3376 ], [ 13.3712, 8.3484 ], [ 13.4202, 8.3678 ], [ 13.4224, 8.3892 ], [ 13.4344, 8.4038 ], [ 13.4384, 8.4046 ], [ 13.4396, 8.4276 ], [ 13.4488, 8.4232 ], [ 13.4738, 8.4484 ], [ 13.467, 8.475 ], [ 13.4722, 8.4724 ], [ 13.487, 8.4862 ], [ 13.485, 8.5442 ], [ 13.4702, 8.5618 ], [ 13.4766, 8.5958 ], [ 13.4718, 8.6176 ], [ 13.4814, 8.6266 ], [ 13.479, 8.637 ], [ 13.4646, 8.631 ], [ 13.4414, 8.6382 ], [ 13.4288, 8.6634 ], [ 13.4314, 8.7108 ], [ 13.4472, 8.7328 ], [ 13.4188, 8.7402 ], [ 13.4158, 8.7538 ], [ 13.4374, 8.769 ], [ 13.3752, 8.8036 ], [ 13.3746, 8.8252 ], [ 13.394, 8.8402 ], [ 13.4004, 8.8396 ], [ 13.4018, 8.8414 ], [ 13.439, 8.858 ] ], [ [ 13.4342, 8.4022 ], [ 13.434, 8.402 ], [ 13.4342, 8.402 ], [ 13.4342, 8.4022 ] ], [ [ 13.4202, 8.7798 ], [ 13.42, 8.7796 ], [ 13.4202, 8.7796 ], [ 13.4202, 8.7798 ] ], [ [ 13.4046, 8.8406 ], [ 13.4048, 8.8406 ], [ 13.4046, 8.8408 ], [ 13.4046, 8.8406 ] ] ] } },
{ "type": "Feature", "properties": { "district": "Limbe", "region": "Sud-Ouest" }, "geometry": { "type": "MultiPolygon", "coordinates": [ [ [ [ 9.211, 3.9528 ], [ 9.2108, 3.953 ], [ 9.2112, 3.9528 ], [ 9.211, 3.9528 ] ] ], [ [ [ 9.2104, 3.955 ], [ 9.2106, 3.9548 ], [ 9.2104, 3.9548 ], [ 9.2104, 3.955 ] ] ], [ [ [ 9.2196, 3.961 ], [ 9.2194, 3.9606 ], [ 9.2194, 3.9608 ], [ 9.2196, 3.961 ] ] ], [ [ [ 9.219, 3.9618 ], [ 9.2192, 3.962 ], [ 9.2192, 3.9618 ], [ 9.219, 3.9618 ] ] ], [ [ [ 9.2056, 3.9626 ], [ 9.2058, 3.9628 ], [ 9.2058, 3.9626 ], [ 9.2056, 3.9626 ] ] ], [ [ [ 9.2056, 3.966 ], [ 9.2058, 3.9658 ], [ 9.2056, 3.9656 ], [ 9.2056, 3.966 ] ] ], [ [ [ 8.9356, 4.2636 ], [ 8.9436, 4.26 ], [ 8.9548, 4.2762 ], [ 8.9874, 4.2554 ], [ 9.0208, 4.2524 ], [ 9.0352, 4.2652 ], [ 9.0562, 4.2616 ], [ 9.0954, 4.2296 ], [ 9.163, 4.1952 ], [ 9.1042, 4.1474 ], [ 9.096, 4.1336 ], [ 9.1242, 4.1076 ], [ 9.1696, 4.0898 ], [ 9.1988, 4.0954 ], [ 9.212, 4.0884 ], [ 9.2268, 4.0974 ], [ 9.2536, 4.094 ], [ 9.2548, 4.0858 ], [ 9.2834, 4.0802 ], [ 9.2786, 4.0718 ], [ 9.2918, 4.069 ], [ 9.2984, 4.034 ], [ 9.3166, 4.0104 ], [ 9.3396, 4.0006 ], [ 9.3458, 3.989 ], [ 9.3088, 3.9394 ], [ 9.2936, 3.9656 ], [ 9.302, 3.9858 ], [ 9.317, 3.9938 ], [ 9.3062, 4.0058 ], [ 9.2914, 3.9948 ], [ 9.2856, 3.9752 ], [ 9.2672, 3.977 ], [ 9.2662, 3.9732 ], [ 9.2708, 3.9692 ], [ 9.2706, 3.9636 ], [ 9.2562, 3.9632 ], [ 9.2442, 3.9426 ], [ 9.2326, 3.9488 ], [ 9.2308, 3.9632 ], [ 9.2196, 3.961 ], [ 9.2194, 3.965 ], [ 9.2162, 3.9672 ], [ 9.218, 3.953 ], [ 9.2116, 3.951 ], [ 9.2106, 3.957 ], [ 9.2078, 3.9574 ], [ 9.2058, 3.9636 ], [ 9.2044, 3.9638 ], [ 9.2044, 3.965 ], [ 9.2056, 3.965 ], [ 9.2072, 3.9672 ], [ 9.2092, 3.9674 ], [ 9.2116, 3.977 ], [ 9.204, 3.9972 ], [ 9.2098, 4.0048 ], [ 9.1956, 4.0122 ], [ 9.1502, 4.0076 ], [ 9.143, 4.0152 ], [ 9.1258, 4.0048 ], [ 9.0528, 4.056 ], [ 9.0266, 4.0694 ], [ 9.0152, 4.0662 ], [ 9.0122, 4.0764 ], [ 8.9766, 4.0972 ], [ 8.988, 4.1166 ], [ 8.997, 4.1942 ], [ 8.9668, 4.2396 ], [ 8.9322, 4.2574 ], [ 8.9356, 4.2636 ] ], [ [ 9.2048, 3.9644 ], [ 9.205, 3.9644 ], [ 9.205, 3.9646 ], [ 9.2048, 3.9644 ] ], [ [ 9.2048, 3.9648 ], [ 9.2048, 3.9646 ], [ 9.205, 3.9648 ], [ 9.2048, 3.9648 ] ], [ [ 9.2704, 3.9658 ], [ 9.2704, 3.966 ], [ 9.2702, 3.9658 ], [ 9.2704, 3.9658 ] ] ] ] } },
{ "type": "Feature", "properties": { "district": "Logbaba", "region": "Littoral" }, "geometry": { "type": "Polygon", "coordinates": [ [ [ 9.7216, 4.0484 ], [ 9.761, 4.0456 ], [ 9.7606, 4.037 ], [ 9.778, 4.025 ], [ 9.7802, 4.006 ], [ 9.7608, 4.017 ], [ 9.7506, 4.0132 ], [ 9.7454, 4.027 ], [ 9.752, 4.0358 ], [ 9.7442, 4.0424 ], [ 9.7398, 4.0334 ], [ 9.7124, 4.0432 ], [ 9.7216, 4.0484 ] ] ] } },
{ "type": "Feature", "properties": { "district": "Lolodorf", "region": "Sud" }, "geometry": { "type": "Polygon", "coordinates": [ [ [ 10.8116, 3.4486 ], [ 10.8314, 3.4208 ], [ 10.8264, 3.4092 ], [ 10.8616, 3.3882 ], [ 10.8956, 3.409 ], [ 10.9544, 3.4152 ], [ 10.9644, 3.4006 ], [ 11.0128, 3.3908 ], [ 11.0216, 3.383 ], [ 11.0418, 3.3952 ], [ 11.0622, 3.393 ], [ 11.0612, 3.3734 ], [ 11.0676, 3.361 ], [ 11.0826, 3.3656 ], [ 11.0878, 3.35 ], [ 11.0796, 3.339 ], [ 11.0948, 3.336 ], [ 11.0972, 3.3106 ], [ 11.1132, 3.2936 ], [ 11.1186, 3.2712 ], [ 11.1134, 3.2482 ], [ 11.1592, 3.2296 ], [ 11.1748, 3.2102 ], [ 11.1738, 3.1992 ], [ 11.1592, 3.1914 ], [ 11.1788, 3.1704 ], [ 11.1712, 3.1434 ], [ 11.1176, 3.1558 ], [ 11.0996, 3.1514 ], [ 11.053, 3.18 ], [ 11.0178, 3.1812 ], [ 11.0002, 3.1998 ], [ 10.9702, 3.2156 ], [ 10.9188, 3.211 ], [ 10.9034, 3.2004 ], [ 10.8966, 3.186 ], [ 10.9, 3.1778 ], [ 10.9266, 3.1664 ], [ 10.9192, 3.145 ], [ 10.9074, 3.1416 ], [ 10.8872, 3.1582 ], [ 10.8378, 3.1484 ], [ 10.8284, 3.1548 ], [ 10.8244, 3.1822 ], [ 10.8304, 3.19 ], [ 10.8202, 3.2036 ], [ 10.8012, 3.213 ], [ 10.7674, 3.2134 ], [ 10.7246, 3.2014 ], [ 10.6798, 3.1594 ], [ 10.6668, 3.1626 ], [ 10.6534, 3.1538 ], [ 10.6294, 3.1596 ], [ 10.6034, 3.1362 ], [ 10.5798, 3.1328 ], [ 10.5714, 3.1154 ], [ 10.5772, 3.0956 ], [ 10.5738, 3.0784 ], [ 10.5896, 3.067 ], [ 10.5728, 3.0548 ], [ 10.6038, 3.0446 ], [ 10.623, 3.0136 ], [ 10.6152, 3.0024 ], [ 10.619, 2.9942 ], [ 10.6242, 2.9962 ], [ 10.5942, 2.9628 ], [ 10.6038, 2.951 ], [ 10.5984, 2.9474 ], [ 10.5748, 2.9448 ], [ 10.5558, 2.932 ], [ 10.5592, 2.9572 ], [ 10.537, 2.9546 ], [ 10.4916, 2.9704 ], [ 10.4816, 2.9656 ], [ 10.4204, 2.9962 ], [ 10.4042, 3.0118 ], [ 10.4088, 3.027 ], [ 10.395, 3.0258 ], [ 10.3816, 3.0092 ], [ 10.3676, 3.0068 ], [ 10.3372, 2.9552 ], [ 10.3258, 2.9634 ], [ 10.3246, 2.9904 ], [ 10.3066, 2.9916 ], [ 10.2442, 2.9584 ], [ 10.241, 2.9768 ], [ 10.2142, 3.02 ], [ 10.2134, 3.0356 ], [ 10.2286, 3.0448 ], [ 10.2074, 3.064 ], [ 10.2206, 3.1258 ], [ 10.2382, 3.1246 ], [ 10.2412, 3.1122 ], [ 10.2484, 3.118 ], [ 10.2478, 3.1084 ], [ 10.2592, 3.1006 ], [ 10.266, 3.1098 ], [ 10.275, 3.1074 ], [ 10.2892, 3.1216 ], [ 10.2882, 3.1468 ], [ 10.3052, 3.157 ], [ 10.3182, 3.1878 ], [ 10.308, 3.2124 ], [ 10.3162, 3.2418 ], [ 10.3014, 3.2736 ], [ 10.298, 3.3094 ], [ 10.2924, 3.3166 ], [ 10.2782, 3.3114 ], [ 10.2672, 3.3298 ], [ 10.2582, 3.3258 ], [ 10.2462, 3.346 ], [ 10.2558, 3.3504 ], [ 10.2586, 3.372 ], [ 10.2694, 3.378 ], [ 10.2906, 3.3364 ], [ 10.3006, 3.3304 ], [ 10.4062, 3.3628 ], [ 10.44, 3.3514 ], [ 10.4688, 3.3584 ], [ 10.493, 3.347 ], [ 10.5304, 3.3918 ], [ 10.5416, 3.3924 ], [ 10.5536, 3.4164 ], [ 10.5706, 3.4124 ], [ 10.6016, 3.421 ], [ 10.618, 3.4424 ], [ 10.653, 3.4686 ], [ 10.7154, 3.4582 ], [ 10.7304, 3.465 ], [ 10.748, 3.4526 ], [ 10.758, 3.4586 ], [ 10.7572, 3.4846 ], [ 10.7738, 3.4858 ], [ 10.7806, 3.4984 ], [ 10.7916, 3.4948 ], [ 10.797, 3.4834 ], [ 10.8148, 3.4912 ], [ 10.817, 3.4602 ], [ 10.8116, 3.4486 ] ] ] } },
{ "type": "Feature", "properties": { "district": "Lomie", "region": "Est" }, "geometry": { "type": "MultiPolygon", "coordinates": [ [ [ [ 13.5906, 3.1986 ], [ 13.5874, 3.1962 ], [ 13.5708, 3.219 ], [ 13.5484, 3.2246 ], [ 13.534, 3.258 ], [ 13.5138, 3.2764 ], [ 13.5538, 3.2816 ], [ 13.5708, 3.318 ], [ 13.5544, 3.3634 ], [ 13.521, 3.3748 ], [ 13.5114, 3.3914 ], [ 13.5544, 3.3826 ], [ 13.5642, 3.3934 ], [ 13.549, 3.408 ], [ 13.56, 3.4296 ], [ 13.5546, 3.4454 ], [ 13.5428, 3.4464 ], [ 13.523, 3.4326 ], [ 13.5204, 3.4554 ], [ 13.5368, 3.5006 ], [ 13.5752, 3.5224 ], [ 13.6142, 3.5158 ], [ 13.6318, 3.523 ], [ 13.6944, 3.4938 ], [ 13.7144, 3.5114 ], [ 13.7452, 3.494 ], [ 13.8, 3.4938 ], [ 13.8446, 3.5188 ], [ 13.9042, 3.5266 ], [ 13.925, 3.4932 ], [ 13.9762, 3.4748 ], [ 14.063, 3.4736 ], [ 14.0976, 3.4346 ], [ 14.1014, 3.4142 ], [ 14.1192, 3.4366 ], [ 14.1434, 3.438 ], [ 14.1646, 3.43 ], [ 14.2302, 3.447 ], [ 14.2432, 3.4824 ], [ 14.2912, 3.4936 ], [ 14.2972, 3.5012 ], [ 14.3398, 3.487 ], [ 14.3676, 3.4614 ], [ 14.3816, 3.4578 ], [ 14.4274, 3.4782 ], [ 14.4488, 3.4774 ], [ 14.4546, 3.469 ], [ 14.442, 3.4542 ], [ 14.453, 3.434 ], [ 14.482, 3.4434 ], [ 14.4926, 3.4342 ], [ 14.5078, 3.4348 ], [ 14.509, 3.4126 ], [ 14.5188, 3.3988 ], [ 14.5398, 3.3982 ], [ 14.5446, 3.4132 ], [ 14.5626, 3.4076 ], [ 14.5672, 3.3894 ], [ 14.5992, 3.3938 ], [ 14.601, 3.3686 ], [ 14.5896, 3.3666 ], [ 14.5832, 3.3402 ], [ 14.5614, 3.33 ], [ 14.5082, 3.2822 ], [ 14.489, 3.2632 ], [ 14.4698, 3.2208 ], [ 14.4052, 3.1688 ], [ 14.4022, 3.0864 ], [ 14.3792, 3.0678 ], [ 14.3804, 3.0346 ], [ 14.373, 3.028 ], [ 14.4282, 2.9756 ], [ 14.4368, 2.9508 ], [ 14.3788, 2.938 ], [ 14.3476, 2.8874 ], [ 14.3312, 2.882 ], [ 14.3212, 2.8684 ], [ 14.3378, 2.859 ], [ 14.3294, 2.8482 ], [ 14.3308, 2.837 ], [ 14.3508, 2.833 ], [ 14.3542, 2.8218 ], [ 14.3804, 2.7972 ], [ 14.4254, 2.7918 ], [ 14.448, 2.7962 ], [ 14.4836, 2.7808 ], [ 14.5306, 2.779 ], [ 14.5614, 2.7496 ], [ 14.5866, 2.7674 ], [ 14.6284, 2.7522 ], [ 14.6376, 2.7566 ], [ 14.6386, 2.7492 ], [ 14.6456, 2.7528 ], [ 14.6672, 2.7338 ], [ 14.634, 2.7156 ], [ 14.6404, 2.6866 ], [ 14.6312, 2.6726 ], [ 14.6334, 2.6558 ], [ 14.6216, 2.6248 ], [ 14.637, 2.6204 ], [ 14.6368, 2.5966 ], [ 14.6536, 2.5806 ], [ 14.6602, 2.5634 ], [ 14.691, 2.5446 ], [ 14.7086, 2.524 ], [ 14.6998, 2.5178 ], [ 14.6724, 2.425 ], [ 14.6748, 2.4064 ], [ 14.6644, 2.3854 ], [ 14.6746, 2.3614 ], [ 14.6572, 2.3508 ], [ 14.6394, 2.3182 ], [ 14.6456, 2.2966 ], [ 14.6422, 2.2808 ], [ 14.6104, 2.2796 ], [ 14.5706, 2.2574 ], [ 14.5624, 2.2626 ], [ 14.5534, 2.2538 ], [ 14.5538, 2.2278 ], [ 14.534, 2.2358 ], [ 14.535, 2.226 ], [ 14.5604, 2.2092 ], [ 14.5706, 2.2092 ], [ 14.5764, 2.2174 ], [ 14.5952, 2.2068 ], [ 14.5778, 2.175 ], [ 14.5626, 2.1788 ], [ 14.555, 2.1712 ], [ 14.5312, 2.1686 ], [ 14.5284, 2.162 ], [ 14.5094, 2.1642 ], [ 14.5096, 2.1562 ], [ 14.4964, 2.1464 ], [ 14.4956, 2.1262 ], [ 14.4776, 2.1258 ], [ 14.4778, 2.1168 ], [ 14.4686, 2.1156 ], [ 14.4686, 2.1098 ], [ 14.4358, 2.115 ], [ 14.4212, 2.163 ], [ 14.3876, 2.1746 ], [ 14.34, 2.1708 ], [ 14.3438, 2.1576 ], [ 14.3224, 2.1528 ], [ 14.3074, 2.1584 ], [ 14.3016, 2.1686 ], [ 14.2798, 2.172 ], [ 13.68, 2.1716 ], [ 13.652, 2.222 ], [ 13.6626, 2.2418 ], [ 13.7128, 2.2726 ], [ 13.706, 2.2972 ], [ 13.719, 2.3392 ], [ 13.7064, 2.3522 ], [ 13.6924, 2.3486 ], [ 13.6864, 2.3574 ], [ 13.6472, 2.3754 ], [ 13.6658, 2.3864 ], [ 13.6874, 2.453 ], [ 13.6696, 2.4794 ], [ 13.65, 2.5572 ], [ 13.6886, 2.5858 ], [ 13.7056, 2.5878 ], [ 13.7158, 2.6238 ], [ 13.6936, 2.6412 ], [ 13.652, 2.6472 ], [ 13.6382, 2.6426 ], [ 13.6282, 2.656 ], [ 13.6444, 2.7198 ], [ 13.6554, 2.733 ], [ 13.6644, 2.7246 ], [ 13.6772, 2.7282 ], [ 13.693, 2.7466 ], [ 13.6794, 2.7674 ], [ 13.647, 2.7806 ], [ 13.6648, 2.7952 ], [ 13.6762, 2.8202 ], [ 13.6618, 2.8362 ], [ 13.6478, 2.9128 ], [ 13.639, 2.9158 ], [ 13.6188, 2.907 ], [ 13.6124, 2.8962 ], [ 13.6024, 2.8992 ], [ 13.5796, 2.8868 ], [ 13.5728, 2.8644 ], [ 13.5554, 2.8472 ], [ 13.548, 2.8594 ], [ 13.5304, 2.8568 ], [ 13.5278, 2.8306 ], [ 13.5336, 2.8254 ], [ 13.5208, 2.825 ], [ 13.5138, 2.8406 ], [ 13.5062, 2.8416 ], [ 13.4958, 2.8274 ], [ 13.5096, 2.8132 ], [ 13.5102, 2.8008 ], [ 13.5014, 2.7908 ], [ 13.483, 2.7896 ], [ 13.4684, 2.7788 ], [ 13.447, 2.7854 ], [ 13.4314, 2.7758 ], [ 13.4256, 2.7936 ], [ 13.405, 2.7912 ], [ 13.389, 2.8056 ], [ 13.3836, 2.821 ], [ 13.373, 2.824 ], [ 13.3484, 2.8 ], [ 13.3178, 2.8138 ], [ 13.306, 2.8392 ], [ 13.2848, 2.8492 ], [ 13.2688, 2.8436 ], [ 13.2754, 2.814 ], [ 13.2896, 2.7906 ], [ 13.2704, 2.784 ], [ 13.2644, 2.7878 ], [ 13.269, 2.8124 ], [ 13.259, 2.8272 ], [ 13.232, 2.8302 ], [ 13.229, 2.838 ], [ 13.2384, 2.8468 ], [ 13.2074, 2.8688 ], [ 13.1966, 2.868 ], [ 13.192, 2.8506 ], [ 13.166, 2.8532 ], [ 13.1578, 2.847 ], [ 13.1368, 2.8636 ], [ 13.1324, 2.8762 ], [ 13.1276, 2.865 ], [ 13.1132, 2.8588 ], [ 13.1086, 2.842 ], [ 13.0954, 2.8412 ], [ 13.0998, 2.8518 ], [ 13.0814, 2.8578 ], [ 13.0854, 2.8482 ], [ 13.079, 2.84 ], [ 13.0704, 2.8502 ], [ 13.0404, 2.8482 ], [ 13.0218, 2.8612 ], [ 13.0026, 2.8494 ], [ 13.0086, 2.869 ], [ 12.9908, 2.8744 ], [ 12.9884, 2.89 ], [ 12.9654, 2.8654 ], [ 12.9408, 2.8658 ], [ 12.9384, 2.8746 ], [ 12.9246, 2.8694 ], [ 12.9164, 2.8806 ], [ 12.8748, 2.8772 ], [ 12.8622, 2.895 ], [ 12.8372, 2.8898 ], [ 12.8186, 2.9144 ], [ 12.7972, 2.9052 ], [ 12.7944, 2.9286 ], [ 12.7784, 2.941 ], [ 12.7918, 2.9462 ], [ 12.8028, 2.9784 ], [ 12.8572, 3.0258 ], [ 12.8878, 3.0368 ], [ 12.9056, 3.0554 ], [ 12.9374, 3.05 ], [ 12.9492, 3.055 ], [ 12.9496, 3.066 ], [ 12.9226, 3.0758 ], [ 12.9234, 3.0878 ], [ 12.9398, 3.109 ], [ 12.9688, 3.1128 ], [ 12.999, 3.1264 ], [ 13.0458, 3.1684 ], [ 13.0516, 3.1942 ], [ 13.146, 3.2376 ], [ 13.1552, 3.2304 ], [ 13.168, 3.1932 ], [ 13.1938, 3.206 ], [ 13.2162, 3.202 ], [ 13.215, 3.2152 ], [ 13.23, 3.2248 ], [ 13.2376, 3.2532 ], [ 13.3584, 3.242 ], [ 13.4068, 3.2626 ], [ 13.4244, 3.2478 ], [ 13.4454, 3.2456 ], [ 13.46, 3.1844 ], [ 13.5008, 3.1418 ], [ 13.5238, 3.1274 ], [ 13.5364, 3.1352 ], [ 13.5752, 3.14 ], [ 13.6064, 3.1198 ], [ 13.611, 3.1264 ], [ 13.6112, 3.136 ], [ 13.6082, 3.14 ], [ 13.6152, 3.1436 ], [ 13.6006, 3.1662 ], [ 13.6024, 3.1968 ], [ 13.5906, 3.1986 ] ] ], [ [ [ 13.6096, 3.1326 ], [ 13.6096, 3.1328 ], [ 13.61, 3.1328 ], [ 13.6096, 3.1326 ] ] ] ] } },
{ "type": "Feature", "properties": { "district": "Loum", "region": "Littoral" }, "geometry": { "type": "MultiPolygon", "coordinates": [ [ [ [ 9.781, 4.7556 ], [ 9.7892, 4.748 ], [ 9.787, 4.7338 ], [ 9.7942, 4.7322 ], [ 9.844, 4.745 ], [ 9.8498, 4.7294 ], [ 9.8674, 4.7406 ], [ 9.8734, 4.759 ], [ 9.9128, 4.7818 ], [ 9.9352, 4.7654 ], [ 9.9866, 4.79 ], [ 9.9798, 4.7676 ], [ 9.9656, 4.7538 ], [ 9.9996, 4.7322 ], [ 10.0052, 4.7238 ], [ 9.9922, 4.714 ], [ 10.0076, 4.6972 ], [ 9.9554, 4.6804 ], [ 9.928, 4.691 ], [ 9.8616, 4.6696 ], [ 9.813, 4.6806 ], [ 9.7792, 4.657 ], [ 9.7788, 4.615 ], [ 9.7656, 4.6158 ], [ 9.7608, 4.6318 ], [ 9.7338, 4.6266 ], [ 9.732, 4.6166 ], [ 9.718, 4.6082 ], [ 9.7224, 4.636 ], [ 9.7052, 4.6478 ], [ 9.7078, 4.6662 ], [ 9.679, 4.6704 ], [ 9.67, 4.6862 ], [ 9.6558, 4.69 ], [ 9.6912, 4.7214 ], [ 9.6972, 4.7486 ], [ 9.7146, 4.756 ], [ 9.7308, 4.7516 ], [ 9.738, 4.7426 ], [ 9.7308, 4.728 ], [ 9.7384, 4.7232 ], [ 9.7402, 4.7356 ], [ 9.7478, 4.7314 ], [ 9.7628, 4.75 ], [ 9.781, 4.7556 ] ] ], [ [ [ 9.7636, 4.7508 ], [ 9.7638, 4.7508 ], [ 9.7638, 4.7506 ], [ 9.7636, 4.7508 ] ] ] ] } },
{ "type": "Feature", "properties": { "district": "Mada", "region": "Extreme-Nord" }, "geometry": { "type": "Polygon", "coordinates": [ [ [ 14.7032, 12.679 ], [ 14.6926, 12.6846 ], [ 14.7036, 12.7048 ], [ 14.6994, 12.7104 ], [ 14.6908, 12.706 ], [ 14.6816, 12.715 ], [ 14.6748, 12.7044 ], [ 14.6668, 12.7086 ], [ 14.6688, 12.6996 ], [ 14.6598, 12.6954 ], [ 14.653, 12.714 ], [ 14.6446, 12.704 ], [ 14.6428, 12.7138 ], [ 14.6296, 12.7078 ], [ 14.6302, 12.722 ], [ 14.6152, 12.7214 ], [ 14.6094, 12.7308 ], [ 14.6006, 12.7314 ], [ 14.5962, 12.724 ], [ 14.5788, 12.7276 ], [ 14.5798, 12.7118 ], [ 14.5894, 12.7102 ], [ 14.5948, 12.6934 ], [ 14.567, 12.6728 ], [ 14.579, 12.6366 ], [ 14.589, 12.6296 ], [ 14.5726, 12.6292 ], [ 14.575, 12.5958 ], [ 14.5418, 12.5858 ], [ 14.5204, 12.5878 ], [ 14.4878, 12.6192 ], [ 14.4698, 12.6118 ], [ 14.4442, 12.6176 ], [ 14.4328, 12.607 ], [ 14.4484, 12.585 ], [ 14.4004, 12.5808 ], [ 14.3776, 12.6014 ], [ 14.367, 12.5976 ], [ 14.3268, 12.6116 ], [ 14.316, 12.633 ], [ 14.2944, 12.6268 ], [ 14.2946, 12.6368 ], [ 14.2848, 12.6408 ], [ 14.2786, 12.6582 ], [ 14.2638, 12.6556 ], [ 14.265, 12.667 ], [ 14.2458, 12.6762 ], [ 14.225, 12.6992 ], [ 14.2068, 12.6948 ], [ 14.1958, 12.6812 ], [ 14.1572, 12.6848 ], [ 14.0854, 13.0774 ], [ 14.4598, 13.0738 ], [ 14.4996, 13.008 ], [ 14.5064, 12.9714 ], [ 14.5162, 12.9682 ], [ 14.539, 12.937 ], [ 14.5514, 12.937 ], [ 14.5644, 12.9122 ], [ 14.5636, 12.8944 ], [ 14.572, 12.8878 ], [ 14.5578, 12.8812 ], [ 14.5542, 12.8648 ], [ 14.5662, 12.8358 ], [ 14.5504, 12.8078 ], [ 14.5482, 12.7872 ], [ 14.5586, 12.7748 ], [ 14.566, 12.785 ], [ 14.5746, 12.7834 ], [ 14.5792, 12.7582 ], [ 14.59, 12.7462 ], [ 14.6026, 12.7506 ], [ 14.6204, 12.7744 ], [ 14.6254, 12.7622 ], [ 14.6166, 12.7436 ], [ 14.6336, 12.7428 ], [ 14.6704, 12.719 ], [ 14.6954, 12.7288 ], [ 14.718, 12.7218 ], [ 14.7238, 12.7034 ], [ 14.7032, 12.679 ] ] ] } },
{ "type": "Feature", "properties": { "district": "Maga", "region": "Extreme-Nord" }, "geometry": { "type": "Polygon", "coordinates": [ [ [ 15.0172, 10.793 ], [ 15.0016, 10.7698 ], [ 14.9896, 10.779 ], [ 14.9474, 10.7726 ], [ 14.9026, 10.801 ], [ 14.8894, 10.8194 ], [ 14.8622, 10.78 ], [ 14.8636, 10.7664 ], [ 14.84, 10.7182 ], [ 14.7898, 10.7056 ], [ 14.7646, 10.6908 ], [ 14.77, 10.7144 ], [ 14.7654, 10.723 ], [ 14.7738, 10.7336 ], [ 14.7696, 10.758 ], [ 14.7806, 10.7712 ], [ 14.769, 10.7862 ], [ 14.7752, 10.801 ], [ 14.7852, 10.8022 ], [ 14.7632, 10.8092 ], [ 14.761, 10.817 ], [ 14.796, 10.842 ], [ 14.7982, 10.8676 ], [ 14.7796, 10.8904 ], [ 14.7914, 10.929 ], [ 14.8128, 10.9284 ], [ 14.815, 10.9968 ], [ 14.8408, 11.018 ], [ 14.84, 11.0258 ], [ 14.8084, 11.029 ], [ 14.8282, 11.0496 ], [ 14.8232, 11.0776 ], [ 14.8382, 11.088 ], [ 14.8448, 11.109 ], [ 14.8534, 11.1108 ], [ 14.8466, 11.1402 ], [ 14.8654, 11.1436 ], [ 14.9646, 11.2118 ], [ 15.0154, 11.2328 ], [ 15.0534, 11.2748 ], [ 15.0662, 11.2504 ], [ 15.058, 11.232 ], [ 15.0674, 11.203 ], [ 15.084, 11.1742 ], [ 15.0946, 11.1688 ], [ 15.0964, 11.1086 ], [ 15.1104, 11.0886 ], [ 15.0946, 11.0638 ], [ 15.093, 11.0336 ], [ 15.071, 11.0264 ], [ 15.0466, 11.0298 ], [ 15.0536, 11.0154 ], [ 15.046, 11.0044 ], [ 15.059, 10.9876 ], [ 15.0606, 10.9724 ], [ 15.0802, 10.9554 ], [ 15.0976, 10.8698 ], [ 15.073, 10.8464 ], [ 15.0664, 10.8044 ], [ 15.0752, 10.7886 ], [ 15.0458, 10.7816 ], [ 15.0172, 10.793 ] ] ] } },
{ "type": "Feature", "properties": { "district": "Makary", "region": "Extreme-Nord" }, "geometry": { "type": "Polygon", "coordinates": [ [ [ 14.589, 12.6294 ], [ 14.618, 12.6158 ], [ 14.6236, 12.599 ], [ 14.6382, 12.6116 ], [ 14.6632, 12.5988 ], [ 14.7018, 12.5986 ], [ 14.708, 12.5638 ], [ 14.7248, 12.55 ], [ 14.7142, 12.532 ], [ 14.7234, 12.5198 ], [ 14.7134, 12.5128 ], [ 14.6882, 12.518 ], [ 14.6948, 12.5016 ], [ 14.6908, 12.4936 ], [ 14.7072, 12.477 ], [ 14.6862, 12.482 ], [ 14.6846, 12.4678 ], [ 14.6674, 12.458 ], [ 14.6722, 12.4512 ], [ 14.6624, 12.4448 ], [ 14.662, 12.4312 ], [ 14.6372, 12.4178 ], [ 14.6366, 12.4064 ], [ 14.657, 12.3836 ], [ 14.6396, 12.3798 ], [ 14.6342, 12.3648 ], [ 14.6182, 12.382 ], [ 14.5968, 12.3862 ], [ 14.5902, 12.319 ], [ 14.5634, 12.3212 ], [ 14.561, 12.2846 ], [ 14.5484, 12.2762 ], [ 14.5218, 12.297 ], [ 14.511, 12.297 ], [ 14.5152, 12.3056 ], [ 14.5102, 12.3148 ], [ 14.5216, 12.3152 ], [ 14.5198, 12.3276 ], [ 14.4984, 12.3302 ], [ 14.483, 12.3414 ], [ 14.4844, 12.352 ], [ 14.4754, 12.346 ], [ 14.4652, 12.36 ], [ 14.4446, 12.35 ], [ 14.4398, 12.367 ], [ 14.4026, 12.3826 ], [ 14.3932, 12.4014 ], [ 14.3712, 12.4102 ], [ 14.3818, 12.4284 ], [ 14.3588, 12.4342 ], [ 14.351, 12.4514 ], [ 14.3556, 12.4582 ], [ 14.3412, 12.4594 ], [ 14.347, 12.4878 ], [ 14.3548, 12.4942 ], [ 14.3378, 12.5106 ], [ 14.3358, 12.545 ], [ 14.3172, 12.5516 ], [ 14.3072, 12.5726 ], [ 14.2868, 12.5708 ], [ 14.2816, 12.5846 ], [ 14.2568, 12.5816 ], [ 14.2454, 12.588 ], [ 14.2076, 12.581 ], [ 14.1738, 12.5894 ], [ 14.1572, 12.6848 ], [ 14.1958, 12.6812 ], [ 14.2068, 12.6948 ], [ 14.225, 12.6992 ], [ 14.2458, 12.6762 ], [ 14.265, 12.667 ], [ 14.2638, 12.6556 ], [ 14.2786, 12.6582 ], [ 14.2848, 12.6408 ], [ 14.2946, 12.6368 ], [ 14.2944, 12.6268 ], [ 14.316, 12.633 ], [ 14.3268, 12.6116 ], [ 14.367, 12.5976 ], [ 14.3776, 12.6014 ], [ 14.4004, 12.5808 ], [ 14.4484, 12.585 ], [ 14.4328, 12.607 ], [ 14.4442, 12.6176 ], [ 14.4698, 12.6118 ], [ 14.4878, 12.6192 ], [ 14.5204, 12.5878 ], [ 14.5662, 12.59 ], [ 14.5768, 12.5996 ], [ 14.57, 12.6096 ], [ 14.5728, 12.6296 ], [ 14.589, 12.6294 ] ] ] } },
{ "type": "Feature", "properties": { "district": "Malantouen", "region": "Ouest" }, "geometry": { "type": "MultiPolygon", "coordinates": [ [ [ [ 10.9934, 5.6082 ], [ 10.9936, 5.6084 ], [ 10.9936, 5.6082 ], [ 10.9934, 5.6082 ] ] ], [ [ [ 10.9956, 5.6192 ], [ 10.9954, 5.6192 ], [ 10.9956, 5.6194 ], [ 10.9956, 5.6192 ] ] ], [ [ [ 11.0056, 5.6316 ], [ 10.9872, 5.6688 ], [ 11.0008, 5.6862 ], [ 11.0034, 5.702 ], [ 10.9978, 5.7198 ], [ 10.9898, 5.7206 ], [ 10.9894, 5.7356 ], [ 10.9796, 5.7334 ], [ 10.9712, 5.7412 ], [ 10.9834, 5.7486 ], [ 10.991, 5.7408 ], [ 11.0266, 5.7458 ], [ 11.025, 5.7538 ], [ 11.0064, 5.7636 ], [ 11.0104, 5.7842 ], [ 11.0246, 5.7738 ], [ 11.0378, 5.7842 ], [ 11.0412, 5.7672 ], [ 11.0574, 5.7864 ], [ 11.0676, 5.7864 ], [ 11.0682, 5.7894 ], [ 11.0716, 5.7936 ], [ 11.0764, 5.8062 ], [ 11.051, 5.8132 ], [ 11.0502, 5.8326 ], [ 11.0346, 5.8508 ], [ 11.0192, 5.855 ], [ 11.0068, 5.8734 ], [ 11.0226, 5.9058 ], [ 11.0052, 5.9318 ], [ 11.014, 5.9424 ], [ 11.0078, 5.952 ], [ 11.026, 5.9762 ], [ 11.0114, 5.9698 ], [ 11.0002, 5.9798 ], [ 10.9796, 5.9798 ], [ 10.9774, 5.9728 ], [ 10.9702, 5.9884 ], [ 10.9516, 5.998 ], [ 10.9376, 5.9942 ], [ 10.9254, 6.0124 ], [ 10.931, 6.0254 ], [ 10.941, 6.0186 ], [ 10.973, 6.0246 ], [ 10.9776, 6.0586 ], [ 10.9918, 6.0664 ], [ 11.0096, 6.06 ], [ 11.0114, 6.0718 ], [ 11.0206, 6.0768 ], [ 10.9958, 6.1276 ], [ 10.9984, 6.1328 ], [ 11.0062, 6.1398 ], [ 11.0056, 6.141 ], [ 11.0188, 6.1442 ], [ 11.0104, 6.1606 ], [ 11.0084, 6.1916 ], [ 10.9962, 6.2078 ], [ 10.9982, 6.2312 ], [ 11.026, 6.2394 ], [ 11.0518, 6.226 ], [ 11.0492, 6.2158 ], [ 11.065, 6.208 ], [ 11.0732, 6.2166 ], [ 11.1042, 6.217 ], [ 11.1248, 6.2286 ], [ 11.1366, 6.225 ], [ 11.1426, 6.2472 ], [ 11.1604, 6.265 ], [ 11.1828, 6.2552 ], [ 11.2348, 6.2562 ], [ 11.2372, 6.2646 ], [ 11.2554, 6.2522 ], [ 11.291, 6.2516 ], [ 11.2942, 6.222 ], [ 11.2682, 6.2042 ], [ 11.2738, 6.153 ], [ 11.2608, 6.1354 ], [ 11.3044, 6.042 ], [ 11.2916, 6.0346 ], [ 11.2888, 6.0192 ], [ 11.2724, 6.0108 ], [ 11.2738, 6.0024 ], [ 11.263, 5.9988 ], [ 11.2584, 5.9708 ], [ 11.2764, 5.9526 ], [ 11.2696, 5.9304 ], [ 11.2754, 5.9172 ], [ 11.2554, 5.9142 ], [ 11.2522, 5.9066 ], [ 11.2678, 5.8944 ], [ 11.2638, 5.8826 ], [ 11.2768, 5.875 ], [ 11.269, 5.859 ], [ 11.2748, 5.8478 ], [ 11.2682, 5.8266 ], [ 11.272, 5.8086 ], [ 11.2866, 5.7972 ], [ 11.3006, 5.8008 ], [ 11.3152, 5.7872 ], [ 11.3058, 5.7724 ], [ 11.2902, 5.7686 ], [ 11.2914, 5.7532 ], [ 11.279, 5.733 ], [ 11.2696, 5.7314 ], [ 11.2526, 5.7096 ], [ 11.2416, 5.716 ], [ 11.2246, 5.6846 ], [ 11.2008, 5.6714 ], [ 11.2124, 5.6482 ], [ 11.1846, 5.6038 ], [ 11.204, 5.5804 ], [ 11.2018, 5.568 ], [ 11.2104, 5.5564 ], [ 11.2048, 5.5402 ], [ 11.2128, 5.527 ], [ 11.1918, 5.466 ], [ 11.163, 5.4476 ], [ 11.1364, 5.4556 ], [ 11.1254, 5.4718 ], [ 11.0942, 5.4628 ], [ 11.0838, 5.474 ], [ 11.067, 5.4772 ], [ 11.056, 5.5 ], [ 11.0352, 5.5136 ], [ 11.0328, 5.5294 ], [ 10.9974, 5.5604 ], [ 10.9984, 5.567 ], [ 10.9726, 5.5636 ], [ 10.994, 5.607 ], [ 10.9966, 5.6222 ], [ 11.0056, 5.6316 ] ], [ [ 11.0138, 5.5472 ], [ 11.0138, 5.547 ], [ 11.014, 5.5472 ], [ 11.0138, 5.5472 ] ], [ [ 11.0686, 5.7894 ], [ 11.0686, 5.7896 ], [ 11.0684, 5.7896 ], [ 11.0686, 5.7894 ] ], [ [ 11.0114, 6.1716 ], [ 11.0112, 6.1718 ], [ 11.0112, 6.1716 ], [ 11.0114, 6.1716 ] ] ] ] } },
{ "type": "Feature", "properties": { "district": "Mamfe", "region": "Sud-Ouest" }, "geometry": { "type": "Polygon", "coordinates": [ [ [ 9.5944, 5.9908 ], [ 9.6046, 5.9872 ], [ 9.6094, 5.9926 ], [ 9.609, 6.0236 ], [ 9.624, 6.0348 ], [ 9.6276, 6.0464 ], [ 9.6472, 6.047 ], [ 9.6382, 6.014 ], [ 9.6496, 5.9774 ], [ 9.6372, 5.9686 ], [ 9.6186, 5.9354 ], [ 9.6026, 5.9378 ], [ 9.6052, 5.9168 ], [ 9.5918, 5.9108 ], [ 9.59, 5.8814 ], [ 9.6108, 5.8864 ], [ 9.6172, 5.8792 ], [ 9.6338, 5.8876 ], [ 9.65, 5.8604 ], [ 9.6794, 5.8382 ], [ 9.686, 5.8392 ], [ 9.6898, 5.856 ], [ 9.724, 5.8482 ], [ 9.7496, 5.8224 ], [ 9.7536, 5.8062 ], [ 9.8172, 5.7788 ], [ 9.819, 5.7568 ], [ 9.8534, 5.7544 ], [ 9.8502, 5.7342 ], [ 9.887, 5.7526 ], [ 9.8938, 5.7236 ], [ 9.9234, 5.7294 ], [ 9.937, 5.7418 ], [ 9.9472, 5.7396 ], [ 9.9386, 5.7254 ], [ 9.948, 5.7132 ], [ 9.9662, 5.7172 ], [ 9.954, 5.6888 ], [ 9.9222, 5.6898 ], [ 9.9128, 5.6994 ], [ 9.8806, 5.7038 ], [ 9.871, 5.6756 ], [ 9.8816, 5.6576 ], [ 9.8742, 5.6478 ], [ 9.9036, 5.66 ], [ 9.9044, 5.6348 ], [ 9.8958, 5.6314 ], [ 9.8816, 5.6438 ], [ 9.8656, 5.636 ], [ 9.8626, 5.6078 ], [ 9.7606, 5.5746 ], [ 9.7526, 5.5058 ], [ 9.7644, 5.495 ], [ 9.7788, 5.4958 ], [ 9.768, 5.4728 ], [ 9.7778, 5.4462 ], [ 9.766, 5.432 ], [ 9.7398, 5.4448 ], [ 9.7284, 5.4428 ], [ 9.7286, 5.4368 ], [ 9.7252, 5.4454 ], [ 9.7176, 5.4406 ], [ 9.7174, 5.4472 ], [ 9.7004, 5.4522 ], [ 9.7034, 5.46 ], [ 9.6984, 5.4572 ], [ 9.6788, 5.472 ], [ 9.6832, 5.479 ], [ 9.673, 5.4858 ], [ 9.6504, 5.483 ], [ 9.643, 5.5126 ], [ 9.6308, 5.4996 ], [ 9.609, 5.4968 ], [ 9.605, 5.489 ], [ 9.6104, 5.4842 ], [ 9.601, 5.4798 ], [ 9.567, 5.4914 ], [ 9.5566, 5.5038 ], [ 9.5636, 5.5164 ], [ 9.5514, 5.5168 ], [ 9.5442, 5.534 ], [ 9.526, 5.5304 ], [ 9.508, 5.5446 ], [ 9.4886, 5.5464 ], [ 9.4848, 5.5658 ], [ 9.4692, 5.578 ], [ 9.4518, 5.5804 ], [ 9.4044, 5.6142 ], [ 9.3534, 5.632 ], [ 9.3288, 5.66 ], [ 9.3352, 5.6662 ], [ 9.2898, 5.6848 ], [ 9.2856, 5.7006 ], [ 9.2602, 5.691 ], [ 9.2356, 5.6922 ], [ 9.229, 5.6984 ], [ 9.234, 5.7336 ], [ 9.2486, 5.7386 ], [ 9.2632, 5.7782 ], [ 9.2552, 5.7876 ], [ 9.2574, 5.7962 ], [ 9.2428, 5.806 ], [ 9.2412, 5.8576 ], [ 9.2246, 5.8514 ], [ 9.2134, 5.8734 ], [ 9.1996, 5.877 ], [ 9.1686, 5.866 ], [ 9.1648, 5.8754 ], [ 9.182, 5.8774 ], [ 9.1734, 5.898 ], [ 9.1534, 5.879 ], [ 9.1398, 5.8824 ], [ 9.125, 5.8926 ], [ 9.1292, 5.9024 ], [ 9.1122, 5.8972 ], [ 9.1042, 5.916 ], [ 9.0866, 5.9152 ], [ 9.0658, 5.9364 ], [ 9.055, 5.934 ], [ 9.053, 5.9228 ], [ 9.0338, 5.9202 ], [ 9.0202, 5.8966 ], [ 8.9978, 5.8986 ], [ 8.9922, 5.887 ], [ 8.9706, 5.8798 ], [ 8.9442, 5.9094 ], [ 9.133, 6.072 ], [ 9.1526, 6.0906 ], [ 9.1674, 6.1306 ], [ 9.2222, 6.1706 ], [ 9.2576, 6.1456 ], [ 9.2828, 6.1524 ], [ 9.3908, 6.1244 ], [ 9.4312, 6.084 ], [ 9.4466, 6.0664 ], [ 9.4508, 6.0314 ], [ 9.447, 6.0088 ], [ 9.431, 5.9866 ], [ 9.4298, 5.9606 ], [ 9.4232, 5.9584 ], [ 9.46, 5.927 ], [ 9.4816, 5.9328 ], [ 9.5192, 5.9898 ], [ 9.5322, 5.9828 ], [ 9.5512, 5.9532 ], [ 9.5668, 5.9612 ], [ 9.5726, 5.988 ], [ 9.5872, 5.9834 ], [ 9.5944, 5.9908 ] ] ] } },
{ "type": "Feature", "properties": { "district": "Manjo", "region": "Littoral" }, "geometry": { "type": "Polygon", "coordinates": [ [ [ 9.7478, 4.7314 ], [ 9.7402, 4.7356 ], [ 9.7384, 4.7232 ], [ 9.7308, 4.728 ], [ 9.738, 4.7426 ], [ 9.7308, 4.7516 ], [ 9.7146, 4.756 ], [ 9.6972, 4.7486 ], [ 9.704, 4.8086 ], [ 9.716, 4.8132 ], [ 9.721, 4.8332 ], [ 9.7466, 4.8646 ], [ 9.7664, 4.8678 ], [ 9.78, 4.8808 ], [ 9.763, 4.8854 ], [ 9.7662, 4.8898 ], [ 9.7782, 4.8962 ], [ 9.7864, 4.9208 ], [ 9.763, 4.9194 ], [ 9.752, 4.9276 ], [ 9.7582, 4.9362 ], [ 9.7542, 4.9458 ], [ 9.7674, 4.9576 ], [ 9.7672, 4.9936 ], [ 9.7742, 5.0078 ], [ 9.8078, 5.0268 ], [ 9.8226, 5.017 ], [ 9.8362, 5.024 ], [ 9.8544, 5.0186 ], [ 9.8702, 5.0274 ], [ 9.877, 5.0126 ], [ 9.8546, 5.001 ], [ 9.8518, 4.9924 ], [ 9.8604, 4.957 ], [ 9.8424, 4.9552 ], [ 9.8328, 4.9424 ], [ 9.84, 4.9198 ], [ 9.8132, 4.9278 ], [ 9.8064, 4.9078 ], [ 9.8124, 4.8916 ], [ 9.8368, 4.8916 ], [ 9.8356, 4.8816 ], [ 9.8482, 4.88 ], [ 9.8502, 4.8624 ], [ 9.8614, 4.8628 ], [ 9.8656, 4.851 ], [ 9.8612, 4.8418 ], [ 9.832, 4.8356 ], [ 9.8096, 4.8196 ], [ 9.8164, 4.7754 ], [ 9.8106, 4.7598 ], [ 9.8206, 4.7372 ], [ 9.7918, 4.7324 ], [ 9.781, 4.7556 ], [ 9.7628, 4.7498 ], [ 9.7478, 4.7314 ] ], [ [ 9.7636, 4.7506 ], [ 9.7638, 4.7508 ], [ 9.7636, 4.7508 ], [ 9.7636, 4.7506 ] ], [ [ 9.7714, 4.8924 ], [ 9.7716, 4.8924 ], [ 9.7716, 4.8926 ], [ 9.7714, 4.8924 ] ] ] } },
{ "type": "Feature", "properties": { "district": "Manoka", "region": "Littoral" }, "geometry": { "type": "MultiPolygon", "coordinates": [ [ [ [ 9.6136, 3.8652 ], [ 9.6274, 3.8688 ], [ 9.672, 3.8366 ], [ 9.6866, 3.8364 ], [ 9.6938, 3.8498 ], [ 9.7086, 3.8544 ], [ 9.7126, 3.8664 ], [ 9.6782, 3.906 ], [ 9.6778, 3.9174 ], [ 9.6946, 3.9166 ], [ 9.757, 3.9412 ], [ 9.7604, 3.9254 ], [ 9.7886, 3.9036 ], [ 9.7858, 3.8782 ], [ 9.802, 3.8704 ], [ 9.8006, 3.8578 ], [ 9.8142, 3.8278 ], [ 9.8034, 3.8168 ], [ 9.7826, 3.8154 ], [ 9.767, 3.8056 ], [ 9.7498, 3.8072 ], [ 9.7502, 3.7918 ], [ 9.7402, 3.793 ], [ 9.7318, 3.7846 ], [ 9.725, 3.789 ], [ 9.7174, 3.7682 ], [ 9.7056, 3.7684 ], [ 9.6684, 3.742 ], [ 9.6202, 3.7484 ], [ 9.6102, 3.7554 ], [ 9.5898, 3.7964 ], [ 9.6136, 3.8652 ] ] ], [ [ [ 9.7242, 3.9584 ], [ 9.749, 3.9444 ], [ 9.7282, 3.9452 ], [ 9.7002, 3.9344 ], [ 9.6966, 3.9432 ], [ 9.6346, 3.9394 ], [ 9.6242, 3.9468 ], [ 9.6228, 3.9696 ], [ 9.6572, 4.0158 ], [ 9.677, 4.002 ], [ 9.6962, 4.0054 ], [ 9.6992, 3.998 ], [ 9.7134, 3.9944 ], [ 9.7266, 3.979 ], [ 9.7242, 3.9584 ] ] ], [ [ [ 9.5822, 4.0034 ], [ 9.5414, 4.0176 ], [ 9.5348, 4.0144 ], [ 9.528, 4.0058 ], [ 9.5414, 3.9608 ], [ 9.529, 3.9364 ], [ 9.515, 3.9284 ], [ 9.4984, 3.9374 ], [ 9.4948, 3.9712 ], [ 9.4452, 3.9954 ], [ 9.459, 3.9734 ], [ 9.4622, 3.9472 ], [ 9.4412, 3.9236 ], [ 9.4638, 3.92 ], [ 9.4736, 3.9072 ], [ 9.4162, 3.8854 ], [ 9.3534, 3.906 ], [ 9.3798, 3.9196 ], [ 9.3868, 3.9474 ], [ 9.3936, 3.9488 ], [ 9.3936, 3.9614 ], [ 9.4042, 3.971 ], [ 9.4024, 3.992 ], [ 9.4342, 4.0228 ], [ 9.451, 4.025 ], [ 9.456, 4.061 ], [ 9.4992, 4.0546 ], [ 9.5134, 4.0778 ], [ 9.5258, 4.071 ], [ 9.5462, 4.0738 ], [ 9.5586, 4.0842 ], [ 9.5694, 4.0786 ], [ 9.5724, 4.0626 ], [ 9.5834, 4.0578 ], [ 9.587, 4.0806 ], [ 9.6028, 4.0896 ], [ 9.613, 4.0802 ], [ 9.6304, 4.083 ], [ 9.6322, 4.0724 ], [ 9.6424, 4.0756 ], [ 9.6418, 4.0662 ], [ 9.6504, 4.0666 ], [ 9.6554, 4.0516 ], [ 9.6186, 4.0128 ], [ 9.5822, 4.0034 ] ] ] ] } },
{ "type": "Feature", "properties": { "district": "Maroua 1", "region": "Extreme-Nord" }, "geometry": { "type": "MultiPolygon", "coordinates": [ [ [ [ 14.1682, 10.449 ], [ 14.1684, 10.4488 ], [ 14.1682, 10.4488 ], [ 14.1682, 10.449 ] ] ], [ [ [ 14.169, 10.4492 ], [ 14.169, 10.4508 ], [ 14.1846, 10.4538 ], [ 14.1812, 10.4754 ], [ 14.1628, 10.483 ], [ 14.1604, 10.4924 ], [ 14.1804, 10.4976 ], [ 14.1916, 10.5136 ], [ 14.1684, 10.5134 ], [ 14.1868, 10.5258 ], [ 14.1838, 10.5654 ], [ 14.1458, 10.591 ], [ 14.148, 10.6162 ], [ 14.1772, 10.623 ], [ 14.2254, 10.5882 ], [ 14.2164, 10.6008 ], [ 14.224, 10.6014 ], [ 14.2228, 10.612 ], [ 14.2386, 10.6076 ], [ 14.251, 10.6182 ], [ 14.2508, 10.629 ], [ 14.3154, 10.597 ], [ 14.3372, 10.5998 ], [ 14.3412, 10.5912 ], [ 14.3738, 10.602 ], [ 14.394, 10.5972 ], [ 14.3824, 10.582 ], [ 14.395, 10.5766 ], [ 14.3952, 10.557 ], [ 14.4164, 10.5466 ], [ 14.3722, 10.522 ], [ 14.314, 10.5396 ], [ 14.2628, 10.5046 ], [ 14.29, 10.4936 ], [ 14.2688, 10.4778 ], [ 14.2814, 10.4398 ], [ 14.2738, 10.435 ], [ 14.2672, 10.4406 ], [ 14.2702, 10.424 ], [ 14.2608, 10.4176 ], [ 14.2518, 10.43 ], [ 14.239, 10.401 ], [ 14.2282, 10.4074 ], [ 14.217, 10.4314 ], [ 14.2074, 10.42 ], [ 14.1738, 10.4128 ], [ 14.1604, 10.4186 ], [ 14.1618, 10.4382 ], [ 14.1674, 10.446 ], [ 14.169, 10.4492 ] ], [ [ 14.1844, 10.456 ], [ 14.1846, 10.456 ], [ 14.1844, 10.4562 ], [ 14.1844, 10.456 ] ], [ [ 14.4014, 10.5386 ], [ 14.4014, 10.5384 ], [ 14.4016, 10.5386 ], [ 14.4014, 10.5386 ] ] ], [ [ [ 14.3044, 10.5314 ], [ 14.3044, 10.5312 ], [ 14.3042, 10.5314 ], [ 14.3044, 10.5314 ] ] ] ] } },
{ "type": "Feature", "properties": { "district": "Maroua 2", "region": "Extreme-Nord" }, "geometry": { "type": "MultiPolygon", "coordinates": [ [ [ [ 14.397, 10.649 ], [ 14.3972, 10.649 ], [ 14.3972, 10.6488 ], [ 14.397, 10.649 ] ] ], [ [ [ 14.277, 10.8946 ], [ 14.2612, 10.9022 ], [ 14.2574, 10.9142 ], [ 14.2716, 10.9292 ], [ 14.2974, 10.933 ], [ 14.3078, 10.9448 ], [ 14.3418, 10.9454 ], [ 14.3376, 10.9532 ], [ 14.352, 10.9656 ], [ 14.358, 10.962 ], [ 14.3642, 10.9688 ], [ 14.3772, 10.9604 ], [ 14.3918, 10.9736 ], [ 14.4078, 10.97 ], [ 14.402, 10.92 ], [ 14.3912, 10.9168 ], [ 14.3894, 10.8986 ], [ 14.3692, 10.8816 ], [ 14.3688, 10.861 ], [ 14.3902, 10.8556 ], [ 14.4238, 10.8646 ], [ 14.4188, 10.8468 ], [ 14.3986, 10.8252 ], [ 14.4032, 10.8182 ], [ 14.397, 10.8176 ], [ 14.3952, 10.7874 ], [ 14.3856, 10.7822 ], [ 14.4062, 10.7816 ], [ 14.4174, 10.771 ], [ 14.4088, 10.755 ], [ 14.4174, 10.7388 ], [ 14.407, 10.7022 ], [ 14.3878, 10.689 ], [ 14.3638, 10.686 ], [ 14.3818, 10.6842 ], [ 14.374, 10.679 ], [ 14.3884, 10.6702 ], [ 14.3828, 10.664 ], [ 14.4048, 10.6676 ], [ 14.4044, 10.6626 ], [ 14.3896, 10.6452 ], [ 14.3572, 10.65 ], [ 14.348, 10.6574 ], [ 14.354, 10.6292 ], [ 14.34, 10.633 ], [ 14.333, 10.6152 ], [ 14.3404, 10.6118 ], [ 14.3322, 10.598 ], [ 14.3154, 10.597 ], [ 14.29, 10.6096 ], [ 14.3146, 10.6746 ], [ 14.3122, 10.6944 ], [ 14.3278, 10.6998 ], [ 14.3266, 10.7212 ], [ 14.312, 10.719 ], [ 14.3144, 10.734 ], [ 14.3014, 10.774 ], [ 14.2792, 10.7926 ], [ 14.2876, 10.8256 ], [ 14.2952, 10.8314 ], [ 14.2778, 10.8694 ], [ 14.2826, 10.8718 ], [ 14.2772, 10.8822 ], [ 14.2918, 10.8976 ], [ 14.2836, 10.9026 ], [ 14.277, 10.8946 ] ] ] ] } },
{ "type": "Feature", "properties": { "district": "Maroua 3", "region": "Extreme-Nord" }, "geometry": { "type": "Polygon", "coordinates": [ [ [ 14.4048, 10.669 ], [ 14.4276, 10.6662 ], [ 14.46, 10.6852 ], [ 14.488, 10.6846 ], [ 14.5054, 10.671 ], [ 14.5042, 10.647 ], [ 14.5226, 10.629 ], [ 14.5132, 10.6148 ], [ 14.5346, 10.6044 ], [ 14.5634, 10.6074 ], [ 14.5896, 10.5902 ], [ 14.6186, 10.6118 ], [ 14.6636, 10.5956 ], [ 14.6668, 10.5878 ], [ 14.6822, 10.5874 ], [ 14.6934, 10.564 ], [ 14.6932, 10.5474 ], [ 14.6846, 10.5416 ], [ 14.6896, 10.527 ], [ 14.706, 10.5144 ], [ 14.6918, 10.5092 ], [ 14.6954, 10.4974 ], [ 14.6864, 10.4878 ], [ 14.6426, 10.4744 ], [ 14.6142, 10.4934 ], [ 14.5434, 10.472 ], [ 14.5408, 10.4852 ], [ 14.5542, 10.4878 ], [ 14.5544, 10.4936 ], [ 14.517, 10.496 ], [ 14.5066, 10.4908 ], [ 14.4818, 10.4502 ], [ 14.4712, 10.45 ], [ 14.4528, 10.4608 ], [ 14.4514, 10.4738 ], [ 14.4318, 10.4946 ], [ 14.4396, 10.508 ], [ 14.4356, 10.5198 ], [ 14.4678, 10.5242 ], [ 14.4726, 10.5308 ], [ 14.4514, 10.5368 ], [ 14.4496, 10.5478 ], [ 14.4374, 10.5568 ], [ 14.4226, 10.5478 ], [ 14.3994, 10.5528 ], [ 14.395, 10.5766 ], [ 14.3824, 10.582 ], [ 14.394, 10.5972 ], [ 14.3738, 10.602 ], [ 14.3412, 10.5912 ], [ 14.333, 10.6042 ], [ 14.3404, 10.6118 ], [ 14.333, 10.6152 ], [ 14.34, 10.633 ], [ 14.354, 10.6292 ], [ 14.348, 10.6574 ], [ 14.3572, 10.65 ], [ 14.3972, 10.649 ], [ 14.4048, 10.669 ] ], [ [ 14.397, 10.649 ], [ 14.3972, 10.6488 ], [ 14.3972, 10.649 ], [ 14.397, 10.649 ] ] ] } },
{ "type": "Feature", "properties": { "district": "Massangam", "region": "Ouest" }, "geometry": { "type": "MultiPolygon", "coordinates": [ [ [ [ 10.7986, 5.4264 ], [ 10.7772, 5.4566 ], [ 10.7772, 5.505 ], [ 10.7688, 5.5158 ], [ 10.7794, 5.5336 ], [ 10.7932, 5.532 ], [ 10.7992, 5.5274 ], [ 10.8152, 5.5342 ], [ 10.821, 5.5464 ], [ 10.8274, 5.5446 ], [ 10.8548, 5.489 ], [ 10.8626, 5.4928 ], [ 10.8828, 5.476 ], [ 10.8996, 5.4926 ], [ 10.9242, 5.4994 ], [ 10.8978, 5.524 ], [ 10.9142, 5.5486 ], [ 10.9324, 5.551 ], [ 10.9414, 5.5436 ], [ 10.9584, 5.5482 ], [ 10.94, 5.5824 ], [ 10.9624, 5.5796 ], [ 10.9736, 5.5628 ], [ 10.9984, 5.567 ], [ 10.9974, 5.5604 ], [ 11.0328, 5.5294 ], [ 11.0352, 5.5136 ], [ 11.056, 5.5 ], [ 11.067, 5.4772 ], [ 11.0838, 5.474 ], [ 11.0942, 5.4628 ], [ 11.126, 5.4716 ], [ 11.1394, 5.454 ], [ 11.1688, 5.4488 ], [ 11.191, 5.423 ], [ 11.1918, 5.415 ], [ 11.18, 5.4048 ], [ 11.1808, 5.3858 ], [ 11.1334, 5.3584 ], [ 11.1262, 5.3284 ], [ 11.105, 5.3262 ], [ 11.0686, 5.2972 ], [ 11.0808, 5.2616 ], [ 11.0634, 5.2174 ], [ 11.0796, 5.2058 ], [ 11.0764, 5.188 ], [ 11.0612, 5.1854 ], [ 11.0484, 5.1706 ], [ 11.0152, 5.1722 ], [ 11.014, 5.1648 ], [ 10.998, 5.1586 ], [ 10.9866, 5.0842 ], [ 10.9708, 5.0614 ], [ 10.97, 5.0366 ], [ 10.9602, 5.032 ], [ 10.9452, 5.0068 ], [ 10.931, 5.001 ], [ 10.9622, 4.9706 ], [ 10.9404, 4.9412 ], [ 10.9414, 4.9246 ], [ 10.8676, 4.9412 ], [ 10.884, 4.9888 ], [ 10.8674, 4.996 ], [ 10.8684, 5.0102 ], [ 10.8572, 5.0178 ], [ 10.8506, 5.0358 ], [ 10.826, 5.0322 ], [ 10.8198, 5.0534 ], [ 10.8242, 5.0804 ], [ 10.8398, 5.0874 ], [ 10.8504, 5.1134 ], [ 10.8442, 5.1174 ], [ 10.8214, 5.1032 ], [ 10.8234, 5.0968 ], [ 10.8106, 5.0954 ], [ 10.7972, 5.1206 ], [ 10.7706, 5.1266 ], [ 10.7498, 5.1488 ], [ 10.7568, 5.1744 ], [ 10.7484, 5.1752 ], [ 10.7504, 5.1894 ], [ 10.7314, 5.2168 ], [ 10.7304, 5.2634 ], [ 10.7042, 5.2946 ], [ 10.7138, 5.315 ], [ 10.7082, 5.336 ], [ 10.7004, 5.3338 ], [ 10.6984, 5.3402 ], [ 10.707, 5.3552 ], [ 10.7202, 5.3612 ], [ 10.7446, 5.3538 ], [ 10.759, 5.3778 ], [ 10.7562, 5.3922 ], [ 10.7986, 5.4264 ] ], [ [ 10.7594, 5.378 ], [ 10.7592, 5.378 ], [ 10.7592, 5.3778 ], [ 10.7594, 5.378 ] ], [ [ 10.7946, 5.5292 ], [ 10.7948, 5.5292 ], [ 10.7948, 5.5294 ], [ 10.7946, 5.5292 ] ] ], [ [ [ 10.7756, 5.5 ], [ 10.7756, 5.4998 ], [ 10.7754, 5.5 ], [ 10.7756, 5.5 ] ] ], [ [ [ 11.0138, 5.547 ], [ 11.0138, 5.5472 ], [ 11.014, 5.547 ], [ 11.0138, 5.547 ] ] ] ] } },
{ "type": "Feature", "properties": { "district": "Mayo Oulo", "region": "Nord" }, "geometry": { "type": "Polygon", "coordinates": [ [ [ 13.3074, 10.0992 ], [ 13.3136, 10.1172 ], [ 13.327, 10.1132 ], [ 13.3372, 10.1296 ], [ 13.3482, 10.1238 ], [ 13.35, 10.1118 ], [ 13.3598, 10.1106 ], [ 13.3726, 10.1224 ], [ 13.383, 10.1178 ], [ 13.4054, 10.1276 ], [ 13.4218, 10.109 ], [ 13.4248, 10.0814 ], [ 13.4316, 10.0782 ], [ 13.5508, 10.1014 ], [ 13.5544, 10.075 ], [ 13.5882, 10.0664 ], [ 13.5942, 10.0728 ], [ 13.5792, 10.1006 ], [ 13.5826, 10.1218 ], [ 13.6152, 10.131 ], [ 13.6418, 10.1252 ], [ 13.6726, 10.1364 ], [ 13.6696, 10.1426 ], [ 13.6766, 10.149 ], [ 13.6472, 10.1716 ], [ 13.6466, 10.1864 ], [ 13.6604, 10.1844 ], [ 13.6612, 10.1916 ], [ 13.6866, 10.207 ], [ 13.6908, 10.2294 ], [ 13.7012, 10.232 ], [ 13.6934, 10.2664 ], [ 13.7428, 10.2454 ], [ 13.7426, 10.2274 ], [ 13.7652, 10.2116 ], [ 13.7362, 10.2 ], [ 13.7414, 10.1836 ], [ 13.7374, 10.1664 ], [ 13.7466, 10.1592 ], [ 13.719, 10.147 ], [ 13.7228, 10.1298 ], [ 13.738, 10.1144 ], [ 13.7212, 10.0922 ], [ 13.7432, 10.0726 ], [ 13.7122, 10.0558 ], [ 13.7208, 10.0404 ], [ 13.701, 10.0382 ], [ 13.697, 10.0302 ], [ 13.6864, 10.0318 ], [ 13.6698, 10.0214 ], [ 13.684, 10.0142 ], [ 13.6918, 9.9772 ], [ 13.7368, 9.9654 ], [ 13.7454, 9.9444 ], [ 13.7666, 9.9382 ], [ 13.7686, 9.912 ], [ 13.7904, 9.901 ], [ 13.7866, 9.8882 ], [ 13.7674, 9.8786 ], [ 13.7918, 9.8718 ], [ 13.7958, 9.8634 ], [ 13.8172, 9.854 ], [ 13.8056, 9.8114 ], [ 13.7832, 9.8102 ], [ 13.78, 9.797 ], [ 13.7518, 9.7636 ], [ 13.7418, 9.7812 ], [ 13.7278, 9.7802 ], [ 13.724, 9.7736 ], [ 13.732, 9.7612 ], [ 13.721, 9.7496 ], [ 13.7066, 9.7612 ], [ 13.672, 9.7534 ], [ 13.6498, 9.7564 ], [ 13.6114, 9.8096 ], [ 13.6088, 9.8274 ], [ 13.615, 9.8388 ], [ 13.6092, 9.8534 ], [ 13.6154, 9.87 ], [ 13.6072, 9.8814 ], [ 13.6094, 9.8996 ], [ 13.59, 9.9168 ], [ 13.5722, 9.9194 ], [ 13.547, 9.9542 ], [ 13.5254, 9.9588 ], [ 13.5026, 9.9926 ], [ 13.4042, 9.9748 ], [ 13.3844, 9.9952 ], [ 13.338, 9.9944 ], [ 13.3414, 10.0064 ], [ 13.3348, 10.0148 ], [ 13.314, 10.0128 ], [ 13.2556, 10.0344 ], [ 13.2798, 10.0452 ], [ 13.2732, 10.054 ], [ 13.2898, 10.0614 ], [ 13.2902, 10.0868 ], [ 13.298, 10.088 ], [ 13.2996, 10.0996 ], [ 13.3074, 10.0992 ] ] ] } },
{ "type": "Feature", "properties": { "district": "Mbalmayo", "region": "Centre" }, "geometry": { "type": "Polygon", "coordinates": [ [ [ 11.7806, 3.532 ], [ 11.7966, 3.5088 ], [ 11.8534, 3.5098 ], [ 11.8596, 3.5002 ], [ 11.8966, 3.5038 ], [ 11.8924, 3.4738 ], [ 11.8612, 3.4082 ], [ 11.8602, 3.3814 ], [ 11.8502, 3.3652 ], [ 11.8392, 3.3728 ], [ 11.82, 3.3632 ], [ 11.777, 3.327 ], [ 11.776, 3.3128 ], [ 11.7704, 3.3214 ], [ 11.7362, 3.3298 ], [ 11.7456, 3.2876 ], [ 11.7368, 3.2782 ], [ 11.7098, 3.277 ], [ 11.7018, 3.2582 ], [ 11.6998, 3.2004 ], [ 11.6874, 3.1892 ], [ 11.6408, 3.1876 ], [ 11.6148, 3.1678 ], [ 11.5858, 3.1616 ], [ 11.565, 3.1374 ], [ 11.5332, 3.1516 ], [ 11.5324, 3.1262 ], [ 11.515, 3.1282 ], [ 11.4996, 3.1414 ], [ 11.4788, 3.1366 ], [ 11.4586, 3.111 ], [ 11.4382, 3.1278 ], [ 11.4136, 3.1344 ], [ 11.4124, 3.1438 ], [ 11.3998, 3.1348 ], [ 11.3858, 3.1416 ], [ 11.369, 3.1356 ], [ 11.3538, 3.1468 ], [ 11.347, 3.1298 ], [ 11.3296, 3.1138 ], [ 11.2978, 3.1258 ], [ 11.297, 3.1354 ], [ 11.2868, 3.1414 ], [ 11.2402, 3.1364 ], [ 11.218, 3.1112 ], [ 11.2046, 3.1328 ], [ 11.1722, 3.1464 ], [ 11.1788, 3.1704 ], [ 11.1592, 3.1914 ], [ 11.1738, 3.1992 ], [ 11.1748, 3.2102 ], [ 11.1592, 3.2296 ], [ 11.1134, 3.2482 ], [ 11.1186, 3.2712 ], [ 11.1132, 3.2936 ], [ 11.0972, 3.3106 ], [ 11.0948, 3.336 ], [ 11.0796, 3.339 ], [ 11.0878, 3.35 ], [ 11.0826, 3.3656 ], [ 11.0676, 3.361 ], [ 11.0612, 3.3734 ], [ 11.0652, 3.39 ], [ 11.083, 3.3878 ], [ 11.113, 3.3966 ], [ 11.138, 3.4236 ], [ 11.1416, 3.438 ], [ 11.1804, 3.4512 ], [ 11.1854, 3.4416 ], [ 11.194, 3.451 ], [ 11.2284, 3.46 ], [ 11.24, 3.446 ], [ 11.2684, 3.4484 ], [ 11.2796, 3.4424 ], [ 11.307, 3.4164 ], [ 11.317, 3.4262 ], [ 11.3268, 3.4232 ], [ 11.3306, 3.4044 ], [ 11.3384, 3.407 ], [ 11.3504, 3.399 ], [ 11.3522, 3.366 ], [ 11.3614, 3.3466 ], [ 11.3778, 3.345 ], [ 11.4014, 3.3568 ], [ 11.4258, 3.3854 ], [ 11.4314, 3.3776 ], [ 11.455, 3.3732 ], [ 11.4662, 3.3976 ], [ 11.4536, 3.416 ], [ 11.4562, 3.4304 ], [ 11.446, 3.4336 ], [ 11.4464, 3.4226 ], [ 11.4322, 3.418 ], [ 11.4288, 3.4302 ], [ 11.462, 3.4696 ], [ 11.459, 3.4812 ], [ 11.4658, 3.4854 ], [ 11.4568, 3.501 ], [ 11.4682, 3.5168 ], [ 11.4538, 3.5424 ], [ 11.4564, 3.559 ], [ 11.4946, 3.5714 ], [ 11.4894, 3.5948 ], [ 11.4978, 3.5996 ], [ 11.4942, 3.6124 ], [ 11.504, 3.618 ], [ 11.5218, 3.6024 ], [ 11.5328, 3.6192 ], [ 11.5456, 3.6158 ], [ 11.5516, 3.6262 ], [ 11.5606, 3.6236 ], [ 11.5772, 3.6044 ], [ 11.5784, 3.5692 ], [ 11.602, 3.5508 ], [ 11.6246, 3.5608 ], [ 11.6604, 3.542 ], [ 11.6638, 3.556 ], [ 11.6742, 3.5564 ], [ 11.6886, 3.5258 ], [ 11.7314, 3.544 ], [ 11.74, 3.5374 ], [ 11.7554, 3.5434 ], [ 11.768, 3.533 ], [ 11.779, 3.5484 ], [ 11.7806, 3.532 ] ] ] } },
{ "type": "Feature", "properties": { "district": "Mbandjock", "region": "Centre" }, "geometry": { "type": "Polygon", "coordinates": [ [ [ 12.512, 4.4138 ], [ 12.5082, 4.377 ], [ 12.4458, 4.3396 ], [ 12.4508, 4.3164 ], [ 12.4044, 4.2896 ], [ 12.3948, 4.2648 ], [ 12.3538, 4.2682 ], [ 12.361, 4.2638 ], [ 12.355, 4.2392 ], [ 12.333, 4.2236 ], [ 12.3326, 4.2154 ], [ 12.3156, 4.208 ], [ 12.319, 4.162 ], [ 12.3012, 4.158 ], [ 12.3008, 4.1474 ], [ 12.2782, 4.1568 ], [ 12.2302, 4.146 ], [ 12.2166, 4.1192 ], [ 12.206, 4.114 ], [ 12.2158, 4.0888 ], [ 12.206, 4.0936 ], [ 12.1936, 4.0814 ], [ 12.1656, 4.0956 ], [ 12.095, 4.1014 ], [ 12.1068, 4.1298 ], [ 12.134, 4.1376 ], [ 12.1322, 4.1608 ], [ 12.1512, 4.1698 ], [ 12.132, 4.1866 ], [ 12.1382, 4.2056 ], [ 12.155, 4.2016 ], [ 12.1602, 4.2048 ], [ 12.1566, 4.2112 ], [ 12.1198, 4.2216 ], [ 12.1148, 4.2126 ], [ 12.0936, 4.209 ], [ 12.0772, 4.2188 ], [ 12.0374, 4.2136 ], [ 12.0264, 4.2344 ], [ 12.0026, 4.2438 ], [ 11.9996, 4.2564 ], [ 11.9758, 4.2784 ], [ 11.9352, 4.2528 ], [ 11.9064, 4.2654 ], [ 11.8706, 4.2618 ], [ 11.8532, 4.2678 ], [ 11.8238, 4.2846 ], [ 11.8182, 4.3188 ], [ 11.7998, 4.3388 ], [ 11.7734, 4.3406 ], [ 11.7598, 4.354 ], [ 11.7258, 4.3584 ], [ 11.7112, 4.3796 ], [ 11.7186, 4.405 ], [ 11.744, 4.4128 ], [ 11.7224, 4.4256 ], [ 11.728, 4.433 ], [ 11.72, 4.4482 ], [ 11.734, 4.468 ], [ 11.759, 4.4622 ], [ 11.7668, 4.497 ], [ 11.783, 4.491 ], [ 11.7998, 4.5028 ], [ 11.8066, 4.4916 ], [ 11.8292, 4.501 ], [ 11.8406, 4.514 ], [ 11.8888, 4.4788 ], [ 11.9132, 4.5098 ], [ 11.9308, 4.5156 ], [ 11.955, 4.5414 ], [ 11.9814, 4.5842 ], [ 12.0106, 4.5618 ], [ 12.0314, 4.5602 ], [ 12.0878, 4.5152 ], [ 12.1252, 4.5378 ], [ 12.168, 4.5894 ], [ 12.1988, 4.596 ], [ 12.2054, 4.6458 ], [ 12.2374, 4.6474 ], [ 12.2652, 4.629 ], [ 12.3258, 4.6128 ], [ 12.3314, 4.6048 ], [ 12.3092, 4.5708 ], [ 12.2814, 4.5654 ], [ 12.2568, 4.576 ], [ 12.2212, 4.57 ], [ 12.215, 4.5628 ], [ 12.2218, 4.5482 ], [ 12.2472, 4.5354 ], [ 12.2774, 4.5028 ], [ 12.2744, 4.4976 ], [ 12.2842, 4.4836 ], [ 12.2748, 4.462 ], [ 12.2624, 4.457 ], [ 12.264, 4.4388 ], [ 12.247, 4.4142 ], [ 12.2586, 4.3922 ], [ 12.2736, 4.3938 ], [ 12.2788, 4.3742 ], [ 12.3138, 4.3814 ], [ 12.3374, 4.4048 ], [ 12.3372, 4.423 ], [ 12.3728, 4.4432 ], [ 12.3778, 4.461 ], [ 12.432, 4.4492 ], [ 12.4556, 4.435 ], [ 12.4862, 4.4444 ], [ 12.4908, 4.4262 ], [ 12.512, 4.4138 ] ] ] } },
{ "type": "Feature", "properties": { "district": "Mbang", "region": "Est" }, "geometry": { "type": "Polygon", "coordinates": [ [ [ 13.9252, 3.7812 ], [ 13.9044, 3.8072 ], [ 13.8746, 3.8208 ], [ 13.8674, 3.8172 ], [ 13.857, 3.8312 ], [ 13.8072, 3.8358 ], [ 13.798, 3.8568 ], [ 13.7566, 3.8902 ], [ 13.6998, 3.8808 ], [ 13.6716, 3.8854 ], [ 13.6534, 3.9054 ], [ 13.6226, 3.9078 ], [ 13.6072, 3.9192 ], [ 13.5156, 3.9412 ], [ 13.5142, 3.9524 ], [ 13.5332, 3.96 ], [ 13.5318, 3.97 ], [ 13.544, 3.9868 ], [ 13.521, 4.0104 ], [ 13.5136, 4.0344 ], [ 13.516, 4.0434 ], [ 13.5374, 4.0424 ], [ 13.5284, 4.0756 ], [ 13.5552, 4.0802 ], [ 13.5588, 4.0934 ], [ 13.589, 4.1076 ], [ 13.5988, 4.1418 ], [ 13.63, 4.1354 ], [ 13.669, 4.1476 ], [ 13.6716, 4.169 ], [ 13.6978, 4.1696 ], [ 13.7078, 4.201 ], [ 13.7182, 4.1996 ], [ 13.7324, 4.2114 ], [ 13.7358, 4.201 ], [ 13.744, 4.2026 ], [ 13.7682, 4.1768 ], [ 13.793, 4.1716 ], [ 13.7936, 4.159 ], [ 13.802, 4.1598 ], [ 13.8076, 4.145 ], [ 13.8208, 4.1396 ], [ 13.8204, 4.1256 ], [ 13.841, 4.115 ], [ 13.8446, 4.0992 ], [ 13.8576, 4.1018 ], [ 13.8752, 4.0882 ], [ 13.892, 4.1014 ], [ 13.9282, 4.105 ], [ 13.9384, 4.1152 ], [ 13.9668, 4.1152 ], [ 13.9832, 4.1234 ], [ 13.9902, 4.1384 ], [ 14.0304, 4.1592 ], [ 14.0474, 4.1574 ], [ 14.059, 4.167 ], [ 14.0436, 4.1808 ], [ 14.0428, 4.2104 ], [ 14.0572, 4.217 ], [ 14.0626, 4.2284 ], [ 14.0996, 4.2158 ], [ 14.1164, 4.22 ], [ 14.1376, 4.209 ], [ 14.1552, 4.2222 ], [ 14.177, 4.2248 ], [ 14.1788, 4.2476 ], [ 14.2082, 4.2588 ], [ 14.238, 4.2388 ], [ 14.269, 4.2346 ], [ 14.2916, 4.2472 ], [ 14.3264, 4.241 ], [ 14.3438, 4.2252 ], [ 14.359, 4.27 ], [ 14.388, 4.3036 ], [ 14.42, 4.305 ], [ 14.4206, 4.296 ], [ 14.4316, 4.2984 ], [ 14.4352, 4.2912 ], [ 14.4542, 4.296 ], [ 14.4482, 4.2724 ], [ 14.4734, 4.2498 ], [ 14.4646, 4.2238 ], [ 14.4762, 4.2128 ], [ 14.5012, 4.2284 ], [ 14.5086, 4.2142 ], [ 14.52, 4.2218 ], [ 14.5106, 4.2282 ], [ 14.5378, 4.2322 ], [ 14.5446, 4.2434 ], [ 14.5638, 4.2396 ], [ 14.575, 4.2276 ], [ 14.5666, 4.2048 ], [ 14.5804, 4.1924 ], [ 14.5792, 4.1716 ], [ 14.5748, 4.1656 ], [ 14.5702, 4.1748 ], [ 14.5612, 4.1654 ], [ 14.5686, 4.1448 ], [ 14.5644, 4.1386 ], [ 14.5738, 4.1306 ], [ 14.556, 4.1228 ], [ 14.5444, 4.1304 ], [ 14.5514, 4.1394 ], [ 14.5416, 4.1396 ], [ 14.5296, 4.1258 ], [ 14.5386, 4.1052 ], [ 14.5184, 4.0958 ], [ 14.5312, 4.0768 ], [ 14.5262, 4.0558 ], [ 14.5328, 4.0392 ], [ 14.5158, 3.9836 ], [ 14.5284, 3.9502 ], [ 14.5488, 3.934 ], [ 14.5638, 3.9314 ], [ 14.5698, 3.9208 ], [ 14.565, 3.8702 ], [ 14.591, 3.8474 ], [ 14.5894, 3.8162 ], [ 14.598, 3.79 ], [ 14.5926, 3.7584 ], [ 14.5222, 3.759 ], [ 14.512, 3.7966 ], [ 14.4772, 3.7782 ], [ 14.4552, 3.7474 ], [ 14.4384, 3.7374 ], [ 14.424, 3.7484 ], [ 14.411, 3.7474 ], [ 14.4008, 3.761 ], [ 14.3922, 3.7564 ], [ 14.3858, 3.7654 ], [ 14.368, 3.7666 ], [ 14.3654, 3.7748 ], [ 14.3528, 3.7776 ], [ 14.3154, 3.8462 ], [ 14.2922, 3.8308 ], [ 14.2696, 3.7864 ], [ 14.259, 3.7782 ], [ 14.2258, 3.7736 ], [ 14.192, 3.7804 ], [ 14.1904, 3.7706 ], [ 14.18, 3.7664 ], [ 14.1722, 3.7822 ], [ 14.1288, 3.7912 ], [ 14.1304, 3.8244 ], [ 14.0952, 3.8068 ], [ 14.0772, 3.8058 ], [ 14.0456, 3.7814 ], [ 14.0234, 3.7812 ], [ 14.0238, 3.7638 ], [ 13.9924, 3.7672 ], [ 13.985, 3.7314 ], [ 13.9696, 3.7098 ], [ 13.9638, 3.7166 ], [ 13.9538, 3.7118 ], [ 13.9424, 3.7192 ], [ 13.9304, 3.7356 ], [ 13.9252, 3.7812 ] ] ] } },
{ "type": "Feature", "properties": { "district": "Mbanga", "region": "Littoral" }, "geometry": { "type": "Polygon", "coordinates": [ [ [ 9.5998, 4.6192 ], [ 9.603, 4.6114 ], [ 9.5896, 4.6096 ], [ 9.5902, 4.5998 ], [ 9.6088, 4.592 ], [ 9.6222, 4.5944 ], [ 9.6284, 4.5808 ], [ 9.6514, 4.5656 ], [ 9.648, 4.5494 ], [ 9.6232, 4.5312 ], [ 9.6108, 4.5068 ], [ 9.6156, 4.4966 ], [ 9.6226, 4.4996 ], [ 9.626, 4.4866 ], [ 9.662, 4.4798 ], [ 9.6656, 4.4256 ], [ 9.6396, 4.3994 ], [ 9.5992, 4.3866 ], [ 9.5898, 4.3788 ], [ 9.5922, 4.3718 ], [ 9.5538, 4.3566 ], [ 9.527, 4.3298 ], [ 9.5298, 4.2826 ], [ 9.5114, 4.1958 ], [ 9.4982, 4.2016 ], [ 9.49, 4.1936 ], [ 9.4832, 4.1992 ], [ 9.4636, 4.1876 ], [ 9.4526, 4.1906 ], [ 9.4484, 4.206 ], [ 9.4308, 4.21 ], [ 9.4186, 4.2022 ], [ 9.4108, 4.2226 ], [ 9.4168, 4.236 ], [ 9.4258, 4.237 ], [ 9.4222, 4.2728 ], [ 9.43, 4.2956 ], [ 9.437, 4.2934 ], [ 9.435, 4.302 ], [ 9.4564, 4.3174 ], [ 9.4516, 4.3386 ], [ 9.4578, 4.3418 ], [ 9.4522, 4.3482 ], [ 9.4628, 4.347 ], [ 9.4636, 4.3552 ], [ 9.4774, 4.364 ], [ 9.4758, 4.381 ], [ 9.4952, 4.3898 ], [ 9.4998, 4.4126 ], [ 9.5126, 4.4034 ], [ 9.5076, 4.4166 ], [ 9.4954, 4.4192 ], [ 9.4922, 4.4612 ], [ 9.4848, 4.4702 ], [ 9.4916, 4.4772 ], [ 9.489, 4.4846 ], [ 9.5014, 4.491 ], [ 9.489, 4.5022 ], [ 9.501, 4.5136 ], [ 9.4936, 4.526 ], [ 9.5062, 4.5324 ], [ 9.509, 4.5246 ], [ 9.5016, 4.5208 ], [ 9.5126, 4.5204 ], [ 9.5114, 4.5434 ], [ 9.536, 4.5648 ], [ 9.541, 4.5904 ], [ 9.55, 4.5886 ], [ 9.5614, 4.6128 ], [ 9.5776, 4.6248 ], [ 9.5998, 4.6192 ] ] ] } },
{ "type": "Feature", "properties": { "district": "Mbankomo", "region": "Centre" }, "geometry": { "type": "Polygon", "coordinates": [ [ [ 11.2558, 3.8602 ], [ 11.2984, 3.8684 ], [ 11.3164, 3.8786 ], [ 11.3354, 3.8762 ], [ 11.374, 3.8928 ], [ 11.385, 3.8818 ], [ 11.3782, 3.8734 ], [ 11.3864, 3.8652 ], [ 11.4014, 3.861 ], [ 11.4108, 3.8724 ], [ 11.455, 3.839 ], [ 11.4726, 3.7976 ], [ 11.4482, 3.78 ], [ 11.4466, 3.7666 ], [ 11.4396, 3.767 ], [ 11.427, 3.7492 ], [ 11.4328, 3.7326 ], [ 11.4234, 3.727 ], [ 11.4234, 3.7168 ], [ 11.4302, 3.7182 ], [ 11.4328, 3.7022 ], [ 11.445, 3.7096 ], [ 11.4504, 3.7 ], [ 11.4348, 3.691 ], [ 11.4304, 3.657 ], [ 11.425, 3.6502 ], [ 11.4078, 3.6656 ], [ 11.3692, 3.6364 ], [ 11.3784, 3.6258 ], [ 11.3486, 3.6082 ], [ 11.3374, 3.6328 ], [ 11.3536, 3.651 ], [ 11.3314, 3.6606 ], [ 11.3452, 3.6756 ], [ 11.3344, 3.6996 ], [ 11.3488, 3.7196 ], [ 11.3594, 3.721 ], [ 11.3566, 3.7346 ], [ 11.3114, 3.7112 ], [ 11.2998, 3.7274 ], [ 11.2774, 3.7296 ], [ 11.274, 3.7446 ], [ 11.2444, 3.7312 ], [ 11.2356, 3.7718 ], [ 11.2192, 3.7778 ], [ 11.216, 3.799 ], [ 11.204, 3.817 ], [ 11.215, 3.8216 ], [ 11.2256, 3.8168 ], [ 11.2596, 3.83 ], [ 11.2638, 3.8398 ], [ 11.2558, 3.8602 ] ] ] } },
{ "type": "Feature", "properties": { "district": "Mbengwi", "region": "Nord-Ouest" }, "geometry": { "type": "MultiPolygon", "coordinates": [ [ [ [ 9.7476, 5.948 ], [ 9.74765, 5.9479 ], [ 9.7476, 5.9478 ], [ 9.7476, 5.948 ] ] ], [ [ [ 9.7536, 5.9604 ], [ 9.7416, 5.971 ], [ 9.738, 5.9868 ], [ 9.753, 6.0072 ], [ 9.7618, 6.0084 ], [ 9.7646, 6.023 ], [ 9.776, 6.0236 ], [ 9.7838, 6.0344 ], [ 9.7998, 6.0228 ], [ 9.8402, 6.0336 ], [ 9.844, 6.0512 ], [ 9.8838, 6.0668 ], [ 9.8888, 6.077 ], [ 9.8832, 6.0858 ], [ 9.9068, 6.1164 ], [ 9.9066, 6.144 ], [ 9.8964, 6.1604 ], [ 9.9062, 6.17 ], [ 9.9104, 6.1636 ], [ 9.9122, 6.1692 ], [ 9.951, 6.1746 ], [ 9.9606, 6.1332 ], [ 9.9674, 6.1284 ], [ 9.981, 6.133 ], [ 9.9882, 6.1252 ], [ 9.9998, 6.138 ], [ 10.014, 6.1326 ], [ 10.0208, 6.1096 ], [ 10.048, 6.0968 ], [ 10.0388, 6.092 ], [ 10.0338, 6.0776 ], [ 10.0394, 6.04 ], [ 10.0282, 6.0302 ], [ 10.0456, 6.0008 ], [ 10.0362, 5.974 ], [ 10.0396, 5.9628 ], [ 10.0618, 5.9506 ], [ 10.0518, 5.9412 ], [ 10.0418, 5.9478 ], [ 10.034, 5.9412 ], [ 10.0338, 5.946 ], [ 10.0236, 5.9442 ], [ 10.0206, 5.956 ], [ 9.999, 5.957 ], [ 9.9788, 5.9406 ], [ 9.9572, 5.942 ], [ 9.944, 5.9238 ], [ 9.917, 5.9158 ], [ 9.9118, 5.9074 ], [ 9.8778, 5.93 ], [ 9.8678, 5.9156 ], [ 9.809, 5.9048 ], [ 9.8264, 5.8748 ], [ 9.8098, 5.8704 ], [ 9.7764, 5.9078 ], [ 9.7924, 5.9248 ], [ 9.774, 5.9244 ], [ 9.7478, 5.9482 ], [ 9.7536, 5.9604 ] ] ] ] } },
{ "type": "Feature", "properties": { "district": "Mbonge", "region": "Sud-Ouest" }, "geometry": { "type": "Polygon", "coordinates": [ [ [ 9.0874, 4.5526 ], [ 9.1046, 4.5602 ], [ 9.1148, 4.5812 ], [ 9.132, 4.5918 ], [ 9.1306, 4.599 ], [ 9.1592, 4.6096 ], [ 9.1626, 4.6184 ], [ 9.2062, 4.6306 ], [ 9.225, 4.6466 ], [ 9.2404, 4.6438 ], [ 9.2388, 4.655 ], [ 9.2494, 4.6676 ], [ 9.2396, 4.6786 ], [ 9.2552, 4.6858 ], [ 9.265, 4.678 ], [ 9.2632, 4.6686 ], [ 9.2876, 4.6602 ], [ 9.2888, 4.6476 ], [ 9.3074, 4.6408 ], [ 9.3198, 4.6232 ], [ 9.3406, 4.6194 ], [ 9.3512, 4.606 ], [ 9.3372, 4.583 ], [ 9.3332, 4.5506 ], [ 9.3134, 4.5516 ], [ 9.3192, 4.5296 ], [ 9.302, 4.5154 ], [ 9.3146, 4.4976 ], [ 9.3128, 4.4888 ], [ 9.3406, 4.4656 ], [ 9.3236, 4.4516 ], [ 9.3216, 4.4404 ], [ 9.29, 4.45 ], [ 9.252, 4.4324 ], [ 9.2546, 4.4102 ], [ 9.2372, 4.4044 ], [ 9.2108, 4.3222 ], [ 9.2286, 4.2842 ], [ 9.163, 4.1952 ], [ 9.0954, 4.2296 ], [ 9.0562, 4.2616 ], [ 9.0352, 4.2652 ], [ 9.0132, 4.2522 ], [ 8.9698, 4.2624 ], [ 8.9696, 4.271 ], [ 8.958, 4.2768 ], [ 8.9734, 4.3352 ], [ 8.9902, 4.3512 ], [ 8.99, 4.3594 ], [ 9.0036, 4.3614 ], [ 9.0142, 4.3758 ], [ 9.0048, 4.395 ], [ 8.973, 4.3996 ], [ 8.96, 4.3942 ], [ 8.9524, 4.408 ], [ 8.9138, 4.4158 ], [ 8.9074, 4.4266 ], [ 8.9136, 4.4358 ], [ 8.8982, 4.4452 ], [ 8.911, 4.4508 ], [ 8.9128, 4.4668 ], [ 8.9178, 4.459 ], [ 8.937, 4.4658 ], [ 8.9468, 4.4822 ], [ 8.9406, 4.5014 ], [ 8.9816, 4.5222 ], [ 8.9712, 4.5272 ], [ 8.9706, 4.5376 ], [ 8.9786, 4.5438 ], [ 8.9978, 4.54 ], [ 8.9998, 4.5586 ], [ 9.028, 4.5664 ], [ 9.0368, 4.5508 ], [ 9.0402, 4.556 ], [ 9.0506, 4.5508 ], [ 9.0454, 4.545 ], [ 9.0518, 4.536 ], [ 9.059, 4.5444 ], [ 9.0686, 4.5372 ], [ 9.0806, 4.5388 ], [ 9.0874, 4.5526 ] ] ] } },
{ "type": "Feature", "properties": { "district": "Mbouda", "region": "Ouest" }, "geometry": { "type": "MultiPolygon", "coordinates": [ [ [ [ 10.3206, 5.5288 ], [ 10.3206, 5.5284 ], [ 10.3202, 5.5284 ], [ 10.3206, 5.5288 ] ] ], [ [ [ 10.1578, 5.7744 ], [ 10.1632, 5.7648 ], [ 10.1752, 5.7702 ], [ 10.2038, 5.7442 ], [ 10.2408, 5.734 ], [ 10.251, 5.721 ], [ 10.2776, 5.7266 ], [ 10.2914, 5.7196 ], [ 10.294, 5.7148 ], [ 10.2772, 5.6964 ], [ 10.2828, 5.6842 ], [ 10.2664, 5.6788 ], [ 10.263, 5.6666 ], [ 10.2758, 5.6568 ], [ 10.3002, 5.6524 ], [ 10.3204, 5.6636 ], [ 10.3364, 5.661 ], [ 10.3452, 5.6716 ], [ 10.3528, 5.6624 ], [ 10.3718, 5.665 ], [ 10.3966, 5.641 ], [ 10.4216, 5.646 ], [ 10.4432, 5.6318 ], [ 10.4592, 5.6314 ], [ 10.4662, 5.6134 ], [ 10.4792, 5.6212 ], [ 10.4814, 5.6046 ], [ 10.4998, 5.6044 ], [ 10.5098, 5.5924 ], [ 10.521, 5.5942 ], [ 10.5274, 5.5818 ], [ 10.5224, 5.5772 ], [ 10.5058, 5.5878 ], [ 10.4794, 5.5862 ], [ 10.455, 5.5972 ], [ 10.4338, 5.586 ], [ 10.4124, 5.5988 ], [ 10.4032, 5.595 ], [ 10.398, 5.609 ], [ 10.3546, 5.6022 ], [ 10.3502, 5.5892 ], [ 10.3388, 5.5942 ], [ 10.3332, 5.5838 ], [ 10.335, 5.577 ], [ 10.3502, 5.5738 ], [ 10.3374, 5.5566 ], [ 10.335, 5.535 ], [ 10.311, 5.5268 ], [ 10.3096, 5.5172 ], [ 10.2984, 5.537 ], [ 10.285, 5.5344 ], [ 10.2682, 5.542 ], [ 10.2746, 5.5652 ], [ 10.2696, 5.5788 ], [ 10.242, 5.5874 ], [ 10.2498, 5.5964 ], [ 10.2394, 5.6144 ], [ 10.2454, 5.6332 ], [ 10.2198, 5.6334 ], [ 10.212, 5.642 ], [ 10.1964, 5.6332 ], [ 10.1928, 5.617 ], [ 10.169, 5.6028 ], [ 10.1462, 5.6188 ], [ 10.1556, 5.628 ], [ 10.1084, 5.653 ], [ 10.094, 5.6788 ], [ 10.0976, 5.6858 ], [ 10.0874, 5.6918 ], [ 10.0798, 5.712 ], [ 10.0884, 5.7392 ], [ 10.1024, 5.747 ], [ 10.1028, 5.7598 ], [ 10.1176, 5.7778 ], [ 10.1248, 5.7806 ], [ 10.1578, 5.7744 ] ], [ [ 10.2794, 5.7234 ], [ 10.2792, 5.7234 ], [ 10.2792, 5.7232 ], [ 10.2794, 5.7234 ] ], [ [ 10.1606, 5.7686 ], [ 10.1604, 5.7686 ], [ 10.1604, 5.7684 ], [ 10.1606, 5.7686 ] ] ] ] } },
{ "type": "Feature", "properties": { "district": "Meiganga", "region": "Adamaoua" }, "geometry": { "type": "MultiPolygon", "coordinates": [ [ [ [ 13.3956, 6.2482 ], [ 13.396, 6.2482 ], [ 13.396, 6.2478 ], [ 13.3956, 6.2482 ] ] ], [ [ [ 13.4752, 6.3172 ], [ 13.4754, 6.3174 ], [ 13.4754, 6.3172 ], [ 13.4752, 6.3172 ] ] ], [ [ [ 13.4396, 6.2904 ], [ 13.4576, 6.3004 ], [ 13.4644, 6.297 ], [ 13.4646, 6.306 ], [ 13.4658, 6.3096 ], [ 13.4756, 6.315 ], [ 13.4756, 6.3178 ], [ 13.4752, 6.318 ], [ 13.4762, 6.3234 ], [ 13.479, 6.327 ], [ 13.4786, 6.3326 ], [ 13.4974, 6.3304 ], [ 13.492, 6.3498 ], [ 13.516, 6.3686 ], [ 13.5332, 6.4098 ], [ 13.5266, 6.4358 ], [ 13.5376, 6.4414 ], [ 13.5518, 6.4678 ], [ 13.5752, 6.454 ], [ 13.5966, 6.4716 ], [ 13.6166, 6.473 ], [ 13.6402, 6.4984 ], [ 13.655, 6.5388 ], [ 13.6656, 6.5366 ], [ 13.666, 6.5278 ], [ 13.68, 6.5322 ], [ 13.6916, 6.5248 ], [ 13.7082, 6.5294 ], [ 13.711, 6.5378 ], [ 13.7308, 6.5266 ], [ 13.7396, 6.5336 ], [ 13.748, 6.5212 ], [ 13.7612, 6.5246 ], [ 13.771, 6.5408 ], [ 13.7894, 6.5406 ], [ 13.7948, 6.5676 ], [ 13.81, 6.5676 ], [ 13.808, 6.5832 ], [ 13.8274, 6.5968 ], [ 13.856, 6.5976 ], [ 13.8584, 6.6176 ], [ 13.8518, 6.6266 ], [ 13.873, 6.6326 ], [ 13.882, 6.6454 ], [ 13.9028, 6.6472 ], [ 13.9, 6.6596 ], [ 13.9082, 6.6672 ], [ 13.909, 6.6804 ], [ 13.916, 6.682 ], [ 13.9052, 6.6888 ], [ 13.8962, 6.71 ], [ 13.8842, 6.712 ], [ 13.8742, 6.7448 ], [ 13.8514, 6.7662 ], [ 13.852, 6.7904 ], [ 13.8692, 6.7854 ], [ 13.8736, 6.7966 ], [ 13.913, 6.8116 ], [ 13.933, 6.7848 ], [ 13.9736, 6.79 ], [ 13.9892, 6.7806 ], [ 13.9948, 6.7684 ], [ 14.0254, 6.7852 ], [ 14.0406, 6.7638 ], [ 14.0502, 6.7732 ], [ 14.048, 6.7792 ], [ 14.062, 6.7786 ], [ 14.0764, 6.8 ], [ 14.097, 6.7836 ], [ 14.1118, 6.8116 ], [ 14.1312, 6.7916 ], [ 14.1446, 6.7902 ], [ 14.1466, 6.8192 ], [ 14.1364, 6.8388 ], [ 14.145, 6.8428 ], [ 14.1418, 6.8606 ], [ 14.1794, 6.8774 ], [ 14.2496, 6.863 ], [ 14.2742, 6.8352 ], [ 14.32, 6.8582 ], [ 14.333, 6.8316 ], [ 14.3482, 6.8406 ], [ 14.379, 6.8282 ], [ 14.391, 6.8338 ], [ 14.3956, 6.8036 ], [ 14.4062, 6.8138 ], [ 14.4118, 6.8106 ], [ 14.4124, 6.816 ], [ 14.435, 6.8174 ], [ 14.4382, 6.823 ], [ 14.4538, 6.8156 ], [ 14.475, 6.8218 ], [ 14.4914, 6.8132 ], [ 14.518, 6.8158 ], [ 14.583, 6.847 ], [ 14.5888, 6.8152 ], [ 14.6026, 6.8042 ], [ 14.6228, 6.804 ], [ 14.6418, 6.7818 ], [ 14.6336, 6.7778 ], [ 14.6324, 6.7504 ], [ 14.613, 6.7412 ], [ 14.5932, 6.7556 ], [ 14.5784, 6.7486 ], [ 14.572, 6.7598 ], [ 14.5492, 6.7702 ], [ 14.5464, 6.7542 ], [ 14.5522, 6.7472 ], [ 14.5362, 6.7264 ], [ 14.5162, 6.7562 ], [ 14.5032, 6.7482 ], [ 14.5022, 6.7368 ], [ 14.4778, 6.7258 ], [ 14.4522, 6.734 ], [ 14.4604, 6.7176 ], [ 14.4574, 6.69 ], [ 14.437, 6.6944 ], [ 14.4268, 6.7074 ], [ 14.406, 6.6982 ], [ 14.411, 6.6666 ], [ 14.4482, 6.6178 ], [ 14.4678, 6.6026 ], [ 14.4736, 6.555 ], [ 14.5014, 6.5506 ], [ 14.514, 6.5402 ], [ 14.5208, 6.5558 ], [ 14.5408, 6.565 ], [ 14.5388, 6.5248 ], [ 14.5462, 6.5138 ], [ 14.5736, 6.4996 ], [ 14.5874, 6.4548 ], [ 14.5984, 6.4502 ], [ 14.5994, 6.4276 ], [ 14.5936, 6.4208 ], [ 14.6022, 6.4114 ], [ 14.6, 6.3956 ], [ 14.5886, 6.3838 ], [ 14.5506, 6.3636 ], [ 14.5422, 6.3542 ], [ 14.544, 6.346 ], [ 14.5398, 6.35 ], [ 14.5332, 6.3444 ], [ 14.518, 6.3228 ], [ 14.5014, 6.3186 ], [ 14.5008, 6.304 ], [ 14.4628, 6.289 ], [ 14.4608, 6.278 ], [ 14.4524, 6.2834 ], [ 14.4356, 6.2682 ], [ 14.4278, 6.2724 ], [ 14.4408, 6.2572 ], [ 14.435, 6.2554 ], [ 14.439, 6.2472 ], [ 14.4308, 6.243 ], [ 14.4304, 6.2342 ], [ 14.4196, 6.2326 ], [ 14.4214, 6.2244 ], [ 14.412, 6.2214 ], [ 14.416, 6.2174 ], [ 14.401, 6.202 ], [ 14.4082, 6.1798 ], [ 14.4212, 6.1898 ], [ 14.4382, 6.1768 ], [ 14.4326, 6.1712 ], [ 14.4398, 6.162 ], [ 14.4324, 6.163 ], [ 14.4254, 6.1468 ], [ 14.4354, 6.139 ], [ 14.4374, 6.1062 ], [ 14.424, 6.1002 ], [ 14.4204, 6.081 ], [ 14.3858, 6.092 ], [ 14.3766, 6.1132 ], [ 14.357, 6.1106 ], [ 14.3494, 6.0936 ], [ 14.3476, 6.0768 ], [ 14.3654, 6.0692 ], [ 14.3844, 6.0488 ], [ 14.39, 6.0294 ], [ 14.4062, 6.0164 ], [ 14.3818, 6.0146 ], [ 14.3796, 5.999 ], [ 14.3082, 6.0048 ], [ 14.291, 6.018 ], [ 14.266, 6.0092 ], [ 14.2536, 6.0138 ], [ 14.2188, 5.992 ], [ 14.199, 6.0022 ], [ 14.1748, 5.999 ], [ 14.1498, 6.0118 ], [ 14.1482, 6.0028 ], [ 14.1176, 5.9842 ], [ 14.1106, 6.009 ], [ 14.0888, 6.0368 ], [ 14.0738, 6.0422 ], [ 14.06, 6.0978 ], [ 14.0338, 6.099 ], [ 14.0022, 6.0638 ], [ 13.965, 6.0534 ], [ 13.9328, 6.0672 ], [ 13.932, 6.0882 ], [ 13.8554, 6.0706 ], [ 13.846, 6.0956 ], [ 13.8102, 6.0738 ], [ 13.7844, 6.0436 ], [ 13.7188, 6.045 ], [ 13.6932, 6.0008 ], [ 13.6808, 6.0002 ], [ 13.668, 6.016 ], [ 13.6588, 6.0158 ], [ 13.6452, 6.0032 ], [ 13.6158, 5.9992 ], [ 13.6046, 5.991 ], [ 13.5426, 5.9996 ], [ 13.4842, 5.9888 ], [ 13.4618, 6.0044 ], [ 13.4414, 6.0058 ], [ 13.4372, 5.9978 ], [ 13.4, 5.996 ], [ 13.393, 5.9884 ], [ 13.3812, 5.9962 ], [ 13.3536, 5.9826 ], [ 13.3476, 5.9906 ], [ 13.3614, 6.0022 ], [ 13.3736, 6.028 ], [ 13.3752, 6.057 ], [ 13.384, 6.0612 ], [ 13.3828, 6.0694 ], [ 13.3976, 6.069 ], [ 13.3946, 6.0816 ], [ 13.4002, 6.084 ], [ 13.387, 6.1066 ], [ 13.3836, 6.1024 ], [ 13.3862, 6.1102 ], [ 13.3748, 6.1124 ], [ 13.3738, 6.1288 ], [ 13.334, 6.1618 ], [ 13.3484, 6.1722 ], [ 13.352, 6.1978 ], [ 13.346, 6.204 ], [ 13.371, 6.2232 ], [ 13.3736, 6.2426 ], [ 13.3852, 6.2438 ], [ 13.3894, 6.2472 ], [ 13.3914, 6.2462 ], [ 13.3964, 6.2478 ], [ 13.418, 6.2706 ], [ 13.432, 6.2752 ], [ 13.4396, 6.2904 ] ], [ [ 13.4756, 6.3188 ], [ 13.4758, 6.3186 ], [ 13.4758, 6.3188 ], [ 13.4756, 6.3188 ] ] ], [ [ [ 13.8682, 6.7478 ], [ 13.8678, 6.7486 ], [ 13.8682, 6.7486 ], [ 13.8682, 6.7478 ] ] ], [ [ [ 14.4954, 6.8138 ], [ 14.4954, 6.814 ], [ 14.4956, 6.8138 ], [ 14.4954, 6.8138 ] ] ] ] } },
{ "type": "Feature", "properties": { "district": "Melong", "region": "Littoral" }, "geometry": { "type": "MultiPolygon", "coordinates": [ [ [ [ 9.8272, 5.2802 ], [ 9.8338, 5.2722 ], [ 9.8356, 5.2668 ], [ 9.8556, 5.255 ], [ 9.8806, 5.2538 ], [ 9.9052, 5.2816 ], [ 9.9224, 5.2768 ], [ 9.9476, 5.2846 ], [ 9.9622, 5.2716 ], [ 9.9784, 5.2698 ], [ 9.987, 5.2584 ], [ 9.9956, 5.233 ], [ 9.9922, 5.2176 ], [ 10.0044, 5.204 ], [ 10.002, 5.1918 ], [ 10.0092, 5.1846 ], [ 10.0012, 5.1688 ], [ 10.0074, 5.1502 ], [ 9.9912, 5.135 ], [ 10.01, 5.0836 ], [ 10.0062, 5.0696 ], [ 10.0718, 5.0472 ], [ 10.0732, 5.0326 ], [ 10.0644, 5.019 ], [ 10.0744, 4.9864 ], [ 10.0948, 4.963 ], [ 10.1074, 4.9584 ], [ 10.1044, 4.9472 ], [ 10.1142, 4.93 ], [ 10.1584, 4.916 ], [ 10.1724, 4.884 ], [ 10.1856, 4.8756 ], [ 10.1898, 4.8516 ], [ 10.2036, 4.846 ], [ 10.1858, 4.8034 ], [ 10.1966, 4.7976 ], [ 10.1976, 4.7808 ], [ 10.2152, 4.7672 ], [ 10.209, 4.729 ], [ 10.181, 4.7392 ], [ 10.164, 4.7264 ], [ 10.1592, 4.7312 ], [ 10.1278, 4.717 ], [ 10.1234, 4.7014 ], [ 10.1116, 4.7078 ], [ 10.094, 4.7014 ], [ 10.0074, 4.6978 ], [ 9.9936, 4.7118 ], [ 10.0052, 4.7242 ], [ 9.9876, 4.7444 ], [ 9.9656, 4.7538 ], [ 9.9798, 4.7676 ], [ 9.987, 4.7896 ], [ 9.9584, 4.801 ], [ 9.9478, 4.8288 ], [ 9.9888, 4.8456 ], [ 10.017, 4.901 ], [ 10.0116, 4.912 ], [ 10.0154, 4.9214 ], [ 9.9944, 4.9564 ], [ 9.965, 4.965 ], [ 9.9518, 4.9834 ], [ 9.9574, 4.9986 ], [ 9.9326, 5.0184 ], [ 9.9346, 5.0242 ], [ 9.8988, 5.0242 ], [ 9.8776, 5.0158 ], [ 9.871, 5.027 ], [ 9.8624, 5.0276 ], [ 9.8638, 5.0388 ], [ 9.854, 5.0532 ], [ 9.8256, 5.0646 ], [ 9.8192, 5.0992 ], [ 9.8044, 5.1252 ], [ 9.8072, 5.1476 ], [ 9.7832, 5.1758 ], [ 9.7934, 5.1952 ], [ 9.794, 5.2172 ], [ 9.7616, 5.262 ], [ 9.7714, 5.2696 ], [ 9.7768, 5.3238 ], [ 9.802, 5.3154 ], [ 9.8284, 5.2842 ], [ 9.8272, 5.2802 ] ], [ [ 9.8336, 5.2706 ], [ 9.8344, 5.2702 ], [ 9.8342, 5.2706 ], [ 9.8336, 5.2706 ] ], [ [ 9.8288, 5.2778 ], [ 9.8286, 5.2776 ], [ 9.8288, 5.2776 ], [ 9.8288, 5.2778 ] ], [ [ 9.825, 5.2844 ], [ 9.8252, 5.2842 ], [ 9.8252, 5.2844 ], [ 9.825, 5.2844 ] ] ], [ [ [ 9.8916, 5.2696 ], [ 9.892, 5.2696 ], [ 9.892, 5.2692 ], [ 9.8916, 5.2696 ] ] ] ] } },
{ "type": "Feature", "properties": { "district": "Meri", "region": "Extreme-Nord" }, "geometry": { "type": "Polygon", "coordinates": [ [ [ 14.1802, 10.6196 ], [ 14.1538, 10.622 ], [ 14.1462, 10.6396 ], [ 14.1138, 10.6278 ], [ 14.0788, 10.647 ], [ 14.0666, 10.6444 ], [ 14.031, 10.6734 ], [ 14.0366, 10.7296 ], [ 14.0496, 10.737 ], [ 14.0706, 10.7772 ], [ 14.0626, 10.7942 ], [ 14.1272, 10.779 ], [ 14.144, 10.8212 ], [ 14.181, 10.841 ], [ 14.2034, 10.8384 ], [ 14.1858, 10.8158 ], [ 14.2062, 10.78 ], [ 14.25, 10.7634 ], [ 14.2736, 10.779 ], [ 14.2958, 10.7818 ], [ 14.3094, 10.7586 ], [ 14.3122, 10.7186 ], [ 14.327, 10.7204 ], [ 14.3278, 10.6976 ], [ 14.3118, 10.6934 ], [ 14.3146, 10.6746 ], [ 14.2942, 10.6312 ], [ 14.2916, 10.6068 ], [ 14.2724, 10.623 ], [ 14.2508, 10.629 ], [ 14.251, 10.6182 ], [ 14.2386, 10.6076 ], [ 14.2228, 10.612 ], [ 14.224, 10.6014 ], [ 14.2164, 10.6008 ], [ 14.2254, 10.5882 ], [ 14.1802, 10.6196 ] ] ] } },
{ "type": "Feature", "properties": { "district": "Messamena", "region": "Est" }, "geometry": { "type": "Polygon", "coordinates": [ [ [ 13.5642, 3.3944 ], [ 13.5544, 3.3826 ], [ 13.5118, 3.3938 ], [ 13.5122, 3.3856 ], [ 13.524, 3.3732 ], [ 13.5544, 3.3634 ], [ 13.5708, 3.318 ], [ 13.5538, 3.2816 ], [ 13.5138, 3.2764 ], [ 13.534, 3.258 ], [ 13.5484, 3.2246 ], [ 13.5708, 3.219 ], [ 13.5874, 3.1962 ], [ 13.6058, 3.195 ], [ 13.6006, 3.1662 ], [ 13.6152, 3.1436 ], [ 13.6082, 3.14 ], [ 13.6112, 3.136 ], [ 13.611, 3.1264 ], [ 13.6064, 3.1198 ], [ 13.5752, 3.14 ], [ 13.5364, 3.1352 ], [ 13.5238, 3.1274 ], [ 13.5008, 3.1418 ], [ 13.46, 3.1844 ], [ 13.4454, 3.2456 ], [ 13.4244, 3.2478 ], [ 13.4086, 3.262 ], [ 13.3584, 3.242 ], [ 13.2398, 3.2536 ], [ 13.2318, 3.2456 ], [ 13.23, 3.2248 ], [ 13.215, 3.2152 ], [ 13.215, 3.2012 ], [ 13.1938, 3.206 ], [ 13.1662, 3.1936 ], [ 13.1474, 3.238 ], [ 13.1088, 3.2246 ], [ 13.0928, 3.2112 ], [ 13.0714, 3.2082 ], [ 13.0516, 3.1942 ], [ 13.0458, 3.1684 ], [ 12.999, 3.1264 ], [ 12.9688, 3.1128 ], [ 12.9474, 3.1142 ], [ 12.934, 3.1036 ], [ 12.923, 3.0742 ], [ 12.9496, 3.066 ], [ 12.9472, 3.053 ], [ 12.9056, 3.0554 ], [ 12.8878, 3.0368 ], [ 12.8628, 3.029 ], [ 12.829, 3.004 ], [ 12.8302, 3.0262 ], [ 12.8374, 3.034 ], [ 12.8118, 3.0906 ], [ 12.8206, 3.1224 ], [ 12.8116, 3.1452 ], [ 12.8124, 3.1818 ], [ 12.8006, 3.1964 ], [ 12.793, 3.234 ], [ 12.7764, 3.2602 ], [ 12.7362, 3.276 ], [ 12.727, 3.3034 ], [ 12.7346, 3.3206 ], [ 12.7272, 3.3392 ], [ 12.7312, 3.3666 ], [ 12.7256, 3.3724 ], [ 12.7322, 3.378 ], [ 12.7236, 3.398 ], [ 12.709, 3.4026 ], [ 12.7098, 3.378 ], [ 12.6988, 3.3838 ], [ 12.6934, 3.3776 ], [ 12.6866, 3.3804 ], [ 12.6822, 3.3706 ], [ 12.6754, 3.3742 ], [ 12.6804, 3.3804 ], [ 12.6758, 3.391 ], [ 12.6542, 3.4058 ], [ 12.6624, 3.4226 ], [ 12.6448, 3.419 ], [ 12.6344, 3.4264 ], [ 12.6182, 3.4034 ], [ 12.6124, 3.4108 ], [ 12.618, 3.4236 ], [ 12.6024, 3.4302 ], [ 12.6066, 3.4142 ], [ 12.5812, 3.3936 ], [ 12.5522, 3.3802 ], [ 12.5556, 3.3938 ], [ 12.5444, 3.3928 ], [ 12.551, 3.4032 ], [ 12.5504, 3.4374 ], [ 12.5242, 3.4994 ], [ 12.534, 3.511 ], [ 12.5618, 3.5086 ], [ 12.558, 3.5646 ], [ 12.5848, 3.5964 ], [ 12.5756, 3.6082 ], [ 12.6126, 3.6276 ], [ 12.6148, 3.6694 ], [ 12.5816, 3.7138 ], [ 12.58, 3.726 ], [ 12.5932, 3.7356 ], [ 12.5928, 3.757 ], [ 12.5722, 3.7556 ], [ 12.5484, 3.7748 ], [ 12.5512, 3.7942 ], [ 12.5306, 3.8028 ], [ 12.5198, 3.8236 ], [ 12.5704, 3.8504 ], [ 12.5832, 3.8302 ], [ 12.619, 3.8084 ], [ 12.634, 3.8422 ], [ 12.6518, 3.8468 ], [ 12.6594, 3.8706 ], [ 12.675, 3.8688 ], [ 12.675, 3.8782 ], [ 12.6846, 3.8846 ], [ 12.6822, 3.9164 ], [ 12.6902, 3.9388 ], [ 12.7252, 3.9452 ], [ 12.7284, 3.9616 ], [ 12.7346, 3.9546 ], [ 12.7542, 3.9614 ], [ 12.7838, 3.931 ], [ 12.804, 3.9234 ], [ 12.8336, 3.8766 ], [ 12.862, 3.8776 ], [ 12.8722, 3.9094 ], [ 12.8678, 3.9228 ], [ 12.8912, 3.9186 ], [ 12.9522, 3.869 ], [ 13.0028, 3.8616 ], [ 12.9808, 3.828 ], [ 12.9648, 3.8232 ], [ 12.9396, 3.8018 ], [ 12.958, 3.7914 ], [ 12.9924, 3.809 ], [ 13.0368, 3.8072 ], [ 13.0712, 3.8176 ], [ 13.1058, 3.7984 ], [ 13.1236, 3.8016 ], [ 13.1386, 3.7952 ], [ 13.1318, 3.7836 ], [ 13.1314, 3.7548 ], [ 13.1488, 3.7502 ], [ 13.1576, 3.7358 ], [ 13.1486, 3.692 ], [ 13.153, 3.6658 ], [ 13.1334, 3.6578 ], [ 13.1134, 3.66 ], [ 13.1214, 3.649 ], [ 13.1552, 3.6338 ], [ 13.163, 3.6208 ], [ 13.1594, 3.6056 ], [ 13.1744, 3.5926 ], [ 13.1588, 3.4824 ], [ 13.1698, 3.4616 ], [ 13.1722, 3.4268 ], [ 13.19, 3.4062 ], [ 13.2334, 3.4244 ], [ 13.3258, 3.4192 ], [ 13.3494, 3.4248 ], [ 13.3612, 3.4096 ], [ 13.3982, 3.422 ], [ 13.443, 3.4146 ], [ 13.4604, 3.4248 ], [ 13.4766, 3.4198 ], [ 13.4858, 3.426 ], [ 13.496, 3.421 ], [ 13.5216, 3.4258 ], [ 13.5642, 3.3944 ] ], [ [ 13.6096, 3.1328 ], [ 13.6096, 3.1326 ], [ 13.61, 3.1326 ], [ 13.6096, 3.1328 ] ] ] } },
{ "type": "Feature", "properties": { "district": "Meyomessala", "region": "Sud" }, "geometry": { "type": "Polygon", "coordinates": [ [ [ 12.7784, 2.941 ], [ 12.7642, 2.975 ], [ 12.7404, 2.9808 ], [ 12.7134, 2.9654 ], [ 12.6898, 2.975 ], [ 12.6674, 2.9698 ], [ 12.6662, 2.987 ], [ 12.6512, 2.9884 ], [ 12.6334, 2.9726 ], [ 12.627, 2.9918 ], [ 12.5988, 2.98 ], [ 12.5832, 2.9648 ], [ 12.5712, 2.9294 ], [ 12.5684, 2.8714 ], [ 12.5592, 2.8564 ], [ 12.5302, 2.8382 ], [ 12.4906, 2.8408 ], [ 12.4824, 2.855 ], [ 12.4576, 2.8608 ], [ 12.4326, 2.8518 ], [ 12.4136, 2.8762 ], [ 12.3854, 2.879 ], [ 12.379, 2.8876 ], [ 12.3584, 2.8598 ], [ 12.312, 2.8346 ], [ 12.2826, 2.8552 ], [ 12.2864, 2.8656 ], [ 12.2726, 2.9014 ], [ 12.2724, 2.9334 ], [ 12.2394, 2.94 ], [ 12.2216, 2.9678 ], [ 12.2028, 2.9572 ], [ 12.1922, 2.9598 ], [ 12.1778, 2.9888 ], [ 12.1722, 3.026 ], [ 12.154, 3.0056 ], [ 12.1568, 2.99 ], [ 12.148, 2.9662 ], [ 12.0894, 2.9616 ], [ 12.0674, 2.9694 ], [ 12.028, 2.9446 ], [ 12.0164, 2.961 ], [ 12.026, 2.9812 ], [ 12.0208, 3.0026 ], [ 12.0316, 3.0442 ], [ 12.028, 3.085 ], [ 12.0336, 3.1064 ], [ 12.0278, 3.1146 ], [ 12.01, 3.1126 ], [ 12.0, 3.1188 ], [ 11.9876, 3.1456 ], [ 11.9862, 3.1772 ], [ 11.9776, 3.1888 ], [ 11.9836, 3.1912 ], [ 11.9772, 3.2074 ], [ 11.9666, 3.2138 ], [ 11.9898, 3.2222 ], [ 12.006, 3.2468 ], [ 12.0316, 3.2438 ], [ 12.038, 3.2576 ], [ 12.0594, 3.264 ], [ 12.069, 3.2868 ], [ 12.0896, 3.294 ], [ 12.1374, 3.3312 ], [ 12.1248, 3.31 ], [ 12.1316, 3.305 ], [ 12.1226, 3.2992 ], [ 12.1382, 3.2876 ], [ 12.1488, 3.2908 ], [ 12.147, 3.3054 ], [ 12.163, 3.3102 ], [ 12.1504, 3.3154 ], [ 12.1552, 3.3244 ], [ 12.177, 3.317 ], [ 12.1902, 3.3272 ], [ 12.1858, 3.3092 ], [ 12.191, 3.305 ], [ 12.1948, 3.3142 ], [ 12.2032, 3.3068 ], [ 12.2042, 3.3172 ], [ 12.2166, 3.3204 ], [ 12.2132, 3.3314 ], [ 12.2298, 3.3582 ], [ 12.2136, 3.3922 ], [ 12.2184, 3.3992 ], [ 12.2348, 3.3926 ], [ 12.2258, 3.4162 ], [ 12.2496, 3.4288 ], [ 12.2436, 3.4416 ], [ 12.2542, 3.4514 ], [ 12.2558, 3.4796 ], [ 12.2696, 3.4938 ], [ 12.2924, 3.4776 ], [ 12.2942, 3.5226 ], [ 12.3046, 3.5364 ], [ 12.3314, 3.5384 ], [ 12.339, 3.5468 ], [ 12.3472, 3.5386 ], [ 12.37, 3.5646 ], [ 12.399, 3.5666 ], [ 12.4186, 3.604 ], [ 12.4352, 3.6048 ], [ 12.4326, 3.6256 ], [ 12.44, 3.654 ], [ 12.4478, 3.6528 ], [ 12.449, 3.6534 ], [ 12.4476, 3.6684 ], [ 12.458, 3.6774 ], [ 12.4776, 3.6716 ], [ 12.4984, 3.6818 ], [ 12.5278, 3.627 ], [ 12.523, 3.59 ], [ 12.5302, 3.5726 ], [ 12.525, 3.5654 ], [ 12.5556, 3.5464 ], [ 12.5616, 3.5198 ], [ 12.5618, 3.5086 ], [ 12.534, 3.511 ], [ 12.5242, 3.4994 ], [ 12.5504, 3.4374 ], [ 12.551, 3.4032 ], [ 12.5444, 3.3928 ], [ 12.5556, 3.3938 ], [ 12.5508, 3.381 ], [ 12.6058, 3.413 ], [ 12.6024, 3.4302 ], [ 12.618, 3.4236 ], [ 12.6124, 3.4108 ], [ 12.6182, 3.4034 ], [ 12.6344, 3.4264 ], [ 12.6448, 3.419 ], [ 12.6624, 3.4226 ], [ 12.6542, 3.4058 ], [ 12.6758, 3.391 ], [ 12.6804, 3.3804 ], [ 12.6754, 3.3742 ], [ 12.6822, 3.3706 ], [ 12.6866, 3.3804 ], [ 12.6934, 3.3776 ], [ 12.6988, 3.3838 ], [ 12.7072, 3.3756 ], [ 12.7088, 3.4024 ], [ 12.7216, 3.3996 ], [ 12.7322, 3.378 ], [ 12.7256, 3.3724 ], [ 12.7312, 3.3666 ], [ 12.7272, 3.3392 ], [ 12.7346, 3.3206 ], [ 12.727, 3.3034 ], [ 12.7362, 3.276 ], [ 12.7708, 3.2648 ], [ 12.793, 3.234 ], [ 12.8006, 3.1964 ], [ 12.8142, 3.173 ], [ 12.8116, 3.1452 ], [ 12.8206, 3.1224 ], [ 12.8118, 3.0906 ], [ 12.8376, 3.0316 ], [ 12.8302, 3.0262 ], [ 12.829, 3.004 ], [ 12.8022, 2.9776 ], [ 12.7918, 2.9462 ], [ 12.7784, 2.941 ] ] ] } },
{ "type": "Feature", "properties": { "district": "Mfou", "region": "Centre" }, "geometry": { "type": "Polygon", "coordinates": [ [ [ 11.6468, 3.8762 ], [ 11.6786, 3.8624 ], [ 11.6876, 3.8654 ], [ 11.709, 3.8472 ], [ 11.7212, 3.856 ], [ 11.7326, 3.8392 ], [ 11.7492, 3.8334 ], [ 11.7704, 3.833 ], [ 11.8094, 3.8462 ], [ 11.8266, 3.834 ], [ 11.8296, 3.8414 ], [ 11.8382, 3.8402 ], [ 11.8472, 3.825 ], [ 11.8784, 3.832 ], [ 11.9098, 3.8212 ], [ 11.9126, 3.8066 ], [ 11.9468, 3.7718 ], [ 11.9456, 3.759 ], [ 11.9652, 3.7356 ], [ 11.962, 3.7208 ], [ 11.975, 3.7236 ], [ 11.9836, 3.6944 ], [ 12.0062, 3.6874 ], [ 12.009, 3.676 ], [ 11.991, 3.6698 ], [ 11.9798, 3.6516 ], [ 11.9478, 3.641 ], [ 11.9574, 3.6156 ], [ 11.9368, 3.5728 ], [ 11.9206, 3.557 ], [ 11.9162, 3.5344 ], [ 11.8992, 3.5376 ], [ 11.9078, 3.5474 ], [ 11.9048, 3.5614 ], [ 11.8568, 3.572 ], [ 11.828, 3.5498 ], [ 11.8264, 3.5272 ], [ 11.8122, 3.5204 ], [ 11.8066, 3.544 ], [ 11.7926, 3.547 ], [ 11.7888, 3.5228 ], [ 11.779, 3.5484 ], [ 11.768, 3.533 ], [ 11.7554, 3.5434 ], [ 11.74, 3.5374 ], [ 11.7314, 3.544 ], [ 11.6886, 3.5258 ], [ 11.6742, 3.5564 ], [ 11.6638, 3.556 ], [ 11.6604, 3.542 ], [ 11.6246, 3.5608 ], [ 11.5996, 3.552 ], [ 11.5784, 3.5692 ], [ 11.5772, 3.6044 ], [ 11.5582, 3.6248 ], [ 11.5516, 3.6262 ], [ 11.5456, 3.6158 ], [ 11.5328, 3.6192 ], [ 11.5218, 3.6024 ], [ 11.5122, 3.6058 ], [ 11.5098, 3.6526 ], [ 11.5208, 3.662 ], [ 11.5126, 3.6724 ], [ 11.5324, 3.6808 ], [ 11.5168, 3.6998 ], [ 11.5188, 3.7312 ], [ 11.5302, 3.7346 ], [ 11.521, 3.76 ], [ 11.5304, 3.7652 ], [ 11.538, 3.8026 ], [ 11.567, 3.8344 ], [ 11.5688, 3.8514 ], [ 11.5794, 3.8622 ], [ 11.5762, 3.871 ], [ 11.589, 3.8806 ], [ 11.618, 3.8876 ], [ 11.6236, 3.877 ], [ 11.6468, 3.8762 ] ] ] } },
{ "type": "Feature", "properties": { "district": "Mifi", "region": "Ouest" }, "geometry": { "type": "Polygon", "coordinates": [ [ [ 10.398, 5.609 ], [ 10.4032, 5.595 ], [ 10.4124, 5.5988 ], [ 10.4338, 5.586 ], [ 10.455, 5.5972 ], [ 10.4794, 5.5862 ], [ 10.5058, 5.5878 ], [ 10.5224, 5.5772 ], [ 10.5344, 5.58 ], [ 10.5424, 5.5722 ], [ 10.5516, 5.5832 ], [ 10.5514, 5.568 ], [ 10.5626, 5.566 ], [ 10.571, 5.5526 ], [ 10.5652, 5.5382 ], [ 10.5742, 5.5386 ], [ 10.5644, 5.5304 ], [ 10.57, 5.5278 ], [ 10.5646, 5.5184 ], [ 10.5742, 5.5164 ], [ 10.5712, 5.51 ], [ 10.58, 5.4998 ], [ 10.5496, 5.4834 ], [ 10.5586, 5.467 ], [ 10.5334, 5.4498 ], [ 10.5244, 5.4556 ], [ 10.52, 5.4462 ], [ 10.4994, 5.4486 ], [ 10.4868, 5.4566 ], [ 10.4512, 5.4266 ], [ 10.4462, 5.4292 ], [ 10.4456, 5.422 ], [ 10.426, 5.446 ], [ 10.4204, 5.4448 ], [ 10.416, 5.4506 ], [ 10.4094, 5.449 ], [ 10.4072, 5.4498 ], [ 10.4066, 5.4506 ], [ 10.412, 5.4334 ], [ 10.403, 5.4352 ], [ 10.3994, 5.4214 ], [ 10.3902, 5.4226 ], [ 10.3742, 5.41 ], [ 10.3792, 5.4374 ], [ 10.3492, 5.442 ], [ 10.3576, 5.4454 ], [ 10.3546, 5.4562 ], [ 10.3358, 5.4612 ], [ 10.338, 5.4774 ], [ 10.333, 5.4758 ], [ 10.3184, 5.4994 ], [ 10.341, 5.5244 ], [ 10.3292, 5.5326 ], [ 10.3502, 5.5732 ], [ 10.335, 5.577 ], [ 10.3336, 5.585 ], [ 10.3388, 5.5942 ], [ 10.3502, 5.5892 ], [ 10.3542, 5.5998 ], [ 10.398, 5.609 ] ], [ [ 10.4084, 5.4496 ], [ 10.4084, 5.4498 ], [ 10.4082, 5.4498 ], [ 10.4084, 5.4496 ] ] ] } },
{ "type": "Feature", "properties": { "district": "Mindif", "region": "Extreme-Nord" }, "geometry": { "type": "MultiPolygon", "coordinates": [ [ [ [ 14.239, 10.401 ], [ 14.2518, 10.43 ], [ 14.2608, 10.4176 ], [ 14.2702, 10.424 ], [ 14.2672, 10.4406 ], [ 14.2738, 10.435 ], [ 14.2814, 10.4398 ], [ 14.2688, 10.4778 ], [ 14.29, 10.4936 ], [ 14.2624, 10.504 ], [ 14.314, 10.5396 ], [ 14.3722, 10.522 ], [ 14.4256, 10.5486 ], [ 14.4318, 10.556 ], [ 14.443, 10.5546 ], [ 14.4514, 10.5368 ], [ 14.4738, 10.5294 ], [ 14.4356, 10.5198 ], [ 14.4396, 10.508 ], [ 14.4318, 10.4946 ], [ 14.4514, 10.4738 ], [ 14.4528, 10.4608 ], [ 14.4726, 10.4496 ], [ 14.4818, 10.4502 ], [ 14.5066, 10.4908 ], [ 14.517, 10.496 ], [ 14.5544, 10.4936 ], [ 14.5542, 10.4878 ], [ 14.5408, 10.4852 ], [ 14.5434, 10.472 ], [ 14.6142, 10.4934 ], [ 14.6388, 10.4746 ], [ 14.652, 10.4764 ], [ 14.6472, 10.4558 ], [ 14.6278, 10.4406 ], [ 14.623, 10.4234 ], [ 14.6296, 10.426 ], [ 14.6338, 10.4192 ], [ 14.6426, 10.4288 ], [ 14.6576, 10.4292 ], [ 14.6408, 10.4032 ], [ 14.6392, 10.3756 ], [ 14.6042, 10.383 ], [ 14.5966, 10.3684 ], [ 14.5758, 10.3576 ], [ 14.563, 10.2868 ], [ 14.5428, 10.2686 ], [ 14.5372, 10.2482 ], [ 14.5096, 10.2508 ], [ 14.4864, 10.2698 ], [ 14.4702, 10.2466 ], [ 14.445, 10.2458 ], [ 14.4454, 10.2594 ], [ 14.4282, 10.2616 ], [ 14.4102, 10.2508 ], [ 14.4058, 10.2698 ], [ 14.3558, 10.287 ], [ 14.3528, 10.303 ], [ 14.3628, 10.327 ], [ 14.3708, 10.3994 ], [ 14.3576, 10.3954 ], [ 14.343, 10.3672 ], [ 14.2994, 10.343 ], [ 14.2756, 10.365 ], [ 14.2712, 10.391 ], [ 14.2416, 10.381 ], [ 14.239, 10.401 ] ], [ [ 14.3044, 10.5312 ], [ 14.3044, 10.5314 ], [ 14.3042, 10.5312 ], [ 14.3044, 10.5312 ] ] ], [ [ [ 14.4016, 10.5386 ], [ 14.4016, 10.5384 ], [ 14.4014, 10.5384 ], [ 14.4016, 10.5386 ] ] ] ] } },
{ "type": "Feature", "properties": { "district": "Mogode", "region": "Extreme-Nord" }, "geometry": { "type": "MultiPolygon", "coordinates": [ [ [ [ 13.5594, 10.5666 ], [ 13.5596, 10.5666 ], [ 13.5596, 10.5664 ], [ 13.5594, 10.5666 ] ] ], [ [ [ 13.5664, 10.5886 ], [ 13.5526, 10.5902 ], [ 13.5432, 10.6248 ], [ 13.5472, 10.6322 ], [ 13.561, 10.625 ], [ 13.5606, 10.6364 ], [ 13.5714, 10.651 ], [ 13.558, 10.684 ], [ 13.575, 10.691 ], [ 13.5832, 10.702 ], [ 13.5796, 10.707 ], [ 13.6004, 10.7062 ], [ 13.6268, 10.779 ], [ 13.6782, 10.7776 ], [ 13.6714, 10.7286 ], [ 13.6818, 10.718 ], [ 13.6808, 10.7062 ], [ 13.7082, 10.6892 ], [ 13.7092, 10.6958 ], [ 13.7168, 10.6894 ], [ 13.7304, 10.6934 ], [ 13.7416, 10.6696 ], [ 13.751, 10.671 ], [ 13.7572, 10.6558 ], [ 13.7692, 10.6576 ], [ 13.7804, 10.6462 ], [ 13.791, 10.6458 ], [ 13.7956, 10.632 ], [ 13.802, 10.6406 ], [ 13.8174, 10.6348 ], [ 13.809, 10.6182 ], [ 13.8054, 10.5348 ], [ 13.7802, 10.5448 ], [ 13.7398, 10.5208 ], [ 13.7242, 10.4924 ], [ 13.725, 10.4806 ], [ 13.703, 10.47 ], [ 13.6812, 10.4808 ], [ 13.6858, 10.458 ], [ 13.7012, 10.4498 ], [ 13.6934, 10.4362 ], [ 13.6954, 10.401 ], [ 13.6852, 10.3912 ], [ 13.682, 10.3724 ], [ 13.6498, 10.386 ], [ 13.6308, 10.384 ], [ 13.6288, 10.4034 ], [ 13.6166, 10.408 ], [ 13.5956, 10.4068 ], [ 13.5918, 10.414 ], [ 13.565, 10.421 ], [ 13.5572, 10.4126 ], [ 13.5326, 10.421 ], [ 13.5382, 10.452 ], [ 13.526, 10.4722 ], [ 13.5152, 10.4762 ], [ 13.5192, 10.4836 ], [ 13.5424, 10.4888 ], [ 13.5572, 10.484 ], [ 13.561, 10.5148 ], [ 13.5516, 10.5282 ], [ 13.556, 10.5394 ], [ 13.54, 10.5514 ], [ 13.5482, 10.554 ], [ 13.5594, 10.563 ], [ 13.5594, 10.5662 ], [ 13.5596, 10.5664 ], [ 13.5664, 10.5886 ] ] ] ] } },
{ "type": "Feature", "properties": { "district": "Mokolo", "region": "Extreme-Nord" }, "geometry": { "type": "Polygon", "coordinates": [ [ [ 13.7356, 11.006 ], [ 13.7926, 11.0048 ], [ 13.7802, 10.9518 ], [ 13.7918, 10.9468 ], [ 13.7796, 10.9456 ], [ 13.775, 10.9368 ], [ 13.7784, 10.9282 ], [ 13.7576, 10.8698 ], [ 13.793, 10.8738 ], [ 13.8096, 10.8572 ], [ 13.7978, 10.8352 ], [ 13.8138, 10.8286 ], [ 13.8128, 10.8044 ], [ 13.8212, 10.803 ], [ 13.8234, 10.7918 ], [ 13.8508, 10.7964 ], [ 13.8592, 10.768 ], [ 13.8712, 10.7648 ], [ 13.8752, 10.7472 ], [ 13.8908, 10.7434 ], [ 13.892, 10.7354 ], [ 13.8796, 10.724 ], [ 13.8876, 10.7026 ], [ 13.8976, 10.6938 ], [ 13.9132, 10.6962 ], [ 13.9558, 10.6302 ], [ 13.9718, 10.6518 ], [ 13.9976, 10.6524 ], [ 14.0068, 10.6702 ], [ 14.018, 10.675 ], [ 14.0666, 10.6444 ], [ 14.05, 10.601 ], [ 14.057, 10.5902 ], [ 14.0522, 10.5784 ], [ 14.0682, 10.563 ], [ 14.0828, 10.5614 ], [ 14.0748, 10.54 ], [ 14.0936, 10.542 ], [ 14.1018, 10.5062 ], [ 14.0854, 10.4816 ], [ 14.0726, 10.4846 ], [ 14.0676, 10.497 ], [ 14.0494, 10.496 ], [ 14.0474, 10.5098 ], [ 14.0384, 10.5104 ], [ 14.0306, 10.5 ], [ 14.0054, 10.51 ], [ 13.9798, 10.5384 ], [ 13.9544, 10.5358 ], [ 13.9496, 10.5414 ], [ 13.9558, 10.5682 ], [ 13.9394, 10.5688 ], [ 13.915, 10.5504 ], [ 13.903, 10.5568 ], [ 13.8912, 10.5526 ], [ 13.895, 10.5378 ], [ 13.8868, 10.5446 ], [ 13.85, 10.5362 ], [ 13.8518, 10.5558 ], [ 13.804, 10.556 ], [ 13.809, 10.6182 ], [ 13.817, 10.6358 ], [ 13.802, 10.6406 ], [ 13.7956, 10.632 ], [ 13.791, 10.6458 ], [ 13.7804, 10.6462 ], [ 13.7692, 10.6576 ], [ 13.7572, 10.6558 ], [ 13.751, 10.671 ], [ 13.7416, 10.6696 ], [ 13.7304, 10.6934 ], [ 13.7168, 10.6894 ], [ 13.7092, 10.6958 ], [ 13.7082, 10.6892 ], [ 13.6808, 10.7062 ], [ 13.6818, 10.718 ], [ 13.6714, 10.7286 ], [ 13.6782, 10.7776 ], [ 13.6276, 10.7776 ], [ 13.635, 10.807 ], [ 13.657, 10.8196 ], [ 13.6668, 10.8476 ], [ 13.6782, 10.8534 ], [ 13.677, 10.8722 ], [ 13.691, 10.8774 ], [ 13.689, 10.8898 ], [ 13.707, 10.9182 ], [ 13.709, 10.9416 ], [ 13.7014, 10.95 ], [ 13.7094, 10.9556 ], [ 13.7086, 10.9754 ], [ 13.7272, 10.9878 ], [ 13.7356, 11.006 ] ] ] } },
{ "type": "Feature", "properties": { "district": "Moloundou", "region": "Est" }, "geometry": { "type": "Polygon", "coordinates": [ [ [ 16.0538, 2.7296 ], [ 16.0618, 2.725 ], [ 16.0544, 2.7156 ], [ 16.0582, 2.7108 ], [ 16.0854, 2.7032 ], [ 16.0654, 2.6442 ], [ 16.0828, 2.5948 ], [ 16.0804, 2.5672 ], [ 16.0644, 2.526 ], [ 16.0832, 2.491 ], [ 16.0724, 2.4636 ], [ 16.1428, 2.356 ], [ 16.1468, 2.3256 ], [ 16.1686, 2.2772 ], [ 16.1594, 2.2524 ], [ 16.187, 2.2286 ], [ 16.1912, 2.216 ], [ 16.1784, 2.1984 ], [ 16.1568, 2.1914 ], [ 16.1436, 2.1766 ], [ 16.1298, 2.1988 ], [ 16.0924, 2.2024 ], [ 16.0814, 2.1926 ], [ 16.0782, 2.1306 ], [ 16.0856, 2.0896 ], [ 16.0586, 2.0672 ], [ 16.0818, 2.047 ], [ 16.0734, 2.0282 ], [ 16.053, 2.009 ], [ 16.0546, 1.9844 ], [ 16.0482, 1.9758 ], [ 16.0686, 1.9638 ], [ 16.074, 1.953 ], [ 16.0852, 1.8944 ], [ 16.1088, 1.8918 ], [ 16.1054, 1.8722 ], [ 16.1392, 1.7878 ], [ 16.1458, 1.7522 ], [ 16.1364, 1.7386 ], [ 16.1488, 1.7026 ], [ 16.1384, 1.6868 ], [ 16.1182, 1.702 ], [ 16.0926, 1.6966 ], [ 16.0822, 1.6906 ], [ 16.0746, 1.6696 ], [ 16.0584, 1.6524 ], [ 16.0288, 1.6598 ], [ 16.0198, 1.6756 ], [ 16.0244, 1.708 ], [ 16.0148, 1.719 ], [ 16.0312, 1.752 ], [ 16.028, 1.7634 ], [ 15.9592, 1.7666 ], [ 15.933, 1.78 ], [ 15.9156, 1.7804 ], [ 15.9062, 1.7976 ], [ 15.8808, 1.7856 ], [ 15.8676, 1.8294 ], [ 15.8418, 1.8322 ], [ 15.8254, 1.8504 ], [ 15.8078, 1.8542 ], [ 15.7826, 1.8902 ], [ 15.7488, 1.919 ], [ 15.7258, 1.9132 ], [ 15.7176, 1.924 ], [ 15.6862, 1.9356 ], [ 15.668, 1.9282 ], [ 15.6138, 1.9394 ], [ 15.586, 1.9538 ], [ 15.561, 1.95 ], [ 15.542, 1.9656 ], [ 15.5278, 1.9568 ], [ 15.485, 1.9838 ], [ 15.4704, 1.9716 ], [ 15.4282, 1.9602 ], [ 15.4084, 1.941 ], [ 15.3444, 1.912 ], [ 15.3328, 1.9294 ], [ 15.336, 1.9432 ], [ 15.3208, 1.9336 ], [ 15.3048, 1.9376 ], [ 15.3064, 1.9658 ], [ 15.2882, 1.99 ], [ 15.2558, 2.0106 ], [ 15.2456, 2.0078 ], [ 15.2498, 2.028 ], [ 15.2068, 2.0394 ], [ 15.174, 2.0164 ], [ 15.1616, 2.0422 ], [ 15.147, 2.0398 ], [ 15.1422, 2.012 ], [ 15.133, 2.0076 ], [ 15.118, 2.013 ], [ 15.107, 1.983 ], [ 15.0722, 1.9842 ], [ 15.072, 1.9986 ], [ 15.063, 2.0044 ], [ 15.0402, 1.9784 ], [ 15.0294, 2.0006 ], [ 15.0006, 2.0138 ], [ 14.9828, 2.037 ], [ 14.9688, 2.0078 ], [ 14.9156, 2.0 ], [ 14.889, 2.0214 ], [ 14.9086, 2.0432 ], [ 14.9114, 2.063 ], [ 14.877, 2.0738 ], [ 14.8716, 2.1114 ], [ 14.856, 2.1048 ], [ 14.8648, 2.0872 ], [ 14.8608, 2.0802 ], [ 14.8412, 2.0854 ], [ 14.8276, 2.0678 ], [ 14.8092, 2.0598 ], [ 14.7922, 2.0752 ], [ 14.7692, 2.064 ], [ 14.762, 2.0702 ], [ 14.7716, 2.084 ], [ 14.7666, 2.0994 ], [ 14.739, 2.0898 ], [ 14.735, 2.0958 ], [ 14.7476, 2.097 ], [ 14.7504, 2.1098 ], [ 14.723, 2.1278 ], [ 14.7148, 2.1226 ], [ 14.7218, 2.106 ], [ 14.6966, 2.113 ], [ 14.684, 2.1364 ], [ 14.646, 2.1318 ], [ 14.639, 2.1432 ], [ 14.646, 2.1478 ], [ 14.644, 2.1578 ], [ 14.619, 2.168 ], [ 14.6068, 2.198 ], [ 14.5844, 2.2078 ], [ 14.5812, 2.2164 ], [ 14.5616, 2.2088 ], [ 14.535, 2.226 ], [ 14.5388, 2.238 ], [ 14.542, 2.23 ], [ 14.5542, 2.2282 ], [ 14.5534, 2.2538 ], [ 14.5624, 2.2626 ], [ 14.5706, 2.2574 ], [ 14.6104, 2.2796 ], [ 14.6422, 2.2808 ], [ 14.6456, 2.2966 ], [ 14.6394, 2.3182 ], [ 14.6572, 2.3508 ], [ 14.6746, 2.3614 ], [ 14.6644, 2.3854 ], [ 14.6748, 2.4064 ], [ 14.6724, 2.425 ], [ 14.6998, 2.5178 ], [ 14.7086, 2.524 ], [ 14.691, 2.5446 ], [ 14.6602, 2.5634 ], [ 14.6536, 2.5806 ], [ 14.6368, 2.5966 ], [ 14.637, 2.6204 ], [ 14.6216, 2.6248 ], [ 14.6334, 2.6558 ], [ 14.6312, 2.6726 ], [ 14.6404, 2.6866 ], [ 14.6352, 2.7182 ], [ 14.6538, 2.73 ], [ 14.669, 2.7332 ], [ 14.6784, 2.723 ], [ 14.6876, 2.7296 ], [ 14.694, 2.723 ], [ 14.6868, 2.7192 ], [ 14.7054, 2.711 ], [ 14.7072, 2.6948 ], [ 14.7138, 2.6984 ], [ 14.7112, 2.6706 ], [ 14.7224, 2.6744 ], [ 14.7266, 2.6538 ], [ 14.7332, 2.66 ], [ 14.7396, 2.65 ], [ 14.7398, 2.6368 ], [ 14.749, 2.6454 ], [ 14.7532, 2.6328 ], [ 14.7644, 2.6342 ], [ 14.772, 2.6204 ], [ 14.7798, 2.6338 ], [ 14.799, 2.6434 ], [ 14.8468, 2.6432 ], [ 14.8478, 2.6578 ], [ 14.873, 2.6788 ], [ 14.9176, 2.6826 ], [ 14.921, 2.6954 ], [ 14.948, 2.7218 ], [ 14.9856, 2.718 ], [ 15.021, 2.6912 ], [ 15.026, 2.6968 ], [ 15.0438, 2.6954 ], [ 15.0482, 2.7052 ], [ 15.0666, 2.7098 ], [ 15.1014, 2.681 ], [ 15.1016, 2.666 ], [ 15.1138, 2.6584 ], [ 15.136, 2.6636 ], [ 15.1592, 2.6884 ], [ 15.1586, 2.6974 ], [ 15.1798, 2.7098 ], [ 15.1714, 2.7174 ], [ 15.1838, 2.7344 ], [ 15.1784, 2.743 ], [ 15.1602, 2.7416 ], [ 15.1722, 2.7606 ], [ 15.1656, 2.7716 ], [ 15.155, 2.7726 ], [ 15.1566, 2.7926 ], [ 15.1428, 2.8032 ], [ 15.1462, 2.8156 ], [ 15.1594, 2.8098 ], [ 15.1322, 2.836 ], [ 15.1314, 2.8446 ], [ 15.1376, 2.8344 ], [ 15.142, 2.8402 ], [ 15.1142, 2.882 ], [ 15.1042, 2.8868 ], [ 15.1062, 2.8982 ], [ 15.098, 2.9036 ], [ 15.1108, 2.9066 ], [ 15.118, 2.8954 ], [ 15.1078, 2.9246 ], [ 15.1138, 2.9286 ], [ 15.1408, 2.9228 ], [ 15.238, 2.929 ], [ 15.2494, 2.9 ], [ 15.2432, 2.885 ], [ 15.2524, 2.8644 ], [ 15.248, 2.8392 ], [ 15.2556, 2.8188 ], [ 15.278, 2.8208 ], [ 15.3094, 2.8594 ], [ 15.339, 2.8426 ], [ 15.3578, 2.8108 ], [ 15.3904, 2.7998 ], [ 15.4046, 2.7834 ], [ 15.4142, 2.7968 ], [ 15.4308, 2.7746 ], [ 15.4606, 2.7752 ], [ 15.4716, 2.7842 ], [ 15.4802, 2.7804 ], [ 15.491, 2.7658 ], [ 15.4918, 2.751 ], [ 15.5154, 2.7418 ], [ 15.525, 2.7306 ], [ 15.5332, 2.7392 ], [ 15.5486, 2.7384 ], [ 15.5516, 2.755 ], [ 15.5926, 2.7516 ], [ 15.6048, 2.7414 ], [ 15.6048, 2.7234 ], [ 15.6148, 2.7218 ], [ 15.6298, 2.7262 ], [ 15.6826, 2.721 ], [ 15.6856, 2.744 ], [ 15.7064, 2.742 ], [ 15.7774, 2.7178 ], [ 15.8444, 2.7178 ], [ 15.857, 2.6966 ], [ 15.9158, 2.7044 ], [ 15.923, 2.692 ], [ 15.9496, 2.6934 ], [ 15.9802, 2.7144 ], [ 15.9884, 2.7134 ], [ 15.9994, 2.6962 ], [ 16.0094, 2.6952 ], [ 16.0098, 2.706 ], [ 16.0538, 2.7296 ] ] ] } },
{ "type": "Feature", "properties": { "district": "Monatele", "region": "Centre" }, "geometry": { "type": "Polygon", "coordinates": [ [ [ 11.3704, 4.2794 ], [ 11.3764, 4.249 ], [ 11.42, 4.2286 ], [ 11.4022, 4.2096 ], [ 11.3806, 4.214 ], [ 11.3666, 4.2062 ], [ 11.3042, 4.2046 ], [ 11.2954, 4.2168 ], [ 11.2846, 4.2124 ], [ 11.2702, 4.2228 ], [ 11.254, 4.1906 ], [ 11.256, 4.1784 ], [ 11.2184, 4.16 ], [ 11.2124, 4.1728 ], [ 11.195, 4.1822 ], [ 11.1792, 4.1674 ], [ 11.1716, 4.1708 ], [ 11.1512, 4.1588 ], [ 11.1456, 4.1684 ], [ 11.1604, 4.1826 ], [ 11.1422, 4.1886 ], [ 11.1268, 4.1812 ], [ 11.1232, 4.141 ], [ 11.113, 4.1398 ], [ 11.1054, 4.1518 ], [ 11.0906, 4.1504 ], [ 11.0662, 4.1612 ], [ 11.065, 4.1744 ], [ 11.0758, 4.1824 ], [ 11.0776, 4.2142 ], [ 11.0718, 4.2224 ], [ 11.0784, 4.2356 ], [ 11.088, 4.239 ], [ 11.0988, 4.2308 ], [ 11.1284, 4.2384 ], [ 11.1402, 4.266 ], [ 11.2008, 4.28 ], [ 11.2236, 4.3088 ], [ 11.2526, 4.2968 ], [ 11.258, 4.2866 ], [ 11.2698, 4.294 ], [ 11.2704, 4.3128 ], [ 11.291, 4.3204 ], [ 11.2976, 4.3014 ], [ 11.3276, 4.2886 ], [ 11.3424, 4.2696 ], [ 11.3536, 4.2706 ], [ 11.3514, 4.2874 ], [ 11.3704, 4.2794 ] ] ] } },
{ "type": "Feature", "properties": { "district": "Mora", "region": "Extreme-Nord" }, "geometry": { "type": "Polygon", "coordinates": [ [ [ 13.9854, 10.9262 ], [ 14.0748, 10.962 ], [ 14.0718, 10.9788 ], [ 14.0834, 11.014 ], [ 14.044, 11.0236 ], [ 14.0486, 11.0388 ], [ 14.0284, 11.0584 ], [ 14.0298, 11.0818 ], [ 14.0524, 11.0982 ], [ 14.0824, 11.0952 ], [ 14.0748, 11.128 ], [ 14.0836, 11.1362 ], [ 14.088, 11.1256 ], [ 14.0926, 11.1366 ], [ 14.1018, 11.1254 ], [ 14.1082, 11.1346 ], [ 14.1186, 11.1226 ], [ 14.159, 11.1128 ], [ 14.1794, 11.1214 ], [ 14.1956, 11.1684 ], [ 14.2182, 11.1844 ], [ 14.2276, 11.1832 ], [ 14.231, 11.2126 ], [ 14.248, 11.2266 ], [ 14.2168, 11.2382 ], [ 14.2122, 11.2558 ], [ 14.2, 11.2586 ], [ 14.2184, 11.2892 ], [ 14.251, 11.3092 ], [ 14.2934, 11.3186 ], [ 14.3314, 11.339 ], [ 14.4144, 11.4044 ], [ 14.424, 11.416 ], [ 14.4134, 11.4352 ], [ 14.4414, 11.4458 ], [ 14.46, 11.4644 ], [ 14.4838, 11.467 ], [ 14.5968, 11.5188 ], [ 14.6178, 11.5384 ], [ 14.6202, 11.556 ], [ 14.6414, 11.5726 ], [ 14.6458, 11.6166 ], [ 14.6376, 11.632 ], [ 14.6404, 11.6574 ], [ 14.6082, 11.6824 ], [ 14.5996, 11.7032 ], [ 14.554, 11.7116 ], [ 14.547, 11.7246 ], [ 14.5712, 11.737 ], [ 14.575, 11.751 ], [ 14.594, 11.7568 ], [ 14.6142, 11.7794 ], [ 14.616, 11.7868 ], [ 14.6066, 11.797 ], [ 14.611, 11.8198 ], [ 14.6058, 11.8378 ], [ 14.6158, 11.8556 ], [ 14.6714, 11.839 ], [ 14.7264, 11.8464 ], [ 14.772, 11.8402 ], [ 14.8148, 11.845 ], [ 14.8508, 11.8338 ], [ 14.8514, 11.821 ], [ 14.8654, 11.802 ], [ 14.8624, 11.79 ], [ 14.8694, 11.7866 ], [ 14.8578, 11.7592 ], [ 14.8656, 11.7514 ], [ 14.856, 11.731 ], [ 14.8654, 11.7302 ], [ 14.8756, 11.7134 ], [ 14.8966, 11.7194 ], [ 14.8932, 11.7078 ], [ 14.9046, 11.7024 ], [ 14.9014, 11.671 ], [ 14.9084, 11.6614 ], [ 14.8932, 11.6562 ], [ 14.8768, 11.6352 ], [ 14.8646, 11.6348 ], [ 14.8564, 11.6228 ], [ 14.8426, 11.6242 ], [ 14.8398, 11.6188 ], [ 14.8128, 11.6252 ], [ 14.8124, 11.65 ], [ 14.7978, 11.6572 ], [ 14.7762, 11.631 ], [ 14.7914, 11.6092 ], [ 14.8148, 11.6072 ], [ 14.823, 11.586 ], [ 14.8486, 11.5708 ], [ 14.8574, 11.5728 ], [ 14.8434, 11.526 ], [ 14.8622, 11.5144 ], [ 14.8714, 11.4866 ], [ 14.8872, 11.4828 ], [ 14.9228, 11.4896 ], [ 14.9274, 11.4694 ], [ 14.9168, 11.4386 ], [ 14.9286, 11.433 ], [ 14.931, 11.422 ], [ 14.9244, 11.4068 ], [ 14.8944, 11.3938 ], [ 14.897, 11.3814 ], [ 14.8872, 11.3714 ], [ 14.8986, 11.3494 ], [ 14.8866, 11.328 ], [ 14.8748, 11.322 ], [ 14.8874, 11.3038 ], [ 14.8784, 11.2672 ], [ 14.8024, 11.1756 ], [ 14.7118, 11.0932 ], [ 14.6902, 11.0994 ], [ 14.6688, 11.122 ], [ 14.6392, 11.1358 ], [ 14.6226, 11.1322 ], [ 14.6026, 11.1104 ], [ 14.5684, 11.0916 ], [ 14.5384, 11.1022 ], [ 14.5296, 11.1184 ], [ 14.4796, 11.1634 ], [ 14.449, 11.1548 ], [ 14.418, 11.1346 ], [ 14.4258, 11.1026 ], [ 14.4086, 11.0642 ], [ 14.4284, 11.0482 ], [ 14.427, 11.0194 ], [ 14.395, 10.994 ], [ 14.3748, 10.9934 ], [ 14.364, 10.9818 ], [ 14.3624, 10.966 ], [ 14.3376, 10.9532 ], [ 14.3418, 10.9454 ], [ 14.3124, 10.9434 ], [ 14.3006, 10.951 ], [ 14.2772, 10.9478 ], [ 14.2642, 10.9386 ], [ 14.2336, 10.9406 ], [ 14.2102, 10.963 ], [ 14.2164, 11.002 ], [ 14.2114, 11.0156 ], [ 14.1626, 10.9884 ], [ 14.1318, 11.0016 ], [ 14.1094, 11.0002 ], [ 14.1146, 10.9858 ], [ 14.098, 10.993 ], [ 14.0966, 10.97 ], [ 14.0786, 10.9482 ], [ 14.0824, 10.914 ], [ 14.0648, 10.9206 ], [ 14.0622, 10.9098 ], [ 14.0416, 10.9044 ], [ 14.0286, 10.9098 ], [ 14.0214, 10.9036 ], [ 13.9854, 10.9262 ] ] ] } },
{ "type": "Feature", "properties": { "district": "Moulvoudaye", "region": "Extreme-Nord" }, "geometry": { "type": "MultiPolygon", "coordinates": [ [ [ [ 14.6634, 10.177 ], [ 14.6636, 10.177 ], [ 14.6636, 10.1768 ], [ 14.6634, 10.177 ] ] ], [ [ [ 14.5614, 10.2832 ], [ 14.5758, 10.3576 ], [ 14.5966, 10.3684 ], [ 14.6042, 10.383 ], [ 14.6392, 10.3756 ], [ 14.6408, 10.4032 ], [ 14.6576, 10.4292 ], [ 14.6426, 10.4288 ], [ 14.6338, 10.4192 ], [ 14.6296, 10.426 ], [ 14.6232, 10.4228 ], [ 14.6278, 10.4406 ], [ 14.6472, 10.4558 ], [ 14.6544, 10.4796 ], [ 14.6864, 10.4878 ], [ 14.6954, 10.4974 ], [ 14.6918, 10.5092 ], [ 14.706, 10.5144 ], [ 14.6892, 10.5276 ], [ 14.6846, 10.5416 ], [ 14.6932, 10.5474 ], [ 14.6934, 10.564 ], [ 14.6826, 10.587 ], [ 14.6724, 10.5888 ], [ 14.6748, 10.6042 ], [ 14.7068, 10.6034 ], [ 14.7248, 10.6174 ], [ 14.7196, 10.625 ], [ 14.7316, 10.6304 ], [ 14.737, 10.6422 ], [ 14.7714, 10.653 ], [ 14.7752, 10.6732 ], [ 14.766, 10.6878 ], [ 14.7764, 10.6996 ], [ 14.8384, 10.7172 ], [ 14.8482, 10.7338 ], [ 14.8764, 10.7208 ], [ 14.8848, 10.7056 ], [ 14.8776, 10.6872 ], [ 14.9038, 10.649 ], [ 14.8944, 10.6262 ], [ 14.8694, 10.6168 ], [ 14.8724, 10.5994 ], [ 14.9076, 10.5642 ], [ 14.9266, 10.5114 ], [ 14.9574, 10.4986 ], [ 14.9806, 10.4974 ], [ 14.981, 10.4812 ], [ 14.9518, 10.462 ], [ 14.9478, 10.4398 ], [ 14.9928, 10.4214 ], [ 14.9998, 10.4282 ], [ 15.0122, 10.4272 ], [ 15.0096, 10.4152 ], [ 14.9916, 10.4114 ], [ 14.9462, 10.383 ], [ 14.931, 10.3588 ], [ 14.8982, 10.3286 ], [ 14.8694, 10.3206 ], [ 14.8572, 10.3094 ], [ 14.8496, 10.3156 ], [ 14.8358, 10.308 ], [ 14.8166, 10.2782 ], [ 14.8226, 10.2634 ], [ 14.8126, 10.263 ], [ 14.8092, 10.271 ], [ 14.793, 10.2528 ], [ 14.7798, 10.2578 ], [ 14.787, 10.2366 ], [ 14.7722, 10.214 ], [ 14.76, 10.2178 ], [ 14.7448, 10.1934 ], [ 14.7104, 10.1932 ], [ 14.7014, 10.1832 ], [ 14.6922, 10.1926 ], [ 14.6826, 10.1748 ], [ 14.6694, 10.181 ], [ 14.644, 10.1754 ], [ 14.6164, 10.1812 ], [ 14.604, 10.2164 ], [ 14.612, 10.2222 ], [ 14.604, 10.2378 ], [ 14.6124, 10.2584 ], [ 14.581, 10.2654 ], [ 14.5614, 10.2832 ] ] ] ] } },
{ "type": "Feature", "properties": { "district": "Moutourwa", "region": "Extreme-Nord" }, "geometry": { "type": "MultiPolygon", "coordinates": [ [ [ [ 14.0672, 10.3642 ], [ 14.0812, 10.3584 ], [ 14.0922, 10.3644 ], [ 14.106, 10.3516 ], [ 14.1118, 10.3626 ], [ 14.1358, 10.3618 ], [ 14.1534, 10.3714 ], [ 14.1582, 10.3756 ], [ 14.158, 10.3794 ], [ 14.1648, 10.3832 ], [ 14.1658, 10.3906 ], [ 14.1812, 10.4052 ], [ 14.1828, 10.4134 ], [ 14.2074, 10.42 ], [ 14.214, 10.4314 ], [ 14.226, 10.4228 ], [ 14.2292, 10.4062 ], [ 14.2418, 10.399 ], [ 14.2416, 10.381 ], [ 14.2712, 10.391 ], [ 14.2746, 10.3674 ], [ 14.2872, 10.35 ], [ 14.244, 10.332 ], [ 14.2788, 10.3234 ], [ 14.278, 10.3104 ], [ 14.2594, 10.3014 ], [ 14.2774, 10.2992 ], [ 14.2624, 10.2572 ], [ 14.2696, 10.2214 ], [ 14.266, 10.1996 ], [ 14.2736, 10.188 ], [ 14.2598, 10.1258 ], [ 14.2192, 10.1326 ], [ 14.2154, 10.1214 ], [ 14.2288, 10.1106 ], [ 14.2042, 10.1046 ], [ 14.1904, 10.0896 ], [ 14.1564, 10.1098 ], [ 14.0872, 10.1162 ], [ 14.0768, 10.1092 ], [ 14.0674, 10.1154 ], [ 14.0598, 10.1374 ], [ 14.046, 10.141 ], [ 14.0344, 10.1638 ], [ 14.0362, 10.1768 ], [ 14.0452, 10.1762 ], [ 14.0504, 10.1936 ], [ 14.0424, 10.2352 ], [ 14.0488, 10.2394 ], [ 14.0434, 10.2914 ], [ 14.0512, 10.2952 ], [ 14.0416, 10.3084 ], [ 14.054, 10.3198 ], [ 14.0624, 10.3182 ], [ 14.064, 10.3186 ], [ 14.0618, 10.3414 ], [ 14.0542, 10.349 ], [ 14.0672, 10.3642 ] ], [ [ 14.2748, 10.3476 ], [ 14.2748, 10.3478 ], [ 14.2746, 10.3478 ], [ 14.2748, 10.3476 ] ], [ [ 14.2746, 10.348 ], [ 14.2744, 10.348 ], [ 14.2744, 10.3478 ], [ 14.2746, 10.348 ] ] ], [ [ [ 14.1574, 10.3756 ], [ 14.1576, 10.3756 ], [ 14.1576, 10.3754 ], [ 14.1574, 10.3756 ] ] ] ] } },
{ "type": "Feature", "properties": { "district": "Mozogo", "region": "Extreme-Nord" }, "geometry": { "type": "MultiPolygon", "coordinates": [ [ [ [ 13.9336, 10.935 ], [ 13.9336, 10.9352 ], [ 13.9338, 10.9352 ], [ 13.9336, 10.935 ] ] ], [ [ [ 13.7576, 10.8698 ], [ 13.7784, 10.9282 ], [ 13.775, 10.9368 ], [ 13.7796, 10.9456 ], [ 13.7918, 10.9468 ], [ 13.7802, 10.9518 ], [ 13.7964, 11.0218 ], [ 13.8088, 11.0392 ], [ 13.8148, 11.065 ], [ 13.8258, 11.0654 ], [ 13.8304, 11.0812 ], [ 13.86, 11.095 ], [ 13.8598, 11.1194 ], [ 13.8806, 11.1336 ], [ 13.8754, 11.142 ], [ 13.8852, 11.1562 ], [ 13.9002, 11.1426 ], [ 13.8954, 11.1376 ], [ 13.9068, 11.098 ], [ 13.9286, 11.0936 ], [ 13.9504, 11.1012 ], [ 13.942, 11.0632 ], [ 13.9498, 11.056 ], [ 13.9634, 11.059 ], [ 13.9462, 11.0212 ], [ 13.9564, 11.0068 ], [ 13.9738, 11.0128 ], [ 13.982, 10.9496 ], [ 13.9728, 10.9454 ], [ 13.939, 10.96 ], [ 13.9336, 10.9352 ], [ 13.928, 10.9382 ], [ 13.9254, 10.9278 ], [ 13.91, 10.9262 ], [ 13.9022, 10.9306 ], [ 13.915, 10.9418 ], [ 13.9064, 10.9512 ], [ 13.895, 10.9472 ], [ 13.8918, 10.93 ], [ 13.87, 10.9332 ], [ 13.8708, 10.9272 ], [ 13.844, 10.9192 ], [ 13.8434, 10.9054 ], [ 13.8288, 10.89 ], [ 13.7936, 10.9084 ], [ 13.7886, 10.9 ], [ 13.7986, 10.9008 ], [ 13.8044, 10.8906 ], [ 13.7908, 10.8874 ], [ 13.7932, 10.8736 ], [ 13.7576, 10.8698 ] ] ] ] } },
{ "type": "Feature", "properties": { "district": "Mundemba", "region": "Sud-Ouest" }, "geometry": { "type": "Polygon", "coordinates": [ [ [ 9.133, 5.3992 ], [ 9.1354, 5.3892 ], [ 9.1454, 5.3956 ], [ 9.1384, 5.3832 ], [ 9.1486, 5.3788 ], [ 9.1384, 5.3742 ], [ 9.1518, 5.368 ], [ 9.1402, 5.3692 ], [ 9.1396, 5.3514 ], [ 9.1436, 5.345 ], [ 9.1618, 5.3482 ], [ 9.1672, 5.3334 ], [ 9.1632, 5.314 ], [ 9.1772, 5.3142 ], [ 9.1958, 5.269 ], [ 9.2006, 5.2696 ], [ 9.1986, 5.252 ], [ 9.2134, 5.2576 ], [ 9.2264, 5.234 ], [ 9.2658, 5.2252 ], [ 9.2578, 5.2172 ], [ 9.2612, 5.202 ], [ 9.2468, 5.2026 ], [ 9.224, 5.176 ], [ 9.2328, 5.1602 ], [ 9.2366, 5.1178 ], [ 9.2328, 5.0916 ], [ 9.2206, 5.0862 ], [ 9.2282, 5.0442 ], [ 9.2196, 5.0328 ], [ 9.2474, 4.9944 ], [ 9.2438, 4.9792 ], [ 9.2538, 4.9742 ], [ 9.2558, 4.945 ], [ 9.233, 4.9104 ], [ 9.2368, 4.8824 ], [ 9.2198, 4.8662 ], [ 9.1986, 4.8606 ], [ 9.1906, 4.8816 ], [ 9.1728, 4.8866 ], [ 9.1656, 4.8808 ], [ 9.1502, 4.8902 ], [ 9.124, 4.8656 ], [ 9.098, 4.86 ], [ 9.0774, 4.8686 ], [ 9.043, 4.864 ], [ 9.0248, 4.8432 ], [ 9.0072, 4.8362 ], [ 9.012, 4.8314 ], [ 8.9912, 4.8196 ], [ 8.9858, 4.8254 ], [ 8.9816, 4.8098 ], [ 8.9364, 4.814 ], [ 8.9268, 4.8258 ], [ 8.9238, 4.8212 ], [ 8.9108, 4.8278 ], [ 8.9062, 4.851 ], [ 8.9162, 4.862 ], [ 8.9156, 4.874 ], [ 8.8734, 4.877 ], [ 8.8664, 4.871 ], [ 8.8556, 4.8804 ], [ 8.8374, 4.8688 ], [ 8.8398, 4.8548 ], [ 8.853, 4.8478 ], [ 8.8522, 4.8418 ], [ 8.844, 4.836 ], [ 8.839, 4.8452 ], [ 8.8348, 4.8392 ], [ 8.8152, 4.8452 ], [ 8.8076, 4.841 ], [ 8.8114, 4.8292 ], [ 8.7978, 4.8334 ], [ 8.8072, 4.8224 ], [ 8.7982, 4.8116 ], [ 8.7902, 4.8122 ], [ 8.7904, 4.8002 ], [ 8.7678, 4.8182 ], [ 8.7746, 4.839 ], [ 8.759, 4.9004 ], [ 8.7472, 4.9094 ], [ 8.7022, 4.8748 ], [ 8.6868, 4.8826 ], [ 8.6738, 4.8728 ], [ 8.66, 4.8848 ], [ 8.6436, 4.8738 ], [ 8.655, 4.869 ], [ 8.654, 4.8614 ], [ 8.6244, 4.8474 ], [ 8.6076, 4.8624 ], [ 8.6042, 4.8816 ], [ 8.6162, 4.901 ], [ 8.65, 4.9136 ], [ 8.6518, 4.946 ], [ 8.6688, 4.9524 ], [ 8.6672, 4.9638 ], [ 8.6812, 4.9808 ], [ 8.698, 4.9866 ], [ 8.6942, 4.9964 ], [ 8.6838, 5.0 ], [ 8.709, 5.0212 ], [ 8.7118, 5.0318 ], [ 8.7178, 5.031 ], [ 8.7274, 5.0748 ], [ 8.7422, 5.0846 ], [ 8.7494, 5.1022 ], [ 8.7826, 5.1128 ], [ 8.7974, 5.1362 ], [ 8.8194, 5.1846 ], [ 8.8128, 5.2202 ], [ 8.8156, 5.2838 ], [ 8.8356, 5.344 ], [ 8.8722, 5.35 ], [ 8.8726, 5.3212 ], [ 8.9046, 5.3044 ], [ 8.9166, 5.3136 ], [ 8.9306, 5.2834 ], [ 8.9488, 5.2708 ], [ 8.9536, 5.2868 ], [ 8.9644, 5.289 ], [ 8.9674, 5.327 ], [ 8.9748, 5.3334 ], [ 8.9694, 5.3502 ], [ 8.9814, 5.4138 ], [ 9.0146, 5.42 ], [ 9.0194, 5.4412 ], [ 9.0266, 5.4342 ], [ 9.051, 5.442 ], [ 9.0466, 5.4456 ], [ 9.0482, 5.4492 ], [ 9.0564, 5.4442 ], [ 9.0636, 5.4294 ], [ 9.0562, 5.4186 ], [ 9.065, 5.3938 ], [ 9.0942, 5.3788 ], [ 9.123, 5.379 ], [ 9.1214, 5.3922 ], [ 9.133, 5.3992 ] ] ] } },
{ "type": "Feature", "properties": { "district": "Muyuka", "region": "Sud-Ouest" }, "geometry": { "type": "Polygon", "coordinates": [ [ [ 9.29, 4.45 ], [ 9.3422, 4.4272 ], [ 9.346, 4.4008 ], [ 9.3704, 4.4132 ], [ 9.3816, 4.407 ], [ 9.3896, 4.4128 ], [ 9.3898, 4.4074 ], [ 9.4042, 4.4076 ], [ 9.419, 4.387 ], [ 9.4248, 4.391 ], [ 9.4274, 4.3792 ], [ 9.4328, 4.389 ], [ 9.4416, 4.388 ], [ 9.4514, 4.3748 ], [ 9.446, 4.367 ], [ 9.4578, 4.3418 ], [ 9.4516, 4.3386 ], [ 9.4564, 4.3174 ], [ 9.435, 4.302 ], [ 9.437, 4.2934 ], [ 9.43, 4.2956 ], [ 9.4222, 4.2728 ], [ 9.425, 4.2356 ], [ 9.4168, 4.236 ], [ 9.41, 4.2208 ], [ 9.379, 4.2106 ], [ 9.3708, 4.195 ], [ 9.3574, 4.1978 ], [ 9.3384, 4.1836 ], [ 9.3242, 4.192 ], [ 9.3314, 4.2082 ], [ 9.318, 4.2096 ], [ 9.3096, 4.2224 ], [ 9.3194, 4.2312 ], [ 9.2816, 4.2416 ], [ 9.2368, 4.2742 ], [ 9.2104, 4.3196 ], [ 9.2372, 4.4044 ], [ 9.2546, 4.4102 ], [ 9.252, 4.4324 ], [ 9.29, 4.45 ] ] ] } },
{ "type": "Feature", "properties": { "district": "Mvangan", "region": "Sud" }, "geometry": { "type": "Polygon", "coordinates": [ [ [ 11.4858, 2.8776 ], [ 11.492, 2.8532 ], [ 11.5034, 2.8594 ], [ 11.5096, 2.8534 ], [ 11.5322, 2.8552 ], [ 11.554, 2.8416 ], [ 11.59, 2.8572 ], [ 11.6356, 2.8474 ], [ 11.6586, 2.8546 ], [ 11.6776, 2.8382 ], [ 11.6764, 2.8436 ], [ 11.6928, 2.847 ], [ 11.697, 2.8586 ], [ 11.7172, 2.8716 ], [ 11.7264, 2.8482 ], [ 11.7432, 2.8518 ], [ 11.7628, 2.8426 ], [ 11.7554, 2.8238 ], [ 11.7672, 2.8134 ], [ 11.771, 2.7914 ], [ 11.7802, 2.7808 ], [ 11.7994, 2.776 ], [ 11.801, 2.7582 ], [ 11.8156, 2.7574 ], [ 11.7992, 2.7268 ], [ 11.819, 2.6786 ], [ 11.883, 2.6748 ], [ 11.9112, 2.6566 ], [ 11.893, 2.6518 ], [ 11.8888, 2.6262 ], [ 11.9146, 2.6284 ], [ 11.9388, 2.593 ], [ 11.9666, 2.5838 ], [ 11.9984, 2.5874 ], [ 12.02, 2.6108 ], [ 12.0504, 2.6066 ], [ 12.088, 2.6374 ], [ 12.1164, 2.6332 ], [ 12.1244, 2.629 ], [ 12.1286, 2.6096 ], [ 12.1152, 2.5824 ], [ 12.1606, 2.5666 ], [ 12.1662, 2.551 ], [ 12.184, 2.5402 ], [ 12.1878, 2.525 ], [ 12.1756, 2.5214 ], [ 12.1682, 2.5016 ], [ 12.1296, 2.4718 ], [ 12.1148, 2.4698 ], [ 12.1064, 2.4578 ], [ 12.0816, 2.4458 ], [ 12.0604, 2.4526 ], [ 12.029, 2.4274 ], [ 12.011, 2.4178 ], [ 12.0052, 2.4222 ], [ 11.99, 2.4018 ], [ 11.9778, 2.4006 ], [ 11.982, 2.3906 ], [ 11.9638, 2.3618 ], [ 11.9704, 2.35 ], [ 11.9404, 2.3332 ], [ 11.9492, 2.3132 ], [ 11.9324, 2.3008 ], [ 11.9354, 2.2822 ], [ 11.9212, 2.2904 ], [ 11.9118, 2.2804 ], [ 11.869, 2.2848 ], [ 11.8654, 2.2714 ], [ 11.8552, 2.2732 ], [ 11.8544, 2.2814 ], [ 11.841, 2.276 ], [ 11.8282, 2.285 ], [ 11.8228, 2.2742 ], [ 11.7934, 2.2812 ], [ 11.7854, 2.2712 ], [ 11.7512, 2.2728 ], [ 11.7528, 2.285 ], [ 11.7488, 2.2772 ], [ 11.744, 2.2868 ], [ 11.7466, 2.2976 ], [ 11.7318, 2.2936 ], [ 11.723, 2.3022 ], [ 11.7108, 2.3012 ], [ 11.7026, 2.319 ], [ 11.6688, 2.3148 ], [ 11.6658, 2.3196 ], [ 11.671, 2.3402 ], [ 11.6654, 2.3482 ], [ 11.6908, 2.3984 ], [ 11.71, 2.4728 ], [ 11.7276, 2.5706 ], [ 11.7192, 2.5884 ], [ 11.6752, 2.6108 ], [ 11.617, 2.6134 ], [ 11.5856, 2.622 ], [ 11.553, 2.6146 ], [ 11.5094, 2.6254 ], [ 11.5022, 2.6128 ], [ 11.467, 2.6078 ], [ 11.439, 2.6372 ], [ 11.3718, 2.6678 ], [ 11.3584, 2.6926 ], [ 11.3562, 2.7166 ], [ 11.346, 2.7266 ], [ 11.3262, 2.731 ], [ 11.3114, 2.7478 ], [ 11.3238, 2.7942 ], [ 11.3538, 2.7868 ], [ 11.4026, 2.825 ], [ 11.4402, 2.829 ], [ 11.465, 2.8566 ], [ 11.4568, 2.8644 ], [ 11.4858, 2.8776 ] ] ] } },
{ "type": "Feature", "properties": { "district": "Mvog-Ada", "region": "Centre" }, "geometry": { "type": "Polygon", "coordinates": [ [ [ 11.5684, 3.9326 ], [ 11.5742, 3.9106 ], [ 11.5704, 3.8766 ], [ 11.551, 3.8792 ], [ 11.5502, 3.8728 ], [ 11.5214, 3.8576 ], [ 11.5394, 3.9028 ], [ 11.5364, 3.9286 ], [ 11.5684, 3.9326 ] ] ] } },
{ "type": "Feature", "properties": { "district": "Nanga Eboko", "region": "Centre" }, "geometry": { "type": "Polygon", "coordinates": [ [ [ 12.8092, 5.2798 ], [ 12.9002, 5.2166 ], [ 12.9042, 5.202 ], [ 12.9336, 5.1956 ], [ 12.9698, 5.166 ], [ 12.9704, 5.1284 ], [ 12.9886, 5.1304 ], [ 13.0302, 5.1124 ], [ 13.046, 5.0812 ], [ 13.058, 5.078 ], [ 13.0592, 5.0354 ], [ 13.0182, 4.9564 ], [ 13.0432, 4.9526 ], [ 13.0656, 4.9312 ], [ 13.0976, 4.927 ], [ 13.1186, 4.9318 ], [ 13.162, 4.9242 ], [ 13.1726, 4.9148 ], [ 13.1858, 4.9176 ], [ 13.1948, 4.8646 ], [ 13.2064, 4.8612 ], [ 13.198, 4.854 ], [ 13.1992, 4.842 ], [ 13.2092, 4.8462 ], [ 13.2102, 4.8368 ], [ 13.2232, 4.8362 ], [ 13.231, 4.8212 ], [ 13.2392, 4.819 ], [ 13.2358, 4.7998 ], [ 13.2424, 4.7896 ], [ 13.2318, 4.7806 ], [ 13.2442, 4.7868 ], [ 13.247, 4.7774 ], [ 13.236, 4.7694 ], [ 13.2386, 4.7626 ], [ 13.2376, 4.7606 ], [ 13.2292, 4.7676 ], [ 13.223, 4.7586 ], [ 13.222, 4.7274 ], [ 13.2348, 4.7112 ], [ 13.2186, 4.7024 ], [ 13.2284, 4.6878 ], [ 13.2214, 4.6734 ], [ 13.2306, 4.6544 ], [ 13.207, 4.6028 ], [ 13.2124, 4.5796 ], [ 13.2052, 4.5618 ], [ 13.2108, 4.55 ], [ 13.1712, 4.5536 ], [ 13.1306, 4.5452 ], [ 13.0892, 4.5616 ], [ 13.0756, 4.583 ], [ 13.0578, 4.5942 ], [ 13.046, 4.5926 ], [ 13.0116, 4.6086 ], [ 13.0044, 4.5948 ], [ 12.9788, 4.5914 ], [ 12.978, 4.5676 ], [ 12.9532, 4.5826 ], [ 12.9256, 4.581 ], [ 12.8812, 4.5526 ], [ 12.792, 4.5182 ], [ 12.7912, 4.5028 ], [ 12.8162, 4.4622 ], [ 12.813, 4.4494 ], [ 12.8322, 4.4298 ], [ 12.8218, 4.4156 ], [ 12.8402, 4.3934 ], [ 12.8454, 4.3608 ], [ 12.8256, 4.3656 ], [ 12.8098, 4.3418 ], [ 12.7612, 4.3326 ], [ 12.7562, 4.3474 ], [ 12.728, 4.347 ], [ 12.7032, 4.3626 ], [ 12.6464, 4.298 ], [ 12.6438, 4.331 ], [ 12.656, 4.355 ], [ 12.6356, 4.356 ], [ 12.6136, 4.3674 ], [ 12.5892, 4.3558 ], [ 12.5708, 4.3586 ], [ 12.5592, 4.3638 ], [ 12.536, 4.3962 ], [ 12.5118, 4.3872 ], [ 12.512, 4.4138 ], [ 12.4908, 4.4262 ], [ 12.4858, 4.4446 ], [ 12.4556, 4.435 ], [ 12.432, 4.4492 ], [ 12.3778, 4.461 ], [ 12.3728, 4.4432 ], [ 12.3372, 4.423 ], [ 12.341, 4.4126 ], [ 12.3298, 4.4028 ], [ 12.3296, 4.3924 ], [ 12.3086, 4.379 ], [ 12.2774, 4.3752 ], [ 12.2742, 4.3932 ], [ 12.2596, 4.3914 ], [ 12.247, 4.4142 ], [ 12.264, 4.4388 ], [ 12.2624, 4.457 ], [ 12.2748, 4.462 ], [ 12.2842, 4.4836 ], [ 12.2744, 4.4976 ], [ 12.2774, 4.5028 ], [ 12.2142, 4.5594 ], [ 12.2212, 4.57 ], [ 12.2568, 4.576 ], [ 12.2814, 4.5654 ], [ 12.3092, 4.5708 ], [ 12.3314, 4.6048 ], [ 12.3258, 4.6128 ], [ 12.2652, 4.629 ], [ 12.2408, 4.6474 ], [ 12.2054, 4.6458 ], [ 12.1988, 4.596 ], [ 12.168, 4.5894 ], [ 12.1252, 4.5378 ], [ 12.0878, 4.5152 ], [ 12.0314, 4.5602 ], [ 12.0106, 4.5618 ], [ 11.9814, 4.5842 ], [ 11.9308, 4.5156 ], [ 11.9124, 4.509 ], [ 11.903, 4.518 ], [ 11.9108, 4.5394 ], [ 11.9036, 4.5518 ], [ 11.8978, 4.5448 ], [ 11.892, 4.5692 ], [ 11.9066, 4.5786 ], [ 11.9162, 4.5742 ], [ 11.9212, 4.5884 ], [ 11.9332, 4.5872 ], [ 11.9194, 4.6052 ], [ 11.9272, 4.609 ], [ 11.9238, 4.6202 ], [ 11.929, 4.6268 ], [ 11.9208, 4.6348 ], [ 11.9476, 4.6312 ], [ 11.9502, 4.6398 ], [ 11.9388, 4.6446 ], [ 11.9342, 4.6578 ], [ 11.9492, 4.6564 ], [ 11.9558, 4.6626 ], [ 11.9696, 4.6566 ], [ 11.9832, 4.6654 ], [ 11.9758, 4.6726 ], [ 11.9612, 4.666 ], [ 11.9634, 4.678 ], [ 11.9718, 4.679 ], [ 11.9606, 4.6894 ], [ 11.9838, 4.6902 ], [ 11.9872, 4.699 ], [ 11.9778, 4.7054 ], [ 11.9714, 4.7008 ], [ 11.9662, 4.7216 ], [ 11.9824, 4.723 ], [ 12.0016, 4.737 ], [ 11.9976, 4.7416 ], [ 11.9828, 4.7344 ], [ 11.9804, 4.7436 ], [ 11.9874, 4.7434 ], [ 11.9842, 4.7508 ], [ 11.9912, 4.7566 ], [ 11.9832, 4.7664 ], [ 12.0008, 4.7694 ], [ 11.9914, 4.7752 ], [ 12.001, 4.8156 ], [ 11.9892, 4.819 ], [ 11.9854, 4.8292 ], [ 11.9936, 4.8252 ], [ 12.0018, 4.8326 ], [ 11.9936, 4.846 ], [ 11.9976, 4.8604 ], [ 12.0098, 4.8518 ], [ 12.0214, 4.856 ], [ 12.0238, 4.8438 ], [ 12.0656, 4.8646 ], [ 12.0892, 4.8464 ], [ 12.097, 4.8546 ], [ 12.103, 4.8504 ], [ 12.1076, 4.8596 ], [ 12.115, 4.8574 ], [ 12.1482, 4.8912 ], [ 12.175, 4.8924 ], [ 12.1834, 4.9016 ], [ 12.2248, 4.8988 ], [ 12.2434, 4.9152 ], [ 12.2826, 4.9152 ], [ 12.3122, 4.9434 ], [ 12.3244, 4.9988 ], [ 12.3556, 5.0604 ], [ 12.3932, 5.0992 ], [ 12.4244, 5.1196 ], [ 12.431, 5.1148 ], [ 12.4298, 5.0946 ], [ 12.4372, 5.0926 ], [ 12.4628, 5.1558 ], [ 12.4726, 5.1668 ], [ 12.4884, 5.1676 ], [ 12.4962, 5.1906 ], [ 12.5186, 5.2152 ], [ 12.5146, 5.22 ], [ 12.5276, 5.2256 ], [ 12.5816, 5.2152 ], [ 12.631, 5.2208 ], [ 12.6672, 5.236 ], [ 12.6868, 5.2332 ], [ 12.6956, 5.2412 ], [ 12.7204, 5.2412 ], [ 12.7474, 5.2702 ], [ 12.762, 5.2752 ], [ 12.7762, 5.2702 ], [ 12.7928, 5.2828 ], [ 12.8092, 5.2798 ] ] ] } },
{ "type": "Feature", "properties": { "district": "Ndelele", "region": "Est" }, "geometry": { "type": "Polygon", "coordinates": [ [ [ 14.759, 4.2636 ], [ 14.7616, 4.3162 ], [ 14.785, 4.3278 ], [ 14.8014, 4.3172 ], [ 14.8172, 4.3664 ], [ 14.8388, 4.3962 ], [ 14.8602, 4.3934 ], [ 14.869, 4.4062 ], [ 14.8926, 4.4098 ], [ 14.9052, 4.4352 ], [ 14.9356, 4.4502 ], [ 14.9434, 4.4494 ], [ 14.943, 4.4384 ], [ 14.9676, 4.4396 ], [ 14.9804, 4.4364 ], [ 14.9814, 4.426 ], [ 15.0076, 4.4244 ], [ 15.0176, 4.398 ], [ 15.014, 4.3896 ], [ 15.0258, 4.368 ], [ 15.0356, 4.375 ], [ 15.041, 4.3696 ], [ 15.0382, 4.358 ], [ 15.0576, 4.3414 ], [ 15.0708, 4.3144 ], [ 15.0786, 4.3158 ], [ 15.0908, 4.291 ], [ 15.0856, 4.2692 ], [ 15.0956, 4.2636 ], [ 15.0904, 4.2548 ], [ 15.0942, 4.2456 ], [ 15.0876, 4.2424 ], [ 15.1014, 4.2196 ], [ 15.094, 4.211 ], [ 15.1004, 4.2002 ], [ 15.099, 4.1802 ], [ 15.1078, 4.179 ], [ 15.1032, 4.1756 ], [ 15.1076, 4.155 ], [ 15.0992, 4.1402 ], [ 15.1078, 4.1208 ], [ 15.1178, 4.1206 ], [ 15.1202, 4.1112 ], [ 15.1316, 4.107 ], [ 15.1434, 4.0686 ], [ 15.1694, 4.0728 ], [ 15.1782, 4.058 ], [ 15.1346, 4.0364 ], [ 15.09, 4.0298 ], [ 15.0678, 4.015 ], [ 15.0576, 4.016 ], [ 15.032, 3.9496 ], [ 14.9938, 3.9144 ], [ 14.973, 3.9092 ], [ 14.9658, 3.8976 ], [ 14.9224, 3.9 ], [ 14.9042, 3.8916 ], [ 14.8872, 3.8586 ], [ 14.8644, 3.8448 ], [ 14.8668, 3.8294 ], [ 14.8576, 3.812 ], [ 14.8374, 3.7948 ], [ 14.8162, 3.761 ], [ 14.8032, 3.792 ], [ 14.7758, 3.8244 ], [ 14.7096, 3.8326 ], [ 14.6916, 3.851 ], [ 14.661, 3.8446 ], [ 14.6256, 3.8504 ], [ 14.6116, 3.839 ], [ 14.5914, 3.8372 ], [ 14.5894, 3.852 ], [ 14.565, 3.8702 ], [ 14.5682, 3.925 ], [ 14.5284, 3.9502 ], [ 14.5158, 3.9836 ], [ 14.5328, 4.0392 ], [ 14.5262, 4.0558 ], [ 14.5312, 4.0768 ], [ 14.5184, 4.0958 ], [ 14.5386, 4.1052 ], [ 14.5296, 4.1258 ], [ 14.5416, 4.1396 ], [ 14.5514, 4.1394 ], [ 14.5444, 4.1304 ], [ 14.556, 4.1228 ], [ 14.5738, 4.1306 ], [ 14.5644, 4.1386 ], [ 14.5686, 4.1448 ], [ 14.5612, 4.1654 ], [ 14.5702, 4.1748 ], [ 14.5748, 4.1656 ], [ 14.5792, 4.1716 ], [ 14.5804, 4.1924 ], [ 14.5666, 4.2048 ], [ 14.5768, 4.2332 ], [ 14.6156, 4.2606 ], [ 14.6408, 4.2288 ], [ 14.646, 4.2488 ], [ 14.6794, 4.2356 ], [ 14.692, 4.2434 ], [ 14.7092, 4.239 ], [ 14.7168, 4.222 ], [ 14.733, 4.2194 ], [ 14.7428, 4.2324 ], [ 14.7704, 4.2328 ], [ 14.759, 4.2636 ] ] ] } },
{ "type": "Feature", "properties": { "district": "Ndikinimeki", "region": "Centre" }, "geometry": { "type": "Polygon", "coordinates": [ [ [ 10.785, 5.0198 ], [ 10.7874, 5.014 ], [ 10.7962, 5.0158 ], [ 10.7982, 5.013 ], [ 10.804, 5.014 ], [ 10.8122, 5.0088 ], [ 10.8156, 4.9986 ], [ 10.8054, 4.986 ], [ 10.8146, 4.985 ], [ 10.8212, 4.9708 ], [ 10.8336, 4.9692 ], [ 10.8346, 4.9782 ], [ 10.8424, 4.9722 ], [ 10.8522, 4.9766 ], [ 10.8534, 4.9562 ], [ 10.8446, 4.9566 ], [ 10.8442, 4.955 ], [ 10.8654, 4.94 ], [ 10.9962, 4.9126 ], [ 10.9854, 4.8934 ], [ 10.9888, 4.8884 ], [ 10.9612, 4.8538 ], [ 10.9562, 4.8296 ], [ 10.9698, 4.8066 ], [ 11.0034, 4.8198 ], [ 11.0034, 4.797 ], [ 10.9994, 4.7904 ], [ 10.9928, 4.793 ], [ 10.9926, 4.7822 ], [ 11.0038, 4.7718 ], [ 10.9848, 4.7606 ], [ 10.9896, 4.738 ], [ 10.9832, 4.7196 ], [ 11.0064, 4.7114 ], [ 11.0008, 4.6968 ], [ 11.017, 4.6754 ], [ 11.0088, 4.635 ], [ 11.0172, 4.6184 ], [ 11.0274, 4.6154 ], [ 11.0292, 4.6 ], [ 11.038, 4.5998 ], [ 11.0226, 4.5674 ], [ 11.0234, 4.552 ], [ 11.041, 4.5274 ], [ 10.9936, 4.5334 ], [ 10.9302, 4.524 ], [ 10.914, 4.5346 ], [ 10.9192, 4.5858 ], [ 10.9122, 4.5952 ], [ 10.8872, 4.5992 ], [ 10.877, 4.581 ], [ 10.8318, 4.6116 ], [ 10.8134, 4.6126 ], [ 10.7812, 4.6044 ], [ 10.7766, 4.5456 ], [ 10.7816, 4.5372 ], [ 10.7766, 4.5294 ], [ 10.786, 4.5104 ], [ 10.7764, 4.4974 ], [ 10.7306, 4.4908 ], [ 10.7218, 4.5054 ], [ 10.6676, 4.5048 ], [ 10.6606, 4.4782 ], [ 10.6414, 4.486 ], [ 10.6386, 4.4622 ], [ 10.5878, 4.4362 ], [ 10.5876, 4.4506 ], [ 10.5288, 4.4554 ], [ 10.5242, 4.463 ], [ 10.5066, 4.467 ], [ 10.4906, 4.463 ], [ 10.4782, 4.4472 ], [ 10.4656, 4.463 ], [ 10.472, 4.4804 ], [ 10.4508, 4.4894 ], [ 10.4386, 4.489 ], [ 10.428, 4.4748 ], [ 10.3948, 4.4764 ], [ 10.3862, 4.5 ], [ 10.3788, 4.5024 ], [ 10.3862, 4.5484 ], [ 10.4182, 4.6082 ], [ 10.4348, 4.6176 ], [ 10.4566, 4.6486 ], [ 10.47, 4.6474 ], [ 10.4726, 4.6736 ], [ 10.483, 4.682 ], [ 10.4804, 4.6872 ], [ 10.4938, 4.6936 ], [ 10.4968, 4.7094 ], [ 10.4808, 4.739 ], [ 10.4622, 4.7474 ], [ 10.4438, 4.7704 ], [ 10.4188, 4.7864 ], [ 10.4246, 4.8072 ], [ 10.455, 4.839 ], [ 10.4778, 4.8514 ], [ 10.4884, 4.8814 ], [ 10.5188, 4.8982 ], [ 10.5928, 4.8802 ], [ 10.598, 4.8664 ], [ 10.6456, 4.921 ], [ 10.6562, 4.9254 ], [ 10.6682, 4.9172 ], [ 10.6844, 4.9538 ], [ 10.719, 4.955 ], [ 10.7482, 5.0058 ], [ 10.764, 5.0162 ], [ 10.785, 5.0198 ] ], [ [ 10.804, 5.0134 ], [ 10.8038, 5.0134 ], [ 10.8036, 5.0132 ], [ 10.804, 5.0134 ] ], [ [ 10.7872, 5.0142 ], [ 10.787, 5.0144 ], [ 10.787, 5.0142 ], [ 10.7872, 5.0142 ] ] ] } },
{ "type": "Feature", "properties": { "district": "Ndom", "region": "Littoral" }, "geometry": { "type": "Polygon", "coordinates": [ [ [ 10.7942, 4.092 ], [ 10.8006, 4.138 ], [ 10.7898, 4.1778 ], [ 10.8114, 4.183 ], [ 10.807, 4.2224 ], [ 10.7946, 4.2288 ], [ 10.788, 4.2608 ], [ 10.7682, 4.2476 ], [ 10.7596, 4.283 ], [ 10.7666, 4.2948 ], [ 10.7574, 4.3048 ], [ 10.7522, 4.3436 ], [ 10.7386, 4.3526 ], [ 10.7414, 4.3726 ], [ 10.7164, 4.3766 ], [ 10.708, 4.3908 ], [ 10.7224, 4.3978 ], [ 10.7384, 4.3924 ], [ 10.7616, 4.398 ], [ 10.7482, 4.4518 ], [ 10.7304, 4.4904 ], [ 10.7764, 4.4974 ], [ 10.7852, 4.5078 ], [ 10.7766, 4.5294 ], [ 10.7818, 4.6056 ], [ 10.8284, 4.6122 ], [ 10.877, 4.581 ], [ 10.8872, 4.5992 ], [ 10.909, 4.5966 ], [ 10.9186, 4.5882 ], [ 10.9138, 4.5286 ], [ 10.9074, 4.51 ], [ 10.8936, 4.501 ], [ 10.8916, 4.479 ], [ 10.9088, 4.478 ], [ 10.9254, 4.4584 ], [ 10.9198, 4.4362 ], [ 10.9402, 4.421 ], [ 10.9352, 4.4096 ], [ 10.9468, 4.3814 ], [ 10.9692, 4.3788 ], [ 10.977, 4.3592 ], [ 10.9714, 4.3384 ], [ 10.9972, 4.3166 ], [ 10.9984, 4.3084 ], [ 11.012, 4.3078 ], [ 11.0182, 4.283 ], [ 11.039, 4.2738 ], [ 11.035, 4.2622 ], [ 11.044, 4.2486 ], [ 11.0656, 4.245 ], [ 11.0766, 4.2336 ], [ 11.0718, 4.2224 ], [ 11.0776, 4.2142 ], [ 11.0758, 4.1824 ], [ 11.049, 4.17 ], [ 11.0154, 4.1686 ], [ 10.9798, 4.1418 ], [ 10.9166, 4.1174 ], [ 10.8836, 4.1238 ], [ 10.8466, 4.1202 ], [ 10.835, 4.099 ], [ 10.7942, 4.092 ] ] ] } },
{ "type": "Feature", "properties": { "district": "Ndop", "region": "Nord-Ouest" }, "geometry": { "type": "Polygon", "coordinates": [ [ [ 10.2998, 5.8538 ], [ 10.2772, 5.8594 ], [ 10.2854, 5.9086 ], [ 10.273, 5.9162 ], [ 10.3018, 5.9282 ], [ 10.315, 5.914 ], [ 10.3322, 5.9096 ], [ 10.339, 5.9128 ], [ 10.3298, 5.9244 ], [ 10.3346, 5.9426 ], [ 10.3712, 5.9448 ], [ 10.3744, 5.9524 ], [ 10.3732, 5.965 ], [ 10.3636, 5.9578 ], [ 10.3436, 5.969 ], [ 10.3274, 6.022 ], [ 10.3112, 6.0362 ], [ 10.3174, 6.0492 ], [ 10.3112, 6.0562 ], [ 10.3554, 6.069 ], [ 10.3614, 6.0608 ], [ 10.38, 6.0784 ], [ 10.3888, 6.0728 ], [ 10.3996, 6.0812 ], [ 10.395, 6.0878 ], [ 10.408, 6.1054 ], [ 10.419, 6.1118 ], [ 10.476, 6.0972 ], [ 10.4786, 6.0884 ], [ 10.5312, 6.086 ], [ 10.5412, 6.0498 ], [ 10.5452, 6.0568 ], [ 10.582, 6.0472 ], [ 10.5958, 6.0544 ], [ 10.598, 6.0438 ], [ 10.6178, 6.053 ], [ 10.6118, 6.0366 ], [ 10.6188, 6.0254 ], [ 10.622, 6.0094 ], [ 10.6204, 6.0058 ], [ 10.6362, 5.9998 ], [ 10.6362, 5.9926 ], [ 10.6478, 5.9968 ], [ 10.659, 5.9898 ], [ 10.662, 5.9582 ], [ 10.6486, 5.9422 ], [ 10.6396, 5.9416 ], [ 10.6352, 5.9068 ], [ 10.6204, 5.9186 ], [ 10.6168, 5.911 ], [ 10.612, 5.9156 ], [ 10.6078, 5.9128 ], [ 10.6136, 5.9082 ], [ 10.6064, 5.9038 ], [ 10.59, 5.9182 ], [ 10.5964, 5.9196 ], [ 10.5916, 5.9244 ], [ 10.5754, 5.925 ], [ 10.5696, 5.9228 ], [ 10.5694, 5.9104 ], [ 10.5782, 5.8996 ], [ 10.5664, 5.8968 ], [ 10.5698, 5.8822 ], [ 10.5622, 5.8778 ], [ 10.5558, 5.8882 ], [ 10.5522, 5.8836 ], [ 10.5496, 5.8914 ], [ 10.542, 5.8906 ], [ 10.558, 5.877 ], [ 10.5432, 5.8792 ], [ 10.557, 5.8678 ], [ 10.5552, 5.8636 ], [ 10.547, 5.871 ], [ 10.5566, 5.8516 ], [ 10.5644, 5.8428 ], [ 10.5742, 5.8482 ], [ 10.5794, 5.8424 ], [ 10.5698, 5.842 ], [ 10.579, 5.8364 ], [ 10.5768, 5.821 ], [ 10.6028, 5.802 ], [ 10.6026, 5.7932 ], [ 10.5824, 5.7798 ], [ 10.5706, 5.7882 ], [ 10.5704, 5.803 ], [ 10.537, 5.803 ], [ 10.517, 5.8232 ], [ 10.4824, 5.8398 ], [ 10.4884, 5.8262 ], [ 10.4756, 5.8384 ], [ 10.4734, 5.8284 ], [ 10.4812, 5.8236 ], [ 10.476, 5.8136 ], [ 10.4576, 5.8256 ], [ 10.432, 5.8008 ], [ 10.391, 5.8106 ], [ 10.3816, 5.7994 ], [ 10.3628, 5.8012 ], [ 10.3452, 5.8106 ], [ 10.326, 5.808 ], [ 10.3086, 5.8188 ], [ 10.2988, 5.8158 ], [ 10.2998, 5.8538 ] ], [ [ 10.3276, 6.0218 ], [ 10.3276, 6.022 ], [ 10.3274, 6.022 ], [ 10.3276, 6.0218 ] ], [ [ 10.3648, 5.8014 ], [ 10.3648, 5.8012 ], [ 10.3652, 5.8012 ], [ 10.3648, 5.8014 ] ], [ [ 10.6578, 5.977 ], [ 10.658, 5.977 ], [ 10.658, 5.9772 ], [ 10.6578, 5.977 ] ], [ [ 10.62, 6.016 ], [ 10.6202, 6.0162 ], [ 10.62, 6.0162 ], [ 10.62, 6.016 ] ] ] } },
{ "type": "Feature", "properties": { "district": "Ndu", "region": "Nord-Ouest" }, "geometry": { "type": "MultiPolygon", "coordinates": [ [ [ [ 10.9744, 6.32 ], [ 10.9742, 6.3198 ], [ 10.9742, 6.32 ], [ 10.9744, 6.32 ] ] ], [ [ [ 10.7586, 6.3916 ], [ 10.7586, 6.3914 ], [ 10.7584, 6.3916 ], [ 10.7586, 6.3916 ] ] ], [ [ [ 10.7284, 6.4376 ], [ 10.7542, 6.4654 ], [ 10.7556, 6.484 ], [ 10.7754, 6.476 ], [ 10.7904, 6.483 ], [ 10.7982, 6.4938 ], [ 10.8102, 6.4972 ], [ 10.8148, 6.5158 ], [ 10.828, 6.5238 ], [ 10.8296, 6.538 ], [ 10.8412, 6.5454 ], [ 10.8462, 6.5624 ], [ 10.8578, 6.567 ], [ 10.8672, 6.5934 ], [ 10.8792, 6.5992 ], [ 10.8922, 6.5968 ], [ 10.8848, 6.5872 ], [ 10.8868, 6.5756 ], [ 10.899, 6.5654 ], [ 10.8908, 6.5502 ], [ 10.899, 6.541 ], [ 10.9146, 6.539 ], [ 10.9194, 6.5144 ], [ 10.9118, 6.5114 ], [ 10.9096, 6.4948 ], [ 10.897, 6.493 ], [ 10.8946, 6.485 ], [ 10.902, 6.4706 ], [ 10.925, 6.4714 ], [ 10.926, 6.4658 ], [ 10.9462, 6.461 ], [ 10.9304, 6.4188 ], [ 10.9594, 6.4196 ], [ 10.972, 6.4002 ], [ 10.967, 6.3876 ], [ 10.9774, 6.3856 ], [ 10.9856, 6.3574 ], [ 10.9732, 6.3378 ], [ 10.9728, 6.3268 ], [ 10.9762, 6.3236 ], [ 10.9738, 6.3206 ], [ 10.9732, 6.316 ], [ 10.9756, 6.312 ], [ 10.976, 6.3096 ], [ 10.9754, 6.3086 ], [ 10.978, 6.305 ], [ 10.9774, 6.3026 ], [ 10.9792, 6.3012 ], [ 10.9756, 6.2976 ], [ 10.9778, 6.2936 ], [ 10.981, 6.293 ], [ 10.9804, 6.2898 ], [ 10.9884, 6.2824 ], [ 10.99, 6.2776 ], [ 10.9666, 6.2614 ], [ 10.9488, 6.2638 ], [ 10.931, 6.294 ], [ 10.9148, 6.2972 ], [ 10.897, 6.2828 ], [ 10.8636, 6.2822 ], [ 10.87, 6.2572 ], [ 10.8638, 6.2506 ], [ 10.8484, 6.2552 ], [ 10.8406, 6.2698 ], [ 10.8162, 6.285 ], [ 10.8262, 6.3296 ], [ 10.7936, 6.3344 ], [ 10.7852, 6.3462 ], [ 10.79, 6.3514 ], [ 10.7588, 6.3604 ], [ 10.7546, 6.3696 ], [ 10.7606, 6.3782 ], [ 10.7648, 6.3808 ], [ 10.759, 6.3934 ], [ 10.7428, 6.3938 ], [ 10.7268, 6.4 ], [ 10.706, 6.3906 ], [ 10.6966, 6.4016 ], [ 10.6722, 6.399 ], [ 10.66, 6.4082 ], [ 10.6522, 6.4392 ], [ 10.6586, 6.443 ], [ 10.6758, 6.4246 ], [ 10.71, 6.4478 ], [ 10.7284, 6.4376 ] ], [ [ 10.9886, 6.2804 ], [ 10.9888, 6.2804 ], [ 10.9888, 6.2806 ], [ 10.9886, 6.2804 ] ], [ [ 10.9774, 6.2998 ], [ 10.9776, 6.2998 ], [ 10.9776, 6.3 ], [ 10.9774, 6.2998 ] ], [ [ 10.9758, 6.3098 ], [ 10.9758, 6.31 ], [ 10.9756, 6.31 ], [ 10.9758, 6.3098 ] ], [ [ 10.9736, 6.3256 ], [ 10.9738, 6.3256 ], [ 10.9738, 6.3258 ], [ 10.9736, 6.3256 ] ], [ [ 10.7644, 6.38 ], [ 10.7646, 6.38 ], [ 10.7644, 6.3804 ], [ 10.7644, 6.38 ] ], [ [ 10.7472, 6.3944 ], [ 10.7472, 6.3942 ], [ 10.7474, 6.3942 ], [ 10.7472, 6.3944 ] ], [ [ 10.894, 6.5632 ], [ 10.8942, 6.5632 ], [ 10.8942, 6.5634 ], [ 10.894, 6.5632 ] ], [ [ 10.8692, 6.5936 ], [ 10.8692, 6.5938 ], [ 10.869, 6.5936 ], [ 10.8692, 6.5936 ] ] ], [ [ [ 10.791, 6.4854 ], [ 10.791, 6.4856 ], [ 10.7912, 6.4856 ], [ 10.791, 6.4854 ] ] ], [ [ [ 10.7912, 6.486 ], [ 10.7914, 6.486 ], [ 10.7914, 6.4858 ], [ 10.7912, 6.486 ] ] ], [ [ [ 10.8924, 6.5524 ], [ 10.8922, 6.5522 ], [ 10.8922, 6.5524 ], [ 10.8924, 6.5524 ] ] ], [ [ [ 10.9768, 6.2966 ], [ 10.9766, 6.2966 ], [ 10.9768, 6.2968 ], [ 10.9768, 6.2966 ] ] ], [ [ [ 10.9774, 6.3062 ], [ 10.9772, 6.3062 ], [ 10.9772, 6.3064 ], [ 10.9774, 6.3062 ] ] ], [ [ [ 10.9746, 6.321 ], [ 10.9744, 6.3212 ], [ 10.9746, 6.3212 ], [ 10.9746, 6.321 ] ] ], [ [ [ 10.9764, 6.3236 ], [ 10.9764, 6.3234 ], [ 10.9762, 6.3234 ], [ 10.9764, 6.3236 ] ] ], [ [ [ 10.9746, 6.3256 ], [ 10.9748, 6.3256 ], [ 10.9748, 6.3254 ], [ 10.9746, 6.3256 ] ] ] ] } },
{ "type": "Feature", "properties": { "district": "New Bell", "region": "Littoral" }, "geometry": { "type": "Polygon", "coordinates": [ [ [ 9.726, 4.0368 ], [ 9.707, 4.0106 ], [ 9.737, 3.996 ], [ 9.7304, 3.9872 ], [ 9.7388, 3.977 ], [ 9.7278, 3.9736 ], [ 9.7116, 3.9972 ], [ 9.6912, 4.011 ], [ 9.7062, 4.026 ], [ 9.695, 4.032 ], [ 9.7016, 4.0428 ], [ 9.726, 4.0368 ] ] ] } },
{ "type": "Feature", "properties": { "district": "Ngambe", "region": "Littoral" }, "geometry": { "type": "Polygon", "coordinates": [ [ [ 10.7226, 4.5052 ], [ 10.7616, 4.398 ], [ 10.7384, 4.3924 ], [ 10.7224, 4.3978 ], [ 10.708, 4.3904 ], [ 10.7164, 4.3766 ], [ 10.7414, 4.3726 ], [ 10.7386, 4.3526 ], [ 10.7522, 4.3436 ], [ 10.7574, 4.3048 ], [ 10.7666, 4.2948 ], [ 10.7596, 4.283 ], [ 10.7682, 4.2476 ], [ 10.788, 4.2608 ], [ 10.7946, 4.2288 ], [ 10.807, 4.2224 ], [ 10.8114, 4.183 ], [ 10.7898, 4.1778 ], [ 10.8006, 4.138 ], [ 10.7942, 4.092 ], [ 10.776, 4.0896 ], [ 10.7582, 4.071 ], [ 10.719, 4.057 ], [ 10.6928, 4.0738 ], [ 10.6668, 4.0686 ], [ 10.6424, 4.0804 ], [ 10.627, 4.0744 ], [ 10.6002, 4.0458 ], [ 10.562, 4.046 ], [ 10.5188, 4.0156 ], [ 10.5094, 4.0308 ], [ 10.4832, 4.0404 ], [ 10.4642, 4.0862 ], [ 10.4548, 4.0892 ], [ 10.4446, 4.1062 ], [ 10.4564, 4.1156 ], [ 10.456, 4.1256 ], [ 10.4818, 4.1704 ], [ 10.492, 4.2128 ], [ 10.4426, 4.2286 ], [ 10.435, 4.2226 ], [ 10.4022, 4.2226 ], [ 10.3866, 4.2368 ], [ 10.3904, 4.2498 ], [ 10.4004, 4.254 ], [ 10.4094, 4.2812 ], [ 10.4214, 4.2864 ], [ 10.4242, 4.3058 ], [ 10.4342, 4.3138 ], [ 10.4348, 4.3274 ], [ 10.4474, 4.3456 ], [ 10.449, 4.3644 ], [ 10.4622, 4.3778 ], [ 10.5278, 4.3686 ], [ 10.5288, 4.3542 ], [ 10.5712, 4.3562 ], [ 10.5808, 4.3784 ], [ 10.5822, 4.4306 ], [ 10.6386, 4.4622 ], [ 10.6414, 4.486 ], [ 10.6606, 4.4782 ], [ 10.6634, 4.5012 ], [ 10.6786, 4.5078 ], [ 10.6954, 4.5022 ], [ 10.7226, 4.5052 ] ] ] } },
{ "type": "Feature", "properties": { "district": "Ngaoundal", "region": "Adamaoua" }, "geometry": { "type": "MultiPolygon", "coordinates": [ [ [ [ 13.4756, 6.3188 ], [ 13.4758, 6.3188 ], [ 13.4756, 6.3186 ], [ 13.4756, 6.3188 ] ] ], [ [ [ 12.976, 6.8226 ], [ 12.9998, 6.8448 ], [ 13.0104, 6.8442 ], [ 13.022, 6.8592 ], [ 13.0398, 6.851 ], [ 13.0574, 6.8594 ], [ 13.0702, 6.8388 ], [ 13.096, 6.8368 ], [ 13.103, 6.8274 ], [ 13.0992, 6.8186 ], [ 13.141, 6.7958 ], [ 13.1684, 6.7954 ], [ 13.1794, 6.7772 ], [ 13.1926, 6.7842 ], [ 13.2016, 6.7776 ], [ 13.2322, 6.779 ], [ 13.25, 6.7908 ], [ 13.2528, 6.7788 ], [ 13.2658, 6.7806 ], [ 13.2728, 6.7642 ], [ 13.3436, 6.748 ], [ 13.3368, 6.745 ], [ 13.3434, 6.7328 ], [ 13.3588, 6.7222 ], [ 13.353, 6.6882 ], [ 13.3652, 6.6838 ], [ 13.3614, 6.679 ], [ 13.3734, 6.663 ], [ 13.3726, 6.6478 ], [ 13.3924, 6.641 ], [ 13.3958, 6.6324 ], [ 13.404, 6.647 ], [ 13.4246, 6.6406 ], [ 13.4342, 6.6464 ], [ 13.4456, 6.635 ], [ 13.4398, 6.6306 ], [ 13.4432, 6.6154 ], [ 13.4604, 6.6116 ], [ 13.4694, 6.5974 ], [ 13.4846, 6.613 ], [ 13.4978, 6.6022 ], [ 13.5088, 6.6052 ], [ 13.5088, 6.624 ], [ 13.5266, 6.628 ], [ 13.5426, 6.6102 ], [ 13.5412, 6.599 ], [ 13.5284, 6.5938 ], [ 13.5402, 6.578 ], [ 13.5604, 6.6 ], [ 13.5692, 6.5824 ], [ 13.577, 6.5846 ], [ 13.5712, 6.5898 ], [ 13.5908, 6.596 ], [ 13.5974, 6.5652 ], [ 13.611, 6.5656 ], [ 13.6048, 6.5526 ], [ 13.612, 6.5504 ], [ 13.6164, 6.5598 ], [ 13.616, 6.5524 ], [ 13.6354, 6.545 ], [ 13.643, 6.5534 ], [ 13.6534, 6.54 ], [ 13.6402, 6.4984 ], [ 13.6166, 6.473 ], [ 13.5966, 6.4716 ], [ 13.5752, 6.454 ], [ 13.5518, 6.4678 ], [ 13.5376, 6.4414 ], [ 13.5266, 6.4358 ], [ 13.5306, 6.3986 ], [ 13.516, 6.3686 ], [ 13.494, 6.3546 ], [ 13.4974, 6.3304 ], [ 13.4786, 6.3326 ], [ 13.4644, 6.297 ], [ 13.4576, 6.3004 ], [ 13.4396, 6.2904 ], [ 13.432, 6.2752 ], [ 13.418, 6.2706 ], [ 13.3964, 6.2478 ], [ 13.374, 6.243 ], [ 13.371, 6.2232 ], [ 13.346, 6.204 ], [ 13.352, 6.1978 ], [ 13.3456, 6.182 ], [ 13.35, 6.176 ], [ 13.3342, 6.1578 ], [ 13.3738, 6.1288 ], [ 13.3748, 6.1124 ], [ 13.3862, 6.1102 ], [ 13.3836, 6.1024 ], [ 13.387, 6.1066 ], [ 13.4002, 6.084 ], [ 13.3946, 6.0816 ], [ 13.3976, 6.069 ], [ 13.3828, 6.0694 ], [ 13.384, 6.0612 ], [ 13.3756, 6.0578 ], [ 13.3736, 6.028 ], [ 13.3614, 6.0022 ], [ 13.3472, 5.9904 ], [ 13.3344, 5.9966 ], [ 13.3144, 5.9932 ], [ 13.3076, 6.0014 ], [ 13.2966, 5.9912 ], [ 13.2814, 5.9922 ], [ 13.2752, 5.9982 ], [ 13.2794, 6.012 ], [ 13.2666, 6.0152 ], [ 13.2532, 5.9994 ], [ 13.2286, 6.0038 ], [ 13.2194, 5.9972 ], [ 13.1638, 6.0092 ], [ 13.1468, 5.9974 ], [ 13.1292, 6.0082 ], [ 13.1064, 6.0098 ], [ 13.0622, 5.9844 ], [ 13.0596, 5.9916 ], [ 13.0492, 5.988 ], [ 13.0182, 6.004 ], [ 12.984, 5.988 ], [ 12.9052, 6.0028 ], [ 12.8864, 5.9978 ], [ 12.8746, 6.0098 ], [ 12.8738, 6.0272 ], [ 12.861, 6.0478 ], [ 12.8696, 6.0822 ], [ 12.8646, 6.109 ], [ 12.8688, 6.1464 ], [ 12.8576, 6.1504 ], [ 12.8494, 6.1656 ], [ 12.791, 6.1832 ], [ 12.7546, 6.2082 ], [ 12.754, 6.2288 ], [ 12.7672, 6.2306 ], [ 12.7574, 6.2414 ], [ 12.7624, 6.255 ], [ 12.7944, 6.2672 ], [ 12.7962, 6.2882 ], [ 12.8208, 6.3322 ], [ 12.8206, 6.3842 ], [ 12.7904, 6.4008 ], [ 12.778, 6.4184 ], [ 12.7776, 6.4346 ], [ 12.7836, 6.4338 ], [ 12.7722, 6.4482 ], [ 12.781, 6.4524 ], [ 12.773, 6.4548 ], [ 12.7818, 6.4594 ], [ 12.7756, 6.4646 ], [ 12.8242, 6.4848 ], [ 12.8706, 6.4834 ], [ 12.8966, 6.5328 ], [ 12.9594, 6.5528 ], [ 13.0086, 6.6116 ], [ 13.017, 6.618 ], [ 13.0268, 6.6176 ], [ 13.027, 6.6188 ], [ 13.0254, 6.6192 ], [ 13.0262, 6.62 ], [ 13.0252, 6.6206 ], [ 13.0256, 6.6212 ], [ 13.025, 6.622 ], [ 13.0254, 6.6226 ], [ 13.0252, 6.623 ], [ 13.0254, 6.6238 ], [ 13.0256, 6.6238 ], [ 13.0254, 6.6246 ], [ 13.032, 6.6356 ], [ 13.0214, 6.6552 ], [ 13.0088, 6.662 ], [ 13.0072, 6.6838 ], [ 12.999, 6.691 ], [ 13.0068, 6.7184 ], [ 12.9872, 6.7588 ], [ 12.9698, 6.7762 ], [ 12.9616, 6.8054 ], [ 12.9522, 6.805 ], [ 12.9556, 6.8164 ], [ 12.976, 6.8226 ] ], [ [ 13.396, 6.2482 ], [ 13.3956, 6.2482 ], [ 13.396, 6.2478 ], [ 13.396, 6.2482 ] ], [ [ 13.465, 6.3068 ], [ 13.465, 6.3066 ], [ 13.4654, 6.3068 ], [ 13.465, 6.3068 ] ] ], [ [ [ 13.0264, 6.6186 ], [ 13.0264, 6.6188 ], [ 13.0266, 6.6188 ], [ 13.0264, 6.6186 ] ] ], [ [ [ 13.025, 6.624 ], [ 13.0254, 6.6238 ], [ 13.025, 6.6238 ], [ 13.025, 6.624 ] ] ], [ [ [ 13.069, 6.8436 ], [ 13.0692, 6.8436 ], [ 13.069, 6.8434 ], [ 13.069, 6.8436 ] ] ] ] } },
{ "type": "Feature", "properties": { "district": "Ngaoundere Rural", "region": "Adamaoua" }, "geometry": { "type": "MultiPolygon", "coordinates": [ [ [ [ 13.79, 7.1806 ], [ 13.7898, 7.1806 ], [ 13.7898, 7.181 ], [ 13.79, 7.1806 ] ] ], [ [ [ 13.6432, 7.4382 ], [ 13.644, 7.4382 ], [ 13.6434, 7.4378 ], [ 13.6432, 7.4382 ] ] ], [ [ [ 13.4196, 7.9192 ], [ 13.449, 7.9094 ], [ 13.4644, 7.9144 ], [ 13.4728, 7.9264 ], [ 13.5176, 7.9336 ], [ 13.5268, 7.9174 ], [ 13.5478, 7.9186 ], [ 13.5716, 7.9086 ], [ 13.5866, 7.929 ], [ 13.5962, 7.9238 ], [ 13.6596, 7.932 ], [ 13.699, 7.9606 ], [ 13.7144, 7.9468 ], [ 13.7094, 7.9396 ], [ 13.7156, 7.9314 ], [ 13.7432, 7.9156 ], [ 13.7446, 7.8848 ], [ 13.7338, 7.8618 ], [ 13.764, 7.8184 ], [ 13.7634, 7.8012 ], [ 13.7846, 7.7606 ], [ 13.8112, 7.7468 ], [ 13.8262, 7.7486 ], [ 13.8586, 7.714 ], [ 13.8832, 7.7074 ], [ 13.8836, 7.693 ], [ 13.872, 7.6768 ], [ 13.8934, 7.6526 ], [ 13.8726, 7.6284 ], [ 13.8738, 7.6182 ], [ 13.912, 7.59 ], [ 13.9294, 7.5934 ], [ 13.9504, 7.5802 ], [ 13.9828, 7.5788 ], [ 13.9888, 7.5626 ], [ 14.006, 7.5524 ], [ 14.0314, 7.5634 ], [ 14.0824, 7.5562 ], [ 14.1102, 7.5724 ], [ 14.125, 7.5688 ], [ 14.1366, 7.5534 ], [ 14.1314, 7.5104 ], [ 14.1434, 7.4842 ], [ 14.1742, 7.4762 ], [ 14.18, 7.4608 ], [ 14.2138, 7.4582 ], [ 14.2152, 7.4178 ], [ 14.2076, 7.3994 ], [ 14.2424, 7.3946 ], [ 14.2404, 7.3884 ], [ 14.2134, 7.385 ], [ 14.2006, 7.3674 ], [ 14.2026, 7.3514 ], [ 14.188, 7.34 ], [ 14.1878, 7.3334 ], [ 14.1826, 7.3236 ], [ 14.1756, 7.3236 ], [ 14.1726, 7.3108 ], [ 14.1398, 7.282 ], [ 14.131, 7.2862 ], [ 14.1246, 7.3198 ], [ 14.1028, 7.3382 ], [ 14.0926, 7.339 ], [ 14.093, 7.345 ], [ 14.0784, 7.3284 ], [ 14.052, 7.3642 ], [ 14.0244, 7.3702 ], [ 14.015, 7.3558 ], [ 14.0068, 7.355 ], [ 13.9888, 7.365 ], [ 13.972, 7.3298 ], [ 13.9382, 7.309 ], [ 13.9422, 7.281 ], [ 13.9366, 7.2744 ], [ 13.9414, 7.2718 ], [ 13.9414, 7.2638 ], [ 13.9284, 7.257 ], [ 13.9314, 7.2522 ], [ 13.9218, 7.2416 ], [ 13.9336, 7.238 ], [ 13.9346, 7.2238 ], [ 13.9248, 7.2182 ], [ 13.9172, 7.2244 ], [ 13.9062, 7.2176 ], [ 13.8928, 7.221 ], [ 13.8844, 7.214 ], [ 13.8798, 7.2184 ], [ 13.8696, 7.1992 ], [ 13.8528, 7.2006 ], [ 13.8436, 7.186 ], [ 13.8274, 7.1818 ], [ 13.8196, 7.1718 ], [ 13.8008, 7.173 ], [ 13.7856, 7.1854 ], [ 13.7892, 7.1924 ], [ 13.783, 7.2038 ], [ 13.752, 7.2194 ], [ 13.7638, 7.2382 ], [ 13.7578, 7.2478 ], [ 13.7438, 7.2384 ], [ 13.735, 7.2484 ], [ 13.7712, 7.2868 ], [ 13.7898, 7.283 ], [ 13.802, 7.2964 ], [ 13.794, 7.3302 ], [ 13.769, 7.3296 ], [ 13.7514, 7.3394 ], [ 13.7448, 7.3632 ], [ 13.7058, 7.3794 ], [ 13.692, 7.41 ], [ 13.6668, 7.418 ], [ 13.6492, 7.4148 ], [ 13.65, 7.439 ], [ 13.6382, 7.4394 ], [ 13.6294, 7.4364 ], [ 13.6154, 7.4222 ], [ 13.606, 7.422 ], [ 13.5838, 7.449 ], [ 13.5894, 7.457 ], [ 13.5826, 7.4792 ], [ 13.587, 7.487 ], [ 13.5782, 7.501 ], [ 13.5772, 7.5212 ], [ 13.5784, 7.526 ], [ 13.5886, 7.5228 ], [ 13.591, 7.538 ], [ 13.6204, 7.5286 ], [ 13.6168, 7.5434 ], [ 13.6468, 7.545 ], [ 13.6702, 7.533 ], [ 13.6718, 7.5442 ], [ 13.6598, 7.5526 ], [ 13.6762, 7.5928 ], [ 13.703, 7.5814 ], [ 13.708, 7.5932 ], [ 13.7268, 7.5742 ], [ 13.7264, 7.5616 ], [ 13.7334, 7.5652 ], [ 13.7502, 7.609 ], [ 13.74, 7.612 ], [ 13.744, 7.6172 ], [ 13.7256, 7.6564 ], [ 13.7096, 7.6664 ], [ 13.7054, 7.6554 ], [ 13.7134, 7.6442 ], [ 13.7084, 7.64 ], [ 13.6806, 7.6464 ], [ 13.659, 7.6312 ], [ 13.647, 7.6414 ], [ 13.6172, 7.6122 ], [ 13.6076, 7.6188 ], [ 13.5772, 7.6176 ], [ 13.5778, 7.6114 ], [ 13.5666, 7.6134 ], [ 13.555, 7.6024 ], [ 13.5296, 7.5994 ], [ 13.542, 7.5826 ], [ 13.5198, 7.5612 ], [ 13.5166, 7.5662 ], [ 13.507, 7.5626 ], [ 13.512, 7.5708 ], [ 13.5004, 7.574 ], [ 13.4828, 7.5614 ], [ 13.4674, 7.5682 ], [ 13.4328, 7.5512 ], [ 13.397, 7.5462 ], [ 13.3726, 7.572 ], [ 13.3374, 7.5788 ], [ 13.3248, 7.5658 ], [ 13.3144, 7.577 ], [ 13.2798, 7.5684 ], [ 13.2416, 7.5854 ], [ 13.241, 7.6032 ], [ 13.2596, 7.6252 ], [ 13.2512, 7.6514 ], [ 13.257, 7.6912 ], [ 13.283, 7.7 ], [ 13.2936, 7.7242 ], [ 13.2876, 7.7324 ], [ 13.2954, 7.746 ], [ 13.2828, 7.7564 ], [ 13.3054, 7.7884 ], [ 13.2934, 7.8192 ], [ 13.3076, 7.8216 ], [ 13.3404, 7.858 ], [ 13.3392, 7.8756 ], [ 13.3248, 7.9022 ], [ 13.356, 7.937 ], [ 13.3234, 7.9748 ], [ 13.3378, 7.9756 ], [ 13.3514, 7.9668 ], [ 13.4118, 7.9632 ], [ 13.4246, 7.9438 ], [ 13.4196, 7.9192 ] ], [ [ 13.941, 7.2676 ], [ 13.9412, 7.2676 ], [ 13.941, 7.268 ], [ 13.941, 7.2676 ] ], [ [ 13.9378, 7.3036 ], [ 13.938, 7.3036 ], [ 13.938, 7.3038 ], [ 13.9378, 7.3036 ] ], [ [ 14.1852, 7.3316 ], [ 14.1852, 7.3314 ], [ 14.1856, 7.3314 ], [ 14.1852, 7.3316 ] ] ] ] } },
{ "type": "Feature", "properties": { "district": "Ngaoundere Urbain", "region": "Adamaoua" }, "geometry": { "type": "MultiPolygon", "coordinates": [ [ [ [ 13.4548, 7.183 ], [ 13.4546, 7.183 ], [ 13.4548, 7.1832 ], [ 13.4548, 7.183 ] ] ], [ [ [ 13.48, 7.2046 ], [ 13.4802, 7.2044 ], [ 13.48, 7.2044 ], [ 13.48, 7.2046 ] ] ], [ [ [ 13.4478, 7.37 ], [ 13.4308, 7.3696 ], [ 13.4388, 7.3588 ], [ 13.4796, 7.3712 ], [ 13.5036, 7.3552 ], [ 13.5428, 7.3576 ], [ 13.544, 7.3588 ], [ 13.5496, 7.3604 ], [ 13.5562, 7.3662 ], [ 13.5532, 7.376 ], [ 13.558, 7.384 ], [ 13.5664, 7.3856 ], [ 13.5542, 7.3916 ], [ 13.5542, 7.4062 ], [ 13.5948, 7.41 ], [ 13.6294, 7.4364 ], [ 13.6492, 7.4394 ], [ 13.6492, 7.4148 ], [ 13.6668, 7.418 ], [ 13.692, 7.41 ], [ 13.7058, 7.3794 ], [ 13.7448, 7.3632 ], [ 13.7514, 7.3394 ], [ 13.769, 7.3296 ], [ 13.7938, 7.3304 ], [ 13.8046, 7.3018 ], [ 13.7898, 7.283 ], [ 13.7712, 7.2868 ], [ 13.752, 7.2622 ], [ 13.7438, 7.2698 ], [ 13.717, 7.2654 ], [ 13.719, 7.2722 ], [ 13.712, 7.2748 ], [ 13.717, 7.2934 ], [ 13.6954, 7.2964 ], [ 13.6946, 7.2874 ], [ 13.6818, 7.2822 ], [ 13.6708, 7.264 ], [ 13.6636, 7.2664 ], [ 13.6614, 7.2554 ], [ 13.6344, 7.2444 ], [ 13.6374, 7.2318 ], [ 13.6252, 7.2336 ], [ 13.6268, 7.2192 ], [ 13.607, 7.2268 ], [ 13.6, 7.2196 ], [ 13.5958, 7.2236 ], [ 13.5986, 7.2138 ], [ 13.5832, 7.2084 ], [ 13.5816, 7.1972 ], [ 13.5638, 7.1882 ], [ 13.563, 7.1962 ], [ 13.5548, 7.1974 ], [ 13.5366, 7.18 ], [ 13.5208, 7.1774 ], [ 13.5126, 7.1656 ], [ 13.5038, 7.1672 ], [ 13.4948, 7.1456 ], [ 13.4684, 7.1512 ], [ 13.4604, 7.1458 ], [ 13.4538, 7.1528 ], [ 13.445, 7.1476 ], [ 13.4388, 7.154 ], [ 13.4182, 7.1472 ], [ 13.4176, 7.1548 ], [ 13.4524, 7.1774 ], [ 13.4806, 7.2044 ], [ 13.48, 7.2156 ], [ 13.4954, 7.231 ], [ 13.487, 7.2456 ], [ 13.495, 7.259 ], [ 13.4918, 7.2696 ], [ 13.4686, 7.2752 ], [ 13.4602, 7.301 ], [ 13.4636, 7.3136 ], [ 13.4596, 7.3258 ], [ 13.435, 7.3298 ], [ 13.4308, 7.343 ], [ 13.4122, 7.353 ], [ 13.3934, 7.3858 ], [ 13.394, 7.4002 ], [ 13.4322, 7.3904 ], [ 13.4478, 7.37 ] ], [ [ 13.5444, 7.3584 ], [ 13.5446, 7.3584 ], [ 13.5446, 7.3586 ], [ 13.5444, 7.3584 ] ], [ [ 13.6434, 7.4378 ], [ 13.6442, 7.4378 ], [ 13.6432, 7.4382 ], [ 13.6434, 7.4378 ] ] ], [ [ [ 13.4624, 7.3108 ], [ 13.4626, 7.311 ], [ 13.4626, 7.3108 ], [ 13.4624, 7.3108 ] ] ], [ [ [ 13.5258, 7.358 ], [ 13.526, 7.3582 ], [ 13.526, 7.358 ], [ 13.5258, 7.358 ] ] ], [ [ [ 13.5508, 7.3622 ], [ 13.551, 7.362 ], [ 13.5508, 7.362 ], [ 13.5508, 7.3622 ] ] ] ] } },
{ "type": "Feature", "properties": { "district": "Ngog Mapubi", "region": "Centre" }, "geometry": { "type": "Polygon", "coordinates": [ [ [ 11.065, 4.1744 ], [ 11.067, 4.1602 ], [ 11.0906, 4.1504 ], [ 11.1054, 4.1518 ], [ 11.1338, 4.1154 ], [ 11.127, 4.1018 ], [ 11.1398, 4.0786 ], [ 11.132, 4.0678 ], [ 11.1432, 4.0608 ], [ 11.1296, 4.0488 ], [ 11.1436, 4.0526 ], [ 11.1526, 4.0466 ], [ 11.1612, 4.0352 ], [ 11.1604, 4.01 ], [ 11.1904, 4.0126 ], [ 11.1918, 3.9858 ], [ 11.2066, 3.97 ], [ 11.1934, 3.9466 ], [ 11.1778, 3.9464 ], [ 11.2118, 3.9228 ], [ 11.2056, 3.9126 ], [ 11.218, 3.9082 ], [ 11.2188, 3.8844 ], [ 11.2062, 3.879 ], [ 11.2082, 3.8724 ], [ 11.1956, 3.8574 ], [ 11.1802, 3.859 ], [ 11.1572, 3.8428 ], [ 11.1422, 3.8416 ], [ 11.1418, 3.8358 ], [ 11.1486, 3.801 ], [ 11.1882, 3.8066 ], [ 11.1968, 3.7944 ], [ 11.2158, 3.7992 ], [ 11.2192, 3.7778 ], [ 11.2356, 3.7718 ], [ 11.2462, 3.7298 ], [ 11.2378, 3.7242 ], [ 11.246, 3.7156 ], [ 11.235, 3.7008 ], [ 11.2278, 3.697 ], [ 11.2152, 3.7122 ], [ 11.1822, 3.7188 ], [ 11.1516, 3.743 ], [ 11.1276, 3.7472 ], [ 11.1164, 3.7376 ], [ 11.1136, 3.7154 ], [ 11.0708, 3.709 ], [ 11.0484, 3.7164 ], [ 11.0382, 3.711 ], [ 11.0174, 3.7148 ], [ 11.0146, 3.7254 ], [ 10.9848, 3.7386 ], [ 10.9904, 3.754 ], [ 10.9766, 3.7692 ], [ 10.953, 3.7648 ], [ 10.9276, 3.7722 ], [ 10.9122, 3.7896 ], [ 10.8944, 3.7826 ], [ 10.883, 3.802 ], [ 10.8766, 3.7964 ], [ 10.8612, 3.8074 ], [ 10.8626, 3.8132 ], [ 10.8392, 3.8182 ], [ 10.8332, 3.8298 ], [ 10.8178, 3.8328 ], [ 10.816, 3.845 ], [ 10.804, 3.8452 ], [ 10.8106, 3.8644 ], [ 10.7814, 3.8806 ], [ 10.7576, 3.8806 ], [ 10.7538, 3.866 ], [ 10.7472, 3.8714 ], [ 10.7246, 3.8452 ], [ 10.7116, 3.8502 ], [ 10.6794, 3.8226 ], [ 10.6794, 3.8146 ], [ 10.6574, 3.811 ], [ 10.6496, 3.798 ], [ 10.6396, 3.8064 ], [ 10.6458, 3.8322 ], [ 10.6532, 3.8264 ], [ 10.664, 3.8372 ], [ 10.6608, 3.8774 ], [ 10.6466, 3.9198 ], [ 10.647, 3.9676 ], [ 10.7008, 4.0204 ], [ 10.6912, 4.0324 ], [ 10.693, 4.0452 ], [ 10.686, 4.0454 ], [ 10.6802, 4.0582 ], [ 10.691, 4.0742 ], [ 10.717, 4.057 ], [ 10.7254, 4.0584 ], [ 10.7592, 4.0716 ], [ 10.7774, 4.0902 ], [ 10.8008, 4.0892 ], [ 10.835, 4.099 ], [ 10.8466, 4.1202 ], [ 10.8836, 4.1238 ], [ 10.9136, 4.1166 ], [ 10.9798, 4.1418 ], [ 11.0154, 4.1686 ], [ 11.065, 4.1744 ] ] ] } },
{ "type": "Feature", "properties": { "district": "Ngong", "region": "Nord" }, "geometry": { "type": "MultiPolygon", "coordinates": [ [ [ [ 12.9422, 8.7406 ], [ 12.9424, 8.7406 ], [ 12.9422, 8.7404 ], [ 12.9422, 8.7406 ] ] ], [ [ [ 13.3122, 8.7538 ], [ 13.3122, 8.754 ], [ 13.3124, 8.7538 ], [ 13.3122, 8.7538 ] ] ], [ [ [ 13.3294, 8.7542 ], [ 13.3294, 8.754 ], [ 13.3292, 8.7542 ], [ 13.3294, 8.7542 ] ] ], [ [ [ 13.4202, 8.7798 ], [ 13.4202, 8.7796 ], [ 13.42, 8.7796 ], [ 13.4202, 8.7798 ] ] ], [ [ [ 13.4046, 8.8406 ], [ 13.4048, 8.8408 ], [ 13.4048, 8.8406 ], [ 13.4046, 8.8406 ] ] ], [ [ [ 12.879, 8.7412 ], [ 12.8768, 8.7958 ], [ 12.8856, 8.8198 ], [ 12.8732, 8.8472 ], [ 12.88, 8.9108 ], [ 12.9252, 8.9772 ], [ 12.9406, 9.0274 ], [ 12.9384, 9.0504 ], [ 12.9508, 9.076 ], [ 12.9472, 9.0964 ], [ 12.9304, 9.1208 ], [ 12.9324, 9.1376 ], [ 12.9136, 9.1618 ], [ 12.922, 9.2288 ], [ 12.9114, 9.2366 ], [ 12.9188, 9.287 ], [ 12.9094, 9.3002 ], [ 12.9162, 9.3282 ], [ 12.9446, 9.3294 ], [ 12.9606, 9.3132 ], [ 12.9748, 9.3204 ], [ 12.9796, 9.2944 ], [ 12.9934, 9.3068 ], [ 13.005, 9.3056 ], [ 13.0178, 9.2972 ], [ 13.0278, 9.2726 ], [ 13.0664, 9.2728 ], [ 13.0832, 9.238 ], [ 13.1136, 9.2296 ], [ 13.1406, 9.1914 ], [ 13.1844, 9.2222 ], [ 13.2144, 9.2084 ], [ 13.2332, 9.2274 ], [ 13.2612, 9.216 ], [ 13.2736, 9.2346 ], [ 13.3134, 9.2268 ], [ 13.3174, 9.2412 ], [ 13.326, 9.2452 ], [ 13.3468, 9.2346 ], [ 13.354, 9.2598 ], [ 13.3802, 9.2556 ], [ 13.407, 9.296 ], [ 13.4674, 9.3216 ], [ 13.4682, 9.337 ], [ 13.479, 9.3502 ], [ 13.5284, 9.3308 ], [ 13.5344, 9.317 ], [ 13.5244, 9.309 ], [ 13.5276, 9.2988 ], [ 13.5446, 9.2912 ], [ 13.5488, 9.2748 ], [ 13.5596, 9.268 ], [ 13.5572, 9.2478 ], [ 13.5798, 9.2114 ], [ 13.6008, 9.2036 ], [ 13.613, 9.1844 ], [ 13.6046, 9.1788 ], [ 13.6006, 9.1594 ], [ 13.5506, 9.1264 ], [ 13.5526, 9.0894 ], [ 13.5786, 9.0722 ], [ 13.5734, 9.0674 ], [ 13.6066, 9.0708 ], [ 13.6102, 9.0552 ], [ 13.6058, 9.0428 ], [ 13.5932, 9.0388 ], [ 13.5904, 9.0196 ], [ 13.5292, 9.0182 ], [ 13.5102, 9.0072 ], [ 13.517, 9.0012 ], [ 13.51, 8.9914 ], [ 13.4982, 8.9968 ], [ 13.4684, 8.9644 ], [ 13.4472, 8.9636 ], [ 13.4648, 8.9122 ], [ 13.4502, 8.9046 ], [ 13.4464, 8.87 ], [ 13.4344, 8.8542 ], [ 13.394, 8.8402 ], [ 13.372, 8.8208 ], [ 13.3818, 8.7972 ], [ 13.4368, 8.7702 ], [ 13.4166, 8.7576 ], [ 13.419, 8.7422 ], [ 13.3964, 8.7416 ], [ 13.3848, 8.7334 ], [ 13.3568, 8.7354 ], [ 13.3482, 8.7448 ], [ 13.3444, 8.744 ], [ 13.34, 8.7472 ], [ 13.3384, 8.746 ], [ 13.3328, 8.754 ], [ 13.3214, 8.7582 ], [ 13.314, 8.757 ], [ 13.306, 8.7468 ], [ 13.295, 8.7502 ], [ 13.2686, 8.7162 ], [ 13.2198, 8.731 ], [ 13.1714, 8.7018 ], [ 13.1514, 8.7066 ], [ 13.1454, 8.7156 ], [ 13.1274, 8.7056 ], [ 13.104, 8.7066 ], [ 13.0884, 8.7156 ], [ 13.0634, 8.752 ], [ 13.0546, 8.7528 ], [ 13.0178, 8.8178 ], [ 13.0002, 8.79 ], [ 13.0052, 8.7864 ], [ 12.9976, 8.7644 ], [ 12.987, 8.7596 ], [ 12.9774, 8.7606 ], [ 12.9558, 8.7858 ], [ 12.9434, 8.7872 ], [ 12.967, 8.7372 ], [ 12.9476, 8.7424 ], [ 12.9412, 8.7404 ], [ 12.9388, 8.7358 ], [ 12.9276, 8.7312 ], [ 12.917, 8.739 ], [ 12.8934, 8.7156 ], [ 12.8866, 8.7204 ], [ 12.8864, 8.7358 ], [ 12.879, 8.7412 ] ], [ [ 13.3464, 8.745 ], [ 13.3466, 8.745 ], [ 13.3466, 8.7452 ], [ 13.3464, 8.745 ] ] ] ] } },
{ "type": "Feature", "properties": { "district": "Ngoumou", "region": "Centre" }, "geometry": { "type": "Polygon", "coordinates": [ [ [ 11.5032, 3.7564 ], [ 11.5222, 3.7562 ], [ 11.5304, 3.7422 ], [ 11.5298, 3.733 ], [ 11.5194, 3.7324 ], [ 11.5152, 3.7152 ], [ 11.518, 3.6968 ], [ 11.5324, 3.6808 ], [ 11.5126, 3.6724 ], [ 11.5208, 3.662 ], [ 11.5098, 3.6526 ], [ 11.511, 3.62 ], [ 11.4942, 3.6124 ], [ 11.4978, 3.5996 ], [ 11.4894, 3.5948 ], [ 11.496, 3.5736 ], [ 11.4564, 3.559 ], [ 11.4538, 3.5424 ], [ 11.4682, 3.5168 ], [ 11.4568, 3.501 ], [ 11.4658, 3.4854 ], [ 11.459, 3.4812 ], [ 11.462, 3.4696 ], [ 11.4284, 3.4254 ], [ 11.4322, 3.418 ], [ 11.4464, 3.4226 ], [ 11.446, 3.4336 ], [ 11.4556, 3.4316 ], [ 11.4536, 3.416 ], [ 11.4662, 3.3992 ], [ 11.456, 3.374 ], [ 11.4314, 3.3776 ], [ 11.4258, 3.3854 ], [ 11.4014, 3.3568 ], [ 11.3778, 3.345 ], [ 11.362, 3.3464 ], [ 11.3522, 3.366 ], [ 11.3504, 3.399 ], [ 11.3384, 3.407 ], [ 11.3306, 3.4044 ], [ 11.3314, 3.4188 ], [ 11.3226, 3.426 ], [ 11.307, 3.4164 ], [ 11.2796, 3.4424 ], [ 11.2684, 3.4484 ], [ 11.24, 3.446 ], [ 11.2284, 3.46 ], [ 11.1892, 3.4468 ], [ 11.1866, 3.4636 ], [ 11.2592, 3.5108 ], [ 11.252, 3.521 ], [ 11.2548, 3.5384 ], [ 11.239, 3.549 ], [ 11.2418, 3.571 ], [ 11.226, 3.5942 ], [ 11.2278, 3.6136 ], [ 11.2478, 3.6242 ], [ 11.2346, 3.6338 ], [ 11.2434, 3.6742 ], [ 11.2278, 3.697 ], [ 11.2458, 3.714 ], [ 11.2384, 3.725 ], [ 11.274, 3.7446 ], [ 11.2774, 3.7296 ], [ 11.2998, 3.7274 ], [ 11.3114, 3.7112 ], [ 11.3566, 3.7346 ], [ 11.3594, 3.721 ], [ 11.3488, 3.7196 ], [ 11.3344, 3.6996 ], [ 11.3452, 3.6756 ], [ 11.3314, 3.6606 ], [ 11.3536, 3.651 ], [ 11.3374, 3.6328 ], [ 11.3472, 3.6078 ], [ 11.3784, 3.6258 ], [ 11.3692, 3.6364 ], [ 11.4078, 3.6656 ], [ 11.4258, 3.65 ], [ 11.4354, 3.6692 ], [ 11.4356, 3.6926 ], [ 11.4526, 3.6988 ], [ 11.4738, 3.7226 ], [ 11.4926, 3.732 ], [ 11.4848, 3.747 ], [ 11.5032, 3.7564 ] ] ] } },
{ "type": "Feature", "properties": { "district": "Nguelemendouka", "region": "Est" }, "geometry": { "type": "Polygon", "coordinates": [ [ [ 13.2104, 4.5498 ], [ 13.2074, 4.5086 ], [ 13.2234, 4.4906 ], [ 13.2278, 4.4668 ], [ 13.2372, 4.4578 ], [ 13.2264, 4.4276 ], [ 13.2312, 4.3804 ], [ 13.193, 4.3826 ], [ 13.1772, 4.3638 ], [ 13.1472, 4.369 ], [ 13.1204, 4.359 ], [ 13.115, 4.3692 ], [ 13.057, 4.3934 ], [ 13.0246, 4.3958 ], [ 13.0128, 4.3874 ], [ 12.9992, 4.3962 ], [ 12.9702, 4.3976 ], [ 12.969, 4.3758 ], [ 12.954, 4.3598 ], [ 12.9346, 4.3544 ], [ 12.948, 4.3458 ], [ 12.9476, 4.3212 ], [ 12.9632, 4.3194 ], [ 12.9512, 4.301 ], [ 12.9614, 4.277 ], [ 12.9634, 4.2284 ], [ 12.9838, 4.2032 ], [ 12.9938, 4.2056 ], [ 13.0076, 4.1928 ], [ 12.9716, 4.1562 ], [ 12.9244, 4.1518 ], [ 12.8556, 4.118 ], [ 12.84, 4.1284 ], [ 12.8446, 4.1632 ], [ 12.823, 4.153 ], [ 12.806, 4.1208 ], [ 12.8064, 4.109 ], [ 12.7914, 4.0984 ], [ 12.7834, 4.0802 ], [ 12.7586, 4.075 ], [ 12.749, 4.1332 ], [ 12.7896, 4.1772 ], [ 12.7784, 4.215 ], [ 12.7672, 4.2284 ], [ 12.756, 4.2298 ], [ 12.7566, 4.2362 ], [ 12.7758, 4.2636 ], [ 12.7854, 4.2684 ], [ 12.8028, 4.2634 ], [ 12.795, 4.2994 ], [ 12.7792, 4.3036 ], [ 12.7818, 4.3124 ], [ 12.798, 4.3094 ], [ 12.8174, 4.3224 ], [ 12.8098, 4.3418 ], [ 12.8194, 4.3594 ], [ 12.832, 4.3668 ], [ 12.844, 4.3596 ], [ 12.8482, 4.3672 ], [ 12.8322, 4.4082 ], [ 12.8218, 4.4156 ], [ 12.8322, 4.4298 ], [ 12.813, 4.4494 ], [ 12.8162, 4.4622 ], [ 12.7912, 4.5028 ], [ 12.792, 4.5182 ], [ 12.8812, 4.5526 ], [ 12.9256, 4.581 ], [ 12.9532, 4.5826 ], [ 12.978, 4.5676 ], [ 12.9788, 4.5914 ], [ 13.0044, 4.5948 ], [ 13.0108, 4.6086 ], [ 13.046, 4.5926 ], [ 13.0578, 4.5942 ], [ 13.0756, 4.583 ], [ 13.0892, 4.5616 ], [ 13.1306, 4.5452 ], [ 13.1712, 4.5536 ], [ 13.2104, 4.5498 ] ] ] } },
{ "type": "Feature", "properties": { "district": "Nguti", "region": "Sud-Ouest" }, "geometry": { "type": "Polygon", "coordinates": [ [ [ 9.7692, 5.435 ], [ 9.784, 5.4152 ], [ 9.7804, 5.388 ], [ 9.7918, 5.3666 ], [ 9.8184, 5.3554 ], [ 9.8176, 5.3396 ], [ 9.8312, 5.3418 ], [ 9.8372, 5.336 ], [ 9.8208, 5.3178 ], [ 9.8028, 5.3146 ], [ 9.775, 5.3212 ], [ 9.7714, 5.2696 ], [ 9.7616, 5.262 ], [ 9.794, 5.2172 ], [ 9.7884, 5.1798 ], [ 9.7674, 5.1974 ], [ 9.7458, 5.1676 ], [ 9.7066, 5.1716 ], [ 9.6692, 5.1658 ], [ 9.6664, 5.1592 ], [ 9.676, 5.1458 ], [ 9.6672, 5.1412 ], [ 9.6446, 5.1588 ], [ 9.6356, 5.1378 ], [ 9.6256, 5.132 ], [ 9.6042, 5.1388 ], [ 9.6004, 5.1538 ], [ 9.5738, 5.166 ], [ 9.5028, 5.1528 ], [ 9.4916, 5.1406 ], [ 9.493, 5.1258 ], [ 9.4788, 5.102 ], [ 9.486, 5.0884 ], [ 9.5002, 5.0862 ], [ 9.4936, 5.074 ], [ 9.5006, 5.0674 ], [ 9.4654, 5.0504 ], [ 9.47, 5.0344 ], [ 9.459, 5.022 ], [ 9.463, 5.006 ], [ 9.4564, 4.997 ], [ 9.4396, 4.9948 ], [ 9.4208, 5.01 ], [ 9.4282, 5.032 ], [ 9.4228, 5.049 ], [ 9.396, 5.0598 ], [ 9.3936, 5.0768 ], [ 9.3828, 5.0752 ], [ 9.3744, 5.0916 ], [ 9.3642, 5.0952 ], [ 9.3622, 5.1116 ], [ 9.3358, 5.1156 ], [ 9.3354, 5.1248 ], [ 9.3436, 5.1302 ], [ 9.3382, 5.1524 ], [ 9.3212, 5.1692 ], [ 9.3142, 5.1668 ], [ 9.3108, 5.1782 ], [ 9.2852, 5.1702 ], [ 9.255, 5.186 ], [ 9.2462, 5.2016 ], [ 9.2612, 5.202 ], [ 9.2578, 5.2172 ], [ 9.2658, 5.2252 ], [ 9.2264, 5.234 ], [ 9.2134, 5.2576 ], [ 9.1986, 5.252 ], [ 9.2006, 5.2696 ], [ 9.1958, 5.269 ], [ 9.1772, 5.3142 ], [ 9.1632, 5.314 ], [ 9.1672, 5.3334 ], [ 9.1618, 5.3482 ], [ 9.1436, 5.345 ], [ 9.1396, 5.3514 ], [ 9.1402, 5.3692 ], [ 9.1518, 5.368 ], [ 9.1384, 5.3742 ], [ 9.1486, 5.3788 ], [ 9.1384, 5.3832 ], [ 9.1454, 5.3956 ], [ 9.1354, 5.3892 ], [ 9.136, 5.4062 ], [ 9.1194, 5.4128 ], [ 9.128, 5.4238 ], [ 9.1218, 5.4262 ], [ 9.125, 5.4406 ], [ 9.119, 5.4412 ], [ 9.1136, 5.4678 ], [ 9.1326, 5.4668 ], [ 9.1414, 5.4562 ], [ 9.1652, 5.4478 ], [ 9.1816, 5.478 ], [ 9.2022, 5.486 ], [ 9.2256, 5.5156 ], [ 9.229, 5.5376 ], [ 9.2436, 5.5676 ], [ 9.2512, 5.5686 ], [ 9.2574, 5.5928 ], [ 9.2838, 5.5892 ], [ 9.2842, 5.5694 ], [ 9.2932, 5.565 ], [ 9.332, 5.5856 ], [ 9.3362, 5.5628 ], [ 9.3526, 5.5614 ], [ 9.4126, 5.5912 ], [ 9.4234, 5.6032 ], [ 9.4518, 5.5804 ], [ 9.4684, 5.5784 ], [ 9.4844, 5.5664 ], [ 9.4886, 5.5464 ], [ 9.508, 5.5446 ], [ 9.526, 5.5304 ], [ 9.5442, 5.534 ], [ 9.5514, 5.5168 ], [ 9.5636, 5.5164 ], [ 9.5566, 5.5038 ], [ 9.567, 5.4914 ], [ 9.601, 5.4798 ], [ 9.6104, 5.4842 ], [ 9.605, 5.489 ], [ 9.609, 5.4968 ], [ 9.6308, 5.4996 ], [ 9.643, 5.5126 ], [ 9.647, 5.4854 ], [ 9.673, 5.4858 ], [ 9.6832, 5.479 ], [ 9.6788, 5.472 ], [ 9.6984, 5.4572 ], [ 9.7034, 5.46 ], [ 9.7004, 5.4522 ], [ 9.7174, 5.4472 ], [ 9.7176, 5.4406 ], [ 9.7252, 5.4454 ], [ 9.7286, 5.4368 ], [ 9.7284, 5.4428 ], [ 9.7398, 5.4448 ], [ 9.7692, 5.435 ] ] ] } },
{ "type": "Feature", "properties": { "district": "Niete", "region": "Sud" }, "geometry": { "type": "Polygon", "coordinates": [ [ [ 9.8246, 2.5204 ], [ 9.8238, 2.5696 ], [ 9.841, 2.6284 ], [ 9.868, 2.6428 ], [ 9.8812, 2.6598 ], [ 9.8914, 2.7262 ], [ 9.9236, 2.7538 ], [ 9.9422, 2.7604 ], [ 9.9452, 2.7854 ], [ 9.9674, 2.7898 ], [ 9.981, 2.7716 ], [ 9.9954, 2.7694 ], [ 10.0114, 2.7924 ], [ 10.0096, 2.812 ], [ 10.0192, 2.8268 ], [ 10.0102, 2.8472 ], [ 10.017, 2.8536 ], [ 9.9994, 2.8558 ], [ 9.9956, 2.869 ], [ 10.0042, 2.901 ], [ 10.0776, 2.9348 ], [ 10.113, 2.9408 ], [ 10.1204, 2.9338 ], [ 10.1414, 2.9348 ], [ 10.1602, 2.9526 ], [ 10.205, 2.962 ], [ 10.2472, 2.957 ], [ 10.3034, 2.9916 ], [ 10.3246, 2.9904 ], [ 10.3258, 2.9634 ], [ 10.3372, 2.9552 ], [ 10.3676, 3.0068 ], [ 10.3816, 3.0092 ], [ 10.395, 3.0258 ], [ 10.4088, 3.027 ], [ 10.4042, 3.0118 ], [ 10.4204, 2.9962 ], [ 10.4816, 2.9656 ], [ 10.4916, 2.9704 ], [ 10.537, 2.9546 ], [ 10.5592, 2.9572 ], [ 10.5558, 2.932 ], [ 10.5748, 2.9448 ], [ 10.6048, 2.9512 ], [ 10.6204, 2.9468 ], [ 10.6294, 2.9322 ], [ 10.612, 2.894 ], [ 10.628, 2.883 ], [ 10.66, 2.8824 ], [ 10.708, 2.8394 ], [ 10.712, 2.7956 ], [ 10.707, 2.761 ], [ 10.698, 2.7518 ], [ 10.6692, 2.7554 ], [ 10.6646, 2.7222 ], [ 10.6546, 2.7072 ], [ 10.6082, 2.7122 ], [ 10.5888, 2.7104 ], [ 10.5816, 2.703 ], [ 10.5706, 2.6536 ], [ 10.54, 2.5926 ], [ 10.5016, 2.5646 ], [ 10.4894, 2.5728 ], [ 10.4942, 2.558 ], [ 10.4838, 2.5502 ], [ 10.4862, 2.5418 ], [ 10.4516, 2.5222 ], [ 10.4348, 2.5018 ], [ 10.4326, 2.4886 ], [ 10.4128, 2.4794 ], [ 10.4122, 2.4698 ], [ 10.393, 2.4668 ], [ 10.3822, 2.4312 ], [ 10.3862, 2.4184 ], [ 10.3726, 2.4246 ], [ 10.3624, 2.408 ], [ 10.3644, 2.3954 ], [ 10.3348, 2.356 ], [ 10.2716, 2.3062 ], [ 10.246, 2.264 ], [ 10.2032, 2.2238 ], [ 10.191, 2.1776 ], [ 10.1668, 2.152 ], [ 10.1478, 2.1558 ], [ 10.1484, 2.1616 ], [ 10.1234, 2.1436 ], [ 10.1092, 2.169 ], [ 10.0746, 2.1634 ], [ 10.0506, 2.1684 ], [ 10.0438, 2.1616 ], [ 10.044, 2.1666 ], [ 10.0348, 2.163 ], [ 10.0092, 2.1758 ], [ 9.99, 2.1712 ], [ 9.9596, 2.1912 ], [ 9.934, 2.1948 ], [ 9.9246, 2.2068 ], [ 9.9048, 2.1974 ], [ 9.892, 2.2198 ], [ 9.8814, 2.2192 ], [ 9.8804, 2.2324 ], [ 9.8484, 2.2456 ], [ 9.8322, 2.2922 ], [ 9.8372, 2.3244 ], [ 9.8216, 2.3586 ], [ 9.819, 2.4232 ], [ 9.8274, 2.442 ], [ 9.8172, 2.509 ], [ 9.8246, 2.5204 ] ] ] } },
{ "type": "Feature", "properties": { "district": "Njikwa", "region": "Nord-Ouest" }, "geometry": { "type": "Polygon", "coordinates": [ [ [ 9.8226, 6.3196 ], [ 9.8288, 6.296 ], [ 9.837, 6.2912 ], [ 9.8364, 6.233 ], [ 9.8686, 6.2094 ], [ 9.8854, 6.2236 ], [ 9.9028, 6.2266 ], [ 9.9066, 6.2352 ], [ 9.912, 6.2286 ], [ 9.903, 6.2102 ], [ 9.9056, 6.1696 ], [ 9.8964, 6.1604 ], [ 9.9066, 6.144 ], [ 9.9068, 6.1164 ], [ 9.8832, 6.0858 ], [ 9.8888, 6.077 ], [ 9.8838, 6.0668 ], [ 9.844, 6.0512 ], [ 9.8402, 6.0336 ], [ 9.7998, 6.0228 ], [ 9.7838, 6.0344 ], [ 9.776, 6.0236 ], [ 9.7644, 6.0228 ], [ 9.7618, 6.0084 ], [ 9.753, 6.0072 ], [ 9.7422, 5.992 ], [ 9.7166, 6.0084 ], [ 9.6884, 6.0024 ], [ 9.683, 5.9882 ], [ 9.7024, 5.977 ], [ 9.7048, 5.9522 ], [ 9.6772, 5.9472 ], [ 9.649, 5.9762 ], [ 9.6402, 6.004 ], [ 9.648, 6.057 ], [ 9.6708, 6.0616 ], [ 9.6736, 6.0694 ], [ 9.7032, 6.0848 ], [ 9.723, 6.0854 ], [ 9.734, 6.1168 ], [ 9.7828, 6.1272 ], [ 9.7728, 6.1386 ], [ 9.7902, 6.16 ], [ 9.7688, 6.159 ], [ 9.7618, 6.171 ], [ 9.7618, 6.1892 ], [ 9.7698, 6.1976 ], [ 9.7572, 6.2336 ], [ 9.7638, 6.2554 ], [ 9.7528, 6.2806 ], [ 9.7724, 6.294 ], [ 9.788, 6.295 ], [ 9.7912, 6.3062 ], [ 9.8226, 6.3196 ] ] ] } },
{ "type": "Feature", "properties": { "district": "Njombe Penja", "region": "Littoral" }, "geometry": { "type": "Polygon", "coordinates": [ [ [ 9.778, 4.6146 ], [ 9.7762, 4.5962 ], [ 9.7864, 4.5638 ], [ 9.7656, 4.5306 ], [ 9.7792, 4.507 ], [ 9.7708, 4.4966 ], [ 9.7796, 4.4776 ], [ 9.773, 4.463 ], [ 9.788, 4.448 ], [ 9.7744, 4.4396 ], [ 9.7346, 4.4688 ], [ 9.707, 4.4648 ], [ 9.6906, 4.4812 ], [ 9.6748, 4.485 ], [ 9.648, 4.478 ], [ 9.6346, 4.4892 ], [ 9.626, 4.4866 ], [ 9.6222, 4.5 ], [ 9.6128, 4.4984 ], [ 9.6232, 4.5312 ], [ 9.648, 4.5494 ], [ 9.6514, 4.5656 ], [ 9.6284, 4.5808 ], [ 9.6222, 4.5944 ], [ 9.6002, 4.5942 ], [ 9.5876, 4.6056 ], [ 9.601, 4.608 ], [ 9.5998, 4.6192 ], [ 9.627, 4.6194 ], [ 9.6338, 4.6362 ], [ 9.645, 4.6402 ], [ 9.6352, 4.6632 ], [ 9.6546, 4.6892 ], [ 9.67, 4.6862 ], [ 9.679, 4.6704 ], [ 9.7078, 4.6662 ], [ 9.7052, 4.6478 ], [ 9.7224, 4.636 ], [ 9.718, 4.6082 ], [ 9.732, 4.6166 ], [ 9.7338, 4.6266 ], [ 9.7608, 4.6318 ], [ 9.7656, 4.6158 ], [ 9.778, 4.6146 ] ] ] } },
{ "type": "Feature", "properties": { "district": "Nkambe", "region": "Nord-Ouest" }, "geometry": { "type": "MultiPolygon", "coordinates": [ [ [ [ 10.894, 6.5632 ], [ 10.894, 6.5634 ], [ 10.8942, 6.5634 ], [ 10.894, 6.5632 ] ] ], [ [ [ 10.8692, 6.5936 ], [ 10.869, 6.5936 ], [ 10.8692, 6.5938 ], [ 10.8692, 6.5936 ] ] ], [ [ [ 10.319, 6.4816 ], [ 10.3122, 6.5148 ], [ 10.321, 6.5482 ], [ 10.3264, 6.5558 ], [ 10.3542, 6.5484 ], [ 10.3416, 6.6512 ], [ 10.3086, 6.658 ], [ 10.2906, 6.6712 ], [ 10.2882, 6.7972 ], [ 10.3114, 6.8848 ], [ 10.3196, 6.881 ], [ 10.3246, 6.858 ], [ 10.3366, 6.8502 ], [ 10.3526, 6.8818 ], [ 10.3606, 6.887 ], [ 10.3698, 6.883 ], [ 10.3762, 6.8952 ], [ 10.3906, 6.8996 ], [ 10.3984, 6.878 ], [ 10.396, 6.8626 ], [ 10.4222, 6.844 ], [ 10.4478, 6.8444 ], [ 10.4708, 6.8198 ], [ 10.4714, 6.8318 ], [ 10.487, 6.8292 ], [ 10.49, 6.8422 ], [ 10.5148, 6.8346 ], [ 10.5328, 6.84 ], [ 10.5406, 6.8264 ], [ 10.5584, 6.8214 ], [ 10.5754, 6.8268 ], [ 10.5944, 6.8212 ], [ 10.5832, 6.8002 ], [ 10.5916, 6.7636 ], [ 10.5874, 6.75 ], [ 10.6048, 6.7352 ], [ 10.628, 6.7366 ], [ 10.627, 6.723 ], [ 10.6464, 6.7102 ], [ 10.6434, 6.702 ], [ 10.6214, 6.6976 ], [ 10.6146, 6.6846 ], [ 10.629, 6.6742 ], [ 10.638, 6.654 ], [ 10.6568, 6.6412 ], [ 10.6806, 6.6438 ], [ 10.6834, 6.6564 ], [ 10.672, 6.6776 ], [ 10.6764, 6.68 ], [ 10.6974, 6.6758 ], [ 10.7018, 6.6674 ], [ 10.736, 6.6872 ], [ 10.7572, 6.677 ], [ 10.762, 6.686 ], [ 10.7502, 6.6992 ], [ 10.764, 6.7072 ], [ 10.78, 6.6958 ], [ 10.8054, 6.6978 ], [ 10.819, 6.7324 ], [ 10.8432, 6.7656 ], [ 10.826, 6.7864 ], [ 10.827, 6.7956 ], [ 10.8418, 6.7946 ], [ 10.8592, 6.807 ], [ 10.8766, 6.7958 ], [ 10.896, 6.7622 ], [ 10.9016, 6.772 ], [ 10.9102, 6.7666 ], [ 10.9162, 6.7092 ], [ 10.9452, 6.687 ], [ 10.9482, 6.6956 ], [ 10.9658, 6.6872 ], [ 10.9876, 6.6868 ], [ 10.9908, 6.6922 ], [ 10.9928, 6.687 ], [ 11.0306, 6.7148 ], [ 11.0532, 6.7078 ], [ 11.0582, 6.7154 ], [ 11.0756, 6.7028 ], [ 11.0544, 6.6802 ], [ 11.0518, 6.658 ], [ 11.0234, 6.6698 ], [ 11.0176, 6.6556 ], [ 10.986, 6.6386 ], [ 10.9824, 6.5804 ], [ 10.9638, 6.5532 ], [ 10.9508, 6.566 ], [ 10.9406, 6.5598 ], [ 10.9416, 6.5438 ], [ 10.9526, 6.5314 ], [ 10.9504, 6.5214 ], [ 10.9344, 6.5272 ], [ 10.9194, 6.5142 ], [ 10.9146, 6.539 ], [ 10.899, 6.541 ], [ 10.8908, 6.5502 ], [ 10.899, 6.5654 ], [ 10.8868, 6.5756 ], [ 10.8848, 6.5872 ], [ 10.8922, 6.5968 ], [ 10.8792, 6.5992 ], [ 10.8672, 6.5934 ], [ 10.8578, 6.567 ], [ 10.8462, 6.5624 ], [ 10.8412, 6.5454 ], [ 10.8296, 6.538 ], [ 10.828, 6.5238 ], [ 10.8152, 6.5164 ], [ 10.8102, 6.4972 ], [ 10.7982, 6.4938 ], [ 10.7904, 6.483 ], [ 10.7754, 6.476 ], [ 10.7556, 6.484 ], [ 10.7542, 6.4654 ], [ 10.7284, 6.4376 ], [ 10.71, 6.4478 ], [ 10.6944, 6.4334 ], [ 10.671, 6.4252 ], [ 10.6586, 6.443 ], [ 10.6464, 6.4414 ], [ 10.642, 6.4522 ], [ 10.6228, 6.4582 ], [ 10.6288, 6.4808 ], [ 10.6194, 6.474 ], [ 10.6082, 6.4864 ], [ 10.6052, 6.4768 ], [ 10.5952, 6.4766 ], [ 10.5826, 6.464 ], [ 10.5808, 6.4532 ], [ 10.57, 6.4498 ], [ 10.5512, 6.476 ], [ 10.5338, 6.4706 ], [ 10.5336, 6.4528 ], [ 10.5072, 6.4378 ], [ 10.515, 6.3818 ], [ 10.474, 6.3702 ], [ 10.469, 6.3832 ], [ 10.4896, 6.4072 ], [ 10.4792, 6.4304 ], [ 10.4852, 6.4376 ], [ 10.4766, 6.4484 ], [ 10.457, 6.4438 ], [ 10.4548, 6.4598 ], [ 10.4326, 6.4786 ], [ 10.3698, 6.468 ], [ 10.3606, 6.494 ], [ 10.3364, 6.4236 ], [ 10.338, 6.412 ], [ 10.3294, 6.4054 ], [ 10.3104, 6.4144 ], [ 10.3078, 6.4424 ], [ 10.32, 6.4516 ], [ 10.3042, 6.471 ], [ 10.319, 6.4816 ] ], [ [ 10.791, 6.4854 ], [ 10.7912, 6.4854 ], [ 10.791, 6.4856 ], [ 10.791, 6.4854 ] ], [ [ 10.7914, 6.4858 ], [ 10.7914, 6.486 ], [ 10.7912, 6.486 ], [ 10.7914, 6.4858 ] ], [ [ 10.8924, 6.5524 ], [ 10.8922, 6.5524 ], [ 10.8922, 6.5522 ], [ 10.8924, 6.5524 ] ] ] ] } },
{ "type": "Feature", "properties": { "district": "Nkolbisson", "region": "Centre" }, "geometry": { "type": "Polygon", "coordinates": [ [ [ 11.4842, 3.8712 ], [ 11.4676, 3.8566 ], [ 11.454, 3.856 ], [ 11.4516, 3.839 ], [ 11.4134, 3.866 ], [ 11.4108, 3.8776 ], [ 11.4626, 3.9094 ], [ 11.4842, 3.8712 ] ] ] } },
{ "type": "Feature", "properties": { "district": "Nkolndongo", "region": "Centre" }, "geometry": { "type": "Polygon", "coordinates": [ [ [ 11.5688, 3.8514 ], [ 11.565, 3.8558 ], [ 11.5398, 3.8464 ], [ 11.5236, 3.8488 ], [ 11.5132, 3.8402 ], [ 11.5214, 3.8576 ], [ 11.5502, 3.8728 ], [ 11.551, 3.8792 ], [ 11.5764, 3.8708 ], [ 11.578, 3.8582 ], [ 11.5688, 3.8514 ] ] ] } },
{ "type": "Feature", "properties": { "district": "Nkondjock", "region": "Littoral" }, "geometry": { "type": "Polygon", "coordinates": [ [ [ 10.1234, 4.7014 ], [ 10.1278, 4.717 ], [ 10.1592, 4.7312 ], [ 10.164, 4.7264 ], [ 10.181, 4.7392 ], [ 10.209, 4.729 ], [ 10.2136, 4.7378 ], [ 10.2084, 4.749 ], [ 10.216, 4.7572 ], [ 10.215, 4.7676 ], [ 10.1976, 4.7808 ], [ 10.1966, 4.7976 ], [ 10.1858, 4.8034 ], [ 10.2036, 4.846 ], [ 10.1898, 4.8516 ], [ 10.1856, 4.8756 ], [ 10.1724, 4.884 ], [ 10.158, 4.9164 ], [ 10.137, 4.925 ], [ 10.1272, 4.922 ], [ 10.129, 4.9296 ], [ 10.115, 4.9296 ], [ 10.1078, 4.9382 ], [ 10.1076, 4.958 ], [ 10.0954, 4.97 ], [ 10.1062, 4.9828 ], [ 10.1032, 4.9908 ], [ 10.1618, 4.978 ], [ 10.1748, 4.9972 ], [ 10.1936, 4.998 ], [ 10.2024, 5.0098 ], [ 10.1994, 5.0306 ], [ 10.2394, 5.0442 ], [ 10.2418, 5.0644 ], [ 10.2578, 5.0688 ], [ 10.2896, 5.0618 ], [ 10.3118, 5.0702 ], [ 10.3624, 5.065 ], [ 10.3702, 5.0572 ], [ 10.3652, 5.0176 ], [ 10.4176, 5.0096 ], [ 10.4312, 4.9984 ], [ 10.4348, 4.971 ], [ 10.4126, 4.9074 ], [ 10.4194, 4.898 ], [ 10.4148, 4.8788 ], [ 10.4278, 4.8512 ], [ 10.4186, 4.8228 ], [ 10.426, 4.8028 ], [ 10.4184, 4.7876 ], [ 10.494, 4.7234 ], [ 10.4942, 4.6946 ], [ 10.473, 4.6744 ], [ 10.47, 4.6474 ], [ 10.4566, 4.6486 ], [ 10.4348, 4.6176 ], [ 10.4182, 4.6082 ], [ 10.393, 4.5592 ], [ 10.362, 4.5842 ], [ 10.2924, 4.6208 ], [ 10.246, 4.5876 ], [ 10.2304, 4.592 ], [ 10.1776, 4.5666 ], [ 10.1636, 4.57 ], [ 10.1814, 4.5928 ], [ 10.1824, 4.664 ], [ 10.175, 4.684 ], [ 10.141, 4.7026 ], [ 10.1234, 4.7014 ] ] ] } },
{ "type": "Feature", "properties": { "district": "Nkongsamba", "region": "Littoral" }, "geometry": { "type": "Polygon", "coordinates": [ [ [ 9.8086, 4.9156 ], [ 9.8156, 4.9284 ], [ 9.84, 4.9198 ], [ 9.8328, 4.9424 ], [ 9.8424, 4.9552 ], [ 9.8604, 4.957 ], [ 9.8518, 4.9784 ], [ 9.8546, 5.001 ], [ 9.8974, 5.0238 ], [ 9.9346, 5.0242 ], [ 9.9326, 5.0184 ], [ 9.9574, 4.9986 ], [ 9.9518, 4.9834 ], [ 9.965, 4.965 ], [ 9.9944, 4.9564 ], [ 10.0154, 4.9214 ], [ 10.0116, 4.912 ], [ 10.017, 4.901 ], [ 9.9888, 4.8456 ], [ 9.9478, 4.8288 ], [ 9.9584, 4.801 ], [ 9.9804, 4.792 ], [ 9.9352, 4.7654 ], [ 9.911, 4.781 ], [ 9.8734, 4.759 ], [ 9.8674, 4.7406 ], [ 9.8562, 4.731 ], [ 9.846, 4.7306 ], [ 9.844, 4.745 ], [ 9.8204, 4.738 ], [ 9.8106, 4.7598 ], [ 9.8164, 4.7754 ], [ 9.8096, 4.8196 ], [ 9.832, 4.8356 ], [ 9.8612, 4.8418 ], [ 9.8656, 4.8518 ], [ 9.8614, 4.8628 ], [ 9.8502, 4.8624 ], [ 9.848, 4.8802 ], [ 9.8356, 4.8816 ], [ 9.8368, 4.8916 ], [ 9.812, 4.892 ], [ 9.8086, 4.9156 ] ] ] } },
{ "type": "Feature", "properties": { "district": "Ntui", "region": "Centre" }, "geometry": { "type": "Polygon", "coordinates": [ [ [ 11.9692, 4.7072 ], [ 11.972, 4.7004 ], [ 11.9778, 4.7054 ], [ 11.988, 4.6966 ], [ 11.9826, 4.6894 ], [ 11.9606, 4.6894 ], [ 11.9718, 4.6782 ], [ 11.9634, 4.678 ], [ 11.9606, 4.667 ], [ 11.9758, 4.6726 ], [ 11.9824, 4.6636 ], [ 11.9696, 4.6566 ], [ 11.9558, 4.6626 ], [ 11.9492, 4.6564 ], [ 11.934, 4.6576 ], [ 11.9504, 4.6352 ], [ 11.9206, 4.6344 ], [ 11.929, 4.6268 ], [ 11.9238, 4.6202 ], [ 11.9272, 4.609 ], [ 11.9194, 4.6052 ], [ 11.9328, 4.5854 ], [ 11.9212, 4.5884 ], [ 11.9162, 4.5742 ], [ 11.9066, 4.5786 ], [ 11.892, 4.5692 ], [ 11.8978, 4.5448 ], [ 11.9036, 4.5518 ], [ 11.9108, 4.5394 ], [ 11.9028, 4.5192 ], [ 11.9124, 4.509 ], [ 11.9074, 4.4962 ], [ 11.8888, 4.4788 ], [ 11.8406, 4.514 ], [ 11.8292, 4.501 ], [ 11.8066, 4.4916 ], [ 11.7998, 4.5028 ], [ 11.783, 4.491 ], [ 11.7668, 4.497 ], [ 11.759, 4.4622 ], [ 11.734, 4.468 ], [ 11.72, 4.4482 ], [ 11.728, 4.433 ], [ 11.7224, 4.4256 ], [ 11.744, 4.4128 ], [ 11.7186, 4.405 ], [ 11.7094, 4.377 ], [ 11.6878, 4.3676 ], [ 11.6704, 4.349 ], [ 11.6382, 4.3468 ], [ 11.5886, 4.3738 ], [ 11.5528, 4.3782 ], [ 11.5286, 4.4238 ], [ 11.4566, 4.4928 ], [ 11.438, 4.5022 ], [ 11.3788, 4.497 ], [ 11.3656, 4.4832 ], [ 11.3502, 4.4792 ], [ 11.3034, 4.5046 ], [ 11.29, 4.5054 ], [ 11.2682, 4.5222 ], [ 11.2706, 4.54 ], [ 11.3146, 4.5666 ], [ 11.3082, 4.5912 ], [ 11.3216, 4.6036 ], [ 11.3262, 4.6284 ], [ 11.342, 4.6418 ], [ 11.3376, 4.66 ], [ 11.3182, 4.658 ], [ 11.313, 4.6828 ], [ 11.3556, 4.681 ], [ 11.3828, 4.667 ], [ 11.38, 4.6878 ], [ 11.3894, 4.7294 ], [ 11.3266, 4.7598 ], [ 11.3186, 4.7832 ], [ 11.2956, 4.791 ], [ 11.2778, 4.7858 ], [ 11.2526, 4.792 ], [ 11.2938, 4.818 ], [ 11.2962, 4.83 ], [ 11.3228, 4.8478 ], [ 11.3376, 4.8796 ], [ 11.3372, 4.9048 ], [ 11.3488, 4.9186 ], [ 11.3228, 4.9288 ], [ 11.3352, 4.9392 ], [ 11.3334, 4.9766 ], [ 11.3536, 4.9956 ], [ 11.3378, 5.0326 ], [ 11.2882, 5.0208 ], [ 11.2492, 5.0594 ], [ 11.231, 5.1034 ], [ 11.1882, 5.1356 ], [ 11.1662, 5.1766 ], [ 11.1942, 5.2018 ], [ 11.216, 5.2356 ], [ 11.263, 5.2542 ], [ 11.2432, 5.2646 ], [ 11.2524, 5.2984 ], [ 11.2778, 5.3152 ], [ 11.3004, 5.3168 ], [ 11.3064, 5.3408 ], [ 11.357, 5.365 ], [ 11.3666, 5.358 ], [ 11.3852, 5.3758 ], [ 11.4214, 5.3648 ], [ 11.434, 5.3352 ], [ 11.4296, 5.3154 ], [ 11.4408, 5.3102 ], [ 11.4344, 5.3016 ], [ 11.4438, 5.2992 ], [ 11.4498, 5.2918 ], [ 11.4438, 5.2866 ], [ 11.4588, 5.2778 ], [ 11.4542, 5.2764 ], [ 11.4616, 5.2452 ], [ 11.471, 5.2326 ], [ 11.465, 5.228 ], [ 11.4802, 5.2274 ], [ 11.4776, 5.2208 ], [ 11.4942, 5.2098 ], [ 11.4944, 5.1966 ], [ 11.5078, 5.1922 ], [ 11.5098, 5.1632 ], [ 11.5234, 5.1452 ], [ 11.52, 5.1348 ], [ 11.5454, 5.1388 ], [ 11.5438, 5.1304 ], [ 11.5512, 5.1304 ], [ 11.5502, 5.119 ], [ 11.5578, 5.1104 ], [ 11.5716, 5.1138 ], [ 11.5692, 5.107 ], [ 11.5806, 5.1054 ], [ 11.5732, 5.1044 ], [ 11.567, 5.0892 ], [ 11.5586, 5.0912 ], [ 11.5644, 5.082 ], [ 11.5588, 5.0612 ], [ 11.564, 5.0506 ], [ 11.5718, 5.0484 ], [ 11.5818, 5.0582 ], [ 11.5922, 5.0354 ], [ 11.6128, 5.0296 ], [ 11.6094, 5.0226 ], [ 11.6322, 5.0276 ], [ 11.6504, 5.0072 ], [ 11.6562, 5.0106 ], [ 11.6594, 4.9912 ], [ 11.6834, 4.9686 ], [ 11.6802, 4.9524 ], [ 11.6674, 4.9422 ], [ 11.6764, 4.9232 ], [ 11.6644, 4.9064 ], [ 11.6866, 4.8644 ], [ 11.6768, 4.8512 ], [ 11.6766, 4.8246 ], [ 11.7024, 4.8064 ], [ 11.7044, 4.7804 ], [ 11.6916, 4.7768 ], [ 11.6906, 4.7686 ], [ 11.7352, 4.7608 ], [ 11.7354, 4.7352 ], [ 11.7468, 4.7192 ], [ 11.7494, 4.676 ], [ 11.7786, 4.6834 ], [ 11.7854, 4.7006 ], [ 11.794, 4.7026 ], [ 11.7966, 4.694 ], [ 11.8088, 4.6926 ], [ 11.8422, 4.712 ], [ 11.8756, 4.6984 ], [ 11.8788, 4.738 ], [ 11.9152, 4.7596 ], [ 11.9254, 4.7562 ], [ 11.9238, 4.7432 ], [ 11.9426, 4.7098 ], [ 11.952, 4.7038 ], [ 11.9692, 4.7072 ] ] ] } },
{ "type": "Feature", "properties": { "district": "Nwa", "region": "Nord-Ouest" }, "geometry": { "type": "MultiPolygon", "coordinates": [ [ [ [ 10.9888, 6.2806 ], [ 10.9888, 6.2804 ], [ 10.9886, 6.2806 ], [ 10.9888, 6.2806 ] ] ], [ [ [ 10.9756, 6.31 ], [ 10.9758, 6.3098 ], [ 10.9756, 6.3098 ], [ 10.9756, 6.31 ] ] ], [ [ [ 10.9736, 6.3256 ], [ 10.9738, 6.3258 ], [ 10.9738, 6.3256 ], [ 10.9736, 6.3256 ] ] ], [ [ [ 11.17, 6.3786 ], [ 11.17, 6.3788 ], [ 11.1702, 6.3786 ], [ 11.17, 6.3786 ] ] ], [ [ [ 10.9732, 6.3378 ], [ 10.9856, 6.3574 ], [ 10.9774, 6.3856 ], [ 10.967, 6.3876 ], [ 10.972, 6.4002 ], [ 10.9594, 6.4196 ], [ 10.9304, 6.4188 ], [ 10.9462, 6.461 ], [ 10.926, 6.4658 ], [ 10.925, 6.4714 ], [ 10.902, 6.4706 ], [ 10.8944, 6.4874 ], [ 10.9096, 6.4948 ], [ 10.9122, 6.512 ], [ 10.9318, 6.5264 ], [ 10.9504, 6.5214 ], [ 10.9526, 6.5314 ], [ 10.9416, 6.5438 ], [ 10.9406, 6.5598 ], [ 10.9508, 6.566 ], [ 10.9638, 6.5532 ], [ 10.9824, 6.5804 ], [ 10.986, 6.6386 ], [ 11.0176, 6.6556 ], [ 11.0234, 6.6698 ], [ 11.0518, 6.658 ], [ 11.0544, 6.6802 ], [ 11.0756, 6.7028 ], [ 11.0982, 6.6734 ], [ 11.0906, 6.6222 ], [ 11.0968, 6.5852 ], [ 11.0938, 6.5246 ], [ 11.1154, 6.514 ], [ 11.1394, 6.5368 ], [ 11.1442, 6.5292 ], [ 11.1704, 6.522 ], [ 11.1924, 6.5322 ], [ 11.2018, 6.5156 ], [ 11.189, 6.499 ], [ 11.1868, 6.4712 ], [ 11.1726, 6.4508 ], [ 11.1774, 6.4246 ], [ 11.171, 6.4124 ], [ 11.1806, 6.3998 ], [ 11.1704, 6.3846 ], [ 11.1678, 6.3596 ], [ 11.182, 6.3138 ], [ 11.1808, 6.2682 ], [ 11.187, 6.2624 ], [ 11.1818, 6.2562 ], [ 11.1604, 6.265 ], [ 11.1426, 6.2472 ], [ 11.1366, 6.225 ], [ 11.1248, 6.2286 ], [ 11.1042, 6.217 ], [ 11.0828, 6.2188 ], [ 11.0588, 6.2092 ], [ 11.049, 6.2162 ], [ 11.052, 6.2256 ], [ 11.04, 6.255 ], [ 11.0208, 6.2594 ], [ 11.0166, 6.2746 ], [ 10.9836, 6.2846 ], [ 10.9756, 6.2976 ], [ 10.9762, 6.2992 ], [ 10.9792, 6.3012 ], [ 10.9774, 6.3026 ], [ 10.978, 6.305 ], [ 10.9754, 6.3086 ], [ 10.9758, 6.309 ], [ 10.976, 6.3104 ], [ 10.9738, 6.3206 ], [ 10.9762, 6.3238 ], [ 10.9728, 6.3268 ], [ 10.9732, 6.3378 ] ], [ [ 10.9766, 6.2966 ], [ 10.9768, 6.2966 ], [ 10.9768, 6.2968 ], [ 10.9766, 6.2966 ] ], [ [ 10.9772, 6.3064 ], [ 10.9772, 6.3062 ], [ 10.9774, 6.3062 ], [ 10.9772, 6.3064 ] ], [ [ 10.9744, 6.32 ], [ 10.9742, 6.32 ], [ 10.9742, 6.3198 ], [ 10.9744, 6.32 ] ], [ [ 10.9746, 6.3212 ], [ 10.9744, 6.3212 ], [ 10.9746, 6.321 ], [ 10.9746, 6.3212 ] ], [ [ 10.9764, 6.3234 ], [ 10.9764, 6.3236 ], [ 10.9762, 6.3236 ], [ 10.9764, 6.3234 ] ], [ [ 10.9748, 6.3256 ], [ 10.9746, 6.3256 ], [ 10.9746, 6.3254 ], [ 10.9748, 6.3256 ] ] ], [ [ [ 11.1636, 6.5256 ], [ 11.1636, 6.5258 ], [ 11.1638, 6.5258 ], [ 11.1636, 6.5256 ] ] ] ] } },
{ "type": "Feature", "properties": { "district": "Nylon", "region": "Littoral" }, "geometry": { "type": "Polygon", "coordinates": [ [ [ 9.7608, 4.017 ], [ 9.7788, 3.9978 ], [ 9.7908, 4.0006 ], [ 9.7906, 3.9932 ], [ 9.7342, 4.011 ], [ 9.7184, 4.0224 ], [ 9.726, 4.0368 ], [ 9.7398, 4.0334 ], [ 9.7438, 4.0426 ], [ 9.752, 4.0358 ], [ 9.7454, 4.027 ], [ 9.7506, 4.0132 ], [ 9.7608, 4.017 ] ] ] } },
{ "type": "Feature", "properties": { "district": "Obala", "region": "Centre" }, "geometry": { "type": "MultiPolygon", "coordinates": [ [ [ [ 11.5772, 4.032 ], [ 11.5772, 4.0318 ], [ 11.577, 4.0318 ], [ 11.5772, 4.032 ] ] ], [ [ [ 11.3742, 4.092 ], [ 11.3796, 4.1032 ], [ 11.371, 4.12 ], [ 11.364, 4.1264 ], [ 11.3472, 4.1244 ], [ 11.3426, 4.1334 ], [ 11.3606, 4.132 ], [ 11.3656, 4.142 ], [ 11.3868, 4.1432 ], [ 11.3928, 4.1546 ], [ 11.4042, 4.1538 ], [ 11.419, 4.1672 ], [ 11.4106, 4.1768 ], [ 11.3902, 4.1788 ], [ 11.3812, 4.1952 ], [ 11.366, 4.2048 ], [ 11.3696, 4.2098 ], [ 11.4022, 4.2096 ], [ 11.422, 4.2366 ], [ 11.4346, 4.23 ], [ 11.4636, 4.238 ], [ 11.5006, 4.2354 ], [ 11.509, 4.2178 ], [ 11.5446, 4.217 ], [ 11.5474, 4.2158 ], [ 11.5494, 4.212 ], [ 11.5498, 4.2116 ], [ 11.5538, 4.2278 ], [ 11.5488, 4.2408 ], [ 11.5638, 4.2528 ], [ 11.5656, 4.2854 ], [ 11.5784, 4.2722 ], [ 11.6094, 4.2786 ], [ 11.6098, 4.2986 ], [ 11.6178, 4.3036 ], [ 11.605, 4.319 ], [ 11.6126, 4.348 ], [ 11.6276, 4.3538 ], [ 11.6408, 4.3462 ], [ 11.6704, 4.349 ], [ 11.7112, 4.3796 ], [ 11.723, 4.369 ], [ 11.7232, 4.3426 ], [ 11.6918, 4.328 ], [ 11.7218, 4.3106 ], [ 11.7242, 4.2892 ], [ 11.7038, 4.283 ], [ 11.686, 4.2646 ], [ 11.6882, 4.2386 ], [ 11.6674, 4.2272 ], [ 11.628, 4.2382 ], [ 11.6192, 4.2556 ], [ 11.608, 4.2264 ], [ 11.5988, 4.2196 ], [ 11.597, 4.2112 ], [ 11.6146, 4.1898 ], [ 11.585, 4.1662 ], [ 11.6052, 4.1388 ], [ 11.6086, 4.1214 ], [ 11.5868, 4.0974 ], [ 11.5776, 4.0734 ], [ 11.563, 4.0692 ], [ 11.5774, 4.034 ], [ 11.5732, 4.0234 ], [ 11.5356, 4.0244 ], [ 11.5334, 4.0106 ], [ 11.5176, 3.9914 ], [ 11.5124, 3.9968 ], [ 11.5056, 3.9928 ], [ 11.5016, 4.0068 ], [ 11.486, 4.01 ], [ 11.4778, 4.0196 ], [ 11.496, 4.0388 ], [ 11.4806, 4.076 ], [ 11.469, 4.0652 ], [ 11.4468, 4.0624 ], [ 11.3742, 4.092 ] ] ] ] } },
{ "type": "Feature", "properties": { "district": "Odza", "region": "Centre" }, "geometry": { "type": "Polygon", "coordinates": [ [ [ 11.5176, 3.8326 ], [ 11.5132, 3.8402 ], [ 11.5236, 3.8488 ], [ 11.5398, 3.8464 ], [ 11.565, 3.8558 ], [ 11.5688, 3.8514 ], [ 11.567, 3.8344 ], [ 11.538, 3.8026 ], [ 11.53, 3.7644 ], [ 11.5148, 3.7518 ], [ 11.499, 3.7588 ], [ 11.4988, 3.769 ], [ 11.4878, 3.7746 ], [ 11.5084, 3.7996 ], [ 11.5084, 3.8122 ], [ 11.5106, 3.815 ], [ 11.5108, 3.8176 ], [ 11.5176, 3.8326 ] ], [ [ 11.5112, 3.8176 ], [ 11.5114, 3.8176 ], [ 11.5114, 3.8178 ], [ 11.5112, 3.8176 ] ] ] } },
{ "type": "Feature", "properties": { "district": "Okola", "region": "Centre" }, "geometry": { "type": "Polygon", "coordinates": [ [ [ 11.2984, 3.8684 ], [ 11.2558, 3.8602 ], [ 11.2638, 3.8398 ], [ 11.2596, 3.83 ], [ 11.2256, 3.8168 ], [ 11.2042, 3.8178 ], [ 11.2136, 3.7982 ], [ 11.1968, 3.7944 ], [ 11.1882, 3.8066 ], [ 11.1484, 3.8012 ], [ 11.1422, 3.8416 ], [ 11.1572, 3.8428 ], [ 11.1802, 3.859 ], [ 11.1956, 3.8574 ], [ 11.2082, 3.8724 ], [ 11.2062, 3.879 ], [ 11.2188, 3.8844 ], [ 11.2202, 3.9014 ], [ 11.2056, 3.9126 ], [ 11.2118, 3.9228 ], [ 11.1778, 3.9464 ], [ 11.1934, 3.9466 ], [ 11.1952, 3.9574 ], [ 11.2074, 3.9632 ], [ 11.1918, 3.9858 ], [ 11.1916, 4.011 ], [ 11.1604, 4.01 ], [ 11.1612, 4.0352 ], [ 11.1526, 4.0466 ], [ 11.1436, 4.0526 ], [ 11.1296, 4.0488 ], [ 11.1432, 4.0608 ], [ 11.132, 4.0678 ], [ 11.1408, 4.0804 ], [ 11.1766, 4.0946 ], [ 11.2046, 4.0928 ], [ 11.2304, 4.105 ], [ 11.2318, 4.0792 ], [ 11.2494, 4.0916 ], [ 11.2658, 4.0828 ], [ 11.2742, 4.0912 ], [ 11.2974, 4.0852 ], [ 11.2902, 4.1054 ], [ 11.3028, 4.119 ], [ 11.3202, 4.1212 ], [ 11.3452, 4.1048 ], [ 11.364, 4.1264 ], [ 11.3784, 4.1116 ], [ 11.3732, 4.1084 ], [ 11.3796, 4.1032 ], [ 11.3746, 4.0914 ], [ 11.3878, 4.0924 ], [ 11.43, 4.0668 ], [ 11.462, 4.0634 ], [ 11.4806, 4.076 ], [ 11.496, 4.0388 ], [ 11.4792, 4.015 ], [ 11.5016, 4.0068 ], [ 11.5048, 3.9932 ], [ 11.5174, 3.9924 ], [ 11.5192, 3.9704 ], [ 11.5012, 3.9662 ], [ 11.5038, 3.9602 ], [ 11.4964, 3.9548 ], [ 11.4834, 3.9562 ], [ 11.4778, 3.9238 ], [ 11.4688, 3.914 ], [ 11.4152, 3.8824 ], [ 11.4006, 3.8608 ], [ 11.3786, 3.8718 ], [ 11.385, 3.8818 ], [ 11.374, 3.8928 ], [ 11.3354, 3.8762 ], [ 11.3164, 3.8786 ], [ 11.2984, 3.8684 ] ] ] } },
{ "type": "Feature", "properties": { "district": "Oku", "region": "Nord-Ouest" }, "geometry": { "type": "MultiPolygon", "coordinates": [ [ [ [ 10.4666, 6.3342 ], [ 10.4942, 6.3356 ], [ 10.4852, 6.3726 ], [ 10.5164, 6.3838 ], [ 10.5072, 6.4378 ], [ 10.5336, 6.4528 ], [ 10.5338, 6.4706 ], [ 10.5512, 6.476 ], [ 10.57, 6.4498 ], [ 10.5808, 6.4532 ], [ 10.5826, 6.464 ], [ 10.5952, 6.4766 ], [ 10.6052, 6.4768 ], [ 10.6082, 6.4864 ], [ 10.6194, 6.474 ], [ 10.6288, 6.4808 ], [ 10.6228, 6.4582 ], [ 10.6304, 6.46 ], [ 10.6304, 6.452 ], [ 10.6414, 6.4526 ], [ 10.6526, 6.44 ], [ 10.6576, 6.4132 ], [ 10.6686, 6.4024 ], [ 10.6546, 6.3882 ], [ 10.6526, 6.373 ], [ 10.6544, 6.37 ], [ 10.6454, 6.3566 ], [ 10.6216, 6.34 ], [ 10.6112, 6.3448 ], [ 10.5938, 6.3388 ], [ 10.6066, 6.3196 ], [ 10.5984, 6.3038 ], [ 10.6008, 6.3042 ], [ 10.6028, 6.3028 ], [ 10.6036, 6.3016 ], [ 10.6034, 6.3014 ], [ 10.5924, 6.297 ], [ 10.5648, 6.3074 ], [ 10.5738, 6.2894 ], [ 10.5696, 6.2488 ], [ 10.5946, 6.2376 ], [ 10.5894, 6.223 ], [ 10.6178, 6.208 ], [ 10.6152, 6.1932 ], [ 10.5992, 6.1972 ], [ 10.5896, 6.211 ], [ 10.5736, 6.2092 ], [ 10.5662, 6.2156 ], [ 10.5254, 6.21 ], [ 10.5196, 6.1996 ], [ 10.5216, 6.1698 ], [ 10.5322, 6.114 ], [ 10.5132, 6.0868 ], [ 10.4786, 6.0884 ], [ 10.476, 6.0972 ], [ 10.4536, 6.1028 ], [ 10.4464, 6.1182 ], [ 10.4528, 6.1248 ], [ 10.4436, 6.142 ], [ 10.428, 6.1502 ], [ 10.4344, 6.171 ], [ 10.429, 6.1902 ], [ 10.442, 6.2114 ], [ 10.4264, 6.2402 ], [ 10.4474, 6.2472 ], [ 10.4696, 6.2724 ], [ 10.4774, 6.291 ], [ 10.4666, 6.3342 ] ] ], [ [ [ 10.6542, 6.3718 ], [ 10.6542, 6.372 ], [ 10.6544, 6.372 ], [ 10.6542, 6.3718 ] ] ] ] } },
{ "type": "Feature", "properties": { "district": "Olamze", "region": "Sud" }, "geometry": { "type": "Polygon", "coordinates": [ [ [ 10.8186, 2.2076 ], [ 10.8736, 2.2278 ], [ 10.8922, 2.229 ], [ 10.8998, 2.223 ], [ 10.9274, 2.2374 ], [ 10.9672, 2.2366 ], [ 11.031, 2.279 ], [ 11.047, 2.2752 ], [ 11.0492, 2.2842 ], [ 11.0808, 2.2728 ], [ 11.0806, 2.2844 ], [ 11.0868, 2.2866 ], [ 11.1444, 2.2748 ], [ 11.1612, 2.2942 ], [ 11.187, 2.2916 ], [ 11.2006, 2.272 ], [ 11.187, 2.2462 ], [ 11.1728, 2.1718 ], [ 10.6292, 2.1724 ], [ 10.6164, 2.215 ], [ 10.626, 2.2316 ], [ 10.6668, 2.2218 ], [ 10.7008, 2.232 ], [ 10.7024, 2.222 ], [ 10.7182, 2.2164 ], [ 10.7518, 2.2222 ], [ 10.7592, 2.2454 ], [ 10.798, 2.2134 ], [ 10.8186, 2.2076 ] ] ] } },
{ "type": "Feature", "properties": { "district": "Penka Michel", "region": "Ouest" }, "geometry": { "type": "MultiPolygon", "coordinates": [ [ [ [ 10.2296, 5.3656 ], [ 10.2294, 5.3656 ], [ 10.2294, 5.3658 ], [ 10.2296, 5.3656 ] ] ], [ [ [ 10.191, 5.4792 ], [ 10.1874, 5.4914 ], [ 10.1966, 5.49 ], [ 10.2012, 5.4972 ], [ 10.19, 5.5062 ], [ 10.1952, 5.543 ], [ 10.2128, 5.5216 ], [ 10.2538, 5.5066 ], [ 10.2812, 5.5086 ], [ 10.2858, 5.5154 ], [ 10.2944, 5.5114 ], [ 10.299, 5.518 ], [ 10.306, 5.512 ], [ 10.311, 5.5268 ], [ 10.3284, 5.5326 ], [ 10.341, 5.5244 ], [ 10.3184, 5.4994 ], [ 10.339, 5.4682 ], [ 10.3254, 5.4264 ], [ 10.3034, 5.4012 ], [ 10.2744, 5.391 ], [ 10.249, 5.4008 ], [ 10.2482, 5.3794 ], [ 10.236, 5.377 ], [ 10.2032, 5.3404 ], [ 10.1942, 5.3388 ], [ 10.1884, 5.36 ], [ 10.1648, 5.3652 ], [ 10.1612, 5.3606 ], [ 10.1568, 5.3718 ], [ 10.1302, 5.3784 ], [ 10.122, 5.387 ], [ 10.1278, 5.3948 ], [ 10.1212, 5.4064 ], [ 10.1394, 5.4074 ], [ 10.1368, 5.4168 ], [ 10.1508, 5.4154 ], [ 10.149, 5.4422 ], [ 10.1386, 5.4458 ], [ 10.137, 5.461 ], [ 10.191, 5.4792 ] ], [ [ 10.2048, 5.344 ], [ 10.2044, 5.3442 ], [ 10.2048, 5.3438 ], [ 10.2048, 5.344 ] ], [ [ 10.2856, 5.514 ], [ 10.2856, 5.5142 ], [ 10.2854, 5.5142 ], [ 10.2856, 5.514 ] ], [ [ 10.3202, 5.5284 ], [ 10.3206, 5.5284 ], [ 10.3206, 5.5288 ], [ 10.3202, 5.5284 ] ] ], [ [ [ 10.1384, 5.4456 ], [ 10.1382, 5.4456 ], [ 10.1384, 5.4458 ], [ 10.1384, 5.4456 ] ] ] ] } },
{ "type": "Feature", "properties": { "district": "Pette", "region": "Extreme-Nord" }, "geometry": { "type": "Polygon", "coordinates": [ [ [ 14.4052, 10.8348 ], [ 14.4188, 10.8468 ], [ 14.4238, 10.8646 ], [ 14.4148, 10.8588 ], [ 14.409, 10.8638 ], [ 14.3902, 10.8556 ], [ 14.3722, 10.8578 ], [ 14.369, 10.8808 ], [ 14.3894, 10.8986 ], [ 14.3912, 10.9168 ], [ 14.402, 10.92 ], [ 14.4078, 10.97 ], [ 14.3918, 10.9736 ], [ 14.377, 10.9604 ], [ 14.364, 10.969 ], [ 14.3636, 10.9806 ], [ 14.3748, 10.9934 ], [ 14.395, 10.994 ], [ 14.427, 11.0194 ], [ 14.4284, 11.0482 ], [ 14.4086, 11.0642 ], [ 14.4258, 11.1026 ], [ 14.418, 11.1346 ], [ 14.449, 11.1548 ], [ 14.4796, 11.1634 ], [ 14.5296, 11.1184 ], [ 14.5384, 11.1022 ], [ 14.5694, 11.0914 ], [ 14.6026, 11.1104 ], [ 14.6234, 11.1326 ], [ 14.64, 11.1358 ], [ 14.6652, 11.124 ], [ 14.688, 11.1008 ], [ 14.7118, 11.0932 ], [ 14.6802, 11.0414 ], [ 14.7044, 11.0314 ], [ 14.7182, 11.0346 ], [ 14.7396, 11.0556 ], [ 14.7518, 11.0512 ], [ 14.7612, 11.0598 ], [ 14.772, 11.0518 ], [ 14.7566, 11.041 ], [ 14.748, 10.9932 ], [ 14.71, 10.9576 ], [ 14.6904, 10.9532 ], [ 14.6894, 10.946 ], [ 14.643, 10.9142 ], [ 14.6344, 10.9184 ], [ 14.6216, 10.9098 ], [ 14.6036, 10.9092 ], [ 14.5844, 10.921 ], [ 14.5742, 10.9076 ], [ 14.5792, 10.898 ], [ 14.5694, 10.8976 ], [ 14.5704, 10.8798 ], [ 14.54, 10.8814 ], [ 14.511, 10.8458 ], [ 14.498, 10.849 ], [ 14.4962, 10.8292 ], [ 14.4848, 10.822 ], [ 14.4894, 10.8038 ], [ 14.478, 10.7752 ], [ 14.448, 10.7736 ], [ 14.4336, 10.7586 ], [ 14.4244, 10.7644 ], [ 14.4236, 10.759 ], [ 14.4112, 10.7602 ], [ 14.4174, 10.771 ], [ 14.4074, 10.7808 ], [ 14.3856, 10.7822 ], [ 14.3952, 10.7874 ], [ 14.4052, 10.8348 ] ] ] } },
{ "type": "Feature", "properties": { "district": "Pitoa", "region": "Nord" }, "geometry": { "type": "Polygon", "coordinates": [ [ [ 13.4104, 9.3972 ], [ 13.4138, 9.4138 ], [ 13.4266, 9.407 ], [ 13.451, 9.4136 ], [ 13.4488, 9.423 ], [ 13.4344, 9.4316 ], [ 13.4356, 9.4428 ], [ 13.447, 9.4414 ], [ 13.4456, 9.4554 ], [ 13.461, 9.454 ], [ 13.4714, 9.4808 ], [ 13.4474, 9.4968 ], [ 13.456, 9.51 ], [ 13.4524, 9.5436 ], [ 13.4682, 9.557 ], [ 13.4726, 9.5758 ], [ 13.4876, 9.577 ], [ 13.4948, 9.5902 ], [ 13.544, 9.5848 ], [ 13.551, 9.592 ], [ 13.5728, 9.5894 ], [ 13.5832, 9.6016 ], [ 13.6184, 9.585 ], [ 13.651, 9.5988 ], [ 13.6578, 9.591 ], [ 13.6492, 9.5648 ], [ 13.669, 9.5396 ], [ 13.6924, 9.5708 ], [ 13.6958, 9.606 ], [ 13.7096, 9.6106 ], [ 13.7256, 9.6024 ], [ 13.7506, 9.567 ], [ 13.7626, 9.5826 ], [ 13.7752, 9.5828 ], [ 13.7696, 9.5638 ], [ 13.7826, 9.5634 ], [ 13.7906, 9.5492 ], [ 13.8032, 9.5452 ], [ 13.799, 9.5346 ], [ 13.8192, 9.5406 ], [ 13.8466, 9.5326 ], [ 13.8422, 9.5004 ], [ 13.8512, 9.4616 ], [ 13.8362, 9.4332 ], [ 13.8304, 9.4428 ], [ 13.81, 9.4378 ], [ 13.7916, 9.4432 ], [ 13.776, 9.4324 ], [ 13.769, 9.4418 ], [ 13.7452, 9.4494 ], [ 13.7474, 9.4416 ], [ 13.723, 9.4252 ], [ 13.7072, 9.3864 ], [ 13.6958, 9.381 ], [ 13.7036, 9.3714 ], [ 13.6918, 9.3328 ], [ 13.6954, 9.3206 ], [ 13.703, 9.3188 ], [ 13.7012, 9.3102 ], [ 13.6832, 9.297 ], [ 13.6732, 9.3074 ], [ 13.6612, 9.304 ], [ 13.65, 9.2816 ], [ 13.601, 9.2944 ], [ 13.6, 9.3044 ], [ 13.5844, 9.3028 ], [ 13.566, 9.3156 ], [ 13.5366, 9.3154 ], [ 13.528, 9.3312 ], [ 13.4824, 9.3494 ], [ 13.486, 9.3628 ], [ 13.4696, 9.3592 ], [ 13.4642, 9.3654 ], [ 13.45, 9.359 ], [ 13.4464, 9.3498 ], [ 13.4342, 9.3524 ], [ 13.4104, 9.3972 ] ] ] } },
{ "type": "Feature", "properties": { "district": "Poli", "region": "Nord" }, "geometry": { "type": "MultiPolygon", "coordinates": [ [ [ [ 13.4342, 8.402 ], [ 13.434, 8.402 ], [ 13.434, 8.4022 ], [ 13.4342, 8.402 ] ] ], [ [ [ 12.305, 8.4664 ], [ 12.3156, 8.473 ], [ 12.341, 8.4662 ], [ 12.3476, 8.4758 ], [ 12.3756, 8.4852 ], [ 12.3882, 8.48 ], [ 12.3986, 8.4886 ], [ 12.3942, 8.4968 ], [ 12.413, 8.5466 ], [ 12.4092, 8.6008 ], [ 12.42, 8.6256 ], [ 12.4384, 8.6182 ], [ 12.465, 8.6222 ], [ 12.4764, 8.6314 ], [ 12.4764, 8.6426 ], [ 12.4968, 8.6512 ], [ 12.5052, 8.6672 ], [ 12.5762, 8.6118 ], [ 12.5974, 8.6332 ], [ 12.5926, 8.6424 ], [ 12.6002, 8.6622 ], [ 12.647, 8.6542 ], [ 12.6632, 8.6696 ], [ 12.6812, 8.6626 ], [ 12.692, 8.6722 ], [ 12.6888, 8.7052 ], [ 12.7016, 8.7018 ], [ 12.7008, 8.7236 ], [ 12.709, 8.729 ], [ 12.693, 8.7498 ], [ 12.7144, 8.7546 ], [ 12.7078, 8.7734 ], [ 12.7256, 8.7876 ], [ 12.756, 8.7648 ], [ 12.7708, 8.7646 ], [ 12.7584, 8.8168 ], [ 12.764, 8.8372 ], [ 12.777, 8.8262 ], [ 12.7944, 8.8416 ], [ 12.7968, 8.8714 ], [ 12.7906, 8.8946 ], [ 12.764, 8.906 ], [ 12.7602, 8.9352 ], [ 12.7702, 8.9448 ], [ 12.7742, 8.9648 ], [ 12.7968, 8.9776 ], [ 12.8068, 9.0288 ], [ 12.8502, 9.0288 ], [ 12.8804, 9.0812 ], [ 12.8914, 9.0878 ], [ 12.8882, 9.102 ], [ 12.901, 9.1158 ], [ 12.8926, 9.1272 ], [ 12.8968, 9.1354 ], [ 12.8846, 9.1482 ], [ 12.8942, 9.1658 ], [ 12.888, 9.1788 ], [ 12.9024, 9.2042 ], [ 12.901, 9.221 ], [ 12.91, 9.2244 ], [ 12.9114, 9.2366 ], [ 12.921, 9.2316 ], [ 12.9136, 9.1618 ], [ 12.9324, 9.1376 ], [ 12.9304, 9.1208 ], [ 12.9472, 9.0964 ], [ 12.9508, 9.076 ], [ 12.9384, 9.0504 ], [ 12.9406, 9.0274 ], [ 12.9276, 8.9828 ], [ 12.885, 8.9246 ], [ 12.877, 8.9008 ], [ 12.8732, 8.8472 ], [ 12.8856, 8.8198 ], [ 12.8768, 8.798 ], [ 12.8776, 8.7616 ], [ 12.8868, 8.72 ], [ 12.8934, 8.7156 ], [ 12.8968, 8.7234 ], [ 12.908, 8.7248 ], [ 12.9168, 8.739 ], [ 12.9274, 8.7312 ], [ 12.944, 8.742 ], [ 12.967, 8.7372 ], [ 12.9434, 8.7872 ], [ 12.9558, 8.7858 ], [ 12.9774, 8.7606 ], [ 12.987, 8.7596 ], [ 12.9976, 8.7644 ], [ 13.0052, 8.7864 ], [ 13.0002, 8.79 ], [ 13.018, 8.8178 ], [ 13.0546, 8.7528 ], [ 13.0634, 8.752 ], [ 13.0884, 8.7156 ], [ 13.104, 8.7066 ], [ 13.1274, 8.7056 ], [ 13.1454, 8.7156 ], [ 13.1514, 8.7066 ], [ 13.1714, 8.7018 ], [ 13.2198, 8.731 ], [ 13.2686, 8.7162 ], [ 13.295, 8.7502 ], [ 13.306, 8.7468 ], [ 13.314, 8.757 ], [ 13.3214, 8.7582 ], [ 13.3482, 8.7448 ], [ 13.3568, 8.7354 ], [ 13.3848, 8.7334 ], [ 13.4104, 8.7426 ], [ 13.4406, 8.7378 ], [ 13.4472, 8.7328 ], [ 13.4306, 8.7076 ], [ 13.4302, 8.657 ], [ 13.4414, 8.6382 ], [ 13.4646, 8.631 ], [ 13.4788, 8.6372 ], [ 13.4814, 8.6268 ], [ 13.4718, 8.6176 ], [ 13.4766, 8.5958 ], [ 13.4702, 8.5618 ], [ 13.485, 8.5442 ], [ 13.488, 8.5004 ], [ 13.4864, 8.4848 ], [ 13.4664, 8.473 ], [ 13.4746, 8.4494 ], [ 13.4488, 8.4232 ], [ 13.4396, 8.4276 ], [ 13.4384, 8.4046 ], [ 13.4344, 8.4038 ], [ 13.4224, 8.3892 ], [ 13.4202, 8.3678 ], [ 13.3712, 8.3484 ], [ 13.3578, 8.3376 ], [ 13.359, 8.3242 ], [ 13.3538, 8.3236 ], [ 13.3608, 8.3152 ], [ 13.3874, 8.3146 ], [ 13.399, 8.3026 ], [ 13.3842, 8.2988 ], [ 13.3768, 8.2888 ], [ 13.3614, 8.2902 ], [ 13.3566, 8.2794 ], [ 13.3498, 8.2376 ], [ 13.355, 8.2192 ], [ 13.3664, 8.2152 ], [ 13.3706, 8.1848 ], [ 13.3632, 8.1758 ], [ 13.362, 8.1644 ], [ 13.3686, 8.1598 ], [ 13.362, 8.1402 ], [ 13.3432, 8.1228 ], [ 13.3436, 8.0956 ], [ 13.3126, 8.0898 ], [ 13.3096, 8.0818 ], [ 13.3028, 8.0842 ], [ 13.2982, 8.0744 ], [ 13.28, 8.0682 ], [ 13.2704, 8.0792 ], [ 13.2378, 8.0826 ], [ 13.2236, 8.107 ], [ 13.2044, 8.0952 ], [ 13.1744, 8.0908 ], [ 13.1378, 8.0996 ], [ 13.1092, 8.097 ], [ 13.0876, 8.1052 ], [ 13.0542, 8.1416 ], [ 13.028, 8.1536 ], [ 13.0304, 8.1732 ], [ 13.0202, 8.1816 ], [ 13.0076, 8.1704 ], [ 13.0046, 8.1506 ], [ 13.0148, 8.1372 ], [ 13.0196, 8.112 ], [ 13.0456, 8.0912 ], [ 13.0504, 8.0774 ], [ 13.0438, 8.053 ], [ 13.074, 8.0288 ], [ 13.1046, 8.0262 ], [ 13.117, 8.0144 ], [ 13.1526, 8.0018 ], [ 13.1574, 7.9842 ], [ 13.173, 7.9834 ], [ 13.177, 7.977 ], [ 13.2684, 7.9678 ], [ 13.3252, 7.9728 ], [ 13.3348, 7.9554 ], [ 13.3516, 7.9466 ], [ 13.3554, 7.9338 ], [ 13.3248, 7.9022 ], [ 13.3392, 7.8756 ], [ 13.3404, 7.858 ], [ 13.3076, 7.8216 ], [ 13.2934, 7.8192 ], [ 13.3044, 7.78 ], [ 13.2828, 7.7564 ], [ 13.2954, 7.746 ], [ 13.2832, 7.7002 ], [ 13.257, 7.6912 ], [ 13.2512, 7.6514 ], [ 13.2594, 7.6244 ], [ 13.2426, 7.6062 ], [ 13.2254, 7.6122 ], [ 13.2228, 7.6014 ], [ 13.1808, 7.6046 ], [ 13.139, 7.5938 ], [ 13.1262, 7.6014 ], [ 13.1216, 7.5968 ], [ 13.0784, 7.6028 ], [ 13.034, 7.6298 ], [ 13.0206, 7.6274 ], [ 12.9822, 7.6392 ], [ 12.9514, 7.6574 ], [ 12.9048, 7.6558 ], [ 12.8748, 7.6612 ], [ 12.8706, 7.6674 ], [ 12.8366, 7.6596 ], [ 12.7952, 7.6634 ], [ 12.7742, 7.6846 ], [ 12.764, 7.6822 ], [ 12.7384, 7.6932 ], [ 12.7304, 7.7388 ], [ 12.7096, 7.7266 ], [ 12.6336, 7.7558 ], [ 12.6314, 7.77 ], [ 12.6424, 7.7864 ], [ 12.6426, 7.801 ], [ 12.6302, 7.8256 ], [ 12.6524, 7.8662 ], [ 12.6304, 7.9012 ], [ 12.6256, 7.9264 ], [ 12.6432, 7.9654 ], [ 12.639, 7.9714 ], [ 12.6278, 7.9826 ], [ 12.6144, 7.983 ], [ 12.6054, 7.9702 ], [ 12.586, 7.9646 ], [ 12.5534, 7.9686 ], [ 12.5322, 7.9578 ], [ 12.5244, 7.9336 ], [ 12.489, 7.9284 ], [ 12.439, 7.97 ], [ 12.4306, 7.9886 ], [ 12.4184, 7.9934 ], [ 12.3868, 8.0356 ], [ 12.3758, 8.0362 ], [ 12.3544, 8.0562 ], [ 12.3478, 8.0534 ], [ 12.3262, 8.0738 ], [ 12.3254, 8.0856 ], [ 12.2958, 8.104 ], [ 12.2798, 8.1236 ], [ 12.2728, 8.1516 ], [ 12.283, 8.161 ], [ 12.2876, 8.19 ], [ 12.2786, 8.1786 ], [ 12.2572, 8.1746 ], [ 12.2388, 8.2188 ], [ 12.2542, 8.226 ], [ 12.2474, 8.2428 ], [ 12.2514, 8.2478 ], [ 12.24, 8.2634 ], [ 12.2496, 8.2882 ], [ 12.2488, 8.3076 ], [ 12.2354, 8.3378 ], [ 12.2408, 8.3734 ], [ 12.235, 8.3766 ], [ 12.2594, 8.4228 ], [ 12.2672, 8.4482 ], [ 12.2992, 8.4426 ], [ 12.305, 8.4664 ] ], [ [ 12.6426, 7.9672 ], [ 12.6424, 7.9676 ], [ 12.6422, 7.9672 ], [ 12.6426, 7.9672 ] ], [ [ 12.9424, 8.7404 ], [ 12.9424, 8.7406 ], [ 12.9422, 8.7406 ], [ 12.9424, 8.7404 ] ], [ [ 13.3122, 8.754 ], [ 13.3122, 8.7538 ], [ 13.3124, 8.7538 ], [ 13.3122, 8.754 ] ], [ [ 13.3294, 8.754 ], [ 13.3294, 8.7542 ], [ 13.3292, 8.7542 ], [ 13.3294, 8.754 ] ] ] ] } },
{ "type": "Feature", "properties": { "district": "Pouma", "region": "Littoral" }, "geometry": { "type": "Polygon", "coordinates": [ [ [ 10.6908, 4.0734 ], [ 10.6802, 4.0582 ], [ 10.686, 4.0454 ], [ 10.693, 4.0452 ], [ 10.6912, 4.0324 ], [ 10.7008, 4.0204 ], [ 10.647, 3.9676 ], [ 10.6466, 3.9198 ], [ 10.6608, 3.8774 ], [ 10.664, 3.8372 ], [ 10.6532, 3.8264 ], [ 10.6458, 3.8322 ], [ 10.6392, 3.8072 ], [ 10.6556, 3.7936 ], [ 10.6498, 3.7886 ], [ 10.6448, 3.7968 ], [ 10.647, 3.789 ], [ 10.6286, 3.7894 ], [ 10.6222, 3.7828 ], [ 10.6192, 3.7524 ], [ 10.6092, 3.747 ], [ 10.608, 3.7292 ], [ 10.598, 3.734 ], [ 10.5898, 3.7284 ], [ 10.5832, 3.7458 ], [ 10.574, 3.7414 ], [ 10.575, 3.7508 ], [ 10.5688, 3.7524 ], [ 10.5792, 3.7558 ], [ 10.5792, 3.7596 ], [ 10.5496, 3.7698 ], [ 10.5494, 3.7776 ], [ 10.535, 3.7898 ], [ 10.5292, 3.7868 ], [ 10.525, 3.796 ], [ 10.5202, 3.7926 ], [ 10.513, 3.8002 ], [ 10.5086, 3.7874 ], [ 10.5024, 3.8074 ], [ 10.491, 3.8046 ], [ 10.4886, 3.8168 ], [ 10.4768, 3.8098 ], [ 10.4652, 3.8168 ], [ 10.4696, 3.8212 ], [ 10.4644, 3.8386 ], [ 10.4792, 3.8474 ], [ 10.474, 3.8538 ], [ 10.4826, 3.8608 ], [ 10.4684, 3.9086 ], [ 10.4742, 3.9296 ], [ 10.4626, 3.9442 ], [ 10.4692, 3.9592 ], [ 10.4586, 3.9836 ], [ 10.4616, 4.0054 ], [ 10.4148, 4.0114 ], [ 10.3996, 4.021 ], [ 10.4462, 4.1022 ], [ 10.4642, 4.0862 ], [ 10.4832, 4.0404 ], [ 10.5094, 4.0308 ], [ 10.5188, 4.0156 ], [ 10.562, 4.046 ], [ 10.6002, 4.0458 ], [ 10.627, 4.0744 ], [ 10.6424, 4.0804 ], [ 10.6654, 4.0688 ], [ 10.6908, 4.0734 ] ] ] } },
{ "type": "Feature", "properties": { "district": "Rey Bouba", "region": "Nord" }, "geometry": { "type": "Polygon", "coordinates": [ [ [ 13.7648, 8.5714 ], [ 13.735, 8.5816 ], [ 13.7272, 8.6012 ], [ 13.689, 8.6152 ], [ 13.6792, 8.6264 ], [ 13.6884, 8.669 ], [ 13.6552, 8.7316 ], [ 13.6606, 8.7526 ], [ 13.6732, 8.766 ], [ 13.6844, 8.76 ], [ 13.685, 8.7688 ], [ 13.6952, 8.7728 ], [ 13.6922, 8.7824 ], [ 13.7072, 8.787 ], [ 13.7098, 8.798 ], [ 13.7132, 8.7874 ], [ 13.7206, 8.7868 ], [ 13.7224, 8.794 ], [ 13.7462, 8.7966 ], [ 13.749, 8.817 ], [ 13.7714, 8.8124 ], [ 13.7796, 8.8198 ], [ 13.7924, 8.819 ], [ 13.7848, 8.8242 ], [ 13.7886, 8.833 ], [ 13.8062, 8.8392 ], [ 13.8042, 8.8466 ], [ 13.8236, 8.8654 ], [ 13.8148, 8.8706 ], [ 13.815, 8.8792 ], [ 13.8414, 8.9064 ], [ 13.8332, 8.9038 ], [ 13.8292, 8.9102 ], [ 13.8394, 8.923 ], [ 13.8298, 8.9224 ], [ 13.8292, 8.9482 ], [ 13.8056, 8.9786 ], [ 13.816, 8.9948 ], [ 13.8098, 9.0072 ], [ 13.8148, 9.0334 ], [ 13.7968, 9.0428 ], [ 13.8234, 9.0746 ], [ 13.8586, 9.0644 ], [ 13.8688, 9.055 ], [ 13.8864, 9.061 ], [ 13.914, 9.0444 ], [ 13.9288, 9.0614 ], [ 13.9478, 9.0616 ], [ 13.9522, 9.075 ], [ 13.9676, 9.077 ], [ 13.9746, 9.0712 ], [ 13.9842, 9.1048 ], [ 13.97, 9.1596 ], [ 13.9962, 9.1758 ], [ 13.997, 9.1866 ], [ 14.0106, 9.1966 ], [ 14.0054, 9.2406 ], [ 14.0152, 9.2344 ], [ 14.0672, 9.2424 ], [ 14.0786, 9.2386 ], [ 14.1154, 9.2638 ], [ 14.1396, 9.2556 ], [ 14.1456, 9.2634 ], [ 14.1684, 9.2674 ], [ 14.182, 9.2468 ], [ 14.2606, 9.1904 ], [ 14.249, 9.2358 ], [ 14.2628, 9.2392 ], [ 14.2612, 9.2586 ], [ 14.2722, 9.2684 ], [ 14.2362, 9.3102 ], [ 14.234, 9.3306 ], [ 14.2426, 9.3348 ], [ 14.262, 9.329 ], [ 14.2582, 9.3438 ], [ 14.2702, 9.3518 ], [ 14.2644, 9.3602 ], [ 14.2918, 9.3668 ], [ 14.3022, 9.3832 ], [ 14.3174, 9.354 ], [ 14.3392, 9.3432 ], [ 14.3368, 9.3264 ], [ 14.3504, 9.321 ], [ 14.3668, 9.3 ], [ 14.3834, 9.2986 ], [ 14.394, 9.2832 ], [ 14.3716, 9.2686 ], [ 14.3638, 9.2314 ], [ 14.3484, 9.217 ], [ 14.3498, 9.1998 ], [ 14.3694, 9.1928 ], [ 14.373, 9.2018 ], [ 14.3844, 9.2004 ], [ 14.3928, 9.2104 ], [ 14.447, 9.207 ], [ 14.4502, 9.1934 ], [ 14.4658, 9.1776 ], [ 14.4954, 9.164 ], [ 14.4914, 9.1478 ], [ 14.502, 9.1228 ], [ 14.4876, 9.1 ], [ 14.505, 9.0654 ], [ 14.5622, 9.0372 ], [ 14.6096, 8.9804 ], [ 14.654, 8.9664 ], [ 14.6972, 8.9124 ], [ 14.6996, 8.8902 ], [ 14.687, 8.881 ], [ 14.6872, 8.8662 ], [ 14.7092, 8.8194 ], [ 14.676, 8.8078 ], [ 14.6716, 8.7972 ], [ 14.691, 8.787 ], [ 14.708, 8.8036 ], [ 14.7372, 8.8024 ], [ 14.7582, 8.8146 ], [ 14.7788, 8.8094 ], [ 14.8016, 8.8176 ], [ 14.8144, 8.8092 ], [ 14.8312, 8.81 ], [ 14.8248, 8.782 ], [ 14.8298, 8.7716 ], [ 14.818, 8.7484 ], [ 14.8288, 8.7356 ], [ 14.8266, 8.7248 ], [ 14.8, 8.6928 ], [ 14.802, 8.6846 ], [ 14.7102, 8.664 ], [ 14.6942, 8.6472 ], [ 14.6596, 8.6352 ], [ 14.6422, 8.6152 ], [ 14.5662, 8.6312 ], [ 14.5492, 8.647 ], [ 14.5116, 8.6306 ], [ 14.5178, 8.6176 ], [ 14.5122, 8.6012 ], [ 14.5224, 8.5836 ], [ 14.5326, 8.5766 ], [ 14.5736, 8.581 ], [ 14.6042, 8.549 ], [ 14.61, 8.532 ], [ 14.6008, 8.5202 ], [ 14.601, 8.506 ], [ 14.6072, 8.4914 ], [ 14.5962, 8.4776 ], [ 14.5962, 8.4642 ], [ 14.5778, 8.4526 ], [ 14.5472, 8.4486 ], [ 14.5362, 8.4618 ], [ 14.5128, 8.4654 ], [ 14.4986, 8.4578 ], [ 14.4836, 8.4634 ], [ 14.4618, 8.4482 ], [ 14.431, 8.4526 ], [ 14.4416, 8.447 ], [ 14.4416, 8.439 ], [ 14.4024, 8.435 ], [ 14.4026, 8.428 ], [ 14.3496, 8.4366 ], [ 14.3188, 8.4318 ], [ 14.2984, 8.4418 ], [ 14.2692, 8.4436 ], [ 14.2592, 8.4554 ], [ 14.2642, 8.4674 ], [ 14.2614, 8.4732 ], [ 14.2412, 8.4612 ], [ 14.216, 8.461 ], [ 14.2026, 8.4524 ], [ 14.1846, 8.4542 ], [ 14.173, 8.4638 ], [ 14.1622, 8.458 ], [ 14.1188, 8.4666 ], [ 14.108, 8.4806 ], [ 14.1182, 8.4958 ], [ 14.1018, 8.525 ], [ 14.0848, 8.5016 ], [ 14.046, 8.4926 ], [ 14.0196, 8.5026 ], [ 14.0088, 8.4928 ], [ 13.9876, 8.4902 ], [ 13.9842, 8.498 ], [ 13.9814, 8.493 ], [ 13.924, 8.505 ], [ 13.9174, 8.5268 ], [ 13.9038, 8.533 ], [ 13.8972, 8.5472 ], [ 13.8706, 8.5332 ], [ 13.861, 8.537 ], [ 13.856, 8.5512 ], [ 13.8326, 8.5416 ], [ 13.7952, 8.5426 ], [ 13.7858, 8.564 ], [ 13.7774, 8.567 ], [ 13.7692, 8.5604 ], [ 13.7648, 8.5714 ] ] ] } },
{ "type": "Feature", "properties": { "district": "Roua", "region": "Extreme-Nord" }, "geometry": { "type": "Polygon", "coordinates": [ [ [ 14.0158, 10.8712 ], [ 14.0138, 10.8314 ], [ 14.0026, 10.8044 ], [ 14.0246, 10.8072 ], [ 14.0592, 10.7986 ], [ 14.0706, 10.7772 ], [ 14.0496, 10.737 ], [ 14.0354, 10.7264 ], [ 14.0316, 10.671 ], [ 14.012, 10.6738 ], [ 14.0048, 10.6568 ], [ 13.9718, 10.6518 ], [ 13.9558, 10.6302 ], [ 13.9132, 10.6962 ], [ 13.8976, 10.6938 ], [ 13.8824, 10.7092 ], [ 13.8862, 10.717 ], [ 13.8796, 10.724 ], [ 13.892, 10.7354 ], [ 13.8908, 10.7434 ], [ 13.8752, 10.7472 ], [ 13.8712, 10.7648 ], [ 13.8592, 10.768 ], [ 13.846, 10.8086 ], [ 13.8746, 10.8246 ], [ 13.8744, 10.8304 ], [ 13.9042, 10.8222 ], [ 13.9528, 10.8386 ], [ 13.9632, 10.852 ], [ 13.9716, 10.8498 ], [ 13.983, 10.8734 ], [ 13.9946, 10.875 ], [ 14.0028, 10.8668 ], [ 14.0158, 10.8712 ] ] ] } },
{ "type": "Feature", "properties": { "district": "Sa'a", "region": "Centre" }, "geometry": { "type": "Polygon", "coordinates": [ [ [ 11.5286, 4.4238 ], [ 11.5528, 4.3782 ], [ 11.578, 4.3776 ], [ 11.6276, 4.3538 ], [ 11.6082, 4.341 ], [ 11.605, 4.319 ], [ 11.6178, 4.3036 ], [ 11.6098, 4.2986 ], [ 11.6092, 4.2782 ], [ 11.5784, 4.2722 ], [ 11.5656, 4.2854 ], [ 11.5638, 4.2528 ], [ 11.5488, 4.2408 ], [ 11.5538, 4.2278 ], [ 11.5498, 4.2116 ], [ 11.5446, 4.217 ], [ 11.509, 4.2178 ], [ 11.5006, 4.2354 ], [ 11.4636, 4.238 ], [ 11.4342, 4.23 ], [ 11.4242, 4.237 ], [ 11.4182, 4.2286 ], [ 11.3764, 4.249 ], [ 11.3696, 4.2932 ], [ 11.3812, 4.298 ], [ 11.385, 4.316 ], [ 11.3998, 4.322 ], [ 11.3868, 4.3474 ], [ 11.3988, 4.3436 ], [ 11.4158, 4.3594 ], [ 11.4046, 4.381 ], [ 11.3964, 4.3772 ], [ 11.3914, 4.3934 ], [ 11.371, 4.4044 ], [ 11.3814, 4.4144 ], [ 11.3968, 4.4152 ], [ 11.3992, 4.4456 ], [ 11.4116, 4.4586 ], [ 11.39, 4.4986 ], [ 11.4346, 4.5034 ], [ 11.4566, 4.4928 ], [ 11.5286, 4.4238 ] ] ] } },
{ "type": "Feature", "properties": { "district": "Sangmelima", "region": "Sud" }, "geometry": { "type": "Polygon", "coordinates": [ [ [ 12.5592, 2.8564 ], [ 12.558, 2.805 ], [ 12.5814, 2.7536 ], [ 12.563, 2.7626 ], [ 12.565, 2.7694 ], [ 12.5548, 2.7756 ], [ 12.532, 2.7784 ], [ 12.5058, 2.7712 ], [ 12.5154, 2.7526 ], [ 12.505, 2.743 ], [ 12.5102, 2.7252 ], [ 12.4836, 2.7028 ], [ 12.482, 2.6884 ], [ 12.4664, 2.6756 ], [ 12.461, 2.6578 ], [ 12.434, 2.6442 ], [ 12.4038, 2.656 ], [ 12.3744, 2.6432 ], [ 12.3506, 2.6568 ], [ 12.3072, 2.6176 ], [ 12.2732, 2.6068 ], [ 12.2602, 2.5886 ], [ 12.2418, 2.587 ], [ 12.2404, 2.5676 ], [ 12.1882, 2.5292 ], [ 12.183, 2.5416 ], [ 12.1656, 2.5518 ], [ 12.1598, 2.5672 ], [ 12.1152, 2.5824 ], [ 12.1286, 2.6096 ], [ 12.1244, 2.629 ], [ 12.1164, 2.6332 ], [ 12.088, 2.6374 ], [ 12.0504, 2.6066 ], [ 12.02, 2.6108 ], [ 11.9984, 2.5874 ], [ 11.9666, 2.5838 ], [ 11.9388, 2.593 ], [ 11.9146, 2.6284 ], [ 11.8888, 2.6262 ], [ 11.893, 2.6518 ], [ 11.9112, 2.6566 ], [ 11.883, 2.6748 ], [ 11.819, 2.6786 ], [ 11.7992, 2.7268 ], [ 11.8156, 2.7574 ], [ 11.801, 2.7582 ], [ 11.7994, 2.776 ], [ 11.7802, 2.7808 ], [ 11.771, 2.7914 ], [ 11.7672, 2.8134 ], [ 11.7554, 2.8238 ], [ 11.7628, 2.8426 ], [ 11.7432, 2.8518 ], [ 11.7264, 2.8482 ], [ 11.7172, 2.8716 ], [ 11.697, 2.8586 ], [ 11.6928, 2.847 ], [ 11.6764, 2.8436 ], [ 11.6776, 2.8382 ], [ 11.6586, 2.8546 ], [ 11.6356, 2.8474 ], [ 11.59, 2.8572 ], [ 11.554, 2.8416 ], [ 11.5322, 2.8552 ], [ 11.5096, 2.8534 ], [ 11.5034, 2.8594 ], [ 11.492, 2.8532 ], [ 11.4858, 2.8776 ], [ 11.5244, 2.8826 ], [ 11.5324, 2.8912 ], [ 11.5246, 2.9002 ], [ 11.5396, 2.939 ], [ 11.5514, 2.9472 ], [ 11.5902, 2.9534 ], [ 11.6474, 2.9862 ], [ 11.6628, 2.9806 ], [ 11.6672, 2.992 ], [ 11.6546, 3.007 ], [ 11.6642, 3.0236 ], [ 11.6728, 3.025 ], [ 11.6404, 3.0322 ], [ 11.6326, 3.0476 ], [ 11.635, 3.072 ], [ 11.6232, 3.0808 ], [ 11.6482, 3.0856 ], [ 11.6646, 3.0994 ], [ 11.6744, 3.1204 ], [ 11.7074, 3.1196 ], [ 11.7248, 3.1098 ], [ 11.7404, 3.1144 ], [ 11.828, 3.0806 ], [ 11.8394, 3.1188 ], [ 11.8812, 3.112 ], [ 11.893, 3.1168 ], [ 11.9058, 3.159 ], [ 11.9256, 3.1686 ], [ 11.9424, 3.167 ], [ 11.9496, 3.1746 ], [ 11.9482, 3.1852 ], [ 11.9638, 3.1784 ], [ 11.9506, 3.2004 ], [ 11.9562, 3.2118 ], [ 11.967, 3.2138 ], [ 11.9836, 3.1912 ], [ 11.9776, 3.1888 ], [ 11.9862, 3.1772 ], [ 11.9876, 3.1456 ], [ 12.0, 3.1188 ], [ 12.01, 3.1126 ], [ 12.0278, 3.1146 ], [ 12.0336, 3.1064 ], [ 12.028, 3.085 ], [ 12.0316, 3.0442 ], [ 12.0208, 3.0026 ], [ 12.026, 2.9812 ], [ 12.0164, 2.961 ], [ 12.028, 2.9446 ], [ 12.0674, 2.9694 ], [ 12.0894, 2.9616 ], [ 12.148, 2.9662 ], [ 12.1568, 2.99 ], [ 12.154, 3.0056 ], [ 12.1708, 3.0264 ], [ 12.1778, 2.9888 ], [ 12.1922, 2.9598 ], [ 12.2028, 2.9572 ], [ 12.2216, 2.9678 ], [ 12.2394, 2.94 ], [ 12.2724, 2.9334 ], [ 12.2726, 2.9014 ], [ 12.2864, 2.8656 ], [ 12.2826, 2.8552 ], [ 12.2964, 2.8408 ], [ 12.312, 2.8346 ], [ 12.3356, 2.844 ], [ 12.3584, 2.8598 ], [ 12.379, 2.8876 ], [ 12.3854, 2.879 ], [ 12.4136, 2.8762 ], [ 12.4326, 2.8518 ], [ 12.4576, 2.8608 ], [ 12.4824, 2.855 ], [ 12.4906, 2.8408 ], [ 12.5302, 2.8382 ], [ 12.5592, 2.8564 ] ] ] } },
{ "type": "Feature", "properties": { "district": "Santa", "region": "Nord-Ouest" }, "geometry": { "type": "MultiPolygon", "coordinates": [ [ [ [ 10.2792, 5.7232 ], [ 10.2792, 5.7234 ], [ 10.2794, 5.7234 ], [ 10.2792, 5.7232 ] ] ], [ [ [ 10.1604, 5.7684 ], [ 10.1604, 5.7686 ], [ 10.1606, 5.7686 ], [ 10.1604, 5.7684 ] ] ], [ [ [ 10.3054, 5.7906 ], [ 10.3054, 5.7908 ], [ 10.3056, 5.7906 ], [ 10.3054, 5.7906 ] ] ], [ [ [ 10.0036, 5.771 ], [ 9.9932, 5.7856 ], [ 10.0054, 5.787 ], [ 9.999, 5.7986 ], [ 10.0218, 5.8108 ], [ 10.018, 5.8182 ], [ 10.0296, 5.81 ], [ 10.0366, 5.8152 ], [ 10.0346, 5.8244 ], [ 10.0466, 5.8202 ], [ 10.0554, 5.8272 ], [ 10.0758, 5.8146 ], [ 10.0862, 5.8236 ], [ 10.0814, 5.837 ], [ 10.0876, 5.8472 ], [ 10.0652, 5.8492 ], [ 10.065, 5.875 ], [ 10.0748, 5.8808 ], [ 10.0752, 5.8918 ], [ 10.1084, 5.8836 ], [ 10.1258, 5.8922 ], [ 10.1372, 5.8886 ], [ 10.1304, 5.902 ], [ 10.1468, 5.9076 ], [ 10.1418, 5.9188 ], [ 10.1578, 5.9216 ], [ 10.2, 5.9096 ], [ 10.2054, 5.9178 ], [ 10.2328, 5.9242 ], [ 10.2516, 5.9178 ], [ 10.2628, 5.923 ], [ 10.2854, 5.9086 ], [ 10.2772, 5.8594 ], [ 10.2998, 5.8538 ], [ 10.2966, 5.803 ], [ 10.3068, 5.7886 ], [ 10.288, 5.7868 ], [ 10.2756, 5.7632 ], [ 10.2774, 5.762 ], [ 10.279, 5.7564 ], [ 10.2824, 5.7528 ], [ 10.2858, 5.7438 ], [ 10.3056, 5.7302 ], [ 10.307, 5.7212 ], [ 10.2972, 5.7132 ], [ 10.2776, 5.7266 ], [ 10.251, 5.721 ], [ 10.2408, 5.734 ], [ 10.2038, 5.7442 ], [ 10.1752, 5.7702 ], [ 10.1632, 5.7648 ], [ 10.1578, 5.7744 ], [ 10.1384, 5.7806 ], [ 10.114, 5.7738 ], [ 10.1112, 5.7672 ], [ 10.1012, 5.7568 ], [ 10.1022, 5.7466 ], [ 10.0884, 5.7392 ], [ 10.08, 5.7116 ], [ 10.0468, 5.7216 ], [ 9.9978, 5.7188 ], [ 9.9992, 5.7342 ], [ 9.989, 5.7428 ], [ 9.989, 5.7582 ], [ 9.9728, 5.7786 ], [ 10.0036, 5.771 ] ], [ [ 10.2774, 5.7612 ], [ 10.2772, 5.7612 ], [ 10.2772, 5.761 ], [ 10.2774, 5.7612 ] ], [ [ 10.1112, 5.7674 ], [ 10.111, 5.7676 ], [ 10.111, 5.7674 ], [ 10.1112, 5.7674 ] ] ] ] } },
{ "type": "Feature", "properties": { "district": "Santchou", "region": "Ouest" }, "geometry": { "type": "MultiPolygon", "coordinates": [ [ [ [ 9.8336, 5.2706 ], [ 9.834, 5.2708 ], [ 9.834, 5.2702 ], [ 9.8336, 5.2706 ] ] ], [ [ [ 9.8288, 5.2778 ], [ 9.8288, 5.2776 ], [ 9.8286, 5.2778 ], [ 9.8288, 5.2778 ] ] ], [ [ [ 9.825, 5.2844 ], [ 9.8252, 5.2844 ], [ 9.825, 5.2842 ], [ 9.825, 5.2844 ] ] ], [ [ [ 9.837, 5.3352 ], [ 9.8356, 5.3422 ], [ 9.8486, 5.3486 ], [ 9.8688, 5.3554 ], [ 9.8898, 5.3506 ], [ 9.9146, 5.3782 ], [ 9.9338, 5.3804 ], [ 9.9488, 5.3752 ], [ 9.953, 5.3534 ], [ 9.9606, 5.348 ], [ 9.9564, 5.3444 ], [ 9.9796, 5.3278 ], [ 10.0036, 5.338 ], [ 10.008, 5.3742 ], [ 10.0248, 5.382 ], [ 10.046, 5.3734 ], [ 10.0408, 5.339 ], [ 10.0218, 5.3222 ], [ 10.0256, 5.312 ], [ 10.05, 5.2874 ], [ 10.0604, 5.2884 ], [ 10.0746, 5.3026 ], [ 10.0832, 5.299 ], [ 10.1142, 5.257 ], [ 10.0736, 5.2508 ], [ 10.052, 5.2398 ], [ 10.0472, 5.23 ], [ 10.0184, 5.2248 ], [ 10.0032, 5.204 ], [ 9.9922, 5.2176 ], [ 9.9956, 5.233 ], [ 9.987, 5.2584 ], [ 9.9784, 5.2698 ], [ 9.9622, 5.2716 ], [ 9.9478, 5.2846 ], [ 9.9224, 5.2768 ], [ 9.9052, 5.2816 ], [ 9.8798, 5.2536 ], [ 9.846, 5.2594 ], [ 9.8354, 5.267 ], [ 9.8348, 5.2706 ], [ 9.8272, 5.2802 ], [ 9.8284, 5.2842 ], [ 9.8272, 5.2848 ], [ 9.8028, 5.3146 ], [ 9.8232, 5.3188 ], [ 9.837, 5.3352 ] ], [ [ 9.8918, 5.2692 ], [ 9.892, 5.2696 ], [ 9.8916, 5.2696 ], [ 9.8918, 5.2692 ] ] ] ] } },
{ "type": "Feature", "properties": { "district": "Soa", "region": "Centre" }, "geometry": { "type": "Polygon", "coordinates": [ [ [ 11.5196, 3.9696 ], [ 11.5176, 3.9914 ], [ 11.5334, 4.0106 ], [ 11.5356, 4.0244 ], [ 11.5742, 4.0244 ], [ 11.5774, 4.034 ], [ 11.563, 4.0692 ], [ 11.5776, 4.0734 ], [ 11.5868, 4.0974 ], [ 11.6082, 4.1212 ], [ 11.6336, 4.132 ], [ 11.6878, 4.1148 ], [ 11.694, 4.0756 ], [ 11.6634, 4.0722 ], [ 11.6492, 4.0616 ], [ 11.6536, 4.0442 ], [ 11.6322, 4.0342 ], [ 11.6358, 4.0252 ], [ 11.6254, 3.9962 ], [ 11.6268, 3.9888 ], [ 11.6348, 3.9878 ], [ 11.6302, 3.9802 ], [ 11.6356, 3.9722 ], [ 11.6456, 3.9742 ], [ 11.6422, 3.9642 ], [ 11.6506, 3.939 ], [ 11.665, 3.9436 ], [ 11.6814, 3.935 ], [ 11.6674, 3.8974 ], [ 11.6538, 3.9 ], [ 11.6634, 3.8798 ], [ 11.6512, 3.8852 ], [ 11.6466, 3.876 ], [ 11.6352, 3.8748 ], [ 11.6066, 3.888 ], [ 11.5734, 3.8712 ], [ 11.5742, 3.9106 ], [ 11.5656, 3.9232 ], [ 11.5746, 3.9412 ], [ 11.5606, 3.947 ], [ 11.5582, 3.9588 ], [ 11.5446, 3.953 ], [ 11.5196, 3.9696 ] ], [ [ 11.5772, 4.0318 ], [ 11.5772, 4.032 ], [ 11.577, 4.032 ], [ 11.5772, 4.0318 ] ] ] } },
{ "type": "Feature", "properties": { "district": "Tchollire", "region": "Nord" }, "geometry": { "type": "Polygon", "coordinates": [ [ [ 13.4118, 7.9632 ], [ 13.3514, 7.9668 ], [ 13.3276, 7.977 ], [ 13.2684, 7.9678 ], [ 13.177, 7.977 ], [ 13.173, 7.9834 ], [ 13.1574, 7.9842 ], [ 13.1526, 8.0018 ], [ 13.117, 8.0144 ], [ 13.1046, 8.0262 ], [ 13.074, 8.0288 ], [ 13.0438, 8.053 ], [ 13.0504, 8.0774 ], [ 13.0456, 8.0912 ], [ 13.0196, 8.112 ], [ 13.0148, 8.1372 ], [ 13.0046, 8.1506 ], [ 13.0076, 8.1704 ], [ 13.0202, 8.1816 ], [ 13.0304, 8.1732 ], [ 13.028, 8.1536 ], [ 13.0542, 8.1416 ], [ 13.0876, 8.1052 ], [ 13.1092, 8.097 ], [ 13.1378, 8.0996 ], [ 13.1744, 8.0908 ], [ 13.2044, 8.0952 ], [ 13.2236, 8.107 ], [ 13.2378, 8.0826 ], [ 13.2704, 8.0792 ], [ 13.28, 8.0682 ], [ 13.2982, 8.0744 ], [ 13.3028, 8.0842 ], [ 13.3096, 8.0818 ], [ 13.3126, 8.0898 ], [ 13.3436, 8.0956 ], [ 13.3432, 8.1228 ], [ 13.3618, 8.1398 ], [ 13.3686, 8.1598 ], [ 13.362, 8.1644 ], [ 13.3706, 8.1848 ], [ 13.3664, 8.2152 ], [ 13.355, 8.2192 ], [ 13.3498, 8.2376 ], [ 13.3608, 8.2894 ], [ 13.3768, 8.2888 ], [ 13.3842, 8.2988 ], [ 13.4058, 8.3026 ], [ 13.4326, 8.3216 ], [ 13.4706, 8.3026 ], [ 13.4854, 8.3176 ], [ 13.4948, 8.3126 ], [ 13.5182, 8.3258 ], [ 13.5318, 8.3256 ], [ 13.5912, 8.3832 ], [ 13.5978, 8.4034 ], [ 13.6086, 8.4114 ], [ 13.589, 8.4452 ], [ 13.5872, 8.4732 ], [ 13.5978, 8.4852 ], [ 13.6058, 8.4826 ], [ 13.6168, 8.4932 ], [ 13.6554, 8.5066 ], [ 13.6584, 8.5216 ], [ 13.6502, 8.538 ], [ 13.6682, 8.553 ], [ 13.6642, 8.566 ], [ 13.6714, 8.5876 ], [ 13.6588, 8.6038 ], [ 13.657, 8.625 ], [ 13.665, 8.627 ], [ 13.672, 8.652 ], [ 13.686, 8.6594 ], [ 13.6792, 8.6264 ], [ 13.6888, 8.6154 ], [ 13.7272, 8.6012 ], [ 13.735, 8.5816 ], [ 13.7648, 8.5714 ], [ 13.7692, 8.5604 ], [ 13.7774, 8.567 ], [ 13.7858, 8.564 ], [ 13.7942, 8.5428 ], [ 13.8326, 8.5416 ], [ 13.856, 8.5512 ], [ 13.861, 8.537 ], [ 13.8706, 8.5332 ], [ 13.8972, 8.5472 ], [ 13.9038, 8.533 ], [ 13.9174, 8.5268 ], [ 13.924, 8.505 ], [ 13.9814, 8.493 ], [ 13.9842, 8.498 ], [ 13.9892, 8.49 ], [ 14.0088, 8.4928 ], [ 14.0196, 8.5026 ], [ 14.046, 8.4926 ], [ 14.0848, 8.5016 ], [ 14.1018, 8.525 ], [ 14.1182, 8.4958 ], [ 14.108, 8.4806 ], [ 14.1188, 8.4666 ], [ 14.1622, 8.458 ], [ 14.173, 8.4638 ], [ 14.1846, 8.4542 ], [ 14.2026, 8.4524 ], [ 14.216, 8.461 ], [ 14.2412, 8.4612 ], [ 14.2614, 8.4732 ], [ 14.2592, 8.4554 ], [ 14.2746, 8.4404 ], [ 14.4026, 8.428 ], [ 14.4024, 8.435 ], [ 14.4416, 8.439 ], [ 14.4416, 8.447 ], [ 14.431, 8.4526 ], [ 14.4618, 8.4482 ], [ 14.4836, 8.4634 ], [ 14.4986, 8.4578 ], [ 14.5128, 8.4654 ], [ 14.5362, 8.4618 ], [ 14.548, 8.4486 ], [ 14.5778, 8.4526 ], [ 14.5962, 8.4642 ], [ 14.5962, 8.4776 ], [ 14.6072, 8.4914 ], [ 14.601, 8.506 ], [ 14.6008, 8.5202 ], [ 14.61, 8.532 ], [ 14.604, 8.5494 ], [ 14.5736, 8.581 ], [ 14.5326, 8.5766 ], [ 14.5224, 8.5836 ], [ 14.5122, 8.6012 ], [ 14.5178, 8.6176 ], [ 14.5116, 8.6306 ], [ 14.5492, 8.647 ], [ 14.5662, 8.6312 ], [ 14.6422, 8.6152 ], [ 14.6596, 8.6352 ], [ 14.6942, 8.6472 ], [ 14.7102, 8.664 ], [ 14.802, 8.6846 ], [ 14.8, 8.6928 ], [ 14.8188, 8.7084 ], [ 14.827, 8.7266 ], [ 14.8288, 8.7356 ], [ 14.818, 8.7484 ], [ 14.8298, 8.7716 ], [ 14.8248, 8.7812 ], [ 14.8314, 8.793 ], [ 14.8296, 8.8106 ], [ 14.8516, 8.8096 ], [ 14.8534, 8.8182 ], [ 14.8628, 8.8144 ], [ 14.8724, 8.8222 ], [ 14.877, 8.8158 ], [ 14.8998, 8.8128 ], [ 14.9036, 8.7934 ], [ 14.9226, 8.7782 ], [ 14.908, 8.761 ], [ 14.9222, 8.7508 ], [ 14.9488, 8.7548 ], [ 14.9832, 8.7332 ], [ 14.9896, 8.7248 ], [ 14.9816, 8.6862 ], [ 15.0168, 8.6852 ], [ 15.0316, 8.6742 ], [ 15.1014, 8.6824 ], [ 15.178, 8.6394 ], [ 15.1812, 8.6252 ], [ 15.212, 8.6166 ], [ 15.2074, 8.58 ], [ 15.2168, 8.5744 ], [ 15.2184, 8.552 ], [ 15.2272, 8.5474 ], [ 15.2252, 8.5274 ], [ 15.2484, 8.5086 ], [ 15.274, 8.461 ], [ 15.3302, 8.421 ], [ 15.35, 8.4162 ], [ 15.3594, 8.3962 ], [ 15.3802, 8.389 ], [ 15.4048, 8.363 ], [ 15.4308, 8.3544 ], [ 15.4146, 8.3478 ], [ 15.3988, 8.3282 ], [ 15.375, 8.3186 ], [ 15.3552, 8.3174 ], [ 15.323, 8.3282 ], [ 15.2836, 8.3222 ], [ 15.2462, 8.2554 ], [ 15.229, 8.2484 ], [ 15.2058, 8.222 ], [ 15.1784, 8.2106 ], [ 15.159, 8.1906 ], [ 15.1612, 8.1846 ], [ 15.1482, 8.1854 ], [ 15.1346, 8.1488 ], [ 15.0888, 8.132 ], [ 15.0882, 8.1252 ], [ 15.104, 8.1198 ], [ 15.1082, 8.102 ], [ 15.0818, 8.0988 ], [ 15.0794, 8.0822 ], [ 15.0612, 8.0576 ], [ 14.9934, 8.0174 ], [ 14.9348, 7.9964 ], [ 14.918, 7.9816 ], [ 14.8974, 8.0186 ], [ 14.8612, 8.0406 ], [ 14.8492, 8.0278 ], [ 14.8294, 8.06 ], [ 14.8198, 8.0646 ], [ 14.8082, 8.0566 ], [ 14.7762, 8.0576 ], [ 14.7654, 8.0462 ], [ 14.752, 8.058 ], [ 14.7328, 8.0616 ], [ 14.7222, 8.0534 ], [ 14.6618, 8.0574 ], [ 14.6444, 8.0802 ], [ 14.5862, 8.0626 ], [ 14.577, 8.0846 ], [ 14.539, 8.0998 ], [ 14.5212, 8.097 ], [ 14.504, 8.1142 ], [ 14.439, 8.152 ], [ 14.3862, 8.1712 ], [ 14.3434, 8.1596 ], [ 14.3398, 8.138 ], [ 14.3244, 8.1198 ], [ 14.3244, 8.1034 ], [ 14.3098, 8.0994 ], [ 14.336, 8.081 ], [ 14.3306, 8.0684 ], [ 14.29, 8.0744 ], [ 14.2706, 8.0894 ], [ 14.2444, 8.0918 ], [ 14.2326, 8.1022 ], [ 14.2002, 8.0996 ], [ 14.2022, 8.093 ], [ 14.2268, 8.0856 ], [ 14.2598, 8.0522 ], [ 14.2524, 8.0374 ], [ 14.2444, 8.0398 ], [ 14.2284, 8.0206 ], [ 14.2298, 8.0096 ], [ 14.2526, 7.995 ], [ 14.243, 7.9608 ], [ 14.2536, 7.9558 ], [ 14.2352, 7.9426 ], [ 14.2486, 7.9412 ], [ 14.2368, 7.9318 ], [ 14.2496, 7.9268 ], [ 14.2416, 7.918 ], [ 14.2598, 7.9054 ], [ 14.259, 7.8928 ], [ 14.2888, 7.869 ], [ 14.2376, 7.856 ], [ 14.224, 7.866 ], [ 14.198, 7.87 ], [ 14.18, 7.865 ], [ 14.1634, 7.8436 ], [ 14.1264, 7.8554 ], [ 14.0986, 7.8304 ], [ 14.0832, 7.8252 ], [ 14.0896, 7.8084 ], [ 14.0884, 7.7722 ], [ 14.0678, 7.7532 ], [ 14.086, 7.7268 ], [ 14.0636, 7.7272 ], [ 14.0602, 7.712 ], [ 14.04, 7.6914 ], [ 14.0424, 7.681 ], [ 14.0634, 7.6638 ], [ 14.057, 7.6518 ], [ 14.0586, 7.6162 ], [ 14.0332, 7.563 ], [ 14.006, 7.5524 ], [ 13.9888, 7.5626 ], [ 13.9828, 7.5788 ], [ 13.9504, 7.5802 ], [ 13.9294, 7.5934 ], [ 13.912, 7.59 ], [ 13.8738, 7.6182 ], [ 13.8726, 7.6284 ], [ 13.8934, 7.6526 ], [ 13.872, 7.6768 ], [ 13.8836, 7.693 ], [ 13.8832, 7.7074 ], [ 13.8586, 7.714 ], [ 13.8262, 7.7486 ], [ 13.8112, 7.7468 ], [ 13.7846, 7.7606 ], [ 13.7634, 7.8012 ], [ 13.764, 7.8184 ], [ 13.7338, 7.8618 ], [ 13.7446, 7.8848 ], [ 13.7432, 7.9156 ], [ 13.7156, 7.9314 ], [ 13.7094, 7.9396 ], [ 13.7144, 7.9468 ], [ 13.699, 7.9606 ], [ 13.6596, 7.932 ], [ 13.5962, 7.9238 ], [ 13.5866, 7.929 ], [ 13.5716, 7.9086 ], [ 13.5478, 7.9186 ], [ 13.5268, 7.9174 ], [ 13.5176, 7.9336 ], [ 13.4728, 7.9264 ], [ 13.4644, 7.9144 ], [ 13.449, 7.9094 ], [ 13.4196, 7.9192 ], [ 13.4246, 7.9438 ], [ 13.4118, 7.9632 ] ] ] } },
{ "type": "Feature", "properties": { "district": "Tibati", "region": "Adamaoua" }, "geometry": { "type": "MultiPolygon", "coordinates": [ [ [ [ 12.1042, 6.8312 ], [ 12.111, 6.8298 ], [ 12.117, 6.8374 ], [ 12.136, 6.837 ], [ 12.135, 6.8978 ], [ 12.1476, 6.9108 ], [ 12.151, 6.9072 ], [ 12.1504, 6.9362 ], [ 12.1636, 6.9356 ], [ 12.1782, 6.9552 ], [ 12.1936, 6.9602 ], [ 12.1946, 6.9658 ], [ 12.1914, 6.9678 ], [ 12.1928, 6.976 ], [ 12.1902, 6.9796 ], [ 12.1912, 6.9842 ], [ 12.224, 6.9756 ], [ 12.2342, 6.9536 ], [ 12.3306, 6.8754 ], [ 12.3862, 6.885 ], [ 12.3888, 6.8964 ], [ 12.4062, 6.8894 ], [ 12.4266, 6.8944 ], [ 12.4368, 6.8862 ], [ 12.4638, 6.8838 ], [ 12.4758, 6.8628 ], [ 12.508, 6.8454 ], [ 12.5364, 6.8538 ], [ 12.5406, 6.8622 ], [ 12.5398, 6.8832 ], [ 12.5332, 6.8842 ], [ 12.5238, 6.8898 ], [ 12.5126, 6.9054 ], [ 12.5106, 6.9628 ], [ 12.538, 6.9514 ], [ 12.5566, 6.9836 ], [ 12.547, 6.9884 ], [ 12.5458, 7.0096 ], [ 12.5288, 7.0184 ], [ 12.534, 7.0332 ], [ 12.5244, 7.0434 ], [ 12.5272, 7.051 ], [ 12.5482, 7.0554 ], [ 12.555, 7.065 ], [ 12.561, 7.051 ], [ 12.5784, 7.0448 ], [ 12.5762, 7.0272 ], [ 12.5836, 7.0224 ], [ 12.5992, 7.0322 ], [ 12.6212, 7.0062 ], [ 12.6346, 7.0122 ], [ 12.6376, 6.9872 ], [ 12.6512, 6.9832 ], [ 12.671, 6.9894 ], [ 12.69, 6.9744 ], [ 12.6948, 6.9906 ], [ 12.7226, 6.9954 ], [ 12.7322, 6.9732 ], [ 12.7282, 6.9508 ], [ 12.7438, 6.9326 ], [ 12.7552, 6.9458 ], [ 12.7578, 6.9436 ], [ 12.7672, 6.955 ], [ 12.7736, 6.9596 ], [ 12.776, 6.9586 ], [ 12.7772, 6.9632 ], [ 12.7784, 6.9618 ], [ 12.7862, 6.963 ], [ 12.787, 6.968 ], [ 12.7892, 6.9686 ], [ 12.79, 6.9722 ], [ 12.7934, 6.974 ], [ 12.7932, 6.9742 ], [ 12.7934, 6.9744 ], [ 12.7924, 6.975 ], [ 12.7922, 6.9758 ], [ 12.792, 6.9802 ], [ 12.791, 6.9802 ], [ 12.7914, 6.9812 ], [ 12.7912, 6.9814 ], [ 12.7912, 6.9818 ], [ 12.7908, 6.982 ], [ 12.7918, 6.9822 ], [ 12.7912, 6.9844 ], [ 12.7918, 6.9842 ], [ 12.792, 6.9844 ], [ 12.7914, 6.9852 ], [ 12.806, 6.9926 ], [ 12.8386, 7.0456 ], [ 12.8482, 7.0302 ], [ 12.8604, 7.0194 ], [ 12.8708, 7.0222 ], [ 12.8776, 7.0098 ], [ 12.8896, 6.9998 ], [ 12.8876, 6.9894 ], [ 12.8766, 6.9776 ], [ 12.8762, 6.9604 ], [ 12.8894, 6.9402 ], [ 12.8926, 6.9042 ], [ 12.9126, 6.8704 ], [ 12.8918, 6.8358 ], [ 12.8912, 6.8124 ], [ 12.8712, 6.785 ], [ 12.8738, 6.7718 ], [ 12.8922, 6.7744 ], [ 12.9166, 6.7662 ], [ 12.9278, 6.7826 ], [ 12.9444, 6.772 ], [ 12.973, 6.7732 ], [ 12.9872, 6.7588 ], [ 13.0068, 6.7184 ], [ 12.9988, 6.6934 ], [ 13.0072, 6.6838 ], [ 13.0084, 6.6628 ], [ 13.0214, 6.6552 ], [ 13.032, 6.6356 ], [ 13.0268, 6.6176 ], [ 13.0086, 6.6116 ], [ 12.9594, 6.5528 ], [ 12.8966, 6.5328 ], [ 12.8742, 6.4856 ], [ 12.8546, 6.48 ], [ 12.8242, 6.4848 ], [ 12.776, 6.4652 ], [ 12.7818, 6.4594 ], [ 12.7724, 6.4562 ], [ 12.781, 6.4524 ], [ 12.7722, 6.4482 ], [ 12.7836, 6.4338 ], [ 12.7776, 6.4346 ], [ 12.778, 6.4184 ], [ 12.7904, 6.4008 ], [ 12.8206, 6.3842 ], [ 12.82, 6.3278 ], [ 12.7962, 6.2882 ], [ 12.7944, 6.2672 ], [ 12.7624, 6.255 ], [ 12.7574, 6.2414 ], [ 12.7672, 6.2306 ], [ 12.754, 6.2288 ], [ 12.7552, 6.2074 ], [ 12.731, 6.2124 ], [ 12.729, 6.2006 ], [ 12.7044, 6.1866 ], [ 12.6996, 6.1672 ], [ 12.69, 6.159 ], [ 12.6452, 6.1456 ], [ 12.5896, 6.1502 ], [ 12.538, 6.1386 ], [ 12.529, 6.1488 ], [ 12.4834, 6.1628 ], [ 12.4784, 6.137 ], [ 12.4534, 6.118 ], [ 12.4482, 6.0948 ], [ 12.4018, 6.1164 ], [ 12.3862, 6.1372 ], [ 12.3322, 6.162 ], [ 12.2978, 6.1952 ], [ 12.3014, 6.2118 ], [ 12.2932, 6.2174 ], [ 12.2644, 6.2098 ], [ 12.2506, 6.191 ], [ 12.2226, 6.1796 ], [ 12.2042, 6.1876 ], [ 12.1816, 6.1548 ], [ 12.1232, 6.1548 ], [ 12.107, 6.1642 ], [ 12.1042, 6.158 ], [ 12.0878, 6.1572 ], [ 11.9906, 6.2126 ], [ 11.9866, 6.2236 ], [ 11.9936, 6.249 ], [ 12.0102, 6.2616 ], [ 12.0242, 6.286 ], [ 12.0074, 6.303 ], [ 12.0786, 6.3258 ], [ 12.0554, 6.3498 ], [ 12.0546, 6.3546 ], [ 12.069, 6.3502 ], [ 12.0778, 6.3584 ], [ 12.0614, 6.3966 ], [ 12.0808, 6.4082 ], [ 12.086, 6.4218 ], [ 12.0922, 6.418 ], [ 12.1082, 6.4408 ], [ 12.1162, 6.4358 ], [ 12.1224, 6.4408 ], [ 12.1186, 6.4546 ], [ 12.1316, 6.4524 ], [ 12.127, 6.4594 ], [ 12.137, 6.4762 ], [ 12.1356, 6.4952 ], [ 12.1564, 6.5136 ], [ 12.164, 6.513 ], [ 12.1396, 6.5402 ], [ 12.14, 6.5488 ], [ 12.1256, 6.5438 ], [ 12.0894, 6.5648 ], [ 12.0848, 6.57 ], [ 12.0934, 6.586 ], [ 12.066, 6.6028 ], [ 12.067, 6.6138 ], [ 12.0496, 6.6108 ], [ 12.0454, 6.633 ], [ 12.029, 6.6376 ], [ 12.0266, 6.6526 ], [ 12.0108, 6.6658 ], [ 12.0258, 6.6932 ], [ 12.0056, 6.7584 ], [ 12.0062, 6.7848 ], [ 11.9998, 6.7852 ], [ 12.0058, 6.798 ], [ 11.9998, 6.814 ], [ 12.0314, 6.8238 ], [ 12.0754, 6.8228 ], [ 12.081, 6.8284 ], [ 12.0868, 6.826 ], [ 12.0896, 6.829 ], [ 12.1042, 6.8312 ] ], [ [ 13.0162, 6.6166 ], [ 13.0162, 6.6164 ], [ 13.0164, 6.6164 ], [ 13.0162, 6.6166 ] ], [ [ 13.0264, 6.6186 ], [ 13.0266, 6.6188 ], [ 13.0264, 6.6188 ], [ 13.0264, 6.6186 ] ], [ [ 13.025, 6.624 ], [ 13.025, 6.6238 ], [ 13.0254, 6.6238 ], [ 13.025, 6.624 ] ], [ [ 12.105, 6.8306 ], [ 12.105, 6.8308 ], [ 12.1048, 6.8308 ], [ 12.105, 6.8306 ] ], [ [ 12.537, 6.8842 ], [ 12.537, 6.8838 ], [ 12.5374, 6.884 ], [ 12.537, 6.8842 ] ], [ [ 12.7748, 6.9582 ], [ 12.7744, 6.9584 ], [ 12.7744, 6.9582 ], [ 12.7748, 6.9582 ] ], [ [ 12.793, 6.9732 ], [ 12.793, 6.9734 ], [ 12.7926, 6.9734 ], [ 12.793, 6.9732 ] ], [ [ 12.8858, 6.9882 ], [ 12.886, 6.9884 ], [ 12.8858, 6.9884 ], [ 12.8858, 6.9882 ] ] ], [ [ [ 12.7746, 6.9598 ], [ 12.7742, 6.9596 ], [ 12.7742, 6.9598 ], [ 12.7746, 6.9598 ] ] ], [ [ [ 12.7854, 6.963 ], [ 12.7852, 6.963 ], [ 12.7854, 6.9632 ], [ 12.7854, 6.963 ] ] ], [ [ [ 12.793, 6.974 ], [ 12.7932, 6.9742 ], [ 12.7932, 6.974 ], [ 12.793, 6.974 ] ] ], [ [ [ 12.791, 6.9812 ], [ 12.7912, 6.9814 ], [ 12.7912, 6.9812 ], [ 12.791, 6.9812 ] ] ], [ [ [ 12.7906, 6.982 ], [ 12.791, 6.9818 ], [ 12.7906, 6.9818 ], [ 12.7906, 6.982 ] ] ], [ [ [ 12.7916, 6.9826 ], [ 12.7916, 6.9824 ], [ 12.7914, 6.9826 ], [ 12.7916, 6.9826 ] ] ], [ [ [ 12.7916, 6.9848 ], [ 12.7918, 6.9844 ], [ 12.7916, 6.9844 ], [ 12.7916, 6.9848 ] ] ], [ [ [ 12.886, 7.0036 ], [ 12.8858, 7.0036 ], [ 12.8858, 7.0038 ], [ 12.886, 7.0036 ] ] ] ] } },
{ "type": "Feature", "properties": { "district": "Tignere", "region": "Adamaoua" }, "geometry": { "type": "MultiPolygon", "coordinates": [ [ [ [ 12.5374, 6.884 ], [ 12.537, 6.8838 ], [ 12.5374, 6.8844 ], [ 12.5374, 6.884 ] ] ], [ [ [ 12.7748, 6.9582 ], [ 12.7744, 6.9582 ], [ 12.7744, 6.9584 ], [ 12.7748, 6.9582 ] ] ], [ [ [ 12.793, 6.9732 ], [ 12.7926, 6.9734 ], [ 12.793, 6.9734 ], [ 12.793, 6.9732 ] ] ], [ [ [ 12.8052, 6.992 ], [ 12.805, 6.9918 ], [ 12.805, 6.992 ], [ 12.8052, 6.992 ] ] ], [ [ [ 11.8624, 7.3022 ], [ 11.8592, 7.3118 ], [ 11.8782, 7.3218 ], [ 11.878, 7.342 ], [ 11.901, 7.3504 ], [ 11.8988, 7.364 ], [ 11.932, 7.3758 ], [ 11.9254, 7.3824 ], [ 11.9234, 7.4252 ], [ 11.9388, 7.4234 ], [ 11.9654, 7.4346 ], [ 11.958, 7.451 ], [ 11.973, 7.467 ], [ 11.9618, 7.479 ], [ 11.964, 7.487 ], [ 11.9892, 7.5098 ], [ 12.0158, 7.5094 ], [ 12.0234, 7.5268 ], [ 12.0046, 7.548 ], [ 12.0118, 7.566 ], [ 12.0034, 7.579 ], [ 12.0116, 7.591 ], [ 12.005, 7.604 ], [ 12.0116, 7.6308 ], [ 11.996, 7.652 ], [ 12.0066, 7.6672 ], [ 12.0152, 7.663 ], [ 12.0306, 7.6722 ], [ 12.0422, 7.7174 ], [ 12.0368, 7.727 ], [ 12.013, 7.7312 ], [ 12.0058, 7.7438 ], [ 12.0332, 7.7734 ], [ 12.0594, 7.7744 ], [ 12.0428, 7.7994 ], [ 12.0698, 7.8822 ], [ 12.1058, 7.8902 ], [ 12.1148, 7.8982 ], [ 12.1202, 7.8932 ], [ 12.1584, 7.8986 ], [ 12.171, 7.9238 ], [ 12.195, 7.9416 ], [ 12.1896, 7.9566 ], [ 12.2066, 7.967 ], [ 12.2268, 8.0152 ], [ 12.2118, 8.032 ], [ 12.215, 8.043 ], [ 12.2066, 8.0618 ], [ 12.2128, 8.078 ], [ 12.2048, 8.0892 ], [ 12.2136, 8.0938 ], [ 12.2018, 8.1016 ], [ 12.2028, 8.1088 ], [ 12.2124, 8.13 ], [ 12.238, 8.1452 ], [ 12.2426, 8.1678 ], [ 12.2552, 8.1762 ], [ 12.2754, 8.177 ], [ 12.2874, 8.19 ], [ 12.283, 8.161 ], [ 12.2728, 8.1516 ], [ 12.2848, 8.1152 ], [ 12.3254, 8.0856 ], [ 12.3262, 8.0738 ], [ 12.3478, 8.0534 ], [ 12.3544, 8.0562 ], [ 12.3758, 8.0362 ], [ 12.3868, 8.0356 ], [ 12.4184, 7.9934 ], [ 12.4306, 7.9886 ], [ 12.439, 7.97 ], [ 12.4886, 7.9286 ], [ 12.5244, 7.9336 ], [ 12.5322, 7.9578 ], [ 12.5534, 7.9686 ], [ 12.586, 7.9646 ], [ 12.6054, 7.9702 ], [ 12.6148, 7.983 ], [ 12.6278, 7.9826 ], [ 12.6348, 7.9722 ], [ 12.639, 7.9714 ], [ 12.6416, 7.9674 ], [ 12.6422, 7.967 ], [ 12.6434, 7.9668 ], [ 12.6256, 7.9268 ], [ 12.6304, 7.9012 ], [ 12.6524, 7.8662 ], [ 12.6302, 7.8256 ], [ 12.6426, 7.801 ], [ 12.6424, 7.7864 ], [ 12.6314, 7.77 ], [ 12.6358, 7.7544 ], [ 12.7096, 7.7266 ], [ 12.7304, 7.7388 ], [ 12.7384, 7.6932 ], [ 12.764, 7.6822 ], [ 12.7742, 7.6846 ], [ 12.7952, 7.6634 ], [ 12.8366, 7.6596 ], [ 12.8706, 7.6674 ], [ 12.8748, 7.6612 ], [ 12.9048, 7.6558 ], [ 12.9514, 7.6574 ], [ 12.9822, 7.6392 ], [ 13.0206, 7.6274 ], [ 13.034, 7.6298 ], [ 13.077, 7.6032 ], [ 13.1216, 7.5968 ], [ 13.1262, 7.6014 ], [ 13.139, 7.5938 ], [ 13.1808, 7.6046 ], [ 13.2228, 7.6014 ], [ 13.2262, 7.6126 ], [ 13.2426, 7.6062 ], [ 13.2442, 7.5728 ], [ 13.1846, 7.5736 ], [ 13.172, 7.5272 ], [ 13.1336, 7.5024 ], [ 13.1466, 7.4642 ], [ 13.1332, 7.424 ], [ 13.1228, 7.4312 ], [ 13.1138, 7.418 ], [ 13.1168, 7.4032 ], [ 13.0832, 7.3986 ], [ 13.0814, 7.3894 ], [ 13.065, 7.391 ], [ 13.0596, 7.3816 ], [ 13.0214, 7.3704 ], [ 13.014, 7.357 ], [ 13.0242, 7.3514 ], [ 13.008, 7.344 ], [ 13.0096, 7.3374 ], [ 13.001, 7.3416 ], [ 13.0018, 7.313 ], [ 12.9856, 7.2978 ], [ 12.9918, 7.294 ], [ 12.992, 7.274 ], [ 13.0118, 7.2692 ], [ 13.0072, 7.2578 ], [ 12.9962, 7.2538 ], [ 12.9924, 7.2638 ], [ 12.9838, 7.2592 ], [ 12.9822, 7.2674 ], [ 12.9702, 7.2696 ], [ 12.9674, 7.264 ], [ 12.9514, 7.2678 ], [ 12.9524, 7.2586 ], [ 12.9448, 7.2524 ], [ 12.9342, 7.26 ], [ 12.93, 7.2502 ], [ 12.9354, 7.2436 ], [ 12.91, 7.2392 ], [ 12.903, 7.225 ], [ 12.8904, 7.226 ], [ 12.8974, 7.2048 ], [ 12.8908, 7.1878 ], [ 12.8792, 7.1916 ], [ 12.8658, 7.1856 ], [ 12.8702, 7.1748 ], [ 12.8548, 7.1718 ], [ 12.8432, 7.1404 ], [ 12.8202, 7.1368 ], [ 12.8204, 7.11 ], [ 12.8314, 7.087 ], [ 12.838, 7.0454 ], [ 12.8254, 7.0176 ], [ 12.814, 7.012 ], [ 12.806, 6.9926 ], [ 12.7914, 6.9852 ], [ 12.792, 6.9844 ], [ 12.7918, 6.9842 ], [ 12.7912, 6.9844 ], [ 12.7918, 6.9822 ], [ 12.791, 6.9802 ], [ 12.7934, 6.974 ], [ 12.79, 6.9722 ], [ 12.7892, 6.9686 ], [ 12.787, 6.968 ], [ 12.7862, 6.963 ], [ 12.7784, 6.9618 ], [ 12.7772, 6.9632 ], [ 12.776, 6.9586 ], [ 12.7736, 6.9596 ], [ 12.7672, 6.955 ], [ 12.7578, 6.9436 ], [ 12.7552, 6.9458 ], [ 12.7438, 6.9326 ], [ 12.7282, 6.9508 ], [ 12.7322, 6.9732 ], [ 12.7226, 6.9954 ], [ 12.6948, 6.9906 ], [ 12.69, 6.9744 ], [ 12.671, 6.9894 ], [ 12.6512, 6.9832 ], [ 12.6376, 6.9872 ], [ 12.6346, 7.0122 ], [ 12.6212, 7.0062 ], [ 12.5992, 7.0322 ], [ 12.5836, 7.0224 ], [ 12.5762, 7.0272 ], [ 12.5784, 7.0448 ], [ 12.561, 7.051 ], [ 12.555, 7.065 ], [ 12.5482, 7.0554 ], [ 12.5272, 7.051 ], [ 12.5244, 7.0434 ], [ 12.534, 7.0332 ], [ 12.5288, 7.0184 ], [ 12.5458, 7.0096 ], [ 12.547, 6.9884 ], [ 12.5566, 6.9836 ], [ 12.538, 6.9514 ], [ 12.5106, 6.9628 ], [ 12.5126, 6.9054 ], [ 12.5406, 6.8806 ], [ 12.5392, 6.856 ], [ 12.525, 6.8548 ], [ 12.5218, 6.8484 ], [ 12.5008, 6.8448 ], [ 12.492, 6.8582 ], [ 12.4734, 6.8652 ], [ 12.4638, 6.8838 ], [ 12.4368, 6.8862 ], [ 12.4266, 6.8944 ], [ 12.4062, 6.8894 ], [ 12.3888, 6.8964 ], [ 12.3862, 6.885 ], [ 12.3306, 6.8754 ], [ 12.2342, 6.9536 ], [ 12.224, 6.9756 ], [ 12.202, 6.9792 ], [ 12.1982, 6.9852 ], [ 12.2086, 7.0154 ], [ 12.197, 7.0224 ], [ 12.1978, 7.0544 ], [ 12.1682, 7.103 ], [ 12.1722, 7.1334 ], [ 12.1812, 7.1318 ], [ 12.182, 7.1412 ], [ 12.1578, 7.1758 ], [ 12.152, 7.2062 ], [ 12.1342, 7.2282 ], [ 12.1138, 7.225 ], [ 12.0836, 7.2372 ], [ 12.0596, 7.2374 ], [ 12.0402, 7.226 ], [ 12.0192, 7.2342 ], [ 12.0138, 7.2472 ], [ 11.9946, 7.2456 ], [ 11.9794, 7.257 ], [ 11.949, 7.2446 ], [ 11.9486, 7.2352 ], [ 11.9282, 7.2354 ], [ 11.9216, 7.2422 ], [ 11.9112, 7.2372 ], [ 11.903, 7.2468 ], [ 11.8806, 7.2294 ], [ 11.8524, 7.2386 ], [ 11.8158, 7.2256 ], [ 11.8086, 7.2418 ], [ 11.8354, 7.2508 ], [ 11.8442, 7.2726 ], [ 11.8518, 7.27 ], [ 11.8624, 7.3022 ] ], [ [ 12.7742, 6.9598 ], [ 12.7742, 6.9596 ], [ 12.7746, 6.9598 ], [ 12.7742, 6.9598 ] ], [ [ 12.7852, 6.963 ], [ 12.7854, 6.963 ], [ 12.7854, 6.9632 ], [ 12.7852, 6.963 ] ], [ [ 12.793, 6.974 ], [ 12.7932, 6.974 ], [ 12.7932, 6.9742 ], [ 12.793, 6.974 ] ], [ [ 12.791, 6.9812 ], [ 12.7912, 6.9812 ], [ 12.7912, 6.9814 ], [ 12.791, 6.9812 ] ], [ [ 12.7908, 6.9818 ], [ 12.7908, 6.982 ], [ 12.7906, 6.982 ], [ 12.7908, 6.9818 ] ], [ [ 12.7916, 6.9824 ], [ 12.7916, 6.9826 ], [ 12.7914, 6.9826 ], [ 12.7916, 6.9824 ] ], [ [ 12.7916, 6.9844 ], [ 12.7918, 6.9844 ], [ 12.7916, 6.9848 ], [ 12.7916, 6.9844 ] ] ], [ [ [ 12.6422, 7.9672 ], [ 12.6424, 7.9676 ], [ 12.6426, 7.9672 ], [ 12.6422, 7.9672 ] ] ] ] } },
{ "type": "Feature", "properties": { "district": "Tiko", "region": "Sud-Ouest" }, "geometry": { "type": "Polygon", "coordinates": [ [ [ 9.4108, 4.2214 ], [ 9.4186, 4.2022 ], [ 9.4308, 4.21 ], [ 9.4484, 4.206 ], [ 9.4526, 4.1906 ], [ 9.4636, 4.1876 ], [ 9.4832, 4.1992 ], [ 9.4908, 4.1936 ], [ 9.4982, 4.2016 ], [ 9.5102, 4.195 ], [ 9.5184, 4.211 ], [ 9.5264, 4.21 ], [ 9.5274, 4.165 ], [ 9.54, 4.1592 ], [ 9.5378, 4.1516 ], [ 9.5476, 4.147 ], [ 9.5452, 4.1328 ], [ 9.5556, 4.1202 ], [ 9.5508, 4.1046 ], [ 9.5302, 4.1054 ], [ 9.5082, 4.0844 ], [ 9.5022, 4.0562 ], [ 9.456, 4.061 ], [ 9.451, 4.025 ], [ 9.4342, 4.0228 ], [ 9.4024, 3.992 ], [ 9.4042, 3.971 ], [ 9.3936, 3.9614 ], [ 9.3936, 3.9488 ], [ 9.3868, 3.9474 ], [ 9.3798, 3.9196 ], [ 9.3534, 3.906 ], [ 9.3088, 3.9394 ], [ 9.3282, 3.9586 ], [ 9.3276, 3.9682 ], [ 9.346, 3.995 ], [ 9.316, 4.011 ], [ 9.2956, 4.0388 ], [ 9.2918, 4.069 ], [ 9.2792, 4.0704 ], [ 9.2834, 4.0802 ], [ 9.2656, 4.0854 ], [ 9.2858, 4.0934 ], [ 9.2788, 4.1166 ], [ 9.285, 4.1274 ], [ 9.3106, 4.104 ], [ 9.321, 4.1198 ], [ 9.3432, 4.1296 ], [ 9.3602, 4.1652 ], [ 9.3452, 4.175 ], [ 9.356, 4.1962 ], [ 9.3708, 4.195 ], [ 9.379, 4.2106 ], [ 9.4108, 4.2214 ] ] ] } },
{ "type": "Feature", "properties": { "district": "Tokombere", "region": "Extreme-Nord" }, "geometry": { "type": "Polygon", "coordinates": [ [ [ 14.0358, 10.8786 ], [ 14.0226, 10.8934 ], [ 14.0224, 10.9036 ], [ 14.0286, 10.9098 ], [ 14.0416, 10.9044 ], [ 14.0622, 10.9098 ], [ 14.0648, 10.9206 ], [ 14.0828, 10.9142 ], [ 14.0786, 10.9482 ], [ 14.0966, 10.97 ], [ 14.098, 10.993 ], [ 14.1146, 10.9858 ], [ 14.1088, 10.9994 ], [ 14.1094, 11.0002 ], [ 14.1318, 11.0016 ], [ 14.1626, 10.9884 ], [ 14.2124, 11.0156 ], [ 14.2162, 10.996 ], [ 14.2102, 10.963 ], [ 14.2336, 10.9406 ], [ 14.2642, 10.9386 ], [ 14.2772, 10.9478 ], [ 14.3006, 10.951 ], [ 14.3078, 10.9456 ], [ 14.3012, 10.9348 ], [ 14.2716, 10.9292 ], [ 14.2574, 10.9142 ], [ 14.2612, 10.9022 ], [ 14.277, 10.8946 ], [ 14.2824, 10.9028 ], [ 14.2916, 10.901 ], [ 14.2898, 10.8904 ], [ 14.2772, 10.8822 ], [ 14.2826, 10.8718 ], [ 14.2778, 10.8694 ], [ 14.2952, 10.8314 ], [ 14.2786, 10.7958 ], [ 14.2896, 10.783 ], [ 14.25, 10.7634 ], [ 14.1976, 10.788 ], [ 14.1858, 10.8164 ], [ 14.2034, 10.8384 ], [ 14.1676, 10.838 ], [ 14.144, 10.8212 ], [ 14.1266, 10.7788 ], [ 14.0246, 10.8072 ], [ 14.0026, 10.8044 ], [ 14.0138, 10.8314 ], [ 14.0188, 10.8806 ], [ 14.0358, 10.8786 ] ] ] } },
{ "type": "Feature", "properties": { "district": "Tombel", "region": "Sud-Ouest" }, "geometry": { "type": "MultiPolygon", "coordinates": [ [ [ [ 9.7662, 4.9552 ], [ 9.7542, 4.9458 ], [ 9.7582, 4.9362 ], [ 9.752, 4.9276 ], [ 9.763, 4.9194 ], [ 9.7864, 4.9208 ], [ 9.7782, 4.8962 ], [ 9.7662, 4.8898 ], [ 9.763, 4.8854 ], [ 9.78, 4.8808 ], [ 9.7664, 4.8678 ], [ 9.7466, 4.8646 ], [ 9.721, 4.8332 ], [ 9.716, 4.8132 ], [ 9.704, 4.8086 ], [ 9.6928, 4.7248 ], [ 9.6424, 4.6764 ], [ 9.6354, 4.6542 ], [ 9.645, 4.6402 ], [ 9.6338, 4.6362 ], [ 9.627, 4.6194 ], [ 9.6138, 4.616 ], [ 9.5784, 4.6248 ], [ 9.5692, 4.615 ], [ 9.5508, 4.6186 ], [ 9.5434, 4.6328 ], [ 9.5542, 4.6636 ], [ 9.5682, 4.6716 ], [ 9.5688, 4.6874 ], [ 9.5546, 4.6972 ], [ 9.5056, 4.7004 ], [ 9.5126, 4.7146 ], [ 9.4978, 4.732 ], [ 9.5046, 4.7608 ], [ 9.5192, 4.7826 ], [ 9.5108, 4.8 ], [ 9.535, 4.8166 ], [ 9.5472, 4.8152 ], [ 9.564, 4.8008 ], [ 9.5686, 4.8268 ], [ 9.563, 4.8416 ], [ 9.5736, 4.8578 ], [ 9.5712, 4.8748 ], [ 9.5954, 4.9302 ], [ 9.6148, 4.9488 ], [ 9.6236, 4.9694 ], [ 9.638, 5.0258 ], [ 9.6232, 5.0376 ], [ 9.6216, 5.0512 ], [ 9.6036, 5.0538 ], [ 9.5982, 5.0628 ], [ 9.6018, 5.0772 ], [ 9.6108, 5.085 ], [ 9.6392, 5.079 ], [ 9.6486, 5.07 ], [ 9.65, 5.0454 ], [ 9.6726, 5.0398 ], [ 9.7012, 5.0022 ], [ 9.7156, 4.9988 ], [ 9.7248, 4.9778 ], [ 9.7114, 4.9578 ], [ 9.7108, 4.9272 ], [ 9.7286, 4.9322 ], [ 9.7298, 4.9446 ], [ 9.7486, 4.9636 ], [ 9.7668, 4.9644 ], [ 9.7662, 4.9552 ] ] ], [ [ [ 9.7716, 4.8924 ], [ 9.7714, 4.8924 ], [ 9.7716, 4.8926 ], [ 9.7716, 4.8924 ] ] ] ] } },
{ "type": "Feature", "properties": { "district": "Touboro", "region": "Nord" }, "geometry": { "type": "MultiPolygon", "coordinates": [ [ [ [ 14.4024, 7.1494 ], [ 14.4024, 7.1496 ], [ 14.4026, 7.1496 ], [ 14.4024, 7.1494 ] ] ], [ [ [ 14.366, 7.1556 ], [ 14.3658, 7.1556 ], [ 14.366, 7.1558 ], [ 14.366, 7.1556 ] ] ], [ [ [ 14.0634, 7.6638 ], [ 14.0424, 7.681 ], [ 14.04, 7.6914 ], [ 14.0602, 7.712 ], [ 14.0636, 7.7272 ], [ 14.086, 7.7268 ], [ 14.0678, 7.7532 ], [ 14.0884, 7.7722 ], [ 14.0896, 7.8084 ], [ 14.0832, 7.8252 ], [ 14.0986, 7.8304 ], [ 14.1264, 7.8554 ], [ 14.1634, 7.8436 ], [ 14.18, 7.865 ], [ 14.198, 7.87 ], [ 14.224, 7.866 ], [ 14.2376, 7.856 ], [ 14.2888, 7.869 ], [ 14.259, 7.8928 ], [ 14.2598, 7.9054 ], [ 14.2416, 7.918 ], [ 14.2496, 7.9268 ], [ 14.2368, 7.9318 ], [ 14.2486, 7.9412 ], [ 14.2352, 7.9426 ], [ 14.2536, 7.9558 ], [ 14.243, 7.9608 ], [ 14.2526, 7.995 ], [ 14.2298, 8.0096 ], [ 14.2284, 8.0206 ], [ 14.2444, 8.0398 ], [ 14.2524, 8.0374 ], [ 14.2598, 8.0522 ], [ 14.2268, 8.0856 ], [ 14.2022, 8.093 ], [ 14.2002, 8.0996 ], [ 14.2326, 8.1022 ], [ 14.2444, 8.0918 ], [ 14.2706, 8.0894 ], [ 14.29, 8.0744 ], [ 14.3306, 8.0684 ], [ 14.336, 8.081 ], [ 14.3098, 8.0994 ], [ 14.3244, 8.1034 ], [ 14.3244, 8.1198 ], [ 14.3398, 8.138 ], [ 14.3434, 8.1596 ], [ 14.3862, 8.1712 ], [ 14.439, 8.152 ], [ 14.504, 8.1142 ], [ 14.5212, 8.097 ], [ 14.539, 8.0998 ], [ 14.577, 8.0846 ], [ 14.5862, 8.0626 ], [ 14.6444, 8.0802 ], [ 14.6618, 8.0574 ], [ 14.7222, 8.0534 ], [ 14.7328, 8.0616 ], [ 14.752, 8.058 ], [ 14.7654, 8.0462 ], [ 14.7762, 8.0576 ], [ 14.8082, 8.0566 ], [ 14.8198, 8.0646 ], [ 14.8294, 8.06 ], [ 14.8492, 8.0278 ], [ 14.8612, 8.0406 ], [ 14.8974, 8.0186 ], [ 14.918, 7.9816 ], [ 14.9348, 7.9964 ], [ 14.9934, 8.0174 ], [ 15.0612, 8.0576 ], [ 15.0794, 8.0822 ], [ 15.0818, 8.0988 ], [ 15.1082, 8.102 ], [ 15.104, 8.1198 ], [ 15.0882, 8.1252 ], [ 15.0888, 8.132 ], [ 15.1346, 8.1488 ], [ 15.1482, 8.1854 ], [ 15.1612, 8.1846 ], [ 15.159, 8.1906 ], [ 15.1784, 8.2106 ], [ 15.2058, 8.222 ], [ 15.229, 8.2484 ], [ 15.2462, 8.2554 ], [ 15.2836, 8.3222 ], [ 15.323, 8.3282 ], [ 15.3552, 8.3174 ], [ 15.375, 8.3186 ], [ 15.3988, 8.3282 ], [ 15.4224, 8.3528 ], [ 15.4488, 8.3496 ], [ 15.4612, 8.3584 ], [ 15.4726, 8.3404 ], [ 15.4926, 8.3372 ], [ 15.4932, 8.3306 ], [ 15.5106, 8.3278 ], [ 15.5146, 8.3142 ], [ 15.5228, 8.3164 ], [ 15.5198, 8.3088 ], [ 15.5296, 8.2906 ], [ 15.5554, 8.2772 ], [ 15.5694, 8.2814 ], [ 15.562, 8.255 ], [ 15.5842, 8.2464 ], [ 15.5984, 8.2532 ], [ 15.6096, 8.2446 ], [ 15.6124, 8.2362 ], [ 15.6016, 8.2272 ], [ 15.5836, 8.2268 ], [ 15.5822, 8.2082 ], [ 15.5586, 8.1992 ], [ 15.5504, 8.1846 ], [ 15.5434, 8.1846 ], [ 15.5474, 8.1768 ], [ 15.5338, 8.1764 ], [ 15.5234, 8.1536 ], [ 15.5006, 8.138 ], [ 15.4738, 8.0526 ], [ 15.4624, 8.036 ], [ 15.441, 8.0234 ], [ 15.4354, 7.9672 ], [ 15.4434, 7.9544 ], [ 15.4354, 7.9358 ], [ 15.44, 7.9226 ], [ 15.4582, 7.9028 ], [ 15.4838, 7.8936 ], [ 15.4732, 7.8634 ], [ 15.5088, 7.8668 ], [ 15.5254, 7.8294 ], [ 15.5408, 7.8332 ], [ 15.5462, 7.8038 ], [ 15.5668, 7.8092 ], [ 15.5798, 7.8006 ], [ 15.5888, 7.7818 ], [ 15.5856, 7.7704 ], [ 15.592, 7.7602 ], [ 15.583, 7.7444 ], [ 15.5904, 7.6864 ], [ 15.5856, 7.6672 ], [ 15.5744, 7.6574 ], [ 15.5806, 7.642 ], [ 15.5754, 7.6252 ], [ 15.5614, 7.6128 ], [ 15.5662, 7.593 ], [ 15.551, 7.573 ], [ 15.5152, 7.5468 ], [ 15.5098, 7.5334 ], [ 15.4934, 7.529 ], [ 15.4904, 7.5088 ], [ 15.4568, 7.48 ], [ 15.4534, 7.4558 ], [ 15.4374, 7.4532 ], [ 15.4214, 7.4156 ], [ 15.3888, 7.3958 ], [ 15.3786, 7.3776 ], [ 15.316, 7.328 ], [ 15.2898, 7.3134 ], [ 15.26, 7.2808 ], [ 15.2434, 7.2746 ], [ 15.236, 7.2536 ], [ 15.2194, 7.2442 ], [ 15.2192, 7.2318 ], [ 15.2012, 7.2128 ], [ 15.1606, 7.1894 ], [ 15.1188, 7.1522 ], [ 15.096, 7.1438 ], [ 15.0662, 7.1206 ], [ 15.0658, 7.1094 ], [ 15.0076, 7.0782 ], [ 14.9928, 7.0728 ], [ 14.9684, 7.0798 ], [ 14.9586, 7.0746 ], [ 14.963, 7.0698 ], [ 14.9456, 7.0642 ], [ 14.941, 7.0708 ], [ 14.9308, 7.0616 ], [ 14.9268, 7.0682 ], [ 14.902, 7.0492 ], [ 14.8904, 7.0538 ], [ 14.8882, 7.0466 ], [ 14.8786, 7.048 ], [ 14.886, 7.0354 ], [ 14.8754, 7.034 ], [ 14.8778, 7.0272 ], [ 14.8662, 7.0262 ], [ 14.867, 7.0316 ], [ 14.8296, 7.013 ], [ 14.813, 7.0248 ], [ 14.801, 7.0244 ], [ 14.774, 7.006 ], [ 14.7244, 7.0242 ], [ 14.647, 7.015 ], [ 14.6418, 7.0264 ], [ 14.6524, 7.0448 ], [ 14.6444, 7.0552 ], [ 14.6362, 7.087 ], [ 14.638, 7.0892 ], [ 14.6278, 7.0914 ], [ 14.6128, 7.0804 ], [ 14.5898, 7.0772 ], [ 14.5676, 7.0808 ], [ 14.5562, 7.098 ], [ 14.5386, 7.108 ], [ 14.5322, 7.1312 ], [ 14.5192, 7.1364 ], [ 14.5184, 7.1628 ], [ 14.4854, 7.1526 ], [ 14.4598, 7.1602 ], [ 14.4462, 7.1512 ], [ 14.4388, 7.1574 ], [ 14.4376, 7.1658 ], [ 14.4316, 7.1686 ], [ 14.3982, 7.1496 ], [ 14.3902, 7.1586 ], [ 14.3834, 7.153 ], [ 14.322, 7.1644 ], [ 14.3296, 7.1964 ], [ 14.3506, 7.1978 ], [ 14.3598, 7.215 ], [ 14.3546, 7.2698 ], [ 14.332, 7.2786 ], [ 14.3414, 7.307 ], [ 14.3102, 7.3126 ], [ 14.3028, 7.3052 ], [ 14.2918, 7.3172 ], [ 14.2782, 7.3202 ], [ 14.281, 7.3288 ], [ 14.2742, 7.335 ], [ 14.2444, 7.3534 ], [ 14.2444, 7.369 ], [ 14.235, 7.3748 ], [ 14.243, 7.3942 ], [ 14.2076, 7.3994 ], [ 14.2152, 7.4178 ], [ 14.2138, 7.4582 ], [ 14.18, 7.4608 ], [ 14.1742, 7.4762 ], [ 14.1434, 7.4842 ], [ 14.1314, 7.5104 ], [ 14.1366, 7.5534 ], [ 14.125, 7.5688 ], [ 14.1102, 7.5724 ], [ 14.0824, 7.5562 ], [ 14.0332, 7.5632 ], [ 14.0624, 7.6298 ], [ 14.0568, 7.6488 ], [ 14.0634, 7.6638 ] ], [ [ 14.6076, 7.0804 ], [ 14.6076, 7.0802 ], [ 14.6078, 7.0804 ], [ 14.6076, 7.0804 ] ], [ [ 14.6378, 7.0882 ], [ 14.6376, 7.0884 ], [ 14.6376, 7.0882 ], [ 14.6378, 7.0882 ] ], [ [ 14.4416, 7.1558 ], [ 14.4414, 7.1558 ], [ 14.4414, 7.1556 ], [ 14.4416, 7.1558 ] ] ] ] } },
{ "type": "Feature", "properties": { "district": "Tubah", "region": "Nord-Ouest" }, "geometry": { "type": "MultiPolygon", "coordinates": [ [ [ [ 10.3276, 6.0218 ], [ 10.3274, 6.022 ], [ 10.3276, 6.022 ], [ 10.3276, 6.0218 ] ] ], [ [ [ 10.2276, 6.005 ], [ 10.2228, 6.0206 ], [ 10.2106, 6.0264 ], [ 10.2106, 6.0354 ], [ 10.2396, 6.0584 ], [ 10.2308, 6.0766 ], [ 10.221, 6.081 ], [ 10.226, 6.0984 ], [ 10.2216, 6.124 ], [ 10.2464, 6.1204 ], [ 10.239, 6.1442 ], [ 10.2614, 6.1458 ], [ 10.2594, 6.1518 ], [ 10.252, 6.1558 ], [ 10.2524, 6.1578 ], [ 10.286, 6.1632 ], [ 10.288, 6.1564 ], [ 10.3086, 6.1562 ], [ 10.3138, 6.1518 ], [ 10.3044, 6.1198 ], [ 10.3204, 6.0916 ], [ 10.3126, 6.0808 ], [ 10.3112, 6.0562 ], [ 10.3174, 6.0492 ], [ 10.311, 6.0368 ], [ 10.3274, 6.022 ], [ 10.3436, 5.969 ], [ 10.3636, 5.9578 ], [ 10.3732, 5.965 ], [ 10.3736, 5.9456 ], [ 10.3346, 5.9426 ], [ 10.3298, 5.9244 ], [ 10.339, 5.9128 ], [ 10.3322, 5.9096 ], [ 10.315, 5.914 ], [ 10.3018, 5.9282 ], [ 10.2722, 5.916 ], [ 10.2658, 5.9226 ], [ 10.2394, 5.921 ], [ 10.2362, 5.9574 ], [ 10.2458, 5.9652 ], [ 10.2276, 5.9806 ], [ 10.2216, 6.0038 ], [ 10.2276, 6.005 ] ] ] ] } },
{ "type": "Feature", "properties": { "district": "Vele", "region": "Extreme-Nord" }, "geometry": { "type": "Polygon", "coordinates": [ [ [ 15.0016, 10.7698 ], [ 15.0184, 10.793 ], [ 15.0458, 10.7816 ], [ 15.0754, 10.789 ], [ 15.0872, 10.7746 ], [ 15.1372, 10.69 ], [ 15.1348, 10.6704 ], [ 15.152, 10.65 ], [ 15.161, 10.6244 ], [ 15.1444, 10.5934 ], [ 15.144, 10.5426 ], [ 15.1572, 10.5278 ], [ 15.1892, 10.5132 ], [ 15.1992, 10.5 ], [ 15.2146, 10.4992 ], [ 15.2434, 10.4738 ], [ 15.2452, 10.4484 ], [ 15.2128, 10.4304 ], [ 15.21, 10.4156 ], [ 15.186, 10.4086 ], [ 15.178, 10.3952 ], [ 15.1808, 10.3896 ], [ 15.2026, 10.39 ], [ 15.1974, 10.372 ], [ 15.1702, 10.3634 ], [ 15.1656, 10.3718 ], [ 15.1462, 10.3744 ], [ 15.1284, 10.389 ], [ 15.0324, 10.4136 ], [ 15.0194, 10.4258 ], [ 14.9998, 10.4282 ], [ 14.9928, 10.4214 ], [ 14.9482, 10.4394 ], [ 14.9518, 10.462 ], [ 14.981, 10.4812 ], [ 14.9806, 10.4974 ], [ 14.9574, 10.4986 ], [ 14.9266, 10.5114 ], [ 14.9076, 10.5642 ], [ 14.8724, 10.5994 ], [ 14.8694, 10.6168 ], [ 14.8944, 10.6262 ], [ 14.9038, 10.6496 ], [ 14.8776, 10.6872 ], [ 14.8848, 10.7056 ], [ 14.8804, 10.718 ], [ 14.8482, 10.734 ], [ 14.8636, 10.7664 ], [ 14.8622, 10.78 ], [ 14.8894, 10.8194 ], [ 14.9026, 10.801 ], [ 14.9474, 10.7726 ], [ 14.9896, 10.779 ], [ 15.0016, 10.7698 ] ] ] } },
{ "type": "Feature", "properties": { "district": "Wabane", "region": "Sud-Ouest" }, "geometry": { "type": "Polygon", "coordinates": [ [ [ 10.0318, 5.6326 ], [ 9.9994, 5.641 ], [ 10.0032, 5.6504 ], [ 9.9962, 5.6582 ], [ 9.98, 5.6684 ], [ 9.9444, 5.6728 ], [ 9.939, 5.642 ], [ 9.9256, 5.638 ], [ 9.938, 5.627 ], [ 9.9308, 5.624 ], [ 9.9236, 5.601 ], [ 9.9146, 5.6008 ], [ 9.9154, 5.5886 ], [ 9.902, 5.5856 ], [ 9.8982, 5.572 ], [ 9.8462, 5.5466 ], [ 9.8382, 5.5706 ], [ 9.8424, 5.5872 ], [ 9.8296, 5.5956 ], [ 9.8634, 5.6086 ], [ 9.8666, 5.6372 ], [ 9.8832, 5.6442 ], [ 9.8958, 5.6314 ], [ 9.9044, 5.6348 ], [ 9.9036, 5.66 ], [ 9.8742, 5.6478 ], [ 9.8816, 5.6576 ], [ 9.871, 5.6756 ], [ 9.8806, 5.7038 ], [ 9.9396, 5.6872 ], [ 9.9584, 5.6908 ], [ 9.9662, 5.7172 ], [ 9.9794, 5.7154 ], [ 9.9908, 5.726 ], [ 9.9978, 5.7188 ], [ 10.0468, 5.7216 ], [ 10.081, 5.7112 ], [ 10.0874, 5.6918 ], [ 10.0976, 5.6858 ], [ 10.094, 5.6788 ], [ 10.102, 5.6626 ], [ 10.088, 5.6418 ], [ 10.0992, 5.6208 ], [ 10.0876, 5.6144 ], [ 10.077, 5.6194 ], [ 10.0736, 5.6006 ], [ 10.0562, 5.6156 ], [ 10.0456, 5.5906 ], [ 10.028, 5.61 ], [ 10.0318, 5.6326 ] ] ] } },
{ "type": "Feature", "properties": { "district": "Wum", "region": "Nord-Ouest" }, "geometry": { "type": "Polygon", "coordinates": [ [ [ 9.8914, 6.7966 ], [ 9.9042, 6.8028 ], [ 9.926, 6.8322 ], [ 9.9366, 6.8392 ], [ 9.9678, 6.8802 ], [ 9.9796, 6.8906 ], [ 9.996, 6.8896 ], [ 10.016, 6.902 ], [ 10.0178, 6.9234 ], [ 10.0358, 6.925 ], [ 10.0584, 6.968 ], [ 10.0698, 6.966 ], [ 10.107, 6.9808 ], [ 10.1158, 7.0028 ], [ 10.1454, 7.0236 ], [ 10.1456, 7.0368 ], [ 10.161, 7.037 ], [ 10.158, 7.0208 ], [ 10.1766, 7.014 ], [ 10.166, 7.0018 ], [ 10.169, 6.9912 ], [ 10.1792, 6.9854 ], [ 10.1782, 6.971 ], [ 10.189, 6.9648 ], [ 10.195, 6.9394 ], [ 10.206, 6.9294 ], [ 10.2496, 6.93 ], [ 10.298, 6.9084 ], [ 10.3042, 6.8876 ], [ 10.3114, 6.8848 ], [ 10.2882, 6.7972 ], [ 10.2906, 6.6712 ], [ 10.3086, 6.658 ], [ 10.3416, 6.6512 ], [ 10.3542, 6.5492 ], [ 10.3264, 6.5558 ], [ 10.3122, 6.5148 ], [ 10.319, 6.4816 ], [ 10.3042, 6.4698 ], [ 10.32, 6.4516 ], [ 10.3072, 6.4426 ], [ 10.3104, 6.4144 ], [ 10.3252, 6.4072 ], [ 10.3138, 6.3834 ], [ 10.3164, 6.3542 ], [ 10.2814, 6.33 ], [ 10.2532, 6.336 ], [ 10.2462, 6.328 ], [ 10.2412, 6.3322 ], [ 10.2188, 6.3244 ], [ 10.2152, 6.317 ], [ 10.1722, 6.3234 ], [ 10.1496, 6.3376 ], [ 10.1366, 6.3248 ], [ 10.1318, 6.3278 ], [ 10.112, 6.303 ], [ 10.1108, 6.262 ], [ 10.0896, 6.258 ], [ 10.0828, 6.236 ], [ 10.0752, 6.2394 ], [ 10.0732, 6.2304 ], [ 10.0606, 6.2276 ], [ 10.0606, 6.2392 ], [ 10.0526, 6.242 ], [ 10.0572, 6.247 ], [ 10.0468, 6.2464 ], [ 10.0492, 6.2602 ], [ 10.0398, 6.2654 ], [ 10.0442, 6.278 ], [ 10.0016, 6.3176 ], [ 10.0152, 6.336 ], [ 10.0142, 6.3612 ], [ 9.9972, 6.3664 ], [ 9.9898, 6.3856 ], [ 9.973, 6.3838 ], [ 9.9396, 6.4054 ], [ 9.937, 6.4138 ], [ 9.9142, 6.4196 ], [ 9.93, 6.4334 ], [ 9.923, 6.453 ], [ 9.935, 6.4516 ], [ 9.9516, 6.4754 ], [ 9.9558, 6.5146 ], [ 10.0042, 6.4954 ], [ 10.0036, 6.5116 ], [ 10.0176, 6.5222 ], [ 10.027, 6.5528 ], [ 10.008, 6.6604 ], [ 9.9854, 6.6624 ], [ 9.9796, 6.6562 ], [ 9.9674, 6.6666 ], [ 9.9592, 6.6632 ], [ 9.9402, 6.6842 ], [ 9.9098, 6.6996 ], [ 9.9042, 6.739 ], [ 9.8962, 6.7478 ], [ 9.9018, 6.7592 ], [ 9.8788, 6.7688 ], [ 9.8914, 6.7966 ] ], [ [ 9.926, 6.8302 ], [ 9.926, 6.8304 ], [ 9.9258, 6.8304 ], [ 9.926, 6.8302 ] ] ] } },
{ "type": "Feature", "properties": { "district": "Yabassi", "region": "Littoral" }, "geometry": { "type": "Polygon", "coordinates": [ [ [ 9.908, 4.2514 ], [ 9.9174, 4.262 ], [ 9.93, 4.2636 ], [ 9.9554, 4.2972 ], [ 9.9642, 4.2964 ], [ 9.9642, 4.304 ], [ 9.995, 4.3158 ], [ 9.996, 4.3514 ], [ 9.9784, 4.3642 ], [ 9.9596, 4.398 ], [ 9.9282, 4.408 ], [ 9.9148, 4.3992 ], [ 9.8818, 4.406 ], [ 9.8678, 4.3804 ], [ 9.8744, 4.365 ], [ 9.8634, 4.3594 ], [ 9.8512, 4.3754 ], [ 9.8558, 4.4024 ], [ 9.8462, 4.4316 ], [ 9.8374, 4.4358 ], [ 9.8208, 4.4256 ], [ 9.773, 4.463 ], [ 9.7796, 4.4776 ], [ 9.7708, 4.4966 ], [ 9.7792, 4.507 ], [ 9.7664, 4.538 ], [ 9.7756, 4.5412 ], [ 9.7866, 4.5652 ], [ 9.7762, 4.5962 ], [ 9.781, 4.6012 ], [ 9.779, 4.6566 ], [ 9.813, 4.6806 ], [ 9.8616, 4.6696 ], [ 9.9292, 4.6912 ], [ 9.9554, 4.6804 ], [ 10.0302, 4.7022 ], [ 10.094, 4.7014 ], [ 10.1116, 4.7078 ], [ 10.141, 4.7026 ], [ 10.1736, 4.6856 ], [ 10.1824, 4.664 ], [ 10.1814, 4.5928 ], [ 10.1636, 4.57 ], [ 10.181, 4.5668 ], [ 10.2304, 4.592 ], [ 10.246, 4.5876 ], [ 10.2924, 4.6208 ], [ 10.362, 4.5842 ], [ 10.3916, 4.559 ], [ 10.3784, 4.5116 ], [ 10.3948, 4.4764 ], [ 10.428, 4.4748 ], [ 10.4386, 4.489 ], [ 10.4508, 4.4894 ], [ 10.472, 4.4804 ], [ 10.4656, 4.463 ], [ 10.4782, 4.4472 ], [ 10.4906, 4.463 ], [ 10.5058, 4.467 ], [ 10.5242, 4.463 ], [ 10.5288, 4.4554 ], [ 10.588, 4.4494 ], [ 10.5808, 4.3784 ], [ 10.572, 4.3566 ], [ 10.5288, 4.3542 ], [ 10.5278, 4.3686 ], [ 10.463, 4.3778 ], [ 10.4512, 4.3676 ], [ 10.4214, 4.2864 ], [ 10.4094, 4.2812 ], [ 10.4004, 4.254 ], [ 10.391, 4.251 ], [ 10.3804, 4.2246 ], [ 10.3598, 4.2 ], [ 10.3586, 4.1682 ], [ 10.3698, 4.1548 ], [ 10.367, 4.1472 ], [ 10.3464, 4.1352 ], [ 10.3236, 4.1056 ], [ 10.3162, 4.1048 ], [ 10.311, 4.1184 ], [ 10.3052, 4.108 ], [ 10.2918, 4.1162 ], [ 10.2902, 4.1006 ], [ 10.2812, 4.1084 ], [ 10.2766, 4.0884 ], [ 10.266, 4.1026 ], [ 10.2322, 4.1158 ], [ 10.2238, 4.1072 ], [ 10.1576, 4.1092 ], [ 10.1452, 4.1258 ], [ 10.1076, 4.1294 ], [ 10.068, 4.1082 ], [ 10.0726, 4.0996 ], [ 10.0644, 4.0918 ], [ 10.07, 4.0818 ], [ 10.0456, 4.0912 ], [ 10.0414, 4.0834 ], [ 10.0178, 4.089 ], [ 10.0056, 4.0834 ], [ 9.9908, 4.0924 ], [ 9.9622, 4.0782 ], [ 9.9462, 4.0902 ], [ 9.927, 4.0818 ], [ 9.9098, 4.091 ], [ 9.8456, 4.0662 ], [ 9.8444, 4.0746 ], [ 9.8374, 4.0748 ], [ 9.842, 4.0794 ], [ 9.833, 4.083 ], [ 9.8386, 4.1032 ], [ 9.8322, 4.12 ], [ 9.8588, 4.1398 ], [ 9.8634, 4.1568 ], [ 9.8494, 4.161 ], [ 9.8414, 4.1732 ], [ 9.8314, 4.171 ], [ 9.8348, 4.182 ], [ 9.8128, 4.1924 ], [ 9.8218, 4.2258 ], [ 9.814, 4.2364 ], [ 9.8202, 4.2422 ], [ 9.8324, 4.2266 ], [ 9.8446, 4.224 ], [ 9.8686, 4.234 ], [ 9.8838, 4.252 ], [ 9.908, 4.2514 ] ] ] } },
{ "type": "Feature", "properties": { "district": "Yagoua", "region": "Extreme-Nord" }, "geometry": { "type": "Polygon", "coordinates": [ [ [ 15.429, 10.2024 ], [ 15.4198, 10.1948 ], [ 15.4266, 10.1874 ], [ 15.411, 10.1796 ], [ 15.41, 10.1672 ], [ 15.3966, 10.168 ], [ 15.3814, 10.183 ], [ 15.3816, 10.1938 ], [ 15.3582, 10.1948 ], [ 15.3618, 10.218 ], [ 15.3388, 10.2448 ], [ 15.328, 10.2518 ], [ 15.3132, 10.2482 ], [ 15.313, 10.1864 ], [ 15.277, 10.1488 ], [ 15.2664, 10.12 ], [ 15.2384, 10.0838 ], [ 15.2326, 10.0576 ], [ 15.2378, 10.031 ], [ 15.2232, 9.9848 ], [ 15.1996, 9.9358 ], [ 15.183, 9.929 ], [ 15.1704, 9.942 ], [ 15.1722, 9.9592 ], [ 15.1816, 9.9754 ], [ 15.1906, 9.9766 ], [ 15.1986, 10.02 ], [ 15.1894, 10.027 ], [ 15.1708, 10.0204 ], [ 15.1478, 10.042 ], [ 15.139, 10.038 ], [ 15.1224, 10.0498 ], [ 15.1196, 10.0676 ], [ 15.1096, 10.0782 ], [ 15.1094, 10.109 ], [ 15.0672, 10.1304 ], [ 15.0336, 10.1594 ], [ 15.0162, 10.1636 ], [ 14.9914, 10.1832 ], [ 14.9802, 10.1826 ], [ 14.9734, 10.1998 ], [ 14.9588, 10.1998 ], [ 14.9496, 10.209 ], [ 14.9226, 10.2074 ], [ 14.928, 10.218 ], [ 14.9128, 10.2342 ], [ 14.9122, 10.2482 ], [ 14.8904, 10.2542 ], [ 14.891, 10.2614 ], [ 14.8616, 10.293 ], [ 14.8686, 10.301 ], [ 14.866, 10.3102 ], [ 14.8572, 10.3096 ], [ 14.8694, 10.3206 ], [ 14.9018, 10.331 ], [ 14.9462, 10.383 ], [ 14.9916, 10.4114 ], [ 15.0096, 10.4152 ], [ 15.0114, 10.4256 ], [ 15.0324, 10.4136 ], [ 15.1376, 10.3856 ], [ 15.1454, 10.3748 ], [ 15.1574, 10.3768 ], [ 15.1712, 10.3634 ], [ 15.1974, 10.372 ], [ 15.2024, 10.3828 ], [ 15.202, 10.3904 ], [ 15.18, 10.3904 ], [ 15.186, 10.4086 ], [ 15.2096, 10.4152 ], [ 15.2128, 10.4304 ], [ 15.2452, 10.4484 ], [ 15.2814, 10.4022 ], [ 15.2796, 10.3708 ], [ 15.2932, 10.3566 ], [ 15.3062, 10.3072 ], [ 15.3532, 10.2914 ], [ 15.3576, 10.2716 ], [ 15.3772, 10.2594 ], [ 15.3816, 10.247 ], [ 15.3956, 10.2486 ], [ 15.4088, 10.2182 ], [ 15.429, 10.2024 ] ] ] } },
{ "type": "Feature", "properties": { "district": "Yokadouma", "region": "Est" }, "geometry": { "type": "Polygon", "coordinates": [ [ [ 14.509, 3.4126 ], [ 14.5026, 3.4828 ], [ 14.4742, 3.5368 ], [ 14.4818, 3.591 ], [ 14.4596, 3.6332 ], [ 14.4376, 3.6548 ], [ 14.4374, 3.691 ], [ 14.417, 3.7168 ], [ 14.4186, 3.7276 ], [ 14.434, 3.7398 ], [ 14.45, 3.742 ], [ 14.4772, 3.7782 ], [ 14.512, 3.7966 ], [ 14.5222, 3.759 ], [ 14.5926, 3.7584 ], [ 14.598, 3.79 ], [ 14.589, 3.832 ], [ 14.6256, 3.8504 ], [ 14.661, 3.8446 ], [ 14.6938, 3.8508 ], [ 14.7096, 3.8326 ], [ 14.7758, 3.8244 ], [ 14.8032, 3.792 ], [ 14.8182, 3.7614 ], [ 14.8374, 3.7948 ], [ 14.8576, 3.812 ], [ 14.8668, 3.8294 ], [ 14.8644, 3.8448 ], [ 14.8872, 3.8586 ], [ 14.9042, 3.8916 ], [ 14.9224, 3.9 ], [ 14.9658, 3.8976 ], [ 14.973, 3.9092 ], [ 14.9938, 3.9144 ], [ 15.032, 3.9496 ], [ 15.0576, 4.016 ], [ 15.0872, 4.0248 ], [ 15.087, 4.0122 ], [ 15.101, 3.9948 ], [ 15.1056, 3.96 ], [ 15.1182, 3.935 ], [ 15.1288, 3.933 ], [ 15.1256, 3.9166 ], [ 15.2488, 3.7106 ], [ 15.5728, 3.3694 ], [ 15.6048, 3.346 ], [ 15.6182, 3.3248 ], [ 15.6308, 3.3204 ], [ 15.6394, 3.2896 ], [ 15.7286, 3.1866 ], [ 15.7384, 3.1658 ], [ 15.7626, 3.1546 ], [ 15.7628, 3.1398 ], [ 15.8044, 3.1066 ], [ 15.8242, 3.1062 ], [ 15.8354, 3.1154 ], [ 15.8504, 3.1164 ], [ 15.8676, 3.103 ], [ 15.8828, 3.1062 ], [ 15.9102, 3.0702 ], [ 15.9122, 3.0544 ], [ 15.925, 3.0502 ], [ 15.9434, 3.0212 ], [ 15.9634, 3.0128 ], [ 15.9662, 2.9972 ], [ 15.9978, 3.0094 ], [ 16.0308, 2.9838 ], [ 16.0374, 2.956 ], [ 16.0496, 2.943 ], [ 16.0572, 2.9194 ], [ 16.0706, 2.909 ], [ 16.0904, 2.8394 ], [ 16.074, 2.8082 ], [ 16.047, 2.7952 ], [ 16.0636, 2.7342 ], [ 16.0174, 2.7118 ], [ 16.0094, 2.6952 ], [ 15.9994, 2.6962 ], [ 15.9884, 2.7134 ], [ 15.9802, 2.7144 ], [ 15.9536, 2.6952 ], [ 15.9308, 2.692 ], [ 15.919, 2.6932 ], [ 15.9158, 2.7044 ], [ 15.857, 2.6966 ], [ 15.8444, 2.7178 ], [ 15.7774, 2.7178 ], [ 15.7644, 2.7262 ], [ 15.7222, 2.7322 ], [ 15.7172, 2.7404 ], [ 15.6856, 2.744 ], [ 15.6826, 2.721 ], [ 15.6064, 2.7228 ], [ 15.6036, 2.743 ], [ 15.5716, 2.7542 ], [ 15.5516, 2.755 ], [ 15.5486, 2.7384 ], [ 15.5332, 2.7392 ], [ 15.525, 2.7306 ], [ 15.5154, 2.7418 ], [ 15.4918, 2.751 ], [ 15.491, 2.7658 ], [ 15.4802, 2.7804 ], [ 15.4716, 2.7842 ], [ 15.4606, 2.7752 ], [ 15.4308, 2.7746 ], [ 15.4142, 2.7968 ], [ 15.4046, 2.7834 ], [ 15.3904, 2.7998 ], [ 15.3578, 2.8108 ], [ 15.339, 2.8426 ], [ 15.3094, 2.8594 ], [ 15.278, 2.8208 ], [ 15.2556, 2.8188 ], [ 15.248, 2.8392 ], [ 15.2524, 2.8644 ], [ 15.2432, 2.885 ], [ 15.2494, 2.9 ], [ 15.238, 2.929 ], [ 15.1408, 2.9228 ], [ 15.1148, 2.9288 ], [ 15.1078, 2.9246 ], [ 15.118, 2.8954 ], [ 15.1108, 2.9066 ], [ 15.098, 2.904 ], [ 15.1062, 2.8982 ], [ 15.1042, 2.8868 ], [ 15.1142, 2.882 ], [ 15.142, 2.8402 ], [ 15.1376, 2.8344 ], [ 15.1314, 2.8446 ], [ 15.1322, 2.836 ], [ 15.1594, 2.8098 ], [ 15.1462, 2.8156 ], [ 15.1428, 2.8032 ], [ 15.1566, 2.7926 ], [ 15.155, 2.7726 ], [ 15.1656, 2.7716 ], [ 15.1722, 2.7606 ], [ 15.1602, 2.7416 ], [ 15.1784, 2.743 ], [ 15.1838, 2.7344 ], [ 15.1714, 2.7174 ], [ 15.1776, 2.7068 ], [ 15.1586, 2.6974 ], [ 15.1592, 2.6884 ], [ 15.1426, 2.6772 ], [ 15.1372, 2.6642 ], [ 15.114, 2.6584 ], [ 15.1014, 2.6662 ], [ 15.1014, 2.681 ], [ 15.0672, 2.7096 ], [ 15.0482, 2.7052 ], [ 15.0438, 2.6954 ], [ 15.026, 2.6968 ], [ 15.021, 2.6912 ], [ 14.9856, 2.718 ], [ 14.948, 2.7218 ], [ 14.921, 2.6954 ], [ 14.9176, 2.6826 ], [ 14.873, 2.6788 ], [ 14.8478, 2.6578 ], [ 14.8468, 2.6432 ], [ 14.799, 2.6434 ], [ 14.7798, 2.6338 ], [ 14.772, 2.6204 ], [ 14.7644, 2.6342 ], [ 14.7532, 2.6328 ], [ 14.749, 2.6454 ], [ 14.7398, 2.6368 ], [ 14.7396, 2.65 ], [ 14.7332, 2.66 ], [ 14.7266, 2.6538 ], [ 14.7224, 2.6744 ], [ 14.7112, 2.6706 ], [ 14.7138, 2.6984 ], [ 14.7072, 2.6948 ], [ 14.7054, 2.711 ], [ 14.6868, 2.7192 ], [ 14.694, 2.7232 ], [ 14.6876, 2.7296 ], [ 14.674, 2.7238 ], [ 14.661, 2.7352 ], [ 14.6608, 2.7444 ], [ 14.6498, 2.744 ], [ 14.6456, 2.7528 ], [ 14.6392, 2.7488 ], [ 14.6376, 2.7566 ], [ 14.6284, 2.7522 ], [ 14.5866, 2.7674 ], [ 14.5614, 2.7496 ], [ 14.5306, 2.779 ], [ 14.4836, 2.7808 ], [ 14.448, 2.7962 ], [ 14.4254, 2.7918 ], [ 14.3782, 2.7982 ], [ 14.3508, 2.833 ], [ 14.3308, 2.837 ], [ 14.3294, 2.8482 ], [ 14.3378, 2.859 ], [ 14.3212, 2.8684 ], [ 14.3312, 2.882 ], [ 14.3476, 2.8874 ], [ 14.3788, 2.938 ], [ 14.4368, 2.9508 ], [ 14.4282, 2.9756 ], [ 14.373, 3.028 ], [ 14.3804, 3.0346 ], [ 14.3792, 3.0678 ], [ 14.4022, 3.0864 ], [ 14.4052, 3.1688 ], [ 14.4698, 3.2208 ], [ 14.489, 3.2632 ], [ 14.5614, 3.33 ], [ 14.5826, 3.3396 ], [ 14.5896, 3.3666 ], [ 14.601, 3.3686 ], [ 14.5988, 3.3942 ], [ 14.5672, 3.3894 ], [ 14.5626, 3.4076 ], [ 14.5526, 3.4074 ], [ 14.5556, 3.412 ], [ 14.5408, 3.4126 ], [ 14.5398, 3.3982 ], [ 14.5188, 3.3988 ], [ 14.509, 3.4126 ] ] ] } },
{ "type": "Feature", "properties": { "district": "Yoko", "region": "Centre" }, "geometry": { "type": "Polygon", "coordinates": [ [ [ 12.4486, 6.0952 ], [ 12.4494, 6.1124 ], [ 12.4784, 6.137 ], [ 12.4834, 6.1628 ], [ 12.529, 6.1488 ], [ 12.538, 6.1386 ], [ 12.5896, 6.1502 ], [ 12.6452, 6.1456 ], [ 12.6972, 6.164 ], [ 12.7044, 6.1866 ], [ 12.7276, 6.199 ], [ 12.731, 6.2124 ], [ 12.7418, 6.2074 ], [ 12.747, 6.2128 ], [ 12.791, 6.1832 ], [ 12.8494, 6.1656 ], [ 12.8576, 6.1504 ], [ 12.8688, 6.1464 ], [ 12.8646, 6.109 ], [ 12.8696, 6.0822 ], [ 12.861, 6.0478 ], [ 12.8738, 6.0272 ], [ 12.8746, 6.0098 ], [ 12.882, 6.0056 ], [ 12.8744, 5.9914 ], [ 12.877, 5.9546 ], [ 12.8692, 5.8998 ], [ 12.8806, 5.8884 ], [ 12.8852, 5.8668 ], [ 12.8986, 5.866 ], [ 12.913, 5.8502 ], [ 12.9508, 5.7898 ], [ 12.962, 5.7136 ], [ 12.998, 5.7046 ], [ 13.0034, 5.6448 ], [ 13.0236, 5.6086 ], [ 13.051, 5.5892 ], [ 13.05, 5.57 ], [ 13.067, 5.5588 ], [ 13.0678, 5.5258 ], [ 13.0802, 5.5112 ], [ 13.0648, 5.4912 ], [ 13.0708, 5.4562 ], [ 13.0374, 5.4266 ], [ 13.0328, 5.4118 ], [ 13.0414, 5.3852 ], [ 13.0406, 5.3454 ], [ 13.0242, 5.3034 ], [ 12.9928, 5.313 ], [ 12.979, 5.3088 ], [ 12.9322, 5.2642 ], [ 12.9138, 5.2372 ], [ 12.8858, 5.2276 ], [ 12.8092, 5.2798 ], [ 12.7928, 5.2828 ], [ 12.7762, 5.2702 ], [ 12.7566, 5.275 ], [ 12.7204, 5.2412 ], [ 12.6956, 5.2412 ], [ 12.6888, 5.2336 ], [ 12.6672, 5.236 ], [ 12.631, 5.2208 ], [ 12.5816, 5.2152 ], [ 12.5276, 5.2256 ], [ 12.517, 5.2212 ], [ 12.4884, 5.1676 ], [ 12.4726, 5.1668 ], [ 12.4628, 5.1558 ], [ 12.4372, 5.0926 ], [ 12.4298, 5.0946 ], [ 12.431, 5.1148 ], [ 12.4244, 5.1196 ], [ 12.3932, 5.0992 ], [ 12.3556, 5.0604 ], [ 12.3244, 4.9988 ], [ 12.3122, 4.9434 ], [ 12.2826, 4.9152 ], [ 12.2434, 4.9152 ], [ 12.2248, 4.8988 ], [ 12.1834, 4.9016 ], [ 12.175, 4.8924 ], [ 12.1482, 4.8912 ], [ 12.115, 4.8574 ], [ 12.1076, 4.8596 ], [ 12.103, 4.8504 ], [ 12.097, 4.8546 ], [ 12.0892, 4.8464 ], [ 12.0656, 4.8646 ], [ 12.0238, 4.8438 ], [ 12.0214, 4.856 ], [ 12.0098, 4.8518 ], [ 11.9976, 4.8604 ], [ 11.9936, 4.846 ], [ 12.0018, 4.8326 ], [ 11.9936, 4.8252 ], [ 11.9854, 4.8292 ], [ 11.9892, 4.819 ], [ 12.001, 4.8156 ], [ 11.9914, 4.7752 ], [ 12.0008, 4.7694 ], [ 11.9832, 4.7664 ], [ 11.9912, 4.7566 ], [ 11.9842, 4.7508 ], [ 11.9874, 4.7434 ], [ 11.9804, 4.7436 ], [ 11.9828, 4.7344 ], [ 11.9976, 4.7416 ], [ 12.0016, 4.737 ], [ 11.9824, 4.723 ], [ 11.9666, 4.722 ], [ 11.9692, 4.7072 ], [ 11.952, 4.7038 ], [ 11.9426, 4.7098 ], [ 11.9238, 4.7432 ], [ 11.9254, 4.7562 ], [ 11.9152, 4.7596 ], [ 11.8788, 4.738 ], [ 11.8756, 4.6984 ], [ 11.8422, 4.712 ], [ 11.8088, 4.6926 ], [ 11.7966, 4.694 ], [ 11.7908, 4.7024 ], [ 11.7792, 4.6964 ], [ 11.7786, 4.6834 ], [ 11.7542, 4.674 ], [ 11.744, 4.6964 ], [ 11.7468, 4.7192 ], [ 11.735, 4.7368 ], [ 11.7352, 4.7608 ], [ 11.6906, 4.7686 ], [ 11.6916, 4.7768 ], [ 11.7044, 4.7804 ], [ 11.7024, 4.8064 ], [ 11.6766, 4.8246 ], [ 11.6768, 4.8512 ], [ 11.6866, 4.8644 ], [ 11.6644, 4.9064 ], [ 11.6764, 4.9232 ], [ 11.6674, 4.9422 ], [ 11.6802, 4.9524 ], [ 11.6834, 4.9686 ], [ 11.6594, 4.9912 ], [ 11.6562, 5.0106 ], [ 11.6504, 5.0072 ], [ 11.6322, 5.0276 ], [ 11.6094, 5.0226 ], [ 11.6128, 5.0296 ], [ 11.5922, 5.0354 ], [ 11.5818, 5.0582 ], [ 11.5718, 5.0484 ], [ 11.564, 5.0506 ], [ 11.5588, 5.0612 ], [ 11.5644, 5.082 ], [ 11.5586, 5.0912 ], [ 11.567, 5.0892 ], [ 11.5732, 5.1044 ], [ 11.5806, 5.1054 ], [ 11.5692, 5.107 ], [ 11.5716, 5.1138 ], [ 11.5578, 5.1104 ], [ 11.5502, 5.119 ], [ 11.5512, 5.1304 ], [ 11.5438, 5.1304 ], [ 11.5454, 5.1388 ], [ 11.52, 5.1348 ], [ 11.5234, 5.1452 ], [ 11.5098, 5.1632 ], [ 11.5078, 5.1922 ], [ 11.4944, 5.1966 ], [ 11.4942, 5.2098 ], [ 11.4776, 5.2208 ], [ 11.4802, 5.2274 ], [ 11.465, 5.228 ], [ 11.471, 5.2326 ], [ 11.4616, 5.2452 ], [ 11.4542, 5.2764 ], [ 11.4588, 5.2778 ], [ 11.4438, 5.2866 ], [ 11.4498, 5.2918 ], [ 11.4438, 5.2992 ], [ 11.4344, 5.3016 ], [ 11.4408, 5.3102 ], [ 11.4296, 5.3154 ], [ 11.434, 5.3352 ], [ 11.4226, 5.364 ], [ 11.3852, 5.3758 ], [ 11.3666, 5.358 ], [ 11.357, 5.365 ], [ 11.3064, 5.3408 ], [ 11.3004, 5.3168 ], [ 11.2778, 5.3152 ], [ 11.2524, 5.2984 ], [ 11.2432, 5.2646 ], [ 11.263, 5.2542 ], [ 11.216, 5.2356 ], [ 11.1942, 5.2018 ], [ 11.1662, 5.1766 ], [ 11.0964, 5.1998 ], [ 11.0766, 5.1892 ], [ 11.0796, 5.2058 ], [ 11.0634, 5.2174 ], [ 11.0808, 5.2616 ], [ 11.0686, 5.2972 ], [ 11.105, 5.3262 ], [ 11.1262, 5.3284 ], [ 11.1334, 5.3584 ], [ 11.1808, 5.3858 ], [ 11.18, 5.4048 ], [ 11.1924, 5.4162 ], [ 11.1682, 5.4512 ], [ 11.194, 5.4696 ], [ 11.2128, 5.527 ], [ 11.2048, 5.5402 ], [ 11.2104, 5.5564 ], [ 11.2018, 5.568 ], [ 11.204, 5.5804 ], [ 11.1846, 5.6038 ], [ 11.2124, 5.6482 ], [ 11.2008, 5.6714 ], [ 11.2246, 5.6846 ], [ 11.2416, 5.716 ], [ 11.2526, 5.7096 ], [ 11.2696, 5.7314 ], [ 11.279, 5.733 ], [ 11.2914, 5.7532 ], [ 11.2902, 5.7686 ], [ 11.3058, 5.7724 ], [ 11.3152, 5.7872 ], [ 11.3006, 5.8008 ], [ 11.2852, 5.7976 ], [ 11.2714, 5.8102 ], [ 11.2682, 5.8266 ], [ 11.2748, 5.8478 ], [ 11.269, 5.859 ], [ 11.2768, 5.875 ], [ 11.2638, 5.8826 ], [ 11.2678, 5.8944 ], [ 11.2522, 5.9066 ], [ 11.2554, 5.9142 ], [ 11.2754, 5.9172 ], [ 11.2696, 5.9304 ], [ 11.277, 5.9488 ], [ 11.2604, 5.974 ], [ 11.2988, 5.99 ], [ 11.3032, 5.9822 ], [ 11.3114, 5.9986 ], [ 11.3208, 5.9936 ], [ 11.326, 6.0012 ], [ 11.3376, 5.9966 ], [ 11.3822, 6.011 ], [ 11.456, 6.0196 ], [ 11.4596, 6.0262 ], [ 11.4938, 6.032 ], [ 11.5152, 6.044 ], [ 11.5424, 6.0464 ], [ 11.5466, 6.0522 ], [ 11.5532, 6.0484 ], [ 11.5788, 6.0596 ], [ 11.5916, 6.0562 ], [ 11.6032, 6.0728 ], [ 11.6128, 6.0644 ], [ 11.6216, 6.0744 ], [ 11.6624, 6.076 ], [ 11.6568, 6.0886 ], [ 11.672, 6.0942 ], [ 11.682, 6.1146 ], [ 11.704, 6.1242 ], [ 11.704, 6.1418 ], [ 11.7218, 6.1448 ], [ 11.7326, 6.1564 ], [ 11.7606, 6.1672 ], [ 11.7714, 6.1648 ], [ 11.7874, 6.1886 ], [ 11.7948, 6.186 ], [ 11.8132, 6.1972 ], [ 11.833, 6.193 ], [ 11.837, 6.2026 ], [ 11.8572, 6.212 ], [ 11.8686, 6.205 ], [ 11.896, 6.207 ], [ 11.9082, 6.2248 ], [ 11.9244, 6.2172 ], [ 11.926, 6.2238 ], [ 11.9348, 6.2212 ], [ 11.9428, 6.2344 ], [ 11.9404, 6.2504 ], [ 11.9902, 6.2634 ], [ 12.002, 6.258 ], [ 11.9866, 6.2266 ], [ 11.9906, 6.2126 ], [ 12.0878, 6.1572 ], [ 12.1042, 6.158 ], [ 12.107, 6.1642 ], [ 12.1232, 6.1548 ], [ 12.1816, 6.1548 ], [ 12.2042, 6.1876 ], [ 12.2226, 6.1796 ], [ 12.2506, 6.191 ], [ 12.2644, 6.2098 ], [ 12.2932, 6.2174 ], [ 12.3014, 6.2118 ], [ 12.2978, 6.1952 ], [ 12.3322, 6.162 ], [ 12.3862, 6.1372 ], [ 12.4018, 6.1164 ], [ 12.4486, 6.0952 ] ], [ [ 12.4326, 6.0996 ], [ 12.4328, 6.0994 ], [ 12.4328, 6.0996 ], [ 12.4326, 6.0996 ] ] ] } },
{ "type": "Feature", "properties": { "district": "Zoetele", "region": "Sud" }, "geometry": { "type": "Polygon", "coordinates": [ [ [ 12.1374, 3.3312 ], [ 12.0896, 3.294 ], [ 12.069, 3.2868 ], [ 12.0594, 3.264 ], [ 12.038, 3.2576 ], [ 12.0316, 3.2438 ], [ 12.006, 3.2468 ], [ 11.9898, 3.2222 ], [ 11.9562, 3.2118 ], [ 11.9506, 3.1976 ], [ 11.9638, 3.1784 ], [ 11.9482, 3.1852 ], [ 11.9496, 3.1746 ], [ 11.9424, 3.167 ], [ 11.9256, 3.1686 ], [ 11.9058, 3.159 ], [ 11.893, 3.1168 ], [ 11.8812, 3.112 ], [ 11.8394, 3.1188 ], [ 11.828, 3.0806 ], [ 11.7404, 3.1144 ], [ 11.7228, 3.11 ], [ 11.7074, 3.1196 ], [ 11.715, 3.1248 ], [ 11.711, 3.1408 ], [ 11.7176, 3.1642 ], [ 11.6854, 3.1808 ], [ 11.6998, 3.2004 ], [ 11.7018, 3.2582 ], [ 11.7098, 3.277 ], [ 11.7368, 3.2782 ], [ 11.7456, 3.2876 ], [ 11.7362, 3.3298 ], [ 11.7704, 3.3214 ], [ 11.776, 3.3128 ], [ 11.777, 3.327 ], [ 11.82, 3.3632 ], [ 11.8392, 3.3728 ], [ 11.849, 3.364 ], [ 11.8602, 3.3814 ], [ 11.8612, 3.4082 ], [ 11.8924, 3.4738 ], [ 11.9218, 3.4554 ], [ 11.9256, 3.4442 ], [ 11.9418, 3.4414 ], [ 11.9498, 3.4526 ], [ 11.9704, 3.4412 ], [ 11.9806, 3.4344 ], [ 11.9824, 3.4188 ], [ 11.994, 3.4068 ], [ 12.1336, 3.3616 ], [ 12.1374, 3.3312 ] ] ] } }
]
}
