{
"type": "FeatureCollection",
"name": "pays_limitrophes_cmr",
"crs": { "type": "name", "properties": { "name": "urn:ogc:def:crs:OGC:1.3:CRS84" } },
"features": [
{ "type": "Feature", "properties": { "COUNTRY": "Republic of the Congo" }, "geometry": { "type": "MultiPolygon", "coordinates": [ [ [ [ 11.699027000000113, -4.468472 ], [ 11.697639, -4.467916000999877 ], [ 11.699027000000115, -4.467084 ], [ 11.699027000000113, -4.468472 ] ] ], [ [ [ 11.693195, -4.464584 ], [ 11.697639, -4.467637998999976 ], [ 11.694861, -4.467084 ], [ 11.693195, -4.464584 ] ] ], [ [ [ 11.850137711000116, -4.786250114999859 ], [ 11.849028, -4.745695 ], [ 11.780973000000188, -4.666805 ], [ 11.825417, -4.625694 ], [ 11.801251, -4.567360999999893 ], [ 11.716529000000151, -4.473472 ], [ 11.395973205000132, -4.21374893199993 ], [ 11.35124874100012, -4.112361906999979 ], [ 11.200858, -3.990695 ], [ 11.249189000000172, -3.826533 ], [ 11.249577000000102, -3.718149 ], [ 11.345494271000064, -3.603519915999924 ], [ 11.458426476, -3.583903073999863 ], [ 11.537392616000089, -3.513901947999841 ], [ 11.631603241, -3.570209978999913 ], [ 11.702751160000048, -3.677154062999874 ], [ 11.876068116, -3.750394104999941 ], [ 11.947833062000029, -3.626283883999917 ], [ 11.877886772000011, -3.57688593699993 ], [ 11.880576133000034, -3.535695074999921 ], [ 11.958836555000175, -3.478311060999886 ], [ 12.045451164000099, -3.352566002999879 ], [ 12.001762391000057, -3.24194192899995 ], [ 11.935043335000101, -3.187948941999821 ], [ 12.010766983000112, -3.142299889999947 ], [ 12.066580773000169, -2.96943211499996 ], [ 11.617465973000037, -2.789746999999863 ], [ 11.641394615000138, -2.698163032999844 ], [ 11.703841209000077, -2.673032997999883 ], [ 11.636161804000153, -2.520796059999896 ], [ 11.653219224000168, -2.430376052999975 ], [ 11.608720779000123, -2.32275700499997 ], [ 11.678981781000061, -2.353524923999942 ], [ 11.771301269000105, -2.456957100999943 ], [ 11.831138610999972, -2.38075589999994 ], [ 11.996698379000122, -2.339857100999893 ], [ 12.092252731000087, -2.439337014999978 ], [ 12.502870560000074, -2.422353028999964 ], [ 12.529197694000061, -2.326380966999978 ], [ 12.497048378000102, -2.268013953999968 ], [ 12.532154083000137, -2.213896035999881 ], [ 12.523661614000105, -2.095231055999875 ], [ 12.475246428999981, -2.018961905999958 ], [ 12.445437431000071, -1.869990943999881 ], [ 12.520722389000184, -1.901360987999965 ], [ 12.561779976000137, -1.859199047999937 ], [ 12.650080681000077, -1.882019996999872 ], [ 12.73325824799997, -1.86483097099989 ], [ 12.841585160000021, -1.939563988999851 ], [ 12.885210037000093, -2.099488019999854 ], [ 13.025535584000181, -2.229840992999869 ], [ 13.040926933000092, -2.333771942999931 ], [ 13.175564764999988, -2.379430054999886 ], [ 13.21593093900003, -2.337915896999959 ], [ 13.384799004, -2.424621104999972 ], [ 13.503096580000092, -2.431169031999957 ], [ 13.75815486900018, -2.11337995599996 ], [ 13.813878060000095, -2.153439997999953 ], [ 13.916576385000099, -2.333872079999935 ], [ 13.871903419999963, -2.436167000999944 ], [ 13.922572136000156, -2.464971065999976 ], [ 14.050198555000181, -2.455533026999944 ], [ 14.083021165000048, -2.481632946999866 ], [ 14.220227242000133, -2.303746938999949 ], [ 14.156409263999988, -2.194279908999818 ], [ 14.253233909000016, -2.105577944999936 ], [ 14.257282258000087, -1.983204960999899 ], [ 14.400611877000188, -1.872002959999918 ], [ 14.420770644000186, -1.728654979999931 ], [ 14.451237679000144, -1.692425964999927 ], [ 14.377006531000177, -1.601683972999922 ], [ 14.485257148000185, -1.533630966999965 ], [ 14.46257019000012, -1.469812988999877 ], [ 14.500937461000035, -1.414703963999955 ], [ 14.452271462000114, -1.365028023999969 ], [ 14.485608100000093, -1.260061979999932 ], [ 14.410247803000061, -0.908969997999975 ], [ 14.49872016900008, -0.680893003999927 ], [ 14.482548714000078, -0.588837981999859 ], [ 14.386141776999978, -0.46864798699994 ], [ 14.176730156000019, -0.439633010999899 ], [ 14.150184632000107, -0.312498001999927 ], [ 13.984849930000168, -0.22309899399994 ], [ 13.93955040000003, -0.25013199499989 ], [ 13.885629652999967, -0.172021000999962 ], [ 13.958520889000114, 0.03079 ], [ 13.923818588000072, 0.05048599800017 ], [ 13.895934106000027, 0.235290006000071 ], [ 13.941976548000186, 0.267973006000091 ], [ 13.941678047000094, 0.315741002000038 ], [ 13.989515304000179, 0.376217992000136 ], [ 14.073198318999971, 0.42985099700013 ], [ 14.093004228000154, 0.469386995000036 ], [ 14.070832252000057, 0.493936002000055 ], [ 14.10659408500004, 0.549805999000057 ], [ 14.289212227000062, 0.543816984000046 ], [ 14.295107841000117, 0.580350995000117 ], [ 14.384534836000171, 0.637416005000148 ], [ 14.368041038000058, 0.698514999000167 ], [ 14.488712310000098, 0.825231016000032 ], [ 14.465377806999982, 0.874387026000079 ], [ 14.491634370000099, 0.879922986000168 ], [ 14.497989655000026, 0.92864900800015 ], [ 14.437965393000127, 0.969964982000078 ], [ 14.398686409, 1.089761019000036 ], [ 14.296156883000036, 1.233603954000159 ], [ 14.306775093000168, 1.294250011000088 ], [ 14.278985978000092, 1.341192960000057 ], [ 14.187220573, 1.395620943000153 ], [ 14.066542625000123, 1.380682946000036 ], [ 14.011556626000129, 1.438241005000122 ], [ 13.983418465000113, 1.416226984000047 ], [ 13.805885316000115, 1.436970949000169 ], [ 13.778598785000044, 1.361397027000123 ], [ 13.647653579000119, 1.349401950000185 ], [ 13.514365196000085, 1.265915035999967 ], [ 13.436711312000055, 1.300243974000182 ], [ 13.321986198000104, 1.262209059000042 ], [ 13.309393883000155, 1.221086980000109 ], [ 13.156329156000139, 1.234310984000046 ], [ 13.188799858000037, 1.292428018000067 ], [ 13.223980903000095, 1.285045982000156 ], [ 13.26399612400013, 1.336493015000144 ], [ 13.217913627000089, 1.479257942000061 ], [ 13.1308889390001, 1.586897016000023 ], [ 13.151017189000184, 1.624811053000087 ], [ 13.137106895000157, 1.701830030000053 ], [ 13.201395035000077, 1.806843043000129 ], [ 13.158223152000176, 1.893319965000103 ], [ 13.216558456000143, 1.946388007000166 ], [ 13.209712982000042, 1.981801034000056 ], [ 13.286583900000153, 2.03921890200013 ], [ 13.299013137000145, 2.170983553999974 ], [ 14.3039016730001, 2.162583352000069 ], [ 14.362896920000026, 2.187694312000133 ], [ 14.412199020000116, 2.181299687000092 ], [ 14.458949088, 2.125210524000067 ], [ 14.595409263000018, 2.203563830000064 ], [ 14.648054000000116, 2.131503 ], [ 14.770928999000144, 2.096769999000117 ], [ 14.77017299900012, 2.063641001000121 ], [ 14.86239120800002, 2.081173218000117 ], [ 14.874761581000085, 2.110760927000115 ], [ 14.881902890999983, 2.071504154000138 ], [ 14.913595, 2.062696999000025 ], [ 14.891899, 2.021714999000039 ], [ 14.917976001000055, 2.001514001000146 ], [ 14.983546000000104, 2.035314999000149 ], [ 15.043292, 1.978359000000182 ], [ 15.069340706000103, 2.000811815000134 ], [ 15.108510001000125, 1.980836000000125 ], [ 15.152749062, 2.040618658000142 ], [ 15.177328001000031, 2.014678000000174 ], [ 15.207175999000185, 2.038937000999965 ], [ 15.292304993000128, 1.989326001000165 ], [ 15.304887001000052, 1.938117999000156 ], [ 15.335729599000105, 1.941596865 ], [ 15.346182000000113, 1.911769001000153 ], [ 15.486153662999984, 1.98257777100008 ], [ 15.748046874000183, 1.919481636000114 ], [ 15.867897033000187, 1.83169913300003 ], [ 15.883460045000049, 1.787259340000048 ], [ 16.02710533100003, 1.766342640000118 ], [ 16.020528999000192, 1.674470000999975 ], [ 16.060140633000117, 1.652267129000052 ], [ 16.085998535000154, 1.689512252000156 ], [ 16.149131774000182, 1.694233536000184 ], [ 16.111358642000138, 1.888457299000095 ], [ 16.050792693000059, 1.974587321000115 ], [ 16.083608628000036, 2.045666694000034 ], [ 16.063442231000067, 2.06920170900014 ], [ 16.089435577000131, 2.093040466000048 ], [ 16.083711623000113, 2.193630695000024 ], [ 16.145715714000172, 2.176563263000105 ], [ 16.188839001000133, 2.21043700100006 ], [ 16.520128251000134, 2.842302084000038 ], [ 16.524770736000107, 2.880489111000144 ], [ 16.490249633000136, 2.909308911000153 ], [ 16.493379593000096, 3.004334926000182 ], [ 16.544540405000134, 3.065686941000081 ], [ 16.505769730000054, 3.159868002000052 ], [ 16.558359145000054, 3.253436089000104 ], [ 16.596540451000127, 3.477276088000167 ], [ 16.647489547000191, 3.529192926000178 ], [ 16.7545318600001, 3.557066917000156 ], [ 16.851802825999982, 3.510616065000135 ], [ 16.873659134999969, 3.557516098000121 ], [ 16.957279205000191, 3.559864998000136 ], [ 17.035299301000119, 3.513432980000061 ], [ 17.058057785000074, 3.548130036000145 ], [ 17.239347458000054, 3.579215050000129 ], [ 17.298809052000134, 3.630148889000111 ], [ 17.362676620000062, 3.606966018000151 ], [ 17.394212722000074, 3.661652088000154 ], [ 17.474060059000124, 3.703082084000073 ], [ 17.606319427000074, 3.64125108700017 ], [ 17.733049393000098, 3.651215076000084 ], [ 17.828977585000132, 3.626744032000031 ], [ 17.8591403960001, 3.5329830660001 ], [ 17.937719346000105, 3.602446079000174 ], [ 17.995740890000036, 3.551158905000023 ], [ 18.000001907000122, 3.578872919000162 ], [ 18.123521805000106, 3.56607103400006 ], [ 18.188995361000025, 3.481167078000055 ], [ 18.241550446000019, 3.50044107400015 ], [ 18.267684937000126, 3.591567994000115 ], [ 18.345935822000115, 3.60757708600005 ], [ 18.410535812000091, 3.577896118000068 ], [ 18.490898132000044, 3.65168690600001 ], [ 18.594999313000077, 3.477019071000143 ], [ 18.635099412000041, 3.471087933000035 ], [ 18.641740798000114, 3.208940029000189 ], [ 18.601398468000124, 3.114506006000056 ], [ 18.533000945000083, 3.069999933000076 ], [ 18.468000412000098, 2.957999945000096 ], [ 18.432958602000099, 2.777928115000066 ], [ 18.338796615000149, 2.59886288600012 ], [ 18.242000579000091, 2.506999969000105 ], [ 18.184999466000079, 2.345000028000129 ], [ 18.094999313000184, 2.237999916000035 ], [ 18.065284728000169, 2.027014017000055 ], [ 18.09253120500011, 1.962113976000068 ], [ 18.058153152000045, 1.821048975999986 ], [ 18.088039397000042, 1.677963019000174 ], [ 18.067958831000166, 1.521394849000103 ], [ 17.975999832000017, 1.337999941000135 ], [ 17.941770553000026, 1.164453031000164 ], [ 17.850116731000181, 1.012439013000119 ], [ 17.844999313000077, 0.919000029000187 ], [ 17.895277024000105, 0.775074005000022 ], [ 17.875999451000155, 0.593999982000128 ], [ 17.955078124, 0.489937992000023 ], [ 17.960023881000037, 0.388999493000142 ], [ 17.820999146000187, 0.215999962000069 ], [ 17.775184632000048, 0.10758300100008 ], [ 17.770999907999961, 0.0 ], [ 17.714000702000078, -0.128000064999981 ], [ 17.74184990000003, -0.38097000099998 ], [ 17.709651946000179, -0.540646016999915 ], [ 17.492511749000073, -0.83901202699991 ], [ 17.341194153000117, -0.990492998999968 ], [ 17.111000061000027, -1.074000000999945 ], [ 16.846000671000184, -1.263999938999973 ], [ 16.538002014000142, -1.829001544999926 ], [ 16.206567765000102, -2.187262772999929 ], [ 16.184278488000189, -2.382886886999927 ], [ 16.237369536000188, -2.624788044999888 ], [ 16.180213928000114, -2.875008104999949 ], [ 16.178283692000097, -3.102118967999898 ], [ 16.184074401000089, -3.250494957999933 ], [ 16.222396850000166, -3.296272039999906 ], [ 15.900524139000085, -3.951448678999952 ], [ 15.556356429000118, -4.04815959799987 ], [ 15.463755608000156, -4.269550799999876 ], [ 15.397207258999972, -4.299825190999968 ], [ 15.302176476000058, -4.281692028999941 ], [ 15.194307327000162, -4.347605227999847 ], [ 15.104795457000082, -4.494965552999929 ], [ 14.913061142000119, -4.681092738999949 ], [ 14.843790054000181, -4.824483870999927 ], [ 14.687930108000099, -4.917560099999945 ], [ 14.64624977000005, -4.923175810999965 ], [ 14.489867210000059, -4.848157882999828 ], [ 14.412021637000066, -4.893554687999939 ], [ 14.408327103000088, -4.693063735999942 ], [ 14.349337577000027, -4.564120768999941 ], [ 14.381735802000039, -4.52486896399995 ], [ 14.431859015999974, -4.520176886999935 ], [ 14.480509758000153, -4.436332224999831 ], [ 14.420811653000102, -4.390554904999929 ], [ 14.38663387200012, -4.337312219999943 ], [ 14.408434868000031, -4.307663440999876 ], [ 14.381699563000156, -4.298126220999904 ], [ 14.15565681400011, -4.408706665999887 ], [ 14.020450593000135, -4.430829046999975 ], [ 13.959690093000063, -4.518220901999938 ], [ 13.895660400000111, -4.508094787999938 ], [ 13.828845023999975, -4.427792071999932 ], [ 13.781594276000021, -4.425193785999965 ], [ 13.730381966000037, -4.46927118399992 ], [ 13.750204087000101, -4.557838915999981 ], [ 13.710685729999966, -4.655508517999976 ], [ 13.731471062000084, -4.703322885999968 ], [ 13.680671691000041, -4.719532012999935 ], [ 13.69018268700006, -4.768346785999939 ], [ 13.635249138000063, -4.739533900999958 ], [ 13.582280158000062, -4.81941127799996 ], [ 13.527523995000024, -4.776606559999949 ], [ 13.50441837200003, -4.835124491999975 ], [ 13.427568436000115, -4.882459639999979 ], [ 13.43464374500013, -4.919621943999915 ], [ 13.379172326000058, -4.866867064999894 ], [ 13.372733116000179, -4.798556803999929 ], [ 13.284609795000163, -4.771419046999939 ], [ 13.188200952000045, -4.643029212999977 ], [ 13.104763032, -4.648590086999889 ], [ 13.013349533000055, -4.592199801999925 ], [ 12.906127929000149, -4.467510223999964 ], [ 12.90299034200018, -4.409300803999941 ], [ 12.813120841000057, -4.419400213999949 ], [ 12.751319885000044, -4.372591017999921 ], [ 12.723011016000157, -4.426958083999921 ], [ 12.76008319800013, -4.486017225999945 ], [ 12.662843704000124, -4.487370966999946 ], [ 12.616116524000176, -4.564342020999958 ], [ 12.462395669000047, -4.596130847999916 ], [ 12.301560402000121, -4.8136110289999 ], [ 12.253846169000099, -4.817364214999941 ], [ 12.210160256000165, -4.767732143999977 ], [ 12.173229000000108, -4.898013999999875 ], [ 12.009860000000119, -5.030663999999887 ], [ 11.823472024000068, -4.787084100999946 ], [ 11.850137711000116, -4.786250114999859 ] ] ] ] } },
{ "type": "Feature", "properties": { "COUNTRY": "Central African Republic" }, "geometry": { "type": "Polygon", "coordinates": [ [ [ 18.822591782000131, 4.531794072000083 ], [ 18.794000625000137, 4.422999859000186 ], [ 18.748630524000081, 4.374979974000098 ], [ 18.606779098000178, 4.35764312700013 ], [ 18.545999527, 4.308000088000028 ], [ 18.648849486000131, 4.076396942000088 ], [ 18.652000427000186, 3.977999926000109 ], [ 18.601999283, 3.895999909000069 ], [ 18.586999893000101, 3.750999927000068 ], [ 18.635000230000173, 3.471093416000031 ], [ 18.594999313000077, 3.477019071000143 ], [ 18.535640716000099, 3.610112905 ], [ 18.486759186000029, 3.653269053000088 ], [ 18.410535812000091, 3.577896118000068 ], [ 18.345935822000115, 3.60757708600005 ], [ 18.267684937000126, 3.591567994000115 ], [ 18.241550446000019, 3.50044107400015 ], [ 18.188995361000025, 3.481167078000055 ], [ 18.123521805000106, 3.56607103400006 ], [ 18.000001907000122, 3.578872919000162 ], [ 17.995740890000036, 3.551158905000023 ], [ 17.937719346000105, 3.602446079000174 ], [ 17.8591403960001, 3.5329830660001 ], [ 17.828977585000132, 3.626744032000031 ], [ 17.733049393000098, 3.651215076000084 ], [ 17.606319427000074, 3.64125108700017 ], [ 17.474060059000124, 3.703082084000073 ], [ 17.394212722000074, 3.661652088000154 ], [ 17.362676620000062, 3.606966018000151 ], [ 17.298809052000134, 3.630148889000111 ], [ 17.239347458000054, 3.579215050000129 ], [ 17.058057785000074, 3.548130036000145 ], [ 17.035299301000119, 3.513432980000061 ], [ 16.957279205000191, 3.559864998000136 ], [ 16.873659134999969, 3.557516098000121 ], [ 16.851802825999982, 3.510616065000135 ], [ 16.7545318600001, 3.557066917000156 ], [ 16.610551833000159, 3.497271060000059 ], [ 16.558359145000054, 3.253436089000104 ], [ 16.505769730000054, 3.159868002000052 ], [ 16.544540405000134, 3.065686941000081 ], [ 16.493379593000096, 3.004334926000182 ], [ 16.490249633000136, 2.909308911000153 ], [ 16.524770736000107, 2.880489111000144 ], [ 16.520128251000134, 2.842302084000038 ], [ 16.191989899000077, 2.220515012000021 ], [ 16.072324752000043, 2.462494136000145 ], [ 16.065141678000089, 2.641021490000071 ], [ 16.086786, 2.701515 ], [ 16.058206558000055, 2.712932349000027 ], [ 16.050340652000099, 2.785916091000161 ], [ 16.093032837000067, 2.829769849000115 ], [ 16.032058715000062, 2.983955861000083 ], [ 15.958218575000103, 3.000910759000134 ], [ 15.883375168000045, 3.101229667000155 ], [ 15.800041198000031, 3.100826978000157 ], [ 15.24889694899997, 3.710672085000056 ], [ 15.077032, 4.01812000000018 ], [ 15.184758848000117, 4.05829891200011 ], [ 15.147318, 4.069097 ], [ 15.105946000000129, 4.135992 ], [ 15.09067899900003, 4.300800001000027 ], [ 15.013101578000029, 4.424728870000023 ], [ 14.889295000000121, 4.470697 ], [ 14.730443, 4.613343000000156 ], [ 14.702059849000079, 4.763392985000166 ], [ 14.714641572000064, 4.868751049000026 ], [ 14.676098, 4.989436 ], [ 14.693488121000144, 5.099825382000176 ], [ 14.664195061000102, 5.197608471000137 ], [ 14.527144431, 5.28379488000013 ], [ 14.630498887000046, 5.510987281000099 ], [ 14.591518403000119, 5.59077978300013 ], [ 14.628096580000147, 5.713111400000116 ], [ 14.620351791000134, 5.889361859000075 ], [ 14.596233369000176, 5.923389436000091 ], [ 14.498599053000193, 5.905349256000079 ], [ 14.418822288000115, 6.032466412000188 ], [ 14.423191070000083, 6.07932853800014 ], [ 14.563021660000118, 6.191108226000039 ], [ 14.739759444000185, 6.250890255000113 ], [ 14.812823295000101, 6.364129066000031 ], [ 14.801402093000149, 6.401122093000083 ], [ 14.961637496000151, 6.749874115000126 ], [ 15.063464165000141, 6.784061909000172 ], [ 15.138984679000032, 6.943491935000053 ], [ 15.144467354000085, 7.027078152 ], [ 15.223482131000026, 7.126717091000046 ], [ 15.221395493000049, 7.242538453000066 ], [ 15.426222801, 7.416947366000043 ], [ 15.496734618000174, 7.525787353000171 ], [ 15.548315048000063, 7.569691181000112 ], [ 15.507479667000098, 7.527468205000163 ], [ 15.727951050000117, 7.519134044000054 ], [ 15.74297046600009, 7.478527069000109 ], [ 15.80959034, 7.441069126000118 ], [ 15.974808693, 7.483339787000032 ], [ 16.066137315000162, 7.581911088000028 ], [ 16.235460282000137, 7.60665798300005 ], [ 16.392770768000162, 7.671136857000137 ], [ 16.430519104000094, 7.718708993000062 ], [ 16.412538529000191, 7.767912864000039 ], [ 16.438959122000142, 7.805203914000174 ], [ 16.489099502000101, 7.790277957 ], [ 16.51883125300014, 7.845677853000097 ], [ 16.59592056300016, 7.880189895000171 ], [ 16.594480515000047, 7.768878937000125 ], [ 16.668018341, 7.73821783000011 ], [ 16.667230606000143, 7.668667794000043 ], [ 16.72677993700006, 7.650231839000072 ], [ 16.843849183000145, 7.529787063000127 ], [ 16.908000946000072, 7.558147906999976 ], [ 16.900920867000025, 7.616500854000093 ], [ 17.040319442000111, 7.635039808000101 ], [ 17.090639115000041, 7.660477162 ], [ 17.09127044700006, 7.692152977000147 ], [ 17.160448074000158, 7.666747094000073 ], [ 17.232578278000066, 7.76344204000014 ], [ 17.262659073000179, 7.746973038000132 ], [ 17.30870056100008, 7.82773399500013 ], [ 17.402990341000073, 7.84301996300013 ], [ 17.467769622000045, 7.894046784000123 ], [ 17.515068053000103, 7.868749142000068 ], [ 17.547159195000066, 7.921339988999986 ], [ 17.616519927000123, 7.926885128000094 ], [ 17.671670914000117, 7.982767105 ], [ 17.921638490000078, 7.958611012000175 ], [ 18.031982423000102, 8.00930309300003 ], [ 18.618049621000182, 8.05246830099998 ], [ 18.657699585999975, 8.194954872000151 ], [ 18.837179184000036, 8.288975716000094 ], [ 18.850502013000039, 8.347262382000109 ], [ 18.899570465000124, 8.364068985000074 ], [ 18.98955726700007, 8.512969972000176 ], [ 19.029060363000099, 8.532458304999976 ], [ 19.065841674000072, 8.637378692000025 ], [ 19.122220993000102, 8.671245576000159 ], [ 18.952299118000102, 8.809180260000177 ], [ 18.909719468000105, 8.806939125000101 ], [ 18.900779724000071, 8.850591660000132 ], [ 18.863569260000077, 8.850519181000095 ], [ 18.888990402000047, 8.900974274000076 ], [ 19.09166908200007, 9.020450592000145 ], [ 19.479139328000141, 9.014415742000152 ], [ 19.577621460000103, 9.039951325999988 ], [ 19.671991348000176, 9.020756722000099 ], [ 19.780019760000187, 9.058617593000179 ], [ 19.927139281000166, 9.060796738000079 ], [ 20.101459502000068, 9.156547547000114 ], [ 20.303358078000031, 9.121535301000053 ], [ 20.443859099000065, 9.159519196000019 ], [ 20.52864074700005, 9.337065696000021 ], [ 20.637859344999978, 9.317803383000065 ], [ 20.623529434000151, 9.334621428999979 ], [ 20.66688919000006, 9.398347855000168 ], [ 20.760810851000031, 9.401125908000095 ], [ 20.798240662000183, 9.443394661000012 ], [ 20.827329636000062, 9.43042183 ], [ 20.874572754000098, 9.523344995000173 ], [ 20.915290832999972, 9.525432588000173 ], [ 20.927467346000189, 9.57106685600013 ], [ 20.951599121000129, 9.567901613000174 ], [ 20.951480866000054, 9.616380692000066 ], [ 20.98801994300004, 9.620709420000079 ], [ 20.967149735000188, 9.64252662700005 ], [ 20.993749619000031, 9.645590783000102 ], [ 20.998609542000054, 9.684936524000138 ], [ 20.967817306000086, 9.702277184000138 ], [ 21.004390717000092, 9.705682754000176 ], [ 20.994989395000061, 9.747046470000098 ], [ 21.030530930000115, 9.728499413000064 ], [ 21.030460357000095, 9.773997308 ], [ 21.115310668000177, 9.791945459000091 ], [ 21.254049301000013, 9.990381240000147 ], [ 21.347549438000158, 9.965603829000086 ], [ 21.432039262, 10.048720361000164 ], [ 21.450120927000114, 10.123709680000104 ], [ 21.536750794000053, 10.226941110000041 ], [ 21.588670731000089, 10.211340904000165 ], [ 21.672708512000096, 10.233710289000156 ], [ 21.660692214000111, 10.253138542000158 ], [ 21.728260040000126, 10.30177021100002 ], [ 21.723140718000082, 10.347061158000145 ], [ 21.770990372000032, 10.411689759000071 ], [ 21.717540740000178, 10.507869721000135 ], [ 21.73362731900005, 10.653980256000125 ], [ 21.758609772000057, 10.642240525000149 ], [ 21.788589477000183, 10.669401168000093 ], [ 21.788488388000076, 10.794610023000075 ], [ 21.83262062000011, 10.839479446000096 ], [ 21.880790710000102, 10.869939805000055 ], [ 21.940040589000148, 10.852260589000082 ], [ 22.074159621000149, 10.895831109000026 ], [ 22.15180015500016, 10.876021385000174 ], [ 22.509040832000039, 11.007268906000148 ], [ 22.881338120000066, 10.930899620000162 ], [ 22.998479844000087, 10.724761010000066 ], [ 23.129959106000175, 10.639926910000097 ], [ 23.301879884000073, 10.474639892000026 ], [ 23.668241501000065, 9.891513825000063 ], [ 23.697868347000163, 9.667718887999968 ], [ 23.628549576000122, 9.542101861000104 ], [ 23.655660629000064, 9.536487580000026 ], [ 23.643859864000031, 9.445696831000078 ], [ 23.677442550000091, 9.438735963000056 ], [ 23.639110566000166, 9.343262674000071 ], [ 23.655309678000034, 9.285651207000056 ], [ 23.545818329000038, 9.177618027000165 ], [ 23.491979599000164, 9.172736168000087 ], [ 23.447809219000131, 9.017023087000158 ], [ 23.503610612000163, 8.961928367000098 ], [ 23.586299896000071, 8.997324944000068 ], [ 23.581029892000117, 8.902692794000131 ], [ 23.508539200000083, 8.814837455000086 ], [ 23.520107270000153, 8.726968765000095 ], [ 23.940580368000095, 8.730036736000157 ], [ 24.205879212000067, 8.68821716400015 ], [ 24.252660752000114, 8.711763382000074 ], [ 24.232118607000135, 8.631819726000117 ], [ 24.269739152000046, 8.588732720000051 ], [ 24.171220780000169, 8.48153114400003 ], [ 24.151929856000098, 8.387605667000114 ], [ 24.203580857000073, 8.303997994000101 ], [ 24.360397338000151, 8.251851081000154 ], [ 24.414241791000055, 8.280653001000077 ], [ 24.47554016100008, 8.275266648000184 ], [ 24.560691833000131, 8.202904702000126 ], [ 24.647029877000023, 8.226202012000043 ], [ 24.761329650000157, 8.183641435000141 ], [ 24.864749909, 8.18049812300012 ], [ 24.905809403000038, 8.051576614 ], [ 24.97170066800015, 7.983684063 ], [ 25.093229293000149, 7.883699895000118 ], [ 25.180088043000065, 7.902913093 ], [ 25.230947494000134, 7.867730141000039 ], [ 25.292360305999978, 7.792335986000012 ], [ 25.280269622000056, 7.697950841000079 ], [ 25.304870605000122, 7.665307046000121 ], [ 25.175369262000178, 7.579291821000084 ], [ 25.20037078800009, 7.488980771000172 ], [ 25.275630950000103, 7.47535181 ], [ 25.336570740000127, 7.421751023000182 ], [ 25.361097335000071, 7.344515801000169 ], [ 25.451740265000126, 7.306261064000183 ], [ 25.452861785000152, 7.283051013999965 ], [ 25.526500703000174, 7.276978017000147 ], [ 25.597988128000054, 7.218735218000061 ], [ 25.81809806900003, 7.149209977000166 ], [ 25.816879272000158, 7.110828876000029 ], [ 25.889110565000173, 7.096910954000068 ], [ 25.894111634000126, 7.065642834000186 ], [ 25.977809906000058, 7.036984921 ], [ 25.985570907000181, 7.006859779000024 ], [ 26.048599243000126, 7.000527860000091 ], [ 26.040851593000184, 6.92514610300003 ], [ 26.089120864000108, 6.904128075000187 ], [ 26.104589462000085, 6.82386302900011 ], [ 26.167589189000125, 6.813154220000059 ], [ 26.262800218000063, 6.709022045000039 ], [ 26.407100677000184, 6.651888848000169 ], [ 26.403770446000063, 6.611658096000156 ], [ 26.352859498000104, 6.575219155000128 ], [ 26.286592483000163, 6.462460994000139 ], [ 26.315710067000055, 6.429737091000161 ], [ 26.297897340000194, 6.387691975000167 ], [ 26.384622574000044, 6.312276841000084 ], [ 26.475559235000173, 6.277321816000097 ], [ 26.488729477000117, 6.214496137000081 ], [ 26.535390854000074, 6.215067864000049 ], [ 26.451152801000152, 6.085776806000068 ], [ 26.519029617000172, 6.115509986000121 ], [ 26.560180663000089, 6.033278943000027 ], [ 26.810531617000148, 5.987491130000024 ], [ 26.842180252000162, 5.892842770000015 ], [ 26.915937423000056, 5.893540860000087 ], [ 26.958759308000136, 5.847857952000139 ], [ 27.01597023100004, 5.848368168000092 ], [ 27.050928116000129, 5.790275096000072 ], [ 27.103807449000161, 5.80068588400013 ], [ 27.160438538000051, 5.767364980000027 ], [ 27.144992829000039, 5.749241828000153 ], [ 27.217590331000054, 5.687791824000044 ], [ 27.237909318000057, 5.588778974000036 ], [ 27.283390044999976, 5.58701086100001 ], [ 27.233200073000035, 5.426796914000021 ], [ 27.248920442, 5.326862813000103 ], [ 27.315990447000154, 5.207876205000048 ], [ 27.455289840000027, 5.071809769000027 ], [ 27.463420868000075, 5.016152858999987 ], [ 27.414569854000035, 5.087839127999985 ], [ 27.112178802000081, 5.206707001000097 ], [ 26.935108184000061, 5.134194375000049 ], [ 26.872159957000058, 5.033754826000063 ], [ 26.80811119100008, 5.049067973999967 ], [ 26.749956131000086, 5.103510380000102 ], [ 26.488008499000102, 5.046394826000153 ], [ 26.414154053000058, 5.13299989700016 ], [ 26.351219176000086, 5.155415059000119 ], [ 26.303287505000181, 5.140808105000132 ], [ 26.253808974000027, 5.197995187000116 ], [ 26.221227645000106, 5.194007873000089 ], [ 26.208040237000038, 5.237008095000079 ], [ 26.190650940000182, 5.217636108000134 ], [ 26.186910629000074, 5.241559983000116 ], [ 26.160079957000161, 5.232058048000055 ], [ 26.160932542000065, 5.258523941000077 ], [ 26.092819213000155, 5.23787212300016 ], [ 26.099552155000136, 5.208202363000055 ], [ 26.067914963000131, 5.194083214000046 ], [ 25.985166550000031, 5.239661217000047 ], [ 25.963951111000142, 5.191736221000098 ], [ 25.909530639000071, 5.200329781000049 ], [ 25.905040741000168, 5.165108203999979 ], [ 25.883775712000102, 5.21866989100016 ], [ 25.835897446000107, 5.186776161000181 ], [ 25.808961869000136, 5.215233803000046 ], [ 25.820117950999983, 5.245872975000111 ], [ 25.790075301000112, 5.237730979000047 ], [ 25.79249954200003, 5.272717953000097 ], [ 25.749221802000189, 5.236693383000159 ], [ 25.708869934000123, 5.297091008000167 ], [ 25.660867692000181, 5.306149005000063 ], [ 25.658731461000059, 5.328004837000092 ], [ 25.630577087000059, 5.303524972000105 ], [ 25.60181999200006, 5.322762966000083 ], [ 25.62263107300004, 5.347452163000184 ], [ 25.540779114000031, 5.385851860000058 ], [ 25.547544479000177, 5.354577065000114 ], [ 25.486900330000022, 5.365883827 ], [ 25.42920875600004, 5.320590972000161 ], [ 25.404109955000028, 5.342597961000139 ], [ 25.367708207000074, 5.31554794300007 ], [ 25.384290694000185, 5.299955845000113 ], [ 25.321996690000052, 5.195034028000179 ], [ 25.35520744400009, 5.149122239000064 ], [ 25.317970276000153, 5.036222933999965 ], [ 25.191190720000066, 5.003779889000159 ], [ 25.154159545000077, 5.028267861000189 ], [ 25.136428832000032, 5.00000095400003 ], [ 24.999998094000098, 5.000000954000028 ], [ 24.791652679000091, 4.906937123000148 ], [ 24.734752655000015, 4.906237126000065 ], [ 24.658065796000184, 4.919487954000031 ], [ 24.673908234000187, 4.969501973000092 ], [ 24.632814408, 4.97507619900017 ], [ 24.613767623000168, 5.030137062000051 ], [ 24.565311432000037, 5.036230087000149 ], [ 24.534362792000131, 5.080509187000075 ], [ 24.454391480000023, 5.104545116000111 ], [ 24.434171677000112, 5.059178830000064 ], [ 24.395818710000121, 5.112595081000108 ], [ 24.357299805000075, 5.059909821000075 ], [ 24.410820008000023, 5.031252861000097 ], [ 24.298320771000139, 5.002933979000146 ], [ 24.280069351000122, 4.93923902500012 ], [ 24.236320496000072, 4.959544181000068 ], [ 24.163192749000189, 4.897159100000124 ], [ 24.095981597000169, 4.912039280000158 ], [ 23.97620964000004, 4.856184960000121 ], [ 23.959909439000057, 4.877120971000123 ], [ 23.949842452000151, 4.809446812000089 ], [ 23.833490372000082, 4.82940006299998 ], [ 23.770650863000014, 4.779633998 ], [ 23.582069396000175, 4.732971192000035 ], [ 23.430955887000156, 4.650166989000127 ], [ 23.420932770000086, 4.58892679200005 ], [ 23.280490874000119, 4.625576019000106 ], [ 23.171590806000037, 4.738210202000061 ], [ 23.113290787000096, 4.707959652000055 ], [ 22.974784851000035, 4.846968651000054 ], [ 22.895212173000061, 4.807028772000023 ], [ 22.902639388000068, 4.757092952000164 ], [ 22.857536315000061, 4.701303960000188 ], [ 22.790510177000094, 4.714529992000108 ], [ 22.692119597999973, 4.464803218000044 ], [ 22.599210740000046, 4.47173977000017 ], [ 22.585590362000175, 4.399888993000047 ], [ 22.621919632000132, 4.358069897000121 ], [ 22.571187974000107, 4.324621677000152 ], [ 22.540603638000164, 4.203426838000097 ], [ 22.455881119000139, 4.127968312000121 ], [ 22.340000153000172, 4.113999844000091 ], [ 22.219089508000138, 4.126432897000029 ], [ 22.09499931300013, 4.211999894000087 ], [ 21.859243393000096, 4.240032195000026 ], [ 21.734529496, 4.303860188000158 ], [ 21.651000977000024, 4.309000015000094 ], [ 21.551940918000128, 4.24707508000006 ], [ 21.37733078100019, 4.277523995000081 ], [ 21.281999589000176, 4.337999821000039 ], [ 21.211269379000161, 4.287000179000076 ], [ 21.075000764000034, 4.392000199000165 ], [ 20.910999299000022, 4.439000129000135 ], [ 20.606241226, 4.403446198000154 ], [ 20.461969375000137, 4.502899170000147 ], [ 20.452999115000065, 4.626999856000054 ], [ 20.343000413000087, 4.750999929000044 ], [ 20.196329117000175, 4.827288151000061 ], [ 20.024000167000054, 4.966000081000118 ], [ 19.914999007, 4.980000019999976 ], [ 19.825000762000116, 5.092999935000079 ], [ 19.695991517000035, 5.132999897000161 ], [ 19.423000335000097, 5.128000260000078 ], [ 19.241292953000141, 5.006875039000078 ], [ 19.20244216999998, 4.942183972000123 ], [ 19.105998993000071, 4.928999902000157 ], [ 19.010000229000127, 4.752999783000119 ], [ 18.822591782000131, 4.531794072000083 ] ] ] } },
{ "type": "Feature", "properties": { "COUNTRY": "Gabon" }, "geometry": { "type": "MultiPolygon", "coordinates": [ [ [ [ 9.009583, -1.315694 ], [ 9.011805000000152, -1.315694 ], [ 9.009861, -1.31764 ], [ 9.009583, -1.315694 ] ] ], [ [ [ 9.005417, -1.301804999999888 ], [ 9.003751, -1.303473 ], [ 9.003751, -1.302082999999868 ], [ 9.005417, -1.301804999999888 ] ] ], [ [ [ 8.991806000000111, -1.271807 ], [ 9.016806, -1.286805999999899 ], [ 9.010139000000152, -1.29736 ], [ 8.991806000000111, -1.271807 ] ] ], [ [ [ 9.004861, -1.253472999999815 ], [ 9.006527, -1.254860999999892 ], [ 9.002639000000102, -1.25902699999989 ], [ 9.004861, -1.253472999999815 ] ] ], [ [ [ 9.003195, -1.206249 ], [ 9.000695000000178, -1.206528 ], [ 9.000973000000101, -1.204305 ], [ 9.003195, -1.206249 ] ] ], [ [ [ 8.91375, -1.01764 ], [ 8.910140000000126, -1.026806 ], [ 8.899583, -1.025972 ], [ 8.91375, -1.01764 ] ] ], [ [ [ 8.950973, -0.994305999999881 ], [ 8.990972, -1.024861999999814 ], [ 8.944028, -1.035695 ], [ 8.909862, -1.049861999999848 ], [ 8.887638, -1.034305 ], [ 8.912638, -1.030138 ], [ 8.950973, -0.994305999999881 ] ] ], [ [ [ 8.909862, -0.792361 ], [ 8.91986, -0.779306 ], [ 8.920138000000122, -0.768194999999878 ], [ 8.887638, -0.742083 ], [ 8.920973000000119, -0.722083999999881 ], [ 8.979027, -0.841249999999889 ], [ 8.981805, -0.812084 ], [ 9.021806, -0.825971 ], [ 8.991806000000111, -0.932082999999864 ], [ 8.943750000000136, -0.820695 ], [ 8.909862, -0.792361 ] ] ], [ [ [ 8.852362, -0.845695 ], [ 8.891528, -0.849027 ], [ 8.852640000000179, -0.834861999999816 ], [ 8.869029000000126, -0.754861999999889 ], [ 8.905971000000136, -0.763194999999882 ], [ 8.902639000000136, -0.769860999999878 ], [ 8.887916000000189, -0.767917 ], [ 8.883194000000117, -0.771249 ], [ 8.88014, -0.779028 ], [ 8.885138, -0.785694 ], [ 8.916250000000105, -0.770973 ], [ 8.904305000000136, -0.80375 ], [ 8.940138, -0.81875099999985 ], [ 8.972360000000151, -0.958749 ], [ 8.897361, -1.021249999999895 ], [ 8.70847300000014, -0.694027 ], [ 8.699582, -0.64264 ], [ 8.716252, -0.622084 ], [ 8.707917000000123, -0.650972 ], [ 8.752084, -0.656251 ], [ 8.748472000000163, -0.687083 ], [ 8.778750000000173, -0.67986 ], [ 8.79847100000012, -0.787082 ], [ 8.852362, -0.845695 ] ] ], [ [ [ 8.964584000000173, -0.788751 ], [ 8.96680600000019, -0.788194 ], [ 8.967638, -0.794304999999895 ], [ 8.964584000000173, -0.788751 ] ] ], [ [ [ 8.955139, -0.786528 ], [ 8.96375, -0.786528 ], [ 8.964028, -0.793751 ], [ 8.955139, -0.786528 ] ] ], [ [ [ 8.954305, -0.766251 ], [ 8.955973, -0.765139 ], [ 8.955973, -0.767083 ], [ 8.954305, -0.766251 ] ] ], [ [ [ 9.039861, -0.795417 ], [ 9.022640000000138, -0.823195 ], [ 8.971806000000131, -0.802084 ], [ 8.958195, -0.758472 ], [ 8.985139, -0.732638 ], [ 8.985139, -0.767917 ], [ 8.996806000000106, -0.789306999999894 ], [ 9.006251000000134, -0.796249 ], [ 9.009305, -0.794583 ], [ 8.98763700000012, -0.750972 ], [ 9.031527, -0.70625 ], [ 9.031527, -0.701528 ], [ 9.025138, -0.690970999999877 ], [ 9.018750000000125, -0.685138999999879 ], [ 9.019862000000103, -0.67986 ], [ 9.043472000000179, -0.669584 ], [ 9.064027, -0.701805999999863 ], [ 9.037639000000183, -0.760138 ], [ 9.04264, -0.773192999999878 ], [ 9.05486, -0.782362 ], [ 9.039861, -0.795417 ] ] ], [ [ [ 8.79680500000012, -0.739029 ], [ 8.795417, -0.736529 ], [ 8.797083, -0.736250999999868 ], [ 8.79680500000012, -0.739029 ] ] ], [ [ [ 8.799306000000115, -0.730972 ], [ 8.797918, -0.730415999999877 ], [ 8.798749, -0.730138 ], [ 8.799306000000115, -0.730972 ] ] ], [ [ [ 8.918194, -0.717361 ], [ 8.916528, -0.710695 ], [ 8.921529, -0.715695 ], [ 8.918194, -0.717361 ] ] ], [ [ [ 9.003751, -0.66875 ], [ 8.994860000000187, -0.677084 ], [ 8.994306, -0.680972999999881 ], [ 9.032083, -0.659027 ], [ 9.015972000000147, -0.679028 ], [ 9.017916, -0.686526999999899 ], [ 9.030417, -0.704306 ], [ 8.964862, -0.744305 ], [ 8.945416000000138, -0.682082 ], [ 9.011805000000152, -0.639861 ], [ 9.015972000000147, -0.661527 ], [ 9.006527, -0.657361 ], [ 9.002917, -0.658473 ], [ 9.000695000000178, -0.661249 ], [ 9.000695000000178, -0.664583 ], [ 9.003751, -0.66875 ] ] ], [ [ [ 9.15736, -2.074584 ], [ 9.159028, -2.074306 ], [ 9.15763800000019, -2.075137998999935 ], [ 9.15736, -2.074584 ] ] ], [ [ [ 9.35763900000012, -1.985693 ], [ 9.35763900000012, -1.986805999999887 ], [ 9.354305000000181, -1.983748999999875 ], [ 9.353473, -1.98124899999982 ], [ 9.35763900000012, -1.985693 ] ] ], [ [ [ 9.010139000000152, -1.265416 ], [ 9.024582, -1.264306 ], [ 9.023194000000103, -1.270138 ], [ 9.010139000000152, -1.265416 ] ] ], [ [ [ 9.021528000000105, -1.257360999999889 ], [ 9.032361, -1.255138999999815 ], [ 9.026529, -1.265972 ], [ 9.021528000000105, -1.257360999999889 ] ] ], [ [ [ 9.017084000000125, -1.254583 ], [ 9.021806, -1.246804 ], [ 9.018472, -1.254583 ], [ 9.017084000000125, -1.254583 ] ] ], [ [ [ 9.030139000000133, -1.240972 ], [ 9.028195, -1.23875 ], [ 9.029583000000116, -1.238472 ], [ 9.030139000000133, -1.240972 ] ] ], [ [ [ 9.021806, -1.231248999999877 ], [ 9.022916, -1.227082999999879 ], [ 9.022640000000138, -1.231248999999877 ], [ 9.021806, -1.231248999999877 ] ] ], [ [ [ 9.012361000000171, -1.21208399999989 ], [ 9.017916, -1.213194 ], [ 9.012639, -1.214306 ], [ 9.012361000000171, -1.21208399999989 ] ] ], [ [ [ 9.044306, -1.096805 ], [ 9.027082000000121, -1.089027 ], [ 8.993472000000111, -1.092361 ], [ 8.975417000000164, -1.047084 ], [ 8.959583000000123, -1.037361 ], [ 8.994306, -1.026527999999814 ], [ 9.027917000000116, -1.050972 ], [ 9.067362000000116, -1.060694999999896 ], [ 9.057639000000108, -1.062917 ], [ 9.044306, -1.096805 ] ] ], [ [ [ 9.02236, -1.044584 ], [ 9.030139000000133, -1.04625 ], [ 9.033749, -1.049584000999914 ], [ 9.02236, -1.044584 ] ] ], [ [ [ 9.018472, -1.040695 ], [ 9.010971, -1.035416999999882 ], [ 9.018472, -1.040139 ], [ 9.018472, -1.040695 ] ] ], [ [ [ 9.058473, -1.034861 ], [ 9.040140000000179, -1.047084 ], [ 8.952083, -0.990693 ], [ 8.98097300000012, -0.964306 ], [ 8.974585, -0.930695 ], [ 8.98875, -0.933748999999864 ], [ 9.008473000000151, -0.924581999999873 ], [ 9.009583, -0.932361 ], [ 9.032083, -0.967916 ], [ 9.044306, -0.972638 ], [ 9.045416000000102, -0.98513899999989 ], [ 9.050416, -0.997084 ], [ 9.078472, -1.033473 ], [ 9.058473, -1.034861 ] ] ], [ [ [ 9.023750000000121, -0.852917 ], [ 9.025416000000121, -0.848748999999884 ], [ 9.024582, -0.852917 ], [ 9.023750000000121, -0.852917 ] ] ], [ [ [ 9.104306000000122, -0.697362 ], [ 9.104306000000122, -0.699305999999865 ], [ 9.10125, -0.699305999999865 ], [ 9.104306000000122, -0.697362 ] ] ], [ [ [ 9.074862000000167, -0.679582 ], [ 9.088195, -0.691804999999874 ], [ 9.077360000000112, -0.698471999999867 ], [ 9.074862000000167, -0.679582 ] ] ], [ [ [ 9.093749, -0.683472999999879 ], [ 9.097916, -0.693749 ], [ 9.094584, -0.693196 ], [ 9.093749, -0.683472999999879 ] ] ], [ [ [ 9.01736, -0.681251 ], [ 9.017084000000125, -0.679028 ], [ 9.018194000000165, -0.680416 ], [ 9.01736, -0.681251 ] ] ], [ [ [ 11.15458299900007, -3.955416 ], [ 11.155972999000141, -3.955694 ], [ 11.15458299900007, -3.957362000999979 ], [ 11.15458299900007, -3.955416 ] ] ], [ [ [ 10.669026000000144, -3.386527998999895 ], [ 10.671251, -3.396806998999978 ], [ 10.666528, -3.401528999999868 ], [ 10.669026000000144, -3.386527998999895 ] ] ], [ [ [ 10.268195000000162, -2.976805 ], [ 10.269305000000145, -2.976805 ], [ 10.269861000000162, -2.979027 ], [ 10.268195000000162, -2.976805 ] ] ], [ [ [ 10.640416, -3.435417 ], [ 10.660140000000126, -3.344029 ], [ 10.661528, -3.439862 ], [ 10.68736, -3.457361 ], [ 10.71375000000012, -3.450416 ], [ 10.665972, -3.434027 ], [ 10.675695000000189, -3.393749999999898 ], [ 10.662638, -3.347916999999825 ], [ 10.652083000000175, -3.330418 ], [ 10.544583000000161, -3.25625 ], [ 10.386249, -3.064584 ], [ 10.266251, -2.969582999999885 ], [ 9.896529197000064, -2.70180511399991 ], [ 9.868194581000068, -2.641527891999942 ], [ 9.627638817000104, -2.406250953999973 ], [ 9.58680629800017, -2.339584112999944 ], [ 9.573195458000043, -2.229027984999959 ], [ 9.401528000000155, -2.045138 ], [ 9.332361000000105, -1.959027 ], [ 9.380695000000173, -2.01514 ], [ 9.35597300000012, -1.975972999999897 ], [ 9.285140000000126, -1.906249999999886 ], [ 9.25764, -1.806528 ], [ 9.275695, -1.755693999999892 ], [ 9.227083000000107, -1.623473 ], [ 9.192083, -1.562637999999879 ], [ 9.022916, -1.352638 ], [ 8.996528000000183, -1.304861 ], [ 8.98263900000012, -1.264306 ], [ 9.013193, -1.328750999999897 ], [ 9.019862000000103, -1.326250999999899 ], [ 9.023750000000121, -1.292362 ], [ 9.013474, -1.277638999999851 ], [ 9.038749, -1.259304999999813 ], [ 9.026807000000133, -1.21736 ], [ 9.002085, -1.19236 ], [ 8.995694000000128, -1.214583999999888 ], [ 8.995416, -1.222916999999882 ], [ 8.996806000000106, -1.226805 ], [ 8.999028, -1.208749999999839 ], [ 9.019584, -1.218194 ], [ 8.997360000000128, -1.26652799999988 ], [ 8.96680600000019, -1.16486 ], [ 8.844583, -0.995416 ], [ 8.899027, -1.052916 ], [ 8.972916000000168, -1.046528 ], [ 8.992918, -1.093749 ], [ 9.046250000000157, -1.097083 ], [ 9.070972, -1.059028999999895 ], [ 9.051528, -1.047084 ], [ 9.059027, -1.036527 ], [ 9.072918, -1.037082999999882 ], [ 9.082085, -1.031250999999884 ], [ 9.052082, -0.998471999999879 ], [ 9.045972, -0.973194 ], [ 9.010971, -0.928750999999863 ], [ 9.02625, -0.850695 ], [ 9.023750000000121, -0.824027 ], [ 9.057083000000148, -0.782916 ], [ 9.039583000000107, -0.761251 ], [ 9.075972, -0.704028 ], [ 9.117083, -0.70125 ], [ 9.105416000000105, -0.638195 ], [ 9.249305, -0.473749 ], [ 9.297917, -0.367917 ], [ 9.347638, -0.004305999999872 ], [ 9.31625, 0.330695000000105 ], [ 9.354583, 0.352916000000164 ], [ 9.378195000000119, 0.307639000000108 ], [ 9.389027000000169, 0.224305000000129 ], [ 9.360973000000115, 0.18014 ], [ 9.393194000000165, 0.208194 ], [ 9.398750000000122, 0.166529 ], [ 9.419584, 0.207084 ], [ 9.42125, 0.130972 ], [ 9.438195000000121, 0.178196000000128 ], [ 9.467639, 0.158750000000168 ], [ 9.48486000000014, 0.11486100000019 ], [ 9.461251000000175, 0.108472 ], [ 9.443193000000122, 0.086804 ], [ 9.492083, 0.100694 ], [ 9.474862000000144, 0.039583000000107 ], [ 9.501528, 0.05402800000013 ], [ 9.512917, 0.172639 ], [ 9.576527000000169, 0.152918000000113 ], [ 9.582916000000182, 0.125971000000163 ], [ 9.627361000000121, 0.153471 ], [ 9.657361, 0.123749 ], [ 9.74402800000013, 0.114029 ], [ 9.892083000000127, 0.166251000000159 ], [ 9.890695, 0.186806 ], [ 9.799584, 0.168473000000176 ], [ 9.71764, 0.202639000000147 ], [ 9.729861, 0.267084000000125 ], [ 9.67902700000019, 0.21125000000012 ], [ 9.654027, 0.235418000000152 ], [ 9.670138000000122, 0.242916 ], [ 9.66986, 0.245694 ], [ 9.667084, 0.249583000000143 ], [ 9.64208200000013, 0.234028 ], [ 9.565695000000119, 0.301804000000118 ], [ 9.528194, 0.313193 ], [ 9.492639, 0.284027 ], [ 9.382639, 0.494583 ], [ 9.307639000000108, 0.516251 ], [ 9.308193, 0.595694000000151 ], [ 9.399862000000155, 0.645416000000125 ], [ 9.513473, 0.663749000000166 ], [ 9.537085, 0.609862 ], [ 9.53263800000019, 0.590138000000138 ], [ 9.492917, 0.600695 ], [ 9.530694, 0.56736 ], [ 9.522361, 0.554861 ], [ 9.510694000000171, 0.524027 ], [ 9.512917, 0.515694000000167 ], [ 9.509028000000171, 0.51375 ], [ 9.514583, 0.515138000000149 ], [ 9.524583, 0.555139000000167 ], [ 9.550139000000115, 0.549861 ], [ 9.556806, 0.597082 ], [ 9.569583, 0.555139000000167 ], [ 9.560416000000146, 0.531528 ], [ 9.567083, 0.506528 ], [ 9.544583000000159, 0.496249 ], [ 9.53736, 0.481806 ], [ 9.578196, 0.494861000000185 ], [ 9.578471, 0.476806 ], [ 9.558472, 0.453194 ], [ 9.556528000000128, 0.445695 ], [ 9.592917, 0.479584 ], [ 9.616528000000187, 0.567084000000136 ], [ 9.627083, 0.572361000000114 ], [ 9.627361000000121, 0.558750000000146 ], [ 9.629583000000139, 0.556806 ], [ 9.635138, 0.55624900000015 ], [ 9.636806, 0.556806 ], [ 9.60541534500004, 0.617084027000089 ], [ 9.610139846999971, 0.772639991000062 ], [ 9.550971031000131, 0.947081984000136 ], [ 9.58569400000016, 1.030909 ], [ 9.657051040000169, 1.067813006000108 ], [ 9.743369102000145, 1.068405033000147 ], [ 9.7901916510001, 0.998383999000168 ], [ 9.878223419000108, 0.982411028000115 ], [ 9.956104278, 0.920861006000052 ], [ 9.996254922000105, 0.934081972000058 ], [ 9.996741295000163, 0.997637987000075 ], [ 11.334781647000057, 0.999262989000101 ], [ 11.332393645000025, 2.1572079660001 ], [ 11.359898567000073, 2.174151897000058 ], [ 11.376516343000162, 2.296901227000035 ], [ 11.701069831000098, 2.315644502000054 ], [ 11.758881570000028, 2.267483950000098 ], [ 12.123369217, 2.28884387100004 ], [ 12.245902061000036, 2.248409749000132 ], [ 12.307167052000068, 2.282197715000109 ], [ 12.453922272000169, 2.252460242000154 ], [ 12.573323249000168, 2.268049002000168 ], [ 12.743388176000055, 2.219856739000022 ], [ 12.819620133000114, 2.255794525000056 ], [ 12.872375488000159, 2.226987363000035 ], [ 12.918295859000123, 2.252966405000166 ], [ 13.087685584000099, 2.236653806000049 ], [ 13.160308837000173, 2.281343460000016 ], [ 13.206956863000189, 2.256807090000109 ], [ 13.248419760999978, 2.270735025000079 ], [ 13.303197701000158, 2.20772972900005 ], [ 13.283718110000166, 2.187800407000111 ], [ 13.29551792100011, 2.064733982000064 ], [ 13.158223152000176, 1.893319965000103 ], [ 13.201395035000077, 1.806843043000129 ], [ 13.137106895000157, 1.701830030000053 ], [ 13.151017189000184, 1.624811053000087 ], [ 13.1308889390001, 1.586897016000023 ], [ 13.217913627000089, 1.479257942000061 ], [ 13.26399612400013, 1.336493015000144 ], [ 13.223980903000095, 1.285045982000156 ], [ 13.188799858000037, 1.292428018000067 ], [ 13.156329156000139, 1.234310984000046 ], [ 13.309393883000155, 1.221086980000109 ], [ 13.321986198000104, 1.262209059000042 ], [ 13.436711312000055, 1.300243974000182 ], [ 13.514365196000085, 1.265915035999967 ], [ 13.647653579000119, 1.349401950000185 ], [ 13.778598785000044, 1.361397027000123 ], [ 13.805885316000115, 1.436970949000169 ], [ 13.983418465000113, 1.416226984000047 ], [ 14.011556626000129, 1.438241005000122 ], [ 14.066542625000123, 1.380682946000036 ], [ 14.187220573, 1.395620943000153 ], [ 14.278985978000092, 1.341192960000057 ], [ 14.306775093000168, 1.294250011000088 ], [ 14.296156883000036, 1.233603954000159 ], [ 14.398686409, 1.089761019000036 ], [ 14.437965393000127, 0.969964982000078 ], [ 14.497989655000026, 0.92864900800015 ], [ 14.491634370000099, 0.879922986000168 ], [ 14.465377806999982, 0.874387026000079 ], [ 14.488712310000098, 0.825231016000032 ], [ 14.368041038000058, 0.698514999000167 ], [ 14.384534836000171, 0.637416005000148 ], [ 14.295107841000117, 0.580350995000117 ], [ 14.289212227000062, 0.543816984000046 ], [ 14.10659408500004, 0.549805999000057 ], [ 14.070832252000057, 0.493936002000055 ], [ 14.093004228000154, 0.469386995000036 ], [ 14.073198318999971, 0.42985099700013 ], [ 13.97766780800009, 0.362190008000141 ], [ 13.888682366000069, 0.202671007000049 ], [ 13.926435470000058, 0.131311 ], [ 13.923818588000072, 0.05048599800017 ], [ 13.958506585000178, 0.041352 ], [ 13.887631417000081, -0.158464997999943 ], [ 13.895365714000093, -0.212170003999859 ], [ 13.93955040000003, -0.25013199499989 ], [ 13.960893632000079, -0.22318500199998 ], [ 14.018667222000088, -0.235604001999889 ], [ 14.150184632000107, -0.312498001999927 ], [ 14.176730156000019, -0.439633010999899 ], [ 14.252927779000117, -0.432900010999958 ], [ 14.400787353000114, -0.477086006999912 ], [ 14.492943764000071, -0.615900992999968 ], [ 14.49872016900008, -0.680893003999927 ], [ 14.410247803000061, -0.908969997999975 ], [ 14.485608100000093, -1.260061979999932 ], [ 14.452271462000114, -1.365028023999969 ], [ 14.501670838000049, -1.425276993999887 ], [ 14.46257019000012, -1.469812988999877 ], [ 14.48005104000003, -1.544690012999979 ], [ 14.374528885000132, -1.609971045999941 ], [ 14.451237679000144, -1.692425964999927 ], [ 14.420770644000186, -1.728654979999931 ], [ 14.400611877000188, -1.872002959999918 ], [ 14.257282258000087, -1.983204960999899 ], [ 14.253233909000016, -2.105577944999936 ], [ 14.156409263999988, -2.194279908999818 ], [ 14.220227242000133, -2.303746938999949 ], [ 14.083021165000048, -2.481632946999866 ], [ 14.050198555000181, -2.455533026999944 ], [ 13.922572136000156, -2.464971065999976 ], [ 13.871903419999963, -2.436167000999944 ], [ 13.916576385000099, -2.333872079999935 ], [ 13.813878060000095, -2.153439997999953 ], [ 13.75815486900018, -2.11337995599996 ], [ 13.503096580000092, -2.431169031999957 ], [ 13.384799004, -2.424621104999972 ], [ 13.21593093900003, -2.337915896999959 ], [ 13.175564764999988, -2.379430054999886 ], [ 13.040926933000092, -2.333771942999931 ], [ 13.025535584000181, -2.229840992999869 ], [ 12.885210037000093, -2.099488019999854 ], [ 12.841585160000021, -1.939563988999851 ], [ 12.73325824799997, -1.86483097099989 ], [ 12.650080681000077, -1.882019996999872 ], [ 12.561779976000137, -1.859199047999937 ], [ 12.520722389000184, -1.901360987999965 ], [ 12.445437431000071, -1.869990943999881 ], [ 12.475246428999981, -2.018961905999958 ], [ 12.523661614000105, -2.095231055999875 ], [ 12.532154083000137, -2.213896035999881 ], [ 12.497048378000102, -2.268013953999968 ], [ 12.529197694000061, -2.326380966999978 ], [ 12.502870560000074, -2.422353028999964 ], [ 12.092252731000087, -2.439337014999978 ], [ 11.996698379000122, -2.339857100999893 ], [ 11.831138610999972, -2.38075589999994 ], [ 11.771301269000105, -2.456957100999943 ], [ 11.678981781000061, -2.353524923999942 ], [ 11.608720779000123, -2.32275700499997 ], [ 11.653219224000168, -2.430376052999975 ], [ 11.636161804000153, -2.520796059999896 ], [ 11.703841209000077, -2.673032997999883 ], [ 11.641394615000138, -2.698163032999844 ], [ 11.617465973000037, -2.789746999999863 ], [ 12.066580773000169, -2.96943211499996 ], [ 12.010766983000112, -3.142299889999947 ], [ 11.935043335000101, -3.187948941999821 ], [ 12.001762391000057, -3.24194192899995 ], [ 12.045451164000099, -3.352566002999879 ], [ 11.958836555000175, -3.478311060999886 ], [ 11.880576133000034, -3.535695074999921 ], [ 11.877886772000011, -3.57688593699993 ], [ 11.947833062000029, -3.626283883999917 ], [ 11.884313583000051, -3.747391938999952 ], [ 11.713526725000181, -3.684278011999936 ], [ 11.621282577000157, -3.560555934999967 ], [ 11.529373168, -3.512758016999953 ], [ 11.458426476, -3.583903073999863 ], [ 11.345494271000064, -3.603519915999924 ], [ 11.256214143000136, -3.705950974999894 ], [ 11.200694000000112, -3.990695 ], [ 11.162361, -3.95264 ], [ 11.024305, -3.861527 ], [ 11.019585, -3.785139 ], [ 10.943195000000173, -3.689027999999893 ], [ 10.640416, -3.435417 ] ] ], [ [ [ 9.495139000999984, 0.104306001000054 ], [ 9.502637999000171, 0.099027001000081 ], [ 9.498471000000109, 0.094305 ], [ 9.495139000999984, 0.104306001000054 ] ] ], [ [ [ 9.836529, 0.149027001000093 ], [ 9.836529, 0.147917 ], [ 9.835416999000188, 0.149583 ], [ 9.836529, 0.149027001000093 ] ] ], [ [ [ 9.39652800000016, 0.194304000000102 ], [ 9.404029, 0.194029000000114 ], [ 9.402638000000138, 0.188194000000124 ], [ 9.39652800000016, 0.194304000000102 ] ] ], [ [ [ 9.397916, 0.206806000000142 ], [ 9.412361, 0.204027 ], [ 9.404860000000156, 0.194583 ], [ 9.397916, 0.206806000000142 ] ] ], [ [ [ 9.507638, 0.210416 ], [ 9.50986, 0.215138000000138 ], [ 9.511251, 0.20736200000016 ], [ 9.507638, 0.210416 ] ] ], [ [ [ 9.539582000000109, 0.275973 ], [ 9.560694, 0.265694 ], [ 9.541805000000181, 0.258749 ], [ 9.539582000000109, 0.275973 ] ] ], [ [ [ 9.517639000000145, 0.29569400000014 ], [ 9.513751000000127, 0.292638 ], [ 9.517639000000145, 0.297084 ], [ 9.517639000000145, 0.29569400000014 ] ] ], [ [ [ 9.514027, 0.2945840000001 ], [ 9.512639000000149, 0.295972 ], [ 9.514027, 0.29736000000014 ], [ 9.514027, 0.2945840000001 ] ] ], [ [ [ 9.562084, 0.532916000000114 ], [ 9.577361, 0.515416 ], [ 9.571805, 0.510416 ], [ 9.562084, 0.532916000000114 ] ] ], [ [ [ 9.535694, 0.56125 ], [ 9.535694, 0.563194000000124 ], [ 9.536804, 0.563194000000124 ], [ 9.535694, 0.56125 ] ] ], [ [ [ 9.543473000000176, 0.599583 ], [ 9.542639, 0.582083000000182 ], [ 9.539307, 0.581249 ], [ 9.543473000000176, 0.599583 ] ] ] ] } },
{ "type": "Feature", "properties": { "COUNTRY": "Nigeria" }, "geometry": { "type": "MultiPolygon", "coordinates": [ [ [ [ 5.866805, 4.435416000000146 ], [ 5.863471, 4.434028 ], [ 5.866249, 4.435694 ], [ 5.866805, 4.43625 ], [ 5.866805, 4.435416000000146 ] ] ], [ [ [ 5.724305, 4.507917 ], [ 5.735418000000153, 4.492916 ], [ 5.698195000000169, 4.526251000000115 ], [ 5.724305, 4.507917 ] ] ], [ [ [ 5.773195000000158, 4.685416 ], [ 5.772917, 4.688751 ], [ 5.781527000000153, 4.688195000000178 ], [ 5.773195000000158, 4.685416 ] ] ], [ [ [ 5.779305000000137, 4.805139000000167 ], [ 5.665695000000142, 4.673472 ], [ 5.62902800000012, 4.692917 ], [ 5.58125, 4.691527000000178 ], [ 5.57014, 4.715139 ], [ 5.593749, 4.731250000000102 ], [ 5.595139000000132, 4.741251000000148 ], [ 5.609028, 4.727640000000179 ], [ 5.612917, 4.726249 ], [ 5.617639000000168, 4.726249 ], [ 5.619027, 4.727084 ], [ 5.57180600099997, 4.758194000000116 ], [ 5.585139000000139, 4.729028 ], [ 5.565695000000176, 4.722917 ], [ 5.562361001000112, 4.735137999000187 ], [ 5.529585001000157, 4.754306 ], [ 5.527084001, 4.776527000000159 ], [ 5.474306001000115, 4.861527999000145 ], [ 5.454861000000165, 4.901251001000047 ], [ 5.453195001000098, 4.916806001000111 ], [ 5.516805000000148, 4.821251000000132 ], [ 5.577362, 4.807918 ], [ 5.60819399899998, 4.81736 ], [ 5.607916, 4.804583 ], [ 5.612081999000169, 4.799027 ], [ 5.618473, 4.799861001000179 ], [ 5.631805999000052, 4.809862000000181 ], [ 5.668195, 4.796251 ], [ 5.660138, 4.786527999000156 ], [ 5.660138, 4.780972 ], [ 5.689028000000179, 4.775417000000176 ], [ 5.692917, 4.779862 ], [ 5.69652900000017, 4.810138000000109 ], [ 5.736806, 4.794583 ], [ 5.760972, 4.795139 ], [ 5.765972, 4.799027 ], [ 5.769582000000185, 4.812362 ], [ 5.779305000000137, 4.805139000000167 ] ] ], [ [ [ 5.439306000000101, 4.94514 ], [ 5.439028, 4.944028000000117 ], [ 5.436249000000146, 4.947362000000112 ], [ 5.439306000000101, 4.94514 ] ] ], [ [ [ 5.392638, 5.308473 ], [ 5.382362000000172, 5.30125 ], [ 5.379305, 5.29625 ], [ 5.380971, 5.294862 ], [ 5.389584000000125, 5.297362 ], [ 5.414584000000104, 5.330973 ], [ 5.414306000000181, 5.340695 ], [ 5.420694, 5.334305 ], [ 5.429027000000133, 5.335973 ], [ 5.44152800000012, 5.363195 ], [ 5.456251, 5.332917000000179 ], [ 5.471250000000168, 5.323472000000151 ], [ 5.470416, 5.318193000000178 ], [ 5.458473, 5.312361 ], [ 5.450973, 5.30125 ], [ 5.46875, 5.29875 ], [ 5.472360000000153, 5.301528 ], [ 5.475972, 5.313749000000143 ], [ 5.478473, 5.31430500000016 ], [ 5.481527000000141, 5.30180600000017 ], [ 5.499584, 5.290693000000148 ], [ 5.492084, 5.283195 ], [ 5.49125, 5.278751 ], [ 5.486805, 5.277917000000173 ], [ 5.485973000000115, 5.275138 ], [ 5.491806000000111, 5.257083000000136 ], [ 5.478473, 5.253195000000118 ], [ 5.469862, 5.241250000000149 ], [ 5.462361000000102, 5.242362000000127 ], [ 5.456527000000166, 5.238472000000171 ], [ 5.448472, 5.199861 ], [ 5.410418, 5.204027000000166 ], [ 5.413194, 5.218472000000189 ], [ 5.402639000000137, 5.222638000000131 ], [ 5.407639000000131, 5.230139 ], [ 5.408196, 5.241528 ], [ 5.408196, 5.250695 ], [ 5.404027, 5.256249 ], [ 5.401527000000157, 5.223473 ], [ 5.410140000000125, 5.202639 ], [ 5.445972, 5.195973 ], [ 5.461805, 5.155971 ], [ 5.385972, 5.139028 ], [ 5.352361000000145, 5.175695000000188 ], [ 5.327918000000125, 5.362917000000151 ], [ 5.427361000000133, 5.362639 ], [ 5.421250000000101, 5.336805 ], [ 5.417362, 5.341527 ], [ 5.412362, 5.342083000000116 ], [ 5.412638000000187, 5.332639 ], [ 5.395138000000145, 5.318193000000178 ], [ 5.392638, 5.308473 ] ] ], [ [ [ 5.392082, 5.304860001000178 ], [ 5.391806000000146, 5.302360001000126 ], [ 5.389306, 5.304029 ], [ 5.392082, 5.304860001000178 ] ] ], [ [ [ 5.495972000000164, 5.357638000000121 ], [ 5.506251000000136, 5.359861 ], [ 5.49875, 5.356804 ], [ 5.495972000000164, 5.357638000000121 ] ] ], [ [ [ 5.512083, 5.362917000000152 ], [ 5.461805, 5.364861 ], [ 5.482361, 5.377916 ], [ 5.512083, 5.362917000000152 ] ] ], [ [ [ 5.528750000000117, 5.364027000000134 ], [ 5.495140000000106, 5.379860000000122 ], [ 5.534027, 5.366805000000113 ], [ 5.528750000000117, 5.364027000000134 ] ] ], [ [ [ 5.607916, 5.335139 ], [ 5.579306000000145, 5.377084 ], [ 5.580416000000183, 5.380694000000176 ], [ 5.594027000000153, 5.377084 ], [ 5.612639000000172, 5.379584 ], [ 5.636807, 5.400694000000158 ], [ 5.637360000000115, 5.399306 ], [ 5.635416, 5.394861000000163 ], [ 5.635694000000115, 5.393195000000163 ], [ 5.659306000000131, 5.428472 ], [ 5.670973, 5.4220830000001 ], [ 5.689306000000101, 5.420417000000101 ], [ 5.702083000000131, 5.394305000000146 ], [ 5.717916000000117, 5.384307000000148 ], [ 5.712916000000121, 5.371527000000185 ], [ 5.676527, 5.350694 ], [ 5.670973, 5.340973 ], [ 5.642083000000127, 5.365139000000114 ], [ 5.622639000000163, 5.350416000000167 ], [ 5.615973000000168, 5.338195 ], [ 5.607916, 5.335139 ] ] ], [ [ [ 5.57402799900018, 5.377362001000108 ], [ 5.561527000000128, 5.386805 ], [ 5.563749001000189, 5.387638999000044 ], [ 5.57402799900018, 5.377362001000108 ] ] ], [ [ [ 5.617639000000168, 5.387361 ], [ 5.612917, 5.380694000000175 ], [ 5.590695000000153, 5.380694000000174 ], [ 5.617639000000168, 5.387361 ] ] ], [ [ [ 5.504029000000174, 5.384582 ], [ 5.508751, 5.387639000000149 ], [ 5.510139000000152, 5.382084 ], [ 5.504029000000174, 5.384582 ] ] ], [ [ [ 5.529028, 5.395417000000124 ], [ 5.534305000000188, 5.391251 ], [ 5.500138000000106, 5.390417000000127 ], [ 5.529028, 5.395417000000124 ] ] ], [ [ [ 5.507361000000174, 5.396805 ], [ 5.507917000000134, 5.397918000000116 ], [ 5.508473000000151, 5.396527000000162 ], [ 5.507361000000174, 5.396805 ] ] ], [ [ [ 5.515696, 5.395693 ], [ 5.519584, 5.404306000000189 ], [ 5.52736, 5.396805 ], [ 5.515696, 5.395693 ] ] ], [ [ [ 5.635972, 5.402362 ], [ 5.641251000000181, 5.40875 ], [ 5.64152700000011, 5.407916000000114 ], [ 5.635972, 5.402362 ] ] ], [ [ [ 5.604028, 5.477361 ], [ 5.6120820000001, 5.481806000000119 ], [ 5.621527000000128, 5.494305000000112 ], [ 5.626250000000142, 5.482918 ], [ 5.641805, 5.482362000000137 ], [ 5.645417, 5.486528 ], [ 5.648749, 5.455138 ], [ 5.664860000000147, 5.449305 ], [ 5.63069400000012, 5.399584000000118 ], [ 5.599584, 5.384029 ], [ 5.599306000000126, 5.394027 ], [ 5.580972000000146, 5.418749000000104 ], [ 5.588751, 5.42514 ], [ 5.609028, 5.421249000000159 ], [ 5.615695, 5.422639 ], [ 5.620417000000146, 5.425693 ], [ 5.619583, 5.427084000000149 ], [ 5.586807000000136, 5.425971 ], [ 5.580138, 5.420417000000101 ], [ 5.589861, 5.381528 ], [ 5.526528, 5.40486 ], [ 5.576528000000168, 5.424583000000155 ], [ 5.513195, 5.43014 ], [ 5.517640000000142, 5.500417 ], [ 5.554584000000147, 5.490416 ], [ 5.549306, 5.480140000000119 ], [ 5.553472000000113, 5.472361 ], [ 5.567083, 5.470695 ], [ 5.592361000000153, 5.490694 ], [ 5.597362, 5.480972 ], [ 5.602084000000104, 5.477361 ], [ 5.604028, 5.477361 ] ] ], [ [ [ 5.397917, 5.484306 ], [ 5.396807, 5.482084 ], [ 5.395694000000161, 5.484584 ], [ 5.397917, 5.484306 ] ] ], [ [ [ 5.394582000000127, 5.489584 ], [ 5.394306, 5.504027000000178 ], [ 5.415694, 5.49263800000017 ], [ 5.402083000000118, 5.49097200000017 ], [ 5.399861000000159, 5.485694000000138 ], [ 5.402639000000137, 5.479584000000103 ], [ 5.398751000000118, 5.479584000000102 ], [ 5.399583, 5.485694000000137 ], [ 5.394582000000127, 5.489584 ] ] ], [ [ [ 5.592639, 5.492082 ], [ 5.56486100000012, 5.471805 ], [ 5.549862, 5.502917000000139 ], [ 5.617917, 5.506528000000174 ], [ 5.620695, 5.542362000000139 ], [ 5.644305, 5.527083000000174 ], [ 5.698195000000169, 5.533471 ], [ 5.714306, 5.512084000000129 ], [ 5.724305, 5.508194000000174 ], [ 5.712638, 5.497083 ], [ 5.709584000000121, 5.49125 ], [ 5.70764, 5.479027 ], [ 5.655416000000173, 5.452918000000182 ], [ 5.64902700000016, 5.456250000000181 ], [ 5.65069300000016, 5.470417000000168 ], [ 5.645973, 5.486806000000115 ], [ 5.644027, 5.488472000000114 ], [ 5.621249, 5.494861 ], [ 5.602362, 5.4779180000001 ], [ 5.592639, 5.492082 ] ] ], [ [ [ 5.352917000000161, 5.533471 ], [ 5.355418000000157, 5.509306000000152 ], [ 5.359028, 5.500695000000177 ], [ 5.36625, 5.496805000000164 ], [ 5.36625, 5.491807000000166 ], [ 5.369029000000126, 5.487084 ], [ 5.360418000000152, 5.484028000000136 ], [ 5.357918, 5.479027 ], [ 5.33986, 5.513472 ], [ 5.335972, 5.514028 ], [ 5.332916000000126, 5.508750000000133 ], [ 5.332916000000125, 5.513750000000128 ], [ 5.329306, 5.515694 ], [ 5.327639000000148, 5.515138 ], [ 5.357084000000156, 5.477361 ], [ 5.398473, 5.470973000000129 ], [ 5.414306000000182, 5.419305 ], [ 5.433471000000168, 5.395693 ], [ 5.350139000000183, 5.392917 ], [ 5.256528, 5.433194000000127 ], [ 5.159583, 5.544582000000161 ], [ 5.212917000000117, 5.601251000000105 ], [ 5.373195000000181, 5.585693000000161 ], [ 5.353471000000185, 5.556805 ], [ 5.360972000000117, 5.541528 ], [ 5.352917000000161, 5.533471 ] ] ], [ [ [ 5.36014, 5.500695000000177 ], [ 5.36736, 5.536250000000166 ], [ 5.401805, 5.527083000000176 ], [ 5.391250000000127, 5.503749 ], [ 5.394028000000162, 5.475417000000106 ], [ 5.37486100000018, 5.475417000000106 ], [ 5.374305, 5.48486 ], [ 5.366528000000131, 5.497639000000104 ], [ 5.36014, 5.500695000000177 ] ] ], [ [ [ 5.462083000000177, 5.459584000000176 ], [ 5.45819500000016, 5.442917000000137 ], [ 5.432083, 5.462084 ], [ 5.44319400000012, 5.464304 ], [ 5.443750000000137, 5.477639000000126 ], [ 5.455139, 5.477639000000125 ], [ 5.459861000000161, 5.481528 ], [ 5.493472000000112, 5.540972 ], [ 5.496528000000183, 5.569306 ], [ 5.515971, 5.570694000000116 ], [ 5.508195, 5.589306000000136 ], [ 5.555416, 5.604027 ], [ 5.564027000000181, 5.601529 ], [ 5.566249, 5.587640000000134 ], [ 5.577916, 5.579861 ], [ 5.581806, 5.583471000000146 ], [ 5.579584, 5.601807000000122 ], [ 5.584307, 5.605139000000122 ], [ 5.593195, 5.604583000000104 ], [ 5.594861, 5.591806 ], [ 5.597918, 5.589862000000152 ], [ 5.602084000000104, 5.590694 ], [ 5.61152900000019, 5.624306 ], [ 5.622917, 5.611805 ], [ 5.63486, 5.609583000000101 ], [ 5.630138000000159, 5.600695 ], [ 5.635972, 5.574583000000189 ], [ 5.659584, 5.544028000000139 ], [ 5.613195000000189, 5.549583 ], [ 5.579584, 5.518472 ], [ 5.582638000000144, 5.526527 ], [ 5.579860000000167, 5.53041700000017 ], [ 5.573472, 5.533471 ], [ 5.578472, 5.54180600000018 ], [ 5.578472, 5.544582000000162 ], [ 5.572916, 5.532918000000166 ], [ 5.58125, 5.526527 ], [ 5.570693000000175, 5.520973 ], [ 5.567361000000177, 5.528473 ], [ 5.550138000000118, 5.543194 ], [ 5.545972, 5.542916000000162 ], [ 5.539861000000144, 5.536528 ], [ 5.545140000000118, 5.55819600000018 ], [ 5.536251, 5.553473 ], [ 5.539305000000184, 5.535972 ], [ 5.563473, 5.529583000000115 ], [ 5.52014, 5.522917000000119 ], [ 5.472916000000168, 5.404584000000114 ], [ 5.4195840000001, 5.424027 ], [ 5.460695000000101, 5.441251000000137 ], [ 5.463471, 5.458472 ], [ 5.470138000000134, 5.465695 ], [ 5.469584000000167, 5.468751000000168 ], [ 5.462083000000177, 5.459584000000176 ] ] ], [ [ [ 5.460139, 5.545416 ], [ 5.479583, 5.532083000000171 ], [ 5.470138000000134, 5.528195 ], [ 5.470138000000134, 5.505971 ], [ 5.442362, 5.478471 ], [ 5.440694, 5.464582000000179 ], [ 5.42208200000016, 5.4779180000001 ], [ 5.439862000000118, 5.49236 ], [ 5.437084000000141, 5.506528000000174 ], [ 5.44236, 5.502917000000139 ], [ 5.44319400000012, 5.499305000000106 ], [ 5.444306, 5.499027000000183 ], [ 5.441528000000119, 5.50514 ], [ 5.435139000000164, 5.509584 ], [ 5.436527, 5.519582 ], [ 5.431249000000151, 5.524861 ], [ 5.439028, 5.525973 ], [ 5.44625, 5.540416 ], [ 5.448750000000132, 5.540416 ], [ 5.45069500000011, 5.53875 ], [ 5.457917, 5.536528 ], [ 5.459305, 5.536806000000182 ], [ 5.445972, 5.541528 ], [ 5.436249000000146, 5.525973 ], [ 5.437640000000102, 5.540138000000183 ], [ 5.432917000000145, 5.54486 ], [ 5.415694, 5.440417 ], [ 5.399583, 5.475971000000129 ], [ 5.418194, 5.492917 ], [ 5.401805, 5.549583 ], [ 5.424029000000133, 5.583195 ], [ 5.449585, 5.578751 ], [ 5.463193000000159, 5.584305 ], [ 5.466250000000172, 5.59125 ], [ 5.479583, 5.584305 ], [ 5.490971000000116, 5.584305 ], [ 5.504582, 5.573473000000149 ], [ 5.496806000000106, 5.571528000000172 ], [ 5.492362, 5.564584 ], [ 5.491806000000111, 5.542084 ], [ 5.477917, 5.534584000000165 ], [ 5.466528, 5.547917 ], [ 5.461805, 5.547361 ], [ 5.460139, 5.545416 ] ] ], [ [ [ 5.583751, 5.51541600000013 ], [ 5.580972000000146, 5.515416000000131 ], [ 5.591527, 5.521807 ], [ 5.583751, 5.51541600000013 ] ] ], [ [ [ 5.605694, 5.520417 ], [ 5.606528, 5.537084 ], [ 5.610138000000176, 5.524027000000103 ], [ 5.605694, 5.520417 ] ] ], [ [ [ 5.672917, 5.538194 ], [ 5.678471000000116, 5.540138000000184 ], [ 5.676805000000115, 5.535416000000112 ], [ 5.672917, 5.538194 ] ] ], [ [ [ 5.423195, 5.585418000000118 ], [ 5.3784730000001, 5.533750000000112 ], [ 5.357640000000118, 5.561806000000105 ], [ 5.423195, 5.637083000000132 ], [ 5.485973000000116, 5.600973000000181 ], [ 5.423195, 5.585418000000118 ] ] ], [ [ [ 5.508751, 5.592362 ], [ 5.485695, 5.618472000000168 ], [ 5.540417000000161, 5.602917000000105 ], [ 5.508751, 5.592362 ] ] ], [ [ [ 5.62847200000016, 5.612918000000148 ], [ 5.630416, 5.630973 ], [ 5.641251000000183, 5.625972 ], [ 5.62847200000016, 5.612918000000148 ] ] ], [ [ [ 5.523194000000104, 5.699862 ], [ 5.512361000000112, 5.67875 ], [ 5.509583000000134, 5.655973 ], [ 5.497916, 5.663749 ], [ 5.468472000000133, 5.665417 ], [ 5.476529000000141, 5.681529000000182 ], [ 5.456805, 5.687083 ], [ 5.406527, 5.654304 ], [ 5.380971, 5.602917000000103 ], [ 5.323471, 5.609027 ], [ 5.329862, 5.711251 ], [ 5.355971, 5.692918000000133 ], [ 5.372361000000126, 5.692639000000156 ], [ 5.409862, 5.702084 ], [ 5.463193000000161, 5.742361000000131 ], [ 5.48430500000012, 5.704306 ], [ 5.495694, 5.702638 ], [ 5.517362, 5.709029 ], [ 5.515971, 5.706529000000103 ], [ 5.516527, 5.703194 ], [ 5.52014, 5.699028000000168 ], [ 5.523194000000104, 5.699862 ] ] ], [ [ [ 5.177360000000135, 5.727084000000161 ], [ 5.180138000000114, 5.741251000000146 ], [ 5.172916000000159, 5.757360000000176 ], [ 5.175972, 5.762361000000113 ], [ 5.175972, 5.767639000000145 ], [ 5.172916000000158, 5.772917 ], [ 5.185973000000103, 5.768473 ], [ 5.193193, 5.773471 ], [ 5.173194, 5.774862 ], [ 5.157917, 5.752638000000103 ], [ 5.160417000000166, 5.768751000000179 ], [ 5.145138, 5.812916 ], [ 5.232916000000159, 5.869307000000106 ], [ 5.249028000000123, 5.830694 ], [ 5.223750000000108, 5.817639 ], [ 5.217639000000189, 5.804862000000184 ], [ 5.232916000000159, 5.780694000000154 ], [ 5.254306, 5.775418 ], [ 5.232638, 5.782360000000153 ], [ 5.244027, 5.800418000000149 ], [ 5.245971000000168, 5.814860000000125 ], [ 5.238195000000134, 5.793473000000175 ], [ 5.219583000000115, 5.808472 ], [ 5.249862, 5.827361000000108 ], [ 5.263751, 5.890694 ], [ 5.292917000000104, 5.904861 ], [ 5.290417, 5.891528000000165 ], [ 5.294583000000102, 5.881527 ], [ 5.297639000000175, 5.879583 ], [ 5.299861, 5.879861 ], [ 5.305694000000187, 5.88625 ], [ 5.312638, 5.880139000000158 ], [ 5.306806000000167, 5.872917 ], [ 5.307362000000182, 5.857362000000137 ], [ 5.319029, 5.848751000000163 ], [ 5.333750000000179, 5.845417000000169 ], [ 5.331250000000126, 5.8398600000001 ], [ 5.332638, 5.823749 ], [ 5.321527000000117, 5.819029000000112 ], [ 5.322639000000151, 5.812916 ], [ 5.329584000000125, 5.809028 ], [ 5.349861, 5.811528000000123 ], [ 5.353193, 5.807362 ], [ 5.330972, 5.789307000000123 ], [ 5.330972, 5.760138 ], [ 5.339028, 5.742639 ], [ 5.294583000000102, 5.710139 ], [ 5.321251, 5.704582000000129 ], [ 5.290695000000141, 5.61875 ], [ 5.175138000000118, 5.618194 ], [ 5.194027000000176, 5.603195 ], [ 5.169584000000157, 5.598194 ], [ 5.077917, 5.743749 ], [ 5.09458400000011, 5.800417999000104 ], [ 5.123750000000143, 5.807640000000162 ], [ 5.157082999000068, 5.748750000000143 ], [ 5.177084001000138, 5.747640000000104 ], [ 5.17486, 5.730972001000054 ], [ 5.17875, 5.723194001000081 ], [ 5.232083999000167, 5.69124899900015 ], [ 5.246249, 5.706529000000102 ], [ 5.244305000000168, 5.710139 ], [ 5.238473, 5.70875100000012 ], [ 5.232084000000101, 5.692083 ], [ 5.225694, 5.70375 ], [ 5.216805000000135, 5.711251 ], [ 5.205972000000146, 5.717639 ], [ 5.177360000000135, 5.727084000000161 ] ] ], [ [ [ 4.995973000000163, 5.863194 ], [ 4.999304999000118, 5.858750001000145 ], [ 4.995973000000163, 5.862638001000107 ], [ 4.995973000000163, 5.863194 ] ] ], [ [ [ 4.994029, 5.865972 ], [ 4.989860000000135, 5.871527000000128 ], [ 4.990972000000114, 5.871251 ], [ 4.994029, 5.865972 ] ] ], [ [ [ 4.98736, 5.874861 ], [ 4.977918, 5.887640000000149 ], [ 4.98625, 5.879305000000102 ], [ 4.98736, 5.874861 ] ] ], [ [ [ 4.936528, 5.936249 ], [ 4.937638, 5.936249 ], [ 4.941529000000116, 5.930695 ], [ 4.936528, 5.936249 ] ] ], [ [ [ 6.220972, 4.282082000000172 ], [ 6.086250000000121, 4.270694000000105 ], [ 6.099861, 4.339029 ], [ 6.112084000000152, 4.330138000000146 ], [ 6.169028000000139, 4.318749 ], [ 6.188749, 4.326528 ], [ 6.19625, 4.304860000000134 ], [ 6.210695000000101, 4.320974 ], [ 6.220972, 4.282082000000172 ] ] ], [ [ [ 6.44125, 4.305137999000123 ], [ 6.439584001000128, 4.305137999000124 ], [ 6.440416, 4.308751 ], [ 6.44125, 4.305137999000123 ] ] ], [ [ [ 6.262639, 4.356528 ], [ 6.264305, 4.347918000000106 ], [ 6.261805000000151, 4.356528 ], [ 6.262639, 4.356528 ] ] ], [ [ [ 5.980416000000106, 4.353472 ], [ 5.9820840000001, 4.353194 ], [ 5.980972000000122, 4.35014 ], [ 5.980416000000106, 4.353472 ] ] ], [ [ [ 6.338473, 4.32875 ], [ 6.332916, 4.329028000000164 ], [ 6.327362000000107, 4.325972 ], [ 6.325972, 4.318473 ], [ 6.365417, 4.325140000000146 ], [ 6.385416, 4.347918000000107 ], [ 6.41736, 4.308473000000106 ], [ 6.239305000000116, 4.294027000000144 ], [ 6.257639, 4.346249 ], [ 6.261251000000187, 4.331528 ], [ 6.264861, 4.329584000000125 ], [ 6.27208400000012, 4.32875 ], [ 6.267917000000125, 4.317917 ], [ 6.273194000000161, 4.316805000000101 ], [ 6.278194000000155, 4.317917 ], [ 6.270971, 4.355416000000162 ], [ 6.298193, 4.331528 ], [ 6.314029, 4.378194000000121 ], [ 6.312361, 4.388472 ], [ 6.304028000000131, 4.398473 ], [ 6.303472000000171, 4.40764 ], [ 6.328194, 4.424305000000117 ], [ 6.346805000000131, 4.377918 ], [ 6.382916000000137, 4.348196 ], [ 6.369305000000169, 4.338751000000116 ], [ 6.364860000000135, 4.325972 ], [ 6.35625, 4.329306 ], [ 6.347917000000166, 4.327362000000163 ], [ 6.341251000000171, 4.322915 ], [ 6.338473, 4.32875 ] ] ], [ [ [ 5.976528000000144, 4.356528 ], [ 5.980694, 4.365417 ], [ 5.985138000000178, 4.357638000000179 ], [ 5.976528000000144, 4.356528 ] ] ], [ [ [ 6.247638, 4.359584 ], [ 6.242083000000151, 4.360694 ], [ 6.250694000000125, 4.37764 ], [ 6.247638, 4.359584 ] ] ], [ [ [ 6.267361000000165, 4.345695 ], [ 6.269583000000125, 4.367083 ], [ 6.291805000000125, 4.393751000000179 ], [ 6.31097300000016, 4.373471000000109 ], [ 6.271528000000159, 4.357362 ], [ 6.267361000000165, 4.345695 ] ] ], [ [ [ 5.977362, 4.367917000000148 ], [ 5.978194000000145, 4.370139000000108 ], [ 5.978750000000105, 4.368195 ], [ 5.977362, 4.367917000000148 ] ] ], [ [ [ 6.038750000000164, 4.38375 ], [ 6.053749, 4.402083000000174 ], [ 6.070139, 4.389029000000107 ], [ 6.067916, 4.350696 ], [ 6.055971, 4.38125 ], [ 6.052361000000133, 4.363195 ], [ 6.050971, 4.377918 ], [ 6.038750000000164, 4.38375 ] ] ], [ [ [ 6.144028000000162, 4.379584 ], [ 6.146528000000103, 4.391529000000161 ], [ 6.148472, 4.390139 ], [ 6.144028000000162, 4.379584 ] ] ], [ [ [ 6.243749000000151, 4.387360000000171 ], [ 6.247916, 4.391529000000162 ], [ 6.247916, 4.38791600000019 ], [ 6.243749000000151, 4.387360000000171 ] ] ], [ [ [ 6.086528, 4.35986 ], [ 6.080971000000148, 4.394027000000108 ], [ 6.134305, 4.418195 ], [ 6.138472, 4.372083 ], [ 6.101527, 4.370695000000127 ], [ 6.086528, 4.35986 ] ] ], [ [ [ 5.950139999000158, 4.389582001000122 ], [ 5.949028000999989, 4.392083001000059 ], [ 5.950972, 4.389582001000122 ], [ 5.950139999000158, 4.389582001000122 ] ] ], [ [ [ 6.294861, 4.404862 ], [ 6.291527, 4.402915 ], [ 6.291527, 4.403471 ], [ 6.294861, 4.404862 ] ] ], [ [ [ 6.534861000000148, 4.454305 ], [ 6.534027, 4.46680600000019 ], [ 6.539862, 4.467638 ], [ 6.54264, 4.470695 ], [ 6.542084, 4.477917 ], [ 6.556805, 4.4615280000001 ], [ 6.56069500000018, 4.461250000000176 ], [ 6.579860000000166, 4.471526 ], [ 6.592918000000167, 4.377084000000138 ], [ 6.567362, 4.360694 ], [ 6.569584, 4.385694000000172 ], [ 6.561527, 4.394305 ], [ 6.551807, 4.393195000000163 ], [ 6.552916, 4.421251 ], [ 6.529583, 4.44236 ], [ 6.534861000000148, 4.454305 ] ] ], [ [ [ 6.674862, 4.416807000000177 ], [ 6.673471000000121, 4.429862000000186 ], [ 6.680972, 4.418195 ], [ 6.674862, 4.416807000000177 ] ] ], [ [ [ 6.130417, 4.423749 ], [ 6.125417, 4.424027 ], [ 6.129583000000139, 4.432084000000144 ], [ 6.130417, 4.423749 ] ] ], [ [ [ 6.25319400000018, 4.426249 ], [ 6.248194000000183, 4.43625 ], [ 6.257917, 4.432084000000144 ], [ 6.25319400000018, 4.426249 ] ] ], [ [ [ 6.334584, 4.471251 ], [ 6.339861, 4.428471000000172 ], [ 6.30180600000017, 4.434862000000179 ], [ 6.300972, 4.460972 ], [ 6.309307000000161, 4.458750000000122 ], [ 6.30986, 4.46847200000019 ], [ 6.312361, 4.464860000000102 ], [ 6.314029, 4.464306 ], [ 6.334584, 4.471251 ] ] ], [ [ [ 6.056528000000129, 4.455139 ], [ 6.053471000000116, 4.462916000000178 ], [ 6.058472, 4.462362 ], [ 6.056528000000129, 4.455139 ] ] ], [ [ [ 6.757084, 4.460972 ], [ 6.756528, 4.46014 ], [ 6.754027, 4.462916000000178 ], [ 6.757084, 4.460972 ] ] ], [ [ [ 6.344583000000172, 4.4615280000001 ], [ 6.336529, 4.472083000000169 ], [ 6.344583000000172, 4.465972 ], [ 6.344583000000172, 4.4615280000001 ] ] ], [ [ [ 6.835140000000138, 4.504583 ], [ 6.841528, 4.51514 ], [ 6.838472000000139, 4.500695000000176 ], [ 6.826805, 4.507917 ], [ 6.835140000000138, 4.504583 ] ] ], [ [ [ 6.20236, 4.429027000000191 ], [ 6.189027000000181, 4.494860000000187 ], [ 6.17486, 4.516528000000164 ], [ 6.19014, 4.570416 ], [ 6.184027000000184, 4.589861 ], [ 6.198472, 4.578473 ], [ 6.207639, 4.575138 ], [ 6.197638000000154, 4.563749000000143 ], [ 6.194306000000155, 4.539584000000161 ], [ 6.204861, 4.45764 ], [ 6.224584000000163, 4.438472 ], [ 6.212361000000101, 4.436806 ], [ 6.20236, 4.429027000000191 ] ] ], [ [ [ 6.700971000000151, 4.520694 ], [ 6.703194, 4.530973000000187 ], [ 6.702916000000129, 4.521806 ], [ 6.700971000000151, 4.520694 ] ] ], [ [ [ 6.612361, 4.551804000000174 ], [ 6.597916000000168, 4.542084000000101 ], [ 6.600138000000186, 4.557083000000148 ], [ 6.612361, 4.551804000000174 ] ] ], [ [ [ 6.67625, 4.532083 ], [ 6.644861, 4.507361000000174 ], [ 6.621250000000147, 4.55652700000013 ], [ 6.607917, 4.558751000000143 ], [ 6.639305, 4.592915000000175 ], [ 6.647640000000138, 4.561805 ], [ 6.67625, 4.532083 ] ] ], [ [ [ 6.614305000000172, 4.556251 ], [ 6.613749000000156, 4.545416000000103 ], [ 6.606804000000182, 4.546528 ], [ 6.612917, 4.551529000000129 ], [ 6.614305000000172, 4.556251 ] ] ], [ [ [ 6.722361000000149, 4.560417000000143 ], [ 6.721805000000189, 4.560417000000142 ], [ 6.722083, 4.562639000000104 ], [ 6.722361000000149, 4.560417000000143 ] ] ], [ [ [ 6.594306, 4.627362000000177 ], [ 6.585695000000101, 4.640139 ], [ 6.622916000000147, 4.62791600000014 ], [ 6.612361, 4.612917 ], [ 6.619583, 4.582639 ], [ 6.603472000000181, 4.556805 ], [ 6.60041600000011, 4.571806 ], [ 6.591527, 4.582639 ], [ 6.597362, 4.592084000000169 ], [ 6.594306, 4.627362000000177 ] ] ], [ [ [ 6.808471000000169, 4.650972 ], [ 6.810418000000142, 4.651806 ], [ 6.814306000000101, 4.648194 ], [ 6.818750000000137, 4.647918000000117 ], [ 6.829027000000109, 4.656250000000113 ], [ 6.816806, 4.641805 ], [ 6.808471000000169, 4.650972 ] ] ], [ [ [ 6.835140000000138, 4.64764 ], [ 6.834027000000106, 4.64514 ], [ 6.831805, 4.645971000000144 ], [ 6.840140000000133, 4.65486 ], [ 6.844584000000111, 4.647918000000117 ], [ 6.835140000000138, 4.64764 ] ] ], [ [ [ 6.581529, 4.672084000000154 ], [ 6.585695000000101, 4.668749 ], [ 6.581251000000123, 4.670971 ], [ 6.581529, 4.672084000000154 ] ] ], [ [ [ 6.826251, 4.765973 ], [ 6.828473, 4.753193 ], [ 6.863193, 4.720695 ], [ 6.827639, 4.711804000000144 ], [ 6.817916, 4.689583 ], [ 6.798473000000173, 4.700140000000149 ], [ 6.803471000000172, 4.726249 ], [ 6.794029, 4.726249 ], [ 6.797361, 4.698471 ], [ 6.818194000000119, 4.648750000000177 ], [ 6.781249, 4.668749 ], [ 6.769029, 4.734584 ], [ 6.784306000000186, 4.757084000000132 ], [ 6.813750000000142, 4.754306 ], [ 6.817084000000135, 4.75625 ], [ 6.818194000000119, 4.763194000000113 ], [ 6.826251, 4.765973 ] ] ], [ [ [ 6.768195000000162, 4.740417 ], [ 6.764028000000168, 4.775417000000173 ], [ 6.752083, 4.790972 ], [ 6.779305000000137, 4.802639000000114 ], [ 6.789862, 4.796251 ], [ 6.801805000000173, 4.801805 ], [ 6.804027000000133, 4.790972 ], [ 6.808749, 4.789582000000166 ], [ 6.814584, 4.790972 ], [ 6.824861000000169, 4.803195 ], [ 6.828195000000165, 4.824305 ], [ 6.851805, 4.807362 ], [ 6.883749, 4.801249 ], [ 6.864028, 4.782084 ], [ 6.862084, 4.769861000000163 ], [ 6.87125, 4.728472000000125 ], [ 6.841806000000133, 4.742639 ], [ 6.829305, 4.754584 ], [ 6.829305, 4.764028 ], [ 6.824583, 4.767361000000109 ], [ 6.784584000000109, 4.759028 ], [ 6.768195000000162, 4.740417 ] ] ], [ [ [ 6.744305, 4.792638 ], [ 6.743195000000185, 4.813194000000181 ], [ 6.755972, 4.799583 ], [ 6.744305, 4.792638 ] ] ], [ [ [ 6.736806, 4.809028 ], [ 6.737916, 4.805418 ], [ 6.735972000000118, 4.807918 ], [ 6.736806, 4.809028 ] ] ], [ [ [ 6.970418000000109, 4.379584 ], [ 6.971250001000102, 4.374583000000142 ], [ 6.969583999000123, 4.374583000000142 ], [ 6.970418000000109, 4.379584 ] ] ], [ [ [ 6.966805000000136, 4.399861000000157 ], [ 6.964583000000119, 4.375418000000138 ], [ 6.861527, 4.397917 ], [ 6.848751000000107, 4.440416000000141 ], [ 6.875695000000178, 4.439862000000117 ], [ 6.910695, 4.445973 ], [ 6.927084, 4.420973000000116 ], [ 6.936805, 4.4220830000001 ], [ 6.932639000000109, 4.412082 ], [ 6.943471, 4.407084 ], [ 6.951806, 4.409306 ], [ 6.955694, 4.400971000000141 ], [ 6.966805000000136, 4.399861000000157 ] ] ], [ [ [ 6.935139, 4.411806000000126 ], [ 6.938473, 4.422917 ], [ 6.925416, 4.427917 ], [ 6.947640000000148, 4.432640000000164 ], [ 6.949862000000167, 4.430693000000189 ], [ 6.95236, 4.429305000000112 ], [ 6.959583000000124, 4.428749 ], [ 6.956529, 4.419029 ], [ 6.964583000000118, 4.403193000000159 ], [ 6.95236, 4.410972 ], [ 6.935139, 4.411806000000126 ] ] ], [ [ [ 6.827639, 4.504861 ], [ 6.878195, 4.473751000000163 ], [ 6.883195, 4.474861000000145 ], [ 6.887918, 4.478195000000142 ], [ 6.893194000000108, 4.485972 ], [ 6.908751000000166, 4.474305000000187 ], [ 6.847360000000151, 4.448751 ], [ 6.827639, 4.504861 ] ] ], [ [ [ 7.021805, 4.402362000000152 ], [ 7.00375, 4.379862000000116 ], [ 6.974306000000126, 4.382084 ], [ 6.96180500000014, 4.429305000000112 ], [ 6.91152700000015, 4.449305 ], [ 6.946806, 4.545694 ], [ 6.934583, 4.54875 ], [ 6.919862, 4.511528000000168 ], [ 6.914027, 4.532917000000112 ], [ 6.902638, 4.539028 ], [ 6.900972, 4.55152900000013 ], [ 6.896806, 4.553473 ], [ 6.892362, 4.569306 ], [ 6.883473000000151, 4.580695000000161 ], [ 6.901804, 4.538471000000129 ], [ 6.922916000000158, 4.506527 ], [ 6.907917, 4.480417000000158 ], [ 6.893472, 4.487362000000133 ], [ 6.878473000000156, 4.474583 ], [ 6.858195, 4.512084000000129 ], [ 6.842916000000173, 4.519862000000159 ], [ 6.833193000000165, 4.505417 ], [ 6.821804, 4.516528000000164 ], [ 6.814028, 4.575972 ], [ 6.874307, 4.594584 ], [ 6.880695000000116, 4.60569500000014 ], [ 6.886805000000152, 4.597084000000108 ], [ 6.894028, 4.595694 ], [ 6.90541700000017, 4.60569500000014 ], [ 6.917362000000139, 4.56764 ], [ 6.967639000000189, 4.538471000000129 ], [ 7.021805, 4.402362000000152 ] ] ], [ [ [ 7.049027000000138, 4.515694 ], [ 7.044583000000102, 4.508749 ], [ 7.07541700000013, 4.447917000000132 ], [ 7.036807000000124, 4.435416000000146 ], [ 6.992917, 4.59014 ], [ 7.046249000000103, 4.577638 ], [ 7.052084, 4.531249000000116 ], [ 7.070417000000132, 4.504583 ], [ 7.056528, 4.494860000000187 ], [ 7.057084, 4.501249 ], [ 7.05264000000011, 4.51014 ], [ 7.04847400000017, 4.509862000000169 ], [ 7.049027000000138, 4.515694 ] ] ], [ [ [ 6.942083, 4.53764 ], [ 6.942083, 4.541806000000178 ], [ 6.944028, 4.541806000000178 ], [ 6.942083, 4.53764 ] ] ], [ [ [ 6.918472000000122, 4.570694000000117 ], [ 6.977084000000104, 4.59264000000013 ], [ 6.981804000000182, 4.510971 ], [ 6.966527, 4.549585 ], [ 6.918472000000122, 4.570694000000117 ] ] ], [ [ [ 7.058472000000166, 4.561805 ], [ 7.064029, 4.574028000000112 ], [ 7.065695, 4.559861000000126 ], [ 7.058472000000166, 4.561805 ] ] ], [ [ [ 7.024862000000155, 4.601806 ], [ 7.026806, 4.611527 ], [ 7.038473000000124, 4.608195 ], [ 7.042639, 4.613749 ], [ 7.049305, 4.612083 ], [ 7.054862, 4.616249 ], [ 7.049027000000138, 4.605973 ], [ 7.047361000000137, 4.594584 ], [ 7.044027000000142, 4.592915000000175 ], [ 7.062360000000183, 4.585417 ], [ 7.053194, 4.566528 ], [ 7.046805000000121, 4.584027000000162 ], [ 7.027916, 4.591806 ], [ 7.025972, 4.596806 ], [ 7.021249000000181, 4.599306000000126 ], [ 7.024862000000155, 4.601806 ] ] ], [ [ [ 6.998472000000162, 4.611805000000117 ], [ 7.007084, 4.610417 ], [ 7.003472000000102, 4.601806 ], [ 6.998472000000162, 4.611805000000117 ] ] ], [ [ [ 7.035138, 4.630138000000159 ], [ 7.062082, 4.619028000000186 ], [ 7.05180600000017, 4.59208400000017 ], [ 7.055694000000187, 4.616249 ], [ 7.035138, 4.630138000000159 ] ] ], [ [ [ 7.00875, 4.596806 ], [ 7.009307, 4.611527 ], [ 7.001250000000142, 4.626806000000158 ], [ 7.021249000000183, 4.618471000000113 ], [ 7.022918, 4.659861 ], [ 7.026528000000156, 4.612361 ], [ 7.00875, 4.596806 ] ] ], [ [ [ 7.078196, 4.697918000000186 ], [ 7.095139000000188, 4.667361000000141 ], [ 7.089307, 4.662917000000164 ], [ 7.088472, 4.654306000000191 ], [ 7.073471, 4.67013900000012 ], [ 7.066804999000169, 4.671249000000159 ], [ 7.066529000000173, 4.668473000000119 ], [ 7.118473000000108, 4.634029 ], [ 7.130971, 4.566806 ], [ 7.111528000000135, 4.566250000000139 ], [ 7.10652800000014, 4.58458300000018 ], [ 7.088750000000176, 4.591806 ], [ 7.071527000000174, 4.591249000000175 ], [ 7.077918000000125, 4.59986000000015 ], [ 7.07875, 4.610417 ], [ 7.071805, 4.634029 ], [ 7.054862, 4.655972000000192 ], [ 7.049862, 4.658194 ], [ 7.062082, 4.630138000000159 ], [ 7.036529, 4.636805 ], [ 7.020139, 4.67625 ], [ 7.00236200000012, 4.691249 ], [ 7.005138000000102, 4.699584000000186 ], [ 7.078196, 4.697918000000186 ] ] ], [ [ [ 6.938749, 4.666527 ], [ 6.942640000000153, 4.67514 ], [ 6.94375, 4.673750000000154 ], [ 6.952916, 4.674306000000115 ], [ 6.955694, 4.683472 ], [ 6.984029, 4.617361 ], [ 6.958751, 4.633473 ], [ 6.954306000000145, 4.606805000000121 ], [ 6.92069400000014, 4.663751 ], [ 6.930695000000186, 4.664305 ], [ 6.932917, 4.669583000000159 ], [ 6.936805, 4.666251000000159 ], [ 6.938749, 4.666527 ] ] ], [ [ [ 6.981528, 4.67291500000016 ], [ 7.009029, 4.662639 ], [ 7.019583000000182, 4.634861000000114 ], [ 6.995971000000168, 4.63013800000016 ], [ 6.992639000000168, 4.642083000000127 ], [ 7.001528, 4.648472 ], [ 7.002916000000142, 4.656528 ], [ 7.000416, 4.665695000000142 ], [ 6.981528, 4.67291500000016 ] ] ], [ [ [ 6.991527000000134, 4.648472 ], [ 6.988195000000133, 4.662361000000145 ], [ 6.999584000000141, 4.649306 ], [ 6.991527000000134, 4.648472 ] ] ], [ [ [ 6.818750000000137, 4.639861000000111 ], [ 6.852639000000124, 4.642083000000127 ], [ 6.828473, 4.710416 ], [ 6.862914999000112, 4.717639000000133 ], [ 6.865693999000031, 4.704306 ], [ 6.939305000000104, 4.600138 ], [ 6.887083, 4.62875 ], [ 6.917084, 4.608195 ], [ 6.900694, 4.608473000000116 ], [ 6.892638000000147, 4.597084000000108 ], [ 6.881527, 4.6079170000001 ], [ 6.841250000000173, 4.600416000000109 ], [ 6.818750000000137, 4.639861000000111 ] ] ], [ [ [ 7.019861000000105, 4.661805000000186 ], [ 7.021527000000106, 4.661805000000186 ], [ 7.020693000000165, 4.660139000000185 ], [ 7.019861000000105, 4.661805000000186 ] ] ], [ [ [ 7.021249000000183, 4.669583000000158 ], [ 7.018751, 4.662639 ], [ 7.00375, 4.67514 ], [ 7.021249000000183, 4.669583000000158 ] ] ], [ [ [ 6.97680600000018, 4.675694 ], [ 6.980694, 4.675972000000114 ], [ 6.97986, 4.672918 ], [ 6.97680600000018, 4.675694 ] ] ], [ [ [ 7.001806000000102, 4.678194000000132 ], [ 7.001528, 4.673472 ], [ 6.997362000000123, 4.672640000000115 ], [ 7.001806000000102, 4.678194000000132 ] ] ], [ [ [ 6.992361, 4.678194000000132 ], [ 6.992639000000167, 4.684307 ], [ 6.995971000000168, 4.676528000000133 ], [ 6.992361, 4.678194000000132 ] ] ], [ [ [ 6.98875100000015, 4.690973 ], [ 6.989583, 4.677916 ], [ 6.979306, 4.678194000000133 ], [ 6.98875100000015, 4.690973 ] ] ], [ [ [ 6.990971000000173, 4.685973 ], [ 6.992639000000168, 4.694861000000173 ], [ 7.002916000000141, 4.683472 ], [ 6.990971000000173, 4.685973 ] ] ], [ [ [ 6.997918000000142, 4.699862 ], [ 6.978472000000181, 4.690973 ], [ 6.972640000000126, 4.68041600000015 ], [ 6.97208400000011, 4.704028000000165 ], [ 6.997918000000142, 4.699862 ] ] ], [ [ [ 7.047083, 4.721527 ], [ 7.080138000000147, 4.721249 ], [ 7.07541700000013, 4.70264 ], [ 7.036807000000124, 4.712360000000159 ], [ 7.047083, 4.721527 ] ] ], [ [ [ 7.063194, 4.728472000000124 ], [ 7.064307000000155, 4.729584000000102 ], [ 7.065139, 4.727918000000101 ], [ 7.063194, 4.728472000000124 ] ] ], [ [ [ 6.882083, 4.73625 ], [ 6.86625, 4.781250000000171 ], [ 6.907639000000188, 4.793473 ], [ 6.905139, 4.76541600000013 ], [ 6.916806000000122, 4.751805000000159 ], [ 6.94625, 4.754584 ], [ 6.94375, 4.747361000000125 ], [ 6.961249000000123, 4.733750000000156 ], [ 6.937917, 4.667083 ], [ 6.866806000000111, 4.710138000000144 ], [ 6.882083, 4.73625 ] ] ], [ [ [ 7.062360000000182, 4.729028 ], [ 7.064861000000178, 4.757362 ], [ 7.075139, 4.732362 ], [ 7.064582, 4.730138000000124 ], [ 7.062360000000182, 4.729028 ] ] ], [ [ [ 6.875138, 4.746251000000144 ], [ 6.874860000000183, 4.744861 ], [ 6.870972000000165, 4.746527 ], [ 6.875138, 4.746251000000144 ] ] ], [ [ [ 6.960973, 4.75625 ], [ 6.964861, 4.753471000000162 ], [ 6.975138000000185, 4.75514 ], [ 7.006806, 4.77208300000018 ], [ 7.000972, 4.757362 ], [ 7.000416, 4.742639 ], [ 7.022083, 4.712082 ], [ 6.969862, 4.707916000000125 ], [ 6.962639, 4.739582 ], [ 6.932917, 4.77208300000018 ], [ 6.940139, 4.779862 ], [ 6.939305000000104, 4.787362000000144 ], [ 6.947362, 4.773195000000158 ], [ 6.964305, 4.770139 ], [ 6.960973, 4.75625 ] ] ], [ [ [ 6.914027, 4.760138 ], [ 6.915140000000122, 4.757916 ], [ 6.913471, 4.75764 ], [ 6.914027, 4.760138 ] ] ], [ [ [ 6.920972, 4.759306 ], [ 6.919862, 4.759584000000189 ], [ 6.92069400000014, 4.761528000000111 ], [ 6.920972, 4.759306 ] ] ], [ [ [ 6.927359999000032, 4.783472000000132 ], [ 6.928750999000045, 4.78152800100014 ], [ 6.925138000000118, 4.774305 ], [ 6.927360000000135, 4.759306 ], [ 6.91875, 4.77041700000018 ], [ 6.927359999000032, 4.783472000000132 ] ] ], [ [ [ 6.925972, 4.772361000000103 ], [ 6.937361000000181, 4.78875 ], [ 6.931527000000131, 4.771527000000162 ], [ 6.939305000000106, 4.75514 ], [ 6.925972, 4.772361000000103 ] ] ], [ [ [ 6.924028000000135, 4.791250000000105 ], [ 6.922916000000158, 4.784306 ], [ 6.919584000000156, 4.787916000000167 ], [ 6.924028000000135, 4.791250000000105 ] ] ], [ [ [ 6.92486, 4.788472000000126 ], [ 6.929585, 4.794029 ], [ 6.927360000000135, 4.785416 ], [ 6.92486, 4.788472000000126 ] ] ], [ [ [ 7.240140000000111, 4.495972 ], [ 7.242084, 4.494306 ], [ 7.246806000000107, 4.493472000000111 ], [ 7.245694, 4.487362000000132 ], [ 7.261805000000153, 4.476805 ], [ 7.29764, 4.46680600000019 ], [ 7.315973, 4.478195000000142 ], [ 7.316805, 4.438750000000141 ], [ 7.325972, 4.418195 ], [ 7.134862, 4.384860000000117 ], [ 7.13680600000015, 4.409028000000149 ], [ 7.151249, 4.402362000000151 ], [ 7.169306000000176, 4.400971000000139 ], [ 7.150973000000135, 4.403193000000156 ], [ 7.137084, 4.415973000000121 ], [ 7.172639, 4.458750000000122 ], [ 7.174583000000155, 4.447917000000132 ], [ 7.179305, 4.441528000000118 ], [ 7.195138, 4.435694 ], [ 7.242640000000165, 4.437362 ], [ 7.222916000000168, 4.484028000000138 ], [ 7.195694, 4.487362000000133 ], [ 7.215140000000133, 4.508195 ], [ 7.227361, 4.497639000000106 ], [ 7.231805, 4.497917 ], [ 7.234583, 4.503195 ], [ 7.240140000000111, 4.501527000000122 ], [ 7.240140000000111, 4.495972 ] ] ], [ [ [ 7.224581999000065, 4.448195 ], [ 7.224859999000159, 4.449860999000123 ], [ 7.227360999000154, 4.448472999000045 ], [ 7.224581999000065, 4.448195 ] ] ], [ [ [ 7.226529000000141, 4.456806 ], [ 7.229305000000124, 4.455418000000122 ], [ 7.226529000000141, 4.456249000000126 ], [ 7.226529000000141, 4.456806 ] ] ], [ [ [ 7.197916, 4.459584000000177 ], [ 7.215694000000156, 4.474583 ], [ 7.22375, 4.447917000000131 ], [ 7.179861, 4.442082000000141 ], [ 7.184305, 4.471526 ], [ 7.189584, 4.471804 ], [ 7.192916, 4.4615280000001 ], [ 7.195416000000137, 4.459584000000177 ], [ 7.197916, 4.459584000000177 ] ] ], [ [ [ 7.193472, 4.461806 ], [ 7.193472, 4.48264 ], [ 7.207639, 4.46847200000019 ], [ 7.193472, 4.461806 ] ] ], [ [ [ 7.119304000000114, 4.508195 ], [ 7.137084, 4.508471000000155 ], [ 7.132084, 4.496807 ], [ 7.125417, 4.49375 ], [ 7.125695000000121, 4.481249 ], [ 7.115694, 4.485140000000115 ], [ 7.113472, 4.484306 ], [ 7.110972000000118, 4.479583 ], [ 7.119304000000114, 4.508195 ] ] ], [ [ [ 7.116807000000107, 4.512362 ], [ 7.10597200000018, 4.487084 ], [ 7.105418000000157, 4.450973 ], [ 7.060416, 4.477917 ], [ 7.075696000000106, 4.506249 ], [ 7.05264000000011, 4.556805 ], [ 7.116807000000107, 4.512362 ] ] ], [ [ [ 7.328750000000185, 4.492360000000133 ], [ 7.262361000000169, 4.477639000000124 ], [ 7.2404150000001, 4.502361000000178 ], [ 7.214584000000173, 4.511249 ], [ 7.239584, 4.534583000000111 ], [ 7.269306000000143, 4.49513800000011 ], [ 7.328750000000185, 4.492360000000133 ] ] ], [ [ [ 7.147639000000141, 4.520972000000143 ], [ 7.145973000000139, 4.520972000000143 ], [ 7.146807, 4.52319400000016 ], [ 7.147639000000141, 4.520972000000143 ] ] ], [ [ [ 7.119304000000113, 4.508749 ], [ 7.080694000000108, 4.583195000000104 ], [ 7.175139000000172, 4.527917000000116 ], [ 7.153749000000119, 4.464306 ], [ 7.108750000000158, 4.464584000000173 ], [ 7.114306000000113, 4.484028000000138 ], [ 7.126249, 4.480695 ], [ 7.157640000000186, 4.531527 ], [ 7.119304000000113, 4.508749 ] ] ], [ [ [ 7.294584000000157, 4.544028 ], [ 7.29264, 4.544028 ], [ 7.294028, 4.544862 ], [ 7.294584000000157, 4.544028 ] ] ], [ [ [ 7.293193, 4.551251 ], [ 7.289027, 4.547084 ], [ 7.290417000000161, 4.543194 ], [ 7.302084, 4.534861 ], [ 7.290971000000183, 4.532083 ], [ 7.285139, 4.547084 ], [ 7.297362000000135, 4.559583 ], [ 7.293193, 4.551251 ] ] ], [ [ [ 7.274860000000104, 4.547916000000157 ], [ 7.275138, 4.552917 ], [ 7.279029, 4.543750000000101 ], [ 7.271528000000103, 4.542916000000162 ], [ 7.274860000000104, 4.547916000000157 ] ] ], [ [ [ 7.280973000000189, 4.556527000000131 ], [ 7.27625, 4.553473 ], [ 7.273472, 4.555973000000166 ], [ 7.280973000000189, 4.556527000000131 ] ] ], [ [ [ 7.285139, 4.556805 ], [ 7.283751000000167, 4.554305000000169 ], [ 7.282361, 4.557083000000149 ], [ 7.285139, 4.556805 ] ] ], [ [ [ 7.301528, 4.558473 ], [ 7.300972, 4.557083000000148 ], [ 7.29986, 4.558473 ], [ 7.301528, 4.558473 ] ] ], [ [ [ 7.277085, 4.557361 ], [ 7.275416000000121, 4.557083000000149 ], [ 7.277085, 4.558751000000143 ], [ 7.277085, 4.557361 ] ] ], [ [ [ 7.275972000000139, 4.564305000000103 ], [ 7.275972000000139, 4.560139 ], [ 7.272916, 4.563471 ], [ 7.275972000000139, 4.564305000000103 ] ] ], [ [ [ 7.070417000000134, 4.562361 ], [ 7.069583, 4.5651400000001 ], [ 7.082084, 4.569584000000134 ], [ 7.070417000000134, 4.562361 ] ] ], [ [ [ 7.279029, 4.559027 ], [ 7.27736, 4.575694000000111 ], [ 7.299584000000153, 4.561249 ], [ 7.279029, 4.559027 ] ] ], [ [ [ 7.30569400000013, 4.560139 ], [ 7.285139, 4.586527000000101 ], [ 7.30569400000013, 4.582639 ], [ 7.30569400000013, 4.560139 ] ] ], [ [ [ 7.273194000000103, 4.579029000000162 ], [ 7.274862, 4.579583000000183 ], [ 7.275138, 4.577360000000112 ], [ 7.273194000000103, 4.579029000000162 ] ] ], [ [ [ 7.270972000000143, 4.580695000000162 ], [ 7.272084000000121, 4.577360000000112 ], [ 7.267640000000143, 4.578195000000107 ], [ 7.270972000000143, 4.580695000000162 ] ] ], [ [ [ 7.274306000000138, 4.579861000000108 ], [ 7.272362, 4.579307 ], [ 7.271528000000103, 4.582083 ], [ 7.274306000000138, 4.579861000000108 ] ] ], [ [ [ 7.308195000000126, 4.591527 ], [ 7.309305000000109, 4.589027000000156 ], [ 7.297916000000157, 4.586527000000103 ], [ 7.308195000000126, 4.591527 ] ] ], [ [ [ 7.278751, 4.595694 ], [ 7.281529, 4.592640000000131 ], [ 7.279029, 4.594862000000147 ], [ 7.278751, 4.595694 ] ] ], [ [ [ 7.202083000000187, 4.613473000000111 ], [ 7.207639, 4.617918 ], [ 7.206251, 4.625972 ], [ 7.214028000000156, 4.626528 ], [ 7.225695, 4.631529000000114 ], [ 7.229027, 4.638473 ], [ 7.227917, 4.629028000000174 ], [ 7.220416, 4.626806000000158 ], [ 7.214306, 4.613473000000113 ], [ 7.242084, 4.559861000000125 ], [ 7.177360999000087, 4.625138001000095 ], [ 7.187084000000141, 4.622916 ], [ 7.195694, 4.623194 ], [ 7.199582, 4.613749 ], [ 7.202083000000187, 4.613473000000111 ] ] ], [ [ [ 7.080416, 4.583749 ], [ 7.077084, 4.569306 ], [ 7.059028000000183, 4.594306000000132 ], [ 7.071527000000174, 4.628472000000158 ], [ 7.070417000000134, 4.591806 ], [ 7.080416, 4.583749 ] ] ], [ [ [ 7.17569500000019, 4.584305 ], [ 7.165972000000182, 4.557639000000166 ], [ 7.134028000000171, 4.572638 ], [ 7.132084, 4.621528 ], [ 7.126805000000105, 4.632639000000154 ], [ 7.121527, 4.636529000000109 ], [ 7.127083, 4.649028000000101 ], [ 7.17569500000019, 4.584305 ] ] ], [ [ [ 7.131806, 4.618471000000113 ], [ 7.1284730000001, 4.610973000000172 ], [ 7.120973, 4.633195000000114 ], [ 7.131806, 4.618471000000113 ] ] ], [ [ [ 7.173473000000171, 4.639027 ], [ 7.174305, 4.638473 ], [ 7.172917000000156, 4.629582000000141 ], [ 7.173473000000171, 4.639027 ] ] ], [ [ [ 7.220694000000151, 4.632082 ], [ 7.205973, 4.639027 ], [ 7.219584000000169, 4.640139 ], [ 7.22513800000013, 4.657638 ], [ 7.220694000000151, 4.632082 ] ] ], [ [ [ 7.120973, 4.636805 ], [ 7.114028, 4.662639 ], [ 7.131806, 4.652084000000171 ], [ 7.125695000000121, 4.648472 ], [ 7.120973, 4.636805 ] ] ], [ [ [ 7.08986, 4.656528 ], [ 7.097083000000111, 4.666527 ], [ 7.102083, 4.656528 ], [ 7.08986, 4.656528 ] ] ], [ [ [ 7.156805, 4.670971 ], [ 7.159306000000186, 4.667083 ], [ 7.155417000000113, 4.663751 ], [ 7.156805, 4.670971 ] ] ], [ [ [ 7.096527, 4.670139000000121 ], [ 7.094583000000171, 4.674306000000115 ], [ 7.096805000000188, 4.673472 ], [ 7.096527, 4.670139000000121 ] ] ], [ [ [ 7.076527000000113, 4.746251000000143 ], [ 7.068195000000174, 4.760972 ], [ 7.079028000000107, 4.757084000000134 ], [ 7.076527000000113, 4.746251000000143 ] ] ], [ [ [ 7.071527000000174, 4.76541600000013 ], [ 7.069861000000174, 4.765973 ], [ 7.070973000000151, 4.767917 ], [ 7.071527000000174, 4.76541600000013 ] ] ], [ [ [ 7.317917, 4.467084 ], [ 7.317639, 4.462638 ], [ 7.317083, 4.462638 ], [ 7.317917, 4.467084 ] ] ], [ [ [ 7.610138999000129, 4.472917 ], [ 7.613195000000132, 4.472361000999968 ], [ 7.610973000000115, 4.469860000999971 ], [ 7.610138999000129, 4.472917 ] ] ], [ [ [ 7.472639, 4.477361 ], [ 7.553751, 4.476527000000146 ], [ 7.588193, 4.490972 ], [ 7.578751, 4.450139000000149 ], [ 7.332916, 4.451527 ], [ 7.386251, 4.506805000000155 ], [ 7.395139, 4.495694000000128 ], [ 7.397639, 4.495972 ], [ 7.396527000000106, 4.500695000000177 ], [ 7.403750000000173, 4.496807 ], [ 7.40652800000015, 4.499307000000101 ], [ 7.414861, 4.485694000000137 ], [ 7.472639, 4.477361 ] ] ], [ [ [ 7.475972999000021, 4.480971000000125 ], [ 7.479015999000068, 4.484363001000077 ], [ 7.479860998999983, 4.481805 ], [ 7.475972999000021, 4.480971000000125 ] ] ], [ [ [ 7.480140001000166, 4.48764 ], [ 7.479305, 4.487084 ], [ 7.478193, 4.487362000000132 ], [ 7.480140001000166, 4.48764 ] ] ], [ [ [ 7.548195, 4.50986200000017 ], [ 7.551805000000173, 4.478195000000142 ], [ 7.49097200000017, 4.491528000000185 ], [ 7.534027, 4.493194000000186 ], [ 7.548195, 4.50986200000017 ] ] ], [ [ [ 7.480693, 4.514306000000148 ], [ 7.472361, 4.497639000000106 ], [ 7.469583, 4.488472000000116 ], [ 7.43625, 4.497082 ], [ 7.480693, 4.514306000000148 ] ] ], [ [ [ 7.389305, 4.509305 ], [ 7.405694, 4.499583 ], [ 7.396527000000106, 4.501527000000123 ], [ 7.395417000000124, 4.496529000000122 ], [ 7.389305, 4.509305 ] ] ], [ [ [ 7.442361, 4.504027000000177 ], [ 7.444583, 4.504027000000178 ], [ 7.442917, 4.502361000000178 ], [ 7.442361, 4.504027000000177 ] ] ], [ [ [ 7.744583, 4.510971 ], [ 7.762916000000131, 4.513194000000169 ], [ 7.767917, 4.514862000000164 ], [ 7.779584000000114, 4.514862000000164 ], [ 7.68013800000017, 4.495138000000112 ], [ 7.656804, 4.510693000000174 ], [ 7.692361, 4.511249 ], [ 7.69514, 4.510693000000174 ], [ 7.723750000000109, 4.517362 ], [ 7.729862000000139, 4.51014 ], [ 7.732638000000122, 4.509027000000175 ], [ 7.737917, 4.51208400000013 ], [ 7.744583, 4.510971 ] ] ], [ [ [ 7.453749000000131, 4.514028 ], [ 7.454862, 4.510693000000174 ], [ 7.450971000000153, 4.511249 ], [ 7.453749000000131, 4.514028 ] ] ], [ [ [ 7.411806, 4.52125 ], [ 7.416529, 4.536249000000111 ], [ 7.420973, 4.52236 ], [ 7.415695000000142, 4.488472000000115 ], [ 7.403194, 4.517084000000126 ], [ 7.411806, 4.52125 ] ] ], [ [ [ 7.474583, 4.497639000000106 ], [ 7.48514, 4.51152800000017 ], [ 7.480693, 4.526805000000139 ], [ 7.440695, 4.515972000000146 ], [ 7.418195, 4.536805000000129 ], [ 7.512084, 4.531249000000115 ], [ 7.519860000000108, 4.532083 ], [ 7.525417000000176, 4.539028 ], [ 7.528749000000175, 4.537362 ], [ 7.534027, 4.497082 ], [ 7.480418000000157, 4.490416 ], [ 7.474583, 4.497639000000106 ] ] ], [ [ [ 7.319305, 4.520138 ], [ 7.310695, 4.525417 ], [ 7.327638, 4.529305 ], [ 7.329306, 4.510693000000174 ], [ 7.325694000000113, 4.508195 ], [ 7.319305, 4.520138 ] ] ], [ [ [ 7.323472, 4.509862000000169 ], [ 7.29875, 4.505695000000173 ], [ 7.294584000000157, 4.510693000000174 ], [ 7.289305000000184, 4.509027000000173 ], [ 7.290693, 4.530695 ], [ 7.303194, 4.534583000000112 ], [ 7.304306, 4.542084000000104 ], [ 7.310417000000143, 4.521806 ], [ 7.318749, 4.519028 ], [ 7.317083, 4.515972000000146 ], [ 7.318193000000123, 4.512084000000129 ], [ 7.323472, 4.509862000000169 ] ] ], [ [ [ 7.381806000000154, 4.524304000000141 ], [ 7.414029000000141, 4.53958400000016 ], [ 7.407916, 4.521806 ], [ 7.384306, 4.512640000000146 ], [ 7.381806000000154, 4.524304000000141 ] ] ], [ [ [ 7.396527000000106, 4.552361 ], [ 7.375694000000125, 4.535139000000129 ], [ 7.37875, 4.505139000000155 ], [ 7.35986, 4.505417 ], [ 7.373471, 4.540972 ], [ 7.362083, 4.524860000000159 ], [ 7.350694, 4.538196 ], [ 7.396527000000106, 4.552361 ] ] ], [ [ [ 7.384584000000132, 4.533195 ], [ 7.379028000000119, 4.525973 ], [ 7.376528, 4.534305000000187 ], [ 7.380138000000158, 4.536249000000111 ], [ 7.384584000000132, 4.533195 ] ] ], [ [ [ 7.3587500000001, 4.517916 ], [ 7.350972000000126, 4.502639000000101 ], [ 7.333473000000141, 4.530139000000134 ], [ 7.347362, 4.572916000000133 ], [ 7.348750000000109, 4.534583000000111 ], [ 7.3587500000001, 4.517916 ] ] ], [ [ [ 7.399862, 4.533749 ], [ 7.397361, 4.54736 ], [ 7.401528, 4.536805000000128 ], [ 7.399862, 4.533749 ] ] ], [ [ [ 7.326806, 4.541250000000161 ], [ 7.324306, 4.542084000000102 ], [ 7.327638, 4.543194 ], [ 7.326806, 4.541250000000161 ] ] ], [ [ [ 7.447083, 4.543194 ], [ 7.445417, 4.542362 ], [ 7.445417, 4.544028 ], [ 7.447083, 4.543194 ] ] ], [ [ [ 7.313473, 4.536527 ], [ 7.30569400000013, 4.554583 ], [ 7.323472, 4.546806000000172 ], [ 7.313473, 4.536527 ] ] ], [ [ [ 7.425696000000186, 4.550695 ], [ 7.424583, 4.54875 ], [ 7.424027000000137, 4.551529000000131 ], [ 7.425696000000186, 4.550695 ] ] ], [ [ [ 7.451249, 4.552917 ], [ 7.452361, 4.553195000000132 ], [ 7.451249, 4.548472000000175 ], [ 7.45041700000013, 4.547916000000156 ], [ 7.451249, 4.552917 ] ] ], [ [ [ 7.354584, 4.554583 ], [ 7.3587500000001, 4.553751000000147 ], [ 7.353472, 4.546528 ], [ 7.354584, 4.554583 ] ] ], [ [ [ 7.403472, 4.553195000000129 ], [ 7.402362, 4.550416 ], [ 7.400693, 4.552917 ], [ 7.403472, 4.553195000000129 ] ] ], [ [ [ 7.455696000000104, 4.557639000000166 ], [ 7.460416, 4.557083000000148 ], [ 7.460138000000142, 4.555139 ], [ 7.455696000000104, 4.557639000000166 ] ] ], [ [ [ 8.32236, 4.562361 ], [ 8.320139999000162, 4.557638999000062 ], [ 8.319862000000171, 4.562083000000143 ], [ 8.32236, 4.562361 ] ] ], [ [ [ 7.313749000000143, 4.584305 ], [ 7.332916, 4.538196 ], [ 7.329028, 4.54736 ], [ 7.310973000000104, 4.558473 ], [ 7.313749000000143, 4.584305 ] ] ], [ [ [ 7.354028, 4.559861000000125 ], [ 7.355416000000105, 4.565972 ], [ 7.358472000000177, 4.563471 ], [ 7.354028, 4.559861000000125 ] ] ], [ [ [ 7.332638, 4.565693 ], [ 7.33125, 4.577082000000189 ], [ 7.339305, 4.568472 ], [ 7.332638, 4.565693 ] ] ], [ [ [ 7.383472000000154, 4.570694000000116 ], [ 7.383472000000154, 4.573194 ], [ 7.38486, 4.571250000000133 ], [ 7.383472000000154, 4.570694000000116 ] ] ], [ [ [ 7.319584, 4.59014 ], [ 7.318193000000123, 4.589027000000158 ], [ 7.317917, 4.590693000000158 ], [ 7.319584, 4.59014 ] ] ], [ [ [ 8.307082999000045, 4.610138999000185 ], [ 8.319584, 4.613195001000122 ], [ 8.333195, 4.634861000000114 ], [ 8.343194, 4.603194000000144 ], [ 8.314027001000113, 4.587083 ], [ 8.307082999000045, 4.610138999000185 ] ] ], [ [ [ 6.48263900000012, 4.472361 ], [ 6.481805000000179, 4.477083000000162 ], [ 6.480417000000101, 4.478473 ], [ 6.472917, 4.480695 ], [ 6.473195, 4.49375 ], [ 6.469584000000111, 4.49375 ], [ 6.467084, 4.492360000000132 ], [ 6.472639000000128, 4.493472000000111 ], [ 6.472360000000152, 4.480417000000159 ], [ 6.482083000000102, 4.470973000000185 ], [ 6.467638, 4.464860000000102 ], [ 6.453749000000187, 4.410140000000125 ], [ 6.43875, 4.446529 ], [ 6.442916, 4.458472 ], [ 6.439028000000179, 4.469585 ], [ 6.444029000000114, 4.477639000000125 ], [ 6.435138, 4.48319300000014 ], [ 6.442360000000178, 4.501805 ], [ 6.44152800000012, 4.505139000000156 ], [ 6.437084, 4.507361000000174 ], [ 6.435138, 4.513472 ], [ 6.424027000000138, 4.3793060000001 ], [ 6.436528000000124, 4.343195 ], [ 6.401527000000101, 4.335416 ], [ 6.407640000000185, 4.359306000000172 ], [ 6.398473, 4.380418 ], [ 6.407084000000169, 4.387084 ], [ 6.412084000000164, 4.397361 ], [ 6.412638000000186, 4.40264 ], [ 6.396805, 4.411250000000109 ], [ 6.412084000000164, 4.402362000000152 ], [ 6.397361, 4.380694 ], [ 6.400417000000118, 4.347083000000111 ], [ 6.351528000000144, 4.37819400000012 ], [ 6.349305, 4.460416000000121 ], [ 6.338195, 4.486528 ], [ 6.353472, 4.487362000000133 ], [ 6.3570840000001, 4.491528000000187 ], [ 6.350696, 4.567084 ], [ 6.342917000000171, 4.57625 ], [ 6.337917000000175, 4.579861000000108 ], [ 6.338473, 4.585417 ], [ 6.33708200000018, 4.586805 ], [ 6.334860000000162, 4.587083 ], [ 6.33625, 4.589583000000176 ], [ 6.335694000000103, 4.594306000000132 ], [ 6.334028000000103, 4.597084000000108 ], [ 6.329306126000176, 4.598194123000042 ], [ 6.327640056000178, 4.603194238000128 ], [ 6.354028, 4.490416 ], [ 6.337360000000103, 4.490416 ], [ 6.330138, 4.476251 ], [ 6.333194000000163, 4.486528 ], [ 6.325972, 4.489862000000187 ], [ 6.327362000000107, 4.503749 ], [ 6.318195000000117, 4.522916 ], [ 6.324306, 4.491806000000111 ], [ 6.326806, 4.488194 ], [ 6.331528000000163, 4.485694000000136 ], [ 6.303194, 4.475417000000163 ], [ 6.302084, 4.46736 ], [ 6.308194, 4.460972 ], [ 6.307360000000131, 4.4598620000001 ], [ 6.300416, 4.468194 ], [ 6.290973000000179, 4.471526 ], [ 6.29875, 4.472083000000167 ], [ 6.301528, 4.481249 ], [ 6.282085, 4.485972 ], [ 6.28513900000013, 4.494028000000127 ], [ 6.282085, 4.509862000000168 ], [ 6.280138, 4.51014 ], [ 6.28125, 4.486250000000155 ], [ 6.288751, 4.471251 ], [ 6.299306, 4.466528 ], [ 6.29764, 4.435138 ], [ 6.307082, 4.424861 ], [ 6.261529, 4.386806 ], [ 6.264861, 4.435138 ], [ 6.252916, 4.467916000000172 ], [ 6.264583000000187, 4.477917 ], [ 6.266805000000148, 4.49375 ], [ 6.261529, 4.494860000000188 ], [ 6.263751, 4.496807 ], [ 6.264861, 4.509583 ], [ 6.252362000000119, 4.474027 ], [ 6.238473, 4.499583 ], [ 6.259583, 4.540694 ], [ 6.264583000000187, 4.555973000000166 ], [ 6.263751, 4.571806 ], [ 6.27125, 4.574584 ], [ 6.271806, 4.579029000000161 ], [ 6.280138, 4.570972 ], [ 6.285695, 4.571250000000135 ], [ 6.292083, 4.577360000000112 ], [ 6.287361, 4.614305000000171 ], [ 6.289583000000108, 4.577085 ], [ 6.246528000000182, 4.587917000000174 ], [ 6.258195, 4.543194 ], [ 6.237639000000116, 4.511249 ], [ 6.235139, 4.513194000000168 ], [ 6.23097300000012, 4.514028 ], [ 6.226250000000165, 4.527083 ], [ 6.224862, 4.528195 ], [ 6.221528, 4.528195 ], [ 6.245972, 4.400139 ], [ 6.229029, 4.42569500000019 ], [ 6.211527, 4.427639000000112 ], [ 6.225694000000146, 4.435138 ], [ 6.227916000000165, 4.449861 ], [ 6.207083, 4.458194000000105 ], [ 6.208195, 4.575694000000111 ], [ 6.199028, 4.612639000000171 ], [ 6.186805000000163, 4.617918 ], [ 6.173194, 4.518750000000125 ], [ 6.179861, 4.474583 ], [ 6.19736, 4.427639000000111 ], [ 6.237917, 4.388194000000112 ], [ 6.225972, 4.373749 ], [ 6.214305, 4.388472 ], [ 6.20125, 4.384584000000187 ], [ 6.227360000000147, 4.370417 ], [ 6.19736, 4.308194000000127 ], [ 6.206251000000123, 4.342917 ], [ 6.200972000000151, 4.370695000000124 ], [ 6.193194000000177, 4.37514 ], [ 6.204861, 4.3415270000001 ], [ 6.170416, 4.319861000000174 ], [ 6.101251000000161, 4.339583 ], [ 6.099861, 4.36680500000017 ], [ 6.13764, 4.366251000000146 ], [ 6.157361, 4.393751000000178 ], [ 6.136528000000112, 4.427917 ], [ 6.159861000000149, 4.444029000000114 ], [ 6.159583, 4.535971000000186 ], [ 6.154583, 4.440416000000141 ], [ 6.125417, 4.478473 ], [ 6.154583, 4.551804000000175 ], [ 6.154305000000136, 4.565693 ], [ 6.149860000000102, 4.571806 ], [ 6.150695, 4.577082000000189 ], [ 6.148751000000175, 4.584305 ], [ 6.144862000000103, 4.589583000000175 ], [ 6.151529000000153, 4.593472 ], [ 6.150417000000175, 4.600416000000109 ], [ 6.156805, 4.603194000000144 ], [ 6.148751000000175, 4.632082 ], [ 6.144028000000162, 4.588195 ], [ 6.153195000000153, 4.55097300000017 ], [ 6.122638000000165, 4.485694000000137 ], [ 6.121529, 4.420973000000117 ], [ 6.090138000000139, 4.435972000000164 ], [ 6.108193, 4.445417 ], [ 6.118750000000149, 4.470973000000185 ], [ 6.115972000000171, 4.487362000000132 ], [ 6.098473000000183, 4.496807 ], [ 6.112640000000169, 4.497639000000107 ], [ 6.12125, 4.523194000000159 ], [ 6.120138, 4.555695 ], [ 6.115416000000153, 4.559861000000127 ], [ 6.119306000000165, 4.557917 ], [ 6.123195, 4.559861000000125 ], [ 6.124307, 4.562639000000104 ], [ 6.124029000000121, 4.570416 ], [ 6.125139000000104, 4.571806 ], [ 6.124029000000121, 4.57625 ], [ 6.11486200000013, 4.560417000000142 ], [ 6.111528, 4.499861000000123 ], [ 6.090416, 4.500417 ], [ 6.097083000000111, 4.530139000000133 ], [ 6.08875, 4.502917 ], [ 6.08986, 4.498751 ], [ 6.099583, 4.490972 ], [ 6.111806, 4.487084 ], [ 6.114584, 4.469585 ], [ 6.085972, 4.436806 ], [ 6.097639000000129, 4.412638 ], [ 6.071251, 4.392083000000183 ], [ 6.060972000000107, 4.461528000000101 ], [ 6.03097200000019, 4.487362000000133 ], [ 6.084862, 4.5701380000001 ], [ 6.028471, 4.487362000000131 ], [ 6.05625, 4.449305 ], [ 6.044861, 4.406250000000113 ], [ 6.029028, 4.416529 ], [ 6.023749000000123, 4.410694000000149 ], [ 6.066528, 4.287361000000146 ], [ 5.982916, 4.308751 ], [ 5.987916, 4.404306 ], [ 5.957084000000179, 4.381528000000117 ], [ 5.957916, 4.439028 ], [ 5.955972, 4.446805000000154 ], [ 5.951806, 4.453471000000149 ], [ 5.918749000000163, 4.472639000000184 ], [ 5.955972, 4.444029000000114 ], [ 5.944861000000118, 4.395973000000139 ], [ 5.966251000000114, 4.335138000000144 ], [ 5.847084, 4.401249 ], [ 5.858749000000159, 4.419029 ], [ 5.85930500000012, 4.40764 ], [ 5.870694000000127, 4.401249 ], [ 5.874862000000178, 4.401805 ], [ 5.882639, 4.407362000000148 ], [ 5.881804000000103, 4.415138000000128 ], [ 5.88958300000013, 4.409306 ], [ 5.891805000000147, 4.409306 ], [ 5.881529, 4.415694000000144 ], [ 5.870694000000129, 4.402083000000173 ], [ 5.867362000000128, 4.415694000000144 ], [ 5.844862, 4.425695000000189 ], [ 5.907917000000112, 4.450417 ], [ 5.903750000000116, 4.453749 ], [ 5.910139, 4.456527 ], [ 5.90625, 4.464584000000171 ], [ 5.904028, 4.466528 ], [ 5.897640000000138, 4.467638 ], [ 5.892361000000165, 4.465694 ], [ 5.901806, 4.498195000000123 ], [ 5.891805000000148, 4.465138 ], [ 5.909026, 4.456806 ], [ 5.867362000000129, 4.46736 ], [ 5.881251, 4.467638 ], [ 5.884305, 4.46986 ], [ 5.882639, 4.476805 ], [ 5.865418, 4.481805 ], [ 5.878472000000103, 4.483471 ], [ 5.887361000000169, 4.496529000000123 ], [ 5.886805000000153, 4.499861000000124 ], [ 5.882361000000174, 4.499583 ], [ 5.863471, 4.483471 ], [ 5.867084, 4.478751000000159 ], [ 5.882917, 4.472917 ], [ 5.865696000000129, 4.46736 ], [ 5.88402900000017, 4.448195 ], [ 5.850694000000146, 4.447639 ], [ 5.839305, 4.41291600000011 ], [ 5.790972000000182, 4.448473000000148 ], [ 5.827639, 4.475139 ], [ 5.844028000000151, 4.519028 ], [ 5.861805, 4.519584 ], [ 5.872084, 4.530139000000133 ], [ 5.843472000000191, 4.519862000000159 ], [ 5.795694, 4.457918000000177 ], [ 5.789306000000182, 4.463472 ], [ 5.80125100000015, 4.46875 ], [ 5.802083, 4.473751000000163 ], [ 5.788472000000127, 4.488194 ], [ 5.794306000000177, 4.485972 ], [ 5.798751, 4.486806000000115 ], [ 5.815694, 4.507361000000174 ], [ 5.813749, 4.51014 ], [ 5.809861, 4.51014 ], [ 5.809583000000146, 4.513194000000169 ], [ 5.825416000000133, 4.529583000000115 ], [ 5.82736, 4.538750000000108 ], [ 5.787918000000105, 4.488472000000115 ], [ 5.798472000000118, 4.468194 ], [ 5.780973000000131, 4.464860000000102 ], [ 5.774304, 4.472083000000167 ], [ 5.764584000000183, 4.473195000000146 ], [ 5.759306, 4.479027 ], [ 5.754583, 4.480139 ], [ 5.752361000000121, 4.479861000000142 ], [ 5.785418, 4.461250000000176 ], [ 5.785971000000132, 4.456806 ], [ 5.744860000000131, 4.482918000000154 ], [ 5.725973, 4.505695000000173 ], [ 5.794862, 4.529305 ], [ 5.809583000000146, 4.540972 ], [ 5.818472, 4.553751000000147 ], [ 5.815694, 4.584861000000103 ], [ 5.832361000000105, 4.594862000000148 ], [ 5.831527, 4.6112490000001 ], [ 5.814584, 4.589861 ], [ 5.815694, 4.552361 ], [ 5.796250000000101, 4.533471000000135 ], [ 5.775973000000136, 4.536527 ], [ 5.771807, 4.542916000000161 ], [ 5.784583, 4.546528 ], [ 5.785418, 4.55152900000013 ], [ 5.784027, 4.555417000000148 ], [ 5.781527000000153, 4.554861000000131 ], [ 5.778473, 4.551251 ], [ 5.776251, 4.551804000000174 ], [ 5.775139, 4.557083000000149 ], [ 5.733193, 4.512916 ], [ 5.685694000000183, 4.534305000000188 ], [ 5.738194000000135, 4.53764 ], [ 5.704027, 4.53791800000016 ], [ 5.701805, 4.570416 ], [ 5.711806000000139, 4.579861000000109 ], [ 5.714028, 4.584861000000102 ], [ 5.717638, 4.582361000000161 ], [ 5.728473000000179, 4.585139 ], [ 5.729027, 4.59014 ], [ 5.732640000000173, 4.590418000000169 ], [ 5.732362, 4.586527000000103 ], [ 5.733750000000157, 4.582917000000181 ], [ 5.74125, 4.577082000000189 ], [ 5.74319400000013, 4.577082000000189 ], [ 5.744582, 4.578473 ], [ 5.746529, 4.59014 ], [ 5.750139000000104, 4.58291700000018 ], [ 5.761250000000189, 4.585417 ], [ 5.747639, 4.591249000000175 ], [ 5.745973, 4.59041800000017 ], [ 5.743750000000149, 4.585417 ], [ 5.743472, 4.577916 ], [ 5.74152800000013, 4.577638 ], [ 5.734306000000175, 4.589861 ], [ 5.731805000000179, 4.591527 ], [ 5.728749000000108, 4.591249000000174 ], [ 5.728195, 4.585695000000158 ], [ 5.71375, 4.585973 ], [ 5.700971000000153, 4.573194 ], [ 5.685972000000105, 4.585695000000158 ], [ 5.700971000000153, 4.585973 ], [ 5.706528, 4.589861 ], [ 5.708194, 4.615695 ], [ 5.720417000000111, 4.619306000000108 ], [ 5.732640000000174, 4.631804000000158 ], [ 5.729305, 4.625138000000162 ], [ 5.739028, 4.613749 ], [ 5.758196000000112, 4.611527 ], [ 5.776251, 4.615695 ], [ 5.782361, 4.62875 ], [ 5.740694, 4.613749 ], [ 5.734306000000173, 4.634029 ], [ 5.719861, 4.62375 ], [ 5.720139000000189, 4.639583 ], [ 5.710972, 4.651250000000118 ], [ 5.738194000000135, 4.655416000000172 ], [ 5.755973, 4.669305 ], [ 5.756249, 4.679028 ], [ 5.770972, 4.685138 ], [ 5.798472000000118, 4.674306000000115 ], [ 5.79375, 4.688751 ], [ 5.773751000000119, 4.693473 ], [ 5.70875, 4.6523600000001 ], [ 5.719861, 4.626806000000157 ], [ 5.699583, 4.609029 ], [ 5.702917, 4.589583000000176 ], [ 5.685972000000107, 4.599028 ], [ 5.684028000000183, 4.599028 ], [ 5.682362000000182, 4.595694 ], [ 5.69013800000016, 4.590971 ], [ 5.683472000000164, 4.583749 ], [ 5.701805, 4.554027 ], [ 5.685972000000107, 4.546528 ], [ 5.54569400000014, 4.724861 ], [ 5.581806, 4.688751 ], [ 5.665138, 4.671527 ], [ 5.756249, 4.770139 ], [ 5.770972, 4.766807 ], [ 5.775417000000119, 4.772639 ], [ 5.782083000000115, 4.770695000000103 ], [ 5.790972000000182, 4.777917 ], [ 5.803195, 4.775139 ], [ 5.807917000000145, 4.779862 ], [ 5.789028, 4.778196 ], [ 5.774304, 4.772917 ], [ 5.770972, 4.767639 ], [ 5.765972, 4.769583 ], [ 5.803195, 4.812362 ], [ 5.779861000000153, 4.803471 ], [ 5.78430500000013, 4.806527 ], [ 5.781805, 4.830139000000145 ], [ 5.76875, 4.839028 ], [ 5.783195000000148, 4.807362 ], [ 5.778749000000118, 4.806806000000107 ], [ 5.773195000000158, 4.812362 ], [ 5.768472000000145, 4.812638000000163 ], [ 5.754861000000176, 4.795417 ], [ 5.695973000000152, 4.81125 ], [ 5.686806000000161, 4.775973 ], [ 5.66263800000013, 4.781806000000131 ], [ 5.669583000000102, 4.797361 ], [ 5.639029, 4.809862000000178 ], [ 5.626528, 4.810416 ], [ 5.6104160000001, 4.802083 ], [ 5.61486100000019, 4.827083 ], [ 5.645973, 4.84236 ], [ 5.66125, 4.877083 ], [ 5.690416, 4.869582000000149 ], [ 5.648195000000102, 4.899307 ], [ 5.666251000000102, 4.905417 ], [ 5.673195, 4.916528 ], [ 5.647639, 4.900416000000121 ], [ 5.642083000000128, 4.840972 ], [ 5.617639000000168, 4.864306 ], [ 5.626528, 4.841528 ], [ 5.581806, 4.811806000000104 ], [ 5.54569400000014, 4.831805000000144 ], [ 5.54875, 4.849861 ], [ 5.555694000000131, 4.849861 ], [ 5.56069500000018, 4.867084 ], [ 5.558751, 4.897084000000119 ], [ 5.555416, 4.901529 ], [ 5.549028000000134, 4.903751 ], [ 5.557082, 4.857639000000177 ], [ 5.515139000000147, 4.827361000000111 ], [ 5.439862000000119, 4.942084 ], [ 5.445138, 4.971528000000149 ], [ 5.376805000000104, 5.122639 ], [ 5.440694, 5.127083 ], [ 5.497916, 5.177361000000189 ], [ 5.451805, 5.183471 ], [ 5.461249, 5.222638000000131 ], [ 5.49125, 5.22125 ], [ 5.498472000000106, 5.225417000000162 ], [ 5.504582, 5.241806000000166 ], [ 5.511249000000134, 5.232361 ], [ 5.519306000000142, 5.234305000000177 ], [ 5.518472, 5.225973000000183 ], [ 5.521528000000104, 5.225695 ], [ 5.519862000000104, 5.236527 ], [ 5.506805000000157, 5.243472000000168 ], [ 5.458751000000177, 5.22930500000018 ], [ 5.492640000000164, 5.256249 ], [ 5.487361, 5.276804 ], [ 5.502082, 5.278473000000133 ], [ 5.511527, 5.270694000000105 ], [ 5.520972000000143, 5.27152800000016 ], [ 5.528472, 5.276529 ], [ 5.534027, 5.285417 ], [ 5.534305000000188, 5.295138 ], [ 5.540971000000184, 5.288195 ], [ 5.544584000000157, 5.287639 ], [ 5.556807, 5.300972000000113 ], [ 5.560695000000181, 5.279305 ], [ 5.566805, 5.275416000000176 ], [ 5.57625, 5.274028 ], [ 5.556529000000126, 5.302916 ], [ 5.532639000000189, 5.295972000000119 ], [ 5.518472, 5.272084000000176 ], [ 5.503751, 5.279861 ], [ 5.49375, 5.279305 ], [ 5.500138000000107, 5.291249000000106 ], [ 5.481249, 5.313473 ], [ 5.477639000000124, 5.315139 ], [ 5.474306, 5.313473 ], [ 5.468472000000133, 5.29986 ], [ 5.457917, 5.308751000000143 ], [ 5.47180600000013, 5.316805 ], [ 5.472638, 5.327360000000112 ], [ 5.489305000000116, 5.325972 ], [ 5.494584, 5.336805 ], [ 5.493194000000187, 5.325416 ], [ 5.50236, 5.318471 ], [ 5.524028, 5.319584000000134 ], [ 5.500694, 5.325694000000111 ], [ 5.514027000000112, 5.341249000000174 ], [ 5.497638000000165, 5.325416 ], [ 5.49625, 5.338473 ], [ 5.491528000000188, 5.336805 ], [ 5.484583, 5.326528 ], [ 5.464028000000156, 5.347362 ], [ 5.548472000000118, 5.352084000000159 ], [ 5.554306, 5.388473 ], [ 5.604306000000123, 5.334029 ], [ 5.583472, 5.307361 ], [ 5.607362, 5.312361 ], [ 5.609582, 5.314861000000179 ], [ 5.6087500000001, 5.319584000000133 ], [ 5.6104160000001, 5.320140000000152 ], [ 5.615695, 5.308195000000182 ], [ 5.618195000000128, 5.308195000000183 ], [ 5.623749000000146, 5.311251 ], [ 5.630972, 5.30236 ], [ 5.638751000000127, 5.302085 ], [ 5.604584, 5.333195000000102 ], [ 5.615695, 5.333473 ], [ 5.639029, 5.362639 ], [ 5.671805000000121, 5.339027 ], [ 5.699583, 5.35625 ], [ 5.714584000000115, 5.370971 ], [ 5.719029, 5.384307000000148 ], [ 5.69180400000016, 5.420417 ], [ 5.656806, 5.434028 ], [ 5.70041700000013, 5.457916000000182 ], [ 5.729027, 5.513472 ], [ 5.704027, 5.539028000000144 ], [ 5.662082000000169, 5.544306 ], [ 5.630972, 5.601251000000104 ], [ 5.68375, 5.656251000000169 ], [ 5.643751, 5.616250000000151 ], [ 5.638195000000111, 5.617084 ], [ 5.642361, 5.627082 ], [ 5.634584000000131, 5.634027 ], [ 5.6104160000001, 5.625138000000163 ], [ 5.598750000000108, 5.59125 ], [ 5.595139000000131, 5.605417 ], [ 5.580138, 5.605973000000176 ], [ 5.575972000000149, 5.582083 ], [ 5.564583, 5.603195 ], [ 5.540139, 5.606805000000122 ], [ 5.537639000000183, 5.637917000000185 ], [ 5.551528, 5.630417000000135 ], [ 5.577916, 5.638749000000132 ], [ 5.592361000000154, 5.672084 ], [ 5.605694, 5.664583000000164 ], [ 5.643751, 5.67097200000012 ], [ 5.590139000000137, 5.679028000000186 ], [ 5.591527, 5.701806000000147 ], [ 5.597918, 5.704306 ], [ 5.602638000000127, 5.709307000000137 ], [ 5.603194, 5.713195 ], [ 5.590417, 5.70125000000013 ], [ 5.580138, 5.649862000000154 ], [ 5.537083000000166, 5.642362000000104 ], [ 5.538195000000144, 5.623472000000162 ], [ 5.433471000000168, 5.660139000000129 ], [ 5.461805, 5.684583 ], [ 5.466806000000134, 5.664583000000163 ], [ 5.510695000000112, 5.654304 ], [ 5.520972000000143, 5.693471000000101 ], [ 5.525138, 5.687917 ], [ 5.533195, 5.682917 ], [ 5.55402800000013, 5.681807000000107 ], [ 5.555972, 5.684027 ], [ 5.552916000000153, 5.689305000000162 ], [ 5.545140000000117, 5.695694000000174 ], [ 5.544862, 5.698194 ], [ 5.56236100000018, 5.713195 ], [ 5.562639000000104, 5.715973 ], [ 5.558473, 5.721528 ], [ 5.544027, 5.698472000000149 ], [ 5.544306, 5.695694000000175 ], [ 5.55486, 5.685695 ], [ 5.554582000000154, 5.683195000000181 ], [ 5.531529, 5.684305000000165 ], [ 5.516249000000129, 5.722916000000112 ], [ 5.497916, 5.745695000000127 ], [ 5.506529, 5.766251 ], [ 5.520416000000125, 5.754860000000122 ], [ 5.537917, 5.754860000000121 ], [ 5.537917, 5.762361000000112 ], [ 5.532639000000188, 5.770695 ], [ 5.508195, 5.782360000000154 ], [ 5.517918, 5.791529 ], [ 5.522638000000144, 5.814860000000123 ], [ 5.527084000000115, 5.814029000000118 ], [ 5.522638000000144, 5.802640000000167 ], [ 5.523194000000104, 5.797917 ], [ 5.525972, 5.794305000000122 ], [ 5.553194, 5.779028000000152 ], [ 5.566249, 5.776250000000118 ], [ 5.529585000000111, 5.816529 ], [ 5.52208400000012, 5.816529 ], [ 5.518472, 5.813750000000139 ], [ 5.506529, 5.782084 ], [ 5.536251, 5.757084 ], [ 5.506805000000158, 5.768195000000161 ], [ 5.49625, 5.752362000000176 ], [ 5.497916, 5.741251000000148 ], [ 5.515417, 5.71958300000017 ], [ 5.510695000000112, 5.707638 ], [ 5.453473, 5.754860000000122 ], [ 5.410140000000126, 5.706807 ], [ 5.357084000000156, 5.695972 ], [ 5.322361, 5.720418000000165 ], [ 5.342638, 5.742639 ], [ 5.336806, 5.791529 ], [ 5.367084, 5.802362 ], [ 5.381805, 5.822917000000131 ], [ 5.409305000000131, 5.819029000000113 ], [ 5.415694, 5.828749000000186 ], [ 5.424861, 5.823195 ], [ 5.444584, 5.821527 ], [ 5.45402700000011, 5.824861 ], [ 5.462918000000172, 5.805694 ], [ 5.468472000000135, 5.805972000000168 ], [ 5.471528, 5.809306000000162 ], [ 5.454861000000165, 5.825971 ], [ 5.416528, 5.832638 ], [ 5.326527000000111, 5.81125 ], [ 5.322917, 5.818473000000153 ], [ 5.333194, 5.822639 ], [ 5.337084000000177, 5.844583 ], [ 5.290139000000124, 5.9170840000001 ], [ 5.10930500000012, 5.823749 ], [ 5.058471000000112, 5.770139 ], [ 5.000973000000157, 5.860972 ], [ 4.940417000000137, 5.936806000000103 ], [ 4.779305, 6.100138000000128 ], [ 4.537639000000184, 6.29513800000018 ], [ 4.380694866000113, 6.368472100000189 ], [ 3.820139000000154, 6.439860999000132 ], [ 3.415971040000161, 6.422083855000038 ], [ 3.399028063000117, 6.391805173000136 ], [ 2.709382057000083, 6.375693798000157 ], [ 2.720288038000149, 6.507771970000021 ], [ 2.753123044000175, 6.570466995 ], [ 2.731427908000116, 6.630785942000101 ], [ 2.78659010000007, 6.694790841000097 ], [ 2.789702893000139, 6.738934040000061 ], [ 2.732580899000027, 6.779188156000031 ], [ 2.751513958999965, 6.912416936000056 ], [ 2.718214036000121, 6.940331937000052 ], [ 2.720638990000055, 6.986536980000096 ], [ 2.792602062000128, 7.041276932000129 ], [ 2.74509406100009, 7.092676163000077 ], [ 2.784868955000035, 7.159226894000028 ], [ 2.749458075000064, 7.261154175000057 ], [ 2.747577905000129, 7.417438984 ], [ 2.799680948000175, 7.437972068000022 ], [ 2.792927980000116, 7.49452018800008 ], [ 2.730282069000055, 7.580173969000103 ], [ 2.729464053000074, 7.792222976000117 ], [ 2.66843104300017, 7.889780998000159 ], [ 2.754101038000104, 8.211312294000153 ], [ 2.695657014000175, 8.324747087000162 ], [ 2.706913949000127, 8.420345307000048 ], [ 2.761836052000036, 8.505328179 ], [ 2.728413104000084, 8.772684097000022 ], [ 2.763381958000081, 8.809783936000033 ], [ 2.778307915000028, 9.053985596000187 ], [ 3.088170052000068, 9.101576806000081 ], [ 3.157227993000052, 9.282415390000095 ], [ 3.13615489, 9.462879181000119 ], [ 3.194761037000091, 9.515098571000181 ], [ 3.263551950000024, 9.65228939000002 ], [ 3.348649978000084, 9.685406684000096 ], [ 3.323395014000029, 9.776936531000104 ], [ 3.346899986000096, 9.817548751000059 ], [ 3.529644966000093, 9.862080575000107 ], [ 3.595777035000084, 9.945736885000088 ], [ 3.615601062000166, 10.075632095 ], [ 3.662817002000055, 10.106930734 ], [ 3.678951025000175, 10.169751168000177 ], [ 3.584625005000021, 10.275149346000035 ], [ 3.631618023000158, 10.416813850000095 ], [ 3.687696933000098, 10.45637702900018 ], [ 3.786003112000174, 10.40537929600009 ], [ 3.848371029000079, 10.588789941000071 ], [ 3.84098005300018, 10.704918862 ], [ 3.749533893000091, 10.824714660999973 ], [ 3.771224976999975, 10.930769921000035 ], [ 3.751455068000157, 11.011383056 ], [ 3.716901064000184, 11.024339676000011 ], [ 3.725913048000109, 11.124091149000096 ], [ 3.496037006999983, 11.292149544999971 ], [ 3.565984012000172, 11.616988182000171 ], [ 3.600157023000123, 11.69195365900009 ], [ 3.67915701800007, 11.758503915000119 ], [ 3.626751899000055, 11.839382172000059 ], [ 3.617655993000083, 11.916888237000023 ], [ 3.668823003000059, 11.977862358999969 ], [ 3.630786896000017, 12.117162704000123 ], [ 3.657454968000139, 12.268477440000025 ], [ 3.642555952000179, 12.520148278000022 ], [ 3.942208051000137, 12.76418876600019 ], [ 4.096078872000022, 12.995821953000016 ], [ 4.129622936000089, 13.148301124999987 ], [ 4.130453110000021, 13.472638131000165 ], [ 4.197412015000054, 13.472976684 ], [ 4.464822768000034, 13.703294754000066 ], [ 4.870658875000174, 13.782539368000071 ], [ 4.909521104000135, 13.748608590000174 ], [ 5.270487786000048, 13.746100425000177 ], [ 5.35534715700004, 13.844900132000017 ], [ 5.526512146000017, 13.892009735000096 ], [ 6.149414062000119, 13.642833711000153 ], [ 6.283351898000035, 13.666745186000185 ], [ 6.421308040000042, 13.601571083000012 ], [ 6.677817822000065, 13.355448722 ], [ 6.928008079, 12.989852905000134 ], [ 7.136393071000044, 13.023158074000092 ], [ 7.227884769000128, 13.110942840000062 ], [ 7.426324845000068, 13.11047554000015 ], [ 7.824882031000015, 13.339568138 ], [ 8.106680870000162, 13.289319993000106 ], [ 8.255915641000172, 13.207526208000157 ], [ 8.415629387000081, 13.054848671 ], [ 8.515917777000084, 13.062768937000042 ], [ 8.601824760000056, 13.010524749000126 ], [ 8.648481369000024, 12.93855857900013 ], [ 8.969788550000033, 12.833052635000056 ], [ 9.650238991000094, 12.80360698800007 ], [ 10.060874940000133, 13.203451157000016 ], [ 10.207091332000118, 13.267767906000074 ], [ 10.466402053000081, 13.282537460000185 ], [ 10.669219972000178, 13.356932641000128 ], [ 11.212712287000045, 13.37585640100002 ], [ 11.522038459000044, 13.353051187000174 ], [ 11.884561539000115, 13.246546745999979 ], [ 12.114126206000094, 13.090326309000034 ], [ 12.177431105999972, 13.098271371000124 ], [ 12.178559302999986, 13.12518978200012 ], [ 12.256979943000033, 13.114480973000184 ], [ 12.277681351000128, 13.080908775000069 ], [ 12.476720810000018, 13.062409400000035 ], [ 12.494764328000088, 13.128905296000024 ], [ 12.558849336000092, 13.157670022000049 ], [ 12.565177917000142, 13.193103790000178 ], [ 12.543574333000038, 13.192411422000077 ], [ 12.536058426000181, 13.212424278000015 ], [ 12.552886964000095, 13.203718185000071 ], [ 12.578932762000022, 13.268305779000119 ], [ 12.647040366000169, 13.300521851000099 ], [ 12.673673629000117, 13.272912027000187 ], [ 12.692943572000161, 13.313161850000085 ], [ 12.721599580000088, 13.306710243000168 ], [ 12.831611633000023, 13.397953034000183 ], [ 12.815178872000104, 13.423269272000029 ], [ 12.86124897100018, 13.436570168000058 ], [ 12.849294663000137, 13.47039318100002 ], [ 12.878440857000101, 13.470132828000091 ], [ 12.87705993700007, 13.497050285000114 ], [ 12.924010277000036, 13.483248711000041 ], [ 13.064958572000137, 13.547148704999985 ], [ 13.090769769000131, 13.514676093000102 ], [ 13.148201942000071, 13.547690393000039 ], [ 13.143190383000103, 13.514801979000024 ], [ 13.183899880000183, 13.532200814000191 ], [ 13.198663712000155, 13.510315896000066 ], [ 13.265159608000092, 13.594116211000141 ], [ 13.248271942000088, 13.61301898900007 ], [ 13.353783608000072, 13.714445114000171 ], [ 13.634547235000184, 13.710688591000119 ], [ 14.085430145000089, 13.078060151000106 ], [ 14.19701576199998, 12.503890038000067 ], [ 14.170649529000057, 12.410420418000058 ], [ 14.220512390000069, 12.362357139000098 ], [ 14.487196922000125, 12.351500510000049 ], [ 14.559705734000033, 12.259269716000061 ], [ 14.548656464000091, 12.235322953000148 ], [ 14.592082977000132, 12.225694657000192 ], [ 14.597469329000091, 12.190304757000151 ], [ 14.659425735000184, 12.19711113000011 ], [ 14.673296928000068, 12.17267322500004 ], [ 14.63398838, 12.091799735999983 ], [ 14.653055191000133, 12.062335968000012 ], [ 14.619688035000138, 12.040309906000115 ], [ 14.653692246000162, 11.957004547000111 ], [ 14.602794646000063, 11.864961624000159 ], [ 14.612629890000109, 11.780608178000023 ], [ 14.548465728000167, 11.722993851000126 ], [ 14.639752387999978, 11.653015137000066 ], [ 14.642617225000151, 11.576020242000141 ], [ 14.613100052000107, 11.511377335000077 ], [ 14.428277016000091, 11.419939995 ], [ 14.198806763000105, 11.252754211000022 ], [ 13.980623244000014, 11.318759919000113 ], [ 13.792529104999973, 11.009667397999976 ], [ 13.73472404400013, 11.011379243000135 ], [ 13.708013535000134, 10.97204494500005 ], [ 13.713875770000129, 10.859918595000066 ], [ 13.651891708000051, 10.820580482000134 ], [ 13.621281623000185, 10.718982697000058 ], [ 13.586972236000122, 10.70483970600003 ], [ 13.545849800999973, 10.61833000200005 ], [ 13.573973656000019, 10.535323143000028 ], [ 13.527542113000095, 10.479068757000107 ], [ 13.536246301000119, 10.423672676000079 ], [ 13.494111061000124, 10.391013145999976 ], [ 13.467485428999964, 10.163991928000085 ], [ 13.342946053, 10.122792244000037 ], [ 13.247768403000123, 10.035773277000088 ], [ 13.247620583000128, 10.000475883000036 ], [ 13.287774085000137, 9.98019504500013 ], [ 13.27987671000011, 9.941511155000057 ], [ 13.236782073000029, 9.919707298000162 ], [ 13.242075919, 9.864030839000179 ], [ 13.299126625000099, 9.82768726400019 ], [ 13.258910180000157, 9.777610779000097 ], [ 13.22468948400001, 9.584912300000155 ], [ 13.161712646000069, 9.539917946000173 ], [ 13.034303665000094, 9.511322022000058 ], [ 12.843784333000031, 9.37272071900003 ], [ 12.91404342700014, 9.341486931000134 ], [ 12.916018485000166, 9.276828766000106 ], [ 12.883557319000145, 9.158617019000074 ], [ 12.897856712000134, 9.11478138000018 ], [ 12.803986550000046, 8.916487693000134 ], [ 12.819844246000114, 8.831068992999974 ], [ 12.785830497000175, 8.743083000000127 ], [ 12.720302582000045, 8.760772706000068 ], [ 12.67335510200013, 8.646726609000096 ], [ 12.575332641000161, 8.613981248000131 ], [ 12.485801698000159, 8.643450736000032 ], [ 12.432199479000019, 8.621337890000063 ], [ 12.465737343000114, 8.524367333000043 ], [ 12.335584641000082, 8.430500030000131 ], [ 12.261698722000119, 8.440433503000181 ], [ 12.264679909000163, 8.370116233000031 ], [ 12.238751411000123, 8.339077949000169 ], [ 12.257415771000069, 8.1764822020001 ], [ 12.209214210000027, 8.094022751000068 ], [ 12.221256256, 8.002602577 ], [ 12.031875610000045, 7.730210782000031 ], [ 12.0070581440001, 7.659472943000138 ], [ 12.03434372000015, 7.5211067190001 ], [ 11.974037170000146, 7.487347126999961 ], [ 11.935762406000151, 7.379846097000039 ], [ 11.811295509000047, 7.233618737000085 ], [ 11.854255677000083, 7.226770402000056 ], [ 11.835765838000157, 7.176637649999976 ], [ 11.871127129, 7.07943630300008 ], [ 11.709923744000037, 7.05534887400006 ], [ 11.717101097000125, 7.03159332300015 ], [ 11.61924076100013, 6.976115226000046 ], [ 11.606627465000088, 6.911232471000061 ], [ 11.554482460000145, 6.864136696 ], [ 11.597166062000042, 6.799842358000149 ], [ 11.57241153700005, 6.787650109000024 ], [ 11.584714889, 6.734747411000171 ], [ 11.551466941000115, 6.715818881000188 ], [ 11.556046485000138, 6.66769170800012 ], [ 11.52107429400013, 6.617616654000073 ], [ 11.418871879999983, 6.597208976000103 ], [ 11.425989151000122, 6.531850816000143 ], [ 11.356500625000137, 6.525676251000049 ], [ 11.350896835000128, 6.500007153000182 ], [ 11.280172348000123, 6.538589954000145 ], [ 11.099142075000088, 6.521626472000092 ], [ 11.096622466999975, 6.682096004000186 ], [ 11.059892654000066, 6.716192246000105 ], [ 10.994278909000116, 6.687008381000112 ], [ 10.919232368999985, 6.708508014000075 ], [ 10.912993432000064, 6.765612125000018 ], [ 10.820063590000188, 6.843799591000161 ], [ 10.841154098000118, 6.939635754000107 ], [ 10.765485763000127, 6.957441331000155 ], [ 10.678020477000132, 7.042315006000024 ], [ 10.61291122300014, 7.061124802000109 ], [ 10.572036743000126, 7.162285805000124 ], [ 10.540978432000145, 6.938623905000155 ], [ 10.490369795999982, 6.899660111000173 ], [ 10.217097283000101, 6.888836861000128 ], [ 10.17406368200011, 6.93820476500008 ], [ 10.17949771900004, 7.011674882000079 ], [ 10.153351784000051, 7.038451672000122 ], [ 9.863946915000156, 6.776453495000169 ], [ 9.779424667000114, 6.794529915000112 ], [ 9.701474189000066, 6.510728359000097 ], [ 9.597167016000128, 6.530460358000028 ], [ 9.585883139999964, 6.473599434000162 ], [ 9.528005600000085, 6.443352223000145 ], [ 9.464488984000013, 6.454388141000036 ], [ 9.431278228000167, 6.317245007000111 ], [ 9.343441964000021, 6.351086140000176 ], [ 9.265694619000158, 6.184167861 ], [ 9.167497635000188, 6.130717279000065 ], [ 9.133093835000011, 6.072074891000113 ], [ 8.840001106000159, 5.826342583000155 ], [ 8.883420943000147, 5.777463913000133 ], [ 8.836645126000121, 5.679552555000157 ], [ 8.920679092000114, 5.572205067000139 ], [ 8.831048011, 5.429977895000034 ], [ 8.818734169000095, 5.185620784999969 ], [ 8.781618118000154, 5.113308906000101 ], [ 8.725268364000158, 5.074828626000167 ], [ 8.651936531000047, 4.914961815000083 ], [ 8.608072280000101, 4.88513612700001 ], [ 8.628655435000042, 4.82033062 ], [ 8.541288376000068, 4.796635152000021 ], [ 8.509305955000173, 4.694026947000168 ], [ 8.456250191000038, 4.698749065000071 ], [ 8.481805801000121, 4.729306222000048 ], [ 8.461250305000021, 4.755417823000188 ], [ 8.41625118200011, 4.727918147000025 ], [ 8.385695457000111, 4.747361183000066 ], [ 8.41319465600003, 4.767082215000016 ], [ 8.399583816000074, 4.781527997000125 ], [ 8.356250763000162, 4.786250115000086 ], [ 8.314862251000079, 4.74180507799997 ], [ 8.32763800000015, 4.64152700000011 ], [ 8.305417, 4.610139000000117 ], [ 8.307639000000108, 4.594584 ], [ 8.289306, 4.575972 ], [ 8.263472, 4.603472 ], [ 8.253195, 4.60569500000014 ], [ 8.24236, 4.605417 ], [ 8.274860000000103, 4.587083 ], [ 8.255971, 4.568194 ], [ 8.29486, 4.573194 ], [ 8.275695, 4.534027 ], [ 7.680138111000076, 4.519306184000129 ], [ 7.684861184000169, 4.527916908000122 ], [ 7.691526889000046, 4.528194904000031 ], [ 7.704584120999983, 4.537640096000076 ], [ 7.70264005700011, 4.538196087000187 ], [ 7.650694, 4.514862000000164 ], [ 7.649862, 4.522082000000125 ], [ 7.644584179000161, 4.527638912000042 ], [ 7.645693779000113, 4.53180503800013 ], [ 7.652359962000049, 4.530416965000086 ], [ 7.656804085000148, 4.536527156000034 ], [ 7.680138111000076, 4.549306870000122 ], [ 7.684861184000169, 4.552639009000075 ], [ 7.686526775, 4.554861068000151 ], [ 7.685973167000044, 4.55569505700015 ], [ 7.645140171000151, 4.53236103100005 ], [ 7.643750191000095, 4.527638912000042 ], [ 7.64819400000016, 4.514306000000147 ], [ 7.633473000000152, 4.514028 ], [ 7.662917000000107, 4.494306 ], [ 7.60930500000012, 4.472917 ], [ 7.574585000000127, 4.510971 ], [ 7.583749, 4.513194000000168 ], [ 7.589584000000173, 4.519584 ], [ 7.597638, 4.514306000000146 ], [ 7.604583, 4.516528000000164 ], [ 7.54513788200012, 4.531249046000141 ], [ 7.551250934000166, 4.545971871000178 ], [ 7.591527938000069, 4.540415764000101 ], [ 7.609582902000056, 4.549860001000184 ], [ 7.611526966000157, 4.576250077 ], [ 7.590971947000185, 4.542915821000064 ], [ 7.530139, 4.547638 ], [ 7.515416, 4.532917000000112 ], [ 7.472361, 4.590693000000158 ], [ 7.440973000000156, 4.542916000000161 ], [ 7.429028000000187, 4.571528 ], [ 7.410694, 4.546528 ], [ 7.40430600000019, 4.576529000000106 ], [ 7.396805, 4.557639000000166 ], [ 7.38652900000011, 4.584861000000104 ], [ 7.364029, 4.569862 ], [ 7.344861, 4.598472 ], [ 7.35125, 4.577360000000112 ], [ 7.347915000000113, 4.574028000000113 ], [ 7.291805, 4.610695 ], [ 7.265696, 4.60569500000014 ], [ 7.267918, 4.535696 ], [ 7.277916, 4.542362 ], [ 7.282083, 4.51541600000013 ], [ 7.288749000000166, 4.508474 ], [ 7.294862, 4.507083 ], [ 7.273194000000103, 4.498195000000123 ], [ 7.269306000000143, 4.530139000000132 ], [ 7.252082, 4.549585 ], [ 7.259027000000175, 4.552917 ], [ 7.261249000000134, 4.55652700000013 ], [ 7.256251000000135, 4.595694 ], [ 7.252917, 4.598472 ], [ 7.244584, 4.597640000000125 ], [ 7.24125, 4.601806 ], [ 7.25125, 4.607639 ], [ 7.253751, 4.624862 ], [ 7.263471000000151, 4.620416 ], [ 7.261527, 4.637917 ], [ 7.240140000000111, 4.60236 ], [ 7.244306000000165, 4.596806 ], [ 7.255139000000155, 4.595972000000132 ], [ 7.251529, 4.548194 ], [ 7.266806, 4.522916 ], [ 7.240972, 4.542084000000101 ], [ 7.248194000000183, 4.573472 ], [ 7.215140000000133, 4.614027 ], [ 7.232917, 4.630694000000176 ], [ 7.226807, 4.674306000000115 ], [ 7.205417000000181, 4.640695 ], [ 7.201527, 4.614027 ], [ 7.196807, 4.62375 ], [ 7.176805000000172, 4.629582000000141 ], [ 7.173751, 4.650416000000178 ], [ 7.169028, 4.657085 ], [ 7.170694, 4.66847300000012 ], [ 7.180971, 4.661251000000163 ], [ 7.185971, 4.660695000000145 ], [ 7.244306000000164, 4.68208200000015 ], [ 7.170416, 4.669583000000157 ], [ 7.161250000000109, 4.650138 ], [ 7.161250000000109, 4.690973 ], [ 7.174861, 4.692083 ], [ 7.19236, 4.698471 ], [ 7.200417041000093, 4.712081910000052 ], [ 7.19152784400012, 4.718194962000097 ], [ 7.200695037, 4.721805096000025 ], [ 7.191249847000108, 4.730971813000052 ], [ 7.177917004000165, 4.732361793000164 ], [ 7.195971965000014, 4.725140095000029 ], [ 7.190137862000029, 4.717082977000019 ], [ 7.199304104000135, 4.710693837000064 ], [ 7.155695, 4.699027 ], [ 7.150139, 4.662083 ], [ 7.126527000000181, 4.672640000000115 ], [ 7.119304000000114, 4.722083000000111 ], [ 7.097083000000111, 4.737916 ], [ 7.122361000000125, 4.697361 ], [ 7.123473000000104, 4.673472 ], [ 7.110972000000118, 4.678472 ], [ 7.115694, 4.686807000000101 ], [ 7.114584, 4.700140000000148 ], [ 7.113472, 4.701528 ], [ 7.103749, 4.701250000000186 ], [ 7.103471000000184, 4.706806000000141 ], [ 7.101527, 4.710694000000159 ], [ 7.100139000000183, 4.710138000000143 ], [ 7.102918, 4.700694000000169 ], [ 7.113472, 4.700140000000147 ], [ 7.10514, 4.67514 ], [ 7.094583000000171, 4.747917000000142 ], [ 7.07875, 4.732362 ], [ 7.084306, 4.755694 ], [ 7.063473, 4.787916000000165 ], [ 7.075696000000108, 4.795139 ], [ 7.082916000000126, 4.817916 ], [ 7.073471, 4.795139 ], [ 7.070417000000134, 4.803471 ], [ 7.057640000000107, 4.812638000000163 ], [ 7.054584, 4.81375 ], [ 7.047917, 4.813194000000181 ], [ 7.047083, 4.820973 ], [ 7.047917, 4.811806000000104 ], [ 7.069861000000174, 4.802917 ], [ 7.05986, 4.787638 ], [ 7.068473, 4.775417000000175 ], [ 7.055416, 4.766807 ], [ 7.020971, 4.794583 ], [ 7.009029, 4.790138000000126 ], [ 7.055416, 4.765138 ], [ 7.060416, 4.727362 ], [ 7.027084000000173, 4.714861000000155 ], [ 7.01152900000011, 4.747917000000143 ], [ 7.032638000000134, 4.755418000000134 ], [ 7.01486100000011, 4.752918 ], [ 7.010417000000133, 4.748195 ], [ 7.011251000000186, 4.736806 ], [ 7.007084, 4.737084000000152 ], [ 7.008472, 4.773195000000158 ], [ 6.970140000000185, 4.801249 ], [ 6.987639000000172, 4.769861000000162 ], [ 6.964305, 4.755694 ], [ 6.965695, 4.770695000000103 ], [ 6.939027000000181, 4.796251 ], [ 6.82569500000011, 4.825973 ], [ 6.806805000000169, 4.790972 ], [ 6.801527, 4.803471 ], [ 6.780971000000137, 4.805696 ], [ 6.779583, 4.824861 ], [ 6.752639000000158, 4.807640000000163 ], [ 6.742082, 4.839860000000101 ], [ 6.739585, 4.82402900000011 ], [ 6.721527, 4.826251000000128 ], [ 6.709862, 4.81125 ], [ 6.704584000000125, 4.815138000000104 ], [ 6.701806, 4.814862000000175 ], [ 6.700139999000044, 4.812084199000082 ], [ 6.709306, 4.810138000000108 ], [ 6.718195, 4.814028 ], [ 6.720417, 4.821251000000132 ], [ 6.730694, 4.81736 ], [ 6.716529, 4.7987490000001 ], [ 6.759584000000131, 4.77041700000018 ], [ 6.773473, 4.670417 ], [ 6.825417000000186, 4.616805000000113 ], [ 6.789584000000104, 4.577916 ], [ 6.808471000000168, 4.45180500000015 ], [ 6.872082, 4.360138 ], [ 6.714029000000153, 4.360416000000155 ], [ 6.725417, 4.41486 ], [ 6.734306000000117, 4.412082 ], [ 6.735416000000157, 4.420973000000117 ], [ 6.736806, 4.415138000000127 ], [ 6.740138, 4.414582000000109 ], [ 6.747917, 4.423473000000171 ], [ 6.751249, 4.417917 ], [ 6.765694000000167, 4.41375 ], [ 6.766807, 4.409306 ], [ 6.781806000000132, 4.41375 ], [ 6.747083, 4.424861 ], [ 6.740416, 4.415694000000144 ], [ 6.734860000000141, 4.4220830000001 ], [ 6.733472, 4.412916000000109 ], [ 6.724305, 4.415694000000144 ], [ 6.716529, 4.40764 ], [ 6.709862, 4.446529 ], [ 6.728471000000127, 4.441528000000119 ], [ 6.733750000000157, 4.445973 ], [ 6.737084, 4.456527 ], [ 6.76930700000014, 4.450973 ], [ 6.771527000000163, 4.452917000000128 ], [ 6.772917, 4.45764 ], [ 6.751527000000181, 4.474583 ], [ 6.725139000000128, 4.443473000000152 ], [ 6.711250000000121, 4.452361000000108 ], [ 6.724305, 4.457918000000176 ], [ 6.736806, 4.470973000000185 ], [ 6.742082, 4.481527000000142 ], [ 6.741529000000186, 4.485418 ], [ 6.710694000000103, 4.455139 ], [ 6.696527000000118, 4.495972 ], [ 6.731528000000139, 4.570694000000117 ], [ 6.728471000000128, 4.614027 ], [ 6.743473000000109, 4.613195000000189 ], [ 6.757916, 4.622916 ], [ 6.758194, 4.627362000000175 ], [ 6.750139000000105, 4.632639000000154 ], [ 6.764306, 4.637361 ], [ 6.762916000000133, 4.652084000000173 ], [ 6.748751, 4.633195000000114 ], [ 6.756528, 4.623194 ], [ 6.739028000000189, 4.614583 ], [ 6.727362, 4.664583000000164 ], [ 6.721251000000165, 4.612361 ], [ 6.720139000000189, 4.644862 ], [ 6.705694000000108, 4.655694 ], [ 6.711528, 4.667083 ], [ 6.696805, 4.658751 ], [ 6.720973, 4.598472 ], [ 6.689583, 4.51625 ], [ 6.70014, 4.431528000000185 ], [ 6.694027, 4.4220830000001 ], [ 6.660138, 4.506249 ], [ 6.67847200000017, 4.527639 ], [ 6.680140000000167, 4.539862 ], [ 6.65125, 4.56625000000014 ], [ 6.640139, 4.607639 ], [ 6.642361000000165, 4.611527 ], [ 6.647362, 4.607639 ], [ 6.651806, 4.608195 ], [ 6.652916, 4.610417 ], [ 6.649584, 4.627916000000141 ], [ 6.625972, 4.598472 ], [ 6.624306, 4.632082 ], [ 6.602638, 4.645418000000175 ], [ 6.611529000000132, 4.671527 ], [ 6.611805, 4.674584 ], [ 6.610973000000173, 4.677084000000148 ], [ 6.597362, 4.656806 ], [ 6.584027000000106, 4.672362 ], [ 6.574028, 4.675694 ], [ 6.572362, 4.681806 ], [ 6.566806, 4.687639 ], [ 6.56402700000018, 4.682916 ], [ 6.570694, 4.68208200000015 ], [ 6.572084000000132, 4.675416000000155 ], [ 6.57763800000015, 4.670139000000118 ], [ 6.595140000000185, 4.655694 ], [ 6.603194, 4.653472 ], [ 6.585139000000142, 4.641805 ], [ 6.590417, 4.583195000000103 ], [ 6.599028, 4.567084 ], [ 6.582917000000123, 4.557917 ], [ 6.580138, 4.570972 ], [ 6.570418000000132, 4.577638 ], [ 6.572638000000154, 4.587083 ], [ 6.569862000000171, 4.577082000000189 ], [ 6.57736, 4.559305000000164 ], [ 6.590139000000135, 4.555973000000166 ], [ 6.59764, 4.563749000000143 ], [ 6.595140000000186, 4.541806000000179 ], [ 6.662083, 4.490416 ], [ 6.666249000000108, 4.43625 ], [ 6.646805000000144, 4.432362 ], [ 6.645417, 4.439584 ], [ 6.643195, 4.44125 ], [ 6.637639, 4.439584 ], [ 6.636805, 4.437084000000142 ], [ 6.687638, 4.404862 ], [ 6.703750000000184, 4.341527 ], [ 6.63069400000012, 4.318473 ], [ 6.601528, 4.357362 ], [ 6.610139, 4.348196 ], [ 6.636251000000186, 4.342361 ], [ 6.647640000000137, 4.34541700000011 ], [ 6.662361000000147, 4.356250000000102 ], [ 6.664583000000107, 4.364583000000152 ], [ 6.636527000000115, 4.344305000000134 ], [ 6.613195000000132, 4.357362 ], [ 6.601528, 4.358194 ], [ 6.599584000000164, 4.350418000000162 ], [ 6.594306, 4.353472 ], [ 6.604028, 4.463472 ], [ 6.579582, 4.496529000000122 ], [ 6.544028000000139, 4.514028 ], [ 6.564861, 4.548194 ], [ 6.563471000000163, 4.552082 ], [ 6.548194, 4.559027 ], [ 6.538196, 4.570416 ], [ 6.546806000000117, 4.581805 ], [ 6.535139, 4.613749 ], [ 6.545972, 4.618749 ], [ 6.550694000000136, 4.624584000000141 ], [ 6.550972, 4.628472000000158 ], [ 6.547084, 4.634029 ], [ 6.553751, 4.635417000000133 ], [ 6.555139, 4.637639000000149 ], [ 6.553751, 4.640417000000128 ], [ 6.548472000000118, 4.643471 ], [ 6.555139, 4.645693 ], [ 6.555417, 4.649028000000101 ], [ 6.55319500000013, 4.656806 ], [ 6.547916000000102, 4.643195000000105 ], [ 6.554583, 4.637917 ], [ 6.546528, 4.634305000000153 ], [ 6.550138000000118, 4.625138000000162 ], [ 6.535695, 4.61652700000019 ], [ 6.531529000000148, 4.598472 ], [ 6.538471, 4.566250000000139 ], [ 6.54986, 4.554027 ], [ 6.563195, 4.549028 ], [ 6.531805, 4.532361 ], [ 6.534305000000131, 4.559861000000127 ], [ 6.528751000000171, 4.56514 ], [ 6.522362000000157, 4.565418 ], [ 6.521806, 4.567362000000116 ], [ 6.52375, 4.569028000000117 ], [ 6.523194000000104, 4.569584000000133 ], [ 6.52125000000018, 4.56764 ], [ 6.521806, 4.564862 ], [ 6.533749000000171, 4.559583 ], [ 6.530973000000132, 4.544862 ], [ 6.51375000000013, 4.528195 ], [ 6.540418, 4.530973000000187 ], [ 6.539862, 4.512084000000129 ], [ 6.579307, 4.472083000000168 ], [ 6.558473000000164, 4.462638 ], [ 6.544028000000139, 4.479027 ], [ 6.504305, 4.476805 ], [ 6.492362, 4.55097300000017 ], [ 6.48097300000012, 4.575416000000188 ], [ 6.471807000000184, 4.58624900000018 ], [ 6.469028000000152, 4.58458300000018 ], [ 6.496806, 4.483193000000142 ], [ 6.505973, 4.474027 ], [ 6.529583, 4.465694 ], [ 6.526804, 4.439584 ], [ 6.550694000000134, 4.420139000000177 ], [ 6.546806000000118, 4.392083000000182 ], [ 6.563749, 4.389860000000113 ], [ 6.563749, 4.360972000000173 ], [ 6.584861, 4.344861 ], [ 6.493194000000187, 4.343749000000117 ], [ 6.594862, 4.332638 ], [ 6.444304000000103, 4.315973000000156 ], [ 6.447083, 4.416807000000175 ], [ 6.454305000000147, 4.408194 ], [ 6.462084, 4.422361 ], [ 6.468472000000134, 4.446529 ], [ 6.468472000000133, 4.465138 ], [ 6.479861, 4.464860000000101 ], [ 6.481527, 4.466806000000191 ], [ 6.48263900000012, 4.472361 ] ] ] ] } },
{ "type": "Feature", "properties": { "COUNTRY": "Central African Republic" }, "geometry": { "type": "Polygon", "coordinates": [ [ [ 18.822591782000131, 4.531794072000083 ], [ 18.794000625000137, 4.422999859000186 ], [ 18.748630524000081, 4.374979974000098 ], [ 18.606779098000178, 4.35764312700013 ], [ 18.545999527, 4.308000088000028 ], [ 18.648849486000131, 4.076396942000088 ], [ 18.652000427000186, 3.977999926000109 ], [ 18.601999283, 3.895999909000069 ], [ 18.586999893000101, 3.750999927000068 ], [ 18.635000230000173, 3.471093416000031 ], [ 18.594999313000077, 3.477019071000143 ], [ 18.535640716000099, 3.610112905 ], [ 18.486759186000029, 3.653269053000088 ], [ 18.410535812000091, 3.577896118000068 ], [ 18.345935822000115, 3.60757708600005 ], [ 18.267684937000126, 3.591567994000115 ], [ 18.241550446000019, 3.50044107400015 ], [ 18.188995361000025, 3.481167078000055 ], [ 18.123521805000106, 3.56607103400006 ], [ 18.000001907000122, 3.578872919000162 ], [ 17.995740890000036, 3.551158905000023 ], [ 17.937719346000105, 3.602446079000174 ], [ 17.8591403960001, 3.5329830660001 ], [ 17.828977585000132, 3.626744032000031 ], [ 17.733049393000098, 3.651215076000084 ], [ 17.606319427000074, 3.64125108700017 ], [ 17.474060059000124, 3.703082084000073 ], [ 17.394212722000074, 3.661652088000154 ], [ 17.362676620000062, 3.606966018000151 ], [ 17.298809052000134, 3.630148889000111 ], [ 17.239347458000054, 3.579215050000129 ], [ 17.058057785000074, 3.548130036000145 ], [ 17.035299301000119, 3.513432980000061 ], [ 16.957279205000191, 3.559864998000136 ], [ 16.873659134999969, 3.557516098000121 ], [ 16.851802825999982, 3.510616065000135 ], [ 16.7545318600001, 3.557066917000156 ], [ 16.610551833000159, 3.497271060000059 ], [ 16.558359145000054, 3.253436089000104 ], [ 16.505769730000054, 3.159868002000052 ], [ 16.544540405000134, 3.065686941000081 ], [ 16.493379593000096, 3.004334926000182 ], [ 16.490249633000136, 2.909308911000153 ], [ 16.524770736000107, 2.880489111000144 ], [ 16.520128251000134, 2.842302084000038 ], [ 16.191989899000077, 2.220515012000021 ], [ 16.072324752000043, 2.462494136000145 ], [ 16.065141678000089, 2.641021490000071 ], [ 16.086786, 2.701515 ], [ 16.058206558000055, 2.712932349000027 ], [ 16.050340652000099, 2.785916091000161 ], [ 16.093032837000067, 2.829769849000115 ], [ 16.032058715000062, 2.983955861000083 ], [ 15.958218575000103, 3.000910759000134 ], [ 15.883375168000045, 3.101229667000155 ], [ 15.800041198000031, 3.100826978000157 ], [ 15.24889694899997, 3.710672085000056 ], [ 15.077032, 4.01812000000018 ], [ 15.184758848000117, 4.05829891200011 ], [ 15.147318, 4.069097 ], [ 15.105946000000129, 4.135992 ], [ 15.09067899900003, 4.300800001000027 ], [ 15.013101578000029, 4.424728870000023 ], [ 14.889295000000121, 4.470697 ], [ 14.730443, 4.613343000000156 ], [ 14.702059849000079, 4.763392985000166 ], [ 14.714641572000064, 4.868751049000026 ], [ 14.676098, 4.989436 ], [ 14.693488121000144, 5.099825382000176 ], [ 14.664195061000102, 5.197608471000137 ], [ 14.527144431, 5.28379488000013 ], [ 14.630498887000046, 5.510987281000099 ], [ 14.591518403000119, 5.59077978300013 ], [ 14.628096580000147, 5.713111400000116 ], [ 14.620351791000134, 5.889361859000075 ], [ 14.596233369000176, 5.923389436000091 ], [ 14.498599053000193, 5.905349256000079 ], [ 14.418822288000115, 6.032466412000188 ], [ 14.423191070000083, 6.07932853800014 ], [ 14.563021660000118, 6.191108226000039 ], [ 14.739759444000185, 6.250890255000113 ], [ 14.812823295000101, 6.364129066000031 ], [ 14.801402093000149, 6.401122093000083 ], [ 14.961637496000151, 6.749874115000126 ], [ 15.063464165000141, 6.784061909000172 ], [ 15.138984679000032, 6.943491935000053 ], [ 15.144467354000085, 7.027078152 ], [ 15.223482131000026, 7.126717091000046 ], [ 15.221395493000049, 7.242538453000066 ], [ 15.426222801, 7.416947366000043 ], [ 15.496734618000174, 7.525787353000171 ], [ 15.548315048000063, 7.569691181000112 ], [ 15.507479667000098, 7.527468205000163 ], [ 15.727951050000117, 7.519134044000054 ], [ 15.74297046600009, 7.478527069000109 ], [ 15.80959034, 7.441069126000118 ], [ 15.974808693, 7.483339787000032 ], [ 16.066137315000162, 7.581911088000028 ], [ 16.235460282000137, 7.60665798300005 ], [ 16.392770768000162, 7.671136857000137 ], [ 16.430519104000094, 7.718708993000062 ], [ 16.412538529000191, 7.767912864000039 ], [ 16.438959122000142, 7.805203914000174 ], [ 16.489099502000101, 7.790277957 ], [ 16.51883125300014, 7.845677853000097 ], [ 16.59592056300016, 7.880189895000171 ], [ 16.594480515000047, 7.768878937000125 ], [ 16.668018341, 7.73821783000011 ], [ 16.667230606000143, 7.668667794000043 ], [ 16.72677993700006, 7.650231839000072 ], [ 16.843849183000145, 7.529787063000127 ], [ 16.908000946000072, 7.558147906999976 ], [ 16.900920867000025, 7.616500854000093 ], [ 17.040319442000111, 7.635039808000101 ], [ 17.090639115000041, 7.660477162 ], [ 17.09127044700006, 7.692152977000147 ], [ 17.160448074000158, 7.666747094000073 ], [ 17.232578278000066, 7.76344204000014 ], [ 17.262659073000179, 7.746973038000132 ], [ 17.30870056100008, 7.82773399500013 ], [ 17.402990341000073, 7.84301996300013 ], [ 17.467769622000045, 7.894046784000123 ], [ 17.515068053000103, 7.868749142000068 ], [ 17.547159195000066, 7.921339988999986 ], [ 17.616519927000123, 7.926885128000094 ], [ 17.671670914000117, 7.982767105 ], [ 17.921638490000078, 7.958611012000175 ], [ 18.031982423000102, 8.00930309300003 ], [ 18.618049621000182, 8.05246830099998 ], [ 18.657699585999975, 8.194954872000151 ], [ 18.837179184000036, 8.288975716000094 ], [ 18.850502013000039, 8.347262382000109 ], [ 18.899570465000124, 8.364068985000074 ], [ 18.98955726700007, 8.512969972000176 ], [ 19.029060363000099, 8.532458304999976 ], [ 19.065841674000072, 8.637378692000025 ], [ 19.122220993000102, 8.671245576000159 ], [ 18.952299118000102, 8.809180260000177 ], [ 18.909719468000105, 8.806939125000101 ], [ 18.900779724000071, 8.850591660000132 ], [ 18.863569260000077, 8.850519181000095 ], [ 18.888990402000047, 8.900974274000076 ], [ 19.09166908200007, 9.020450592000145 ], [ 19.479139328000141, 9.014415742000152 ], [ 19.577621460000103, 9.039951325999988 ], [ 19.671991348000176, 9.020756722000099 ], [ 19.780019760000187, 9.058617593000179 ], [ 19.927139281000166, 9.060796738000079 ], [ 20.101459502000068, 9.156547547000114 ], [ 20.303358078000031, 9.121535301000053 ], [ 20.443859099000065, 9.159519196000019 ], [ 20.52864074700005, 9.337065696000021 ], [ 20.637859344999978, 9.317803383000065 ], [ 20.623529434000151, 9.334621428999979 ], [ 20.66688919000006, 9.398347855000168 ], [ 20.760810851000031, 9.401125908000095 ], [ 20.798240662000183, 9.443394661000012 ], [ 20.827329636000062, 9.43042183 ], [ 20.874572754000098, 9.523344995000173 ], [ 20.915290832999972, 9.525432588000173 ], [ 20.927467346000189, 9.57106685600013 ], [ 20.951599121000129, 9.567901613000174 ], [ 20.951480866000054, 9.616380692000066 ], [ 20.98801994300004, 9.620709420000079 ], [ 20.967149735000188, 9.64252662700005 ], [ 20.993749619000031, 9.645590783000102 ], [ 20.998609542000054, 9.684936524000138 ], [ 20.967817306000086, 9.702277184000138 ], [ 21.004390717000092, 9.705682754000176 ], [ 20.994989395000061, 9.747046470000098 ], [ 21.030530930000115, 9.728499413000064 ], [ 21.030460357000095, 9.773997308 ], [ 21.115310668000177, 9.791945459000091 ], [ 21.254049301000013, 9.990381240000147 ], [ 21.347549438000158, 9.965603829000086 ], [ 21.432039262, 10.048720361000164 ], [ 21.450120927000114, 10.123709680000104 ], [ 21.536750794000053, 10.226941110000041 ], [ 21.588670731000089, 10.211340904000165 ], [ 21.672708512000096, 10.233710289000156 ], [ 21.660692214000111, 10.253138542000158 ], [ 21.728260040000126, 10.30177021100002 ], [ 21.723140718000082, 10.347061158000145 ], [ 21.770990372000032, 10.411689759000071 ], [ 21.717540740000178, 10.507869721000135 ], [ 21.73362731900005, 10.653980256000125 ], [ 21.758609772000057, 10.642240525000149 ], [ 21.788589477000183, 10.669401168000093 ], [ 21.788488388000076, 10.794610023000075 ], [ 21.83262062000011, 10.839479446000096 ], [ 21.880790710000102, 10.869939805000055 ], [ 21.940040589000148, 10.852260589000082 ], [ 22.074159621000149, 10.895831109000026 ], [ 22.15180015500016, 10.876021385000174 ], [ 22.509040832000039, 11.007268906000148 ], [ 22.881338120000066, 10.930899620000162 ], [ 22.998479844000087, 10.724761010000066 ], [ 23.129959106000175, 10.639926910000097 ], [ 23.301879884000073, 10.474639892000026 ], [ 23.668241501000065, 9.891513825000063 ], [ 23.697868347000163, 9.667718887999968 ], [ 23.628549576000122, 9.542101861000104 ], [ 23.655660629000064, 9.536487580000026 ], [ 23.643859864000031, 9.445696831000078 ], [ 23.677442550000091, 9.438735963000056 ], [ 23.639110566000166, 9.343262674000071 ], [ 23.655309678000034, 9.285651207000056 ], [ 23.545818329000038, 9.177618027000165 ], [ 23.491979599000164, 9.172736168000087 ], [ 23.447809219000131, 9.017023087000158 ], [ 23.503610612000163, 8.961928367000098 ], [ 23.586299896000071, 8.997324944000068 ], [ 23.581029892000117, 8.902692794000131 ], [ 23.508539200000083, 8.814837455000086 ], [ 23.520107270000153, 8.726968765000095 ], [ 23.940580368000095, 8.730036736000157 ], [ 24.205879212000067, 8.68821716400015 ], [ 24.252660752000114, 8.711763382000074 ], [ 24.232118607000135, 8.631819726000117 ], [ 24.269739152000046, 8.588732720000051 ], [ 24.171220780000169, 8.48153114400003 ], [ 24.151929856000098, 8.387605667000114 ], [ 24.203580857000073, 8.303997994000101 ], [ 24.360397338000151, 8.251851081000154 ], [ 24.414241791000055, 8.280653001000077 ], [ 24.47554016100008, 8.275266648000184 ], [ 24.560691833000131, 8.202904702000126 ], [ 24.647029877000023, 8.226202012000043 ], [ 24.761329650000157, 8.183641435000141 ], [ 24.864749909, 8.18049812300012 ], [ 24.905809403000038, 8.051576614 ], [ 24.97170066800015, 7.983684063 ], [ 25.093229293000149, 7.883699895000118 ], [ 25.180088043000065, 7.902913093 ], [ 25.230947494000134, 7.867730141000039 ], [ 25.292360305999978, 7.792335986000012 ], [ 25.280269622000056, 7.697950841000079 ], [ 25.304870605000122, 7.665307046000121 ], [ 25.175369262000178, 7.579291821000084 ], [ 25.20037078800009, 7.488980771000172 ], [ 25.275630950000103, 7.47535181 ], [ 25.336570740000127, 7.421751023000182 ], [ 25.361097335000071, 7.344515801000169 ], [ 25.451740265000126, 7.306261064000183 ], [ 25.452861785000152, 7.283051013999965 ], [ 25.526500703000174, 7.276978017000147 ], [ 25.597988128000054, 7.218735218000061 ], [ 25.81809806900003, 7.149209977000166 ], [ 25.816879272000158, 7.110828876000029 ], [ 25.889110565000173, 7.096910954000068 ], [ 25.894111634000126, 7.065642834000186 ], [ 25.977809906000058, 7.036984921 ], [ 25.985570907000181, 7.006859779000024 ], [ 26.048599243000126, 7.000527860000091 ], [ 26.040851593000184, 6.92514610300003 ], [ 26.089120864000108, 6.904128075000187 ], [ 26.104589462000085, 6.82386302900011 ], [ 26.167589189000125, 6.813154220000059 ], [ 26.262800218000063, 6.709022045000039 ], [ 26.407100677000184, 6.651888848000169 ], [ 26.403770446000063, 6.611658096000156 ], [ 26.352859498000104, 6.575219155000128 ], [ 26.286592483000163, 6.462460994000139 ], [ 26.315710067000055, 6.429737091000161 ], [ 26.297897340000194, 6.387691975000167 ], [ 26.384622574000044, 6.312276841000084 ], [ 26.475559235000173, 6.277321816000097 ], [ 26.488729477000117, 6.214496137000081 ], [ 26.535390854000074, 6.215067864000049 ], [ 26.451152801000152, 6.085776806000068 ], [ 26.519029617000172, 6.115509986000121 ], [ 26.560180663000089, 6.033278943000027 ], [ 26.810531617000148, 5.987491130000024 ], [ 26.842180252000162, 5.892842770000015 ], [ 26.915937423000056, 5.893540860000087 ], [ 26.958759308000136, 5.847857952000139 ], [ 27.01597023100004, 5.848368168000092 ], [ 27.050928116000129, 5.790275096000072 ], [ 27.103807449000161, 5.80068588400013 ], [ 27.160438538000051, 5.767364980000027 ], [ 27.144992829000039, 5.749241828000153 ], [ 27.217590331000054, 5.687791824000044 ], [ 27.237909318000057, 5.588778974000036 ], [ 27.283390044999976, 5.58701086100001 ], [ 27.233200073000035, 5.426796914000021 ], [ 27.248920442, 5.326862813000103 ], [ 27.315990447000154, 5.207876205000048 ], [ 27.455289840000027, 5.071809769000027 ], [ 27.463420868000075, 5.016152858999987 ], [ 27.414569854000035, 5.087839127999985 ], [ 27.112178802000081, 5.206707001000097 ], [ 26.935108184000061, 5.134194375000049 ], [ 26.872159957000058, 5.033754826000063 ], [ 26.80811119100008, 5.049067973999967 ], [ 26.749956131000086, 5.103510380000102 ], [ 26.488008499000102, 5.046394826000153 ], [ 26.414154053000058, 5.13299989700016 ], [ 26.351219176000086, 5.155415059000119 ], [ 26.303287505000181, 5.140808105000132 ], [ 26.253808974000027, 5.197995187000116 ], [ 26.221227645000106, 5.194007873000089 ], [ 26.208040237000038, 5.237008095000079 ], [ 26.190650940000182, 5.217636108000134 ], [ 26.186910629000074, 5.241559983000116 ], [ 26.160079957000161, 5.232058048000055 ], [ 26.160932542000065, 5.258523941000077 ], [ 26.092819213000155, 5.23787212300016 ], [ 26.099552155000136, 5.208202363000055 ], [ 26.067914963000131, 5.194083214000046 ], [ 25.985166550000031, 5.239661217000047 ], [ 25.963951111000142, 5.191736221000098 ], [ 25.909530639000071, 5.200329781000049 ], [ 25.905040741000168, 5.165108203999979 ], [ 25.883775712000102, 5.21866989100016 ], [ 25.835897446000107, 5.186776161000181 ], [ 25.808961869000136, 5.215233803000046 ], [ 25.820117950999983, 5.245872975000111 ], [ 25.790075301000112, 5.237730979000047 ], [ 25.79249954200003, 5.272717953000097 ], [ 25.749221802000189, 5.236693383000159 ], [ 25.708869934000123, 5.297091008000167 ], [ 25.660867692000181, 5.306149005000063 ], [ 25.658731461000059, 5.328004837000092 ], [ 25.630577087000059, 5.303524972000105 ], [ 25.60181999200006, 5.322762966000083 ], [ 25.62263107300004, 5.347452163000184 ], [ 25.540779114000031, 5.385851860000058 ], [ 25.547544479000177, 5.354577065000114 ], [ 25.486900330000022, 5.365883827 ], [ 25.42920875600004, 5.320590972000161 ], [ 25.404109955000028, 5.342597961000139 ], [ 25.367708207000074, 5.31554794300007 ], [ 25.384290694000185, 5.299955845000113 ], [ 25.321996690000052, 5.195034028000179 ], [ 25.35520744400009, 5.149122239000064 ], [ 25.317970276000153, 5.036222933999965 ], [ 25.191190720000066, 5.003779889000159 ], [ 25.154159545000077, 5.028267861000189 ], [ 25.136428832000032, 5.00000095400003 ], [ 24.999998094000098, 5.000000954000028 ], [ 24.791652679000091, 4.906937123000148 ], [ 24.734752655000015, 4.906237126000065 ], [ 24.658065796000184, 4.919487954000031 ], [ 24.673908234000187, 4.969501973000092 ], [ 24.632814408, 4.97507619900017 ], [ 24.613767623000168, 5.030137062000051 ], [ 24.565311432000037, 5.036230087000149 ], [ 24.534362792000131, 5.080509187000075 ], [ 24.454391480000023, 5.104545116000111 ], [ 24.434171677000112, 5.059178830000064 ], [ 24.395818710000121, 5.112595081000108 ], [ 24.357299805000075, 5.059909821000075 ], [ 24.410820008000023, 5.031252861000097 ], [ 24.298320771000139, 5.002933979000146 ], [ 24.280069351000122, 4.93923902500012 ], [ 24.236320496000072, 4.959544181000068 ], [ 24.163192749000189, 4.897159100000124 ], [ 24.095981597000169, 4.912039280000158 ], [ 23.97620964000004, 4.856184960000121 ], [ 23.959909439000057, 4.877120971000123 ], [ 23.949842452000151, 4.809446812000089 ], [ 23.833490372000082, 4.82940006299998 ], [ 23.770650863000014, 4.779633998 ], [ 23.582069396000175, 4.732971192000035 ], [ 23.430955887000156, 4.650166989000127 ], [ 23.420932770000086, 4.58892679200005 ], [ 23.280490874000119, 4.625576019000106 ], [ 23.171590806000037, 4.738210202000061 ], [ 23.113290787000096, 4.707959652000055 ], [ 22.974784851000035, 4.846968651000054 ], [ 22.895212173000061, 4.807028772000023 ], [ 22.902639388000068, 4.757092952000164 ], [ 22.857536315000061, 4.701303960000188 ], [ 22.790510177000094, 4.714529992000108 ], [ 22.692119597999973, 4.464803218000044 ], [ 22.599210740000046, 4.47173977000017 ], [ 22.585590362000175, 4.399888993000047 ], [ 22.621919632000132, 4.358069897000121 ], [ 22.571187974000107, 4.324621677000152 ], [ 22.540603638000164, 4.203426838000097 ], [ 22.455881119000139, 4.127968312000121 ], [ 22.340000153000172, 4.113999844000091 ], [ 22.219089508000138, 4.126432897000029 ], [ 22.09499931300013, 4.211999894000087 ], [ 21.859243393000096, 4.240032195000026 ], [ 21.734529496, 4.303860188000158 ], [ 21.651000977000024, 4.309000015000094 ], [ 21.551940918000128, 4.24707508000006 ], [ 21.37733078100019, 4.277523995000081 ], [ 21.281999589000176, 4.337999821000039 ], [ 21.211269379000161, 4.287000179000076 ], [ 21.075000764000034, 4.392000199000165 ], [ 20.910999299000022, 4.439000129000135 ], [ 20.606241226, 4.403446198000154 ], [ 20.461969375000137, 4.502899170000147 ], [ 20.452999115000065, 4.626999856000054 ], [ 20.343000413000087, 4.750999929000044 ], [ 20.196329117000175, 4.827288151000061 ], [ 20.024000167000054, 4.966000081000118 ], [ 19.914999007, 4.980000019999976 ], [ 19.825000762000116, 5.092999935000079 ], [ 19.695991517000035, 5.132999897000161 ], [ 19.423000335000097, 5.128000260000078 ], [ 19.241292953000141, 5.006875039000078 ], [ 19.20244216999998, 4.942183972000123 ], [ 19.105998993000071, 4.928999902000157 ], [ 19.010000229000127, 4.752999783000119 ], [ 18.822591782000131, 4.531794072000083 ] ] ] } },
{ "type": "Feature", "properties": { "COUNTRY": "Chad" }, "geometry": { "type": "Polygon", "coordinates": [ [ [ 16.843849183000145, 7.529787063000127 ], [ 16.72677993700006, 7.650231839000072 ], [ 16.667230606000143, 7.668667794000043 ], [ 16.668018341, 7.73821783000011 ], [ 16.594480515000047, 7.768878937000125 ], [ 16.59592056300016, 7.880189895000171 ], [ 16.51883125300014, 7.845677853000097 ], [ 16.489099502000101, 7.790277957 ], [ 16.438959122000142, 7.805203914000174 ], [ 16.412538529000191, 7.767912864000039 ], [ 16.430519104000094, 7.718708993000062 ], [ 16.392770768000162, 7.671136857000137 ], [ 16.235460282000137, 7.60665798300005 ], [ 16.066137315000162, 7.581911088000028 ], [ 15.974808693, 7.483339787000032 ], [ 15.80959034, 7.441069126000118 ], [ 15.74297046600009, 7.478527069000109 ], [ 15.727951050000117, 7.519134044000054 ], [ 15.507479667000098, 7.527468205000163 ], [ 15.570202828000102, 7.592922687000113 ], [ 15.588642120000028, 7.772483826000039 ], [ 15.504727363000082, 7.79364252200014 ], [ 15.452363969000032, 7.881149293000131 ], [ 15.396739007000178, 8.091275214 ], [ 15.151494980000168, 8.602159501000131 ], [ 15.106030465000114, 8.657796861000181 ], [ 14.981992721999969, 8.689544678000061 ], [ 14.987403869000161, 8.732252122000148 ], [ 14.921918870000072, 8.755438804000164 ], [ 14.901445388000186, 8.813485146 ], [ 14.83600616400008, 8.815203667 ], [ 14.497076035000136, 9.0537185660001 ], [ 14.467811584, 9.116867065000179 ], [ 14.348530769000039, 9.206849099000065 ], [ 14.380206108000094, 9.292113304000164 ], [ 14.311408042000094, 9.368730545000117 ], [ 14.274445535000043, 9.358395576000023 ], [ 14.043807983000081, 9.614011766000145 ], [ 13.982501030000149, 9.641862869000022 ], [ 14.026252747000058, 9.731581688000063 ], [ 14.135066031, 9.823863029000051 ], [ 14.208049774000074, 10.006105424000168 ], [ 14.466057776000071, 10.006619453000152 ], [ 14.802422523000189, 9.935675621000028 ], [ 14.96148300200014, 9.984925269000032 ], [ 15.061924933000171, 9.948745729 ], [ 15.152478000000144, 9.997031 ], [ 15.41331958700016, 9.934937477000059 ], [ 15.689524650000182, 9.996432304000052 ], [ 15.512508392000029, 10.093596459000141 ], [ 15.403227806000134, 10.24323177300016 ], [ 15.312205314000096, 10.306989671000052 ], [ 15.241271972000163, 10.472351075000121 ], [ 15.146604539000064, 10.536393165999982 ], [ 15.157954216000123, 10.640200615000138 ], [ 15.069767953, 10.813439370000081 ], [ 15.097167969000109, 10.876996041000154 ], [ 15.047347068000022, 11.013559342000121 ], [ 15.112029076000058, 11.084611892 ], [ 15.050302506000151, 11.277474403999975 ], [ 15.075876237000044, 11.322505952000029 ], [ 15.050637244000145, 11.342952728000173 ], [ 15.074612618, 11.443561555000146 ], [ 15.146821976000068, 11.554306031000179 ], [ 15.102843285, 11.580359460000121 ], [ 15.064520835000167, 11.70947647100007 ], [ 15.106454850000148, 11.72428321900003 ], [ 15.081741334000128, 11.759886742000047 ], [ 15.124695777000113, 11.786376953999989 ], [ 15.095490456000107, 11.845968246000155 ], [ 15.048599244000057, 11.858347894000019 ], [ 15.048911096000097, 11.962162018000068 ], [ 15.089258194000136, 11.993621825000101 ], [ 15.039300918000093, 12.023958207000135 ], [ 15.059246062999989, 12.04679298400009 ], [ 15.034888268000032, 12.102710724000017 ], [ 15.002058983000042, 12.116843223999977 ], [ 14.988554955000041, 12.083846093000146 ], [ 14.959839822000106, 12.092856408000044 ], [ 14.884995459999971, 12.160739899000193 ], [ 14.911847134000027, 12.182059460000119 ], [ 14.893053055000108, 12.20038604700011 ], [ 14.909553528000119, 12.376150130000097 ], [ 14.877047999000126, 12.460438000000181 ], [ 14.84614658400011, 12.456689834000032 ], [ 14.83097457900004, 12.629526138000186 ], [ 14.772661209000091, 12.631927491000168 ], [ 14.747318268000129, 12.685443878000113 ], [ 14.714586257000182, 12.654909135000082 ], [ 14.717529297000167, 12.719004631000075 ], [ 14.617618561000143, 12.737411499000189 ], [ 14.621764183000151, 12.770363808000068 ], [ 14.595191002000149, 12.743941307000116 ], [ 14.556861877000188, 12.77270794000003 ], [ 14.563277244000121, 12.91066742000015 ], [ 14.45982933000005, 13.073822022 ], [ 14.088843345000042, 13.077067375000068 ], [ 14.067650795000191, 13.09735965800013 ], [ 13.63778972700004, 13.701462746000173 ], [ 13.473475457000177, 14.442815780000101 ], [ 13.499749183000176, 14.477848054 ], [ 13.69602203300002, 14.551117898000026 ], [ 13.677308083000073, 14.636560441000148 ], [ 13.809960365000052, 14.721729280000142 ], [ 13.789679527000088, 14.863208772000178 ], [ 13.862209320000089, 15.031338693000011 ], [ 14.384760857000117, 15.731551170000103 ], [ 15.505545616000175, 16.897871017000053 ], [ 15.593798637000136, 18.731866837000094 ], [ 15.745819092000032, 19.910709382000103 ], [ 15.995641709000154, 20.348470687000088 ], [ 15.590099335000103, 20.774469377 ], [ 15.54615783700001, 20.880418777000166 ], [ 15.625590324000033, 20.963239670000068 ], [ 15.288578987000051, 21.432319641000053 ], [ 15.198430062000114, 21.49130630500008 ], [ 15.191865922000032, 21.989744186000113 ], [ 14.995869636000123, 23.001890182000182 ], [ 15.998169900000164, 23.450370790000076 ], [ 24.000122, 19.508117708000096 ], [ 24.000122070000081, 18.100097657000159 ], [ 24.001709000000115, 15.704895 ], [ 23.661970138000132, 15.757659913 ], [ 23.352610000000141, 15.686321000000133 ], [ 23.122280121000134, 15.709900857000095 ], [ 22.930589676000011, 15.550810815000093 ], [ 22.925029754999969, 15.477139473000081 ], [ 22.990159989000123, 15.415931702000025 ], [ 23.003850936000052, 15.308551788000157 ], [ 22.996919631000083, 15.231459618000084 ], [ 22.931739807000096, 15.16578006800011 ], [ 22.94005966200001, 15.107509612 ], [ 22.870700837000072, 15.083108901 ], [ 22.756910324000103, 14.972210885000038 ], [ 22.757080078000115, 14.902819633000151 ], [ 22.674680709000139, 14.858780862000115 ], [ 22.717199326000124, 14.686429978000149 ], [ 22.411161423000124, 14.59585952700013 ], [ 22.384210587000094, 14.50673866300008 ], [ 22.447629929000072, 14.482520103000128 ], [ 22.461830140000185, 14.329000474000111 ], [ 22.431640625000114, 14.284169196000164 ], [ 22.479246139000171, 14.232004166000021 ], [ 22.558160781000026, 14.229709626000043 ], [ 22.576320647000159, 14.176117898000031 ], [ 22.536350249, 14.118578912000032 ], [ 22.231859206000138, 13.947369576000028 ], [ 22.092212677000131, 13.776200295000024 ], [ 22.146160125000108, 13.62175941600003 ], [ 22.221900939000136, 13.549079895000091 ], [ 22.221000672000169, 13.451771736000012 ], [ 22.284210204000033, 13.349691392000068 ], [ 22.134649276000115, 13.167759895000129 ], [ 22.013599396000188, 13.136289597000028 ], [ 21.925670623000087, 13.046876907000181 ], [ 21.839574814000116, 12.808508873000049 ], [ 21.865879059000061, 12.719531059000074 ], [ 21.941080093000039, 12.635528565000069 ], [ 22.136249543000073, 12.665860176000139 ], [ 22.195060728999973, 12.706910134000053 ], [ 22.197887421000132, 12.750161171000114 ], [ 22.458379746000162, 12.624129295000101 ], [ 22.371759414000046, 12.433520317999976 ], [ 22.421899796000044, 12.387849808000054 ], [ 22.486162185000012, 12.182243347000165 ], [ 22.488689423000039, 12.080411912000102 ], [ 22.457260132999977, 12.026412009000124 ], [ 22.63905715900011, 12.047760964000076 ], [ 22.554689408000112, 11.694129944000112 ], [ 22.566089630000139, 11.620661736000047 ], [ 22.662155151999965, 11.515505791000065 ], [ 22.754209518000096, 11.475111961000096 ], [ 22.789009094000161, 11.403180123000084 ], [ 22.9452819820001, 11.417244912000056 ], [ 22.953310013000081, 11.312007905000144 ], [ 22.982091904000072, 11.296129226 ], [ 22.986078263000081, 11.19960117300019 ], [ 22.881338120000066, 10.930899620000162 ], [ 22.509040832000039, 11.007268906000148 ], [ 22.15180015500016, 10.876021385000174 ], [ 22.074159621000149, 10.895831109000026 ], [ 21.940040589000148, 10.852260589000082 ], [ 21.880790710000102, 10.869939805000055 ], [ 21.83262062000011, 10.839479446000096 ], [ 21.788488388000076, 10.794610023000075 ], [ 21.788589477000183, 10.669401168000093 ], [ 21.758609772000057, 10.642240525000149 ], [ 21.73362731900005, 10.653980256000125 ], [ 21.717540740000178, 10.507869721000135 ], [ 21.770990372000032, 10.411689759000071 ], [ 21.723140718000082, 10.347061158000145 ], [ 21.728260040000126, 10.30177021100002 ], [ 21.660692214000111, 10.253138542000158 ], [ 21.672708512000096, 10.233710289000156 ], [ 21.588670731000089, 10.211340904000165 ], [ 21.536750794000053, 10.226941110000041 ], [ 21.450120927000114, 10.123709680000104 ], [ 21.432039262, 10.048720361000164 ], [ 21.347549438000158, 9.965603829000086 ], [ 21.254049301000013, 9.990381240000147 ], [ 21.115310668000177, 9.791945459000091 ], [ 21.030460357000095, 9.773997308 ], [ 21.030530930000115, 9.728499413000064 ], [ 20.994989395000061, 9.747046470000098 ], [ 21.004390717000092, 9.705682754000176 ], [ 20.967817306000086, 9.702277184000138 ], [ 20.998609542000054, 9.684936524000138 ], [ 20.993749619000031, 9.645590783000102 ], [ 20.967149735000188, 9.64252662700005 ], [ 20.98801994300004, 9.620709420000079 ], [ 20.951480866000054, 9.616380692000066 ], [ 20.951599121000129, 9.567901613000174 ], [ 20.927467346000189, 9.57106685600013 ], [ 20.915290832999972, 9.525432588000173 ], [ 20.874572754000098, 9.523344995000173 ], [ 20.827329636000062, 9.43042183 ], [ 20.798240662000183, 9.443394661000012 ], [ 20.760810851000031, 9.401125908000095 ], [ 20.66688919000006, 9.398347855000168 ], [ 20.623529434000151, 9.334621428999979 ], [ 20.637859344999978, 9.317803383000065 ], [ 20.52864074700005, 9.337065696000021 ], [ 20.434232713000089, 9.153878212000111 ], [ 20.303358078000031, 9.121535301000053 ], [ 20.101459502000068, 9.156547547000114 ], [ 19.927139281000166, 9.060796738000079 ], [ 19.841970443000097, 9.043975830000138 ], [ 19.822460176000046, 9.064341546000151 ], [ 19.671991348000176, 9.020756722000099 ], [ 19.577621460000103, 9.039951325999988 ], [ 19.309240342000013, 9.007808685000155 ], [ 19.21836090100004, 9.031473161000122 ], [ 18.992729188000055, 8.979239464000045 ], [ 18.862459183000166, 8.85261345000009 ], [ 18.906240463000131, 8.846788407000133 ], [ 18.909719468000105, 8.806939125000101 ], [ 18.952299118000102, 8.809180260000177 ], [ 19.122220993000102, 8.671245576000159 ], [ 19.065841674000072, 8.637378692000025 ], [ 19.029060363000099, 8.532458304999976 ], [ 18.98955726700007, 8.512969972000176 ], [ 18.899570465000124, 8.364068985000074 ], [ 18.850502013000039, 8.347262382000109 ], [ 18.837179184000036, 8.288975716000094 ], [ 18.657699585999975, 8.194954872000151 ], [ 18.618049621000182, 8.05246830099998 ], [ 18.031982423000102, 8.00930309300003 ], [ 17.921638490000078, 7.958611012000175 ], [ 17.671670914000117, 7.982767105 ], [ 17.616519927000123, 7.926885128000094 ], [ 17.547159195000066, 7.921339988999986 ], [ 17.515068053000103, 7.868749142000068 ], [ 17.467769622000045, 7.894046784000123 ], [ 17.402990341000073, 7.84301996300013 ], [ 17.30870056100008, 7.82773399500013 ], [ 17.262659073000179, 7.746973038000132 ], [ 17.232578278000066, 7.76344204000014 ], [ 17.160448074000158, 7.666747094000073 ], [ 17.09127044700006, 7.692152977000147 ], [ 17.090639115000041, 7.660477162 ], [ 17.040319442000111, 7.635039808000101 ], [ 16.900920867000025, 7.616500854000093 ], [ 16.895980834999989, 7.550178051000101 ], [ 16.843849183000145, 7.529787063000127 ] ] ] } }
]
}
