DHSID,GPS_Dataset,DHSCC,DHSYEAR,DHSCLUST,SurveyID,All_Population_Count_2005,All_Population_Count_2010,All_Population_Count_2015,Annual_Precipitation_2000,Annual_Precipitation_2005,Annual_Precipitation_2010,Annual_Precipitation_2015,Aridity_2000,Aridity_2005,Aridity_2010,Aridity_2015,BUILT_Population_1990,BUILT_Population_2000,BUILT_Population_2014,Day_Land_Surface_Temp_2000,Day_Land_Surface_Temp_2005,Day_Land_Surface_Temp_2010,Day_Land_Surface_Temp_2015,Diurnal_Temperature_Range_2000,Diurnal_Temperature_Range_2005,Diurnal_Temperature_Range_2010,Diurnal_Temperature_Range_2015,Drought_Episodes,Enhanced_Vegetation_Index_1985,Enhanced_Vegetation_Index_1990,Enhanced_Vegetation_Index_1995,Enhanced_Vegetation_Index_2000,Enhanced_Vegetation_Index_2005,Enhanced_Vegetation_Index_2010,Enhanced_Vegetation_Index_2015,Frost_Days_2000,Frost_Days_2005,Frost_Days_2010,Frost_Days_2015,Global_Human_Footprint,Gross_Cell_Production,Growing_Season_Length,Irrigation,ITN_Coverage_2005,ITN_Coverage_2010,ITN_Coverage_2015,Land_Surface_Temperature_2000,Land_Surface_Temperature_2005,Land_Surface_Temperature_2010,Land_Surface_Temperature_2015,Livestock_Cattle,Livestock_Chickens,Livestock_Ducks,Livestock_Goats,Livestock_Pigs,Livestock_Sheep,Malaria_Incidence_2000,Malaria_Incidence_2005,Malaria_Incidence_2010,Malaria_Incidence_2015,Malaria_Prevalence_2000,Malaria_Prevalence_2005,Malaria_Prevalence_2010,Malaria_Prevalence_2015,Maximum_Temperature_2000,Maximum_Temperature_2005,Maximum_Temperature_2010,Maximum_Temperature_2015,Mean_Temperature_2000,Mean_Temperature_2005,Mean_Temperature_2010,Mean_Temperature_2015,Minimum_Temperature_2000,Minimum_Temperature_2005,Minimum_Temperature_2010,Minimum_Temperature_2015,Nightlights_Composite,Night_Land_Surface_Temp_2000,Night_Land_Surface_Temp_2005,Night_Land_Surface_Temp_2010,Night_Land_Surface_Temp_2015,PET_2000,PET_2005,PET_2010,PET_2015,Proximity_to_National_Borders,Proximity_to_Protected_Areas,Proximity_to_Water,Rainfall_1985,Rainfall_1990,Rainfall_1995,Rainfall_2000,Rainfall_2005,Rainfall_2010,Rainfall_2015,Slope,SMOD_Population_1990,SMOD_Population_2000,SMOD_Population_2015,Temperature_April,Temperature_August,Temperature_December,Temperature_February,Temperature_January,Temperature_July,Temperature_June,Temperature_March,Temperature_May,Temperature_November,Temperature_October,Temperature_September,Travel_Times_2000,Travel_Times_2015,U5_Population_2000,U5_Population_2005,U5_Population_2010,U5_Population_2015,UN_Population_Count_2000,UN_Population_Count_2005,UN_Population_Count_2010,UN_Population_Count_2015,UN_Population_Density_2000,UN_Population_Density_2005,UN_Population_Density_2010,UN_Population_Density_2015,Wet_Days_2000,Wet_Days_2005,Wet_Days_2010,Wet_Days_2015
CM201800000001,CMGE71FL,CM,2018.0,1.0,CM2018DHS,257.9557800292969,293.0149230957031,332.19873046875,59.650001525878906,61.81666946411133,71.66666412353516,64.28333282470703,10.780120849609375,11.394777297973633,12.85500717163086,11.652567863464355,0.08196653638567243,0.08585936682564872,0.08902430534362793,38.75363540649414,36.64666748046875,37.130001068115234,37.37727355957031,14.800000190734863,14.458333969116211,14.050000190734863,14.058333396911621,2,1981,2036,2194,2293,2276,2304,2285,0.0,0.0,0.0,0.0,40.0,1731.0255126953125,5,0.0,0.0,0.03910750370413784,0.15619721734117187,29.918182373046875,29.235000610351562,29.699167251586914,29.693635940551758,9.916364397321429,108.33480398995536,-1.0,0.7161167689732143,0.2703805480684553,12.243348257882255,0.22227825224399567,0.24975864589214325,0.2659423053264618,0.2582666873931885,0.15030130743980408,0.18182913959026337,0.1881040632724762,0.1919313371181488,35.16666793823242,35.958335876464844,35.96666717529297,35.474998474121094,27.75,28.700000762939453,28.916667938232422,28.40833282470703,20.366666793823242,21.5,21.91666603088379,21.416667938232422,0.14885075887044272,21.082727432250977,21.823333740234375,22.268333435058594,22.010000228881836,5.5333333015441895,5.425000190734863,5.574999809265137,5.516666889190674,50753.653846153844,29178.21153846154,132110.10416666666,667,577,677,734,733,787,797,0.16553143092564174,2.0,2.0,2.0,31.834999084472656,25.68000030517578,25.433000564575195,27.069000244140625,24.89299964904785,26.39299964904785,28.34000015258789,30.347999572753906,30.424999237060547,27.535999298095703,28.187000274658203,26.444000244140625,55.42857142857143,46.285714285714285,2.623962148030599,2.9862767537434896,3.392145792643229,3.8457651774088544,1515.284912109375,1711.14306640625,1917.875244140625,2133.587646484375,128.0201416015625,144.5673828125,162.03336007254464,180.25798688616072,5.445833206176758,5.662499904632568,6.06416654586792,5.56916618347168
CM201800000002,CMGE71FL,CM,2018.0,2.0,CM2018DHS,2029.1668701171875,2304.9541015625,2613.1865234375,131.31666564941406,116.58333587646484,116.29167175292969,103.875,47.60725021362305,41.51335525512695,41.286983489990234,36.98813247680664,0.0004667968322069217,0.000709102465174137,0.000820209773687216,24.683395385742188,24.36389838324653,24.612423366970486,25.74738226996528,10.199999809265137,10.199999809265137,9.52500057220459,10.183333396911621,1.0,4211.111111111111,4228.444444444444,4261.444444444444,4190.333333333333,4414.777777777777,4591.0,4613.444444444444,0.0,0.0,0.0,0.0,21.750670241286862,1976.4223958333334,4.0,0.0,0.0,0.08512286280990927,0.49818791761250036,21.506900363498264,21.701948377821182,21.938342624240452,22.450912475585938,0.1461748015784706,6.209060300770777,-1.0,1.1034416628267427,0.19238896919639117,0.17123969438568198,0.6180627346038818,0.5800769329071045,0.3617118000984192,0.3496432602405548,0.7369292378425598,0.6622503399848938,0.333869993686676,0.33688706159591675,29.066667556762695,29.40833282470703,29.200000762939453,29.391666412353516,23.950000762939453,24.291667938232422,24.416667938232422,24.283334732055664,18.866666793823242,19.20833396911621,19.67500114440918,19.20833396911621,0.0,18.330403645833332,19.04000006781684,19.264258490668404,19.15444607204861,2.758333444595337,2.808333396911621,2.816666603088379,2.808333396911621,175206.4507936508,52492.170886075946,242161.58974358975,1982.3,1668.7,1656.5,1798.5,1508.6,1682.2,1329.8,0.09297967660203377,0.0,0.0,0.0,24.488332112630207,22.657333374023438,22.937998453776043,24.29766591389974,22.771331787109375,22.600001017252605,23.388999938964844,24.734664916992188,23.82933298746745,23.422999064127605,23.210667928059895,23.203999837239582,213.72117962466487,126.51474530831099,0.7787649735160496,0.8862963137419327,1.006754087365192,1.1413836271866509,1691.336181640625,1793.0916748046875,1886.76171875,1970.548583984375,5.281390724488941,5.599133529867627,5.891629052865282,6.1532627136394105,12.117499351501465,11.65583324432373,11.65250015258789,10.554999351501465
CM201800000003,CMGE71FL,CM,2018.0,3.0,CM2018DHS,91.684814453125,104.14582824707031,118.07286834716797,144.30833435058594,134.5916748046875,136.625,111.15834045410156,47.4438362121582,43.30026626586914,43.373016357421875,35.85752868652344,0.001105939897780235,0.010080969104400048,0.013066383508535532,26.086362838745117,25.220909118652344,24.3700008392334,25.11199951171875,9.658333778381348,9.658333778381348,8.983333587646484,9.641666412353516,-9999,2965.0,2938.0,3038.0,3048.0,3190.0,3399.0,3371.0,0.0,0.0,0.0,0.0,29.625,2471.2470703125,4.0,0.0,0.0,0.07714893872036581,0.35473964817663717,22.833637237548828,22.949621200561523,22.75090980529785,22.715545654296875,0.5070366859436035,1.259387731552124,-1.0,2.756615161895752,1.8807580471038818,0.8982266783714294,0.41383984684944153,0.38490578532218933,0.3631891906261444,0.31121543049812317,0.45646926760673523,0.4136674106121063,0.381690114736557,0.3167681097984314,30.025001525878906,30.375,30.191667556762695,30.34166717529297,25.166667938232422,25.516666412353516,25.666667938232422,25.491666793823242,20.366666793823242,20.71666717529297,21.20833396911621,20.700000762939453,0.11110309968914903,19.580909729003906,20.678333282470703,21.131818771362305,20.319091796875,3.0416667461395264,3.1083333492279053,3.1500000953674316,3.1000001430511475,190082.63636363635,58240.88461538462,43561.90178571428,1563,1539,1380,1460,1523,1564,1297,1.1824239492416382,0.0,0.0,0.0,26.284000396728516,24.04400062561035,25.595001220703125,26.97800064086914,25.79400062561035,24.160999298095703,24.899999618530273,26.899999618530273,25.445999145507812,25.121000289916992,24.85700035095215,24.886999130249023,51.4375,45.875,0.7381968180338542,0.8401265462239583,0.9543093363444011,1.0819255828857421,68.10615539550781,76.25230407714844,84.97702026367188,94.25668334960938,5.856563568115234,6.525975704193115,7.238886833190918,7.993050575256348,13.78833293914795,13.493332862854004,13.47249984741211,12.196666717529297
CM201800000005,CMGE71FL,CM,2018.0,5.0,CM2018DHS,189228.15625,214946.40625,243690.40625,131.80833435058594,115.51667022705078,136.3333282470703,102.68333435058594,47.785499572753906,40.179710388183594,47.4202880859375,35.7159423828125,0.9240171568734306,0.9538830348423549,0.955165045601981,28.600000381469727,27.552000045776367,29.09666633605957,30.79888916015625,9.175000190734863,9.175000190734863,8.5,9.158333778381348,-9999,2375,2354,2378,2433,2479,2434,2429,0.0,0.0,0.0,0.0,78.07142857142857,2392.42236328125,-807,0.0,0.0,0.06143020699891274,0.2569444034418537,23.23318099975586,23.006000518798828,24.00787925720215,25.07111167907715,0.0,0.0,-1.0,0.0,0.0,0.0,0.4615330100059509,0.36482906341552734,0.15783683955669403,0.19353415071964264,0.533884584903717,0.3836233615875244,0.10948163270950317,0.16041992604732513,28.700000762939453,29.0,28.80000114440918,29.016666412353516,24.08333396911621,24.383333206176758,24.516666412353516,24.40833282470703,19.525001525878906,19.825000762939453,20.30000114440918,19.858333587646484,16.233274366034838,17.866363525390625,18.459999084472656,18.919090270996094,19.343334197998047,2.758333444595337,2.875,2.875,2.875,171027.84615384616,24311.68028846154,63668.46153846154,1784,1495,1351,1647,1502,1514,1181,0.6185531616210938,3.0,3.0,3.0,24.781999588012695,22.795000076293945,23.84600067138672,25.30299949645996,24.42099952697754,22.527000427246094,23.399999618530273,24.98699951171875,24.201000213623047,23.722999572753906,23.39299964904785,23.132999420166016,4.5,0.0,1667.013392857143,1897.193359375,2155.043526785714,2443.2293526785716,68243.578125,87962.484375,112532.1328125,142893.109375,5677.309151785715,7317.762276785715,9361.757254464286,11887.542410714286,13.170832633972168,12.398332595825195,13.69333267211914,11.091666221618652
CM201800000007,CMGE71FL,CM,2018.0,7.0,CM2018DHS,14874.6650390625,16896.3046875,19155.783203125,120.70000457763672,127.41667175292969,131.99166870117188,126.76667022705078,36.300750732421875,38.03482437133789,39.205448150634766,38.029998779296875,0.0010319861272970836,0.0011168561684779632,0.0013319742985260792,27.781271362304686,27.192001342773438,27.030166625976562,27.08516845703125,12.925000190734863,12.40000057220459,11.908333778381348,12.191666603088379,1.0,3232.7,3199.2,3360.0,3430.2,3690.8,3677.1,3779.0,0.0,0.0,0.0,0.0,24.20980926430518,2146.294189453125,5.0,0.0,0.0,0.08539773159882563,0.40102564802223684,22.40123596191406,22.413014221191407,22.157249450683594,22.402581787109376,1.0057926853606096,12.745469761154633,-0.9836512261580381,0.06556426211988568,0.05869898159432476,0.1387334402640444,0.47292203169602615,0.4913435715895433,0.40793242821326625,0.3400456355168269,0.4738308099599985,0.5180761630718524,0.3801615788386418,0.312897095313439,29.825000762939453,30.21666717529297,30.100000381469727,29.875,23.33333396911621,23.983333587646484,24.116666793823242,23.75,16.899999618530273,17.816667556762695,18.191667556762695,17.683334350585938,0.003660783252200565,17.021200561523436,17.634030151367188,17.284333801269533,17.719999694824217,3.325000047683716,3.3500001430511475,3.366666793823242,3.3333334922790527,145068.46153846153,45437.10476190476,22260.09003215434,1673.8,1721.8,1576.1,1567.8,1589.2,1710.9,1621.3,1.1719445168809606,0.0,0.0,0.0,24.224000930786133,21.984249114990234,22.745250701904297,24.02375030517578,23.003250122070312,21.466999053955078,22.517498016357422,24.060001373291016,23.311500549316406,22.83824920654297,22.61425018310547,22.133249282836914,220.0326975476839,26.31607629427793,6.51366991140248,7.413072192317359,8.420595388949398,9.546649840817695,2625.310302734375,3139.8427734375,3727.142578125,4391.39453125,8.405139060371253,10.05245763794278,11.932742251362399,14.0594013432391,10.355833053588867,11.952499389648438,12.745833396911621,11.490833282470703
CM201800000008,CMGE71FL,CM,2018.0,8.0,CM2018DHS,10463.8564453125,11886.0146484375,13475.48828125,179.80833435058594,151.76666259765625,153.64999389648438,127.5,62.906707763671875,51.88603973388672,51.50279235839844,42.5,0.3456919193267822,0.41817968232291086,0.5849768093654087,26.809999465942383,25.329999923706055,25.921667098999023,25.975000381469727,10.291666984558105,9.616666793823242,9.225000381469727,9.824999809265137,2.0,3660,3623,3685,3657,4091,3911,4039,0.0,0.0,0.0,0.0,41.92857142857143,1964.494384765625,-807,0.0,0.0,0.0723521885893538,0.18190434482887957,20.627777099609375,19.774999618530273,20.489166259765625,20.670833587646484,0.9531472069876534,564.8389020647321,-1.0,24.414154052734375,35.33478437151228,0.6410234315054757,0.25304359197616577,0.5385420918464661,0.16114301979541779,0.061023563146591187,0.19437548518180847,0.5529831051826477,0.10001755505800247,0.03336325287818909,25.65833282470703,25.75,25.67500114440918,25.741666793823242,20.491666793823242,20.916667938232422,21.041667938232422,20.799999237060547,15.366666793823242,16.133333206176758,16.450000762939453,15.916666984558105,2.1290850146063445,14.445555686950684,14.220000267028809,15.056666374206543,15.366666793823242,2.8583333492279053,2.924999952316284,2.9833333492279053,3.0,81286.30357142857,32411.108173076922,197133.67857142858,2022,2029,2090,2115,2207,2177,2016,2.6716455732073103,3.0,3.0,3.0,24.143999099731445,21.200000762939453,22.45400047302246,24.67799949645996,23.548999786376953,21.415000915527344,22.500999450683594,24.785999298095703,23.55299949645996,23.177000045776367,22.239999771118164,21.79599952697754,4.142857142857143,0.0,97.03162434895833,110.4296875,125.438330078125,142.212744140625,2863.9931640625,3241.158935546875,3640.58642578125,4058.79833984375,239.00385393415178,270.47879464285717,303.8115234375,338.71180943080356,15.453332901000977,14.899999618530273,14.839166641235352,13.811666488647461
CM201800000010,CMGE71FL,CM,2018.0,10.0,CM2018DHS,70805.171875,80428.40625,91183.8046875,64.75,65.98333740234375,71.23333740234375,62.599998474121094,11.917177200317383,12.469291687011719,13.050381660461426,11.610509872436523,0.003527806822661382,0.004423269420672374,0.005790417741058739,35.714090983072914,33.768473307291664,34.42597198486328,34.59527842203776,14.608333587646484,14.266666412353516,13.824999809265137,13.916666984558105,2.0,2298.1666666666665,2336.5833333333335,2421.9166666666665,2602.3333333333335,2674.9166666666665,2654.75,2690.6666666666665,0.0,0.0,0.0,0.0,35.002680965147455,1661.5276041666666,4.0,0.0,0.0,0.03246982160987658,0.1640964884475727,27.680531819661457,26.828473409016926,27.315277099609375,27.14319610595703,6.311812740867962,2472.206434316354,-1.0,0.846606543492376,1.6227557716676442,10.621862171162869,0.29468637704849243,0.3264431655406952,0.3446127772331238,0.324125200510025,0.2209879755973816,0.25743138790130615,0.26670771837234497,0.25741344690322876,33.483333587646484,34.30833435058594,34.30833435058594,33.83333206176758,26.15833282470703,27.149999618530273,27.375,26.858333587646484,18.875,20.04166603088379,20.483333587646484,19.916667938232422,0.057879986804353946,19.64697011311849,19.888472239176433,20.20458475748698,19.691111246744793,5.433333396911621,5.291666507720947,5.458333492279053,5.391666889190674,13724.952076677317,22076.380573248407,131977.32484076434,882.0,765.1,1120.8,1046.1,898.3,947.9,1102.8,3.623302469943867,0.0,0.0,0.0,28.274749755859375,22.55500030517578,22.162250518798828,23.919498443603516,21.92850112915039,23.074249267578125,24.722999572753906,26.795249938964844,26.811500549316406,23.952499389648438,24.563251495361328,23.168750762939453,184.2573726541555,20.43699731903485,33.66306761058981,38.311238061327074,43.518175058646115,49.337696883378015,46646.90625,53743.08203125,61456.140625,69753.0,148.28944998324397,170.84805420576407,195.36766923592492,221.74319286193028,5.839166641235352,5.675833225250244,6.214999675750732,5.6541666984558105
CM201800000011,CMGE71FL,CM,2018.0,11.0,CM2018DHS,2345.298583984375,2664.051513671875,3020.30517578125,198.9166717529297,162.64999389648438,223.3333282470703,149.30833435058594,70.41297912597656,55.60683822631836,76.57142639160156,50.90056610107422,0.014046384738041805,0.02380293607711792,0.04212757715812096,25.257999420166016,25.358888626098633,25.706666946411133,26.027999877929688,8.75,8.074999809265137,7.400000095367432,8.058333396911621,-9999,2655,2583,2650,2487,2402,2362,2353,0.0,0.0,0.0,0.0,39.06666666666667,2694.552734375,-807,0.0,0.0,0.10420972896296422,0.41788645923238676,22.420665740966797,22.87444496154785,23.374332427978516,23.436777114868164,0.7321251551310222,29.041135660807292,-1.0,5.241477966308594,0.18142334620157877,1.1509325663248697,0.4811666011810303,0.4905032515525818,0.30434995889663696,0.2601745128631592,0.6005029082298279,0.6288186311721802,0.31188344955444336,0.2584601640701294,30.649999618530273,30.59166717529297,30.366666793823242,30.616666793823242,26.25,26.516666412353516,26.641666412353516,26.55000114440918,21.899999618530273,22.516666412353516,22.96666717529297,22.558334350585938,0.40089561199319773,19.58333396911621,20.389999389648438,21.04199981689453,20.845556259155273,2.825000047683716,2.924999952316284,2.9166667461395264,2.933333396911621,37237.50721153846,3776.7985491071427,6431.0703125,2613,2336,2518,2276,2267,2550,1815,0.19332865079243977,1.0,1.0,1.0,27.355998992919922,24.43000030517578,27.299999237060547,27.753000259399414,27.160999298095703,24.638999938964844,26.134000778198242,27.60099983215332,27.145000457763672,26.595001220703125,25.910999298095703,25.428998947143555,15.0,29.866666666666667,33.75050048828125,38.410746256510414,43.631205240885414,49.46584879557292,223.64456176757812,229.94578552246094,234.65760803222656,237.68389892578125,18.593076578776042,19.116939290364584,19.508662923177084,19.760262044270835,17.162500381469727,15.354999542236328,16.206666946411133,14.285833358764648
CM201800000012,CMGE71FL,CM,2018.0,12.0,CM2018DHS,22181.45703125,25196.171875,28565.5625,225.9166717529297,176.19166564941406,294.9916687011719,166.97500610351562,80.44510650634766,61.46220779418945,102.9040756225586,58.0782585144043,0.5693704164945163,0.6239220545842097,0.6351859752948468,29.165555953979492,26.79888916015625,28.924545288085938,29.729999542236328,8.691666603088379,8.016666412353516,7.708333492279053,8.216667175292969,2.0,2275.0,2246.0,2179.0,2217.0,2255.0,2254.0,2224.0,0.0,0.0,0.0,0.0,74.38461538461539,2697.871826171875,-807,0.0,0.0,0.09580566490554482,0.3949760914486648,24.44141387939453,23.238445281982422,24.93827247619629,25.466249465942383,0.6945516879741962,946.9789663461538,-1.0,6.066462003267729,0.4108402912433331,0.44684303723848784,0.43268021941185,0.46430274844169617,0.2006005197763443,0.15453101694583893,0.5139603614807129,0.5776375532150269,0.16320264339447021,0.1217355951666832,31.108333587646484,31.008333206176758,31.033334732055664,31.20833396911621,26.725000381469727,26.975000381469727,27.166667938232422,27.08333396911621,22.416667938232422,22.991666793823242,23.325000762939453,22.991666793823242,8.984165586274246,19.71727180480957,19.67799949645996,20.95199966430664,21.202499389648438,2.808333396911621,2.866666793823242,2.866666793823242,2.875,1084.889423076923,10963.788352272728,1330.4959309895833,3044,3302,3542,3182,3122,3773,2524,0.0,3.0,3.0,3.0,27.347000122070312,24.865999221801758,26.996999740600586,27.70599937438965,27.152000427246094,24.9950008392334,26.191999435424805,27.571001052856445,26.895000457763672,26.59600067138672,25.867000579833984,25.38800048828125,11.692307692307692,2.230769230769231,369.93973214285717,421.02078683035717,478.2422572544643,542.19580078125,13807.1015625,17097.404296875,21013.59765625,25634.5703125,1349.487079326923,1671.0766225961538,2053.83984375,2505.4873798076924,17.16499900817871,15.934999465942383,16.543333053588867,15.129166603088379
CM201800000013,CMGE71FL,CM,2018.0,13.0,CM2018DHS,69607.3203125,79067.7421875,89641.1796875,145.14166259765625,128.14166259765625,147.22500610351562,108.97500610351562,56.91830062866211,49.285255432128906,56.08571243286133,41.514286041259766,0.10613428629361667,0.14662394156822792,0.14310424144451434,25.183332443237305,24.601110458374023,25.35909080505371,24.503334045410156,8.449999809265137,8.449999809265137,7.775000095367432,8.433333396911621,-9999,4321,4284,4329,4009,4072,4017,4032,0.0,0.0,0.0,0.0,45.857142857142854,5769.095703125,6,0.0,0.0,0.08369065171096524,0.46072816780017367,21.723939895629883,21.649723052978516,21.981212615966797,21.81833267211914,0.5532801151275635,237.572021484375,-1.0,10.655982971191406,1.3200368881225586,1.4727476664951868,0.4882224500179291,0.4704812169075012,0.26766476035118103,0.2522209882736206,0.5842928290367126,0.5559126138687134,0.24362443387508392,0.2392454445362091,28.100000381469727,28.350000381469727,28.166667938232422,28.42500114440918,23.850000381469727,24.100000381469727,24.258333206176758,24.183334350585938,19.649999618530273,19.899999618530273,20.391666412353516,19.991666793823242,1.9615779999763734,18.264545440673828,18.698333740234375,18.60333251953125,19.133333206176758,2.549999952316284,2.6000001430511475,2.625,2.625,73648.15625,47337.044642857145,132860.07692307694,2077,1791,1808,1695,1619,1664,1386,0.6473546709333148,3.0,2.0,3.0,24.694000244140625,22.7549991607666,24.341999053955078,24.764999389648438,24.41900062561035,22.773000717163086,23.819000244140625,24.822999954223633,24.607999801635742,23.951000213623047,23.535999298095703,23.243999481201172,2.5,0.0,516.5886067708333,587.91875,667.8236979166667,757.129296875,259.479736328125,286.5796813964844,314.1451110839844,341.7978515625,21.565447126116073,23.817731584821427,26.10870361328125,28.406930106026785,14.182499885559082,13.089166641235352,14.747499465942383,11.53416633605957
CM201800000014,CMGE71FL,CM,2018.0,14.0,CM2018DHS,45411.9609375,51682.31640625,58764.5703125,64.75,65.98333740234375,71.23333740234375,62.599998474121094,11.917177200317383,12.469291687011719,13.050381660461426,11.610509872436523,0.0008717671851253203,0.001941340912576657,0.007752071239557297,35.095909118652344,32.8536122639974,33.85332997639974,33.5995839436849,14.608333587646484,14.266666412353516,13.824999809265137,13.916666984558105,2.0,2320.5833333333335,2384.0833333333335,2512.0833333333335,2681.6666666666665,2759.25,2741.1666666666665,2753.9166666666665,0.0,0.0,0.0,0.0,33.53989361702128,1661.5276041666666,4.0,0.0,0.0,0.11773497922822478,0.15108401667828572,26.818028767903645,25.647084554036457,26.38708241780599,26.16090138753255,26.362037881299734,1362.89025198939,-1.0,43.45537860576923,19.24697835502321,21.222638117539788,0.3008756001790365,0.35573930740356446,0.23929743766784667,0.2656354109446208,0.23245840072631835,0.2908831278483073,0.16411946614583334,0.19781732559204102,33.483333587646484,34.30833435058594,34.30833435058594,33.83333206176758,26.15833282470703,27.149999618530273,27.375,26.858333587646484,18.875,20.04166603088379,20.483333587646484,19.916667938232422,0.0002063746734332013,18.540152231852215,18.440555572509766,18.92083485921224,18.722222646077473,5.433333396911621,5.291666507720947,5.458333492279053,5.391666889190674,4535.367857142857,49702.84761904762,125712.56230031949,962.9,896.3,1144.2,1083.0,917.6,965.3,1129.5,3.721395396427387,0.0,0.0,0.0,27.604747772216797,22.045000076293945,21.575498580932617,23.449501037597656,21.461000442504883,22.55175018310547,24.107501983642578,26.330249786376953,26.118000030517578,23.249248504638672,23.840499877929688,22.575000762939453,305.15649867374003,71.45092838196287,20.031755253592916,22.784957804144383,25.927817931149733,29.475236046122994,54115.33984375,61493.55078125,69751.84375,78800.1875,169.7079948607427,192.84627818302388,218.74452917771885,247.12044098143235,5.839166641235352,5.675833225250244,6.214999675750732,5.6541666984558105
CM201800000015,CMGE71FL,CM,2018.0,15.0,CM2018DHS,2989.55078125,3395.86474609375,3849.981201171875,129.63333129882812,123.21666717529297,138.52499389648438,98.81666564941406,48.3105583190918,45.07926940917969,50.37272644042969,36.262996673583984,0.0009839142425150812,0.002337731892549539,0.0023330700925633875,24.38908996582031,24.74107971191406,24.33721008300781,25.16817626953125,9.383333206176758,9.383333206176758,8.699999809265137,9.366666793823242,-9999,4010.9,4040.5,4089.7,4273.9,4517.7,4603.2,4617.9,0.0,0.0,0.0,0.0,24.918032786885245,2227.2989583333333,6.0,0.0,0.0,0.09601790756919618,0.5434688504693681,21.475588989257812,21.854122924804688,21.824755859375,22.224755859375,0.11042796067201374,7.6113214544911205,-1.0,1.087979092624018,0.12810139056763362,0.42192607108361085,0.581902801990509,0.5145218372344971,0.34796732664108276,0.36696016788482666,0.7675899267196655,0.6383709907531738,0.35837727785110474,0.40759506821632385,28.866666793823242,29.17500114440918,28.975000381469727,29.20833396911621,24.141666412353516,24.450000762939453,24.600000381469727,24.491666793823242,19.483333587646484,19.79166603088379,20.274999618530273,19.84166717529297,0.09749712707395054,18.56208953857422,18.967166137695312,19.3123046875,19.281333923339844,2.683333396911621,2.7333333492279053,2.75,2.7250001430511475,97760.0,19454.449367088608,174851.1054313099,1950.8,1700.6,1454.0,1683.6,1523.9,1568.2,1260.2,0.2500455262231045,0.0,0.0,0.0,24.55299949645996,22.806499481201172,23.72425079345703,24.56800079345703,23.79425048828125,22.680749893188477,23.542499542236328,24.62900161743164,24.258251190185547,23.604000091552734,23.400999069213867,23.36349868774414,268.8688524590164,180.20765027322403,1.1251328803537977,1.2804904698675919,1.4545238193439203,1.649031885963045,2850.771484375,3200.55859375,3566.417236328125,3944.521484375,9.064952079064208,10.177214075307377,11.340580174180328,12.542884701588115,12.479166984558105,12.079999923706055,13.811666488647461,10.460832595825195
CM201800000017,CMGE71FL,CM,2018.0,17.0,CM2018DHS,5584.45849609375,6343.4501953125,7191.736328125,225.9166717529297,176.19166564941406,294.9916687011719,166.97500610351562,80.44510650634766,61.46220779418945,102.9040756225586,58.0782585144043,0.2619090477625529,0.3568653662999471,0.43246205647786456,28.200000762939453,25.101110458374023,27.70599937438965,30.123332977294922,8.691666603088379,8.016666412353516,7.708333492279053,8.216667175292969,2.0,2796,2799,2789,2868,2983,2966,2957,0.0,0.0,0.0,0.0,71.71428571428571,2697.871826171875,-807,0.0,0.0,0.1009840997834596,0.4212520555370485,24.01863670349121,22.142555236816406,24.386999130249023,25.393810272216797,0.6857367243085589,1629.4603794642858,-1.0,7.113945007324219,0.7416092327662877,0.6974231175013951,0.4474630057811737,0.4662472605705261,0.1915387213230133,0.1509772390127182,0.5404461026191711,0.5820061564445496,0.15212132036685944,0.11841913312673569,31.108333587646484,31.008333206176758,31.033334732055664,31.20833396911621,26.725000381469727,26.975000381469727,27.166667938232422,27.08333396911621,22.416667938232422,22.991666793823242,23.325000762939453,22.991666793823242,5.436370849609375,19.83727264404297,19.18400001525879,21.06800079345703,20.66428565979004,2.808333396911621,2.866666793823242,2.866666793823242,2.875,3070.449519230769,13100.30965909091,3040.0947265625,2929,2807,3106,2903,2866,3267,2160,0.0,3.0,3.0,3.0,27.44099998474121,25.126001358032227,27.172000885009766,27.805999755859375,27.173999786376953,25.23900032043457,26.43199920654297,27.733999252319336,27.051000595092773,26.70599937438965,26.097999572753906,25.637001037597656,16.285714285714285,2.7857142857142856,48.9195556640625,55.674336751302086,63.24110514322917,71.69811197916667,15810.203125,19577.853515625,24062.19921875,29353.57421875,1349.487025669643,1671.076450892857,2053.8401227678573,2505.4874441964284,17.16499900817871,15.934999465942383,16.543333053588867,15.129166603088379
CM201800000018,CMGE71FL,CM,2018.0,18.0,CM2018DHS,44006.90625,51899.7890625,61126.51171875,43.5,42.90833282470703,54.63333511352539,46.875,7.425319671630859,7.397988319396973,9.259886741638184,8.035714149475098,0.010587764474061819,0.056341010790604815,0.0850610274534959,38.61181640625,37.19333267211914,36.606666564941406,37.731666564941406,16.516666412353516,16.241666793823242,16.108333587646484,15.77500057220459,2.0,1616,1605,1776,1813,1757,1733,1743,0.0,0.0,0.0,0.0,54.0,973.351318359375,-807.0,0.04416995868086815,0.0,0.0693434093704477,0.16492870868973558,29.7663631439209,29.282499313354492,29.426666259765625,29.66583251953125,3.8579635620117188,2.386639731270926,-0.8571428571428571,0.33491086959838867,0.08372750452586583,4.660017830984933,0.31450480222702026,0.30948156118392944,0.15030834078788757,0.1578507125377655,0.25888657569885254,0.24626575410366058,0.09466777741909027,0.1090715155005455,36.525001525878906,37.29999923706055,37.54166793823242,36.81666564941406,28.25,29.15833282470703,29.46666717529297,28.900001525878906,20.008333206176758,21.058334350585938,21.433334350585938,21.041667938232422,0.9350212360250538,20.920909881591797,21.371665954589844,22.246665954589844,21.600000381469727,5.858333587646484,5.800000190734863,5.900000095367432,5.833333492279053,955.35205078125,975.9439174107143,92451.26923076923,365,396,517,574,588,561,586,0.0541486314364842,1.0,0.0,3.0,33.224998474121094,26.545000076293945,24.45199966430664,26.45199966430664,23.79599952697754,28.07200050354004,30.98200035095215,30.290998458862305,32.847999572753906,27.207000732421875,29.104999542236328,27.69499969482422,37.92857142857143,9.928571428571429,272.41107177734375,326.41729736328125,383.95318603515625,451.0501708984375,16332.693359375,19802.892578125,23441.1953125,27609.89453125,1401.147181919643,1698.8568638392858,2010.9877232142858,2368.6233258928573,3.922499895095825,3.942499876022339,4.647500038146973,3.927500009536743
CM201800000019,CMGE71FL,CM,2018.0,19.0,CM2018DHS,2790.437255859375,3169.689453125,3593.560546875,-9999,-9999,-9999,-9999,-9999,-9999,-9999,-9999,0.004143635558474595,0.006359910509388917,0.006153727033335692,26.074737548828125,25.538226318359374,26.111080932617188,26.46697998046875,-9999,-9999,-9999,-9999,2.0,3366.7,3345.1,3396.4,3309.4,3618.7,3874.8,3809.5,-9999,-9999,-9999,-9999,32.02452316076294,10347.591517857143,5.0,0.0,0.0,0.105191705233314,0.48147988804908465,23.187423706054688,22.948902893066407,23.380403137207033,23.31513366699219,0.23837043928063434,8.69506305197011,-1.0,1.1914556752080503,0.061696259871773095,0.4717319322668988,0.5042337008884975,0.5828695297241211,0.30821313176836285,0.24875930377415248,0.6174985340663365,0.7824557168143136,0.3031981331961496,0.2328002793448312,-9999,-9999,-9999,-9999,-9999,-9999,-9999,-9999,-9999,-9999,-9999,-9999,0.010361034803965162,20.30010986328125,20.359577941894532,20.649725341796874,20.163287353515624,-9999,-9999,-9999,-9999,10510.043512658227,25894.064516129034,10378.045382165605,3021.7,2472.0,2574.0,2322.5,2172.0,2290.6,1653.3,0.2342708848927119,0.0,0.0,0.0,26.8439998626709,24.700000762939453,26.684749603271484,27.069252014160156,26.572999954223633,24.87725067138672,25.795997619628906,27.114749908447266,26.54724884033203,26.22624969482422,25.342998504638672,25.074499130249023,254.0298913043478,43.733695652173914,0.9272007320238196,1.0552279430886973,1.1986454673435376,1.3589359781016475,4339.4267578125,5105.603515625,5962.1787109375,6910.603515625,13.719650931980299,16.142015540081523,18.850187882133152,21.8487548828125,-9999,-9999,-9999,-9999
CM201800000020,CMGE71FL,CM,2018.0,20.0,CM2018DHS,881.8446044921875,1001.6973266601562,1135.650634765625,131.80833435058594,115.51667022705078,136.3333282470703,102.68333435058594,47.785499572753906,40.179710388183594,47.4202880859375,35.7159423828125,0.15604253915640023,0.23584965559152457,0.23682181651775652,25.762500762939453,24.97800064086914,25.51799964904785,25.412221908569336,9.175000190734863,9.175000190734863,8.5,9.158333778381348,-9999,4166.0,4211.0,4216.0,4319.0,4417.0,4379.0,4442.0,0.0,0.0,0.0,0.0,69.38461538461539,2392.42236328125,-807,0.0,0.0,0.0872815467981719,0.4237432663163658,22.15806770324707,21.791500091552734,22.284000396728516,22.18694496154785,0.53039917579064,9.600142845740685,-1.0,6.2055206298828125,1.001485090989333,1.6033518864558294,0.5484803318977356,0.46230146288871765,0.20063449442386627,0.24319809675216675,0.7040870785713196,0.5502784252166748,0.15915298461914062,0.22712638974189758,28.700000762939453,29.0,28.80000114440918,29.016666412353516,24.08333396911621,24.383333206176758,24.516666412353516,24.40833282470703,19.525001525878906,19.825000762939453,20.30000114440918,19.858333587646484,1.5443285533360072,18.55363655090332,18.604999542236328,19.049999237060547,18.961666107177734,2.758333444595337,2.875,2.875,2.875,134222.56818181818,11658.708333333334,90488.375,2050.0,1729.0,1625.0,1757.0,1655.0,1679.0,1331.0,1.585236329298753,3.0,3.0,3.0,24.334999084472656,22.395000457763672,23.749000549316406,24.759000778198242,23.97599983215332,22.312999725341797,23.290000915527344,24.545000076293945,24.062000274658203,23.46500015258789,23.113000869750977,22.893999099731445,57.76923076923077,0.7692307692307693,8.06535390218099,9.179012044270833,10.426544189453125,11.820847574869791,378.14715576171875,390.8004150390625,400.85906982421875,408.112548828125,33.8658447265625,34.99903752253606,35.89986713115986,36.549468994140625,13.170832633972168,12.398332595825195,13.69333267211914,11.091666221618652
CM201800000021,CMGE71FL,CM,2018.0,21.0,CM2018DHS,135405.03125,153808.125,174376.3125,179.80833435058594,151.76666259765625,153.64999389648438,127.5,62.906707763671875,51.88603973388672,51.50279235839844,42.5,0.02791582052700055,0.0482475932794638,0.05908392031733601,26.796908569335937,25.650665283203125,26.279998779296875,26.150482177734375,10.291666984558105,9.616666793823242,9.225000381469727,9.824999809265137,2.0,3547.5,3560.6,3636.1,3533.7,3721.1,3619.4,3747.2,0.0,0.0,0.0,0.0,31.680965147453083,1964.4944010416666,4.0,0.0,0.0,0.07183652866180253,0.313442605942184,20.724627685546874,20.13500061035156,20.690916442871092,20.671908569335937,5.607263478133378,34.60326428451743,-1.0,9.634583664963136,1.7830607641797922,1.6722781920241288,0.3069636821746826,0.5224631428718567,0.20620903372764587,0.09203830361366272,0.24954916536808014,0.5238909125328064,0.1415429562330246,0.054496269673109055,25.65833282470703,25.75,25.67500114440918,25.741666793823242,20.491666793823242,20.916667938232422,21.041667938232422,20.799999237060547,15.366666793823242,16.133333206176758,16.450000762939453,15.916666984558105,0.045885770020852715,14.652345275878906,14.619332885742187,15.101834106445313,15.193333435058594,2.8583333492279053,2.924999952316284,2.9833333492279053,3.0,116955.41772151898,24384.218649517687,170011.97444089456,1801.2,1837.9,1793.7,1837.4,2016.3,1942.3,1732.3,2.1620228130759886,1.0,1.0,2.0,22.550748825073242,19.511249542236328,22.100749969482422,23.737001419067383,22.711999893188477,19.890750885009766,21.04125213623047,23.669750213623047,22.02025032043457,21.878000259399414,20.441999435424805,20.192251205444336,70.27613941018767,10.592493297587131,55.00626383685286,62.60148799386921,71.10974753065395,80.61899161273843,80316.359375,85275.109375,89884.3359375,94058.6953125,251.4089728552279,266.9311327077748,281.3592074396783,294.42598022788206,15.453332901000977,14.899999618530273,14.839166641235352,13.811666488647461
CM201800000022,CMGE71FL,CM,2018.0,22.0,CM2018DHS,81244.21875,92286.234375,104627.34375,217.1333465576172,186.6666717529297,193.55833435058594,161.98333740234375,81.42500305175781,68.50152587890625,70.81402587890625,59.2621955871582,0.26284067447368914,0.3146918003375714,0.2996192712050218,27.492000579833984,27.67545509338379,27.2336368560791,27.524999618530273,9.158333778381348,8.483333587646484,8.141666412353516,8.683333396911621,2,3270,3188,3122,3320,3702,3823,3840,0.0,0.0,0.0,0.0,36.0,2697.871826171875,-807,0.0,0.0,0.09062307424518881,0.4245686974620865,23.56999969482422,23.635454177856445,23.119091033935547,23.42305564880371,1.2543738228934151,194.91791643415178,-1.0,23.985831124441965,2.264425141470773,1.6329833439418249,0.39263659715652466,0.45462822914123535,0.2627941370010376,0.15799495577812195,0.4057601988315582,0.5170998573303223,0.2301511913537979,0.11753080040216446,29.525001525878906,29.45833396911621,29.483333587646484,29.633333206176758,24.933334350585938,25.200000762939453,25.399999618530273,25.258333206176758,20.366666793823242,20.975000381469727,21.34166717529297,20.950000762939453,2.2320180093088458,19.648000717163086,19.595455169677734,19.004545211791992,19.32111167907715,2.6666667461395264,2.7249999046325684,2.7333333492279053,2.7333333492279053,56174.69642857143,5478.467548076923,53594.52840909091,2709,2719,2879,2483,2712,2744,2395,1.2675658634730749,3.0,3.0,3.0,26.64900016784668,24.503999710083008,26.065000534057617,26.71299934387207,26.099000930786133,24.623001098632812,25.608999252319336,26.888999938964844,26.152999877929688,25.862998962402344,25.452999114990234,24.927000045776367,51.214285714285715,0.14285714285714285,684.43125,778.937109375,884.8033854166666,1003.125,1333.2021484375,1493.31201171875,1660.1553955078125,1831.9005126953125,111.02083042689732,124.35380336216518,138.24747140066964,152.54935128348214,16.059165954589844,15.865833282470703,15.929999351501465,14.71500015258789
CM201800000024,CMGE71FL,CM,2018.0,24.0,CM2018DHS,76252.734375,86616.34375,98199.234375,217.1333465576172,186.6666717529297,193.55833435058594,161.98333740234375,81.42500305175781,68.50152587890625,70.81402587890625,59.2621955871582,0.3590347950275128,0.3960570922264686,0.3759141701918382,27.492000579833984,27.67545509338379,27.2336368560791,27.524999618530273,9.158333778381348,8.483333587646484,8.141666412353516,8.683333396911621,2.0,3270.0,3188.0,3122.0,3320.0,3702.0,3823.0,3840.0,0.0,0.0,0.0,0.0,33.86666666666667,2697.871826171875,-807,0.0,0.0,0.06992835319309866,0.29712592522771974,23.56999969482422,23.635454177856445,23.119091033935547,23.42305564880371,1.1402286529541015,205.75094401041667,-1.0,21.834724934895835,2.184370676676432,1.660626220703125,0.32443851232528687,0.39770960807800293,0.2154979109764099,0.12791354954242706,0.30669349431991577,0.4259127974510193,0.16969819366931915,0.08812224864959717,29.525001525878906,29.45833396911621,29.483333587646484,29.633333206176758,24.933334350585938,25.200000762939453,25.399999618530273,25.258333206176758,20.366666793823242,20.975000381469727,21.34166717529297,20.950000762939453,2.5374321371822033,19.648000717163086,19.595455169677734,19.004545211791992,19.32111167907715,2.6666667461395264,2.7249999046325684,2.7333333492279053,2.7333333492279053,57386.677083333336,3834.145733173077,52833.41346153846,2709.0,2719.0,2879.0,2483.0,2712.0,2744.0,2395.0,1.2737935384114583,3.0,3.0,3.0,26.64900016784668,24.503999710083008,26.065000534057617,26.71299934387207,26.099000930786133,24.623001098632812,25.608999252319336,26.888999938964844,26.152999877929688,25.862998962402344,25.452999114990234,24.927000045776367,51.06666666666667,0.13333333333333333,680.6037248883929,774.5810546875,879.8553989955357,997.5152064732143,1428.403076171875,1599.9462890625,1778.703369140625,1962.712646484375,111.02083333333333,124.35380045572917,138.2474609375,152.54934895833333,16.059165954589844,15.865833282470703,15.929999351501465,14.71500015258789
CM201800000026,CMGE71FL,CM,2018.0,26.0,CM2018DHS,598909.5,680308.125,771283.25,131.80833435058594,115.51667022705078,136.3333282470703,102.68333435058594,47.785499572753906,40.179710388183594,47.4202880859375,35.7159423828125,0.11807161926847151,0.17179572168584878,0.20275424030677,26.360555013020832,25.33204396565755,25.990496317545574,26.77031962076823,9.175000190734863,9.175000190734863,8.5,9.158333778381348,-9999,3805.5833333333335,3789.75,3840.9166666666665,3862.0,3982.0,3939.4166666666665,3903.8333333333335,0.0,0.0,0.0,0.0,38.56403269754768,2392.42236328125,-807.0,0.0,0.0,0.08470837935196328,0.39222983800651706,22.274141947428387,21.971995035807293,22.44920603434245,22.919535319010418,0.282925117306593,756.7831978319783,-1.0,3.2133478097476287,12.619931931741192,1.130817113530022,0.564971740429218,0.4871064699613131,0.26340260872474086,0.29447353803194487,0.7338022085336539,0.5944035603449895,0.24039000731248122,0.29844174018272984,28.700000762939453,29.0,28.80000114440918,29.016666412353516,24.08333396911621,24.383333206176758,24.516666412353516,24.40833282470703,19.525001525878906,19.825000762939453,20.30000114440918,19.858333587646484,2.8909620202105977,18.187727610270183,18.61194356282552,18.907915751139324,19.068749745686848,2.758333444595337,2.875,2.875,2.875,165332.3961661342,18639.95569620253,71881.53015873017,1934.0,1668.909090909091,1515.5454545454545,1803.7272727272727,1609.090909090909,1631.2727272727273,1282.7272727272727,0.6246557054803946,0.0,0.0,0.0,24.409332275390625,22.43566640218099,23.625333150227863,24.878000895182293,23.958333333333332,22.20599873860677,23.17133331298828,24.659332275390625,23.897666931152344,23.417332967122395,23.052998860677082,22.86566670735677,46.81842818428184,8.387533875338754,213.28231148097825,242.7322308084239,275.7222741168478,312.59360139266306,616296.875,792777.125,1012492.75,1283818.5,1945.116361788618,2502.11195799458,3195.564024390244,4051.9051490514903,13.170832633972168,12.398332595825195,13.69333267211914,11.091666221618652
CM201800000027,CMGE71FL,CM,2018.0,27.0,CM2018DHS,2151.42724609375,2443.83056640625,2770.63525390625,134.75833129882812,108.43333435058594,117.76667022705078,111.43333435058594,45.680789947509766,35.94475173950195,38.612022399902344,37.04154968261719,9.672785007427167e-05,0.0007599824892609654,0.0019889833047186914,27.782323201497395,26.62222120496962,26.75592549641927,26.357962714301216,11.02500057220459,11.02500057220459,10.341667175292969,11.008333206176758,1.0,3839.5555555555557,3786.4444444444443,3823.777777777778,3955.8888888888887,4177.888888888889,4282.777777777777,4256.222222222223,0.0,0.0,0.0,0.0,28.369272237196764,1716.802734375,6.0,0.0,0.0,0.07212378911118936,0.4451608119166688,22.71353488498264,22.543980916341145,22.771942138671875,22.53583272298177,0.518458991922358,9.216210149949596,-1.0,2.2762877761676745,0.2634672554590369,0.159876956734606,0.5038883845011394,0.48590841293334963,0.4329474131266276,0.36718947092692056,0.5325349489847819,0.5175123532613118,0.43207635879516604,0.3578144073486328,29.775001525878906,30.25,29.991666793823242,30.141666412353516,24.241666793823242,24.71666717529297,24.79166603088379,24.616666793823242,18.75,19.225000381469727,19.649999618530273,19.133333206176758,0.0,17.64474826388889,18.465740627712673,18.7879638671875,18.713704427083332,2.950000047683716,3.0166666507720947,3.0500001907348633,3.008333444595337,33459.903846153844,93314.22784810126,211106.025477707,1692.6666666666667,1552.0,1651.888888888889,1658.4444444444443,1517.111111111111,1590.6666666666667,1511.3333333333333,0.30670713609264744,0.0,0.0,0.0,24.63300069173177,22.493331909179688,23.420000712076824,24.732332865397137,23.8316650390625,22.482332865397137,23.126998901367188,25.052335103352863,24.000333150227863,23.689000447591145,23.266001383463543,22.976666768391926,251.88978494623655,147.5994623655914,0.8841392763199345,1.0062205817109795,1.1429774786836358,1.2958236202116935,3151.71728515625,3548.19482421875,3968.1455078125,4408.4755859375,9.882559171286962,11.125773111979166,12.44259545110887,13.823318317372312,11.979166984558105,11.342499732971191,11.541666984558105,10.835000038146973
CM201800000028,CMGE71FL,CM,2018.0,28.0,CM2018DHS,22600.583984375,25672.26171875,29105.31640625,132.4250030517578,110.45833587646484,119.44166564941406,109.07500457763672,45.016998291015625,36.71745300292969,39.16120147705078,36.56145095825195,0.22187050906094638,0.2901808565313166,0.407576474276456,27.872222900390625,26.67909049987793,27.708181381225586,27.30272674560547,10.925000190734863,10.925000190734863,10.241666793823242,10.908333778381348,1.0,3761,3748,3789,3879,4119,4268,4180,0.0,0.0,0.0,0.0,31.428571428571427,2108.624267578125,-807,0.0,0.0,0.091982188870723,0.41283785514472926,23.033838272094727,22.7895450592041,23.329090118408203,23.12803077697754,0.7743832043239048,142.62567138671875,-1.0,7.293487548828125,1.1291674205235072,0.5965856824602399,0.4692780077457428,0.4514443278312683,0.2984709143638611,0.27374082803726196,0.48351573944091797,0.45761391520500183,0.2518400549888611,0.23917677998542786,29.64166831970215,30.116666793823242,29.875,30.0,24.15833282470703,24.633333206176758,24.733333587646484,24.525001525878906,18.71666717529297,19.191667556762695,19.633333206176758,19.09166717529297,1.6962855021158854,18.195453643798828,18.899999618530273,18.950000762939453,18.953332901000977,2.941666841506958,3.008333444595337,3.049999952316284,2.9833333492279053,114586.75961538461,64758.76136363636,207905.57142857142,1553,1505,1390,1602,1429,1512,1240,0.2868708201817104,0.0,3.0,3.0,24.948999404907227,22.87299919128418,23.399999618530273,24.452999114990234,23.588001251220703,22.801000595092773,23.6200008392334,25.107999801635742,24.3439998626709,23.990999221801758,23.676000595092773,23.53700065612793,11.0,1.2857142857142858,127.82736002604166,145.47765299479167,165.24973958333334,187.34796549479168,113.53031158447266,130.28759765625,148.40121459960938,167.77467346191406,9.45329829624721,10.84862300327846,12.356885637555804,13.970049176897321,12.125,11.640832901000977,11.769999504089355,10.929166793823242
CM201800000029,CMGE71FL,CM,2018.0,29.0,CM2018DHS,9634.78125,10944.2568359375,12407.79296875,156.90834045410156,141.89999389648438,158.1666717529297,134.8416748046875,51.728023529052734,45.65147399902344,49.94736862182617,42.581581115722656,0.13707968321713535,0.1537733944979581,0.165993257002397,28.475454330444336,27.35333251953125,27.549999237060547,27.75666618347168,11.116666793823242,10.441666603088379,9.966667175292969,10.641667366027832,2,3264,3255,3349,3212,3526,3420,3486,0.0,0.0,0.0,0.0,31.9375,1764.6246337890625,3,0.0,0.0,0.1100731853455306,0.3140045456749484,22.209999084472656,21.517499923706055,21.851667404174805,21.922500610351562,2.6711549758911133,120.77819061279297,-1.0,11.05526065826416,20.047603607177734,1.1012481451034546,0.311532199382782,0.5640479922294617,0.2222803384065628,0.11372582614421844,0.2593194544315338,0.59257972240448,0.15705977380275726,0.07281019538640976,26.05000114440918,26.241666793823242,26.200000762939453,26.174999237060547,20.475000381469727,21.0,21.191667556762695,20.825000762939453,14.933333396911621,15.800000190734863,16.233333587646484,15.533333778381348,0.047690444979174386,15.94454574584961,15.681666374206543,16.15333366394043,16.088333129882812,3.0333333015441895,3.1083333492279053,3.1666667461395264,3.1666667461395264,69106.125,23422.920673076922,209568.84615384616,1939,1964,2010,2007,1950,2023,2027,2.5179243087768555,2.0,2.0,2.0,23.106000900268555,20.274999618530273,20.1510009765625,23.89299964904785,22.82699966430664,20.33799934387207,21.17300033569336,23.95199966430664,22.17099952697754,21.874000549316406,21.16900062561035,20.604000091552734,22.0,18.1875,66.09414236886161,75.22037179129464,85.44367327008929,96.86974225725446,1972.1536865234375,2158.0224609375,2343.7666015625,2526.54443359375,144.0445098876953,157.62020874023438,171.18682861328125,184.5367889404297,13.889165878295898,13.863332748413086,16.359167098999023,13.481666564941406
CM201800000030,CMGE71FL,CM,2018.0,30.0,CM2018DHS,34565.63671875,39270.859375,44535.203125,163.26666259765625,131.81666564941406,148.56666564941406,125.75833892822266,50.235897064208984,40.045570373535156,44.56999969482422,38.39949035644531,5.5870957600725426e-05,0.00014922255200971744,0.0002490179523394422,27.729635620117186,26.20333251953125,26.836166381835938,26.634881591796876,11.666666984558105,10.991666793823242,10.466667175292969,11.191666603088379,2.0,3672.1,3692.1,3794.4,3745.2,3980.3,3986.7,4118.2,0.0,0.0,0.0,0.0,26.10810810810811,1868.262416294643,3.0,0.0,0.0,0.11198082338013264,0.2823236082091968,22.611572265625,21.948736572265624,22.274258422851563,22.2247802734375,1.474041518344674,74.49085916498656,-1.0,4.513486800655242,1.7129217988701277,0.5495456982684391,0.4387291669845581,0.5423954725265503,0.3555026352405548,0.30381327867507935,0.4117301404476166,0.567768931388855,0.3043383061885834,0.2604067921638489,29.350000381469727,29.58333396911621,29.433334350585938,29.491666793823242,23.5,24.066667556762695,24.17500114440918,23.866666793823242,17.683334350585938,18.59166717529297,18.96666717529297,18.30000114440918,0.0,17.493508911132814,17.69413604736328,17.71234893798828,17.814682006835938,3.25,3.2916667461395264,3.3333334922790527,3.2750000953674316,4691.136146496815,21740.91987179487,159206.88607594935,1968.7777777777778,2042.6666666666667,1850.3333333333333,1911.2222222222222,1898.4444444444443,1973.4444444444443,1965.2222222222222,3.238300282468078,0.0,0.0,0.0,23.498667399088543,20.965667724609375,21.232666015625,24.342000325520832,23.106333414713543,20.911000569661457,21.674667358398438,24.320668538411457,22.552332560221355,22.37933349609375,21.6893310546875,20.88433329264323,352.4139784946237,79.66397849462365,13.91762948101158,15.838480021713215,17.994313585660763,20.406202103201636,13962.1337890625,14902.080078125,15864.140625,16843.46484375,43.895014280913976,46.850092405913976,49.874700730846776,52.95359227990591,13.15999984741211,12.523332595825195,14.75333309173584,12.153332710266113
CM201800000031,CMGE71FL,CM,2018.0,31.0,CM2018DHS,112714.515625,128033.6953125,145155.15625,131.80833435058594,115.51667022705078,136.3333282470703,102.68333435058594,47.785499572753906,40.179710388183594,47.4202880859375,35.7159423828125,0.4959236553737095,0.7693117005484444,0.8523829323904855,26.5674991607666,25.864545822143555,27.329999923706055,27.536666870117188,9.175000190734863,9.175000190734863,8.5,9.158333778381348,-9999,2774,2729,2688,2819,2861,2741,2737,0.0,0.0,0.0,0.0,55.357142857142854,2392.42236328125,-807,0.0,0.0,0.06143020699891274,0.2569444034418537,22.231477737426758,22.20393943786621,23.329090118408203,23.268333435058594,0.46543731008257183,1497.5093470982142,-1.0,5.324942452566964,25.921497889927455,1.4265147617885046,0.4615330100059509,0.36482906341552734,0.15783683955669403,0.19353415071964264,0.533884584903717,0.3836233615875244,0.10948163270950317,0.16041992604732513,28.700000762939453,29.0,28.80000114440918,29.016666412353516,24.08333396911621,24.383333206176758,24.516666412353516,24.40833282470703,19.525001525878906,19.825000762939453,20.30000114440918,19.858333587646484,10.066312662760417,17.89545440673828,18.543333053588867,19.328182220458984,19.0,2.758333444595337,2.875,2.875,2.875,168332.32692307694,21501.670673076922,65694.25961538461,1931,1642,1493,1797,1614,1630,1269,0.4995675427573068,3.0,3.0,3.0,24.545000076293945,22.517000198364258,23.660999298095703,24.98900032043457,24.08300018310547,22.27899932861328,23.239999771118164,24.75,23.996000289916992,23.496999740600586,23.155000686645508,22.913000106811523,6.142857142857143,0.0,734.1090959821429,835.4743303571429,949.0248325892857,1075.9345005580358,68756.015625,88623.6953125,113378.7734375,143968.96875,5719.772879464285,7372.553571428572,9431.9140625,11976.69419642857,13.170832633972168,12.398332595825195,13.69333267211914,11.091666221618652
CM201800000032,CMGE71FL,CM,2018.0,32.0,CM2018DHS,18137.98828125,20603.1484375,23358.33203125,225.9166717529297,176.19166564941406,294.9916687011719,166.97500610351562,80.44510650634766,61.46220779418945,102.9040756225586,58.0782585144043,0.22583845945504996,0.2507359798137958,0.2980765746189998,26.854999542236328,25.645999908447266,26.56800079345703,27.225555419921875,8.691666603088379,8.016666412353516,7.708333492279053,8.216667175292969,2.0,3527,3528,3677,3821,3981,4068,4020,0.0,0.0,0.0,0.0,70.06666666666666,2697.871826171875,-807,0.0,0.0,0.1003590149533135,0.4083543135019754,23.36795425415039,22.93577766418457,23.902999877929688,23.94206428527832,0.13884824117024738,6214.234895833333,-1.0,0.5629922231038411,0.0,0.5558853149414062,0.45471811294555664,0.47514015436172485,0.20580008625984192,0.1647297441959381,0.5537344217300415,0.598020613193512,0.1701647788286209,0.1334429830312729,31.108333587646484,31.008333206176758,31.033334732055664,31.20833396911621,26.725000381469727,26.975000381469727,27.166667938232422,27.08333396911621,22.416667938232422,22.991666793823242,23.325000762939453,22.991666793823242,1.864807646153337,19.880908966064453,20.225555419921875,21.238000869750977,20.658571243286133,2.808333396911621,2.866666793823242,2.866666793823242,2.875,9172.279829545454,13320.6640625,9362.733173076924,2949.0,2734.0,3313.0,2897.0,2849.0,3292.0,2284.0,0.0,3.0,3.0,3.0,27.583999633789062,25.110000610351562,27.170000076293945,27.94499969482422,27.30500030517578,25.15999984741211,26.423999786376953,27.814998626708984,27.131000518798828,26.746999740600586,26.05500030517578,25.566999435424805,15.133333333333333,4.0,162.22596958705358,184.62601143973214,209.71878487723214,237.76370675223214,17375.515625,21516.189453125,26444.515625,32259.76953125,1349.4869791666667,1671.0765625,2053.83984375,2505.487760416667,17.16499900817871,15.934999465942383,16.543333053588867,15.129166603088379
CM201800000033,CMGE71FL,CM,2018.0,33.0,CM2018DHS,4197.63427734375,4768.140625,5405.7666015625,127.75,129.63333129882812,122.96666717529297,100.99166870117188,46.03603744506836,45.0898551940918,42.77101516723633,35.12753677368164,0.00020178745663355268,0.0003038412994808621,0.0004449438954156543,25.057357788085938,23.9503662109375,24.40662384033203,24.695523071289063,9.574999809265137,9.574999809265137,8.891666412353516,9.558333396911621,-9999,4471.8,4475.3,4590.5,4519.9,4683.7,4860.4,4836.7,0.0,0.0,0.0,0.0,24.740437158469945,2333.1796875,-801.0,0.0,0.0,0.09450451487464215,0.45096104109248636,21.850497436523437,21.357684326171874,21.885478210449218,21.974345397949218,0.2445203228726413,43.22471076673497,-1.0,1.6198331905844434,0.36775353436912994,0.5920501458840292,0.5784436543782552,0.5250978469848633,0.35306539535522463,0.3649831453959147,0.7618390401204427,0.6635133107503255,0.36738936106363934,0.4066912333170573,29.116666793823242,29.433334350585938,29.233333587646484,29.433334350585938,24.316667556762695,24.633333206176758,24.758333206176758,24.641666412353516,19.541667938232422,19.858333587646484,20.34166717529297,19.875,0.0012265841166178386,18.643637084960936,18.765000915527345,19.364334106445312,19.253167724609376,2.7750000953674316,2.875,2.875,2.875,186646.70031545742,57145.04126984127,102625.82965299685,1853.3,1707.4,1357.2,1749.7,1469.2,1534.9,1272.5,0.823396443017845,0.0,0.0,0.0,24.264333089192707,22.6999994913737,23.916000366210938,24.730331420898438,23.825998942057293,22.482666015625,23.392000834147137,24.711334228515625,24.04699961344401,23.62266794840495,23.18999989827474,23.062998453776043,189.7486338797814,55.557377049180324,1.6814518650481096,1.9136254417149183,2.1737090482373977,2.4643912250404463,11055.818359375,11969.083984375,12863.0,13722.8779296875,35.187065082821036,38.093699304132514,40.93874871926229,43.67546907018443,12.445833206176758,12.758333206176758,12.393333435058594,10.804166793823242
CM201800000034,CMGE71FL,CM,2018.0,34.0,CM2018DHS,6270.7431640625,7123.00830078125,8075.54248046875,129.14166259765625,121.53333282470703,139.88333129882812,121.61666870117188,39.43257141113281,36.82828140258789,41.75621795654297,37.324806213378906,6.694661883207467e-05,0.000263949497961081,0.00036780361850292253,28.973635864257812,27.46383056640625,27.522500610351564,27.72699890136719,11.941666603088379,11.416666984558105,11.016666412353516,11.449999809265137,2.0,3014.5,3054.8,3154.2,3186.7,3393.6,3417.6,3445.6,0.0,0.0,0.0,0.0,23.0840108401084,1868.2625558035713,5.0,0.0,0.0,0.027108105440345944,0.28666532236333714,22.649517822265626,22.03558349609375,21.92044677734375,22.276992797851562,0.7538319355732686,10.09899440456081,-1.0,0.05344521290547139,0.42446623106260556,0.15107267225110854,0.4452541669209798,0.48308820724487306,0.39297459920247396,0.35692183176676434,0.4218598365783691,0.49399538040161134,0.3557964642842611,0.32911189397176105,27.90833282470703,28.25,28.20833396911621,28.049999237060547,21.908334732055664,22.524999618530273,22.674999237060547,22.30000114440918,15.966667175292969,16.83333396911621,17.191667556762695,16.600000381469727,0.01659298072164533,16.325399780273436,16.607333374023437,16.31839599609375,16.826985168457032,3.2750000953674316,3.299999952316284,3.3500001430511475,3.258333444595337,18882.866242038217,30772.54603174603,100373.60252365931,1712.6,1828.2,1694.2,1690.2,1699.7,1787.0,1659.1,0.3795949575063345,0.0,0.0,0.0,23.79949951171875,21.199748992919922,22.44649887084961,24.710750579833984,23.16900062561035,21.03700065612793,21.98149871826172,24.810501098632812,22.786001205444336,22.629749298095703,21.787498474121094,20.91550064086914,362.44054054054055,145.96486486486486,2.730212009624246,3.107198024882708,3.5295010891420913,4.001488734186495,6158.0087890625,7348.388671875,8703.37109375,10231.501953125,19.474621252111486,23.239183910472974,27.52429265202703,32.35699165962838,11.620833396911621,11.842499732971191,13.844999313354492,11.619166374206543
CM201800000035,CMGE71FL,CM,2018.0,35.0,CM2018DHS,30930.9921875,35134.8671875,39833.328125,69.57499694824219,70.15833282470703,74.44166564941406,65.53333282470703,13.168769836425781,13.734094619750977,14.067716598510742,12.522293090820312,0.0009612218969187159,0.0017198544398994203,0.0036344459861706777,37.67333475748698,36.11277770996094,36.40125020345052,36.4705556233724,14.208333969116211,13.850000381469727,13.316666603088379,13.516666412353516,2.0,1994.3333333333333,2033.75,2183.5,2308.0,2296.3333333333335,2314.8333333333335,2299.8333333333335,0.0,0.0,0.0,0.0,33.856763925729446,1696.2765066964287,4.0,0.0,0.0,0.020983178575149475,0.16328250694175864,29.446512858072918,28.68055470784505,29.008193969726562,28.901710510253906,7.758295600547083,1388.9686671087534,-1.0,0.7549018353935262,1.1030930739182692,9.32821954782825,0.20750015122549875,0.24737957545689174,0.2561114345278059,0.24127970423017228,0.134891254561288,0.17792705127171107,0.17881928171430314,0.17310306004115514,33.54999923706055,34.366668701171875,34.29999923706055,33.891666412353516,26.416667938232422,27.40833282470703,27.616666793823242,27.100000381469727,19.34166717529297,20.516666412353516,20.983333587646484,20.375,0.003408761168004677,21.21969731648763,21.248331705729168,21.615137736002605,21.332865397135418,5.2833333015441895,5.108333587646484,5.2916669845581055,5.233333587646484,45843.559485530546,48904.6,98712.08945686901,817.0833333333334,786.9166666666666,979.9166666666666,920.0,806.5833333333334,882.5833333333334,985.1666666666666,2.4037001227826593,0.0,0.0,0.0,30.107250213623047,24.298250198364258,24.139249801635742,25.833751678466797,23.788000106811523,24.8799991607666,26.375749588012695,28.847000122070312,28.315000534057617,26.006248474121094,26.439748764038086,24.824501037597656,179.13793103448276,57.73209549071618,13.447307403074866,15.304101301387032,17.384102398061497,19.708817262700535,44944.0703125,51440.5078125,58441.2109375,65906.25,140.89553630636604,161.26130429376659,183.20787052387269,206.6100795755968,6.28416633605957,6.057499885559082,6.800833225250244,6.0908331871032715
CM201800000037,CMGE71FL,CM,2018.0,37.0,CM2018DHS,4366.185546875,4959.60009765625,5622.8291015625,114.93333435058594,127.23333740234375,137.4166717529297,130.73333740234375,34.91645431518555,38.07481384277344,40.71604919433594,39.318294525146484,0.00014590386833463398,0.00019005314698294988,0.00023651773494387429,27.98291015625,26.880499267578124,26.709500122070313,27.1489990234375,12.100000381469727,12.100000381469727,11.425000190734863,12.083333015441895,1.0,3297.4,3242.6,3331.4,3385.0,3597.2,3764.3,3692.8,0.0,0.0,0.0,0.0,26.804347826086957,2146.2942243303573,5.0,0.0,0.0,0.06641718768793618,0.40105089132110633,22.119046020507813,21.919139099121093,21.848748779296876,22.099667358398438,1.2030384229577107,7.396484375,-1.0,0.0602324682733287,0.06474378834600034,0.1682089100713315,0.49284693400065105,0.5054275194803873,0.41789493560791013,0.3544415791829427,0.5035136540730795,0.5285863240559896,0.39398984909057616,0.32981885274251305,29.5,30.133333206176758,29.883333206176758,29.90833282470703,23.41666603088379,24.05000114440918,24.141666412353516,23.83333396911621,17.399999618530273,18.03333282470703,18.45833396911621,17.825000762939453,0.0,16.255181884765626,16.957781982421874,16.98800048828125,17.050332641601564,3.2916667461395264,3.3416666984558105,3.375,3.325000047683716,71510.1974522293,93890.76433121019,98774.54662379422,1633.1666666666667,1613.4166666666667,1493.25,1481.9166666666667,1439.5833333333333,1643.0,1528.0833333333333,0.08924509131390115,0.0,0.0,0.0,23.93899917602539,21.580001831054688,22.592750549316406,24.15625,22.8122501373291,21.381500244140625,22.30175018310547,24.400249481201172,23.000749588012695,22.297500610351562,22.184001922607422,21.691001892089844,220.20923913043478,41.682065217391305,1.9012884114583333,2.16381689453125,2.457904296875,2.7865908203125,3822.9775390625,4077.43798828125,4316.34375,4535.2451171875,12.148840862771738,12.957478398862092,13.716686746348506,14.412321671195652,10.244999885559082,12.150833129882812,12.94749927520752,11.714166641235352
CM201800000038,CMGE71FL,CM,2018.0,38.0,CM2018DHS,57699.0859375,65541.0546875,74305.6171875,179.80833435058594,151.76666259765625,153.64999389648438,127.5,62.906707763671875,51.88603973388672,51.50279235839844,42.5,0.0021645223638813967,0.005362921839307068,0.009985803039210617,28.108544921875,27.038833618164062,27.68000183105469,27.766168212890626,10.291666984558105,9.616666793823242,9.225000381469727,9.824999809265137,2.0,3365.2,3496.2,3511.4,3535.3,3782.2,3652.9,3725.3,0.0,0.0,0.0,0.0,24.959785522788202,1964.49453125,-997.0,0.0,0.0,0.09474454790507732,0.3262153234196005,21.951316833496094,21.39666290283203,21.49712219238281,21.97118225097656,87.76542548723118,157.9617670530914,-1.0,865.9758064516129,18.366588961693548,214.80668262768816,0.37145601908365883,0.6304218928019206,0.29183069864908856,0.12744419574737548,0.3318717320760091,0.7173727671305339,0.232180388768514,0.08396771748860678,25.65833282470703,25.75,25.67500114440918,25.741666793823242,20.491666793823242,20.916667938232422,21.041667938232422,20.799999237060547,15.366666793823242,16.133333206176758,16.450000762939453,15.916666984558105,0.006874092883623763,15.794088745117188,15.754493713378906,15.314242553710937,16.1761962890625,2.8583333492279053,2.924999952316284,2.9833333492279053,3.0,99091.12380952381,30129.191693290733,198350.03154574134,1921.8,1978.4,1840.7,2014.2,2014.3,2085.0,1956.0,1.326688704952117,0.0,0.0,0.0,24.319000244140625,21.439748764038086,21.38974952697754,24.881999969482422,23.761249542236328,21.513751983642578,22.406749725341797,25.048250198364258,23.393749237060547,22.956499099731445,22.277000427246094,21.811748504638672,123.36290322580645,22.13978494623656,18.571703040081523,21.136068592900816,24.008701490319293,27.219296662703805,54871.9765625,61251.37890625,67865.078125,74636.625,172.6696593581989,192.74456065188173,213.5567876344086,234.86578040994624,15.453332901000977,14.899999618530273,14.839166641235352,13.811666488647461
CM201800000040,CMGE71FL,CM,2018.0,40.0,CM2018DHS,7277.06396484375,8266.0986328125,9371.494140625,144.30833435058594,134.5916748046875,136.625,111.15834045410156,47.4438362121582,43.30026626586914,43.373016357421875,35.85752868652344,0.00034620496961805557,0.0016396666330004495,0.002222460035293821,27.7387451171875,26.7955810546875,27.343304443359376,27.210260009765626,9.658333778381348,9.658333778381348,8.983333587646484,9.641666412353516,-9999,4042.7,4073.7,4147.8,4038.8,4286.9,4455.6,4425.0,0.0,0.0,0.0,0.0,20.653116531165313,2549.7421875,5.0,0.0,0.0,0.07170745476924632,0.3590773019932204,23.64928283691406,23.080288696289063,23.659976196289062,23.386669921875,0.4192290434966216,9.787802206503379,-0.981081081081081,2.385020652977196,1.2596536172402872,0.5876741151551943,0.38225587209065753,0.36706778208414714,0.3362578392028809,0.2713733673095703,0.4067556699117025,0.3849630355834961,0.3416520436604818,0.25757589340209963,30.025001525878906,30.375,30.191667556762695,30.34166717529297,25.166667938232422,25.516666412353516,25.666667938232422,25.491666793823242,20.366666793823242,20.71666717529297,21.20833396911621,20.700000762939453,0.006729540870057392,19.559817504882812,19.36499938964844,19.976651000976563,19.563076782226563,3.0416667461395264,3.1083333492279053,3.1500000953674316,3.1000001430511475,153997.0160771704,45591.95886075949,33520.556962025315,1628.6363636363637,1527.090909090909,1517.4545454545455,1399.6363636363637,1524.2727272727273,1574.090909090909,1291.0,0.8314218057168496,0.0,0.0,0.0,25.65399932861328,23.150501251220703,24.792999267578125,26.455001831054688,25.268749237060547,23.248498916625977,24.154001235961914,26.248750686645508,24.859500885009766,24.467750549316406,24.155750274658203,24.11174964904785,183.97027027027028,86.5,2.774630186987705,3.157748863345287,3.5869230676869877,4.066589021943306,8500.6083984375,8908.947265625,9267.1103515625,9567.94140625,26.781437394425677,28.06792652027027,29.19632865287162,30.144106313344594,13.78833293914795,13.493332862854004,13.47249984741211,12.196666717529297
CM201800000041,CMGE71FL,CM,2018.0,41.0,CM2018DHS,1757.468505859375,1996.3284912109375,2263.2900390625,134.90834045410156,128.61666870117188,130.40000915527344,106.18333435058594,44.23223876953125,41.37801742553711,41.39682388305664,34.43783950805664,0.000245247602085524,0.0005176313504388061,0.000542727452290209,25.381378173828125,24.09374084472656,25.01586151123047,25.178225708007812,9.983333587646484,9.983333587646484,9.308333396911621,9.966667175292969,-9999,4348.4,4344.4,4258.2,4322.1,4492.9,4620.7,4593.2,0.0,0.0,0.0,0.0,19.190735694822887,2471.246875,-801.0,0.0,0.0,0.07613301121211109,0.3549058667281816,22.027261352539064,21.719537353515626,22.252862548828126,22.289028930664063,0.20404177465620743,0.23291676700602434,-1.0,1.989443246285337,1.1623601679581064,0.5785666317640923,0.4590414047241211,0.4441627184549967,0.4230990409851074,0.38043053944905597,0.5362212498982747,0.5213277816772461,0.47939262390136717,0.4328494389851888,29.816667556762695,30.191667556762695,29.975000381469727,30.133333206176758,24.791667938232422,25.166667938232422,25.291667938232422,25.116666793823242,19.83333396911621,20.20833396911621,20.666667938232422,20.16666603088379,0.0,18.67314453125,19.345333862304688,19.48986358642578,19.39983367919922,3.049999952316284,3.1083333492279053,3.1500000953674316,3.0833334922790527,199648.90032154342,29621.90851735016,81658.24050632911,1797.5555555555557,1731.111111111111,1470.0,1649.2222222222222,1652.5555555555557,1697.5555555555557,1493.0,0.34285280814937413,0.0,0.0,0.0,24.948333740234375,23.018666585286457,24.390665690104168,25.69566599527995,24.628000895182293,23.042002360026043,23.789332071940105,25.660001118977863,24.216334025065105,24.179000854492188,23.767000834147137,23.707667032877605,238.07901907356947,172.8773841961853,0.7141667697628875,0.812778359796159,0.9232442603920991,1.0467062896152712,1115.339599609375,1304.5660400390625,1514.49658203125,1745.130615234375,3.543620678644414,4.144824617889986,4.811809155206914,5.5445712970453,13.132499694824219,13.295000076293945,13.025833129882812,11.576666831970215
CM201800000043,CMGE71FL,CM,2018.0,43.0,CM2018DHS,58054.76953125,65945.078125,74763.671875,156.90834045410156,141.89999389648438,158.1666717529297,134.8416748046875,51.728023529052734,45.65147399902344,49.94736862182617,42.581581115722656,0.007184095871754182,0.011382172505060831,0.014243287917895194,25.995635986328125,24.82449951171875,25.422332763671875,25.338665771484376,11.116666793823242,10.441666603088379,9.966667175292969,10.641667366027832,2.0,3535.5,3523.1,3608.6,3535.0,3717.0,3748.3,3855.5,0.0,0.0,0.0,0.0,28.096514745308312,1764.6247395833334,3.0,0.0,0.0,0.10691560089923578,0.3206068175917872,19.299226379394533,18.786582946777344,19.366871643066407,19.17439422607422,7.070303336544906,106.35759467158177,-1.0,9.386733804247655,15.96503618255697,2.0706476206434314,0.2929390157972063,0.5572199480874198,0.20665734154837473,0.10097588811601911,0.23936033248901367,0.5822421482631138,0.1429367916924613,0.06327324254172188,26.05000114440918,26.241666793823242,26.200000762939453,26.174999237060547,20.475000381469727,21.0,21.191667556762695,20.825000762939453,14.933333396911621,15.800000190734863,16.233333587646484,15.533333778381348,0.0014381170272827148,12.602813720703125,12.748667144775391,13.311408996582031,13.010121154785157,3.0333333015441895,3.1083333492279053,3.1666667461395264,3.1666667461395264,70863.69085173501,13729.148867313916,218549.6050955414,1886.8,1919.3,1957.8,1983.0,1953.7,2006.7,1945.2,5.45484478416136,0.0,0.0,0.0,19.872249603271484,16.80175018310547,18.12150001525879,20.84724998474121,19.779251098632812,16.951499938964844,18.08475112915039,20.83500099182129,19.121999740600586,18.92474937438965,17.838001251220703,17.20199966430664,271.0428954423592,38.44235924932976,21.57132854615903,24.549881022574123,27.886489744777627,31.615647637297844,46885.078125,51438.6328125,56015.546875,60548.4921875,146.91053326072387,161.17868213806972,175.52003393096516,189.72360924932977,13.889165878295898,13.863332748413086,16.359167098999023,13.481666564941406
CM201800000044,CMGE71FL,CM,2018.0,44.0,CM2018DHS,460.45050048828125,523.031005859375,592.9739990234375,61.5,62.82500076293945,70.7249984741211,62.95000076293945,11.031390190124512,11.580644607543945,12.648285865783691,11.393665313720703,0.02019051405099722,0.04606671058214628,0.07902166476616493,38.1136360168457,36.72666549682617,37.63999938964844,37.58000183105469,14.666666984558105,14.308333396911621,13.883333206176758,13.941666603088379,2.0,1857.0,1920.0,2065.0,2239.0,2323.0,2279.0,2368.0,0.0,0.0,0.0,0.0,53.0,1731.0255126953125,-807,0.0,0.0,0.02815619831837282,0.1369092048047605,29.93181800842285,29.3125,30.1825008392334,29.6299991607666,6.907497406005859,64.21421813964844,-1.0,0.6584206819534302,0.33049699664115906,6.399110794067383,0.14524981379508972,0.17650768160820007,0.2000812590122223,0.19515493512153625,0.08462072163820267,0.11425317078828812,0.12598463892936707,0.12903693318367004,34.57500076293945,35.38333511352539,35.40833282470703,34.83333206176758,27.20833396911621,28.200000762939453,28.433334350585938,27.83333396911621,19.90833282470703,21.075000762939453,21.525001525878906,20.891666412353516,0.32930390040079754,21.75,21.898332595825195,22.725000381469727,21.68000030517578,5.575000286102295,5.425000190734863,5.5916666984558105,5.525000095367432,67663.16826923077,53770.958333333336,112738.04807692308,681.0,637.0,842.0,839.0,772.0,858.0,907.0,4.471226215362549,1.0,0.0,2.0,31.007999420166016,25.051000595092773,24.93199920654297,26.571001052856445,24.48900032043457,25.68899917602539,27.434999465942383,29.746999740600586,29.375,26.93899917602539,27.437999725341797,25.725000381469727,11.25,5.9375,23.618892415364584,26.88017374674479,30.53349609375,34.61663004557292,1732.38330078125,1956.30224609375,2192.653564453125,2439.271484375,128.0201416015625,144.56736755371094,162.03334045410156,180.25796508789062,5.612499713897705,5.488333225250244,6.087499618530273,5.531666278839111
CM201800000045,CMGE71FL,CM,2018.0,45.0,CM2018DHS,10581.7001953125,12033.103515625,13665.2421875,163.26666259765625,131.81666564941406,148.56666564941406,125.75833892822266,50.235897064208984,40.045570373535156,44.56999969482422,38.39949035644531,0.00010700857355481103,0.0004135416140632024,0.0005757223992120652,27.27254638671875,25.947833251953124,26.87550048828125,26.346331787109374,11.666666984558105,10.991666793823242,10.466667175292969,11.191666603088379,2.0,3689.5,3723.6,3782.4,3737.2,4076.4,4033.6,4163.4,0.0,0.0,0.0,0.0,25.48238482384824,1868.2622767857142,3.0,0.0,0.0,0.10176985949753364,0.28172960063826646,22.226817321777343,21.69391632080078,22.107759094238283,21.915960693359374,2.000019187203591,23.8637629149729,-1.0,3.1484745511517613,1.8415333817644817,0.5068613274633723,0.4459872543811798,0.5329399108886719,0.38077637553215027,0.3293001651763916,0.42281481623649597,0.5591590404510498,0.3370472490787506,0.2902064919471741,29.350000381469727,29.58333396911621,29.433334350585938,29.491666793823242,23.5,24.066667556762695,24.17500114440918,23.866666793823242,17.683334350585938,18.59166717529297,18.96666717529297,18.30000114440918,0.0,17.18109130859375,17.440000915527342,17.34001770019531,17.485592651367188,3.25,3.2916667461395264,3.3333334922790527,3.2750000953674316,4862.102564102564,11582.327229299362,146231.71704180064,1938.6666666666667,2051.0,1822.6666666666667,1919.888888888889,1883.111111111111,1990.4444444444443,1940.5555555555557,4.08667190675813,0.0,0.0,0.0,24.071748733520508,21.535499572753906,21.876998901367188,24.92275047302246,23.588001251220703,21.456748962402344,22.19849967956543,24.91775131225586,23.06024932861328,22.88599967956543,22.235750198364258,21.447750091552734,399.81842818428186,94.17886178861788,4.622778387017589,5.259375733755976,5.980371360570355,6.790857533939549,7762.2021484375,9038.130859375,10500.103515625,12146.443359375,24.602404090447155,28.64640762618564,33.28007759569783,38.49809715870596,13.15999984741211,12.523332595825195,14.75333309173584,12.153332710266113
CM201800000046,CMGE71FL,CM,2018.0,46.0,CM2018DHS,16213.341796875,18416.919921875,20879.74609375,72.5250015258789,65.42500305175781,75.59166717529297,66.45000457763672,14.267212867736816,13.32937240600586,14.79771614074707,13.223880767822266,0.000716091381220878,0.001286459968814367,0.009200499027590209,36.41868760850694,35.19481743706597,36.35295952690972,36.155185275607636,13.958333969116211,13.591667175292969,12.975000381469727,13.25,2.0,2252.1111111111113,2284.1111111111113,2455.1111111111113,2625.4444444444443,2670.3333333333335,2652.8888888888887,2680.5555555555557,0.0,0.0,0.0,0.0,29.151193633952253,1835.780078125,4.0,0.0,0.0,0.04834227110506094,0.17254707230208807,29.32010226779514,28.88111029730903,29.58175998263889,29.259908040364582,1.4376129799700799,16.47474443151596,-1.0,8.178446018949469,0.44362713428253825,3.426002989424036,0.3178810775279999,0.319302499294281,0.1877465546131134,0.22876492142677307,0.23977534472942352,0.24401512742042542,0.11672865599393845,0.16247287392616272,34.741668701171875,35.55833435058594,35.41666793823242,35.07500076293945,27.741666793823242,28.733333587646484,28.891666412353516,28.416667938232422,20.78333282470703,21.96666717529297,22.441667556762695,21.825000762939453,0.0004231147542845047,22.221516927083332,22.567408243815105,22.810557047526043,22.36462910970052,5.083333492279053,4.9083333015441895,5.108333587646484,5.025000095367432,26851.89523809524,47354.88817891374,41796.920634920636,931.9,950.7,1080.4,962.6,915.3,904.1,936.6,2.7553996633976063,0.0,0.0,0.0,31.33666737874349,25.037333170572918,25.580668131510418,27.465001424153645,25.246002197265625,25.503000895182293,26.9673334757487,30.651334126790363,28.986000061035156,27.210665384928387,27.060333251953125,25.32800038655599,143.78191489361703,51.03191489361702,7.242771342995979,8.242847268766756,9.363145107238607,10.615243538455093,29373.572265625,33523.59765625,37974.02734375,42695.12890625,92.48976687167553,105.55712890625,119.57039561170212,134.43592087765958,6.429166316986084,5.84499979019165,6.877499580383301,6.222499847412109
CM201800000047,CMGE71FL,CM,2018.0,47.0,CM2018DHS,56208.41015625,63847.7734375,72385.8984375,184.0749969482422,157.89166259765625,159.22500610351562,133.5166778564453,66.13472747802734,55.40058517456055,54.90517044067383,47.402366638183594,0.01342146036325927,0.02046610534766096,0.028778931718930555,25.68474663628472,25.227298312717014,25.267964680989582,25.595521714952255,10.141666412353516,9.466667175292969,9.091667175292969,9.675000190734863,2.0,3652.3333333333335,3663.3333333333335,3723.222222222222,3603.1111111111113,3898.222222222222,3981.4444444444443,4019.8888888888887,0.0,0.0,0.0,0.0,24.84426229508197,1964.494419642857,3.0,0.0,0.0,0.06611255568047061,0.3365009978221924,20.20232476128472,20.029483371310764,20.28787061903212,20.448777940538193,3.0888958706881833,121.81568049863388,-1.0,9.28047488686817,9.383837090163935,1.1569990981471994,0.32530108094215393,0.451514333486557,0.21225808560848236,0.12814435362815857,0.2698814272880554,0.4261411726474762,0.14723841845989227,0.082679383456707,26.59166717529297,26.641666412353516,26.58333396911621,26.649999618530273,21.491666793823242,21.875,22.008333206176758,21.80000114440918,16.450000762939453,17.17500114440918,17.491666793823242,16.975000381469727,0.019617285738126742,14.719899495442709,14.831666734483507,15.307778252495659,15.302037556966146,2.7833333015441895,2.8500001430511475,2.9000000953674316,2.816666603088379,139100.45569620252,33603.038338658145,132351.5884244373,1888.4444444444443,1847.6666666666667,1735.4444444444443,1731.888888888889,1965.4444444444443,1749.6666666666667,1550.111111111111,3.159699320141735,0.0,1.0,1.0,22.717498779296875,19.87849998474121,21.791500091552734,23.629499435424805,22.872501373291016,20.017499923706055,21.211999893188477,23.491500854492188,22.161998748779297,22.062999725341797,20.93400001525879,20.566999435424805,151.4398907103825,46.41530054644809,23.408610461229948,26.640854779411764,30.261650860628343,34.308429248830215,49762.5546875,49413.8125,48713.48828125,47677.453125,158.6464737021858,157.5346226092896,155.3018912226776,151.9988900273224,15.770833015441895,15.239166259765625,15.21500015258789,14.119999885559082
CM201800000048,CMGE71FL,CM,2018.0,48.0,CM2018DHS,167035.0625,189737.03125,215109.84375,65.39167022705078,61.875,71.9000015258789,65.125,11.9984712600708,11.711356163024902,13.15243911743164,12.078824996948242,0.0009975348469577257,0.0013641981950289087,0.0019370734314375286,38.326724243164065,36.86783447265625,37.2864990234375,37.12513427734375,14.191666603088379,13.841667175292969,13.333333969116211,13.475000381469727,2.0,1770.6,1844.7,2030.7,2120.8,2135.9,2110.1,2122.6,0.0,0.0,0.0,0.0,37.18817204301075,1731.0255301339287,5.0,0.0,0.0,0.025344527697801378,0.1546183699556434,29.960726928710937,29.29091796875,29.6725830078125,29.52539978027344,8.861651446368244,125.93540962837838,-1.0,0.9252693794869088,0.41974153260926944,8.959166490709459,0.2140587227685111,0.24918149198804582,0.30569870131356375,0.27393358094351633,0.1407088041305542,0.17947072642190115,0.227780852999006,0.20593178272247314,34.72500228881836,35.53333282470703,35.45833206176758,34.991668701171875,27.616666793823242,28.600000381469727,28.766666412353516,28.21666717529297,20.533334732055664,21.691667556762695,22.125,21.516666412353516,0.02611621614283941,21.5947265625,21.713999938964843,22.058668518066405,21.925665283203124,5.450000286102295,5.2833333015441895,5.4666666984558105,5.391666889190674,55892.18649517685,47053.715189873416,100381.24921135647,675.9,653.1,805.0,791.4,725.3,808.2,871.0,0.2726127830711571,0.0,0.0,0.0,31.52174949645996,25.39699935913086,25.359249114990234,26.974750518798828,24.852998733520508,26.089000701904297,27.796249389648438,30.176250457763672,29.686250686645508,27.351497650146484,27.916749954223633,26.116748809814453,96.23783783783784,35.770270270270274,53.2765,60.63288020833333,68.873578125,78.08379166666667,35958.125,40717.265625,45763.28125,51053.56640625,114.86308065878379,130.06542440878377,146.18407939189188,163.0830342060811,6.076666831970215,5.660833358764648,6.485833168029785,5.984166622161865
CM201800000049,CMGE71FL,CM,2018.0,49.0,CM2018DHS,29075.08203125,33026.71875,37443.2578125,86.16667175292969,74.78333282470703,81.88333129882812,70.59166717529297,18.36589813232422,16.71135902404785,17.483985900878906,15.235610961914062,0.19131387363780628,0.2309951348738237,0.33414168791337445,35.79909133911133,34.0099983215332,33.74166488647461,35.11333465576172,13.77500057220459,13.375,12.733333587646484,13.041666984558105,2.0,2209.0,2193.0,2246.0,2293.0,2320.0,2285.0,2289.0,0.0,0.0,0.0,0.0,69.64285714285714,1835.7801513671875,-807,0.39334338903427124,0.0,0.06988195966730379,0.18487597720410706,28.634546279907227,28.012500762939453,27.864999771118164,28.741666793823242,1.461306163242885,439.76220703125,-1.0,12.795946393694196,1.5952538081577845,4.256306512015207,0.41597774624824524,0.3891015648841858,0.21478252112865448,0.27522289752960205,0.34553274512290955,0.31957975029945374,0.1396874636411667,0.20735257863998413,34.93333435058594,35.65833282470703,35.54166793823242,35.19166564941406,28.03333282470703,28.941667556762695,29.141666412353516,28.641666412353516,21.15833282470703,22.28333282470703,22.808334350585938,22.149999618530273,1.7285420735677084,21.469999313354492,22.014999389648438,21.988332748413086,22.3700008392334,4.691666603088379,4.474999904632568,4.683333396911621,4.633333206176758,33919.168269230766,68986.0,79578.60416666667,916,1034,1056,971,946,998,910,0.46815661021641325,3.0,3.0,3.0,32.236000061035156,26.052000045776367,25.756999969482422,27.980998992919922,25.302000045776367,26.558000564575195,28.163999557495117,31.391000747680664,30.534000396728516,27.472000122070312,27.836999893188477,26.468000411987305,9.571428571428571,1.5,430.98577473958335,490.49596354166664,557.1599609375,631.6669270833333,644.4422607421875,787.6279296875,955.43359375,1150.364013671875,54.21065412248884,66.25546700613839,80.37132045200893,96.76893833705357,6.864999771118164,6.494999885559082,7.234999656677246,6.4708333015441895
CM201800000050,CMGE71FL,CM,2018.0,50.0,CM2018DHS,76675.5078125,87096.578125,98743.6875,223.85000610351562,178.51666259765625,281.04168701171875,168.1416778564453,79.23893737792969,61.557472229003906,96.91091918945312,57.6485710144043,0.6636590957641602,0.715556101365523,0.7088027433915571,25.709999084472656,24.203332901000977,26.666362762451172,26.016666412353516,8.416666984558105,7.741666793823242,7.441667079925537,7.941667079925537,2.0,2343,2477,2580,2756,2779,2864,2810,0.0,0.0,0.0,0.0,60.6,2995.8017578125,-807,0.0,0.0,0.05304054416991964,0.1902248762160872,22.6990909576416,22.58888816833496,24.111818313598633,23.779582977294922,0.14296709696451823,468.8091145833333,-1.0,0.9458675384521484,0.004564168552557628,0.43154481252034504,0.3528392016887665,0.37430283427238464,0.13954108953475952,0.11302486062049866,0.3794374465942383,0.42185595631599426,0.09518828243017197,0.0799097865819931,31.0,30.875,30.88333511352539,31.058334350585938,26.758333206176758,26.975000381469727,27.133333206176758,27.066667556762695,22.58333396911621,23.133333206176758,23.441667556762695,23.116666793823242,8.02919963254767,19.688180923461914,20.974445343017578,21.55727195739746,21.542499542236328,2.825000047683716,2.9000000953674316,2.9000000953674316,2.9166667461395264,6125.766826923077,3043.8619791666665,3056.7013221153848,3221.0,3502.0,3751.0,3416.0,3241.0,3850.0,2643.0,0.0,3.0,3.0,3.0,27.208248138427734,24.597938537597656,26.797937393188477,27.542268753051758,26.904123306274414,24.75154685974121,25.994844436645508,27.368040084838867,26.729896545410156,26.428865432739258,25.6989688873291,25.161855697631836,9.2,0.0,483.27154947916665,550.0013671875,624.7527994791667,708.2986979166667,17353.4453125,21488.859375,26410.92578125,32218.79296875,1349.4869791666667,1671.0765625,2053.83984375,2505.4875,17.586666107177734,15.996665954589844,16.883333206176758,15.099165916442871
CM201800000051,CMGE71FL,CM,2018.0,51.0,CM2018DHS,7267.611328125,8255.36328125,9359.322265625,131.80833435058594,115.51667022705078,136.3333282470703,102.68333435058594,47.785499572753906,40.179710388183594,47.4202880859375,35.7159423828125,0.5545451090886042,0.7002826103797326,0.6819469745342548,27.299999237060547,26.528181076049805,26.950000762939453,28.439090728759766,9.175000190734863,9.175000190734863,8.5,9.158333778381348,-9999,3020.0,3009.0,2877.0,2887.0,2934.0,2810.0,2832.0,0.0,0.0,0.0,0.0,75.0,2392.42236328125,-807,0.0,0.0,0.06752034310836967,0.28049537025505233,22.704999923706055,22.51992416381836,23.013635635375977,23.697046279907227,0.3405455946922302,262.5003662109375,-1.0,3.7532262802124023,0.9795960783958435,1.2293858528137207,0.46349212527275085,0.3653032183647156,0.15986847877502441,0.19314710795879364,0.5373510122299194,0.3845657408237457,0.11160854995250702,0.16009853780269623,28.700000762939453,29.0,28.80000114440918,29.016666412353516,24.08333396911621,24.383333206176758,24.516666412353516,24.40833282470703,19.525001525878906,19.825000762939453,20.30000114440918,19.858333587646484,7.185776283001077,18.110000610351562,18.511667251586914,19.077272415161133,18.954999923706055,2.758333444595337,2.875,2.875,2.875,175306.76923076922,28022.221153846152,62462.48557692308,1923,1606,1450,1733,1595,1630,1261,0.7861628532409668,3.0,3.0,3.0,24.781999588012695,22.795000076293945,23.84600067138672,25.30299949645996,24.42099952697754,22.527000427246094,23.399999618530273,24.98699951171875,24.201000213623047,23.722999572753906,23.39299964904785,23.132999420166016,8.5,0.3125,66.06004115513393,75.18156215122768,85.39958844866071,96.81976318359375,515.910400390625,560.2820434570312,603.92236328125,646.1168212890625,37.55635070800781,40.78643798828125,43.963294982910156,47.034889221191406,13.170832633972168,12.398332595825195,13.69333267211914,11.091666221618652
CM201800000052,CMGE71FL,CM,2018.0,52.0,CM2018DHS,224789.140625,255340.5625,289486.3125,131.80833435058594,115.51667022705078,136.3333282470703,102.68333435058594,47.785499572753906,40.179710388183594,47.4202880859375,35.7159423828125,0.9284241016094501,0.9284241016094501,0.9289389390211839,28.600000381469727,27.552000045776367,29.09666633605957,30.79888916015625,9.175000190734863,9.175000190734863,8.5,9.158333778381348,-9999,2375,2354,2378,2433,2479,2434,2429,0.0,0.0,0.0,0.0,85.28571428571429,2392.42236328125,-807,0.0,0.0,0.041060865150569746,0.1484963031960643,23.23318099975586,23.006000518798828,24.00787925720215,25.07111167907715,0.0,0.0,-1.0,0.0,0.0,0.0,0.42617955803871155,0.33384793996810913,0.13547100126743317,0.17480474710464478,0.47387978434562683,0.3369608223438263,0.0886593833565712,0.13904230296611786,28.700000762939453,29.0,28.80000114440918,29.016666412353516,24.08333396911621,24.383333206176758,24.516666412353516,24.40833282470703,19.525001525878906,19.825000762939453,20.30000114440918,19.858333587646484,30.10043785220287,17.866363525390625,18.459999084472656,18.919090270996094,19.343334197998047,2.758333444595337,2.875,2.875,2.875,171307.3076923077,25488.971590909092,61455.25961538462,1784.0,1495.0,1351.0,1647.0,1502.0,1514.0,1181.0,0.6040646008082798,3.0,3.0,3.0,24.781999588012695,22.795000076293945,23.84600067138672,25.30299949645996,24.42099952697754,22.527000427246094,23.399999618530273,24.98699951171875,24.201000213623047,23.722999572753906,23.39299964904785,23.132999420166016,1.7857142857142858,0.0,2089.819270833333,2378.3802083333335,2701.6291666666666,3062.9080729166667,67478.875,86974.921875,111266.8125,141284.5,5665.002232142857,7301.739955357143,9341.10044642857,11861.15513392857,13.170832633972168,12.398332595825195,13.69333267211914,11.091666221618652
CM201800000053,CMGE71FL,CM,2018.0,53.0,CM2018DHS,126358.2421875,143531.765625,162725.734375,225.9166717529297,176.19166564941406,294.9916687011719,166.97500610351562,80.44510650634766,61.46220779418945,102.9040756225586,58.0782585144043,0.8134245077768961,0.8652747472127279,0.8301517168680826,-9999,-9999,-9999,-9999,8.691666603088379,8.016666412353516,7.708333492279053,8.216667175292969,2.0,-9999,-9999,-9999,-9999,-9999,-9999,-9999,0.0,0.0,0.0,0.0,86.4,2697.871826171875,-807,0.0,0.0,0.07417191367086856,0.2821556277257178,-9999,-9999,-9999,-9999,0.0,0.0,-1.0,0.0,0.0,0.0,0.38997113704681396,0.4156497120857239,0.17567232251167297,0.1361272782087326,0.43947961926460266,0.49119022488594055,0.13322283327579498,0.10201852023601532,31.108333587646484,31.008333206176758,31.033334732055664,31.20833396911621,26.725000381469727,26.975000381469727,27.166667938232422,27.08333396911621,22.416667938232422,22.991666793823242,23.325000762939453,22.991666793823242,23.93065371755826,-9999,-9999,-9999,-9999,2.808333396911621,2.866666793823242,2.866666793823242,2.875,1792.0009765625,3460.8971354166665,1284.6619318181818,3411,3590,3981,3499,3270,3914,2587,0.0,3.0,3.0,3.0,27.347000122070312,24.865999221801758,26.996999740600586,27.70599937438965,27.152000427246094,24.9950008392334,26.191999435424805,27.571001052856445,26.895000457763672,26.59600067138672,25.867000579833984,25.38800048828125,3.0,0.0,998.9769810267857,1136.9150390625,1291.4347098214287,1464.133510044643,17182.1796875,21276.78125,26150.26953125,31900.814453125,1349.4869791666667,1671.0765625,2053.8399739583333,2505.4875,17.16499900817871,15.934999465942383,16.543333053588867,15.129166603088379
CM201800000054,CMGE71FL,CM,2018.0,54.0,CM2018DHS,134796.5,153116.890625,173592.65625,225.9166717529297,176.19166564941406,294.9916687011719,166.97500610351562,80.44510650634766,61.46220779418945,102.9040756225586,58.0782585144043,0.43588473246647763,0.5900355118971604,0.5781286312983587,28.685556411743164,25.45800018310547,28.2336368560791,27.860000610351562,8.691666603088379,8.016666412353516,7.708333492279053,8.216667175292969,2.0,3099,3066,3018,3088,3150,3146,3142,0.0,0.0,0.0,0.0,75.83333333333333,2697.871826171875,-9999,0.0,0.0,0.0975071378552335,0.40124566655983285,24.38777732849121,23.228546142578125,24.888818740844727,24.5262508392334,0.8840104616605319,1179.028545673077,-1.0,6.1557488074669475,0.4145442522489108,0.48479527693528396,0.4073752164840698,0.4349580407142639,0.1914490908384323,0.1382010281085968,0.46850138902664185,0.5235764980316162,0.15155905485153198,0.10368698835372925,31.108333587646484,31.008333206176758,31.033334732055664,31.20833396911621,26.725000381469727,26.975000381469727,27.166667938232422,27.08333396911621,22.416667938232422,22.991666793823242,23.325000762939453,22.991666793823242,5.05447839807581,20.09000015258789,20.99909019470215,21.54400062561035,21.1924991607666,2.808333396911621,2.866666793823242,2.866666793823242,2.875,1306.8671875,4143.130408653846,861.3463541666666,3181,3329,3739,3191,3086,3741,2417,0.0,3.0,3.0,3.0,27.175825119018555,24.815383911132812,26.767032623291016,27.451648712158203,26.852746963500977,24.876922607421875,26.062637329101562,27.376922607421875,26.740659713745117,26.464834213256836,25.791208267211914,25.30769157409668,8.923076923076923,1.3076923076923077,893.6922200520834,1017.092529296875,1155.3270670572917,1309.82470703125,14152.6923828125,17525.3515625,21539.56640625,26276.203125,1349.487079326923,1671.0766225961538,2053.83984375,2505.487530048077,17.16499900817871,15.934999465942383,16.543333053588867,15.129166603088379
CM201800000055,CMGE71FL,CM,2018.0,55.0,CM2018DHS,22817.15625,25918.267578125,29384.22265625,147.35833740234375,139.73333740234375,136.4499969482422,114.73333740234375,49.8112678527832,46.19283676147461,44.373985290527344,38.24444580078125,0.0006923420624163166,0.0013880269519937862,0.0018317958094039052,26.136419677734374,25.306602478027344,25.92933349609375,25.179029846191405,9.166666984558105,9.166666984558105,8.483333587646484,9.149999618530273,-9999,4303.3,4313.5,4411.3,4385.9,4625.7,4774.0,4728.3,0.0,0.0,0.0,0.0,24.11320754716981,2471.247135416667,-801.0,0.0,0.0,0.07498534107899069,0.39151902450011455,22.59320831298828,22.239801025390626,22.57378692626953,22.395120239257814,0.19954364704635907,52.101457210242586,-1.0,2.806715643952156,3.09440674486186,0.7331890918495199,0.5331282956259591,0.46466044017246794,0.3958309718540737,0.365175587790353,0.6679942948477608,0.5418304715837751,0.4336483137948172,0.40493753978184294,29.766666412353516,30.066667556762695,29.84166717529297,30.066667556762695,25.149999618530273,25.450000762939453,25.59166717529297,25.45833396911621,20.600000381469727,20.900001525878906,21.358333587646484,20.916667938232422,0.02026593766024834,19.05,19.173001098632813,19.218243408203126,19.611212158203124,2.9583334922790527,3.0250000953674316,3.075000047683716,3.0,187244.18927444794,58378.25,34420.17721518988,1774.0,1717.0,1476.2,1670.2,1642.1,1697.7,1300.2,0.7653927044727089,0.0,0.0,0.0,24.963001251220703,22.83099937438965,24.64299964904785,25.593000411987305,24.684499740600586,22.81100082397461,23.787500381469727,25.377500534057617,24.472999572753906,24.10649871826172,23.714000701904297,23.51850128173828,150.99730458221023,62.0188679245283,9.340603446440735,10.630347145350818,12.0751327805688,13.689894839918257,27207.40234375,28008.365234375,28617.462890625,29022.21875,85.44135886960916,87.9566732648248,89.86946175876011,91.14056182614556,13.792499542236328,13.516666412353516,13.476666450500488,12.154999732971191
CM201800000056,CMGE71FL,CM,2018.0,56.0,CM2018DHS,75904.578125,86220.875,97750.8828125,86.16667175292969,74.78333282470703,81.88333129882812,70.59166717529297,18.36589813232422,16.71135902404785,17.483985900878906,15.235610961914062,0.425750732421875,0.4327141216823033,0.4666977950504848,35.79909133911133,34.0099983215332,33.74166488647461,35.11333465576172,13.77500057220459,13.375,12.733333587646484,13.041666984558105,2.0,2209,2193,2246,2293,2320,2285,2289,0.0,0.0,0.0,0.0,70.75,1835.7801513671875,-807,1.9668300151824951,0.0,0.03498031737928811,0.011243357001847004,28.634546279907227,28.012500762939453,27.864999771118164,28.741666793823242,0.4597959816455841,97.47883605957031,-1.0,3.5623526573181152,0.4303211271762848,0.8847798109054565,0.3475590646266937,0.3102456033229828,0.16356340050697327,0.2408512681722641,0.27029862999916077,0.23433522880077362,0.09679292142391205,0.17260584235191345,34.93333435058594,35.65833282470703,35.54166793823242,35.19166564941406,28.03333282470703,28.941667556762695,29.141666412353516,28.641666412353516,21.15833282470703,22.28333282470703,22.808334350585938,22.149999618530273,5.481726694915254,21.469999313354492,22.014999389648438,21.988332748413086,22.3700008392334,4.691666603088379,4.474999904632568,4.683333396911621,4.633333206176758,34532.309895833336,65448.442307692305,83095.33928571429,916,1034,1056,971,946,998,910,0.8095976114273071,3.0,3.0,3.0,32.374000549316406,26.190000534057617,25.722999572753906,28.023000717163086,25.30699920654297,26.69700050354004,28.329999923706055,31.496999740600586,30.698999404907227,27.44099998474121,27.8799991607666,26.571001052856445,3.5625,0.3125,657.1159319196429,747.85009765625,849.4914899553571,963.0907505580357,736.567138671875,900.2215576171875,1092.0155029296875,1314.8118896484375,54.210655212402344,66.25546264648438,80.37132263183594,96.76893615722656,6.864999771118164,6.494999885559082,7.234999656677246,6.4708333015441895
CM201800000058,CMGE71FL,CM,2018.0,58.0,CM2018DHS,42432.03515625,48199.03125,54644.51171875,131.80833435058594,115.51667022705078,136.3333282470703,102.68333435058594,47.785499572753906,40.179710388183594,47.4202880859375,35.7159423828125,0.4719767937293419,0.5330123901367188,0.6281235768244817,27.299999237060547,26.528181076049805,26.950000762939453,28.439090728759766,9.175000190734863,9.175000190734863,8.5,9.158333778381348,-9999,3020.0,3009.0,2877.0,2887.0,2934.0,2810.0,2832.0,0.0,0.0,0.0,0.0,70.06666666666666,2392.42236328125,-807,0.0,0.0,0.06752034310836967,0.28049537025505233,22.704999923706055,22.51992416381836,23.013635635375977,23.697046279907227,0.35536238352457683,223.13907877604166,-1.0,4.06314442952474,1.0190057118733724,1.2151044209798176,0.46349212527275085,0.3653032183647156,0.15986847877502441,0.19314710795879364,0.5373510122299194,0.3845657408237457,0.11160854995250702,0.16009853780269623,28.700000762939453,29.0,28.80000114440918,29.016666412353516,24.08333396911621,24.383333206176758,24.516666412353516,24.40833282470703,19.525001525878906,19.825000762939453,20.30000114440918,19.858333587646484,9.735366295123923,18.110000610351562,18.511667251586914,19.077272415161133,18.954999923706055,2.758333444595337,2.875,2.875,2.875,172611.48076923078,25445.471590909092,64347.64903846154,1912.0,1602.0,1441.0,1733.0,1577.0,1613.0,1243.0,0.5323628425598145,3.0,3.0,3.0,24.781999588012695,22.795000076293945,23.84600067138672,25.30299949645996,24.42099952697754,22.527000427246094,23.399999618530273,24.98699951171875,24.201000213623047,23.722999572753906,23.39299964904785,23.132999420166016,8.8,0.06666666666666667,552.1303385416667,628.3681640625,713.7705729166667,809.2204427083333,14091.8193359375,18083.8671875,23049.064453125,29175.669921875,1094.1826822916667,1404.1518229166666,1789.6825520833333,2265.39296875,13.170832633972168,12.398332595825195,13.69333267211914,11.091666221618652
CM201800000059,CMGE71FL,CM,2018.0,59.0,CM2018DHS,11386.8671875,12934.47265625,14664.1513671875,86.17500305175781,81.20833587646484,93.06666564941406,86.13333892822266,18.40035629272461,18.147113800048828,19.978532791137695,18.758621215820312,0.0008118480158309206,0.001099927832905096,0.0017209083508378782,35.16727294921875,33.597833251953126,33.80249938964844,34.41560668945313,13.883333206176758,13.5,12.700000762939453,13.100000381469727,2.0,2467.2,2373.6,2622.9,2708.1,2800.1,2778.6,2832.4,0.0,0.0,0.0,0.0,24.308943089430894,1498.5895833333334,5.0,0.0,0.0,0.07508977863603743,0.2975149997708178,27.8733642578125,27.414251708984374,27.4447509765625,27.758636474609375,0.784472788575542,15.475705030487806,-0.9728997289972899,2.359864273691565,1.4896101292555894,1.3368629517594004,0.49315624237060546,0.49370199839274087,0.39775638580322265,0.3952507019042969,0.4449873606363932,0.45341707865397135,0.333320681254069,0.3498005549112956,34.63333511352539,35.233333587646484,34.95833206176758,34.733333587646484,27.658334732055664,28.46666717529297,28.59166717529297,28.166667938232422,20.75,21.733333587646484,22.258333206176758,21.633333206176758,0.004804024600342616,20.579454040527345,21.230665588378905,21.08699951171875,21.101666259765626,4.683333396911621,4.474999904632568,4.6583333015441895,4.5916666984558105,59071.07255520505,20147.90353697749,99263.2564102564,930.7272727272727,1043.6363636363637,984.3636363636364,936.8181818181819,947.8181818181819,994.1818181818181,840.0,0.17670930691850864,0.0,0.0,0.0,31.300251007080078,25.63574981689453,25.293750762939453,27.35824966430664,25.070999145507812,26.159250259399414,27.41349983215332,30.39699935913086,29.548248291015625,26.511999130249023,27.0052490234375,25.98025131225586,229.10569105691056,36.44173441734417,5.277726348458904,6.006470729880137,6.822818787457192,7.735209091395548,2603.283203125,3210.71337890625,3930.281494140625,4775.314453125,8.570385940675813,10.570132537262873,12.939056148373984,15.721025999322492,7.272500038146973,7.147500038146973,8.175000190734863,7.489166736602783
CM201800000060,CMGE71FL,CM,2018.0,60.0,CM2018DHS,37351.1484375,42427.59375,48101.28125,219.56666564941406,172.3416748046875,290.433349609375,164.78334045410156,86.10457611083984,66.2852554321289,110.9936294555664,62.77460479736328,0.16636254237248346,0.23251922313983625,0.22738034908588117,27.198888778686523,26.020000457763672,27.219091415405273,27.065000534057617,8.741666793823242,8.066666603088379,7.733333587646484,8.27500057220459,2.0,4827,4765,4725,4507,4423,4446,4447,0.0,0.0,0.0,0.0,74.84615384615384,2697.871826171875,-807,0.5302091836929321,0.0,0.09605444678379023,0.3775717956981176,23.53171730041504,23.15333366394043,24.015378952026367,23.964500427246094,1.3556663513183593,783.8981770833333,-1.0,16.121800740559895,0.2995677312215169,1.5333656311035155,0.4332253038883209,0.4625363051891327,0.33780643343925476,0.20113074779510498,0.473284512758255,0.5246831774711609,0.33845028281211853,0.1705780327320099,28.325000762939453,28.225000381469727,28.266666412353516,28.416667938232422,23.92500114440918,24.16666603088379,24.375,24.258333206176758,19.58333396911621,20.15833282470703,20.53333282470703,20.141666412353516,1.4576548258463542,19.864545822143555,20.286666870117188,20.81166648864746,20.86400032043457,2.549999952316284,2.6000001430511475,2.616666793823242,2.625,3060.8563701923076,9346.547475961539,3267.4353966346152,2325,2523,3106,2806,2582,2994,1925,2.451318868001302,3.0,3.0,3.0,25.614736557006836,23.369474411010742,24.95684242248535,25.686315536499023,25.210525512695312,23.277894973754883,24.3294734954834,25.755788803100586,25.127368927001953,24.817893981933594,24.288421630859375,23.796842575073242,3.066666666666667,3.2,327.9664829799107,373.2518833705357,423.9810267857143,480.678466796875,2603.1650390625,3042.554931640625,3529.53466796875,4063.9794921875,202.16590169270833,236.28961588541668,274.1092122395833,315.6150390625,17.156665802001953,15.893333435058594,16.738332748413086,15.206666946411133
CM201800000061,CMGE71FL,CM,2018.0,61.0,CM2018DHS,18277.01953125,20761.076171875,23537.376953125,132.4250030517578,110.45833587646484,119.44166564941406,109.07500457763672,45.016998291015625,36.71745300292969,39.16120147705078,36.56145095825195,0.10752337319510323,0.18841889926365443,0.2951867921011789,27.872222900390625,26.67909049987793,27.708181381225586,27.30272674560547,10.925000190734863,10.925000190734863,10.241666793823242,10.908333778381348,1.0,3761,3748,3789,3879,4119,4268,4180,0.0,0.0,0.0,0.0,29.6875,2108.624267578125,-807.0,0.0,0.0,0.091982188870723,0.41283785514472926,23.033838272094727,22.7895450592041,23.329090118408203,23.12803077697754,0.7391029000282288,153.0225830078125,-1.0,7.491183280944824,1.0933239459991455,0.60121750831604,0.4692780077457428,0.4514443278312683,0.2984709143638611,0.27374082803726196,0.48351573944091797,0.45761391520500183,0.2518400549888611,0.23917677998542786,29.64166831970215,30.116666793823242,29.875,30.0,24.15833282470703,24.633333206176758,24.733333587646484,24.525001525878906,18.71666717529297,19.191667556762695,19.633333206176758,19.09166717529297,1.3234935559724506,18.195453643798828,18.899999618530273,18.950000762939453,18.953332901000977,2.941666841506958,3.008333444595337,3.049999952316284,2.9833333492279053,114178.0,65224.427083333336,208422.31818181818,1553,1505,1390,1602,1429,1512,1240,0.2799183428287506,0.0,3.0,3.0,24.948999404907227,22.87299919128418,23.399999618530273,24.452999114990234,23.588001251220703,22.801000595092773,23.6200008392334,25.107999801635742,24.3439998626709,23.990999221801758,23.676000595092773,23.53700065612793,17.875,1.6875,129.75900065104167,147.67600911458334,167.746875,190.17903645833334,129.74923706054688,148.9005126953125,169.601806640625,191.7429656982422,9.453296661376953,10.84862232208252,12.35688591003418,13.970048904418945,12.125,11.640832901000977,11.769999504089355,10.929166793823242
CM201800000062,CMGE71FL,CM,2018.0,62.0,CM2018DHS,149631.21875,169967.796875,192696.96875,184.0749969482422,157.89166259765625,159.22500610351562,133.5166778564453,66.13472747802734,55.40058517456055,54.90517044067383,47.402366638183594,0.019208799434613576,0.0388817968247812,0.05570999580093577,26.390927124023438,25.505029296875,25.870001220703124,25.844000244140624,10.141666412353516,9.466667175292969,9.091667175292969,9.675000190734863,2.0,3658.9,3646.3,3678.3,3554.4,3829.9,3629.7,3804.4,0.0,0.0,0.0,0.0,32.45355191256831,1964.4944010416666,4.0,0.0,0.0,0.07017097723661679,0.3203022301096601,20.445953369140625,20.079849243164062,20.3961669921875,20.458416748046876,4.441679407338627,131.71061731557376,-1.0,8.733881382342895,8.337831924521858,1.3710230426058743,0.33778272356305805,0.5341296877179827,0.22205087116786412,0.10857209137507848,0.28369649818965365,0.5416322095053536,0.1562544788633074,0.06610717943736485,26.59166717529297,26.641666412353516,26.58333396911621,26.649999618530273,21.491666793823242,21.875,22.008333206176758,21.80000114440918,16.450000762939453,17.17500114440918,17.491666793823242,16.975000381469727,0.025530539417718823,14.500982666015625,14.654666137695312,14.922332763671875,15.072833251953124,2.7833333015441895,2.8500001430511475,2.9000000953674316,2.816666603088379,120319.3164556962,19930.990415335462,159558.49056603774,1811.8181818181818,1848.6363636363637,1795.7272727272727,1835.7272727272727,2047.0,1909.7272727272727,1677.0,1.5286389960617315,1.0,1.0,1.0,23.613332112630207,20.584332784016926,23.562998453776043,24.786666870117188,23.829335530598957,21.02833302815755,22.234334309895832,24.713333129882812,23.180999755859375,23.11199951171875,21.56866709391276,21.371999104817707,66.43169398907104,12.497267759562842,64.36387936144986,73.25119092987805,83.20686716632791,94.33382029132791,71785.7890625,73913.484375,75572.4453125,76731.453125,228.97222933743168,235.7590505464481,241.05082394125682,244.74786543715848,15.770833015441895,15.239166259765625,15.21500015258789,14.119999885559082
CM201800000063,CMGE71FL,CM,2018.0,63.0,CM2018DHS,43502.99609375,49415.5546875,56023.7109375,179.80833435058594,151.76666259765625,153.64999389648438,127.5,62.906707763671875,51.88603973388672,51.50279235839844,42.5,0.5670496395656041,0.6916248457772392,0.8563629559108189,27.59363555908203,25.860000610351562,26.808332443237305,27.225000381469727,10.291666984558105,9.616666793823242,9.225000381469727,9.824999809265137,2,3465,3450,3453,3476,3616,3611,3669,0.0,0.0,0.0,0.0,56.6875,1964.494384765625,-807,0.0,0.0,0.07646113298767332,0.18896676314247973,20.859596252441406,20.31999969482422,20.84083366394043,21.200000762939453,0.33707842230796814,438.4476318359375,-1.0,21.91974449157715,34.289119720458984,0.5043287873268127,0.283743679523468,0.5718280076980591,0.19544826447963715,0.07770311832427979,0.2273486852645874,0.606440544128418,0.13012531399726868,0.044305261224508286,25.65833282470703,25.75,25.67500114440918,25.741666793823242,20.491666793823242,20.916667938232422,21.041667938232422,20.799999237060547,15.366666793823242,16.133333206176758,16.450000762939453,15.916666984558105,2.1660947297748767,14.125555992126465,14.779999732971191,14.873332977294922,15.175000190734863,2.8583333492279053,2.924999952316284,2.9833333492279053,3.0,80045.28125,35686.338541666664,200426.4090909091,2075.0,2102.0,2095.0,2103.0,2133.0,2149.0,2043.0,2.2497119903564453,3.0,3.0,3.0,24.143999099731445,21.200000762939453,22.45400047302246,24.67799949645996,23.548999786376953,21.415000915527344,22.500999450683594,24.785999298095703,23.55299949645996,23.177000045776367,22.239999771118164,21.79599952697754,6.0,0.0,419.60888671875,477.54820033482144,542.4524274553571,614.9926060267857,3272.971923828125,3703.9970703125,4160.462890625,4638.3955078125,239.00384521484375,270.4787902832031,303.8115234375,338.7117919921875,15.453332901000977,14.899999618530273,14.839166641235352,13.811666488647461
CM201800000064,CMGE71FL,CM,2018.0,64.0,CM2018DHS,2892.58447265625,3270.091552734375,3693.95556640625,144.7083282470703,118.5,121.30000305175781,115.55000305175781,47.96961212158203,38.95890426635742,39.879451751708984,37.98904037475586,0.002972803538358664,0.0035179027273685116,0.0053207912022554425,25.556654357910155,25.560832214355468,25.957501220703126,26.002001953125,10.683333396911621,10.683333396911621,10.683333396911621,10.683333396911621,1.0,3889.6,3891.9,4039.8,4103.4,4503.0,4411.1,4373.1,0.0,0.0,0.0,0.0,12.36096256684492,1575.722265625,-809.0,0.0,0.0,0.2052930827179097,0.7282299690040188,22.75054473876953,23.387583923339843,23.662620544433594,23.512416076660156,0.1618623172535616,7.9165874623997325,-0.8716577540106952,2.0684579451453877,0.11843821071685955,0.15213499222209748,0.5280234018961588,0.5044748942057292,0.4571391741434733,0.34151169459025066,0.5875532786051433,0.556320317586263,0.49076658884684243,0.3322474797566732,29.733333587646484,30.21666717529297,30.399999618530273,30.149999618530273,24.375,24.858333587646484,25.041667938232422,24.791667938232422,19.049999237060547,19.53333282470703,19.71666717529297,19.46666717529297,0.03195814723553865,19.944436645507814,21.214334106445314,21.367742919921874,21.022833251953124,3.0166666507720947,3.0416667461395264,3.0416667461395264,3.0416667461395264,4701.882563694267,2544.581487341772,228019.06329113923,1801.6666666666667,1663.6666666666667,1575.4444444444443,1799.5555555555557,1575.888888888889,1551.4444444444443,1434.7777777777778,0.4059408259264288,0.0,0.0,0.0,25.669498443603516,24.111499786376953,24.307498931884766,25.465999603271484,24.64175033569336,24.069250106811523,24.719749450683594,25.815750122070312,25.496997833251953,24.7445011138916,24.615249633789062,24.331748962402344,717.9812834224599,673.9919786096257,1.216814182229238,1.375086285316781,1.553448402718322,1.7538550808005138,964.0282592773438,1046.088623046875,1132.31982421875,1222.3021240234375,3.0799064432235963,3.342077571440508,3.617556322067179,3.9049973105364306,11.6875,10.598333358764648,10.886666297912598,10.442500114440918
CM201800000065,CMGE71FL,CM,2018.0,65.0,CM2018DHS,218919.203125,248672.828125,281926.9375,131.80833435058594,115.51667022705078,136.3333282470703,102.68333435058594,47.785499572753906,40.179710388183594,47.4202880859375,35.7159423828125,0.8912166595458985,0.8912166595458985,0.8910314559936523,31.790000915527344,30.392221450805664,30.657272338867188,32.29600143432617,9.175000190734863,9.175000190734863,8.5,9.158333778381348,-9999,3285,3223,3079,3058,3147,3115,3088,0.0,0.0,0.0,0.0,80.14285714285714,2392.42236328125,-807,0.0,0.0,0.041060865150569746,0.1484963031960643,25.086362838745117,24.589445114135742,24.85272789001465,25.937166213989258,0.0,0.0,-1.0,0.0,0.0,0.0,0.42617955803871155,0.33384793996810913,0.13547100126743317,0.17480474710464478,0.47387978434562683,0.3369608223438263,0.0886593833565712,0.13904230296611786,28.700000762939453,29.0,28.80000114440918,29.016666412353516,24.08333396911621,24.383333206176758,24.516666412353516,24.40833282470703,19.525001525878906,19.825000762939453,20.30000114440918,19.858333587646484,31.639982096354167,18.382726669311523,18.786666870117188,19.048181533813477,19.578332901000977,2.758333444595337,2.875,2.875,2.875,171592.88461538462,26446.988636363636,60339.072916666664,1784,1495,1351,1647,1502,1514,1181,0.6284059797014508,3.0,3.0,3.0,24.781999588012695,22.795000076293945,23.84600067138672,25.30299949645996,24.42099952697754,22.527000427246094,23.399999618530273,24.98699951171875,24.201000213623047,23.722999572753906,23.39299964904785,23.132999420166016,1.7857142857142858,0.0,2022.2766927083333,2301.5114583333334,2614.313020833333,2963.9153645833335,65368.15625,84245.984375,107767.109375,136831.953125,5489.404017857143,7074.710379464285,9049.948660714286,11490.734375,13.170832633972168,12.398332595825195,13.69333267211914,11.091666221618652
CM201800000066,CMGE71FL,CM,2018.0,66.0,CM2018DHS,29076.8203125,33028.69140625,37445.49609375,219.56666564941406,172.3416748046875,290.433349609375,164.78334045410156,86.10457611083984,66.2852554321289,110.9936294555664,62.77460479736328,0.30583292787725275,0.38567122546109284,0.39198043129660864,27.198888778686523,26.020000457763672,27.219091415405273,27.065000534057617,8.741666793823242,8.066666603088379,7.733333587646484,8.27500057220459,2.0,4827,4765,4725,4507,4423,4446,4447,0.0,0.0,0.0,0.0,66.2,2697.871826171875,-807,0.5302091836929321,0.0,0.11162015141422392,0.4598629109102065,23.53171730041504,23.15333366394043,24.015378952026367,23.964500427246094,1.233539036342076,680.4775390625,-1.0,14.737051827566964,0.326230560030256,1.4915831429617745,0.45476728677749634,0.48307618498802185,0.34305933117866516,0.2031262069940567,0.5081980228424072,0.560416042804718,0.34571120142936707,0.1721256971359253,28.325000762939453,28.225000381469727,28.266666412353516,28.416667938232422,23.92500114440918,24.16666603088379,24.375,24.258333206176758,19.58333396911621,20.15833282470703,20.53333282470703,20.141666412353516,1.7530249902757549,19.864545822143555,20.286666870117188,20.81166648864746,20.86400032043457,2.549999952316284,2.6000001430511475,2.616666793823242,2.625,1897.427734375,11014.132211538461,2377.9765625,2325.0,2523.0,3106.0,2806.0,2582.0,2994.0,1925.0,1.727433681488037,3.0,3.0,3.0,25.614736557006836,23.369474411010742,24.95684242248535,25.686315536499023,25.210525512695312,23.277894973754883,24.3294734954834,25.755788803100586,25.127368927001953,24.817893981933594,24.288421630859375,23.796842575073242,5.8,4.071428571428571,236.46480887276786,269.11572265625,305.69161551339283,346.5706263950893,2564.918212890625,2997.8525390625,3477.67724609375,4004.27001953125,202.16590169270833,236.28961588541668,274.1092122395833,315.6150390625,17.156665802001953,15.893333435058594,16.738332748413086,15.206666946411133
CM201800000067,CMGE71FL,CM,2018.0,67.0,CM2018DHS,1232.7374267578125,1400.280517578125,1587.534912109375,170.1750030517578,141.69166564941406,145.25833129882812,126.51667022705078,55.04312515258789,44.74473571777344,45.041343688964844,40.27055740356445,0.3045729569026402,0.3644933019365583,0.4091880662100656,29.333637237548828,28.211666107177734,28.52666664123535,28.55666732788086,11.116666793823242,10.441666603088379,9.983333587646484,10.633333206176758,2.0,2696.0,2712.0,2793.0,2735.0,3031.0,3091.0,3106.0,0.0,0.0,0.0,0.0,27.5,1964.494384765625,-807.0,0.0,0.0,0.06430880769143557,0.15728450359101748,23.009090423583984,22.778106689453125,23.014999389648438,22.919166564941406,1.294771466936384,213.04788643973214,-1.0,5.300685337611607,0.536738565989903,0.665083476475307,0.29342591762542725,0.4357980191707611,0.2683069109916687,0.14918260276317596,0.2393568754196167,0.4056786000728607,0.20416632294654846,0.09945366531610489,27.70833396911621,27.84166717529297,27.70833396911621,27.766666412353516,22.116666793823242,22.58333396911621,22.700000762939453,22.416667938232422,16.59166717529297,17.399999618530273,17.725000381469727,17.133333206176758,0.8980968080717942,16.684545516967773,17.344545364379883,17.503334045410156,17.281665802001953,3.0916666984558105,3.1666667461395264,3.2250001430511475,3.1416666507720947,90049.67307692308,68473.26923076923,165791.0625,1979.0,1891.0,2004.0,2003.0,2045.0,2119.0,1918.0,2.87201418195452,3.0,3.0,3.0,23.7810001373291,21.1560001373291,19.535999298095703,24.393999099731445,23.534000396728516,21.040000915527344,21.854999542236328,24.378999710083008,22.69900131225586,22.38800048828125,22.113000869750977,21.475000381469727,18.857142857142858,0.07142857142857142,14.112982177734375,16.061693318684895,18.244661458333333,20.684452311197916,665.608642578125,737.2083740234375,810.4096069335938,884.249267578125,55.52504621233259,61.497894287109375,67.60433959960938,73.7640380859375,14.417499542236328,13.757499694824219,15.879999160766602,12.977499961853027
CM201800000068,CMGE71FL,CM,2018.0,68.0,CM2018DHS,96977.265625,112020.2265625,129227.796875,62.349998474121094,68.83333587646484,75.44166564941406,72.0,11.838607788085938,13.34410285949707,14.211931228637695,13.736089706420898,0.0033496180667152886,0.004237778201887879,0.005732930536511578,37.44218444824219,35.006997680664064,35.89616394042969,35.96266479492188,14.633333206176758,14.300000190734863,13.741666793823242,13.850000381469727,2.0,2107.8,2164.7,2338.0,2409.9,2491.1,2460.6,2512.6,0.0,0.0,0.0,0.0,39.970666666666666,1620.67626953125,5.0,2.0589067935943604,0.0,0.05337840020258057,0.20897980206775585,28.87845458984375,28.087249755859375,28.702914428710937,28.616415405273436,11.367763020833333,211.11658333333332,-0.9066666666666666,6.023985026041666,27.12171875,9.33934375,0.1558400300832895,0.2081749439239502,0.29332483731783354,0.2366965000446026,0.09834887431218074,0.1412510871887207,0.21905700977032,0.17234142010028547,34.72500228881836,35.45000076293945,35.366668701171875,34.93333435058594,27.375,28.275001525878906,28.45833396911621,27.991666793823242,20.09166717529297,21.149999618530273,21.625,21.08333396911621,0.05285432034690908,20.314727783203125,21.167498779296874,21.509666442871094,21.270167541503906,5.266666889190674,5.1583333015441895,5.308333396911621,5.241666793823242,5092.7904761904765,68336.95569620254,141010.3151125402,693.6,629.1,785.2,777.9,791.3,831.8,882.4,0.11889650472005209,0.0,0.0,0.0,32.087501525878906,25.881750106811523,26.128250122070312,27.83275032043457,25.63224983215332,26.483749389648438,28.167999267578125,31.110000610351562,30.184999465942383,27.892498016357422,27.939998626708984,26.34375,108.25066666666666,23.952,42.458353568412164,49.518602195945945,57.21112753378378,66.01266891891892,22360.05078125,24616.5078125,26868.75,29122.794921875,72.26484375,79.56058333333333,86.842625,94.13125,5.748332977294922,6.329999923706055,6.40749979019165,6.048333168029785
CM201800000069,CMGE71FL,CM,2018.0,69.0,CM2018DHS,6691.91015625,7601.4169921875,8617.92578125,225.9166717529297,176.19166564941406,294.9916687011719,166.97500610351562,80.44510650634766,61.46220779418945,102.9040756225586,58.0782585144043,0.0011698810171477403,0.008608140522920632,0.008677317371851281,27.711822509765625,27.35523681640625,27.69158935546875,27.495318603515624,8.691666603088379,8.016666412353516,7.708333492279053,8.216667175292969,2.0,4114.6,4143.2,4173.7,4015.3,4322.2,4439.7,4433.9,0.0,0.0,0.0,0.0,26.691689008042896,2697.871651785714,5.0,0.0,0.0,0.08853966960181192,0.441104410054335,23.92456970214844,24.36531982421875,24.407943725585938,24.140541076660156,0.5140601355013196,193.01591823056302,-1.0,1.5728550315222856,2.1035195521950403,0.9142573870538706,0.5241819790431431,0.544285774230957,0.35335166113717215,0.25044264112200054,0.6799825259617397,0.7300478390284947,0.3884587287902832,0.24309509141104563,31.108333587646484,31.008333206176758,31.033334732055664,31.20833396911621,26.725000381469727,26.975000381469727,27.166667938232422,27.08333396911621,22.416667938232422,22.991666793823242,23.325000762939453,22.991666793823242,0.006634220873850113,20.137318420410157,21.375405883789064,21.124295043945313,20.785763549804688,2.808333396911621,2.866666793823242,2.866666793823242,2.875,30458.371794871793,32404.05750798722,30568.608974358973,2513.5,2454.9,2865.3,2424.1,2384.3,2825.8,2055.3,0.44498777006011225,0.0,1.0,1.0,27.314666748046875,25.12433369954427,26.8173344930013,27.42566680908203,26.799667358398438,25.25066630045573,26.249666849772137,27.544331868489582,26.78033447265625,26.44933319091797,25.97899881998698,25.5816650390625,182.4289544235925,59.36729222520107,2.1469591484695183,2.4434097373420425,2.7754966860911887,3.1466538059255464,31125.04296875,31461.70703125,31564.76171875,31432.890625,97.25192694369973,98.30384969839142,98.62585874664879,98.21380697050938,17.16499900817871,15.934999465942383,16.543333053588867,15.129166603088379
CM201800000070,CMGE71FL,CM,2018.0,70.0,CM2018DHS,125804.8046875,142903.125,162013.03125,217.1333465576172,186.6666717529297,193.55833435058594,161.98333740234375,81.42500305175781,68.50152587890625,70.81402587890625,59.2621955871582,0.5128749067133124,0.5609936280684038,0.536825873635032,27.492000579833984,27.67545509338379,27.2336368560791,27.524999618530273,9.158333778381348,8.483333587646484,8.141666412353516,8.683333396911621,2.0,3270,3188,3122,3320,3702,3823,3840,0.0,0.0,0.0,0.0,42.1875,2697.871826171875,-807.0,0.0,0.0,0.06992835319309866,0.29712592522771974,23.56999969482422,23.635454177856445,23.119091033935547,23.42305564880371,1.3702417612075806,273.5477294921875,-1.0,29.54667854309082,2.500667095184326,1.762021541595459,0.32443851232528687,0.39770960807800293,0.2154979109764099,0.12791354954242706,0.30669349431991577,0.4259127974510193,0.16969819366931915,0.08812224864959717,29.525001525878906,29.45833396911621,29.483333587646484,29.633333206176758,24.933334350585938,25.200000762939453,25.399999618530273,25.258333206176758,20.366666793823242,20.975000381469727,21.34166717529297,20.950000762939453,2.9268946154364226,19.648000717163086,19.595455169677734,19.004545211791992,19.32111167907715,2.6666667461395264,2.7249999046325684,2.7333333492279053,2.7333333492279053,56953.817307692305,5051.98046875,53828.364583333336,2709,2719,2879,2483,2712,2744,2395,1.1895478963851929,3.0,3.0,3.0,26.64900016784668,24.503999710083008,26.065000534057617,26.71299934387207,26.099000930786133,24.623001098632812,25.608999252319336,26.888999938964844,26.152999877929688,25.862998962402344,25.452999114990234,24.927000045776367,46.5,0.0,980.093994140625,1115.424560546875,1267.023681640625,1436.4580078125,1523.6416015625,1706.6221923828125,1897.2979736328125,2093.575927734375,111.02082824707031,124.35379791259766,138.24746704101562,152.54934692382812,16.059165954589844,15.865833282470703,15.929999351501465,14.71500015258789
CM201800000071,CMGE71FL,CM,2018.0,71.0,CM2018DHS,171144.5,194404.96875,220402.0625,202.93333435058594,172.8416748046875,175.63333129882812,148.10833740234375,72.0473403930664,60.82404708862305,60.04558181762695,51.96783447265625,0.014428924828672562,0.021968900966948975,0.03486475776940489,25.784562544389203,25.410716663707387,25.42287653142756,25.318181818181817,9.816666603088379,9.141666412353516,8.725000381469727,9.350000381469727,2.0,4007.0,4024.6363636363635,4055.3636363636365,3918.6363636363635,4178.818181818182,4237.272727272727,4275.272727272727,0.0,0.0,0.0,0.0,31.820652173913043,2003.9954427083333,3.0,0.04075615108013153,0.0,0.0784545293703872,0.3342495044314413,20.57290926846591,20.45535833185369,20.506364302201703,20.575150923295453,1.6291167217752207,148.7063519021739,-1.0,10.608150316321332,10.02416461447011,1.2668184197467307,0.33773677689688547,0.5146943841661725,0.21238579068865096,0.11285802296229772,0.2871347154889788,0.5240051746368408,0.14779480866023473,0.06925627163478307,28.558334350585938,28.58333396911621,28.508333206176758,28.66666603088379,23.625,23.983333587646484,24.125,23.95833396911621,18.741666793823242,19.441667556762695,19.78333282470703,19.316667556762695,0.051217143085249876,15.361255992542613,15.5,15.589849298650568,15.832121415571732,2.816666841506958,2.8416666984558105,2.924999952316284,2.8500001430511475,116028.35782747604,12681.577669902912,145905.32907348243,1948.2,1952.9,1957.3,1971.7,2259.6,2107.2,1724.9,3.6405931555706523,0.0,0.0,0.0,24.15325164794922,21.259498596191406,24.45975112915039,24.98149871826172,24.238000869750977,21.6877498626709,22.970251083374023,25.05525016784668,23.88599967956543,23.892250061035156,22.452499389648438,22.131750106811523,108.59239130434783,13.25,70.9399532513477,80.73528575640162,91.70812626347708,103.97192975067385,67744.2421875,68883.453125,69519.015625,69638.4375,214.88041355298913,218.49390709918478,220.5098930027174,220.888671875,15.763333320617676,15.356666564941406,15.35333251953125,14.299999237060547
CM201800000072,CMGE71FL,CM,2018.0,72.0,CM2018DHS,27312.625,31024.720703125,35173.54296875,131.80833435058594,115.51667022705078,136.3333282470703,102.68333435058594,47.785499572753906,40.179710388183594,47.4202880859375,35.7159423828125,0.9178226788838705,0.945136308670044,0.944333553314209,31.790000915527344,30.392221450805664,30.657272338867188,32.29600143432617,9.175000190734863,9.175000190734863,8.5,9.158333778381348,-9999,3285,3223,3079,3058,3147,3115,3088,0.0,0.0,0.0,0.0,84.42857142857143,2392.42236328125,-807,0.0,0.0,0.03979076072530619,0.13248696862315865,25.086362838745117,24.589445114135742,24.85272789001465,25.937166213989258,0.0,0.0,-1.0,0.0,0.0,0.0,0.42407938838005066,0.32946303486824036,0.13861267268657684,0.1794799417257309,0.4702186584472656,0.33099299669265747,0.09163740277290344,0.14466910064220428,28.700000762939453,29.0,28.80000114440918,29.016666412353516,24.08333396911621,24.383333206176758,24.516666412353516,24.40833282470703,19.525001525878906,19.825000762939453,20.30000114440918,19.858333587646484,13.83207259639617,18.382726669311523,18.786666870117188,19.048181533813477,19.578332901000977,2.758333444595337,2.875,2.875,2.875,176349.8409090909,29813.89903846154,58819.52678571428,1918,1602,1446,1726,1600,1634,1257,0.683720316205706,3.0,3.0,3.0,24.781999588012695,22.795000076293945,23.84600067138672,25.30299949645996,24.42099952697754,22.527000427246094,23.399999618530273,24.98699951171875,24.201000213623047,23.722999572753906,23.39299964904785,23.132999420166016,6.285714285714286,0.0,279.31722586495533,317.88514927455356,361.08935546875,409.3765345982143,826.0225219726562,859.2557983398438,887.5520629882812,910.3865356445312,68.72209821428571,71.48697335379464,73.84112548828125,75.74086216517857,13.170832633972168,12.398332595825195,13.69333267211914,11.091666221618652
CM201800000073,CMGE71FL,CM,2018.0,73.0,CM2018DHS,255.51258850097656,290.2396545410156,329.05230712890625,115.48333740234375,123.2750015258789,125.9000015258789,119.80833435058594,34.47263717651367,36.52592468261719,37.39603805541992,35.942501068115234,0.0,0.0,0.0,29.069454956054688,28.146331787109375,27.855667114257812,28.21400146484375,13.350000381469727,12.824999809265137,12.333333969116211,12.616666793823242,1.0,3228.2,3263.4,3416.0,3391.5,3486.1,3593.2,3606.9,0.0,0.0,0.0,0.0,26.02981029810298,2024.00078125,5.0,0.0,0.0,0.08781254526795124,0.368838485944964,22.811810302734376,22.570750427246093,22.34949951171875,22.749917602539064,1.0303646585215693,22.567361582880434,-1.0,0.07096833249796992,0.16757873866869055,0.20113393534784732,0.46028740065438406,0.4705373559679304,0.29865424973624094,0.2996391568865095,0.47761028153555735,0.5101346629006522,0.25706703322274344,0.26924136706760954,29.641666412353516,30.09166717529297,29.941667556762695,29.691667556762695,22.933334350585938,23.650001525878906,23.758333206176758,23.366666793823242,16.291667938232422,17.266666412353516,17.608333587646484,17.075000762939453,0.0,16.554167175292967,16.995167541503907,16.843333435058593,17.285833740234374,3.3500001430511475,3.375,3.366666793823242,3.3333334922790527,153223.06329113923,82777.51592356688,95382.50479233227,1533.7777777777778,1667.111111111111,1839.3333333333333,1544.7777777777778,1523.888888888889,1708.4444444444443,1535.7777777777778,0.6824475163998811,0.0,0.0,0.0,23.89100036621094,21.28800048828125,21.187600708007814,22.92279968261719,21.502200317382812,21.167401123046876,21.90780029296875,23.944198608398438,22.76199951171875,21.48260040283203,21.923399353027342,21.378001403808593,153.46467391304347,42.07608695652174,0.11165846547772808,0.12707619000506656,0.144347293402559,0.16365032811318675,5075.06591796875,5929.06640625,6875.0185546875,7912.5595703125,16.153702445652176,18.8719482421875,21.88287353515625,25.185318656589676,10.164166450500488,11.557499885559082,12.433333396911621,11.178333282470703
CM201800000074,CMGE71FL,CM,2018.0,74.0,CM2018DHS,36182.66796875,41100.30859375,46596.5,109.375,120.375,127.35000610351562,125.28334045410156,32.32758712768555,35.1459846496582,37.1824836730957,36.7579460144043,0.16302640621478742,0.2352167276235727,0.28049546021681565,31.082727432250977,30.406665802001953,29.913333892822266,31.22166633605957,13.516667366027832,12.983333587646484,12.5,12.783333778381348,1,2820.0,2807.0,2908.0,2943.0,3115.0,3064.0,3069.0,0.0,0.0,0.0,0.0,62.4375,2024.000732421875,-807,0.0,0.0,0.0920094901680998,0.3589240213544822,23.166362762451172,23.349166870117188,23.12984848022461,23.939167022705078,1.0205955505371094,97.75896453857422,-1.0,0.1750865876674652,0.5140579342842102,0.23821298778057098,0.41692301630973816,0.41768980026245117,0.21700800955295563,0.22439289093017578,0.38255906105041504,0.39829304814338684,0.15255741775035858,0.1704142987728119,28.850000381469727,29.299999237060547,29.15833282470703,28.975000381469727,22.066667556762695,22.78333282470703,22.883333206176758,22.558334350585938,15.333333969116211,16.316667556762695,16.65833282470703,16.191667556762695,4.1980919673525054,15.25,16.29166603088379,16.346363067626953,16.656665802001953,3.383333444595337,3.424999952316284,3.424999952316284,3.4083333015441895,164834.82954545456,65111.29017857143,118289.31730769231,1449,1540,1803,1577,1536,1676,1498,0.8594136238098145,3.0,3.0,3.0,23.892000198364258,21.110000610351562,20.631999969482422,22.768999099731445,21.099000930786133,21.0260009765625,21.68600082397461,24.041000366210938,22.625999450683594,21.06800079345703,21.694000244140625,21.18000030517578,5.5625,0.375,362.128125,412.1305338541667,468.14375,530.7469401041667,220.59359741210938,257.71368408203125,298.8305969238281,343.9284973144531,16.153705596923828,18.8719482421875,21.88287353515625,25.185317993164062,10.146666526794434,11.72249984741211,12.706665992736816,11.679166793823242
CM201800000075,CMGE71FL,CM,2018.0,75.0,CM2018DHS,24946.47265625,28336.984375,32126.384765625,173.83334350585938,148.1750030517578,149.4499969482422,123.92500305175781,58.10585021972656,48.44959259033203,48.08042907714844,40.63114929199219,0.11608056588606401,0.16440421884710138,0.41365822878750885,28.759090423583984,28.113332748413086,28.395000457763672,28.83333396911621,10.600000381469727,9.925000190734863,9.475000381469727,10.125,2,3832,3810,3937,3709,3821,3726,3754,0.0,0.0,0.0,0.0,47.285714285714285,1964.494384765625,4,0.0,0.0,0.06745538387840722,0.28962208987025606,22.85727310180664,22.43000030517578,22.77750015258789,23.054166793823242,3.888484409877232,412.46951729910717,-1.0,9.685071672712054,1.386747087751116,3.5686051504952565,0.32912731170654297,0.4937979578971863,0.26946744322776794,0.13236354291439056,0.27341389656066895,0.4820071756839752,0.2041715681552887,0.08446985483169556,28.433334350585938,28.516666412353516,28.42500114440918,28.53333282470703,23.116666793823242,23.53333282470703,23.649999618530273,23.441667556762695,17.83333396911621,18.59166717529297,18.950000762939453,18.40833282470703,0.39935824910148243,16.955453872680664,16.746665954589844,17.15999984741211,17.274999618530273,2.991666793823242,3.058333396911621,3.1083333492279053,3.049999952316284,123353.25961538461,66130.28409090909,149591.75,1787,1864,1848,1800,2019,1963,1844,1.0195465087890625,2.0,2.0,3.0,24.375,21.5939998626709,21.024999618530273,25.15399932861328,24.144001007080078,21.648000717163086,22.482999801635742,25.06999969482422,23.33099937438965,22.98699951171875,22.492000579833984,22.079999923706055,28.928571428571427,0.21428571428571427,273.05726841517856,310.7608119419643,352.9967564174107,400.20169503348217,665.8639526367188,737.4910888671875,810.720458984375,884.5884399414062,55.52504621233259,61.497894287109375,67.60433959960938,73.7640380859375,14.775833129882812,14.204166412353516,14.174166679382324,13.054166793823242
CM201800000077,CMGE71FL,CM,2018.0,77.0,CM2018DHS,1768.8726806640625,2009.2825927734375,2277.9765625,219.56666564941406,172.3416748046875,290.433349609375,164.78334045410156,86.10457611083984,66.2852554321289,110.9936294555664,62.77460479736328,0.1103022965517911,0.12588145516135477,0.12442675503817471,27.827777862548828,27.993999481201172,28.309999465942383,28.229999542236328,8.741666793823242,8.066666603088379,7.733333587646484,8.27500057220459,2,3918.0,3981.0,4123.0,4517.0,4681.0,4378.0,4330.0,0.0,0.0,0.0,0.0,51.5,2697.871826171875,-801,3.5495049953460693,0.0,0.10983567756858291,0.4658901602512307,23.520706176757812,23.630332946777344,23.977500915527344,24.3354549407959,0.9296591622488839,413.51426478794644,-1.0,6.684533255440848,0.16809827940804617,1.0786556516374861,0.4901580214500427,0.5172680616378784,0.3476552367210388,0.2151223123073578,0.568224310874939,0.6214643716812134,0.3520275354385376,0.18468214571475983,28.325000762939453,28.225000381469727,28.266666412353516,28.416667938232422,23.92500114440918,24.16666603088379,24.375,24.258333206176758,19.58333396911621,20.15833282470703,20.53333282470703,20.141666412353516,0.561150785352363,19.21363639831543,19.266666412353516,19.645000457763672,20.440908432006836,2.549999952316284,2.6000001430511475,2.616666793823242,2.625,13935.504807692309,15229.294270833334,8077.867897727273,2055.0,2567.0,3026.0,2465.0,2257.0,2935.0,1787.0,2.989915575299944,2.0,3.0,3.0,26.431312561035156,24.188888549804688,25.683837890625,26.383838653564453,25.909090042114258,24.16464614868164,25.16565704345703,26.50303077697754,25.92626190185547,25.57474708557129,25.118181228637695,24.613130569458008,29.071428571428573,5.5,14.58331298828125,16.596966552734376,18.85268351236979,21.373785400390624,2429.47265625,2839.544921875,3294.03173828125,3792.816650390625,202.1658935546875,236.28960309709822,274.10921805245533,315.6150599888393,17.156665802001953,15.893333435058594,16.738332748413086,15.206666946411133
CM201800000078,CMGE71FL,CM,2018.0,78.0,CM2018DHS,109985.734375,124934.0625,141641.03125,184.0749969482422,157.89166259765625,159.22500610351562,133.5166778564453,66.13472747802734,55.40058517456055,54.90517044067383,47.402366638183594,0.023455013482334516,0.02833835309305892,0.03282972951285755,24.846722920735676,24.395243326822918,24.722147623697918,24.633450826009113,10.141666412353516,9.466667175292969,9.091667175292969,9.675000190734863,2.0,3984.1666666666665,3997.5833333333335,4036.25,3889.3333333333335,4273.916666666667,4320.083333333333,4269.333333333333,0.0,0.0,0.0,0.0,27.396174863387976,1964.4944010416666,3.0,0.0,0.0,0.07436183054934119,0.34320880358879435,19.946392059326172,19.86675771077474,20.259735107421875,20.310752868652344,1.0835814762636613,170.18577100409837,-1.0,9.769243084016393,4.389944608094262,1.3432236134680242,0.34959001541137696,0.470357354482015,0.1951111157735189,0.12741486231486002,0.29898929595947266,0.45268589655558267,0.13148881594340006,0.08241363366444905,26.59166717529297,26.641666412353516,26.58333396911621,26.649999618530273,21.491666793823242,21.875,22.008333206176758,21.80000114440918,16.450000762939453,17.17500114440918,17.491666793823242,16.975000381469727,0.06248999126886917,15.046061197916666,15.338269551595053,15.797322591145834,15.988054911295572,2.7833333015441895,2.8500001430511475,2.9000000953674316,2.816666603088379,126965.9493670886,16578.84504792332,127224.07667731629,2092.6363636363635,2124.2727272727275,2023.4545454545455,1996.8181818181818,2318.5454545454545,2076.3636363636365,1746.6363636363637,4.247479214694331,0.0,0.0,1.0,23.761667887369793,20.918668111165363,23.200665791829426,24.34900156656901,23.70800018310547,21.125,22.363665262858074,24.398666381835938,23.322998046875,23.268999735514324,22.17333475748698,21.676666259765625,118.67486338797814,40.69945355191257,45.23743524398396,51.48379010695187,58.48101186497326,66.30149147727273,42382.08984375,42175.9296875,41656.9453125,40838.328125,135.10975922131146,134.4525486680328,132.7981130464481,130.18840718920765,15.770833015441895,15.239166259765625,15.21500015258789,14.119999885559082
CM201800000079,CMGE71FL,CM,2018.0,79.0,CM2018DHS,782.939453125,889.349853515625,1008.2794799804688,108.9000015258789,121.73333740234375,132.88333129882812,133.15834045410156,31.3381290435791,34.78095245361328,37.344261169433594,37.95486831665039,0.0003239513148644745,0.0006556850314516374,0.0007460986026077992,29.011273193359376,28.224002075195312,27.937332153320312,28.634002685546875,12.508333206176758,12.508333206176758,11.833333969116211,12.491666793823242,1.0,3008.2,3003.3,3145.2,3196.6,3326.8,3385.8,3300.7,0.0,0.0,0.0,0.0,23.533512064343164,1863.263950892857,5.0,0.0,0.0,0.062136090995137165,0.3891653507481248,22.539016723632812,22.365167236328126,22.326811218261717,22.9,1.8989034673219085,27.213289650537636,-1.0,0.06341656305456675,0.19497799616987987,0.2683036147907216,0.46663551330566405,0.476474666595459,0.37333914438883464,0.3236910184224447,0.4773865063985189,0.4973980267842611,0.343308162689209,0.29255104064941406,29.183334350585938,29.866666793823242,29.616666793823242,29.650001525878906,22.90833282470703,23.59166717529297,23.67500114440918,23.383333206176758,16.674999237060547,17.358333587646484,17.78333282470703,17.15833282470703,0.0016513829279427576,16.06676483154297,16.506333923339845,16.716287231445314,17.166000366210938,3.4750001430511475,3.5,3.558333396911621,3.508333444595337,91334.20512820513,53763.20886075949,132784.9358974359,1520.5,1435.4,1576.7,1475.8,1364.6,1559.2,1449.1,0.7339894284484207,0.0,0.0,0.0,23.580001831054688,20.95433298746745,21.653666178385418,23.56566619873047,21.967666625976562,20.865332285563152,21.647664388020832,24.066335042317707,22.44800059000651,21.452667236328125,21.611666361490887,21.00933329264323,233.1747311827957,50.54032258064516,0.3394159138997396,0.3862822265625,0.4387823893229167,0.49745914713541667,5133.759765625,5997.63671875,6954.52880859375,8004.06884765625,16.153703587029568,18.8719482421875,21.882872878864248,25.185315860215052,9.767499923706055,11.809999465942383,12.549166679382324,11.585832595825195
CM201800000080,CMGE71FL,CM,2018.0,80.0,CM2018DHS,19252.40625,21869.0234375,24793.490234375,168.90000915527344,131.34165954589844,136.33334350585938,117.00833892822266,52.91905975341797,40.412818908691406,41.62849807739258,36.470130920410156,0.0004365899260081942,0.0011370858502766444,0.0023329223905290877,26.697120666503906,25.713887532552082,26.151804606119793,26.321945190429688,11.350000381469727,10.675000190734863,10.158333778381348,10.866666793823242,2.0,3897.9166666666665,3921.4166666666665,4011.9166666666665,4072.0833333333335,4353.916666666667,4179.583333333333,4380.583333333333,0.0,0.0,0.0,0.0,28.731182795698924,2290.032645089286,4.0,0.0,0.0,0.07212741437469061,0.29886481474912696,22.41290791829427,22.189860026041668,22.42522684733073,22.482638041178387,0.7247759090956821,21.125598538306452,-1.0,2.4239134429603495,0.17755963725428428,0.3947674330844674,0.48031485080718994,0.564531683921814,0.4956952929496765,0.34013631939888,0.4637281894683838,0.5951565504074097,0.48225274682044983,0.3001224398612976,29.758333206176758,29.924999237060547,29.741666793823242,29.850000381469727,24.058334350585938,24.575000762939453,24.649999618530273,24.383333206176758,18.408334732055664,19.25,19.58333396911621,18.983333587646484,0.0,18.12869644165039,18.665833791097004,18.698649088541668,18.643333435058594,3.191666603088379,3.25,3.2750000953674316,3.2083332538604736,109144.41772151898,60883.967845659165,139717.80191693292,1965.0,1902.1818181818182,1791.8181818181818,1803.090909090909,1843.8181818181818,1924.5454545454545,1909.8181818181818,1.3742734847530242,0.0,0.0,0.0,25.121749877929688,22.635499954223633,22.102249145507812,25.698749542236328,24.455249786376953,22.609500885009766,23.402999877929688,25.772998809814453,24.01999855041504,23.771501541137695,23.51300048828125,23.065250396728516,158.8252688172043,63.88709677419355,8.113493145636792,9.233798538578167,10.488776769920822,11.891401511960916,17670.08203125,19570.86328125,21514.1640625,23474.4140625,55.519331737231184,61.49158896169355,67.5974357358871,73.75653666834677,13.874166488647461,12.841666221618652,14.813332557678223,12.008333206176758
CM201800000081,CMGE71FL,CM,2018.0,81.0,CM2018DHS,21738.80078125,24727.580078125,28093.8125,43.275001525878906,44.383331298828125,51.483333587646484,44.95833206176758,7.222531318664551,7.459383487701416,8.521379470825195,7.587904453277588,0.00683462279183524,0.00962367814684671,0.01295974368140811,38.43772888183594,37.6308339436849,37.295694986979164,38.22972106933594,16.316667556762695,15.983333587646484,15.875,15.550000190734863,2.0,1523.5833333333333,1543.75,1760.5833333333333,1888.4166666666667,1730.25,1739.4166666666667,1807.0833333333333,0.0,0.0,0.0,0.0,40.0921052631579,7065.5546875,2.0,0.0,0.0,0.12459039866677993,0.19667185979438154,29.339998881022137,29.2196528116862,29.443959554036457,29.784861246744793,0.0,0.0,-1.0,0.0,0.0,0.0,0.47000242869059244,0.4662433942159017,0.1654695192972819,0.2607675870259603,0.3973759015401204,0.3978049596150716,0.0972499926884969,0.19220709800720215,36.35000228881836,37.17499923706055,37.391666412353516,36.58333206176758,28.15833282470703,29.15833282470703,29.433334350585938,28.791667938232422,20.03333282470703,21.191667556762695,21.516666412353516,21.03333282470703,0.0,20.242271423339844,20.8084716796875,21.59222412109375,21.339998881022137,5.991666793823242,5.950000286102295,6.041666507720947,5.925000190734863,3723.211661341853,2512.616666666667,15877.303797468354,354.8,348.4,506.7,538.6,533.6,515.4,619.8,0.25583078484786187,0.0,0.0,0.0,32.97166951497396,26.830668131510418,23.751998901367188,25.943333943684895,23.195332845052082,28.374000549316406,31.090667724609375,29.811665852864582,32.88066609700521,26.753334045410156,29.336331685384113,27.995333353678387,218.99736842105264,27.344736842105263,9.710302209341398,11.046076948924732,12.565490066364248,14.27734112483199,26824.7421875,30862.8828125,35552.5625,40871.22265625,83.9726408305921,96.61369243421052,111.29426398026315,127.94369860197368,3.6583333015441895,3.739999771118164,4.012499809265137,3.5966665744781494
CM201800000082,CMGE71FL,CM,2018.0,82.0,CM2018DHS,14417.166015625,16376.6240234375,18566.609375,148.20834350585938,128.8000030517578,154.90000915527344,114.30000305175781,53.569278717041016,45.1929817199707,54.5102653503418,40.57988357543945,0.1218644380569458,0.13946622610092163,0.1410106619199117,27.067777633666992,24.823999404907227,25.945999145507812,26.65399932861328,8.791666984558105,8.791666984558105,8.116666793823242,8.77500057220459,-9999,4372,4394,4349,4265,4436,4450,4439,0.0,0.0,0.0,0.0,64.6,2392.42236328125,-807,0.0,0.0,0.08043991629149337,0.3304482208937148,22.877979278564453,21.781166076660156,22.086334228515625,22.906999588012695,0.29282569885253906,134.56910807291666,-1.0,1.8922773996988933,3.7165926615397136,0.8700726826985677,0.5298295021057129,0.442666232585907,0.24808375537395477,0.2724016308784485,0.6586961150169373,0.5091736316680908,0.21553945541381836,0.2635044455528259,28.491666793823242,28.774999618530273,28.575000762939453,28.808334350585938,24.075000762939453,24.358333587646484,24.5,24.399999618530273,19.700000762939453,19.983333587646484,20.45833396911621,20.03333282470703,3.9988310215836864,18.688180923461914,18.738332748413086,18.226667404174805,19.15999984741211,2.7666666507720947,2.8500001430511475,2.8416666984558105,2.816666603088379,179355.76136363635,33910.221153846156,53722.05357142857,1958,1665,1531,1762,1647,1664,1307,3.3224385579427085,0.0,0.0,0.0,23.871999740600586,21.79599952697754,23.12700080871582,24.461000442504883,23.52199935913086,21.625,22.57900047302246,24.14299964904785,23.31100082397461,22.905000686645508,22.516000747680664,22.270999908447266,11.333333333333334,7.733333333333333,149.76760864257812,170.44741821289062,193.6131591796875,219.50433349609375,1100.3099365234375,1132.7020263671875,1157.3349609375,1173.703857421875,85.441357421875,87.95668131510416,89.86946614583333,91.14054361979167,14.470000267028809,13.286666870117188,14.498332977294922,12.053333282470703
CM201800000083,CMGE71FL,CM,2018.0,83.0,CM2018DHS,1842.8013916015625,2093.25927734375,2373.183349609375,128.90000915527344,117.8416748046875,130.7166748046875,97.42500305175781,49.261146545410156,45.3237190246582,50.43729782104492,36.880126953125,0.0010026365991622683,0.0019798257994273353,0.002020122702159579,24.166622924804688,24.198832702636718,25.079888916015626,24.31248779296875,9.291666984558105,9.291666984558105,8.608333587646484,9.27500057220459,-9999,4060.4,4108.5,4112.3,4072.1,4226.4,4344.4,4317.3,0.0,0.0,0.0,0.0,20.065573770491802,2372.13671875,-801.0,0.0,0.0,0.09493027863391829,0.5519162247172809,21.44580993652344,21.511332702636718,22.043951416015624,21.843161010742186,0.16297356592465753,8.201421366652397,-1.0,1.1737453512949487,0.1350778971632866,0.440852836713399,0.580071767171224,0.49075228373209634,0.37525803248087564,0.3828182856241862,0.7693325042724609,0.5976350784301758,0.4032468795776367,0.4355817159016927,28.791667938232422,29.066667556762695,28.90833282470703,29.116666793823242,24.125,24.400001525878906,24.575000762939453,24.45833396911621,19.5,19.774999618530273,20.30000114440918,19.84166717529297,0.00457080194461581,18.725,18.823834228515626,19.008015441894532,19.373834228515626,2.616666793823242,2.6000001430511475,2.5916666984558105,2.6416666507720947,62186.17610062893,42217.8025477707,190963.13924050634,1921.2,1759.5,1550.1,1727.1,1452.4,1576.9,1337.9,1.017363498635488,0.0,0.0,0.0,24.309499740600586,22.523250579833984,23.46875,24.245248794555664,23.645750045776367,22.488000869750977,23.270999908447266,24.346500396728516,23.991249084472656,23.368499755859375,23.265501022338867,23.149999618530273,199.03835616438357,160.23835616438356,0.700502038639497,0.7972268497242647,0.9055791844658673,1.0266788911054479,2843.800537109375,3192.732666015625,3557.69677734375,3934.8759765625,9.064952108304794,10.177214656464042,11.340580854023973,12.542885809075342,12.186666488647461,11.548333168029785,12.592499732971191,10.15583324432373
CM201800000084,CMGE71FL,CM,2018.0,84.0,CM2018DHS,1898.6624755859375,2156.712158203125,2445.12158203125,86.17500305175781,81.20833587646484,93.06666564941406,86.13333892822266,18.40035629272461,18.147113800048828,19.978532791137695,18.758621215820312,0.0,3.7536143659139577e-06,5.266465152959404e-05,34.61049582741477,33.12242820046165,33.73818137428977,34.316003972833805,13.883333206176758,13.5,12.700000762939453,13.100000381469727,2.0,2192.7272727272725,1887.7272727272727,2143.818181818182,2456.3636363636365,2531.090909090909,2503.090909090909,2535.6363636363635,0.0,0.0,0.0,0.0,19.878706199460918,1665.3071986607142,5.0,0.0,0.0,0.06941109398494166,0.2560955546940952,28.088592529296875,27.40568126331676,27.66989690607244,28.032459605823863,0.8830547486996715,15.61536335495283,-0.9730458221024259,2.7049881351604617,1.4534688368640498,1.7303861633465296,0.4235851287841797,0.4183420817057292,0.33271891276041665,0.3422684669494629,0.35814704895019533,0.3553625106811523,0.2612384637196859,0.28416531880696616,34.63333511352539,35.233333587646484,34.95833206176758,34.733333587646484,27.658334732055664,28.46666717529297,28.59166717529297,28.166667938232422,20.75,21.733333587646484,22.258333206176758,21.633333206176758,0.0006656814103174691,21.566694779829547,21.6889384876598,21.601611050692473,21.748912464488637,4.683333396911621,4.474999904632568,4.6583333015441895,4.5916666984558105,46134.1217948718,41384.33544303798,70123.14826498422,859.9,991.8,954.6,908.4,869.0,913.9,764.2,0.34098597935267855,0.0,0.0,0.0,31.58300018310547,25.630332946777344,25.771331787109375,27.68800099690755,25.42633310953776,26.145334879557293,27.4499994913737,30.84833272298177,29.563334147135418,27.049334208170574,27.19366709391276,26.005335489908855,218.60916442048517,105.41239892183289,0.8461966707378706,0.9630388532366071,1.0939267716317806,1.2402136460790094,2613.40966796875,3223.20263671875,3945.56982421875,4793.8896484375,8.57038620283019,10.570132849351415,12.939055656165769,15.721025574882075,7.272500038146973,7.147500038146973,8.175000190734863,7.489166736602783
CM201800000085,CMGE71FL,CM,2018.0,85.0,CM2018DHS,2966.833740234375,3370.060302734375,3820.726318359375,124.10000610351562,116.76667022705078,136.03334045410156,122.04167175292969,37.51133728027344,35.20602798461914,40.405941009521484,36.88916778564453,0.0,0.0,0.0,28.669271850585936,27.87216796875,27.733831787109374,28.245834350585938,12.291666984558105,11.766667366027832,11.341667175292969,11.758333206176758,2.0,3233.4,3189.2,3356.0,3397.0,3494.5,3436.3,3590.6,0.0,0.0,0.0,0.0,19.27807486631016,2241.3484375,4.0,0.0,0.0,0.04877677447283212,0.31743007954447017,22.803273010253907,22.63941650390625,22.42931671142578,23.01666717529297,0.9519632048006033,8.355124465901474,-1.0,0.057745792910496606,0.12675557890782088,0.16607201706628058,0.49053774561200825,0.5123254231044224,0.46302894183567594,0.40679103987557547,0.491363593510219,0.5423450129372733,0.45506834983825684,0.4004964828491211,29.233333587646484,29.616666793823242,29.5,29.350000381469727,23.066667556762695,23.70833396911621,23.808334350585938,23.450000762939453,16.941667556762695,17.850000381469727,18.15833282470703,17.59166717529297,0.0,16.93727264404297,17.406666564941407,17.124798583984376,17.7875,3.308333396911621,3.316666841506958,3.366666793823242,3.308333396911621,46026.07028753994,36740.5664556962,61054.70886075949,1665.0,1810.5555555555557,1740.5555555555557,1620.3333333333333,1625.4444444444443,1783.5555555555557,1698.888888888889,1.2829480209555126,0.0,0.0,0.0,24.273250579833984,21.72075080871582,22.887248992919922,24.50349998474121,23.2762508392334,21.376501083374023,22.440000534057617,24.684499740600586,23.22624969482422,22.940750122070312,22.362749099731445,21.56599998474121,372.2412868632708,213.12600536193028,1.2686770859585013,1.4438550395350302,1.6400912705288138,1.8594147056661627,4486.205078125,5356.92041015625,6348.841796875,7468.46533203125,14.076351216906836,16.808394772117964,19.920738731568363,23.43377701910188,11.114166259765625,11.300832748413086,13.176666259765625,11.29083251953125
CM201800000086,CMGE71FL,CM,2018.0,86.0,CM2018DHS,1136.370849609375,1290.8165283203125,1463.4326171875,135.5749969482422,112.625,113.43333435058594,107.68333435058594,48.275962829589844,39.06069564819336,38.56090545654297,37.5639533996582,5.001922209675495e-05,0.00016229263005348353,0.00020969601777883677,24.722941080729168,23.923940022786457,24.963887532552082,25.545694986979168,10.633333206176758,10.633333206176758,9.958333969116211,10.616666793823242,1.0,4256.333333333333,4280.916666666667,4354.666666666667,4292.333333333333,4583.666666666667,4540.25,4582.416666666667,0.0,0.0,0.0,0.0,21.308743169398905,2082.1838541666666,-801.0,0.0,0.0,0.06786457279753225,0.4725564073694642,21.802759806315105,21.752593994140625,22.489028930664062,22.691319783528645,0.15020355891660264,10.750865832052595,-1.0,1.2142155548262465,0.17288416461214992,0.14394001361450862,0.6019268035888672,0.5635066986083984,0.43807875315348305,0.40977751413981117,0.7159026463826498,0.6454778671264648,0.44383875528971356,0.41828028361002606,29.42500114440918,29.84166717529297,29.616666793823242,29.799999237060547,24.08333396911621,24.5,24.616666793823242,24.46666717529297,18.791667938232422,19.20833396911621,19.65833282470703,19.183334350585938,0.0,18.88257598876953,19.5812505086263,20.014166514078777,19.836944580078125,2.808333396911621,2.883333444595337,2.941666603088379,2.866666793823242,118892.35331230283,90359.81012658228,263856.74358974356,1800.1,1661.7,1693.7,1824.2,1570.0,1741.2,1406.0,0.31609204818642206,0.0,0.0,0.0,24.499000549316406,22.5413335164388,22.835665384928387,24.000999450683594,22.91833241780599,22.54400126139323,23.287999471028645,24.550333658854168,24.015335083007812,23.48633321126302,23.270665486653645,23.200998942057293,922.6666666666666,145.02459016393442,0.4566175083425593,0.5196669879444142,0.5902956386300969,0.6692337199328418,3469.2939453125,3730.712158203125,3981.85888671875,4218.26953125,11.04275129141052,11.874846578295765,12.674244364754099,13.426739135075136,12.149166107177734,11.464166641235352,11.449999809265137,10.71833324432373
CM201800000087,CMGE71FL,CM,2018.0,87.0,CM2018DHS,31434.21484375,35706.484375,40481.3828125,61.5,62.82500076293945,70.7249984741211,62.95000076293945,11.031390190124512,11.580644607543945,12.648285865783691,11.393665313720703,0.00018966865218892883,0.00042463773036304907,0.00092429960075813,37.01545299183238,35.15666614879262,36.0904541015625,36.14561878551137,14.666666984558105,14.308333396911621,13.883333206176758,13.941666603088379,2.0,1990.8181818181818,2038.909090909091,2176.818181818182,2382.7272727272725,2438.909090909091,2447.6363636363635,2447.5454545454545,0.0,0.0,0.0,0.0,35.456989247311824,1731.025669642857,4.0,0.0,0.0,0.029412730900658983,0.15686947305404694,29.25033014470881,28.43613780628551,29.12424260919744,28.924449573863637,7.664755991342905,54.9108741554054,-1.0,0.7204374571104307,0.8784157417915963,8.9728515625,0.21739906072616577,0.2472725212574005,0.2893950939178467,0.27332475781440735,0.14446038007736206,0.17597204446792603,0.2097408026456833,0.202434241771698,34.57500076293945,35.38333511352539,35.40833282470703,34.83333206176758,27.20833396911621,28.200000762939453,28.433334350585938,27.83333396911621,19.90833282470703,21.075000762939453,21.525001525878906,20.891666412353516,0.005048916914491616,21.485207297585227,21.715605302290484,22.158031116832387,21.703278975053266,5.575000286102295,5.425000190734863,5.5916666984558105,5.525000095367432,44998.493548387094,29600.371428571427,127424.7898089172,750.1,652.5,904.3,891.8,827.6,887.7,972.9,3.5250326620565877,0.0,0.0,0.0,30.356000900268555,24.355501174926758,23.952499389648438,25.682750701904297,23.568748474121094,25.089000701904297,26.888500213623047,28.81599998474121,28.858749389648438,25.967750549316406,26.69499969482422,24.994749069213867,120.47027027027028,49.116216216216216,14.717757644036388,16.749974993682613,19.026488270721025,21.570829735933287,36425.03125,41012.015625,45831.87109375,50837.1640625,116.4511402027027,131.11573057432432,146.52482052364866,162.5267525337838,5.612499713897705,5.488333225250244,6.087499618530273,5.531666278839111
CM201800000088,CMGE71FL,CM,2018.0,88.0,CM2018DHS,57707.9609375,65551.125,74317.03125,61.5,62.82500076293945,70.7249984741211,62.95000076293945,11.031390190124512,11.580644607543945,12.648285865783691,11.393665313720703,0.005333241782610929,0.008139028579373903,0.009991476052924048,38.23198353160512,36.69075705788352,37.07212136008523,37.10075794566762,14.666666984558105,14.308333396911621,13.883333206176758,13.941666603088379,2.0,1852.4545454545455,1917.5454545454545,2089.7272727272725,2213.909090909091,2241.090909090909,2193.3636363636365,2248.0,0.0,0.0,0.0,0.0,37.90616621983914,1731.0255301339287,4.0,0.0,0.0,0.03221905249091927,0.1544469818556717,29.83818192915483,29.166515003551137,29.79159268465909,29.565673828125,9.071738726332105,95.75184316353888,-1.0,0.8024428625848274,0.3332449578088346,10.6259667445124,0.22918765885489328,0.2578908715929304,0.297370331627982,0.27698120049067904,0.1549440792628697,0.18870174884796143,0.2190584114619664,0.20963178362165177,34.57500076293945,35.38333511352539,35.40833282470703,34.83333206176758,27.20833396911621,28.200000762939453,28.433334350585938,27.83333396911621,19.90833282470703,21.075000762939453,21.525001525878906,20.891666412353516,0.01676303937920966,21.444380326704547,21.64227294921875,22.51106123490767,22.03059248490767,5.575000286102295,5.425000190734863,5.5916666984558105,5.525000095367432,65379.31832797427,48517.11111111111,117251.07301587301,662.3333333333334,609.0833333333334,746.4166666666666,775.5833333333334,734.75,821.3333333333334,852.6666666666666,0.3383219619219169,0.0,0.0,0.0,31.601749420166016,25.49625015258789,25.338998794555664,26.94624900817871,24.827499389648438,26.159250259399414,28.022499084472656,30.193748474121094,30.0310001373291,27.450000762939453,28.042251586914062,26.270000457763672,69.3887399463807,31.27077747989276,26.556865784182307,30.22381608160188,34.331575695375335,38.92261593079759,40384.2734375,45604.1328125,51113.8125,56862.8203125,128.0201491286863,144.56738019436997,162.03333403150134,180.2579591152815,5.612499713897705,5.488333225250244,6.087499618530273,5.531666278839111
CM201800000089,CMGE71FL,CM,2018.0,89.0,CM2018DHS,175464.921875,199312.609375,225965.953125,131.80833435058594,115.51667022705078,136.3333282470703,102.68333435058594,47.785499572753906,40.179710388183594,47.4202880859375,35.7159423828125,0.9607320513044085,0.9609058925083706,0.9614685603550502,31.790000915527344,30.392221450805664,30.657272338867188,32.29600143432617,9.175000190734863,9.175000190734863,8.5,9.158333778381348,-9999,3285.0,3223.0,3079.0,3058.0,3147.0,3115.0,3088.0,0.0,0.0,0.0,0.0,84.6,2392.42236328125,-807,0.0,0.0,0.03979076072530619,0.13248696862315865,25.086362838745117,24.589445114135742,24.85272789001465,25.937166213989258,0.0,0.0,-1.0,0.0,0.0,0.0,0.42407938838005066,0.32946303486824036,0.13861267268657684,0.1794799417257309,0.4702186584472656,0.33099299669265747,0.09163740277290344,0.14466910064220428,28.700000762939453,29.0,28.80000114440918,29.016666412353516,24.08333396911621,24.383333206176758,24.516666412353516,24.40833282470703,19.525001525878906,19.825000762939453,20.30000114440918,19.858333587646484,27.521780240333687,18.382726669311523,18.786666870117188,19.048181533813477,19.578332901000977,2.758333444595337,2.875,2.875,2.875,173015.96153846153,26767.778846153848,60827.392857142855,1784.0,1495.0,1351.0,1647.0,1502.0,1514.0,1181.0,0.6020900726318359,3.0,3.0,3.0,24.781999588012695,22.795000076293945,23.84600067138672,25.30299949645996,24.42099952697754,22.527000427246094,23.399999618530273,24.98699951171875,24.201000213623047,23.722999572753906,23.39299964904785,23.132999420166016,2.2666666666666666,0.0,1869.181640625,2127.276785714286,2416.397879464286,2739.5340401785716,49267.61328125,63419.33203125,81047.359375,102826.015625,3828.4322916666665,4928.1234375,6297.9484375,7990.308333333333,13.170832633972168,12.398332595825195,13.69333267211914,11.091666221618652
CM201800000090,CMGE71FL,CM,2018.0,90.0,CM2018DHS,2489.135498046875,2827.4375,3205.540283203125,132.28334045410156,122.5,123.75833129882812,104.1500015258789,44.21726989746094,39.72972869873047,39.92204284667969,34.24109649658203,0.0004522373055338476,0.0012342344334654485,0.0013376525169016848,26.105868530273437,23.83783416748047,24.712278747558592,24.780963134765624,10.541666984558105,10.541666984558105,9.866666793823242,10.52500057220459,1.0,4002.3,4043.3,4180.8,4187.2,4397.3,4452.7,4415.8,0.0,0.0,0.0,0.0,31.046195652173914,2304.1824776785716,-801.0,0.0,0.0,0.07488320094079315,0.3950605871706219,22.074569702148438,21.35691680908203,21.892388916015626,21.93406524658203,0.2537218798761782,14.218848186990488,-0.9211956521739131,1.3048667907714844,0.9315612627112347,0.2887298957161281,0.479176789522171,0.4631751775741577,0.3435952663421631,0.32533541321754456,0.5749743580818176,0.5519987344741821,0.3563351631164551,0.3467061519622803,29.741666793823242,30.15833282470703,29.916667938232422,30.08333396911621,24.450000762939453,24.866666793823242,24.96666717529297,24.799999237060547,19.200000762939453,19.616666793823242,20.05000114440918,19.558334350585938,0.0,18.043272399902342,18.8760009765625,19.07250061035156,19.08716583251953,2.991666793823242,3.0833334922790527,3.0999999046325684,3.0416667461395264,174631.22044728434,51684.40127388535,147319.77142857143,1810.5,1649.2,1344.7,1576.1,1482.1,1602.8,1420.2,0.5307779312133789,0.0,0.0,0.0,24.617002487182617,22.926498413085938,23.9689998626709,24.783248901367188,23.749500274658203,22.76849937438965,23.61400032043457,25.169750213623047,23.9997501373291,24.200000762939453,23.71150016784668,23.53849983215332,222.84782608695653,126.74184782608695,1.0279161001096304,1.1698500298024523,1.3288459466003917,1.506547725168171,2613.68603515625,2759.28662109375,2891.822265625,3008.8095703125,8.491612309994904,8.964147816533627,9.394139165463654,9.773523745329484,12.59749984741211,12.558333396911621,12.329999923706055,11.079999923706055
CM201800000091,CMGE71FL,CM,2018.0,91.0,CM2018DHS,17007.259765625,19318.740234375,21902.1640625,198.9166717529297,162.64999389648438,223.3333282470703,149.30833435058594,70.41297912597656,55.60683822631836,76.57142639160156,50.90056610107422,0.04685320598738534,0.06873948233468193,0.10106361763817924,25.974445343017578,25.961111068725586,26.03499984741211,27.054000854492188,8.75,8.074999809265137,7.400000095367432,8.058333396911621,-9999,3356,3357,3409,3175,3078,3092,3040,0.0,0.0,0.0,0.0,62.857142857142854,2694.552734375,-807.0,0.0,0.0,0.10420972896296422,0.41788645923238676,22.744443893432617,23.114646911621094,23.335500717163086,23.714221954345703,0.8032979965209961,51.216012137276785,-1.0,9.082919529506139,0.2594726426260812,1.4786529541015625,0.4811666011810303,0.4905032515525818,0.30434995889663696,0.2601745128631592,0.6005029082298279,0.6288186311721802,0.31188344955444336,0.2584601640701294,30.649999618530273,30.59166717529297,30.366666793823242,30.616666793823242,26.25,26.516666412353516,26.641666412353516,26.55000114440918,21.899999618530273,22.516666412353516,22.96666717529297,22.558334350585938,1.517749260211813,19.51444435119629,20.2681827545166,20.63599967956543,20.37444496154785,2.825000047683716,2.924999952316284,2.9166667461395264,2.933333396911621,39223.799479166664,5133.540264423077,8460.941964285714,2514,2387,2500,2230,2159,2479,1802,0.1937274251665388,2.0,2.0,2.0,27.355998992919922,24.43000030517578,27.299999237060547,27.753000259399414,27.160999298095703,24.638999938964844,26.134000778198242,27.60099983215332,27.145000457763672,26.595001220703125,25.910999298095703,25.428998947143555,4.357142857142857,24.0,207.65129743303572,236.32362583705358,268.44273158482144,304.34054129464283,200.9229736328125,206.58399963378906,210.81710815429688,213.53594970703125,18.59307643345424,19.116938999720983,19.508662632533483,19.760262625558035,17.162500381469727,15.354999542236328,16.206666946411133,14.285833358764648
CM201800000092,CMGE71FL,CM,2018.0,92.0,CM2018DHS,16699.5859375,18969.251953125,21505.939453125,184.0749969482422,157.89166259765625,159.22500610351562,133.5166778564453,66.13472747802734,55.40058517456055,54.90517044067383,47.402366638183594,0.10306897530188927,0.11838718561025766,0.1348582414480356,26.191818237304688,24.7318172454834,25.610000610351562,25.375,10.141666412353516,9.466667175292969,9.091667175292969,9.675000190734863,2.0,4077,4063,4191,4149,4570,4526,4615,0.0,0.0,0.0,0.0,37.07142857142857,1964.494384765625,3,0.0,0.0,0.08154535207099725,0.33331881062881974,21.76909065246582,20.650909423828125,21.27666664123535,21.90999984741211,0.7135140736897786,408.90735677083336,-1.0,13.052447509765624,5.935818990071614,1.9641217549641927,0.3567318320274353,0.4771938621997833,0.1891048103570938,0.12530331313610077,0.30525895953178406,0.4617941677570343,0.1247103288769722,0.07910602539777756,26.59166717529297,26.641666412353516,26.58333396911621,26.649999618530273,21.491666793823242,21.875,22.008333206176758,21.80000114440918,16.450000762939453,17.17500114440918,17.491666793823242,16.975000381469727,0.19133795102437337,17.346363067626953,16.56999969482422,16.94333267211914,18.44499969482422,2.7833333015441895,2.8500001430511475,2.9000000953674316,2.816666603088379,119680.30769230769,4201.806189903846,120167.17307692308,2159.0,2303.0,2286.0,2146.0,2602.0,2332.0,1928.0,1.9940625508626302,2.0,2.0,2.0,24.97100067138672,22.261999130249023,23.737998962402344,25.08799934387207,24.437999725341797,22.277000427246094,23.422000885009766,25.249000549316406,24.27899932861328,24.114999771118164,23.605998992919922,22.89900016784668,25.333333333333332,14.533333333333333,188.261767578125,214.25680338541667,243.3767578125,275.92262369791666,1651.4930419921875,1646.878173828125,1630.043701171875,1601.42578125,128.46162923177084,128.10265299479167,126.79318033854166,124.56714680989583,15.770833015441895,15.239166259765625,15.21500015258789,14.119999885559082
CM201800000093,CMGE71FL,CM,2018.0,93.0,CM2018DHS,3936.874267578125,4471.9404296875,5069.95703125,129.63333129882812,123.21666717529297,138.52499389648438,98.81666564941406,48.3105583190918,45.07926940917969,50.37272644042969,36.262996673583984,0.00013848525427636647,0.00023617853247930132,0.00027737636414785236,24.39977111816406,24.515664672851564,24.241989135742188,25.474589538574218,9.383333206176758,9.383333206176758,8.699999809265137,9.366666793823242,-9999,4496.0,4486.0,4632.4,4488.4,4604.7,4596.5,4570.7,0.0,0.0,0.0,0.0,21.254742547425476,2227.299246651786,-801.0,0.0,0.0,0.10023846310454111,0.5352290502140167,21.27611389160156,21.84224853515625,21.914457702636717,22.33162841796875,0.12484514810205476,7.631304650448849,-1.0,1.294839750460493,0.11328160148972095,0.46564299627371275,0.5897848010063171,0.534806489944458,0.3376297950744629,0.3617752194404602,0.7845321297645569,0.6779958009719849,0.34288299083709717,0.4033612012863159,28.866666793823242,29.17500114440918,28.975000381469727,29.20833396911621,24.141666412353516,24.450000762939453,24.600000381469727,24.491666793823242,19.483333587646484,19.79166603088379,20.274999618530273,19.84166717529297,0.0030589245845308796,18.152455139160157,19.16883239746094,19.58692321777344,19.188665771484374,2.683333396911621,2.7333333492279053,2.75,2.7250001430511475,128703.1619047619,16731.08860759494,164025.5492063492,2018.6,1764.1,1508.3,1747.5,1540.0,1597.5,1352.4,0.1001447041829427,0.0,0.0,0.0,24.55900001525879,22.881999969482422,23.822999954223633,24.612499237060547,23.76974868774414,22.748498916625977,23.609251022338867,24.71900177001953,24.34524917602539,23.68975067138672,23.4272518157959,23.305999755859375,319.8861788617886,159.77777777777777,1.4374516388106215,1.6359337978675716,1.858275700136612,2.106776336503159,2873.3427734375,3225.8994140625,3594.65478515625,3975.752197265625,9.064951992293361,10.177214335619919,11.34058080326897,12.542885384908537,12.479166984558105,12.079999923706055,13.811666488647461,10.460832595825195
CM201800000094,CMGE71FL,CM,2018.0,94.0,CM2018DHS,7643.751953125,8682.625,9843.720703125,134.1666717529297,120.82500457763672,123.58333587646484,106.65833282470703,45.609066009521484,40.052486419677734,40.40871810913086,35.45429229736328,0.11178978284200032,0.13673033316930136,0.1476262410481771,26.267778396606445,24.435455322265625,25.21666717529297,24.171667098999023,10.766666412353516,10.766666412353516,10.091667175292969,10.75,1,4149,3948,3787,3919,4315,4359,4251,0.0,0.0,0.0,0.0,41.06666666666667,2108.624267578125,6,0.0,0.0,0.0748479713358096,0.40778448225680397,22.257980346679688,21.659393310546875,22.13166618347168,21.578332901000977,0.24709615707397461,33.48824462890625,-0.7333333333333333,3.8301101684570313,0.475428835550944,0.34878902435302733,0.5295198559761047,0.5062088966369629,0.38351449370384216,0.3584466874599457,0.5776516199111938,0.5359995365142822,0.35787177085876465,0.347506582736969,29.691667556762695,30.125,29.891666412353516,30.016666412353516,24.283334732055664,24.71666717529297,24.816667556762695,24.616666793823242,18.92500114440918,19.358333587646484,19.80000114440918,19.266666412353516,0.9888454437255859,18.24818229675293,18.883333206176758,19.046667098999023,18.985000610351562,2.941666603088379,3.0166666507720947,3.058333396911621,3.008333444595337,142584.0,25138.457589285714,156991.3173076923,1768,1558,1391,1605,1507,1585,1372,0.2426462173461914,2.0,1.0,2.0,24.411998748779297,22.590999603271484,23.527999877929688,24.28499984741211,23.354999542236328,22.479000091552734,23.31599998474121,24.766000747680664,23.833999633789062,23.89900016784668,23.409000396728516,23.288999557495117,94.0,39.53333333333333,42.34391566685268,48.19073486328125,54.740404401506694,62.060634068080354,120.91161346435547,138.7584228515625,158.04971313476562,178.68275451660156,9.453297932942709,10.848622639973959,12.356884765625,13.970050048828124,12.394999504089355,12.31583309173584,12.090832710266113,10.966666221618652
CM201800000095,CMGE71FL,CM,2018.0,95.0,CM2018DHS,155965.640625,177163.15625,200854.53125,131.80833435058594,115.51667022705078,136.3333282470703,102.68333435058594,47.785499572753906,40.179710388183594,47.4202880859375,35.7159423828125,0.883617083231608,0.9304196039835612,0.9298499425252279,26.5674991607666,25.864545822143555,27.329999923706055,27.536666870117188,9.175000190734863,9.175000190734863,8.5,9.158333778381348,-9999,2774,2729,2688,2819,2861,2741,2737,0.0,0.0,0.0,0.0,73.84615384615384,2392.42236328125,-807,0.0,0.0,0.06143020699891274,0.2569444034418537,22.231477737426758,22.20393943786621,23.329090118408203,23.268333435058594,0.0,0.0,-1.0,0.0,0.0,0.0,0.4615330100059509,0.36482906341552734,0.15783683955669403,0.19353415071964264,0.533884584903717,0.3836233615875244,0.10948163270950317,0.16041992604732513,28.700000762939453,29.0,28.80000114440918,29.016666412353516,24.08333396911621,24.383333206176758,24.516666412353516,24.40833282470703,19.525001525878906,19.825000762939453,20.30000114440918,19.858333587646484,14.534061826508621,17.89545440673828,18.543333053588867,19.328182220458984,19.0,2.758333444595337,2.875,2.875,2.875,170804.8409090909,24040.302884615383,64008.24107142857,1912,1602,1441,1733,1577,1613,1243,0.5864025629483737,3.0,3.0,3.0,24.781999588012695,22.795000076293945,23.84600067138672,25.30299949645996,24.42099952697754,22.527000427246094,23.399999618530273,24.98699951171875,24.201000213623047,23.722999572753906,23.39299964904785,23.132999420166016,5.0,0.0,1451.906494140625,1652.384765625,1876.9625244140625,2127.9619140625,63332.75,81632.640625,104434.1875,132610.296875,5674.0432692307695,7313.546875,9356.360576923076,11880.685096153846,13.170832633972168,12.398332595825195,13.69333267211914,11.091666221618652
CM201800000096,CMGE71FL,CM,2018.0,96.0,CM2018DHS,150.21426391601562,170.63009643554688,193.44781494140625,39.974998474121094,47.233333587646484,51.96666717529297,43.67499923706055,6.51766300201416,7.785714149475098,8.449864387512207,7.259002685546875,0.0,0.00011582945201856394,0.0004700518523653348,40.228179931640625,37.813331604003906,37.8849983215332,37.768333435058594,15.625,15.325000762939453,15.324999809265137,14.866666793823242,5,1490.0,1514.0,1735.0,1855.0,1891.0,1848.0,1852.0,0.0,0.0,0.0,0.0,55.75,7065.5546875,2,0.0,0.0,0.06549814353406114,0.22793964191570693,29.886363983154297,29.123332977294922,29.429166793823242,29.053333282470703,5.064386367797852,3.692002058029175,-1.0,0.4716721177101135,0.3660309910774231,6.587865352630615,0.4439235031604767,0.4292914867401123,0.14508536458015442,0.2296755462884903,0.367054283618927,0.35011765360832214,0.08169219642877579,0.16193720698356628,36.90833282470703,37.72500228881836,38.06666946411133,37.141666412353516,29.075000762939453,30.041667938232422,30.375,29.683334350585938,21.28333282470703,22.399999618530273,22.741666793823242,22.274999618530273,0.0,19.544546127319336,20.433332443237305,20.97333335876465,20.338333129882812,6.133333206176758,6.066666603088379,6.150000095367432,6.016666889190674,22513.80528846154,5149.494140625,9443.951923076924,308.0,310.0,453.0,464.0,483.0,468.0,525.0,0.3186454772949219,0.0,0.0,0.0,32.992000579833984,27.232999801635742,23.61600112915039,25.91499900817871,23.011999130249023,28.73200035095215,31.441999435424805,29.73200035095215,33.007999420166016,26.663000106811523,29.507999420166016,28.39900016784668,230.0,46.8125,1.656137720743815,1.8848159790039063,2.1409840901692707,2.427289835611979,482.75201416015625,554.2440185546875,631.569091796875,714.3251953125,35.923728942871094,41.24376678466797,46.99787139892578,53.15612030029297,3.3933334350585938,3.809166669845581,3.9499998092651367,3.496666669845581
CM201800000097,CMGE71FL,CM,2018.0,97.0,CM2018DHS,2912.5712890625,3308.422607421875,3750.845947265625,145.14166259765625,128.14166259765625,147.22500610351562,108.97500610351562,56.91830062866211,49.285255432128906,56.08571243286133,41.514286041259766,2.3960725814583218e-05,0.0011746349633698296,0.001062081270279225,24.404689025878906,24.4192626953125,24.428709411621092,24.358200073242188,8.449999809265137,8.449999809265137,7.775000095367432,8.433333396911621,-9999,3921.8,3877.1,3863.2,3932.3,4219.9,4213.7,4243.6,0.0,0.0,0.0,0.0,27.2911051212938,4868.648958333333,5.0,0.0,0.0,0.08708329570298713,0.491634394569047,21.238798522949217,21.541912841796876,21.563604736328124,21.698100280761718,0.13448669968268298,16.197307740902964,-1.0,1.240928382565069,0.7758760272331957,0.43812614502611186,0.5577025095621745,0.5175371170043945,0.31749480565389,0.3112751007080078,0.7203012466430664,0.6485295613606771,0.3148317337036133,0.32275492350260415,28.100000381469727,28.350000381469727,28.166667938232422,28.42500114440918,23.850000381469727,24.100000381469727,24.258333206176758,24.183334350585938,19.649999618530273,19.899999618530273,20.391666412353516,19.991666793823242,0.006733591378140611,18.072909545898437,18.664561462402343,18.698501586914062,19.037998962402344,2.549999952316284,2.6000001430511475,2.625,2.625,76392.20189274447,42169.08571428571,141981.482428115,2175.4,1784.4,1746.9,1703.4,1597.9,1682.5,1396.0,0.3629025359038073,0.0,0.0,0.0,24.119333902994793,22.226333618164062,23.64600118001302,24.30500030517578,23.8143310546875,22.23699951171875,23.21400197347005,24.2826665242513,23.941001892089844,23.3336664835612,23.041000366210938,22.731000264485676,102.55795148247978,56.474393530997304,1.0916688821386455,1.2424056472161389,1.41126261502906,1.5999857858827493,6875.7373046875,7593.8359375,8324.26953125,9057.015625,21.56544548096361,23.81773026869946,26.108703777796496,28.40692911893531,14.182499885559082,13.089166641235352,14.747499465942383,11.53416633605957
CM201800000098,CMGE71FL,CM,2018.0,98.0,CM2018DHS,61627.71484375,70003.625,79364.9453125,225.9166717529297,176.19166564941406,294.9916687011719,166.97500610351562,80.44510650634766,61.46220779418945,102.9040756225586,58.0782585144043,0.701477156745063,0.7792210049099393,0.7994390593634711,28.685556411743164,25.45800018310547,28.2336368560791,27.860000610351562,8.691666603088379,8.016666412353516,7.708333492279053,8.216667175292969,-9999,3099.0,3066.0,3018.0,3088.0,3150.0,3146.0,3142.0,0.0,0.0,0.0,0.0,95.625,2697.871826171875,-807,0.0,-9999,-9999,-9999,24.38777732849121,23.228546142578125,24.888818740844727,24.5262508392334,0.0,0.0,-1.0,0.0,0.0,0.0,-9999,-9999,-9999,-9999,-9999,-9999,-9999,-9999,31.108333587646484,31.008333206176758,31.033334732055664,31.20833396911621,26.725000381469727,26.975000381469727,27.166667938232422,27.08333396911621,22.416667938232422,22.991666793823242,23.325000762939453,22.991666793823242,10.89967744246773,20.09000015258789,20.99909019470215,21.54400062561035,21.1924991607666,2.808333396911621,2.866666793823242,2.866666793823242,2.875,603.3668619791666,4726.85625,664.67548828125,3181.0,3329.0,3739.0,3191.0,3086.0,3741.0,2417.0,0.0,3.0,3.0,3.0,27.347000122070312,24.865999221801758,26.996999740600586,27.70599937438965,27.152000427246094,24.9950008392334,26.191999435424805,27.571001052856445,26.895000457763672,26.59600067138672,25.867000579833984,25.38800048828125,6.0,0.0,472.0874837239583,537.2730305989584,610.2945149739584,691.906982421875,10129.955078125,12543.9755859375,15417.197265625,18807.5,1349.487109375,1671.0765625,2053.83984375,2505.4875,17.16499900817871,15.934999465942383,16.543333053588867,15.129166603088379
CM201800000099,CMGE71FL,CM,2018.0,99.0,CM2018DHS,94323.59375,107143.2421875,121471.109375,225.9166717529297,176.19166564941406,294.9916687011719,166.97500610351562,80.44510650634766,61.46220779418945,102.9040756225586,58.0782585144043,0.7898869147667518,0.8044162163367639,0.8272649324857272,26.745555877685547,28.1522216796875,27.83222198486328,30.078571319580078,8.691666603088379,8.016666412353516,7.708333492279053,8.216667175292969,2.0,2201,2194,2227,2134,2153,2143,2147,0.0,0.0,0.0,0.0,72.64285714285714,2697.871826171875,-807,0.0,0.0,0.07482013066996293,0.2970612990345666,23.052322387695312,23.87656593322754,24.494112014770508,25.619840621948242,0.08016810246876307,229.82535226004464,-1.0,0.49587818554469515,0.0,0.217984710420881,0.3749130666255951,0.3985472023487091,0.1491485983133316,0.11973602324724197,0.4150107204914093,0.4632243812084198,0.10447614639997482,0.08609534800052643,31.108333587646484,31.008333206176758,31.033334732055664,31.20833396911621,26.725000381469727,26.975000381469727,27.166667938232422,27.08333396911621,22.416667938232422,22.991666793823242,23.325000762939453,22.991666793823242,9.841607666015625,19.35909080505371,19.600908279418945,21.1560001373291,21.16111183166504,2.808333396911621,2.866666793823242,2.866666793823242,2.875,6917.133413461538,5824.442307692308,5343.28125,3138,2925,3558,3172,3073,3580,2378,0.0,3.0,3.0,3.0,27.583999633789062,25.110000610351562,27.170000076293945,27.94499969482422,27.30500030517578,25.15999984741211,26.423999786376953,27.814998626708984,27.131000518798828,26.746999740600586,26.05500030517578,25.566999435424805,9.5,0.0,744.58984375,847.4022739955357,962.5738699776786,1091.2953404017858,16218.2578125,20083.150390625,24683.234375,30111.177734375,1349.487025669643,1671.0767299107142,2053.83984375,2505.4874441964284,17.16499900817871,15.934999465942383,16.543333053588867,15.129166603088379
CM201800000100,CMGE71FL,CM,2018.0,100.0,CM2018DHS,38435.5625,43659.390625,49497.8046875,184.0749969482422,157.89166259765625,159.22500610351562,133.5166778564453,66.13472747802734,55.40058517456055,54.90517044067383,47.402366638183594,0.007349922870978331,0.011905908584594727,0.019122728934654824,25.359072875976562,24.629983520507814,24.83149871826172,25.244273376464843,10.141666412353516,9.466667175292969,9.091667175292969,9.675000190734863,2.0,3907.0,3911.0,3963.6,3753.5,4186.9,4232.6,4247.2,0.0,0.0,0.0,0.0,24.97043010752688,1964.4944010416666,4.0,0.0,0.0,0.06860338469601288,0.334278622219825,19.95718994140625,19.603242492675783,19.962918090820313,20.283802795410157,2.1257941133232525,95.25343371975806,-1.0,10.828493179813508,6.187733639952957,1.0867070844096522,0.3476678303309849,0.4844891003199986,0.20683748381478445,0.12563349519457137,0.29614431517464773,0.47064978735787527,0.14124101400375366,0.0803281239100865,26.59166717529297,26.641666412353516,26.58333396911621,26.649999618530273,21.491666793823242,21.875,22.008333206176758,21.80000114440918,16.450000762939453,17.17500114440918,17.491666793823242,16.975000381469727,0.01870972659136798,14.555308532714843,14.576499938964844,15.094332885742187,15.323333740234375,2.7833333015441895,2.8500001430511475,2.9000000953674316,2.816666603088379,138070.90095846646,19909.682965299686,138037.03514376996,1953.5,1931.0,1872.2,1837.4,2135.3,1899.6,1655.7,2.580802999516969,0.0,1.0,1.0,23.474750518798828,20.62874984741211,22.9997501373291,24.332250595092773,23.641498565673828,20.888999938964844,22.126249313354492,24.258251190185547,23.04974937438965,23.05699920654297,21.777250289916992,21.374500274658203,110.59139784946237,38.46774193548387,15.756308489304812,17.931927849264707,20.36908056901738,23.0929614388369,48780.921875,48536.4453125,47932.1875,46983.2890625,153.02125336021504,152.2543472782258,150.35884996639786,147.38224546370967,15.770833015441895,15.239166259765625,15.21500015258789,14.119999885559082
CM201800000101,CMGE71FL,CM,2018.0,101.0,CM2018DHS,10990.2841796875,12483.98828125,14153.427734375,168.64166259765625,145.3000030517578,184.5,131.60833740234375,59.0,49.25423812866211,62.54237365722656,44.48732376098633,0.000755651171799678,0.0012430432875444935,0.0026002966674270145,25.771494547526043,25.139258490668404,25.724755181206596,25.75247022840712,8.449999809265137,8.449999809265137,7.775000095367432,8.433333396911621,-9999,3316.8888888888887,3300.0,3398.5555555555557,3388.777777777778,3650.3333333333335,3771.5555555555557,3731.0,0.0,0.0,0.0,0.0,25.189560439560438,2694.552734375,-801.0,0.0,0.0,0.07910083694443691,0.43180028560951267,21.58118184407552,21.837337917751736,22.213009304470486,22.053431193033855,0.28982728392213253,3.7482501019488326,-1.0,2.1551461691384786,1.0361162961184323,0.7541180285778675,0.5030077695846558,0.45515576004981995,0.35400205850601196,0.3128257691860199,0.609672486782074,0.5290316343307495,0.36779993772506714,0.3230224549770355,29.983333587646484,30.30000114440918,30.058334350585938,30.325000762939453,25.733333587646484,26.05000114440918,26.149999618530273,26.08333396911621,21.53333282470703,21.850000381469727,22.28333282470703,21.891666412353516,0.012046766119488215,17.390869140625,18.535413953993057,18.70126681857639,18.354395548502605,2.8583333492279053,2.950000047683716,2.950000047683716,2.9583334922790527,120184.7435897436,51903.45741324921,50390.11392405063,2452.0,2178.0,2007.1,1965.3,1945.1,2180.1,1482.4,0.5635897458254636,0.0,0.0,0.0,25.907501220703125,23.04050064086914,25.835750579833984,26.47024917602539,25.798999786376953,23.3127498626709,24.555749893188477,26.263999938964844,25.543251037597656,24.935501098632812,24.525249481201172,24.120750427246094,218.9835164835165,134.65934065934067,4.506440945757114,5.128687251227981,5.825733877455962,6.6047885967140925,6328.611328125,6705.9560546875,7052.6845703125,7362.1357421875,20.250321943681318,21.457755623282967,22.56721915779533,23.55740255837912,15.418333053588867,14.229166984558105,15.323332786560059,13.088333129882812
CM201800000102,CMGE71FL,CM,2018.0,102.0,CM2018DHS,14628.3896484375,16616.55078125,18838.623046875,173.83334350585938,148.1750030517578,149.4499969482422,123.92500305175781,58.10585021972656,48.44959259033203,48.08042907714844,40.63114929199219,0.00013628554872319667,0.0003092618116849585,0.0004958814080757431,27.148941040039062,26.4441655476888,26.559722900390625,26.681894938151043,10.600000381469727,9.925000190734863,9.475000381469727,10.125,2.0,3590.0,3575.8333333333335,3700.25,3632.5833333333335,3891.25,3821.75,3959.6666666666665,0.0,0.0,0.0,0.0,23.74866310160428,1964.4944010416666,4.0,0.0,0.0,0.0669881063488543,0.31548877028606004,22.196136474609375,21.98492940266927,22.150624593098957,22.15087636311849,1.6844294746929311,27.131506935160427,-1.0,2.5894357609876337,0.2640432061996052,0.5779847741764497,0.4270986829485212,0.5567124911717006,0.4107606751578195,0.23436929498400008,0.39282073293413433,0.5770138331821987,0.36929300853184294,0.17933079174586705,28.433334350585938,28.516666412353516,28.42500114440918,28.53333282470703,23.116666793823242,23.53333282470703,23.649999618530273,23.441667556762695,17.83333396911621,18.59166717529297,18.950000762939453,18.40833282470703,0.0,17.24333318074544,17.525694529215496,17.741527557373047,17.61986033121745,2.991666793823242,3.058333396911621,3.1083333492279053,3.049999952316284,121944.71565495207,80245.10691823899,138018.85173501578,1840.75,1895.6666666666667,1808.3333333333333,1804.9166666666667,2028.6666666666667,1887.3333333333333,1851.75,1.4327660218917113,0.0,0.0,0.0,24.392000834147137,21.760665893554688,20.947333017985027,25.02533467610677,23.99066670735677,21.753000895182293,22.527333577473957,25.043668111165363,23.351664225260418,23.0260009765625,22.716334025065105,22.205668131510418,177.5668449197861,50.40909090909091,5.979701641478825,6.805374562414618,7.730303321379782,8.764047424649931,17789.630859375,19703.265625,21659.70703125,23633.2109375,55.525040733622994,61.49789020721925,67.6043407419786,73.76404265541444,14.775833129882812,14.204166412353516,14.174166679382324,13.054166793823242
CM201800000103,CMGE71FL,CM,2018.0,103.0,CM2018DHS,14001.3671875,16211.697265625,18747.2265625,58.20000076293945,60.641666412353516,70.98333740234375,67.08333587646484,10.71165657043457,11.317262649536133,12.925644874572754,12.365591049194336,6.408089446643042e-05,0.00012886345623031495,0.00012132589306150164,34.189595540364586,32.008890787760414,33.045369466145836,33.910925971137154,15.083333969116211,14.758333206176758,14.291666984558105,14.300000190734863,2.0,1945.5555555555557,1832.5555555555557,1966.0,2117.8888888888887,2065.4444444444443,2128.0,2167.3333333333335,0.0,0.0,0.0,0.0,35.52127659574468,1628.0328125,4.0,6.752561092376709,0.0,0.06210410929636317,0.20705540670099457,27.04898918999566,26.21499972873264,27.269446478949654,27.055462307400173,10.350419714095745,103.75498670212765,-0.7606382978723404,6.392126854429853,34.5329278174867,7.16748955909242,0.22232502301534016,0.23645006815592448,0.20228775342305502,0.21402866045633953,0.15382712682088215,0.1669899304707845,0.13013575077056885,0.15179446538289387,35.42499923706055,36.208335876464844,36.20833206176758,35.650001525878906,27.866666793823242,28.80000114440918,29.024999618530273,28.483333587646484,20.34166717529297,21.450000762939453,21.91666603088379,21.350000381469727,0.003142336126631363,19.908382839626736,20.421112060546875,21.493518405490452,20.200000339084202,5.433333396911621,5.358333587646484,5.491666793823242,5.425000190734863,4390.54392971246,3404.836356466877,164478.8498402556,582.1,522.2,734.2,733.2,697.1,768.3,864.9,0.1778796784421231,0.0,0.0,0.0,31.435501098632812,25.84000015258789,24.971750259399414,26.588499069213867,24.366249084472656,26.686500549316406,28.600500106811523,29.91400146484375,30.292499542236328,26.880001068115234,27.779998779296875,26.5627498626709,210.24202127659575,180.84840425531914,6.505998584124284,7.614169670039399,8.81763464810172,10.198425467854584,16070.5087890625,17774.681640625,19473.828125,21193.974609375,59.65980113636363,65.94276012073864,72.2080965909091,78.5409823330966,5.225832939147949,5.423333168029785,5.809999942779541,5.516666412353516
CM201800000105,CMGE71FL,CM,2018.0,105.0,CM2018DHS,3793.720703125,4309.3310546875,4885.6015625,97.20833587646484,104.21666717529297,115.30833435058594,118.96666717529297,24.151138305664062,25.8923397064209,28.529895782470703,29.866107940673828,8.594548443141273e-06,1.0743184994237545e-05,0.00015975845356782278,34.38939073350694,32.66148206922743,33.25962660047743,33.01759168836806,13.833333969116211,13.458333969116211,12.625,13.041666984558105,2.0,2895.0,2959.6666666666665,3116.4444444444443,3149.8888888888887,3229.1111111111113,3236.0,3171.1111111111113,0.0,0.0,0.0,0.0,24.235772357723576,1940.1276041666667,6.0,0.0,0.0,0.07417377950489605,0.40565312445746377,26.333838568793404,26.041851467556423,26.192516750759548,26.564168294270832,0.6180405862286162,3.1024480886898713,-1.0,1.1127673306762365,0.47437664745299796,0.7427758524411416,0.48902889660426546,0.49074714524405344,0.46342464855739046,0.39267563819885254,0.4484459672655378,0.46313905715942383,0.42030753408159527,0.3500235080718994,31.483333587646484,32.00833511352539,31.658334732055664,31.541667938232422,24.525001525878906,25.258333206176758,25.325000762939453,25.008333206176758,17.649999618530273,18.55000114440918,19.03333282470703,18.5,0.0,18.278283013237846,19.422220865885418,19.125403510199654,20.110741509331596,4.025000095367432,4.025000095367432,4.0416669845581055,3.9833335876464844,61542.97777777778,57290.037974683546,207214.53164556963,1250.5,1307.9,1539.0,1257.5,1389.9,1450.8,1433.3,0.9653713153952829,0.0,0.0,0.0,28.62733205159505,23.83600107828776,24.009999593098957,26.53466542561849,24.155665079752605,24.134668986002605,25.19933319091797,28.662999471028645,26.943333943684895,24.460667928059895,24.891334533691406,24.12366485595703,311.16531165311653,71.36585365853658,1.7358663807744565,1.9755534296450408,2.244053550388502,2.5441426816193955,2696.0,3325.063720703125,4070.259765625,4945.388671875,8.570386602303524,10.570132537262873,12.939056148373984,15.721025999322492,8.494999885559082,9.665833473205566,10.556666374206543,9.726666450500488
CM201800000106,CMGE71FL,CM,2018.0,106.0,CM2018DHS,6841.685546875,7771.548828125,8810.8095703125,179.4166717529297,146.68333435058594,198.48333740234375,133.24166870117188,62.40579605102539,50.14814758300781,66.90449523925781,45.55270767211914,0.0005403224777125712,0.000796124057949714,0.0012323220008574193,24.94066704644097,24.47296820746528,25.201370239257812,25.028549194335938,9.466667175292969,8.791666984558105,8.116666793823242,8.77500057220459,-9999,3654.8888888888887,3649.0,3753.5555555555557,3675.4444444444443,3817.5555555555557,3885.0,3795.5555555555557,0.0,0.0,0.0,0.0,31.631147540983605,2853.263671875,-801.0,0.0,0.0,0.07066433261923744,0.41609944232805385,21.28937445746528,21.792626274956596,21.71060011121962,21.619325425889755,0.2465149509450777,5.051809842469262,-0.8688524590163934,1.9059024664873634,0.42565663655598956,0.611937976274334,0.4685879051685333,0.4327240586280823,0.3201906085014343,0.27485376596450806,0.5640180110931396,0.5019372701644897,0.326280415058136,0.27190762758255005,30.0,29.96666717529297,29.741666793823242,29.991666793823242,25.241666793823242,25.541667938232422,25.641666412353516,25.575000762939453,20.53333282470703,21.17500114440918,21.625,21.21666717529297,0.0,17.638080173068577,19.11228264702691,18.219828287760418,18.210099962022568,2.875,2.924999952316284,2.9666666984558105,2.924999952316284,110778.3111111111,31984.129746835442,48788.80830670927,2542.1,2391.2,2459.5,2188.8,2201.1,2488.9,1625.2,0.42896616784601266,0.0,0.0,0.0,26.062667846679688,23.16900126139323,26.029998779296875,26.672999064127605,25.979334513346355,23.414332071940105,24.70733388264974,26.41333262125651,25.706334431966145,25.179000854492188,24.701334635416668,24.3163324991862,177.50273224043715,158.71311475409837,2.792904713114754,3.1785468429815573,3.6105476754610657,4.0933731162482925,5977.74267578125,6242.1513671875,6471.00146484375,6659.82373046875,19.39284494535519,20.24659270406421,20.9846911821209,21.59272007342896,15.477499961853027,14.31583309173584,14.991666793823242,13.295000076293945
CM201800000107,CMGE71FL,CM,2018.0,107.0,CM2018DHS,55434.79296875,62969.01171875,71389.625,131.80833435058594,115.51667022705078,136.3333282470703,102.68333435058594,47.785499572753906,40.179710388183594,47.4202880859375,35.7159423828125,0.5163394854618952,0.5760302543640137,0.6807933954092172,27.299999237060547,26.528181076049805,26.950000762939453,28.439090728759766,9.175000190734863,9.175000190734863,8.5,9.158333778381348,-9999,3020,3009,2877,2887,2934,2810,2832,0.0,0.0,0.0,0.0,66.3125,2392.42236328125,-807,0.0,0.0,0.06143020699891274,0.2569444034418537,22.704999923706055,22.51992416381836,23.013635635375977,23.697046279907227,0.40846002101898193,1023.927978515625,-1.0,5.190672397613525,12.817943572998047,1.4941024780273438,0.4615330100059509,0.36482906341552734,0.15783683955669403,0.19353415071964264,0.533884584903717,0.3836233615875244,0.10948163270950317,0.16041992604732513,28.700000762939453,29.0,28.80000114440918,29.016666412353516,24.08333396911621,24.383333206176758,24.516666412353516,24.40833282470703,19.525001525878906,19.825000762939453,20.30000114440918,19.858333587646484,11.048372465988685,18.110000610351562,18.511667251586914,19.077272415161133,18.954999923706055,2.758333444595337,2.875,2.875,2.875,171521.68181818182,24349.99519230769,65072.611607142855,1912.0,1602.0,1441.0,1733.0,1577.0,1613.0,1243.0,0.36022084951400757,3.0,3.0,3.0,24.781999588012695,22.795000076293945,23.84600067138672,25.30299949645996,24.42099952697754,22.527000427246094,23.399999618530273,24.98699951171875,24.201000213623047,23.722999572753906,23.39299964904785,23.132999420166016,8.5,0.0,558.35107421875,635.4478236607143,721.8123604910714,818.3376116071429,32035.0078125,41229.3828125,52678.609375,66819.5859375,2331.91552734375,3001.198974609375,3834.619140625,4863.9794921875,13.170832633972168,12.398332595825195,13.69333267211914,11.091666221618652
CM201800000108,CMGE71FL,CM,2018.0,108.0,CM2018DHS,26720.45703125,30352.068359375,34410.9375,170.1750030517578,141.69166564941406,145.25833129882812,126.51667022705078,55.04312515258789,44.74473571777344,45.041343688964844,40.27055740356445,0.001371071353695746,0.0035041213411638036,0.006140189215963947,27.954795143821023,26.95772760564631,27.040150035511363,27.202878085049715,11.116666793823242,10.441666603088379,9.983333587646484,10.633333206176758,2.0,3113.0,3102.7272727272725,3185.6363636363635,3174.909090909091,3421.6363636363635,3386.6363636363635,3549.4545454545455,0.0,0.0,0.0,0.0,23.9375,1964.494419642857,4.0,0.0,0.0,0.07385093934252387,0.3092896068521763,22.338652177290484,21.988408868963067,22.19393366033381,22.171363136985086,1.2548770075259001,72.16941236413044,-1.0,2.7813690848972485,0.28609566066576086,0.7409110691236414,0.4161784989493234,0.549846921648298,0.4043879508972168,0.23281782014029367,0.3815221105303083,0.5683862141200474,0.3620105130331857,0.17898426737104142,27.70833396911621,27.84166717529297,27.70833396911621,27.766666412353516,22.116666793823242,22.58333396911621,22.700000762939453,22.416667938232422,16.59166717529297,17.399999618530273,17.725000381469727,17.133333206176758,0.003684474846857996,16.722511985085227,17.01909013227983,17.347713123668324,17.139848188920453,3.0916666984558105,3.1666667461395264,3.2250001430511475,3.1416666507720947,101900.56050955414,76302.77215189874,154704.7435897436,1930.4,1918.8,1948.5,1911.3,2000.3,2067.4,1912.4,1.8469890096913213,0.0,0.0,0.0,23.565999348958332,20.990000406901043,19.342999776204426,24.193333943684895,23.259666442871094,20.876665751139324,21.689666748046875,24.187001546223957,22.526334126790363,22.194000244140625,21.942667643229168,21.28399912516276,148.2038043478261,23.217391304347824,10.420614491338315,11.859486455502717,13.471324091372283,15.272795304008152,17499.19921875,19381.59375,21306.08984375,23247.375,55.52505095108695,61.49789296025815,67.60434358016305,73.7640380859375,14.417499542236328,13.757499694824219,15.879999160766602,12.977499961853027
CM201800000109,CMGE71FL,CM,2018.0,109.0,CM2018DHS,103030.6484375,117033.6796875,132684.15625,214.2166748046875,183.73333740234375,187.99166870117188,158.0,77.4277114868164,65.03834533691406,65.19942474365234,55.764705657958984,0.30037447122427136,0.31956591972937953,0.338230719933143,26.554000854492188,25.131818771362305,26.06599998474121,24.920000076293945,9.291666984558105,8.616666793823242,8.216667175292969,8.824999809265137,2,3861,3853,3846,3723,4112,4095,4100,0.0,0.0,0.0,0.0,55.4375,2697.871826171875,-807,0.0,0.0,0.08090928666925376,0.27876680897896167,22.195636749267578,21.737272262573242,22.098833084106445,21.207500457763672,1.131494402885437,5431.35400390625,-1.0,16.947179794311523,12.738677024841309,4.014030456542969,0.24870836734771729,0.3278190791606903,0.10318002849817276,0.07365673780441284,0.22379589080810547,0.3465036153793335,0.06335184723138809,0.04471787437796593,29.91666603088379,29.891666412353516,29.84166717529297,30.008333206176758,25.241666793823242,25.558334350585938,25.71666717529297,25.575000762939453,20.625,21.275001525878906,21.625,21.183334350585938,1.2760321633857594,17.83727264404297,18.342727661132812,18.13166618347168,17.4950008392334,2.7666666507720947,2.825000047683716,2.883333444595337,2.8333334922790527,95520.88541666667,27536.625,95812.03846153847,2447,2503,2652,2437,2781,2640,1954,3.2651829719543457,3.0,3.0,3.0,24.441999435424805,21.631000518798828,23.41200065612793,24.573999404907227,24.04199981689453,21.551000595092773,22.832000732421875,24.711000442504883,23.729999542236328,23.575000762939453,23.149999618530273,22.336999893188477,3.1875,2.0,845.5570591517857,962.3109654017857,1093.1000279017858,1239.2762276785713,1333.8914794921875,1348.17822265625,1352.4375,1346.6142578125,97.24024963378906,98.2817611694336,98.59225463867188,98.16773986816406,16.11083221435547,15.800832748413086,15.84999942779541,14.629166603088379
CM201800000110,CMGE71FL,CM,2018.0,110.0,CM2018DHS,114749.0234375,130344.734375,147775.25,225.9166717529297,176.19166564941406,294.9916687011719,166.97500610351562,80.44510650634766,61.46220779418945,102.9040756225586,58.0782585144043,0.7998288961557242,0.8667250413161057,0.8321682856633112,28.83888816833496,26.983999252319336,29.181110382080078,28.41857147216797,8.691666603088379,8.016666412353516,7.708333492279053,8.216667175292969,2.0,1460,1402,1379,1433,1464,1464,1466,0.0,0.0,0.0,0.0,82.71428571428571,2697.871826171875,-807,0.0,0.0,0.07417191367086856,0.2821556277257178,24.182626724243164,23.551000595092773,25.15855598449707,24.975536346435547,0.03008505276271275,37.121590750558035,-1.0,0.10484282459531512,0.0,0.039769526038851054,0.38997113704681396,0.4156497120857239,0.17567232251167297,0.1361272782087326,0.43947961926460266,0.49119022488594055,0.13322283327579498,0.10201852023601532,31.108333587646484,31.008333206176758,31.033334732055664,31.20833396911621,26.725000381469727,26.975000381469727,27.166667938232422,27.08333396911621,22.416667938232422,22.991666793823242,23.325000762939453,22.991666793823242,20.59566446940104,19.526363372802734,20.118000030517578,21.13599967956543,21.532499313354492,2.808333396911621,2.866666793823242,2.866666793823242,2.875,2474.9508463541665,3166.315011160714,1750.768780048077,3221,3502,3751,3416,3241,3850,2643,0.0,3.0,3.0,3.0,27.347000122070312,24.865999221801758,26.996999740600586,27.70599937438965,27.152000427246094,24.9950008392334,26.191999435424805,27.571001052856445,26.895000457763672,26.59600067138672,25.867000579833984,25.38800048828125,3.2142857142857144,0.0,955.42578125,1087.3503255208334,1235.13359375,1400.303515625,16218.126953125,20082.98828125,24683.0390625,30110.93359375,1349.487025669643,1671.0767299107142,2053.83984375,2505.4874441964284,17.16499900817871,15.934999465942383,16.543333053588867,15.129166603088379
CM201800000112,CMGE71FL,CM,2018.0,112.0,CM2018DHS,106150.8515625,120577.9609375,136702.390625,145.14166259765625,128.14166259765625,147.22500610351562,108.97500610351562,56.91830062866211,49.285255432128906,56.08571243286133,41.514286041259766,0.005157950924774074,0.009479433956206408,0.009309782214721295,24.79543512517756,24.577145663174715,24.874078924005683,24.244989568536933,8.449999809265137,8.449999809265137,7.775000095367432,8.433333396911621,-9999,3954.7272727272725,3966.2727272727275,4061.4545454545455,4019.909090909091,4236.0,4202.909090909091,4202.545454545455,0.0,0.0,0.0,0.0,30.41576086956522,5769.095424107143,-807.0,0.0,0.0,0.08410665704956626,0.4740851211431703,21.36817238547585,21.58574052290483,21.808808760209516,21.696660822088067,0.17063932912551089,47.29490590940055,-1.0,2.525583043735099,0.9389107103893477,0.6244475653126065,0.5377006530761719,0.5238156318664551,0.33239755034446716,0.3040872812271118,0.6777466535568237,0.6595817804336548,0.3361937999725342,0.31536489725112915,28.100000381469727,28.350000381469727,28.166667938232422,28.42500114440918,23.850000381469727,24.100000381469727,24.258333206176758,24.183334350585938,19.649999618530273,19.899999618530273,20.391666412353516,19.991666793823242,0.10578760786335295,17.94090964577415,18.594338156960227,18.743539983575996,19.148332075639203,2.549999952316284,2.6000001430511475,2.625,2.625,75331.88498402556,40470.153846153844,125646.66666666667,2111.4,1868.7,1877.7,1762.1,1700.3,1713.1,1429.8,0.9552544949814799,0.0,0.0,0.0,24.564250946044922,22.59600067138672,24.24424934387207,24.654251098632812,24.315250396728516,22.594249725341797,23.694000244140625,24.69700050354004,24.488750457763672,23.814250946044922,23.381000518798828,23.070751190185547,56.71934604904632,53.53405994550409,39.443271564202995,44.889576592302454,50.99057497445504,57.809360098773844,6667.39794921875,7369.0126953125,8083.91455078125,8802.4892578125,21.138227499148503,23.362616016689373,25.62912976839237,27.90728776396458,14.182499885559082,13.089166641235352,14.747499465942383,11.53416633605957
CM201800000113,CMGE71FL,CM,2018.0,113.0,CM2018DHS,8174.26953125,9285.24609375,10526.927734375,131.80833435058594,115.51667022705078,136.3333282470703,102.68333435058594,47.785499572753906,40.179710388183594,47.4202880859375,35.7159423828125,0.00011145266748609996,0.0001579794264028943,0.00018879016713490562,24.201761881510418,24.33687506781684,24.377872043185764,24.767735799153645,9.175000190734863,9.175000190734863,8.5,9.158333778381348,-9999,4318.666666666667,4329.333333333333,4401.222222222223,4302.777777777777,4477.333333333333,4501.222222222223,4538.666666666667,0.0,0.0,0.0,0.0,31.23433242506812,2345.2444196428573,-801.0,0.0,0.0,0.09871505634674747,0.4939785730845972,21.22646755642361,21.600660536024307,21.66106499565972,21.94970024956597,0.22304208532016348,22.365598922854222,-1.0,1.8269342323739781,0.17160072638488272,0.5963334335618188,0.6020642689296177,0.5399540151868548,0.32650719370160786,0.3630644253322056,0.8102242606026786,0.6942507198878697,0.3279416561126709,0.40206967081342426,28.700000762939453,29.0,28.80000114440918,29.016666412353516,24.08333396911621,24.383333206176758,24.516666412353516,24.40833282470703,19.525001525878906,19.825000762939453,20.30000114440918,19.858333587646484,0.0,18.251173231336807,18.864444308810764,18.944259643554688,19.131666395399307,2.758333444595337,2.875,2.875,2.875,137882.24920127797,41031.240506329115,122136.46006389776,1913.4,1739.9,1483.8,1806.1,1578.2,1585.5,1310.5,0.9756710873637602,0.0,0.0,0.0,24.254000345865887,22.611000061035156,23.741666158040363,24.55266571044922,23.79766591389974,22.483665466308594,23.36199951171875,24.518333435058594,24.112332661946613,23.49633280436198,23.18566640218099,23.027000427246094,186.33514986376022,116.46594005449592,3.312888828870061,3.770330195206063,4.282760744848433,4.8554787284996594,6266.890625,6449.14208984375,6587.1201171875,6678.02490234375,19.881112163658038,20.459287721389646,20.897009909315393,21.185400523671664,13.170832633972168,12.398332595825195,13.69333267211914,11.091666221618652
CM201800000114,CMGE71FL,CM,2018.0,114.0,CM2018DHS,127525.171875,144857.296875,164228.53125,184.0749969482422,157.89166259765625,159.22500610351562,133.5166778564453,66.13472747802734,55.40058517456055,54.90517044067383,47.402366638183594,0.005980307542825047,0.017092925083788135,0.029520375819145878,27.121717664930557,25.967592027452255,26.31037055121528,26.650370279947918,10.141666412353516,9.466667175292969,9.091667175292969,9.675000190734863,2.0,3701.6666666666665,3680.1111111111113,3732.777777777778,3566.6666666666665,3804.0,3688.4444444444443,3813.0,0.0,0.0,0.0,0.0,28.657681940700808,1964.494384765625,4.0,0.0,0.0,0.06687331047795832,0.3047776607978129,21.153332180447048,20.488240559895832,20.926666259765625,21.119259304470486,3.5044129569575473,1097.335242587601,-1.0,8.121709695080863,10.024913530786725,1.6080149524616745,0.3687620162963867,0.5611893108912877,0.269660438810076,0.13148748874664307,0.3210315023149763,0.5848650932312012,0.2044741596494402,0.08407250472477504,26.59166717529297,26.641666412353516,26.58333396911621,26.649999618530273,21.491666793823242,21.875,22.008333206176758,21.80000114440918,16.450000762939453,17.17500114440918,17.491666793823242,16.975000381469727,0.020067578638784785,15.184950086805555,15.008889092339409,15.542963663736979,15.588148328993055,2.7833333015441895,2.8500001430511475,2.9000000953674316,2.816666603088379,130740.45016077171,31654.88253968254,163444.7539936102,1825.7,1896.2,1835.0,1829.6,2008.0,1913.4,1723.5,1.263397216796875,1.0,1.0,1.0,23.982666015625,21.026334126790363,23.143999735514324,25.042999267578125,24.005332946777344,21.404998779296875,22.49066670735677,24.998334248860676,23.426666259765625,23.267333984375,21.97100067138672,21.757334391276043,50.34501347708895,11.803234501347708,53.50057753696237,60.887894825268816,69.16325394825269,78.41220388104838,99590.1640625,105295.25,110618.1640625,115471.7109375,313.3788325471698,331.33145215633425,348.08157850404314,363.3547001347709,15.770833015441895,15.239166259765625,15.21500015258789,14.119999885559082
CM201800000115,CMGE71FL,CM,2018.0,115.0,CM2018DHS,32957.2421875,37436.5078125,42442.75,65.39167022705078,61.875,71.9000015258789,65.125,11.9984712600708,11.711356163024902,13.15243911743164,12.078824996948242,0.00047930144376353537,0.0007237480006943242,0.0013138391439197132,38.17529019442472,37.24287830699574,37.025299072265625,37.71147571910512,14.191666603088379,13.841667175292969,13.333333969116211,13.475000381469727,2.0,1879.4545454545455,1959.4545454545455,2071.4545454545455,2207.4545454545455,2137.818181818182,2118.090909090909,2115.181818181818,0.0,0.0,0.0,0.0,31.82162162162162,1731.0255408653845,5.0,0.0,0.0,0.023656396357239692,0.15896978198771,29.744140625,29.41583251953125,29.328180486505683,29.72157148881392,7.900715925886824,222.64632601351352,-1.0,0.629633228198902,0.3872077735694679,7.27689769847973,0.2054683119058609,0.24434730410575867,0.3029014468193054,0.2659797668457031,0.1334356665611267,0.1758616864681244,0.22545218467712402,0.1985066682100296,34.72500228881836,35.53333282470703,35.45833206176758,34.991668701171875,27.616666793823242,28.600000381469727,28.766666412353516,28.21666717529297,20.533334732055664,21.691667556762695,22.125,21.516666412353516,0.0008891083021214939,21.312992442737926,21.58878673206676,21.63106190074574,21.731667258522727,5.450000286102295,5.2833333015441895,5.4666666984558105,5.391666889190674,40051.33860759494,39796.645367412144,83581.6126984127,711.3,716.0,868.4,834.7,737.3,817.7,903.3,0.5343780517578125,0.0,0.0,0.0,31.343997955322266,25.072999954223633,25.33599853515625,26.94824981689453,24.857250213623047,25.7814998626709,27.46575164794922,30.12350082397461,29.266250610351562,27.261499404907227,27.65974998474121,25.722000122070312,126.3891891891892,48.31891891891892,14.409306035208894,16.398933677981805,18.627734901448786,21.118755001263477,25431.55859375,29115.1953125,33083.90625,37314.3203125,81.19881756756757,92.96004011824324,105.63146114864865,119.13847128378379,6.076666831970215,5.660833358764648,6.485833168029785,5.984166622161865
CM201800000116,CMGE71FL,CM,2018.0,116.0,CM2018DHS,1904.8963623046875,2163.79345703125,2453.1494140625,156.90834045410156,141.89999389648438,158.1666717529297,134.8416748046875,51.728023529052734,45.65147399902344,49.94736862182617,42.581581115722656,0.017757020317591153,0.026300132274627686,0.041946154374342695,26.8700008392334,26.726667404174805,26.229999542236328,26.84166717529297,11.116666793823242,10.441666603088379,9.966667175292969,10.641667366027832,2.0,3164.0,3182.0,3355.0,3326.0,3733.0,3751.0,3837.0,0.0,0.0,0.0,0.0,27.066666666666666,1764.6246337890625,3,2.734105110168457,0.0,0.09542820760509807,0.29884586796043205,20.844444274902344,21.02083396911621,20.782499313354492,21.296667098999023,3.8830535888671873,115.7048828125,-1.0,9.800326538085937,17.561474609375,1.1201292673746746,0.306956946849823,0.4930047392845154,0.21299399435520172,0.1328233927488327,0.254606157541275,0.4861004054546356,0.14791256189346313,0.08847431093454361,26.05000114440918,26.241666793823242,26.200000762939453,26.174999237060547,20.475000381469727,21.0,21.191667556762695,20.825000762939453,14.933333396911621,15.800000190734863,16.233333587646484,15.533333778381348,0.05368074199609589,14.818888664245605,15.3149995803833,15.335000038146973,15.751667022705078,3.0333333015441895,3.1083333492279053,3.1666667461395264,3.1666667461395264,45493.3125,43592.864583333336,197610.5,1844,1878,1852,1996,1914,2060,1965,5.207190958658854,1.0,1.0,1.0,22.76099967956543,19.98900032043457,20.075000762939453,23.718000411987305,22.58099937438965,19.95599937438965,20.87299919128418,23.700000762939453,21.73699951171875,21.565000534057617,20.839000701904297,20.135000228881836,58.0,32.4,17.51631736755371,19.934959411621094,22.644346237182617,25.67249298095703,1848.535400390625,2022.753662109375,2196.855224609375,2368.17626953125,144.04453125,157.62023111979167,171.18683268229168,184.53678385416666,13.889165878295898,13.863332748413086,16.359167098999023,13.481666564941406
CM201800000117,CMGE71FL,CM,2018.0,117.0,CM2018DHS,31779.767578125,36099.0,40926.3828125,132.4250030517578,110.45833587646484,119.44166564941406,109.07500457763672,45.016998291015625,36.71745300292969,39.16120147705078,36.56145095825195,0.3972241661765359,0.5074691338972612,0.6090126904574308,28.738889694213867,27.271818161010742,28.539091110229492,29.004545211791992,10.925000190734863,10.925000190734863,10.241666793823242,10.908333778381348,1.0,4012,3991,4118,4063,4263,4456,4314,0.0,0.0,0.0,0.0,36.07142857142857,2108.624267578125,-807,0.0,0.0,0.091982188870723,0.41283785514472926,23.22989845275879,23.062576293945312,23.650379180908203,23.95393943786621,0.8802550179617745,125.93574741908482,-1.0,9.174473353794642,1.2847270965576172,0.7291831970214844,0.4692780077457428,0.4514443278312683,0.2984709143638611,0.27374082803726196,0.48351573944091797,0.45761391520500183,0.2518400549888611,0.23917677998542786,29.64166831970215,30.116666793823242,29.875,30.0,24.15833282470703,24.633333206176758,24.733333587646484,24.525001525878906,18.71666717529297,19.191667556762695,19.633333206176758,19.09166717529297,2.937084329539332,17.720909118652344,18.85333251953125,18.761667251586914,18.90333366394043,2.941666841506958,3.008333444595337,3.049999952316284,2.9833333492279053,115690.33035714286,63337.552083333336,206763.57692307694,1553.0,1505.0,1390.0,1602.0,1429.0,1512.0,1240.0,0.2686248847416469,3.0,3.0,3.0,24.948999404907227,22.87299919128418,23.399999618530273,24.452999114990234,23.588001251220703,22.801000595092773,23.6200008392334,25.107999801635742,24.3439998626709,23.990999221801758,23.676000595092773,23.53700065612793,5.0,0.0,276.2161342075893,314.35585239955356,357.0803920200893,404.83140345982144,113.52890014648438,130.28598022460938,148.39938354492188,167.7725830078125,9.45329829624721,10.84862300327846,12.356885637555804,13.970049176897321,12.125,11.640832901000977,11.769999504089355,10.929166793823242
CM201800000118,CMGE71FL,CM,2018.0,118.0,CM2018DHS,7376.005859375,8378.4892578125,9498.9140625,81.01667022705078,73.73333740234375,80.75,72.0999984741211,16.791019439697266,16.02898597717285,16.73575210571289,15.152363777160645,0.0007542680213405828,0.0009646913997686593,0.001574671192533651,36.8260009765625,35.1211669921875,35.454498291015625,36.05333251953125,13.791666984558105,13.425000190734863,12.75,13.066666603088379,2.0,2307.5,2318.3,2498.5,2649.2,2729.9,2748.1,2718.1,0.0,0.0,0.0,0.0,36.705882352941174,1835.7801339285713,4.0,0.0,0.0,0.06429995998526035,0.21003279012969406,29.40209045410156,28.570831298828125,28.630584716796875,28.907781982421874,1.265859375,376.727,-0.9706666666666667,7.4483958333333335,0.719885498046875,3.13430859375,0.41177902221679685,0.3825212478637695,0.2957927703857422,0.325457509358724,0.3418409029642741,0.31037972768147787,0.21943496068318685,0.26160578727722167,35.06666564941406,35.766666412353516,35.59166717529297,35.29999923706055,28.133333206176758,29.025001525878906,29.191667556762695,28.733333587646484,21.274999618530273,22.34166717529297,22.84166717529297,22.233333587646484,0.003583951487917817,21.978181457519533,22.020501708984376,21.806666564941406,21.762228393554686,4.825000286102295,4.599999904632568,4.824999809265137,4.758333206176758,49089.11217948718,58523.5746031746,55387.44408945687,861.7777777777778,927.8888888888889,925.2222222222222,907.7777777777778,871.8888888888889,892.3333333333334,786.3333333333334,0.8269242350260416,0.0,0.0,0.0,32.13325119018555,25.756248474121094,25.881498336791992,28.010250091552734,25.547000885009766,26.34524917602539,27.72825050354004,31.31224822998047,30.052501678466797,27.395750045776367,27.4739990234375,26.05849838256836,130.912,76.152,3.2340110677083334,3.6805611979166666,4.180791666666667,4.739873046875,17267.875,21104.544921875,25600.90625,30824.0859375,54.210651041666665,66.25547395833334,80.37133333333334,96.76892708333334,6.926666259765625,6.669166564941406,7.420000076293945,6.742499828338623
CM201800000119,CMGE71FL,CM,2018.0,119.0,CM2018DHS,1397.508056640625,1595.2041015625,1809.463623046875,137.83334350585938,118.55000305175781,125.875,110.34166717529297,49.37313461303711,41.964603424072266,44.16666793823242,39.174556732177734,0.0038625849617852106,0.004519582551623148,0.0050145489828927175,25.368545532226562,25.281832885742187,26.08316650390625,26.355575561523438,10.508333206176758,10.508333206176758,10.508333206176758,10.508333206176758,-9999,4095.3,4062.7,4174.8,4385.5,4745.6,4678.5,4581.0,0.0,0.0,0.0,0.0,19.85054347826087,2552.6158854166665,-801.0,0.0,0.0,0.25653049209782847,0.3779056017717984,22.706454467773437,23.0808349609375,23.732000732421874,23.755453491210936,0.26016251937202783,6.386803668478261,-1.0,0.6545415131942086,0.18147657228552777,0.0540848970413208,0.532360485621861,0.4668786866324289,0.4446432249886649,0.3853707994733538,0.6009387969970703,0.48489478656223844,0.46366534914289204,0.39242982864379883,29.808334350585938,30.241666793823242,30.441667556762695,30.233333587646484,24.53333282470703,24.96666717529297,25.166667938232422,24.95833396911621,19.30000114440918,19.733333587646484,19.933334350585938,19.725000381469727,0.003734696818434674,20.04436340332031,20.879833984375,21.380833435058594,21.155332946777342,2.7916667461395264,2.825000047683716,2.8499999046325684,2.816666603088379,3787.396233974359,19587.926751592357,320754.97142857144,1586.4,1617.7,1458.3,1674.0,1334.0,1435.0,1346.3,0.37195761307426123,0.0,0.0,0.0,25.825665791829426,23.738667805989582,24.44300079345703,25.684000651041668,24.9673334757487,23.931666056315105,24.69300079345703,25.820999145507812,25.5489985148112,24.954666137695312,24.70666758219401,24.449666341145832,944.5951086956521,836.3586956521739,0.5592023553250596,0.6349043261452657,0.7248954253235694,0.822280675903653,828.9091186523438,939.822509765625,1056.613037109375,1161.817138671875,2.6396728183912193,2.992752738620924,3.364526831585428,3.6994320413340693,11.369166374206543,10.47249984741211,10.9399995803833,10.03166675567627
CM201800000120,CMGE71FL,CM,2018.0,120.0,CM2018DHS,195.59979248046875,222.18405151367188,251.89590454101562,202.93333435058594,172.8416748046875,175.63333129882812,148.10833740234375,72.0473403930664,60.82404708862305,60.04558181762695,51.96783447265625,0.002168507581310613,0.003237183072737285,0.003044828772544861,26.947999954223633,25.3799991607666,25.084999084472656,25.479999542236328,9.816666603088379,9.141666412353516,8.725000381469727,9.350000381469727,-9999,4196,4143,4170,4225,4400,4376,4371,0.0,0.0,0.0,0.0,31.857142857142858,2038.5587158203125,3,0.0,0.0,0.09523933746957285,0.39328395282259165,21.392637252807617,20.702272415161133,20.383333206176758,21.02166748046875,0.6997088023594448,146.60498046875,-1.0,4.485891614641462,4.067881175449917,1.2283665793282645,0.3292264938354492,0.42770397663116455,0.17615696787834167,0.12025339156389236,0.3315805196762085,0.4925544261932373,0.1311143934726715,0.08331002295017242,28.558334350585938,28.58333396911621,28.508333206176758,28.66666603088379,23.625,23.983333587646484,24.125,23.95833396911621,18.741666793823242,19.441667556762695,19.78333282470703,19.316667556762695,0.01743577718734741,15.837272644042969,16.024545669555664,15.681666374206543,16.56333351135254,2.816666841506958,2.8416666984558105,2.924999952316284,2.8500001430511475,107805.23863636363,14669.84375,108249.04166666667,2415,2455,2680,2312,2822,2535,2100,4.451805659702846,0.0,0.0,0.0,21.725000381469727,18.726999282836914,21.75,22.4060001373291,21.7810001373291,18.95400047302246,20.259000778198242,22.367000579833984,21.349000930786133,21.240999221801758,20.069000244140625,19.597999572753906,82.57142857142857,26.214285714285715,1.7165523529052735,1.9535725911458333,2.219085439046224,2.5158355712890623,893.3884887695312,907.8880004882812,915.88818359375,917.246337890625,74.44756208147321,75.65583147321429,76.32249232700893,76.4356689453125,15.763333320617676,15.356666564941406,15.35333251953125,14.299999237060547
CM201800000121,CMGE71FL,CM,2018.0,121.0,CM2018DHS,80373.09375,91296.703125,103505.484375,225.9166717529297,176.19166564941406,294.9916687011719,166.97500610351562,80.44510650634766,61.46220779418945,102.9040756225586,58.0782585144043,0.4310407271751991,0.48095985559316784,0.498236399430495,28.685556411743164,25.45800018310547,28.2336368560791,27.860000610351562,8.691666603088379,8.016666412353516,7.708333492279053,8.216667175292969,2,3099.0,3066.0,3018.0,3088.0,3150.0,3146.0,3142.0,0.0,0.0,0.0,0.0,82.8,2697.871826171875,-807,0.0,0.0,0.1060477956585488,0.44247017506256214,24.38777732849121,23.228546142578125,24.888818740844727,24.5262508392334,1.222243881225586,1794.62578125,-1.0,9.305496215820312,0.5884225209554036,0.7188069661458333,0.4735172688961029,0.5036619901657104,0.2466001957654953,0.18627530336380005,0.5860689878463745,0.6485955715179443,0.225399449467659,0.15802977979183197,31.108333587646484,31.008333206176758,31.033334732055664,31.20833396911621,26.725000381469727,26.975000381469727,27.166667938232422,27.08333396911621,22.416667938232422,22.991666793823242,23.325000762939453,22.991666793823242,4.834169086657073,20.09000015258789,20.99909019470215,21.54400062561035,21.1924991607666,2.808333396911621,2.866666793823242,2.866666793823242,2.875,1586.1177884615386,7034.45546875,1584.4728064903845,3181,3329,3739,3191,3086,3741,2417,0.0,3.0,3.0,3.0,27.347000122070312,24.865999221801758,26.996999740600586,27.70599937438965,27.152000427246094,24.9950008392334,26.191999435424805,27.571001052856445,26.895000457763672,26.59600067138672,25.867000579833984,25.38800048828125,9.0,0.13333333333333333,1042.4168701171875,1186.3531494140625,1347.592041015625,1527.8004150390625,17237.708984375,21345.54296875,26234.78125,32003.9140625,1349.4869791666667,1671.0766927083334,2053.83984375,2505.4875,17.16499900817871,15.934999465942383,16.543333053588867,15.129166603088379
CM201800000122,CMGE71FL,CM,2018.0,122.0,CM2018DHS,51131.90625,58081.3125,65848.3125,72.5250015258789,65.42500305175781,75.59166717529297,66.45000457763672,14.267212867736816,13.32937240600586,14.79771614074707,13.223880767822266,0.180389220897968,0.22328721559964693,0.26114537165715146,37.39545440673828,35.85166549682617,36.96833419799805,37.038333892822266,13.958333969116211,13.591667175292969,12.975000381469727,13.25,2,2207,2304,2506,2583,2617,2677,2594,0.0,0.0,0.0,0.0,47.875,1835.7801513671875,5,0.0,0.0,0.028495280283696547,0.05039294278060724,29.22909164428711,28.65416717529297,29.363332748413086,29.18833351135254,2.335646629333496,21.097482681274414,-1.0,17.321529388427734,0.9841698408126831,7.084690093994141,0.2484220415353775,0.2593998908996582,0.18480581045150757,0.22156375646591187,0.17127418518066406,0.18559442460536957,0.11389027535915375,0.1548432558774948,34.741668701171875,35.55833435058594,35.41666793823242,35.07500076293945,27.741666793823242,28.733333587646484,28.891666412353516,28.416667938232422,20.78333282470703,21.96666717529297,22.441667556762695,21.825000762939453,1.410552978515625,21.062726974487305,21.456666946411133,21.758333206176758,21.338333129882812,5.083333492279053,4.9083333015441895,5.108333587646484,5.025000095367432,20817.79464285714,38887.752403846156,38110.72159090909,864,978,1109,968,887,901,927,0.6396220326423645,3.0,3.0,3.0,31.66699981689453,25.45400047302246,25.852998733520508,27.586000442504883,25.386999130249023,25.996000289916992,27.4060001373291,30.8439998626709,29.201000213623047,27.509000778198242,27.368999481201172,25.753999710083008,6.125,1.0625,495.10712890625,563.4711588541667,640.0533854166666,725.6453125,1254.42578125,1431.656494140625,1621.716064453125,1823.335205078125,92.48977661132812,105.55712890625,119.57038879394531,134.4359130859375,6.429166316986084,5.84499979019165,6.877499580383301,6.222499847412109
CM201800000123,CMGE71FL,CM,2018.0,123.0,CM2018DHS,776.59716796875,882.1456298828125,1000.1116943359375,109.375,120.375,127.35000610351562,125.28334045410156,32.32758712768555,35.1459846496582,37.1824836730957,36.7579460144043,9.992634729733543e-05,0.00024579396796604945,0.00029686251803049963,30.708333333333332,30.152361551920574,30.111111958821613,30.45861307779948,13.516667366027832,12.983333587646484,12.5,12.783333778381348,1.0,2918.25,2903.9166666666665,3077.4166666666665,3110.1666666666665,3225.0,3291.8333333333335,3194.4166666666665,0.0,0.0,0.0,0.0,29.61891891891892,2024.000732421875,5.0,0.0,0.0,0.08385949441793063,0.3798086347826821,23.31519063313802,23.443405151367188,23.275718688964844,23.616251627604168,1.4233652475717906,28.87361697635135,-1.0,0.07563741529310072,0.20136032104492188,0.26553876722181163,0.47279173135757446,0.459788978099823,0.3423674702644348,0.3143165111541748,0.470167338848114,0.46826598048210144,0.3000563681125641,0.2796684801578522,28.850000381469727,29.299999237060547,29.15833282470703,28.975000381469727,22.066667556762695,22.78333282470703,22.883333206176758,22.558334350585938,15.333333969116211,16.316667556762695,16.65833282470703,16.191667556762695,0.0,15.922046661376953,16.734444936116535,16.440327962239582,16.773890177408855,3.383333444595337,3.424999952316284,3.424999952316284,3.4083333015441895,147699.04761904763,52501.02875399361,150844.93670886077,1380.3333333333333,1480.25,1673.0,1473.5833333333333,1457.0833333333333,1604.6666666666667,1496.0833333333333,1.3170071988492398,0.0,0.0,0.0,24.673498153686523,21.38650131225586,20.828750610351562,23.12799835205078,21.202499389648438,21.521249771118164,22.157249450683594,24.680999755859375,23.385250091552734,21.331998825073242,22.008499145507812,21.542999267578125,168.37297297297297,54.2972972972973,0.3310832772203671,0.3767990194341188,0.42801026375063006,0.4852465557795699,5099.29833984375,5957.37646484375,6907.8447265625,7950.33984375,16.153703019425677,18.87194890202703,21.88287452491554,25.185314611486486,10.146666526794434,11.72249984741211,12.706665992736816,11.679166793823242
CM201800000125,CMGE71FL,CM,2018.0,125.0,CM2018DHS,85498.421875,97118.625,110105.9453125,225.9166717529297,176.19166564941406,294.9916687011719,166.97500610351562,80.44510650634766,61.46220779418945,102.9040756225586,58.0782585144043,0.6823163032531738,0.7400769233703614,0.7620931148529053,28.685556411743164,25.45800018310547,28.2336368560791,27.860000610351562,8.691666603088379,8.016666412353516,7.708333492279053,8.216667175292969,-9999,3099.0,3066.0,3018.0,3088.0,3150.0,3146.0,3142.0,0.0,0.0,0.0,0.0,98.7,2697.871826171875,-807,0.0,-9999,-9999,-9999,24.38777732849121,23.228546142578125,24.888818740844727,24.5262508392334,0.3167578090320934,367.9575861150568,-1.0,1.5749242955988103,0.1244050155986439,0.15898975459012119,-9999,-9999,-9999,-9999,-9999,-9999,-9999,-9999,31.108333587646484,31.008333206176758,31.033334732055664,31.20833396911621,26.725000381469727,26.975000381469727,27.166667938232422,27.08333396911621,22.416667938232422,22.991666793823242,23.325000762939453,22.991666793823242,9.676283855827487,20.09000015258789,20.99909019470215,21.54400062561035,21.1924991607666,2.808333396911621,2.866666793823242,2.866666793823242,2.875,603.3658854166666,5016.952256944444,493.66255326704544,3181.0,3329.0,3739.0,3191.0,3086.0,3741.0,2417.0,0.0,3.0,3.0,3.0,27.347000122070312,24.865999221801758,26.996999740600586,27.70599937438965,27.152000427246094,24.9950008392334,26.191999435424805,27.571001052856445,26.895000457763672,26.59600067138672,25.867000579833984,25.38800048828125,6.25,0.0,696.8878728693181,793.1136363636364,900.9067826704545,1021.3818359375,12446.6220703125,15412.7158203125,18943.02734375,23108.67578125,1349.4869791666667,1671.0764973958333,2053.83984375,2505.4874674479165,17.16499900817871,15.934999465942383,16.543333053588867,15.129166603088379
CM201800000126,CMGE71FL,CM,2018.0,126.0,CM2018DHS,2418.91796875,2747.6767578125,3115.11328125,223.85000610351562,178.51666259765625,281.04168701171875,168.1416778564453,79.23893737792969,61.557472229003906,96.91091918945312,57.6485710144043,0.007142692804336548,0.05578544965157142,0.09450373282799354,25.847999572753906,25.586666107177734,26.59000015258789,27.176666259765625,8.416666984558105,7.741666793823242,7.441667079925537,7.941667079925537,2.0,2383,2381,2567,2667,2577,2581,2561,0.0,0.0,0.0,0.0,36.92857142857143,2995.8017578125,-807,1.6790070533752441,0.0,0.10023685712427267,0.41313847463470443,22.396272659301758,22.915332794189453,23.981000900268555,24.155555725097656,0.48576620646885466,1948.4818638392858,-1.0,5.150496891566685,0.12427764279501778,0.7091505868094308,0.4035751521587372,0.4250270128250122,0.17276151478290558,0.13391165435314178,0.46412473917007446,0.5077288746833801,0.12959852814674377,0.09935300797224045,31.0,30.875,30.88333511352539,31.058334350585938,26.758333206176758,26.975000381469727,27.133333206176758,27.066667556762695,22.58333396911621,23.133333206176758,23.441667556762695,23.116666793823242,1.7782181331089564,18.94454574584961,20.243999481201172,21.371999740600586,21.134445190429688,2.825000047683716,2.9000000953674316,2.9000000953674316,2.9166667461395264,11042.390625,2107.89453125,1104.4063251201924,3359.0,3314.0,3532.0,3474.0,3289.0,3899.0,2533.0,0.0,0.0,2.0,3.0,27.42799949645996,24.86199951171875,27.052000045776367,27.819000244140625,27.131999969482422,24.961999893188477,26.239999771118164,27.6200008392334,26.985000610351562,26.621999740600586,25.911998748779297,25.41200065612793,31.357142857142858,5.214285714285714,21.27584431966146,24.2135986328125,27.50450236002604,31.182576497395832,16157.75390625,20008.23046875,24591.154296875,29998.84765625,1349.487025669643,1671.0767299107142,2053.8399832589284,2505.487723214286,17.586666107177734,15.996665954589844,16.883333206176758,15.099165916442871
CM201800000127,CMGE71FL,CM,2018.0,127.0,CM2018DHS,30802.416015625,34988.8125,39667.73828125,148.20834350585938,128.8000030517578,154.90000915527344,114.30000305175781,53.569278717041016,45.1929817199707,54.5102653503418,40.57988357543945,0.6375319740988992,0.6544312130321156,0.656188271262429,29.578887939453125,28.06818199157715,28.599090576171875,29.35444450378418,8.791666984558105,8.791666984558105,8.116666793823242,8.77500057220459,-9999,3482,3498,3377,3912,4212,4193,4180,0.0,0.0,0.0,0.0,75.0,2392.42236328125,-807,0.0,0.0,0.0601886809546387,0.21992383155924278,24.24989891052246,23.45742416381836,23.636211395263672,24.39472198486328,0.0,0.0,-1.0,0.0,0.0,0.0,0.4507462680339813,0.3545754849910736,0.1621462106704712,0.19717709720134735,0.5155323147773743,0.36721745133399963,0.11366568505764008,0.1648089736700058,28.491666793823242,28.774999618530273,28.575000762939453,28.808334350585938,24.075000762939453,24.358333587646484,24.5,24.399999618530273,19.700000762939453,19.983333587646484,20.45833396911621,20.03333282470703,18.979960123697918,18.920909881591797,18.84666633605957,18.6733341217041,19.434999465942383,2.7666666507720947,2.8500001430511475,2.8416666984558105,2.816666603088379,175133.97916666666,29990.6125,57076.828125,1895,1619,1484,1715,1609,1627,1280,2.461714880807059,3.0,3.0,3.0,24.229000091552734,22.128999710083008,23.385000228881836,24.76799964904785,23.89299964904785,21.992000579833984,22.884000778198242,24.424999237060547,23.660999298095703,23.224000930786133,22.867000579833984,22.572999954223633,5.428571428571429,0.14285714285714285,446.9807826450893,508.6995326450893,577.8376116071429,655.1096540178571,1028.702392578125,1059.43505859375,1083.048583984375,1099.095703125,85.58304268973214,88.13985770089286,90.10438755580357,91.43942696707589,14.470000267028809,13.286666870117188,14.498332977294922,12.053333282470703
CM201800000128,CMGE71FL,CM,2018.0,128.0,CM2018DHS,91501.2421875,103937.2890625,117836.4375,69.69999694824219,67.375,74.28333282470703,68.78333282470703,13.234176635742188,13.189233779907227,14.104430198669434,13.206399917602539,0.018896193731398808,0.02486419677734375,0.02822375221857949,37.275658501519096,35.84185112847222,36.61351860894097,36.91796196831597,13.941666603088379,13.600000381469727,12.991666793823242,13.241666793823242,2.0,2136.6666666666665,2219.222222222222,2362.8888888888887,2501.8888888888887,2527.5555555555557,2545.222222222222,2449.6666666666665,0.0,0.0,0.0,0.0,35.653333333333336,1645.0802001953125,5.0,0.0,0.0,0.03608039283478902,0.14911439885963915,29.314839680989582,28.67916531032986,29.21462673611111,29.121070014105904,1.7466370442708334,20.379002604166665,-1.0,10.236610677083334,0.5543182779947917,4.8301875,0.2878314336140951,0.2961098353068034,0.23912808100382488,0.25439160664876304,0.20886958440144857,0.22176087697347005,0.16208577156066895,0.1868115266164144,35.141666412353516,35.93333435058594,35.775001525878906,35.400001525878906,28.141666412353516,29.100000381469727,29.258333206176758,28.75,21.200000762939453,22.33333396911621,22.78333282470703,22.15833282470703,0.06560490755426804,21.354020860460068,21.516481187608505,21.81573994954427,21.324174669053818,5.266666889190674,5.108333587646484,5.266666889190674,5.208333492279053,15355.01768488746,34987.65189873418,36650.493589743586,864.3,943.1,1078.8,966.1,878.0,909.3,917.4,0.9218330891927083,0.0,0.0,0.0,31.49774932861328,25.27750015258789,25.77375030517578,27.48900032043457,25.314748764038086,25.82349967956543,27.249250411987305,30.725502014160156,29.087249755859375,27.422748565673828,27.262248992919922,25.646499633789062,57.752,29.208,41.0679370777027,46.73856102195946,53.090867820945945,60.190519425675674,28253.4609375,32245.232421875,36525.953125,41067.01953125,92.48977083333334,105.55713541666667,119.57039583333334,134.43591666666666,6.342499732971191,6.183332920074463,6.81083345413208,6.197499752044678
CM201800000129,CMGE71FL,CM,2018.0,129.0,CM2018DHS,804.1079711914062,913.3955078125,1035.54052734375,147.69166564941406,129.97500610351562,146.10000610351562,122.88333129882812,44.087066650390625,37.765132904052734,41.643707275390625,34.9431266784668,0.04628982910743126,0.07054644823074341,0.07842394938835731,27.844545364379883,26.594999313354492,27.59833335876465,27.273332595825195,11.516666412353516,10.816666603088379,10.508333206176758,10.933333396911621,2,3382.0,3409.0,3510.0,3415.0,3542.0,3512.0,3693.0,0.0,0.0,0.0,0.0,24.0,1764.6246337890625,3,0.0,0.0,0.09698473345088225,0.2944141241316913,20.503273010253906,20.178333282470703,20.78325843811035,20.396211624145508,1.5748074395315987,143.44793701171875,-1.0,4.701856340680804,3.219623293195452,0.5389584132603237,0.3126700222492218,0.5165500044822693,0.2694803774356842,0.18881836533546448,0.25805985927581787,0.521855890750885,0.20629030466079712,0.13879874348640442,29.758333206176758,30.066667556762695,30.05000114440918,29.90833282470703,23.95833396911621,24.625,24.766666412353516,24.42500114440918,18.241666793823242,19.25,19.541667938232422,18.975000381469727,0.024630749811891648,13.161999702453613,13.761666297912598,13.968181610107422,13.51909065246582,3.3500001430511475,3.441666603088379,3.508333444595337,3.516666889190674,25252.072115384617,33809.894230769234,195351.14583333334,2323.0,2439.0,2255.0,2131.0,2058.0,2267.0,2081.0,1.3229690279279436,0.0,0.0,0.0,22.143999099731445,18.961999893188477,19.594999313354492,22.70400047302246,21.41699981689453,19.023000717163086,20.099000930786133,22.95599937438965,21.26799964904785,20.645000457763672,19.90999984741211,19.200000762939453,130.21428571428572,10.928571428571429,7.274120330810547,8.278525216238839,9.403672354561943,10.661190577915736,769.3692626953125,791.8236083984375,808.8447265625,820.0797119140625,64.28465488978794,66.16081891741071,67.58302089146206,68.52176775251117,11.835833549499512,11.745833396911621,13.797499656677246,11.304166793823242
CM201800000130,CMGE71FL,CM,2018.0,130.0,CM2018DHS,47906.59765625,54417.65625,61694.7265625,55.84166717529297,55.65833282470703,64.56666564941406,57.18333435058594,9.655619621276855,9.778916358947754,11.084405899047852,9.973837852478027,0.013561630550819107,0.02009850212290317,0.040093587923653515,38.54515245225694,36.31444634331597,37.69981553819444,37.143147786458336,15.27500057220459,14.925000190734863,14.600000381469727,14.541666984558105,2.0,1913.111111111111,1901.5555555555557,2044.6666666666667,2206.0,2223.0,2130.0,2198.222222222222,0.0,0.0,0.0,0.0,38.13903743315508,1701.1424479166667,4.0,0.0,0.0,0.04147565163848837,0.16817006483155758,29.775455050998264,28.66805691189236,29.552408854166668,29.18222384982639,9.437656667780749,42.03098366477273,-1.0,0.8125127292571859,1.0328088444184491,10.887884619401738,0.27643953959147133,0.29765758514404295,0.32571163177490237,0.32029104232788086,0.20092239379882812,0.22397209803263346,0.2455540657043457,0.24894467989603677,36.05833435058594,36.88333511352539,36.96666717529297,36.34166717529297,28.399999618530273,29.391666412353516,29.633333206176758,29.05000114440918,20.78333282470703,21.95833396911621,22.366666793823242,21.80000114440918,0.030669525965748217,21.005757649739582,21.02166748046875,21.40500047471788,21.221296522352432,5.7833333015441895,5.691666603088379,5.825000286102295,5.733333587646484,16367.658146964855,19323.01577287066,150570.3670886076,658.0,612.4,844.0,793.8,732.2,810.4,891.9,1.5285197375292447,0.0,0.0,0.0,31.313249588012695,25.283750534057617,23.93975067138672,25.846250534057617,23.561748504638672,26.31599998474121,28.330249786376953,29.204999923706055,30.278749465942383,26.23149871826172,27.63450050354004,26.145750045776367,128.29144385026737,20.245989304812834,21.22394707862367,24.154533223902927,27.43741169381649,31.10651543799867,34751.56640625,39053.1875,43559.3984375,48223.79296875,110.03135444518716,123.65123663101605,137.91895053475935,152.68745822192514,4.69083309173584,4.605000019073486,5.022500038146973,4.585000038146973
CM201800000132,CMGE71FL,CM,2018.0,132.0,CM2018DHS,697.2236938476562,791.984375,897.8934936523438,144.60833740234375,119.8166732788086,133.00833129882812,101.70000457763672,57.84333419799805,46.83387756347656,51.99022674560547,39.367740631103516,0.01347273588180542,0.03161734342575073,0.030341108640034992,25.162500381469727,24.61888885498047,24.77750015258789,24.356000900268555,8.558333396911621,8.558333396911621,8.558333396911621,8.558333396911621,-9999,4003.0,3942.0,3987.0,4030.0,4277.0,4085.0,4093.0,0.0,0.0,0.0,0.0,47.0,5769.095703125,4,0.0,0.0,0.1394149194811752,0.5698216315958974,21.232614517211914,21.572778701782227,21.835416793823242,21.841333389282227,0.20310198465983073,202.25641276041668,-1.0,2.964135487874349,0.07304859161376953,1.0289335250854492,0.43475836515426636,0.42850470542907715,0.31094151735305786,0.25545820593833923,0.48692014813423157,0.47639596462249756,0.30383604764938354,0.24102728068828583,28.783334732055664,29.0,29.183334350585938,29.108333587646484,24.475000381469727,24.691667556762695,24.875,24.80000114440918,20.225000381469727,20.441667556762695,20.625,20.55000114440918,0.1472917653746524,17.30272674560547,18.52666664123535,18.893333435058594,19.3266658782959,2.5,2.558333396911621,2.558333396911621,2.5833334922790527,17288.462053571428,44986.33928571428,159352.36538461538,1864,1477,1636,1484,1519,1513,1215,0.2630588531494141,0.0,0.0,0.0,24.618000030517578,22.820999145507812,24.236000061035156,24.733999252319336,24.3439998626709,22.82499885559082,23.76300048828125,24.751998901367188,24.441999435424805,23.89299964904785,23.589000701904297,23.36400032043457,85.53333333333333,48.46666666666667,38.15566813151042,43.42416585286458,49.32600504557292,55.9221923828125,110.40686798095703,128.50271606445312,148.44656372070312,170.2080841064453,8.560634358723958,9.963734944661459,11.510123697916667,13.19744873046875,13.419166564941406,11.94416618347168,12.813332557678223,10.609999656677246
CM201800000133,CMGE71FL,CM,2018.0,133.0,CM2018DHS,110146.8125,125117.015625,141848.46875,148.20834350585938,128.8000030517578,154.90000915527344,114.30000305175781,53.569278717041016,45.1929817199707,54.5102653503418,40.57988357543945,0.33416722037575464,0.6514511108398438,0.6718454794450239,29.055999755859375,28.18000030517578,28.899091720581055,30.270000457763672,8.791666984558105,8.791666984558105,8.116666793823242,8.77500057220459,-9999,4430.0,4393.0,4137.0,4000.0,4005.0,4041.0,4045.0,0.0,0.0,0.0,0.0,53.46666666666667,2392.42236328125,-807,0.0,0.0,0.07319209220396579,0.33520266411221755,23.777545928955078,23.405834197998047,23.899545669555664,24.855833053588867,0.8695585250854492,3540.660677083333,-1.0,9.411482747395834,58.35494791666667,2.4833279927571614,0.49132800102233887,0.39368900656700134,0.18422776460647583,0.21408718824386597,0.587129533290863,0.42800942063331604,0.13681179285049438,0.18554958701133728,28.491666793823242,28.774999618530273,28.575000762939453,28.808334350585938,24.075000762939453,24.358333587646484,24.5,24.399999618530273,19.700000762939453,19.983333587646484,20.45833396911621,20.03333282470703,9.968644766971982,18.49909019470215,18.63166618347168,18.899999618530273,19.441667556762695,2.7666666507720947,2.8500001430511475,2.8416666984558105,2.816666603088379,167385.57692307694,24987.19318181818,60712.578125,1925.0,1742.0,1575.0,1819.0,1697.0,1701.0,1338.0,1.196832784016927,3.0,3.0,3.0,24.226999282836914,22.141000747680664,23.434999465942383,24.7189998626709,23.85099983215332,22.025999069213867,22.9739990234375,24.427000045776367,23.704999923706055,23.26099967956543,22.905000686645508,22.608999252319336,8.666666666666666,0.06666666666666667,938.3913411458333,1067.963671875,1213.112109375,1375.3369791666667,73668.421875,94955.578125,121479.328125,154255.09375,5719.7734375,7372.553125,9431.914583333333,11976.69375,14.470000267028809,13.286666870117188,14.498332977294922,12.053333282470703
CM201800000134,CMGE71FL,CM,2018.0,134.0,CM2018DHS,21730.029296875,24683.38671875,27984.205078125,72.5250015258789,65.42500305175781,75.59166717529297,66.45000457763672,14.267212867736816,13.32937240600586,14.79771614074707,13.223880767822266,0.003891145126729072,0.005528032025204429,0.012400971183293983,37.092367553710936,35.8268310546875,36.815835571289064,37.056332397460935,13.958333969116211,13.591667175292969,12.975000381469727,13.25,2.0,2193.5,2257.9,2437.4,2590.6,2605.5,2582.0,2571.7,0.0,0.0,0.0,0.0,32.49333333333333,1835.779994419643,5.0,0.0,0.0,0.044337391584577016,0.16567059683969707,29.36463317871094,28.90908203125,29.549667358398438,29.394622802734375,1.59286083984375,18.976673177083335,-1.0,9.369373697916666,0.5782709147135416,4.19981640625,0.3099689483642578,0.312429462160383,0.20519978659493582,0.23948233468191965,0.23160055705479213,0.23784950801304408,0.13179293700626918,0.17287479128156388,34.741668701171875,35.55833435058594,35.41666793823242,35.07500076293945,27.741666793823242,28.733333587646484,28.891666412353516,28.416667938232422,20.78333282470703,21.96666717529297,22.441667556762695,21.825000762939453,0.0020620627428895684,21.63690948486328,21.9913330078125,22.28350067138672,21.73291015625,5.083333492279053,4.9083333015441895,5.108333587646484,5.025000095367432,18880.586816720257,38195.41139240506,34413.198738170344,887.0,931.7777777777778,1064.5555555555557,948.7777777777778,891.6666666666666,904.7777777777778,931.2222222222222,1.5757200520833334,0.0,0.0,0.0,31.601749420166016,25.32149887084961,25.788249969482422,27.60300064086914,25.389751434326172,25.852001190185547,27.30150032043457,30.853248596191406,29.198749542236328,27.4325008392334,27.302249908447266,25.6304988861084,99.97866666666667,24.096,9.340876550855352,10.630657578548442,12.075485105436991,13.690294715447154,29409.6171875,33564.734375,38020.625,42747.5234375,92.48977083333334,105.557125,119.57039583333334,134.43591666666666,6.429166316986084,5.84499979019165,6.877499580383301,6.222499847412109
CM201800000135,CMGE71FL,CM,2018.0,135.0,CM2018DHS,93857.3828125,106613.671875,120870.734375,64.75,65.98333740234375,71.23333740234375,62.599998474121094,11.917177200317383,12.469291687011719,13.050381660461426,11.610509872436523,0.004020542763292599,0.005258567797871062,0.0068191842149240905,36.078182983398435,34.099334716796875,34.81966552734375,34.8818359375,14.608333587646484,14.266666412353516,13.824999809265137,13.916666984558105,2.0,2148.8,2184.1,2250.3,2404.8,2501.1,2478.8,2532.2,0.0,0.0,0.0,0.0,36.396782841823054,1661.5276041666666,4.0,0.0,0.0,0.030946192302124635,0.16216718779123315,28.086273193359375,27.22350158691406,27.75,27.45616760253906,7.689913261352212,2581.1813002680965,-1.0,0.9762417790717158,1.434893160658931,12.207314008042895,0.2793694223676409,0.3049415520259312,0.3452118124280657,0.3170372077396938,0.20575969559805735,0.2355731725692749,0.267385584967477,0.24968864236559188,33.483333587646484,34.30833435058594,34.30833435058594,33.83333206176758,26.15833282470703,27.149999618530273,27.375,26.858333587646484,18.875,20.04166603088379,20.483333587646484,19.916667938232422,0.05184742590471213,20.09436492919922,20.347666931152343,20.68033447265625,20.030499267578126,5.433333396911621,5.291666507720947,5.458333492279053,5.391666889190674,18239.183279742767,17448.031746031746,132760.94568690096,837.4,735.0,1076.5,1000.0,869.5,918.1,1064.7,3.328838767698559,0.0,0.0,0.0,28.31433359781901,22.61133321126302,22.171000162760418,23.91333262125651,21.91333262125651,23.140665690104168,24.7913335164388,26.79700215657552,26.868331909179688,23.9913330078125,24.652333577473957,23.238667805989582,147.62734584450402,24.648793565683647,43.803337545955884,49.85166694518717,56.6270784592246,64.19961041945187,46643.68359375,53739.3828125,61451.90234375,69748.1875,148.28943951072387,170.84805420576407,195.36766923592492,221.74319286193028,5.839166641235352,5.675833225250244,6.214999675750732,5.6541666984558105
CM201800000136,CMGE71FL,CM,2018.0,136.0,CM2018DHS,2382.97265625,2706.845703125,3068.822265625,55.84166717529297,55.65833282470703,64.56666564941406,57.18333435058594,9.655619621276855,9.778916358947754,11.084405899047852,9.973837852478027,0.009002506732940674,0.020493107182638987,0.03311302832194737,39.408180236816406,37.290000915527344,38.029998779296875,38.563331604003906,15.27500057220459,14.925000190734863,14.600000381469727,14.541666984558105,2,1818,1827,1961,2147,2072,2013,2007,0.0,0.0,0.0,0.0,56.0,1704.5089111328125,5,0.0,0.0,0.04568547711065916,0.16944474713510932,30.382726669311523,29.536666870117188,30.08333396911621,30.327499389648438,16.421437581380207,68.63728841145833,-1.0,2.160662078857422,0.6821720123291015,26.29195760091146,0.2689228057861328,0.2970982789993286,0.28419724106788635,0.2862145006656647,0.19340664148330688,0.221727654337883,0.20319601893424988,0.21323685348033905,36.05833435058594,36.88333511352539,36.96666717529297,36.34166717529297,28.399999618530273,29.391666412353516,29.633333206176758,29.05000114440918,20.78333282470703,21.95833396911621,22.366666793823242,21.80000114440918,0.002637608862314068,21.35727310180664,21.78333282470703,22.136667251586914,22.09166717529297,5.7833333015441895,5.691666603088379,5.825000286102295,5.733333587646484,11187.671875,23286.427884615383,142452.6875,641.0,595.0,834.0,752.0,716.0,765.0,860.0,1.0776997884114583,0.0,0.0,0.0,31.66699981689453,25.5939998626709,24.072999954223633,26.023000717163086,23.70400047302246,26.67300033569336,28.75,29.44300079345703,30.740999221801758,26.433000564575195,27.993000030517578,26.516000747680664,92.2,37.266666666666666,29.471925862630208,33.541387939453124,38.100040690104166,43.19502360026042,1393.396240234375,1565.8736572265625,1746.5545654296875,1933.5777587890625,110.03133951822916,123.6512451171875,137.9189453125,152.68746744791667,4.69083309173584,4.605000019073486,5.022500038146973,4.585000038146973
CM201800000137,CMGE71FL,CM,2018.0,137.0,CM2018DHS,23515.859375,26711.93359375,30284.0234375,63.400001525878906,63.208335876464844,73.65833282470703,67.81666564941406,11.686635971069336,11.926100730895996,13.494656562805176,12.617053985595703,5.3328641158549194e-05,0.00012493746983892158,0.0002420948177858106,38.072424994574654,36.420739067925346,36.122962103949654,37.161278618706596,14.333333969116211,13.991666793823242,13.483333587646484,13.591667175292969,2.0,2044.0,2011.4444444444443,2242.222222222222,2352.5555555555557,2391.5555555555557,2394.8888888888887,2354.222222222222,0.0,0.0,0.0,0.0,34.61662198391421,1731.0255208333333,5.0,0.0,0.0,0.03407219261733371,0.1851783185023381,29.374142116970486,28.668704562717014,28.73935275607639,29.159898546006943,7.616135011729223,272.9763949396783,-1.0,0.5921413227316521,11.563994952245308,8.938852918691353,0.2094478925069173,0.23475383122762045,0.3491794586181641,0.286482048034668,0.1409331957499186,0.1679067611694336,0.27647148768107094,0.22433942159016926,34.875,35.65833282470703,35.60000228881836,35.116668701171875,27.683334350585938,28.625,28.83333396911621,28.30000114440918,20.541667938232422,21.66666603088379,22.116666793823242,21.524999618530273,0.0,20.675857543945312,20.916666666666668,21.35574001736111,21.158518473307293,5.425000190734863,5.300000190734863,5.458333492279053,5.375,31212.97435897436,24573.961661341855,97066.7898089172,733.2,629.8,812.9,787.6,731.1,800.8,856.9,0.1971939536905161,0.0,0.0,0.0,31.809749603271484,25.67824935913086,25.989501953125,27.5002498626709,25.41550064086914,26.353748321533203,27.941749572753906,30.81399917602539,29.86749839782715,27.764751434326172,27.79399871826172,26.16575050354004,160.7533512064343,48.47184986595174,10.569522826819407,12.028953367166443,13.663825598045822,15.491039841644206,25630.435546875,29048.58203125,32689.3984375,36526.625,81.14391337131367,91.96548257372655,103.49199899463807,115.64031082439678,5.899166584014893,5.901666641235352,6.460000038146973,6.040833473205566
CM201800000138,CMGE71FL,CM,2018.0,138.0,CM2018DHS,29207.09375,33176.671875,37613.265625,219.56666564941406,172.3416748046875,290.433349609375,164.78334045410156,86.10457611083984,66.2852554321289,110.9936294555664,62.77460479736328,0.13307910699110764,0.15238297902620757,0.15523547392625076,26.030000686645508,26.467777252197266,28.464284896850586,27.610000610351562,8.741666793823242,8.066666603088379,7.733333587646484,8.27500057220459,2,4560,4560,4591,4437,4522,4582,4565,0.0,0.0,0.0,0.0,33.5625,2697.871826171875,-807,0.11783459782600403,0.0,0.11133734987009297,0.4732711179422596,21.71181869506836,22.189722061157227,23.84214210510254,22.88166618347168,1.1694958209991455,298.9740295410156,-1.0,14.521056175231934,0.08273801952600479,1.003740906715393,0.4776158630847931,0.5131344199180603,0.36206740140914917,0.21740086376667023,0.5455878973007202,0.6124195456504822,0.3730590343475342,0.18663887679576874,28.325000762939453,28.225000381469727,28.266666412353516,28.416667938232422,23.92500114440918,24.16666603088379,24.375,24.258333206176758,19.58333396911621,20.15833282470703,20.53333282470703,20.141666412353516,1.1480184094659214,17.39363670349121,17.911666870117188,19.219999313354492,18.15333366394043,2.549999952316284,2.6000001430511475,2.616666793823242,2.625,18050.0625,5464.989783653846,17997.188616071428,2406,2565,3223,2559,2482,3134,2127,4.845856666564941,2.0,2.0,2.0,24.878000259399414,22.597000122070312,24.350000381469727,25.055999755859375,24.599000930786133,22.566999435424805,23.69300079345703,25.007999420166016,24.395000457763672,24.173999786376953,23.625999450683594,23.04800033569336,26.4375,9.5,279.8677083333333,318.51162109375,361.8009765625,410.1832682291667,2776.263671875,3244.87109375,3764.23291015625,4334.2158203125,202.1658935546875,236.28961181640625,274.1092529296875,315.61505126953125,17.156665802001953,15.893333435058594,16.738332748413086,15.206666946411133
CM201800000140,CMGE71FL,CM,2018.0,140.0,CM2018DHS,4393.21240234375,4990.29931640625,5657.63427734375,130.85833740234375,127.10833740234375,120.22500610351562,102.94166564941406,45.38439178466797,43.455841064453125,40.29888153076172,35.19373321533203,8.791205296410789e-05,0.0002021812657012215,0.00024542071019546894,24.427090454101563,24.156056213378907,24.174127197265626,24.432534790039064,9.875,9.875,9.199999809265137,9.858333587646484,1.0,4273.8,4236.6,4227.9,4321.2,4478.9,4501.2,4501.8,0.0,0.0,0.0,0.0,22.852150537634408,2433.6822916666665,-801.0,0.0,0.0,0.081233981641121,0.4318534279186711,21.24848175048828,21.65661163330078,21.678646850585938,21.8228515625,0.2720745996879189,19.685748471012065,-1.0,1.5331268719629692,0.7026885904511562,0.5221762976761478,0.5347567240397135,0.5030183474222819,0.3316765785217285,0.3511554718017578,0.6840731302897135,0.6296142578125,0.3364228884379069,0.3911248207092285,29.058334350585938,29.40833282470703,29.183334350585938,29.383333206176758,24.09166717529297,24.441667556762695,24.55000114440918,24.424999237060547,19.183334350585938,19.53333282470703,19.983333587646484,19.524999618530273,0.0,18.069873046875,19.157167053222658,19.18316650390625,19.213165283203125,2.883333444595337,2.924999952316284,2.9833333492279053,2.924999952316284,227723.58974358975,99450.10862619808,149671.46496815287,1788.0,1723.6666666666667,1369.3333333333333,1839.5555555555557,1448.888888888889,1598.111111111111,1430.2222222222222,0.2686800100208927,0.0,0.0,0.0,23.96725082397461,22.595251083374023,23.677749633789062,24.54075050354004,23.487499237060547,22.48699951171875,23.28274917602539,24.74275016784668,23.59524917602539,23.608749389648438,23.215749740600586,23.11574935913086,343.70509383378015,166.98123324396784,1.846529434287483,2.101496795487534,2.387114311176571,2.7063341818220628,3902.444580078125,4050.69189453125,4173.76025390625,4269.193359375,12.192249287868632,12.655420052781501,13.039923864778821,13.338089602882038,12.808333396911621,12.854166030883789,12.50583267211914,11.169166564941406
CM201800000141,CMGE71FL,CM,2018.0,141.0,CM2018DHS,64443.96484375,73202.6328125,82991.75,55.84166717529297,55.65833282470703,64.56666564941406,57.18333435058594,9.655619621276855,9.778916358947754,11.084405899047852,9.973837852478027,0.002666060305848906,0.0055738521527640425,0.0163287029990667,39.007998657226565,36.94366455078125,38.130331420898436,38.00150146484375,15.27500057220459,14.925000190734863,14.600000381469727,14.541666984558105,2.0,1900.7,1887.4,2039.9,2234.8,2218.1,2123.9,2172.4,0.0,0.0,0.0,0.0,38.98924731182796,1704.509033203125,4.0,0.0,0.0,0.04422803703747089,0.170389255032003,29.885910034179688,28.927667236328126,29.724667358398438,29.577001953125,9.835731220755347,44.76131141377005,-1.0,0.8650998202237216,0.7822840073529411,12.02459945270722,0.29992743900844027,0.32356282642909456,0.3351343018668039,0.33182644844055176,0.2236600603376116,0.24909743240901402,0.25492613656180246,0.26044985226222445,36.05833435058594,36.88333511352539,36.96666717529297,36.34166717529297,28.399999618530273,29.391666412353516,29.633333206176758,29.05000114440918,20.78333282470703,21.95833396911621,22.366666793823242,21.80000114440918,0.0019513797188567099,20.763818359375,20.911666870117188,21.319000244140625,21.152499389648437,5.7833333015441895,5.691666603088379,5.825000286102295,5.733333587646484,10688.802588996763,24202.65664556962,143560.05095541402,633.1,588.7,809.5,748.5,713.0,776.0,857.9,0.9557593034550468,0.0,0.0,0.0,31.846248626708984,25.745498657226562,24.241498947143555,26.181751251220703,23.865249633789062,26.825000762939453,28.897998809814453,29.612499237060547,30.898250579833984,26.621749877929688,28.161998748779297,26.672500610351562,130.0614973262032,24.72459893048128,29.628680485551076,33.71978431619624,38.302692372311824,43.424770560315864,34743.7421875,39044.39453125,43549.59375,48212.9375,110.03135444518716,123.65124707553476,137.91894009024065,152.68747911096256,4.69083309173584,4.605000019073486,5.022500038146973,4.585000038146973
CM201800000143,CMGE71FL,CM,2018.0,143.0,CM2018DHS,167.73159790039062,190.52825927734375,216.00689697265625,81.01667022705078,73.73333740234375,80.75,72.0999984741211,16.791019439697266,16.02898597717285,16.73575210571289,15.152363777160645,0.07613017925849327,0.11626868064586933,0.15504936071542594,37.48090744018555,35.901668548583984,36.46833419799805,36.811668395996094,13.791666984558105,13.425000190734863,12.75,13.066666603088379,2.0,2195,2259,2476,2603,2601,2576,2601,0.0,0.0,0.0,0.0,40.0,1835.7801513671875,-807,0.0,0.0,0.07496437477547482,0.2202762180969658,29.37545394897461,28.876667022705078,28.99250030517578,29.18000030517578,1.3484058380126953,483.97910853794644,-1.0,12.186667306082589,1.6410948889596122,4.79698235648019,0.48768681287765503,0.4462990164756775,0.3103194534778595,0.3526807129383087,0.43368345499038696,0.3843536972999573,0.23516228795051575,0.29367274045944214,35.06666564941406,35.766666412353516,35.59166717529297,35.29999923706055,28.133333206176758,29.025001525878906,29.191667556762695,28.733333587646484,21.274999618530273,22.34166717529297,22.84166717529297,22.233333587646484,0.3821525573730469,21.270000457763672,21.851667404174805,21.516666412353516,21.5483341217041,4.825000286102295,4.599999904632568,4.824999809265137,4.758333206176758,68428.6875,43558.294642857145,91455.73863636363,943.0,1002.0,1046.0,987.0,1002.0,1011.0,851.0,0.9275856018066406,0.0,2.0,2.0,31.875,25.63800048828125,25.263999938964844,27.32900047302246,24.91699981689453,26.389999389648438,27.863000869750977,30.70800018310547,30.1299991607666,26.87700080871582,27.266000747680664,26.016000747680664,52.5,23.571428571428573,2.0607008934020996,2.345241069793701,2.6639859676361084,3.020231008529663,645.0338134765625,788.350830078125,956.310546875,1151.4200439453125,54.21065412248884,66.25546264648438,80.37132045200893,96.76893833705357,6.926666259765625,6.669166564941406,7.420000076293945,6.742499828338623
CM201800000144,CMGE71FL,CM,2018.0,144.0,CM2018DHS,3118.51220703125,3542.353515625,4016.0595703125,147.69166564941406,129.97500610351562,146.10000610351562,122.88333129882812,44.087066650390625,37.765132904052734,41.643707275390625,34.9431266784668,0.007107119475092206,0.010015534503119332,0.010313103241579873,28.726364135742188,28.413333892822266,28.483333587646484,28.178333282470703,11.516666412353516,10.816666603088379,10.508333206176758,10.933333396911621,2,3527.0,3483.0,3592.0,3518.0,3773.0,3746.0,3850.0,0.0,0.0,0.0,0.0,32.0,1764.6246337890625,3,0.0,0.0,0.11303812570265125,0.3094126204489529,22.08818244934082,22.485666275024414,22.56212043762207,22.643333435058594,2.0183118184407554,68.20362141927083,-1.0,4.181182352701823,2.0589197794596354,0.8889855066935222,0.4240140914916992,0.6176458597183228,0.40987542271614075,0.26493674516677856,0.39114490151405334,0.6885484457015991,0.36954179406166077,0.21559756994247437,29.758333206176758,30.066667556762695,30.05000114440918,29.90833282470703,23.95833396911621,24.625,24.766666412353516,24.42500114440918,18.241666793823242,19.25,19.541667938232422,18.975000381469727,0.0,15.449999809265137,16.558000564575195,16.64090919494629,17.108333587646484,3.3500001430511475,3.441666603088379,3.508333444595337,3.516666889190674,35918.30357142857,14323.948863636364,188508.20833333334,2490,2671,2457,2401,2299,2375,2375,3.432325744628906,0.0,0.0,0.0,24.983999252319336,21.910999298095703,22.326000213623047,25.357999801635742,24.06999969482422,21.999000549316406,22.934999465942383,25.566999435424805,24.086999893188477,23.4950008392334,22.947999954223633,22.266000747680664,87.4,30.333333333333332,29.4424560546875,33.50784708658854,38.061946614583334,43.1518310546875,827.01416015625,850.8198852539062,868.7789306640625,880.5191650390625,64.49453125,66.35100911458333,67.75154622395833,68.66710611979167,11.835833549499512,11.745833396911621,13.797499656677246,11.304166793823242
CM201800000145,CMGE71FL,CM,2018.0,145.0,CM2018DHS,148081.0,168206.90625,190700.578125,214.2166748046875,183.73333740234375,187.99166870117188,158.0,77.4277114868164,65.03834533691406,65.19942474365234,55.764705657958984,0.031749077448769224,0.03715375264485677,0.04245828901018415,26.099470658735797,25.19151999733665,25.886829723011363,25.38906582919034,9.291666984558105,8.616666793823242,8.216667175292969,8.824999809265137,2.0,4280.545454545455,4292.181818181818,4369.454545454545,4265.454545454545,4535.0,4681.727272727273,4672.181818181818,0.0,0.0,0.0,0.0,31.306233062330623,2644.8309151785716,3.0,0.0,0.0,0.08946051048180685,0.3788929049685091,21.690718217329547,21.42083601518111,21.705322265625,21.552013050426137,0.7202016581659731,888.07421875,-1.0,4.93111917246943,4.392720429793648,1.1372621785039487,0.3475375175476074,0.4262144906180246,0.18061079297746932,0.12898128373282297,0.37246779033115934,0.5089916501726423,0.1423665370259966,0.09526715108326503,29.91666603088379,29.891666412353516,29.84166717529297,30.008333206176758,25.241666793823242,25.558334350585938,25.71666717529297,25.575000762939453,20.625,21.275001525878906,21.625,21.183334350585938,0.14929163035984608,17.281967163085938,17.650152033025567,17.523816195401277,17.71495749733665,2.7666666507720947,2.825000047683716,2.883333444595337,2.8333334922790527,96770.11501597444,25414.08945686901,97053.6329113924,2454.7,2570.5,2687.7,2460.9,2826.9,2665.1,2055.6,4.5606526913850205,0.0,0.0,0.0,24.419750213623047,21.621749877929688,23.612751007080078,24.562000274658203,24.01474952697754,21.612751007080078,22.909000396728516,24.71150016784668,23.792499542236328,23.659000396728516,23.111499786376953,22.337501525878906,191.44565217391303,81.74728260869566,51.576139856557376,58.69773522882514,66.67542371072405,75.59167947404372,29966.798828125,30284.62890625,30377.34765625,30243.783203125,94.9826023267663,95.98997961956522,96.2838824728261,95.86052139945652,16.11083221435547,15.800832748413086,15.84999942779541,14.629166603088379
CM201800000146,CMGE71FL,CM,2018.0,146.0,CM2018DHS,242705.375,275691.8125,312559.03125,225.9166717529297,176.19166564941406,294.9916687011719,166.97500610351562,80.44510650634766,61.46220779418945,102.9040756225586,58.0782585144043,0.960830341685902,0.9629560817371715,0.9633953788063743,28.83888816833496,26.983999252319336,29.181110382080078,28.41857147216797,8.691666603088379,8.016666412353516,7.708333492279053,8.216667175292969,2.0,1460.0,1402.0,1379.0,1433.0,1464.0,1464.0,1466.0,0.0,0.0,0.0,0.0,98.26666666666667,2697.871826171875,-807,0.0,0.0,0.0533132199080337,0.2021994392391353,24.182626724243164,23.551000595092773,25.15855598449707,24.975536346435547,0.0,0.0,-1.0,0.0,0.0,0.0,0.34999969601631165,0.3730185627937317,0.13481253385543823,0.10740933567285538,0.37443962693214417,0.42034226655960083,0.09065529704093933,0.07472863793373108,31.108333587646484,31.008333206176758,31.033334732055664,31.20833396911621,26.725000381469727,26.975000381469727,27.166667938232422,27.08333396911621,22.416667938232422,22.991666793823242,23.325000762939453,22.991666793823242,14.924096469221444,19.526363372802734,20.118000030517578,21.13599967956543,21.532499313354492,2.808333396911621,2.866666793823242,2.866666793823242,2.875,3420.097355769231,6946.267755681818,3182.015625,3221,3502,3751,3416,3241,3850,2643,0.0,3.0,3.0,3.0,27.347000122070312,24.865999221801758,26.996999740600586,27.70599937438965,27.152000427246094,24.9950008392334,26.191999435424805,27.571001052856445,26.895000457763672,26.59600067138672,25.867000579833984,25.38800048828125,4.6,0.0,2143.7770647321427,2439.788504464286,2771.383370535714,3141.9905133928573,17376.103515625,21516.9140625,26445.408203125,32260.85546875,1349.4869791666667,1671.0765625,2053.83984375,2505.4875,17.16499900817871,15.934999465942383,16.543333053588867,15.129166603088379
CM201800000147,CMGE71FL,CM,2018.0,147.0,CM2018DHS,81771.46875,92885.140625,105306.3359375,179.80833435058594,151.76666259765625,153.64999389648438,127.5,62.906707763671875,51.88603973388672,51.50279235839844,42.5,0.009790848147484564,0.0149807007082047,0.021916077213902627,28.17363586425781,26.8788330078125,27.473333740234374,27.674334716796874,10.291666984558105,9.616666793823242,9.225000381469727,9.824999809265137,2.0,3487.8,3533.7,3607.6,3552.1,3751.3,3643.9,3719.5,0.0,0.0,0.0,0.0,26.870619946091644,1871.221875,-997.0,0.0,0.0,0.10298911967468359,0.32405638087935656,21.85120544433594,21.336183166503908,21.59803009033203,21.903431701660157,78.40238586590297,110.35996462264151,-1.0,742.3402964959569,16.039440227004718,183.9175370619946,0.35774149213518414,0.6278471265520368,0.27390434060777935,0.12133051667894636,0.3161270959036691,0.7121459415980748,0.21260406289781844,0.07995953730174474,25.65833282470703,25.75,25.67500114440918,25.741666793823242,20.491666793823242,20.916667938232422,21.041667938232422,20.799999237060547,15.366666793823242,16.133333206176758,16.450000762939453,15.916666984558105,0.013520543609185242,15.528778076171875,15.793533325195312,15.722727966308593,16.132530212402344,2.8583333492279053,2.924999952316284,2.9833333492279053,3.0,89893.66455696203,19980.271565495208,206703.9363057325,1972.8,1993.7,1941.6,2060.4,2013.7,2086.5,1978.2,2.120007620346193,0.0,0.0,0.0,24.020999908447266,21.283748626708984,20.925251007080078,24.547748565673828,23.418001174926758,21.288000106811523,22.139999389648438,24.710750579833984,23.098249435424805,22.725250244140625,22.16400146484375,21.620250701904297,127.83018867924528,19.870619946091644,30.56885696951635,34.78978095197548,39.51810498978202,44.80271840940055,54317.4140625,60700.69921875,67327.3203125,74121.25,171.07010192048517,191.17395973719675,212.04415852425876,233.44133254716982,15.453332901000977,14.899999618530273,14.839166641235352,13.811666488647461
CM201800000149,CMGE71FL,CM,2018.0,149.0,CM2018DHS,183468.46875,208403.921875,236273.015625,131.80833435058594,115.51667022705078,136.3333282470703,102.68333435058594,47.785499572753906,40.179710388183594,47.4202880859375,35.7159423828125,0.9535043580191476,0.9557669503348214,0.9561741011483329,31.790000915527344,30.392221450805664,30.657272338867188,32.29600143432617,9.175000190734863,9.175000190734863,8.5,9.158333778381348,-9999,3285,3223,3079,3058,3147,3115,3088,0.0,0.0,0.0,0.0,83.57142857142857,2392.42236328125,-807.0,0.0,0.0,0.06143020699891274,0.2569444034418537,25.086362838745117,24.589445114135742,24.85272789001465,25.937166213989258,0.0,0.0,-1.0,0.0,0.0,0.0,0.4615330100059509,0.36482906341552734,0.15783683955669403,0.19353415071964264,0.533884584903717,0.3836233615875244,0.10948163270950317,0.16041992604732513,28.700000762939453,29.0,28.80000114440918,29.016666412353516,24.08333396911621,24.383333206176758,24.516666412353516,24.40833282470703,19.525001525878906,19.825000762939453,20.30000114440918,19.858333587646484,18.527275710809427,18.382726669311523,18.786666870117188,19.048181533813477,19.578332901000977,2.758333444595337,2.875,2.875,2.875,172201.26923076922,25887.06730769231,61978.019230769234,1784,1495,1351,1647,1502,1514,1181,0.6771319071451823,3.0,3.0,3.0,24.781999588012695,22.795000076293945,23.84600067138672,25.30299949645996,24.42099952697754,22.527000427246094,23.399999618530273,24.98699951171875,24.201000213623047,23.722999572753906,23.39299964904785,23.132999420166016,3.466666666666667,0.0,1853.3111049107142,2109.2151227678573,2395.881417410714,2716.273995535714,58819.625,75792.40625,96938.15625,123065.953125,4567.136979166667,5885.013541666666,7526.90625,9555.6375,13.170832633972168,12.398332595825195,13.69333267211914,11.091666221618652
CM201800000150,CMGE71FL,CM,2018.0,150.0,CM2018DHS,9314.9873046875,10581.0,11995.958984375,137.0,113.93333435058594,118.96666717529297,126.63333129882812,44.5528450012207,36.45866775512695,37.371726989746094,40.522666931152344,0.0020104516120184037,0.0022594493532937673,0.0033452136175973076,29.278725363991477,27.7962119362571,28.39560491388494,27.86197176846591,11.125,11.125,10.450000762939453,11.108333587646484,1.0,3427.181818181818,3383.4545454545455,3456.181818181818,3615.6363636363635,3685.0,3752.4545454545455,3806.2727272727275,0.0,0.0,0.0,0.0,26.62734584450402,1806.5486979166667,5.0,0.0,0.0,0.07407095896874949,0.4754604631869121,23.630454323508523,23.510986328125,23.964849298650567,23.633711381392047,0.4803415252440097,18.780501214812332,-1.0,2.4630287313589143,0.3658045955381828,0.1506338247345216,0.5061815806797573,0.48562370027814594,0.3922384125845773,0.35012006759643555,0.5310861723763602,0.5139335904802594,0.37233284541538786,0.33168881280081614,29.55000114440918,30.041667938232422,29.766666412353516,29.900001525878906,23.95833396911621,24.450000762939453,24.516666412353516,24.316667556762695,18.424999237060547,18.91666603088379,19.316667556762695,18.791667938232422,0.0,17.982181895862926,19.225757945667613,19.53409090909091,19.405453768643465,3.075000047683716,3.125,3.183333396911621,3.125,13979.518927444795,130756.20578778135,253069.04458598726,1748.2,1516.0,1556.8,1704.7,1570.1,1658.3,1504.4,0.21714287724635556,0.0,0.0,0.0,25.223751068115234,22.904998779296875,23.52025032043457,25.21875,24.110248565673828,22.975749969482422,23.607749938964844,25.589750289916992,24.56800079345703,23.960498809814453,23.635250091552734,23.312999725341797,244.2278820375335,201.24932975871315,3.676426763119905,4.184065445609715,4.752727342688519,5.3882923955502715,3532.79541015625,3798.998779296875,4054.74267578125,4295.47998046875,11.042751445207776,11.874846839393431,12.674244407674262,13.426736867459786,11.954999923706055,11.46500015258789,11.542499542236328,11.460833549499512
CM201800000151,CMGE71FL,CM,2018.0,151.0,CM2018DHS,772.6556396484375,877.6683349609375,995.0357055664062,173.83334350585938,148.1750030517578,149.4499969482422,123.92500305175781,58.10585021972656,48.44959259033203,48.08042907714844,40.63114929199219,0.079222532419058,0.08963351983290452,0.11061496918018048,27.560909271240234,26.739999771118164,26.3266658782959,26.65833282470703,10.600000381469727,9.925000190734863,9.475000381469727,10.125,2,3638,3625,3640,3416,3656,3677,3730,0.0,0.0,0.0,0.0,21.875,1964.494384765625,-807,0.0,0.0,0.06691996481630791,0.3454728029590757,21.57181739807129,21.459999084472656,21.233333587646484,21.43083381652832,1.8736127614974976,107.24284362792969,-1.0,9.489583969116211,6.802889347076416,1.3905525207519531,0.3431674540042877,0.44122010469436646,0.25995346903800964,0.16125066578388214,0.2905997335910797,0.4129506051540375,0.1957653909921646,0.11122193932533264,28.433334350585938,28.516666412353516,28.42500114440918,28.53333282470703,23.116666793823242,23.53333282470703,23.649999618530273,23.441667556762695,17.83333396911621,18.59166717529297,18.950000762939453,18.40833282470703,0.2526220453196558,15.582727432250977,16.18000030517578,16.139999389648438,16.203332901000977,2.991666793823242,3.058333396911621,3.1083333492279053,3.049999952316284,143809.98958333334,52217.36607142857,116672.17307692308,1730.0,1782.0,1687.0,1696.0,1883.0,1705.0,1548.0,1.7178375720977783,1.0,1.0,2.0,23.288999557495117,20.56999969482422,21.545000076293945,24.155000686645508,23.29800033569336,20.60099983215332,21.631000518798828,24.051000595092773,22.57900047302246,22.37299919128418,21.479999542236328,21.10300064086914,84.5,54.8125,8.092726643880209,9.210164388020834,10.461930338541666,11.860964965820312,935.34228515625,950.099853515625,957.8798828125,958.5346069335938,68.20408630371094,69.28018188476562,69.84749603271484,69.89523315429688,14.775833129882812,14.204166412353516,14.174166679382324,13.054166793823242
CM201800000152,CMGE71FL,CM,2018.0,152.0,CM2018DHS,129.8906707763672,147.5443115234375,167.2748565673828,133.5916748046875,126.00833892822266,125.54166412353516,103.86666870117188,43.92054748535156,40.43048095703125,39.96021270751953,33.59568786621094,0.05843158868642954,0.08636989960303673,0.08263410054720365,26.302000045776367,25.744544982910156,25.086362838745117,25.803333282470703,10.266666412353516,10.266666412353516,9.591667175292969,10.25,-9999,4034,4103,4264,4212,4408,4616,4591,0.0,0.0,0.0,0.0,35.0,2433.68212890625,6,0.0,0.0,0.07818829716160455,0.4011579910412493,22.122364044189453,22.352272033691406,21.96234893798828,22.439167022705078,0.43543752034505206,94.29998372395833,-1.0,3.4726104736328125,2.537628173828125,0.9020453770955403,0.45820024609565735,0.43670347332954407,0.3017503321170807,0.3162088394165039,0.5394762754440308,0.5070523023605347,0.2911403179168701,0.3316262662410736,29.975000381469727,30.366666793823242,30.133333206176758,30.316667556762695,24.808334350585938,25.200000762939453,25.316667556762695,25.15833282470703,19.70833396911621,20.100000381469727,20.54166603088379,20.066667556762695,0.07505719136383573,17.94272804260254,18.959999084472656,18.838333129882812,19.075000762939453,3.0416667461395264,3.116666793823242,3.1416666507720947,3.0916666984558105,232577.88461538462,73725.04807692308,146977.6826923077,1575,1537,1344,1556,1391,1488,1263,0.3884051958719889,0.0,0.0,0.0,24.40999984741211,23.14000129699707,24.295000076293945,25.18000030517578,24.145999908447266,22.921998977661133,23.756000518798828,25.371999740600586,23.90799903869629,24.17500114440918,23.784000396728516,23.69499969482422,208.8,91.13333333333334,1.3975001573562622,1.5904659032821655,1.8066283464431763,2.048222303390503,108.96064758300781,114.76283264160156,119.97098541259766,124.48130798339844,8.469155883789062,8.920140584309896,9.324953206380208,9.675525919596355,12.827499389648438,12.767499923706055,12.566666603088379,11.217499732971191
CM201800000153,CMGE71FL,CM,2018.0,153.0,CM2018DHS,173137.890625,196669.3125,222969.171875,225.9166717529297,176.19166564941406,294.9916687011719,166.97500610351562,80.44510650634766,61.46220779418945,102.9040756225586,58.0782585144043,0.9785087292010968,0.9813333658071665,0.9504472292386569,28.83888816833496,26.983999252319336,29.181110382080078,28.41857147216797,8.691666603088379,8.016666412353516,7.708333492279053,8.216667175292969,2,1460.0,1402.0,1379.0,1433.0,1464.0,1464.0,1466.0,0.0,0.0,0.0,0.0,100.0,2697.871826171875,-807.0,0.0,0.0,0.0533132199080337,0.2021994392391353,24.182626724243164,23.551000595092773,25.15855598449707,24.975536346435547,0.0,0.0,-1.0,0.0,0.0,0.0,0.34999969601631165,0.3730185627937317,0.13481253385543823,0.10740933567285538,0.37443962693214417,0.42034226655960083,0.09065529704093933,0.07472863793373108,31.108333587646484,31.008333206176758,31.033334732055664,31.20833396911621,26.725000381469727,26.975000381469727,27.166667938232422,27.08333396911621,22.416667938232422,22.991666793823242,23.325000762939453,22.991666793823242,17.263763427734375,19.526363372802734,20.118000030517578,21.13599967956543,21.532499313354492,2.808333396911621,2.866666793823242,2.866666793823242,2.875,2026.9108072916667,5399.988839285715,2239.9915865384614,3221,3502,3751,3416,3241,3850,2643,0.0,3.0,3.0,3.0,27.347000122070312,24.865999221801758,26.996999740600586,27.70599937438965,27.152000427246094,24.9950008392334,26.191999435424805,27.571001052856445,26.895000457763672,26.59600067138672,25.867000579833984,25.38800048828125,2.2,0.0,1661.67265625,1891.1153645833333,2148.139453125,2435.40234375,17376.18359375,21517.017578125,26445.533203125,32261.009765625,1349.487109375,1671.0765625,2053.8401041666666,2505.4875,17.16499900817871,15.934999465942383,16.543333053588867,15.129166603088379
CM201800000155,CMGE71FL,CM,2018.0,155.0,CM2018DHS,280.4830627441406,318.6038818359375,361.2096252441406,136.625,137.99166870117188,124.55000305175781,104.80000305175781,45.92436981201172,45.61708068847656,40.394596099853516,34.740333557128906,0.03019703122285696,0.03438487419715294,0.033949242188380316,25.393999099731445,24.672000885009766,24.875999450683594,24.634000778198242,9.541666984558105,9.541666984558105,8.866666793823242,9.52500057220459,-9999,4380.0,4384.0,4495.0,4495.0,4697.0,4735.0,4657.0,0.0,0.0,0.0,0.0,28.692307692307693,2471.2470703125,-801,0.0,0.0,0.09028346719290227,0.4224171724812373,21.77400016784668,21.737667083740234,21.99799919128418,21.9461669921875,0.36963047300066265,206.72926548549108,-1.0,4.946531023297991,1.0331439971923828,1.4680979592459542,0.5438724756240845,0.4880618155002594,0.3292105197906494,0.33727291226387024,0.6873069405555725,0.5891267657279968,0.3299766480922699,0.358975887298584,29.700000762939453,30.0,29.775001525878906,30.016666412353516,24.899999618530273,25.200000762939453,25.325000762939453,25.225000381469727,20.15833282470703,20.45833396911621,20.90833282470703,20.491666793823242,0.0,18.15399932861328,18.803333282470703,19.1200008392334,19.258333206176758,2.9750001430511475,3.0250000953674316,3.0833334922790527,3.0166666507720947,197617.10416666666,57371.331730769234,85010.359375,1908,1705,1434,1778,1557,1608,1331,0.5736393247331891,0.0,0.0,1.0,24.637001037597656,22.935998916625977,24.388999938964844,25.097000122070312,24.198999404907227,22.805999755859375,23.69700050354004,25.095001220703125,24.327999114990234,23.993999481201172,23.5,23.45599937438965,81.07142857142857,54.57142857142857,3.6350531578063965,4.136978626251221,4.6992411613464355,5.327653408050537,451.3119812011719,490.1277160644531,528.3037719726562,565.21484375,37.55635288783482,40.78643798828125,43.963291713169646,47.03489467075893,13.104166030883789,13.176666259765625,12.776666641235352,11.34749984741211
CM201800000156,CMGE71FL,CM,2018.0,156.0,CM2018DHS,184201.890625,209237.015625,237217.5,225.9166717529297,176.19166564941406,294.9916687011719,166.97500610351562,80.44510650634766,61.46220779418945,102.9040756225586,58.0782585144043,0.6404406627019247,0.7916819254557291,0.7698689301808676,28.685556411743164,25.45800018310547,28.2336368560791,27.860000610351562,8.691666603088379,8.016666412353516,7.708333492279053,8.216667175292969,2,3099,3066,3018,3088,3150,3146,3142,0.0,0.0,0.0,0.0,81.21428571428571,2697.871826171875,-9999,0.0,0.0,0.0975071378552335,0.40124566655983285,24.38777732849121,23.228546142578125,24.888818740844727,24.5262508392334,0.9595438412257603,1347.2349330357142,-1.0,6.343278067452567,0.38519505092075895,0.5077194145747593,0.4073752164840698,0.4349580407142639,0.1914490908384323,0.1382010281085968,0.46850138902664185,0.5235764980316162,0.15155905485153198,0.10368698835372925,31.108333587646484,31.008333206176758,31.033334732055664,31.20833396911621,26.725000381469727,26.975000381469727,27.166667938232422,27.08333396911621,22.416667938232422,22.991666793823242,23.325000762939453,22.991666793823242,7.126365924703664,20.09000015258789,20.99909019470215,21.54400062561035,21.1924991607666,2.808333396911621,2.866666793823242,2.866666793823242,2.875,1783.8178267045455,5063.4658203125,1375.062220982143,3181.0,3329.0,3739.0,3191.0,3086.0,3741.0,2417.0,0.0,3.0,3.0,3.0,27.175825119018555,24.815383911132812,26.767032623291016,27.451648712158203,26.852746963500977,24.876922607421875,26.062637329101562,27.376922607421875,26.740659713745117,26.464834213256836,25.791208267211914,25.30769157409668,8.428571428571429,0.07142857142857142,1632.1966646634614,1857.5692608173076,2110.033954326923,2392.2010216346152,16091.4140625,19926.078125,24490.1875,29875.67578125,1349.487025669643,1671.0767299107142,2053.83984375,2505.4874441964284,17.16499900817871,15.934999465942383,16.543333053588867,15.129166603088379
CM201800000157,CMGE71FL,CM,2018.0,157.0,CM2018DHS,15776.81640625,18261.375,21110.375,69.69999694824219,67.375,74.28333282470703,68.78333282470703,13.234176635742188,13.189233779907227,14.104430198669434,13.206399917602539,0.00016919318765116196,0.0007126350848438641,0.0020264707053431305,36.82909240722656,35.863836669921874,36.492333984375,36.75416564941406,13.941666603088379,13.600000381469727,12.991666793823242,13.241666793823242,2.0,2215.6,2336.1,2497.6,2562.6,2622.4,2618.4,2474.3,0.0,0.0,0.0,0.0,29.77173913043478,1530.66015625,6.0,0.0,0.0,0.04481666791276905,0.16156021870138834,29.245184326171874,29.017001342773437,29.560000610351562,29.434219360351562,17.029994798743207,19.732425855553668,-1.0,22.12091595193614,0.24340268839960513,11.429237697435463,0.23898313726697648,0.25097693715776714,0.23526889937264578,0.22681912354060582,0.16457418033054896,0.17893043586186,0.1609459604535784,0.1611184733254569,35.141666412353516,35.93333435058594,35.775001525878906,35.400001525878906,28.141666412353516,29.100000381469727,29.258333206176758,28.75,21.200000762939453,22.33333396911621,22.78333282470703,22.15833282470703,0.0,21.661273193359374,22.170166015625,22.627667236328126,22.114271545410155,5.266666889190674,5.108333587646484,5.266666889190674,5.208333492279053,4315.177483974359,24470.209523809524,31889.13015873016,841.7,879.9,1039.9,939.0,866.2,913.2,896.4,0.9090843200683594,0.0,0.0,0.0,31.49825096130371,25.141498565673828,25.852249145507812,27.585500717163086,25.42875099182129,25.80699920654297,27.14175033569336,30.77924919128418,29.111501693725586,27.475749969482422,27.17150115966797,25.519250869750977,254.77717391304347,83.96195652173913,6.967342295545213,8.152059352144281,9.438947961685505,10.915165028673536,21685.82421875,24958.875,28381.03515625,32056.291015625,69.51646356997283,80.00855022927989,90.97866423233695,102.76008406929348,6.342499732971191,6.183332920074463,6.81083345413208,6.197499752044678
CM201800000158,CMGE71FL,CM,2018.0,158.0,CM2018DHS,23192.314453125,26344.4140625,29867.353515625,109.375,120.375,127.35000610351562,125.28334045410156,32.32758712768555,35.1459846496582,37.1824836730957,36.7579460144043,0.02620154619216919,0.098112913278433,0.16471398793734038,29.826364517211914,29.655000686645508,29.5049991607666,29.893333435058594,13.516667366027832,12.983333587646484,12.5,12.783333778381348,1.0,2738,2779,2906,2895,2957,2888,2839,0.0,0.0,0.0,0.0,51.92857142857143,2024.000732421875,-807,0.0,0.0,0.07775729771977949,0.2763666375269149,22.30318260192871,22.588333129882812,22.52659034729004,22.928333282470703,0.9693232945033482,78.28892299107143,-1.0,0.2042525155203683,0.48628595897129606,0.20443732397896902,0.3682481348514557,0.377848744392395,0.17572829127311707,0.1920371800661087,0.3250296115875244,0.3476015031337738,0.11439833790063858,0.13923582434654236,28.850000381469727,29.299999237060547,29.15833282470703,28.975000381469727,22.066667556762695,22.78333282470703,22.883333206176758,22.558334350585938,15.333333969116211,16.316667556762695,16.65833282470703,16.191667556762695,0.887304897966056,14.779999732971191,15.521666526794434,15.548181533813477,15.963333129882812,3.383333444595337,3.424999952316284,3.424999952316284,3.4083333015441895,161563.30357142858,70231.375,115143.32692307692,1464,1559,1802,1608,1521,1713,1530,0.22501083782741002,2.0,3.0,3.0,24.09200096130371,21.180999755859375,20.572999954223633,22.77199935913086,21.006000518798828,21.107999801635742,21.753999710083008,24.131999969482422,22.7549991607666,21.019001007080078,21.719999313354492,21.270999908447266,6.642857142857143,0.9285714285714286,264.22726004464283,300.71153041294644,341.58168247767856,387.26014927455356,193.0392303466797,225.52264404296875,261.5036315917969,300.9683532714844,16.15370614188058,18.8719482421875,21.88287353515625,25.185317993164062,10.146666526794434,11.72249984741211,12.706665992736816,11.679166793823242
CM201800000159,CMGE71FL,CM,2018.0,159.0,CM2018DHS,353.45233154296875,397.6774597167969,447.5798645019531,121.92500305175781,126.42500305175781,123.23333740234375,135.94166564941406,35.426151275634766,36.29425811767578,35.20952224731445,39.21394348144531,0.21678902552678034,0.24053239822387695,0.33882434551532453,28.28272819519043,27.046667098999023,27.3799991607666,27.829999923706055,11.600000381469727,11.600000381469727,10.925000190734863,11.583333969116211,1.0,2831,2732,2857,3064,3246,3401,3306,0.0,0.0,0.0,0.0,32.285714285714285,1470.00146484375,5.0,0.0,0.0,0.060720424863268806,0.39943569904258586,22.351818084716797,22.011667251586914,22.146818161010742,22.542499542236328,17.469810485839844,15.169470650809151,-1.0,9.502428327287946,2.3197738102504184,0.8569575718470982,0.39502227306365967,0.38477540016174316,0.3183814585208893,0.2680533826351166,0.36765024065971375,0.3688434660434723,0.27471989393234253,0.22622744739055634,28.941667556762695,29.508333206176758,29.241666793823242,29.299999237060547,23.116666793823242,23.683334350585938,23.75833511352539,23.483333587646484,17.34166717529297,17.90833282470703,18.316667556762695,17.71666717529297,0.5612506866455078,16.420909881591797,16.976667404174805,16.913637161254883,17.2549991607666,3.441666603088379,3.4833333492279053,3.5,3.4666666984558105,640.6984049479166,94910.83333333333,178720.03846153847,1571,1498,1379,1420,1474,1653,1437,0.7194758823939732,2.0,2.0,2.0,23.775999069213867,21.631000518798828,23.042999267578125,24.09000015258789,23.041000366210938,21.493999481201172,22.27199935913086,24.43199920654297,23.10900115966797,22.885000228881836,22.235000610351562,21.746000289916992,249.0,74.42857142857143,4.322456359863281,4.862980433872768,5.474630083356585,6.164368220738003,89.84962463378906,101.03955078125,113.40257263183594,126.93440246582031,7.497474670410156,8.43121065412249,9.462838309151786,10.591994149344307,10.851666450500488,12.295000076293945,11.78083324432373,11.827499389648438
CM201800000160,CMGE71FL,CM,2018.0,160.0,CM2018DHS,78914.75,89640.1640625,101627.421875,184.0749969482422,157.89166259765625,159.22500610351562,133.5166778564453,66.13472747802734,55.40058517456055,54.90517044067383,47.402366638183594,0.47312283515930176,0.7584142684936523,0.8476651509602865,28.950000762939453,27.424999237060547,28.30666732788086,28.545000076293945,10.141666412353516,9.466667175292969,9.091667175292969,9.675000190734863,2,2883.0,2822.0,2880.0,2722.0,2845.0,2712.0,2720.0,0.0,0.0,0.0,0.0,58.375,1964.494384765625,-807,0.0,0.0,0.04738466161696646,0.14304056682227456,22.712726593017578,21.9233341217041,22.684999465942383,22.858333587646484,4.570199966430664,26594.3359375,-1.0,16.129364013671875,59.027286529541016,2.0743134021759033,0.2145048975944519,0.3909108638763428,0.13689662516117096,0.0632963478565216,0.15382567048072815,0.34711140394210815,0.08056763559579849,0.03492193669080734,26.59166717529297,26.641666412353516,26.58333396911621,26.649999618530273,21.491666793823242,21.875,22.008333206176758,21.80000114440918,16.450000762939453,17.17500114440918,17.491666793823242,16.975000381469727,1.5723398844401042,16.475454330444336,16.421667098999023,17.06333351135254,17.171667098999023,2.7833333015441895,2.8500001430511475,2.9000000953674316,2.816666603088379,136795.10576923078,43348.11607142857,158719.5909090909,1802,1781,1679,1822,2014,1877,1727,1.683948278427124,3.0,3.0,3.0,23.767000198364258,20.86600112915039,22.177000045776367,24.731000900268555,23.69300079345703,21.083999633789062,22.150999069213867,24.684999465942383,23.08099937438965,22.83300018310547,21.738000869750977,21.553998947143555,3.3125,0.0,803.2093505859375,914.115966796875,1038.354736328125,1177.2100830078125,11616.7763671875,12729.751953125,13845.1591796875,14946.208984375,847.5880126953125,928.7933959960938,1010.1762084960938,1090.511474609375,15.770833015441895,15.239166259765625,15.21500015258789,14.119999885559082
CM201800000161,CMGE71FL,CM,2018.0,161.0,CM2018DHS,19141.31640625,21742.83984375,24650.4296875,-9999,-9999,-9999,-9999,-9999,-9999,-9999,-9999,0.24209301812308176,0.2717073474611555,0.2768470900399344,26.530000686645508,26.00666618347168,26.188180923461914,25.742000579833984,-9999,-9999,-9999,-9999,-9999,1125,1109,1204,1272,1565,1564,1543,-9999,-9999,-9999,-9999,48.75,-9999,-9999,-9999,-9999,-9999,-9999,22.947999954223633,23.177499771118164,23.325090408325195,23.012250900268555,30.222864786783855,196.28605143229166,-1.0,1575.9737955729167,7.7713470458984375,391.7670491536458,-9999,-9999,-9999,-9999,-9999,-9999,-9999,-9999,-9999,-9999,-9999,-9999,-9999,-9999,-9999,-9999,-9999,-9999,-9999,-9999,1.1730359051678632,19.365999221801758,20.34833335876465,20.461999893188477,20.282499313354492,-9999,-9999,-9999,-9999,1126.24951171875,32880.89453125,980.2214006696429,2954,2429,2528,2375,2130,2206,1569,0.3162691593170166,2.0,2.0,3.0,-9999,-9999,-9999,-9999,-9999,-9999,-9999,-9999,-9999,-9999,-9999,-9999,123.28571428571429,0.3333333333333333,202.50523546006946,230.46701388888889,261.79009331597223,296.79833984375,76.782470703125,90.33932495117188,105.49568939208984,122.27725982666016,13.719650268554688,16.142017364501953,18.850189208984375,21.8487548828125,-9999,-9999,-9999,-9999
CM201800000162,CMGE71FL,CM,2018.0,162.0,CM2018DHS,480.8806457519531,546.23779296875,619.2841796875,147.35833740234375,139.73333740234375,136.4499969482422,114.73333740234375,49.8112678527832,46.19283676147461,44.373985290527344,38.24444580078125,0.0010214759544892745,0.0011969664218750868,0.0014452780173583465,25.54400062561035,23.65999984741211,24.975454330444336,25.67545509338379,9.166666984558105,9.166666984558105,8.483333587646484,9.149999618530273,-9999,3107,2974,3032,3021,3251,3415,3379,0.0,0.0,0.0,0.0,33.57142857142857,2471.2470703125,4,0.0,0.0,0.07220215137335692,0.36343324687163414,22.37700080871582,21.638334274291992,22.596059799194336,22.917726516723633,0.35660314559936523,16.611615862165177,-0.42857142857142855,1.3290353502546037,1.1854490552629744,0.5519745009286063,0.3891572654247284,0.33219221234321594,0.30337393283843994,0.261129766702652,0.4139966368675232,0.3295489251613617,0.2929830849170685,0.2439844310283661,29.766666412353516,30.066667556762695,29.84166717529297,30.066667556762695,25.149999618530273,25.450000762939453,25.59166717529297,25.45833396911621,20.600000381469727,20.900001525878906,21.358333587646484,20.916667938232422,0.0726565328137628,19.209999084472656,19.616666793823242,20.21666717529297,20.15999984741211,2.9583334922790527,3.0250000953674316,3.075000047683716,3.0,173175.34615384616,70933.51136363637,19481.86160714286,1664.0,1676.0,1474.0,1500.0,1529.0,1671.0,1282.0,0.9742826734270368,0.0,0.0,0.0,26.069000244140625,23.674999237060547,25.65999984741211,26.774999618530273,25.707000732421875,23.840999603271484,24.732999801635742,26.590999603271484,25.417999267578125,25.086999893188477,24.718000411987305,24.621000289916992,68.71428571428571,67.78571428571429,5.142859867640904,5.852982112339565,6.648469107491629,7.537544250488281,571.0897216796875,589.4141845703125,603.804931640625,613.9686889648438,59.30584716796875,61.273668561662944,62.836983816964285,63.964024135044646,13.792499542236328,13.516666412353516,13.476666450500488,12.154999732971191
CM201800000163,CMGE71FL,CM,2018.0,163.0,CM2018DHS,207895.375,236150.734375,267730.3125,148.20834350585938,128.8000030517578,154.90000915527344,114.30000305175781,53.569278717041016,45.1929817199707,54.5102653503418,40.57988357543945,0.8847092715176669,0.897144230929288,0.8964419798417524,29.578887939453125,28.06818199157715,28.599090576171875,29.35444450378418,8.791666984558105,8.791666984558105,8.116666793823242,8.77500057220459,-9999,3482,3498,3377,3912,4212,4193,4180,0.0,0.0,0.0,0.0,75.85714285714286,2392.42236328125,-807,0.0,0.0,0.038227634112667226,0.1351125489487492,24.24989891052246,23.45742416381836,23.636211395263672,24.39472198486328,0.0,0.0,-1.0,0.0,0.0,0.0,0.42924124002456665,0.33444905281066895,0.1495288759469986,0.18842875957489014,0.4785045385360718,0.3364972472190857,0.10123201459646225,0.15413305163383484,28.491666793823242,28.774999618530273,28.575000762939453,28.808334350585938,24.075000762939453,24.358333587646484,24.5,24.399999618530273,19.700000762939453,19.983333587646484,20.45833396911621,20.03333282470703,26.003543976814516,18.920909881591797,18.84666633605957,18.6733341217041,19.434999465942383,2.7666666507720947,2.8500001430511475,2.8416666984558105,2.816666603088379,171669.84615384616,27245.46153846154,59277.786458333336,1895,1619,1484,1715,1609,1627,1280,0.8996163095746722,3.0,3.0,3.0,24.229000091552734,22.128999710083008,23.385000228881836,24.76799964904785,23.89299964904785,21.992000579833984,22.884000778198242,24.424999237060547,23.660999298095703,23.224000930786133,22.867000579833984,22.572999954223633,2.642857142857143,0.0,1917.2534877232142,2181.9866071428573,2478.5432477678573,2809.9899553571427,57959.8125,74667.7734375,95483.65625,121204.140625,4873.079799107143,6277.868303571428,8028.047991071428,10190.604910714286,14.470000267028809,13.286666870117188,14.498332977294922,12.053333282470703
CM201800000164,CMGE71FL,CM,2018.0,164.0,CM2018DHS,5401.02001953125,6135.4091796875,6956.447265625,95.95000457763672,96.5250015258789,95.55833435058594,79.84166717529297,22.48828125,23.93181800842285,22.751983642578125,19.085657119750977,0.0005358036714620864,0.0018802277577189973,0.00497890699404878,33.44735440340909,33.02121249112216,33.39371837269176,34.71924382990057,13.475000381469727,13.074999809265137,12.408333778381348,12.808333396911621,2.0,2625.6363636363635,2613.4545454545455,2774.0,2911.181818181818,2988.7272727272725,2850.3636363636365,2913.4545454545455,0.0,0.0,0.0,0.0,31.454054054054055,1638.8900669642858,4.0,0.0,0.0,0.07424806570075061,0.22157628177459052,26.935535777698863,26.980230158025567,27.338451038707387,28.106589577414773,0.8378878130822324,103.22721883468834,-0.7750677506775068,2.4444474217691394,0.8981616012449187,1.2678811504911924,0.516512393951416,0.4991506167820522,0.3539494786943708,0.39276484080723356,0.4744082859584263,0.4581151008605957,0.2842247486114502,0.3370852470397949,32.59166717529297,33.25,33.05833435058594,32.81666564941406,25.825000762939453,26.691667556762695,26.83333396911621,26.391666412353516,19.116666793823242,20.17500114440918,20.649999618530273,20.008333206176758,0.0,20.423718539151277,20.93924227627841,21.283180930397727,21.493940873579547,4.266666889190674,4.0333333015441895,4.200000286102295,4.183333396911621,9574.625401929261,18905.267405063292,151308.4984025559,1022.4,1158.0,1203.2,1137.4,1086.7,1145.3,958.1,2.5255909327892105,0.0,0.0,0.0,31.392749786376953,25.622501373291016,24.826749801635742,26.96125030517578,24.71324920654297,26.280750274658203,27.5575008392334,30.12900161743164,29.721248626708984,26.32175064086914,26.925498962402344,25.905750274658203,212.57181571815718,148.33062330623306,2.4602871712327326,2.7999560415262805,3.180667352804919,3.606292971382244,8189.7548828125,9811.15234375,11697.078125,13873.41796875,26.106887279810298,31.275483252879404,37.28732374237805,44.22492695630081,7.624166488647461,7.875,8.425000190734863,7.152499675750732
CM201800000165,CMGE71FL,CM,2018.0,165.0,CM2018DHS,735.0363159179688,834.9360961914062,946.5890502929688,225.9166717529297,176.19166564941406,294.9916687011719,166.97500610351562,80.44510650634766,61.46220779418945,102.9040756225586,58.0782585144043,0.03462823799678257,0.040550717285701206,0.041049327169145854,27.676000595092773,26.038888931274414,28.152000427246094,28.363332748413086,8.691666603088379,8.016666412353516,7.708333492279053,8.216667175292969,2.0,3908,3978,4113,4018,4301,4286,4232,0.0,0.0,0.0,0.0,43.625,2697.871826171875,-807,0.0,0.0,0.1038640682973952,0.4551193665871565,23.871999740600586,23.315444946289062,24.76099967956543,24.685556411743164,0.8791379928588867,1324.6317708333333,-1.0,640.8123697916667,2.220753224690755,1.044939676920573,0.5154821276664734,0.5321064591407776,0.2922252416610718,0.2181081473827362,0.6629012227058411,0.7053453326225281,0.29254183173179626,0.1980145126581192,31.108333587646484,31.008333206176758,31.033334732055664,31.20833396911621,26.725000381469727,26.975000381469727,27.166667938232422,27.08333396911621,22.416667938232422,22.991666793823242,23.325000762939453,22.991666793823242,0.27649945226208916,20.06800079345703,20.591999053955078,21.3700008392334,21.00777816772461,2.808333396911621,2.866666793823242,2.866666793823242,2.875,8214.526785714286,15832.674479166666,7702.750651041667,2787,2697,3299,2595,2566,3134,2129,0.0,0.0,1.0,1.0,27.336000442504883,25.038000106811523,26.876998901367188,27.566999435424805,26.94499969482422,25.189001083374023,26.257999420166016,27.541000366210938,26.8489990234375,26.559999465942383,25.972000122070312,25.524999618530273,34.666666666666664,16.0,7.314945475260417,8.32498779296875,9.456448364257813,10.721024576822916,1251.876708984375,1265.2852783203125,1269.2825927734375,1263.8173828125,97.24025065104166,98.28175455729166,98.59225260416666,98.16774088541666,17.16499900817871,15.934999465942383,16.543333053588867,15.129166603088379
CM201800000166,CMGE71FL,CM,2018.0,166.0,CM2018DHS,1745.6201171875,1982.869873046875,2248.031982421875,91.73333740234375,82.98333740234375,92.25833129882812,83.39167022705078,20.38518524169922,19.26112174987793,20.539888381958008,18.881132125854492,4.241699205031471e-05,0.00024306561265672957,0.0006246562041933574,29.58490905761719,29.1816650390625,29.161334228515624,29.508831787109376,13.883333206176758,13.475000381469727,12.666666984558105,13.091667175292969,2.0,1095.5,948.1,1171.2,1419.7,1515.9,1528.4,1537.2,0.0,0.0,0.0,0.0,27.93833780160858,1866.62548828125,5.0,1.2776782512664795,0.0,0.0710627164763308,0.23409960203149402,26.821453857421876,26.558251953125,26.608831787109374,26.521832275390626,0.6355228372936913,162.47861511394103,-0.5442359249329759,2.6542124403066354,0.37726660516242877,1.0982230751508042,0.40253190994262694,0.36788454055786135,0.28956677118937174,0.3107721964518229,0.360098139444987,0.3184288660685221,0.23144817352294922,0.26626917521158855,34.50833511352539,35.13333511352539,34.875,34.66666793823242,27.53333282470703,28.366666793823242,28.5,28.09166717529297,20.625,21.65833282470703,22.20833396911621,21.575000762939453,0.0004210284008661477,24.057998657226562,23.934832763671874,24.056333923339842,23.534832763671876,4.5,4.308333396911621,4.491666793823242,4.4166669845581055,68541.1746031746,36313.958199356915,78018.03174603175,876.0833333333334,946.1666666666666,949.25,925.0,922.5,935.8333333333334,776.9166666666666,1.0568522026327916,0.0,0.0,0.0,31.19300079345703,25.609500885009766,25.485750198364258,27.201000213623047,25.014999389648438,26.145248413085938,27.41200065612793,30.342750549316406,29.410751342773438,27.0,27.284250259399414,26.026750564575195,131.5898123324397,107.32707774798928,1.2105105204353166,1.3776570282648744,1.564896096308679,1.774164058235535,8144.5439453125,9954.873046875,12076.6708984375,14541.6767578125,52.13132536955394,63.71849066390042,77.29916850363071,93.07646362811204,7.522500038146973,7.2191667556762695,8.206666946411133,7.418333053588867
CM201800000167,CMGE71FL,CM,2018.0,167.0,CM2018DHS,78468.546875,89133.3203125,101052.796875,225.9166717529297,176.19166564941406,294.9916687011719,166.97500610351562,80.44510650634766,61.46220779418945,102.9040756225586,58.0782585144043,0.7483511704664964,0.7969821049616888,0.8042243810800406,29.165555953979492,26.79888916015625,28.924545288085938,29.729999542236328,8.691666603088379,8.016666412353516,7.708333492279053,8.216667175292969,2,2275,2246,2179,2217,2255,2254,2224,0.0,0.0,0.0,0.0,81.9375,2697.871826171875,-807,0.0,0.0,0.0533132199080337,0.2021994392391353,24.44141387939453,23.238445281982422,24.93827247619629,25.466249465942383,0.0,0.0,-1.0,0.0,0.0,0.0,0.34999969601631165,0.3730185627937317,0.13481253385543823,0.10740933567285538,0.37443962693214417,0.42034226655960083,0.09065529704093933,0.07472863793373108,31.108333587646484,31.008333206176758,31.033334732055664,31.20833396911621,26.725000381469727,26.975000381469727,27.166667938232422,27.08333396911621,22.416667938232422,22.991666793823242,23.325000762939453,22.991666793823242,11.137137577451508,19.71727180480957,19.67799949645996,20.95199966430664,21.202499389648438,2.808333396911621,2.866666793823242,2.866666793823242,2.875,2350.9625,10009.097098214286,2684.1328125,3044,3302,3542,3182,3122,3773,2524,0.0,3.0,3.0,3.0,27.347000122070312,24.865999221801758,26.996999740600586,27.70599937438965,27.152000427246094,24.9950008392334,26.191999435424805,27.571001052856445,26.895000457763672,26.59600067138672,25.867000579833984,25.38800048828125,9.875,0.0,917.9086303710938,1044.65283203125,1186.633056640625,1345.3170166015625,18533.84765625,22950.55859375,28207.4296875,34410.35546875,1349.487060546875,1671.07666015625,2053.83984375,2505.4873046875,17.16499900817871,15.934999465942383,16.543333053588867,15.129166603088379
CM201800000168,CMGE71FL,CM,2018.0,168.0,CM2018DHS,12109.98046875,13755.865234375,15595.38671875,130.26666259765625,124.78333282470703,127.15834045410156,117.32499694824219,38.9825439453125,37.06435775756836,37.863525390625,35.37437057495117,0.005504342416922252,0.006303067629535993,0.007128941516081492,29.56818199157715,29.11833381652832,29.106666564941406,29.691667556762695,12.941666603088379,12.408333778381348,11.958333969116211,12.333333969116211,1,3347,3337,3446,3326,3479,3512,3500,0.0,0.0,0.0,0.0,40.6875,1971.1495361328125,5,0.0,0.0,0.09343804446726649,0.3327794138559801,23.454090118408203,23.06833267211914,23.479999542236328,23.614166259765625,1.029036045074463,323.5295104980469,-1.0,0.501591145992279,3.907165050506592,0.3980199992656708,0.4266853332519531,0.4269270598888397,0.24134857952594757,0.2468058317899704,0.3933273255825043,0.42257243394851685,0.18129085004329681,0.1954590082168579,28.883333206176758,29.308334350585938,29.191667556762695,28.983333587646484,22.383333206176758,23.075000762939453,23.200000762939453,22.80000114440918,15.941667556762695,16.900001525878906,17.233333587646484,16.649999618530273,0.22223032566539028,17.34000015258789,17.018333435058594,17.85333251953125,17.536666870117188,3.3416666984558105,3.366666793823242,3.3583333492279053,3.316666603088379,74346.80288461539,49265.33928571428,93175.94318181818,1604.0,1746.0,1847.0,1699.0,1565.0,1838.0,1670.0,0.36842504143714905,2.0,2.0,2.0,24.059999465942383,21.17300033569336,21.457000732421875,23.19700050354004,21.80500030517578,21.035999298095703,21.91900062561035,24.118999481201172,22.965999603271484,21.920000076293945,21.910999298095703,21.222999572753906,136.1875,176.75,123.55024719238281,140.6099853515625,159.72047424316406,181.07931518554688,91.91761016845703,106.44956970214844,122.35789489746094,139.5977020263672,6.731418132781982,7.7956390380859375,8.960657119750977,10.223182678222656,10.785833358764648,11.479166030883789,12.571666717529297,10.94749927520752
CM201800000169,CMGE71FL,CM,2018.0,169.0,CM2018DHS,808.9190063476562,918.8603515625,1041.736083984375,65.39167022705078,61.875,71.9000015258789,65.125,11.9984712600708,11.711356163024902,13.15243911743164,12.078824996948242,0.06921843687693278,0.07644956807295482,0.08000679810841878,37.96818161010742,36.496665954589844,37.073333740234375,36.973331451416016,14.191666603088379,13.841667175292969,13.333333969116211,13.475000381469727,2,1862,1872,2077,2286,2320,2352,2341,0.0,0.0,0.0,0.0,46.857142857142854,1731.0255126953125,-807,0.0,0.0,0.028122234754442844,0.14853903607294466,29.87636375427246,29.363332748413086,29.7450008392334,29.677499771118164,8.061648777553014,218.33257184709822,-1.0,0.7481207166399274,0.5766545023236956,8.895242963518415,0.19795627892017365,0.22349022328853607,0.2786718010902405,0.2463410347700119,0.12844455242156982,0.15589287877082825,0.20310355722904205,0.18149106204509735,34.72500228881836,35.53333282470703,35.45833206176758,34.991668701171875,27.616666793823242,28.600000381469727,28.766666412353516,28.21666717529297,20.533334732055664,21.691667556762695,22.125,21.516666412353516,0.2215172997836409,21.7845458984375,22.229999542236328,22.41666603088379,22.38166618347168,5.450000286102295,5.2833333015441895,5.4666666984558105,5.391666889190674,12766.76278409091,12630.540865384615,60915.0,782.0,716.0,877.0,822.0,760.0,810.0,862.0,0.4110226631164551,0.0,0.0,0.0,31.69499969482422,25.461000442504883,26.016000747680664,27.582000732421875,25.517000198364258,26.180999755859375,27.503999710083008,30.77899932861328,29.423999786376953,27.78999900817871,27.7189998626709,25.917999267578125,83.0,5.857142857142857,9.183670043945312,10.451744079589844,11.87225341796875,13.459886823381696,931.32421875,1067.5731201171875,1214.6112060546875,1371.611572265625,78.52573939732143,90.01373291015625,102.41142054966518,115.64910016741071,6.076666831970215,5.660833358764648,6.485833168029785,5.984166622161865
CM201800000170,CMGE71FL,CM,2018.0,170.0,CM2018DHS,19556.580078125,22214.5390625,25185.20703125,108.9000015258789,121.73333740234375,132.88333129882812,133.15834045410156,31.3381290435791,34.78095245361328,37.344261169433594,37.95486831665039,0.00015560363651450124,0.0003677567331948867,0.0006542176666319934,27.882000732421876,27.68499755859375,27.3443359375,27.813333129882814,12.508333206176758,12.508333206176758,11.833333969116211,12.491666793823242,1.0,3352.1,3330.1,3477.1,3478.7,3671.7,3692.0,3715.0,0.0,0.0,0.0,0.0,31.3485254691689,1863.263950892857,5.0,0.0,0.0,0.059725773141465946,0.37841762630718556,21.930209350585937,22.275302124023437,22.105636596679688,22.56651611328125,1.3048414787722018,11.55000104725201,-1.0,0.07056878527112045,0.05778309103630823,0.23317974182619805,0.46462613344192505,0.46386969089508057,0.3723098933696747,0.32520386576652527,0.4646979868412018,0.46708548069000244,0.33941954374313354,0.2948465347290039,29.183334350585938,29.866666793823242,29.616666793823242,29.650001525878906,22.90833282470703,23.59166717529297,23.67500114440918,23.383333206176758,16.674999237060547,17.358333587646484,17.78333282470703,17.15833282470703,0.006749766581767314,15.97841796875,16.86560516357422,16.866940307617188,17.31969757080078,3.4750001430511475,3.5,3.558333396911621,3.508333444595337,58417.20257234727,56125.60759493671,137688.0,1582.5,1484.9166666666667,1506.25,1488.9166666666667,1438.3333333333333,1622.3333333333333,1543.4166666666667,0.4369926554907423,0.0,0.0,0.0,23.997501373291016,21.414751052856445,22.560501098632812,24.395999908447266,22.81599998474121,21.309249877929688,22.12849998474121,24.70949935913086,22.881500244140625,21.97974967956543,21.94499969482422,21.399499893188477,87.80160857908847,14.487935656836461,10.690112698462702,12.166196761592742,13.819720524613576,15.667782363071236,3873.74169921875,4131.5810546875,4373.66015625,4595.46728515625,12.148840692024129,12.957477641169572,13.716686913538874,14.412321443532171,9.767499923706055,11.809999465942383,12.549166679382324,11.585832595825195
CM201800000171,CMGE71FL,CM,2018.0,171.0,CM2018DHS,1905.1734619140625,2164.1083984375,2453.506591796875,111.55000305175781,125.08333587646484,136.36666870117188,132.73333740234375,32.728607177734375,35.99520492553711,39.054893493652344,38.47343063354492,1.6052293692045152e-05,7.366582419082618e-05,8.60066728512193e-05,27.390457153320312,26.5625,26.28180694580078,26.575833638509113,12.058333396911621,12.058333396911621,11.383333206176758,12.041666984558105,1.0,3244.6666666666665,3264.0833333333335,3413.5,3368.5833333333335,3597.0,3778.1666666666665,3748.0,0.0,0.0,0.0,0.0,23.20855614973262,1923.913364955357,5.0,0.0,0.0,0.06418733408645241,0.40651695187681025,21.992319742838543,21.825719197591145,21.662572224934895,21.878402709960938,1.3498072074501508,9.626787528275804,-1.0,0.06085568139124811,0.06618800943083163,0.15882413316987476,0.49854261534554617,0.49746860776628765,0.43726212637765066,0.37142746789114817,0.51616712978908,0.5181027139936175,0.42268344334193636,0.35277141843523296,29.416667938232422,30.058334350585938,29.791667938232422,29.808334350585938,23.366666793823242,24.008333206176758,24.066667556762695,23.766666412353516,17.358333587646484,18.0,18.40833282470703,17.766666412353516,0.0,16.594181060791016,17.088938395182293,17.04333241780599,17.180973052978516,3.4083333015441895,3.4750001430511475,3.491666793823242,3.450000047683716,44286.42405063291,95481.01597444089,117219.45047923323,1643.0833333333333,1543.9166666666667,1423.4166666666667,1516.0833333333333,1519.75,1615.4166666666667,1493.3333333333333,0.5928361908040801,0.0,0.0,0.0,23.79399871826172,21.58666737874349,22.74933369954427,24.139333089192707,22.912333170572918,21.39166768391927,22.268666585286457,24.264668782552082,22.949000040690105,22.455332438151043,22.227333068847656,21.69499969482422,277.4450402144772,59.06970509383378,0.8156683249551742,0.9282951980340676,1.0544611196048925,1.195470257535007,3876.7080078125,4134.74462890625,4377.0087890625,4598.98583984375,12.148840692024129,12.957478950234584,13.716686913538874,14.412321443532171,9.991666793823242,12.03833293914795,12.734166145324707,11.636666297912598
CM201800000172,CMGE71FL,CM,2018.0,172.0,CM2018DHS,26136.81640625,29689.109375,33659.32421875,223.85000610351562,178.51666259765625,281.04168701171875,168.1416778564453,79.23893737792969,61.557472229003906,96.91091918945312,57.6485710144043,0.4960386969826438,0.5853923884305087,0.6218383095481179,25.847999572753906,25.586666107177734,26.59000015258789,27.176666259765625,8.416666984558105,7.741666793823242,7.441667079925537,7.941667079925537,2,2383,2381,2567,2667,2577,2581,2561,0.0,0.0,0.0,0.0,55.357142857142854,2995.8017578125,-807,1.6790070533752441,0.0,0.07482013066996293,0.2970612990345666,22.396272659301758,22.915332794189453,23.981000900268555,24.155555725097656,0.27773078850337435,922.16357421875,-1.0,2.0168124607631137,0.0,0.7111007145472935,0.3749130666255951,0.3985472023487091,0.1491485983133316,0.11973602324724197,0.4150107204914093,0.4632243812084198,0.10447614639997482,0.08609534800052643,31.0,30.875,30.88333511352539,31.058334350585938,26.758333206176758,26.975000381469727,27.133333206176758,27.066667556762695,22.58333396911621,23.133333206176758,23.441667556762695,23.116666793823242,6.742767333984375,18.94454574584961,20.243999481201172,21.371999740600586,21.134445190429688,2.825000047683716,2.9000000953674316,2.9000000953674316,2.9166667461395264,8335.660714285714,4222.240685096154,3898.315011160714,3138,2925,3558,3172,3073,3580,2378,0.0,3.0,3.0,3.0,27.42799949645996,24.86199951171875,27.052000045776367,27.819000244140625,27.131999969482422,24.961999893188477,26.239999771118164,27.6200008392334,26.985000610351562,26.621999740600586,25.911998748779297,25.41200065612793,12.571428571428571,0.0,77.7800537109375,88.519873046875,100.550732421875,113.99700520833333,16218.5888671875,20083.560546875,24683.73828125,30111.791015625,1349.487025669643,1671.0765904017858,2053.83984375,2505.4874441964284,17.586666107177734,15.996665954589844,16.883333206176758,15.099165916442871
CM201800000174,CMGE71FL,CM,2018.0,174.0,CM2018DHS,236459.109375,268596.625,304515.0625,131.80833435058594,115.51667022705078,136.3333282470703,102.68333435058594,47.785499572753906,40.179710388183594,47.4202880859375,35.7159423828125,0.8743721355091442,0.8760008378462358,0.8755635348233309,28.600000381469727,27.552000045776367,29.09666633605957,30.79888916015625,9.175000190734863,9.175000190734863,8.5,9.158333778381348,-9999,2375,2354,2378,2433,2479,2434,2429,0.0,0.0,0.0,0.0,74.85714285714286,2392.42236328125,-807,0.0,0.0,0.041060865150569746,0.1484963031960643,23.23318099975586,23.006000518798828,24.00787925720215,25.07111167907715,0.0,0.0,-1.0,0.0,0.0,0.0,0.42617955803871155,0.33384793996810913,0.13547100126743317,0.17480474710464478,0.47387978434562683,0.3369608223438263,0.0886593833565712,0.13904230296611786,28.700000762939453,29.0,28.80000114440918,29.016666412353516,24.08333396911621,24.383333206176758,24.516666412353516,24.40833282470703,19.525001525878906,19.825000762939453,20.30000114440918,19.858333587646484,23.727207728794642,17.866363525390625,18.459999084472656,18.919090270996094,19.343334197998047,2.758333444595337,2.875,2.875,2.875,170666.5625,26207.434659090908,60209.682291666664,1895,1619,1484,1715,1609,1627,1280,0.685075214930943,3.0,3.0,3.0,24.781999588012695,22.795000076293945,23.84600067138672,25.30299949645996,24.42099952697754,22.527000427246094,23.399999618530273,24.98699951171875,24.201000213623047,23.722999572753906,23.39299964904785,23.132999420166016,2.642857142857143,0.0,2018.257114955357,2296.9366629464284,2609.116629464286,2958.023995535714,68103.796875,87782.875,112302.953125,142602.75,5716.946986607143,7368.899553571428,9427.22767857143,11970.732142857143,13.170832633972168,12.398332595825195,13.69333267211914,11.091666221618652
CM201800000175,CMGE71FL,CM,2018.0,175.0,CM2018DHS,285827.0,324674.125,368091.59375,179.80833435058594,151.76666259765625,153.64999389648438,127.5,62.906707763671875,51.88603973388672,51.50279235839844,42.5,0.04679842087233565,0.08778977470765927,0.1123828703950839,28.575274658203124,27.176498413085938,28.01866455078125,27.860333251953126,10.291666984558105,9.616666793823242,9.225000381469727,9.824999809265137,2.0,3395.3,3369.8,3445.4,3307.8,3552.1,3484.8,3499.9,0.0,0.0,0.0,0.0,32.19073569482289,1964.494419642857,-807.0,0.0,0.0,0.06254190131328247,0.28249824835543336,22.30072784423828,21.48236083984375,22.182583618164063,22.151333618164063,3.920936916185462,8281.745244565218,-1.0,9.229503465735394,27.972746475883152,1.6917157380477241,0.335174024105072,0.5308505892753601,0.25184255838394165,0.11843705177307129,0.2846420705318451,0.5436981320381165,0.18855804204940796,0.07515496760606766,25.65833282470703,25.75,25.67500114440918,25.741666793823242,20.491666793823242,20.916667938232422,21.041667938232422,20.799999237060547,15.366666793823242,16.133333206176758,16.450000762939453,15.916666984558105,0.20033236190889128,16.026182556152342,15.788221740722657,16.346499633789062,16.442333984375,2.8583333492279053,2.924999952316284,2.9833333492279053,3.0,132048.2300319489,41254.271293375394,163790.49517684887,1831.5555555555557,1880.7777777777778,1794.111111111111,1824.7777777777778,1991.888888888889,1926.4444444444443,1767.7777777777778,1.7392943009086277,0.0,1.0,1.0,24.09533437093099,21.194000244140625,22.522666931152344,25.102999369303387,24.035667419433594,21.472666422526043,22.452000935872395,25.057998657226562,23.392667134602863,23.195332845052082,22.11699930826823,21.880999247233074,110.4375,6.051630434782608,122.75342321908602,139.703125,158.69036668346774,179.91145833333334,194742.96875,211676.796875,228493.46875,244937.171875,617.8200577445652,671.5429262907609,724.8940217391304,777.0619904891304,15.453332901000977,14.899999618530273,14.839166641235352,13.811666488647461
CM201800000176,CMGE71FL,CM,2018.0,176.0,CM2018DHS,30068.8671875,34155.5703125,38723.0703125,86.16667175292969,74.78333282470703,81.88333129882812,70.59166717529297,18.36589813232422,16.71135902404785,17.483985900878906,15.235610961914062,0.1359878136561467,0.1795382683093731,0.22673619710482085,36.595455169677734,34.49333190917969,35.00666809082031,35.211666107177734,13.77500057220459,13.375,12.733333587646484,13.041666984558105,2.0,2504,2539,2641,2563,2588,2555,2581,0.0,0.0,0.0,0.0,69.93333333333334,1835.7801513671875,-807,5.9010090827941895,0.0,0.055181015795651156,0.10656854608870496,29.209091186523438,28.375,28.697500228881836,28.91583251953125,1.3805811564127604,636.420703125,-1.0,16.48775431315104,2.6538650512695314,6.684688822428385,0.40544724464416504,0.3747240900993347,0.20750555396080017,0.27412229776382446,0.3332238495349884,0.30310291051864624,0.1330251544713974,0.20575223863124847,34.93333435058594,35.65833282470703,35.54166793823242,35.19166564941406,28.03333282470703,28.941667556762695,29.141666412353516,28.641666412353516,21.15833282470703,22.28333282470703,22.808334350585938,22.149999618530273,0.9814085467108364,21.82272720336914,22.25666618347168,22.388334274291992,22.6200008392334,4.691666603088379,4.474999904632568,4.683333396911621,4.633333206176758,30308.5,66240.98214285714,82708.875,966,1030,1123,1007,971,1024,943,1.1768175760904949,3.0,3.0,2.0,32.33700180053711,25.95800018310547,25.724000930786133,28.093000411987305,25.386999130249023,26.479999542236328,28.141000747680664,31.552000045776367,30.51799964904785,27.42099952697754,27.744998931884766,26.26799964904785,9.466666666666667,1.4,412.81561279296875,469.8168640136719,533.6703491210938,605.0361328125,690.452392578125,843.86083984375,1023.6470336914062,1232.49462890625,54.21065673828125,66.25546468098959,80.37132161458334,96.76892903645833,6.864999771118164,6.494999885559082,7.234999656677246,6.4708333015441895
CM201800000177,CMGE71FL,CM,2018.0,177.0,CM2018DHS,3479.80322265625,3952.748046875,4481.33447265625,107.56666564941406,119.16667175292969,128.60000610351562,129.08334350585938,31.103614807128906,33.96674728393555,36.83054733276367,37.05741882324219,0.04518117146058516,0.06200266968120228,0.06452028317884966,29.840909957885742,29.03333282470703,28.489999771118164,28.913333892822266,13.266666412353516,12.741666793823242,12.258333206176758,12.533333778381348,1.0,3011,3030,3089,3066,3050,3236,3203,0.0,0.0,0.0,0.0,41.5,1940.127685546875,-807.0,0.0,0.0,0.07013665951327121,0.4064732166391705,22.989089965820312,22.815834045410156,22.713333129882812,23.060832977294922,6.360396248953683,162.08098493303572,-1.0,0.11149236134120397,0.22378277778625488,0.4316716194152832,0.4019930362701416,0.40257731080055237,0.3057914972305298,0.2579886317253113,0.3728887438774109,0.3795684576034546,0.25140416622161865,0.21052905917167664,27.950000762939453,28.399999618530273,28.241666793823242,28.058334350585938,21.30000114440918,22.008333206176758,22.08333396911621,21.766666412353516,14.683333396911621,15.658333778381348,15.983333587646484,15.52500057220459,0.0,16.137271881103516,16.59833335876465,16.93666648864746,17.20833396911621,3.4583334922790527,3.508333444595337,3.491666793823242,3.4833333492279053,65235.411458333336,14655.524147727272,172679.48958333334,1556,1451,1662,1549,1430,1675,1559,1.4251702172415597,0.0,0.0,0.0,23.033000946044922,20.091999053955078,20.84600067138672,22.90799903869629,21.137001037597656,20.107999801635742,20.87299919128418,23.575000762939453,21.79199981689453,20.69099998474121,20.816999435424805,20.097000122070312,118.78571428571429,105.07142857142857,37.4181396484375,42.584814453125,48.37257486979167,54.841259765625,193.14529418945312,225.64657592773438,261.6473388671875,301.13372802734375,16.15370614188058,18.87195042201451,21.88287353515625,25.185317993164062,9.966666221618652,11.633333206176758,12.635000228881836,11.65999984741211
CM201800000178,CMGE71FL,CM,2018.0,178.0,CM2018DHS,209090.46875,237508.25,269269.34375,148.20834350585938,128.8000030517578,154.90000915527344,114.30000305175781,53.569278717041016,45.1929817199707,54.5102653503418,40.57988357543945,0.6719425065176827,0.9369700976780483,0.9407271657671247,29.055999755859375,28.18000030517578,28.899091720581055,30.270000457763672,8.791666984558105,8.791666984558105,8.116666793823242,8.77500057220459,-9999,4430.0,4393.0,4137.0,4000.0,4005.0,4041.0,4045.0,0.0,0.0,0.0,0.0,54.8125,2392.42236328125,-807,0.0,0.0,0.07319209220396579,0.33520266411221755,23.777545928955078,23.405834197998047,23.899545669555664,24.855833053588867,0.5018937587738037,3524.400390625,-1.0,5.365853309631348,24.715187072753906,1.6271581649780273,0.49132800102233887,0.39368900656700134,0.18422776460647583,0.21408718824386597,0.587129533290863,0.42800942063331604,0.13681179285049438,0.18554958701133728,28.491666793823242,28.774999618530273,28.575000762939453,28.808334350585938,24.075000762939453,24.358333587646484,24.5,24.399999618530273,19.700000762939453,19.983333587646484,20.45833396911621,20.03333282470703,14.497815362338361,18.49909019470215,18.63166618347168,18.899999618530273,19.441667556762695,2.7666666507720947,2.8500001430511475,2.8416666984558105,2.816666603088379,167948.84615384616,24319.03125,61632.794642857145,1925.0,1742.0,1575.0,1819.0,1697.0,1701.0,1338.0,0.9215344786643982,3.0,3.0,3.0,24.226999282836914,22.141000747680664,23.434999465942383,24.7189998626709,23.85099983215332,22.025999069213867,22.9739990234375,24.427000045776367,23.704999923706055,23.26099967956543,22.905000686645508,22.608999252319336,6.5,0.0,1525.408203125,1736.0354166666666,1971.9825520833333,2235.68828125,78579.046875,101285.1875,129576.9609375,164537.515625,5719.7734375,7372.55322265625,9431.9140625,11976.693359375,14.470000267028809,13.286666870117188,14.498332977294922,12.053333282470703
CM201800000179,CMGE71FL,CM,2018.0,179.0,CM2018DHS,19034.953125,21622.021484375,24513.45703125,131.80833435058594,115.51667022705078,136.3333282470703,102.68333435058594,47.785499572753906,40.179710388183594,47.4202880859375,35.7159423828125,0.49576282501220703,0.5263921297513522,0.5277520693265475,28.285554885864258,27.123332977294922,28.17545509338379,30.006000518798828,9.175000190734863,9.175000190734863,8.5,9.158333778381348,-9999,4392.0,4387.0,4383.0,4257.0,4399.0,4411.0,4346.0,0.0,0.0,0.0,0.0,72.8,2392.42236328125,-807,0.0,0.0,0.076873042539963,0.31146126730360163,23.3477783203125,23.0141658782959,23.432727813720703,24.635499954223633,0.36035861968994143,203.25283203125,-1.0,2.736754608154297,3.4706395467122397,0.8366509755452474,0.47611960768699646,0.38111260533332825,0.18656212091445923,0.21482738852500916,0.5591840147972107,0.40875527262687683,0.13962826132774353,0.1871391385793686,28.700000762939453,29.0,28.80000114440918,29.016666412353516,24.08333396911621,24.383333206176758,24.516666412353516,24.40833282470703,19.525001525878906,19.825000762939453,20.30000114440918,19.858333587646484,9.407762430481991,18.40999984741211,18.905000686645508,18.690000534057617,19.264999389648438,2.758333444595337,2.875,2.875,2.875,179360.04166666666,33073.331730769234,55262.23557692308,1918.0,1602.0,1446.0,1726.0,1600.0,1634.0,1257.0,2.1329856872558595,3.0,3.0,3.0,24.53700065612793,22.5310001373291,23.808000564575195,25.08500099182129,24.124000549316406,22.3179988861084,23.26099967956543,24.81399917602539,23.982999801635742,23.530000686645508,23.150999069213867,22.993000030517578,9.733333333333333,1.1333333333333333,210.74696568080358,239.84674944196428,272.44466727120533,308.877685546875,1100.3062744140625,1132.6983642578125,1157.3310546875,1173.699951171875,85.441357421875,87.95668131510416,89.86946614583333,91.14054361979167,13.170832633972168,12.398332595825195,13.69333267211914,11.091666221618652
CM201800000180,CMGE71FL,CM,2018.0,180.0,CM2018DHS,892.0228881835938,1013.2589721679688,1148.75830078125,223.85000610351562,178.51666259765625,281.04168701171875,168.1416778564453,79.23893737792969,61.557472229003906,96.91091918945312,57.6485710144043,0.0007740626636060696,0.0021410605668250025,0.0026736413776681646,26.681332397460938,26.20350036621094,26.3656005859375,27.4932861328125,8.416666984558105,7.741666793823242,7.441667079925537,7.941667079925537,2.0,3262.3,3247.0,3300.6,3204.9,3264.1,3390.3,3343.7,0.0,0.0,0.0,0.0,29.75068493150685,2995.8018973214284,-801.0,1.0516424179077148,0.0,0.10144187841658381,0.44389828788832464,23.205311584472657,23.242634582519532,23.543873596191407,24.043986511230468,0.6581731090806935,52.78761772260274,-1.0,3.820340927333048,0.14542204974448844,0.8578212790293236,0.49506083130836487,0.5061152577400208,0.32038554549217224,0.257854700088501,0.6502696871757507,0.6814518570899963,0.34673935174942017,0.2619466781616211,31.0,30.875,30.88333511352539,31.058334350585938,26.758333206176758,26.975000381469727,27.133333206176758,27.066667556762695,22.58333396911621,23.133333206176758,23.441667556762695,23.116666793823242,0.008973914281719696,19.729289245605468,20.281765747070313,20.722145080566406,20.594688415527344,2.825000047683716,2.9000000953674316,2.9000000953674316,2.9166667461395264,13955.718649517685,5725.93262987013,5048.752419354839,3005.4,2736.5,2956.0,2893.3,2672.7,3161.6,2104.8,0.04285422547222817,0.0,0.0,0.0,27.336199951171874,24.688201904296875,27.059201049804688,27.71920166015625,27.05579833984375,24.811199951171876,26.15780029296875,27.51960144042969,27.020199584960938,26.598800659179688,25.908001708984376,25.407000732421874,191.14246575342466,118.69589041095891,0.25314869350857205,0.288103273179796,0.3272597842746311,0.3710230509440104,7880.3095703125,8549.30078125,9273.828125,10063.572265625,25.28665721318493,27.425286279965754,29.740100599315067,32.26194349315068,17.586666107177734,15.996665954589844,16.883333206176758,15.099165916442871
CM201800000181,CMGE71FL,CM,2018.0,181.0,CM2018DHS,7707.078125,8754.5576171875,9925.2724609375,65.39167022705078,61.875,71.9000015258789,65.125,11.9984712600708,11.711356163024902,13.15243911743164,12.078824996948242,0.0031065690593841747,0.004214088504131024,0.006334859209182935,38.67236328125,37.015496826171876,37.46316833496094,37.69466552734375,14.191666603088379,13.841667175292969,13.333333969116211,13.475000381469727,2.0,1884.1,1925.6,2064.4,2148.2,2128.4,2093.5,2120.3,0.0,0.0,0.0,0.0,34.3048128342246,1731.0255208333333,5.0,0.0,0.0,0.022440348868068047,0.15232864779156152,29.900726318359375,29.146331787109375,29.5044189453125,29.5177490234375,8.71255859375,120.38008333333333,-1.0,0.8802240397135417,0.62039892578125,9.4319453125,0.20276188850402832,0.24208423495292664,0.28781527280807495,0.25856220722198486,0.1314028650522232,0.17459622025489807,0.2103734016418457,0.19114677608013153,34.72500228881836,35.53333282470703,35.45833206176758,34.991668701171875,27.616666793823242,28.600000381469727,28.766666412353516,28.21666717529297,20.533334732055664,21.691667556762695,22.125,21.516666412353516,0.013079945447844136,21.129090881347658,21.277166748046874,21.54566650390625,21.34083251953125,5.450000286102295,5.2833333015441895,5.4666666984558105,5.391666889190674,48294.64984227129,53685.95541401274,90627.70977917982,735.1818181818181,734.1818181818181,892.7272727272727,849.0909090909091,750.0909090909091,839.9090909090909,919.2727272727273,0.42546110026041667,0.0,0.0,0.0,30.920751571655273,24.94499969482422,24.92325210571289,26.552499771118164,24.49625015258789,25.58074951171875,27.142250061035156,29.671751022338867,29.002498626708984,26.870750427246094,27.397748947143555,25.609251022338867,92.33866666666667,28.448,3.526339737826554,4.0132543170262895,4.558701288132441,5.168319459945437,39256.91796875,44368.15234375,49770.71875,55416.296875,123.69821875,139.80367708333333,156.8270625,174.61621875,6.076666831970215,5.660833358764648,6.485833168029785,5.984166622161865
CM201800000182,CMGE71FL,CM,2018.0,182.0,CM2018DHS,169.9400177001953,193.03680419921875,218.8509063720703,81.01667022705078,73.73333740234375,80.75,72.0999984741211,16.791019439697266,16.02898597717285,16.73575210571289,15.152363777160645,0.013218823288168226,0.015561714768409729,0.020319287266050066,37.38818359375,35.36000061035156,35.72999954223633,36.311668395996094,13.791666984558105,13.425000190734863,12.75,13.066666603088379,2.0,2158,2191,2373,2579,2666,2693,2691,0.0,0.0,0.0,0.0,39.0,1835.7801513671875,4.0,0.0,0.0,0.0650437475409936,0.21694452636533754,29.562726974487305,28.560832977294922,28.462499618530273,28.934165954589844,1.6125990549723308,419.774609375,-1.0,10.623288981119792,0.7822008768717448,3.926438903808594,0.3659600615501404,0.3441585600376129,0.26024267077445984,0.2886333167552948,0.2915495038032532,0.2700304090976715,0.18372173607349396,0.22228273749351501,35.06666564941406,35.766666412353516,35.59166717529297,35.29999923706055,28.133333206176758,29.025001525878906,29.191667556762695,28.733333587646484,21.274999618530273,22.34166717529297,22.84166717529297,22.233333587646484,0.07035420735677084,21.737272262573242,21.761667251586914,21.19499969482422,21.55666732788086,4.825000286102295,4.599999904632568,4.824999809265137,4.758333206176758,35857.294642857145,49400.932291666664,42081.369791666664,853.0,910.0,954.0,901.0,851.0,900.0,814.0,0.3662511189778646,0.0,0.0,0.0,32.15999984741211,25.775999069213867,25.86400032043457,27.964000701904297,25.492000579833984,26.327999114990234,27.700000762939453,31.333999633789062,29.996000289916992,27.36699867248535,27.466999053955078,25.996999740600586,79.2,85.06666666666666,1.9916393756866455,2.2666432857513428,2.5747063159942627,2.9190120697021484,690.5415649414062,843.9697875976562,1023.7791748046875,1232.65380859375,54.21065673828125,66.25546468098959,80.37132161458334,96.76893717447916,6.926666259765625,6.669166564941406,7.420000076293945,6.742499828338623
CM201800000183,CMGE71FL,CM,2018.0,183.0,CM2018DHS,101431.2265625,115216.8984375,130624.421875,132.4250030517578,110.45833587646484,119.44166564941406,109.07500457763672,45.016998291015625,36.71745300292969,39.16120147705078,36.56145095825195,0.024344438258029684,0.04308701464054336,0.06280678228624988,27.357167561848957,25.635670979817707,26.710118611653645,27.072525024414062,10.925000190734863,10.925000190734863,10.241666793823242,10.908333778381348,1.0,4335.666666666667,4352.833333333333,4440.916666666667,4349.166666666667,4520.75,4561.166666666667,4532.916666666667,0.0,0.0,0.0,0.0,25.712365591397848,2108.6240234375,-807.0,0.0,0.0,0.08698992426254806,0.4211087523253789,22.73267364501953,22.280054728190105,22.857282002766926,23.038345336914062,0.3042677401217954,43.41352840147453,-1.0,2.759122874078418,0.36939073823412366,0.23982942391975956,0.5299824396769206,0.5132721583048503,0.38409150441487633,0.34643656412760415,0.5829364776611328,0.556266975402832,0.363405704498291,0.33468240102132163,29.64166831970215,30.116666793823242,29.875,30.0,24.15833282470703,24.633333206176758,24.733333587646484,24.525001525878906,18.71666717529297,19.191667556762695,19.633333206176758,19.09166717529297,0.23319164674673507,18.10818099975586,18.92444356282552,19.004445393880207,19.004165649414062,2.941666841506958,3.008333444595337,3.049999952316284,2.9833333492279053,118034.23492063492,57824.53846153846,200948.14057507986,1602.2,1530.4,1426.8,1654.6,1479.3,1544.4,1294.7,0.21810782179436158,0.0,0.0,0.0,24.783498764038086,22.753999710083008,23.29400062561035,24.279998779296875,23.380001068115234,22.657751083374023,23.48175048828125,24.922000885009766,24.18775177001953,23.878250122070312,23.535249710083008,23.421249389648438,116.21179624664879,35.916890080428956,40.24337145077285,45.800140709005376,52.024897093413976,58.98200184811828,3024.5380859375,3470.9658203125,3953.52685546875,4469.6513671875,9.453297796581769,10.8486229945124,12.356886467409517,13.970048592493297,12.125,11.640832901000977,11.769999504089355,10.929166793823242
CM201800000184,CMGE71FL,CM,2018.0,184.0,CM2018DHS,55620.140625,63179.55078125,71628.3203125,170.1750030517578,141.69166564941406,145.25833129882812,126.51667022705078,55.04312515258789,44.74473571777344,45.041343688964844,40.27055740356445,0.0011807533947727348,0.0025978043109555786,0.004821385763868501,27.298727416992186,26.12799987792969,27.075167846679687,26.995001220703124,11.116666793823242,10.441666603088379,9.983333587646484,10.633333206176758,2.0,3016.9,3013.9,3088.2,3032.3,3271.0,3195.7,3225.2,0.0,0.0,0.0,0.0,29.730458221024257,1964.4944010416666,4.0,0.0,0.0,0.07445724808549713,0.3199278200253003,21.889663696289062,21.1794189453125,21.934832763671874,22.048416137695312,284.99907094594596,2911.3408783783784,-0.9243243243243243,1354.9640202702703,14.092666543496621,336.47808277027025,0.37368665422712055,0.5900207247052874,0.3010294096810477,0.13923192875725882,0.32823004041399273,0.6306571960449219,0.23890297753470285,0.0914663416998727,27.70833396911621,27.84166717529297,27.70833396911621,27.766666412353516,22.116666793823242,22.58333396911621,22.700000762939453,22.416667938232422,16.59166717529297,17.399999618530273,17.725000381469727,17.133333206176758,0.0012142929347776995,16.48059997558594,16.230841064453124,16.794500732421874,17.101832580566406,3.0916666984558105,3.1666667461395264,3.2250001430511475,3.1416666507720947,112137.53354632588,52464.368253968256,173858.98734177215,1942.6363636363637,1919.0,1872.8181818181818,1935.0,2034.0,2064.818181818182,1844.4545454545455,1.3776393581081081,0.0,0.0,0.0,24.272750854492188,21.465999603271484,20.95574951171875,24.95924949645996,23.826000213623047,21.48550033569336,22.322250366210938,25.027999877929688,23.218000411987305,22.887001037597656,22.344749450683594,21.951000213623047,123.17837837837838,41.524324324324326,25.297388980263158,28.790435969480995,32.70338199013158,37.07668585526316,38601.76171875,41511.73828125,44317.2421875,46970.8515625,144.6331370881089,155.6284361568768,166.24693320200572,176.3103398101719,14.417499542236328,13.757499694824219,15.879999160766602,12.977499961853027
CM201800000185,CMGE71FL,CM,2018.0,185.0,CM2018DHS,73747.0234375,83770.0859375,94972.3515625,184.0749969482422,157.89166259765625,159.22500610351562,133.5166778564453,66.13472747802734,55.40058517456055,54.90517044067383,47.402366638183594,0.47620872656504315,0.7190095583597819,0.8073271910349528,28.950000762939453,27.424999237060547,28.30666732788086,28.545000076293945,10.141666412353516,9.466667175292969,9.091667175292969,9.675000190734863,2.0,2883.0,2822.0,2880.0,2722.0,2845.0,2712.0,2720.0,0.0,0.0,0.0,0.0,59.857142857142854,1964.494384765625,-807,0.0,0.0,0.05333288656412489,0.1617398037471105,22.712726593017578,21.9233341217041,22.684999465942383,22.858333587646484,5.2027231852213545,28584.047916666666,-1.0,21.440305582682292,70.43670247395833,2.590345764160156,0.22969013452529907,0.4035763144493103,0.15315039455890656,0.0702873170375824,0.16871802508831024,0.36263513565063477,0.09315566718578339,0.03950145095586777,26.59166717529297,26.641666412353516,26.58333396911621,26.649999618530273,21.491666793823242,21.875,22.008333206176758,21.80000114440918,16.450000762939453,17.17500114440918,17.491666793823242,16.975000381469727,1.554323741367885,16.475454330444336,16.421667098999023,17.06333351135254,17.171667098999023,2.7833333015441895,2.8500001430511475,2.9000000953674316,2.816666603088379,136156.88392857142,44330.4375,157414.48076923078,1802.0,1781.0,1679.0,1822.0,2014.0,1877.0,1727.0,2.404615275065104,3.0,3.0,3.0,23.841999053955078,21.01099967956543,21.631999969482422,24.815000534057617,23.77899932861328,21.211999893188477,22.14699935913086,24.726999282836914,23.04800033569336,22.777999877929688,21.898000717163086,21.64299964904785,3.0,0.0,918.6527099609375,1045.49951171875,1187.5948486328125,1346.4075927734375,10890.771484375,11934.189453125,12979.888671875,14012.126953125,847.5880208333333,928.793359375,1010.1763020833333,1090.5114583333334,15.770833015441895,15.239166259765625,15.21500015258789,14.119999885559082
CM201800000186,CMGE71FL,CM,2018.0,186.0,CM2018DHS,2275.94970703125,2585.27685546875,2930.99658203125,166.1750030517578,143.69166564941406,173.61666870117188,126.84166717529297,60.79573059082031,51.014793395996094,61.45722579956055,44.5058479309082,0.001260458668576011,0.0020248424026030527,0.0019346260571781594,24.19896952311198,24.350504557291668,24.43304697672526,24.253616333007812,8.25,8.25,7.575000286102295,8.233333587646484,-9999,3629.8333333333335,3665.6666666666665,3714.25,3662.4166666666665,4050.9166666666665,4131.916666666667,4152.166666666667,0.0,0.0,0.0,0.0,28.801075268817204,2694.5526041666667,6.0,0.0,0.0,0.0889929831869487,0.47503942373344094,20.864181518554688,21.088882446289062,21.164845784505207,21.19360097249349,0.13598271851898522,13.564491189936156,-1.0,2.3751929498487905,0.6868767276886971,0.7055687853085097,0.5663123726844788,0.5442731380462646,0.36686962842941284,0.3439090847969055,0.7351750731468201,0.700653076171875,0.38736987113952637,0.3745098114013672,28.950000762939453,29.200000762939453,28.96666717529297,29.241666793823242,24.791667938232422,25.041667938232422,25.15833282470703,25.09166717529297,20.700000762939453,20.950000762939453,21.391666412353516,21.008333206176758,0.0,17.529393513997395,17.82725779215495,17.896647135416668,18.133583068847656,2.7333333492279053,2.816666603088379,2.825000047683716,2.8500001430511475,102438.93333333333,57080.311111111114,102459.2715654952,2288.6,2105.7,1911.2,1949.2,1859.6,1866.4,1482.4,0.6380948302566364,0.0,0.0,0.0,24.414332071940105,22.150667826334637,24.189666748046875,24.501332600911457,24.186665852864582,22.260332743326824,23.44066619873047,24.499666849772137,24.338666280110676,23.649998982747395,23.093332926432293,22.671666463216145,157.63978494623655,113.07795698924731,0.8466167240352421,0.9635169060675652,1.0944696782709478,1.240829383933937,5637.52734375,6384.62158203125,7183.619140625,8030.236328125,17.63791057627688,19.97533654653898,22.475155409946236,25.123965683803764,15.840832710266113,14.191666603088379,15.560832977294922,12.85083293914795
CM201800000187,CMGE71FL,CM,2018.0,187.0,CM2018DHS,39977.76171875,45411.1953125,51483.86328125,108.9000015258789,121.73333740234375,132.88333129882812,133.15834045410156,31.3381290435791,34.78095245361328,37.344261169433594,37.95486831665039,0.25077024373141205,0.29785067384893243,0.3009070483121005,29.59363555908203,29.373332977294922,28.736665725708008,29.856666564941406,12.508333206176758,12.508333206176758,11.833333969116211,12.491666793823242,1,3274,3167,3307,3397,3583,3565,3652,0.0,0.0,0.0,0.0,48.214285714285715,1863.2640380859375,-807,0.0,0.0,0.0622144873332182,0.35752387731008417,22.780908584594727,23.138031005859375,22.85416603088379,23.7450008392334,0.800588862101237,79.74312337239583,-1.0,0.17583807309468588,0.1636451244354248,0.21045150756835937,0.39978229999542236,0.3898891806602478,0.28786003589630127,0.2577820122241974,0.3728550374507904,0.36146628856658936,0.23444098234176636,0.21287795901298523,29.183334350585938,29.866666793823242,29.616666793823242,29.650001525878906,22.90833282470703,23.59166717529297,23.67500114440918,23.383333206176758,16.674999237060547,17.358333587646484,17.78333282470703,17.15833282470703,0.7889294942220052,15.968181610107422,16.902727127075195,16.97166633605957,17.633333206176758,3.4750001430511475,3.5,3.558333396911621,3.508333444595337,47157.355769230766,59082.206730769234,142647.78846153847,1566,1452,1518,1519,1491,1649,1560,0.4694555918375651,3.0,3.0,3.0,24.422000885009766,21.67799949645996,22.89699935913086,24.882999420166016,23.20599937438965,21.58799934387207,22.43000030517578,25.22800064086914,23.204999923706055,22.246999740600586,22.195999145507812,21.667999267578125,3.3333333333333335,0.6,453.396484375,516.0011858258929,586.1316266741071,664.5128348214286,155.80816650390625,166.17889404296875,175.91566467285156,184.83712768554688,12.148841349283854,12.957478841145834,13.716685994466145,14.412318929036458,9.767499923706055,11.809999465942383,12.549166679382324,11.585832595825195
CM201800000188,CMGE71FL,CM,2018.0,188.0,CM2018DHS,243014.234375,276042.625,312956.8125,225.9166717529297,176.19166564941406,294.9916687011719,166.97500610351562,80.44510650634766,61.46220779418945,102.9040756225586,58.0782585144043,0.968900753901555,0.975556153517503,0.959632580096905,28.83888816833496,26.983999252319336,29.181110382080078,28.41857147216797,8.691666603088379,8.016666412353516,7.708333492279053,8.216667175292969,2.0,1460.0,1402.0,1379.0,1433.0,1464.0,1464.0,1466.0,0.0,0.0,0.0,0.0,96.0625,2697.871826171875,-807,0.0,0.0,0.05304054416991964,0.1902248762160872,24.182626724243164,23.551000595092773,25.15855598449707,24.975536346435547,0.0,0.0,-1.0,0.0,0.0,0.0,0.3528392016887665,0.37430283427238464,0.13954108953475952,0.11302486062049866,0.3794374465942383,0.42185595631599426,0.09518828243017197,0.0799097865819931,31.108333587646484,31.008333206176758,31.033334732055664,31.20833396911621,26.725000381469727,26.975000381469727,27.166667938232422,27.08333396911621,22.416667938232422,22.991666793823242,23.325000762939453,22.991666793823242,15.776174444901315,19.526363372802734,20.118000030517578,21.13599967956543,21.532499313354492,2.808333396911621,2.866666793823242,2.866666793823242,2.875,3927.3040865384614,5402.171875,3611.9368990384614,3221.0,3502.0,3751.0,3416.0,3241.0,3850.0,2643.0,0.0,3.0,3.0,3.0,27.347000122070312,24.865999221801758,26.996999740600586,27.70599937438965,27.152000427246094,24.9950008392334,26.191999435424805,27.571001052856445,26.895000457763672,26.59600067138672,25.867000579833984,25.38800048828125,4.0,0.0,1857.686767578125,2114.19482421875,2401.537841796875,2722.68701171875,18534.76953125,22951.69921875,28208.83203125,34412.0625,1349.487060546875,1671.07666015625,2053.83984375,2505.4873046875,17.16499900817871,15.934999465942383,16.543333053588867,15.129166603088379
CM201800000189,CMGE71FL,CM,2018.0,189.0,CM2018DHS,15809.025390625,17957.65234375,20359.0625,-9999,-9999,-9999,-9999,-9999,-9999,-9999,-9999,0.19467095895247025,0.20664394985545764,0.20927591757340866,26.530000686645508,26.00666618347168,26.188180923461914,25.742000579833984,-9999,-9999,-9999,-9999,2,1125,1109,1204,1272,1565,1564,1543,-9999,-9999,-9999,-9999,48.13333333333333,12504.837890625,5,0.0,0.0,0.10340796681025403,0.4724206142464791,22.947999954223633,23.177499771118164,23.325090408325195,23.012250900268555,0.5523111979166667,20.829215494791665,-1.0,2.122486368815104,0.0965768814086914,0.7257255554199219,0.4923364520072937,0.5677949786186218,0.2939104437828064,0.2354259341955185,0.5903525948524475,0.7433102130889893,0.2802373170852661,0.21187254786491394,-9999,-9999,-9999,-9999,-9999,-9999,-9999,-9999,-9999,-9999,-9999,-9999,0.27319024403889974,19.365999221801758,20.34833335876465,20.461999893188477,20.282499313354492,-9999,-9999,-9999,-9999,2770.5055803571427,31127.223958333332,2890.176339285714,2839,2390,2343,2336,2194,2073,1575,0.15588976786686823,2.0,2.0,3.0,27.038145065307617,24.843297958374023,26.87628746032715,27.32680320739746,26.761856079101562,25.05257797241211,25.94020652770996,27.3216495513916,26.705154418945312,26.405155181884766,25.476287841796875,25.197938919067383,124.4,3.066666666666667,162.21053641183036,184.60845075334822,209.69883510044642,237.7410888671875,176.86175537109375,208.08877563476562,243.00015258789062,281.655029296875,13.719650268554688,16.142017618815103,18.850189208984375,21.8487548828125,-9999,-9999,-9999,-9999
CM201800000190,CMGE71FL,CM,2018.0,190.0,CM2018DHS,77694.8203125,88254.4375,100056.375,61.5,62.82500076293945,70.7249984741211,62.95000076293945,11.031390190124512,11.580644607543945,12.648285865783691,11.393665313720703,0.5438288052876791,0.5753573973973592,0.598731517791748,37.917274475097656,36.90999984741211,37.003334045410156,37.29181671142578,14.666666984558105,14.308333396911621,13.883333206176758,13.941666603088379,2,1892.0,1992.0,2167.0,2226.0,2279.0,2263.0,2249.0,0.0,0.0,0.0,0.0,63.92857142857143,1731.0255126953125,5,0.0,0.0,0.023509065104693253,0.09139750909799353,29.71454620361328,29.33333396911621,29.80500030517578,29.530075073242188,7.941853114536831,46.587942940848215,-1.0,1.9130116871425085,0.3172483444213867,10.11590576171875,0.17752496898174286,0.2120402455329895,0.24430817365646362,0.23462536931037903,0.10961895436048508,0.14499303698539734,0.16639749705791473,0.16578461229801178,34.57500076293945,35.38333511352539,35.40833282470703,34.83333206176758,27.20833396911621,28.200000762939453,28.433334350585938,27.83333396911621,19.90833282470703,21.075000762939453,21.525001525878906,20.891666412353516,3.366805013020833,21.511817932128906,21.75666618347168,22.606666564941406,21.768333435058594,5.575000286102295,5.425000190734863,5.5916666984558105,5.525000095367432,64975.89772727273,56775.86538461538,108410.78571428571,688,666,814,806,743,815,896,1.7056311198643275,3.0,3.0,3.0,31.534000396728516,25.40399932861328,25.347999572753906,26.9689998626709,24.862998962402344,26.04400062561035,27.777999877929688,30.163000106811523,29.703001022338867,27.388999938964844,28.01300048828125,26.13300132751465,1.9285714285714286,0.21428571428571427,954.4227818080357,1086.208775111607,1233.8370535714287,1398.8335658482142,1516.0509033203125,1712.0078125,1918.8447265625,2134.666015625,128.0201416015625,144.56736537388392,162.03334263392858,180.25796944754464,5.612499713897705,5.488333225250244,6.087499618530273,5.531666278839111
CM201800000191,CMGE71FL,CM,2018.0,191.0,CM2018DHS,100402.78125,114048.671875,129299.96875,225.9166717529297,176.19166564941406,294.9916687011719,166.97500610351562,80.44510650634766,61.46220779418945,102.9040756225586,58.0782585144043,0.9675397005948153,0.9701008363203569,0.9411634965376421,28.83888816833496,26.983999252319336,29.181110382080078,28.41857147216797,8.691666603088379,8.016666412353516,7.708333492279053,8.216667175292969,2.0,1460,1402,1379,1433,1464,1464,1466,0.0,0.0,0.0,0.0,96.0,2697.871826171875,-807.0,0.0,0.0,0.0533132199080337,0.2021994392391353,24.182626724243164,23.551000595092773,25.15855598449707,24.975536346435547,0.4588892459869385,339.8271077473958,-1.0,2.3335631688435874,0.10308042168617249,0.22754518191019693,0.34999969601631165,0.3730185627937317,0.13481253385543823,0.10740933567285538,0.37443962693214417,0.42034226655960083,0.09065529704093933,0.07472863793373108,31.108333587646484,31.008333206176758,31.033334732055664,31.20833396911621,26.725000381469727,26.975000381469727,27.166667938232422,27.08333396911621,22.416667938232422,22.991666793823242,23.325000762939453,22.991666793823242,14.99066162109375,19.526363372802734,20.118000030517578,21.13599967956543,21.532499313354492,2.808333396911621,2.866666793823242,2.866666793823242,2.875,1597.6177978515625,6730.7734375,1190.166015625,3044.0,3302.0,3542.0,3182.0,3122.0,3773.0,2524.0,0.0,3.0,3.0,3.0,27.347000122070312,24.865999221801758,26.996999740600586,27.70599937438965,27.152000427246094,24.9950008392334,26.191999435424805,27.571001052856445,26.895000457763672,26.59600067138672,25.867000579833984,25.38800048828125,3.230769230769231,0.0,1283.5153245192307,1460.7421875,1659.2737379807693,1881.1622596153845,14789.751953125,18314.22265625,22509.1328125,27458.978515625,1349.487079326923,1671.0766225961538,2053.83984375,2505.4872295673076,17.16499900817871,15.934999465942383,16.543333053588867,15.129166603088379
CM201800000192,CMGE71FL,CM,2018.0,192.0,CM2018DHS,33377.0078125,37913.3203125,42983.328125,131.80833435058594,115.51667022705078,136.3333282470703,102.68333435058594,47.785499572753906,40.179710388183594,47.4202880859375,35.7159423828125,0.6117254403921274,0.6158392979548528,0.6174071385310247,31.790000915527344,30.392221450805664,30.657272338867188,32.29600143432617,9.175000190734863,9.175000190734863,8.5,9.158333778381348,-9999,3285,3223,3079,3058,3147,3115,3088,0.0,0.0,0.0,0.0,77.4,2392.42236328125,-807,0.0,0.0,0.03979076072530619,0.13248696862315865,25.086362838745117,24.589445114135742,24.85272789001465,25.937166213989258,0.0,0.0,-1.0,0.0,0.0,0.0,0.42407938838005066,0.32946303486824036,0.13861267268657684,0.1794799417257309,0.4702186584472656,0.33099299669265747,0.09163740277290344,0.14466910064220428,28.700000762939453,29.0,28.80000114440918,29.016666412353516,24.08333396911621,24.383333206176758,24.516666412353516,24.40833282470703,19.525001525878906,19.825000762939453,20.30000114440918,19.858333587646484,16.494483684671337,18.382726669311523,18.786666870117188,19.048181533813477,19.578332901000977,2.758333444595337,2.875,2.875,2.875,176940.625,31091.223214285714,56830.21590909091,1918.0,1602.0,1446.0,1726.0,1600.0,1634.0,1257.0,1.62742919921875,3.0,3.0,3.0,24.781999588012695,22.795000076293945,23.84600067138672,25.30299949645996,24.42099952697754,22.527000427246094,23.399999618530273,24.98699951171875,24.201000213623047,23.722999572753906,23.39299964904785,23.132999420166016,7.4,0.13333333333333333,346.95233154296875,394.8592224121094,448.52508544921875,508.50469970703125,1100.3333740234375,1132.726318359375,1157.3594970703125,1173.728759765625,85.441357421875,87.95668131510416,89.86946614583333,91.14054361979167,13.170832633972168,12.398332595825195,13.69333267211914,11.091666221618652
CM201800000193,CMGE71FL,CM,2018.0,193.0,CM2018DHS,20290.41796875,23048.1171875,26130.2578125,109.375,120.375,127.35000610351562,125.28334045410156,32.32758712768555,35.1459846496582,37.1824836730957,36.7579460144043,0.03423499602537889,0.13190546402564415,0.20564565291771522,29.670000076293945,29.198333740234375,29.28333282470703,29.921667098999023,13.516667366027832,12.983333587646484,12.5,12.783333778381348,1.0,2973.0,3035.0,3226.0,3168.0,3234.0,3187.0,3079.0,0.0,0.0,0.0,0.0,56.5,2024.000732421875,-807,0.0,0.0,0.08353560556703363,0.3011572446272257,22.51099967956543,22.774999618530273,22.954166412353516,23.351667404174805,1.550110936164856,87.63128662109375,-1.0,0.15920357406139374,0.4938603341579437,0.2576600909233093,0.38567495346069336,0.3913494646549225,0.19167150557041168,0.20601007342338562,0.34528398513793945,0.3645181357860565,0.12844614684581757,0.15240076184272766,28.850000381469727,29.299999237060547,29.15833282470703,28.975000381469727,22.066667556762695,22.78333282470703,22.883333206176758,22.558334350585938,15.333333969116211,16.316667556762695,16.65833282470703,16.191667556762695,2.2565317789713544,15.35200023651123,16.351667404174805,16.625,16.781665802001953,3.383333444595337,3.424999952316284,3.424999952316284,3.4083333015441895,164620.88461538462,69531.27403846153,114046.40384615384,1449,1540,1803,1577,1536,1676,1498,0.40393948554992676,2.0,3.0,3.0,23.892000198364258,21.110000610351562,20.631999969482422,22.768999099731445,21.099000930786133,21.0260009765625,21.68600082397461,24.041000366210938,22.625999450683594,21.06800079345703,21.694000244140625,21.18000030517578,3.5,0.0625,206.93040364583334,235.503173828125,267.5107421875,303.283984375,220.61215209960938,257.7353515625,298.855712890625,343.9573974609375,16.153705596923828,18.8719482421875,21.88287353515625,25.185317993164062,10.146666526794434,11.72249984741211,12.706665992736816,11.679166793823242
CM201800000194,CMGE71FL,CM,2018.0,194.0,CM2018DHS,86050.328125,97745.546875,110816.703125,145.14166259765625,128.14166259765625,147.22500610351562,108.97500610351562,56.91830062866211,49.285255432128906,56.08571243286133,41.514286041259766,0.09069830721074884,0.16467959230596368,0.16327225078235974,24.934444427490234,24.577272415161133,25.577999114990234,25.41666603088379,8.449999809265137,8.449999809265137,7.775000095367432,8.433333396911621,-9999,3784,3733,3701,3799,4092,4038,4045,0.0,0.0,0.0,0.0,48.75,5769.095703125,6,0.0,0.0,0.08392114997316384,0.46010100013274763,21.680404663085938,21.631969451904297,22.119455337524414,22.3266658782959,0.5515493154525757,308.62628173828125,-1.0,11.363329887390137,1.91874361038208,1.7994108200073242,0.48980310559272766,0.4622350335121155,0.2554944157600403,0.24457071721553802,0.5866667628288269,0.5406492948532104,0.22689393162727356,0.2283463031053543,28.100000381469727,28.350000381469727,28.166667938232422,28.42500114440918,23.850000381469727,24.100000381469727,24.258333206176758,24.183334350585938,19.649999618530273,19.899999618530273,20.391666412353516,19.991666793823242,2.0925861227101294,18.426362991333008,18.68666648864746,18.66090965270996,19.236665725708008,2.549999952316284,2.6000001430511475,2.625,2.625,74753.45833333333,47706.5,132547.33333333334,2077,1791,1808,1695,1619,1664,1386,0.655163049697876,3.0,2.0,3.0,24.694000244140625,22.7549991607666,24.341999053955078,24.764999389648438,24.41900062561035,22.773000717163086,23.819000244140625,24.822999954223633,24.607999801635742,23.951000213623047,23.535999298095703,23.243999481201172,3.0625,0.1875,770.933349609375,877.38330078125,996.6297607421875,1129.9052734375,296.545654296875,327.5167541503906,359.01983642578125,390.6226806640625,21.565446853637695,23.817731857299805,26.10870361328125,28.406930923461914,14.182499885559082,13.089166641235352,14.747499465942383,11.53416633605957
CM201800000195,CMGE71FL,CM,2018.0,195.0,CM2018DHS,108870.875,123667.6796875,140205.3125,184.0749969482422,157.89166259765625,159.22500610351562,133.5166778564453,66.13472747802734,55.40058517456055,54.90517044067383,47.402366638183594,0.018976560415932164,0.02202725029601076,0.025249545185710674,24.74407196044922,24.301493326822918,24.798924763997395,24.517173767089844,10.141666412353516,9.466667175292969,9.091667175292969,9.675000190734863,2.0,3905.5833333333335,3924.1666666666665,3957.3333333333335,3911.75,4242.416666666667,4311.083333333333,4239.583333333333,0.0,0.0,0.0,0.0,27.907356948228884,1964.494419642857,-801.0,0.0,0.0,0.0773964732807831,0.35605749658906544,20.246256510416668,20.212320963541668,20.588724772135418,20.539082845052082,0.8385600160188181,152.51482672002726,-1.0,7.5389953114356265,4.237298035166893,1.195744569035252,0.36939929326375326,0.48037242889404297,0.200910218556722,0.13650086720784504,0.3236734708150228,0.4685625394185384,0.13777527809143067,0.09033427238464356,26.59166717529297,26.641666412353516,26.58333396911621,26.649999618530273,21.491666793823242,21.875,22.008333206176758,21.80000114440918,16.450000762939453,17.17500114440918,17.491666793823242,16.975000381469727,0.05322962221891984,15.74843978881836,16.123149871826172,16.378522237141926,16.560994466145832,2.7833333015441895,2.8500001430511475,2.9000000953674316,2.816666603088379,119437.02857142857,18089.535256410258,119728.3670886076,2239.9166666666665,2287.8333333333335,2223.25,2171.0833333333335,2511.4166666666665,2270.1666666666665,1955.0,4.84399347539169,0.0,0.0,0.0,24.185001373291016,21.375,23.32925033569336,24.535999298095703,23.91900062561035,21.471500396728516,22.714250564575195,24.62874984741211,23.636001586914062,23.54024887084961,22.752248764038086,22.109498977661133,141.39782016348775,44.63215258855586,45.63798881489071,51.939655908469945,58.99883666325137,66.8885438012295,42481.22265625,42274.53125,41754.296875,40933.71875,135.0449165531335,134.38786827316076,132.73407697547685,130.12551089918256,15.770833015441895,15.239166259765625,15.21500015258789,14.119999885559082
CM201800000196,CMGE71FL,CM,2018.0,196.0,CM2018DHS,44691.0859375,50765.11328125,57553.7421875,131.80833435058594,115.51667022705078,136.3333282470703,102.68333435058594,47.785499572753906,40.179710388183594,47.4202880859375,35.7159423828125,0.09512064673683861,0.4611967693675648,0.5700417865406383,26.639999389648438,25.209999084472656,26.29599952697754,27.50749969482422,9.175000190734863,9.175000190734863,8.5,9.158333778381348,-9999,4004.0,4039.0,4194.0,3874.0,3949.0,3826.0,3796.0,0.0,0.0,0.0,0.0,50.733333333333334,2392.42236328125,-807.0,0.0,0.0,0.0845612442749179,0.39676980493723457,22.405000686645508,21.815834045410156,22.46209144592285,23.237083435058594,0.5085249900817871,5192.415625,-1.0,7.778660583496094,63.141422526041666,2.4598665873209637,0.5578960180282593,0.46986517310142517,0.23179461061954498,0.26592591404914856,0.715686023235321,0.55844646692276,0.19461271166801453,0.25512459874153137,28.700000762939453,29.0,28.80000114440918,29.016666412353516,24.08333396911621,24.383333206176758,24.516666412353516,24.40833282470703,19.525001525878906,19.825000762939453,20.30000114440918,19.858333587646484,8.522585042317708,18.170000076293945,18.421667098999023,18.62818145751953,18.96666717529297,2.758333444595337,2.875,2.875,2.875,163401.0,18265.533854166668,67522.5625,1956.0,1684.0,1522.0,1815.0,1610.0,1635.0,1292.0,0.6921204249064128,1.0,3.0,3.0,24.545000076293945,22.517000198364258,23.660999298095703,24.98900032043457,24.08300018310547,22.27899932861328,23.239999771118164,24.75,23.996000289916992,23.496999740600586,23.155000686645508,22.913000106811523,9.866666666666667,0.0,320.58607700892856,364.85232979910717,414.43997628348217,469.8615025111607,73671.03125,94958.9453125,121483.640625,154260.578125,5719.7734375,7372.553645833334,9431.914583333333,11976.69375,13.170832633972168,12.398332595825195,13.69333267211914,11.091666221618652
CM201800000197,CMGE71FL,CM,2018.0,197.0,CM2018DHS,20506.5390625,23293.61328125,26408.58203125,131.80833435058594,115.51667022705078,136.3333282470703,102.68333435058594,47.785499572753906,40.179710388183594,47.4202880859375,35.7159423828125,0.8593154634748187,0.902838911328997,0.9014173235212054,31.790000915527344,30.392221450805664,30.657272338867188,32.29600143432617,9.175000190734863,9.175000190734863,8.5,9.158333778381348,-9999,3285,3223,3079,3058,3147,3115,3088,0.0,0.0,0.0,0.0,87.0,2392.42236328125,-807.0,0.0,0.0,0.06752034310836967,0.28049537025505233,25.086362838745117,24.589445114135742,24.85272789001465,25.937166213989258,0.0,0.0,-1.0,0.0,0.0,0.0,0.46349212527275085,0.3653032183647156,0.15986847877502441,0.19314710795879364,0.5373510122299194,0.3845657408237457,0.11160854995250702,0.16009853780269623,28.700000762939453,29.0,28.80000114440918,29.016666412353516,24.08333396911621,24.383333206176758,24.516666412353516,24.40833282470703,19.525001525878906,19.825000762939453,20.30000114440918,19.858333587646484,11.987948713631466,18.382726669311523,18.786666870117188,19.048181533813477,19.578332901000977,2.758333444595337,2.875,2.875,2.875,175795.5,29291.201923076922,59937.08522727273,1918,1602,1446,1726,1600,1634,1257,0.8254038946969169,3.0,3.0,3.0,24.781999588012695,22.795000076293945,23.84600067138672,25.30299949645996,24.42099952697754,22.527000427246094,23.399999618530273,24.98699951171875,24.201000213623047,23.722999572753906,23.39299964904785,23.132999420166016,6.714285714285714,0.0,237.95784505208334,270.81487630208335,307.62171223958336,348.75885416666665,624.7920532226562,661.0291137695312,694.6375122070312,725.03857421875,51.980355398995535,54.99513898577009,57.791224888392854,60.32047816685268,13.170832633972168,12.398332595825195,13.69333267211914,11.091666221618652
CM201800000199,CMGE71FL,CM,2018.0,199.0,CM2018DHS,35150.78125,39928.17578125,45267.6171875,170.1750030517578,141.69166564941406,145.25833129882812,126.51667022705078,55.04312515258789,44.74473571777344,45.041343688964844,40.27055740356445,0.0130087296674206,0.022137572051613194,0.02982035108432648,28.816909790039062,27.51383056640625,27.85250244140625,27.917498779296874,11.116666793823242,10.441666603088379,9.983333587646484,10.633333206176758,2.0,3045.1,3033.5,3087.6,3098.2,3344.6,3335.6,3463.0,0.0,0.0,0.0,0.0,26.295698924731184,1964.494419642857,-807.0,0.0,0.0,0.07762184664858403,0.31131862068019345,22.373208618164064,21.860385131835937,22.242916870117188,22.247833251953125,1.4640303866239892,82.15627105795149,-1.0,3.4889198981848044,0.35073334316037735,0.7885650058962265,0.38030165433883667,0.5428064465522766,0.3573138415813446,0.19200122356414795,0.33713626861572266,0.5561193227767944,0.3046480417251587,0.13874788582324982,27.70833396911621,27.84166717529297,27.70833396911621,27.766666412353516,22.116666793823242,22.58333396911621,22.700000762939453,22.416667938232422,16.59166717529297,17.399999618530273,17.725000381469727,17.133333206176758,0.031578630734654584,15.929507446289062,16.206939697265625,16.633332824707033,16.578166198730468,3.0916666984558105,3.1666667461395264,3.2250001430511475,3.1416666507720947,97509.39047619047,66491.6357827476,163207.51592356688,1990.1666666666667,1919.8333333333333,1965.5833333333333,1986.4166666666667,2047.9166666666667,2101.4166666666665,1924.6666666666667,1.7529996064795317,0.0,0.0,1.0,23.690999348958332,21.02666727701823,19.207998911539715,24.273333231608074,23.371665954589844,20.894999186197918,21.728668212890625,24.294667561848957,22.603001912434895,22.21100107828776,21.955332438151043,21.29866663614909,101.67924528301887,18.8544474393531,14.516593665768195,16.521034261287063,18.766431782766173,21.275997357227087,17639.8671875,19537.390625,21477.361328125,23434.25,55.52504843328841,61.497894204851754,67.60434214959568,73.76404038915095,14.417499542236328,13.757499694824219,15.879999160766602,12.977499961853027
CM201800000200,CMGE71FL,CM,2018.0,200.0,CM2018DHS,1995.4178466796875,2249.7333984375,2536.069091796875,111.55000305175781,125.08333587646484,136.36666870117188,132.73333740234375,32.728607177734375,35.99520492553711,39.054893493652344,38.47343063354492,0.00037272241168890516,0.0004606508789732814,0.0012239964244464717,27.076544189453124,25.629998779296876,25.84033203125,26.189999389648438,12.058333396911621,12.058333396911621,11.383333206176758,12.041666984558105,1.0,3405.2,3371.7,3590.5,3710.1,3853.8,4060.7,4020.5,0.0,0.0,0.0,0.0,28.8551912568306,1778.993443080357,5.0,0.0,0.0,0.12578010837036374,0.43217798972959,21.808453369140626,21.163531494140624,21.410333251953126,21.725418090820312,4.43023514877903,7.114293833247951,-1.0,3.627803614882172,0.739931033608692,0.27187597556192367,0.48285348074776785,0.47206292833600727,0.4207929883684431,0.36204678671700613,0.5011287416730609,0.5005439349583217,0.41615561076572966,0.3499617576599121,29.416667938232422,30.058334350585938,29.791667938232422,29.808334350585938,23.366666793823242,24.008333206176758,24.066667556762695,23.766666412353516,17.358333587646484,18.0,18.40833282470703,17.766666412353516,0.0,16.540364074707032,16.697061157226564,16.980332946777345,17.260833740234375,3.4083333015441895,3.4750001430511475,3.491666793823242,3.450000047683716,4641.294303797468,100061.67948717948,158770.74760383388,1586.25,1450.0833333333333,1399.0833333333333,1408.5833333333333,1489.4166666666667,1552.3333333333333,1457.25,0.7537001312756147,0.0,0.0,0.0,24.18800099690755,22.058001200358074,23.149998982747395,24.41033426920573,23.094332377115887,21.93999989827474,22.720667521158855,24.816665649414062,23.497334798177082,23.088666280110676,22.658665974934895,22.231000264485676,241.7295081967213,55.49726775956284,0.8560564218323088,0.9636080382300205,1.0852516049244365,1.2223655825755635,2972.37158203125,3308.0673828125,3667.43994140625,4048.8720703125,9.490162333504099,10.561949683017419,11.709325905054644,12.927131360997267,9.991666793823242,12.03833293914795,12.734166145324707,11.636666297912598
CM201800000201,CMGE71FL,CM,2018.0,201.0,CM2018DHS,261.1558532714844,297.220458984375,337.9584655761719,84.51667022705078,71.13333129882812,81.94166564941406,67.9000015258789,18.273874282836914,16.0150089263916,17.717117309570312,14.841529846191406,0.006083528009744791,0.010675384448124813,0.01592287650475135,35.46454620361328,34.30666732788086,34.459999084472656,35.25833511352539,13.608333587646484,13.233333587646484,12.558333396911621,12.908333778381348,2.0,2675.0,2719.0,2828.0,2857.0,2957.0,2854.0,2819.0,0.0,0.0,0.0,0.0,37.25,1604.6885986328125,5.0,0.0,0.0,0.0720855015788729,0.21229614868975605,27.945453643798828,27.704999923706055,27.912500381469727,28.364166259765625,10.472831726074219,175.27691650390625,-1.0,21.995145797729492,1.8570564985275269,7.346926212310791,0.5020686984062195,0.4938562214374542,0.328875869512558,0.3842563033103943,0.4604194164276123,0.452696830034256,0.2566589415073395,0.3280995488166809,34.59166717529297,35.349998474121094,35.19166564941406,34.85000228881836,27.758333206176758,28.70833396911621,28.891666412353516,28.383333206176758,20.983333587646484,22.116666793823242,22.633333206176758,21.941667556762695,0.0,20.426362991333008,21.10333251953125,21.364999771118164,21.469999313354492,4.625,4.441666603088379,4.625,4.575000286102295,1021.3397042410714,6143.393229166667,147609.55681818182,947,1018,1130,1042,1002,1044,891,0.39202064275741577,0.0,0.0,0.0,31.825000762939453,25.93199920654297,25.177000045776367,27.354999542236328,24.996000289916992,26.628000259399414,27.953001022338867,30.554000854492188,30.200000762939453,26.79199981689453,27.4060001373291,26.291000366210938,174.3125,84.1875,2.855674235026042,3.248604329427083,3.695110066731771,4.197907002766927,196.04180908203125,215.1197052001953,236.51487731933594,259.8138427734375,14.417699813842773,15.820765495300293,17.39425277709961,19.10775375366211,6.209166526794434,5.561666488647461,6.624166488647461,5.803333282470703
CM201800000202,CMGE71FL,CM,2018.0,202.0,CM2018DHS,185024.3125,210171.21875,238276.65625,225.9166717529297,176.19166564941406,294.9916687011719,166.97500610351562,80.44510650634766,61.46220779418945,102.9040756225586,58.0782585144043,0.79531462987264,0.8477787971496582,0.8492721716562907,26.745555877685547,28.1522216796875,27.83222198486328,30.078571319580078,8.691666603088379,8.016666412353516,7.708333492279053,8.216667175292969,2.0,2201,2194,2227,2134,2153,2143,2147,0.0,0.0,0.0,0.0,92.375,2697.871826171875,-807,0.0,0.0,0.05895296304481696,0.21522743710718628,23.052322387695312,23.87656593322754,24.494112014770508,25.619840621948242,0.0,0.0,-1.0,0.0,0.0,0.0,0.36787039041519165,0.39119258522987366,0.1364738643169403,0.11344294250011444,0.4039333164691925,0.4526315927505493,0.09236620366573334,0.08096067607402802,31.108333587646484,31.008333206176758,31.033334732055664,31.20833396911621,26.725000381469727,26.975000381469727,27.166667938232422,27.08333396911621,22.416667938232422,22.991666793823242,23.325000762939453,22.991666793823242,8.332300018845944,19.35909080505371,19.600908279418945,21.1560001373291,21.16111183166504,2.808333396911621,2.866666793823242,2.866666793823242,2.875,4681.699776785715,9460.33203125,5036.5234375,2955.0,2745.0,3350.0,2990.0,2966.0,3420.0,2282.0,0.0,3.0,3.0,3.0,27.583999633789062,25.110000610351562,27.170000076293945,27.94499969482422,27.30500030517578,25.15999984741211,26.423999786376953,27.814998626708984,27.131000518798828,26.746999740600586,26.05500030517578,25.566999435424805,9.6875,0.0,1617.8700520833333,1841.2643229166667,2091.5130208333335,2371.2033854166666,18534.197265625,22950.98828125,28207.958984375,34411.0,1349.487060546875,1671.07666015625,2053.83984375,2505.4873046875,17.16499900817871,15.934999465942383,16.543333053588867,15.129166603088379
CM201800000203,CMGE71FL,CM,2018.0,203.0,CM2018DHS,4473.580078125,5081.59033203125,5761.1328125,91.73333740234375,82.98333740234375,92.25833129882812,83.39167022705078,20.38518524169922,19.26112174987793,20.539888381958008,18.881132125854492,0.00019837640037265004,0.0003433310297093814,0.0012359949229638787,35.085818481445315,33.75233154296875,34.67049865722656,35.48566589355469,13.883333206176758,13.475000381469727,12.666666984558105,13.091667175292969,2.0,2676.0,2644.3,2809.0,2951.0,3026.9,2943.4,2954.7,0.0,0.0,0.0,0.0,23.818181818181817,1885.132533482143,4.0,0.0,0.0,0.08294093715115287,0.2748738013221908,27.282818603515626,27.018917846679688,27.604833984375,28.169418334960938,0.7757950846354167,135.01647916666667,-1.0,2.1105205078125,0.6866647135416667,1.2261848958333332,0.523404598236084,0.478837788105011,0.3858303129673004,0.38911569118499756,0.4877195656299591,0.43343132734298706,0.3225335478782654,0.3432724177837372,34.50833511352539,35.13333511352539,34.875,34.66666793823242,27.53333282470703,28.366666793823242,28.5,28.09166717529297,20.625,21.65833282470703,22.20833396911621,21.575000762939453,0.0,19.479818725585936,20.285501098632814,20.539166259765626,20.853164672851562,4.5,4.308333396911621,4.491666793823242,4.4166669845581055,89683.15112540193,9932.190063091482,133395.78205128206,1118.888888888889,1253.5555555555557,1334.111111111111,1247.3333333333333,1167.4444444444443,1276.3333333333333,1030.111111111111,1.03939013671875,0.0,0.0,0.0,30.504501342773438,25.002500534057617,24.111000061035156,26.28125,24.20024871826172,25.719249725341797,26.643999099731445,29.23925018310547,28.66400146484375,25.417499542236328,26.16925048828125,25.283000946044922,194.432,97.16533333333334,1.9905628491473455,2.265418268019153,2.5733143796202955,2.9174342001638105,11246.716796875,13758.2451171875,16704.9765625,20132.029296875,35.241083333333336,43.110838541666666,52.34429166666666,63.082791666666665,7.522500038146973,7.2191667556762695,8.206666946411133,7.418333053588867
CM201800000204,CMGE71FL,CM,2018.0,204.0,CM2018DHS,15843.642578125,17996.974609375,20403.64453125,214.2166748046875,183.73333740234375,187.99166870117188,158.0,77.4277114868164,65.03834533691406,65.19942474365234,55.764705657958984,0.09852186838785808,0.10728198289871216,0.11214407285054524,27.55666732788086,26.10454559326172,26.688180923461914,26.148000717163086,9.291666984558105,8.616666793823242,8.216667175292969,8.824999809265137,2,3604,3676,3761,4069,4367,4372,4269,0.0,0.0,0.0,0.0,48.3125,2697.871826171875,4,4.149010181427002,0.0,0.0899214262152201,0.39783266966743014,23.51424217224121,22.2318172454834,22.36742401123047,21.858091354370117,0.4858081638813019,842.3223876953125,-1.0,11.944257736206055,3.9033470153808594,1.936262845993042,0.4019116759300232,0.4699743390083313,0.23488947749137878,0.1688830703496933,0.45747116208076477,0.5865576863288879,0.2070169895887375,0.13672351837158203,29.91666603088379,29.891666412353516,29.84166717529297,30.008333206176758,25.241666793823242,25.558334350585938,25.71666717529297,25.575000762939453,20.625,21.275001525878906,21.625,21.183334350585938,0.06220735165110806,19.471818923950195,18.35909080505371,18.046667098999023,17.56818199157715,2.7666666507720947,2.825000047683716,2.883333444595337,2.8333334922790527,66147.70192307692,29869.745535714286,66362.98863636363,2807,2677,2728,2639,2894,2806,2185,0.3071252107620239,0.0,0.0,1.0,26.97599983215332,24.670000076293945,26.46299934387207,26.899999618530273,26.42099952697754,24.760000228881836,25.854000091552734,27.197999954223633,26.38599967956543,26.167999267578125,25.770999908447266,25.183000564575195,15.5,48.125,131.09547526041666,149.19703776041666,169.47464192708333,192.137841796875,1334.34326171875,1348.635009765625,1352.8956298828125,1347.0703125,97.24024963378906,98.28176879882812,98.59226989746094,98.1677474975586,16.11083221435547,15.800832748413086,15.84999942779541,14.629166603088379
CM201800000205,CMGE71FL,CM,2018.0,205.0,CM2018DHS,48254.328125,54812.640625,62142.53125,166.60833740234375,149.3416748046875,166.20834350585938,142.31666564941406,53.744625091552734,46.913612365722656,51.27249526977539,43.902313232421875,0.0016924380501614341,0.0044979415362394306,0.007682901394518116,23.0898193359375,22.021908569335938,22.348666381835937,22.674334716796874,10.774999618530273,10.100000381469727,9.699999809265137,10.308333396911621,2.0,3815.5,3823.7,3869.3,3787.3,4087.9,4222.0,4264.7,0.0,0.0,0.0,0.0,26.230978260869566,1764.624755859375,3.0,0.0,0.0,0.10222533343215787,0.3369810271277741,17.266787719726562,16.74195556640625,17.17931213378906,17.20948486328125,7.93266893469769,163.07283882472825,-1.0,8.897019096042799,22.79422660495924,2.705841893735139,0.2724435879633977,0.5566167831420898,0.20017435000492975,0.09144543684445895,0.21601071724524865,0.5784581991342398,0.1367478187267597,0.056267183560591474,27.766666412353516,27.96666717529297,27.891666412353516,27.883333206176758,22.34166717529297,22.875,23.016666412353516,22.71666717529297,16.991666793823242,17.866666793823242,18.191667556762695,17.575000762939453,0.0001829127510952901,11.443758392333985,11.462000274658203,12.009954071044922,11.744636535644531,3.1000001430511475,3.183333396911621,3.241666793823242,3.241666793823242,71570.67515923567,6692.148734177215,223820.83067092652,1905.3333333333333,2014.7777777777778,1983.4444444444443,2030.888888888889,1988.111111111111,2047.6666666666667,1973.0,7.334293531334919,0.0,0.0,0.0,19.643999099731445,16.57724952697754,18.048500061035156,20.428001403808594,19.420000076293945,16.73525047302246,17.899499893188477,20.484500885009766,18.993999481201172,18.70775032043457,17.658748626708984,17.04400062561035,441.0516304347826,56.22282608695652,18.66677371125337,21.244268288830863,24.131606932277627,27.358637971698112,37510.35546875,40259.6953125,42955.3828125,45559.21875,119.84060801630434,128.6045983355978,137.1952488111413,145.4908288043478,13.792499542236328,13.801666259765625,16.316665649414062,13.450833320617676
CM201800000206,CMGE71FL,CM,2018.0,206.0,CM2018DHS,1456.9512939453125,1654.9676513671875,1876.2802734375,135.5,106.9000015258789,111.80833435058594,109.44166564941406,48.106510162353516,36.968299865722656,37.794368743896484,37.84726333618164,0.09611077109972636,0.1407380004723867,0.16359599431355795,28.51545524597168,27.036666870117188,27.953332901000977,27.834999084472656,10.808333396911621,10.808333396911621,10.133333206176758,10.791666984558105,1.0,3990,3992,4004,4196,4403,4463,4623,0.0,0.0,0.0,0.0,35.125,1806.5487060546875,-807,0.0,0.0,0.0705844473244915,0.4123011940453141,23.180908203125,23.135833740234375,23.633333206176758,23.46500015258789,0.3229883015155792,25.26142120361328,-1.0,2.401658773422241,0.4676913619041443,0.18161937594413757,0.43537813425064087,0.4120848476886749,0.2837611138820648,0.2561185956001282,0.4292061924934387,0.41003087162971497,0.23542916774749756,0.217771515250206,29.808334350585938,30.241666793823242,30.024999618530273,30.166667938232422,24.366666793823242,24.80000114440918,24.916667938232422,24.733333587646484,19.0,19.433334350585938,19.891666412353516,19.375,0.2010565790636786,17.846363067626953,19.235000610351562,19.31333351135254,19.094999313354492,2.816666603088379,2.8916666507720947,2.9583332538604736,2.8916666507720947,46634.3125,121007.14772727272,254848.82142857142,1613,1354,1630,1684,1455,1541,1370,0.14808398485183716,0.0,0.0,2.0,25.35300064086914,23.101999282836914,23.168001174926758,25.114999771118164,23.742000579833984,23.038000106811523,23.714000701904297,25.565000534057617,24.673999786376953,23.902000427246094,23.788999557495117,23.527000427246094,149.5,122.1875,59.87412109375,68.14149983723958,77.40270182291667,87.75348307291667,151.58840942382812,163.0109100341797,173.98458862304688,184.3143768310547,11.042750358581543,11.874845504760742,12.674243927001953,13.426736831665039,11.944999694824219,11.079166412353516,11.219999313354492,10.661666870117188
CM201800000208,CMGE71FL,CM,2018.0,208.0,CM2018DHS,128910.21875,146430.59375,166012.21875,179.80833435058594,151.76666259765625,153.64999389648438,127.5,62.906707763671875,51.88603973388672,51.50279235839844,42.5,0.03303256401648888,0.044732084641089805,0.06455268615331405,25.250726318359376,23.73699951171875,24.600831604003908,24.81183319091797,10.291666984558105,9.616666793823242,9.225000381469727,9.824999809265137,2.0,3577.8,3586.0,3661.4,3584.9,3828.5,3784.9,3854.5,0.0,0.0,0.0,0.0,27.618279569892472,1964.4944010416666,3.0,0.0,0.0,0.08742644854240142,0.31576992895693556,19.018585205078125,18.34139404296875,19.079310607910156,19.289418029785157,4.53707524781586,187.9732442876344,-1.0,10.340216523857526,25.02050256216398,1.4504376483219925,0.3042696634928385,0.5746374766031901,0.20588305791219075,0.08152608076731364,0.25213235219319663,0.6172379811604818,0.14283539454142252,0.047741742928822835,25.65833282470703,25.75,25.67500114440918,25.741666793823242,20.491666793823242,20.916667938232422,21.041667938232422,20.799999237060547,15.366666793823242,16.133333206176758,16.450000762939453,15.916666984558105,0.2171619518383129,12.786444091796875,12.945787048339843,13.5577880859375,13.766999816894531,2.8583333492279053,2.924999952316284,2.9833333492279053,3.0,86548.85987261146,28487.67412140575,193126.94339622642,1979.1,1965.6,1974.6,2034.5,2119.8,2115.6,1947.7,4.253937752016129,0.0,0.0,0.0,22.062999725341797,19.021499633789062,20.997499465942383,23.013750076293945,21.93524932861328,19.28525161743164,20.423999786376953,22.997249603271484,21.493749618530273,21.26275062561035,20.013500213623047,19.60124969482422,94.09139784946237,12.161290322580646,47.1072752597185,53.61181509718499,60.898269939678286,69.0419738605898,76062.890625,86079.78125,96687.90625,107794.921875,239.00386424731184,270.4787886424731,303.81153393817203,338.7118195564516,15.453332901000977,14.899999618530273,14.839166641235352,13.811666488647461
CM201800000209,CMGE71FL,CM,2018.0,209.0,CM2018DHS,7059.8525390625,8019.3671875,9091.767578125,72.5250015258789,65.42500305175781,75.59166717529297,66.45000457763672,14.267212867736816,13.32937240600586,14.79771614074707,13.223880767822266,0.0006065888306762599,0.0013195732726326472,0.003776823418049873,36.1739668412642,35.45454545454545,36.15257401899858,36.60863425514915,13.958333969116211,13.591667175292969,12.975000381469727,13.25,2.0,2342.6363636363635,2322.090909090909,2507.6363636363635,2642.6363636363635,2665.818181818182,2627.181818181818,2636.181818181818,0.0,0.0,0.0,0.0,36.40970350404313,1835.7801339285713,5.0,0.0,0.0,0.05524301211817127,0.18720172996871406,28.884626908735797,28.71780118075284,29.126894864169035,29.2791748046875,1.4471498062668464,251.70139824797843,-1.0,8.115417315953504,0.6772860709547676,3.6321379874915767,0.3661440440586635,0.35194247109549387,0.2201335600444249,0.26191137518201557,0.2908514567783901,0.27846813201904297,0.1441452673503331,0.1946852207183838,34.741668701171875,35.55833435058594,35.41666793823242,35.07500076293945,27.741666793823242,28.733333587646484,28.891666412353516,28.416667938232422,20.78333282470703,21.96666717529297,22.441667556762695,21.825000762939453,0.0,21.59528975053267,21.98105968128551,22.101211547851562,21.949711192737926,5.083333492279053,4.9083333015441895,5.108333587646484,5.025000095367432,20412.051118210864,42270.047770700636,33641.473015873016,894.9166666666666,895.1666666666666,1025.6666666666667,936.6666666666666,883.0,907.25,903.4166666666666,1.0137620293547844,0.0,0.0,0.0,32.045997619628906,25.608749389648438,26.00749969482422,28.050251007080078,25.63574981689453,26.179000854492188,27.642250061035156,31.34349822998047,29.83799934387207,27.550750732421875,27.47300148010254,25.900501251220703,114.23719676549865,37.57142857142857,3.1172246518342392,3.5476485542629077,4.029814346976902,4.568706346594769,19660.265625,23441.517578125,27770.8828125,32689.2265625,63.92206503378378,76.2262985641892,90.31613175675676,106.32504222972973,6.429166316986084,5.84499979019165,6.877499580383301,6.222499847412109
CM201800000210,CMGE71FL,CM,2018.0,210.0,CM2018DHS,82913.15625,94182.0078125,106776.6171875,184.0749969482422,157.89166259765625,159.22500610351562,133.5166778564453,66.13472747802734,55.40058517456055,54.90517044067383,47.402366638183594,0.006937143554446825,0.008745599620349776,0.013079321346824477,26.72791035970052,25.308080037434895,25.72222391764323,25.796249389648438,10.141666412353516,9.466667175292969,9.091667175292969,9.675000190734863,2.0,4340.416666666667,4336.583333333333,4425.416666666667,4284.916666666667,4635.166666666667,4684.25,4725.25,0.0,0.0,0.0,0.0,30.101092896174862,1996.236328125,5.0,0.3832400143146515,0.0,0.08149388617872516,0.36114238782640135,21.861236572265625,21.083384195963543,21.384969075520832,21.885670979817707,0.6865739666047643,89.26196422472678,-1.0,4.354900422643443,5.302192062628074,0.7761937542691257,0.38479715983072915,0.5170588493347168,0.2399784723917643,0.14771157900492352,0.35654544830322266,0.546470832824707,0.18222270011901856,0.1016443411509196,26.59166717529297,26.641666412353516,26.58333396911621,26.649999618530273,21.491666793823242,21.875,22.008333206176758,21.80000114440918,16.450000762939453,17.17500114440918,17.491666793823242,16.975000381469727,0.012675084022449705,16.99456024169922,16.858687082926433,17.047714233398438,17.975093841552734,2.7833333015441895,2.8500001430511475,2.9000000953674316,2.816666603088379,124394.55591054313,2963.9171281645567,131282.0,2068.7,2112.9,2142.8,2043.6,2409.0,2194.1,1891.8,2.9683324261441255,0.0,0.0,0.0,25.10675048828125,22.41950035095215,24.044750213623047,25.37525177001953,24.66374969482422,22.512001037597656,23.701250076293945,25.5310001373291,24.46124839782715,24.381750106811523,23.71525001525879,23.063499450683594,144.9808743169399,36.04644808743169,34.292125712131366,39.02715524463807,44.33139242627346,50.25966613605898,57394.203125,58172.7890625,58523.5,58439.97265625,183.00104593579235,185.48356386612022,186.60186133879782,186.33555327868854,15.770833015441895,15.239166259765625,15.21500015258789,14.119999885559082
CM201800000211,CMGE71FL,CM,2018.0,211.0,CM2018DHS,1106.312255859375,1256.672607421875,1424.72265625,131.80833435058594,115.51667022705078,136.3333282470703,102.68333435058594,47.785499572753906,40.179710388183594,47.4202880859375,35.7159423828125,0.06396171947320302,0.11549634734789531,0.11661604046821594,26.83222198486328,25.491817474365234,25.91181755065918,26.743999481201172,9.175000190734863,9.175000190734863,8.5,9.158333778381348,-9999,4845.0,4777.0,4907.0,4561.0,4527.0,4647.0,4643.0,0.0,0.0,0.0,0.0,40.857142857142854,2392.42236328125,-807,0.0,0.0,0.08478966673673612,0.39275285588152575,22.409292221069336,22.059242248535156,22.1667423248291,22.836166381835938,0.4374879428318569,432.46351841517856,-1.0,36.40430123465402,1.6327462877546037,2.2479046412876675,0.5528147220611572,0.47646644711494446,0.2813151776790619,0.2987419664859772,0.704559862613678,0.5683077573776245,0.26145923137664795,0.3016165494918823,28.700000762939453,29.0,28.80000114440918,29.016666412353516,24.08333396911621,24.383333206176758,24.516666412353516,24.40833282470703,19.525001525878906,19.825000762939453,20.30000114440918,19.858333587646484,0.9317998250325521,17.986364364624023,18.626667022705078,18.421667098999023,18.928333282470703,2.758333444595337,2.875,2.875,2.875,184060.2857142857,36656.48557692308,58340.50961538462,1986.0,1655.0,1553.0,1741.0,1661.0,1717.0,1322.0,0.5213928903852191,0.0,1.0,1.0,24.53700065612793,22.5310001373291,23.808000564575195,25.08500099182129,24.124000549316406,22.3179988861084,23.26099967956543,24.81399917602539,23.982999801635742,23.530000686645508,23.150999069213867,22.993000030517578,24.857142857142858,7.714285714285714,11.80391366141183,13.433788844517299,15.259593418666295,17.30020250592913,462.2431640625,500.9024658203125,538.79736328125,575.305419921875,38.460335867745535,41.676927839006694,44.829921177455354,47.867527553013396,13.170832633972168,12.398332595825195,13.69333267211914,11.091666221618652
CM201800000212,CMGE71FL,CM,2018.0,212.0,CM2018DHS,16340.0185546875,18560.814453125,21042.8828125,61.5,62.82500076293945,70.7249984741211,62.95000076293945,11.031390190124512,11.580644607543945,12.648285865783691,11.393665313720703,0.0002763628864440674,0.00036932673221959855,0.0006135345076600584,39.27644486860795,37.75181718306108,37.92984841086648,38.46096524325284,14.666666984558105,14.308333396911621,13.883333206176758,13.941666603088379,2.0,1952.8181818181818,1983.909090909091,2149.181818181818,2304.2727272727275,2234.090909090909,2221.818181818182,2251.4545454545455,0.0,0.0,0.0,0.0,37.142105263157895,1731.0255126953125,4.0,0.0,0.0,0.03882247296768206,0.16288306837420638,30.209583629261363,29.658635919744317,30.006439208984375,30.0978310324929,8.697976145077506,103.1683191787599,-1.0,0.6842577287578331,0.2707831551342967,9.802733086658971,0.23949035576411656,0.2641094923019409,0.28859846932547434,0.2763493401663644,0.164654050554548,0.19496522630964006,0.20999210221426828,0.2081699882234846,34.57500076293945,35.38333511352539,35.40833282470703,34.83333206176758,27.20833396911621,28.200000762939453,28.433334350585938,27.83333396911621,19.90833282470703,21.075000762939453,21.525001525878906,20.891666412353516,0.0007042109209772899,21.14272793856534,21.56545465642756,22.083030007102273,21.734696821732953,5.575000286102295,5.425000190734863,5.5916666984558105,5.525000095367432,56309.955555555556,37136.846153846156,133631.34384858044,641.1666666666666,563.5833333333334,721.9166666666666,745.8333333333334,694.1666666666666,775.25,828.0,0.26347057171421506,0.0,0.0,0.0,31.78599853515625,25.62139892578125,25.166200256347658,26.867999267578124,24.680999755859375,26.477398681640626,28.376800537109375,30.159201049804686,30.385800170898438,27.366799926757814,28.23999938964844,26.411199951171874,93.31398416886543,59.73087071240106,7.6030611979166665,8.652885416666667,9.828912109375,11.143295572916667,41013.49609375,46314.6875,51910.21875,57748.79296875,128.0201393469657,144.56738538918205,162.03334226583112,180.25795679419525,5.612499713897705,5.488333225250244,6.087499618530273,5.531666278839111
CM201800000213,CMGE71FL,CM,2018.0,213.0,CM2018DHS,202760.21875,230317.640625,261117.171875,148.20834350585938,128.8000030517578,154.90000915527344,114.30000305175781,53.569278717041016,45.1929817199707,54.5102653503418,40.57988357543945,0.9017576070932242,0.9439054635854868,0.94379028907189,29.055999755859375,28.18000030517578,28.899091720581055,30.270000457763672,8.791666984558105,8.791666984558105,8.116666793823242,8.77500057220459,-9999,4430.0,4393.0,4137.0,4000.0,4005.0,4041.0,4045.0,0.0,0.0,0.0,0.0,59.714285714285715,2392.42236328125,-807,0.0,0.0,0.038227634112667226,0.1351125489487492,23.777545928955078,23.405834197998047,23.899545669555664,24.855833053588867,0.1542172772543771,1303.6160714285713,-1.0,1.7534126554216658,6.529191153390067,0.4094185488564627,0.42924124002456665,0.33444905281066895,0.1495288759469986,0.18842875957489014,0.4785045385360718,0.3364972472190857,0.10123201459646225,0.15413305163383484,28.491666793823242,28.774999618530273,28.575000762939453,28.808334350585938,24.075000762939453,24.358333587646484,24.5,24.399999618530273,19.700000762939453,19.983333587646484,20.45833396911621,20.03333282470703,16.359674914129847,18.49909019470215,18.63166618347168,18.899999618530273,19.441667556762695,2.7666666507720947,2.8500001430511475,2.8416666984558105,2.816666603088379,169151.1875,25256.448660714286,60605.668269230766,1925,1742,1575,1819,1697,1701,1338,0.803180285862514,3.0,3.0,3.0,24.226999282836914,22.141000747680664,23.434999465942383,24.7189998626709,23.85099983215332,22.025999069213867,22.9739990234375,24.427000045776367,23.704999923706055,23.26099967956543,22.905000686645508,22.608999252319336,4.785714285714286,0.0,1892.8579799107142,2154.22265625,2447.005859375,2774.234933035714,68755.734375,88623.328125,113378.3046875,143968.359375,5719.7734375,7372.553571428572,9431.9140625,11976.691964285714,14.470000267028809,13.286666870117188,14.498332977294922,12.053333282470703
CM201800000214,CMGE71FL,CM,2018.0,214.0,CM2018DHS,32966.31640625,37446.81640625,42454.44140625,148.20834350585938,128.8000030517578,154.90000915527344,114.30000305175781,53.569278717041016,45.1929817199707,54.5102653503418,40.57988357543945,0.5934220827542819,0.6168694129356971,0.618008540226863,29.578887939453125,28.06818199157715,28.599090576171875,29.35444450378418,8.791666984558105,8.791666984558105,8.116666793823242,8.77500057220459,-9999,3482,3498,3377,3912,4212,4193,4180,0.0,0.0,0.0,0.0,75.0,2392.42236328125,-807,0.0,0.0,0.0601886809546387,0.21992383155924278,24.24989891052246,23.45742416381836,23.636211395263672,24.39472198486328,0.0,0.0,-1.0,0.0,0.0,0.0,0.4507462680339813,0.3545754849910736,0.1621462106704712,0.19717709720134735,0.5155323147773743,0.36721745133399963,0.11366568505764008,0.1648089736700058,28.491666793823242,28.774999618530273,28.575000762939453,28.808334350585938,24.075000762939453,24.358333587646484,24.5,24.399999618530273,19.700000762939453,19.983333587646484,20.45833396911621,20.03333282470703,16.2426025390625,18.920909881591797,18.84666633605957,18.6733341217041,19.434999465942383,2.7666666507720947,2.8500001430511475,2.8416666984558105,2.816666603088379,175027.125,29893.514423076922,56592.543269230766,1895,1619,1484,1715,1609,1627,1280,2.55261492729187,3.0,3.0,3.0,24.229000091552734,22.128999710083008,23.385000228881836,24.76799964904785,23.89299964904785,21.992000579833984,22.884000778198242,24.424999237060547,23.660999298095703,23.224000930786133,22.867000579833984,22.572999954223633,5.375,0.25,422.28267996651783,480.59116908482144,545.9090053013393,618.9114118303571,2816.10546875,3331.705322265625,3957.72119140625,4716.6064453125,204.99761962890625,242.53030395507812,288.1005859375,343.3429870605469,14.470000267028809,13.286666870117188,14.498332977294922,12.053333282470703
CM201800000215,CMGE71FL,CM,2018.0,215.0,CM2018DHS,16338.73046875,18726.62890625,21430.916015625,54.64167022705078,56.08333206176758,67.76667022705078,60.35000228881836,9.786567687988281,10.196969985961914,12.029585838317871,10.873873710632324,7.47371878888872e-06,7.47371878888872e-06,8.30413182339971e-06,35.93727416992188,34.4038330078125,35.04849853515625,34.588165283203125,15.516666412353516,15.216667175292969,14.891666412353516,14.77500057220459,2.0,2279.0,2218.2,2383.0,2510.7,2432.8,2303.2,2519.3,0.0,0.0,0.0,0.0,32.10933333333333,1335.7463541666666,4.0,0.0,0.0,0.053161181569996566,0.20360521701635254,27.48399963378906,26.963250732421876,27.648419189453126,26.864749145507812,3.138097330729167,4.826490885416667,-0.9786666666666667,0.2898335978190104,0.42823588053385414,4.5842470703125,0.3211623430252075,0.32166436314582825,0.20956376194953918,0.2535155713558197,0.24426046013832092,0.24855591356754303,0.13522683084011078,0.1879550665616989,36.09166717529297,36.84166717529297,36.90833282470703,36.33333206176758,28.308334350585938,29.20833396911621,29.441665649414062,28.933334350585938,20.575000762939453,21.625,22.016666412353516,21.558334350585938,0.0,19.030728149414063,19.522666931152344,20.248333740234376,19.1413330078125,5.583333492279053,5.5,5.633333206176758,5.550000190734863,6991.305111821086,1134.3293730031949,161545.1337579618,582.6,578.1,650.1,654.2,622.7,724.7,768.0,0.24958349609375,0.0,0.0,0.0,32.558502197265625,26.001249313354492,24.066499710083008,26.54974937438965,23.664751052856445,27.352249145507812,29.77975082397461,30.271249771118164,31.733999252319336,26.184001922607422,27.789501190185547,26.853498458862305,328.336,269.024,7.302294529155496,8.421681258378015,9.655553577412869,11.053511959617962,11034.2431640625,12731.845703125,14511.3125,16428.23828125,35.030375,40.4221953125,46.071927083333335,52.15856770833334,4.729166507720947,4.735000133514404,5.355000019073486,4.807499885559082
CM201800000216,CMGE71FL,CM,2018.0,216.0,CM2018DHS,5533.1669921875,6285.18701171875,7125.6826171875,81.01667022705078,73.73333740234375,80.75,72.0999984741211,16.791019439697266,16.02898597717285,16.73575210571289,15.152363777160645,0.00014953121354903333,0.00042922893533195233,0.0015478914468446364,36.80126953125,35.311669921875,35.56483459472656,36.7696044921875,13.791666984558105,13.425000190734863,12.75,13.066666603088379,2.0,2375.6,2352.9,2481.3,2609.4,2625.8,2643.3,2620.1,0.0,0.0,0.0,0.0,38.75945945945946,1835.7801513671875,5.0,0.0,0.0,0.0649097463238763,0.1858478486024887,28.99654541015625,28.4072509765625,28.55716552734375,29.31405029296875,1.4271718973740735,393.4233490566038,-0.9892183288409704,8.882687468413073,0.973183027817554,3.5300648321681267,0.41139018535614014,0.383056640625,0.23709681630134583,0.2879059910774231,0.34181350469589233,0.3137935996055603,0.16104280948638916,0.22173690795898438,35.06666564941406,35.766666412353516,35.59166717529297,35.29999923706055,28.133333206176758,29.025001525878906,29.191667556762695,28.733333587646484,21.274999618530273,22.34166717529297,22.84166717529297,22.233333587646484,0.0,21.191818237304688,21.50283203125,21.54949951171875,21.858499145507814,4.825000286102295,4.599999904632568,4.824999809265137,4.758333206176758,44372.30128205128,65431.303797468354,56259.1473354232,883.8181818181819,919.7272727272727,968.7272727272727,924.9090909090909,882.4545454545455,925.9090909090909,873.0909090909091,0.9031307909366577,0.0,0.0,0.0,32.412498474121094,25.978750228881836,25.86224937438965,28.102500915527344,25.436250686645508,26.563251495361328,28.07575035095215,31.515750885009766,30.436500549316406,27.520751953125,27.752500534057617,26.2502498626709,79.04851752021564,34.460916442048514,2.509110074429899,2.8555660763302364,3.24367015941723,3.6774341480152026,17075.59765625,20869.546875,25315.84375,30480.859375,54.210653217654986,66.25546980289758,80.37132538746631,96.768920569407,6.926666259765625,6.669166564941406,7.420000076293945,6.742499828338623
CM201800000217,CMGE71FL,CM,2018.0,217.0,CM2018DHS,21195.515625,24076.55859375,27296.623046875,50.025001525878906,49.016666412353516,59.583335876464844,53.016666412353516,8.575714111328125,8.475503921508789,10.098870277404785,9.101573944091797,4.0823641343238633e-05,6.042235789778895e-05,0.00012869729449192937,37.50272716175426,36.45257568359375,36.69075705788352,37.8884970925071,15.925000190734863,15.625,15.408333778381348,15.191666603088379,2.0,1978.3636363636363,1977.090909090909,2107.4545454545455,2279.909090909091,2202.3636363636365,2182.0,2156.3636363636365,0.0,0.0,0.0,0.0,34.66051660516605,3961.0546875,2.0,0.0,0.0,0.04862293886921741,0.21409583252782893,29.118840997869317,28.949318625710227,29.49325838955966,29.58788230202415,4.802191551695478,4.69751431079621,-0.9920212765957447,0.2655119388661486,0.3086469122704039,4.166561694855385,0.45659348368644714,0.4455244243144989,0.2439211905002594,0.2776089906692505,0.38798224925994873,0.37267085909843445,0.1655484139919281,0.20726823806762695,36.25833511352539,37.09166717529297,37.21666717529297,36.58333206176758,28.274999618530273,29.25,29.5,28.95833396911621,20.33333396911621,21.46666717529297,21.808334350585938,21.391666412353516,0.0029272113097007484,20.7349589954723,21.446060180664062,22.295758334073152,21.28727306019176,5.833333492279053,5.7833333015441895,5.900000095367432,5.825000286102295,9585.447784810127,0.0,88822.67307692308,393.3636363636364,406.90909090909093,519.3636363636364,588.2727272727273,600.7272727272727,583.3636363636364,583.0,0.19733601428092795,0.0,0.0,0.0,32.958251953125,26.13800048828125,24.05449867248535,26.04425048828125,23.316001892089844,27.833999633789062,30.86050033569336,29.972999572753906,32.682498931884766,26.82775115966797,28.730749130249023,27.320999145507812,203.93085106382978,48.462765957446805,9.168860450785427,10.434969815340908,11.853264956550802,13.438434784425134,12494.5810546875,14422.091796875,16498.427734375,18740.765625,43.678731715425535,50.659652385305854,58.15408909574468,66.30887425199468,4.299999713897705,4.203333377838135,4.750833034515381,4.235833168029785
CM201800000218,CMGE71FL,CM,2018.0,218.0,CM2018DHS,25303.11328125,28742.09375,32585.66796875,-9999,-9999,-9999,-9999,-9999,-9999,-9999,-9999,0.3647910753885905,0.4331654972500271,0.43620962566799587,25.992000579833984,25.03545379638672,25.676666259765625,25.238889694213867,-9999,-9999,-9999,-9999,2,1052,1052,1061,1551,1870,1921,1878,-9999,-9999,-9999,-9999,65.6,2995.8017578125,-9999,-9999,0.0,0.11162015141422392,0.4598629109102065,23.131908416748047,23.049091339111328,23.529333114624023,23.3799991607666,1.4005776318636807,696.7114701704545,-1.0,16.54683893377131,0.380110350522128,1.6187463240189985,0.45476728677749634,0.48307618498802185,0.34305933117866516,0.2031262069940567,0.5081980228424072,0.560416042804718,0.34571120142936707,0.1721256971359253,-9999,-9999,-9999,-9999,-9999,-9999,-9999,-9999,-9999,-9999,-9999,-9999,2.106070556640625,20.271818161010742,21.062726974487305,21.381999969482422,21.52111053466797,-9999,-9999,-9999,-9999,1112.783203125,11236.321614583334,1380.3641493055557,2325,2523,3106,2806,2582,2994,1925,1.541128158569336,3.0,3.0,3.0,-9999,-9999,-9999,-9999,-9999,-9999,-9999,-9999,-9999,-9999,-9999,-9999,10.0,0.09090909090909091,170.34831099076703,193.86989524147728,220.218994140625,249.66810191761363,1984.61083984375,2319.5947265625,2690.860107421875,3098.3125,202.1658935546875,236.28961181640625,274.1092122395833,315.6150309244792,-9999,-9999,-9999,-9999
CM201800000219,CMGE71FL,CM,2018.0,219.0,CM2018DHS,3851.58349609375,4377.126953125,4966.0595703125,42.92499923706055,42.833335876464844,51.766666412353516,46.45833206176758,7.2244038581848145,7.259887218475342,8.603878021240234,7.830056190490723,0.00021993889449498593,0.0002429884834549366,0.0002859795513825539,39.279998779296875,37.5066650390625,37.52415161132812,38.69183349609375,16.433334350585938,16.133333206176758,16.016666412353516,15.658333778381348,2.0,1534.4,1501.9,1669.3,1797.1,1692.3,1587.3,1662.0,0.0,0.0,0.0,0.0,39.975903614457835,7065.5546875,2.0,0.0,0.0,0.06067806154099084,0.21748199119524803,29.861636352539062,29.2308349609375,29.596826171875,29.96116943359375,3.9518944788873993,3.7227125397955763,-1.0,0.49920936564018514,0.801110643483998,5.10687010409685,0.4701871871948242,0.45410865545272827,0.181322380900383,0.2615146040916443,0.39473289251327515,0.3828452229499817,0.11024504899978638,0.19602875411510468,36.391666412353516,37.20000076293945,37.40833282470703,36.66666793823242,28.149999618530273,29.108333587646484,29.383333206176758,28.808334350585938,19.95833396911621,21.066667556762695,21.391666412353516,21.008333206176758,0.0,20.443272399902344,20.954998779296876,21.669500732421874,21.230499267578125,5.941666603088379,5.900000095367432,6.016666889190674,5.933333396911621,7338.489747634069,145.6654433718153,36405.252396166135,338.4,347.2,460.7,496.8,509.5,491.2,623.7,0.3053525459350913,0.0,0.0,0.0,33.08424758911133,26.851999282836914,23.888500213623047,26.069000244140625,23.292499542236328,28.44099998474121,31.140750885009766,29.964000701904297,32.972747802734375,26.80500030517578,29.36924934387207,28.08500099182129,203.2922252010724,63.00804289544236,1.7550116288034538,1.997001246402138,2.269649144222862,2.5753038908305923,11379.2861328125,13067.6494140625,14909.39453125,16895.037109375,36.38096933646113,41.77884917476541,47.6669633880697,54.01501759383378,3.797499895095825,3.8383333683013916,4.311666488647461,3.8241665363311768
CM201800000221,CMGE71FL,CM,2018.0,221.0,CM2018DHS,2576.26611328125,2926.40966796875,3317.747802734375,189.11666870117188,150.10000610351562,176.9250030517578,136.44166564941406,66.74706268310547,51.907779693603516,60.487178802490234,46.51420593261719,0.0026074021677427654,0.0030002829772007617,0.002929107109202614,26.428201293945314,25.97550048828125,26.343975830078126,27.06293640136719,7.991666793823242,7.991666793823242,7.991666793823242,7.991666793823242,-9999,4115.9,4129.1,4205.6,4067.0,4377.5,4536.0,4502.4,0.0,0.0,0.0,0.0,26.296703296703296,7471.26171875,5.0,0.0,0.0,0.10263900620363643,0.4887935538789929,23.102781677246092,23.462979125976563,23.625125122070312,23.620889282226564,0.10902422552239405,6.645645601455479,-1.0,1.0899390651755136,0.057683981281437285,0.2605642449365903,0.5037094751993815,0.5947332382202148,0.3218879063924154,0.25969937642415364,0.616253407796224,0.8070083618164062,0.32329521179199217,0.2503777821858724,29.483333587646484,29.666667938232422,29.83333396911621,29.766666412353516,25.450000762939453,25.633333206176758,25.80000114440918,25.733333587646484,21.491666793823242,21.674999237060547,21.84166717529297,21.774999618530273,0.005228621410983643,19.777365112304686,20.950457763671874,20.906277465820313,20.17884063720703,2.8333332538604736,2.8916666507720947,2.924999952316284,2.933333396911621,31927.096153846152,4452.554365079365,32041.60450160772,2740.3,2550.1,2557.7,2136.9,2266.0,2309.1,1785.0,0.33452054376471535,0.0,0.0,0.0,26.457000732421875,24.298250198364258,26.265501022338867,26.546499252319336,26.218250274658203,24.477750778198242,25.45775032043457,26.66524887084961,26.208749771118164,25.850749969482422,25.067249298095703,24.79399871826172,291.1808219178082,142.3123287671233,0.9818789574407762,1.1174560875021002,1.26933108093918,1.4390741163684475,4304.650390625,5064.68701171875,5914.396484375,6855.22119140625,13.719650310359588,16.14201492936644,18.850188623715752,21.84875588613014,16.334165573120117,14.13166618347168,15.602499961853027,13.085832595825195
CM201800000222,CMGE71FL,CM,2018.0,222.0,CM2018DHS,21955.27734375,24939.251953125,28274.283203125,179.80833435058594,151.76666259765625,153.64999389648438,127.5,62.906707763671875,51.88603973388672,51.50279235839844,42.5,0.23579337046696588,0.325681209564209,0.4531124921945425,27.59363555908203,25.860000610351562,26.808332443237305,27.225000381469727,10.291666984558105,9.616666793823242,9.225000381469727,9.824999809265137,2.0,3465,3450,3453,3476,3616,3611,3669,0.0,0.0,0.0,0.0,49.333333333333336,1964.494384765625,-807,0.0,0.0,0.09429107879586976,0.28039618912648717,20.859596252441406,20.31999969482422,20.84083366394043,21.200000762939453,1.173610305786133,593.1501953125,-1.0,24.518595377604168,52.501546223958336,1.9019922892252603,0.28612542152404785,0.576745867729187,0.1889687329530716,0.07163620740175247,0.23014207184314728,0.614096462726593,0.12421009689569473,0.04034319519996643,25.65833282470703,25.75,25.67500114440918,25.741666793823242,20.491666793823242,20.916667938232422,21.041667938232422,20.799999237060547,15.366666793823242,16.133333206176758,16.450000762939453,15.916666984558105,0.7787430326817399,14.125555992126465,14.779999732971191,14.873332977294922,15.175000190734863,2.8583333492279053,2.924999952316284,2.9833333492279053,3.0,81070.84895833333,34999.17633928572,202620.20833333334,2075.0,2102.0,2095.0,2103.0,2133.0,2149.0,2043.0,2.059965133666992,3.0,3.0,3.0,22.172000885009766,18.982999801635742,20.64900016784668,22.89699935913086,21.74799919128418,19.27400016784668,20.417999267578125,22.98699951171875,21.54199981689453,21.19700050354004,20.062999725341797,19.63800048828125,8.066666666666666,0.4666666666666667,194.7586669921875,221.6508331298828,251.77569580078125,285.4447326660156,3068.386474609375,3472.46923828125,3900.40234375,4348.4599609375,239.00384114583332,270.4787923177083,303.8115234375,338.71178385416664,15.453332901000977,14.899999618530273,14.839166641235352,13.811666488647461
CM201800000223,CMGE71FL,CM,2018.0,223.0,CM2018DHS,11354.8193359375,12898.068359375,14622.87890625,127.75,129.63333129882812,122.96666717529297,100.99166870117188,46.03603744506836,45.0898551940918,42.77101516723633,35.12753677368164,0.11510702541896276,0.13469595568520681,0.13744431734085083,26.8174991607666,24.899999618530273,26.60333251953125,26.51799964904785,9.574999809265137,9.574999809265137,8.891666412353516,9.558333396911621,-9999,4466,4496,4480,4241,4143,4306,4217,0.0,0.0,0.0,0.0,50.0,2227.299072265625,6,0.0,0.0,0.11103649390514315,0.5160424488721619,22.535749435424805,21.947500228881836,22.788333892822266,22.80150032043457,0.5728190541267395,897.946533203125,-1.0,14.168844223022461,1.0175838470458984,3.712573528289795,0.5398908853530884,0.48357483744621277,0.25358885526657104,0.288536012172699,0.6812816262245178,0.5854715704917908,0.22599367797374725,0.29297876358032227,29.116666793823242,29.433334350585938,29.233333587646484,29.433334350585938,24.316667556762695,24.633333206176758,24.758333206176758,24.641666412353516,19.541667938232422,19.858333587646484,20.34166717529297,19.875,0.4461240935743901,18.253999710083008,18.9950008392334,18.97333335876465,19.084999084472656,2.7750000953674316,2.875,2.875,2.875,165632.52083333334,53585.13392857143,135153.21875,1742,1682,1270,1696,1373,1480,1299,0.3504372239112854,2.0,2.0,2.0,24.586000442504883,23.123001098632812,24.256000518798828,24.913000106811523,23.966999053955078,22.935998916625977,23.78999900817871,25.023000717163086,24.533000946044922,23.993000030517578,23.61400032043457,23.469999313354492,115.3125,59.6875,112.60923665364584,128.1582275390625,145.57639973958334,165.04378255208334,239.24818420410156,245.846435546875,250.73777770996094,253.8244171142578,17.41390609741211,17.894168853759766,18.25018882751465,18.474853515625,12.445833206176758,12.758333206176758,12.393333435058594,10.804166793823242
CM201800000224,CMGE71FL,CM,2018.0,224.0,CM2018DHS,32823.8828125,37285.01953125,42271.0078125,156.90834045410156,141.89999389648438,158.1666717529297,134.8416748046875,51.728023529052734,45.65147399902344,49.94736862182617,42.581581115722656,0.013536499096797062,0.018375381445273373,0.02176971924610627,26.157635498046876,25.145834350585936,25.548834228515624,25.485501098632813,11.116666793823242,10.441666603088379,9.966667175292969,10.641667366027832,2.0,3320.5,3349.8,3475.4,3458.2,3678.7,3580.6,3722.3,0.0,0.0,0.0,0.0,23.6951871657754,1764.624609375,3.0,4.100951194763184,0.0,0.09677149145725364,0.3008492849820975,19.67186279296875,19.25850067138672,19.504666137695313,19.464968872070312,5.300820416945188,144.7566636029412,-1.0,7.379236557904412,9.317249644886363,1.6766962877569351,0.2965831756591797,0.48097750345865886,0.21018117268880207,0.14066394170125326,0.2428547223409017,0.47068703969319664,0.14631846745808919,0.09589831829071045,26.05000114440918,26.241666793823242,26.200000762939453,26.174999237060547,20.475000381469727,21.0,21.191667556762695,20.825000762939453,14.933333396911621,15.800000190734863,16.233333587646484,15.533333778381348,0.0074089208488438635,13.186088562011719,13.371165466308593,13.460499572753907,13.444439697265626,3.0333333015441895,3.1083333492279053,3.1666667461395264,3.1666667461395264,35399.520634920635,42573.95192307692,199724.2405063291,2094.4,2094.9,1923.6,1972.7,1959.1,2058.7,2008.2,2.706243504814923,0.0,0.0,1.0,21.28874969482422,18.265750885009766,18.966999053955078,22.210250854492188,21.06399917602539,18.322250366210938,19.348249435424805,22.223249435424805,20.318500518798828,20.08074951171875,19.212501525878906,18.491500854492188,172.7192513368984,24.016042780748663,12.375536977762803,14.084342360175203,15.99856411093329,18.13799275606469,33113.546875,35554.7421875,37920.734375,40174.0703125,103.5212337065508,111.15278241978609,118.54923546122994,125.59345755347593,13.889165878295898,13.863332748413086,16.359167098999023,13.481666564941406
CM201800000225,CMGE71FL,CM,2018.0,225.0,CM2018DHS,241607.4375,274444.625,311145.09375,225.9166717529297,176.19166564941406,294.9916687011719,166.97500610351562,80.44510650634766,61.46220779418945,102.9040756225586,58.0782585144043,0.9094923564365932,0.9202116557529995,0.9241469247000558,26.745555877685547,28.1522216796875,27.83222198486328,30.078571319580078,8.691666603088379,8.016666412353516,7.708333492279053,8.216667175292969,2,2201,2194,2227,2134,2153,2143,2147,0.0,0.0,0.0,0.0,99.5,2697.871826171875,-807,0.0,0.0,0.05895296304481696,0.21522743710718628,23.052322387695312,23.87656593322754,24.494112014770508,25.619840621948242,0.0,0.0,-1.0,0.0,0.0,0.0,0.36787039041519165,0.39119258522987366,0.1364738643169403,0.11344294250011444,0.4039333164691925,0.4526315927505493,0.09236620366573334,0.08096067607402802,31.108333587646484,31.008333206176758,31.033334732055664,31.20833396911621,26.725000381469727,26.975000381469727,27.166667938232422,27.08333396911621,22.416667938232422,22.991666793823242,23.325000762939453,22.991666793823242,11.176692708333333,19.35909080505371,19.600908279418945,21.1560001373291,21.16111183166504,2.808333396911621,2.866666793823242,2.866666793823242,2.875,5262.069661458333,8198.203725961539,5165.701349431818,3138,2925,3558,3172,3073,3580,2378,0.0,3.0,3.0,3.0,27.583999633789062,25.110000610351562,27.170000076293945,27.94499969482422,27.30500030517578,25.15999984741211,26.423999786376953,27.814998626708984,27.131000518798828,26.746999740600586,26.05500030517578,25.566999435424805,7.928571428571429,0.0,2145.427176339286,2441.6662946428573,2773.5167410714284,3144.408761160714,16217.720703125,20082.484375,24682.419921875,30110.1796875,1349.4868861607142,1671.076450892857,2053.83984375,2505.4874441964284,17.16499900817871,15.934999465942383,16.543333053588867,15.129166603088379
CM201800000226,CMGE71FL,CM,2018.0,226.0,CM2018DHS,50053.328125,56856.14453125,64459.30859375,179.80833435058594,151.76666259765625,153.64999389648438,127.5,62.906707763671875,51.88603973388672,51.50279235839844,42.5,0.5736283522385818,0.7194845493023212,0.8393362485445462,28.2336368560791,26.0766658782959,26.93666648864746,27.108333587646484,10.291666984558105,9.616666793823242,9.225000381469727,9.824999809265137,2.0,3557,3534,3587,3523,3811,3707,3851,0.0,0.0,0.0,0.0,54.92857142857143,1964.494384765625,-807,0.0,0.0,0.07646113298767332,0.18896676314247973,21.472929000854492,20.50666618347168,21.018333435058594,21.299165725708008,0.11407076460974556,342.47035435267856,-1.0,18.75400652204241,23.716644287109375,0.30215283802577425,0.283743679523468,0.5718280076980591,0.19544826447963715,0.07770311832427979,0.2273486852645874,0.606440544128418,0.13012531399726868,0.044305261224508286,25.65833282470703,25.75,25.67500114440918,25.741666793823242,20.491666793823242,20.916667938232422,21.041667938232422,20.799999237060547,15.366666793823242,16.133333206176758,16.450000762939453,15.916666984558105,2.4634367290296053,14.7122220993042,14.936666488647461,15.100000381469727,15.489999771118164,2.8583333492279053,2.924999952316284,2.9833333492279053,3.0,78805.00480769231,34487.38616071428,198661.89583333334,2090,2127,2112,2163,2200,2164,2069,3.0306998661586215,3.0,3.0,3.0,24.143999099731445,21.200000762939453,22.45400047302246,24.67799949645996,23.548999786376953,21.415000915527344,22.500999450683594,24.785999298095703,23.55299949645996,23.177000045776367,22.239999771118164,21.79599952697754,6.214285714285714,0.0,470.4088134765625,535.362548828125,608.1244506835938,689.4466552734375,2863.85693359375,3241.004638671875,3640.412841796875,4058.60498046875,239.00383649553572,270.47879464285717,303.8115234375,338.71177455357144,15.453332901000977,14.899999618530273,14.839166641235352,13.811666488647461
CM201800000227,CMGE71FL,CM,2018.0,227.0,CM2018DHS,2351.85595703125,2671.5,3028.75,170.1750030517578,141.69166564941406,145.25833129882812,126.51667022705078,55.04312515258789,44.74473571777344,45.041343688964844,40.27055740356445,0.16970805327097574,0.20831759770711264,0.26487096150716144,28.382726669311523,27.613332748413086,27.735000610351562,28.058332443237305,11.116666793823242,10.441666603088379,9.983333587646484,10.633333206176758,2.0,2755.0,2804.0,2893.0,3062.0,3351.0,3180.0,3396.0,0.0,0.0,0.0,0.0,37.642857142857146,1964.494384765625,3,0.0,0.0,0.08503393254787409,0.28930749661059785,22.85818099975586,22.817121505737305,22.892499923706055,22.9424991607666,1.4202687399727958,219.69757952008928,-1.0,5.490669795445034,0.8500621659415108,1.4889556339808874,0.3808669149875641,0.5181277394294739,0.3689548075199127,0.2124321460723877,0.3394884765148163,0.5209423303604126,0.3187987804412842,0.15839526057243347,27.70833396911621,27.84166717529297,27.70833396911621,27.766666412353516,22.116666793823242,22.58333396911621,22.700000762939453,22.416667938232422,16.59166717529297,17.399999618530273,17.725000381469727,17.133333206176758,0.23264822466620083,17.333637237548828,18.02090835571289,18.049999237060547,17.8266658782959,3.0916666984558105,3.1666667461395264,3.2250001430511475,3.1416666507720947,88786.63636363637,71665.02884615384,165074.67857142858,1945.0,2012.0,1955.0,2024.0,2057.0,2089.0,1965.0,2.6289893559047153,0.0,3.0,3.0,24.4689998626709,21.94499969482422,20.841999053955078,25.125999450683594,24.143999099731445,21.85300064086914,22.652999877929688,25.086000442504883,23.41900062561035,23.1299991607666,22.83799934387207,22.27400016784668,23.428571428571427,0.7142857142857143,23.424287796020508,26.658695220947266,30.28191566467285,34.33140182495117,665.608642578125,737.2083740234375,810.4095458984375,884.249267578125,55.52504621233259,61.497894287109375,67.60433959960938,73.7640380859375,14.417499542236328,13.757499694824219,15.879999160766602,12.977499961853027
CM201800000228,CMGE71FL,CM,2018.0,228.0,CM2018DHS,1541.6728515625,1744.339111328125,1971.7027587890625,142.94166564941406,117.04166412353516,119.88333892822266,111.44166564941406,48.18258285522461,39.452247619628906,40.184356689453125,37.3547477722168,0.0010526617750143393,0.0012367691558140975,0.0014310251825895065,25.48111131456163,24.853013780381943,25.802222357855904,25.732289632161457,10.774999618530273,10.774999618530273,10.091667175292969,10.758333206176758,1.0,4338.777777777777,4352.333333333333,4395.333333333333,4430.666666666667,4727.888888888889,4716.888888888889,4692.888888888889,0.0,0.0,0.0,0.0,13.089673913043478,874.5973772321429,6.0,0.0,0.0,0.12457619559829228,0.6396679861644023,21.852828979492188,22.094284057617188,22.67064751519097,22.533923678927952,0.1917074037634808,8.149491019870924,-1.0,1.8115476525348166,0.3057459540989088,0.17636025470236075,0.5068584680557251,0.4811232388019562,0.4607082009315491,0.3774092495441437,0.5481018424034119,0.5248802900314331,0.47829392552375793,0.3685750961303711,29.641666412353516,30.075000762939453,29.908334732055664,30.016666412353516,24.233333587646484,24.666667938232422,24.83333396911621,24.616666793823242,18.866666793823242,19.30000114440918,19.816667556762695,19.258333206176758,0.0,18.224544949001736,19.335554334852432,19.539074367947048,19.335556030273438,2.9666666984558105,2.9666666984558105,2.9833333492279053,2.9833333492279053,7489.157142857143,45111.07028753994,330332.3729903537,1767.3333333333333,1814.5555555555557,1720.888888888889,1988.5555555555557,1782.7777777777778,1793.888888888889,1523.6666666666667,0.14883409375729767,0.0,0.0,0.0,24.42875099182129,22.91699981689453,23.246999740600586,24.177249908447266,23.404998779296875,22.852500915527344,23.45275115966797,24.605249404907227,24.303499221801758,23.687999725341797,23.523000717163086,23.20800018310547,598.7961956521739,550.6630434782609,0.6347739741487323,0.7181682740902965,0.8120521895005054,0.9174442753958895,1112.074462890625,1207.424072265625,1302.69580078125,1396.598388671875,3.5181174900220786,3.819762188455333,4.121160755986753,4.418227485988451,11.863332748413086,10.726666450500488,11.133333206176758,10.436666488647461
CM201800000229,CMGE71FL,CM,2018.0,229.0,CM2018DHS,3160.96728515625,3590.57861328125,4070.733642578125,131.80833435058594,115.51667022705078,136.3333282470703,102.68333435058594,47.785499572753906,40.179710388183594,47.4202880859375,35.7159423828125,0.0963745667384221,0.1939078110914964,0.18786984223585862,26.83222198486328,25.491817474365234,25.91181755065918,26.743999481201172,9.175000190734863,9.175000190734863,8.5,9.158333778381348,-9999,4845,4777,4907,4561,4527,4647,4643,0.0,0.0,0.0,0.0,40.125,2392.42236328125,-807,0.0,0.0,0.0860371534183128,0.39815434589157594,22.409292221069336,22.059242248535156,22.1667423248291,22.836166381835938,0.5183690071105957,466.9388020833333,-1.0,49.02486979166667,2.049958674112956,2.7660497029622397,0.5243256688117981,0.43967553973197937,0.2344357669353485,0.25695347785949707,0.6478872299194336,0.5051458477973938,0.19739358127117157,0.24171625077724457,28.700000762939453,29.0,28.80000114440918,29.016666412353516,24.08333396911621,24.383333206176758,24.516666412353516,24.40833282470703,19.525001525878906,19.825000762939453,20.30000114440918,19.858333587646484,1.5716747415476833,17.986364364624023,18.626667022705078,18.421667098999023,18.928333282470703,2.758333444595337,2.875,2.875,2.875,183278.92857142858,35696.825520833336,59967.58653846154,1986,1655,1553,1741,1661,1717,1322,0.3913728713989258,2.0,2.0,1.0,24.551000595092773,22.647001266479492,23.937999725341797,25.05000114440918,24.097999572753906,22.427000045776367,23.368999481201172,24.864999771118164,24.069000244140625,23.658000946044922,23.23900032043457,23.09000015258789,31.0,8.333333333333334,28.07657950265067,31.95337132045201,36.29619925362723,41.149954659598215,483.6230163574219,525.2177734375,566.1268920898438,605.6807250976562,37.55635172526042,40.786442057291666,43.963297526041664,47.03489583333333,13.170832633972168,12.398332595825195,13.69333267211914,11.091666221618652
CM201800000230,CMGE71FL,CM,2018.0,230.0,CM2018DHS,8838.84375,10325.326171875,12047.142578125,69.69999694824219,67.375,74.28333282470703,68.78333282470703,13.234176635742188,13.189233779907227,14.104430198669434,13.206399917602539,5.590312708264742e-05,0.00011941622226284101,0.0002981022430153993,36.24745483398438,35.04750061035156,35.44766845703125,36.24850158691406,13.941666603088379,13.600000381469727,12.991666793823242,13.241666793823242,2.0,2321.0,2341.5,2563.0,2693.0,2686.7,2667.9,2639.1,0.0,0.0,0.0,0.0,34.455525606469,1530.66015625,5.0,0.0,0.0,0.054399180332377166,0.1976639996827879,28.777182006835936,28.278167724609375,28.46925048828125,28.901998901367186,13.174367735006738,195.34619272237197,-1.0,16.6446207462938,0.3072911799757307,8.206258686404986,0.2984137535095215,0.302480731691633,0.23839718954903738,0.250103269304548,0.22406830106462752,0.22952258586883545,0.16488981246948242,0.1845982245036534,35.141666412353516,35.93333435058594,35.775001525878906,35.400001525878906,28.141666412353516,29.100000381469727,29.258333206176758,28.75,21.200000762939453,22.33333396911621,22.78333282470703,22.15833282470703,0.0,21.3069091796875,21.50883331298828,21.49083251953125,21.555499267578124,5.266666889190674,5.108333587646484,5.266666889190674,5.208333492279053,4462.060331230284,16170.611821086262,9462.20382165605,771.7,886.0,948.9,917.3,847.7,877.1,849.8,0.265122467616819,0.0,0.0,0.0,31.70275115966797,25.32724952697754,25.762250900268555,27.684751510620117,25.32900047302246,25.83625030517578,27.186250686645508,30.96725082397461,29.328250885009766,27.273500442504883,27.14925193786621,25.616748809814453,276.0916442048518,93.46361185983828,3.7840779622395835,4.484798308341734,5.237544890372984,6.109206989247312,15643.275390625,18905.404296875,22578.86328125,26799.431640625,49.93648921832884,60.34157050202156,72.0524658861186,85.50552244777629,6.342499732971191,6.183332920074463,6.81083345413208,6.197499752044678
CM201800000231,CMGE71FL,CM,2018.0,231.0,CM2018DHS,4009.94091796875,4554.9375,5164.052734375,139.49166870117188,108.69166564941406,118.0250015258789,108.94166564941406,46.75698471069336,35.83241653442383,39.01652908325195,35.914833068847656,0.05280760159859291,0.0637014233149015,0.07884779343238243,26.75181770324707,24.924999237060547,26.003334045410156,26.389999389648438,10.949999809265137,10.949999809265137,10.266666412353516,10.933333396911621,1,4505.0,4538.0,4522.0,4672.0,4863.0,4947.0,5067.0,0.0,0.0,0.0,0.0,49.0,1806.5487060546875,5,0.0,0.0,0.08452945774743098,0.5636401210360563,22.40999984741211,21.957500457763672,22.818485260009766,22.9424991607666,0.16624581813812256,23.673688616071427,-1.0,3.631817408970424,0.5977686473301479,0.21209754262651717,0.48377880454063416,0.45880618691444397,0.3324100077152252,0.3140496015548706,0.4916318655014038,0.4867158532142639,0.29391035437583923,0.28286439180374146,29.816667556762695,30.274999618530273,30.03333282470703,30.183334350585938,24.316667556762695,24.774999618530273,24.866666793823242,24.691667556762695,18.866666793823242,19.325000762939453,19.766666412353516,19.25,0.0,18.06818199157715,18.989999771118164,19.633636474609375,19.4950008392334,2.9833333492279053,3.0333333015441895,3.0250000953674316,3.0333333015441895,14917.285714285714,121005.14772727272,331098.6923076923,1982,1979,1688,2135,1834,1909,1526,0.45297510283333914,1.0,1.0,1.0,24.966999053955078,23.117000579833984,23.43400001525879,24.757999420166016,23.655000686645508,23.12700080871582,23.768999099731445,25.211000442504883,24.637001037597656,24.010000228881836,23.78299903869629,23.52199935913086,222.42857142857142,265.0,39.901005045572916,45.41051025390625,51.582316080729164,58.48023274739583,132.7097625732422,142.709716796875,152.31675720214844,161.36007690429688,11.042751857212611,11.874845232282366,12.674244471958705,13.426739283970424,11.929999351501465,11.021666526794434,11.372499465942383,10.53749942779541
CM201800000232,CMGE71FL,CM,2018.0,232.0,CM2018DHS,248015.28125,281723.375,319397.21875,225.9166717529297,176.19166564941406,294.9916687011719,166.97500610351562,80.44510650634766,61.46220779418945,102.9040756225586,58.0782585144043,0.9122441609700521,0.9245351155598959,0.9282107353210449,26.745555877685547,28.1522216796875,27.83222198486328,30.078571319580078,8.691666603088379,8.016666412353516,7.708333492279053,8.216667175292969,2,2201,2194,2227,2134,2153,2143,2147,0.0,0.0,0.0,0.0,98.66666666666667,2697.871826171875,-807,0.0,0.0,0.05895296304481696,0.21522743710718628,23.052322387695312,23.87656593322754,24.494112014770508,25.619840621948242,0.0,0.0,-1.0,0.0,0.0,0.0,0.36787039041519165,0.39119258522987366,0.1364738643169403,0.11344294250011444,0.4039333164691925,0.4526315927505493,0.09236620366573334,0.08096067607402802,31.108333587646484,31.008333206176758,31.033334732055664,31.20833396911621,26.725000381469727,26.975000381469727,27.166667938232422,27.08333396911621,22.416667938232422,22.991666793823242,23.325000762939453,22.991666793823242,11.413161214192709,19.35909080505371,19.600908279418945,21.1560001373291,21.16111183166504,2.808333396911621,2.866666793823242,2.866666793823242,2.875,4913.262620192308,8292.885817307691,4825.424479166667,3138,2925,3558,3172,3073,3580,2378,0.0,3.0,3.0,3.0,27.583999633789062,25.110000610351562,27.170000076293945,27.94499969482422,27.30500030517578,25.15999984741211,26.423999786376953,27.814998626708984,27.131000518798828,26.746999740600586,26.05500030517578,25.566999435424805,8.0,0.0,2145.8776506696427,2442.1788504464284,2774.0987723214284,3145.0691964285716,17376.103515625,21516.9140625,26445.40625,32260.85546875,1349.4869791666667,1671.0765625,2053.83984375,2505.4875,17.16499900817871,15.934999465942383,16.543333053588867,15.129166603088379
CM201800000233,CMGE71FL,CM,2018.0,233.0,CM2018DHS,87808.8984375,99743.1328125,113081.4140625,131.80833435058594,115.51667022705078,136.3333282470703,102.68333435058594,47.785499572753906,40.179710388183594,47.4202880859375,35.7159423828125,0.9154934201921735,0.9192936761038644,0.919910022190639,31.790000915527344,30.392221450805664,30.657272338867188,32.29600143432617,9.175000190734863,9.175000190734863,8.5,9.158333778381348,-9999,3285,3223,3079,3058,3147,3115,3088,0.0,0.0,0.0,0.0,75.0,2392.42236328125,-807,0.0,0.0,0.03979076072530619,0.13248696862315865,25.086362838745117,24.589445114135742,24.85272789001465,25.937166213989258,0.0,0.0,-1.0,0.0,0.0,0.0,0.42407938838005066,0.32946303486824036,0.13861267268657684,0.1794799417257309,0.4702186584472656,0.33099299669265747,0.09163740277290344,0.14466910064220428,28.700000762939453,29.0,28.80000114440918,29.016666412353516,24.08333396911621,24.383333206176758,24.516666412353516,24.40833282470703,19.525001525878906,19.825000762939453,20.30000114440918,19.858333587646484,26.30695718021716,18.382726669311523,18.786666870117188,19.048181533813477,19.578332901000977,2.758333444595337,2.875,2.875,2.875,174009.33333333334,28557.89285714286,57984.151041666664,1784,1495,1351,1647,1502,1514,1181,1.9276222229003905,3.0,3.0,3.0,24.781999588012695,22.795000076293945,23.84600067138672,25.30299949645996,24.42099952697754,22.527000427246094,23.399999618530273,24.98699951171875,24.201000213623047,23.722999572753906,23.39299964904785,23.132999420166016,3.533333333333333,0.0,963.3709542410714,1096.392578125,1245.4048549107142,1411.9483816964287,19325.7109375,24696.20703125,31376.0546875,39619.8984375,1500.5776041666666,1917.578515625,2436.2463541666666,3076.353125,13.170832633972168,12.398332595825195,13.69333267211914,11.091666221618652
CM201800000234,CMGE71FL,CM,2018.0,234.0,CM2018DHS,106742.546875,121250.0703125,137464.40625,184.0749969482422,157.89166259765625,159.22500610351562,133.5166778564453,66.13472747802734,55.40058517456055,54.90517044067383,47.402366638183594,0.2353994051615397,0.3121674458185832,0.3982391357421875,25.862728118896484,25.293636322021484,25.8700008392334,25.4516658782959,10.141666412353516,9.466667175292969,9.091667175292969,9.675000190734863,2.0,3489.0,3473.0,3492.0,3188.0,3637.0,3581.0,3630.0,0.0,0.0,0.0,0.0,50.0,1964.494384765625,-807,0.0,0.0,0.06877630909309772,0.25073220855716283,20.133636474609375,20.00098419189453,20.47333335876465,20.296667098999023,3.162855965750558,773.9020647321429,-1.0,28.92047337123326,15.23808833530971,1.683866228376116,0.25781896710395813,0.43764403462409973,0.15143272280693054,0.0748080164194107,0.19388236105442047,0.40588873624801636,0.09132567793130875,0.04152347892522812,26.59166717529297,26.641666412353516,26.58333396911621,26.649999618530273,21.491666793823242,21.875,22.008333206176758,21.80000114440918,16.450000762939453,17.17500114440918,17.491666793823242,16.975000381469727,0.8947648673221983,14.404545783996582,14.708333015441895,15.076666831970215,15.141666412353516,2.7833333015441895,2.8500001430511475,2.9000000953674316,2.816666603088379,120070.36538461539,14724.51923076923,151788.7857142857,1779,1859,1807,1846,2066,1904,1698,2.274557794843401,3.0,3.0,3.0,24.47800064086914,21.489999771118164,25.06100082397461,25.56599998474121,24.732999801635742,22.02400016784668,23.29800033569336,25.565000534057617,24.20800018310547,24.256000518798828,22.601999282836914,22.389999389648438,2.0714285714285716,0.5,1116.5374581473213,1270.7081473214287,1443.412109375,1636.434291294643,2645.98583984375,2688.38623046875,2711.06494140625,2713.57568359375,220.62053571428572,224.1558837890625,226.04678780691964,226.25617327008928,15.770833015441895,15.239166259765625,15.21500015258789,14.119999885559082
CM201800000235,CMGE71FL,CM,2018.0,235.0,CM2018DHS,23839.767578125,27079.86328125,30701.15234375,147.35833740234375,139.73333740234375,136.4499969482422,114.73333740234375,49.8112678527832,46.19283676147461,44.373985290527344,38.24444580078125,0.00045446240449253516,0.0011321780613706082,0.001410897585410106,25.91934543185764,24.946536593967014,25.912000868055557,25.68948025173611,9.166666984558105,9.166666984558105,8.483333587646484,9.149999618530273,-9999,4164.222222222223,4172.777777777777,4234.0,4408.444444444444,4616.111111111111,4795.444444444444,4743.444444444444,0.0,0.0,0.0,0.0,29.79291553133515,2471.2470703125,-801.0,0.0,0.0,0.07312002856625664,0.38440181700542325,22.27739969889323,22.113176133897568,22.53256564670139,22.53014458550347,0.19767798649842472,68.63906037125341,-1.0,2.8738554660890667,3.5492884664509536,0.7500395813819822,0.49754002888997395,0.4336639404296875,0.39869073232014973,0.35211264292399086,0.5983804066975912,0.48457438151041665,0.43672768274943036,0.38195219039916994,29.766666412353516,30.066667556762695,29.84166717529297,30.066667556762695,25.149999618530273,25.450000762939453,25.59166717529297,25.45833396911621,20.600000381469727,20.900001525878906,21.358333587646484,20.916667938232422,0.010708580172158838,18.635453965928818,19.279815673828125,19.15313212076823,19.370808919270832,2.9583334922790527,3.0250000953674316,3.075000047683716,3.0,171674.74285714285,69007.52050473186,18076.533123028392,1781.2222222222222,1712.888888888889,1466.111111111111,1629.6666666666667,1599.111111111111,1717.5555555555557,1283.0,1.1114408820461512,0.0,0.0,0.0,25.339750289916992,23.019001007080078,25.08099937438965,26.06624984741211,25.144750595092773,23.139999389648438,24.13800048828125,25.822999954223633,24.850749969482422,24.497499465942383,24.067501068115234,23.901500701904297,116.24795640326975,80.52588555858311,9.543834582052595,10.861640971866462,12.337861274760929,13.987758282103826,26912.4765625,27704.75390625,28307.24609375,28707.6171875,85.44135303133515,87.9566746849455,89.86946525885558,91.14055049386921,13.792499542236328,13.516666412353516,13.476666450500488,12.154999732971191
CM201800000236,CMGE71FL,CM,2018.0,236.0,CM2018DHS,33459.59375,38007.1328125,43089.6875,109.375,120.375,127.35000610351562,125.28334045410156,32.32758712768555,35.1459846496582,37.1824836730957,36.7579460144043,0.3273588589259556,0.41204656873430523,0.4842269080025809,31.082727432250977,30.406665802001953,29.913333892822266,31.22166633605957,13.516667366027832,12.983333587646484,12.5,12.783333778381348,1.0,2820,2807,2908,2943,3115,3064,3069,0.0,0.0,0.0,0.0,61.142857142857146,2024.000732421875,-807,0.0,0.0,0.07775729771977949,0.2763666375269149,23.166362762451172,23.349166870117188,23.12984848022461,23.939167022705078,1.370567730494908,57.010463169642854,-1.0,0.1517472948346819,0.49174479075840544,0.21451267174312047,0.3682481348514557,0.377848744392395,0.17572829127311707,0.1920371800661087,0.3250296115875244,0.3476015031337738,0.11439833790063858,0.13923582434654236,28.850000381469727,29.299999237060547,29.15833282470703,28.975000381469727,22.066667556762695,22.78333282470703,22.883333206176758,22.558334350585938,15.333333969116211,16.316667556762695,16.65833282470703,16.191667556762695,4.096925406620421,15.25,16.29166603088379,16.346363067626953,16.656665802001953,3.383333444595337,3.424999952316284,3.424999952316284,3.4083333015441895,163284.23958333334,67325.95833333333,117057.84090909091,1449.0,1540.0,1803.0,1577.0,1536.0,1676.0,1498.0,0.49914945874895367,3.0,3.0,3.0,24.09200096130371,21.180999755859375,20.572999954223633,22.77199935913086,21.006000518798828,21.107999801635742,21.753999710083008,24.131999969482422,22.7549991607666,21.019001007080078,21.719999313354492,21.270999908447266,2.7857142857142856,0.07142857142857142,379.2802734375,431.6509765625,490.31731770833335,555.8856770833333,193.02842712402344,225.51004028320312,261.489013671875,300.9515380859375,16.15370614188058,18.8719482421875,21.88287353515625,25.185317993164062,10.146666526794434,11.72249984741211,12.706665992736816,11.679166793823242
CM201800000237,CMGE71FL,CM,2018.0,237.0,CM2018DHS,706.2364501953125,802.2220458984375,909.500244140625,147.1999969482422,130.23333740234375,151.8916778564453,112.86666870117188,55.20000076293945,47.357574462890625,55.06646728515625,40.91843032836914,0.013268482226591844,0.04644949619586651,0.04688723270709698,24.976667404174805,24.775999069213867,25.663999557495117,24.62555503845215,8.550000190734863,8.550000190734863,7.875,8.533333778381348,-9999,4160,4296,4188,4419,4718,4780,4778,0.0,0.0,0.0,0.0,44.785714285714285,2392.42236328125,5,0.0,0.0,0.09206833933787593,0.46186579620726825,21.676969528198242,21.739665985107422,22.38283348083496,21.800277709960938,0.4261249133518764,5.637294224330357,-1.0,5.206673213413784,0.8300730841500419,1.3428848811558314,0.598189115524292,0.5350040197372437,0.29387935996055603,0.3308463990688324,0.8060561418533325,0.6891119480133057,0.28183305263519287,0.3537176549434662,28.225000381469727,28.491666793823242,28.291667938232422,28.53333282470703,23.916667938232422,24.183334350585938,24.33333396911621,24.233333587646484,19.67500114440918,19.941667556762695,20.416667938232422,20.0,0.46839230401175364,18.377273559570312,18.703332901000977,19.101667404174805,18.975000381469727,2.6666667461395264,2.75,2.758333444595337,2.758333444595337,131256.3076923077,9609.948317307691,92832.30769230769,2066,1849,1677,1751,1658,1686,1380,0.4190950393676758,0.0,1.0,1.0,24.328998565673828,22.352998733520508,23.819000244140625,24.711999893188477,24.01300048828125,22.30699920654297,23.307998657226562,24.531999588012695,24.088001251220703,23.49799919128418,23.12700080871582,22.862998962402344,61.07142857142857,2.142857142857143,7.483614921569824,8.516946792602539,9.674497604370117,10.968231201171875,407.2489013671875,420.87591552734375,431.708740234375,439.5203857421875,33.86584908621652,34.99903869628906,35.89986528669085,36.549468994140625,14.460832595825195,13.389166831970215,14.794166564941406,11.939167022705078
CM201800000238,CMGE71FL,CM,2018.0,238.0,CM2018DHS,4788.3056640625,5439.0908203125,6166.4404296875,168.64166259765625,145.3000030517578,184.5,131.60833740234375,59.0,49.25423812866211,62.54237365722656,44.48732376098633,0.0009196541111940031,0.0014437461734577348,0.0024943712410653474,25.54007568359375,25.61026611328125,26.411651611328125,26.129086303710938,8.449999809265137,8.449999809265137,7.775000095367432,8.433333396911621,-9999,3655.2,3640.8,3717.1,3733.0,3964.8,4046.1,4018.9,0.0,0.0,0.0,0.0,25.84054054054054,2694.552734375,-801.0,0.0,0.0,0.08250384083464384,0.4342327700059461,21.792581176757814,22.68643798828125,23.072245788574218,22.715589904785155,0.34703946500211147,6.490555057010135,-1.0,2.1637929555532094,0.3965612875448691,0.7978494180215372,0.5166893686567035,0.48267909458705355,0.36083807264055523,0.3169522285461426,0.6610710961478097,0.6043048586164202,0.3952035903930664,0.3435882500239781,29.983333587646484,30.30000114440918,30.058334350585938,30.325000762939453,25.733333587646484,26.05000114440918,26.149999618530273,26.08333396911621,21.53333282470703,21.850000381469727,22.28333282470703,21.891666412353516,0.0013119713422239554,18.045091247558595,19.762606811523437,19.732843017578126,19.302093505859375,2.8583333492279053,2.950000047683716,2.950000047683716,2.9583334922790527,96810.76923076923,40428.171428571426,62971.136507936506,2448.222222222222,2314.6666666666665,2262.1111111111113,2078.3333333333335,2031.5555555555557,2347.8888888888887,1520.4444444444443,0.26450304598421664,0.0,0.0,0.0,26.702251434326172,23.807748794555664,26.70050048828125,27.152250289916992,26.60150146484375,24.097749710083008,25.339000701904297,26.993999481201172,26.374250411987305,25.66699981689453,25.263999938964844,24.88749885559082,208.45135135135135,155.4108108108108,1.8683151657516892,2.1262909760346282,2.415277924408784,2.7382644240920606,6064.3984375,6295.89111328125,6488.65966796875,6638.89697265625,19.089685388513512,19.818387088260135,20.42518871410473,20.898107580236488,15.418333053588867,14.229166984558105,15.323332786560059,13.088333129882812
CM201800000239,CMGE71FL,CM,2018.0,239.0,CM2018DHS,92246.5703125,104783.921875,118796.3046875,131.80833435058594,115.51667022705078,136.3333282470703,102.68333435058594,47.785499572753906,40.179710388183594,47.4202880859375,35.7159423828125,0.989120830189098,0.9893739873712714,0.9897643002596769,31.790000915527344,30.392221450805664,30.657272338867188,32.29600143432617,9.175000190734863,9.175000190734863,8.5,9.158333778381348,-9999,3285.0,3223.0,3079.0,3058.0,3147.0,3115.0,3088.0,0.0,0.0,0.0,0.0,84.75,2392.42236328125,-807.0,0.0,0.0,0.03979076072530619,0.13248696862315865,25.086362838745117,24.589445114135742,24.85272789001465,25.937166213989258,0.0,0.0,-1.0,0.0,0.0,0.0,0.42407938838005066,0.32946303486824036,0.13861267268657684,0.1794799417257309,0.4702186584472656,0.33099299669265747,0.09163740277290344,0.14466910064220428,28.700000762939453,29.0,28.80000114440918,29.016666412353516,24.08333396911621,24.383333206176758,24.516666412353516,24.40833282470703,19.525001525878906,19.825000762939453,20.30000114440918,19.858333587646484,20.62257122171336,18.382726669311523,18.786666870117188,19.048181533813477,19.578332901000977,2.758333444595337,2.875,2.875,2.875,174188.2142857143,28287.714285714286,59778.17307692308,1784.0,1495.0,1351.0,1647.0,1502.0,1514.0,1181.0,0.6126269698143005,3.0,3.0,3.0,24.781999588012695,22.795000076293945,23.84600067138672,25.30299949645996,24.42099952697754,22.527000427246094,23.399999618530273,24.98699951171875,24.201000213623047,23.722999572753906,23.39299964904785,23.132999420166016,3.8125,0.0,840.9220052083333,957.0359375,1087.1080078125,1232.4829427083334,21550.40625,27608.890625,35146.84375,44451.47265625,1568.748046875,2009.771240234375,2558.4912109375,3235.815673828125,13.170832633972168,12.398332595825195,13.69333267211914,11.091666221618652
CM201800000240,CMGE71FL,CM,2018.0,240.0,CM2018DHS,13455.234375,15283.953125,17327.822265625,147.1999969482422,130.23333740234375,151.8916778564453,112.86666870117188,55.20000076293945,47.357574462890625,55.06646728515625,40.91843032836914,0.00017371801094125255,0.0007319797913487346,0.0007484272455635924,24.739817810058593,24.122866821289062,24.65790710449219,24.642669677734375,8.550000190734863,8.550000190734863,7.875,8.533333778381348,-9999,4097.5,4055.4,4056.1,4061.2,4408.2,4434.6,4431.2,0.0,0.0,0.0,0.0,26.043126684636118,2392.422433035714,-801.0,0.0,0.0,0.09157205237434889,0.49315730105800376,21.532000732421874,21.296017456054688,21.832620239257814,21.950250244140626,0.1826488155560352,2.2520478857816713,-1.0,1.4111764090401786,0.47956445082178656,0.45703750157934636,0.5948002338409424,0.5415677428245544,0.3300997018814087,0.34140264987945557,0.7980712652206421,0.6999415159225464,0.33409273624420166,0.36908021569252014,28.225000381469727,28.491666793823242,28.291667938232422,28.53333282470703,23.916667938232422,24.183334350585938,24.33333396911621,24.233333587646484,19.67500114440918,19.941667556762695,20.416667938232422,20.0,0.000841338997301848,18.32418212890625,18.46916809082031,19.00733337402344,19.257833862304686,2.6666667461395264,2.75,2.758333444595337,2.758333444595337,102384.5142857143,15061.003205128205,118171.11254019293,2120.3,1851.4,1649.0,1729.6,1646.8,1702.5,1367.8,1.7811953809383423,0.0,0.0,0.0,24.27775001525879,22.293249130249023,23.745750427246094,24.49799919128418,23.89025115966797,22.30099868774414,23.29599952697754,24.394750595092773,24.018999099731445,23.413999557495117,23.090499877929688,22.820249557495117,224.0943396226415,95.08086253369272,5.421432783018868,6.170020584147574,7.008596250631738,7.945829735933288,10782.533203125,11144.880859375,11433.4365234375,11642.173828125,33.826714117250674,34.963464454177895,35.86871946597035,36.52356384770889,14.460832595825195,13.389166831970215,14.794166564941406,11.939167022705078
CM201800000241,CMGE71FL,CM,2018.0,241.0,CM2018DHS,1769.1583251953125,2009.6070556640625,2278.3447265625,132.4250030517578,110.45833587646484,119.44166564941406,109.07500457763672,45.016998291015625,36.71745300292969,39.16120147705078,36.56145095825195,0.00034126596519360526,0.0006838394239687692,0.0010887603409374103,26.718289184570313,25.661831665039063,25.90125732421875,25.901666259765626,10.925000190734863,10.925000190734863,10.241666793823242,10.908333778381348,1.0,4115.9,4164.0,4179.8,4283.7,4550.0,4693.9,4657.9,0.0,0.0,0.0,0.0,22.89189189189189,2108.62421875,5.0,0.0,0.0,0.08055672145003268,0.4257005947990983,22.412872314453125,22.209584045410157,22.371961975097655,22.41058349609375,0.26698610460436023,5.56673682960304,-1.0,1.674308158255912,0.18882986532675253,0.11650265874089422,0.5467525482177734,0.53240540822347,0.4365522384643555,0.38269405364990233,0.6072897593180339,0.5868955612182617,0.43311983744303384,0.38297144571940106,29.64166831970215,30.116666793823242,29.875,30.0,24.15833282470703,24.633333206176758,24.733333587646484,24.525001525878906,18.71666717529297,19.191667556762695,19.633333206176758,19.09166717529297,0.0,18.107455444335937,18.75733337402344,18.84266815185547,18.91949920654297,2.941666841506958,3.008333444595337,3.049999952316284,2.9833333492279053,96338.54487179487,49745.801261829656,189431.8738170347,1678.5,1540.75,1502.75,1697.4166666666667,1532.25,1598.1666666666667,1399.75,0.1647081117372255,0.0,0.0,0.0,24.40450096130371,22.499500274658203,23.044498443603516,24.056499481201172,23.149749755859375,22.29625129699707,23.098249435424805,24.56974983215332,23.83424949645996,23.58475112915039,23.204248428344727,23.016250610351562,257.05405405405406,67.41621621621621,0.659467412850398,0.7505262421398629,0.8525312883744072,0.9665371861238143,2999.42724609375,3442.1484375,3920.70361328125,4432.54296875,9.45329787795608,10.848623574746622,12.356886085304055,13.97004856418919,12.125,11.640832901000977,11.769999504089355,10.929166793823242
CM201800000242,CMGE71FL,CM,2018.0,242.0,CM2018DHS,35548.59375,40380.046875,45779.921875,179.80833435058594,151.76666259765625,153.64999389648438,127.5,62.906707763671875,51.88603973388672,51.50279235839844,42.5,0.5081333680586382,0.6698006716641512,0.7848696275190874,28.2336368560791,26.0766658782959,26.93666648864746,27.108333587646484,10.291666984558105,9.616666793823242,9.225000381469727,9.824999809265137,2.0,3557,3534,3587,3523,3811,3707,3851,0.0,0.0,0.0,0.0,52.57142857142857,1964.494384765625,-807.0,0.0,0.0,0.07646113298767332,0.18896676314247973,21.472929000854492,20.50666618347168,21.018333435058594,21.299165725708008,0.34669978278023855,371.1001674107143,-1.0,18.468928745814733,26.665847778320312,0.6116963114057269,0.283743679523468,0.5718280076980591,0.19544826447963715,0.07770311832427979,0.2273486852645874,0.606440544128418,0.13012531399726868,0.044305261224508286,25.65833282470703,25.75,25.67500114440918,25.741666793823242,20.491666793823242,20.916667938232422,21.041667938232422,20.799999237060547,15.366666793823242,16.133333206176758,16.450000762939453,15.916666984558105,2.0758277629983835,14.7122220993042,14.936666488647461,15.100000381469727,15.489999771118164,2.8583333492279053,2.924999952316284,2.9833333492279053,3.0,78334.59615384616,34591.37215909091,198491.10714285713,2090,2127,2112,2163,2200,2164,2069,3.100010735648019,3.0,3.0,3.0,24.143999099731445,21.200000762939453,22.45400047302246,24.67799949645996,23.548999786376953,21.415000915527344,22.500999450683594,24.785999298095703,23.55299949645996,23.177000045776367,22.239999771118164,21.79599952697754,6.785714285714286,0.0,415.2432338169643,472.5797642299107,536.8086983816964,608.5940987723214,2863.838134765625,3240.9833984375,3640.38916015625,4058.578369140625,239.00383649553572,270.47879464285717,303.8115234375,338.71177455357144,15.453332901000977,14.899999618530273,14.839166641235352,13.811666488647461
CM201800000243,CMGE71FL,CM,2018.0,243.0,CM2018DHS,344.23834228515625,391.0242919921875,443.31451416015625,184.0749969482422,157.89166259765625,159.22500610351562,133.5166778564453,66.13472747802734,55.40058517456055,54.90517044067383,47.402366638183594,0.011598112682501474,0.03515628228584925,0.05746626357237498,27.2336368560791,26.489999771118164,26.34666633605957,26.96500015258789,10.141666412353516,9.466667175292969,9.091667175292969,9.675000190734863,2.0,3277,3311,3351,3218,3548,3660,3736,0.0,0.0,0.0,0.0,29.285714285714285,1964.494384765625,5,0.0,0.0,0.0638812184288538,0.30477128788568086,21.430908203125,21.4375,21.447500228881836,21.644166946411133,3.5547948564801897,977.6686662946429,-1.0,6.301311492919922,13.39607674734933,1.1288650376456124,0.3502222001552582,0.5170055627822876,0.24878032505512238,0.12694445252418518,0.29929980635643005,0.5179634690284729,0.1826542466878891,0.0807986930012703,26.59166717529297,26.641666412353516,26.58333396911621,26.649999618530273,21.491666793823242,21.875,22.008333206176758,21.80000114440918,16.450000762939453,17.17500114440918,17.491666793823242,16.975000381469727,0.009145635983039593,15.628181457519531,16.385000228881836,16.5483341217041,16.323333740234375,2.7833333015441895,2.8500001430511475,2.9000000953674316,2.816666603088379,145530.01923076922,38367.28571428572,150662.18181818182,1795,1768,1677,1738,1970,1820,1712,1.4552319390433175,1.0,1.0,1.0,23.179000854492188,20.229000091552734,21.880001068115234,24.10700035095215,23.117000579833984,20.451000213623047,21.590999603271484,24.06100082397461,22.5310001373291,22.275999069213867,21.106000900268555,20.9010009765625,120.92857142857143,8.0,3.768263953072684,4.2885832105364114,4.871451241629464,5.522891998291016,1819.8050537109375,1690.427734375,1558.522216796875,1426.224365234375,151.72366768973214,140.93701171875,129.93955775669642,118.909423828125,15.770833015441895,15.239166259765625,15.21500015258789,14.119999885559082
CM201800000245,CMGE71FL,CM,2018.0,245.0,CM2018DHS,110843.796875,125908.71875,142746.03125,179.80833435058594,151.76666259765625,153.64999389648438,127.5,62.906707763671875,51.88603973388672,51.50279235839844,42.5,0.021327201193168617,0.03571547725959606,0.04261719375561288,29.09327087402344,27.486166381835936,28.37366638183594,28.017999267578126,10.291666984558105,9.616666793823242,9.225000381469727,9.824999809265137,2.0,3332.0,3334.5,3441.0,3332.7,3540.8,3451.1,3476.7,0.0,0.0,0.0,0.0,28.752688172043012,1964.4945068359375,4.0,0.0,0.0,0.07131649100834211,0.3071947773016223,22.495089721679687,21.633935546875,22.38739471435547,22.21925048828125,2.8888812321488575,842.252940188172,-1.0,7.936451901671707,2.575497370894237,1.4134299985824093,0.3519643545150757,0.574933648109436,0.27201807498931885,0.1230527013540268,0.3023942708969116,0.6066627502441406,0.2081383764743805,0.07823999226093292,25.65833282470703,25.75,25.67500114440918,25.741666793823242,20.491666793823242,20.916667938232422,21.041667938232422,20.799999237060547,15.366666793823242,16.133333206176758,16.450000762939453,15.916666984558105,0.03419172699387009,15.896908569335938,15.781700134277344,16.401121520996092,16.420500183105467,2.8583333492279053,2.924999952316284,2.9833333492279053,3.0,120886.80634920635,36607.380952380954,175575.89808917197,1824.8,1868.9,1800.2,1858.4,1988.6,1989.6,1800.4,1.1920016709194388,0.0,1.0,1.0,24.422000885009766,21.499248504638672,22.586000442504883,25.400251388549805,24.258502960205078,21.776248931884766,22.684249877929688,25.399999618530273,23.64699935913086,23.420000076293945,22.430500030517578,22.14175033569336,104.68279569892474,9.010752688172044,46.35995508344686,52.76130364441417,59.93216748978202,67.94667489782016,103717.796875,111616.96875,119237.765625,126449.75,325.5510962701613,350.3449260752688,374.26499495967744,396.9018817204301,15.453332901000977,14.899999618530273,14.839166641235352,13.811666488647461
CM201800000246,CMGE71FL,CM,2018.0,246.0,CM2018DHS,64736.88671875,73535.3671875,83368.984375,223.85000610351562,178.51666259765625,281.04168701171875,168.1416778564453,79.23893737792969,61.557472229003906,96.91091918945312,57.6485710144043,0.7313714027404785,0.7637480099995931,0.7684799035390218,25.709999084472656,24.203332901000977,26.666362762451172,26.016666412353516,8.416666984558105,7.741666793823242,7.441667079925537,7.941667079925537,2.0,2343,2477,2580,2756,2779,2864,2810,0.0,0.0,0.0,0.0,60.357142857142854,2995.8017578125,-807,0.0,0.0,0.05304054416991964,0.1902248762160872,22.6990909576416,22.58888816833496,24.111818313598633,23.779582977294922,0.18017794404711043,613.4036690848214,-1.0,1.135643754686628,0.0,0.5148666245596749,0.3528392016887665,0.37430283427238464,0.13954108953475952,0.11302486062049866,0.3794374465942383,0.42185595631599426,0.09518828243017197,0.0799097865819931,31.0,30.875,30.88333511352539,31.058334350585938,26.758333206176758,26.975000381469727,27.133333206176758,27.066667556762695,22.58333396911621,23.133333206176758,23.441667556762695,23.116666793823242,8.75567100787985,19.688180923461914,20.974445343017578,21.55727195739746,21.542499542236328,2.825000047683716,2.9000000953674316,2.9000000953674316,2.9166667461395264,6823.090745192308,3891.0809151785716,3935.707331730769,3221,3502,3751,3416,3241,3850,2643,0.0,3.0,3.0,3.0,27.208248138427734,24.597938537597656,26.797937393188477,27.542268753051758,26.904123306274414,24.75154685974121,25.994844436645508,27.368040084838867,26.729896545410156,26.428865432739258,25.6989688873291,25.161855697631836,10.0,0.0,518.6845092773438,590.3041381835938,670.5332641601562,760.201171875,16218.45703125,20083.3984375,24683.541015625,30111.548828125,1349.487025669643,1671.0767299107142,2053.83984375,2505.487723214286,17.586666107177734,15.996665954589844,16.883333206176758,15.099165916442871
CM201800000247,CMGE71FL,CM,2018.0,247.0,CM2018DHS,58691.453125,66668.28125,75583.59375,198.9166717529297,162.64999389648438,223.3333282470703,149.30833435058594,70.41297912597656,55.60683822631836,76.57142639160156,50.90056610107422,0.08198067775139442,0.09135743287893441,0.14119044634012076,25.974445343017578,25.961111068725586,26.03499984741211,27.054000854492188,8.75,8.074999809265137,7.400000095367432,8.058333396911621,-9999,3356,3357,3409,3175,3078,3092,3040,0.0,0.0,0.0,0.0,71.57142857142857,2694.552734375,-807,0.0,0.0,0.10521595138831977,0.41202122204956404,22.744443893432617,23.114646911621094,23.335500717163086,23.714221954345703,0.6985526766095843,57.961696079799104,-1.0,7.576745169503348,0.27721387999398367,1.5543316432407923,0.46871086955070496,0.47480541467666626,0.2875281870365143,0.24598675966262817,0.5778985619544983,0.598382294178009,0.28599461913108826,0.23722052574157715,30.649999618530273,30.59166717529297,30.366666793823242,30.616666793823242,26.25,26.516666412353516,26.641666412353516,26.55000114440918,21.899999618530273,22.516666412353516,22.96666717529297,22.558334350585938,0.4654330220715753,19.51444435119629,20.2681827545166,20.63599967956543,20.37444496154785,2.825000047683716,2.924999952316284,2.9166667461395264,2.933333396911621,43608.517857142855,9466.0625,12556.069602272728,2514,2387,2500,2230,2159,2479,1802,0.261767966406686,2.0,2.0,2.0,27.355998992919922,24.43000030517578,27.299999237060547,27.753000259399414,27.160999298095703,24.638999938964844,26.134000778198242,27.60099983215332,27.145000457763672,26.595001220703125,25.910999298095703,25.428998947143555,2.5714285714285716,42.714285714285715,495.259375,563.6444010416667,640.2501302083333,725.868359375,221.23614501953125,227.469482421875,232.1305694580078,235.12428283691406,18.593074253627233,19.116938999720983,19.508662632533483,19.760262625558035,17.162500381469727,15.354999542236328,16.206666946411133,14.285833358764648
CM201800000248,CMGE71FL,CM,2018.0,248.0,CM2018DHS,5518.248046875,6268.240234375,7106.4697265625,144.30833435058594,134.5916748046875,136.625,111.15834045410156,47.4438362121582,43.30026626586914,43.373016357421875,35.85752868652344,0.0004733930795620649,0.0011090003909208835,0.0016590889829855699,25.78347439236111,24.998891194661457,24.51555718315972,25.193888346354168,9.658333778381348,9.658333778381348,8.983333587646484,9.641666412353516,-9999,3504.777777777778,3522.6666666666665,3665.3333333333335,3618.8888888888887,3704.222222222222,3884.222222222222,3828.777777777778,0.0,0.0,0.0,0.0,27.46505376344086,2471.246875,4.0,0.0,0.0,0.07532067383523887,0.3578324166408558,22.68633355034722,22.655371771918404,22.595689561631943,22.71887885199653,0.3641904605332241,6.595449796286962,-0.9731182795698925,2.907733876218078,1.8687425839003695,0.7662678380166331,0.42533622469220844,0.3921682834625244,0.371614933013916,0.3215622901916504,0.4755617550441197,0.4252969878060477,0.3952507291521345,0.3332649639674595,30.025001525878906,30.375,30.191667556762695,30.34166717529297,25.166667938232422,25.516666412353516,25.666667938232422,25.491666793823242,20.366666793823242,20.71666717529297,21.20833396911621,20.700000762939453,0.007230590866959613,19.589192708333332,20.311852349175346,20.675825330946182,20.243872748480904,3.0416667461395264,3.1083333492279053,3.1500000953674316,3.1000001430511475,194857.42586750787,57131.25,46510.92405063291,1633.6,1630.1,1501.8,1523.3,1553.9,1637.0,1355.4,1.5160430580057123,0.0,0.0,0.0,26.06024932861328,23.877248764038086,25.51274871826172,26.70949935913086,25.605501174926758,23.964000701904297,24.735750198364258,26.607749938964844,25.288000106811523,24.991750717163086,24.688501358032227,24.708999633789062,128.5779569892473,89.70698924731182,2.3380013863462192,2.6608307965769753,3.022468255066417,3.426651707786955,4466.01171875,4734.55322265625,4994.3984375,5243.50537109375,14.376349336357526,15.247881489415322,16.092668430779568,16.904144615255376,13.78833293914795,13.493332862854004,13.47249984741211,12.196666717529297
CM201800000249,CMGE71FL,CM,2018.0,249.0,CM2018DHS,8464.69140625,9615.138671875,10900.9365234375,144.30833435058594,134.5916748046875,136.625,111.15834045410156,47.4438362121582,43.30026626586914,43.373016357421875,35.85752868652344,0.00027252257631990475,0.0011533368319368211,0.0022192749733361194,27.437109375,25.97930908203125,25.954727172851562,26.6131591796875,9.658333778381348,9.658333778381348,8.983333587646484,9.641666412353516,-9999,3854.5,3769.7,3814.5,3879.0,4048.5,4179.1,4123.4,0.0,0.0,0.0,0.0,25.6866485013624,2471.2472098214284,4.0,0.0,0.0,0.07427707237842471,0.3465385595753684,23.44803466796875,23.176571655273438,23.18084259033203,23.46104278564453,0.3663991292317708,10.570303828338456,-1.0,3.050666517247268,1.4374941633047302,0.8296409565242914,0.39200916290283205,0.3783313115437826,0.35637060801188153,0.29526666005452473,0.4218897501627604,0.403502368927002,0.3693110783894857,0.29269336064656576,30.025001525878906,30.375,30.191667556762695,30.34166717529297,25.166667938232422,25.516666412353516,25.666667938232422,25.491666793823242,20.366666793823242,20.71666717529297,21.20833396911621,20.700000762939453,0.01421055920012371,19.458963012695314,20.373834228515626,20.4069580078125,20.308924865722656,3.0416667461395264,3.1083333492279053,3.1500000953674316,3.1000001430511475,185330.87697160884,53807.39936102236,48353.308681672024,1544.8333333333333,1524.0,1433.75,1448.25,1529.0,1547.1666666666667,1295.8333333333333,0.6834199415530012,0.0,0.0,0.0,26.202667236328125,23.938331604003906,25.23199971516927,26.954666137695312,25.58600107828776,24.08799997965495,24.80199940999349,26.878334045410156,25.251998901367188,24.924001057942707,24.761001586914062,24.80433400472005,155.3551912568306,26.19672131147541,3.4279131915118244,3.901237199113176,4.431459828969595,5.024063027871621,8218.98046875,8615.9248046875,8964.7861328125,9258.658203125,26.33968899419399,27.613147839822403,28.73278208247951,29.676472314719945,13.78833293914795,13.493332862854004,13.47249984741211,12.196666717529297
CM201800000250,CMGE71FL,CM,2018.0,250.0,CM2018DHS,214221.1875,243336.28125,275876.75,225.9166717529297,176.19166564941406,294.9916687011719,166.97500610351562,80.44510650634766,61.46220779418945,102.9040756225586,58.0782585144043,0.9242327430031516,0.9322513233531605,0.9354646856134589,28.83888816833496,26.983999252319336,29.181110382080078,28.41857147216797,8.691666603088379,8.016666412353516,7.708333492279053,8.216667175292969,2.0,1460,1402,1379,1433,1464,1464,1466,0.0,0.0,0.0,0.0,94.4375,2697.871826171875,-807,0.0,0.0,0.0533132199080337,0.2021994392391353,24.182626724243164,23.551000595092773,25.15855598449707,24.975536346435547,0.0,0.0,-1.0,0.0,0.0,0.0,0.34999969601631165,0.3730185627937317,0.13481253385543823,0.10740933567285538,0.37443962693214417,0.42034226655960083,0.09065529704093933,0.07472863793373108,31.108333587646484,31.008333206176758,31.033334732055664,31.20833396911621,26.725000381469727,26.975000381469727,27.166667938232422,27.08333396911621,22.416667938232422,22.991666793823242,23.325000762939453,22.991666793823242,12.26366973341557,19.526363372802734,20.118000030517578,21.13599967956543,21.532499313354492,2.808333396911621,2.866666793823242,2.866666793823242,2.875,2803.2857572115386,7710.399857954545,2448.183035714286,3044,3302,3542,3182,3122,3773,2524,0.0,3.0,3.0,3.0,27.347000122070312,24.865999221801758,26.996999740600586,27.70599937438965,27.152000427246094,24.9950008392334,26.191999435424805,27.571001052856445,26.895000457763672,26.59600067138672,25.867000579833984,25.38800048828125,5.375,0.0,2030.583705357143,2310.965262276786,2625.0518973214284,2976.090401785714,18534.29296875,22951.109375,28208.10546875,34411.17578125,1349.4869384765625,1671.0765380859375,2053.83984375,2505.4873046875,17.16499900817871,15.934999465942383,16.543333053588867,15.129166603088379
CM201800000252,CMGE71FL,CM,2018.0,252.0,CM2018DHS,24954.2421875,28345.80859375,32136.390625,61.5,62.82500076293945,70.7249984741211,62.95000076293945,11.031390190124512,11.580644607543945,12.648285865783691,11.393665313720703,0.001825035567496233,0.002532934307292768,0.0038738486113821624,37.51072692871094,35.596832275390625,36.44966430664063,36.180502319335936,14.666666984558105,14.308333396911621,13.883333206176758,13.941666603088379,2.0,2073.0,2126.1,2239.0,2446.9,2467.4,2421.3,2448.2,0.0,0.0,0.0,0.0,36.24598930481283,1731.0255301339287,4.0,0.0,0.0,0.03406997673793867,0.15464147728261227,29.26263427734375,28.527166748046874,29.141168212890626,28.814801025390626,7.783110677083333,43.072854166666666,-1.0,0.6637294108072916,1.0058107096354167,9.066177083333333,0.2288503646850586,0.25657762799944195,0.29582984106881277,0.2871663570404053,0.15536742550986155,0.1849381923675537,0.21613454818725586,0.2163775818688529,34.57500076293945,35.38333511352539,35.40833282470703,34.83333206176758,27.20833396911621,28.200000762939453,28.433334350585938,27.83333396911621,19.90833282470703,21.075000762939453,21.525001525878906,20.891666412353516,0.009608062693107886,21.014544677734374,21.457501220703126,21.832667541503906,21.44910583496094,5.575000286102295,5.425000190734863,5.5916666984558105,5.525000095367432,37334.38338658147,25534.9076433121,139913.7891373802,703.6363636363636,611.4545454545455,871.1818181818181,842.1818181818181,779.0909090909091,851.0909090909091,905.0909090909091,3.4478154296875,0.0,0.0,0.0,30.462666829427082,24.324000040690105,23.78100077311198,25.638333638509113,23.448333740234375,25.16200002034505,27.090667724609375,28.821665445963543,29.06800079345703,25.804000854492188,26.64600118001302,25.010332743326824,94.84,32.154666666666664,11.325157349614612,12.8889258336126,14.64067867166555,16.598522851038872,35113.9609375,39469.9921875,44035.00390625,48762.2421875,110.80544791666667,124.55130208333334,138.95663541666667,153.873875,5.612499713897705,5.488333225250244,6.087499618530273,5.531666278839111
CM201800000253,CMGE71FL,CM,2018.0,253.0,CM2018DHS,1622.424560546875,1842.930419921875,2089.37890625,130.26666259765625,124.78333282470703,127.15834045410156,117.32499694824219,38.9825439453125,37.06435775756836,37.863525390625,35.37437057495117,0.0,0.0,0.0,29.2239990234375,28.261001586914062,28.45283203125,28.23133239746094,12.941666603088379,12.408333778381348,11.958333969116211,12.333333969116211,1.0,3316.7,3348.7,3379.1,3421.2,3558.2,3535.0,3595.2,0.0,0.0,0.0,0.0,15.96774193548387,1971.149658203125,5.0,0.0,0.0,0.08177164552849672,0.325880569972333,23.016636657714844,22.54633483886719,22.87171173095703,22.699832153320312,0.927108888034872,24.240405470855794,-1.0,0.06308436843584168,1.099402990623947,0.19961375110554244,0.46263904571533204,0.4673296610514323,0.3029931386311849,0.30688126881917316,0.44617233276367185,0.48141301472981773,0.24976043701171874,0.26412762006123863,28.883333206176758,29.308334350585938,29.191667556762695,28.983333587646484,22.383333206176758,23.075000762939453,23.200000762939453,22.80000114440918,15.941667556762695,16.900001525878906,17.233333587646484,16.649999618530273,0.0,16.80927276611328,16.831666564941408,17.290591430664062,17.168331909179688,3.3416666984558105,3.366666793823242,3.3583333492279053,3.316666603088379,60701.84858044164,33545.442307692305,90567.09206349206,1602.8,1759.2,1943.9,1697.7,1599.9,1840.9,1658.2,1.2580322923685985,0.0,0.0,0.0,24.62099838256836,21.6510009765625,21.957250595092773,23.740249633789062,22.28350067138672,21.451000213623047,22.449499130249023,24.654499053955078,23.479999542236328,22.35300064086914,22.262001037597656,21.597999572753906,307.4636118598383,215.22371967654988,0.7033661793505728,0.8004864386792453,0.9092816869524932,1.030876550391678,2131.55126953125,2468.544189453125,2837.45556640625,3237.2431640625,6.7314176739386795,7.795639161472372,8.960656507959905,10.223182040726078,10.785833358764648,11.479166030883789,12.571666717529297,10.94749927520752
CM201800000254,CMGE71FL,CM,2018.0,254.0,CM2018DHS,3266.326171875,3710.2568359375,4206.416015625,81.01667022705078,73.73333740234375,80.75,72.0999984741211,16.791019439697266,16.02898597717285,16.73575210571289,15.152363777160645,0.06687116622924805,0.07810656229654948,0.10261730353037517,36.57181930541992,34.91666793823242,35.17333221435547,36.36833190917969,13.791666984558105,13.425000190734863,12.75,13.066666603088379,2.0,2306.0,2072.0,2241.0,2461.0,2510.0,2481.0,2495.0,0.0,0.0,0.0,0.0,45.53846153846154,1835.7801513671875,5,2.3603529930114746,0.0,0.06744957578173287,0.18316863377864626,29.095455169677734,28.43083381652832,28.53416633605957,29.189167022705078,1.9215090825007513,714.2621694711538,-1.0,20.702232947716347,1.6283594278188853,7.36523672250601,0.3979584276676178,0.3699377477169037,0.19020213186740875,0.2478388100862503,0.32691067457199097,0.3005826771259308,0.11941651999950409,0.18187980353832245,35.06666564941406,35.766666412353516,35.59166717529297,35.29999923706055,28.133333206176758,29.025001525878906,29.191667556762695,28.733333587646484,21.274999618530273,22.34166717529297,22.84166717529297,22.233333587646484,0.34669385637555805,21.619091033935547,21.94499969482422,21.895000457763672,22.010000228881836,4.825000286102295,4.599999904632568,4.824999809265137,4.758333206176758,37493.369791666664,78256.96022727272,69382.20535714286,923,978,977,929,906,940,898,0.39535852578970104,1.0,2.0,2.0,32.555999755859375,26.10700035095215,25.93000030517578,28.21299934387207,25.5,26.663000106811523,28.26599884033203,31.672000885009766,30.659000396728516,27.638999938964844,27.91900062561035,26.437000274658203,21.384615384615383,5.615384615384615,83.53855895996094,95.07350158691406,107.99507904052734,122.43685913085938,598.3316650390625,731.272216796875,887.0711669921875,1068.05419921875,54.21065579927885,66.25546499399039,80.37131911057692,96.76893028846153,6.926666259765625,6.669166564941406,7.420000076293945,6.742499828338623
CM201800000255,CMGE71FL,CM,2018.0,255.0,CM2018DHS,32520.658203125,36940.58984375,41880.515625,131.2083282470703,118.06666564941406,137.28334045410156,99.79166412353516,52.65886306762695,46.605262756347656,53.48701095581055,39.26229476928711,0.1255729297796885,0.17544211943944296,0.1757204532623291,25.121110916137695,25.327777862548828,26.745555877685547,25.940000534057617,8.90000057220459,8.90000057220459,8.225000381469727,8.883333206176758,-9999,4185.0,4173.0,4226.0,4065.0,4297.0,4377.0,4323.0,0.0,0.0,0.0,0.0,25.714285714285715,5769.095703125,-807,0.0,0.0,0.09195496274870464,0.5104482673378935,21.594646453857422,21.863889694213867,22.70861053466797,22.43000030517578,0.5023132051740374,140.96214076450892,-1.0,9.09173583984375,0.660557678767613,1.9422920772007533,0.509636640548706,0.4015425145626068,0.2676984965801239,0.28794994950294495,0.6187999248504639,0.44422176480293274,0.2435527741909027,0.2863525450229645,28.041667938232422,28.325000762939453,28.15833282470703,28.383333206176758,23.566667556762695,23.850000381469727,24.016666412353516,23.916667938232422,19.141666412353516,19.42500114440918,19.933334350585938,19.5,1.156653969974841,18.06818199157715,18.399999618530273,18.671667098999023,18.920000076293945,2.491666793823242,2.5333333015441895,2.566666603088379,2.5416667461395264,71023.10576923077,53801.92613636364,173486.26785714287,1900.0,1890.0,1482.0,1720.0,1466.0,1526.0,1254.0,0.40711651529584614,2.0,2.0,2.0,24.399999618530273,22.610000610351562,23.638999938964844,24.450000762939453,23.854999542236328,22.559999465942383,23.426000595092773,24.488000869750977,24.14000129699707,23.48200035095215,23.334999084472656,23.246999740600586,123.14285714285714,100.21428571428571,348.68980189732144,396.83663504464283,450.771240234375,511.05123465401783,109.06968688964844,122.45244598388672,136.45010375976562,150.916259765625,9.064952850341797,10.177213396344866,11.340580531529017,12.542884826660156,12.91249942779541,12.239166259765625,13.774166107177734,10.695833206176758
CM201800000256,CMGE71FL,CM,2018.0,256.0,CM2018DHS,1155.4373779296875,1312.474609375,1487.9869384765625,156.90834045410156,141.89999389648438,158.1666717529297,134.8416748046875,51.728023529052734,45.65147399902344,49.94736862182617,42.581581115722656,0.03962987164656321,0.0559634268283844,0.0676308919986089,25.777273178100586,25.09166717529297,25.360000610351562,25.90833282470703,11.116666793823242,10.441666603088379,9.966667175292969,10.641667366027832,2.0,3411.0,3395.0,3448.0,3486.0,3779.0,3749.0,3735.0,0.0,0.0,0.0,0.0,31.285714285714285,1764.6246337890625,4,0.0,0.0,0.11250540113779622,0.300024669197351,18.93763542175293,18.699167251586914,19.03590965270996,19.078332901000977,5.191897800990513,117.65985979352679,-1.0,9.146815708705358,23.882511683872767,1.489889417375837,0.25819793343544006,0.5018035173416138,0.1729997992515564,0.08917129784822464,0.2000415325164795,0.4943845272064209,0.11067306995391846,0.05378256365656853,26.05000114440918,26.241666793823242,26.200000762939453,26.174999237060547,20.475000381469727,21.0,21.191667556762695,20.825000762939453,14.933333396911621,15.800000190734863,16.233333587646484,15.533333778381348,0.0,12.097999572753906,12.306666374206543,12.711817741394043,12.248332977294922,3.0333333015441895,3.1083333492279053,3.1666667461395264,3.1666667461395264,57755.21153846154,22158.95673076923,218159.79545454544,1889.0,1872.0,1999.0,1964.0,1943.0,2014.0,1985.0,1.4101058415004186,2.0,2.0,2.0,19.945999145507812,16.888999938964844,18.114999771118164,20.917999267578125,19.753000259399414,17.051000595092773,18.177000045776367,20.97599983215332,19.20400047302246,18.94099998474121,17.882999420166016,17.27899932861328,70.35714285714286,2.357142857142857,29.661246744791665,33.75684814453125,38.344791666666666,43.47250162760417,1725.1605224609375,1887.7509765625,2050.232666015625,2210.119384765625,144.04451206752233,157.62022181919642,171.18683733258928,184.53677804129464,13.889165878295898,13.863332748413086,16.359167098999023,13.481666564941406
CM201800000257,CMGE71FL,CM,2018.0,257.0,CM2018DHS,1746.780029296875,1984.1875,2249.525390625,168.77500915527344,137.4499969482422,156.24166870117188,121.42500305175781,64.29524230957031,51.383174896240234,58.04644012451172,44.97222137451172,1.737822253161516e-05,0.00018071113393092767,0.00017868783563757554,24.251057942708332,24.668050130208332,24.64398871527778,24.780320909288193,8.183333396911621,8.183333396911621,7.508333206176758,8.166666984558105,-9999,3613.4444444444443,3636.5555555555557,3626.0,3665.1111111111113,3843.3333333333335,3846.222222222222,3861.5555555555557,0.0,0.0,0.0,0.0,24.244565217391305,7471.26171875,-801.0,0.0,0.0,0.10310711944046945,0.5173928319457703,21.127195570203995,21.512340969509548,21.47977023654514,21.801076253255207,0.19350772202826977,29.34117953848774,-1.0,1.8276804578401737,0.038334521675629576,0.6350946660262687,0.5067909104483468,0.5425851685660226,0.37707076753888813,0.3019011361258371,0.6203756332397461,0.6991524015154157,0.4082099028996059,0.31525090762547087,28.200000762939453,28.41666603088379,28.233333587646484,28.508333206176758,24.075000762939453,24.291667938232422,24.45833396911621,24.391666412353516,20.016666412353516,20.233333587646484,20.725000381469727,20.34166717529297,0.0,18.003333197699654,18.356631808810764,18.315555148654514,18.821834988064236,2.625,2.6750001907348633,2.691666603088379,2.700000047683716,44613.63809523809,11069.639871382637,111851.9873015873,2232.6666666666665,2053.0,2012.2222222222222,1754.3333333333333,1825.3333333333333,1842.0,1429.0,1.0044875807593239,0.0,0.0,0.0,24.43975067138672,22.442750930786133,24.21725082397461,24.47800064086914,24.237499237060547,22.540000915527344,23.659000396728516,24.568248748779297,24.371749877929688,23.762500762939453,23.300748825073242,22.930749893188477,187.76021798365122,110.61035422343325,0.6521739855490095,0.7422256886633367,0.8431027104945782,0.9558476515806438,2700.9130859375,3143.596923828125,3631.488525390625,4163.84619140625,8.560633355330381,9.963735471304496,11.510123520521118,13.197449229393733,15.57249927520752,13.651666641235352,15.054999351501465,12.40999984741211
CM201800000258,CMGE71FL,CM,2018.0,258.0,CM2018DHS,36750.30859375,41745.09375,47327.5078125,198.9166717529297,162.64999389648438,223.3333282470703,149.30833435058594,70.41297912597656,55.60683822631836,76.57142639160156,50.90056610107422,0.14829363425572714,0.17540152867635092,0.24013098080952963,25.974445343017578,25.961111068725586,26.03499984741211,27.054000854492188,8.75,8.074999809265137,7.400000095367432,8.058333396911621,-9999,3356.0,3357.0,3409.0,3175.0,3078.0,3092.0,3040.0,0.0,0.0,0.0,0.0,54.142857142857146,2694.552734375,-807,0.0,0.0,0.10400261636848517,0.41840387527612416,22.744443893432617,23.114646911621094,23.335500717163086,23.714221954345703,0.8092900684901646,59.57326398577009,-1.0,9.418936593191964,0.31581006731305805,1.7676146371023995,0.4725797474384308,0.4774928689002991,0.28883928060531616,0.2479189783334732,0.5849300622940063,0.6030611991882324,0.28789713978767395,0.23980039358139038,30.649999618530273,30.59166717529297,30.366666793823242,30.616666793823242,26.25,26.516666412353516,26.641666412353516,26.55000114440918,21.899999618530273,22.516666412353516,22.96666717529297,22.558334350585938,1.611447488107989,19.51444435119629,20.2681827545166,20.63599967956543,20.37444496154785,2.825000047683716,2.924999952316284,2.9166667461395264,2.933333396911621,41736.83482142857,8239.856971153846,10653.712239583334,2512.0,2377.0,2490.0,2190.0,2155.0,2434.0,1771.0,0.28569184030805317,2.0,2.0,2.0,27.355998992919922,24.43000030517578,27.299999237060547,27.753000259399414,27.160999298095703,24.638999938964844,26.134000778198242,27.60099983215332,27.145000457763672,26.595001220703125,25.910999298095703,25.428998947143555,3.4285714285714284,31.428571428571427,214.73151041666668,244.38147786458333,277.595703125,314.717578125,223.51760864257812,229.81524658203125,234.5244140625,237.54898071289062,18.593074253627233,19.116938999720983,19.508662632533483,19.760262625558035,17.162500381469727,15.354999542236328,16.206666946411133,14.285833358764648
CM201800000260,CMGE71FL,CM,2018.0,260.0,CM2018DHS,25117.978515625,28531.80078125,32347.25,135.5,106.9000015258789,111.80833435058594,109.44166564941406,48.106510162353516,36.968299865722656,37.794368743896484,37.84726333618164,0.3196830749511719,0.36158304948073167,0.37776026358971226,26.622726440429688,25.203332901000977,26.386667251586914,25.986665725708008,10.808333396911621,10.808333396911621,10.133333206176758,10.791666984558105,1.0,3654.0,3679.0,3743.0,3899.0,4169.0,4298.0,4259.0,0.0,0.0,0.0,0.0,46.0,1806.5487060546875,-807,0.0,0.0,0.0705844473244915,0.4123011940453141,22.351818084716797,22.415000915527344,22.950834274291992,22.6875,0.5584003448486328,84.21337076822917,-1.0,4.487214660644531,0.6789557139078776,0.4266777674357096,0.43537813425064087,0.4120848476886749,0.2837611138820648,0.2561185956001282,0.4292061924934387,0.41003087162971497,0.23542916774749756,0.217771515250206,29.808334350585938,30.241666793823242,30.024999618530273,30.166667938232422,24.366666793823242,24.80000114440918,24.916667938232422,24.733333587646484,19.0,19.433334350585938,19.891666412353516,19.375,0.4135873438948292,18.080909729003906,19.626667022705078,19.514999389648438,19.388334274291992,2.816666603088379,2.8916666507720947,2.9583332538604736,2.8916666507720947,44653.75852272727,123744.47916666667,257352.25,1612.0,1356.0,1631.0,1691.0,1458.0,1544.0,1368.0,0.25223541259765625,2.0,3.0,2.0,25.35300064086914,23.101999282836914,23.168001174926758,25.114999771118164,23.742000579833984,23.038000106811523,23.714000701904297,25.565000534057617,24.673999786376953,23.902000427246094,23.788999557495117,23.527000427246094,115.33333333333333,121.46666666666667,231.9012908935547,263.92205810546875,299.79205322265625,339.88214111328125,142.11729431152344,152.8261260986328,163.1141815185547,172.79856872558594,11.042751057942708,11.874845377604167,12.6742431640625,13.426737467447916,11.944999694824219,11.079166412353516,11.219999313354492,10.661666870117188
CM201800000261,CMGE71FL,CM,2018.0,261.0,CM2018DHS,228762.953125,259854.453125,294603.84375,214.2166748046875,183.73333740234375,187.99166870117188,158.0,77.4277114868164,65.03834533691406,65.19942474365234,55.764705657958984,0.017231846162360582,0.02179735036524929,0.023673960633599875,27.7259521484375,26.737091064453125,27.64344024658203,27.163174947102863,9.291666984558105,8.616666793823242,8.216667175292969,8.824999809265137,2.0,4121.5,4159.25,4223.583333333333,4098.5,4274.583333333333,4488.333333333333,4456.916666666667,0.0,0.0,0.0,0.0,32.285714285714285,2697.871651785714,4.0,1.1746118068695068,0.0,0.0871971128209065,0.39622598457144464,23.52155049641927,22.801737467447918,22.89967091878255,22.543431599934895,0.6028431064479953,338.0132640796703,-1.0,7.034642481541896,1.857495821439303,1.086790986113496,0.4199489951133728,0.47775816917419434,0.25059592723846436,0.17905208468437195,0.48308467864990234,0.5959166884422302,0.22834452986717224,0.14999419450759888,29.91666603088379,29.891666412353516,29.84166717529297,30.008333206176758,25.241666793823242,25.558334350585938,25.71666717529297,25.575000762939453,20.625,21.275001525878906,21.625,21.183334350585938,0.04769986763052108,19.31715138753255,18.86638641357422,18.155901590983074,17.923683166503906,2.7666666507720947,2.825000047683716,2.883333444595337,2.8333334922790527,60193.15654952077,31317.50788643533,60517.06329113924,2675.7,2667.2,2818.3,2555.3,2739.9,2737.3,2194.1,1.7972361805674795,0.0,0.0,0.0,27.041250228881836,24.80175018310547,26.546749114990234,27.030250549316406,26.508499145507812,24.875499725341797,25.958999633789062,27.259498596191406,26.475000381469727,26.20224952697754,25.79050064086914,25.262248992919922,66.6043956043956,62.184065934065934,77.96395931603773,88.72915262803234,100.78846234838275,114.26654102088949,27281.23828125,27628.9140625,27773.94140625,27714.00390625,87.38268372252747,88.49630837912088,88.9608623798077,88.76887663118131,16.11083221435547,15.800832748413086,15.84999942779541,14.629166603088379
CM201800000262,CMGE71FL,CM,2018.0,262.0,CM2018DHS,144.93746948242188,164.6361083984375,186.6522979736328,-9999,-9999,-9999,-9999,-9999,-9999,-9999,-9999,0.029574120044708253,0.04572044014930725,0.046147209405899045,25.631818771362305,25.084545135498047,25.573333740234375,25.709999084472656,-9999,-9999,-9999,-9999,-9999,270.0,268.0,269.0,228.0,281.0,326.0,333.0,-9999,-9999,-9999,-9999,40.625,-9999,-9999,-9999,-9999,-9999,-9999,22.4879093170166,23.06818199157715,23.15766716003418,23.012727737426758,1.4366919994354248,15.264581680297852,-1.0,0.5730241537094116,0.08070439100265503,0.2554256319999695,-9999,-9999,-9999,-9999,-9999,-9999,-9999,-9999,-9999,-9999,-9999,-9999,-9999,-9999,-9999,-9999,-9999,-9999,-9999,-9999,0.0,19.3439998626709,21.05181884765625,20.742000579833984,20.315454483032227,-9999,-9999,-9999,-9999,1586.23046875,1665.54296875,1249.9324776785713,3171.0,2967.0,3095.0,2384.0,2465.0,2467.0,1973.0,0.04439146320025126,1.0,1.0,1.0,-9999,-9999,-9999,-9999,-9999,-9999,-9999,-9999,-9999,-9999,-9999,-9999,205.125,109.75,2.0450390179951987,2.3274165789286294,2.6437389055887857,2.9972766240437827,102.87661743164062,121.04070281982422,141.34788513183594,163.8325958251953,13.719650268554688,16.1420166015625,18.850189208984375,21.8487548828125,-9999,-9999,-9999,-9999
CM201800000263,CMGE71FL,CM,2018.0,263.0,CM2018DHS,43116.609375,48976.6484375,55526.1171875,131.2083282470703,118.06666564941406,137.28334045410156,99.79166412353516,52.65886306762695,46.605262756347656,53.48701095581055,39.26229476928711,0.09000339874854454,0.13409944681020883,0.13254236257993257,25.121110916137695,25.327777862548828,26.745555877685547,25.940000534057617,8.90000057220459,8.90000057220459,8.225000381469727,8.883333206176758,-9999,4185.0,4173.0,4226.0,4065.0,4297.0,4377.0,4323.0,0.0,0.0,0.0,0.0,41.75,5769.095703125,-807,0.0,0.0,0.09195496274870464,0.5104482673378935,21.594646453857422,21.863889694213867,22.70861053466797,22.43000030517578,0.4846089482307434,73.8860855102539,-1.0,8.05205249786377,0.31531810760498047,1.2700984477996826,0.509636640548706,0.4015425145626068,0.2676984965801239,0.28794994950294495,0.6187999248504639,0.44422176480293274,0.2435527741909027,0.2863525450229645,28.041667938232422,28.325000762939453,28.15833282470703,28.383333206176758,23.566667556762695,23.850000381469727,24.016666412353516,23.916667938232422,19.141666412353516,19.42500114440918,19.933334350585938,19.5,1.2265096028645834,18.06818199157715,18.399999618530273,18.671667098999023,18.920000076293945,2.491666793823242,2.5333333015441895,2.566666603088379,2.5416667461395264,72124.36538461539,51846.27403846154,173426.0,1900,1890,1482,1720,1466,1526,1254,1.2166404724121094,1.0,2.0,2.0,24.399999618530273,22.610000610351562,23.638999938964844,24.450000762939453,23.854999542236328,22.559999465942383,23.426000595092773,24.488000869750977,24.14000129699707,23.48200035095215,23.334999084472656,23.246999740600586,123.75,101.5625,458.71365792410717,522.0525251116071,593.0054408482143,672.3058035714286,124.64967346191406,139.944091796875,155.94122314453125,172.47378540039062,9.064952850341797,10.177213668823242,11.340581893920898,12.542884826660156,12.91249942779541,12.239166259765625,13.774166107177734,10.695833206176758
CM201800000264,CMGE71FL,CM,2018.0,264.0,CM2018DHS,2853.94189453125,3241.824951171875,3675.34228515625,145.14166259765625,128.14166259765625,147.22500610351562,108.97500610351562,56.91830062866211,49.285255432128906,56.08571243286133,41.514286041259766,6.383657455444336e-05,0.0008683202752641811,0.0008914368167804305,24.350814819335938,24.40526835123698,24.367095947265625,24.456342061360676,8.449999809265137,8.449999809265137,7.775000095367432,8.433333396911621,-9999,3786.0,3752.9166666666665,3786.25,3870.6666666666665,4126.916666666667,4134.166666666667,4153.166666666667,0.0,0.0,0.0,0.0,29.22459893048128,5769.095833333334,5.0,0.0,0.0,0.08620467039313544,0.4904725553532613,21.21283213297526,21.621617635091145,21.571116129557293,21.789629618326824,0.11847923401205297,15.593970640457888,-1.0,1.4131105800363468,0.7433107753488469,0.4445919914041611,0.5486895243326823,0.5139390309651692,0.32282517751057943,0.3083767573038737,0.7030114491780599,0.6419979095458984,0.32311344146728516,0.3198034604390462,28.100000381469727,28.350000381469727,28.166667938232422,28.42500114440918,23.850000381469727,24.100000381469727,24.258333206176758,24.183334350585938,19.649999618530273,19.899999618530273,20.391666412353516,19.991666793823242,0.006321075403294857,18.074848175048828,18.837966918945312,18.77513885498047,19.12291717529297,2.549999952316284,2.6000001430511475,2.625,2.625,69440.02564102564,50308.27848101266,148288.0761904762,2206.6,1810.1,1768.9,1696.2,1601.7,1671.4,1388.2,0.5061105330360127,0.0,0.0,0.0,24.167499542236328,22.28700065612793,23.737749099731445,24.329500198364258,23.902498245239258,22.311248779296875,23.325000762939453,24.334251403808594,24.030250549316406,23.425251007080078,23.084247589111328,22.77899932861328,69.51336898395722,46.4144385026738,1.0517176797945205,1.196937874571918,1.3596154617936644,1.5414320018193493,6931.76171875,7655.712890625,8392.09765625,9130.814453125,21.565446659842916,23.817730092747325,26.10870393967246,28.40692889371658,14.182499885559082,13.089166641235352,14.747499465942383,11.53416633605957
CM201800000265,CMGE71FL,CM,2018.0,265.0,CM2018DHS,8334.265625,9466.98828125,10732.97265625,214.2166748046875,183.73333740234375,187.99166870117188,158.0,77.4277114868164,65.03834533691406,65.19942474365234,55.764705657958984,0.02892516553401947,0.03167352577050527,0.03903473416964213,25.695453643798828,25.475454330444336,25.920000076293945,25.48272705078125,9.291666984558105,8.616666793823242,8.216667175292969,8.824999809265137,2,3730,3677,3739,3747,3903,3928,3851,0.0,0.0,0.0,0.0,54.0,2697.871826171875,4,0.0,0.0,0.08798484150159953,0.3661061790772877,21.64272689819336,21.554546356201172,21.620454788208008,21.577272415161133,0.4055781662464142,905.776611328125,-1.0,10.110405921936035,4.520146369934082,1.87013578414917,0.33479002118110657,0.40974822640419006,0.167714923620224,0.11676591634750366,0.3475138247013092,0.47829920053482056,0.12285423278808594,0.08030274510383606,29.91666603088379,29.891666412353516,29.84166717529297,30.008333206176758,25.241666793823242,25.558334350585938,25.71666717529297,25.575000762939453,20.625,21.275001525878906,21.625,21.183334350585938,0.07130051510674613,17.59000015258789,17.633636474609375,17.32090950012207,17.671817779541016,2.7666666507720947,2.825000047683716,2.883333444595337,2.8333334922790527,82998.04545454546,21598.653846153848,83259.55357142857,2724.0,2600.0,2781.0,2633.0,3001.0,2872.0,2214.0,1.232194423675537,1.0,0.0,1.0,24.69700050354004,21.95199966430664,23.844999313354492,24.636999130249023,24.197999954223633,21.920000076293945,23.2189998626709,24.80900001525879,24.07200050354004,23.857999801635742,23.437999725341797,22.572999954223633,19.3125,12.375,72.0897216796875,82.04381561279297,93.19451141357422,105.65706634521484,1334.06640625,1348.355224609375,1352.614990234375,1346.791015625,97.24024963378906,98.28176879882812,98.59225463867188,98.16775512695312,16.11083221435547,15.800832748413086,15.84999942779541,14.629166603088379
CM201800000266,CMGE71FL,CM,2018.0,266.0,CM2018DHS,20604.68359375,23406.48828125,26538.974609375,147.69166564941406,129.97500610351562,146.10000610351562,122.88333129882812,44.087066650390625,37.765132904052734,41.643707275390625,34.9431266784668,0.0,0.0,3.864389071121621e-06,27.2,26.120501708984374,26.5413330078125,26.169332885742186,11.516666412353516,10.816666603088379,10.508333206176758,10.933333396911621,2.0,3844.4,3875.4,4081.6,3980.8,4290.8,4362.4,4427.3,0.0,0.0,0.0,0.0,24.302949061662197,1764.624609375,2.0,0.0,0.0,0.09100761967527336,0.28185584481523146,23.441127014160156,23.146759033203125,23.073338317871094,22.722445678710937,0.26813287632439725,56.998073126680104,-1.0,2.375726515246976,1.69606690765709,0.403025145171791,0.5062123026166644,0.6157533781869071,0.5359081881386893,0.429952757699149,0.5022617748805455,0.6897173609052386,0.5486345972333636,0.42543227331978933,29.758333206176758,30.066667556762695,30.05000114440918,29.90833282470703,23.95833396911621,24.625,24.766666412353516,24.42500114440918,18.241666793823242,19.25,19.541667938232422,18.975000381469727,0.0,19.682254028320312,20.173019409179688,19.605348205566408,19.2755615234375,3.3500001430511475,3.441666603088379,3.508333444595337,3.516666889190674,7815.962698412698,12425.511254019293,157811.50788643534,2503.4,2802.1,2591.5,2595.7,2319.0,2550.5,2308.8,3.6582740045362905,0.0,0.0,0.0,26.96966552734375,23.922999064127605,24.10333251953125,26.495999654134113,24.96033223470052,23.987332661946613,24.902000427246094,27.25933329264323,25.994333902994793,25.298667907714844,24.955665588378906,24.204666137695312,913.0537634408602,151.83333333333334,7.761677950219003,8.833224972624663,10.034409350783356,11.37740192259097,20166.998046875,20763.859375,21220.7265625,21528.16015625,63.45827032930107,65.33636802755376,66.77397303427419,67.74135794690861,11.835833549499512,11.745833396911621,13.797499656677246,11.304166793823242
CM201800000267,CMGE71FL,CM,2018.0,267.0,CM2018DHS,39116.453125,44432.82421875,50374.6640625,63.400001525878906,63.208335876464844,73.65833282470703,67.81666564941406,11.686635971069336,11.926100730895996,13.494656562805176,12.617053985595703,0.0005813047053321959,0.000702243097244747,0.0011159936587015788,37.888387044270836,35.909627278645836,36.257592095269096,36.463222927517364,14.333333969116211,13.991666793823242,13.483333587646484,13.591667175292969,2.0,2147.222222222222,2131.3333333333335,2356.777777777778,2487.0,2508.3333333333335,2525.6666666666665,2538.4444444444443,0.0,0.0,0.0,0.0,37.54838709677419,1731.025669642857,5.0,0.0,0.0,0.035919573542093276,0.18608791593258164,29.227372911241318,28.436296251085068,28.819539388020832,28.8797607421875,7.723688747683625,346.41454683288407,-1.0,0.6531502859933036,37.252268994272235,12.500860743766847,0.2110247294108073,0.24275534947713215,0.3666327158610026,0.2971848169962565,0.14137056668599446,0.17313234011332193,0.29535137812296547,0.2340670903523763,34.875,35.65833282470703,35.60000228881836,35.116668701171875,27.683334350585938,28.625,28.83333396911621,28.30000114440918,20.541667938232422,21.66666603088379,22.116666793823242,21.524999618530273,0.006459972639652362,20.566363864474827,20.962963528103298,21.381481594509548,21.296295166015625,5.425000190734863,5.300000190734863,5.458333492279053,5.375,22244.317034700314,30994.273015873016,100528.26031746031,753.1111111111111,639.6666666666666,838.8888888888889,786.0,748.4444444444445,807.5555555555555,844.2222222222222,0.15897929764822166,0.0,0.0,0.0,31.77899932861328,25.679000854492188,26.059499740600586,27.56825065612793,25.480751037597656,26.30699920654297,27.881750106811523,30.896499633789062,29.852998733520508,27.76274871826172,27.749248504638672,26.170000076293945,116.26145552560646,50.315363881401616,17.646956905241936,20.083635227654568,22.813229796706988,25.863958543346776,27631.296875,30488.93359375,33401.3125,36331.328125,87.93144583894879,97.0253011287062,106.29335832210242,115.61753495619946,5.899166584014893,5.901666641235352,6.460000038146973,6.040833473205566
CM201800000268,CMGE71FL,CM,2018.0,268.0,CM2018DHS,60399.41015625,68608.375,77783.125,184.0749969482422,157.89166259765625,159.22500610351562,133.5166778564453,66.13472747802734,55.40058517456055,54.90517044067383,47.402366638183594,0.2772199190579928,0.2918971135066106,0.30452889662522536,24.89363670349121,24.633333206176758,24.921667098999023,24.308181762695312,10.141666412353516,9.466667175292969,9.091667175292969,9.675000190734863,2.0,3822.0,3859.0,3876.0,3860.0,4138.0,4356.0,4223.0,0.0,0.0,0.0,0.0,39.13333333333333,1964.494384765625,3,0.0,0.0,0.07179124600001673,0.2780875298611465,19.676362991333008,20.02916717529297,20.323333740234375,20.049924850463867,1.791208012898763,823.1705729166666,-1.0,37.477534993489584,11.313973999023437,3.9532442728678387,0.27508047223091125,0.3826429545879364,0.12873949110507965,0.08792273700237274,0.21479307115077972,0.33910199999809265,0.0755254253745079,0.05232525244355202,26.59166717529297,26.641666412353516,26.58333396911621,26.649999618530273,21.491666793823242,21.875,22.008333206176758,21.80000114440918,16.450000762939453,17.17500114440918,17.491666793823242,16.975000381469727,0.7923500696818034,14.459091186523438,15.425000190734863,15.725000381469727,15.791666984558105,2.7833333015441895,2.8500001430511475,2.9000000953674316,2.816666603088379,125464.46590909091,15329.2578125,125934.0,2052,2202,2046,2026,2324,2101,1689,2.647167460123698,2.0,2.0,2.0,23.55500030517578,20.67799949645996,23.003999710083008,24.163999557495117,23.527999877929688,20.905000686645508,22.141000747680664,24.200000762939453,23.132999420166016,23.073999404907227,21.94300079345703,21.464000701904297,2.3333333333333335,23.533333333333335,654.0884114583333,744.4045572916667,845.5776041666667,958.6536458333334,1736.9945068359375,1728.545166015625,1707.2752685546875,1673.7247314453125,135.1106201171875,134.45340169270833,132.7989501953125,130.18924153645833,15.770833015441895,15.239166259765625,15.21500015258789,14.119999885559082
CM201800000269,CMGE71FL,CM,2018.0,269.0,CM2018DHS,4947.6552734375,5627.6591796875,6393.369140625,129.14166259765625,121.53333282470703,139.88333129882812,121.61666870117188,39.43257141113281,36.82828140258789,41.75621795654297,37.324806213378906,0.0,0.0,2.5237130989225056e-06,27.260726928710938,25.988165283203124,26.142999267578126,26.336834716796876,11.941666603088379,11.416666984558105,11.016666412353516,11.449999809265137,2.0,3626.9,3656.1,3727.6,3723.4,3980.8,4007.2,4116.5,0.0,0.0,0.0,0.0,19.018817204301076,1802.0829427083333,-809.0,0.0,0.0,0.09072493998552424,0.2495117713266333,21.60376892089844,21.180023193359375,21.010964965820314,21.516583251953126,1.1804616483223023,14.829923655328418,-1.0,0.6594439549995811,0.1753458222499162,0.25919389085539546,0.4182246208190918,0.47435922622680665,0.3372421900431315,0.33351062138875326,0.3821613311767578,0.4736206372578939,0.27942733764648436,0.291270383199056,27.90833282470703,28.25,28.20833396911621,28.049999237060547,21.908334732055664,22.524999618530273,22.674999237060547,22.30000114440918,15.966667175292969,16.83333396911621,17.191667556762695,16.600000381469727,0.0,15.946810913085937,16.37187805175781,15.8789306640625,16.69633331298828,3.2750000953674316,3.299999952316284,3.3500001430511475,3.258333444595337,4472.317857142857,3911.1578525641025,116636.05111821086,1842.7,2012.3,1930.1,1811.0,1753.5,1904.0,1738.7,4.7755496763991285,0.0,0.0,0.0,22.62674903869629,19.77750015258789,20.947750091552734,23.162250518798828,21.72774887084961,19.76074981689453,20.68924903869629,23.464248657226562,21.652999877929688,21.223249435424805,20.504249572753906,19.68899917602539,1172.4825737265417,270.92225201072387,2.1799288588618464,2.479905197511729,2.8206620203585793,3.2043067584408513,8235.36328125,9506.396484375,10966.9208984375,12610.572265625,25.848926043063003,29.83835665214477,34.42255047754692,39.58153904155496,11.620833396911621,11.842499732971191,13.844999313354492,11.619166374206543
CM201800000270,CMGE71FL,CM,2018.0,270.0,CM2018DHS,126357.7421875,143531.203125,162725.09375,225.9166717529297,176.19166564941406,294.9916687011719,166.97500610351562,80.44510650634766,61.46220779418945,102.9040756225586,58.0782585144043,0.8437976837158203,0.8607842127482096,0.8442040284474691,29.165555953979492,26.79888916015625,28.924545288085938,29.729999542236328,8.691666603088379,8.016666412353516,7.708333492279053,8.216667175292969,2.0,2275,2246,2179,2217,2255,2254,2224,0.0,0.0,0.0,0.0,90.0,2697.871826171875,-807,0.0,0.0,0.0533132199080337,0.2021994392391353,24.44141387939453,23.238445281982422,24.93827247619629,25.466249465942383,0.3933336394173758,291.28037806919644,-1.0,2.000197001865932,0.08835464715957642,0.19503872735159739,0.34999969601631165,0.3730185627937317,0.13481253385543823,0.10740933567285538,0.37443962693214417,0.42034226655960083,0.09065529704093933,0.07472863793373108,31.108333587646484,31.008333206176758,31.033334732055664,31.20833396911621,26.725000381469727,26.975000381469727,27.166667938232422,27.08333396911621,22.416667938232422,22.991666793823242,23.325000762939453,22.991666793823242,10.798030308314733,19.71727180480957,19.67799949645996,20.95199966430664,21.202499389648438,2.808333396911621,2.866666793823242,2.866666793823242,2.875,1593.27890625,7997.641826923077,1409.2879083806818,3044.0,3302.0,3542.0,3182.0,3122.0,3773.0,2524.0,0.0,3.0,3.0,3.0,27.347000122070312,24.865999221801758,26.996999740600586,27.70599937438965,27.152000427246094,24.9950008392334,26.191999435424805,27.571001052856445,26.895000457763672,26.59600067138672,25.867000579833984,25.38800048828125,4.933333333333334,0.0,1319.1768973214287,1501.327845982143,1705.3754185267858,1933.428989955357,17106.41796875,21182.96484375,26034.962890625,31760.15625,1349.4869791666667,1671.0765625,2053.83984375,2505.4875,17.16499900817871,15.934999465942383,16.543333053588867,15.129166603088379
CM201800000271,CMGE71FL,CM,2018.0,271.0,CM2018DHS,44192.19140625,50206.7421875,56935.17578125,69.57499694824219,70.15833282470703,74.44166564941406,65.53333282470703,13.168769836425781,13.734094619750977,14.067716598510742,12.522293090820312,0.0003762930348704133,0.0027494340003291263,0.011001403573193128,35.29165371981534,33.49181851473722,34.22045343572443,34.46423894708807,14.208333969116211,13.850000381469727,13.316666603088379,13.516666412353516,2.0,2414.2727272727275,2464.0,2554.818181818182,2715.4545454545455,2802.4545454545455,2745.090909090909,2744.909090909091,0.0,0.0,0.0,0.0,30.73404255319149,1661.5276041666666,4.0,0.0,0.0,0.044980176768003526,0.16365643003166308,27.04132080078125,26.233104359019887,26.6736366965554,26.756819291548297,7.26216015625,1906.899,-1.0,5.173475260416667,2.22174560546875,6.53827734375,0.2792422930399577,0.332370662689209,0.20248576800028484,0.23573803901672363,0.20490020116170246,0.26324469248453775,0.13119651476542155,0.17094224294026691,33.54999923706055,34.366668701171875,34.29999923706055,33.891666412353516,26.416667938232422,27.40833282470703,27.616666793823242,27.100000381469727,19.34166717529297,20.516666412353516,20.983333587646484,20.375,0.0,18.79099065607244,18.974394364790484,19.126818570223723,19.049394087357953,5.2833333015441895,5.108333587646484,5.2916669845581055,5.233333587646484,7580.113924050633,59589.29968454259,107259.9493670886,1000.8333333333334,946.9166666666666,1165.8333333333333,1112.8333333333333,963.0833333333334,998.3333333333334,1128.1666666666667,2.7431637369791666,0.0,0.0,1.0,27.760250091552734,22.147748947143555,21.973499298095703,23.8127498626709,21.87725067138672,22.623750686645508,24.055500030517578,26.71125030517578,26.05099868774414,23.583749771118164,23.99650001525879,22.658748626708984,271.8186666666667,87.424,20.0599053565492,22.828691198470743,25.935240400598403,29.410197805851062,47958.96875,55141.6328125,62980.296875,71434.125,151.12121875,173.75414583333333,198.45416666666668,225.09258333333332,6.28416633605957,6.057499885559082,6.800833225250244,6.0908331871032715
CM201800000272,CMGE71FL,CM,2018.0,272.0,CM2018DHS,237240.359375,269484.0,305521.125,148.20834350585938,128.8000030517578,154.90000915527344,114.30000305175781,53.569278717041016,45.1929817199707,54.5102653503418,40.57988357543945,0.867579093346229,0.9454620801485502,0.9473915100097656,29.055999755859375,28.18000030517578,28.899091720581055,30.270000457763672,8.791666984558105,8.791666984558105,8.116666793823242,8.77500057220459,-9999,4430,4393,4137,4000,4005,4041,4045,0.0,0.0,0.0,0.0,60.75,2392.42236328125,-807,0.0,0.0,0.038227634112667226,0.1351125489487492,23.777545928955078,23.405834197998047,23.899545669555664,24.855833053588867,0.14310719072818756,2562.0390625,-1.0,1.5637180805206299,6.233327388763428,0.5036516189575195,0.42924124002456665,0.33444905281066895,0.1495288759469986,0.18842875957489014,0.4785045385360718,0.3364972472190857,0.10123201459646225,0.15413305163383484,28.491666793823242,28.774999618530273,28.575000762939453,28.808334350585938,24.075000762939453,24.358333587646484,24.5,24.399999618530273,19.700000762939453,19.983333587646484,20.45833396911621,20.03333282470703,17.468526905980603,18.49909019470215,18.63166618347168,18.899999618530273,19.441667556762695,2.7666666507720947,2.8500001430511475,2.8416666984558105,2.816666603088379,168864.17307692306,24543.879464285714,61131.53409090909,1925,1742,1575,1819,1697,1701,1338,0.7966591119766235,3.0,3.0,3.0,24.226999282836914,22.141000747680664,23.434999465942383,24.7189998626709,23.85099983215332,22.025999069213867,22.9739990234375,24.427000045776367,23.704999923706055,23.26099967956543,22.905000686645508,22.608999252319336,4.5,0.0,1861.252704326923,2118.2530048076924,2406.1478365384614,2727.9134615384614,78578.140625,101284.0078125,129575.46875,164535.625,5719.7734375,7372.5537109375,9431.9140625,11976.693359375,14.470000267028809,13.286666870117188,14.498332977294922,12.053333282470703
CM201800000273,CMGE71FL,CM,2018.0,273.0,CM2018DHS,35504.8984375,40330.41796875,45723.65625,184.0749969482422,157.89166259765625,159.22500610351562,133.5166778564453,66.13472747802734,55.40058517456055,54.90517044067383,47.402366638183594,0.3060925740462083,0.5728812584510217,0.689661979675293,29.293636322021484,27.96666717529297,29.135000228881836,29.28333282470703,10.141666412353516,9.466667175292969,9.091667175292969,9.675000190734863,2,3306,3292,3400,3325,3555,3641,3532,0.0,0.0,0.0,0.0,53.8,1964.494384765625,-807,0.0,0.0,0.04738466161696646,0.14304056682227456,22.46181869506836,21.71666717529297,22.639999389648438,22.65250015258789,4.364701334635416,25891.64375,-1.0,15.022522989908854,84.75452473958333,2.3989463806152345,0.2145048975944519,0.3909108638763428,0.13689662516117096,0.0632963478565216,0.15382567048072815,0.34711140394210815,0.08056763559579849,0.03492193669080734,26.59166717529297,26.641666412353516,26.58333396911621,26.649999618530273,21.491666793823242,21.875,22.008333206176758,21.80000114440918,16.450000762939453,17.17500114440918,17.491666793823242,16.975000381469727,1.0156012217203776,15.630000114440918,15.466666221618652,16.145000457763672,16.02166748046875,2.7833333015441895,2.8500001430511475,2.9000000953674316,2.816666603088379,136468.17307692306,42735.317307692305,160184.42307692306,1808,1896,1755,1827,2004,1899,1726,1.4391647338867188,3.0,3.0,3.0,23.767000198364258,20.86600112915039,22.177000045776367,24.731000900268555,23.69300079345703,21.083999633789062,22.150999069213867,24.684999465942383,23.08099937438965,22.83300018310547,21.738000869750977,21.553998947143555,5.133333333333334,0.06666666666666667,389.85323660714283,443.6839076450893,503.985595703125,571.3817661830357,10890.548828125,11933.9462890625,12979.623046875,14011.83984375,847.5880208333333,928.7934244791667,1010.1763020833333,1090.5114583333334,15.770833015441895,15.239166259765625,15.21500015258789,14.119999885559082
CM201800000274,CMGE71FL,CM,2018.0,274.0,CM2018DHS,23578.45703125,26783.0390625,30364.63671875,148.20834350585938,128.8000030517578,154.90000915527344,114.30000305175781,53.569278717041016,45.1929817199707,54.5102653503418,40.57988357543945,0.0,8.457707507269723e-05,0.00013932188351949056,24.908387756347658,24.02587890625,24.621893310546874,25.022894287109374,8.791666984558105,8.791666984558105,8.116666793823242,8.77500057220459,-9999,4185.3,4130.9,4085.2,4378.2,4617.8,4711.0,4671.4,0.0,0.0,0.0,0.0,27.51219512195122,2392.422433035714,-801.0,0.0,0.0,0.08604087229735774,0.43048497435375144,21.58455810546875,21.38935546875,21.610455322265626,21.927059936523438,0.1889415006973556,24.571561653116532,-1.0,2.2511239400724086,6.207449398712737,0.6592781046218665,0.5814389586448669,0.5188379287719727,0.3279315233230591,0.34294652938842773,0.7677081823348999,0.6493477821350098,0.3295629024505615,0.3681936264038086,28.491666793823242,28.774999618530273,28.575000762939453,28.808334350585938,24.075000762939453,24.358333587646484,24.5,24.399999618530273,19.700000762939453,19.983333587646484,20.45833396911621,20.03333282470703,0.010470974850816791,18.260726928710938,18.752835083007813,18.59901580810547,18.831227111816407,2.7666666507720947,2.8500001430511475,2.8416666984558105,2.816666603088379,153489.58990536278,22934.80769230769,68475.06962025317,2020.9,1851.3,1666.9,1856.4,1679.7,1703.5,1429.0,1.0298316355966295,0.0,0.0,0.0,24.057748794555664,21.97974967956543,23.475250244140625,24.55699920654297,23.741500854492188,21.946250915527344,22.95425033569336,24.304000854492188,23.69849967956543,23.197999954223633,22.820249557495117,22.50775146484375,191.21138211382114,28.956639566395665,9.508603303328805,10.821544481360394,12.292314612347147,13.936121401579484,16079.9921875,16045.9296875,15892.365234375,15623.1015625,50.743743648373986,50.63624237804878,50.15165565718157,49.301935128726285,14.470000267028809,13.286666870117188,14.498332977294922,12.053333282470703
CM201800000275,CMGE71FL,CM,2018.0,275.0,CM2018DHS,3626.060791015625,4118.8837890625,4669.6875,214.2166748046875,183.73333740234375,187.99166870117188,158.0,77.4277114868164,65.03834533691406,65.19942474365234,55.764705657958984,0.00013653931636658926,0.00022470113776978994,0.0005787300685095409,26.183880615234376,25.84345397949219,25.84835205078125,25.872482299804688,9.291666984558105,8.616666793823242,8.216667175292969,8.824999809265137,2.0,3754.3,3700.9,3793.6,3721.6,3863.0,3956.3,3944.1,0.0,0.0,0.0,0.0,23.174386920980925,2697.871651785714,-801.0,1.8216050465901692,0.0,0.08223171189556806,0.40434879212617986,22.57080535888672,21.9474365234375,21.773783874511718,21.917117309570312,0.33260407824607247,108.22818034741144,-1.0,4.345430379342643,1.0680891239675578,0.706806484295172,0.44100829533168245,0.48638718468802317,0.23456059183393205,0.17813966955457414,0.5291393143790108,0.6210707255772182,0.20860658373151506,0.14988694872174943,29.91666603088379,29.891666412353516,29.84166717529297,30.008333206176758,25.241666793823242,25.558334350585938,25.71666717529297,25.575000762939453,20.625,21.275001525878906,21.625,21.183334350585938,0.0,18.95772705078125,18.051414489746094,17.699217224121092,17.96175537109375,2.7666666507720947,2.825000047683716,2.883333444595337,2.8333334922790527,68161.75159235668,37219.201257861634,68358.98089171975,2832.5,2721.4,2685.8,2537.9,2767.5,2785.1,2090.7,1.59371806880109,0.0,0.0,0.0,26.763333638509113,24.47833251953125,26.386667887369793,26.751665751139324,26.28533426920573,24.56000010172526,25.644332885742188,27.016998291015625,26.21299997965495,26.02099863688151,25.56499989827474,24.98199971516927,188.5149863760218,91.96730245231608,1.2545297627821765,1.4277544458600067,1.6218024816795822,1.838680298180593,25549.14453125,25800.53125,25861.0390625,25730.03125,81.1724444397139,81.97113419618529,82.16340258855585,81.74716876702998,16.11083221435547,15.800832748413086,15.84999942779541,14.629166603088379
CM201800000276,CMGE71FL,CM,2018.0,276.0,CM2018DHS,1194.734375,1357.1123046875,1538.593994140625,111.55833435058594,115.125,116.39167022705078,100.5250015258789,29.421977996826172,31.185100555419922,30.968957901000977,26.9865779876709,2.3840764490298078e-05,2.3840764490298078e-05,2.5581872043541715e-05,29.730908203125,29.068832397460938,29.734832763671875,29.21783447265625,13.216667175292969,12.77500057220459,11.983333587646484,12.416666984558105,5.0,3292.8,3245.9,3427.8,3450.4,3616.2,3661.8,3695.5,0.0,0.0,0.0,0.0,14.704918032786885,1971.1495535714287,3.0,0.0,0.0,0.08881248881359075,0.29987997832619634,24.389810180664064,24.34149932861328,24.821446228027344,24.501832580566408,0.881653165556694,29.978857155054644,-1.0,0.0711623853673049,0.7176306886099727,0.23259664233265026,0.48169994354248047,0.49012626920427593,0.34591238839285715,0.3564938817705427,0.467707702091762,0.5087391648973737,0.3006997449057443,0.32505570139203754,31.650001525878906,32.18333435058594,31.950000762939453,31.700000762939453,25.016666412353516,25.78333282470703,25.941667556762695,25.46666717529297,18.433334350585938,19.40833282470703,19.96666717529297,19.28333282470703,0.0,19.048709106445312,19.614166259765625,19.908059692382814,19.785833740234374,3.7916667461395264,3.691666603088379,3.758333444595337,3.7250001430511475,28359.82051282051,17703.761146496814,143792.0,1584.3333333333333,1701.0833333333333,1946.9166666666667,1813.0833333333333,1569.8333333333333,1869.4166666666667,1590.1666666666667,2.6696597240010247,0.0,0.0,0.0,26.771331787109375,23.22466786702474,23.047999064127605,24.957667032877605,23.33799997965495,23.341334025065105,24.226999918619793,26.51966603597005,25.495333353678387,23.723665873209637,24.023666381835938,23.248998006184895,580.2978142076503,228.91803278688525,0.5316635173187669,0.6050751642159976,0.6873118496199611,0.7792235170276507,2100.538330078125,2432.6279296875,2796.172119140625,3190.142578125,6.731417296362705,7.795639621755464,8.960656004525273,10.223181886099727,9.116666793823242,9.451666831970215,10.4375,8.863333702087402
CM201800000277,CMGE71FL,CM,2018.0,277.0,CM2018DHS,6714.88330078125,7627.5126953125,8647.51171875,139.49166870117188,108.69166564941406,118.0250015258789,108.94166564941406,46.75698471069336,35.83241653442383,39.01652908325195,35.914833068847656,0.0008568163889988213,0.0010301937722856072,0.001214537271268808,27.13127274946733,26.475757945667613,26.7889404296875,27.10545487837358,10.949999809265137,10.949999809265137,10.266666412353516,10.933333396911621,1.0,3929.7272727272725,3962.4545454545455,4079.818181818182,4195.454545454545,4503.0,4546.545454545455,4542.272727272727,0.0,0.0,0.0,0.0,29.430517711171664,1806.548583984375,5.0,0.0,0.0,0.07561228052984678,0.4943243669248802,22.429726340553977,22.74424327503551,22.927651145241477,23.066667036576703,0.198073632078744,13.596853120730874,-1.0,2.185880400443989,0.3231401495594796,0.10266197704878009,0.5310010274251302,0.5044169743855794,0.39074433644612633,0.3554665247599284,0.5694341023763021,0.5487106323242188,0.3704301198323568,0.33676967620849607,29.816667556762695,30.274999618530273,30.03333282470703,30.183334350585938,24.316667556762695,24.774999618530273,24.866666793823242,24.691667556762695,18.866666793823242,19.325000762939453,19.766666412353516,19.25,0.0,17.72818270596591,19.01272860440341,19.066363247958098,19.02787919477983,2.9833333492279053,3.0333333015441895,3.0250000953674316,3.0333333015441895,34459.74603174603,151198.82958199357,284763.6549520767,1813.6666666666667,1582.8333333333333,1631.9166666666667,1855.5833333333333,1621.9166666666667,1697.0,1501.3333333333333,0.253737110909217,0.0,0.0,0.0,25.146249771118164,23.115501403808594,23.274250030517578,24.92099952697754,23.67224884033203,23.07900047302246,23.704750061035156,25.344499588012695,24.688251495361328,23.97249984741211,23.798500061035156,23.49074935913086,241.21311475409837,216.38524590163934,2.644868018504404,3.0100693121189024,3.4191722508045395,3.8764056280699526,3468.257568359375,3729.59814453125,3980.669921875,4217.009765625,11.04275129141052,11.874845244193988,12.674244364754099,13.42673780097336,11.929999351501465,11.021666526794434,11.372499465942383,10.53749942779541
CM201800000278,CMGE71FL,CM,2018.0,278.0,CM2018DHS,32435.412109375,36843.75390625,41770.734375,69.57499694824219,70.15833282470703,74.44166564941406,65.53333282470703,13.168769836425781,13.734094619750977,14.067716598510742,12.522293090820312,0.00010079565720680433,0.00037492188410117076,0.0019780848270807513,35.79242621527778,34.23870171440972,35.15851847330729,35.18388875325521,14.208333969116211,13.850000381469727,13.316666603088379,13.516666412353516,2.0,2473.222222222222,2578.5555555555557,2648.0,2802.0,2822.1111111111113,2849.1111111111113,2847.1111111111113,0.0,0.0,0.0,0.0,30.849056603773583,1661.527587890625,4.0,0.0,0.0,0.02942336345327662,0.15670264774067538,28.372222900390625,27.577870686848957,28.25037129720052,28.08472357855903,5.191107637138777,1929.23000672043,-1.0,0.4987632587391843,1.1820962557228663,5.959716796875,0.25024802344185965,0.2852731261934553,0.19824954441615514,0.21984449454716273,0.17388691220964705,0.21414610317775182,0.126368624823434,0.15425981794084823,33.54999923706055,34.366668701171875,34.29999923706055,33.891666412353516,26.416667938232422,27.40833282470703,27.616666793823242,27.100000381469727,19.34166717529297,20.516666412353516,20.983333587646484,20.375,0.0,20.95201958550347,20.917036268446182,21.342222425672745,20.985555013020832,5.2833333015441895,5.108333587646484,5.2916669845581055,5.233333587646484,26209.24213836478,68982.03205128205,86822.80769230769,913.8888888888889,852.4444444444445,1069.4444444444443,1009.4444444444445,891.4444444444445,936.5555555555555,1015.6666666666666,2.6865071942729335,0.0,0.0,0.0,29.308331807454426,23.268666585286457,23.387001037597656,25.21033223470052,23.164998372395832,23.726333618164062,25.212000528971355,28.24566650390625,27.259000142415363,25.047332763671875,25.212000528971355,23.707000732421875,178.48924731182797,44.64784946236559,14.391165643850536,16.37828706224866,18.604284046162867,21.09216603133378,46701.609375,53806.125,61528.21875,69834.8125,148.2894510248656,170.84805527553763,195.36769153225808,221.74319556451613,6.28416633605957,6.057499885559082,6.800833225250244,6.0908331871032715
CM201800000279,CMGE71FL,CM,2018.0,279.0,CM2018DHS,12137.6640625,13787.310546875,15631.037109375,147.1999969482422,130.23333740234375,151.8916778564453,112.86666870117188,55.20000076293945,47.357574462890625,55.06646728515625,40.91843032836914,0.00014093497170592254,0.00048993466972555,0.000508958672952352,24.661210801866318,24.102576361762154,24.952323065863716,24.622802734375,8.550000190734863,8.550000190734863,7.875,8.533333778381348,-9999,4141.333333333333,4161.555555555556,4198.888888888889,4221.444444444444,4336.444444444444,4383.777777777777,4385.555555555556,0.0,0.0,0.0,0.0,32.05913978494624,2392.422395833333,-801.0,0.0,0.0,0.08807975524033589,0.4568418014627945,21.50015089246962,21.14963107638889,21.98883056640625,21.691585964626736,0.1578303716515982,14.537168441280242,-1.0,1.8611336984942037,3.7661841607862905,0.5882917014501428,0.5976524353027344,0.5423152446746826,0.35250067710876465,0.3651411533355713,0.8042510747909546,0.7006053924560547,0.3669481873512268,0.4084007441997528,28.225000381469727,28.491666793823242,28.291667938232422,28.53333282470703,23.916667938232422,24.183334350585938,24.33333396911621,24.233333587646484,19.67500114440918,19.941667556762695,20.416667938232422,20.0,0.0035735308718519146,18.339090983072918,18.19668240017361,19.02533637152778,18.76037089029948,2.6666667461395264,2.75,2.758333444595337,2.758333444595337,131718.15384615384,22322.66139240506,86549.94871794872,2098.3333333333335,1851.888888888889,1700.3333333333333,1854.111111111111,1718.5555555555557,1676.4444444444443,1406.0,1.945830806609123,0.0,0.0,0.0,24.303998311360676,22.12066650390625,23.87433369954427,24.652999877929688,24.040667215983074,22.212000528971355,23.243667602539062,24.481333414713543,24.02666727701823,23.419331868489582,23.017333984375,22.733998616536457,143.0994623655914,44.10752688172043,4.841449239979619,5.50995337444803,6.258818253226902,7.095787380052649,13795.8681640625,13897.98046875,13901.1220703125,13805.703125,43.174778435819896,43.49433488743279,43.50416089129704,43.205540154569896,14.460832595825195,13.389166831970215,14.794166564941406,11.939167022705078
CM201800000281,CMGE71FL,CM,2018.0,281.0,CM2018DHS,8736.66796875,9924.08203125,11251.1923828125,225.9166717529297,176.19166564941406,294.9916687011719,166.97500610351562,80.44510650634766,61.46220779418945,102.9040756225586,58.0782585144043,0.0010708840210226517,0.005493222158166427,0.005596163152139398,27.957372029622395,26.992533365885418,27.86750030517578,27.99017842610677,8.691666603088379,8.016666412353516,7.708333492279053,8.216667175292969,2.0,4123.166666666667,4146.083333333333,4180.833333333333,4048.5833333333335,4278.75,4375.333333333333,4361.75,0.0,0.0,0.0,0.0,28.869918699186993,2697.87158203125,4.0,0.0,0.0,0.09110999996198967,0.44333454650088944,23.925198872884113,24.103373209635418,24.61377716064453,24.393516540527344,0.5685539451805321,198.22402871621622,-1.0,1.4952875910578547,2.104661766258446,0.9562965186866554,0.5234482447306316,0.5430613199869792,0.34285564422607423,0.24558560053507486,0.6787301381429036,0.7278319040934245,0.3715627670288086,0.23617475827534992,31.108333587646484,31.008333206176758,31.033334732055664,31.20833396911621,26.725000381469727,26.975000381469727,27.166667938232422,27.08333396911621,22.416667938232422,22.991666793823242,23.325000762939453,22.991666793823242,0.012319601100424061,19.893030802408855,21.214214324951172,21.360056559244793,20.79685338338216,2.808333396911621,2.866666793823242,2.866666793823242,2.875,23276.80769230769,30429.632075471698,23372.41904761905,2573.4,2450.9,2997.6,2435.8,2370.2,2892.9,2022.5,0.39737416860219593,0.0,1.0,1.0,27.294331868489582,25.119000752766926,26.818333943684895,27.42333221435547,26.80199940999349,25.238667805989582,26.25366719563802,27.536666870117188,26.778666178385418,26.46099853515625,25.978001912434895,25.575002034505207,151.41351351351352,38.20810810810811,3.066488406313862,3.4899070802111716,3.964225083021117,4.494346514709639,30873.787109375,31204.46484375,31303.05078125,31168.265625,97.24024493243243,98.28175675675676,98.59227195945945,98.16773648648649,17.16499900817871,15.934999465942383,16.543333053588867,15.129166603088379
CM201800000282,CMGE71FL,CM,2018.0,282.0,CM2018DHS,183538.78125,208483.78125,236363.546875,225.9166717529297,176.19166564941406,294.9916687011719,166.97500610351562,80.44510650634766,61.46220779418945,102.9040756225586,58.0782585144043,0.9482770399613814,0.9745183424516157,0.9477733265269886,28.83888816833496,26.983999252319336,29.181110382080078,28.41857147216797,8.691666603088379,8.016666412353516,7.708333492279053,8.216667175292969,2.0,1460.0,1402.0,1379.0,1433.0,1464.0,1464.0,1466.0,0.0,0.0,0.0,0.0,89.64285714285714,2697.871826171875,-807,0.0,0.0,0.05304054416991964,0.1902248762160872,24.182626724243164,23.551000595092773,25.15855598449707,24.975536346435547,0.0,0.0,-1.0,0.0,0.0,0.0,0.3528392016887665,0.37430283427238464,0.13954108953475952,0.11302486062049866,0.3794374465942383,0.42185595631599426,0.09518828243017197,0.0799097865819931,31.108333587646484,31.008333206176758,31.033334732055664,31.20833396911621,26.725000381469727,26.975000381469727,27.166667938232422,27.08333396911621,22.416667938232422,22.991666793823242,23.325000762939453,22.991666793823242,14.834432633196721,19.526363372802734,20.118000030517578,21.13599967956543,21.532499313354492,2.808333396911621,2.866666793823242,2.866666793823242,2.875,3677.1015625,4394.188565340909,3231.9508928571427,3221.0,3502.0,3751.0,3416.0,3241.0,3850.0,2643.0,0.0,3.0,3.0,3.0,27.347000122070312,24.865999221801758,26.996999740600586,27.70599937438965,27.152000427246094,24.9950008392334,26.191999435424805,27.571001052856445,26.895000457763672,26.59600067138672,25.867000579833984,25.38800048828125,4.0,0.0,1536.12265625,1748.2294270833333,1985.8338541666667,2251.3919270833335,16218.0546875,20082.8984375,24682.927734375,30110.80078125,1349.487025669643,1671.0767299107142,2053.8399832589284,2505.4871651785716,17.16499900817871,15.934999465942383,16.543333053588867,15.129166603088379
CM201800000283,CMGE71FL,CM,2018.0,283.0,CM2018DHS,98432.5625,111810.671875,126762.6953125,225.9166717529297,176.19166564941406,294.9916687011719,166.97500610351562,80.44510650634766,61.46220779418945,102.9040756225586,58.0782585144043,0.8179216384887695,0.837787946065267,0.8292824427286783,29.165555953979492,26.79888916015625,28.924545288085938,29.729999542236328,8.691666603088379,8.016666412353516,7.708333492279053,8.216667175292969,2.0,2275.0,2246.0,2179.0,2217.0,2255.0,2254.0,2224.0,0.0,0.0,0.0,0.0,86.75,2697.871826171875,-807,0.0,0.0,0.0533132199080337,0.2021994392391353,24.44141387939453,23.238445281982422,24.93827247619629,25.466249465942383,0.4588892459869385,339.8271077473958,-1.0,2.3335631688435874,0.10308042168617249,0.22754518191019693,0.34999969601631165,0.3730185627937317,0.13481253385543823,0.10740933567285538,0.37443962693214417,0.42034226655960083,0.09065529704093933,0.07472863793373108,31.108333587646484,31.008333206176758,31.033334732055664,31.20833396911621,26.725000381469727,26.975000381469727,27.166667938232422,27.08333396911621,22.416667938232422,22.991666793823242,23.325000762939453,22.991666793823242,9.95134980799788,19.71727180480957,19.67799949645996,20.95199966430664,21.202499389648438,2.808333396911621,2.866666793823242,2.866666793823242,2.875,1183.4473470052083,8443.125,1482.2100694444443,3044.0,3302.0,3542.0,3182.0,3122.0,3773.0,2524.0,0.0,3.0,3.0,3.0,27.347000122070312,24.865999221801758,26.996999740600586,27.70599937438965,27.152000427246094,24.9950008392334,26.191999435424805,27.571001052856445,26.895000457763672,26.59600067138672,25.867000579833984,25.38800048828125,5.6923076923076925,0.0,945.4727957589286,1076.02294921875,1222.2667410714287,1385.7159598214287,14789.572265625,18314.0,22508.859375,27458.6484375,1349.487079326923,1671.0766225961538,2053.83984375,2505.4873798076924,17.16499900817871,15.934999465942383,16.543333053588867,15.129166603088379
CM201800000284,CMGE71FL,CM,2018.0,284.0,CM2018DHS,3139.76953125,3566.5,4043.434814453125,139.49166870117188,108.69166564941406,118.0250015258789,108.94166564941406,46.75698471069336,35.83241653442383,39.01652908325195,35.914833068847656,0.0016184716652601194,0.00174798472569539,0.002123541174790798,26.18425598144531,25.807998657226562,26.332000732421875,26.150833129882812,10.949999809265137,10.949999809265137,10.266666412353516,10.933333396911621,1.0,3857.5,3831.5,3972.1,4093.2,4519.7,4534.2,4488.1,0.0,0.0,0.0,0.0,30.13586956521739,1806.5486886160713,5.0,0.0,0.0,0.07602808614911037,0.5095231932516829,22.127035522460936,22.666831970214844,22.895750427246092,22.82550048828125,0.16341924667358398,11.474666429602582,-1.0,2.226720395295516,0.2594751275104025,0.1064621054607889,0.5272256851196289,0.49919312795003257,0.38315563201904296,0.3544248263041178,0.5633090337117513,0.54465758005778,0.361367925008138,0.33542229334513346,29.816667556762695,30.274999618530273,30.03333282470703,30.183334350585938,24.316667556762695,24.774999618530273,24.866666793823242,24.691667556762695,18.866666793823242,19.325000762939453,19.766666412353516,19.25,0.0,18.06981658935547,19.525666809082033,19.459500122070313,19.500167846679688,2.9833333492279053,3.0333333015441895,3.0250000953674316,3.0333333015441895,35288.195583596214,144849.23961661343,300127.13099041535,1893.4545454545455,1702.090909090909,1630.1818181818182,1919.8181818181818,1665.5454545454545,1739.0,1499.909090909091,0.7272374526314114,0.0,0.0,0.0,25.073749542236328,23.170499801635742,23.34000015258789,24.84025001525879,23.621000289916992,23.118000030517578,23.747249603271484,25.284000396728516,24.696998596191406,24.017749786376953,23.84375,23.546249389648438,259.2228260869565,243.0461956521739,1.2382574029307547,1.409235052723702,1.600766208002476,1.8148308425653177,3487.6123046875,3750.4111328125,4002.8837890625,4240.54248046875,11.042751146399457,11.874846085258152,12.674244756283967,13.42673923658288,11.929999351501465,11.021666526794434,11.372499465942383,10.53749942779541
CM201800000286,CMGE71FL,CM,2018.0,286.0,CM2018DHS,33851.609375,38452.42578125,43594.52734375,108.9000015258789,121.73333740234375,132.88333129882812,133.15834045410156,31.3381290435791,34.78095245361328,37.344261169433594,37.95486831665039,0.11581904547555107,0.12910092728478567,0.13151100703648158,29.59363555908203,29.373332977294922,28.736665725708008,29.856666564941406,12.508333206176758,12.508333206176758,11.833333969116211,12.491666793823242,1.0,3274,3167,3307,3397,3583,3565,3652,0.0,0.0,0.0,0.0,47.93333333333333,1863.2640380859375,-807,0.0,0.0,0.0622144873332182,0.35752387731008417,22.780908584594727,23.138031005859375,22.85416603088379,23.7450008392334,1.3182456970214844,197.72174479166668,-1.0,0.2525484879811605,0.22613736788431804,0.5211203893025717,0.39978229999542236,0.3898891806602478,0.28786003589630127,0.2577820122241974,0.3728550374507904,0.36146628856658936,0.23444098234176636,0.21287795901298523,29.183334350585938,29.866666793823242,29.616666793823242,29.650001525878906,22.90833282470703,23.59166717529297,23.67500114440918,23.383333206176758,16.674999237060547,17.358333587646484,17.78333282470703,17.15833282470703,0.4257336344037737,15.968181610107422,16.902727127075195,16.97166633605957,17.633333206176758,3.4750001430511475,3.5,3.558333396911621,3.508333444595337,48190.40909090909,57133.88461538462,143257.06818181818,1566,1452,1518,1519,1491,1649,1560,0.4858967463175456,0.0,0.0,3.0,24.422000885009766,21.67799949645996,22.89699935913086,24.882999420166016,23.20599937438965,21.58799934387207,22.43000030517578,25.22800064086914,23.204999923706055,22.246999740600586,22.195999145507812,21.667999267578125,8.733333333333333,1.1333333333333333,398.99908447265625,454.0926513671875,515.8090209960938,584.7861938476562,155.80349731445312,166.1739044189453,175.910400390625,184.83160400390625,12.148841349283854,12.957478841145834,13.716685994466145,14.412318929036458,9.767499923706055,11.809999465942383,12.549166679382324,11.585832595825195
CM201800000287,CMGE71FL,CM,2018.0,287.0,CM2018DHS,3471.83544921875,3943.697265625,4471.0732421875,129.94166564941406,122.97500610351562,118.66666412353516,103.50833892822266,45.59356689453125,42.0427360534668,40.112674713134766,35.692527770996094,0.0018612697439373664,0.0027461340592342355,0.003962094678818804,25.023752848307293,24.256513807508682,24.78860643174913,25.471974690755207,10.183333396911621,10.183333396911621,9.5,10.166666984558105,1.0,3996.6666666666665,3987.3333333333335,3995.8888888888887,4083.6666666666665,4232.0,4383.555555555556,4353.555555555556,0.0,0.0,0.0,0.0,22.358288770053477,2356.976041666667,5.0,0.0,0.0,0.088061729747597,0.48361477095539485,21.646372477213543,21.704091389973957,22.000783284505207,22.37240261501736,0.1525986819343771,8.166271515708557,-1.0,1.4632777249749331,0.25639522776884194,0.21435314321262952,0.6045307159423828,0.5700425465901693,0.3262125651041667,0.3355695724487305,0.7068872451782227,0.6421823501586914,0.28566935857137044,0.31504815419514975,29.233333587646484,29.600000381469727,29.358333587646484,29.575000762939453,24.116666793823242,24.483333587646484,24.59166717529297,24.46666717529297,19.05000114440918,19.416667938232422,19.858333587646484,19.40833282470703,0.0,18.26898871527778,19.15166558159722,19.212961832682293,19.2728271484375,2.8500001430511475,2.924999952316284,2.9583334922790527,2.9000000953674316,195205.6888888889,72492.10126582278,201775.68354430379,1798.3,1732.9,1527.7,1831.6,1467.8,1684.4,1366.4,0.15986698579023229,0.0,0.0,0.0,24.486249923706055,22.75149917602539,23.366748809814453,24.515750885009766,23.11199951171875,22.688499450683594,23.443750381469727,24.860750198364258,23.886749267578125,23.64474868774414,23.311750411987305,23.291749954223633,227.4572192513369,123.71657754010695,1.3753214297087297,1.5652248548424763,1.7779567552649456,2.0157162210215693,1695.579833984375,1797.590576171875,1891.49560546875,1975.4927978515625,5.281390674611464,5.599132843833556,5.891628979361631,6.153262867647059,12.451666831970215,12.457499504089355,12.120833396911621,10.904999732971191
CM201800000288,CMGE71FL,CM,2018.0,288.0,CM2018DHS,22579.76171875,25648.609375,29078.505859375,156.90834045410156,141.89999389648438,158.1666717529297,134.8416748046875,51.728023529052734,45.65147399902344,49.94736862182617,42.581581115722656,0.0006295554694675264,0.0010842711206466432,0.0017082017565530443,27.264907836914062,25.597000122070312,26.165667724609374,26.3058349609375,11.116666793823242,10.441666603088379,9.966667175292969,10.641667366027832,2.0,3576.1,3539.7,3617.5,3570.2,3860.5,3847.6,3977.3,0.0,0.0,0.0,0.0,22.730978260869566,1764.624720982143,3.0,0.0,0.0,0.0942507738453321,0.31664816781718713,20.663743591308595,20.1638916015625,20.38783416748047,20.4202880859375,0.9156247843866763,95.19546110733695,-1.0,4.422576904296875,5.38964611551036,0.5877240637074346,0.35209642137799946,0.5778091294424874,0.2958845411028181,0.18098187446594238,0.3062587465558733,0.6205276761736188,0.2370802334376744,0.13270978416715348,26.05000114440918,26.241666793823242,26.200000762939453,26.174999237060547,20.475000381469727,21.0,21.191667556762695,20.825000762939453,14.933333396911621,15.800000190734863,16.233333587646484,15.533333778381348,0.0,14.062576293945312,14.730787658691407,14.610000610351562,14.534742736816407,3.0333333015441895,3.1083333492279053,3.1666667461395264,3.1666667461395264,43140.269230769234,27272.038338658145,205080.7111111111,2212.0,2315.3,2181.5,2123.6,2040.4,2195.1,2157.2,3.0516984359077783,0.0,0.0,0.0,23.097000122070312,20.099666595458984,20.552000681559246,23.638333638509113,22.456334431966145,20.19800059000651,21.182668050130207,23.760335286458332,22.31133270263672,21.757334391276043,21.110000610351562,20.43166732788086,533.0407608695652,55.39945652173913,8.560506075219003,9.742534298138477,11.066654997051886,12.546559130727763,30457.33203125,32431.46484375,34312.50390625,36070.51171875,96.78786302649456,103.0610988451087,109.03848930027173,114.62488323709239,13.889165878295898,13.863332748413086,16.359167098999023,13.481666564941406
CM201800000289,CMGE71FL,CM,2018.0,289.0,CM2018DHS,4862.8173828125,5523.7294921875,6262.39697265625,61.5,62.82500076293945,70.7249984741211,62.95000076293945,11.031390190124512,11.580644607543945,12.648285865783691,11.393665313720703,0.05512872109046349,0.06252535489889291,0.06782156229019165,39.237274169921875,36.994998931884766,37.70833206176758,37.61166763305664,14.666666984558105,14.308333396911621,13.883333206176758,13.941666603088379,2.0,2101.0,2112.0,2225.0,2341.0,2392.0,2349.0,2438.0,0.0,0.0,0.0,0.0,39.6,1731.0255126953125,2,0.0,0.0,0.03799914626134469,0.151412495658645,30.42545509338379,29.351667404174805,29.934999465942383,29.733333587646484,9.02548828125,40.72909342447917,-1.0,0.7623552958170573,0.7663043340047201,10.91712137858073,0.20798306167125702,0.22942671179771423,0.25126078724861145,0.2539536952972412,0.13692133128643036,0.1591879427433014,0.17182540893554688,0.18321184813976288,34.57500076293945,35.38333511352539,35.40833282470703,34.83333206176758,27.20833396911621,28.200000762939453,28.433334350585938,27.83333396911621,19.90833282470703,21.075000762939453,21.525001525878906,20.891666412353516,0.10589276590654927,21.613636016845703,21.70833396911621,22.161666870117188,21.854999542236328,5.575000286102295,5.425000190734863,5.5916666984558105,5.525000095367432,29176.93269230769,31597.56971153846,150024.17307692306,674.0,593.0,799.0,797.0,720.0,809.0,823.0,3.695917256673177,0.0,0.0,0.0,31.371000289916992,25.132999420166016,24.365999221801758,26.233999252319336,24.003999710083008,26.20199966430664,28.17799949645996,29.5310001373291,30.115999221801758,26.530000686645508,27.507999420166016,25.857999801635742,67.13333333333334,14.066666666666666,36.873504638671875,41.96497344970703,47.668487548828125,54.04301834106445,1394.309326171875,1566.8997802734375,1747.6988525390625,1934.8446044921875,110.03134765625,123.6512451171875,137.9189453125,152.68746744791667,5.612499713897705,5.488333225250244,6.087499618530273,5.531666278839111
CM201800000291,CMGE71FL,CM,2018.0,291.0,CM2018DHS,2442.212890625,2774.137451171875,3145.11279296875,189.11666870117188,150.10000610351562,176.9250030517578,136.44166564941406,66.74706268310547,51.907779693603516,60.487178802490234,46.51420593261719,0.0036784094362594067,0.005176762422433676,0.00514381076581181,26.673004150390625,26.405782063802082,26.32964409722222,28.120868259006077,7.991666793823242,7.991666793823242,7.991666793823242,7.991666793823242,-9999,3965.777777777778,3919.222222222222,3964.5555555555557,3977.6666666666665,4272.666666666667,4439.666666666667,4428.666666666667,0.0,0.0,0.0,0.0,27.11260053619303,7471.261979166667,5.0,0.0,0.0,0.1033009465569922,0.48399477495487603,23.425391303168404,23.68184577094184,23.61127387152778,24.124806722005207,0.19568277174426663,10.909683063466062,-1.0,1.4511436544438845,0.0763122445793562,0.47666709653792844,0.5150106975010463,0.595508302961077,0.3272744246891567,0.26739249910627094,0.6366969517299107,0.8084130968366351,0.33092849595206125,0.25985213688441683,29.483333587646484,29.666667938232422,29.83333396911621,29.766666412353516,25.450000762939453,25.633333206176758,25.80000114440918,25.733333587646484,21.491666793823242,21.674999237060547,21.84166717529297,21.774999618530273,0.0074944146301435385,20.177778455946182,20.95791286892361,20.892903645833332,20.128746880425346,2.8333332538604736,2.8916666507720947,2.924999952316284,2.933333396911621,25182.168253968255,14810.413461538461,25184.973101265823,2825.8,2490.8,2437.2,2191.5,2192.9,2285.4,1706.6,0.25667229519095475,0.0,0.0,0.0,26.78399912516276,24.657333374023438,26.611666361490887,26.95366668701172,26.519999186197918,24.816665649414062,25.748331705729168,27.03900146484375,26.523666381835938,26.172332763671875,25.365331013997395,25.121999104817707,221.28763440860214,80.38172043010752,0.9110499201594172,1.0368471712679477,1.1777664596970017,1.335264793602196,4386.8193359375,5161.3642578125,6027.29345703125,6986.0771484375,13.719650432627688,16.1420163390457,18.850189537130376,21.848753570228496,16.334165573120117,14.13166618347168,15.602499961853027,13.085832595825195
CM201800000292,CMGE71FL,CM,2018.0,292.0,CM2018DHS,76518.71875,86918.484375,98541.7734375,223.85000610351562,178.51666259765625,281.04168701171875,168.1416778564453,79.23893737792969,61.557472229003906,96.91091918945312,57.6485710144043,0.6911791888150302,0.7344774766401811,0.7353069999001243,25.709999084472656,24.203332901000977,26.666362762451172,26.016666412353516,8.416666984558105,7.741666793823242,7.441667079925537,7.941667079925537,2.0,2343,2477,2580,2756,2779,2864,2810,0.0,0.0,0.0,0.0,61.5,2995.8017578125,-807,0.0,0.0,0.05304054416991964,0.1902248762160872,22.6990909576416,22.58888816833496,24.111818313598633,23.779582977294922,0.13549659081867763,441.9252232142857,-1.0,0.8038828713553292,0.004890180592026029,0.4174020630972726,0.3528392016887665,0.37430283427238464,0.13954108953475952,0.11302486062049866,0.3794374465942383,0.42185595631599426,0.09518828243017197,0.0799097865819931,31.0,30.875,30.88333511352539,31.058334350585938,26.758333206176758,26.975000381469727,27.133333206176758,27.066667556762695,22.58333396911621,23.133333206176758,23.441667556762695,23.116666793823242,8.684280654131356,19.688180923461914,20.974445343017578,21.55727195739746,21.542499542236328,2.825000047683716,2.9000000953674316,2.9000000953674316,2.9166667461395264,6158.296316964285,3187.19140625,3063.9170673076924,3221.0,3502.0,3751.0,3416.0,3241.0,3850.0,2643.0,0.0,3.0,3.0,3.0,27.208248138427734,24.597938537597656,26.797937393188477,27.542268753051758,26.904123306274414,24.75154685974121,25.994844436645508,27.368040084838867,26.729896545410156,26.428865432739258,25.6989688873291,25.161855697631836,8.928571428571429,0.0,516.3957170758929,587.6992885044643,667.5742885044643,756.8466099330357,16218.45703125,20083.3984375,24683.541015625,30111.546875,1349.487025669643,1671.0767299107142,2053.83984375,2505.487723214286,17.586666107177734,15.996665954589844,16.883333206176758,15.099165916442871
CM201800000293,CMGE71FL,CM,2018.0,293.0,CM2018DHS,237988.984375,270334.40625,306485.25,131.80833435058594,115.51667022705078,136.3333282470703,102.68333435058594,47.785499572753906,40.179710388183594,47.4202880859375,35.7159423828125,0.8989041646321615,0.9081507523854574,0.9120808442433676,28.600000381469727,27.552000045776367,29.09666633605957,30.79888916015625,9.175000190734863,9.175000190734863,8.5,9.158333778381348,-9999,2375.0,2354.0,2378.0,2433.0,2479.0,2434.0,2429.0,0.0,0.0,0.0,0.0,78.33333333333333,2392.42236328125,-807,0.0,0.0,0.041060865150569746,0.1484963031960643,23.23318099975586,23.006000518798828,24.00787925720215,25.07111167907715,0.0,0.0,-1.0,0.0,0.0,0.0,0.42617955803871155,0.33384793996810913,0.13547100126743317,0.17480474710464478,0.47387978434562683,0.3369608223438263,0.0886593833565712,0.13904230296611786,28.700000762939453,29.0,28.80000114440918,29.016666412353516,24.08333396911621,24.383333206176758,24.516666412353516,24.40833282470703,19.525001525878906,19.825000762939453,20.30000114440918,19.858333587646484,20.32320556640625,17.866363525390625,18.459999084472656,18.919090270996094,19.343334197998047,2.758333444595337,2.875,2.875,2.875,169847.09615384616,24040.223958333332,62830.875,1875,1595,1447,1735,1580,1609,1261,0.5712121214185443,3.0,3.0,3.0,24.781999588012695,22.795000076293945,23.84600067138672,25.30299949645996,24.42099952697754,22.527000427246094,23.399999618530273,24.98699951171875,24.201000213623047,23.722999572753906,23.39299964904785,23.132999420166016,3.357142857142857,0.0,2049.9521484375,2333.0080915178573,2650.090401785714,3004.477120535714,68755.0078125,88622.390625,113377.109375,143966.84375,5719.7734375,7372.553571428572,9431.9140625,11976.69419642857,13.170832633972168,12.398332595825195,13.69333267211914,11.091666221618652
CM201800000295,CMGE71FL,CM,2018.0,295.0,CM2018DHS,21158.46875,24034.146484375,27248.14453125,148.20834350585938,128.8000030517578,154.90000915527344,114.30000305175781,53.569278717041016,45.1929817199707,54.5102653503418,40.57988357543945,1.2328095448474153e-05,0.0002869336416546148,0.00027541002145590494,25.03350321451823,24.552271525065105,24.567657470703125,24.672210693359375,8.791666984558105,8.791666984558105,8.116666793823242,8.77500057220459,-9999,4260.75,4320.25,4468.5,4479.416666666667,4610.25,4686.5,4662.083333333333,0.0,0.0,0.0,0.0,23.75067750677507,2409.3133370535716,3.0,0.0,0.0,0.07855826345016792,0.40756811149868544,21.578343709309895,21.342453002929688,21.468421936035156,21.486663818359375,0.18113584776182431,39.63939241976351,-1.0,2.225550636085304,2.8738096494932432,0.633131944811022,0.5340056759970528,0.466634920665196,0.3376389912196568,0.3261140414646694,0.6692803927830288,0.546114444732666,0.3437087195260184,0.34051033428737093,28.491666793823242,28.774999618530273,28.575000762939453,28.808334350585938,24.075000762939453,24.358333587646484,24.5,24.399999618530273,19.700000762939453,19.983333587646484,20.45833396911621,20.03333282470703,0.002738525550862961,18.12318166097005,18.13263702392578,18.369186401367188,18.301111857096355,2.7666666507720947,2.8500001430511475,2.8416666984558105,2.816666603088379,172121.7124600639,48998.306709265176,37456.206349206346,2046.2,1874.4,1661.6,1760.2,1740.6,1818.8,1388.5,1.7134909140097128,0.0,0.0,0.0,24.2086664835612,21.893666585286457,23.694666544596355,24.782000223795574,23.967666625976562,21.94300079345703,22.962331136067707,24.483001708984375,23.751998901367188,23.333333333333332,22.918668111165363,22.594332377115887,244.27567567567567,59.994594594594595,8.492200877568493,9.664798935145548,10.978355094178083,12.446449593321917,27106.51171875,27904.81640625,28511.9921875,28915.6015625,85.33624366554054,87.8494457347973,89.7609375,91.0315772804054,14.470000267028809,13.286666870117188,14.498332977294922,12.053333282470703
CM201800000296,CMGE71FL,CM,2018.0,296.0,CM2018DHS,12524.01171875,14226.16796875,16128.58203125,179.80833435058594,151.76666259765625,153.64999389648438,127.5,62.906707763671875,51.88603973388672,51.50279235839844,42.5,0.3664837983938364,0.4867996802696815,0.5044977114750788,28.744544982910156,27.170000076293945,27.801666259765625,27.386667251586914,10.291666984558105,9.616666793823242,9.225000381469727,9.824999809265137,2.0,3371,3419,3505,3401,3480,3484,3417,0.0,0.0,0.0,0.0,38.8125,1964.494384765625,4,0.0,0.0,0.07102440106219637,0.26940364847577053,22.30363655090332,21.43083381652832,22.02750015258789,21.796667098999023,5.560384750366211,90.58240509033203,-1.0,26.68178367614746,0.803821861743927,2.223668336868286,0.29136332869529724,0.5104079842567444,0.19843174517154694,0.08474618196487427,0.23134875297546387,0.50486159324646,0.1314745843410492,0.04865598306059837,25.65833282470703,25.75,25.67500114440918,25.741666793823242,20.491666793823242,20.916667938232422,21.041667938232422,20.799999237060547,15.366666793823242,16.133333206176758,16.450000762939453,15.916666984558105,0.6986383806195176,15.862727165222168,15.691666603088379,16.253334045410156,16.206666946411133,2.8583333492279053,2.924999952316284,2.9833333492279053,3.0,117678.21153846153,30454.340909090908,176620.73076923078,1799.0,1858.0,1785.0,1824.0,1970.0,1979.0,1797.0,1.36797297000885,3.0,3.0,3.0,24.468000411987305,21.527000427246094,22.756999969482422,25.44499969482422,24.273000717163086,21.82699966430664,22.735000610351562,25.493000030517578,23.72800064086914,23.45800018310547,22.413000106811523,22.121999740600586,11.8125,0.25,105.42662760416667,119.98387044270834,136.29103190104166,154.516748046875,3506.3623046875,3742.95458984375,3965.650390625,4170.33251953125,255.88812255859375,273.1541748046875,289.4061279296875,304.34344482421875,15.453332901000977,14.899999618530273,14.839166641235352,13.811666488647461
CM201800000297,CMGE71FL,CM,2018.0,297.0,CM2018DHS,33165.1796875,37672.703125,42710.5390625,225.9166717529297,176.19166564941406,294.9916687011719,166.97500610351562,80.44510650634766,61.46220779418945,102.9040756225586,58.0782585144043,0.0007127337752820585,0.001196051843631001,0.0016263597689497584,27.268469916449654,26.410469902886284,26.949005126953125,27.510423448350693,8.691666603088379,8.016666412353516,7.708333492279053,8.216667175292969,2.0,3776.8888888888887,3783.6666666666665,3856.0,3674.4444444444443,3794.0,3936.8888888888887,3903.4444444444443,0.0,0.0,0.0,0.0,24.0,2697.871651785714,4.0,0.0,0.0,0.09688513246414669,0.4441040223280531,23.096971299913193,23.44823540581597,24.062520345052082,24.358644273546005,0.7029994841544859,291.5784400201613,-1.0,3.0272374306955645,0.9876859111170615,0.862508548203335,0.5104776791163853,0.5238401208605085,0.2625761032104492,0.21259289128439768,0.6568922996520996,0.691359383719308,0.24971394879477365,0.19344472885131836,31.108333587646484,31.008333206176758,31.033334732055664,31.20833396911621,26.725000381469727,26.975000381469727,27.166667938232422,27.08333396911621,22.416667938232422,22.991666793823242,23.325000762939453,22.991666793823242,0.005311529460434342,18.92547607421875,20.48600090874566,21.176037258572048,21.206865098741318,2.808333396911621,2.866666793823242,2.866666793823242,2.875,19738.678343949046,24603.151757188498,19860.48717948718,2766.1,2493.1,2920.1,2509.3,2578.5,2942.6,2023.9,0.3232084089709866,0.0,0.0,0.0,27.484249114990234,25.18400001525879,27.342500686645508,27.820249557495117,27.155750274658203,25.354999542236328,26.4945011138916,27.773250579833984,27.078001022338867,26.788249969482422,26.175498962402344,25.739749908447266,155.8279569892473,92.81182795698925,12.135393605245232,13.811041808583106,15.688119997445504,17.786034357970028,90957.6015625,112152.375,137387.515625,167174.9375,284.89161206317203,351.27484459005376,430.312752016129,523.6087029569892,17.16499900817871,15.934999465942383,16.543333053588867,15.129166603088379
CM201800000298,CMGE71FL,CM,2018.0,298.0,CM2018DHS,4960.45166015625,5634.6337890625,6388.1328125,135.5749969482422,112.625,113.43333435058594,107.68333435058594,48.275962829589844,39.06069564819336,38.56090545654297,37.5639533996582,0.00040391773831581094,0.0005789661445076157,0.000656994077309449,25.878598022460938,24.939242553710937,25.797515869140625,26.414334106445313,10.633333206176758,10.633333206176758,9.958333969116211,10.616666793823242,1.0,4094.3,4153.9,4262.1,4284.8,4446.4,4493.8,4489.9,0.0,0.0,0.0,0.0,30.045822102425877,2108.62421875,6.0,0.0,0.0,0.07958628835785397,0.45916365897960165,22.21129913330078,22.24237060546875,22.779925537109374,22.936917114257813,0.21773870421869734,13.311269425960242,-1.0,1.8307809341307277,0.27805416796085325,0.15609556131285798,0.567706823348999,0.5365163087844849,0.4073413610458374,0.37298235297203064,0.6422076225280762,0.5927164554595947,0.3943292498588562,0.3636859059333801,29.42500114440918,29.84166717529297,29.616666793823242,29.799999237060547,24.08333396911621,24.5,24.616666793823242,24.46666717529297,18.791667938232422,19.20833396911621,19.65833282470703,19.183334350585938,0.0,18.544000244140626,19.545500183105467,19.76233367919922,19.459500122070313,2.808333396911621,2.883333444595337,2.941666603088379,2.866666793823242,109558.44871794872,100372.43396226416,244493.18849840257,1715.6666666666667,1542.1666666666667,1620.9166666666667,1697.0833333333333,1504.5833333333333,1652.1666666666667,1324.8333333333333,0.23701240560115186,0.0,0.0,0.0,24.875749588012695,22.868249893188477,23.19099998474121,24.358999252319336,23.300750732421875,22.82149887084961,23.644750595092773,24.965499877929688,24.33074951171875,23.874500274658203,23.600500106811523,23.532499313354492,223.7789757412399,97.74393530997304,1.8922157601134417,2.1534913781571063,2.4461755203874143,2.7732935239190923,3515.853271484375,3780.7802734375,4035.29736328125,4274.88037109375,11.042751589875337,11.874847329851752,12.67424401954178,13.426738070670485,12.149166107177734,11.464166641235352,11.449999809265137,10.71833324432373
CM201800000299,CMGE71FL,CM,2018.0,299.0,CM2018DHS,100161.4296875,113774.5,128989.15625,131.80833435058594,115.51667022705078,136.3333282470703,102.68333435058594,47.785499572753906,40.179710388183594,47.4202880859375,35.7159423828125,0.981593132019043,0.9887988017155573,0.9891507075383112,31.790000915527344,30.392221450805664,30.657272338867188,32.29600143432617,9.175000190734863,9.175000190734863,8.5,9.158333778381348,-9999,3285,3223,3079,3058,3147,3115,3088,0.0,0.0,0.0,0.0,81.85714285714286,2392.42236328125,-807.0,0.0,0.0,0.06752034310836967,0.28049537025505233,25.086362838745117,24.589445114135742,24.85272789001465,25.937166213989258,0.0,0.0,-1.0,0.0,0.0,0.0,0.46349212527275085,0.3653032183647156,0.15986847877502441,0.19314710795879364,0.5373510122299194,0.3845657408237457,0.11160854995250702,0.16009853780269623,28.700000762939453,29.0,28.80000114440918,29.016666412353516,24.08333396911621,24.383333206176758,24.516666412353516,24.40833282470703,19.525001525878906,19.825000762939453,20.30000114440918,19.858333587646484,15.637194233555947,18.382726669311523,18.786666870117188,19.048181533813477,19.578332901000977,2.758333444595337,2.875,2.875,2.875,173347.83333333334,26720.910714285714,62026.596153846156,1784,1495,1351,1647,1502,1514,1181,0.7547441891261509,3.0,3.0,3.0,24.781999588012695,22.795000076293945,23.84600067138672,25.30299949645996,24.42099952697754,22.527000427246094,23.399999618530273,24.98699951171875,24.201000213623047,23.722999572753906,23.39299964904785,23.132999420166016,4.928571428571429,0.0,1134.30078125,1290.92421875,1466.3755208333334,1662.4684895833334,28893.62109375,37189.01171875,47519.09375,60278.1328125,2403.7491629464284,3093.8683035714284,3953.2594866071427,5014.72265625,13.170832633972168,12.398332595825195,13.69333267211914,11.091666221618652
CM201800000300,CMGE71FL,CM,2018.0,300.0,CM2018DHS,66323.96875,75338.15625,85412.84375,225.9166717529297,176.19166564941406,294.9916687011719,166.97500610351562,80.44510650634766,61.46220779418945,102.9040756225586,58.0782585144043,0.6911402543385824,0.7146091461181641,0.7436438401540121,26.745555877685547,28.1522216796875,27.83222198486328,30.078571319580078,8.691666603088379,8.016666412353516,7.708333492279053,8.216667175292969,2.0,2201,2194,2227,2134,2153,2143,2147,0.0,0.0,0.0,0.0,66.0,2697.871826171875,-807,0.0,0.0,0.07482013066996293,0.2970612990345666,23.052322387695312,23.87656593322754,24.494112014770508,25.619840621948242,0.16341934204101563,557.7869140625,-1.0,1.1223551432291667,0.0,0.45057010650634766,0.3749130666255951,0.3985472023487091,0.1491485983133316,0.11973602324724197,0.4150107204914093,0.4632243812084198,0.10447614639997482,0.08609534800052643,31.108333587646484,31.008333206176758,31.033334732055664,31.20833396911621,26.725000381469727,26.975000381469727,27.166667938232422,27.08333396911621,22.416667938232422,22.991666793823242,23.325000762939453,22.991666793823242,8.257329305013021,19.35909080505371,19.600908279418945,21.1560001373291,21.16111183166504,2.808333396911621,2.866666793823242,2.866666793823242,2.875,7973.435825892857,5611.966947115385,5093.202769886364,3138.0,2925.0,3558.0,3172.0,3073.0,3580.0,2378.0,0.0,3.0,3.0,3.0,27.583999633789062,25.110000610351562,27.170000076293945,27.94499969482422,27.30500030517578,25.15999984741211,26.423999786376953,27.814998626708984,27.131000518798828,26.746999740600586,26.05500030517578,25.566999435424805,10.8,0.0,433.41127232142856,493.25638253348217,560.2955496651786,635.2218191964286,17376.81640625,21517.798828125,26446.494140625,32262.18359375,1349.4869791666667,1671.0765625,2053.83984375,2505.4875,17.16499900817871,15.934999465942383,16.543333053588867,15.129166603088379
CM201800000301,CMGE71FL,CM,2018.0,301.0,CM2018DHS,1473.65869140625,1673.945556640625,1897.79638671875,147.35833740234375,139.73333740234375,136.4499969482422,114.73333740234375,49.8112678527832,46.19283676147461,44.373985290527344,38.24444580078125,0.053398201862970986,0.06737553576628368,0.07240818937619527,25.841110229492188,24.920000076293945,25.342727661132812,24.989999771118164,9.166666984558105,9.166666984558105,8.483333587646484,9.149999618530273,-9999,4203,4105,4083,4317,4649,4640,4598,0.0,0.0,0.0,0.0,33.2,2471.2470703125,4,0.0,0.0,0.07489423185166187,0.3759572168414086,22.593555450439453,22.22916603088379,22.485530853271484,22.599090576171875,0.2760022481282552,78.23506673177083,-1.0,3.034203847249349,3.3999949137369794,0.8574810028076172,0.43872830271720886,0.37851154804229736,0.35941773653030396,0.31828850507736206,0.4963946044445038,0.40029266476631165,0.3765771687030792,0.3301713466644287,29.766666412353516,30.066667556762695,29.84166717529297,30.066667556762695,25.149999618530273,25.450000762939453,25.59166717529297,25.45833396911621,20.600000381469727,20.900001525878906,21.358333587646484,20.916667938232422,0.2915101369222005,19.34600067138672,19.538333892822266,19.628334045410156,20.208181381225586,2.9583334922790527,3.0250000953674316,3.075000047683716,3.0,191581.5,75502.65104166667,35893.39182692308,1586,1683,1503,1556,1559,1656,1373,0.7805672963460286,0.0,0.0,0.0,25.42799949645996,23.325000762939453,25.136999130249023,26.086000442504883,25.108999252319336,23.393999099731445,24.240999221801758,25.93000030517578,24.833999633789062,24.542999267578125,24.163000106811523,24.163000106811523,89.93333333333334,73.06666666666666,14.706952776227679,16.737679617745535,19.012520926339285,21.55499485560826,1099.7109375,1132.085693359375,1156.705078125,1173.06494140625,85.441357421875,87.95668131510416,89.86946614583333,91.14054361979167,13.792499542236328,13.516666412353516,13.476666450500488,12.154999732971191
CM201800000302,CMGE71FL,CM,2018.0,302.0,CM2018DHS,2827.3369140625,3211.6044921875,3641.080810546875,95.95000457763672,96.5250015258789,95.55833435058594,79.84166717529297,22.48828125,23.93181800842285,22.751983642578125,19.085657119750977,7.265598152674013e-06,6.599305498023186e-05,0.0005294986790226352,32.33363596598307,32.62458292643229,32.31139119466146,32.92791748046875,13.475000381469727,13.074999809265137,12.408333778381348,12.808333396911621,2.0,2907.1666666666665,2899.1666666666665,3025.8333333333335,3152.75,3098.6666666666665,3130.5833333333335,3186.8333333333335,0.0,0.0,0.0,0.0,20.964864864864865,1762.011439732143,1.0,0.0,0.0,0.08521776629063381,0.2471460474221884,26.428181966145832,26.919232686360676,26.86896006266276,27.166180928548176,0.7420991639833192,35.37513460726351,-1.0,2.1781174118454394,1.4212963207347973,1.2460257865287163,0.5298338572184245,0.5206328709920247,0.4197111447652181,0.431225840250651,0.49745826721191405,0.4961825370788574,0.3625439325968424,0.3946968078613281,32.59166717529297,33.25,33.05833435058594,32.81666564941406,25.825000762939453,26.691667556762695,26.83333396911621,26.391666412353516,19.116666793823242,20.17500114440918,20.649999618530273,20.008333206176758,0.0,20.522727966308594,21.21388880411784,21.42652638753255,21.404444376627605,4.266666889190674,4.0333333015441895,4.200000286102295,4.183333396911621,27489.783439490446,29871.12658227848,165038.3596214511,1101.8333333333333,1306.0833333333333,1346.5,1274.25,1181.3333333333333,1239.4166666666667,1080.1666666666667,1.299936325485642,0.0,0.0,0.0,30.158248901367188,24.912500381469727,24.04574966430664,26.056499481201172,24.126001358032227,25.60824966430664,26.5367488861084,28.96299934387207,28.465251922607422,25.37074851989746,26.08074951171875,25.223251342773438,204.23513513513512,173.60270270270271,1.2549526133435838,1.4282356424534575,1.6223490288917055,1.8392999527302194,1765.482177734375,1845.2239990234375,1914.1474609375,1970.8701171875,5.607978779560811,5.861275337837838,6.080207453547297,6.260384554476351,7.624166488647461,7.875,8.425000190734863,7.152499675750732
CM201800000303,CMGE71FL,CM,2018.0,303.0,CM2018DHS,53403.32421875,60661.44140625,68773.484375,184.0749969482422,157.89166259765625,159.22500610351562,133.5166778564453,66.13472747802734,55.40058517456055,54.90517044067383,47.402366638183594,0.017428022164564867,0.03621737162272135,0.048982387933975614,26.911273532443577,25.848147922092014,25.914072672526043,26.462961832682293,10.141666412353516,9.466667175292969,9.091667175292969,9.675000190734863,2.0,3386.6666666666665,3408.777777777778,3478.3333333333335,3337.222222222222,3644.3333333333335,3699.3333333333335,3767.5555555555557,0.0,0.0,0.0,0.0,31.43582887700535,1964.494419642857,4.0,0.0,0.0,0.06379222629866993,0.3054185188668651,20.90477837456597,20.640833536783855,20.792036268446182,21.054073757595486,4.163059826203209,1128.1811497326203,-1.0,8.936264935661764,15.529505765374331,1.0998084736380347,0.34449043273925783,0.5004584630330403,0.2513224442799886,0.1338018258412679,0.2923378308614095,0.4939139684041341,0.18601393699645996,0.08659664789835612,26.59166717529297,26.641666412353516,26.58333396911621,26.649999618530273,21.491666793823242,21.875,22.008333206176758,21.80000114440918,16.450000762939453,17.17500114440918,17.491666793823242,16.975000381469727,0.04202928214237608,14.898283216688368,15.433519151475695,15.66999986436632,15.64518568250868,2.7833333015441895,2.8500001430511475,2.9000000953674316,2.816666603088379,147688.96202531646,39965.63924050633,143699.46325878595,1722.9,1770.3,1650.1,1671.9,1922.8,1739.6,1662.1,2.424477317116477,1.0,1.0,1.0,22.875,19.967498779296875,21.410751342773438,23.79975128173828,22.82250213623047,20.166000366210938,21.269500732421875,23.755001068115234,22.23349952697754,21.934999465942383,20.85650062561035,20.604999542236328,141.45454545454547,20.06417112299465,18.67359465718921,21.252030502903004,24.140422216530055,27.368636334528688,53831.29296875,51028.453125,48060.78125,44977.9375,167.98844836229947,159.24179060828877,149.9807194184492,140.3602627840909,15.770833015441895,15.239166259765625,15.21500015258789,14.119999885559082
CM201800000304,CMGE71FL,CM,2018.0,304.0,CM2018DHS,216419.15625,245832.96875,278707.3125,131.80833435058594,115.51667022705078,136.3333282470703,102.68333435058594,47.785499572753906,40.179710388183594,47.4202880859375,35.7159423828125,0.9072561264038086,0.9416488806406657,0.9433215459187826,28.600000381469727,27.552000045776367,29.09666633605957,30.79888916015625,9.175000190734863,9.175000190734863,8.5,9.158333778381348,-9999,2375,2354,2378,2433,2479,2434,2429,0.0,0.0,0.0,0.0,74.6875,2392.42236328125,-807,0.0,0.0,0.06143020699891274,0.2569444034418537,23.23318099975586,23.006000518798828,24.00787925720215,25.07111167907715,0.0,0.0,-1.0,0.0,0.0,0.0,0.4615330100059509,0.36482906341552734,0.15783683955669403,0.19353415071964264,0.533884584903717,0.3836233615875244,0.10948163270950317,0.16041992604732513,28.700000762939453,29.0,28.80000114440918,29.016666412353516,24.08333396911621,24.383333206176758,24.516666412353516,24.40833282470703,19.525001525878906,19.825000762939453,20.30000114440918,19.858333587646484,15.89643314906529,17.866363525390625,18.459999084472656,18.919090270996094,19.343334197998047,2.758333444595337,2.875,2.875,2.875,170342.34615384616,24077.930803571428,63766.77272727273,1784,1495,1351,1647,1502,1514,1181,0.5814951658248901,3.0,3.0,3.0,24.781999588012695,22.795000076293945,23.84600067138672,25.30299949645996,24.42099952697754,22.527000427246094,23.399999618530273,24.98699951171875,24.201000213623047,23.722999572753906,23.39299964904785,23.132999420166016,4.1875,0.0,1727.1766927083333,1965.6641927083333,2232.8203125,2531.40703125,78576.6015625,101282.015625,129572.9296875,164532.375,5719.7734375,7372.5537109375,9431.9140625,11976.6943359375,13.170832633972168,12.398332595825195,13.69333267211914,11.091666221618652
CM201800000305,CMGE71FL,CM,2018.0,305.0,CM2018DHS,149224.0625,169505.3125,192172.625,214.2166748046875,183.73333740234375,187.99166870117188,158.0,77.4277114868164,65.03834533691406,65.19942474365234,55.764705657958984,0.03380897631660437,0.03955731071984044,0.044681521650320424,26.439727783203125,25.20257568359375,25.78180440266927,25.368387858072918,9.291666984558105,8.616666793823242,8.216667175292969,8.824999809265137,2.0,4255.583333333333,4277.5,4359.0,4267.5,4472.666666666667,4575.833333333333,4569.75,0.0,0.0,0.0,0.0,32.131147540983605,2376.6403459821427,3.0,0.0,0.0,0.0920560987562741,0.37627796810536984,21.699681599934895,21.27056884765625,21.484237670898438,21.44280497233073,1.3959198831860484,928.1487363387978,-1.0,5.5288142636825475,4.638559143399932,1.4719103203445185,0.33999512990315756,0.42466824849446616,0.179094664255778,0.12653888861338297,0.3550723075866699,0.4989567756652832,0.13934629758199055,0.0921483039855957,29.91666603088379,29.891666412353516,29.84166717529297,30.008333206176758,25.241666793823242,25.558334350585938,25.71666717529297,25.575000762939453,20.625,21.275001525878906,21.625,21.183334350585938,0.15429969534489782,16.959635416666668,17.338560740152996,17.186665852864582,17.517222086588543,2.7666666507720947,2.825000047683716,2.883333444595337,2.8333334922790527,101819.11392405063,21049.2268370607,102060.24050632911,2420.5,2524.9166666666665,2695.6666666666665,2420.0,2835.1666666666665,2630.6666666666665,2091.6666666666665,4.351728595671107,0.0,0.0,0.0,23.376998901367188,20.48349952697754,22.79425048828125,23.71474838256836,23.149749755859375,20.534500122070312,21.839500427246094,23.79399871826172,22.807498931884766,22.68924903869629,21.95574951171875,21.27375030517578,114.76775956284153,34.240437158469945,51.24775285618279,58.323998235887096,66.25090830813173,75.11039356518818,30515.421875,30841.962890625,30939.107421875,30805.6015625,97.25736424180327,98.2981130464481,98.60773138661202,98.18221695696721,16.11083221435547,15.800832748413086,15.84999942779541,14.629166603088379
CM201800000306,CMGE71FL,CM,2018.0,306.0,CM2018DHS,149.05630493164062,169.3147735595703,191.95660400390625,214.2166748046875,183.73333740234375,187.99166870117188,158.0,77.4277114868164,65.03834533691406,65.19942474365234,55.764705657958984,0.11904526840556752,0.13258406248959628,0.13754289800470526,28.040908813476562,26.770000457763672,27.89727210998535,27.887142181396484,9.291666984558105,8.616666793823242,8.216667175292969,8.824999809265137,2,4217.0,4162.0,4101.0,3980.0,4188.0,4500.0,4473.0,0.0,0.0,0.0,0.0,34.125,2697.871826171875,4,0.0,0.0,0.08066377034687046,0.41767846182158225,23.78545379638672,23.080909729003906,23.377273559570312,23.045238494873047,1.1380047798156738,166.00601196289062,-1.0,1.5381923913955688,1.9656636714935303,1.1925290822982788,0.42233359813690186,0.47631582617759705,0.25165697932243347,0.17579452693462372,0.4940088391304016,0.5989742875099182,0.23196743428707123,0.14598646759986877,29.91666603088379,29.891666412353516,29.84166717529297,30.008333206176758,25.241666793823242,25.558334350585938,25.71666717529297,25.575000762939453,20.625,21.275001525878906,21.625,21.183334350585938,0.3122439043862479,19.530000686645508,19.39181900024414,18.85727310180664,18.203332901000977,2.7666666507720947,2.825000047683716,2.883333444595337,2.8333334922790527,50716.442708333336,29659.465909090908,50966.903846153844,2701.0,2608.0,2822.0,2387.0,2525.0,2597.0,2121.0,1.1135133504867554,0.0,0.0,1.0,27.375,25.25,27.020000457763672,27.405000686645508,26.85700035095215,25.33799934387207,26.384000778198242,27.586999893188477,26.871000289916992,26.599000930786133,26.138999938964844,25.656999588012695,57.3125,33.75,1.0523956162588937,1.197709628513881,1.360492161342076,1.5424257005964006,1334.6038818359375,1348.8984375,1353.159912109375,1347.3336181640625,97.24024963378906,98.2817611694336,98.59225463867188,98.16773986816406,16.11083221435547,15.800832748413086,15.84999942779541,14.629166603088379
CM201800000307,CMGE71FL,CM,2018.0,307.0,CM2018DHS,1415.202880859375,1607.544921875,1822.5159912109375,133.33334350585938,117.80000305175781,121.86666870117188,104.33333587646484,48.780487060546875,42.3233528137207,43.65373229980469,37.71084213256836,0.008525336400056496,0.009261839664899386,0.009535113970438639,24.863999938964845,24.708741760253908,24.78011474609375,25.784872436523436,10.316667556762695,10.316667556762695,9.641666412353516,10.300000190734863,-9999,4098.7,4113.1,4212.2,4143.6,4503.1,4732.8,4707.8,0.0,0.0,0.0,0.0,15.942622950819672,1976.4225260416667,-809.0,0.0,0.0,0.09290271511925624,0.5819695221474313,21.842453002929688,22.166539001464844,22.32689208984375,22.724520874023437,0.0991921450922398,6.730864978227459,-1.0,1.0270845173486596,0.1630234223245923,0.1539974942233393,0.6099239349365234,0.555364990234375,0.38317667643229164,0.37399670282999675,0.7249142328898112,0.6219603220621744,0.3636881510416667,0.37397193908691406,29.20833396911621,29.616666793823242,29.408334732055664,29.59166717529297,24.016666412353516,24.42500114440918,24.558334350585938,24.40833282470703,18.891666412353516,19.30000114440918,19.766666412353516,19.291667938232422,0.0069962314429010295,18.820909118652345,19.624334716796874,19.87366638183594,19.66416778564453,2.7333333492279053,2.7833333015441895,2.7916667461395264,2.7666666507720947,106692.07594936709,1925.5239147909967,298324.25641025644,1902.8,1819.3,1700.6,1759.1,1476.7,1582.5,1259.6,0.23627576150529372,0.0,0.0,0.0,24.637500762939453,22.946001052856445,22.966501235961914,24.163249969482422,23.07175064086914,22.79425048828125,23.4997501373291,24.63249969482422,24.29975128173828,23.461000442504883,23.508251190185547,23.385250091552734,431.5136612021858,357.92622950819674,0.5691960652669271,0.647790273030599,0.7358324604649698,0.8342325354135165,1660.8887939453125,1760.8123779296875,1852.7960205078125,1935.07470703125,5.281390414211919,5.599133100665983,5.891628911586407,6.1532629461236334,11.78833293914795,10.99666690826416,11.47249984741211,10.206665992736816
CM201800000308,CMGE71FL,CM,2018.0,308.0,CM2018DHS,110636.9453125,125673.75,142479.625,217.1333465576172,186.6666717529297,193.55833435058594,161.98333740234375,81.42500305175781,68.50152587890625,70.81402587890625,59.2621955871582,0.4899490276972453,0.5354523261388143,0.5153913100560507,27.492000579833984,27.67545509338379,27.2336368560791,27.524999618530273,9.158333778381348,8.483333587646484,8.141666412353516,8.683333396911621,2.0,3270,3188,3122,3320,3702,3823,3840,0.0,0.0,0.0,0.0,39.07142857142857,2697.871826171875,-807.0,0.0,0.0,0.06992835319309866,0.29712592522771974,23.56999969482422,23.635454177856445,23.119091033935547,23.42305564880371,1.296647616795131,271.71775599888394,-1.0,27.44165257045201,2.461688450404576,1.7816393715994698,0.32443851232528687,0.39770960807800293,0.2154979109764099,0.12791354954242706,0.30669349431991577,0.4259127974510193,0.16969819366931915,0.08812224864959717,29.525001525878906,29.45833396911621,29.483333587646484,29.633333206176758,24.933334350585938,25.200000762939453,25.399999618530273,25.258333206176758,20.366666793823242,20.975000381469727,21.34166717529297,20.950000762939453,2.8781932248907576,19.648000717163086,19.595455169677734,19.004545211791992,19.32111167907715,2.6666667461395264,2.7249999046325684,2.7333333492279053,2.7333333492279053,57089.375,4679.728515625,53264.170454545456,2709,2719,2879,2483,2712,2744,2395,1.3010822023664201,3.0,3.0,3.0,26.64900016784668,24.503999710083008,26.065000534057617,26.71299934387207,26.099000930786133,24.623001098632812,25.608999252319336,26.888999938964844,26.152999877929688,25.862998962402344,25.452999114990234,24.927000045776367,47.07142857142857,0.0,898.2876302083333,1022.3225260416667,1161.2678385416666,1316.5598958333333,1333.182861328125,1493.29052734375,1660.131591796875,1831.874267578125,111.02083914620536,124.35379464285714,138.2474626813616,152.54935128348214,16.059165954589844,15.865833282470703,15.929999351501465,14.71500015258789
CM201800000309,CMGE71FL,CM,2018.0,309.0,CM2018DHS,77487.078125,88018.453125,99788.8359375,184.0749969482422,157.89166259765625,159.22500610351562,133.5166778564453,66.13472747802734,55.40058517456055,54.90517044067383,47.402366638183594,0.2591108175424429,0.36002665299635667,0.554448494544396,25.862728118896484,25.293636322021484,25.8700008392334,25.4516658782959,10.141666412353516,9.466667175292969,9.091667175292969,9.675000190734863,2.0,3489,3473,3492,3188,3637,3581,3630,0.0,0.0,0.0,0.0,46.8,1964.494384765625,-807,0.0,0.0,0.06877630909309772,0.25073220855716283,20.133636474609375,20.00098419189453,20.47333335876465,20.296667098999023,2.403064219156901,703.3550130208333,-1.0,35.298710123697916,15.281431070963542,1.5885002136230468,0.25781896710395813,0.43764403462409973,0.15143272280693054,0.0748080164194107,0.19388236105442047,0.40588873624801636,0.09132567793130875,0.04152347892522812,26.59166717529297,26.641666412353516,26.58333396911621,26.649999618530273,21.491666793823242,21.875,22.008333206176758,21.80000114440918,16.450000762939453,17.17500114440918,17.491666793823242,16.975000381469727,1.0212432225545247,14.404545783996582,14.708333015441895,15.076666831970215,15.141666412353516,2.7833333015441895,2.8500001430511475,2.9000000953674316,2.816666603088379,119156.42307692308,14786.982142857143,151546.78846153847,1779,1859,1807,1846,2066,1904,1698,1.6432718912760416,3.0,3.0,3.0,24.47800064086914,21.489999771118164,25.06100082397461,25.56599998474121,24.732999801635742,22.02400016784668,23.29800033569336,25.565000534057617,24.20800018310547,24.256000518798828,22.601999282836914,22.389999389648438,3.2666666666666666,0.2,561.6833333333333,639.2401041666667,726.1201822916667,823.2215494791667,2834.977783203125,2880.40673828125,2904.705078125,2907.3955078125,220.620556640625,224.15589192708333,226.04677734375,226.25615234375,15.770833015441895,15.239166259765625,15.21500015258789,14.119999885559082
CM201800000311,CMGE71FL,CM,2018.0,311.0,CM2018DHS,148232.328125,168378.78125,190895.453125,131.80833435058594,115.51667022705078,136.3333282470703,102.68333435058594,47.785499572753906,40.179710388183594,47.4202880859375,35.7159423828125,0.9790871938069662,0.9792900085449219,0.9798407554626465,31.790000915527344,30.392221450805664,30.657272338867188,32.29600143432617,9.175000190734863,9.175000190734863,8.5,9.158333778381348,-9999,3285.0,3223.0,3079.0,3058.0,3147.0,3115.0,3088.0,0.0,0.0,0.0,0.0,82.5,2392.42236328125,-807,0.0,0.0,0.03979076072530619,0.13248696862315865,25.086362838745117,24.589445114135742,24.85272789001465,25.937166213989258,0.0,0.0,-1.0,0.0,0.0,0.0,0.42407938838005066,0.32946303486824036,0.13861267268657684,0.1794799417257309,0.4702186584472656,0.33099299669265747,0.09163740277290344,0.14466910064220428,28.700000762939453,29.0,28.80000114440918,29.016666412353516,24.08333396911621,24.383333206176758,24.516666412353516,24.40833282470703,19.525001525878906,19.825000762939453,20.30000114440918,19.858333587646484,27.52759209994612,18.382726669311523,18.786666870117188,19.048181533813477,19.578332901000977,2.758333444595337,2.875,2.875,2.875,173645.88541666666,27751.020833333332,59562.28846153846,1784.0,1495.0,1351.0,1647.0,1502.0,1514.0,1181.0,0.6935550570487976,3.0,3.0,3.0,24.781999588012695,22.795000076293945,23.84600067138672,25.30299949645996,24.42099952697754,22.527000427246094,23.399999618530273,24.98699951171875,24.201000213623047,23.722999572753906,23.39299964904785,23.132999420166016,2.5,0.0,1317.077392578125,1498.9384765625,1702.6611328125,1930.3519287109375,42392.546875,54511.265625,69603.625,88246.640625,3088.70166015625,3971.6748046875,5071.30859375,6429.64404296875,13.170832633972168,12.398332595825195,13.69333267211914,11.091666221618652
CM201800000312,CMGE71FL,CM,2018.0,312.0,CM2018DHS,523.1553955078125,594.2581787109375,673.72607421875,129.14166259765625,121.53333282470703,139.88333129882812,121.61666870117188,39.43257141113281,36.82828140258789,41.75621795654297,37.324806213378906,0.0017406120896339417,0.006862686946988106,0.009562894081075987,27.829999923706055,26.954999923706055,26.610000610351562,27.010000228881836,11.941666603088379,11.416666984558105,11.016666412353516,11.449999809265137,2,2779,2822,2907,2922,3090,3060,3135,0.0,0.0,0.0,0.0,29.266666666666666,1868.262451171875,5,0.0,0.0,0.029043570535840054,0.2853850661411452,22.4950008392334,22.292499542236328,21.463333129882812,22.412500381469727,0.5141029675801595,30.18033243815104,-1.0,0.13701011339823405,0.9760077158610027,0.21659792264302571,0.3932311236858368,0.4312201142311096,0.3297818601131439,0.2968769967556,0.3532446622848511,0.4161387085914612,0.2775524854660034,0.2535988688468933,27.90833282470703,28.25,28.20833396911621,28.049999237060547,21.908334732055664,22.524999618530273,22.674999237060547,22.30000114440918,15.966667175292969,16.83333396911621,17.191667556762695,16.600000381469727,0.3940751350532144,17.15999984741211,17.6299991607666,16.316667556762695,17.815000534057617,3.2750000953674316,3.299999952316284,3.3500001430511475,3.258333444595337,25809.966346153848,32258.89285714286,93785.57954545454,1650,1847,1683,1638,1648,1755,1591,1.088890838623047,0.0,0.0,0.0,23.788000106811523,21.20599937438965,22.40999984741211,24.644001007080078,23.078001022338867,21.006000518798828,21.9950008392334,24.729999542236328,22.784000396728516,22.60099983215332,21.791000366210938,20.923999786376953,223.2,146.4,5.837881905691964,6.643973214285714,7.546964917864118,8.556192125592913,249.64256286621094,297.89996337890625,352.83026123046875,414.7799072265625,19.47462158203125,23.239180501302084,27.5242919921875,32.35698649088542,11.620833396911621,11.842499732971191,13.844999313354492,11.619166374206543
CM201800000313,CMGE71FL,CM,2018.0,313.0,CM2018DHS,3294.3193359375,3742.05517578125,4242.466796875,132.90834045410156,118.4749984741211,137.85000610351562,101.9749984741211,50.31230163574219,43.74461364746094,51.05555725097656,37.652305603027344,0.0007633804418027591,0.0029852847321726645,0.002916406328304888,25.04229736328125,24.456993950737846,24.988394843207466,24.787370469835068,8.975000381469727,8.975000381469727,8.300000190734863,8.958333969116211,-9999,4202.333333333333,4189.333333333333,4295.777777777777,4219.444444444444,4415.888888888889,4472.888888888889,4478.555555555556,0.0,0.0,0.0,0.0,21.522911051212937,2392.422395833333,6.0,0.0,0.0,0.09677134305536454,0.5084054493761198,21.59988572862413,21.57849799262153,21.818827311197918,21.764241536458332,0.14277767878706737,9.519821331065188,-1.0,1.4967577534337198,0.19645182291666666,0.5955938113633023,0.6024587631225586,0.5303400039672852,0.339674441019694,0.37096643447875977,0.8111216227213541,0.6748493194580079,0.3483709971110026,0.41283639272054035,28.475000381469727,28.741666793823242,28.53333282470703,28.766666412353516,23.95833396911621,24.225000381469727,24.358333587646484,24.258333206176758,19.5,19.766666412353516,20.233333587646484,19.808334350585938,0.012003377727840258,18.157474093967014,18.699998643663193,18.64925808376736,18.74111090766059,2.6416666507720947,2.7083334922790527,2.700000047683716,2.7083334922790527,106997.80317460318,35086.19935691318,131687.20257234728,2074.222222222222,1819.111111111111,1525.6666666666667,1734.4444444444443,1530.4444444444443,1645.7777777777778,1385.6666666666667,0.3188123395366053,0.0,0.0,0.0,24.347749710083008,22.550500869750977,23.705001831054688,24.537250518798828,23.870250701904297,22.47624969482422,23.37325096130371,24.457500457763672,24.091251373291016,23.50550079345703,23.20450210571289,23.089500427246094,202.25,97.13709677419355,1.220195842239092,1.38867960721656,1.5774169263814015,1.7883591973235344,3415.338623046875,3771.256591796875,4137.5849609375,4510.29541015625,10.686334425403226,11.799964822748656,12.9461669921875,14.112337502100134,13.139166831970215,12.428333282470703,13.938333511352539,10.967499732971191
CM201800000314,CMGE71FL,CM,2018.0,314.0,CM2018DHS,83843.0703125,95238.296875,107974.1640625,225.9166717529297,176.19166564941406,294.9916687011719,166.97500610351562,80.44510650634766,61.46220779418945,102.9040756225586,58.0782585144043,0.8081797686490145,0.8320861296220259,0.8407501740889116,28.83888816833496,26.983999252319336,29.181110382080078,28.41857147216797,8.691666603088379,8.016666412353516,7.708333492279053,8.216667175292969,2.0,1460,1402,1379,1433,1464,1464,1466,0.0,0.0,0.0,0.0,64.57142857142857,2697.871826171875,-807,0.0,0.0,0.05304054416991964,0.1902248762160872,24.182626724243164,23.551000595092773,25.15855598449707,24.975536346435547,0.1292747003691537,413.0160435267857,-1.0,0.7673494475228446,0.0,0.3618976388658796,0.3528392016887665,0.37430283427238464,0.13954108953475952,0.11302486062049866,0.3794374465942383,0.42185595631599426,0.09518828243017197,0.0799097865819931,31.108333587646484,31.008333206176758,31.033334732055664,31.20833396911621,26.725000381469727,26.975000381469727,27.166667938232422,27.08333396911621,22.416667938232422,22.991666793823242,23.325000762939453,22.991666793823242,9.963730875651041,19.526363372802734,20.118000030517578,21.13599967956543,21.532499313354492,2.808333396911621,2.866666793823242,2.866666793823242,2.875,6463.420572916667,4151.821732954545,4187.383928571428,3221,3502,3751,3416,3241,3850,2643,0.0,3.0,3.0,3.0,27.347000122070312,24.865999221801758,26.996999740600586,27.70599937438965,27.152000427246094,24.9950008392334,26.191999435424805,27.571001052856445,26.895000457763672,26.59600067138672,25.867000579833984,25.38800048828125,9.142857142857142,0.0,654.84765625,745.2686244419643,846.5591517857143,959.7663225446429,16218.38671875,20083.310546875,24683.431640625,30111.41796875,1349.4868861607142,1671.0765904017858,2053.83984375,2505.487723214286,17.16499900817871,15.934999465942383,16.543333053588867,15.129166603088379
CM201800000315,CMGE71FL,CM,2018.0,315.0,CM2018DHS,5386.6513671875,6118.7587890625,6936.99853515625,81.01667022705078,73.73333740234375,80.75,72.0999984741211,16.791019439697266,16.02898597717285,16.73575210571289,15.152363777160645,0.0007994212922017286,0.0018057416958414067,0.0037518417000011275,36.213635762532554,35.28083292643229,35.48833465576172,36.33611297607422,13.791666984558105,13.425000190734863,12.75,13.066666603088379,2.0,2397.4166666666665,2438.75,2582.75,2710.0833333333335,2722.3333333333335,2788.5833333333335,2722.1666666666665,0.0,0.0,0.0,0.0,36.32620320855615,1835.7801513671875,4.0,0.0,0.0,0.061850874470695115,0.20398060619903008,28.826820373535156,28.458470662434895,28.496805826822918,29.023208618164062,1.3896716112759024,369.10327540106954,-1.0,7.447116137825869,0.6167520125282002,2.8434340533088234,0.3813694417476654,0.357258141040802,0.2536970376968384,0.28798234462738037,0.30794310569763184,0.28404510021209717,0.17697496712207794,0.22136256098747253,35.06666564941406,35.766666412353516,35.59166717529297,35.29999923706055,28.133333206176758,29.025001525878906,29.191667556762695,28.733333587646484,21.274999618530273,22.34166717529297,22.84166717529297,22.233333587646484,0.003035410389174238,21.43999989827474,21.63611094156901,21.505276997884113,21.710301717122395,4.825000286102295,4.599999904632568,4.824999809265137,4.758333206176758,35903.803797468354,51190.771704180064,42708.671974522294,852.1,898.9,947.6,906.4,851.8,899.4,832.3,0.7984296013327206,0.0,0.0,0.0,32.18025207519531,25.79050064086914,25.874250411987305,27.983001708984375,25.477500915527344,26.338748931884766,27.715499877929688,31.36425018310547,30.04425048828125,27.411998748779297,27.51300048828125,26.04625129699707,128.03208556149733,70.3529411764706,2.429970644374582,2.765499012992981,3.1413619913519386,3.5614447772184157,17199.7734375,21021.310546875,25499.94140625,30702.51953125,54.21065549799465,66.25546770554813,80.37132352941177,96.76892546791444,6.926666259765625,6.669166564941406,7.420000076293945,6.742499828338623
CM201800000316,CMGE71FL,CM,2018.0,316.0,CM2018DHS,5983.81591796875,6797.0849609375,7706.0341796875,98.21666717529297,85.28333282470703,94.70833587646484,82.35000610351562,22.44952392578125,20.591548919677734,22.02519416809082,19.15116310119629,0.0,9.171742077071827e-06,0.00045138407058228317,35.180908203125,33.6260009765625,34.253665161132815,34.962832641601565,13.641666412353516,13.258333206176758,12.583333969116211,12.941666603088379,2.0,2620.4,2646.7,2821.0,2977.2,3019.7,3005.9,3008.8,0.0,0.0,0.0,0.0,26.61436170212766,1885.132421875,4.0,0.0,0.0,0.07360127022852324,0.21741600480904694,28.0977294921875,27.479833984375,27.73292236328125,28.243917846679686,0.9081121404120263,365.4991688829787,-1.0,4.503868265354887,0.7321268446902012,1.8071763058926196,0.504957914352417,0.4562130868434906,0.3340441584587097,0.376389741897583,0.4604630172252655,0.4020378887653351,0.2632569670677185,0.32451102137565613,33.875,34.516666412353516,34.366668701171875,34.09166717529297,27.03333282470703,27.875,28.049999237060547,27.59166717529297,20.233333587646484,21.258333206176758,21.78333282470703,21.149999618530273,0.002123176171475609,21.014544677734374,21.3336669921875,21.2121826171875,21.525,4.375,4.141666889190674,4.300000190734863,4.300000190734863,57058.54889589905,45222.819354838706,107842.58146964856,967.3,1025.5,1082.8,1004.0,1024.1,1055.1,842.8,0.8531458428565492,0.0,0.0,0.0,31.53874969482422,25.346750259399414,24.886249542236328,27.02225112915039,24.69499969482422,26.10700035095215,27.390748977661133,30.295249938964844,29.707500457763672,26.32900047302246,26.837499618530273,25.740501403808594,143.68085106382978,75.85106382978724,2.6353079427083332,2.999189453125,3.4068134765625,3.86239453125,17327.705078125,21177.66796875,25689.61328125,30930.884765625,54.21065699800532,66.25547498337765,80.37133269614361,96.76892869015957,7.638333320617676,7.164999961853027,8.182499885559082,7.261666774749756
CM201800000317,CMGE71FL,CM,2018.0,317.0,CM2018DHS,1497.120361328125,1700.59619140625,1928.010498046875,92.30833435058594,88.46666717529297,105.99166870117188,105.91666412353516,20.899999618530273,20.3371639251709,23.99811363220215,24.348657608032227,0.0,1.1039463084049618e-05,2.7644335987824427e-05,33.759847005208336,32.292223612467446,32.49708557128906,32.866668701171875,13.908333778381348,13.541666984558105,12.733333587646484,13.133333206176758,2.0,2927.8333333333335,2915.0833333333335,3066.0833333333335,3170.75,3268.5,3211.9166666666665,3146.6666666666665,0.0,0.0,0.0,0.0,19.8130081300813,1419.1964285714287,5.0,0.0,0.0,0.06774924993248661,0.37229562502092967,26.33037821451823,26.238194783528645,26.36009470621745,26.809097290039062,0.6684178298081809,7.423560827405149,-1.0,1.054793195026677,0.5270853016757706,0.8864610460069444,0.4706026395161947,0.4864128748575846,0.43718334833780925,0.3866168340047201,0.43266290028889975,0.46254183451334635,0.39473355611165367,0.3463129043579102,33.22500228881836,33.79166793823242,33.491668701171875,33.29999923706055,26.233333587646484,26.991666793823242,27.108333587646484,26.70833396911621,19.316667556762695,20.25,20.758333206176758,20.166667938232422,0.0,18.900909423828125,20.184165954589844,20.223106384277344,20.75152842203776,4.416666507720947,4.349999904632568,4.4166669845581055,4.349999904632568,38501.980769230766,19329.427215189873,173210.58974358975,1178.1,1229.3,1394.7,1215.6,1295.0,1449.4,1324.6,0.9652701690591124,0.0,0.0,0.0,29.524250030517578,24.19824981689453,24.235750198364258,26.8072509765625,24.258251190185547,24.61574935913086,25.67500114440918,29.363750457763672,27.749000549316406,25.04050064086914,25.536251068115234,24.655750274658203,364.3170731707317,144.6829268292683,0.662852601747255,0.7543787775812922,0.8569073651288007,0.971498561549831,2693.51318359375,3321.996826171875,4066.50537109375,4940.8271484375,8.570385940675813,10.570132537262873,12.939056148373984,15.721025999322492,7.774166584014893,7.730833053588867,9.144166946411133,8.40583324432373
CM201800000318,CMGE71FL,CM,2018.0,318.0,CM2018DHS,7373.1240234375,8393.451171875,9547.5771484375,84.51667022705078,71.13333129882812,81.94166564941406,67.9000015258789,18.273874282836914,16.0150089263916,17.717117309570312,14.841529846191406,0.0007318638100609042,0.0024871113548519484,0.00698829374102764,34.499813842773435,33.4683349609375,33.55116577148438,34.864501953125,13.608333587646484,13.233333587646484,12.558333396911621,12.908333778381348,2.0,2574.0,2579.7,2723.3,2846.2,2947.2,2762.8,2834.7,0.0,0.0,0.0,0.0,32.26829268292683,1621.789341517857,5.0,0.0,0.0,0.11179292583720149,0.20763457600334734,27.4680908203125,27.194000244140625,27.412918090820312,28.1427490234375,11.505777333163957,124.10708841463415,-0.8970189701897019,18.855135289634145,0.9358090449800982,7.126104256648035,0.5062743822733561,0.4993305206298828,0.34043153127034503,0.38915732701619465,0.47524954477945963,0.46804227828979494,0.2710902214050293,0.33324400583902997,34.59166717529297,35.349998474121094,35.19166564941406,34.85000228881836,27.758333206176758,28.70833396911621,28.891666412353516,28.383333206176758,20.983333587646484,22.116666793823242,22.633333206176758,21.941667556762695,0.003455620940013598,20.43636474609375,20.919667053222657,21.27466583251953,21.421000671386718,4.625,4.441666603088379,4.625,4.575000286102295,4617.379407051282,9704.66403785489,149239.1794871795,982.5,1079.8,1148.8,1082.1,1038.2,1089.6,918.6,1.6280224807863313,0.0,0.0,0.0,31.671001434326172,25.799999237060547,24.9737491607666,27.147499084472656,24.79800033569336,26.515750885009766,27.844249725341797,30.36800193786621,30.064998626708984,26.553749084472656,27.18575096130371,26.106250762939453,236.31165311653118,103.75338753387534,3.1888391927083335,3.6268151041666665,4.128181640625,4.6949020182291665,8054.6884765625,9171.69140625,10462.923828125,11922.6259765625,25.683696963922763,29.245426829268293,33.362720189701896,38.017207613482384,6.209166526794434,5.561666488647461,6.624166488647461,5.803333282470703
CM201800000319,CMGE71FL,CM,2018.0,319.0,CM2018DHS,183539.921875,208485.09375,236365.03125,225.9166717529297,176.19166564941406,294.9916687011719,166.97500610351562,80.44510650634766,61.46220779418945,102.9040756225586,58.0782585144043,0.9644967714945475,0.9666943550109863,0.9329877694447836,28.83888816833496,26.983999252319336,29.181110382080078,28.41857147216797,8.691666603088379,8.016666412353516,7.708333492279053,8.216667175292969,2.0,1460.0,1402.0,1379.0,1433.0,1464.0,1464.0,1466.0,0.0,0.0,0.0,0.0,98.64285714285714,2697.871826171875,-807.0,0.0,0.0,0.0533132199080337,0.2021994392391353,24.182626724243164,23.551000595092773,25.15855598449707,24.975536346435547,0.20524116924830846,123.32119315011161,-1.0,0.7721875735691616,0.01517036450760705,0.11182989392961774,0.34999969601631165,0.3730185627937317,0.13481253385543823,0.10740933567285538,0.37443962693214417,0.42034226655960083,0.09065529704093933,0.07472863793373108,31.108333587646484,31.008333206176758,31.033334732055664,31.20833396911621,26.725000381469727,26.975000381469727,27.166667938232422,27.08333396911621,22.416667938232422,22.991666793823242,23.325000762939453,22.991666793823242,14.975995597192796,19.526363372802734,20.118000030517578,21.13599967956543,21.532499313354492,2.808333396911621,2.866666793823242,2.866666793823242,2.875,2181.44140625,6494.367838541667,2143.02734375,3044,3302,3542,3182,3122,3773,2524,0.0,3.0,3.0,3.0,27.347000122070312,24.865999221801758,26.996999740600586,27.70599937438965,27.152000427246094,24.9950008392334,26.191999435424805,27.571001052856445,26.895000457763672,26.59600067138672,25.867000579833984,25.38800048828125,3.357142857142857,0.0,1734.2806396484375,1973.7490234375,2242.00390625,2541.81884765625,16140.0400390625,19986.29296875,24564.193359375,29965.95703125,1349.487025669643,1671.0765904017858,2053.83984375,2505.4871651785716,17.16499900817871,15.934999465942383,16.543333053588867,15.129166603088379
CM201800000320,CMGE71FL,CM,2018.0,320.0,CM2018DHS,207116.46875,235265.9375,266727.1875,225.9166717529297,176.19166564941406,294.9916687011719,166.97500610351562,80.44510650634766,61.46220779418945,102.9040756225586,58.0782585144043,0.9681942462921143,0.9753727912902832,0.9582691192626953,28.83888816833496,26.983999252319336,29.181110382080078,28.41857147216797,8.691666603088379,8.016666412353516,7.708333492279053,8.216667175292969,2.0,1460.0,1402.0,1379.0,1433.0,1464.0,1464.0,1466.0,0.0,0.0,0.0,0.0,96.0,2697.871826171875,-807,0.0,0.0,0.05304054416991964,0.1902248762160872,24.182626724243164,23.551000595092773,25.15855598449707,24.975536346435547,0.0,0.0,-1.0,0.0,0.0,0.0,0.3528392016887665,0.37430283427238464,0.13954108953475952,0.11302486062049866,0.3794374465942383,0.42185595631599426,0.09518828243017197,0.0799097865819931,31.108333587646484,31.008333206176758,31.033334732055664,31.20833396911621,26.725000381469727,26.975000381469727,27.166667938232422,27.08333396911621,22.416667938232422,22.991666793823242,23.325000762939453,22.991666793823242,15.72967634529903,19.526363372802734,20.118000030517578,21.13599967956543,21.532499313354492,2.808333396911621,2.866666793823242,2.866666793823242,2.875,3568.5383522727275,5302.8870192307695,3326.4659598214284,3221.0,3502.0,3751.0,3416.0,3241.0,3850.0,2643.0,0.0,3.0,3.0,3.0,27.347000122070312,24.865999221801758,26.996999740600586,27.70599937438965,27.152000427246094,24.9950008392334,26.191999435424805,27.571001052856445,26.895000457763672,26.59600067138672,25.867000579833984,25.38800048828125,3.7142857142857144,0.0,1706.569091796875,1942.2108154296875,2206.179443359375,2501.20361328125,16217.923828125,20082.736328125,24682.7265625,30110.556640625,1349.487025669643,1671.0767299107142,2053.8399832589284,2505.4874441964284,17.16499900817871,15.934999465942383,16.543333053588867,15.129166603088379
CM201800000321,CMGE71FL,CM,2018.0,321.0,CM2018DHS,942.7890014648438,1070.9248046875,1214.135498046875,179.4166717529297,146.68333435058594,198.48333740234375,133.24166870117188,62.40579605102539,50.14814758300781,66.90449523925781,45.55270767211914,0.00010214754383280347,0.00043192342929901416,0.0005690210597691428,24.897664388020832,24.193013509114582,24.561358133951824,24.376930236816406,9.466667175292969,8.791666984558105,8.116666793823242,8.77500057220459,-9999,4173.5,4226.25,4342.083333333333,4011.8333333333335,4151.75,4295.0,4247.25,0.0,0.0,0.0,0.0,22.81198910081744,2889.889229910714,-801.0,0.0,0.0,0.06591695268885936,0.37229943283616596,21.112998962402344,21.09674072265625,21.446461995442707,21.16919199625651,0.3497962224061223,7.302625276737057,-1.0,2.0141797806326633,0.3477368263847497,0.6206692064165744,0.3767093930925642,0.3663154329572405,0.31646612712315153,0.24822778361184256,0.4280357360839844,0.411891119820731,0.33462984221322195,0.24194025993347168,30.0,29.96666717529297,29.741666793823242,29.991666793823242,25.241666793823242,25.541667938232422,25.641666412353516,25.575000762939453,20.53333282470703,21.17500114440918,21.625,21.21666717529297,0.0,17.328333536783855,18.000467936197918,18.331565856933594,17.961451212565105,2.875,2.924999952316284,2.9666666984558105,2.924999952316284,127389.72151898734,18681.29233226837,45431.442307692305,2115.75,2101.75,2108.0833333333335,1917.5833333333333,1992.25,2164.1666666666665,1731.4166666666667,0.44716363641806456,0.0,0.0,0.0,24.22249984741211,21.60900115966797,23.439748764038086,24.947750091552734,24.054248809814453,21.5677490234375,22.679750442504883,24.697250366210938,23.629501342773438,23.377750396728516,22.839248657226562,22.60999870300293,240.7574931880109,225.32152588555857,0.3490216829471432,0.3972143438271671,0.4512003137240293,0.5115376818082638,6383.54296875,6597.798828125,6768.7744140625,6893.01171875,20.275071313010898,20.955586363249317,21.498637602179837,21.893235375510898,15.477499961853027,14.31583309173584,14.991666793823242,13.295000076293945
CM201800000322,CMGE71FL,CM,2018.0,322.0,CM2018DHS,42171.3046875,47902.86328125,54308.7421875,131.80833435058594,115.51667022705078,136.3333282470703,102.68333435058594,47.785499572753906,40.179710388183594,47.4202880859375,35.7159423828125,0.8397003173828125,0.8406196594238281,0.8409914016723633,31.790000915527344,30.392221450805664,30.657272338867188,32.29600143432617,9.175000190734863,9.175000190734863,8.5,9.158333778381348,-9999,3285.0,3223.0,3079.0,3058.0,3147.0,3115.0,3088.0,0.0,0.0,0.0,0.0,78.0,2392.42236328125,-807,0.0,0.0,0.03979076072530619,0.13248696862315865,25.086362838745117,24.589445114135742,24.85272789001465,25.937166213989258,0.0,0.0,-1.0,0.0,0.0,0.0,0.42407938838005066,0.32946303486824036,0.13861267268657684,0.1794799417257309,0.4702186584472656,0.33099299669265747,0.09163740277290344,0.14466910064220428,28.700000762939453,29.0,28.80000114440918,29.016666412353516,24.08333396911621,24.383333206176758,24.516666412353516,24.40833282470703,19.525001525878906,19.825000762939453,20.30000114440918,19.858333587646484,24.10900450589364,18.382726669311523,18.786666870117188,19.048181533813477,19.578332901000977,2.758333444595337,2.875,2.875,2.875,175162.57692307694,29489.613636363636,57865.171875,1784,1495,1351,1647,1502,1514,1181,1.4164865016937256,3.0,3.0,3.0,24.781999588012695,22.795000076293945,23.84600067138672,25.30299949645996,24.42099952697754,22.527000427246094,23.399999618530273,24.98699951171875,24.201000213623047,23.722999572753906,23.39299964904785,23.132999420166016,5.25,0.0625,526.6965895432693,599.4224759615385,680.8908503605769,771.9438852163462,2100.11474609375,2407.338623046875,2773.59716796875,3211.38134765625,152.87875366210938,175.24310302734375,201.9048614501953,233.77330017089844,13.170832633972168,12.398332595825195,13.69333267211914,11.091666221618652
CM201800000323,CMGE71FL,CM,2018.0,323.0,CM2018DHS,43384.609375,49282.453125,55875.21484375,69.57499694824219,70.15833282470703,74.44166564941406,65.53333282470703,13.168769836425781,13.734094619750977,14.067716598510742,12.522293090820312,0.0005208423886543665,0.0021058666782501415,0.006948685034727439,35.357635498046875,33.59300231933594,34.2288330078125,34.63933410644531,14.208333969116211,13.850000381469727,13.316666603088379,13.516666412353516,2.0,2398.1,2419.8,2516.9,2679.2,2736.7,2742.2,2705.1,0.0,0.0,0.0,0.0,31.23913043478261,1661.527622767857,4.0,0.0,0.0,0.054553657778522925,0.15775800501471554,27.209365844726562,26.354000854492188,26.75916748046875,26.93408203125,6.84196650949421,2191.185626702997,-1.0,2.8718148629087192,2.023449973124574,8.499313479223433,0.29501475606645855,0.344900165285383,0.2061359201158796,0.24232046944754465,0.2196472031729562,0.2753621680395944,0.1337426049368722,0.1764932700565883,33.54999923706055,34.366668701171875,34.29999923706055,33.891666412353516,26.416667938232422,27.40833282470703,27.616666793823242,27.100000381469727,19.34166717529297,20.516666412353516,20.983333587646484,20.375,0.0020504542850555583,19.061090087890626,19.11499938964844,19.289500427246093,19.2288330078125,5.2833333015441895,5.108333587646484,5.2916669845581055,5.233333587646484,7037.477777777778,61835.009523809524,101622.13924050632,976.1818181818181,923.6363636363636,1156.2727272727273,1080.5454545454545,951.4545454545455,977.8181818181819,1076.090909090909,1.937817316289169,0.0,0.0,1.0,28.31799825032552,22.644999186197918,22.45800018310547,24.316335042317707,22.312332153320312,23.109664916992188,24.498001098632812,27.287333170572918,26.46099853515625,24.084332784016926,24.500999450683594,23.144999186197918,215.17438692098094,58.217983651226156,19.801121727195945,22.535066511824326,25.59849292652027,29.022830447635137,46426.9609375,53441.296875,61078.9140625,69303.96875,149.44988930517712,172.02927026566758,196.61499489100817,223.0917276907357,6.28416633605957,6.057499885559082,6.800833225250244,6.0908331871032715
CM201800000324,CMGE71FL,CM,2018.0,324.0,CM2018DHS,12928.126953125,14685.2060546875,16649.00390625,142.94166564941406,117.04166412353516,119.88333892822266,111.44166564941406,48.18258285522461,39.452247619628906,40.184356689453125,37.3547477722168,0.11082484892436437,0.1590510606765747,0.18078252247401647,25.631818771362305,24.713333129882812,25.893333435058594,26.10333251953125,10.774999618530273,10.774999618530273,10.091667175292969,10.758333206176758,-9999,4244,4318,4358,4580,4797,4729,4697,0.0,0.0,0.0,0.0,23.071428571428573,874.5973510742188,6,0.0,0.0,0.08894673960841061,0.600702752565806,22.209999084472656,22.260833740234375,23.024999618530273,23.038333892822266,0.1941990511757987,56.12145560128348,-1.0,4.016677039010184,1.6064902714320592,0.299905606678554,0.45002394914627075,0.4216238260269165,0.3331671357154846,0.286444753408432,0.44593513011932373,0.4246312081813812,0.2928295433521271,0.24397872388362885,29.641666412353516,30.075000762939453,29.908334732055664,30.016666412353516,24.233333587646484,24.666667938232422,24.83333396911621,24.616666793823242,18.866666793823242,19.30000114440918,19.816667556762695,19.258333206176758,0.2822509515480917,18.78818130493164,19.808332443237305,20.156665802001953,19.97333335876465,2.9666666984558105,2.9666666984558105,2.9833333492279053,2.9833333492279053,30039.833333333332,61426.645833333336,363382.9166666667,1795,1766,1748,2006,1639,1651,1476,0.31440939222063335,0.0,1.0,1.0,24.92799949645996,23.378999710083008,23.81399917602539,24.56800079345703,23.8489990234375,23.354999542236328,24.042999267578125,25.079999923706055,24.868999481201172,24.225000381469727,24.128000259399414,23.773000717163086,388.42857142857144,427.2142857142857,126.63087565104166,144.115966796875,163.70296223958334,185.59436848958333,43.16728973388672,46.87652587890625,50.524322509765625,54.05021667480469,3.589752742222377,3.898209435599191,4.201557159423828,4.494767052786691,11.863332748413086,10.726666450500488,11.133333206176758,10.436666488647461
CM201800000325,CMGE71FL,CM,2018.0,325.0,CM2018DHS,3101.364501953125,3522.87548828125,3993.9765625,200.06666564941406,172.90834045410156,174.74166870117188,146.6750030517578,69.99417114257812,58.946022033691406,58.085872650146484,50.00284194946289,0.0017434858749341513,0.0018605012622917487,0.0035934309102007267,25.8154052734375,25.43323669433594,25.7193603515625,25.84158935546875,9.591667175292969,8.916666984558105,8.541666984558105,9.125,-9999,4056.0,3980.6,4128.1,3838.3,3998.1,4046.1,4039.3,0.0,0.0,0.0,0.0,23.548648648648648,2889.889229910714,-801.0,0.0,0.0,0.07539582007581948,0.3857298990804543,21.982192993164062,21.879421997070313,22.064581298828124,22.339923095703124,0.17489933323215795,22.586206714527027,-1.0,2.3957021352407093,0.7014270679370777,0.5897488568280195,0.4206279436747233,0.4654661496480306,0.2786565780639648,0.2068623383839925,0.4930058797200521,0.5757896423339843,0.27233190536499025,0.18604952494303387,30.34166717529297,30.316667556762695,30.225000381469727,30.40833282470703,25.516666412353516,25.825000762939453,25.91666603088379,25.83333396911621,20.75,21.399999618530273,21.683334350585938,21.283334732055664,0.001170050799241321,18.14898223876953,18.325607299804688,18.40979919433594,18.8382568359375,2.8583333492279053,2.933333396911621,3.008333444595337,2.933333396911621,99972.20253164557,33375.1382636656,99721.37974683545,2415.3333333333335,2443.0833333333335,2416.1666666666665,2317.0,2604.6666666666665,2601.3333333333335,1997.0,1.4453700709987332,0.0,0.0,0.0,26.577499389648438,24.041250228881836,25.886001586914062,26.781749725341797,26.15475082397461,24.15625,25.270000457763672,26.868249893188477,25.98925018310547,25.801000595092773,25.3752498626709,24.852001190185547,178.5243243243243,200.26756756756757,1.0878566711262148,1.238067136053745,1.4063344346933646,1.594398641714142,2192.398193359375,2096.02294921875,1990.0330810546875,1876.548095703125,6.909786739864865,6.606038851351351,6.271987172719594,5.914315878378378,15.59999942779541,15.217499732971191,15.254999160766602,14.03166675567627
CM201800000326,CMGE71FL,CM,2018.0,326.0,CM2018DHS,43390.6015625,49287.87890625,55878.96484375,148.20834350585938,128.8000030517578,154.90000915527344,114.30000305175781,53.569278717041016,45.1929817199707,54.5102653503418,40.57988357543945,0.6620496603158804,0.7740785158597506,0.7748653705303485,29.578887939453125,28.06818199157715,28.599090576171875,29.35444450378418,8.791666984558105,8.791666984558105,8.116666793823242,8.77500057220459,-9999,3482.0,3498.0,3377.0,3912.0,4212.0,4193.0,4180.0,0.0,0.0,0.0,0.0,72.8,2392.42236328125,-807,0.0,0.0,0.0601886809546387,0.21992383155924278,24.24989891052246,23.45742416381836,23.636211395263672,24.39472198486328,0.0,0.0,-1.0,0.0,0.0,0.004761779414755958,0.4507462680339813,0.3545754849910736,0.1621462106704712,0.19717709720134735,0.5155323147773743,0.36721745133399963,0.11366568505764008,0.1648089736700058,28.491666793823242,28.774999618530273,28.575000762939453,28.808334350585938,24.075000762939453,24.358333587646484,24.5,24.399999618530273,19.700000762939453,19.983333587646484,20.45833396911621,20.03333282470703,11.773526551293545,18.920909881591797,18.84666633605957,18.6733341217041,19.434999465942383,2.7666666507720947,2.8500001430511475,2.8416666984558105,2.816666603088379,173372.88461538462,29553.8125,56782.78125,1895.0,1619.0,1484.0,1715.0,1609.0,1627.0,1280.0,2.7114334106445312,3.0,3.0,3.0,24.229000091552734,22.128999710083008,23.385000228881836,24.76799964904785,23.89299964904785,21.992000579833984,22.884000778198242,24.424999237060547,23.660999298095703,23.224000930786133,22.867000579833984,22.572999954223633,5.928571428571429,0.0,519.4797526041667,591.2091145833333,671.5611979166666,761.3666666666667,13151.99609375,16733.5703125,21184.15234375,26673.015625,1094.14794921875,1392.1079799107142,1762.3628627232142,2218.994698660714,14.470000267028809,13.286666870117188,14.498332977294922,12.053333282470703
CM201800000327,CMGE71FL,CM,2018.0,327.0,CM2018DHS,457.4000244140625,519.56591796875,589.0455322265625,129.80833435058594,129.53334045410156,139.52500915527344,131.73333740234375,40.459739685058594,39.65306091308594,42.173805236816406,40.53333282470703,0.00010388340989622889,0.00040462183990056,0.001027800237076192,27.75888909233941,26.111297607421875,26.417777167426216,26.358467949761284,11.658333778381348,11.658333778381348,10.975000381469727,11.641666412353516,1.0,3895.3333333333335,3859.4444444444443,3943.777777777778,4011.6666666666665,4173.0,4255.777777777777,4244.0,0.0,0.0,0.0,0.0,29.131147540983605,1921.3731863839287,5.0,0.0,0.0,0.07091178157299483,0.41995248028311566,22.684546576605904,22.175184461805557,22.511944240993923,22.600901285807293,0.4925321985463627,6.03288961108265,-1.0,1.8222094259626878,0.1815770467122396,0.15632534548233115,0.494905914579119,0.4950000899178641,0.45675935064043316,0.38189332825796946,0.53596145766122,0.54431871005467,0.47066831588745117,0.38643605368477957,29.71666717529297,30.28333282470703,30.016666412353516,30.116666793823242,23.850000381469727,24.416667938232422,24.508333206176758,24.258333206176758,18.058334350585938,18.625,19.041667938232422,18.475000381469727,0.0,17.61020236545139,18.23907470703125,18.60611131456163,18.843332926432293,3.2083334922790527,3.2666666507720947,3.308333396911621,3.25,71328.46302250803,42811.201257861634,130375.67295597485,1716.4444444444443,1619.4444444444443,1464.3333333333333,1595.888888888889,1552.111111111111,1619.4444444444443,1495.2222222222222,1.014893578701332,0.0,0.0,0.0,24.717750549316406,22.590999603271484,23.686500549316406,24.809249877929688,23.91200065612793,22.445751190185547,23.225000381469727,25.10124969482422,24.01799964904785,23.831750869750977,23.386749267578125,22.978500366210938,275.1830601092896,141.3306010928962,0.1845030654323557,0.2099791146366974,0.23851767784910774,0.2704137791701353,2963.3076171875,3400.69775390625,3873.48974609375,4379.1650390625,9.453298433230874,10.848623473787569,12.356885566086065,13.970048081028006,11.649999618530273,12.340832710266113,12.991665840148926,11.853333473205566
CM201800000328,CMGE71FL,CM,2018.0,328.0,CM2018DHS,886.9666748046875,1007.515625,1142.246826171875,179.4166717529297,146.68333435058594,198.48333740234375,133.24166870117188,62.40579605102539,50.14814758300781,66.90449523925781,45.55270767211914,0.0003475688206843841,0.0005244695796416356,0.000671783127845862,25.145185682508682,24.51787651909722,25.143993801540798,24.845938788519966,9.466667175292969,8.791666984558105,8.116666793823242,8.77500057220459,-9999,3861.777777777778,3886.1111111111113,3943.8888888888887,3769.5555555555557,3889.777777777778,4016.0,3897.5555555555557,0.0,0.0,0.0,0.0,29.466124661246614,2889.889229910714,-801.0,0.0,0.0,0.07121196127981609,0.40632676153034186,20.989815606011284,21.720069037543404,21.763926188151043,21.297093709309895,0.17725004284039422,8.679156874576558,-1.0,2.6537232437754064,0.09518755160696138,0.643695531498772,0.41968660354614257,0.3990764617919922,0.2829979578653971,0.23180087407430014,0.508755874633789,0.4745043118794759,0.28922732671101886,0.2227735678354899,30.0,29.96666717529297,29.741666793823242,29.991666793823242,25.241666793823242,25.541667938232422,25.641666412353516,25.575000762939453,20.53333282470703,21.17500114440918,21.625,21.21666717529297,0.0,16.83444552951389,18.922264946831596,18.38385687934028,17.748248630099827,2.875,2.924999952316284,2.9666666984558105,2.924999952316284,94607.51923076923,7799.077777777778,61023.66134185303,2795.6666666666665,2549.4444444444443,2678.8888888888887,2316.3333333333335,2378.777777777778,2786.4444444444443,2026.0,0.3654711136649941,0.0,0.0,0.0,25.51099904378255,22.53900146484375,25.330332438151043,26.04699961344401,25.38800048828125,22.588333129882812,23.975667317708332,25.726666768391926,25.082000732421875,24.76233418782552,24.14466603597005,23.758333841959637,213.38753387533876,219.7669376693767,0.314414874084639,0.35782903936318544,0.4064620846948442,0.46081680173120315,5888.052734375,6053.94921875,6178.0009765625,6257.67626953125,18.593077786246614,19.11694005123645,19.508664676490515,19.7602605225271,15.477499961853027,14.31583309173584,14.991666793823242,13.295000076293945
CM201800000329,CMGE71FL,CM,2018.0,329.0,CM2018DHS,3070.84228515625,3488.20458984375,3954.669189453125,129.94166564941406,122.97500610351562,118.66666412353516,103.50833892822266,45.59356689453125,42.0427360534668,40.112674713134766,35.692527770996094,0.0016632491995574562,0.002414798850466491,0.002946824404844053,25.55316670735677,24.336924235026043,24.46929931640625,25.47211201985677,10.183333396911621,10.183333396911621,9.5,10.166666984558105,1.0,4277.25,4277.833333333333,4379.583333333333,4311.5,4448.25,4598.833333333333,4619.416666666667,0.0,0.0,0.0,0.0,16.851752021563343,2433.68212890625,5.0,0.0,0.0,0.08298088673781928,0.4615070088974863,21.741355895996094,21.661865234375,21.769276936848957,22.239832560221355,0.13771240685575753,7.243557837701613,-1.0,1.410491451140373,0.2605333020610194,0.1898876723422799,0.585913340250651,0.5577935536702474,0.33899370829264325,0.3495370864868164,0.6778241475423177,0.6239498138427735,0.3012894948323568,0.33405478795369464,29.233333587646484,29.600000381469727,29.358333587646484,29.575000762939453,24.116666793823242,24.483333587646484,24.59166717529297,24.46666717529297,19.05000114440918,19.416667938232422,19.858333587646484,19.40833282470703,0.0,17.929546356201172,18.986804962158203,19.069254557291668,19.007550557454426,2.8500001430511475,2.924999952316284,2.9583334922790527,2.9000000953674316,206395.28434504793,96034.06918238994,196554.36655948553,1807.1666666666667,1656.8333333333333,1461.1666666666667,1767.9166666666667,1411.5833333333333,1625.0833333333333,1370.0833333333333,0.22163487506169144,0.0,0.0,0.0,24.335498809814453,22.61225128173828,23.417999267578125,24.438249588012695,23.168498992919922,22.582500457763672,23.397748947143555,24.80375099182129,23.749000549316406,23.654001235961914,23.2502498626709,23.29050064086914,221.61021505376345,113.58870967741936,1.230134057216957,1.399990060941769,1.5902646591103142,1.8029249847912399,1686.0343017578125,1787.470703125,1880.846923828125,1964.371337890625,5.281390446488575,5.599133563298051,5.891629126764113,6.153262558803763,12.451666831970215,12.457499504089355,12.120833396911621,10.904999732971191
CM201800000330,CMGE71FL,CM,2018.0,330.0,CM2018DHS,2472.599853515625,2808.654541015625,3184.245361328125,219.56666564941406,172.3416748046875,290.433349609375,164.78334045410156,86.10457611083984,66.2852554321289,110.9936294555664,62.77460479736328,0.20176986285618373,0.2724393095288958,0.2759652478354318,27.139999389648438,27.220909118652344,27.246665954589844,27.5674991607666,8.741666793823242,8.066666603088379,7.733333587646484,8.27500057220459,2.0,3682.0,3737.0,3834.0,4073.0,4361.0,4349.0,4313.0,0.0,0.0,0.0,0.0,48.5,2697.871826171875,4,2.3564999103546143,0.0,0.11150353734553295,0.46092558730958977,23.565000534057617,23.724620819091797,24.13249969482422,24.07602310180664,1.1741698128836495,572.00341796875,-1.0,13.648267473493304,0.2770329032625471,1.2045910699026925,0.4765400290489197,0.5060292482376099,0.32160285115242004,0.20247316360473633,0.545103132724762,0.60028076171875,0.3142428398132324,0.168956458568573,28.325000762939453,28.225000381469727,28.266666412353516,28.416667938232422,23.92500114440918,24.16666603088379,24.375,24.258333206176758,19.58333396911621,20.15833282470703,20.53333282470703,20.141666412353516,0.884872805687689,19.989999771118164,20.22833251953125,21.018333435058594,20.584545135498047,2.549999952316284,2.6000001430511475,2.616666793823242,2.625,10354.200721153846,19799.798076923078,6958.532366071428,2162.0,2477.0,3041.0,2501.0,2310.0,2995.0,1820.0,0.895881107875279,2.0,3.0,3.0,27.1200008392334,24.83300018310547,26.32699966430664,27.062000274658203,26.524999618530273,24.867000579833984,25.867000579833984,27.121000289916992,26.610000610351562,26.222000122070312,25.773000717163086,25.222999572753906,5.928571428571429,0.35714285714285715,18.829166412353516,21.42908477783203,24.341541290283203,27.59664535522461,2429.47265625,2839.544921875,3294.03173828125,3792.816650390625,202.1658935546875,236.28960309709822,274.10923549107144,315.6150599888393,17.156665802001953,15.893333435058594,16.738332748413086,15.206666946411133
CM201800000331,CMGE71FL,CM,2018.0,331.0,CM2018DHS,31233.51171875,35478.5,40222.91015625,225.9166717529297,176.19166564941406,294.9916687011719,166.97500610351562,80.44510650634766,61.46220779418945,102.9040756225586,58.0782585144043,0.14197759194807572,0.2056424617767334,0.20438749139959161,27.306364059448242,27.263334274291992,27.668333053588867,27.405000686645508,8.691666603088379,8.016666412353516,7.708333492279053,8.216667175292969,2.0,3884.0,4003.0,4163.0,4058.0,4199.0,4147.0,4151.0,0.0,0.0,0.0,0.0,49.5,2697.871826171875,4,0.0,0.0,0.08911857585351204,0.42060245088337517,23.736181259155273,23.872121810913086,23.750076293945312,24.262500762939453,1.2058567319597517,807.0359235491071,-1.0,20.200108119419642,2.3522036416190013,1.3641828809465681,0.458795428276062,0.4957661032676697,0.28948846459388733,0.19581370055675507,0.5537271499633789,0.6294636726379395,0.2873583734035492,0.1687404364347458,31.108333587646484,31.008333206176758,31.033334732055664,31.20833396911621,26.725000381469727,26.975000381469727,27.166667938232422,27.08333396911621,22.416667938232422,22.991666793823242,23.325000762939453,22.991666793823242,0.5447131189806708,20.166000366210938,20.48090934753418,19.831817626953125,21.1200008392334,2.808333396911621,2.866666793823242,2.866666793823242,2.875,42628.125,24873.960227272728,42995.50961538462,2463,2490,2781,2356,2418,2681,2096,0.33973721095493864,2.0,2.0,2.0,27.42099952697754,25.256999969482422,26.823999404907227,27.435998916625977,26.816999435424805,25.381999969482422,26.33799934387207,27.60099983215332,26.85700035095215,26.507999420166016,26.083999633789062,25.6560001373291,36.714285714285715,23.428571428571427,269.1609191894531,306.32647705078125,347.959716796875,394.4910888671875,1167.923095703125,1180.432373046875,1184.16162109375,1179.06298828125,97.24025181361607,98.28175571986607,98.59225027901786,98.16774204799107,17.16499900817871,15.934999465942383,16.543333053588867,15.129166603088379
CM201800000332,CMGE71FL,CM,2018.0,332.0,CM2018DHS,102.85038757324219,116.82894134521484,132.4520263671875,96.06666564941406,89.51667022705078,104.83333587646484,100.31666564941406,22.428014755249023,21.398405075073242,24.61839485168457,23.79051399230957,0.025381356477737427,0.034545893470446266,0.04510617752869924,34.46818161010742,33.57666778564453,34.0966682434082,34.746665954589844,13.908333778381348,13.508333206176758,12.691666603088379,13.116666793823242,2.0,3104.0,3107.0,3349.0,3398.0,3572.0,3593.0,3521.0,0.0,0.0,0.0,0.0,28.333333333333332,1498.589599609375,1,0.0,0.0,0.0755644179882478,0.3185337049591034,27.522727966308594,27.22166633605957,27.591514587402344,27.712499618530273,0.8264923095703125,20.24842732747396,-1.0,4.0801851908365885,1.7239683787027995,1.5674120585123699,0.4702654182910919,0.4784301817417145,0.36319291591644287,0.3539052903652191,0.418182373046875,0.43559005856513977,0.2978542745113373,0.3046783208847046,33.33333206176758,33.93333435058594,33.63333511352539,33.44166564941406,26.358333587646484,27.149999618530273,27.266666412353516,26.866666793823242,19.42500114440918,20.42500114440918,20.941667556762695,20.325000762939453,0.09508283138275146,20.577272415161133,20.866666793823242,21.086362838745117,20.678333282470703,4.2833333015441895,4.183333396911621,4.258333206176758,4.2166666984558105,80610.9375,15440.795673076924,131668.17708333334,1018,1283,1274,1136,1215,1303,1057,5.946737670898438,0.0,0.0,0.0,29.27899932861328,24.176000595092773,23.85099983215332,26.155000686645508,23.92300033569336,24.607999801635742,25.525999069213867,28.80699920654297,27.402999877929688,24.91699981689453,25.426000595092773,24.448999404907227,218.73333333333332,7.866666666666666,1.0721156597137451,1.2201526165008545,1.385985255241394,1.5713279247283936,109.4427719116211,134.9792938232422,165.23016357421875,200.7555694580078,8.5703857421875,10.570133463541667,12.939056396484375,15.72102559407552,8.120833396911621,7.945833206176758,9.368332862854004,8.566666603088379
CM201800000333,CMGE71FL,CM,2018.0,333.0,CM2018DHS,44694.5234375,50769.0234375,57558.17578125,62.349998474121094,68.83333587646484,75.44166564941406,72.0,11.838607788085938,13.34410285949707,14.211931228637695,13.736089706420898,0.12628422333643988,0.1383450489777785,0.17201643723707932,37.790000915527344,34.67333221435547,36.188331604003906,35.314998626708984,14.633333206176758,14.300000190734863,13.741666793823242,13.850000381469727,2.0,2284.0,2319.0,2523.0,2629.0,2766.0,2658.0,2685.0,0.0,0.0,0.0,0.0,62.0,1620.67626953125,5,0.0,0.0,0.042462640000244356,0.14340867119554693,28.900909423828125,27.690000534057617,28.668333053588867,28.116666793823242,7.343105861118862,239.24183872767858,-1.0,0.10827323368617467,31.88336181640625,28.387852260044642,0.1619480401277542,0.20508013665676117,0.2873106896877289,0.23984642326831818,0.10333657264709473,0.13834649324417114,0.21164007484912872,0.17608842253684998,34.72500228881836,35.45000076293945,35.366668701171875,34.93333435058594,27.375,28.275001525878906,28.45833396911621,27.991666793823242,20.09166717529297,21.149999618530273,21.625,21.08333396911621,1.0140593744093371,20.011817932128906,20.706666946411133,21.148332595825195,20.918333053588867,5.266666889190674,5.1583333015441895,5.308333396911621,5.241666793823242,7032.2890625,58401.41517857143,137540.13461538462,706.0,610.0,765.0,779.0,770.0,833.0,906.0,0.1622060707637242,3.0,3.0,3.0,32.05099868774414,25.76300048828125,26.190000534057617,27.78700065612793,25.668001174926758,26.261999130249023,27.916000366210938,31.106000900268555,30.111000061035156,28.062000274658203,28.06100082397461,26.27400016784668,1.7142857142857142,0.07142857142857142,608.3345424107143,692.3329380580357,786.4288504464286,891.5950753348214,1069.025634765625,1169.96923828125,1270.8768310546875,1370.2110595703125,90.19777134486607,98.71475655691964,107.22870744977679,115.60993303571429,5.748332977294922,6.329999923706055,6.40749979019165,6.048333168029785
CM201800000334,CMGE71FL,CM,2018.0,334.0,CM2018DHS,158597.5625,180152.78125,204243.9375,184.0749969482422,157.89166259765625,159.22500610351562,133.5166778564453,66.13472747802734,55.40058517456055,54.90517044067383,47.402366638183594,0.01777665826338756,0.03991474682771707,0.057150158701063714,26.6239990234375,25.58216552734375,25.801998901367188,26.2,10.141666412353516,9.466667175292969,9.091667175292969,9.675000190734863,2.0,3335.2,3327.4,3376.9,3282.6,3607.0,3619.4,3721.3,0.0,0.0,0.0,0.0,31.78474114441417,1964.49453125,5.0,0.0,0.0,0.06521076366955605,0.29848931140090695,20.573818969726563,20.1870849609375,20.52558288574219,20.712582397460938,5.158526644680669,1252.452356557377,-1.0,12.3737459443306,20.226657221226095,1.5272086721951845,0.3446640650431315,0.5103091557820638,0.2359496275583903,0.12261357307434081,0.2930843989054362,0.508489481608073,0.16983354886372884,0.07751140594482422,26.59166717529297,26.641666412353516,26.58333396911621,26.649999618530273,21.491666793823242,21.875,22.008333206176758,21.80000114440918,16.450000762939453,17.17500114440918,17.491666793823242,16.975000381469727,0.08003695622923895,14.523635864257812,14.791999816894531,15.249166870117188,15.225166320800781,2.7833333015441895,2.8500001430511475,2.9000000953674316,2.816666603088379,143746.58146964858,33781.78274760384,152043.38461538462,1808.090909090909,1828.1818181818182,1758.090909090909,1743.909090909091,1977.090909090909,1831.2727272727273,1701.909090909091,1.089877852976648,1.0,1.0,1.0,23.02375030517578,20.095001220703125,21.90250015258789,23.982999801635742,23.03125,20.344499588012695,21.493249893188477,23.924999237060547,22.436500549316406,22.221250534057617,21.005001068115234,20.78325080871582,57.91803278688525,13.065573770491802,65.52100134408602,74.56809685819893,84.70274697580645,96.02973790322581,69539.359375,69023.8984375,68108.125,66811.171875,221.7691256830601,220.12551229508196,217.20525956284152,213.06937329234972,15.770833015441895,15.239166259765625,15.21500015258789,14.119999885559082
CM201800000335,CMGE71FL,CM,2018.0,335.0,CM2018DHS,32047.994140625,36403.6796875,41271.8125,109.375,120.375,127.35000610351562,125.28334045410156,32.32758712768555,35.1459846496582,37.1824836730957,36.7579460144043,0.3216962447533241,0.3950951649592473,0.43593472700852615,31.082727432250977,30.406665802001953,29.913333892822266,31.22166633605957,13.516667366027832,12.983333587646484,12.5,12.783333778381348,1,2820,2807,2908,2943,3115,3064,3069,0.0,0.0,0.0,0.0,60.666666666666664,2024.000732421875,-807,0.0,0.0,0.08353560556703363,0.3011572446272257,23.166362762451172,23.349166870117188,23.12984848022461,23.939167022705078,1.7172932942708334,67.50504557291667,-1.0,0.15050986607869465,0.4770559310913086,0.23663365046183268,0.38567495346069336,0.3913494646549225,0.19167150557041168,0.20601007342338562,0.34528398513793945,0.3645181357860565,0.12844614684581757,0.15240076184272766,28.850000381469727,29.299999237060547,29.15833282470703,28.975000381469727,22.066667556762695,22.78333282470703,22.883333206176758,22.558334350585938,15.333333969116211,16.316667556762695,16.65833282470703,16.191667556762695,4.20696271052126,15.25,16.29166603088379,16.346363067626953,16.656665802001953,3.383333444595337,3.424999952316284,3.424999952316284,3.4083333015441895,164333.27272727274,67695.56730769231,115998.25,1449.0,1540.0,1803.0,1577.0,1536.0,1676.0,1498.0,0.5019681294759114,3.0,3.0,3.0,23.892000198364258,21.110000610351562,20.631999969482422,22.768999099731445,21.099000930786133,21.0260009765625,21.68600082397461,24.041000366210938,22.625999450683594,21.06800079345703,21.694000244140625,21.18000030517578,2.3333333333333335,0.0,329.54772135416664,375.05146484375,426.0251953125,482.99599609375,206.8175811767578,241.61953735351562,280.168701171875,322.45025634765625,16.153704833984374,18.8719482421875,21.88287353515625,25.185319010416666,10.146666526794434,11.72249984741211,12.706665992736816,11.679166793823242
CM201800000336,CMGE71FL,CM,2018.0,336.0,CM2018DHS,1197.1048583984375,1359.8050537109375,1541.646728515625,132.4250030517578,110.45833587646484,119.44166564941406,109.07500457763672,45.016998291015625,36.71745300292969,39.16120147705078,36.56145095825195,0.00034005469273007107,0.0004638665725314428,0.0005114800400204129,25.419362386067707,24.016326904296875,23.91674296061198,24.448903401692707,10.925000190734863,10.925000190734863,10.241666793823242,10.908333778381348,1.0,3778.0833333333335,3944.8333333333335,4008.25,4191.666666666667,4519.583333333333,4526.166666666667,4464.0,0.0,0.0,0.0,0.0,24.024258760107816,2108.6243024553573,-801.0,0.0,0.0,0.07377145284255825,0.41132095787120954,21.835589090983074,21.54205322265625,21.537330627441406,21.77264404296875,0.16837607718802788,4.443878668707771,-1.0,1.2184496080553209,0.12387702529494826,0.1355944143759238,0.5714520726885114,0.5551107270377023,0.46893419538225445,0.4187711306980678,0.654705320085798,0.6271758760724749,0.48278134209769114,0.43866920471191406,29.64166831970215,30.116666793823242,29.875,30.0,24.15833282470703,24.633333206176758,24.733333587646484,24.525001525878906,18.71666717529297,19.191667556762695,19.633333206176758,19.09166717529297,0.0,18.25181833902995,19.067776997884113,19.157915751139324,19.096389770507812,2.941666841506958,3.008333444595337,3.049999952316284,2.9833333492279053,119196.69230769231,21192.99841772152,163856.25316455695,1715.6,1610.3,1458.6,1652.2,1538.5,1582.1,1435.0,0.2633872367240287,0.0,0.0,0.0,24.374500274658203,22.595500946044922,23.337249755859375,24.12150001525879,23.217500686645508,22.417499542236328,23.265499114990234,24.61924934387207,23.880001068115234,23.826749801635742,23.370750427246094,23.227249145507812,209.54324324324324,142.82432432432432,0.47786552574719005,0.5438488536699592,0.6177641325490676,0.7003754244188521,2998.88720703125,3441.529052734375,3919.998046875,4431.7451171875,9.45329787795608,10.848622255067568,12.356886085304055,13.97004856418919,12.125,11.640832901000977,11.769999504089355,10.929166793823242
CM201800000337,CMGE71FL,CM,2018.0,337.0,CM2018DHS,16939.28125,19241.521484375,21814.619140625,59.650001525878906,61.81666946411133,71.66666412353516,64.28333282470703,10.780120849609375,11.394777297973633,12.85500717163086,11.652567863464355,0.001194076530588498,0.0016905208053828785,0.0020347642448713195,38.34685724431818,36.336212158203125,37.1784834428267,37.87011163884943,14.800000190734863,14.458333969116211,14.050000190734863,14.058333396911621,2.0,1866.2727272727273,1915.6363636363637,2082.6363636363635,2162.3636363636365,2160.181818181818,2119.2727272727275,2140.090909090909,0.0,0.0,0.0,0.0,33.142857142857146,1731.025669642857,5.0,0.0,0.0,0.03325198392574947,0.18179359071432213,29.69016612659801,28.76947021484375,29.371210271661933,29.77485518022017,8.143567813340054,142.93395077284947,-1.0,0.6073290506998698,0.3852336842526672,8.149623419648858,0.22648491178240096,0.25077996935163227,0.3192375728062221,0.2801825319017683,0.15354537963867188,0.18082441602434432,0.24218528611319406,0.21358999184199742,35.16666793823242,35.958335876464844,35.96666717529297,35.474998474121094,27.75,28.700000762939453,28.916667938232422,28.40833282470703,20.366666793823242,21.5,21.91666603088379,21.416667938232422,0.00179825548975963,21.033470847389914,21.202728271484375,21.56393987482244,21.67960149591619,5.5333333015441895,5.425000190734863,5.574999809265137,5.516666889190674,52058.85256410256,39379.00316455696,113340.43037974683,690.9166666666666,579.5833333333334,744.75,768.4166666666666,732.1666666666666,812.0833333333334,841.75,0.09818384724278603,0.0,0.0,0.0,31.818333943684895,25.614667256673176,25.59666697184245,27.206331888834637,25.041666666666668,26.294998168945312,28.099334716796875,30.497332255045574,30.049997965494793,27.536000569661457,28.003000895182293,26.21299997965495,176.30376344086022,84.16935483870968,7.723556725313347,8.790019875296409,9.984684641768293,11.319898321053524,33650.1328125,38179.1015625,42996.00390625,48062.58203125,106.9202368951613,121.31066238239248,136.61597992271504,152.7146232358871,5.445833206176758,5.662499904632568,6.06416654586792,5.56916618347168
CM201800000338,CMGE71FL,CM,2018.0,338.0,CM2018DHS,1416.32958984375,1608.824951171875,1823.96728515625,126.00833892822266,118.80000305175781,124.24166870117188,101.31666564941406,47.105918884277344,44.68965530395508,46.73667526245117,37.640865325927734,0.003053296936882867,0.0036126859604366244,0.004261349117945111,25.367111206054688,24.668687608506943,24.906297471788193,25.379818386501736,9.983333587646484,9.983333587646484,9.300000190734863,9.966667175292969,1.0,3994.3333333333335,4031.1111111111113,4026.3333333333335,4078.777777777778,4440.555555555556,4375.666666666667,4422.111111111111,0.0,0.0,0.0,0.0,22.24932249322493,2131.211495535714,-801.0,0.0,0.0,0.08432846357802119,0.6115224985606222,22.338748508029514,22.07656521267361,22.45055643717448,22.517686631944443,0.11655256022577701,7.157852836277174,-1.0,1.0954254813816235,0.08813661077748174,0.43115819018820056,0.5674208913530622,0.49355718067714144,0.3546382018498012,0.3692577225821359,0.7463659558977399,0.6035143988473075,0.3747037478855678,0.4138856274741037,29.133333206176758,29.491666793823242,29.33333396911621,29.524999618530273,24.116666793823242,24.475000381469727,24.65833282470703,24.516666412353516,19.149999618530273,19.508333206176758,20.03333282470703,19.558334350585938,0.0,19.310384114583332,19.484444512261284,19.994815402560764,19.655554877387154,2.6750001907348633,2.6583333015441895,2.6583333015441895,2.691666841506958,47474.0,15322.307936507936,299175.6971608833,1843.6,1851.2,1636.9,1729.4,1543.2,1563.6,1287.2,0.23268289151399033,0.0,0.0,0.0,24.666000366210938,22.900501251220703,23.199501037597656,24.199249267578125,23.269250869750977,22.70224952697754,23.42474937438965,24.5522518157959,24.328250885009766,23.503000259399414,23.548748016357422,23.379499435424805,465.3016304347826,432.0326086956522,0.525918113438245,0.5985365199782868,0.6798844506370274,0.7708028434732629,2867.553466796875,3219.39990234375,3587.41259765625,3967.7421875,9.064952021059783,10.177214912746264,11.34058147927989,12.542885158372963,11.379166603088379,10.980833053588867,11.457499504089355,9.9375
CM201800000339,CMGE71FL,CM,2018.0,339.0,CM2018DHS,97106.671875,110304.5703125,125055.203125,179.80833435058594,151.76666259765625,153.64999389648438,127.5,62.906707763671875,51.88603973388672,51.50279235839844,42.5,0.0010917775190559921,0.0034919612726588157,0.006117728105775869,29.16690673828125,27.63416748046875,28.69283447265625,28.342999267578126,10.291666984558105,9.616666793823242,9.225000381469727,9.824999809265137,2.0,3207.2,3198.9,3310.9,3285.2,3527.2,3429.5,3443.0,0.0,0.0,0.0,0.0,29.516042780748663,1964.494384765625,4.0,0.0,0.0,0.06944654167124575,0.31055578618699875,22.35643615722656,21.637022399902342,22.493727111816405,22.32100067138672,2.3926514326407506,147.04944076742626,-1.0,4.459310986720845,0.6055107628052739,1.16564769591467,0.3764243423938751,0.6016018390655518,0.3030625283718109,0.13691425323486328,0.3318136930465698,0.6511200666427612,0.24107013642787933,0.0893707126379013,25.65833282470703,25.75,25.67500114440918,25.741666793823242,20.491666793823242,20.916667938232422,21.041667938232422,20.799999237060547,15.366666793823242,16.133333206176758,16.450000762939453,15.916666984558105,0.0016643073465246632,15.545962524414062,15.639878845214843,16.294619750976562,16.2989990234375,2.8583333492279053,2.924999952316284,2.9833333492279053,3.0,117946.22364217252,44703.3880126183,178036.82278481012,1878.0,1899.4,1797.8,1897.9,2003.0,2038.6,1829.7,0.8425139971776558,0.0,0.0,1.0,24.539749145507812,21.62274932861328,21.686498641967773,25.35325050354004,24.129501342773438,21.722749710083008,22.569499969482422,25.410749435424805,23.50749969482422,23.180999755859375,22.491500854492188,22.151248931884766,155.2225201072386,23.050938337801608,40.22554404741957,45.77986239108579,52.00186410857909,58.9558792727882,84270.2265625,90135.203125,95692.7421875,100842.1953125,264.1329381702413,282.51516420911526,299.9337298927614,316.0730353552279,15.453332901000977,14.899999618530273,14.839166641235352,13.811666488647461
CM201800000341,CMGE71FL,CM,2018.0,341.0,CM2018DHS,9406.6865234375,10685.162109375,12114.048828125,136.625,137.99166870117188,124.55000305175781,104.80000305175781,45.92436981201172,45.61708068847656,40.394596099853516,34.740333557128906,0.0006488696923331609,0.0013300075417473202,0.0019568339226737853,26.588636610243057,24.956776936848957,25.519822862413193,25.6695556640625,9.541666984558105,9.541666984558105,8.866666793823242,9.52500057220459,-9999,3782.3333333333335,3750.5555555555557,3815.1111111111113,3797.0,4038.3333333333335,4173.0,4132.777777777777,0.0,0.0,0.0,0.0,30.166212534059945,2471.2472098214284,5.0,0.0,0.0,0.08046618160435597,0.3967091711144433,22.493387858072918,22.132924397786457,22.540591769748264,22.638868543836807,0.35191812489413954,61.46257833672087,-0.9214092140921409,2.573214399136179,1.54968526369834,0.5606264357321308,0.49681479590279715,0.4529080390930176,0.39869591167994906,0.37148077147347586,0.6094385555812291,0.534663370677403,0.44126296043395996,0.4178627218518938,29.700000762939453,30.0,29.775001525878906,30.016666412353516,24.899999618530273,25.200000762939453,25.325000762939453,25.225000381469727,20.15833282470703,20.45833396911621,20.90833282470703,20.491666793823242,0.005659258148007654,18.398142496744793,19.309073554144966,19.561364067925346,19.60818142361111,2.9750001430511475,3.0250000953674316,3.0833334922790527,3.0166666507720947,228298.47318611987,68273.1575562701,78971.56190476191,1770.8,1633.0,1437.1,1593.9,1573.2,1579.6,1338.5,1.001649603288025,0.0,0.0,0.0,25.084999084472656,23.288000106811523,24.973499298095703,25.70050048828125,24.761499404907227,23.23900032043457,24.055500030517578,25.742000579833984,24.59400177001953,24.407499313354492,23.977001190185547,23.849498748779297,241.57452574525746,130.81842818428186,3.5837865944117144,4.078633292776639,4.632965588178791,5.2525151153731215,2681.994384765625,2827.4658203125,2958.64306640625,3072.93505859375,8.667380562965786,9.137305613778794,9.561008691141598,9.930124174288618,13.104166030883789,13.176666259765625,12.776666641235352,11.34749984741211
CM201800000342,CMGE71FL,CM,2018.0,342.0,CM2018DHS,8979.5048828125,10199.9208984375,11563.9189453125,109.375,120.375,127.35000610351562,125.28334045410156,32.32758712768555,35.1459846496582,37.1824836730957,36.7579460144043,0.000681961591862425,0.0015468157922165304,0.001913410198839405,30.73803202311198,30.261942545572918,29.88555399576823,30.351526896158855,13.516667366027832,12.983333587646484,12.5,12.783333778381348,1.0,2820.6666666666665,2820.8333333333335,2920.5833333333335,2989.5,3220.75,3299.6666666666665,3245.75,0.0,0.0,0.0,0.0,32.29255319148936,2024.00078125,-807.0,0.0,0.0,0.08989864369322273,0.3579751444380078,23.052164713541668,22.98784637451172,22.719802856445312,23.161526997884113,1.3088982747395834,39.6991875,-1.0,0.09441984049479167,0.30691033935546874,0.26257621256510416,0.4407557759966169,0.42958521842956543,0.26138060433523996,0.260420560836792,0.42462376185825895,0.42478418350219727,0.2050107717514038,0.2144010066986084,28.850000381469727,29.299999237060547,29.15833282470703,28.975000381469727,22.066667556762695,22.78333282470703,22.883333206176758,22.558334350585938,15.333333969116211,16.316667556762695,16.65833282470703,16.191667556762695,0.048138517069142725,15.366302490234375,15.713750203450521,15.55405298868815,15.97152837117513,3.383333444595337,3.424999952316284,3.424999952316284,3.4083333015441895,160947.2564102564,52771.534810126584,129769.48101265823,1440.5833333333333,1532.3333333333333,1785.0,1530.75,1492.3333333333333,1647.9166666666667,1493.3333333333333,1.1148174641927084,0.0,0.0,0.0,24.14099884033203,21.08799934387207,20.484750747680664,22.76150131225586,20.969999313354492,21.132749557495117,21.804750442504883,24.16499900817871,22.832250595092773,20.939498901367188,21.685251235961914,21.19474983215332,82.72266666666667,25.194666666666667,5.189240497091542,5.905767689580503,6.708429087763247,7.605522487474524,5154.755859375,6022.166015625,6982.9716796875,8036.80419921875,16.153703125,18.871947916666667,21.882872395833335,25.185317708333333,10.146666526794434,11.72249984741211,12.706665992736816,11.679166793823242
CM201800000343,CMGE71FL,CM,2018.0,343.0,CM2018DHS,242602.46875,275574.90625,312426.53125,225.9166717529297,176.19166564941406,294.9916687011719,166.97500610351562,80.44510650634766,61.46220779418945,102.9040756225586,58.0782585144043,0.9630323251088461,0.9650823275248209,0.9656407038370768,28.83888816833496,26.983999252319336,29.181110382080078,28.41857147216797,8.691666603088379,8.016666412353516,7.708333492279053,8.216667175292969,2.0,1460.0,1402.0,1379.0,1433.0,1464.0,1464.0,1466.0,0.0,0.0,0.0,0.0,99.5,2697.871826171875,-807,0.0,0.0,0.0533132199080337,0.2021994392391353,24.182626724243164,23.551000595092773,25.15855598449707,24.975536346435547,0.0,0.0,-1.0,0.0,0.0,0.0,0.34999969601631165,0.3730185627937317,0.13481253385543823,0.10740933567285538,0.37443962693214417,0.42034226655960083,0.09065529704093933,0.07472863793373108,31.108333587646484,31.008333206176758,31.033334732055664,31.20833396911621,26.725000381469727,26.975000381469727,27.166667938232422,27.08333396911621,22.416667938232422,22.991666793823242,23.325000762939453,22.991666793823242,15.176417300575658,19.526363372802734,20.118000030517578,21.13599967956543,21.532499313354492,2.808333396911621,2.866666793823242,2.866666793823242,2.875,3580.649639423077,6640.625,3375.282645089286,3221,3502,3751,3416,3241,3850,2643,0.0,3.0,3.0,3.0,27.347000122070312,24.865999221801758,26.996999740600586,27.70599937438965,27.152000427246094,24.9950008392334,26.191999435424805,27.571001052856445,26.895000457763672,26.59600067138672,25.867000579833984,25.38800048828125,4.428571428571429,0.0,2081.328683035714,2368.7170758928573,2690.652901785714,3050.4637276785716,16217.720703125,20082.484375,24682.41796875,30110.1796875,1349.487025669643,1671.0765904017858,2053.83984375,2505.4871651785716,17.16499900817871,15.934999465942383,16.543333053588867,15.129166603088379
CM201800000344,CMGE71FL,CM,2018.0,344.0,CM2018DHS,1612.025634765625,1831.1182861328125,2075.987060546875,102.2750015258789,111.49166870117188,117.01667022705078,111.59166717529297,27.579774856567383,29.863840103149414,31.626127243041992,30.227991104125977,0.0,0.0,1.5633823650498544e-05,28.951212565104168,28.6750005086263,28.850001017252605,28.811805725097656,13.991666793823242,13.583333969116211,12.758333206176758,13.216667175292969,2.0,3256.0833333333335,3290.3333333333335,3435.3333333333335,3536.75,3663.9166666666665,3730.8333333333335,3657.3333333333335,0.0,0.0,0.0,0.0,21.09809264305177,2024.000697544643,4.0,0.0,0.0,0.08789203914529978,0.36507274933813,23.35454559326172,23.562708536783855,23.70006815592448,23.717498779296875,0.4605087155542192,3.5891519073569484,-1.0,1.1283837092345028,0.9598283897628577,0.470868768094346,0.5426544802529472,0.5117301940917969,0.44485647337777273,0.4017984526497977,0.526261465890067,0.503929615020752,0.4013075828552246,0.366645131792341,30.975000381469727,31.508333206176758,31.200000762939453,31.066667556762695,23.95833396911621,24.683334350585938,24.799999237060547,24.433334350585938,16.983333587646484,17.924999237060547,18.441667556762695,17.850000381469727,0.0,17.75787862141927,18.450416564941406,18.55013910929362,18.623194376627605,3.7083334922790527,3.7333333492279053,3.700000047683716,3.691666603088379,156684.4984025559,31760.300632911392,168940.1635220126,1421.3,1571.2,1686.5,1459.3,1498.4,1619.0,1525.5,3.975541366868188,0.0,0.0,0.0,25.70166524251302,22.08966573079427,21.60333251953125,23.833999633789062,21.844332377115887,22.29566701253255,22.981333414713543,25.589332580566406,24.259666442871094,22.21299997965495,22.870333353678387,22.281667073567707,192.26975476839237,110.6267029972752,0.7190876945120389,0.8183788028571124,0.9296057862662227,1.0539185570888832,2745.322509765625,3377.14794921875,4123.875,4998.85791015625,8.772026540148161,10.7908779217047,13.176872232629428,15.972680198399182,9.148333549499512,10.195833206176758,11.164166450500488,10.134166717529297
CM201800000345,CMGE71FL,CM,2018.0,345.0,CM2018DHS,219472.25,249301.03125,282639.15625,225.9166717529297,176.19166564941406,294.9916687011719,166.97500610351562,80.44510650634766,61.46220779418945,102.9040756225586,58.0782585144043,0.973544640974565,0.9810209274291992,0.95302659815008,28.83888816833496,26.983999252319336,29.181110382080078,28.41857147216797,8.691666603088379,8.016666412353516,7.708333492279053,8.216667175292969,2,1460.0,1402.0,1379.0,1433.0,1464.0,1464.0,1466.0,0.0,0.0,0.0,0.0,98.25,2697.871826171875,-807,0.0,0.0,0.05304054416991964,0.1902248762160872,24.182626724243164,23.551000595092773,25.15855598449707,24.975536346435547,0.0,0.0,-1.0,0.0,0.0,0.0,0.3528392016887665,0.37430283427238464,0.13954108953475952,0.11302486062049866,0.3794374465942383,0.42185595631599426,0.09518828243017197,0.0799097865819931,31.108333587646484,31.008333206176758,31.033334732055664,31.20833396911621,26.725000381469727,26.975000381469727,27.166667938232422,27.08333396911621,22.416667938232422,22.991666793823242,23.325000762939453,22.991666793823242,15.689010620117188,19.526363372802734,20.118000030517578,21.13599967956543,21.532499313354492,2.808333396911621,2.866666793823242,2.866666793823242,2.875,3111.0904447115386,5355.10390625,3060.8951822916665,3221.0,3502.0,3751.0,3416.0,3241.0,3850.0,2643.0,0.0,3.0,3.0,3.0,27.347000122070312,24.865999221801758,26.996999740600586,27.70599937438965,27.152000427246094,24.9950008392334,26.191999435424805,27.571001052856445,26.895000457763672,26.59600067138672,25.867000579833984,25.38800048828125,2.9375,0.0,1849.4819010416666,2104.85703125,2390.9309895833335,2710.6614583333335,18534.76953125,22951.69921875,28208.830078125,34412.0625,1349.487060546875,1671.07666015625,2053.83984375,2505.4873046875,17.16499900817871,15.934999465942383,16.543333053588867,15.129166603088379
CM201800000346,CMGE71FL,CM,2018.0,346.0,CM2018DHS,25136.029296875,28552.30078125,32370.49609375,147.69166564941406,129.97500610351562,146.10000610351562,122.88333129882812,44.087066650390625,37.765132904052734,41.643707275390625,34.9431266784668,0.0037488647924063686,0.006098445612020767,0.007151276920550166,27.575607299804688,25.834444681803387,26.68000030517578,26.640833536783855,11.516666412353516,10.816666603088379,10.508333206176758,10.933333396911621,2.0,3250.9166666666665,3275.4166666666665,3362.3333333333335,3347.0833333333335,3567.0833333333335,3558.25,3695.25,0.0,0.0,0.0,0.0,23.605978260869566,1764.624720982143,3.0,0.0,0.0,0.09181637386076055,0.29840438082689374,20.518409729003906,19.865872701009113,20.370012919108074,20.186383565266926,2.4744144616399866,159.21819652588556,-1.0,5.804672864867166,3.6180809083361716,0.8720793763038572,0.3269550641377767,0.51979185740153,0.24938519795735678,0.18179825146993,0.27661253611246744,0.5284808158874512,0.1863279660542806,0.13397671381632487,29.758333206176758,30.066667556762695,30.05000114440918,29.90833282470703,23.95833396911621,24.625,24.766666412353516,24.42500114440918,18.241666793823242,19.25,19.541667938232422,18.975000381469727,0.0022017789629057392,13.461212158203125,13.897298177083334,14.060025533040365,13.731932322184244,3.3500001430511475,3.441666603088379,3.508333444595337,3.516666889190674,25458.9983974359,35820.170886075946,199820.29206349206,2187.8,2218.1,2163.4,2045.8,2017.9,2159.2,2105.2,2.614051590173706,0.0,0.0,0.0,21.36050033569336,18.19900131225586,18.93600082397461,22.075000762939453,20.792999267578125,18.31800079345703,19.36400032043457,22.250999450683594,20.45050048828125,19.90999984741211,19.15250015258789,18.479999542236328,210.74386920980928,28.286103542234333,9.500020889037433,10.811777369861296,12.281221277573529,13.923543511864974,20171.328125,20760.03515625,21206.296875,21500.857421875,64.2846559945504,66.16082680517711,67.58302111716621,68.52177707765668,11.835833549499512,11.745833396911621,13.797499656677246,11.304166793823242
CM201800000347,CMGE71FL,CM,2018.0,347.0,CM2018DHS,118543.6328125,134655.0625,152662.0,214.2166748046875,183.73333740234375,187.99166870117188,158.0,77.4277114868164,65.03834533691406,65.19942474365234,55.764705657958984,0.4513103778545673,0.47971681448129505,0.5309598629291241,26.240909576416016,24.468181610107422,26.0939998626709,25.118000030517578,9.291666984558105,8.616666793823242,8.216667175292969,8.824999809265137,2.0,4563.0,4615.0,4723.0,4518.0,4751.0,4763.0,4760.0,0.0,0.0,0.0,0.0,56.30769230769231,2697.871826171875,-807,0.0,0.0,0.08090928666925376,0.27876680897896167,21.440908432006836,20.80363655090332,21.624500274658203,21.07672691345215,1.159207270695613,10565.646634615385,-1.0,20.363795353816105,13.601229154146635,3.5910084064190206,0.24870836734771729,0.3278190791606903,0.10318002849817276,0.07365673780441284,0.22379589080810547,0.3465036153793335,0.06335184723138809,0.04471787437796593,29.91666603088379,29.891666412353516,29.84166717529297,30.008333206176758,25.241666793823242,25.558334350585938,25.71666717529297,25.575000762939453,20.625,21.275001525878906,21.625,21.183334350585938,2.5206140790666853,16.64090919494629,17.13909149169922,17.155000686645508,17.03545379638672,2.7666666507720947,2.825000047683716,2.883333444595337,2.8333334922790527,94944.10227272728,26736.62980769231,95495.67307692308,2469,2532,2686,2462,2878,2718,1988,2.3046173682579627,3.0,3.0,3.0,24.441999435424805,21.631000518798828,23.41200065612793,24.573999404907227,24.04199981689453,21.551000595092773,22.832000732421875,24.711000442504883,23.729999542236328,23.575000762939453,23.149999618530273,22.336999893188477,2.0,0.15384615384615385,896.5123291015625,1020.3020629882812,1158.9727783203125,1313.9578857421875,1083.7867431640625,1095.3948974609375,1098.85546875,1094.1241455078125,97.24025315504808,98.28176645132211,98.59226637620192,98.16774338942308,16.11083221435547,15.800832748413086,15.84999942779541,14.629166603088379
CM201800000349,CMGE71FL,CM,2018.0,349.0,CM2018DHS,2202.03515625,2501.31640625,2835.808349609375,166.1750030517578,143.69166564941406,173.61666870117188,126.84166717529297,60.79573059082031,51.014793395996094,61.45722579956055,44.5058479309082,0.00041911291813700454,0.0006134990813597193,0.000562900923333078,24.66781893643466,24.145591042258523,24.557159423828125,24.408674760298297,8.25,8.25,7.575000286102295,8.233333587646484,-9999,3713.3636363636365,3751.818181818182,3863.5454545454545,3730.181818181818,3814.7272727272725,3909.909090909091,3906.181818181818,0.0,0.0,0.0,0.0,24.256830601092897,3376.9397321428573,5.0,0.0,0.0,0.08680744197207388,0.47401731422313204,21.20180164683949,21.1097939231179,21.07914872602983,21.357416326349433,0.1293257624725175,15.71488644125683,-1.0,2.1555976242315573,1.0422581740415813,0.6251243216092469,0.55261656443278,0.5527716954549153,0.3657220840454102,0.3271451632181803,0.7055316925048828,0.7165274302164714,0.3877932866414388,0.34881483713785805,28.950000762939453,29.200000762939453,28.96666717529297,29.241666793823242,24.791667938232422,25.041667938232422,25.15833282470703,25.09166717529297,20.700000762939453,20.950000762939453,21.391666412353516,21.008333206176758,0.0,17.73578574440696,18.07399957830256,17.601139415394176,18.306156505237926,2.7333333492279053,2.816666603088379,2.825000047683716,2.8500001430511475,86828.53674121406,38613.82278481012,87895.48881789137,2443.9,2221.7,2086.3,1992.3,1932.3,1938.1,1574.6,0.6074084922915599,0.0,0.0,0.0,24.909250259399414,22.69550132751465,24.801000595092773,24.916500091552734,24.71700096130371,22.805500030517578,24.060998916625977,25.032249450683594,24.910751342773438,24.24449920654297,23.598751068115234,23.13249969482422,196.0601092896175,119.01366120218579,0.8293754723156506,0.9438948878150545,1.0721808077528951,1.2155600399672173,6782.5869140625,7490.95751953125,8211.494140625,8934.314453125,21.565445696721312,23.8177323471653,26.10870528090847,28.40693039190574,15.840832710266113,14.191666603088379,15.560832977294922,12.85083293914795
CM201800000350,CMGE71FL,CM,2018.0,350.0,CM2018DHS,161850.765625,183848.15625,208433.46875,184.0749969482422,157.89166259765625,159.22500610351562,133.5166778564453,66.13472747802734,55.40058517456055,54.90517044067383,47.402366638183594,0.019573936037197235,0.03490047697808332,0.05244439118986676,25.932562255859374,25.325,25.529499816894532,25.493438720703125,10.141666412353516,9.466667175292969,9.091667175292969,9.675000190734863,2.0,3762.8,3754.7,3776.3,3592.5,3933.8,3777.2,3912.9,0.0,0.0,0.0,0.0,30.002688172043012,1964.494419642857,4.0,0.0,0.0,0.0669190431952958,0.32559333946542957,20.258255004882812,20.028666687011718,20.267416381835936,20.35230407714844,3.7862264106484584,165.9290696213137,-1.0,9.990697784014746,10.281949040717159,1.2256512271175435,0.3488650639851888,0.5252695083618164,0.22970185279846192,0.118927001953125,0.296479606628418,0.5302335421244303,0.16363035837809245,0.07376689910888672,26.59166717529297,26.641666412353516,26.58333396911621,26.649999618530273,21.491666793823242,21.875,22.008333206176758,21.80000114440918,16.450000762939453,17.17500114440918,17.491666793823242,16.975000381469727,0.04808329567363638,14.583946228027344,14.732333374023437,15.005332946777344,15.211166381835938,2.7833333015441895,2.8500001430511475,2.9000000953674316,2.816666603088379,126110.35897435897,16304.04126984127,152655.41587301588,1819.7,1878.8,1793.9,1847.0,2068.0,1891.0,1658.0,1.839499793167728,1.0,1.0,1.0,23.681499481201172,20.689748764038086,23.696001052856445,24.815250396728516,23.966249465942383,21.13249969482422,22.363000869750977,24.716501235961914,23.311250686645508,23.268001556396484,21.748001098632812,21.487749099731445,120.28418230563003,14.134048257372655,67.27416659570845,76.56333021117166,86.96916510558583,98.59922087874659,70809.9140625,72060.890625,72791.953125,72988.953125,221.59550938337802,225.51034684986595,227.79827831769438,228.4147536863271,15.770833015441895,15.239166259765625,15.21500015258789,14.119999885559082
CM201800000351,CMGE71FL,CM,2018.0,351.0,CM2018DHS,21871.8671875,24844.50390625,28166.8671875,75.93333435058594,66.96666717529297,76.78333282470703,66.20833587646484,15.44406795501709,14.2482271194458,15.696763038635254,13.627786636352539,0.0002375089971801084,0.0004032925006342987,0.002242033977989895,34.60287729899088,33.5191650390625,34.24472300211588,34.44805653889974,13.949999809265137,13.575000762939453,12.966667175292969,13.200000762939453,2.0,2480.5,2581.75,2638.0833333333335,2812.0833333333335,2877.0,2846.25,2906.5833333333335,0.0,0.0,0.0,0.0,30.175202156334233,1754.4622395833333,1.0,0.0,0.0,0.05080266305065339,0.16261223042780706,27.758257548014324,27.355972290039062,27.80944315592448,27.96979268391927,1.8091307277628033,335.24170316711593,-1.0,8.444460969086927,0.6622357638377063,4.099324434594003,0.32241691861833843,0.34643612589154926,0.17457565239497594,0.22941826071058,0.24604075295584543,0.27313213688986643,0.10740876197814941,0.16418840203966414,33.90833282470703,34.70000076293945,34.608333587646484,34.233333587646484,26.90833282470703,27.899999618530273,28.08333396911621,27.608333587646484,19.95833396911621,21.125,21.641666412353516,21.033334732055664,0.0030153711503963405,20.91363525390625,21.19277826944987,21.374165852864582,21.491526285807293,4.916666507720947,4.700000286102295,4.891666889190674,4.858333587646484,15187.174603174602,67911.89067524116,79951.98734177215,1047.0,1000.1666666666666,1207.25,1081.75,1026.8333333333333,979.5833333333334,1006.3333333333334,4.498798051613039,0.0,0.0,0.0,29.642499923706055,23.658748626708984,23.763750076293945,25.767749786376953,23.582500457763672,24.011249542236328,25.50374984741211,28.807498931884766,27.4950008392334,25.345500946044922,25.427501678466797,24.030750274658203,141.6954177897574,52.76819407008086,8.8238525390625,10.042244078621032,11.407099971064815,12.932529348544973,28953.609375,33328.953125,38094.984375,43237.83203125,92.37266256738545,106.33175749663073,121.5371988712938,137.94458600067387,6.443333148956299,5.8125,6.828332901000977,6.111666679382324
CM201800000352,CMGE71FL,CM,2018.0,352.0,CM2018DHS,15194.193359375,17259.2578125,19567.2734375,86.16667175292969,74.78333282470703,81.88333129882812,70.59166717529297,18.36589813232422,16.71135902404785,17.483985900878906,15.235610961914062,0.47116536360520583,0.4866930888249324,0.5300735326913687,34.457271575927734,33.48833465576172,33.244998931884766,34.58000183105469,13.77500057220459,13.375,12.733333587646484,13.041666984558105,2.0,2331,2261,2405,2495,2494,2505,2509,0.0,0.0,0.0,0.0,65.8,1835.7801513671875,-807,1.9668300151824951,0.0,0.03498031737928811,0.011243357001847004,27.833637237548828,27.462499618530273,27.461666107177734,28.295833587646484,1.0543165842692057,275.12994791666665,-1.0,10.032322184244792,1.0547926584879557,2.757898457845052,0.3475590646266937,0.3102456033229828,0.16356340050697327,0.2408512681722641,0.27029862999916077,0.23433522880077362,0.09679292142391205,0.17260584235191345,34.93333435058594,35.65833282470703,35.54166793823242,35.19166564941406,28.03333282470703,28.941667556762695,29.141666412353516,28.641666412353516,21.15833282470703,22.28333282470703,22.808334350585938,22.149999618530273,8.320680236816406,21.209999084472656,21.43666648864746,21.678333282470703,22.011667251586914,4.691666603088379,4.474999904632568,4.683333396911621,4.633333206176758,35250.270833333336,63420.903846153844,85448.23863636363,936,1047,1075,986,969,1031,889,1.031170908610026,3.0,3.0,3.0,32.374000549316406,26.190000534057617,25.722999572753906,28.023000717163086,25.30699920654297,26.69700050354004,28.329999923706055,31.496999740600586,30.698999404907227,27.44099998474121,27.8799991607666,26.571001052856445,2.4,0.6,164.98744419642858,187.768798828125,213.28871372767858,241.81101771763392,676.0938720703125,826.31201171875,1002.3594970703125,1206.8638916015625,54.210652669270836,66.25546468098959,80.37132161458334,96.76893717447916,6.864999771118164,6.494999885559082,7.234999656677246,6.4708333015441895
CM201800000353,CMGE71FL,CM,2018.0,353.0,CM2018DHS,8591.3525390625,9759.015625,11064.052734375,131.31666564941406,116.58333587646484,116.29167175292969,103.875,47.60725021362305,41.51335525512695,41.286983489990234,36.98813247680664,0.05709195595521193,0.07304219557688786,0.08583256831535926,24.854999542236328,24.362728118896484,24.916000366210938,25.8700008392334,10.199999809265137,10.199999809265137,9.52500057220459,10.183333396911621,-9999,4221,4312,4354,4257,4278,4334,4273,0.0,0.0,0.0,0.0,28.285714285714285,1976.4224853515625,5,0.0,0.0,0.08465723373686411,0.47994998081281537,21.49250030517578,21.72469711303711,22.05466651916504,22.461666107177734,0.30882835388183594,204.863525390625,-1.0,9.428851536342076,2.1494201932634627,1.4588516780308314,0.5490648150444031,0.5037214756011963,0.24725674092769623,0.24980783462524414,0.6014736890792847,0.5276364684104919,0.19571565091609955,0.2108125239610672,29.066667556762695,29.40833282470703,29.200000762939453,29.391666412353516,23.950000762939453,24.291667938232422,24.416667938232422,24.283334732055664,18.866666793823242,19.20833396911621,19.67500114440918,19.20833396911621,0.07539694188004833,18.1299991607666,19.086666107177734,19.19333267211914,19.053333282470703,2.758333444595337,2.808333396911621,2.816666603088379,2.808333396911621,184759.38636363635,60515.411458333336,230234.91666666666,1831.0,1703.0,1569.0,1750.0,1496.0,1655.0,1338.0,0.13161214760371617,0.0,0.0,0.0,24.637001037597656,22.792999267578125,23.045000076293945,24.520999908447266,22.885000228881836,22.698999404907227,23.513999938964844,24.940000534057617,23.897998809814453,23.52400016784668,23.303998947143555,23.303998947143555,138.0,63.285714285714285,77.25853678385417,87.92633463541667,99.87652180989583,113.23264973958334,63.47673797607422,67.29566955566406,70.8111572265625,73.95572662353516,5.281390053885324,5.599133627755301,5.891628810337612,6.153263092041016,12.117499351501465,11.65583324432373,11.65250015258789,10.554999351501465
CM201800000354,CMGE71FL,CM,2018.0,354.0,CM2018DHS,22462.05078125,25514.8984375,28926.9140625,147.35833740234375,139.73333740234375,136.4499969482422,114.73333740234375,49.8112678527832,46.19283676147461,44.373985290527344,38.24444580078125,0.002426831405374068,0.003150965594038179,0.003388879042637499,26.155351426866318,24.995980156792534,25.55165778266059,25.23868645562066,9.166666984558105,9.166666984558105,8.483333587646484,9.149999618530273,-9999,4290.0,4304.111111111111,4298.111111111111,4484.444444444444,4603.0,4679.666666666667,4650.222222222223,0.0,0.0,0.0,0.0,29.820652173913043,2471.2469308035716,4.0,0.0,0.0,0.0740991889068462,0.37807348650993466,22.799423217773438,22.329237196180557,22.788584391276043,22.840252346462673,0.21895806685737942,56.88712742017663,-1.0,2.937210414720618,2.907750005307405,0.7197827878205673,0.4931243487766811,0.43401925904410227,0.42435881069728304,0.3749911444527762,0.5935959134783063,0.4911112104143415,0.4802520275115967,0.423001766204834,29.766666412353516,30.066667556762695,29.84166717529297,30.066667556762695,25.149999618530273,25.450000762939453,25.59166717529297,25.45833396911621,20.600000381469727,20.900001525878906,21.358333587646484,20.916667938232422,0.012850444817008894,19.443495008680557,19.662490844726562,20.0255126953125,20.441819932725693,2.9583334922790527,3.0250000953674316,3.075000047683716,3.0,195296.55128205128,73657.77215189874,39230.19292604502,1670.1,1688.5,1485.9,1559.4,1583.9,1657.5,1340.5,0.900808748991593,0.0,0.0,0.0,25.405000686645508,23.298500061035156,25.185501098632812,26.024499893188477,25.08650016784668,23.386749267578125,24.272499084472656,25.894500732421875,24.852249145507812,24.542499542236328,24.162250518798828,24.11775016784668,178.58695652173913,102.3125,9.028577721637228,10.275236710258152,11.67175823709239,13.232581097146738,26895.890625,27687.6796875,28289.8046875,28689.92578125,85.4413531759511,87.95667565387228,89.86945906929348,91.1405613111413,13.792499542236328,13.516666412353516,13.476666450500488,12.154999732971191
CM201800000355,CMGE71FL,CM,2018.0,355.0,CM2018DHS,88376.2265625,100387.5625,113812.03125,179.80833435058594,151.76666259765625,153.64999389648438,127.5,62.906707763671875,51.88603973388672,51.50279235839844,42.5,0.0052182996797861545,0.011443793398779144,0.01734633115852404,26.525454711914062,25.014500427246094,25.848333740234374,25.64566650390625,10.291666984558105,9.616666793823242,9.225000381469727,9.824999809265137,2.0,3543.5,3585.6,3652.3,3558.7,3722.7,3638.6,3747.6,0.0,0.0,0.0,0.0,25.59349593495935,1964.494419642857,3.0,0.0,0.0,0.07553539707350733,0.3280159563255812,20.01614990234375,19.094833374023438,19.89550018310547,19.72925720214844,6.205359316776762,52.87010924796748,-1.0,8.074271680216802,7.354130938770325,1.723584513677168,0.2935627973996676,0.5436575229351337,0.19826177450326773,0.07984636380122258,0.23521170249352089,0.5565987733694223,0.13238507967728835,0.04560183103267963,25.65833282470703,25.75,25.67500114440918,25.741666793823242,20.491666793823242,20.916667938232422,21.041667938232422,20.799999237060547,15.366666793823242,16.133333206176758,16.450000762939453,15.916666984558105,0.010248384909490623,13.506845092773437,13.17516632080078,13.942666625976562,13.812847900390626,2.8583333492279053,2.924999952316284,2.9833333492279053,3.0,102223.42857142857,20925.272151898735,181949.16455696203,1844.7,1848.4,1840.8,1955.5,2042.6,2042.7,1811.8,4.007518075669038,0.0,1.0,1.0,21.995333353678387,18.998334248860676,21.182666778564453,23.173665364583332,22.0816650390625,19.28000005086263,20.378334045410156,23.117665608723957,21.39733378092448,21.2086664835612,19.847666422526043,19.526334126790363,188.68563685636857,15.842818428184282,36.01053995657357,40.9828476243188,46.55288338726158,52.778232501702995,77518.21875,83836.546875,90068.2890625,96125.5703125,245.34095528455285,265.33849932249325,285.06214007452576,304.23363397696477,15.453332901000977,14.899999618530273,14.839166641235352,13.811666488647461
CM201800000356,CMGE71FL,CM,2018.0,356.0,CM2018DHS,2576.78955078125,2927.00439453125,3318.421875,64.75,65.98333740234375,71.23333740234375,62.599998474121094,11.917177200317383,12.469291687011719,13.050381660461426,11.610509872436523,0.05677412237439837,0.06659338303974696,0.07065507343837193,35.680908203125,33.709999084472656,33.96333312988281,34.4566650390625,14.608333587646484,14.266666412353516,13.824999809265137,13.916666984558105,2,2469.0,2456.0,2538.0,2717.0,2814.0,2765.0,2846.0,0.0,0.0,0.0,0.0,40.125,1661.5274658203125,4,0.0,0.0,0.0348620607551524,0.16573076612202692,27.456363677978516,26.649999618530273,26.934999465942383,26.974166870117188,6.00886344909668,2709.66552734375,-1.0,0.8449869155883789,1.1989582777023315,10.577156066894531,0.31980472803115845,0.36046209931373596,0.3549075722694397,0.34225738048553467,0.24516458809375763,0.29218727350234985,0.2773953974246979,0.2764463424682617,33.483333587646484,34.30833435058594,34.30833435058594,33.83333206176758,26.15833282470703,27.149999618530273,27.375,26.858333587646484,18.875,20.04166603088379,20.483333587646484,19.916667938232422,0.8582301961964575,19.2318172454834,19.59000015258789,19.906665802001953,19.491666793823242,5.433333396911621,5.291666507720947,5.458333492279053,5.391666889190674,14418.911458333334,25673.602678571428,128792.34615384616,954,783,1093,1050,901,961,1096,2.5022478103637695,0.0,0.0,0.0,28.1560001373291,22.38599967956543,22.13599967956543,23.937999725341797,21.974000930786133,22.875,24.51799964904785,26.790000915527344,26.641000747680664,23.836000442504883,24.29599952697754,22.958999633789062,112.4375,1.6875,27.28409767150879,31.051464080810547,35.27171325683594,39.98847198486328,2006.008544921875,2311.173583984375,2642.86669921875,2999.66552734375,148.28945922851562,170.84805297851562,195.36767578125,221.74319458007812,5.839166641235352,5.675833225250244,6.214999675750732,5.6541666984558105
CM201800000357,CMGE71FL,CM,2018.0,357.0,CM2018DHS,28998.865234375,32940.14453125,37345.10546875,148.20834350585938,128.8000030517578,154.90000915527344,114.30000305175781,53.569278717041016,45.1929817199707,54.5102653503418,40.57988357543945,0.5144716776334323,0.5844313914959247,0.5845222473144531,29.578887939453125,28.06818199157715,28.599090576171875,29.35444450378418,8.791666984558105,8.791666984558105,8.116666793823242,8.77500057220459,-9999,3482.0,3498.0,3377.0,3912.0,4212.0,4193.0,4180.0,0.0,0.0,0.0,0.0,74.26666666666667,2392.42236328125,-807,0.0,0.0,0.0601886809546387,0.21992383155924278,24.24989891052246,23.45742416381836,23.636211395263672,24.39472198486328,0.0,0.0,-1.0,0.0,0.0,0.0,0.4507462680339813,0.3545754849910736,0.1621462106704712,0.19717709720134735,0.5155323147773743,0.36721745133399963,0.11366568505764008,0.1648089736700058,28.491666793823242,28.774999618530273,28.575000762939453,28.808334350585938,24.075000762939453,24.358333587646484,24.5,24.399999618530273,19.700000762939453,19.983333587646484,20.45833396911621,20.03333282470703,11.91360023373463,18.920909881591797,18.84666633605957,18.6733341217041,19.434999465942383,2.7666666507720947,2.8500001430511475,2.8416666984558105,2.816666603088379,174925.77272727274,30269.260416666668,56178.78125,1895,1619,1484,1715,1609,1627,1280,2.8161410013834636,3.0,3.0,3.0,24.229000091552734,22.128999710083008,23.385000228881836,24.76799964904785,23.89299964904785,21.992000579833984,22.884000778198242,24.424999237060547,23.660999298095703,23.224000930786133,22.867000579833984,22.572999954223633,5.4,0.13333333333333333,290.6118489583333,330.73932291666665,375.69055989583336,425.9302734375,2742.753173828125,3256.19384765625,3880.567138671875,4638.361328125,212.968017578125,252.835205078125,301.316015625,360.15651041666666,14.470000267028809,13.286666870117188,14.498332977294922,12.053333282470703
CM201800000358,CMGE71FL,CM,2018.0,358.0,CM2018DHS,6123.7529296875,6956.041015625,7886.24658203125,133.10833740234375,125.34166717529297,146.45834350585938,127.54167175292969,41.273902893066406,38.07848358154297,44.0476188659668,39.24359130859375,9.340674039863405e-05,0.00019753601342912703,0.0002970461334500994,27.595452880859376,26.94766845703125,27.099832153320314,26.704666137695312,11.300000190734863,11.300000190734863,10.75,11.5,2.0,3489.1,3488.4,3611.1,3688.5,3907.1,3924.4,3926.0,0.0,0.0,0.0,0.0,23.978319783197833,1868.262451171875,4.0,0.0,0.0,0.06444951862496255,0.3025799103737904,22.571090698242188,22.72891845703125,22.493733215332032,22.44824981689453,0.9101944590002541,8.937592627879404,-1.0,0.07900585391657139,0.3423016969427507,0.21676259441427423,0.4856436729431152,0.5239584604899089,0.47952295939127604,0.403412914276123,0.4840882619222005,0.5580708821614583,0.4740848223368327,0.39170831044514975,29.075000762939453,29.616666793823242,29.475000381469727,29.491666793823242,23.391666412353516,23.933334350585938,24.066667556762695,23.71666717529297,17.774999618530273,18.316667556762695,18.725000381469727,17.991666793823242,0.0,17.546726989746094,18.510166931152344,17.887635803222658,18.19183349609375,3.2249999046325684,3.2916667461395264,3.325000047683716,3.25,32455.012779552715,37402.83706070288,114466.28571428571,1971.75,2118.5,1829.0833333333333,1958.8333333333333,1905.0833333333333,1996.3333333333333,1928.5833333333333,2.8369401967945462,0.0,0.0,0.0,25.083333333333332,22.533335367838543,23.129666646321613,25.846333821614582,24.48333231608073,22.322001139322918,23.21033223470052,25.830668131510418,23.979334513346355,23.896331787109375,23.209332784016926,22.544331868489582,319.98644986449864,62.62330623306233,2.6709235696231617,3.0397224630264037,3.4528557272518383,3.914593864889706,6146.69384765625,7334.8876953125,8687.37890625,10212.7021484375,19.4746226075542,23.23918106368564,27.524292323001355,32.356990493733065,12.015832901000977,12.359999656677246,14.215832710266113,12.06583309173584
CM201800000359,CMGE71FL,CM,2018.0,359.0,CM2018DHS,9642.78125,11120.1328125,12784.484375,144.60833740234375,119.8166732788086,133.00833129882812,101.70000457763672,57.84333419799805,46.83387756347656,51.99022674560547,39.367740631103516,0.0010657847498933347,0.00398713026564723,0.004032780568058879,24.595916748046875,24.556295776367186,24.441944885253907,24.303512573242188,8.558333396911621,8.558333396911621,8.558333396911621,8.558333396911621,-9999,3687.3,3726.7,3812.9,3900.4,4226.3,4198.6,4197.4,0.0,0.0,0.0,0.0,33.22162162162162,5769.095703125,5.0,0.0,0.05939692624601873,0.2654604161450835,0.5703290219547014,21.258139038085936,21.705064392089845,21.776425170898438,21.615892028808595,0.10619025359282623,54.773104940878376,-1.0,1.470960792335304,0.05289820078256968,0.536322392644109,0.47066995075770784,0.4718806062425886,0.3711936814444406,0.32043910026550293,0.5367431640625,0.5425333636147636,0.40027901104518343,0.33629941940307617,28.783334732055664,29.0,29.183334350585938,29.108333587646484,24.475000381469727,24.691667556762695,24.875,24.80000114440918,20.225000381469727,20.441667556762695,20.625,20.55000114440918,0.03310751850013837,17.920362854003905,18.8538330078125,19.110903930664062,18.928271484375,2.5,2.558333396911621,2.558333396911621,2.5833334922790527,4229.0510284810125,42999.565495207666,153073.2907348243,1981.75,1587.1666666666667,1702.25,1551.0,1575.6666666666667,1655.4166666666667,1279.0,0.31518633043443833,0.0,0.0,0.0,24.5,22.72949981689453,24.161001205444336,24.5830020904541,24.245750427246094,22.681501388549805,23.63775062561035,24.62200164794922,24.339248657226562,23.78849983215332,23.52549934387207,23.255001068115234,238.5054054054054,162.44324324324324,3.5492870433910473,4.128938582136825,4.763625026393581,5.47879638671875,5587.54443359375,6096.7197265625,6568.31396484375,7030.32861328125,17.575548986486485,19.178225295608108,20.663035789695947,22.11797930743243,13.419166564941406,11.94416618347168,12.813332557678223,10.609999656677246
CM201800000360,CMGE71FL,CM,2018.0,360.0,CM2018DHS,34651.85546875,39361.44140625,44625.1015625,72.5250015258789,65.42500305175781,75.59166717529297,66.45000457763672,14.267212867736816,13.32937240600586,14.79771614074707,13.223880767822266,0.10591294368108113,0.12244626879692078,0.14421331882476807,37.39545440673828,35.85166549682617,36.96833419799805,37.038333892822266,13.958333969116211,13.591667175292969,12.975000381469727,13.25,2.0,2207,2304,2506,2583,2617,2677,2594,0.0,0.0,0.0,0.0,56.0,1835.7801513671875,-807,0.0,0.0,0.028495280283696547,0.05039294278060724,29.22909164428711,28.65416717529297,29.363332748413086,29.18833351135254,2.2343338557652066,21.46722412109375,-1.0,14.764657156808036,0.879230431147984,6.638057163783482,0.2484220415353775,0.2593998908996582,0.18480581045150757,0.22156375646591187,0.17127418518066406,0.18559442460536957,0.11389027535915375,0.1548432558774948,34.741668701171875,35.55833435058594,35.41666793823242,35.07500076293945,27.741666793823242,28.733333587646484,28.891666412353516,28.416667938232422,20.78333282470703,21.96666717529297,22.441667556762695,21.825000762939453,0.8050414403279622,21.062726974487305,21.456666946411133,21.758333206176758,21.338333129882812,5.083333492279053,4.9083333015441895,5.108333587646484,5.025000095367432,22996.447115384617,41196.325892857145,40917.97159090909,864,978,1109,968,887,901,927,0.5688467025756836,1.0,3.0,1.0,31.417999267578125,25.345998764038086,25.704999923706055,27.416000366210938,25.236000061035156,25.89099884033203,27.236000061035156,30.644001007080078,29.071001052856445,27.378999710083008,27.270999908447266,25.69300079345703,3.857142857142857,1.8571428571428572,415.9998372395833,473.4407552083333,537.7867838541666,609.7030598958333,1097.5386962890625,1252.603759765625,1418.8931884765625,1595.29638671875,92.48978097098214,105.55714634486607,119.57039097377232,134.4359130859375,6.429166316986084,5.84499979019165,6.877499580383301,6.222499847412109
CM201800000362,CMGE71FL,CM,2018.0,362.0,CM2018DHS,47417.5859375,53862.1796875,61064.96875,219.56666564941406,172.3416748046875,290.433349609375,164.78334045410156,86.10457611083984,66.2852554321289,110.9936294555664,62.77460479736328,0.17637765407562256,0.19252524773279825,0.19413888454437256,20.79888916015625,20.290000915527344,21.670000076293945,20.690000534057617,8.741666793823242,8.066666603088379,7.733333587646484,8.27500057220459,2.0,3886.0,3886.0,3886.0,3886.0,4223.0,4331.0,4300.0,0.0,0.0,0.0,0.0,37.75,2697.871826171875,3,0.0,0.0,0.1043840144130883,0.42068955536369357,18.296262741088867,17.713333129882812,18.90916633605957,18.426666259765625,1.5367488861083984,269.59637451171875,-1.0,10.993836402893066,0.12788119912147522,0.9217026233673096,0.42278459668159485,0.4602881968021393,0.3111259341239929,0.1818988174200058,0.45557257533073425,0.5196384787559509,0.29908207058906555,0.14522412419319153,28.325000762939453,28.225000381469727,28.266666412353516,28.416667938232422,23.92500114440918,24.16666603088379,24.375,24.258333206176758,19.58333396911621,20.15833282470703,20.53333282470703,20.141666412353516,2.042708079020182,15.793636322021484,15.136666297912598,16.148332595825195,16.163333892822266,2.549999952316284,2.6000001430511475,2.616666793823242,2.625,15839.71590909091,5064.027018229167,16064.944010416666,2661,2774,3386,2677,2718,3192,2040,4.965173721313477,2.0,2.0,2.0,22.125,19.613000869750977,21.930999755859375,22.472999572753906,22.065000534057617,19.527999877929688,20.832000732421875,22.31399917602539,21.724000930786133,21.53299903869629,20.743999481201172,20.121999740600586,16.3125,12.125,334.47586495535717,380.66005161830356,432.39610072544644,490.2188197544643,2776.322265625,3244.939453125,3764.312255859375,4334.30712890625,202.1658935546875,236.28961181640625,274.1092529296875,315.61505126953125,17.156665802001953,15.893333435058594,16.738332748413086,15.206666946411133
CM201800000363,CMGE71FL,CM,2018.0,363.0,CM2018DHS,21306.9765625,24202.83984375,27439.39453125,225.9166717529297,176.19166564941406,294.9916687011719,166.97500610351562,80.44510650634766,61.46220779418945,102.9040756225586,58.0782585144043,0.37203415234883624,0.4409395058949788,0.4647095203399658,29.165555953979492,26.79888916015625,28.924545288085938,29.729999542236328,8.691666603088379,8.016666412353516,7.708333492279053,8.216667175292969,2.0,2275,2246,2179,2217,2255,2254,2224,0.0,0.0,0.0,0.0,68.84615384615384,2697.871826171875,-807,0.0,0.0,0.09580566490554482,0.3949760914486648,24.44141387939453,23.238445281982422,24.93827247619629,25.466249465942383,1.130321429325984,1753.9600360576924,-1.0,10.795919565054087,0.6875872978797326,0.7213698167067307,0.43268021941185,0.46430274844169617,0.2006005197763443,0.15453101694583893,0.5139603614807129,0.5776375532150269,0.16320264339447021,0.1217355951666832,31.108333587646484,31.008333206176758,31.033334732055664,31.20833396911621,26.725000381469727,26.975000381469727,27.166667938232422,27.08333396911621,22.416667938232422,22.991666793823242,23.325000762939453,22.991666793823242,6.071758015950521,19.71727180480957,19.67799949645996,20.95199966430664,21.202499389648438,2.808333396911621,2.866666793823242,2.866666793823242,2.875,1217.1708984375,11473.869791666666,1387.0333533653845,3010,2993,3363,3026,2885,3388,2310,0.0,3.0,3.0,3.0,27.43000030517578,25.09000015258789,27.069000244140625,27.703001022338867,27.110000610351562,25.229000091552734,26.360000610351562,27.661001205444336,26.95400047302246,26.66900062561035,26.045000076293945,25.58300018310547,13.692307692307692,10.384615384615385,177.10182291666666,201.555908203125,228.94967447916667,259.566259765625,14006.439453125,17344.24609375,21316.98046875,26004.66796875,1349.487079326923,1671.0766225961538,2053.83984375,2505.487530048077,17.16499900817871,15.934999465942383,16.543333053588867,15.129166603088379
CM201800000364,CMGE71FL,CM,2018.0,364.0,CM2018DHS,104942.03125,119204.8515625,135145.6875,179.80833435058594,151.76666259765625,153.64999389648438,127.5,62.906707763671875,51.88603973388672,51.50279235839844,42.5,0.01485585861693556,0.03371161927049533,0.04629579367348181,26.438593084161933,25.401364413174715,25.961667147549715,25.90665227716619,10.291666984558105,9.616666793823242,9.225000381469727,9.824999809265137,2.0,3563.909090909091,3575.0,3638.6363636363635,3539.2727272727275,3743.7272727272725,3608.3636363636365,3773.181818181818,0.0,0.0,0.0,0.0,32.06539509536785,1964.4944010416666,4.0,0.0,0.0,0.07049461789005623,0.31799646276756527,20.411148071289062,19.9190146706321,20.390681873668324,20.419994007457387,6.328324691109035,52.83091669497283,-1.0,8.379437653914742,4.201983244522758,1.6532317451808765,0.312157408396403,0.5215601921081543,0.2061215082804362,0.09435846010843912,0.2553816477457682,0.5227391560872395,0.14156559308369954,0.05614405473073324,25.65833282470703,25.75,25.67500114440918,25.741666793823242,20.491666793823242,20.916667938232422,21.041667938232422,20.799999237060547,15.366666793823242,16.133333206176758,16.450000762939453,15.916666984558105,0.021201145979421538,14.383703058416193,14.43666631525213,14.819696599786932,14.933332963423295,2.8583333492279053,2.924999952316284,2.9833333492279053,3.0,116685.83922829582,22007.3025477707,166862.4203821656,1803.4,1835.9,1793.0,1834.2,2028.1,1933.1,1713.7,2.243972114894701,1.0,2.0,2.0,22.312998453776043,19.245999654134113,21.98266855875651,23.51800028483073,22.518666585286457,19.625333150227863,20.81199900309245,23.43633270263672,21.78966776529948,21.672999064127605,20.19800059000651,19.952667236328125,67.70108695652173,12.894021739130435,42.8129590905231,48.724540378736414,55.34675929857337,62.74808402683424,76700.953125,80603.921875,84116.609375,87173.796875,243.3460003396739,255.72900390625,266.8738111413044,276.5734544836956,15.453332901000977,14.899999618530273,14.839166641235352,13.811666488647461
CM201800000365,CMGE71FL,CM,2018.0,365.0,CM2018DHS,66877.78125,75967.234375,86126.0546875,147.69166564941406,129.97500610351562,146.10000610351562,122.88333129882812,44.087066650390625,37.765132904052734,41.643707275390625,34.9431266784668,0.005660073289388343,0.00936305673816536,0.01085784691798536,27.661819458007812,26.184305826822918,27.20361328125,26.865694681803387,11.516666412353516,10.816666603088379,10.508333206176758,10.933333396911621,2.0,3432.0833333333335,3433.3333333333335,3505.9166666666665,3464.0,3689.0,3737.1666666666665,3831.4166666666665,0.0,0.0,0.0,0.0,25.27005347593583,1764.624720982143,3.0,0.0,0.0,0.09895123637979185,0.30010216113896865,20.73265838623047,20.426717122395832,20.98669687906901,20.60363260904948,1.5396728515625,258.7947025401069,-1.0,5.8120991915942515,4.1335103244067515,0.9800880146536598,0.32372334599494934,0.5277604460716248,0.266430139541626,0.18386885523796082,0.2720675468444824,0.5398020148277283,0.20462210476398468,0.13546185195446014,29.758333206176758,30.066667556762695,30.05000114440918,29.90833282470703,23.95833396911621,24.625,24.766666412353516,24.42500114440918,18.241666793823242,19.25,19.541667938232422,18.975000381469727,0.005710829761203763,13.803499857584635,14.66912841796875,14.769785563151041,14.341570536295572,3.3500001430511475,3.441666603088379,3.508333444595337,3.516666889190674,28082.13504823151,31286.926984126985,197124.7238095238,2283.090909090909,2374.4545454545455,2258.4545454545455,2139.7272727272725,2076.818181818182,2245.7272727272725,2131.090909090909,3.5206563205005015,0.0,0.0,0.0,22.918251037597656,19.770000457763672,20.256000518798828,23.389249801635742,22.06399917602539,19.854249954223633,20.86050033569336,23.654998779296875,21.98925018310547,21.388248443603516,20.755748748779297,20.038249969482422,174.01069518716577,28.58288770053476,24.842198057432434,28.272387035472974,32.11493348817567,36.40954391891892,20554.14453125,21154.025390625,21608.75390625,21908.90625,64.2846549131016,66.16082469919786,67.58301825701872,68.52177159926471,11.835833549499512,11.745833396911621,13.797499656677246,11.304166793823242
CM201800000366,CMGE71FL,CM,2018.0,366.0,CM2018DHS,70532.3046875,80118.453125,90832.3984375,166.60833740234375,149.3416748046875,166.20834350585938,142.31666564941406,53.744625091552734,46.913612365722656,51.27249526977539,43.902313232421875,0.003532703541502168,0.008124140244496019,0.016597246821922592,25.62121073404948,24.163472493489582,25.065834045410156,25.112220764160156,10.774999618530273,10.100000381469727,9.699999809265137,10.308333396911621,2.0,3884.0833333333335,3904.75,3999.5,3831.75,4126.5,4135.416666666667,4188.833333333333,0.0,0.0,0.0,0.0,26.32975871313673,1807.4539620535713,3.0,0.0,0.0,0.10436267131050625,0.3303456989138387,19.762624104817707,18.965237935384113,19.527462005615234,19.665842692057293,2.1425049484417005,101.04721102150538,-1.0,5.526505008820565,15.64767095094086,1.1555238949355258,0.35033243894577026,0.6273402571678162,0.2671680748462677,0.11308318376541138,0.3063052296638489,0.7130483388900757,0.2054998278617859,0.07215477526187897,27.766666412353516,27.96666717529297,27.891666412353516,27.883333206176758,22.34166717529297,22.875,23.016666412353516,22.71666717529297,16.991666793823242,17.866666793823242,18.191667556762695,17.575000762939453,0.029482929364129457,13.904036204020182,13.76700210571289,13.989091237386068,14.219460805257162,3.1000001430511475,3.183333396911621,3.241666793823242,3.241666793823242,78292.23003194889,25119.23734177215,213597.09779179812,2144.7272727272725,2087.818181818182,2140.818181818182,2152.2727272727275,2109.909090909091,2123.818181818182,2038.8181818181818,4.280063752205141,0.0,0.0,0.0,23.407333374023438,20.491666158040363,21.397000630696613,23.97533416748047,22.817001342773438,20.67366663614909,21.72333272298177,24.110000610351562,22.732666015625,22.344332377115887,21.54199981689453,21.080665588378906,138.6451612903226,29.954301075268816,27.44331680006812,31.232666680858312,35.47754172343324,40.22182603882834,74799.390625,84569.234375,94910.7109375,105733.8046875,234.9700940860215,265.660408266129,298.1464423723118,332.1453923051075,13.792499542236328,13.801666259765625,16.316665649414062,13.450833320617676
CM201800000367,CMGE71FL,CM,2018.0,367.0,CM2018DHS,733.90283203125,833.6486206054688,945.12939453125,170.1750030517578,141.69166564941406,145.25833129882812,126.51667022705078,55.04312515258789,44.74473571777344,45.041343688964844,40.27055740356445,0.01298884195940835,0.02701843636376517,0.048291219132287164,29.633636474609375,28.084999084472656,29.0766658782959,29.1299991607666,11.116666793823242,10.441666603088379,9.983333587646484,10.633333206176758,2,3641,3697,3741,3653,3755,3867,3886,0.0,0.0,0.0,0.0,34.0,1964.494384765625,4,0.0,0.0,0.07120313350441283,0.32406814941777623,22.666362762451172,21.875680923461914,22.641666412353516,22.739166259765625,1.4753042856852214,75.60807291666667,-1.0,3.6197176615397137,0.18616433143615724,0.7701499938964844,0.3720371425151825,0.5546919107437134,0.31062081456184387,0.14895576238632202,0.32491323351860046,0.5731505751609802,0.24946564435958862,0.09912542253732681,27.70833396911621,27.84166717529297,27.70833396911621,27.766666412353516,22.116666793823242,22.58333396911621,22.700000762939453,22.416667938232422,16.59166717529297,17.399999618530273,17.725000381469727,17.133333206176758,0.10600414276123046,15.699090957641602,15.666363716125488,16.206666946411133,16.34833335876465,3.0916666984558105,3.1666667461395264,3.2250001430511475,3.1416666507720947,108697.16071428571,60090.25,165546.48863636365,1965.0,1891.0,1931.0,1951.0,2043.0,2046.0,1852.0,2.6885726928710936,1.0,0.0,1.0,23.96500015258789,21.235000610351562,20.031999588012695,24.597999572753906,23.59000015258789,21.165000915527344,21.969999313354492,24.611000061035156,22.854999542236328,22.461999893188477,22.027999877929688,21.601999282836914,67.13333333333334,25.866666666666667,7.5557387215750555,8.599030085972377,9.767736162458148,11.073939732142858,713.2352905273438,789.9581909179688,868.3973388671875,947.5204467773438,55.525048828125,61.49789225260417,67.60433756510416,73.7640380859375,14.417499542236328,13.757499694824219,15.879999160766602,12.977499961853027
CM201800000368,CMGE71FL,CM,2018.0,368.0,CM2018DHS,141357.59375,160569.71875,182042.109375,61.5,62.82500076293945,70.7249984741211,62.95000076293945,11.031390190124512,11.580644607543945,12.648285865783691,11.393665313720703,0.43964442339810456,0.5161304907365278,0.5865931944413618,38.32636260986328,37.18166732788086,37.0433349609375,37.56636428833008,14.666666984558105,14.308333396911621,13.883333206176758,13.941666603088379,2.0,1724,1785,1959,2080,2149,2081,2083,0.0,0.0,0.0,0.0,64.6,1731.0255126953125,-807,0.0,0.0,0.023509065104693253,0.09139750909799353,29.887271881103516,29.448333740234375,29.66083335876465,29.7198486328125,12.319696044921875,71.24775390625,-1.0,2.3182586669921874,0.31395721435546875,16.031964111328126,0.17752496898174286,0.2120402455329895,0.24430817365646362,0.23462536931037903,0.10961895436048508,0.14499303698539734,0.16639749705791473,0.16578461229801178,34.57500076293945,35.38333511352539,35.40833282470703,34.83333206176758,27.20833396911621,28.200000762939453,28.433334350585938,27.83333396911621,19.90833282470703,21.075000762939453,21.525001525878906,20.891666412353516,2.359110945362156,21.44818115234375,21.71500015258789,22.27833366394043,21.873332977294922,5.575000286102295,5.425000190734863,5.5916666984558105,5.525000095367432,66162.6875,57187.482954545456,109763.6875,652,599,801,790,736,819,869,0.5248000780741374,3.0,3.0,3.0,31.44099998474121,25.378999710083008,25.291000366210938,26.913000106811523,24.80900001525879,26.006000518798828,27.844999313354492,30.125999450683594,29.804000854492188,27.375,27.895999908447266,26.110000610351562,2.6,0.2,1596.8705357142858,1817.3650948660713,2064.365792410714,2340.42578125,1624.281982421875,1834.2283935546875,2055.831298828125,2287.06005859375,128.02014973958333,144.5673828125,162.03333333333333,180.25797526041666,5.612499713897705,5.488333225250244,6.087499618530273,5.531666278839111
CM201800000369,CMGE71FL,CM,2018.0,369.0,CM2018DHS,1301.3092041015625,1478.1722412109375,1675.8426513671875,145.14166259765625,128.14166259765625,147.22500610351562,108.97500610351562,56.91830062866211,49.285255432128906,56.08571243286133,41.514286041259766,1.4987573145873962e-05,0.0006374715339569818,0.0006649000304085867,24.371537642045453,24.475685813210227,24.644814231178977,24.490545099431817,8.449999809265137,8.449999809265137,7.775000095367432,8.433333396911621,-9999,3985.909090909091,3945.2727272727275,4019.7272727272725,3880.0,4042.909090909091,4232.272727272727,4220.090909090909,0.0,0.0,0.0,0.0,24.61035422343324,6563.439583333334,5.0,0.0,0.0,0.10926933604579933,0.5272854611358201,21.042422207919035,21.51253995028409,21.499962546608664,21.819638338955965,0.19392282761410082,33.25433998211853,-1.0,1.7804779967430178,0.040777362334955616,0.7040292183774693,0.5046764782496861,0.5286446980067662,0.3743565763745989,0.30352435793195454,0.6189596993582589,0.6735020365033831,0.4050586223602295,0.3195461205073765,28.100000381469727,28.350000381469727,28.166667938232422,28.42500114440918,23.850000381469727,24.100000381469727,24.258333206176758,24.183334350585938,19.649999618530273,19.899999618530273,20.391666412353516,19.991666793823242,0.0,17.71330399946733,18.549394087357953,18.35511086203835,19.148732965642754,2.549999952316284,2.6000001430511475,2.625,2.625,41572.0,25933.318327974277,126712.29299363057,2083.8333333333335,1852.6666666666667,1826.25,1624.8333333333333,1685.75,1692.6666666666667,1300.0,0.6123749527684349,0.0,0.0,0.0,24.523000081380207,22.58733367919922,24.255999247233074,24.577000935872395,24.305999755859375,22.66200002034505,23.725667317708332,24.661000569661457,24.44499969482422,23.834332784016926,23.42766571044922,23.065333048502605,179.5967302452316,88.90735694822888,0.49419338980987465,0.5624311907181572,0.6388722241409426,0.7243061841018801,2700.97119140625,3143.664794921875,3631.566650390625,4163.93603515625,8.560634020563691,9.963734806071185,11.510123520521118,13.197449229393733,14.182499885559082,13.089166641235352,14.747499465942383,11.53416633605957
CM201800000370,CMGE71FL,CM,2018.0,370.0,CM2018DHS,51988.625,59054.47265625,66951.609375,148.20834350585938,128.8000030517578,154.90000915527344,114.30000305175781,53.569278717041016,45.1929817199707,54.5102653503418,40.57988357543945,0.13328208525975546,0.4917532205581665,0.6231430768966675,26.263999938964844,24.926362991333008,26.652000427246094,26.845556259155273,8.791666984558105,8.791666984558105,8.116666793823242,8.77500057220459,-9999,4131,4260,4247,4261,4527,4696,4655,0.0,0.0,0.0,0.0,47.06666666666667,2392.42236328125,-807,0.0,0.0,0.07319209220396579,0.33520266411221755,22.367908477783203,21.71901512145996,22.695545196533203,22.822778701782227,0.5749718802315849,6005.283482142857,-1.0,9.289623805454799,72.81795828683036,2.5318216596330916,0.49132800102233887,0.39368900656700134,0.18422776460647583,0.21408718824386597,0.587129533290863,0.42800942063331604,0.13681179285049438,0.18554958701133728,28.491666793823242,28.774999618530273,28.575000762939453,28.808334350585938,24.075000762939453,24.358333587646484,24.5,24.399999618530273,19.700000762939453,19.983333587646484,20.45833396911621,20.03333282470703,6.934303658907531,18.471818923950195,18.511667251586914,18.739089965820312,18.799999237060547,2.7666666507720947,2.8500001430511475,2.8416666984558105,2.816666603088379,164167.22727272726,20984.96153846154,64677.11607142857,1989,1776,1572,1837,1666,1685,1361,0.8176484789167132,3.0,3.0,3.0,24.226999282836914,22.141000747680664,23.434999465942383,24.7189998626709,23.85099983215332,22.025999069213867,22.9739990234375,24.427000045776367,23.704999923706055,23.26099967956543,22.905000686645508,22.608999252319336,14.642857142857142,0.0,244.35102190290178,278.0908203125,315.88650948660717,358.12887137276783,68759.3515625,88627.9921875,113384.265625,143975.953125,5719.7734375,7372.553571428572,9431.9140625,11976.693080357143,14.470000267028809,13.286666870117188,14.498332977294922,12.053333282470703
CM201800000371,CMGE71FL,CM,2018.0,371.0,CM2018DHS,105634.3046875,119991.2265625,136037.1875,109.375,120.375,127.35000610351562,125.28334045410156,32.32758712768555,35.1459846496582,37.1824836730957,36.7579460144043,0.0029508343900735384,0.0062445211715210745,0.008147622068849997,30.155303955078125,29.632776896158855,29.155001322428387,30.011390686035156,13.516667366027832,12.983333587646484,12.5,12.783333778381348,1.0,2930.9166666666665,2970.75,3080.0,3097.1666666666665,3312.1666666666665,3352.4166666666665,3315.5,0.0,0.0,0.0,0.0,39.18983957219251,2024.0006510416667,-807.0,0.0,0.0,0.09090208440081428,0.3546836915005985,22.690053304036457,22.63916778564453,22.35589599609375,23.027567545572918,1.1641370803914606,52.146520930815505,-1.0,0.10390666206890249,0.3185754867798504,0.23863309972426472,0.438849721636091,0.43211296626499723,0.25283309391566683,0.25510917391095844,0.42082551547459196,0.4270995685032436,0.19470674651009695,0.20757491247994558,28.850000381469727,29.299999237060547,29.15833282470703,28.975000381469727,22.066667556762695,22.78333282470703,22.883333206176758,22.558334350585938,15.333333969116211,16.316667556762695,16.65833282470703,16.191667556762695,0.21085076258139118,15.224803924560547,15.645556131998697,15.556793212890625,16.043750762939453,3.383333444595337,3.424999952316284,3.424999952316284,3.4083333015441895,159322.69206349205,57671.220447284344,123402.68370607028,1438.8,1540.3,1765.8,1535.3,1486.4,1650.1,1492.6,0.9402616776247076,0.0,0.0,0.0,24.0576655069987,21.08799997965495,20.45800018310547,22.676666259765625,20.91266632080078,21.1163330078125,21.772000630696613,24.066998799641926,22.773000081380207,20.92266591389974,21.675333658854168,21.195999145507812,51.216577540106954,20.842245989304814,48.49329144021739,55.189208984375,62.69005816915761,71.0733642578125,5123.43994140625,5985.580078125,6940.548828125,7987.9794921875,16.153704148562834,18.87194758940508,21.88287386154746,25.185317095588236,10.146666526794434,11.72249984741211,12.706665992736816,11.679166793823242
CM201800000372,CMGE71FL,CM,2018.0,372.0,CM2018DHS,18651.4296875,21186.37109375,24019.546875,81.01667022705078,73.73333740234375,80.75,72.0999984741211,16.791019439697266,16.02898597717285,16.73575210571289,15.152363777160645,0.0001827183676066835,0.00027282510176065966,0.0017492090489962123,35.60908813476563,34.882833862304686,34.66633605957031,35.42866821289063,13.791666984558105,13.425000190734863,12.75,13.066666603088379,2.0,2411.1,2459.1,2563.2,2679.3,2728.4,2736.2,2668.4,0.0,0.0,0.0,0.0,36.744623655913976,1835.780029296875,4.0,0.0,0.0,0.06713656748178067,0.19959679587381493,28.457180786132813,28.252584838867186,28.127581787109374,28.593585205078124,1.084015138687626,328.99903393817203,-0.8440860215053764,6.577917611727151,0.7740433395549815,2.4908534224315355,0.429039546421596,0.39173947061811176,0.2528222118105207,0.2995249203273228,0.3609903539930071,0.3213902200971331,0.17593378680092947,0.23363508496965682,35.06666564941406,35.766666412353516,35.59166717529297,35.29999923706055,28.133333206176758,29.025001525878906,29.191667556762695,28.733333587646484,21.274999618530273,22.34166717529297,22.84166717529297,22.233333587646484,0.0,21.3052734375,21.622332763671874,21.588833618164063,21.758499145507812,4.825000286102295,4.599999904632568,4.824999809265137,4.758333206176758,56521.25,60441.145569620254,73222.6835443038,889.0,952.1,970.7,928.2,902.9,932.7,804.7,1.0041507187710013,0.0,0.0,0.0,32.17599868774414,25.93950080871582,25.572500228881836,27.75,25.155750274658203,26.555999755859375,28.04574966430664,31.12700080871582,30.338998794555664,27.229251861572266,27.61199951171875,26.29974937438965,109.70698924731182,50.75268817204301,8.369495381618632,9.525149102505027,10.819725384341488,12.266606798760053,16698.1328125,20408.21484375,24756.22265625,29807.064453125,54.21065398185484,66.25546559979838,80.37133001512096,96.7689222110215,6.926666259765625,6.669166564941406,7.420000076293945,6.742499828338623
CM201800000373,CMGE71FL,CM,2018.0,373.0,CM2018DHS,2443.508544921875,2775.609375,3146.78125,219.56666564941406,172.3416748046875,290.433349609375,164.78334045410156,86.10457611083984,66.2852554321289,110.9936294555664,62.77460479736328,0.07533662135784443,0.13169513298914984,0.126960616845351,26.030000686645508,26.467777252197266,28.464284896850586,27.610000610351562,8.741666793823242,8.066666603088379,7.733333587646484,8.27500057220459,2.0,4560,4560,4591,4437,4522,4582,4565,0.0,0.0,0.0,0.0,34.0,2697.871826171875,-807.0,0.11783459782600403,0.0,0.10637131542179294,0.4597205043495744,21.71181869506836,22.189722061157227,23.84214210510254,22.88166618347168,0.9635305404663086,446.57314453125,-1.0,12.686533610026041,0.10265593528747559,1.2955843607584636,0.496165007352829,0.5244242548942566,0.3594593107700348,0.22101141512393951,0.5775970220565796,0.633967936038971,0.3690246641635895,0.1905837059020996,28.325000762939453,28.225000381469727,28.266666412353516,28.416667938232422,23.92500114440918,24.16666603088379,24.375,24.258333206176758,19.58333396911621,20.15833282470703,20.53333282470703,20.141666412353516,1.52454465230306,17.39363670349121,17.911666870117188,19.219999313354492,18.15333366394043,2.549999952316284,2.6000001430511475,2.616666793823242,2.625,18733.99431818182,9396.883413461539,15823.181490384615,2387,2509,3107,2430,2420,2934,1897,2.123731486002604,2.0,2.0,2.0,24.878000259399414,22.597000122070312,24.350000381469727,25.055999755859375,24.599000930786133,22.566999435424805,23.69300079345703,25.007999420166016,24.395000457763672,24.173999786376953,23.625999450683594,23.04800033569336,23.733333333333334,3.466666666666667,19.814692905970983,22.550691877092635,25.615587506975448,29.041063581194198,2602.7783203125,3042.10302734375,3529.010498046875,4063.3759765625,202.16588541666667,236.28961588541668,274.10924479166664,315.6150390625,17.156665802001953,15.893333435058594,16.738332748413086,15.206666946411133
CM201800000374,CMGE71FL,CM,2018.0,374.0,CM2018DHS,62184.7109375,70636.3203125,80082.2578125,148.20834350585938,128.8000030517578,154.90000915527344,114.30000305175781,53.569278717041016,45.1929817199707,54.5102653503418,40.57988357543945,0.028369224109588722,0.04116362428512817,0.041132320611240766,26.22528991699219,25.391734313964843,25.957452392578126,26.18304443359375,8.791666984558105,8.791666984558105,8.116666793823242,8.77500057220459,-9999,4453.5,4396.9,4416.2,4390.5,4580.0,4661.2,4604.3,0.0,0.0,0.0,0.0,32.416438356164385,2429.2072916666666,-807.0,0.0,0.0,0.08140705016076726,0.38318221117731494,22.409918212890624,22.09544982910156,22.301960754394532,22.66027069091797,0.40557267698523114,79.05028895547945,-1.0,3.3295691085188355,3.156636611729452,0.9780196516481164,0.5492962428501674,0.4733405794416155,0.3134270395551409,0.32012578419276644,0.6990765844072614,0.5619363444192069,0.30979531151907785,0.33509056908743723,28.491666793823242,28.774999618530273,28.575000762939453,28.808334350585938,24.075000762939453,24.358333587646484,24.5,24.399999618530273,19.700000762939453,19.983333587646484,20.45833396911621,20.03333282470703,1.003856958735603,18.594546508789062,18.799166870117187,18.646469116210938,19.1375,2.7666666507720947,2.8500001430511475,2.8416666984558105,2.816666603088379,186118.67507886435,41671.94855305466,48415.67307692308,1879.8,1722.0,1514.1,1750.1,1668.5,1710.8,1314.2,1.777990889875856,0.0,0.0,0.0,24.368499755859375,22.341251373291016,23.746000289916992,24.95425033569336,24.011249542236328,22.180749893188477,23.139251708984375,24.67650032043457,23.83099937438965,23.426250457763672,23.03874969482422,22.82925033569336,82.8082191780822,17.997260273972604,29.1722339527027,33.20031408361486,37.71261877111486,42.755785472972974,26477.88671875,27270.41796875,27877.52734375,28286.859375,84.50300727739726,87.03232020547945,88.96989511986301,90.27626284246575,14.470000267028809,13.286666870117188,14.498332977294922,12.053333282470703
CM201800000375,CMGE71FL,CM,2018.0,375.0,CM2018DHS,32897.3046875,37368.421875,42365.56640625,-9999,-9999,-9999,-9999,-9999,-9999,-9999,-9999,0.3303430875142415,0.3457580804824829,0.35675231615702313,26.530000686645508,26.00666618347168,26.188180923461914,25.742000579833984,-9999,-9999,-9999,-9999,2,1125.0,1109.0,1204.0,1272.0,1565.0,1564.0,1543.0,-9999,-9999,-9999,-9999,54.714285714285715,12504.837890625,5,0.0,0.0,0.10340796681025403,0.4724206142464791,22.947999954223633,23.177499771118164,23.325090408325195,23.012250900268555,13.937074933733259,24.319636753627233,-1.0,676.8248465401786,0.1022653239113944,168.21282087053572,0.4923364520072937,0.5677949786186218,0.2939104437828064,0.2354259341955185,0.5903525948524475,0.7433102130889893,0.2802373170852661,0.21187254786491394,-9999,-9999,-9999,-9999,-9999,-9999,-9999,-9999,-9999,-9999,-9999,-9999,1.047143485329368,19.365999221801758,20.34833335876465,20.461999893188477,20.282499313354492,-9999,-9999,-9999,-9999,1795.9513494318182,31528.52644230769,2027.6379616477273,2839,2390,2343,2336,2194,2073,1575,0.1849146154191759,2.0,2.0,3.0,27.038145065307617,24.843297958374023,26.87628746032715,27.32680320739746,26.761856079101562,25.05257797241211,25.94020652770996,27.3216495513916,26.705154418945312,26.405155181884766,25.476287841796875,25.197938919067383,120.28571428571429,2.0714285714285716,407.8434361049107,464.158203125,527.2425711495536,597.7487444196429,160.38230895996094,188.69970703125,220.35813903808594,255.4113006591797,13.719650268554688,16.1420166015625,18.850189208984375,21.8487548828125,-9999,-9999,-9999,-9999
CM201800000376,CMGE71FL,CM,2018.0,376.0,CM2018DHS,186230.03125,211540.8125,239829.390625,148.20834350585938,128.8000030517578,154.90000915527344,114.30000305175781,53.569278717041016,45.1929817199707,54.5102653503418,40.57988357543945,0.7256333827972412,0.9573328495025635,0.9629019101460775,29.055999755859375,28.18000030517578,28.899091720581055,30.270000457763672,8.791666984558105,8.791666984558105,8.116666793823242,8.77500057220459,-9999,4430.0,4393.0,4137.0,4000.0,4005.0,4041.0,4045.0,0.0,0.0,0.0,0.0,57.46666666666667,2392.42236328125,-807,0.0,0.0,0.038227634112667226,0.1351125489487492,23.777545928955078,23.405834197998047,23.899545669555664,24.855833053588867,0.47340625127156577,1052.1652994791666,-1.0,4.679618326822917,19.891957600911457,1.1734163920084635,0.42924124002456665,0.33444905281066895,0.1495288759469986,0.18842875957489014,0.4785045385360718,0.3364972472190857,0.10123201459646225,0.15413305163383484,28.491666793823242,28.774999618530273,28.575000762939453,28.808334350585938,24.075000762939453,24.358333587646484,24.5,24.399999618530273,19.700000762939453,19.983333587646484,20.45833396911621,20.03333282470703,13.873287858634159,18.49909019470215,18.63166618347168,18.899999618530273,19.441667556762695,2.7666666507720947,2.8500001430511475,2.8416666984558105,2.816666603088379,168812.44642857142,25546.741071428572,60389.875,1925.0,1742.0,1575.0,1819.0,1697.0,1701.0,1338.0,0.995861562093099,3.0,3.0,3.0,24.226999282836914,22.141000747680664,23.434999465942383,24.7189998626709,23.85099983215332,22.025999069213867,22.9739990234375,24.427000045776367,23.704999923706055,23.26099967956543,22.905000686645508,22.608999252319336,6.266666666666667,0.0,1448.548046875,1648.5625,1872.6209635416667,2123.039583333333,73667.1796875,94953.9765625,121477.28125,154252.5,5719.7734375,7372.553125,9431.914583333333,11976.69375,14.470000267028809,13.286666870117188,14.498332977294922,12.053333282470703
CM201800000377,CMGE71FL,CM,2018.0,377.0,CM2018DHS,2122.3720703125,2410.826416015625,2733.21728515625,96.06666564941406,89.51667022705078,104.83333587646484,100.31666564941406,22.428014755249023,21.398405075073242,24.61839485168457,23.79051399230957,3.863881626848583e-06,1.1905340424436293e-05,2.5386975449361618e-05,33.4992421468099,32.36333465576172,32.13874816894531,32.13152821858724,13.908333778381348,13.508333206176758,12.691666603088379,13.116666793823242,2.0,2928.1666666666665,2935.3333333333335,3141.1666666666665,3218.75,3318.8333333333335,3381.1666666666665,3325.4166666666665,0.0,0.0,0.0,0.0,24.41256830601093,1498.589599609375,4.0,0.0,0.0,0.0764251993234465,0.33282619849970135,26.948028564453125,26.875625610351562,26.987152099609375,26.652638753255207,0.7532521593473263,7.1343485237142374,-1.0,1.7168891761218494,0.9445432408304241,1.148342039019925,0.5438358600323017,0.5443228574899527,0.4594553800729605,0.4350125239445613,0.5234126311082107,0.534459114074707,0.41428448603703427,0.4061774473923903,33.33333206176758,33.93333435058594,33.63333511352539,33.44166564941406,26.358333587646484,27.149999618530273,27.266666412353516,26.866666793823242,19.42500114440918,20.42500114440918,20.941667556762695,20.325000762939453,0.0,20.396817525227863,21.387916564941406,21.835556030273438,21.173750559488933,4.2833333015441895,4.183333396911621,4.258333206176758,4.2166666984558105,92347.69716088328,10021.308681672026,141440.7564102564,1110.2727272727273,1282.090909090909,1366.0,1237.8181818181818,1266.4545454545455,1411.6363636363637,1149.6363636363637,3.260650717919789,0.0,0.0,0.0,29.622665405273438,24.51366678873698,24.144332885742188,26.398000081380207,24.188334147135418,24.942331949869793,25.878331502278645,29.039998372395832,27.72766621907552,25.14300028483073,25.713333129882812,24.791000366210938,309.0708446866485,68.41144414168937,0.9728607669953377,1.1071926650180612,1.2576727918399278,1.4258568876533098,2678.27392578125,3303.201904296875,4043.498046875,4912.873046875,8.57038700613079,10.57013222177282,12.939056645946867,15.721025097922343,8.120833396911621,7.945833206176758,9.368332862854004,8.566666603088379
CM201800000378,CMGE71FL,CM,2018.0,378.0,CM2018DHS,224.05642700195312,254.50823974609375,288.542724609375,129.63333129882812,123.21666717529297,138.52499389648438,98.81666564941406,48.3105583190918,45.07926940917969,50.37272644042969,36.262996673583984,0.003061750282843908,0.0047316284229358034,0.0054906755685806274,24.612499237060547,24.381999969482422,25.11750030517578,25.392221450805664,9.383333206176758,9.383333206176758,8.699999809265137,9.366666793823242,-9999,4633,4647,4674,4521,4497,4651,4581,0.0,0.0,0.0,0.0,46.266666666666666,2227.299072265625,6,0.0,0.0,0.10342516822948603,0.5431888739142757,21.482250213623047,21.673500061035156,22.22541618347168,22.31861114501953,0.15048770904541015,11.185544840494792,-1.0,1.9471942901611328,0.2005734125773112,0.7557227452596028,0.5671798586845398,0.5139145255088806,0.30104321241378784,0.32844531536102295,0.7389472126960754,0.6366150379180908,0.29050567746162415,0.35240527987480164,28.866666793823242,29.17500114440918,28.975000381469727,29.20833396911621,24.141666412353516,24.450000762939453,24.600000381469727,24.491666793823242,19.483333587646484,19.79166603088379,20.274999618530273,19.84166717529297,0.08062451226370675,18.351999282836914,18.96500015258789,19.33333396911621,19.2450008392334,2.683333396911621,2.7333333492279053,2.75,2.7250001430511475,130340.09090909091,10919.458333333334,171467.2142857143,2141,1797,1562,1767,1546,1654,1338,0.0616231640179952,0.0,0.0,0.0,24.428998947143555,22.809999465942383,23.690000534057617,24.49799919128418,23.597999572753906,22.689001083374023,23.559999465942383,24.70199966430664,24.23699951171875,23.5939998626709,23.336999893188477,23.26599884033203,178.06666666666666,144.2,2.0538835525512695,2.337482213973999,2.655172348022461,3.0102391242980957,116.80174255371094,131.13320922851562,146.1231689453125,161.61483764648438,9.064952596028645,10.177214558919271,11.340580240885417,12.542885335286458,12.479166984558105,12.079999923706055,13.811666488647461,10.460832595825195
CM201800000379,CMGE71FL,CM,2018.0,379.0,CM2018DHS,134536.125,152821.109375,173257.3125,225.9166717529297,176.19166564941406,294.9916687011719,166.97500610351562,80.44510650634766,61.46220779418945,102.9040756225586,58.0782585144043,0.9423871040344238,0.9660177230834961,0.930245558420817,28.83888816833496,26.983999252319336,29.181110382080078,28.41857147216797,8.691666603088379,8.016666412353516,7.708333492279053,8.216667175292969,2,1460,1402,1379,1433,1464,1464,1466,0.0,0.0,0.0,0.0,95.3076923076923,2697.871826171875,-807.0,0.0,0.0,0.07417191367086856,0.2821556277257178,24.182626724243164,23.551000595092773,25.15855598449707,24.975536346435547,0.0,0.0,-1.0,0.0,0.0,0.0,0.38997113704681396,0.4156497120857239,0.17567232251167297,0.1361272782087326,0.43947961926460266,0.49119022488594055,0.13322283327579498,0.10201852023601532,31.108333587646484,31.008333206176758,31.033334732055664,31.20833396911621,26.725000381469727,26.975000381469727,27.166667938232422,27.08333396911621,22.416667938232422,22.991666793823242,23.325000762939453,22.991666793823242,24.35774287471065,19.526363372802734,20.118000030517578,21.13599967956543,21.532499313354492,2.808333396911621,2.866666793823242,2.866666793823242,2.875,1494.602764423077,3878.8460286458335,1570.2509014423076,3221,3502,3751,3416,3241,3850,2643,0.0,3.0,3.0,3.0,27.347000122070312,24.865999221801758,26.996999740600586,27.70599937438965,27.152000427246094,24.9950008392334,26.191999435424805,27.571001052856445,26.895000457763672,26.59600067138672,25.867000579833984,25.38800048828125,2.0,0.0,1127.8392857142858,1283.5704520089287,1458.0223214285713,1652.998325892857,14891.591796875,18440.33203125,22664.12890625,27648.060546875,1349.487079326923,1671.0766225961538,2053.840144230769,2505.4873798076924,17.16499900817871,15.934999465942383,16.543333053588867,15.129166603088379
CM201800000380,CMGE71FL,CM,2018.0,380.0,CM2018DHS,79660.078125,90486.7890625,102587.25,184.0749969482422,157.89166259765625,159.22500610351562,133.5166778564453,66.13472747802734,55.40058517456055,54.90517044067383,47.402366638183594,0.4644269509748979,0.6815600828690962,0.7581965706565164,28.950000762939453,27.424999237060547,28.30666732788086,28.545000076293945,10.141666412353516,9.466667175292969,9.091667175292969,9.675000190734863,2,2883,2822,2880,2722,2845,2712,2720,0.0,0.0,0.0,0.0,53.53333333333333,1964.494384765625,-807,0.0,0.0,0.04738466161696646,0.14304056682227456,22.712726593017578,21.9233341217041,22.684999465942383,22.858333587646484,4.75357920328776,20332.25,-1.0,23.121199544270834,38.906392415364586,1.237768300374349,0.2145048975944519,0.3909108638763428,0.13689662516117096,0.0632963478565216,0.15382567048072815,0.34711140394210815,0.08056763559579849,0.03492193669080734,26.59166717529297,26.641666412353516,26.58333396911621,26.649999618530273,21.491666793823242,21.875,22.008333206176758,21.80000114440918,16.450000762939453,17.17500114440918,17.491666793823242,16.975000381469727,2.5389517507245465,16.475454330444336,16.421667098999023,17.06333351135254,17.171667098999023,2.7833333015441895,2.8500001430511475,2.9000000953674316,2.816666603088379,138849.34615384616,42432.767045454544,155795.98958333334,1802.0,1781.0,1679.0,1822.0,2014.0,1877.0,1727.0,1.7907740275065105,3.0,3.0,3.0,23.767000198364258,20.86600112915039,22.177000045776367,24.731000900268555,23.69300079345703,21.083999633789062,22.150999069213867,24.684999465942383,23.08099937438965,22.83300018310547,21.738000869750977,21.553998947143555,2.3333333333333335,0.13333333333333333,719.3853236607143,818.7174944196429,929.9905831473214,1054.354771205357,7793.0283203125,8426.7421875,9060.8564453125,9685.8828125,606.4850260416666,655.8034505208333,705.1529296875,753.7951822916667,15.770833015441895,15.239166259765625,15.21500015258789,14.119999885559082
CM201800000381,CMGE71FL,CM,2018.0,381.0,CM2018DHS,553.7430419921875,629.0030517578125,713.1173095703125,168.90000915527344,131.34165954589844,136.33334350585938,117.00833892822266,52.91905975341797,40.412818908691406,41.62849807739258,36.470130920410156,0.0012071485129686503,0.0034923782715430628,0.0063882963015482975,27.291818618774414,26.253334045410156,26.40833282470703,26.02166748046875,11.350000381469727,10.675000190734863,10.158333778381348,10.866666793823242,2,3727,3687,3723,3901,4148,4049,4102,0.0,0.0,0.0,0.0,32.714285714285715,2290.03271484375,4,0.0,0.0,0.08307272292476836,0.28879514723318245,22.503637313842773,22.21893882751465,22.58553123474121,22.40166664123535,0.6832406180245536,20.602881295340403,-1.0,2.4554416111537387,0.21058305672236852,0.2346569299697876,0.4861130118370056,0.5778014063835144,0.49370715022087097,0.3426157236099243,0.47086015343666077,0.6137215495109558,0.4761943817138672,0.3022669851779938,29.758333206176758,29.924999237060547,29.741666793823242,29.850000381469727,24.058334350585938,24.575000762939453,24.649999618530273,24.383333206176758,18.408334732055664,19.25,19.58333396911621,18.983333587646484,0.0,17.7154541015625,18.184545516967773,18.762727737426758,18.781665802001953,3.191666603088379,3.25,3.2750000953674316,3.2083332538604736,86602.58653846153,71243.21022727272,161805.32692307694,2104,1874,1893,1877,1910,2049,2021,1.765054566519601,0.0,1.0,1.0,25.277999877929688,22.89900016784668,22.244998931884766,25.827999114990234,24.5939998626709,22.812000274658203,23.588001251220703,25.868000030517578,24.285999298095703,24.02400016784668,23.756999969482422,23.20599937438965,107.64285714285714,37.5,6.224513244628906,7.0839894612630205,8.046784464518229,9.1228515625,665.6259765625,737.2275390625,810.4306640625,884.2723388671875,55.52504185267857,61.497889927455354,67.60434395926339,73.7640380859375,13.874166488647461,12.841666221618652,14.813332557678223,12.008333206176758
CM201800000382,CMGE71FL,CM,2018.0,382.0,CM2018DHS,204554.78125,232356.109375,263428.25,148.20834350585938,128.8000030517578,154.90000915527344,114.30000305175781,53.569278717041016,45.1929817199707,54.5102653503418,40.57988357543945,0.8455120233389047,0.8881140488844651,0.891079095693735,29.055999755859375,28.18000030517578,28.899091720581055,30.270000457763672,8.791666984558105,8.791666984558105,8.116666793823242,8.77500057220459,-9999,4430,4393,4137,4000,4005,4041,4045,0.0,0.0,0.0,0.0,72.86666666666666,2392.42236328125,-807,0.0,0.0,0.038227634112667226,0.1351125489487492,23.777545928955078,23.405834197998047,23.899545669555664,24.855833053588867,0.0,0.0,-1.0,0.0,0.0,0.0,0.42924124002456665,0.33444905281066895,0.1495288759469986,0.18842875957489014,0.4785045385360718,0.3364972472190857,0.10123201459646225,0.15413305163383484,28.491666793823242,28.774999618530273,28.575000762939453,28.808334350585938,24.075000762939453,24.358333587646484,24.5,24.399999618530273,19.700000762939453,19.983333587646484,20.45833396911621,20.03333282470703,17.793052798411885,18.49909019470215,18.63166618347168,18.899999618530273,19.441667556762695,2.7666666507720947,2.8500001430511475,2.8416666984558105,2.816666603088379,171171.95833333334,27093.01785714286,59118.19711538462,1895,1619,1484,1715,1609,1627,1280,0.8442591349283854,3.0,3.0,3.0,24.229000091552734,22.128999710083008,23.385000228881836,24.76799964904785,23.89299964904785,21.992000579833984,22.884000778198242,24.424999237060547,23.660999298095703,23.224000930786133,22.867000579833984,22.572999954223633,3.6666666666666665,0.0,1842.5779854910713,2096.9998604910716,2382.0061383928573,2700.54296875,68291.765625,88004.140625,112564.5625,142913.15625,5302.534895833333,6833.108333333334,8740.109375,11096.535416666668,14.470000267028809,13.286666870117188,14.498332977294922,12.053333282470703
CM201800000383,CMGE71FL,CM,2018.0,383.0,CM2018DHS,1009.52392578125,1146.7298583984375,1300.0777587890625,156.90834045410156,141.89999389648438,158.1666717529297,134.8416748046875,51.728023529052734,45.65147399902344,49.94736862182617,42.581581115722656,0.044406771659851074,0.05636630952358246,0.0624150683482488,25.64090919494629,24.45833396911621,25.036666870117188,25.165000915527344,11.116666793823242,10.441666603088379,9.966667175292969,10.641667366027832,2.0,3157.0,3112.0,3157.0,3198.0,3434.0,3386.0,3471.0,0.0,0.0,0.0,0.0,25.2,1764.6246337890625,4,0.0,0.0,0.10184603780115245,0.31051509562722673,18.51545524597168,17.93083381652832,18.356969833374023,18.3174991607666,8.065103149414062,108.309228515625,-1.0,9.662900797526042,19.624690755208334,2.0844229380289714,0.26261061429977417,0.4774356782436371,0.17348703742027283,0.09645330160856247,0.20514169335365295,0.4613216817378998,0.1110091581940651,0.05923222377896309,26.05000114440918,26.241666793823242,26.200000762939453,26.174999237060547,20.475000381469727,21.0,21.191667556762695,20.825000762939453,14.933333396911621,15.800000190734863,16.233333587646484,15.533333778381348,0.0,11.390000343322754,11.40333366394043,11.67727279663086,11.470000267028809,3.0333333015441895,3.1083333492279053,3.1666667461395264,3.1666667461395264,52516.841346153844,28616.3125,211996.125,1902.0,1892.0,1961.0,1973.0,1937.0,2021.0,1986.0,4.34344482421875,1.0,2.0,3.0,20.47800064086914,17.45599937438965,18.503999710083008,21.520999908447266,20.399999618530273,17.548999786376953,18.6510009765625,21.496999740600586,19.6560001373291,19.514999389648438,18.44300079345703,17.770999908447266,43.86666666666667,4.0,10.049784660339355,11.43745231628418,12.991931915283203,14.729294776916504,1848.3597412109375,2022.5615234375,2196.646240234375,2367.951171875,144.04453125,157.62021484375,171.18683268229168,184.53678385416666,13.889165878295898,13.863332748413086,16.359167098999023,13.481666564941406
CM201800000384,CMGE71FL,CM,2018.0,384.0,CM2018DHS,385.324951171875,437.69500732421875,496.22637939453125,202.93333435058594,172.8416748046875,175.63333129882812,148.10833740234375,72.0473403930664,60.82404708862305,60.04558181762695,51.96783447265625,0.043740262587865196,0.048613925774892174,0.04880601167678833,26.68400001525879,25.342727661132812,25.954999923706055,25.586666107177734,9.816666603088379,9.141666412353516,8.725000381469727,9.350000381469727,-9999,4325,4378,4516,4437,4687,4874,4875,0.0,0.0,0.0,0.0,32.4,2038.5587158203125,3.0,0.0,0.0,0.09546478567282968,0.3784753857175436,21.82881736755371,21.403030395507812,21.83916664123535,21.734167098999023,0.6563292185465495,158.89923502604168,-1.0,3.189031473795573,2.3030497233072915,0.6488660176595052,0.36360156536102295,0.45127180218696594,0.20525512099266052,0.1446644514799118,0.395788311958313,0.5506427884101868,0.16804389655590057,0.10939779877662659,28.558334350585938,28.58333396911621,28.508333206176758,28.66666603088379,23.625,23.983333587646484,24.125,23.95833396911621,18.741666793823242,19.441667556762695,19.78333282470703,19.316667556762695,0.06343364715576172,16.973636627197266,17.463333129882812,17.72333335876465,17.88166618347168,2.816666841506958,2.8416666984558105,2.924999952316284,2.8500001430511475,106665.67307692308,17092.350446428572,107093.22727272728,2384,2515,2718,2305,2768,2505,2065,3.4750633239746094,0.0,1.0,1.0,24.413999557495117,21.618000030517578,23.424999237060547,24.615999221801758,24.025999069213867,21.599000930786133,22.82699966430664,24.74799919128418,23.71000099182129,23.570999145507812,23.093000411987305,22.363000869750977,103.66666666666667,9.066666666666666,3.4813101291656494,3.9620068073272705,4.500488758087158,5.102322578430176,1250.3255615234375,1263.7174072265625,1267.709716796875,1262.25146484375,97.24025065104166,98.2817626953125,98.59225260416666,98.16775716145834,15.763333320617676,15.356666564941406,15.35333251953125,14.299999237060547
CM201800000385,CMGE71FL,CM,2018.0,385.0,CM2018DHS,1030.221923828125,1170.2408447265625,1326.73291015625,177.13333129882812,155.05833435058594,155.86666870117188,128.9166717529297,60.90544509887695,52.26685333251953,51.52616882324219,43.33333206176758,0.09345972537994385,0.1315842683498676,0.16161040159372184,26.597272872924805,25.933635711669922,25.617273330688477,26.40999984741211,9.983333587646484,9.308333396911621,8.866666793823242,9.508333206176758,-9999,3824,3959,3936,3789,4139,4502,4401,0.0,0.0,0.0,0.0,29.0,2889.88916015625,4.0,0.0,0.0,0.06642768441759547,0.3403949167607067,22.200000762939453,22.061819076538086,22.174545288085938,22.481666564941406,0.6505157470703125,8.292178344726562,-1.0,2.1262522379557294,2.026933797200521,0.546641731262207,0.3574850261211395,0.3962441682815552,0.3393688201904297,0.24290859699249268,0.3685923218727112,0.43146413564682007,0.34284070134162903,0.22413915395736694,29.366666793823242,29.375,29.28333282470703,29.45833396911621,24.350000381469727,24.700000762939453,24.84166717529297,24.683334350585938,19.383333206176758,20.066667556762695,20.416667938232422,19.950000762939453,0.162303768220495,17.80272674560547,18.190000534057617,18.7318172454834,18.553333282470703,2.9083333015441895,2.9666666984558105,3.0250000953674316,2.9750001430511475,147139.36538461538,45310.13392857143,79178.33173076923,1802,2085,1939,1885,1972,2025,1749,1.259269078572591,2.0,2.0,2.0,24.965999603271484,22.40999984741211,23.47100067138672,25.60700035095215,24.625999450683594,22.46299934387207,23.395999908447266,25.479999542236328,24.14299964904785,23.97800064086914,23.55299949645996,23.261999130249023,97.66666666666667,107.93333333333334,10.991546630859375,12.509253365652901,14.209402901785714,16.109574454171316,344.44580078125,360.99176025390625,375.5046081542969,387.6943359375,26.781439208984374,28.067926025390626,29.196331787109376,30.144110107421874,14.91249942779541,14.508333206176758,14.504166603088379,13.260000228881836
CM201800000386,CMGE71FL,CM,2018.0,386.0,CM2018DHS,462.5146179199219,525.3756103515625,595.6322021484375,133.10833740234375,125.34166717529297,146.45834350585938,127.54167175292969,41.273902893066406,38.07848358154297,44.0476188659668,39.24359130859375,0.010361388325691223,0.04655775156888095,0.052492027932947334,27.59363555908203,26.676666259765625,26.668333053588867,26.918333053588867,11.300000190734863,11.300000190734863,10.75,11.5,2,3234,3352,3683,3631,3997,3824,4110,0.0,0.0,0.0,0.0,28.0,1868.262451171875,3,0.0,0.0,0.04897474776988825,0.30494213239068935,22.119091033935547,21.855833053588867,21.713333129882812,22.004167556762695,0.7884131159101214,7.482606615339007,-1.0,0.0617665776184627,0.36777779034205843,0.15232607296534947,0.4324822425842285,0.4833381772041321,0.3807276785373688,0.3362116813659668,0.40531912446022034,0.4925842583179474,0.33990833163261414,0.3033871352672577,29.075000762939453,29.616666793823242,29.475000381469727,29.491666793823242,23.391666412353516,23.933334350585938,24.066667556762695,23.71666717529297,17.774999618530273,18.316667556762695,18.725000381469727,17.991666793823242,0.0,16.64454460144043,17.03499984741211,16.758333206176758,17.09000015258789,3.2249999046325684,3.2916667461395264,3.325000047683716,3.25,11237.6015625,19384.830965909092,117995.10714285714,1942,1992,1841,1837,1859,1952,1929,0.7412659781319755,0.0,0.0,2.0,23.388999938964844,20.888999938964844,21.660999298095703,24.392000198364258,23.06800079345703,20.7189998626709,21.586000442504883,24.277000427246094,22.357999801635742,22.34600067138672,21.509000778198242,20.680999755859375,170.07142857142858,80.64285714285714,5.224298749651227,5.945666176932199,6.753749847412109,7.656903403145926,233.1151885986328,278.1777648925781,329.471435546875,387.31976318359375,19.474620274135045,23.239181518554688,27.52429417201451,32.356985909598215,12.015832901000977,12.359999656677246,14.215832710266113,12.06583309173584
CM201800000387,CMGE71FL,CM,2018.0,387.0,CM2018DHS,400.192626953125,454.5833435058594,515.3731079101562,168.64166259765625,145.3000030517578,184.5,131.60833740234375,59.0,49.25423812866211,62.54237365722656,44.48732376098633,0.0013384373326386725,0.010345634605203356,0.013570062816143036,26.670000076293945,25.615453720092773,26.405555725097656,24.77666664123535,8.449999809265137,8.449999809265137,7.775000095367432,8.433333396911621,-9999,4033.0,4005.0,3863.0,3664.0,4015.0,3928.0,3890.0,0.0,0.0,0.0,0.0,55.92857142857143,2694.552734375,-807.0,0.0,0.0,0.09612370159769734,0.4589023564421524,22.293636322021484,22.595727920532227,22.70868682861328,21.72166633605957,0.31585356167384554,7.540748051234654,-1.0,2.370746612548828,1.3290202277047294,0.7753560202462333,0.5154504776000977,0.4540121257305145,0.33678048849105835,0.3115355372428894,0.6314045190811157,0.5356485247612,0.344215452671051,0.3276791572570801,29.983333587646484,30.30000114440918,30.058334350585938,30.325000762939453,25.733333587646484,26.05000114440918,26.149999618530273,26.08333396911621,21.53333282470703,21.850000381469727,22.28333282470703,21.891666412353516,0.4470571611748367,17.917272567749023,19.576000213623047,19.011817932128906,18.66666603088379,2.8583333492279053,2.950000047683716,2.950000047683716,2.9583334922790527,105881.58653846153,71271.13541666667,76984.53977272728,2471.0,2008.0,1920.0,1873.0,1880.0,1994.0,1490.0,0.8528622218540737,0.0,2.0,1.0,26.280000686645508,23.45199966430664,26.1510009765625,26.604999542236328,26.113000869750977,23.763999938964844,24.94499969482422,26.507999420166016,25.94099998474121,25.003000259399414,24.804000854492188,24.44700050354004,107.21428571428571,143.85714285714286,4.056291852678571,4.616381508963449,5.243800571986607,5.945034572056362,243.47979736328125,257.99737548828125,271.3370361328125,283.2424621582031,20.250322614397323,21.457754952566965,22.567217145647323,23.557399204799108,15.418333053588867,14.229166984558105,15.323332786560059,13.088333129882812
CM201800000388,CMGE71FL,CM,2018.0,388.0,CM2018DHS,21236.71875,24348.4453125,27874.046875,62.349998474121094,68.83333587646484,75.44166564941406,72.0,11.838607788085938,13.34410285949707,14.211931228637695,13.736089706420898,0.00017463023227358622,0.0002581794347081866,0.0003485024921477787,37.46963806152344,34.9788330078125,35.76766662597656,36.15421142578125,14.633333206176758,14.300000190734863,13.741666793823242,13.850000381469727,2.0,2103.1,2146.0,2338.9,2433.5,2556.4,2551.8,2513.9,0.0,0.0,0.0,0.0,40.93866666666667,1713.0971354166666,5.0,0.0,0.0,0.04063671111886416,0.18778123380585604,28.936181640625,28.143167114257814,28.56641845703125,28.82310791015625,20.571614583333332,329.01845833333334,-1.0,16.217235677083334,44.906734375,21.664794270833333,0.20878441631793976,0.2632002830505371,0.37948665022850037,0.3065871298313141,0.13924680650234222,0.19061854481697083,0.3109596371650696,0.24269483983516693,34.72500228881836,35.45000076293945,35.366668701171875,34.93333435058594,27.375,28.275001525878906,28.45833396911621,27.991666793823242,20.09166717529297,21.149999618530273,21.625,21.08333396911621,0.0,20.402728271484374,21.307501220703124,21.365167236328126,21.49199981689453,5.266666889190674,5.1583333015441895,5.308333396911621,5.241666793823242,5102.808681672026,41521.71428571428,100298.47619047618,762.1111111111111,661.4444444444445,955.5555555555555,808.2222222222222,805.0,824.7777777777778,872.8888888888889,0.21005265299479167,0.0,0.0,0.0,31.785249710083008,25.653499603271484,26.26824951171875,27.752750396728516,25.69649887084961,26.261749267578125,27.735000610351562,31.042999267578125,29.739500045776367,27.89299964904785,27.688249588012695,26.130001068115234,104.54933333333334,59.048,9.126078125,10.541986979166667,12.099950520833334,13.867740885416667,26778.921875,29645.970703125,32503.9921875,35403.625,84.26985416666666,93.29189583333333,102.28552083333334,111.41003125,5.748332977294922,6.329999923706055,6.40749979019165,6.048333168029785
CM201800000389,CMGE71FL,CM,2018.0,389.0,CM2018DHS,98276.5625,111633.46875,126561.8046875,131.80833435058594,115.51667022705078,136.3333282470703,102.68333435058594,47.785499572753906,40.179710388183594,47.4202880859375,35.7159423828125,0.5260737159035422,0.8333715959028765,0.8837903629649769,28.600000381469727,27.552000045776367,29.09666633605957,30.79888916015625,9.175000190734863,9.175000190734863,8.5,9.158333778381348,-9999,2375,2354,2378,2433,2479,2434,2429,0.0,0.0,0.0,0.0,52.357142857142854,2392.42236328125,-807,0.0,0.0,0.0896059398972265,0.4151134604342046,23.23318099975586,23.006000518798828,24.00787925720215,25.07111167907715,0.5536345413752964,2413.7176339285716,-1.0,6.368341718401227,35.586722237723215,1.8291120529174805,0.5339279174804688,0.44157278537750244,0.20777395367622375,0.2387584000825882,0.6662953495979309,0.5088319182395935,0.16417452692985535,0.2175653725862503,28.700000762939453,29.0,28.80000114440918,29.016666412353516,24.08333396911621,24.383333206176758,24.516666412353516,24.40833282470703,19.525001525878906,19.825000762939453,20.30000114440918,19.858333587646484,10.005838012695312,17.866363525390625,18.459999084472656,18.919090270996094,19.343334197998047,2.758333444595337,2.875,2.875,2.875,167669.88461538462,21609.908653846152,65620.81818181818,1875,1595,1447,1735,1580,1609,1261,0.499216045652117,3.0,3.0,3.0,24.545000076293945,22.517000198364258,23.660999298095703,24.98900032043457,24.08300018310547,22.27899932861328,23.239999771118164,24.75,23.996000289916992,23.496999740600586,23.155000686645508,22.913000106811523,6.714285714285714,0.0,908.5327845982143,1033.9822823660713,1174.5122767857142,1331.575474330357,68756.546875,88624.375,113379.640625,143970.0625,5719.772879464285,7372.553571428572,9431.9140625,11976.693080357143,13.170832633972168,12.398332595825195,13.69333267211914,11.091666221618652
CM201800000390,CMGE71FL,CM,2018.0,390.0,CM2018DHS,18268.3125,20751.18359375,23526.1640625,61.5,62.82500076293945,70.7249984741211,62.95000076293945,11.031390190124512,11.580644607543945,12.648285865783691,11.393665313720703,0.37612680955366656,0.4646144780245694,0.5209076621315696,37.917274475097656,36.90999984741211,37.003334045410156,37.29181671142578,14.666666984558105,14.308333396911621,13.883333206176758,13.941666603088379,2.0,1892.0,1992.0,2167.0,2226.0,2279.0,2263.0,2249.0,0.0,0.0,0.0,0.0,60.06666666666667,1731.0255126953125,-807,0.0,0.0,0.01483386020285507,0.019920078989201673,29.71454620361328,29.33333396911621,29.80500030517578,29.530075073242188,10.11448974609375,74.759619140625,-1.0,1.697657012939453,0.38973910013834634,12.604661051432291,0.14648400247097015,0.17255151271820068,0.20051226019859314,0.20303228497505188,0.08544734120368958,0.11112791299819946,0.1264752298593521,0.13617002964019775,34.57500076293945,35.38333511352539,35.40833282470703,34.83333206176758,27.20833396911621,28.200000762939453,28.433334350585938,27.83333396911621,19.90833282470703,21.075000762939453,21.525001525878906,20.891666412353516,3.9959538777669272,21.511817932128906,21.75666618347168,22.606666564941406,21.768333435058594,5.575000286102295,5.425000190734863,5.5916666984558105,5.525000095367432,64362.067708333336,56594.142045454544,107424.47321428571,688,666,814,806,743,815,896,2.103632100423177,3.0,3.0,3.0,31.259000778198242,25.20599937438965,25.174999237060547,26.77400016784668,24.72100067138672,25.868000030517578,27.565000534057617,29.952999114990234,29.48699951171875,27.191999435424805,27.81599998474121,25.937000274658203,5.0,0.8,204.01499720982142,232.18523297991072,263.7418736049107,299.01109095982144,1624.37060546875,1834.3282470703125,2055.943359375,2287.184814453125,128.0201416015625,144.56736653645834,162.033349609375,180.25797526041666,5.612499713897705,5.488333225250244,6.087499618530273,5.531666278839111
CM201800000391,CMGE71FL,CM,2018.0,391.0,CM2018DHS,26237.27734375,29803.224609375,33788.69921875,132.4250030517578,110.45833587646484,119.44166564941406,109.07500457763672,45.016998291015625,36.71745300292969,39.16120147705078,36.56145095825195,0.20622011025746664,0.3445193370183309,0.43897632757822674,28.158889770507812,26.351818084716797,27.920909881591797,28.25181770324707,10.925000190734863,10.925000190734863,10.241666793823242,10.908333778381348,1,3903,3960,4071,3984,4040,4102,4071,0.0,0.0,0.0,0.0,43.0,2108.624267578125,-807,0.0,0.0,0.09125522435148106,0.4043130364832179,22.912626266479492,22.55007553100586,23.307954788208008,23.585908889770508,0.7651434625898089,287.74532645089283,-1.0,7.9801145281110495,1.5854963575090681,0.7764370100838798,0.48921164870262146,0.4702898859977722,0.32296884059906006,0.29411059617996216,0.5123074054718018,0.4845457375049591,0.28093472123146057,0.2634478807449341,29.64166831970215,30.116666793823242,29.875,30.0,24.15833282470703,24.633333206176758,24.733333587646484,24.525001525878906,18.71666717529297,19.191667556762695,19.633333206176758,19.09166717529297,1.2946309407552083,17.666362762451172,18.748332977294922,18.69499969482422,18.920000076293945,2.941666841506958,3.008333444595337,3.049999952316284,2.9833333492279053,112476.63636363637,62879.26442307692,205870.41666666666,1579,1481,1387,1619,1471,1527,1275,0.19415632316044398,3.0,3.0,3.0,24.948999404907227,22.87299919128418,23.399999618530273,24.452999114990234,23.588001251220703,22.801000595092773,23.6200008392334,25.107999801635742,24.3439998626709,23.990999221801758,23.676000595092773,23.53700065612793,4.428571428571429,2.7857142857142856,296.3865234375,337.311328125,383.1557942708333,434.39381510416666,113.52595520019531,130.28262329101562,148.39553833007812,167.76824951171875,9.45329829624721,10.84862300327846,12.356885637555804,13.970049176897321,12.125,11.640832901000977,11.769999504089355,10.929166793823242
CM201800000392,CMGE71FL,CM,2018.0,392.0,CM2018DHS,51831.109375,58875.546875,66748.7578125,131.80833435058594,115.51667022705078,136.3333282470703,102.68333435058594,47.785499572753906,40.179710388183594,47.4202880859375,35.7159423828125,5.878320046860701e-05,0.0005766475086758851,0.0009037911132642418,25.015889485677082,24.090922037760418,24.98733859592014,24.999403211805557,9.175000190734863,9.175000190734863,8.5,9.158333778381348,-9999,4366.555555555556,4358.444444444444,4415.111111111111,4373.666666666667,4508.888888888889,4603.222222222223,4617.888888888889,0.0,0.0,0.0,0.0,32.14986376021798,2392.422433035714,-807.0,0.0,0.0,0.08960449304266269,0.439616780157987,21.66531711154514,21.412128024631077,21.886817084418404,22.01673041449653,0.2283873597022948,179.87076379427793,-1.0,2.7105347012304155,2.0905676901502894,0.9213132936233396,0.5989359537760417,0.5318606694539388,0.29705422719319663,0.33382638295491535,0.8059861501057942,0.6797950108846028,0.28581438064575193,0.35674362182617186,28.700000762939453,29.0,28.80000114440918,29.016666412353516,24.08333396911621,24.383333206176758,24.516666412353516,24.40833282470703,19.525001525878906,19.825000762939453,20.30000114440918,19.858333587646484,0.08326349277793352,18.314748128255207,18.733334011501736,18.786295572916668,19.0340576171875,2.758333444595337,2.875,2.875,2.875,147214.00638977636,5526.231629392972,82987.75949367089,2003.6,1705.6,1572.5,1782.7,1630.6,1624.6,1327.7,1.0354539419065054,0.0,0.0,0.0,24.240000406901043,22.30066680908203,23.601999918619793,24.697001139322918,23.829999287923176,22.17133331298828,23.133333841959637,24.48766581217448,23.89466603597005,23.35333251953125,23.000333150227863,22.734334309895832,127.53950953678473,28.264305177111716,19.016284514126713,21.642043022260275,24.583443921232877,27.8708957619863,46210.0078125,56961.77734375,70126.21875,86165.0,146.62259451634878,180.73812159400546,222.50911103542234,273.40063010899183,13.170832633972168,12.398332595825195,13.69333267211914,11.091666221618652
CM201800000393,CMGE71FL,CM,2018.0,393.0,CM2018DHS,2441.989501953125,2773.8837890625,3144.824951171875,97.80833435058594,107.41667175292969,122.47500610351562,130.51666259765625,24.709474563598633,26.742738723754883,30.491701126098633,32.765689849853516,0.0,0.0,0.0,30.747172037760418,29.985741509331596,29.807963053385418,29.606109619140625,12.666666984558105,12.666666984558105,11.983333587646484,12.65000057220459,2.0,3161.0,3181.3333333333335,3298.4444444444443,3356.4444444444443,3382.1111111111113,3415.8888888888887,3408.4444444444443,0.0,0.0,0.0,0.0,21.23592493297587,878.1077008928571,5.0,0.0,0.0,0.09117399170862135,0.45915873126045914,24.448988172743057,24.861758761935764,24.49744160970052,24.510277642144096,0.517558979924179,3.12872363543063,-1.0,0.9034820638457188,0.5989207249863857,0.3938630950355018,0.48811170033046175,0.47104276929582867,0.41309826714651926,0.374554055077689,0.4586703436715262,0.45486644336155485,0.36558825629098074,0.33579836572919575,30.641666412353516,31.366666793823242,31.08333396911621,31.125,24.28333282470703,25.008333206176758,25.066667556762695,24.774999618530273,17.975000381469727,18.700000762939453,19.100000381469727,18.475000381469727,0.17771097270626263,18.150807698567707,19.737777709960938,19.18691847059462,19.414445665147568,3.9583334922790527,4.016666889190674,4.016666889190674,3.9833333492279053,11118.526527331189,2508.6936119873817,249395.08681672026,1310.3,1293.9,1567.3,1377.2,1380.7,1570.0,1491.8,1.0892591706549515,0.0,0.0,0.0,26.657999674479168,22.82733408610026,23.46666717529297,25.856000264485676,23.56566619873047,23.02533467610677,23.872665405273438,27.16900126139323,25.248667399088543,23.638999938964844,23.754666646321613,23.03533426920573,379.89544235924933,158.43699731903484,1.0473392620240902,1.1919550728605122,1.3539553742524426,1.535014766888477,2801.807861328125,3414.37158203125,4135.982421875,4979.4296875,8.798808489024799,10.722522070836126,12.988694914544237,15.637487171162869,8.374166488647461,10.050832748413086,10.879166603088379,10.099165916442871
CM201800000394,CMGE71FL,CM,2018.0,394.0,CM2018DHS,92154.703125,104679.578125,118678.0,225.9166717529297,176.19166564941406,294.9916687011719,166.97500610351562,80.44510650634766,61.46220779418945,102.9040756225586,58.0782585144043,0.8774720972234552,0.920373569835316,0.8906256068836559,-9999,-9999,-9999,-9999,8.691666603088379,8.016666412353516,7.708333492279053,8.216667175292969,2.0,-9999,-9999,-9999,-9999,-9999,-9999,-9999,0.0,0.0,0.0,0.0,87.53846153846153,2697.871826171875,-807,0.0,0.0,0.07417191367086856,0.2821556277257178,-9999,-9999,-9999,-9999,0.0,0.0,-1.0,0.0,0.0,0.0,0.38997113704681396,0.4156497120857239,0.17567232251167297,0.1361272782087326,0.43947961926460266,0.49119022488594055,0.13322283327579498,0.10201852023601532,31.108333587646484,31.008333206176758,31.033334732055664,31.20833396911621,26.725000381469727,26.975000381469727,27.166667938232422,27.08333396911621,22.416667938232422,22.991666793823242,23.325000762939453,22.991666793823242,24.78080692997685,-9999,-9999,-9999,-9999,2.808333396911621,2.866666793823242,2.866666793823242,2.875,1577.3274739583333,3569.3932291666665,1177.6082356770833,3411,3590,3981,3499,3270,3914,2587,0.0,3.0,3.0,3.0,27.347000122070312,24.865999221801758,26.996999740600586,27.70599937438965,27.152000427246094,24.9950008392334,26.191999435424805,27.571001052856445,26.895000457763672,26.59600067138672,25.867000579833984,25.38800048828125,2.8461538461538463,0.0,881.5507202148438,1003.2745971679688,1139.631103515625,1292.0296630859375,14865.2861328125,18407.7578125,22624.091796875,27599.21875,1349.4869290865386,1671.0766225961538,2053.840144230769,2505.4876802884614,17.16499900817871,15.934999465942383,16.543333053588867,15.129166603088379
CM201800000395,CMGE71FL,CM,2018.0,395.0,CM2018DHS,12684.048828125,14557.9208984375,16667.28125,144.60833740234375,119.8166732788086,133.00833129882812,101.70000457763672,57.84333419799805,46.83387756347656,51.99022674560547,39.367740631103516,0.006733341547969012,0.014316706251270763,0.013637517152900576,24.62191162109375,24.808155822753907,24.4221923828125,24.403868103027342,8.558333396911621,8.558333396911621,8.558333396911621,8.558333396911621,-9999,3701.8,3748.0,3819.7,3812.6,4124.6,4138.1,4127.1,0.0,0.0,0.0,0.0,35.09041095890411,5769.095982142857,5.0,0.0,0.11582219162427923,0.3219138912818805,0.4085834256745267,21.40904541015625,21.871412658691405,22.007914733886718,21.71226806640625,0.10328132942931292,60.47565817636986,-1.0,1.5930222602739725,0.3253748854545698,0.9689882879387842,0.4007187230246408,0.3690223012651716,0.2912754331316267,0.277592590876988,0.43372770718165804,0.39018259729657856,0.29068013599940706,0.27546160561697824,28.783334732055664,29.0,29.183334350585938,29.108333587646484,24.475000381469727,24.691667556762695,24.875,24.80000114440918,20.225000381469727,20.441667556762695,20.625,20.55000114440918,0.568883280851403,18.196182250976562,18.934664916992187,19.59363555908203,19.020668029785156,2.5,2.558333396911621,2.558333396911621,2.5833334922790527,3517.7875399361023,40948.63607594937,165541.28253968255,1885.2222222222222,1547.0,1672.888888888889,1525.7777777777778,1555.6666666666667,1624.6666666666667,1294.111111111111,0.33626025474234805,0.0,0.0,0.0,24.631998697916668,22.860000610351562,24.23633321126302,24.71233367919922,24.307332356770832,22.827000935872395,23.755666097005207,24.74933369954427,24.428665161132812,23.902333577473957,23.626332600911457,23.40466562906901,273.63287671232877,141.18904109589042,5.307704051549865,6.150513024342992,7.0739469708136795,8.114253864134097,3971.2626953125,4467.4462890625,4981.85009765625,5521.189453125,12.667322613441781,14.250612692636986,15.89220622859589,17.613492615582192,13.419166564941406,11.94416618347168,12.813332557678223,10.609999656677246
CM201800000396,CMGE71FL,CM,2018.0,396.0,CM2018DHS,24909.939453125,28295.482421875,32079.3359375,147.35833740234375,139.73333740234375,136.4499969482422,114.73333740234375,49.8112678527832,46.19283676147461,44.373985290527344,38.24444580078125,0.00011726895060676795,0.00034704295775065053,0.001293038424008932,25.952838134765624,25.077708435058593,25.428750610351564,26.0657470703125,9.166666984558105,9.166666984558105,8.483333587646484,9.149999618530273,-9999,3206.7,3114.8,3216.1,3369.6,3655.4,3736.3,3689.3,0.0,0.0,0.0,0.0,31.599455040871934,2471.2472098214284,4.0,0.0,0.0,0.07175053746389064,0.3695027348109887,22.52196350097656,22.308189392089844,22.66045684814453,23.081851196289062,0.4390983477600264,38.490697377384194,-0.7956403269754768,4.078491543554155,2.365962971783464,0.8131288117868699,0.42271276882716585,0.3681443078177316,0.34100818634033203,0.2941786902291434,0.46908882686070036,0.3833694117409842,0.3492164271218436,0.2928546496800014,29.766666412353516,30.066667556762695,29.84166717529297,30.066667556762695,25.149999618530273,25.450000762939453,25.59166717529297,25.45833396911621,20.600000381469727,20.900001525878906,21.358333587646484,20.916667938232422,0.004998092328087758,19.091090393066406,19.538665771484375,19.89216003417969,20.09795379638672,2.9583334922790527,3.0250000953674316,3.075000047683716,3.0,172292.7088607595,70960.55873015874,18029.173076923078,1654.1,1682.1,1443.0,1505.5,1507.2,1663.1,1275.8,1.3360642269456744,0.0,0.0,0.0,26.055500030517578,23.653749465942383,25.65250015258789,26.80875015258789,25.73550033569336,23.840499877929688,24.75874900817871,26.61224937438965,25.434249877929688,25.066999435424805,24.690998077392578,24.603750228881836,118.97002724795641,83.68937329700273,10.371027226668938,11.803051026055858,13.407218579700272,15.200116814969347,18113.474609375,18704.7890625,19172.4453125,19507.0390625,59.4526992506812,61.416382833787466,62.97618464747956,64.10087065735695,13.792499542236328,13.516666412353516,13.476666450500488,12.154999732971191
CM201800000397,CMGE71FL,CM,2018.0,397.0,CM2018DHS,24673.544921875,28026.962890625,31774.90234375,135.53334045410156,134.80833435058594,140.27500915527344,127.95833587646484,41.91752624511719,41.05837631225586,42.40050506591797,39.17091751098633,0.06737499970656174,0.0760657603924091,0.0791630744934082,26.155454635620117,26.66666603088379,26.016666412353516,26.731666564941406,11.816666603088379,11.816666603088379,11.141666412353516,11.800000190734863,1.0,3050,3092,3105,3162,3461,3451,3402,0.0,0.0,0.0,0.0,29.615384615384617,2241.348388671875,6.0,0.0,0.0,0.07933621689943571,0.3566442390964519,21.950908660888672,22.280000686645508,22.168333053588867,22.62810516357422,1.3169008890787761,441.5904947916667,-1.0,0.49635098775227865,0.37013127009073893,1.4369707743326823,0.4278009533882141,0.43779435753822327,0.3801015317440033,0.2861328721046448,0.3990439176559448,0.4284036159515381,0.3400194048881531,0.24437275528907776,29.65833282470703,30.258333206176758,29.991666793823242,30.024999618530273,23.71666717529297,24.316667556762695,24.400001525878906,24.09166717529297,17.84166717529297,18.441667556762695,18.850000381469727,18.225000381469727,0.2789098103841146,17.746362686157227,17.893333435058594,18.31999969482422,18.524545669555664,3.2333333492279053,3.2833333015441895,3.308333396911621,3.2666666507720947,107806.43269230769,31431.764423076922,1623.3466045673076,1769.0,1932.0,1699.0,1680.0,1731.0,1801.0,1771.0,0.08781970342000325,2.0,2.0,2.0,24.66900062561035,22.392000198364258,23.19700050354004,24.28299903869629,23.406999588012695,21.503000259399414,22.948999404907227,24.138999938964844,23.715999603271484,23.482999801635742,23.100000381469727,22.589000701904297,191.13333333333333,48.53333333333333,280.00343540736606,318.6660853794643,361.97645786830356,410.38218470982144,100.45828247070312,120.14703369140625,142.62020874023438,168.0380401611328,8.405139668782551,10.052456665039063,11.932743326822917,14.0593994140625,11.914999961853027,12.484166145324707,13.404166221618652,11.769999504089355
CM201800000398,CMGE71FL,CM,2018.0,398.0,CM2018DHS,36889.484375,41903.18359375,47506.7421875,86.16667175292969,74.78333282470703,81.88333129882812,70.59166717529297,18.36589813232422,16.71135902404785,17.483985900878906,15.235610961914062,0.43043458461761475,0.4884454409281413,0.5232290426890055,34.457271575927734,33.48833465576172,33.244998931884766,34.58000183105469,13.77500057220459,13.375,12.733333587646484,13.041666984558105,2.0,2331,2261,2405,2495,2494,2505,2509,0.0,0.0,0.0,0.0,68.71428571428571,1835.7801513671875,-807.0,1.9668300151824951,0.0,0.04361190713508362,0.04647392863816957,27.833637237548828,27.462499618530273,27.461666107177734,28.295833587646484,1.2367899758475167,458.99630301339283,-1.0,16.22985621861049,2.3665052141462053,5.370945521763393,0.391589492559433,0.35758423805236816,0.2033555805683136,0.28046923875808716,0.3176005482673645,0.2836684584617615,0.12921074032783508,0.2118137627840042,34.93333435058594,35.65833282470703,35.54166793823242,35.19166564941406,28.03333282470703,28.941667556762695,29.141666412353516,28.641666412353516,21.15833282470703,22.28333282470703,22.808334350585938,22.149999618530273,3.172246472588901,21.209999084472656,21.43666648864746,21.678333282470703,22.011667251586914,4.691666603088379,4.474999904632568,4.683333396911621,4.633333206176758,32894.604166666664,60755.75,88136.30681818182,946,1057,1089,996,974,1017,914,0.8153423581804548,3.0,3.0,3.0,32.374000549316406,26.190000534057617,25.722999572753906,28.023000717163086,25.30699920654297,26.69700050354004,28.329999923706055,31.496999740600586,30.698999404907227,27.44099998474121,27.8799991607666,26.571001052856445,5.428571428571429,0.0,344.446875,392.0078125,445.2861653645833,504.8326171875,644.519287109375,787.7220458984375,955.5477294921875,1150.5015869140625,54.21065412248884,66.25546700613839,80.37132045200893,96.76893833705357,6.864999771118164,6.494999885559082,7.234999656677246,6.4708333015441895
CM201800000399,CMGE71FL,CM,2018.0,399.0,CM2018DHS,351.11065673828125,398.8305969238281,452.1647033691406,133.14166259765625,115.69166564941406,113.7249984741211,105.54166412353516,46.716373443603516,40.008644104003906,38.7698860168457,36.289398193359375,0.04284329597766583,0.052319425802964434,0.06164143635676457,26.70599937438965,24.854999542236328,25.106666564941406,26.419090270996094,10.441666603088379,10.441666603088379,9.766666412353516,10.425000190734863,1.0,4210.0,4140.0,4233.0,4410.0,4723.0,4655.0,4683.0,0.0,0.0,0.0,0.0,29.571428571428573,2108.624267578125,6,0.0,0.0,0.08099654826718347,0.45323054926339534,22.324363708496094,21.815834045410156,22.08416748046875,22.705379486083984,0.2023730448314122,10.076662336077009,-1.0,1.8795535223824638,0.3129039832523891,0.20297351905277797,0.5602594614028931,0.5300261974334717,0.3284149467945099,0.3102358877658844,0.6188492178916931,0.5688132047653198,0.2878362834453583,0.27975890040397644,29.283334732055664,29.641666412353516,29.424999237060547,29.616666793823242,24.03333282470703,24.391666412353516,24.516666412353516,24.375,18.84166717529297,19.200000762939453,19.65833282470703,19.191667556762695,0.04487366922970476,17.94272804260254,18.77666664123535,19.06166648864746,18.991666793823242,2.8500001430511475,2.8916666507720947,2.933333396911621,2.9083333015441895,149435.65384615384,91387.77840909091,232779.73076923078,1570.0,1528.0,1377.0,1560.0,1341.0,1446.0,1204.0,0.1280942984989711,0.0,0.0,0.0,24.68600082397461,22.58099937438965,23.273000717163086,24.183000564575195,23.141000747680664,22.658000946044922,23.538999557495117,24.80900001525879,24.107999801635742,23.795000076293945,23.358999252319336,23.482999801635742,66.07142857142857,32.0,4.115726216634115,4.684022521972656,5.320634969075521,6.032143147786458,63.454734802246094,67.27235412597656,70.78661346435547,73.93009948730469,5.281390053885324,5.599134172712054,5.891628810337612,6.153262547084263,12.326666831970215,11.829999923706055,11.696666717529297,10.822500228881836
CM201800000400,CMGE71FL,CM,2018.0,400.0,CM2018DHS,102371.8515625,116285.34375,131835.75,225.9166717529297,176.19166564941406,294.9916687011719,166.97500610351562,80.44510650634766,61.46220779418945,102.9040756225586,58.0782585144043,0.746798588679387,0.8071066049429086,0.8193280146672175,28.200000762939453,25.101110458374023,27.70599937438965,30.123332977294922,8.691666603088379,8.016666412353516,7.708333492279053,8.216667175292969,2.0,2796,2799,2789,2868,2983,2966,2957,0.0,0.0,0.0,0.0,87.21428571428571,2697.871826171875,-807,0.0,0.0,0.05895296304481696,0.21522743710718628,24.01863670349121,22.142555236816406,24.386999130249023,25.393810272216797,0.0,0.0,-1.0,0.0,0.0,0.0,0.36787039041519165,0.39119258522987366,0.1364738643169403,0.11344294250011444,0.4039333164691925,0.4526315927505493,0.09236620366573334,0.08096067607402802,31.108333587646484,31.008333206176758,31.033334732055664,31.20833396911621,26.725000381469727,26.975000381469727,27.166667938232422,27.08333396911621,22.416667938232422,22.991666793823242,23.325000762939453,22.991666793823242,8.714154052734376,19.83727264404297,19.18400001525879,21.06800079345703,20.66428565979004,2.808333396911621,2.866666793823242,2.866666793823242,2.875,4346.768329326923,10582.090198863636,4775.284040178572,2955.0,2745.0,3350.0,2990.0,2966.0,3420.0,2282.0,0.0,3.0,3.0,3.0,27.583999633789062,25.110000610351562,27.170000076293945,27.94499969482422,27.30500030517578,25.15999984741211,26.423999786376953,27.814998626708984,27.131000518798828,26.746999740600586,26.05500030517578,25.566999435424805,11.285714285714286,0.0,1059.9970703125,1206.3607700892858,1370.3189174107142,1553.566685267857,16217.25390625,20081.91015625,24681.7109375,30109.31640625,1349.487025669643,1671.076450892857,2053.83984375,2505.4874441964284,17.16499900817871,15.934999465942383,16.543333053588867,15.129166603088379
CM201800000401,CMGE71FL,CM,2018.0,401.0,CM2018DHS,25305.541015625,28744.8515625,32588.794921875,179.80833435058594,151.76666259765625,153.64999389648438,127.5,62.906707763671875,51.88603973388672,51.50279235839844,42.5,0.39223599433898926,0.500573992729187,0.6099576155344645,26.809999465942383,25.329999923706055,25.921667098999023,25.975000381469727,10.291666984558105,9.616666793823242,9.225000381469727,9.824999809265137,2.0,3660.0,3623.0,3685.0,3657.0,4091.0,3911.0,4039.0,0.0,0.0,0.0,0.0,41.214285714285715,1964.494384765625,-807,0.0,0.0,0.0723521885893538,0.18190434482887957,20.627777099609375,19.774999618530273,20.489166259765625,20.670833587646484,0.5121151038578579,392.5878208705357,-1.0,21.002062116350448,28.37774658203125,0.467343807220459,0.25304359197616577,0.5385420918464661,0.16114301979541779,0.061023563146591187,0.19437548518180847,0.5529831051826477,0.10001755505800247,0.03336325287818909,25.65833282470703,25.75,25.67500114440918,25.741666793823242,20.491666793823242,20.916667938232422,21.041667938232422,20.799999237060547,15.366666793823242,16.133333206176758,16.450000762939453,15.916666984558105,1.9602167765299479,14.445555686950684,14.220000267028809,15.056666374206543,15.366666793823242,2.8583333492279053,2.924999952316284,2.9833333492279053,3.0,80202.47115384616,32386.667410714286,196948.07692307694,2022,2029,2090,2115,2207,2177,2016,2.5540948595319475,3.0,3.0,3.0,24.143999099731445,21.200000762939453,22.45400047302246,24.67799949645996,23.548999786376953,21.415000915527344,22.500999450683594,24.785999298095703,23.55299949645996,23.177000045776367,22.239999771118164,21.79599952697754,5.285714285714286,0.0,241.81365094866072,275.20314243861606,312.6063755580357,354.41005161830356,2863.95947265625,3241.12060546875,3640.54345703125,4058.750244140625,239.00383649553572,270.4788120814732,303.8115234375,338.71177455357144,15.453332901000977,14.899999618530273,14.839166641235352,13.811666488647461
CM201800000402,CMGE71FL,CM,2018.0,402.0,CM2018DHS,627.3890380859375,712.6583862304688,807.9595336914062,205.3249969482422,163.78334045410156,243.8416748046875,152.0500030517578,72.89644622802734,56.968116760253906,85.06105041503906,52.88695526123047,0.000194746236770581,0.0002728627326014714,0.0004740283848383488,25.899777221679688,24.987472534179688,25.65933837890625,25.371482849121094,9.074999809265137,8.399999618530273,8.02500057220459,8.600000381469727,-9999,3729.9,3719.8,3824.5,3654.4,3759.4,3841.8,3760.0,0.0,0.0,0.0,0.0,28.276712328767122,2889.889229910714,-801.0,0.0,0.0,0.07965969606249938,0.41691631521826633,22.116261291503907,22.252581787109374,22.873785400390624,22.730259704589844,0.2835616023162675,7.694472015881147,-0.9234972677595629,2.2667719940018785,0.09257221743057334,0.5520528574458888,0.4613896052042643,0.44692363739013674,0.3080205281575521,0.255377197265625,0.5908697764078776,0.5672903060913086,0.33140077590942385,0.26193548838297526,30.325000762939453,30.29166603088379,30.21666717529297,30.42500114440918,25.758333206176758,26.058334350585938,26.183334350585938,26.09166717529297,21.25,21.891666412353516,22.191667556762695,21.825000762939453,0.012208118762000132,18.332745361328126,19.51769104003906,20.088238525390626,20.089036560058595,2.816666603088379,2.875,2.866666793823242,2.875,76131.30379746835,5975.47516025641,55032.284810126584,2839.7,2607.6,2775.8,2268.1,2334.4,2709.9,1843.3,0.1402953934799778,0.0,0.0,0.0,26.578248977661133,23.727001190185547,26.67224884033203,27.068498611450195,26.50874900817871,23.970998764038086,25.298751831054688,26.865751266479492,26.318500518798828,25.839500427246094,25.290752410888672,24.82575035095215,255.17486338797815,239.172131147541,0.21643266521516394,0.24631754557291666,0.27979489102389643,0.3172108592882834,5398.3486328125,5538.1982421875,5640.1259765625,5702.048828125,17.684023330771858,18.1432771943306,18.478267482069672,18.68214224726776,16.796667098999023,15.28416633605957,15.885832786560059,14.37833309173584
CM201800000403,CMGE71FL,CM,2018.0,403.0,CM2018DHS,1592.0706787109375,1808.451171875,2050.28857421875,131.31666564941406,116.58333587646484,116.29167175292969,103.875,47.60725021362305,41.51335525512695,41.286983489990234,36.98813247680664,0.00012983587650826182,0.00016028030564228948,0.00020308321276411842,24.433555603027344,24.155218505859374,24.261251831054686,25.29071044921875,10.199999809265137,10.199999809265137,9.52500057220459,10.183333396911621,1.0,4135.1,4183.6,4219.3,4282.4,4488.7,4535.9,4507.2,0.0,0.0,0.0,0.0,17.021505376344088,1976.4224330357142,-801.0,0.0,0.0,0.08921952281380603,0.5321732904385246,21.34037628173828,21.767442321777345,21.84929504394531,22.294271850585936,0.1297327677408854,7.15491444577453,-1.0,0.9658336844495548,0.20396470510831444,0.15654761816865653,0.6443820680890765,0.5932017053876605,0.383108275277274,0.38664231981549946,0.7937770571027484,0.6897563253130231,0.3596255438668387,0.3863992009844099,29.066667556762695,29.40833282470703,29.200000762939453,29.391666412353516,23.950000762939453,24.291667938232422,24.416667938232422,24.283334732055664,18.866666793823242,19.20833396911621,19.67500114440918,19.20833396911621,0.0,18.247198486328124,19.379666137695313,19.43733367919922,19.297833251953126,2.758333444595337,2.808333396911621,2.816666603088379,2.808333396911621,140274.98734177215,18575.272435897437,233726.55483870968,1906.6666666666667,1796.7777777777778,1526.4444444444443,1796.6666666666667,1468.4444444444443,1629.888888888889,1259.5555555555557,0.13883216406709403,0.0,0.0,0.0,24.440750122070312,22.721750259399414,23.0627498626709,24.261249542236328,22.961750030517578,22.63574981689453,23.394001007080078,24.632251739501953,23.97425079345703,23.422250747680664,23.280750274658203,23.16950035095215,297.3817204301075,222.3763440860215,0.6292900704048775,0.7161819870407516,0.813519287109375,0.9223081846494933,1687.45703125,1788.97900390625,1882.43408203125,1966.029052734375,5.281390446488575,5.599133563298051,5.89162847047211,6.153262558803763,12.117499351501465,11.65583324432373,11.65250015258789,10.554999351501465
CM201800000404,CMGE71FL,CM,2018.0,404.0,CM2018DHS,2270.19482421875,2578.739990234375,2923.58544921875,166.60833740234375,149.3416748046875,166.20834350585938,142.31666564941406,53.744625091552734,46.913612365722656,51.27249526977539,43.902313232421875,0.011494586100945106,0.02947266285236065,0.06710412869086632,26.811819076538086,25.40166664123535,26.203332901000977,26.261667251586914,10.774999618530273,10.100000381469727,9.699999809265137,10.308333396911621,2.0,3668.0,3778.0,4054.0,3801.0,3992.0,4076.0,4127.0,0.0,0.0,0.0,0.0,31.714285714285715,1764.6246337890625,4,0.0,0.0,0.10320673365868757,0.3131709075432197,20.57090950012207,19.920833587646484,20.200000762939453,20.385833740234375,0.6876152583530971,101.03997802734375,-1.0,4.3558469499860495,11.590425763811384,0.7223235539027623,0.39991119503974915,0.6539574265480042,0.3131292760372162,0.13502182066440582,0.366930216550827,0.7706902623176575,0.25517651438713074,0.08872736990451813,27.766666412353516,27.96666717529297,27.891666412353516,27.883333206176758,22.34166717529297,22.875,23.016666412353516,22.71666717529297,16.991666793823242,17.866666793823242,18.191667556762695,17.575000762939453,0.0849676670566682,14.329999923706055,14.4399995803833,14.196666717529297,14.510000228881836,3.1000001430511475,3.183333396911621,3.241666793823242,3.241666793823242,79674.71634615384,28420.960227272728,209300.23214285713,2113.0,2003.0,2109.0,2165.0,2109.0,2154.0,1951.0,1.9018818991524833,0.0,1.0,1.0,24.111000061035156,21.15399932861328,21.979999542236328,24.631999969482422,23.41699981689453,21.36199951171875,22.424999237060547,24.777000427246094,23.448999404907227,23.01799964904785,22.2450008392334,21.79199981689453,26.571428571428573,3.857142857142857,22.294189453125,25.372554234095983,28.820975167410715,32.675096784319194,2863.556640625,3240.6650390625,3640.03173828125,4058.179443359375,239.00383649553572,270.47877720424106,303.8115234375,338.71177455357144,13.792499542236328,13.801666259765625,16.316665649414062,13.450833320617676
CM201800000405,CMGE71FL,CM,2018.0,405.0,CM2018DHS,2602.984375,2956.760009765625,3352.15625,107.56666564941406,119.16667175292969,128.60000610351562,129.08334350585938,31.103614807128906,33.96674728393555,36.83054733276367,37.05741882324219,0.0001570023835087434,0.0005782536493662077,0.0007840174321944897,29.547373453776043,29.281297471788193,28.98147922092014,29.41777886284722,13.266666412353516,12.741666793823242,12.258333206176758,12.533333778381348,1.0,2905.6666666666665,2938.3333333333335,3091.6666666666665,3237.222222222222,3397.0,3506.8888888888887,3411.3333333333335,0.0,0.0,0.0,0.0,28.14673913043478,1940.1275111607142,5.0,0.0,0.0,0.07485655752558028,0.3919738680305873,21.493737114800346,21.547129313151043,21.48453606499566,21.830556233723957,3.715182760487432,85.29829207710598,-1.0,0.08117458094721255,0.1505540142888608,0.2797405616096828,0.4313509166240692,0.42844057083129883,0.32009556889533997,0.28553342819213867,0.40982744097709656,0.4150580167770386,0.26970186829566956,0.24068765342235565,27.950000762939453,28.399999618530273,28.241666793823242,28.058334350585938,21.30000114440918,22.008333206176758,22.08333396911621,21.766666412353516,14.683333396911621,15.658333778381348,15.983333587646484,15.52500057220459,0.0005381191382973881,13.440100775824654,13.812963697645399,13.98759290907118,14.243333604600695,3.4583334922790527,3.508333444595337,3.491666793823242,3.4833333492279053,102143.26114649682,48910.97427652733,155552.13924050634,1610.2222222222222,1476.3333333333333,1766.0,1603.888888888889,1535.7777777777778,1752.2222222222222,1628.4444444444443,0.8290130781090778,0.0,0.0,0.0,22.88425064086914,19.775501251220703,19.717750549316406,21.911998748779297,19.983501434326172,19.769250869750977,20.491249084472656,23.11600112915039,21.536998748779297,19.875,20.36600112915039,19.787750244140625,131.78804347826087,90.10054347826087,1.1397849075276474,1.2971655306164125,1.4734652521782843,1.6705063725284852,5072.94140625,5926.583984375,6872.1396484375,7909.24609375,16.1537037725034,18.8719482421875,21.88287353515625,25.185316002887227,9.966666221618652,11.633333206176758,12.635000228881836,11.65999984741211
CM201800000406,CMGE71FL,CM,2018.0,406.0,CM2018DHS,49147.3359375,55827.0234375,63292.5625,62.349998474121094,68.83333587646484,75.44166564941406,72.0,11.838607788085938,13.34410285949707,14.211931228637695,13.736089706420898,4.754517786799909e-06,8.53771671129111e-06,0.00012998927991611126,37.90894063313802,35.18722025553385,37.02583312988281,36.725415547688804,14.633333206176758,14.300000190734863,13.741666793823242,13.850000381469727,2.0,2280.3333333333335,2293.0833333333335,2425.75,2552.0833333333335,2617.0833333333335,2505.4166666666665,2521.0833333333335,0.0,0.0,0.0,0.0,36.62334217506631,1620.67626953125,5.0,4.737496693929036,0.0,0.04759952308165833,0.1990429010004413,29.31628672281901,28.215067545572918,29.172083536783855,28.993263244628906,6.231861979166666,294.31225,-1.0,0.464987548828125,29.417046875,6.2446171875,0.19457232157389323,0.22975193659464518,0.2941315015157064,0.25431982676188153,0.12940869331359864,0.15988718668619792,0.21734501520792643,0.1896853764851888,34.72500228881836,35.45000076293945,35.366668701171875,34.93333435058594,27.375,28.275001525878906,28.45833396911621,27.991666793823242,20.09166717529297,21.149999618530273,21.625,21.08333396911621,0.0,20.723636627197266,21.24291737874349,21.318333943684895,21.26111094156901,5.266666889190674,5.1583333015441895,5.308333396911621,5.241666793823242,13762.382165605095,48084.270700636946,131640.47949526814,686.0833333333334,581.25,751.75,750.1666666666666,735.6666666666666,792.3333333333334,886.75,0.15783084106445314,0.0,0.0,0.0,32.054334004720054,25.784332275390625,25.993667602539062,27.6096674601237,25.44366709391276,26.360333760579426,28.128334045410156,30.962666829427082,30.1750005086263,27.869667053222656,28.014999389648438,26.279332478841145,77.67733333333334,40.592,22.038433217747325,25.08148291276738,28.490341431316846,32.30024857954545,28628.56640625,31331.837890625,34034.1484375,36694.328125,90.19777083333334,98.71475,107.22871875,115.60991666666666,5.748332977294922,6.329999923706055,6.40749979019165,6.048333168029785
CM201800000407,CMGE71FL,CM,2018.0,407.0,CM2018DHS,132163.71875,150126.28125,170202.09375,217.1333465576172,186.6666717529297,193.55833435058594,161.98333740234375,81.42500305175781,68.50152587890625,70.81402587890625,59.2621955871582,0.4462150427011343,0.4944133758544922,0.48066850808950573,26.77199935913086,26.389999389648438,27.459999084472656,27.224000930786133,9.158333778381348,8.483333587646484,8.141666412353516,8.683333396911621,2,3712,3770,3826,3648,3713,3798,3765,0.0,0.0,0.0,0.0,47.4375,2697.871826171875,-807.0,0.0,0.0,0.06992835319309866,0.29712592522771974,23.082000732421875,22.89454460144043,23.39055633544922,23.23699951171875,1.3974134922027588,290.74017333984375,-1.0,31.134235382080078,2.6142001152038574,1.7275766134262085,0.32443851232528687,0.39770960807800293,0.2154979109764099,0.12791354954242706,0.30669349431991577,0.4259127974510193,0.16969819366931915,0.08812224864959717,29.525001525878906,29.45833396911621,29.483333587646484,29.633333206176758,24.933334350585938,25.200000762939453,25.399999618530273,25.258333206176758,20.366666793823242,20.975000381469727,21.34166717529297,20.950000762939453,2.4229661372669957,19.392000198364258,19.399091720581055,19.32111167907715,19.25,2.6666667461395264,2.7249999046325684,2.7333333492279053,2.7333333492279053,56873.403846153844,5856.792410714285,54720.682692307695,2677,2687,2844,2503,2663,2730,2309,1.0026633739471436,3.0,3.0,3.0,26.64900016784668,24.503999710083008,26.065000534057617,26.71299934387207,26.099000930786133,24.623001098632812,25.608999252319336,26.888999938964844,26.152999877929688,25.862998962402344,25.452999114990234,24.927000045776367,44.125,0.0,968.6242838541667,1102.3712239583333,1252.1959635416667,1419.64765625,1523.6416015625,1706.6221923828125,1897.2978515625,2093.57568359375,111.02082824707031,124.35379791259766,138.24746704101562,152.54934692382812,16.059165954589844,15.865833282470703,15.929999351501465,14.71500015258789
CM201800000408,CMGE71FL,CM,2018.0,408.0,CM2018DHS,34718.53515625,39437.1796875,44710.96875,132.4250030517578,110.45833587646484,119.44166564941406,109.07500457763672,45.016998291015625,36.71745300292969,39.16120147705078,36.56145095825195,0.2555362961509011,0.37314618717540393,0.4589326598427512,28.738889694213867,27.271818161010742,28.539091110229492,29.004545211791992,10.925000190734863,10.925000190734863,10.241666793823242,10.908333778381348,1,4012.0,3991.0,4118.0,4063.0,4263.0,4456.0,4314.0,0.0,0.0,0.0,0.0,36.0,2108.624267578125,6,0.0,0.0,0.08968123799988352,0.4109075901741547,23.22989845275879,23.062576293945312,23.650379180908203,23.95393943786621,0.7562314987182617,296.2949544270833,-1.0,7.810149129231771,1.5655568440755208,0.710176658630371,0.4991128146648407,0.48213353753089905,0.32943597435951233,0.3030988872051239,0.5275346636772156,0.5023781061172485,0.28900179266929626,0.2744101285934448,29.64166831970215,30.116666793823242,29.875,30.0,24.15833282470703,24.633333206176758,24.733333587646484,24.525001525878906,18.71666717529297,19.191667556762695,19.633333206176758,19.09166717529297,2.1592167088242826,17.720909118652344,18.85333251953125,18.761667251586914,18.90333366394043,2.941666841506958,3.008333444595337,3.049999952316284,2.9833333492279053,116824.44230769231,61977.61538461538,205391.72727272726,1553.0,1505.0,1390.0,1602.0,1429.0,1512.0,1240.0,0.23603270848592123,3.0,3.0,3.0,24.881999969482422,22.768999099731445,23.369998931884766,24.38599967956543,23.43400001525879,22.73699951171875,23.558000564575195,25.03700065612793,24.259000778198242,23.928998947143555,23.58300018310547,23.506000518798828,5.933333333333334,1.1333333333333333,329.68380301339283,375.20633370535717,426.20113699776783,483.19545200892856,121.63643646240234,139.5902099609375,158.99716186523438,179.75387573242188,9.453297932942709,10.848622639973959,12.356884765625,13.970050048828124,12.125,11.640832901000977,11.769999504089355,10.929166793823242
CM201800000409,CMGE71FL,CM,2018.0,409.0,CM2018DHS,6597.73828125,7494.44677734375,8496.6513671875,104.48333740234375,118.81666564941406,131.1999969482422,133.69166564941406,28.822988510131836,32.18510055541992,35.86332702636719,36.46136474609375,0.0,0.0,0.0,29.049394395616318,27.839258829752605,27.596852620442707,27.354075113932293,12.391666412353516,12.391666412353516,11.708333015441895,12.375,1.0,3155.5555555555557,3155.1111111111113,3241.222222222222,3292.6666666666665,3320.222222222222,3499.3333333333335,3427.777777777778,0.0,0.0,0.0,0.0,23.13623978201635,1484.1032151442307,4.0,0.0,0.0,0.07618207325942158,0.44262641755073745,22.687303331163193,22.58916558159722,22.28842502170139,22.356760660807293,1.483853789701124,9.411537274352861,-1.0,0.08601353408855053,0.06702342020393393,0.32529883943396626,0.4451499879360199,0.4420457184314728,0.3625134229660034,0.3146149218082428,0.4228939414024353,0.43018949031829834,0.3178366422653198,0.27585506439208984,28.983333587646484,29.683334350585938,29.375,29.483333587646484,22.758333206176758,23.45833396911621,23.491666793823242,23.266666412353516,16.59166717529297,17.291667938232422,17.66666603088379,17.108333587646484,0.0,16.325212266710068,17.339074028862846,16.980000813802082,17.359444512261284,3.625,3.691666603088379,3.6583333015441895,3.6666667461395264,16240.209003215434,6879.888888888889,226394.4358974359,1494.4,1444.5,1655.4,1489.4,1444.1,1680.4,1585.6,3.1013416425408717,0.0,0.0,0.0,24.4375,21.289749145507812,22.111751556396484,24.261249542236328,22.17275047302246,21.453250885009766,22.193248748779297,25.220500946044922,23.236751556396484,22.116249084472656,22.09775161743164,21.448749542236328,313.23433242506815,190.4850136239782,2.892965014515027,3.292423435899078,3.739901183081455,4.240024253970287,3788.443359375,4048.5546875,4295.4990234375,4525.16552734375,12.085340120487057,12.91511356863079,13.702886846474795,14.435544214066757,9.60083293914795,11.800832748413086,12.420832633972168,11.432499885559082
CM201800000410,CMGE71FL,CM,2018.0,410.0,CM2018DHS,1834.4205322265625,2083.7392578125,2362.39013671875,63.400001525878906,63.208335876464844,73.65833282470703,67.81666564941406,11.686635971069336,11.926100730895996,13.494656562805176,12.617053985595703,0.008713683256736169,0.009631038858340336,0.014065181979766259,37.824546813964844,35.231666564941406,36.08000183105469,36.08399963378906,14.333333969116211,13.991666793823242,13.483333587646484,13.591667175292969,2,2087,2114,2318,2432,2563,2578,2595,0.0,0.0,0.0,0.0,48.125,1731.0255126953125,5.0,0.0,0.0,0.03584760118442685,0.18256167284547575,29.16090965270996,28.147499084472656,28.587499618530273,28.616167068481445,5.77672004699707,320.950439453125,-1.0,0.2504254877567291,12.124634742736816,30.13712501525879,0.23214107751846313,0.2684990167617798,0.4045570194721222,0.328936904668808,0.15932537615299225,0.19615699350833893,0.3371351361274719,0.2672502398490906,34.875,35.65833282470703,35.60000228881836,35.116668701171875,27.683334350585938,28.625,28.83333396911621,28.30000114440918,20.541667938232422,21.66666603088379,22.116666793823242,21.524999618530273,0.06545105775197348,20.497272491455078,21.06333351135254,21.094999313354492,21.148332595825195,5.425000190734863,5.300000190734863,5.458333492279053,5.375,15650.170673076924,32532.58894230769,98740.11538461539,760,653,877,802,777,825,847,0.08563072979450226,0.0,0.0,0.0,31.770999908447266,25.690000534057617,26.104000091552734,27.606000900268555,25.516000747680664,26.284000396728516,27.833999633789062,30.94499969482422,29.852998733520508,27.77400016784668,27.742000579833984,26.190000534057617,61.125,47.375,19.423593521118164,22.105588912963867,25.1099910736084,28.467857360839844,1222.5849609375,1338.0283203125,1453.4306640625,1567.03369140625,90.19776916503906,98.71475219726562,107.22871398925781,115.60992431640625,5.899166584014893,5.901666641235352,6.460000038146973,6.040833473205566
CM201800000411,CMGE71FL,CM,2018.0,411.0,CM2018DHS,2201.091796875,2500.2451171875,2834.59375,179.80833435058594,151.76666259765625,153.64999389648438,127.5,62.906707763671875,51.88603973388672,51.50279235839844,42.5,0.035201468638011386,0.05330517888069153,0.07066733922277178,27.8009090423584,26.498332977294922,27.229999542236328,27.5,10.291666984558105,9.616666793823242,9.225000381469727,9.824999809265137,2,3549,3632,3694,3630,3730,3562,3637,0.0,0.0,0.0,0.0,34.5,1964.494384765625,-997,0.0,0.0,0.10430363637984588,0.31372312734118685,21.441009521484375,21.222349166870117,21.42727279663086,21.733333587646484,2.569299970354353,3.216662815638951,-1.0,4.766151973179409,0.40741688864571707,0.9977818897792271,0.3453372120857239,0.6293200850486755,0.2592583894729614,0.11227580159902573,0.30205878615379333,0.7158450484275818,0.1968625783920288,0.0733678936958313,25.65833282470703,25.75,25.67500114440918,25.741666793823242,20.491666793823242,20.916667938232422,21.041667938232422,20.799999237060547,15.366666793823242,16.133333206176758,16.450000762939453,15.916666984558105,0.014447692036628722,15.081110954284668,15.94636344909668,15.624545097351074,15.966666221618652,2.8583333492279053,2.924999952316284,2.9833333492279053,3.0,90311.875,17784.80048076923,208387.20454545456,2014,2003,2028,2103,2033,2095,1998,1.6811339514596122,0.0,0.0,0.0,24.288999557495117,21.531999588012695,21.18899917602539,24.809999465942383,23.649999618530273,21.548999786376953,22.42099952697754,24.9689998626709,23.368999481201172,22.90799903869629,22.34000015258789,21.851999282836914,95.0,3.2142857142857144,20.64174325125558,23.491943359375,26.684764317103795,30.253219604492188,2049.403564453125,2290.232177734375,2540.23876953125,2796.55517578125,171.04762486049108,191.147705078125,212.0137939453125,233.406494140625,15.453332901000977,14.899999618530273,14.839166641235352,13.811666488647461
CM201800000412,CMGE71FL,CM,2018.0,412.0,CM2018DHS,207154.96875,235309.703125,266776.8125,148.20834350585938,128.8000030517578,154.90000915527344,114.30000305175781,53.569278717041016,45.1929817199707,54.5102653503418,40.57988357543945,0.8833585466657367,0.9029617309570312,0.9026353018624442,29.055999755859375,28.18000030517578,28.899091720581055,30.270000457763672,8.791666984558105,8.791666984558105,8.116666793823242,8.77500057220459,-9999,4430,4393,4137,4000,4005,4041,4045,0.0,0.0,0.0,0.0,70.71428571428571,2392.42236328125,-807,0.0,0.0,0.038227634112667226,0.1351125489487492,23.777545928955078,23.405834197998047,23.899545669555664,24.855833053588867,0.0,0.0,-1.0,0.0,0.0,0.0,0.42924124002456665,0.33444905281066895,0.1495288759469986,0.18842875957489014,0.4785045385360718,0.3364972472190857,0.10123201459646225,0.15413305163383484,28.491666793823242,28.774999618530273,28.575000762939453,28.808334350585938,24.075000762939453,24.358333587646484,24.5,24.399999618530273,19.700000762939453,19.983333587646484,20.45833396911621,20.03333282470703,17.35474790375808,18.49909019470215,18.63166618347168,18.899999618530273,19.441667556762695,2.7666666507720947,2.8500001430511475,2.8416666984558105,2.816666603088379,170614.28846153847,26143.833333333332,59782.916666666664,1895,1619,1484,1715,1609,1627,1280,0.7025012969970703,3.0,3.0,3.0,24.229000091552734,22.128999710083008,23.385000228881836,24.76799964904785,23.89299964904785,21.992000579833984,22.884000778198242,24.424999237060547,23.660999298095703,23.224000930786133,22.867000579833984,22.572999954223633,3.7142857142857144,0.0,1886.603236607143,2147.103934151786,2438.919921875,2765.067801339286,68720.6953125,88578.03125,113320.21875,143894.46875,5716.946986607143,7368.8984375,9427.22767857143,11970.732142857143,14.470000267028809,13.286666870117188,14.498332977294922,12.053333282470703
CM201800000413,CMGE71FL,CM,2018.0,413.0,CM2018DHS,196323.109375,223005.65625,252827.375,225.9166717529297,176.19166564941406,294.9916687011719,166.97500610351562,80.44510650634766,61.46220779418945,102.9040756225586,58.0782585144043,0.966856442964994,0.9820229456974909,0.9512734046349158,28.83888816833496,26.983999252319336,29.181110382080078,28.41857147216797,8.691666603088379,8.016666412353516,7.708333492279053,8.216667175292969,2,1460.0,1402.0,1379.0,1433.0,1464.0,1464.0,1466.0,0.0,0.0,0.0,0.0,98.0,2697.871826171875,-807,0.0,0.0,0.05304054416991964,0.1902248762160872,24.182626724243164,23.551000595092773,25.15855598449707,24.975536346435547,0.0,0.0,-1.0,0.0,0.0,0.0,0.3528392016887665,0.37430283427238464,0.13954108953475952,0.11302486062049866,0.3794374465942383,0.42185595631599426,0.09518828243017197,0.0799097865819931,31.108333587646484,31.008333206176758,31.033334732055664,31.20833396911621,26.725000381469727,26.975000381469727,27.166667938232422,27.08333396911621,22.416667938232422,22.991666793823242,23.325000762939453,22.991666793823242,16.446927430199796,19.526363372802734,20.118000030517578,21.13599967956543,21.532499313354492,2.808333396911621,2.866666793823242,2.866666793823242,2.875,2854.1640625,4686.375,2535.3885216346152,3221.0,3502.0,3751.0,3416.0,3241.0,3850.0,2643.0,0.0,3.0,3.0,3.0,27.347000122070312,24.865999221801758,26.996999740600586,27.70599937438965,27.152000427246094,24.9950008392334,26.191999435424805,27.571001052856445,26.895000457763672,26.59600067138672,25.867000579833984,25.38800048828125,2.642857142857143,0.0,1675.605189732143,1906.971400669643,2166.1506696428573,2455.8219866071427,16217.958984375,20082.78125,24682.78125,30110.62109375,1349.487025669643,1671.0765904017858,2053.8399832589284,2505.4874441964284,17.16499900817871,15.934999465942383,16.543333053588867,15.129166603088379
CM201800000414,CMGE71FL,CM,2018.0,414.0,CM2018DHS,212946.5625,241888.4375,274235.3125,148.20834350585938,128.8000030517578,154.90000915527344,114.30000305175781,53.569278717041016,45.1929817199707,54.5102653503418,40.57988357543945,0.883727660545936,0.9078580416165866,0.9074916839599609,29.578887939453125,28.06818199157715,28.599090576171875,29.35444450378418,8.791666984558105,8.791666984558105,8.116666793823242,8.77500057220459,-9999,3482,3498,3377,3912,4212,4193,4180,0.0,0.0,0.0,0.0,75.75,2392.42236328125,-807,0.0,0.0,0.038227634112667226,0.1351125489487492,24.24989891052246,23.45742416381836,23.636211395263672,24.39472198486328,0.0,0.0,-1.0,0.0,0.0,0.0,0.42924124002456665,0.33444905281066895,0.1495288759469986,0.18842875957489014,0.4785045385360718,0.3364972472190857,0.10123201459646225,0.15413305163383484,28.491666793823242,28.774999618530273,28.575000762939453,28.808334350585938,24.075000762939453,24.358333587646484,24.5,24.399999618530273,19.700000762939453,19.983333587646484,20.45833396911621,20.03333282470703,23.214081862877155,18.920909881591797,18.84666633605957,18.6733341217041,19.434999465942383,2.7666666507720947,2.8500001430511475,2.8416666984558105,2.816666603088379,171722.53125,27237.75223214286,58926.09659090909,1895,1619,1484,1715,1609,1627,1280,0.8768436908721924,3.0,3.0,3.0,24.229000091552734,22.128999710083008,23.385000228881836,24.76799964904785,23.89299964904785,21.992000579833984,22.884000778198242,24.424999237060547,23.660999298095703,23.224000930786133,22.867000579833984,22.572999954223633,3.0,0.0,1777.74921875,2023.2196614583333,2298.198177083333,2605.5276041666666,66985.109375,86297.8671875,110359.15625,140089.890625,4920.9228515625,6339.72412109375,8107.37451171875,10291.529296875,14.470000267028809,13.286666870117188,14.498332977294922,12.053333282470703
CM201800000416,CMGE71FL,CM,2018.0,416.0,CM2018DHS,406.60943603515625,461.8722839355469,523.63671875,145.14166259765625,128.14166259765625,147.22500610351562,108.97500610351562,56.91830062866211,49.285255432128906,56.08571243286133,41.514286041259766,0.01099659005800883,0.014447702715794245,0.014545006056626638,25.45888900756836,24.8439998626709,25.376667022705078,24.393999099731445,8.449999809265137,8.449999809265137,7.775000095367432,8.433333396911621,-9999,4216.0,4154.0,4148.0,4163.0,4443.0,4479.0,4464.0,0.0,0.0,0.0,0.0,32.0,5769.095703125,6.0,0.0,0.0,0.08369065171096524,0.46072816780017367,21.811717987060547,21.782833099365234,22.09000015258789,21.717832565307617,0.29820241246904644,56.42909458705357,-1.0,4.828574589320591,0.9714202880859375,1.016604014805385,0.4882224500179291,0.4704812169075012,0.26766476035118103,0.2522209882736206,0.5842928290367126,0.5559126138687134,0.24362443387508392,0.2392454445362091,28.100000381469727,28.350000381469727,28.166667938232422,28.42500114440918,23.850000381469727,24.100000381469727,24.258333206176758,24.183334350585938,19.649999618530273,19.899999618530273,20.391666412353516,19.991666793823242,0.2508086681365967,18.1645450592041,18.72166633605957,18.803333282470703,19.04166603088379,2.549999952316284,2.6000001430511475,2.625,2.625,71810.26442307692,44700.18465909091,131863.88461538462,2068,1840,1833,1708,1698,1695,1397,0.6676069668361119,0.0,0.0,0.0,24.694000244140625,22.7549991607666,24.341999053955078,24.764999389648438,24.41900062561035,22.773000717163086,23.819000244140625,24.822999954223633,24.607999801635742,23.951000213623047,23.535999298095703,23.243999481201172,7.785714285714286,4.714285714285714,2.212770462036133,2.518308367047991,2.8605749947684154,3.2431092943464006,259.4850769042969,286.5855712890625,314.1515808105469,341.8049011230469,21.565447126116073,23.817731584821427,26.10870361328125,28.406930106026785,14.182499885559082,13.089166641235352,14.747499465942383,11.53416633605957
CM201800000418,CMGE71FL,CM,2018.0,418.0,CM2018DHS,23196.958984375,26349.69140625,29873.337890625,132.4250030517578,110.45833587646484,119.44166564941406,109.07500457763672,45.016998291015625,36.71745300292969,39.16120147705078,36.56145095825195,0.13479343327608975,0.2586738413030451,0.3361855420199307,27.872222900390625,26.67909049987793,27.708181381225586,27.30272674560547,10.925000190734863,10.925000190734863,10.241666793823242,10.908333778381348,1,3761,3748,3789,3879,4119,4268,4180,0.0,0.0,0.0,0.0,29.6,2108.624267578125,6,0.0,0.0,0.08968123799988352,0.4109075901741547,23.033838272094727,22.7895450592041,23.329090118408203,23.12803077697754,0.6202950795491536,162.687109375,-1.0,7.418823750813802,1.0771275838216146,0.6149415334065755,0.4991128146648407,0.48213353753089905,0.32943597435951233,0.3030988872051239,0.5275346636772156,0.5023781061172485,0.28900179266929626,0.2744101285934448,29.64166831970215,30.116666793823242,29.875,30.0,24.15833282470703,24.633333206176758,24.733333587646484,24.525001525878906,18.71666717529297,19.191667556762695,19.633333206176758,19.09166717529297,1.6496774037679036,18.195453643798828,18.899999618530273,18.950000762939453,18.953332901000977,2.941666841506958,3.008333444595337,3.049999952316284,2.9833333492279053,116905.44642857143,63619.79807692308,206962.6923076923,1553.0,1505.0,1390.0,1602.0,1429.0,1512.0,1240.0,0.2831064860026042,0.0,3.0,3.0,24.881999969482422,22.768999099731445,23.369998931884766,24.38599967956543,23.43400001525879,22.73699951171875,23.558000564575195,25.03700065612793,24.259000778198242,23.928998947143555,23.58300018310547,23.506000518798828,11.2,1.8,181.09435221354167,206.09973958333333,234.11103515625,265.41783854166664,121.63934326171875,139.59356689453125,159.0009765625,179.7581787109375,9.453297932942709,10.848622639973959,12.356884765625,13.970050048828124,12.125,11.640832901000977,11.769999504089355,10.929166793823242
CM201800000419,CMGE71FL,CM,2018.0,419.0,CM2018DHS,1073.4736328125,1219.370849609375,1382.432861328125,127.7249984741211,131.30833435058594,134.76666259765625,124.93333435058594,38.80253219604492,39.69017791748047,40.32917785644531,38.1475830078125,6.205146797956564e-05,8.924883336592943e-05,9.170433697410119e-05,28.259241739908855,28.003331502278645,27.631251017252605,27.954444885253906,12.633333206176758,12.108333587646484,11.616666793823242,11.90000057220459,1.0,3234.6666666666665,3181.9166666666665,3361.0833333333335,3441.75,3648.9166666666665,3561.25,3662.4166666666665,0.0,0.0,0.0,0.0,19.254054054054055,2223.52587890625,4.0,0.0,0.0,0.08459455934088586,0.38569731654868633,22.93054962158203,22.798263549804688,22.68481699625651,23.02875518798828,1.0190719192092483,13.306411000844594,-1.0,0.06982250729122677,0.05485887269716005,0.16833813641522383,0.45683629172188894,0.47444708006722586,0.395503112248012,0.32883787155151367,0.45027964455740793,0.4941061905452183,0.36557320186070036,0.3002525738307408,29.46666717529297,29.858333587646484,29.700000762939453,29.491666793823242,23.116666793823242,23.766666412353516,23.875,23.524999618530273,16.83333396911621,17.75,18.08333396911621,17.59166717529297,0.0,17.60186004638672,17.593194325764973,17.738382975260418,18.103068033854168,3.2916667461395264,3.308333396911621,3.3416666984558105,3.2750000953674316,130314.25316455697,48862.85161290323,17024.031545741323,1649.0,1738.5,1685.8,1597.0,1644.7,1725.5,1675.8,1.6207795014252533,0.0,0.0,0.0,24.222000122070312,21.98199971516927,22.947667439778645,24.022666931152344,23.149998982747395,21.334665934244793,22.518999735514324,23.964998881022137,23.30199940999349,23.03400166829427,22.671000162760418,22.096333821614582,299.41621621621624,40.424324324324324,0.4694587229383089,0.5342813018881982,0.6068960080679496,0.6880540977706702,2644.738037109375,3163.078369140625,3754.72412109375,4423.89208984375,8.405139490076014,10.05245724239865,11.932742557010135,14.059401393581082,10.805000305175781,11.82249927520752,12.858333587646484,11.340832710266113
CM201800000420,CMGE71FL,CM,2018.0,420.0,CM2018DHS,195.94680786132812,222.57821655273438,252.34278869628906,214.2166748046875,183.73333740234375,187.99166870117188,158.0,77.4277114868164,65.03834533691406,65.19942474365234,55.764705657958984,0.03938708135059902,0.040409275463649204,0.050029247999191284,25.417272567749023,25.40636444091797,25.842727661132812,25.437273025512695,9.291666984558105,8.616666793823242,8.216667175292969,8.824999809265137,2,3902,3973,4180,4101,4689,4725,4651,0.0,0.0,0.0,0.0,37.6,2697.871826171875,3,0.0,0.0,0.09051900160877875,0.3980944582512602,21.950908660888672,21.752347946166992,21.78803062438965,21.670637130737305,0.48724390665690104,145.19970703125,-1.0,3.9392573038736978,1.3063765207926432,0.902789560953776,0.4025346636772156,0.47257599234580994,0.2375650554895401,0.16766759753227234,0.45994383096694946,0.5931550860404968,0.21102844178676605,0.13496002554893494,29.91666603088379,29.891666412353516,29.84166717529297,30.008333206176758,25.241666793823242,25.558334350585938,25.71666717529297,25.575000762939453,20.625,21.275001525878906,21.625,21.183334350585938,0.04717077016830444,18.48454475402832,18.09833335876465,17.733333587646484,17.90399932861328,2.7666666507720947,2.825000047683716,2.883333444595337,2.8333334922790527,70826.90340909091,25480.765625,71315.51923076923,2813,2698,2733,2669,3021,2876,2286,3.048608652750651,0.0,0.0,1.0,25.81599998474121,23.249000549316406,25.07900047302246,25.746999740600586,25.280000686645508,23.25200080871582,24.479000091552734,25.95800018310547,25.183000564575195,24.964000701904297,24.601999282836914,23.854000091552734,15.466666666666667,26.466666666666665,1.6106241861979167,1.8330179850260417,2.0821460723876952,2.36058349609375,1250.87060546875,1264.2684326171875,1268.2625732421875,1262.8017578125,97.24025065104166,98.28175455729166,98.5922607421875,98.16774088541666,16.11083221435547,15.800832748413086,15.84999942779541,14.629166603088379
CM201800000421,CMGE71FL,CM,2018.0,421.0,CM2018DHS,40945.61328125,46510.5859375,52730.2734375,86.16667175292969,74.78333282470703,81.88333129882812,70.59166717529297,18.36589813232422,16.71135902404785,17.483985900878906,15.235610961914062,0.5178552974354137,0.5523218675093218,0.5771072561090643,34.457271575927734,33.48833465576172,33.244998931884766,34.58000183105469,13.77500057220459,13.375,12.733333587646484,13.041666984558105,2,2331,2261,2405,2495,2494,2505,2509,0.0,0.0,0.0,0.0,68.25,1835.7801513671875,-807.0,1.9668300151824951,0.0,0.03498031737928811,0.011243357001847004,27.833637237548828,27.462499618530273,27.461666107177734,28.295833587646484,0.9083196520805359,258.216796875,-1.0,11.566137313842773,1.4502336978912354,3.313693046569824,0.3475590646266937,0.3102456033229828,0.16356340050697327,0.2408512681722641,0.27029862999916077,0.23433522880077362,0.09679292142391205,0.17260584235191345,34.93333435058594,35.65833282470703,35.54166793823242,35.19166564941406,28.03333282470703,28.941667556762695,29.141666412353516,28.641666412353516,21.15833282470703,22.28333282470703,22.808334350585938,22.149999618530273,7.212564928778287,21.209999084472656,21.43666648864746,21.678333282470703,22.011667251586914,4.691666603088379,4.474999904632568,4.683333396911621,4.633333206176758,33687.825892857145,62199.45192307692,86380.58928571429,946,1057,1089,996,974,1017,914,1.0458602905273438,3.0,3.0,3.0,32.374000549316406,26.190000534057617,25.722999572753906,28.023000717163086,25.30699920654297,26.69700050354004,28.329999923706055,31.496999740600586,30.698999404907227,27.44099998474121,27.8799991607666,26.571001052856445,3.6875,0.0,426.81829833984375,485.7530517578125,551.7724609375,625.5589599609375,736.593505859375,900.2537841796875,1092.0545654296875,1314.85888671875,54.210655212402344,66.2554702758789,80.37132263183594,96.76893615722656,6.864999771118164,6.494999885559082,7.234999656677246,6.4708333015441895
CM201800000422,CMGE71FL,CM,2018.0,422.0,CM2018DHS,39352.71875,44701.19921875,50678.92578125,184.0749969482422,157.89166259765625,159.22500610351562,133.5166778564453,66.13472747802734,55.40058517456055,54.90517044067383,47.402366638183594,0.18651155991987747,0.353609561920166,0.425007473338734,27.60636329650879,26.793333053588867,26.989999771118164,27.40999984741211,10.141666412353516,9.466667175292969,9.091667175292969,9.675000190734863,2,2831,2874,2977,2946,3231,3093,3149,0.0,0.0,0.0,0.0,41.9375,1964.494384765625,-807,0.0,0.0,0.04738466161696646,0.14304056682227456,21.99818229675293,21.512500762939453,21.865833282470703,22.127500534057617,5.570800304412842,15039.951171875,-1.0,24.927955627441406,37.506744384765625,0.8513792753219604,0.2145048975944519,0.3909108638763428,0.13689662516117096,0.0632963478565216,0.15382567048072815,0.34711140394210815,0.08056763559579849,0.03492193669080734,26.59166717529297,26.641666412353516,26.58333396911621,26.649999618530273,21.491666793823242,21.875,22.008333206176758,21.80000114440918,16.450000762939453,17.17500114440918,17.491666793823242,16.975000381469727,1.5971310264185856,16.389999389648438,16.231666564941406,16.741666793823242,16.844999313354492,2.7833333015441895,2.8500001430511475,2.9000000953674316,2.816666603088379,140068.73076923078,41049.295454545456,155696.90625,1802,1781,1679,1822,2014,1877,1727,1.9952484369277954,3.0,3.0,3.0,23.767000198364258,20.86600112915039,22.177000045776367,24.731000900268555,23.69300079345703,21.083999633789062,22.150999069213867,24.684999465942383,23.08099937438965,22.83300018310547,21.738000869750977,21.553998947143555,7.625,0.5625,296.3946010044643,337.320556640625,383.16629464285717,434.4056919642857,5607.84228515625,5922.318359375,6232.3056640625,6533.2822265625,409.1439208984375,432.08819580078125,454.70489501953125,476.66424560546875,15.770833015441895,15.239166259765625,15.21500015258789,14.119999885559082
CM201800000423,CMGE71FL,CM,2018.0,423.0,CM2018DHS,15280.1630859375,17763.7734375,20625.82421875,58.20000076293945,60.641666412353516,70.98333740234375,67.08333587646484,10.71165657043457,11.317262649536133,12.925644874572754,12.365591049194336,3.0624458351620027e-06,1.6139171618436065e-05,2.9515565747951533e-05,36.69290771484375,34.13783569335938,35.4231689453125,36.063165283203126,15.083333969116211,14.758333206176758,14.291666984558105,14.300000190734863,2.0,2246.2,2230.4,2323.5,2423.3,2446.1,2345.8,2360.7,0.0,0.0,0.0,0.0,34.42133333333334,1620.6763020833334,5.0,1.3162253697713215,0.0,0.06386521505424855,0.21074452767220375,28.2780029296875,27.338333129882812,28.4955810546875,28.503665161132812,12.254376253342246,148.1565528910428,-0.8796791443850267,7.030507133606283,17.47317325367647,7.661731413978944,0.2006011860711234,0.2188866479056222,0.20353613580976213,0.2076995543071202,0.1362465364592416,0.15190884045192174,0.13168302604130336,0.14692940030779159,35.42499923706055,36.208335876464844,36.20833206176758,35.650001525878906,27.866666793823242,28.80000114440918,29.024999618530273,28.483333587646484,20.34166717529297,21.450000762939453,21.91666603088379,21.350000381469727,0.0,19.86309051513672,20.538833618164062,21.567999267578124,20.944166564941405,5.433333396911621,5.358333587646484,5.491666793823242,5.425000190734863,4337.535205696203,16850.700636942674,155901.16129032258,644.1,568.1,751.2,758.1,735.2,799.5,891.4,0.13119282441980698,0.0,0.0,0.0,31.695332845052082,25.909332275390625,25.248331705729168,26.82233428955078,24.634666442871094,26.719998677571613,28.615000406901043,30.232666015625,30.33233133951823,27.154998779296875,27.842000325520832,26.51366678873698,235.44919786096256,153.59625668449198,6.764928403108017,7.95366038446841,9.239270417586617,10.7195056417714,17790.94140625,19718.396484375,21639.330078125,23593.296875,58.21330840574866,64.51001107118984,70.78560536430481,77.16688774231284,5.225832939147949,5.423333168029785,5.809999942779541,5.516666412353516
CM201800000424,CMGE71FL,CM,2018.0,424.0,CM2018DHS,142599.796875,161980.75,183641.84375,214.2166748046875,183.73333740234375,187.99166870117188,158.0,77.4277114868164,65.03834533691406,65.19942474365234,55.764705657958984,0.2223068750821627,0.25089535346397984,0.2671950597029466,28.607778549194336,27.025999069213867,27.468181610107422,26.714000701904297,9.291666984558105,8.616666793823242,8.216667175292969,8.824999809265137,2.0,3954,3932,4013,4325,4478,4521,4416,0.0,0.0,0.0,0.0,45.5,2697.871826171875,4.0,0.8100671172142029,0.0,0.08016878407237181,0.31758653697499445,23.918888092041016,22.718833923339844,22.89325714111328,22.082908630371094,1.1553795337677002,671.57177734375,-1.0,23.193965911865234,1.3822126388549805,1.3955891132354736,0.3301275372505188,0.40403392910957336,0.17735742032527924,0.1255561262369156,0.33981412649154663,0.46965885162353516,0.13338835537433624,0.08983253687620163,29.91666603088379,29.891666412353516,29.84166717529297,30.008333206176758,25.241666793823242,25.558334350585938,25.71666717529297,25.575000762939453,20.625,21.275001525878906,21.625,21.183334350585938,0.5770037376274497,19.229999542236328,18.411666870117188,18.31833267211914,17.451818466186523,2.7666666507720947,2.825000047683716,2.883333444595337,2.8333334922790527,65067.35096153846,29784.447115384617,65637.90625,2640.0,2701.0,2873.0,2596.0,2896.0,2710.0,2250.0,2.419442653656006,2.0,2.0,2.0,26.386999130249023,24.020000457763672,25.764999389648438,26.36400032043457,25.863000869750977,24.024999618530273,25.19499969482422,26.570999145507812,25.80500030517578,25.534000396728516,25.125,24.510000228881836,5.125,25.0,1210.1248697916667,1377.2180989583333,1564.39765625,1773.598828125,1334.359130859375,1348.651123046875,1352.911865234375,1347.086669921875,97.24024963378906,98.2817611694336,98.59225463867188,98.16773986816406,16.11083221435547,15.800832748413086,15.84999942779541,14.629166603088379
CM201800000425,CMGE71FL,CM,2018.0,425.0,CM2018DHS,522.2501220703125,593.2298583984375,672.560302734375,124.87500762939453,130.39166259765625,136.24166870117188,128.8249969482422,38.32481002807617,39.31406784057617,40.872501373291016,39.33587646484375,0.13292581694466726,0.14058486904416764,0.1364848187991551,28.955453872680664,27.5049991607666,27.883333206176758,27.748332977294922,12.016666412353516,12.016666412353516,11.341667175292969,12.0,1.0,3018,3035,3170,3248,3544,3559,3566,0.0,0.0,0.0,0.0,29.933333333333334,2146.294189453125,4,0.0,0.0,0.07363615793895294,0.33530381188763714,22.98272705078125,22.518333435058594,22.47166633605957,22.887500762939453,0.6769702911376954,23.269561767578125,-1.0,0.09730682373046876,0.10713083744049072,0.24256153106689454,0.38046202063560486,0.4024353623390198,0.29020076990127563,0.24482975900173187,0.3436550199985504,0.38081303238868713,0.23298688232898712,0.19662143290042877,29.67500114440918,30.30000114440918,30.066667556762695,30.08333396911621,23.650001525878906,24.274999618530273,24.375,24.066667556762695,17.65833282470703,18.28333282470703,18.725000381469727,18.08333396911621,0.5616824501439145,17.010000228881836,17.531665802001953,17.059999465942383,18.02666664123535,3.258333444595337,3.316666603088379,3.3333334922790527,3.2750000953674316,134844.71875,44600.760416666664,28772.27556818182,1706.0,1787.0,1564.0,1593.0,1609.0,1716.0,1558.0,3.0517791748046874,2.0,3.0,3.0,24.33799934387207,21.965999603271484,22.854000091552734,24.28999900817871,23.19099998474121,21.444000244140625,22.498001098632812,24.343000411987305,23.332000732421875,22.822999954223633,22.514999389648438,22.051000595092773,183.66666666666666,1.6666666666666667,5.377451419830322,6.119966983795166,6.95173978805542,7.8813700675964355,107.80647277832031,128.93539428710938,153.0524139404297,180.3294677734375,8.405140177408855,10.052457682291667,11.932743326822917,14.059400431315105,10.988332748413086,12.247499465942383,12.989166259765625,11.66249942779541
CM201800000426,CMGE71FL,CM,2018.0,426.0,CM2018DHS,2163.146240234375,2457.142578125,2785.72705078125,219.56666564941406,172.3416748046875,290.433349609375,164.78334045410156,86.10457611083984,66.2852554321289,110.9936294555664,62.77460479736328,0.1037597289452186,0.12031956819387582,0.1172490119934082,27.827777862548828,27.993999481201172,28.309999465942383,28.229999542236328,8.741666793823242,8.066666603088379,7.733333587646484,8.27500057220459,2.0,3918.0,3981.0,4123.0,4517.0,4681.0,4378.0,4330.0,0.0,0.0,0.0,0.0,51.6,2697.871826171875,-801,3.5495049953460693,0.0,0.10632108568405335,0.4531368098136871,23.520706176757812,23.630332946777344,23.977500915527344,24.3354549407959,1.034169578552246,424.4710286458333,-1.0,6.917698160807292,0.13959391911824545,1.0771779378255208,0.48736053705215454,0.5160492062568665,0.3500494956970215,0.21666578948497772,0.5628729462623596,0.6179853081703186,0.35531190037727356,0.1858193278312683,28.325000762939453,28.225000381469727,28.266666412353516,28.416667938232422,23.92500114440918,24.16666603088379,24.375,24.258333206176758,19.58333396911621,20.15833282470703,20.53333282470703,20.141666412353516,0.6490989818907621,19.21363639831543,19.266666412353516,19.645000457763672,20.440908432006836,2.549999952316284,2.6000001430511475,2.616666793823242,2.625,14424.87388392857,15348.53409090909,8568.388221153846,2055.0,2567.0,3026.0,2465.0,2257.0,2935.0,1787.0,3.3236109415690103,2.0,3.0,3.0,26.431312561035156,24.188888549804688,25.683837890625,26.383838653564453,25.909090042114258,24.16464614868164,25.16565704345703,26.50303077697754,25.92626190185547,25.57474708557129,25.118181228637695,24.613130569458008,28.666666666666668,3.533333333333333,17.245777675083705,19.627062116350448,22.294603620256698,25.27598135811942,2602.9765625,3042.33447265625,3529.279296875,4063.685302734375,202.16588541666667,236.28961588541668,274.10924479166664,315.6150390625,17.156665802001953,15.893333435058594,16.738332748413086,15.206666946411133
CM201800000427,CMGE71FL,CM,2018.0,427.0,CM2018DHS,32193.900390625,36569.421875,41459.71484375,156.90834045410156,141.89999389648438,158.1666717529297,134.8416748046875,51.728023529052734,45.65147399902344,49.94736862182617,42.581581115722656,0.011203128080638801,0.014497456114374876,0.017836764783889337,25.6999994913737,24.374860127766926,25.02611033121745,24.965138753255207,11.116666793823242,10.441666603088379,9.966667175292969,10.641667366027832,2.0,3335.1666666666665,3343.0833333333335,3444.6666666666665,3448.75,3656.25,3566.4166666666665,3717.0833333333335,0.0,0.0,0.0,0.0,23.467741935483872,1764.624720982143,4.0,0.7811383406321207,0.0,0.1018139021440696,0.30373726551756686,18.78313954671224,18.332569122314453,18.58059310913086,18.548080444335938,8.559737010668682,113.87121975806451,-1.0,7.897543630292339,14.146874212449596,2.501290270077285,0.26534093343294585,0.4732217788696289,0.18055598552410418,0.10860135005070613,0.20833437259380633,0.45716190338134766,0.11796985222743107,0.06889996161827674,26.05000114440918,26.241666793823242,26.200000762939453,26.174999237060547,20.475000381469727,21.0,21.191667556762695,20.825000762939453,14.933333396911621,15.800000190734863,16.233333587646484,15.533333778381348,0.0024185966783548097,11.866277058919271,12.290278116861979,12.135075887044271,12.131023406982422,3.0333333015441895,3.1083333492279053,3.1666667461395264,3.1666667461395264,45650.25723472669,33336.72784810127,208383.88498402556,1997.8333333333333,2017.25,1936.3333333333333,1970.8333333333333,1937.25,2028.3333333333333,1969.3333333333333,2.6086617746660785,0.0,0.0,1.0,20.06600062052409,16.921000162760418,18.08599853515625,21.02566655476888,19.901334126790363,17.02699915568034,18.145000457763672,21.036333719889324,19.187665303548176,18.980000813802082,17.90833282470703,17.218001047770183,160.06720430107526,20.349462365591396,12.009078017979451,13.6672824807363,15.524820740582191,17.60089897260274,44550.37890625,48681.8203125,52803.2109375,56851.3671875,140.01148773521504,152.99558971774192,165.94812668010752,178.67048891129033,13.889165878295898,13.863332748413086,16.359167098999023,13.481666564941406
CM201800000428,CMGE71FL,CM,2018.0,428.0,CM2018DHS,222560.203125,252808.671875,286615.84375,131.80833435058594,115.51667022705078,136.3333282470703,102.68333435058594,47.785499572753906,40.179710388183594,47.4202880859375,35.7159423828125,0.904132182781513,0.9084145472599909,0.9111884190486028,28.600000381469727,27.552000045776367,29.09666633605957,30.79888916015625,9.175000190734863,9.175000190734863,8.5,9.158333778381348,-9999,2375,2354,2378,2433,2479,2434,2429,0.0,0.0,0.0,0.0,81.71428571428571,2392.42236328125,-807,0.0,0.0,0.041060865150569746,0.1484963031960643,23.23318099975586,23.006000518798828,24.00787925720215,25.07111167907715,0.0,0.0,-1.0,0.0,0.0,0.0,0.42617955803871155,0.33384793996810913,0.13547100126743317,0.17480474710464478,0.47387978434562683,0.3369608223438263,0.0886593833565712,0.13904230296611786,28.700000762939453,29.0,28.80000114440918,29.016666412353516,24.08333396911621,24.383333206176758,24.516666412353516,24.40833282470703,19.525001525878906,19.825000762939453,20.30000114440918,19.858333587646484,20.642923289331897,17.866363525390625,18.459999084472656,18.919090270996094,19.343334197998047,2.758333444595337,2.875,2.875,2.875,170431.96153846153,24382.48798076923,62899.34090909091,1784,1495,1351,1647,1502,1514,1181,0.5890287671770368,3.0,3.0,3.0,24.781999588012695,22.795000076293945,23.84600067138672,25.30299949645996,24.42099952697754,22.527000427246094,23.399999618530273,24.98699951171875,24.201000213623047,23.722999572753906,23.39299964904785,23.132999420166016,3.142857142857143,0.0,2054.8497395833333,2338.58203125,2656.4221354166666,3011.65546875,68754.5234375,88621.765625,113376.3125,143965.828125,5719.7734375,7372.553571428572,9431.9140625,11976.69419642857,13.170832633972168,12.398332595825195,13.69333267211914,11.091666221618652
CM201800000429,CMGE71FL,CM,2018.0,429.0,CM2018DHS,762.6583251953125,866.3123779296875,982.1611328125,202.93333435058594,172.8416748046875,175.63333129882812,148.10833740234375,72.0473403930664,60.82404708862305,60.04558181762695,51.96783447265625,0.06729857738201435,0.08085153653071477,0.09231428916637714,27.39363670349121,26.031818389892578,26.361665725708008,26.383333206176758,9.816666603088379,9.141666412353516,8.725000381469727,9.350000381469727,-9999,4139.0,4250.0,4381.0,4364.0,4671.0,4770.0,4820.0,0.0,0.0,0.0,0.0,46.714285714285715,2038.5587158203125,4.0,0.0,0.0,0.08896639971259557,0.36892638838759806,22.398181915283203,21.96727180480957,21.56166648864746,22.670000076293945,0.7342587198529925,1461.350864955357,-1.0,11.798355102539062,5.796504429408482,2.2724689756120955,0.3568609952926636,0.4565110206604004,0.21081726253032684,0.14322350919246674,0.3692428767681122,0.5342931747436523,0.1646241992712021,0.10376149415969849,28.558334350585938,28.58333396911621,28.508333206176758,28.66666603088379,23.625,23.983333587646484,24.125,23.95833396911621,18.741666793823242,19.441667556762695,19.78333282470703,19.316667556762695,0.1338716168557444,17.402727127075195,17.902727127075195,16.761667251586914,18.956666946411133,2.816666841506958,2.8416666984558105,2.924999952316284,2.8500001430511475,115616.25,8623.3046875,116047.73863636363,2270.0,2388.0,2571.0,2188.0,2623.0,2373.0,1897.0,1.8042351858956474,2.0,2.0,2.0,24.985000610351562,22.2189998626709,23.80900001525879,25.091999053955078,24.46000099182129,22.250999450683594,23.420000076293945,25.250999450683594,24.23900032043457,24.113000869750977,23.63599967956543,22.88599967956543,49.07142857142857,12.357142857142858,8.426622009277343,9.590164184570312,10.893577067057292,12.350335693359375,1166.82080078125,1179.318359375,1183.044189453125,1177.9501953125,97.24025181361607,98.28176443917411,98.59226771763393,98.16775076729911,15.763333320617676,15.356666564941406,15.35333251953125,14.299999237060547
CM201800000430,CMGE71FL,CM,2018.0,430.0,CM2018DHS,3939.67431640625,4475.12158203125,5073.56298828125,133.14166259765625,115.69166564941406,113.7249984741211,105.54166412353516,46.716373443603516,40.008644104003906,38.7698860168457,36.289398193359375,0.0002479945572140889,0.0005139927737987959,0.0010917244049218984,25.70599873860677,24.368927001953125,23.96898905436198,25.29839833577474,10.441666603088379,10.441666603088379,9.766666412353516,10.425000190734863,1.0,4218.166666666667,4122.75,4182.416666666667,4266.333333333333,4453.666666666667,4603.083333333333,4629.75,0.0,0.0,0.0,0.0,19.096514745308312,2108.62421875,5.0,0.0,0.0,0.0800707834922006,0.46905203107848925,21.937998453776043,21.71814473470052,21.574635823567707,22.22600555419922,0.16254035375451528,6.82099373109879,-1.0,1.440416233513945,0.22587930002520162,0.2002008089455225,0.603592940739223,0.570718799318586,0.3598622594560896,0.3456696442195347,0.707559449332101,0.6432412692478725,0.3303391933441162,0.3295849391392299,29.283334732055664,29.641666412353516,29.424999237060547,29.616666793823242,24.03333282470703,24.391666412353516,24.516666412353516,24.375,18.84166717529297,19.200000762939453,19.65833282470703,19.191667556762695,0.00022243938127937084,18.170000712076824,19.06736119588216,19.180277506510418,19.15361150105794,2.8500001430511475,2.8916666507720947,2.933333396911621,2.9083333015441895,174346.08253968254,76259.95512820513,234697.50943396226,1795.5,1618.5,1480.1,1714.3,1456.4,1598.2,1293.3,0.12754005514165406,0.0,0.0,0.0,24.45800018310547,22.547748565673828,23.037750244140625,24.263500213623047,22.86199951171875,22.532751083374023,23.360750198364258,24.731998443603516,23.776750564575195,23.49799919128418,23.173999786376953,23.224000930786133,247.11827956989248,149.45698924731184,1.5739876168673155,1.791322635171192,2.0347837020790642,2.306887934116718,1686.3585205078125,1787.814453125,1881.208740234375,1964.7491455078125,5.281390446488575,5.599134219590054,5.891629126764113,6.153262558803763,12.326666831970215,11.829999923706055,11.696666717529297,10.822500228881836
CM201800000431,CMGE71FL,CM,2018.0,431.0,CM2018DHS,5005.27783203125,5685.5517578125,6445.859375,144.30833435058594,134.5916748046875,136.625,111.15834045410156,47.4438362121582,43.30026626586914,43.373016357421875,35.85752868652344,0.00022146350975278057,0.0010496594860583922,0.0016530322123177444,25.379786173502605,24.8202387491862,24.975758870442707,25.113382975260418,9.658333778381348,9.658333778381348,8.983333587646484,9.641666412353516,2.0,4265.0,4277.166666666667,4390.75,4240.416666666667,4405.583333333333,4553.75,4514.916666666667,0.0,0.0,0.0,0.0,22.09189189189189,2386.680208333333,-801.0,0.0,0.0,0.061153311403019626,0.33183996693041795,22.224810282389324,22.070398966471355,22.269500732421875,22.333775838216145,0.3126896390423865,5.454099908430725,-1.0,1.735814040269309,1.3388114453654303,0.5043905614837398,0.41206186158316477,0.4294344697679792,0.4187312807355608,0.3263436385563442,0.452838523047311,0.48642843110220774,0.46899856839861187,0.3400792734963553,30.025001525878906,30.375,30.191667556762695,30.34166717529297,25.166667938232422,25.516666412353516,25.666667938232422,25.491666793823242,20.366666793823242,20.71666717529297,21.20833396911621,20.700000762939453,0.0,19.069834391276043,19.320556640625,19.56324513753255,19.554166158040363,3.0416667461395264,3.1083333492279053,3.1500000953674316,3.1000001430511475,165116.70512820513,34874.1835443038,85015.08227848102,1688.5833333333333,1718.0,1544.1666666666667,1565.6666666666667,1709.25,1712.5,1568.0,2.635374322493225,0.0,0.0,0.0,25.065250396728516,22.84575080871582,23.403749465942383,25.761249542236328,24.511749267578125,22.850749969482422,23.555248260498047,25.753250122070312,24.112749099731445,23.91175079345703,23.633750915527344,23.52025032043457,604.6395663956639,135.4959349593496,2.0019040967597337,2.2783256489071038,2.587976007513661,2.934056683316257,8471.8095703125,8878.765625,9235.7158203125,9535.52734375,26.781435255758808,28.06792534722222,29.19633140667344,30.144107808265584,13.78833293914795,13.493332862854004,13.47249984741211,12.196666717529297
CM201800000432,CMGE71FL,CM,2018.0,432.0,CM2018DHS,456321.75,518341.125,587657.0,86.16667175292969,74.78333282470703,81.88333129882812,70.59166717529297,18.36589813232422,16.71135902404785,17.483985900878906,15.235610961914062,0.07735773397329897,0.08605677936785518,0.10126231501277644,36.02969614664713,34.40930430094401,34.72305552164713,35.49750264485677,13.77500057220459,13.375,12.733333587646484,13.041666984558105,2.0,2358.9166666666665,2371.0833333333335,2483.3333333333335,2560.5833333333335,2587.5833333333335,2593.0,2586.5,0.0,0.0,0.0,0.0,50.144385026737964,1835.780078125,-807.0,4.62246036529541,0.0,0.06231158425859325,0.15216390334019486,28.893407185872395,28.25152842203776,28.480626424153645,28.933888753255207,1.1955073555523061,382.0835561497326,-0.9197860962566845,8.54251049674131,1.066561938607119,3.170847194080047,0.4116058349609375,0.3801841735839844,0.21018165349960327,0.2703438997268677,0.34225618839263916,0.3102753162384033,0.1367359459400177,0.20330080389976501,34.93333435058594,35.65833282470703,35.54166793823242,35.19166564941406,28.03333282470703,28.941667556762695,29.141666412353516,28.641666412353516,21.15833282470703,22.28333282470703,22.808334350585938,22.149999618530273,0.8950205934414742,21.757120768229168,22.09375,22.238194783528645,22.370279947916668,4.691666603088379,4.474999904632568,4.683333396911621,4.633333206176758,31300.48417721519,66941.80891719746,82317.09206349206,942.3333333333334,1029.5,1092.5833333333333,994.0,961.1666666666666,1012.9166666666666,920.6666666666666,1.4885812035218917,0.0,0.0,0.0,32.332252502441406,26.066251754760742,25.781002044677734,28.069252014160156,25.375749588012695,26.57575035095215,28.201000213623047,31.506999969482422,30.571250915527344,27.495500564575195,27.845998764038086,26.429500579833984,40.46524064171123,12.994652406417112,204.78154401881721,233.05762768817203,264.73279989919354,300.13455561155916,17084.982421875,20881.015625,25329.75390625,30497.611328125,54.2106502757353,66.25547292780749,80.37132875167113,96.76892546791444,6.864999771118164,6.494999885559082,7.234999656677246,6.4708333015441895
CM201800000433,CMGE71FL,CM,2018.0,433.0,CM2018DHS,89473.1015625,101633.515625,115224.6015625,131.80833435058594,115.51667022705078,136.3333282470703,102.68333435058594,47.785499572753906,40.179710388183594,47.4202880859375,35.7159423828125,0.903394858042399,0.9078284899393717,0.908601442972819,31.790000915527344,30.392221450805664,30.657272338867188,32.29600143432617,9.175000190734863,9.175000190734863,8.5,9.158333778381348,-9999,3285,3223,3079,3058,3147,3115,3088,0.0,0.0,0.0,0.0,75.0,2392.42236328125,-807,0.0,0.0,0.03979076072530619,0.13248696862315865,25.086362838745117,24.589445114135742,24.85272789001465,25.937166213989258,0.0,0.0,-1.0,0.0,0.0,0.0,0.42407938838005066,0.32946303486824036,0.13861267268657684,0.1794799417257309,0.4702186584472656,0.33099299669265747,0.09163740277290344,0.14466910064220428,28.700000762939453,29.0,28.80000114440918,29.016666412353516,24.08333396911621,24.383333206176758,24.516666412353516,24.40833282470703,19.525001525878906,19.825000762939453,20.30000114440918,19.858333587646484,25.75487638774671,18.382726669311523,18.786666870117188,19.048181533813477,19.578332901000977,2.758333444595337,2.875,2.875,2.875,174050.2142857143,28806.197115384617,57984.15625,1784,1495,1351,1647,1502,1514,1181,2.0019307136535645,3.0,3.0,3.0,24.781999588012695,22.795000076293945,23.84600067138672,25.30299949645996,24.42099952697754,22.527000427246094,23.399999618530273,24.98699951171875,24.201000213623047,23.722999572753906,23.39299964904785,23.132999420166016,3.75,0.0,914.2836588541667,1040.52734375,1181.946875,1340.0041666666666,19399.06640625,24771.72265625,31453.2109375,39698.1484375,1412.131591796875,1803.227294921875,2289.59765625,2889.77734375,13.170832633972168,12.398332595825195,13.69333267211914,11.091666221618652
CM201800000434,CMGE71FL,CM,2018.0,434.0,CM2018DHS,19546.5,22203.09375,25172.23046875,136.625,137.99166870117188,124.55000305175781,104.80000305175781,45.92436981201172,45.61708068847656,40.394596099853516,34.740333557128906,0.07933321365943322,0.10425099042745736,0.11634649680210994,29.770000457763672,26.964000701904297,27.26799964904785,29.190000534057617,9.541666984558105,9.541666984558105,8.866666793823242,9.52500057220459,-9999,3328,3172,3198,3372,3715,3760,3741,0.0,0.0,0.0,0.0,41.214285714285715,2471.2470703125,-807,0.0,0.0,0.08360266579400798,0.38808440333427824,24.266000747680664,23.16699981689453,23.496273040771484,24.4818172454834,0.8656860760280064,775.0931919642857,-1.0,12.165500095912389,7.481266566685268,2.8098422459193637,0.46043965220451355,0.4150235950946808,0.3623490035533905,0.33743658661842346,0.5352432727813721,0.46442562341690063,0.37945684790611267,0.3587195873260498,29.700000762939453,30.0,29.775001525878906,30.016666412353516,24.899999618530273,25.200000762939453,25.325000762939453,25.225000381469727,20.15833282470703,20.45833396911621,20.90833282470703,20.491666793823242,0.4206813943797144,18.761999130249023,19.3700008392334,19.724544525146484,19.773635864257812,2.9750001430511475,3.0250000953674316,3.0833334922790527,3.0166666507720947,234968.73076923078,64341.669642857145,88308.79545454546,1679,1447,1322,1516,1466,1477,1209,0.92640563419887,1.0,2.0,2.0,25.256999969482422,23.434999465942383,25.038000106811523,25.868999481201172,24.94499969482422,23.409000396728516,24.18000030517578,25.923999786376953,24.67300033569336,24.52199935913086,24.10099983215332,24.027000427246094,103.07142857142857,104.42857142857143,184.77493489583333,210.28850911458332,238.86912434895834,270.81220703125,101.72830200195312,107.14535522460938,112.0078125,116.21875762939453,8.469155992780413,8.920140402657646,9.324953351702009,9.675526210239955,13.104166030883789,13.176666259765625,12.776666641235352,11.34749984741211
CM201800000435,CMGE71FL,CM,2018.0,435.0,CM2018DHS,2507.9287109375,2848.784912109375,3229.742431640625,131.2083282470703,118.06666564941406,137.28334045410156,99.79166412353516,52.65886306762695,46.605262756347656,53.48701095581055,39.26229476928711,0.0001846014423194039,0.0005701877584028091,0.0005317977674521051,24.09482421875,24.34251708984375,24.313978576660155,24.181507873535157,8.90000057220459,8.90000057220459,8.225000381469727,8.883333206176758,-9999,4209.0,4230.7,4291.0,4085.7,4150.2,4161.8,4203.3,0.0,0.0,0.0,0.0,18.00817438692098,5769.095833333334,-801.0,0.0,0.0,0.09085879145193627,0.5223394082941593,21.203684997558593,21.555926513671874,21.704437255859375,21.560421752929688,0.16722352608390476,10.959732055664062,-1.0,1.1953989111858865,0.37145788773246435,0.5317757647970448,0.5617050170898438,0.493756357828776,0.3449077288309733,0.34498847325642906,0.7273078918457031,0.6018154780069987,0.355284309387207,0.37298002243041994,28.041667938232422,28.325000762939453,28.15833282470703,28.383333206176758,23.566667556762695,23.850000381469727,24.016666412353516,23.916667938232422,19.141666412353516,19.42500114440918,19.933334350585938,19.5,0.0035539619300676427,18.312545776367188,18.769332885742188,19.094894409179688,18.939334106445312,2.491666793823242,2.5333333015441895,2.566666603088379,2.5416667461395264,64342.16455696202,53041.94920634921,163401.61022364217,2109.3,1842.1,1657.3,1768.4,1536.6,1625.1,1335.5,0.2567662156146506,0.0,0.0,0.0,24.06000010172526,22.2739995320638,23.497665405273438,24.174001057942707,23.670000712076824,22.27833302815755,23.16033426920573,24.172999064127605,23.87133280436198,23.264666239420574,23.068333943684895,22.91466776529948,229.20923913043478,176.77445652173913,0.9313919817815062,1.059997892119194,1.2040637073621072,1.365078701999018,4279.068359375,4759.62646484375,5254.9453125,5759.0009765625,13.529331373131793,15.048735245414402,16.614811109459918,18.20851068911345,12.91249942779541,12.239166259765625,13.774166107177734,10.695833206176758
CM201800000436,CMGE71FL,CM,2018.0,436.0,CM2018DHS,17534.45703125,19917.58984375,22581.09375,136.625,137.99166870117188,124.55000305175781,104.80000305175781,45.92436981201172,45.61708068847656,40.394596099853516,34.740333557128906,0.1416215438109178,0.14484887856703538,0.14371136518625113,27.625999450683594,26.360000610351562,27.106000900268555,27.2318172454834,9.541666984558105,9.541666984558105,8.866666793823242,9.52500057220459,-9999,3950,3977,4036,4076,4398,4524,4482,0.0,0.0,0.0,0.0,50.733333333333334,2471.2470703125,5,0.0,0.0,0.08192562229737885,0.40302541092322036,23.536182403564453,22.905000686645508,23.549667358398438,23.600000381469727,0.8732230504353841,2201.78046875,-1.0,15.212535603841145,9.874709065755209,2.5017318725585938,0.48332157731056213,0.4117887318134308,0.29324105381965637,0.28680697083473206,0.5711395144462585,0.45366841554641724,0.2779064476490021,0.2825961410999298,29.700000762939453,30.0,29.775001525878906,30.016666412353516,24.899999618530273,25.200000762939453,25.325000762939453,25.225000381469727,20.15833282470703,20.45833396911621,20.90833282470703,20.491666793823242,1.0166479854260462,19.44636344909668,19.450000762939453,19.99333381652832,19.968181610107422,2.9750001430511475,3.0250000953674316,3.0833334922790527,3.0166666507720947,201932.63636363635,57422.13392857143,47068.04807692308,1689,1657,1412,1577,1641,1610,1259,0.7123394648234049,2.0,2.0,2.0,25.04400062561035,23.01799964904785,24.690000534057617,25.63599967956543,24.698999404907227,22.959999084472656,23.85099983215332,25.41200065612793,24.499000549316406,24.145999908447266,23.7450008392334,23.663000106811523,41.46666666666667,40.266666666666666,164.52191162109375,187.23899841308594,212.68690490722656,241.1287384033203,1099.99267578125,1132.37548828125,1157.0010986328125,1173.365478515625,85.441357421875,87.95667317708333,89.86946614583333,91.14054361979167,13.104166030883789,13.176666259765625,12.776666641235352,11.34749984741211
CM201800000437,CMGE71FL,CM,2018.0,437.0,CM2018DHS,180485.984375,205016.09375,232432.125,225.9166717529297,176.19166564941406,294.9916687011719,166.97500610351562,80.44510650634766,61.46220779418945,102.9040756225586,58.0782585144043,0.9212945791391226,0.952147703904372,0.9223392926729642,28.83888816833496,26.983999252319336,29.181110382080078,28.41857147216797,8.691666603088379,8.016666412353516,7.708333492279053,8.216667175292969,2.0,1460.0,1402.0,1379.0,1433.0,1464.0,1464.0,1466.0,0.0,0.0,0.0,0.0,87.14285714285714,2697.871826171875,-807,0.0,0.0,0.05304054416991964,0.1902248762160872,24.182626724243164,23.551000595092773,25.15855598449707,24.975536346435547,0.0,0.0,-1.0,0.0,0.0,0.0,0.3528392016887665,0.37430283427238464,0.13954108953475952,0.11302486062049866,0.3794374465942383,0.42185595631599426,0.09518828243017197,0.0799097865819931,31.108333587646484,31.008333206176758,31.033334732055664,31.20833396911621,26.725000381469727,26.975000381469727,27.166667938232422,27.08333396911621,22.416667938232422,22.991666793823242,23.325000762939453,22.991666793823242,14.162345511014344,19.526363372802734,20.118000030517578,21.13599967956543,21.532499313354492,2.808333396911621,2.866666793823242,2.866666793823242,2.875,3954.2509765625,4128.838341346154,3106.161658653846,3221.0,3502.0,3751.0,3416.0,3241.0,3850.0,2643.0,0.0,3.0,3.0,3.0,27.347000122070312,24.865999221801758,26.996999740600586,27.70599937438965,27.152000427246094,24.9950008392334,26.191999435424805,27.571001052856445,26.895000457763672,26.59600067138672,25.867000579833984,25.38800048828125,4.071428571428571,0.0,1295.6348958333333,1474.53515625,1674.9411458333334,1898.9248697916667,16218.091796875,20082.943359375,24682.982421875,30110.8671875,1349.487025669643,1671.0765904017858,2053.8399832589284,2505.4874441964284,17.16499900817871,15.934999465942383,16.543333053588867,15.129166603088379
CM201800000438,CMGE71FL,CM,2018.0,438.0,CM2018DHS,73083.484375,83016.3515625,94117.828125,184.0749969482422,157.89166259765625,159.22500610351562,133.5166778564453,66.13472747802734,55.40058517456055,54.90517044067383,47.402366638183594,0.03087118476819081,0.03775706868262807,0.04506080773226015,26.066726684570312,25.35617913140191,25.09735616048177,25.443567911783855,10.141666412353516,9.466667175292969,9.091667175292969,9.675000190734863,2.0,3871.0,3888.3333333333335,3953.777777777778,3743.5555555555557,3948.777777777778,4030.8888888888887,4018.8888888888887,0.0,0.0,0.0,0.0,26.59299191374663,1964.494419642857,4.0,0.0,0.0,0.06800976109133496,0.3372432436299076,20.959879557291668,20.75984870062934,20.73849148220486,20.95076666937934,1.4712980121293802,92.91625252695418,-1.0,7.721371714959568,6.4301106332126015,1.1846308541105122,0.34490960439046225,0.4508278210957845,0.2497066338857015,0.15788971583048503,0.29372936884562173,0.427534294128418,0.1862641970316569,0.10896217028299968,26.59166717529297,26.641666412353516,26.58333396911621,26.649999618530273,21.491666793823242,21.875,22.008333206176758,21.80000114440918,16.450000762939453,17.17500114440918,17.491666793823242,16.975000381469727,0.06473528820535411,15.853030734592014,16.16351826985677,16.379628499348957,16.457963731553818,2.7833333015441895,2.8500001430511475,2.9000000953674316,2.816666603088379,138095.5910543131,45658.7753164557,119946.84444444445,1896.7777777777778,1909.888888888889,1784.6666666666667,1825.888888888889,2005.5555555555557,1831.5555555555557,1628.7777777777778,2.580524619377527,1.0,1.0,1.0,23.179667154947918,20.44800059000651,21.77233378092448,23.98333231608073,23.21299997965495,20.532333374023438,21.619667053222656,23.893333435058594,22.56366729736328,22.44733174641927,21.533665974934895,21.1183344523112,127.366576819407,61.307277628032345,30.17920579935984,34.3463295990566,39.01438521310647,44.23163220181941,24300.90625,24530.70703125,24585.01953125,24462.8828125,76.41909535040432,77.14169895552561,77.31246314858491,76.9283608490566,15.770833015441895,15.239166259765625,15.21500015258789,14.119999885559082
CM201800000439,CMGE71FL,CM,2018.0,439.0,CM2018DHS,99542.65625,113071.640625,128192.3046875,61.5,62.82500076293945,70.7249984741211,62.95000076293945,11.031390190124512,11.580644607543945,12.648285865783691,11.393665313720703,0.48694434532752406,0.5538909985468938,0.6165021016047552,37.917274475097656,36.90999984741211,37.003334045410156,37.29181671142578,14.666666984558105,14.308333396911621,13.883333206176758,13.941666603088379,2.0,1892,1992,2167,2226,2279,2263,2249,0.0,0.0,0.0,0.0,69.14285714285714,1731.0255126953125,-807,0.0,0.0,0.023509065104693253,0.09139750909799353,29.71454620361328,29.33333396911621,29.80500030517578,29.530075073242188,10.867133004324776,58.850551060267854,-1.0,1.939291272844587,0.31173787798200336,13.055100577218193,0.17752496898174286,0.2120402455329895,0.24430817365646362,0.23462536931037903,0.10961895436048508,0.14499303698539734,0.16639749705791473,0.16578461229801178,34.57500076293945,35.38333511352539,35.40833282470703,34.83333206176758,27.20833396911621,28.200000762939453,28.433334350585938,27.83333396911621,19.90833282470703,21.075000762939453,21.525001525878906,20.891666412353516,2.734673817952474,21.511817932128906,21.75666618347168,22.606666564941406,21.768333435058594,5.575000286102295,5.425000190734863,5.5916666984558105,5.525000095367432,67063.05803571429,57287.385416666664,110435.07692307692,681,637,842,839,772,858,907,1.455568586077009,3.0,3.0,3.0,31.44099998474121,25.378999710083008,25.291000366210938,26.913000106811523,24.80900001525879,26.006000518798828,27.844999313354492,30.125999450683594,29.804000854492188,27.375,27.895999908447266,26.110000610351562,2.0714285714285716,0.21428571428571427,1158.7257080078125,1318.7216796875,1497.950927734375,1698.2666015625,1515.95947265625,1711.904541015625,1918.72900390625,2134.537109375,128.02015032087053,144.5673828125,162.03334263392858,180.25796944754464,5.612499713897705,5.488333225250244,6.087499618530273,5.531666278839111
CM201800000441,CMGE71FL,CM,2018.0,441.0,CM2018DHS,7989.86962890625,9075.7841796875,10289.455078125,148.20834350585938,128.8000030517578,154.90000915527344,114.30000305175781,53.569278717041016,45.1929817199707,54.5102653503418,40.57988357543945,6.51252750581065e-05,0.00028162732863197694,0.0005650855481815033,24.464710998535157,24.274310302734374,24.82833251953125,24.53907165527344,8.791666984558105,8.791666984558105,8.116666793823242,8.77500057220459,-9999,3668.4,3668.9,3685.7,3898.2,4139.3,4293.8,4268.0,0.0,0.0,0.0,0.0,33.31165311653117,2392.422433035714,4.0,0.0,0.0,0.08908964021996182,0.4502267022279518,21.10552062988281,21.299668884277345,21.825759887695312,21.430862426757812,0.20255625766256583,3.6577433710512905,-1.0,2.147267714790676,0.9895352902619735,0.6575146965358568,0.572093391418457,0.5175475756327311,0.37626940409342446,0.36644042332967125,0.7494400024414063,0.6467234929402669,0.4020461718241374,0.4082848866780599,28.491666793823242,28.774999618530273,28.575000762939453,28.808334350585938,24.075000762939453,24.358333587646484,24.5,24.399999618530273,19.700000762939453,19.983333587646484,20.45833396911621,20.03333282470703,0.006769709684410874,17.746327209472657,18.3250244140625,18.823187255859374,18.322651672363282,2.7666666507720947,2.8500001430511475,2.8416666984558105,2.816666603088379,143720.03833865814,40887.47603833866,69172.27936507936,2111.3333333333335,1853.4444444444443,1771.888888888889,1874.111111111111,1764.7777777777778,1764.4444444444443,1373.6666666666667,2.0621865313986074,0.0,0.0,0.0,24.313501358032227,21.990249633789062,23.929750442504883,24.707500457763672,24.109750747680664,22.0989990234375,23.16874885559082,24.53125,24.043251037597656,23.413249969482422,22.999752044677734,22.68775177001953,158.375,99.89402173913044,3.235959245858948,3.682777946764003,4.183309586321721,4.742727811219262,6499.4423828125,6876.76953125,7222.2255859375,7529.18115234375,20.56453671662704,21.758418871008832,22.85145900560462,23.822679602581523,14.470000267028809,13.286666870117188,14.498332977294922,12.053333282470703
CM201800000442,CMGE71FL,CM,2018.0,442.0,CM2018DHS,61969.3984375,70391.75,79804.96875,184.0749969482422,157.89166259765625,159.22500610351562,133.5166778564453,66.13472747802734,55.40058517456055,54.90517044067383,47.402366638183594,0.02267504192533947,0.02844425988575769,0.034326011415511844,25.6179443359375,25.01750030517578,24.909483337402342,25.20938720703125,10.141666412353516,9.466667175292969,9.091667175292969,9.675000190734863,2.0,3824.6,3851.9,3931.7,3746.3,3972.7,4089.9,4090.7,0.0,0.0,0.0,0.0,26.101092896174862,1964.4944010416666,3.0,0.0,0.0,0.06834672641701435,0.343131169281274,20.6427001953125,20.443666076660158,20.5458251953125,20.740194702148436,1.5557677889130805,74.2551442964481,-1.0,7.217049020235656,6.0227117486338795,1.0248288013896003,0.34292336872645784,0.4534346716744559,0.23984830720084055,0.15096041134425572,0.29162202562604633,0.43133987699236187,0.1766038622174944,0.10289907455444336,26.59166717529297,26.641666412353516,26.58333396911621,26.649999618530273,21.491666793823242,21.875,22.008333206176758,21.80000114440918,16.450000762939453,17.17500114440918,17.491666793823242,16.975000381469727,0.030420234902290854,15.667454528808594,15.869833374023438,16.18216552734375,16.270999145507812,2.7833333015441895,2.8500001430511475,2.9000000953674316,2.816666603088379,136205.81350482316,41617.94585987261,123019.22044728434,1948.8,1937.0,1822.3,1847.9,2048.1,1868.0,1648.8,3.5018810835040983,0.0,1.0,1.0,23.36749839782715,20.614749908447266,22.211750030517578,24.054500579833984,23.345748901367188,20.70224952697754,21.868000030517578,23.978750228881836,22.79574966430664,22.714000701904297,21.825498580932617,21.375,160.39617486338798,68.91256830601093,25.440547088456285,28.953357133709016,32.88844774590164,37.28649568818306,28586.97265625,28740.587890625,28683.23828125,28416.94921875,91.12773224043715,91.61737961065573,91.43453295765028,90.58563866120218,15.770833015441895,15.239166259765625,15.21500015258789,14.119999885559082
CM201800000443,CMGE71FL,CM,2018.0,443.0,CM2018DHS,2275.123046875,2599.72509765625,2965.778076171875,34.17499923706055,37.05833435058594,43.31666564941406,37.650001525878906,5.664364337921143,6.193593502044678,7.0817437171936035,6.266296863555908,0.0003735114199419816,0.000962746407215794,0.001642528921365738,37.7827262878418,35.2216682434082,35.48666763305664,35.53333282470703,16.875,16.566667556762695,16.558334350585938,16.09166717529297,5.0,1933,1997,2118,2206,2172,2345,2267,0.0,0.0,0.0,0.0,29.714285714285715,7065.5546875,2,0.0,0.0,0.06752852339471947,0.23281648698391233,28.840909957885742,28.019166946411133,28.33916664123535,28.0674991607666,2.485607147216797,1.2046399797712053,-0.6428571428571429,0.260854925428118,0.20663414682660783,3.050438472202846,0.410879909992218,0.3896653950214386,0.13426855206489563,0.2028571218252182,0.3317239284515381,0.30347535014152527,0.075481116771698,0.1370891034603119,36.55833435058594,37.30833435058594,37.641666412353516,36.81666564941406,28.09166717529297,29.008333206176758,29.33333396911621,28.75,19.683334350585938,20.741666793823242,21.08333396911621,20.725000381469727,0.0,19.899091720581055,20.816667556762695,21.191667556762695,20.601667404174805,6.0333333015441895,5.983333587646484,6.116666793823242,6.008333683013916,934.0894368489584,2448.3113839285716,4913.162259615385,265.0,260.0,358.0,374.0,401.0,392.0,418.0,0.30322265625,0.0,0.0,0.0,32.11800003051758,26.75200080871582,22.92300033569336,25.14699935913086,22.201000213623047,28.61400032043457,31.090999603271484,28.976999282836914,32.321998596191406,25.839000701904297,28.82200050354004,27.871000289916992,328.14285714285717,100.57142857142857,23.97796630859375,27.47930145263672,31.367109298706055,35.744754791259766,338.534912109375,390.0294189453125,444.5126647949219,503.0892333984375,30.677786690848215,35.35530744280134,40.294651576450896,45.607264927455354,3.303333282470703,3.554166555404663,3.931666612625122,3.37416672706604
CM201800000444,CMGE71FL,CM,2018.0,444.0,CM2018DHS,101327.6015625,115099.1796875,130490.9609375,145.14166259765625,128.14166259765625,147.22500610351562,108.97500610351562,56.91830062866211,49.285255432128906,56.08571243286133,41.514286041259766,0.004974850803423839,0.00897196144055409,0.008967114102308917,24.98299831814236,24.370992024739582,24.972795274522568,24.482838948567707,8.449999809265137,8.449999809265137,7.775000095367432,8.433333396911621,-9999,3971.5555555555557,3931.777777777778,4020.4444444444443,3932.777777777778,4121.111111111111,4162.777777777777,4167.222222222223,0.0,0.0,0.0,0.0,31.008130081300813,5769.095833333334,6.0,0.0,0.0,0.08757756858843879,0.4817826586865768,21.57680426703559,21.663921780056423,21.902787950303818,21.829661051432293,0.15675717899146765,44.5463933350271,-1.0,2.7331478460048273,0.8833905972116362,0.684698750979209,0.527620656149728,0.5123539311545235,0.3183658463614328,0.2916995457240513,0.6607795442853656,0.638601575578962,0.3167985166822161,0.29831160817827496,28.100000381469727,28.350000381469727,28.166667938232422,28.42500114440918,23.850000381469727,24.100000381469727,24.258333206176758,24.183334350585938,19.649999618530273,19.899999618530273,20.391666412353516,19.991666793823242,0.1057190586290314,18.170606825086807,18.956851535373264,18.832777235243057,19.17648145887587,2.549999952316284,2.6000001430511475,2.625,2.625,66494.26282051283,45651.40566037736,135636.8662420382,2129.2,1827.8,1822.4,1687.7,1658.0,1682.0,1391.6,0.5739768837202532,0.0,0.0,0.0,24.591751098632812,22.67675018310547,24.22100067138672,24.673999786376953,24.316499710083008,22.694000244140625,23.738998413085938,24.71875,24.488500595092773,23.86750030517578,23.458499908447266,23.17224884033203,42.02981029810298,36.55826558265583,34.322018158208444,39.061174855245234,44.370037359502724,50.3034794363079,6614.90673828125,7314.556640625,8028.283203125,8746.619140625,20.857220740176153,23.06325954861111,25.313680343834687,27.57864106961382,14.182499885559082,13.089166641235352,14.747499465942383,11.53416633605957
CM201800000445,CMGE71FL,CM,2018.0,445.0,CM2018DHS,21920.73828125,24900.01953125,28229.806640625,225.9166717529297,176.19166564941406,294.9916687011719,166.97500610351562,80.44510650634766,61.46220779418945,102.9040756225586,58.0782585144043,0.052669062064244196,0.07069085194514348,0.08494654985574576,26.93000030517578,25.290000915527344,27.133636474609375,27.752500534057617,8.691666603088379,8.016666412353516,7.708333492279053,8.216667175292969,2,2969.0,3247.0,3414.0,3528.0,3693.0,3700.0,3665.0,0.0,0.0,0.0,0.0,44.4375,2697.871826171875,-9999,0.0,0.0,0.10285718597093817,0.4361444196317087,23.64727210998535,23.450000762939453,24.526817321777344,24.618749618530273,1.351527452468872,3386.825439453125,-1.0,14.837770462036133,0.8233025074005127,1.0313119888305664,0.48693859577178955,0.5054411888122559,0.26737841963768005,0.1928551346063614,0.6093482971191406,0.6504592895507812,0.2552544176578522,0.16546370089054108,31.108333587646484,31.008333206176758,31.033334732055664,31.20833396911621,26.725000381469727,26.975000381469727,27.166667938232422,27.08333396911621,22.416667938232422,22.991666793823242,23.325000762939453,22.991666793823242,1.0042081560407365,20.364545822143555,21.610000610351562,21.920000076293945,21.485000610351562,2.808333396911621,2.866666793823242,2.866666793823242,2.875,5758.727272727273,7663.421274038462,3445.5372596153848,2993.0,3124.0,3757.0,3119.0,2916.0,3652.0,2310.0,0.0,0.0,0.0,0.0,27.175825119018555,24.815383911132812,26.767032623291016,27.451648712158203,26.852746963500977,24.876922607421875,26.062637329101562,27.376922607421875,26.740659713745117,26.464834213256836,25.791208267211914,25.30769157409668,24.3125,7.875,184.0279296875,209.43836263020833,237.90341796875,269.7173828125,18533.716796875,22950.39453125,28207.228515625,34410.109375,1349.4869384765625,1671.07666015625,2053.83984375,2505.48779296875,17.16499900817871,15.934999465942383,16.543333053588867,15.129166603088379
CM201800000446,CMGE71FL,CM,2018.0,446.0,CM2018DHS,45792.515625,52016.23828125,58972.1796875,148.20834350585938,128.8000030517578,154.90000915527344,114.30000305175781,53.569278717041016,45.1929817199707,54.5102653503418,40.57988357543945,0.6545101801554362,0.7718094189961752,0.7714686393737793,29.578887939453125,28.06818199157715,28.599090576171875,29.35444450378418,8.791666984558105,8.791666984558105,8.116666793823242,8.77500057220459,-9999,3482.0,3498.0,3377.0,3912.0,4212.0,4193.0,4180.0,0.0,0.0,0.0,0.0,72.8,2392.42236328125,-807,0.0,0.0,0.0601886809546387,0.21992383155924278,24.24989891052246,23.45742416381836,23.636211395263672,24.39472198486328,0.0,0.0,-1.0,0.0,0.0,0.004444327453772227,0.4507462680339813,0.3545754849910736,0.1621462106704712,0.19717709720134735,0.5155323147773743,0.36721745133399963,0.11366568505764008,0.1648089736700058,28.491666793823242,28.774999618530273,28.575000762939453,28.808334350585938,24.075000762939453,24.358333587646484,24.5,24.399999618530273,19.700000762939453,19.983333587646484,20.45833396911621,20.03333282470703,12.532527528960129,18.920909881591797,18.84666633605957,18.6733341217041,19.434999465942383,2.7666666507720947,2.8500001430511475,2.8416666984558105,2.816666603088379,173372.88461538462,29405.859375,56908.471153846156,1895.0,1619.0,1484.0,1715.0,1609.0,1627.0,1280.0,2.6326568603515623,3.0,3.0,3.0,24.229000091552734,22.128999710083008,23.385000228881836,24.76799964904785,23.89299964904785,21.992000579833984,22.884000778198242,24.424999237060547,23.660999298095703,23.224000930786133,22.867000579833984,22.572999954223633,5.733333333333333,0.0,729.0367431640625,829.70166015625,942.467529296875,1068.500244140625,14573.052734375,18551.51953125,23495.873046875,29594.220703125,1131.545703125,1440.4592447916666,1824.3703125,2297.8846354166667,14.470000267028809,13.286666870117188,14.498332977294922,12.053333282470703
CM201800000447,CMGE71FL,CM,2018.0,447.0,CM2018DHS,143249.796875,162719.0625,184478.90625,148.20834350585938,128.8000030517578,154.90000915527344,114.30000305175781,53.569278717041016,45.1929817199707,54.5102653503418,40.57988357543945,0.41909304532137787,0.8008669072931464,0.8619497472589667,29.055999755859375,28.18000030517578,28.899091720581055,30.270000457763672,8.791666984558105,8.791666984558105,8.116666793823242,8.77500057220459,-9999,4430,4393,4137,4000,4005,4041,4045,0.0,0.0,0.0,0.0,56.214285714285715,2392.42236328125,-807,0.0,0.0,0.07319209220396579,0.33520266411221755,23.777545928955078,23.405834197998047,23.899545669555664,24.855833053588867,0.7131594249180385,5586.25,-1.0,8.666141510009766,47.804940359933035,2.5704187665666853,0.49132800102233887,0.39368900656700134,0.18422776460647583,0.21408718824386597,0.587129533290863,0.42800942063331604,0.13681179285049438,0.18554958701133728,28.491666793823242,28.774999618530273,28.575000762939453,28.808334350585938,24.075000762939453,24.358333587646484,24.5,24.399999618530273,19.700000762939453,19.983333587646484,20.45833396911621,20.03333282470703,11.801227507044057,18.49909019470215,18.63166618347168,18.899999618530273,19.441667556762695,2.7666666507720947,2.8500001430511475,2.8416666984558105,2.816666603088379,166308.34615384616,22773.735576923078,63414.795454545456,1925,1742,1575,1819,1697,1701,1338,0.8646598543439593,3.0,3.0,3.0,24.226999282836914,22.141000747680664,23.434999465942383,24.7189998626709,23.85099983215332,22.025999069213867,22.9739990234375,24.427000045776367,23.704999923706055,23.26099967956543,22.905000686645508,22.608999252319336,8.214285714285714,0.0,1324.294642857143,1507.15234375,1711.991489955357,1940.9298270089287,68757.875,88626.09375,113381.84375,143972.84375,5719.772879464285,7372.553571428572,9431.9140625,11976.69419642857,14.470000267028809,13.286666870117188,14.498332977294922,12.053333282470703
CM201800000448,CMGE71FL,CM,2018.0,448.0,CM2018DHS,55321.5625,62840.390625,71243.8125,144.30833435058594,134.5916748046875,136.625,111.15834045410156,47.4438362121582,43.30026626586914,43.373016357421875,35.85752868652344,0.3235281194959368,0.3235281194959368,0.4563781874520438,28.30272674560547,26.329999923706055,27.106000900268555,27.267778396606445,9.658333778381348,9.658333778381348,8.983333587646484,9.641666412353516,-9999,3470.0,3417.0,3472.0,3588.0,3871.0,4016.0,3969.0,0.0,0.0,0.0,0.0,37.53333333333333,2471.2470703125,5,0.0,0.0,0.08095539662830904,0.3260756425103099,23.85272789001465,23.190834045410156,23.80072784423828,23.665252685546875,0.8580852508544922,104.78981119791666,-1.0,10.089919026692709,6.63907216389974,2.0236801147460937,0.3289095461368561,0.33311113715171814,0.30377334356307983,0.24483536183834076,0.32915785908699036,0.33698999881744385,0.2919003963470459,0.2226860374212265,30.025001525878906,30.375,30.191667556762695,30.34166717529297,25.166667938232422,25.516666412353516,25.666667938232422,25.491666793823242,20.366666793823242,20.71666717529297,21.20833396911621,20.700000762939453,1.1495128631591798,19.402727127075195,20.051666259765625,20.495454788208008,20.062726974487305,3.0416667461395264,3.1083333492279053,3.1500000953674316,3.1000001430511475,180335.92857142858,51482.00961538462,55969.046875,1497,1455,1456,1440,1587,1556,1367,0.51200958887736,3.0,3.0,3.0,26.08300018310547,23.746000289916992,24.881999969482422,26.882999420166016,25.437999725341797,23.854999542236328,24.606000900268555,26.80299949645996,25.051000595092773,24.696001052856445,24.541000366210938,24.624000549316406,4.866666666666666,0.9333333333333333,608.4246651785714,692.4354073660714,786.5453404017857,891.7271205357143,344.5157165527344,361.06500244140625,375.5807800292969,387.77301025390625,26.781441243489585,28.067923990885415,29.196329752604168,30.144108072916666,13.78833293914795,13.493332862854004,13.47249984741211,12.196666717529297
CM201800000449,CMGE71FL,CM,2018.0,449.0,CM2018DHS,132191.8125,150158.1875,170238.28125,166.60833740234375,149.3416748046875,166.20834350585938,142.31666564941406,53.744625091552734,46.913612365722656,51.27249526977539,43.902313232421875,0.050682232402764954,0.0723727960556079,0.1010729329654584,27.286181640625,25.577999877929688,26.452999877929688,26.453167724609376,10.774999618530273,10.100000381469727,9.699999809265137,10.308333396911621,2.0,3666.6,3660.9,3736.8,3682.6,3925.2,3876.9,3980.2,0.0,0.0,0.0,0.0,29.907608695652176,1857.8971354166667,-807.0,0.0,0.0,0.09648478607060733,0.30506433295787394,21.13292541503906,20.305416870117188,20.785626220703126,20.942947387695312,0.7744921345697832,156.7674987296748,-1.0,6.802869347052845,13.414979516006097,0.833320348889524,0.3656466603279114,0.6280799508094788,0.28072234988212585,0.11976268142461777,0.3253723084926605,0.720227062702179,0.2207818478345871,0.07663106918334961,27.766666412353516,27.96666717529297,27.891666412353516,27.883333206176758,22.34166717529297,22.875,23.016666412353516,22.71666717529297,16.991666793823242,17.866666793823242,18.191667556762695,17.575000762939453,0.2797756246758024,14.979666137695313,15.032833862304688,15.118252563476563,15.43272705078125,3.1000001430511475,3.183333396911621,3.241666793823242,3.241666793823242,72743.3690851735,33373.171974522294,200874.28205128206,2160.5555555555557,2190.4444444444443,2170.1111111111113,2244.6666666666665,2229.777777777778,2206.4444444444443,2078.1111111111113,1.6777844932990345,0.0,0.0,0.0,24.245999654134113,21.30933380126953,22.527000427246094,24.722999572753906,23.61566670735677,21.49700164794922,22.592666625976562,24.862332661946613,23.631332397460938,23.2566655476888,22.365999857584637,21.920333862304688,76.58536585365853,12.208672086720867,50.291251070205476,57.23542915239726,65.01437821061644,73.70850813356165,75293.71875,85192.0390625,95674.109375,106648.703125,238.426956300813,269.7712144308943,302.96400745257455,337.7164210704607,13.792499542236328,13.801666259765625,16.316665649414062,13.450833320617676
CM201800000450,CMGE71FL,CM,2018.0,450.0,CM2018DHS,51161.453125,58883.3984375,67676.71875,43.5,42.90833282470703,54.63333511352539,46.875,7.425319671630859,7.397988319396973,9.259886741638184,8.035714149475098,0.20002031326293945,0.2641141964839055,0.29428746150090146,37.220909118652344,35.404998779296875,35.538333892822266,36.137271881103516,16.516666412353516,16.241666793823242,16.108333587646484,15.77500057220459,2.0,1561,1514,1618,1652,1667,1646,1685,0.0,0.0,0.0,0.0,55.333333333333336,973.351318359375,-807.0,0.04416995868086815,0.0,0.04267271057048248,0.12139471083526655,29.36090850830078,28.871665954589844,29.168333053588867,29.050302505493164,5.882671356201172,2.714358329772949,-0.9375,0.6689110994338989,0.07159524410963058,6.574649333953857,0.39832815527915955,0.3911193907260895,0.18566296994686127,0.2231820523738861,0.325632244348526,0.3145640194416046,0.11579220741987228,0.15693962574005127,36.525001525878906,37.29999923706055,37.54166793823242,36.81666564941406,28.25,29.15833282470703,29.46666717529297,28.900001525878906,20.008333206176758,21.058334350585938,21.433334350585938,21.041667938232422,1.3540823618570963,21.50090980529785,22.338333129882812,22.7983341217041,21.963333129882812,5.858333587646484,5.800000190734863,5.900000095367432,5.833333492279053,1800.9080255681818,431.09825721153845,90317.375,370.0,401.0,523.0,583.0,598.0,569.0,580.0,0.18858949840068817,1.0,3.0,3.0,33.224998474121094,26.545000076293945,24.45199966430664,26.45199966430664,23.79599952697754,28.07200050354004,30.98200035095215,30.290998458862305,32.847999572753906,27.207000732421875,29.104999542236328,27.69499969482422,85.5,2.3125,445.0942708333333,517.7165364583333,597.051171875,687.6210286458333,9225.8271484375,11169.8359375,13209.251953125,15542.935546875,687.814453125,832.749755859375,984.7979125976562,1158.78564453125,3.922499895095825,3.942499876022339,4.647500038146973,3.927500009536743
CM201800000451,CMGE71FL,CM,2018.0,451.0,CM2018DHS,23151.71484375,26298.296875,29815.072265625,63.400001525878906,63.208335876464844,73.65833282470703,67.81666564941406,11.686635971069336,11.926100730895996,13.494656562805176,12.617053985595703,0.000617320967625968,0.0008991860513445697,0.0010790839036808738,38.2983642578125,35.67033081054687,36.692666625976564,37.477197265625,14.333333969116211,13.991666793823242,13.483333587646484,13.591667175292969,2.0,2082.5,2110.4,2240.9,2339.5,2389.0,2405.3,2388.5,0.0,0.0,0.0,0.0,32.6096256684492,1731.0255301339287,5.0,0.0539512000977993,0.0,0.0373703679960239,0.18615951588365212,29.665911865234374,28.4989990234375,29.076251220703124,29.59862060546875,6.729428214822861,213.32215073529412,-1.0,0.5497632358163436,6.29309016753008,7.725718452331217,0.22525104880332947,0.2464142143726349,0.3082451820373535,0.2728264331817627,0.1535477638244629,0.1765158474445343,0.23082196712493896,0.20671936869621277,34.875,35.65833282470703,35.60000228881836,35.116668701171875,27.683334350585938,28.625,28.83333396911621,28.30000114440918,20.541667938232422,21.66666603088379,22.116666793823242,21.524999618530273,5.7465373710207616e-05,21.033453369140624,21.327667236328125,21.459832763671876,21.7200439453125,5.425000190734863,5.300000190734863,5.458333492279053,5.375,39587.73162939297,38442.93059936909,114285.14469453377,687.4,575.3,755.5,752.2,738.2,793.0,861.4,0.11626240531391001,0.0,0.0,0.0,31.943748474121094,25.62550163269043,25.766498565673828,27.407249450683594,25.23349952697754,26.312999725341797,28.059749603271484,30.736499786376953,30.113750457763672,27.629749298095703,27.900501251220703,26.173999786376953,152.14973262032086,87.19251336898395,10.299548828125,11.721703125,13.31481640625,15.095356770833334,25570.40625,29023.029296875,32707.31640625,36597.515625,80.79815967580214,91.70772058823529,103.3492960394385,115.64148145053476,5.899166584014893,5.901666641235352,6.460000038146973,6.040833473205566
CM201800000452,CMGE71FL,CM,2018.0,452.0,CM2018DHS,16622.00390625,18881.125,21406.029296875,61.5,62.82500076293945,70.7249984741211,62.95000076293945,11.031390190124512,11.580644607543945,12.648285865783691,11.393665313720703,4.5736957067689196e-05,6.817467510700226e-05,9.663812459086458e-05,39.524542236328124,37.119833374023436,38.11583251953125,37.94752807617188,14.666666984558105,14.308333396911621,13.883333206176758,13.941666603088379,2.0,2030.7,2041.1,2180.4,2353.8,2337.2,2299.2,2381.9,0.0,0.0,0.0,0.0,34.42553191489362,1725.722265625,4.0,0.0,0.0,0.03818162662593915,0.17394550069170703,30.23999938964844,29.28275146484375,29.885247802734376,29.6712646484375,8.072114179478609,56.5994840407754,-1.0,0.5597829563732453,0.5235303582992146,7.840459976604278,0.2772557735443115,0.30484241247177124,0.31661882996559143,0.31405454874038696,0.20014342665672302,0.23250052332878113,0.23727823793888092,0.2431609332561493,34.57500076293945,35.38333511352539,35.40833282470703,34.83333206176758,27.20833396911621,28.200000762939453,28.433334350585938,27.83333396911621,19.90833282470703,21.075000762939453,21.525001525878906,20.891666412353516,0.0,20.955455017089843,21.445668029785157,21.65466766357422,21.395001220703126,5.575000286102295,5.425000190734863,5.5916666984558105,5.525000095367432,33659.59493670886,25841.47142857143,151331.47936507937,607.5,566.6,712.4,716.6,670.3,769.5,799.2,0.2706531381862049,0.0,0.0,0.0,31.910499572753906,25.532501220703125,24.784250259399414,26.653751373291016,24.352001190185547,26.633501052856445,28.730501174926758,30.01849937438965,30.686500549316406,27.02950096130371,28.11825180053711,26.459501266479492,239.69786096256684,59.831550802139034,7.601956881009615,8.651629460585212,9.827483888013926,11.141677977868037,36933.43359375,41589.6171875,46483.1484375,51566.0,116.89689171122994,131.63402406417111,147.1223575367647,163.2099243816845,5.612499713897705,5.488333225250244,6.087499618530273,5.531666278839111
CM201800000453,CMGE71FL,CM,2018.0,453.0,CM2018DHS,52059.484375,59134.9609375,67042.8671875,214.2166748046875,183.73333740234375,187.99166870117188,158.0,77.4277114868164,65.03834533691406,65.19942474365234,55.764705657958984,0.24002614388099083,0.25321553303645206,0.290027196590717,26.240909576416016,24.468181610107422,26.0939998626709,25.118000030517578,9.291666984558105,8.616666793823242,8.216667175292969,8.824999809265137,2.0,4563.0,4615.0,4723.0,4518.0,4751.0,4763.0,4760.0,0.0,0.0,0.0,0.0,45.714285714285715,2697.871826171875,-807,0.0,0.0,0.08090928666925376,0.27876680897896167,21.440908432006836,20.80363655090332,21.624500274658203,21.07672691345215,1.0118590082441057,7468.700892857143,-1.0,15.385591779436384,11.557747977120536,3.279281343732561,0.24870836734771729,0.3278190791606903,0.10318002849817276,0.07365673780441284,0.22379589080810547,0.3465036153793335,0.06335184723138809,0.04471787437796593,29.91666603088379,29.891666412353516,29.84166717529297,30.008333206176758,25.241666793823242,25.558334350585938,25.71666717529297,25.575000762939453,20.625,21.275001525878906,21.625,21.183334350585938,1.6389956716763772,16.64090919494629,17.13909149169922,17.155000686645508,17.03545379638672,2.7666666507720947,2.825000047683716,2.883333444595337,2.8333334922790527,94228.47321428571,25466.55681818182,94298.59615384616,2504,2573,2740,2525,2846,2697,2070,2.2218870435442244,3.0,3.0,3.0,24.441999435424805,21.631000518798828,23.41200065612793,24.573999404907227,24.04199981689453,21.551000595092773,22.832000732421875,24.711000442504883,23.729999542236328,23.575000762939453,23.149999618530273,22.336999893188477,4.785714285714286,1.0714285714285714,503.95908900669644,573.5453404017857,651.4967215401786,738.6189313616071,1167.1622314453125,1179.6634521484375,1183.3902587890625,1178.294921875,97.24025181361607,98.28175571986607,98.59225899832589,98.16774204799107,16.11083221435547,15.800832748413086,15.84999942779541,14.629166603088379
CM201800000454,CMGE71FL,CM,2018.0,454.0,CM2018DHS,13740.205078125,15607.6572265625,17694.810546875,86.16667175292969,74.78333282470703,81.88333129882812,70.59166717529297,18.36589813232422,16.71135902404785,17.483985900878906,15.235610961914062,0.4600816567738851,0.4986548026402791,0.5547027190526327,34.457271575927734,33.48833465576172,33.244998931884766,34.58000183105469,13.77500057220459,13.375,12.733333587646484,13.041666984558105,2,2331.0,2261.0,2405.0,2495.0,2494.0,2505.0,2509.0,0.0,0.0,0.0,0.0,65.42857142857143,1835.7801513671875,-807.0,1.9668300151824951,0.0,0.04361190713508362,0.04647392863816957,27.833637237548828,27.462499618530273,27.461666107177734,28.295833587646484,1.3192332131522042,448.9708775111607,-1.0,17.122384207589285,2.4342591421944753,5.46686281476702,0.391589492559433,0.35758423805236816,0.2033555805683136,0.28046923875808716,0.3176005482673645,0.2836684584617615,0.12921074032783508,0.2118137627840042,34.93333435058594,35.65833282470703,35.54166793823242,35.19166564941406,28.03333282470703,28.941667556762695,29.141666412353516,28.641666412353516,21.15833282470703,22.28333282470703,22.808334350585938,22.149999618530273,4.242452330508475,21.209999084472656,21.43666648864746,21.678333282470703,22.011667251586914,4.691666603088379,4.474999904632568,4.683333396911621,4.633333206176758,33970.359375,61351.125,87479.45454545454,936,1047,1075,986,969,1031,889,1.0069333485194616,3.0,3.0,3.0,32.374000549316406,26.190000534057617,25.722999572753906,28.023000717163086,25.30699920654297,26.69700050354004,28.329999923706055,31.496999740600586,30.698999404907227,27.44099998474121,27.8799991607666,26.571001052856445,4.357142857142857,0.6428571428571429,146.03345598493303,166.19764927455358,188.78580147879464,214.03144182477678,644.53466796875,787.7407836914062,955.570556640625,1150.529052734375,54.21065412248884,66.25546700613839,80.37132045200893,96.76893833705357,6.864999771118164,6.494999885559082,7.234999656677246,6.4708333015441895
CM201800000455,CMGE71FL,CM,2018.0,455.0,CM2018DHS,117579.1796875,133559.53125,151419.96875,64.75,65.98333740234375,71.23333740234375,62.599998474121094,11.917177200317383,12.469291687011719,13.050381660461426,11.610509872436523,7.661543432858926e-05,0.00026348332249665564,0.0006426567141013809,36.68206509676847,35.15045166015625,35.78075894442472,36.08015025745738,14.608333587646484,14.266666412353516,13.824999809265137,13.916666984558105,2.0,2262.090909090909,2271.6363636363635,2367.818181818182,2524.909090909091,2588.7272727272725,2601.5454545454545,2594.2727272727275,0.0,0.0,0.0,0.0,34.31016042780749,1661.5274832589287,4.0,0.0,0.0,0.02529299601685338,0.165526259252584,28.88363924893466,28.170831853693183,28.65484619140625,28.597334428267047,6.480154296875,2048.224333333333,-1.0,0.6116215006510417,1.2461144205729167,8.588295572916667,0.2730086360658918,0.3096867970057896,0.3380810192653111,0.31273957661220003,0.1972768477031163,0.2392228671482631,0.26069716044834684,0.24520727566310338,33.483333587646484,34.30833435058594,34.30833435058594,33.83333206176758,26.15833282470703,27.149999618530273,27.375,26.858333587646484,18.875,20.04166603088379,20.483333587646484,19.916667938232422,0.0008170260447956236,21.085207852450285,21.191212047230113,21.52893898703835,21.11451582475142,5.433333396911621,5.291666507720947,5.458333492279053,5.391666889190674,30712.256329113923,32043.67619047619,116214.33333333333,846.4,743.0,1019.3,971.5,849.4,900.6,1036.5,2.257060546875,0.0,0.0,0.0,29.192501068115234,23.2757511138916,23.04399871826172,24.820999145507812,22.77199935913086,23.863000869750977,25.57400131225586,27.795000076293945,27.62150001525879,24.872249603271484,25.365249633789062,23.871749877929688,203.776,39.97866666666667,51.22286979166667,58.2956875,66.21872916666666,75.07391666666666,46691.47265625,53745.65234375,61404.3828125,69633.4375,147.22445833333333,169.46720833333333,193.61622916666667,219.56347916666667,5.839166641235352,5.675833225250244,6.214999675750732,5.6541666984558105
CM201800000456,CMGE71FL,CM,2018.0,456.0,CM2018DHS,37810.7734375,42949.6953125,48693.1953125,131.2083282470703,118.06666564941406,137.28334045410156,99.79166412353516,52.65886306762695,46.605262756347656,53.48701095581055,39.26229476928711,0.09642452001571655,0.14414860804875693,0.142439067363739,25.121110916137695,25.327777862548828,26.745555877685547,25.940000534057617,8.90000057220459,8.90000057220459,8.225000381469727,8.883333206176758,-9999,4185.0,4173.0,4226.0,4065.0,4297.0,4377.0,4323.0,0.0,0.0,0.0,0.0,39.86666666666667,5769.095703125,-807,0.0,0.0,0.09195496274870464,0.5104482673378935,21.594646453857422,21.863889694213867,22.70861053466797,22.43000030517578,0.5050258000691732,155.94775390625,-1.0,9.638997395833334,0.5763872782389323,2.0031163533528646,0.509636640548706,0.4015425145626068,0.2676984965801239,0.28794994950294495,0.6187999248504639,0.44422176480293274,0.2435527741909027,0.2863525450229645,28.041667938232422,28.325000762939453,28.15833282470703,28.383333206176758,23.566667556762695,23.850000381469727,24.016666412353516,23.916667938232422,19.141666412353516,19.42500114440918,19.933334350585938,19.5,1.286597021694841,18.06818199157715,18.399999618530273,18.671667098999023,18.920000076293945,2.491666793823242,2.5333333015441895,2.566666603088379,2.5416667461395264,72631.19318181818,51934.765625,172902.32142857142,1900,1890,1482,1720,1466,1526,1254,1.07825927734375,1.0,2.0,2.0,24.399999618530273,22.610000610351562,23.638999938964844,24.450000762939453,23.854999542236328,22.559999465942383,23.426000595092773,24.488000869750977,24.14000129699707,23.48200035095215,23.334999084472656,23.246999740600586,124.2,100.33333333333333,411.6290588378906,468.46649169921875,532.136474609375,603.2970581054688,116.8586654663086,131.19712829589844,146.19439697265625,161.693603515625,9.064952596028645,10.177213541666667,11.340580240885417,12.542885335286458,12.91249942779541,12.239166259765625,13.774166107177734,10.695833206176758
CM201800000457,CMGE71FL,CM,2018.0,457.0,CM2018DHS,40829.1796875,46378.33203125,52580.328125,184.0749969482422,157.89166259765625,159.22500610351562,133.5166778564453,66.13472747802734,55.40058517456055,54.90517044067383,47.402366638183594,0.11465302380648526,0.35402488708496094,0.46277679096568713,28.950000762939453,27.424999237060547,28.30666732788086,28.545000076293945,10.141666412353516,9.466667175292969,9.091667175292969,9.675000190734863,2,2883.0,2822.0,2880.0,2722.0,2845.0,2712.0,2720.0,0.0,0.0,0.0,0.0,58.142857142857146,1964.494384765625,-807,0.0,0.0,0.05333288656412489,0.1617398037471105,22.712726593017578,21.9233341217041,22.684999465942383,22.858333587646484,6.570742470877511,30081.64285714286,-1.0,25.770647321428573,96.72762625558036,3.7824628012520924,0.22969013452529907,0.4035763144493103,0.15315039455890656,0.0702873170375824,0.16871802508831024,0.36263513565063477,0.09315566718578339,0.03950145095586777,26.59166717529297,26.641666412353516,26.58333396911621,26.649999618530273,21.491666793823242,21.875,22.008333206176758,21.80000114440918,16.450000762939453,17.17500114440918,17.491666793823242,16.975000381469727,0.45193645871918775,16.475454330444336,16.421667098999023,17.06333351135254,17.171667098999023,2.7833333015441895,2.8500001430511475,2.9000000953674316,2.816666603088379,134762.5,45616.864583333336,157775.86458333334,1802,1781,1679,1822,2014,1877,1727,2.5310846056256975,3.0,3.0,3.0,23.841999053955078,21.01099967956543,21.631999969482422,24.815000534057617,23.77899932861328,21.211999893188477,22.14699935913086,24.726999282836914,23.04800033569336,22.777999877929688,21.898000717163086,21.64299964904785,5.285714285714286,0.14285714285714285,565.5874720982143,643.6833844866071,731.1672712053571,828.9435686383929,10164.5341796875,11138.373046875,12114.341796875,13077.74609375,847.5880301339286,928.7933872767857,1010.1761997767857,1090.511509486607,15.770833015441895,15.239166259765625,15.21500015258789,14.119999885559082
CM201800000458,CMGE71FL,CM,2018.0,458.0,CM2018DHS,2651.6025390625,3011.985595703125,3414.76708984375,223.85000610351562,178.51666259765625,281.04168701171875,168.1416778564453,79.23893737792969,61.557472229003906,96.91091918945312,57.6485710144043,0.005061896009878678,0.06374482133171776,0.0944030068137429,25.847999572753906,25.586666107177734,26.59000015258789,27.176666259765625,8.416666984558105,7.741666793823242,7.441667079925537,7.941667079925537,2,2383,2381,2567,2667,2577,2581,2561,0.0,0.0,0.0,0.0,42.0,2995.8017578125,-807,1.6790070533752441,0.0,0.10023685712427267,0.41313847463470443,22.396272659301758,22.915332794189453,23.981000900268555,24.155555725097656,0.3664763271808624,1591.488037109375,-1.0,4.1590399742126465,0.0514238141477108,0.6623780131340027,0.4035751521587372,0.4250270128250122,0.17276151478290558,0.13391165435314178,0.46412473917007446,0.5077288746833801,0.12959852814674377,0.09935300797224045,31.0,30.875,30.88333511352539,31.058334350585938,26.758333206176758,26.975000381469727,27.133333206176758,27.066667556762695,22.58333396911621,23.133333206176758,23.441667556762695,23.116666793823242,1.2675511678059896,18.94454574584961,20.243999481201172,21.371999740600586,21.134445190429688,2.825000047683716,2.9000000953674316,2.9000000953674316,2.9166667461395264,10338.042067307691,2544.23828125,1844.29296875,3359,3314,3532,3474,3289,3899,2533,0.0,0.0,2.0,3.0,27.42799949645996,24.86199951171875,27.052000045776367,27.819000244140625,27.131999969482422,24.961999893188477,26.239999771118164,27.6200008392334,26.985000610351562,26.621999740600586,25.911998748779297,25.41200065612793,22.1875,6.25,22.2233642578125,25.291951497395832,28.72941691080729,32.571293131510416,18536.1640625,22953.42578125,28210.955078125,34414.65625,1349.487060546875,1671.07666015625,2053.83984375,2505.487548828125,17.586666107177734,15.996665954589844,16.883333206176758,15.099165916442871
CM201800000459,CMGE71FL,CM,2018.0,459.0,CM2018DHS,37675.5,42796.03125,48518.984375,109.375,120.375,127.35000610351562,125.28334045410156,32.32758712768555,35.1459846496582,37.1824836730957,36.7579460144043,0.3186427629910983,0.4005569678086501,0.4760906879718487,31.082727432250977,30.406665802001953,29.913333892822266,31.22166633605957,13.516667366027832,12.983333587646484,12.5,12.783333778381348,1.0,2820,2807,2908,2943,3115,3064,3069,0.0,0.0,0.0,0.0,60.875,2024.000732421875,-807,0.0,0.0,0.07775729771977949,0.2763666375269149,23.166362762451172,23.349166870117188,23.12984848022461,23.939167022705078,1.245570182800293,56.318328857421875,-1.0,0.15365390479564667,0.4967728853225708,0.2030126452445984,0.3682481348514557,0.377848744392395,0.17572829127311707,0.1920371800661087,0.3250296115875244,0.3476015031337738,0.11439833790063858,0.13923582434654236,28.850000381469727,29.299999237060547,29.15833282470703,28.975000381469727,22.066667556762695,22.78333282470703,22.883333206176758,22.558334350585938,15.333333969116211,16.316667556762695,16.65833282470703,16.191667556762695,3.696319580078125,15.25,16.29166603088379,16.346363067626953,16.656665802001953,3.383333444595337,3.424999952316284,3.424999952316284,3.4083333015441895,162853.23076923078,67546.66666666667,117253.59615384616,1449,1540,1803,1577,1536,1676,1498,0.47742635011672974,3.0,3.0,3.0,24.09200096130371,21.180999755859375,20.572999954223633,22.77199935913086,21.006000518798828,21.107999801635742,21.753999710083008,24.131999969482422,22.7549991607666,21.019001007080078,21.719999313354492,21.270999908447266,3.0,0.125,376.64501953125,428.6519252232143,486.9105747767857,552.0233328683036,220.60391235351562,257.7257385253906,298.8446044921875,343.944580078125,16.153705596923828,18.8719482421875,21.88287353515625,25.185317993164062,10.146666526794434,11.72249984741211,12.706665992736816,11.679166793823242
CM201800000461,CMGE71FL,CM,2018.0,461.0,CM2018DHS,73168.078125,83112.453125,94226.78125,223.85000610351562,178.51666259765625,281.04168701171875,168.1416778564453,79.23893737792969,61.557472229003906,96.91091918945312,57.6485710144043,0.7269023486546108,0.7542224611554827,0.7753327233450753,25.709999084472656,24.203332901000977,26.666362762451172,26.016666412353516,8.416666984558105,7.741666793823242,7.441667079925537,7.941667079925537,2.0,2343,2477,2580,2756,2779,2864,2810,0.0,0.0,0.0,0.0,61.714285714285715,2995.8017578125,-807,0.0,0.0,0.05304054416991964,0.1902248762160872,22.6990909576416,22.58888816833496,24.111818313598633,23.779582977294922,0.16219541004725865,549.1999860491071,-1.0,1.0169386182512556,0.0,0.4509588990892683,0.3528392016887665,0.37430283427238464,0.13954108953475952,0.11302486062049866,0.3794374465942383,0.42185595631599426,0.09518828243017197,0.0799097865819931,31.0,30.875,30.88333511352539,31.058334350585938,26.758333206176758,26.975000381469727,27.133333206176758,27.066667556762695,22.58333396911621,23.133333206176758,23.441667556762695,23.116666793823242,9.300823343211206,19.688180923461914,20.974445343017578,21.55727195739746,21.542499542236328,2.825000047683716,2.9000000953674316,2.9000000953674316,2.9166667461395264,6621.885817307692,4364.788504464285,4078.7327473958335,3221,3502,3751,3416,3241,3850,2643,0.0,3.0,3.0,3.0,27.208248138427734,24.597938537597656,26.797937393188477,27.542268753051758,26.904123306274414,24.75154685974121,25.994844436645508,27.368040084838867,26.729896545410156,26.428865432739258,25.6989688873291,25.161855697631836,9.785714285714286,0.0,548.8835286458333,624.6729166666667,709.5731770833333,804.46171875,16218.421875,20083.353515625,24683.484375,30111.482421875,1349.487025669643,1671.0767299107142,2053.83984375,2505.487723214286,17.586666107177734,15.996665954589844,16.883333206176758,15.099165916442871
CM201800000462,CMGE71FL,CM,2018.0,462.0,CM2018DHS,2720.005859375,3089.685546875,3502.857421875,145.14166259765625,128.14166259765625,147.22500610351562,108.97500610351562,56.91830062866211,49.285255432128906,56.08571243286133,41.514286041259766,0.016452162311627314,0.02842743121660673,0.02853894692200881,25.030000686645508,25.19727325439453,25.801111221313477,25.038888931274414,8.449999809265137,8.449999809265137,7.775000095367432,8.433333396911621,-9999,3862.0,4003.0,3969.0,3861.0,3879.0,3963.0,3929.0,0.0,0.0,0.0,0.0,31.3125,5769.095703125,6,0.0,0.0,0.08392114997316384,0.46010100013274763,21.510000228881836,21.86697006225586,22.35919189453125,22.153610229492188,0.34729307889938354,187.07174682617188,-1.0,5.931011199951172,1.7241132259368896,1.2549171447753906,0.48980310559272766,0.4622350335121155,0.2554944157600403,0.24457071721553802,0.5866667628288269,0.5406492948532104,0.22689393162727356,0.2283463031053543,28.100000381469727,28.350000381469727,28.166667938232422,28.42500114440918,23.850000381469727,24.100000381469727,24.258333206176758,24.183334350585938,19.649999618530273,19.899999618530273,20.391666412353516,19.991666793823242,0.43343226114908856,17.989999771118164,18.536666870117188,18.917272567749023,19.268333435058594,2.549999952316284,2.6000001430511475,2.625,2.625,75548.08854166667,45336.83928571428,129680.17307692308,2108.0,1816.0,1850.0,1732.0,1681.0,1673.0,1384.0,0.7647873759269714,0.0,2.0,0.0,24.694000244140625,22.7549991607666,24.341999053955078,24.764999389648438,24.41900062561035,22.773000717163086,23.819000244140625,24.822999954223633,24.607999801635742,23.951000213623047,23.535999298095703,23.243999481201172,26.8125,16.9375,12.821938069661458,14.592384847005208,16.575653076171875,18.792254638671874,296.54608154296875,327.5172119140625,359.02032470703125,390.62322998046875,21.565446853637695,23.817731857299805,26.10870361328125,28.406932830810547,14.182499885559082,13.089166641235352,14.747499465942383,11.53416633605957
CM201800000463,CMGE71FL,CM,2018.0,463.0,CM2018DHS,238.03387451171875,270.3853759765625,306.54302978515625,223.85000610351562,178.51666259765625,281.04168701171875,168.1416778564453,79.23893737792969,61.557472229003906,96.91091918945312,57.6485710144043,0.0009250755668902883,0.003473127374843675,0.003938476041871674,25.514208112444198,24.064579554966517,25.144234793526785,25.438927786690847,8.416666984558105,7.741666793823242,7.441667079925537,7.941667079925537,2.0,1964.4285714285713,1969.857142857143,2021.2857142857142,1992.0,2076.1428571428573,2061.714285714286,2068.4285714285716,0.0,0.0,0.0,0.0,33.31428571428572,2995.8014914772725,-809.0,0.0,0.0,0.10256027610747322,0.46304073064905804,22.969375610351562,22.685459681919642,23.548978533063615,23.48610578264509,5.0531936174972465,28.31142664165749,-0.9691629955947136,253.29148884911893,2.3358923286068283,62.429571344988986,0.46388566493988037,0.4750383297602336,0.30754590034484863,0.2310099403063456,0.6147347688674927,0.6431355873743693,0.33836861451466876,0.23062018553415933,31.0,30.875,30.88333511352539,31.058334350585938,26.758333206176758,26.975000381469727,27.133333206176758,27.066667556762695,22.58333396911621,23.133333206176758,23.441667556762695,23.116666793823242,0.0,20.424545288085938,21.30633762904576,21.953722272600448,21.53328595842634,2.825000047683716,2.9000000953674316,2.9000000953674316,2.9166667461395264,3285.876269035533,504.11073717948716,1761.082804568528,3238.0,2823.285714285714,3065.8571428571427,3333.5714285714284,2658.5714285714284,3274.4285714285716,2025.4285714285713,0.0,0.0,0.0,0.0,27.123799641927082,24.550148010253906,26.745040893554688,27.4041748046875,26.800432840983074,24.660878499348957,25.8882573445638,27.2508061726888,26.758463541666668,26.347132364908855,25.656992594401043,25.06464385986328,371.2511210762332,182.56,0.1324895718397,0.15078365441524622,0.17127686867982278,0.19418108721316119,3438.62646484375,3535.510498046875,3607.95654296875,3654.487060546875,18.593076731139867,19.116937981828194,19.508664303414097,19.76026251032489,17.586666107177734,15.996665954589844,16.883333206176758,15.099165916442871
CM201800000465,CMGE71FL,CM,2018.0,465.0,CM2018DHS,105647.1484375,120005.8046875,136053.734375,225.9166717529297,176.19166564941406,294.9916687011719,166.97500610351562,80.44510650634766,61.46220779418945,102.9040756225586,58.0782585144043,0.9650123596191407,0.967829704284668,0.9360246658325195,29.165555953979492,26.79888916015625,28.924545288085938,29.729999542236328,8.691666603088379,8.016666412353516,7.708333492279053,8.216667175292969,2.0,2275,2246,2179,2217,2255,2254,2224,0.0,0.0,0.0,0.0,94.41666666666667,2697.871826171875,-807.0,0.0,0.0,0.0533132199080337,0.2021994392391353,24.44141387939453,23.238445281982422,24.93827247619629,25.466249465942383,0.4588892459869385,339.8271077473958,-1.0,2.3335631688435874,0.10308042168617249,0.22754518191019693,0.34999969601631165,0.3730185627937317,0.13481253385543823,0.10740933567285538,0.37443962693214417,0.42034226655960083,0.09065529704093933,0.07472863793373108,31.108333587646484,31.008333206176758,31.033334732055664,31.20833396911621,26.725000381469727,26.975000381469727,27.166667938232422,27.08333396911621,22.416667938232422,22.991666793823242,23.325000762939453,22.991666793823242,13.332835071491745,19.71727180480957,19.67799949645996,20.95199966430664,21.202499389648438,2.808333396911621,2.866666793823242,2.866666793823242,2.875,1324.6708984375,6906.4375,1032.7644708806818,3044.0,3302.0,3542.0,3182.0,3122.0,3773.0,2524.0,0.0,3.0,3.0,3.0,27.347000122070312,24.865999221801758,26.996999740600586,27.70599937438965,27.152000427246094,24.9950008392334,26.191999435424805,27.571001052856445,26.895000457763672,26.59600067138672,25.867000579833984,25.38800048828125,3.6923076923076925,0.0,1163.6288311298076,1324.301983173077,1504.2896634615386,1705.4528245192307,14789.71484375,18314.177734375,22509.078125,27458.9140625,1349.487079326923,1671.0766225961538,2053.83984375,2505.4872295673076,17.16499900817871,15.934999465942383,16.543333053588867,15.129166603088379
CM201800000466,CMGE71FL,CM,2018.0,466.0,CM2018DHS,38072.1875,43246.62890625,49029.83984375,59.650001525878906,61.81666946411133,71.66666412353516,64.28333282470703,10.780120849609375,11.394777297973633,12.85500717163086,11.652567863464355,2.0766963170080707e-05,3.42963550874658e-05,4.2854326139309014e-05,39.4292724609375,37.631500244140625,38.155999755859376,38.553271484375,14.800000190734863,14.458333969116211,14.050000190734863,14.058333396911621,2.0,2166.9,2170.4,2327.1,2441.3,2370.1,2403.8,2372.7,0.0,0.0,0.0,0.0,34.91644204851752,1731.0255208333333,4.0,0.0,0.0,0.04685877396984967,0.1819253826476897,30.333819580078124,29.810665893554688,30.19483337402344,30.32713623046875,6.926852829391892,94.79919763513513,-1.0,0.46469153326910895,1.3426808950063345,6.714474239864865,0.2526849905649821,0.2790313720703125,0.2670103073120117,0.26598162651062013,0.17652985254923503,0.20753615697224934,0.1878484567006429,0.19730820655822753,35.16666793823242,35.958335876464844,35.96666717529297,35.474998474121094,27.75,28.700000762939453,28.916667938232422,28.40833282470703,20.366666793823242,21.5,21.91666603088379,21.416667938232422,0.0,21.238363647460936,21.989834594726563,22.233665466308594,22.100999450683595,5.5333333015441895,5.425000190734863,5.574999809265137,5.516666889190674,44728.710191082806,19723.35576923077,144832.44728434505,640.3333333333334,549.75,642.25,707.0833333333334,681.25,758.1666666666666,794.9166666666666,0.36388017809068834,0.0,0.0,0.0,32.11249923706055,25.69649887084961,25.413999557495117,27.1200008392334,24.91575050354004,26.638500213623047,28.73025131225586,30.453750610351562,30.81024932861328,27.61574935913086,28.414249420166016,26.491249084472656,123.71081081081081,94.12972972972973,17.281834379155587,19.66809731341423,22.341215093085108,25.32882106050532,39699.08984375,44802.64453125,50185.359375,55797.4453125,126.95202702702703,143.2724873310811,160.4856418918919,178.43228462837837,5.445833206176758,5.662499904632568,6.06416654586792,5.56916618347168
CM201800000467,CMGE71FL,CM,2018.0,467.0,CM2018DHS,114363.1875,129906.453125,147278.375,214.2166748046875,183.73333740234375,187.99166870117188,158.0,77.4277114868164,65.03834533691406,65.19942474365234,55.764705657958984,0.45451392446245464,0.49225282669067383,0.5337076187133789,26.240909576416016,24.468181610107422,26.0939998626709,25.118000030517578,9.291666984558105,8.616666793823242,8.216667175292969,8.824999809265137,2,4563,4615,4723,4518,4751,4763,4760,0.0,0.0,0.0,0.0,60.6,2697.871826171875,-807,0.0,0.0,0.09021747104625152,0.32868427519019827,21.440908432006836,20.80363655090332,21.624500274658203,21.07672691345215,1.3898087819417317,9907.891666666666,-1.0,20.634049479166666,14.612624104817709,4.03043212890625,0.2672126293182373,0.34891319274902344,0.11646367609500885,0.08219307661056519,0.24950630962848663,0.3788815140724182,0.07410623878240585,0.05121275782585144,29.91666603088379,29.891666412353516,29.84166717529297,30.008333206176758,25.241666793823242,25.558334350585938,25.71666717529297,25.575000762939453,20.625,21.275001525878906,21.625,21.183334350585938,2.5998405844478283,16.64090919494629,17.13909149169922,17.155000686645508,17.03545379638672,2.7666666507720947,2.825000047683716,2.883333444595337,2.8333334922790527,96358.25961538461,26188.62019230769,96428.07142857143,2469,2532,2686,2462,2878,2718,1988,3.049554443359375,3.0,3.0,3.0,24.441999435424805,21.631000518798828,23.41200065612793,24.573999404907227,24.04199981689453,21.551000595092773,22.832000732421875,24.711000442504883,23.729999542236328,23.575000762939453,23.149999618530273,22.336999893188477,2.4,0.06666666666666667,1102.1498697916666,1254.3338541666667,1424.8122395833334,1615.3470052083333,1250.5,1263.893798828125,1267.8868408203125,1262.4276123046875,97.24025065104166,98.2817626953125,98.5922607421875,98.1677490234375,16.11083221435547,15.800832748413086,15.84999942779541,14.629166603088379
CM201800000468,CMGE71FL,CM,2018.0,468.0,CM2018DHS,10856.708984375,12390.90234375,14149.837890625,75.93333435058594,66.96666717529297,76.78333282470703,66.20833587646484,15.44406795501709,14.2482271194458,15.696763038635254,13.627786636352539,0.0003512797154462676,0.0016288903985489805,0.0024212591279568355,34.4345458984375,33.9068359375,34.82583312988281,35.012664794921875,13.949999809265137,13.575000762939453,12.966667175292969,13.200000762939453,2.0,2531.9,2515.9,2662.4,2817.4,2797.0,2767.5,2805.1,0.0,0.0,0.0,0.0,28.677333333333333,1835.7801339285713,4.0,0.0,0.0,0.0962066819628575,0.17383343707127205,27.94554443359375,27.8600830078125,28.418499755859376,28.6630859375,20.749184895833334,288.26233333333334,-1.0,33.5496796875,0.2972359619140625,13.715484375,0.46507283619471956,0.46365744726998465,0.281703063419887,0.34730723925999235,0.4271937097821917,0.41315085547310965,0.20683697291782924,0.2854646784918649,33.90833282470703,34.70000076293945,34.608333587646484,34.233333587646484,26.90833282470703,27.899999618530273,28.08333396911621,27.608333587646484,19.95833396911621,21.125,21.641666412353516,21.033334732055664,0.0006612479766636048,21.456546020507812,21.813333129882814,22.011166381835938,22.3135009765625,4.916666507720947,4.700000286102295,4.891666889190674,4.858333587646484,4168.6717252396165,62274.876971608835,99725.82334384858,973.1666666666666,1012.6666666666666,1107.5,1016.1666666666666,959.5,966.9166666666666,948.8333333333334,1.03102880859375,0.0,0.0,0.0,32.01233418782552,25.524668375651043,25.393333435058594,27.830001831054688,25.185333251953125,26.041666666666668,27.77966817220052,31.18199920654297,30.166666666666668,26.929667154947918,27.236000061035156,25.911333719889324,158.78133333333332,79.936,4.440139688027871,5.045800121410473,5.758428130278716,6.575151103251689,21731.421875,25275.6875,29415.962890625,34154.53125,68.30832291666667,79.44811458333334,92.4611875,107.35463541666667,6.443333148956299,5.8125,6.828332901000977,6.111666679382324
CM201800000469,CMGE71FL,CM,2018.0,469.0,CM2018DHS,35454.21484375,40272.84375,45658.3828125,69.57499694824219,70.15833282470703,74.44166564941406,65.53333282470703,13.168769836425781,13.734094619750977,14.067716598510742,12.522293090820312,0.0012011123351014842,0.0026327318276841037,0.004953926744552466,36.319091796875,35.21966552734375,35.940164184570314,35.90150146484375,14.208333969116211,13.850000381469727,13.316666603088379,13.516666412353516,2.0,2228.9,2284.9,2400.6,2546.7,2562.3,2584.9,2564.0,0.0,0.0,0.0,0.0,31.269333333333332,1661.5276041666666,4.0,0.0,0.0,0.03218944498268107,0.1622003680719843,28.727728271484374,28.16358337402344,28.64658203125,28.644915771484374,2.7182972005208335,634.03775,-1.0,6.419126953125,0.9253159993489584,5.156942057291666,0.27877464294433596,0.30290247599283854,0.20259017944335939,0.2273698647816976,0.19972124099731445,0.2292503515879313,0.12907512982686362,0.16044313112894695,33.54999923706055,34.366668701171875,34.29999923706055,33.891666412353516,26.416667938232422,27.40833282470703,27.616666793823242,27.100000381469727,19.34166717529297,20.516666412353516,20.983333587646484,20.375,0.0011981906143515523,21.13636474609375,21.107498168945312,21.352999877929687,21.388333129882813,5.2833333015441895,5.108333587646484,5.2916669845581055,5.233333587646484,25371.82380952381,74183.65384615384,75319.19488817891,953.1,913.7,1108.6,1009.4,895.9,931.9,954.7,2.171594401041667,0.0,0.0,0.0,30.223251342773438,24.236249923706055,24.354501724243164,26.14349937438965,24.043750762939453,24.678001403808594,26.166000366210938,29.263500213623047,28.099998474121094,26.04199981689453,26.15475082397461,24.59149932861328,226.608,64.464,15.84024632230718,18.02745672997008,20.477592305934177,23.215986535904257,35678.4375,40900.81640625,46538.2734375,52559.79296875,112.3354375,128.7784375,146.52839583333332,165.48754166666666,6.28416633605957,6.057499885559082,6.800833225250244,6.0908331871032715
