{
"type": "FeatureCollection",
"name": "J09_batiments_yagoua",
"xy_coordinate_resolution": 1e-06,
"features": [
{ "type": "Feature", "properties": { "confidence": 0.7887, "area_in_meters": 20.4463, "surface_m2": 20.3478839606978, "inonde": false, "classe_profondeur": null, "ordre_classe": null }, "geometry": { "type": "Point", "coordinates": [ 15.331901, 10.222613 ] } },
{ "type": "Feature", "properties": { "confidence": 0.8066, "area_in_meters": 17.7939, "surface_m2": 17.708262239902979, "inonde": false, "classe_profondeur": null, "ordre_classe": null }, "geometry": { "type": "Point", "coordinates": [ 15.337175, 10.22264 ] } },
{ "type": "Feature", "properties": { "confidence": 0.7005, "area_in_meters": 25.9845, "surface_m2": 25.85937328916043, "inonde": false, "classe_profondeur": null, "ordre_classe": null }, "geometry": { "type": "Point", "coordinates": [ 15.331922, 10.22269 ] } },
{ "type": "Feature", "properties": { "confidence": 0.7349, "area_in_meters": 20.7972, "surface_m2": 20.697095643728971, "inonde": false, "classe_profondeur": null, "ordre_classe": null }, "geometry": { "type": "Point", "coordinates": [ 15.331704, 10.222745 ] } },
{ "type": "Feature", "properties": { "confidence": 0.8159, "area_in_meters": 16.6561, "surface_m2": 16.575916243949905, "inonde": false, "classe_profondeur": null, "ordre_classe": null }, "geometry": { "type": "Point", "coordinates": [ 15.331679, 10.222766 ] } },
{ "type": "Feature", "properties": { "confidence": 0.8636, "area_in_meters": 49.895, "surface_m2": 49.654779002506984, "inonde": false, "classe_profondeur": null, "ordre_classe": null }, "geometry": { "type": "Point", "coordinates": [ 15.331796, 10.22282 ] } },
{ "type": "Feature", "properties": { "confidence": 0.7001, "area_in_meters": 8.5054, "surface_m2": 8.4645011059765238, "inonde": false, "classe_profondeur": null, "ordre_classe": null }, "geometry": { "type": "Point", "coordinates": [ 15.335312, 10.222831 ] } },
{ "type": "Feature", "properties": { "confidence": 0.7688, "area_in_meters": 12.5086, "surface_m2": 12.448411401885096, "inonde": false, "classe_profondeur": null, "ordre_classe": null }, "geometry": { "type": "Point", "coordinates": [ 15.335379, 10.222889 ] } },
{ "type": "Feature", "properties": { "confidence": 0.8017, "area_in_meters": 20.883, "surface_m2": 20.782432144449558, "inonde": false, "classe_profondeur": null, "ordre_classe": null }, "geometry": { "type": "Point", "coordinates": [ 15.332152, 10.222896 ] } },
{ "type": "Feature", "properties": { "confidence": 0.71, "area_in_meters": 15.5251, "surface_m2": 15.45032480097143, "inonde": false, "classe_profondeur": null, "ordre_classe": null }, "geometry": { "type": "Point", "coordinates": [ 15.332196, 10.223058 ] } },
{ "type": "Feature", "properties": { "confidence": 0.7711, "area_in_meters": 14.1782, "surface_m2": 14.109896154201124, "inonde": false, "classe_profondeur": null, "ordre_classe": null }, "geometry": { "type": "Point", "coordinates": [ 15.33182, 10.22324 ] } },
{ "type": "Feature", "properties": { "confidence": 0.7208, "area_in_meters": 7.5657, "surface_m2": 7.5293058420720627, "inonde": false, "classe_profondeur": null, "ordre_classe": null }, "geometry": { "type": "Point", "coordinates": [ 15.334973, 10.223287 ] } },
{ "type": "Feature", "properties": { "confidence": 0.7757, "area_in_meters": 17.4318, "surface_m2": 17.347839335503522, "inonde": false, "classe_profondeur": null, "ordre_classe": null }, "geometry": { "type": "Point", "coordinates": [ 15.334861, 10.223311 ] } },
{ "type": "Feature", "properties": { "confidence": 0.711, "area_in_meters": 14.9436, "surface_m2": 14.871676148002734, "inonde": false, "classe_profondeur": null, "ordre_classe": null }, "geometry": { "type": "Point", "coordinates": [ 15.334918, 10.223309 ] } },
{ "type": "Feature", "properties": { "confidence": 0.7938, "area_in_meters": 18.1189, "surface_m2": 18.031630108016543, "inonde": false, "classe_profondeur": null, "ordre_classe": null }, "geometry": { "type": "Point", "coordinates": [ 15.331858, 10.223323 ] } },
{ "type": "Feature", "properties": { "confidence": 0.7907, "area_in_meters": 13.9266, "surface_m2": 13.859576950693736, "inonde": false, "classe_profondeur": null, "ordre_classe": null }, "geometry": { "type": "Point", "coordinates": [ 15.335842, 10.223611 ] } },
{ "type": "Feature", "properties": { "confidence": 0.7609, "area_in_meters": 18.3252, "surface_m2": 18.236991504847538, "inonde": false, "classe_profondeur": null, "ordre_classe": null }, "geometry": { "type": "Point", "coordinates": [ 15.332303, 10.223658 ] } },
{ "type": "Feature", "properties": { "confidence": 0.7801, "area_in_meters": 15.8326, "surface_m2": 15.756402373604942, "inonde": false, "classe_profondeur": null, "ordre_classe": null }, "geometry": { "type": "Point", "coordinates": [ 15.336109, 10.223651 ] } },
{ "type": "Feature", "properties": { "confidence": 0.8336, "area_in_meters": 15.1525, "surface_m2": 15.0795343927457, "inonde": false, "classe_profondeur": null, "ordre_classe": null }, "geometry": { "type": "Point", "coordinates": [ 15.3353, 10.222901 ] } },
{ "type": "Feature", "properties": { "confidence": 0.7602, "area_in_meters": 11.7928, "surface_m2": 11.735985335311852, "inonde": false, "classe_profondeur": null, "ordre_classe": null }, "geometry": { "type": "Point", "coordinates": [ 15.336202, 10.223599 ] } },
{ "type": "Feature", "properties": { "confidence": 0.7072, "area_in_meters": 8.5801, "surface_m2": 8.5388470355064783, "inonde": false, "classe_profondeur": null, "ordre_classe": null }, "geometry": { "type": "Point", "coordinates": [ 15.33746, 10.22348 ] } },
{ "type": "Feature", "properties": { "confidence": 0.7047, "area_in_meters": 14.441, "surface_m2": 14.371508383890614, "inonde": false, "classe_profondeur": null, "ordre_classe": null }, "geometry": { "type": "Point", "coordinates": [ 15.331799, 10.22261 ] } },
{ "type": "Feature", "properties": { "confidence": 0.7552, "area_in_meters": 14.2339, "surface_m2": 14.16534817093634, "inonde": false, "classe_profondeur": null, "ordre_classe": null }, "geometry": { "type": "Point", "coordinates": [ 15.337394, 10.223423 ] } },
{ "type": "Feature", "properties": { "confidence": 0.7814, "area_in_meters": 24.6046, "surface_m2": 24.486167703857063, "inonde": false, "classe_profondeur": null, "ordre_classe": null }, "geometry": { "type": "Point", "coordinates": [ 15.331893, 10.222763 ] } },
{ "type": "Feature", "properties": { "confidence": 0.7496, "area_in_meters": 10.1731, "surface_m2": 10.124144126166357, "inonde": false, "classe_profondeur": null, "ordre_classe": null }, "geometry": { "type": "Point", "coordinates": [ 15.331854, 10.223278 ] } },
{ "type": "Feature", "properties": { "confidence": 0.7265, "area_in_meters": 17.1783, "surface_m2": 17.095615885569714, "inonde": false, "classe_profondeur": null, "ordre_classe": null }, "geometry": { "type": "Point", "coordinates": [ 15.335013, 10.223204 ] } },
{ "type": "Feature", "properties": { "confidence": 0.7612, "area_in_meters": 12.2953, "surface_m2": 12.236080895992927, "inonde": false, "classe_profondeur": null, "ordre_classe": null }, "geometry": { "type": "Point", "coordinates": [ 15.335004, 10.223375 ] } },
{ "type": "Feature", "properties": { "confidence": 0.7926, "area_in_meters": 12.5086, "surface_m2": 12.448411416669842, "inonde": false, "classe_profondeur": null, "ordre_classe": null }, "geometry": { "type": "Point", "coordinates": [ 15.336176, 10.223645 ] } },
{ "type": "Feature", "properties": { "confidence": 0.7447, "area_in_meters": 14.2505, "surface_m2": 14.181890310719609, "inonde": false, "classe_profondeur": null, "ordre_classe": null }, "geometry": { "type": "Point", "coordinates": [ 15.331727, 10.22325 ] } },
{ "type": "Feature", "properties": { "confidence": 0.8283, "area_in_meters": 18.198, "surface_m2": 18.110395410301862, "inonde": false, "classe_profondeur": null, "ordre_classe": null }, "geometry": { "type": "Point", "coordinates": [ 15.334816, 10.223176 ] } },
{ "type": "Feature", "properties": { "confidence": 0.7568, "area_in_meters": 18.4407, "surface_m2": 18.351971757947467, "inonde": false, "classe_profondeur": null, "ordre_classe": null }, "geometry": { "type": "Point", "coordinates": [ 15.336115, 10.223533 ] } },
{ "type": "Feature", "properties": { "confidence": 0.7619, "area_in_meters": 14.5961, "surface_m2": 14.525872697849991, "inonde": false, "classe_profondeur": null, "ordre_classe": null }, "geometry": { "type": "Point", "coordinates": [ 15.33624, 10.223846 ] } },
{ "type": "Feature", "properties": { "confidence": 0.8008, "area_in_meters": 14.4571, "surface_m2": 14.387541907897685, "inonde": false, "classe_profondeur": null, "ordre_classe": null }, "geometry": { "type": "Point", "coordinates": [ 15.336375, 10.223888 ] } },
{ "type": "Feature", "properties": { "confidence": 0.7603, "area_in_meters": 12.2379, "surface_m2": 12.178987609280739, "inonde": false, "classe_profondeur": null, "ordre_classe": null }, "geometry": { "type": "Point", "coordinates": [ 15.335975, 10.223907 ] } },
{ "type": "Feature", "properties": { "confidence": 0.7362, "area_in_meters": 11.217, "surface_m2": 11.16300439814222, "inonde": false, "classe_profondeur": null, "ordre_classe": null }, "geometry": { "type": "Point", "coordinates": [ 15.336029, 10.223912 ] } },
{ "type": "Feature", "properties": { "confidence": 0.8146, "area_in_meters": 16.6561, "surface_m2": 16.575916222238448, "inonde": false, "classe_profondeur": null, "ordre_classe": null }, "geometry": { "type": "Point", "coordinates": [ 15.336238, 10.223926 ] } },
{ "type": "Feature", "properties": { "confidence": 0.7968, "area_in_meters": 20.0088, "surface_m2": 19.91243630842655, "inonde": false, "classe_profondeur": null, "ordre_classe": null }, "geometry": { "type": "Point", "coordinates": [ 15.33591, 10.223934 ] } },
{ "type": "Feature", "properties": { "confidence": 0.765, "area_in_meters": 15.3838, "surface_m2": 15.309765486977994, "inonde": false, "classe_profondeur": null, "ordre_classe": null }, "geometry": { "type": "Point", "coordinates": [ 15.334297, 10.223942 ] } },
{ "type": "Feature", "properties": { "confidence": 0.7534, "area_in_meters": 12.3478, "surface_m2": 12.28834747930523, "inonde": false, "classe_profondeur": null, "ordre_classe": null }, "geometry": { "type": "Point", "coordinates": [ 15.335978, 10.223984 ] } },
{ "type": "Feature", "properties": { "confidence": 0.7961, "area_in_meters": 19.2435, "surface_m2": 19.150874420884065, "inonde": false, "classe_profondeur": null, "ordre_classe": null }, "geometry": { "type": "Point", "coordinates": [ 15.336202, 10.224019 ] } },
{ "type": "Feature", "properties": { "confidence": 0.7524, "area_in_meters": 13.0812, "surface_m2": 13.018260765820742, "inonde": false, "classe_profondeur": null, "ordre_classe": null }, "geometry": { "type": "Point", "coordinates": [ 15.334285, 10.224018 ] } },
{ "type": "Feature", "properties": { "confidence": 0.7789, "area_in_meters": 18.8796, "surface_m2": 18.788686548999976, "inonde": false, "classe_profondeur": null, "ordre_classe": null }, "geometry": { "type": "Point", "coordinates": [ 15.334508, 10.224057 ] } },
{ "type": "Feature", "properties": { "confidence": 0.7811, "area_in_meters": 12.846, "surface_m2": 12.784169660502812, "inonde": false, "classe_profondeur": null, "ordre_classe": null }, "geometry": { "type": "Point", "coordinates": [ 15.336349, 10.224129 ] } },
{ "type": "Feature", "properties": { "confidence": 0.7697, "area_in_meters": 19.7943, "surface_m2": 19.698981888592243, "inonde": false, "classe_profondeur": null, "ordre_classe": null }, "geometry": { "type": "Point", "coordinates": [ 15.335386, 10.224161 ] } },
{ "type": "Feature", "properties": { "confidence": 0.7542, "area_in_meters": 13.9135, "surface_m2": 13.846502439060714, "inonde": false, "classe_profondeur": null, "ordre_classe": null }, "geometry": { "type": "Point", "coordinates": [ 15.335414, 10.224261 ] } },
{ "type": "Feature", "properties": { "confidence": 0.7462, "area_in_meters": 12.0292, "surface_m2": 11.971258600620786, "inonde": false, "classe_profondeur": null, "ordre_classe": null }, "geometry": { "type": "Point", "coordinates": [ 15.334592, 10.224261 ] } },
{ "type": "Feature", "properties": { "confidence": 0.7111, "area_in_meters": 24.578, "surface_m2": 24.459712981304619, "inonde": false, "classe_profondeur": null, "ordre_classe": null }, "geometry": { "type": "Point", "coordinates": [ 15.335518, 10.22429 ] } },
{ "type": "Feature", "properties": { "confidence": 0.7853, "area_in_meters": 18.0274, "surface_m2": 17.940646904695313, "inonde": false, "classe_profondeur": null, "ordre_classe": null }, "geometry": { "type": "Point", "coordinates": [ 15.335271, 10.224326 ] } },
{ "type": "Feature", "properties": { "confidence": 0.7606, "area_in_meters": 17.7728, "surface_m2": 17.687240762024885, "inonde": false, "classe_profondeur": null, "ordre_classe": null }, "geometry": { "type": "Point", "coordinates": [ 15.336785, 10.224002 ] } },
{ "type": "Feature", "properties": { "confidence": 0.7167, "area_in_meters": 11.644, "surface_m2": 11.587989716092125, "inonde": false, "classe_profondeur": null, "ordre_classe": null }, "geometry": { "type": "Point", "coordinates": [ 15.336708, 10.223858 ] } },
{ "type": "Feature", "properties": { "confidence": 0.7475, "area_in_meters": 14.8724, "surface_m2": 14.800816948059946, "inonde": false, "classe_profondeur": null, "ordre_classe": null }, "geometry": { "type": "Point", "coordinates": [ 15.335591, 10.224234 ] } },
{ "type": "Feature", "properties": { "confidence": 0.7001, "area_in_meters": 15.6917, "surface_m2": 15.61620671779383, "inonde": false, "classe_profondeur": null, "ordre_classe": null }, "geometry": { "type": "Point", "coordinates": [ 15.335137, 10.224218 ] } },
{ "type": "Feature", "properties": { "confidence": 0.7517, "area_in_meters": 15.8327, "surface_m2": 15.756458450341597, "inonde": false, "classe_profondeur": null, "ordre_classe": null }, "geometry": { "type": "Point", "coordinates": [ 15.336872, 10.223917 ] } },
{ "type": "Feature", "properties": { "confidence": 0.7579, "area_in_meters": 18.102, "surface_m2": 18.014825983787887, "inonde": false, "classe_profondeur": null, "ordre_classe": null }, "geometry": { "type": "Point", "coordinates": [ 15.335945, 10.224133 ] } },
{ "type": "Feature", "properties": { "confidence": 0.7728, "area_in_meters": 10.7968, "surface_m2": 10.744804583853693, "inonde": false, "classe_profondeur": null, "ordre_classe": null }, "geometry": { "type": "Point", "coordinates": [ 15.335183, 10.224192 ] } },
{ "type": "Feature", "properties": { "confidence": 0.8015, "area_in_meters": 21.7514, "surface_m2": 21.646716941439081, "inonde": false, "classe_profondeur": null, "ordre_classe": null }, "geometry": { "type": "Point", "coordinates": [ 15.336451, 10.224212 ] } },
{ "type": "Feature", "properties": { "confidence": 0.7018, "area_in_meters": 7.3181, "surface_m2": 7.2828738694740673, "inonde": false, "classe_profondeur": null, "ordre_classe": null }, "geometry": { "type": "Point", "coordinates": [ 15.335463, 10.224296 ] } },
{ "type": "Feature", "properties": { "confidence": 0.758, "area_in_meters": 13.0087, "surface_m2": 12.946031810221029, "inonde": false, "classe_profondeur": null, "ordre_classe": null }, "geometry": { "type": "Point", "coordinates": [ 15.336061, 10.224033 ] } },
{ "type": "Feature", "properties": { "confidence": 0.7955, "area_in_meters": 19.5639, "surface_m2": 19.46967968379613, "inonde": false, "classe_profondeur": null, "ordre_classe": null }, "geometry": { "type": "Point", "coordinates": [ 15.32463, 10.224891 ] } },
{ "type": "Feature", "properties": { "confidence": 0.7501, "area_in_meters": 20.5707, "surface_m2": 20.471657814574428, "inonde": false, "classe_profondeur": null, "ordre_classe": null }, "geometry": { "type": "Point", "coordinates": [ 15.324658, 10.224737 ] } },
{ "type": "Feature", "properties": { "confidence": 0.7092, "area_in_meters": 17.0911, "surface_m2": 17.008738205229747, "inonde": false, "classe_profondeur": null, "ordre_classe": null }, "geometry": { "type": "Point", "coordinates": [ 15.32467, 10.224832 ] } },
{ "type": "Feature", "properties": { "confidence": 0.882, "area_in_meters": 33.8393, "surface_m2": 33.676338533987291, "inonde": false, "classe_profondeur": null, "ordre_classe": null }, "geometry": { "type": "Point", "coordinates": [ 15.32479, 10.225784 ] } },
{ "type": "Feature", "properties": { "confidence": 0.833, "area_in_meters": 61.8805, "surface_m2": 61.582520535623189, "inonde": false, "classe_profondeur": null, "ordre_classe": null }, "geometry": { "type": "Point", "coordinates": [ 15.324813, 10.225698 ] } },
{ "type": "Feature", "properties": { "confidence": 0.9039, "area_in_meters": 131.2721, "surface_m2": 130.6398592475889, "inonde": false, "classe_profondeur": null, "ordre_classe": null }, "geometry": { "type": "Point", "coordinates": [ 15.325012, 10.225852 ] } },
{ "type": "Feature", "properties": { "confidence": 0.7123, "area_in_meters": 46.8233, "surface_m2": 46.597845313743164, "inonde": false, "classe_profondeur": null, "ordre_classe": null }, "geometry": { "type": "Point", "coordinates": [ 15.325111, 10.225731 ] } },
{ "type": "Feature", "properties": { "confidence": 0.7784, "area_in_meters": 15.8642, "surface_m2": 15.787839828331926, "inonde": false, "classe_profondeur": null, "ordre_classe": null }, "geometry": { "type": "Point", "coordinates": [ 15.325166, 10.225742 ] } },
{ "type": "Feature", "properties": { "confidence": 0.7256, "area_in_meters": 41.5178, "surface_m2": 41.317850702384021, "inonde": false, "classe_profondeur": null, "ordre_classe": null }, "geometry": { "type": "Point", "coordinates": [ 15.325197, 10.226004 ] } },
{ "type": "Feature", "properties": { "confidence": 0.7995, "area_in_meters": 14.8396, "surface_m2": 14.768126801587641, "inonde": false, "classe_profondeur": null, "ordre_classe": null }, "geometry": { "type": "Point", "coordinates": [ 15.325218, 10.225647 ] } },
{ "type": "Feature", "properties": { "confidence": 0.7799, "area_in_meters": 17.854, "surface_m2": 17.768006208876614, "inonde": false, "classe_profondeur": null, "ordre_classe": null }, "geometry": { "type": "Point", "coordinates": [ 15.325282, 10.225645 ] } },
{ "type": "Feature", "properties": { "confidence": 0.7208, "area_in_meters": 8.3109, "surface_m2": 8.2708383747958578, "inonde": false, "classe_profondeur": null, "ordre_classe": null }, "geometry": { "type": "Point", "coordinates": [ 15.325298, 10.225756 ] } },
{ "type": "Feature", "properties": { "confidence": 0.7943, "area_in_meters": 15.7738, "surface_m2": 15.697853440418839, "inonde": false, "classe_profondeur": null, "ordre_classe": null }, "geometry": { "type": "Point", "coordinates": [ 15.325368, 10.225685 ] } },
{ "type": "Feature", "properties": { "confidence": 0.723, "area_in_meters": 18.198, "surface_m2": 18.110396669217153, "inonde": false, "classe_profondeur": null, "ordre_classe": null }, "geometry": { "type": "Point", "coordinates": [ 15.334654, 10.224953 ] } },
{ "type": "Feature", "properties": { "confidence": 0.7415, "area_in_meters": 53.6143, "surface_m2": 53.356220002286136, "inonde": false, "classe_profondeur": null, "ordre_classe": null }, "geometry": { "type": "Point", "coordinates": [ 15.335281, 10.225527 ] } },
{ "type": "Feature", "properties": { "confidence": 0.7339, "area_in_meters": 15.3684, "surface_m2": 15.294365765526891, "inonde": false, "classe_profondeur": null, "ordre_classe": null }, "geometry": { "type": "Point", "coordinates": [ 15.334204, 10.225596 ] } },
{ "type": "Feature", "properties": { "confidence": 0.7341, "area_in_meters": 6.986, "surface_m2": 6.9523220461560413, "inonde": false, "classe_profondeur": null, "ordre_classe": null }, "geometry": { "type": "Point", "coordinates": [ 15.335401, 10.225599 ] } },
{ "type": "Feature", "properties": { "confidence": 0.7341, "area_in_meters": 24.6926, "surface_m2": 24.573767329100519, "inonde": false, "classe_profondeur": null, "ordre_classe": null }, "geometry": { "type": "Point", "coordinates": [ 15.335569, 10.225694 ] } },
{ "type": "Feature", "properties": { "confidence": 0.7001, "area_in_meters": 10.4526, "surface_m2": 10.40224894246785, "inonde": false, "classe_profondeur": null, "ordre_classe": null }, "geometry": { "type": "Point", "coordinates": [ 15.335491, 10.225717 ] } },
{ "type": "Feature", "properties": { "confidence": 0.7171, "area_in_meters": 23.1051, "surface_m2": 22.993918936990667, "inonde": false, "classe_profondeur": null, "ordre_classe": null }, "geometry": { "type": "Point", "coordinates": [ 15.335294, 10.225749 ] } },
{ "type": "Feature", "properties": { "confidence": 0.7322, "area_in_meters": 15.1882, "surface_m2": 15.115044577047229, "inonde": false, "classe_profondeur": null, "ordre_classe": null }, "geometry": { "type": "Point", "coordinates": [ 15.33389, 10.226317 ] } },
{ "type": "Feature", "properties": { "confidence": 0.7028, "area_in_meters": 14.6903, "surface_m2": 14.619591061840765, "inonde": false, "classe_profondeur": null, "ordre_classe": null }, "geometry": { "type": "Point", "coordinates": [ 15.335167, 10.226641 ] } },
{ "type": "Feature", "properties": { "confidence": 0.7016, "area_in_meters": 13.2728, "surface_m2": 13.208887593704276, "inonde": false, "classe_profondeur": null, "ordre_classe": null }, "geometry": { "type": "Point", "coordinates": [ 15.335283, 10.226703 ] } },
{ "type": "Feature", "properties": { "confidence": 0.8021, "area_in_meters": 10.9048, "surface_m2": 10.852345799794421, "inonde": false, "classe_profondeur": null, "ordre_classe": null }, "geometry": { "type": "Point", "coordinates": [ 15.335421, 10.225499 ] } },
{ "type": "Feature", "properties": { "confidence": 0.7773, "area_in_meters": 16.3026, "surface_m2": 16.224160912679508, "inonde": false, "classe_profondeur": null, "ordre_classe": null }, "geometry": { "type": "Point", "coordinates": [ 15.334555, 10.224963 ] } },
{ "type": "Feature", "properties": { "confidence": 0.8225, "area_in_meters": 25.0849, "surface_m2": 24.964093707734719, "inonde": false, "classe_profondeur": null, "ordre_classe": null }, "geometry": { "type": "Point", "coordinates": [ 15.335471, 10.225465 ] } },
{ "type": "Feature", "properties": { "confidence": 0.8195, "area_in_meters": 18.5019, "surface_m2": 18.412828024331247, "inonde": false, "classe_profondeur": null, "ordre_classe": null }, "geometry": { "type": "Point", "coordinates": [ 15.328142, 10.225684 ] } },
{ "type": "Feature", "properties": { "confidence": 0.7838, "area_in_meters": 17.9642, "surface_m2": 17.877677296753973, "inonde": false, "classe_profondeur": null, "ordre_classe": null }, "geometry": { "type": "Point", "coordinates": [ 15.328247, 10.225865 ] } },
{ "type": "Feature", "properties": { "confidence": 0.7929, "area_in_meters": 17.4656, "surface_m2": 17.381519262620714, "inonde": false, "classe_profondeur": null, "ordre_classe": null }, "geometry": { "type": "Point", "coordinates": [ 15.328257, 10.225689 ] } },
{ "type": "Feature", "properties": { "confidence": 0.737, "area_in_meters": 15.5899, "surface_m2": 15.514850317267701, "inonde": false, "classe_profondeur": null, "ordre_classe": null }, "geometry": { "type": "Point", "coordinates": [ 15.328314, 10.225809 ] } },
{ "type": "Feature", "properties": { "confidence": 0.7571, "area_in_meters": 12.2798, "surface_m2": 12.220695755910128, "inonde": false, "classe_profondeur": null, "ordre_classe": null }, "geometry": { "type": "Point", "coordinates": [ 15.328348, 10.225711 ] } },
{ "type": "Feature", "properties": { "confidence": 0.7143, "area_in_meters": 19.2429, "surface_m2": 19.150265984178986, "inonde": false, "classe_profondeur": null, "ordre_classe": null }, "geometry": { "type": "Point", "coordinates": [ 15.328393, 10.225437 ] } },
{ "type": "Feature", "properties": { "confidence": 0.7122, "area_in_meters": 11.7928, "surface_m2": 11.736040864372626, "inonde": false, "classe_profondeur": null, "ordre_classe": null }, "geometry": { "type": "Point", "coordinates": [ 15.328512, 10.225511 ] } },
{ "type": "Feature", "properties": { "confidence": 0.7307, "area_in_meters": 15.1259, "surface_m2": 15.05304216753575, "inonde": false, "classe_profondeur": null, "ordre_classe": null }, "geometry": { "type": "Point", "coordinates": [ 15.328518, 10.225638 ] } },
{ "type": "Feature", "properties": { "confidence": 0.7409, "area_in_meters": 10.7187, "surface_m2": 10.667113426083233, "inonde": false, "classe_profondeur": null, "ordre_classe": null }, "geometry": { "type": "Point", "coordinates": [ 15.328568, 10.225566 ] } },
{ "type": "Feature", "properties": { "confidence": 0.7378, "area_in_meters": 7.3146, "surface_m2": 7.2794083029148169, "inonde": false, "classe_profondeur": null, "ordre_classe": null }, "geometry": { "type": "Point", "coordinates": [ 15.32858, 10.225669 ] } },
{ "type": "Feature", "properties": { "confidence": 0.7737, "area_in_meters": 12.8736, "surface_m2": 12.811654497723794, "inonde": false, "classe_profondeur": null, "ordre_classe": null }, "geometry": { "type": "Point", "coordinates": [ 15.328591, 10.225452 ] } },
{ "type": "Feature", "properties": { "confidence": 0.7247, "area_in_meters": 18.0303, "surface_m2": 17.943511276971549, "inonde": false, "classe_profondeur": null, "ordre_classe": null }, "geometry": { "type": "Point", "coordinates": [ 15.328624, 10.22565 ] } },
{ "type": "Feature", "properties": { "confidence": 0.7582, "area_in_meters": 15.3328, "surface_m2": 15.258934801444411, "inonde": false, "classe_profondeur": null, "ordre_classe": null }, "geometry": { "type": "Point", "coordinates": [ 15.328644, 10.225462 ] } },
{ "type": "Feature", "properties": { "confidence": 0.7643, "area_in_meters": 14.2604, "surface_m2": 14.191745099175023, "inonde": false, "classe_profondeur": null, "ordre_classe": null }, "geometry": { "type": "Point", "coordinates": [ 15.328648, 10.225603 ] } },
{ "type": "Feature", "properties": { "confidence": 0.7828, "area_in_meters": 14.9629, "surface_m2": 14.890834309684578, "inonde": false, "classe_profondeur": null, "ordre_classe": null }, "geometry": { "type": "Point", "coordinates": [ 15.32866, 10.225536 ] } },
{ "type": "Feature", "properties": { "confidence": 0.7259, "area_in_meters": 19.6224, "surface_m2": 19.527954047080129, "inonde": false, "classe_profondeur": null, "ordre_classe": null }, "geometry": { "type": "Point", "coordinates": [ 15.328682, 10.225132 ] } },
{ "type": "Feature", "properties": { "confidence": 0.8092, "area_in_meters": 17.7981, "surface_m2": 17.712424539466156, "inonde": false, "classe_profondeur": null, "ordre_classe": null }, "geometry": { "type": "Point", "coordinates": [ 15.328765, 10.225262 ] } },
{ "type": "Feature", "properties": { "confidence": 0.7423, "area_in_meters": 9.1825, "surface_m2": 9.1382573481532745, "inonde": false, "classe_profondeur": null, "ordre_classe": null }, "geometry": { "type": "Point", "coordinates": [ 15.328773, 10.225175 ] } },
{ "type": "Feature", "properties": { "confidence": 0.7079, "area_in_meters": 15.2869, "surface_m2": 15.213260998832993, "inonde": false, "classe_profondeur": null, "ordre_classe": null }, "geometry": { "type": "Point", "coordinates": [ 15.328892, 10.225875 ] } },
{ "type": "Feature", "properties": { "confidence": 0.7356, "area_in_meters": 10.584, "surface_m2": 10.533057474211091, "inonde": false, "classe_profondeur": null, "ordre_classe": null }, "geometry": { "type": "Point", "coordinates": [ 15.328954, 10.225932 ] } },
{ "type": "Feature", "properties": { "confidence": 0.8435, "area_in_meters": 40.3726, "surface_m2": 40.178200971800834, "inonde": false, "classe_profondeur": null, "ordre_classe": null }, "geometry": { "type": "Point", "coordinates": [ 15.329001, 10.225569 ] } },
{ "type": "Feature", "properties": { "confidence": 0.7953, "area_in_meters": 18.1274, "surface_m2": 18.040146927814931, "inonde": false, "classe_profondeur": null, "ordre_classe": null }, "geometry": { "type": "Point", "coordinates": [ 15.329008, 10.225893 ] } },
{ "type": "Feature", "properties": { "confidence": 0.7805, "area_in_meters": 18.5476, "surface_m2": 18.458328347071074, "inonde": false, "classe_profondeur": null, "ordre_classe": null }, "geometry": { "type": "Point", "coordinates": [ 15.330068, 10.224496 ] } },
{ "type": "Feature", "properties": { "confidence": 0.7259, "area_in_meters": 16.4272, "surface_m2": 16.348101360046712, "inonde": false, "classe_profondeur": null, "ordre_classe": null }, "geometry": { "type": "Point", "coordinates": [ 15.330128, 10.224333 ] } },
{ "type": "Feature", "properties": { "confidence": 0.7891, "area_in_meters": 21.432, "surface_m2": 21.328779221599689, "inonde": false, "classe_profondeur": null, "ordre_classe": null }, "geometry": { "type": "Point", "coordinates": [ 15.328774, 10.225066 ] } },
{ "type": "Feature", "properties": { "confidence": 0.7945, "area_in_meters": 19.5964, "surface_m2": 19.501993936661165, "inonde": false, "classe_profondeur": null, "ordre_classe": null }, "geometry": { "type": "Point", "coordinates": [ 15.328823, 10.225285 ] } },
{ "type": "Feature", "properties": { "confidence": 0.7458, "area_in_meters": 15.6811, "surface_m2": 15.605551463842858, "inonde": false, "classe_profondeur": null, "ordre_classe": null }, "geometry": { "type": "Point", "coordinates": [ 15.328377, 10.225553 ] } },
{ "type": "Feature", "properties": { "confidence": 0.8329, "area_in_meters": 29.6035, "surface_m2": 29.460966714774258, "inonde": false, "classe_profondeur": null, "ordre_classe": null }, "geometry": { "type": "Point", "coordinates": [ 15.328699, 10.225491 ] } },
{ "type": "Feature", "properties": { "confidence": 0.7769, "area_in_meters": 16.5814, "surface_m2": 16.501583600853337, "inonde": false, "classe_profondeur": null, "ordre_classe": null }, "geometry": { "type": "Point", "coordinates": [ 15.328551, 10.225397 ] } },
{ "type": "Feature", "properties": { "confidence": 0.8243, "area_in_meters": 20.6517, "surface_m2": 20.552229386899853, "inonde": false, "classe_profondeur": null, "ordre_classe": null }, "geometry": { "type": "Point", "coordinates": [ 15.328877, 10.225787 ] } },
{ "type": "Feature", "properties": { "confidence": 0.808, "area_in_meters": 19.2445, "surface_m2": 19.151840349077247, "inonde": false, "classe_profondeur": null, "ordre_classe": null }, "geometry": { "type": "Point", "coordinates": [ 15.32264, 10.225412 ] } },
{ "type": "Feature", "properties": { "confidence": 0.7847, "area_in_meters": 14.7867, "surface_m2": 14.715467895672191, "inonde": false, "classe_profondeur": null, "ordre_classe": null }, "geometry": { "type": "Point", "coordinates": [ 15.322599, 10.225545 ] } },
{ "type": "Feature", "properties": { "confidence": 0.7393, "area_in_meters": 12.4048, "surface_m2": 12.345207831880543, "inonde": false, "classe_profondeur": null, "ordre_classe": null }, "geometry": { "type": "Point", "coordinates": [ 15.363468, 10.230612 ] } },
{ "type": "Feature", "properties": { "confidence": 0.7493, "area_in_meters": 10.0911, "surface_m2": 10.042630091542378, "inonde": false, "classe_profondeur": null, "ordre_classe": null }, "geometry": { "type": "Point", "coordinates": [ 15.363423, 10.230621 ] } },
{ "type": "Feature", "properties": { "confidence": 0.7743, "area_in_meters": 7.8672, "surface_m2": 7.8294224154251424, "inonde": false, "classe_profondeur": null, "ordre_classe": null }, "geometry": { "type": "Point", "coordinates": [ 15.363447, 10.230626 ] } },
{ "type": "Feature", "properties": { "confidence": 0.7029, "area_in_meters": 11.8082, "surface_m2": 11.751453573408071, "inonde": false, "classe_profondeur": null, "ordre_classe": null }, "geometry": { "type": "Point", "coordinates": [ 15.363383, 10.230638 ] } },
{ "type": "Feature", "properties": { "confidence": 0.7183, "area_in_meters": 9.346, "surface_m2": 9.3010219548887108, "inonde": false, "classe_profondeur": null, "ordre_classe": null }, "geometry": { "type": "Point", "coordinates": [ 15.363527, 10.230649 ] } },
{ "type": "Feature", "properties": { "confidence": 0.7344, "area_in_meters": 11.9744, "surface_m2": 11.916813765652478, "inonde": false, "classe_profondeur": null, "ordre_classe": null }, "geometry": { "type": "Point", "coordinates": [ 15.363419, 10.23074 ] } },
{ "type": "Feature", "properties": { "confidence": 0.7806, "area_in_meters": 13.4509, "surface_m2": 13.386225392605411, "inonde": false, "classe_profondeur": null, "ordre_classe": null }, "geometry": { "type": "Point", "coordinates": [ 15.36354, 10.23076 ] } },
{ "type": "Feature", "properties": { "confidence": 0.7588, "area_in_meters": 12.59, "surface_m2": 12.529460701043718, "inonde": false, "classe_profondeur": null, "ordre_classe": null }, "geometry": { "type": "Point", "coordinates": [ 15.363646, 10.230759 ] } },
{ "type": "Feature", "properties": { "confidence": 0.8375, "area_in_meters": 21.7795, "surface_m2": 21.674745308497222, "inonde": false, "classe_profondeur": null, "ordre_classe": null }, "geometry": { "type": "Point", "coordinates": [ 15.363289, 10.230788 ] } },
{ "type": "Feature", "properties": { "confidence": 0.7386, "area_in_meters": 9.4643, "surface_m2": 9.4187541942956159, "inonde": false, "classe_profondeur": null, "ordre_classe": null }, "geometry": { "type": "Point", "coordinates": [ 15.363533, 10.230812 ] } },
{ "type": "Feature", "properties": { "confidence": 0.7329, "area_in_meters": 14.9205, "surface_m2": 14.848721046706487, "inonde": false, "classe_profondeur": null, "ordre_classe": null }, "geometry": { "type": "Point", "coordinates": [ 15.363624, 10.230857 ] } },
{ "type": "Feature", "properties": { "confidence": 0.7018, "area_in_meters": 9.2639, "surface_m2": 9.2193683504010551, "inonde": false, "classe_profondeur": null, "ordre_classe": null }, "geometry": { "type": "Point", "coordinates": [ 15.363458, 10.230887 ] } },
{ "type": "Feature", "properties": { "confidence": 0.8338, "area_in_meters": 18.2638, "surface_m2": 18.17599977098871, "inonde": false, "classe_profondeur": null, "ordre_classe": null }, "geometry": { "type": "Point", "coordinates": [ 15.363598, 10.230935 ] } },
{ "type": "Feature", "properties": { "confidence": 0.7032, "area_in_meters": 4.5679, "surface_m2": 4.5459168548950402, "inonde": false, "classe_profondeur": null, "ordre_classe": null }, "geometry": { "type": "Point", "coordinates": [ 15.363648, 10.23093 ] } },
{ "type": "Feature", "properties": { "confidence": 0.725, "area_in_meters": 15.9709, "surface_m2": 15.894118856289424, "inonde": false, "classe_profondeur": null, "ordre_classe": null }, "geometry": { "type": "Point", "coordinates": [ 15.363746, 10.230958 ] } },
{ "type": "Feature", "properties": { "confidence": 0.8247, "area_in_meters": 23.0877, "surface_m2": 22.976707131136209, "inonde": false, "classe_profondeur": null, "ordre_classe": null }, "geometry": { "type": "Point", "coordinates": [ 15.363524, 10.230975 ] } },
{ "type": "Feature", "properties": { "confidence": 0.7847, "area_in_meters": 16.217, "surface_m2": 16.13905040557438, "inonde": false, "classe_profondeur": null, "ordre_classe": null }, "geometry": { "type": "Point", "coordinates": [ 15.363429, 10.230981 ] } },
{ "type": "Feature", "properties": { "confidence": 0.7043, "area_in_meters": 11.7836, "surface_m2": 11.726958767700125, "inonde": false, "classe_profondeur": null, "ordre_classe": null }, "geometry": { "type": "Point", "coordinates": [ 15.363697, 10.230991 ] } },
{ "type": "Feature", "properties": { "confidence": 0.7051, "area_in_meters": 8.3911, "surface_m2": 8.3507095805252902, "inonde": false, "classe_profondeur": null, "ordre_classe": null }, "geometry": { "type": "Point", "coordinates": [ 15.363477, 10.230982 ] } },
{ "type": "Feature", "properties": { "confidence": 0.726, "area_in_meters": 10.2399, "surface_m2": 10.190653754791128, "inonde": false, "classe_profondeur": null, "ordre_classe": null }, "geometry": { "type": "Point", "coordinates": [ 15.363479, 10.230702 ] } },
{ "type": "Feature", "properties": { "confidence": 0.7955, "area_in_meters": 14.8509, "surface_m2": 14.779548332851846, "inonde": false, "classe_profondeur": null, "ordre_classe": null }, "geometry": { "type": "Point", "coordinates": [ 15.363626, 10.230813 ] } },
{ "type": "Feature", "properties": { "confidence": 0.7634, "area_in_meters": 10.8772, "surface_m2": 10.824937900179066, "inonde": false, "classe_profondeur": null, "ordre_classe": null }, "geometry": { "type": "Point", "coordinates": [ 15.363564, 10.230633 ] } },
{ "type": "Feature", "properties": { "confidence": 0.7112, "area_in_meters": 9.5569, "surface_m2": 9.5110045129840728, "inonde": false, "classe_profondeur": null, "ordre_classe": null }, "geometry": { "type": "Point", "coordinates": [ 15.363214, 10.256679 ] } },
{ "type": "Feature", "properties": { "confidence": 0.7086, "area_in_meters": 10.8589, "surface_m2": 10.806671622151043, "inonde": false, "classe_profondeur": null, "ordre_classe": null }, "geometry": { "type": "Point", "coordinates": [ 15.363114, 10.256849 ] } },
{ "type": "Feature", "properties": { "confidence": 0.7554, "area_in_meters": 18.0307, "surface_m2": 17.944002867443487, "inonde": false, "classe_profondeur": null, "ordre_classe": null }, "geometry": { "type": "Point", "coordinates": [ 15.363226, 10.256888 ] } },
{ "type": "Feature", "properties": { "confidence": 0.7581, "area_in_meters": 17.0763, "surface_m2": 16.994260879582725, "inonde": false, "classe_profondeur": null, "ordre_classe": null }, "geometry": { "type": "Point", "coordinates": [ 15.363281, 10.256725 ] } },
{ "type": "Feature", "properties": { "confidence": 0.7236, "area_in_meters": 11.6335, "surface_m2": 11.577589665539563, "inonde": false, "classe_profondeur": null, "ordre_classe": null }, "geometry": { "type": "Point", "coordinates": [ 15.363269, 10.256778 ] } },
{ "type": "Feature", "properties": { "confidence": 0.7112, "area_in_meters": 11.2257, "surface_m2": 11.171794032881735, "inonde": false, "classe_profondeur": null, "ordre_classe": null }, "geometry": { "type": "Point", "coordinates": [ 15.36309, 10.256829 ] } },
{ "type": "Feature", "properties": { "confidence": 0.7214, "area_in_meters": 12.2465, "surface_m2": 12.187645106925629, "inonde": false, "classe_profondeur": null, "ordre_classe": null }, "geometry": { "type": "Point", "coordinates": [ 15.363232, 10.256852 ] } },
{ "type": "Feature", "properties": { "confidence": 0.7056, "area_in_meters": 13.1454, "surface_m2": 13.082222285942407, "inonde": false, "classe_profondeur": null, "ordre_classe": null }, "geometry": { "type": "Point", "coordinates": [ 15.363154, 10.256901 ] } },
{ "type": "Feature", "properties": { "confidence": 0.7101, "area_in_meters": 10.4525, "surface_m2": 10.402252905769274, "inonde": false, "classe_profondeur": null, "ordre_classe": null }, "geometry": { "type": "Point", "coordinates": [ 15.363265, 10.256753 ] } },
{ "type": "Feature", "properties": { "confidence": 0.7178, "area_in_meters": 11.9115, "surface_m2": 11.854279404666158, "inonde": false, "classe_profondeur": null, "ordre_classe": null }, "geometry": { "type": "Point", "coordinates": [ 15.363115, 10.256872 ] } },
{ "type": "Feature", "properties": { "confidence": 0.7677, "area_in_meters": 15.1228, "surface_m2": 15.050117894104915, "inonde": false, "classe_profondeur": null, "ordre_classe": null }, "geometry": { "type": "Point", "coordinates": [ 15.363122, 10.25673 ] } },
{ "type": "Feature", "properties": { "confidence": 0.7509, "area_in_meters": 14.9742, "surface_m2": 14.902209860665607, "inonde": false, "classe_profondeur": null, "ordre_classe": null }, "geometry": { "type": "Point", "coordinates": [ 15.36322, 10.256703 ] } },
{ "type": "Feature", "properties": { "confidence": 0.7396, "area_in_meters": 12.1682, "surface_m2": 12.109724067617208, "inonde": false, "classe_profondeur": null, "ordre_classe": null }, "geometry": { "type": "Point", "coordinates": [ 15.364329, 10.228164 ] } },
{ "type": "Feature", "properties": { "confidence": 0.7902, "area_in_meters": 14.7555, "surface_m2": 14.684552549035288, "inonde": false, "classe_profondeur": null, "ordre_classe": null }, "geometry": { "type": "Point", "coordinates": [ 15.364445, 10.228165 ] } },
{ "type": "Feature", "properties": { "confidence": 0.7323, "area_in_meters": 12.6853, "surface_m2": 12.624359085573815, "inonde": false, "classe_profondeur": null, "ordre_classe": null }, "geometry": { "type": "Point", "coordinates": [ 15.364485, 10.2282 ] } },
{ "type": "Feature", "properties": { "confidence": 0.7215, "area_in_meters": 14.3031, "surface_m2": 14.234366272576153, "inonde": false, "classe_profondeur": null, "ordre_classe": null }, "geometry": { "type": "Point", "coordinates": [ 15.364318, 10.228214 ] } },
{ "type": "Feature", "properties": { "confidence": 0.7288, "area_in_meters": 13.786, "surface_m2": 13.719739373656921, "inonde": false, "classe_profondeur": null, "ordre_classe": null }, "geometry": { "type": "Point", "coordinates": [ 15.364541, 10.228228 ] } },
{ "type": "Feature", "properties": { "confidence": 0.7237, "area_in_meters": 15.0073, "surface_m2": 14.935127454402391, "inonde": false, "classe_profondeur": null, "ordre_classe": null }, "geometry": { "type": "Point", "coordinates": [ 15.364604, 10.228312 ] } },
{ "type": "Feature", "properties": { "confidence": 0.742, "area_in_meters": 18.0733, "surface_m2": 17.986381183902267, "inonde": false, "classe_profondeur": null, "ordre_classe": null }, "geometry": { "type": "Point", "coordinates": [ 15.364601, 10.228403 ] } },
{ "type": "Feature", "properties": { "confidence": 0.7361, "area_in_meters": 19.0484, "surface_m2": 18.956798257771879, "inonde": false, "classe_profondeur": null, "ordre_classe": null }, "geometry": { "type": "Point", "coordinates": [ 15.364448, 10.228526 ] } },
{ "type": "Feature", "properties": { "confidence": 0.7728, "area_in_meters": 24.5234, "surface_m2": 24.40549315768294, "inonde": false, "classe_profondeur": null, "ordre_classe": null }, "geometry": { "type": "Point", "coordinates": [ 15.362898, 10.22939 ] } },
{ "type": "Feature", "properties": { "confidence": 0.7161, "area_in_meters": 10.4583, "surface_m2": 10.407986055943184, "inonde": false, "classe_profondeur": null, "ordre_classe": null }, "geometry": { "type": "Point", "coordinates": [ 15.36303, 10.229424 ] } },
{ "type": "Feature", "properties": { "confidence": 0.7313, "area_in_meters": 15.9647, "surface_m2": 15.887988352798857, "inonde": false, "classe_profondeur": null, "ordre_classe": null }, "geometry": { "type": "Point", "coordinates": [ 15.362873, 10.229485 ] } },
{ "type": "Feature", "properties": { "confidence": 0.7545, "area_in_meters": 15.5506, "surface_m2": 15.475795940699754, "inonde": false, "classe_profondeur": null, "ordre_classe": null }, "geometry": { "type": "Point", "coordinates": [ 15.36279, 10.229344 ] } },
{ "type": "Feature", "properties": { "confidence": 0.7192, "area_in_meters": 21.9878, "surface_m2": 21.882134201732697, "inonde": false, "classe_profondeur": null, "ordre_classe": null }, "geometry": { "type": "Point", "coordinates": [ 15.36444, 10.228557 ] } },
{ "type": "Feature", "properties": { "confidence": 0.7277, "area_in_meters": 12.2264, "surface_m2": 12.167664217427955, "inonde": false, "classe_profondeur": null, "ordre_classe": null }, "geometry": { "type": "Point", "coordinates": [ 15.366301, 10.223258 ] } },
{ "type": "Feature", "properties": { "confidence": 0.7134, "area_in_meters": 14.0387, "surface_m2": 13.971191764736432, "inonde": false, "classe_profondeur": null, "ordre_classe": null }, "geometry": { "type": "Point", "coordinates": [ 15.366264, 10.223369 ] } },
{ "type": "Feature", "properties": { "confidence": 0.7611, "area_in_meters": 11.816, "surface_m2": 11.759165341296466, "inonde": false, "classe_profondeur": null, "ordre_classe": null }, "geometry": { "type": "Point", "coordinates": [ 15.365039, 10.22381 ] } },
{ "type": "Feature", "properties": { "confidence": 0.7565, "area_in_meters": 11.8982, "surface_m2": 11.84098163730232, "inonde": false, "classe_profondeur": null, "ordre_classe": null }, "geometry": { "type": "Point", "coordinates": [ 15.365174, 10.223825 ] } },
{ "type": "Feature", "properties": { "confidence": 0.7415, "area_in_meters": 10.7186, "surface_m2": 10.667076885292772, "inonde": false, "classe_profondeur": null, "ordre_classe": null }, "geometry": { "type": "Point", "coordinates": [ 15.365043, 10.223931 ] } },
{ "type": "Feature", "properties": { "confidence": 0.7343, "area_in_meters": 15.1001, "surface_m2": 15.027540682058316, "inonde": false, "classe_profondeur": null, "ordre_classe": null }, "geometry": { "type": "Point", "coordinates": [ 15.366994, 10.224097 ] } },
{ "type": "Feature", "properties": { "confidence": 0.7795, "area_in_meters": 18.8948, "surface_m2": 18.803966925828718, "inonde": false, "classe_profondeur": null, "ordre_classe": null }, "geometry": { "type": "Point", "coordinates": [ 15.365218, 10.223325 ] } },
{ "type": "Feature", "properties": { "confidence": 0.7006, "area_in_meters": 15.801, "surface_m2": 15.725057536212262, "inonde": false, "classe_profondeur": null, "ordre_classe": null }, "geometry": { "type": "Point", "coordinates": [ 15.366252, 10.22319 ] } },
{ "type": "Feature", "properties": { "confidence": 0.7462, "area_in_meters": 12.1665, "surface_m2": 12.10800141672371, "inonde": false, "classe_profondeur": null, "ordre_classe": null }, "geometry": { "type": "Point", "coordinates": [ 15.366353, 10.225798 ] } },
{ "type": "Feature", "properties": { "confidence": 0.7275, "area_in_meters": 16.0067, "surface_m2": 15.929765338543802, "inonde": false, "classe_profondeur": null, "ordre_classe": null }, "geometry": { "type": "Point", "coordinates": [ 15.366543, 10.225805 ] } },
{ "type": "Feature", "properties": { "confidence": 0.7264, "area_in_meters": 12.2614, "surface_m2": 12.202430574572645, "inonde": false, "classe_profondeur": null, "ordre_classe": null }, "geometry": { "type": "Point", "coordinates": [ 15.366385, 10.225853 ] } },
{ "type": "Feature", "properties": { "confidence": 0.7376, "area_in_meters": 15.9991, "surface_m2": 15.922154524349025, "inonde": false, "classe_profondeur": null, "ordre_classe": null }, "geometry": { "type": "Point", "coordinates": [ 15.366262, 10.226012 ] } },
{ "type": "Feature", "properties": { "confidence": 0.7379, "area_in_meters": 12.1381, "surface_m2": 12.079758272215258, "inonde": false, "classe_profondeur": null, "ordre_classe": null }, "geometry": { "type": "Point", "coordinates": [ 15.366284, 10.226643 ] } },
{ "type": "Feature", "properties": { "confidence": 0.7251, "area_in_meters": 10.2551, "surface_m2": 10.205766184255481, "inonde": false, "classe_profondeur": null, "ordre_classe": null }, "geometry": { "type": "Point", "coordinates": [ 15.365319, 10.226939 ] } },
{ "type": "Feature", "properties": { "confidence": 0.7067, "area_in_meters": 10.3561, "surface_m2": 10.306324426026549, "inonde": false, "classe_profondeur": null, "ordre_classe": null }, "geometry": { "type": "Point", "coordinates": [ 15.366361, 10.227229 ] } },
{ "type": "Feature", "properties": { "confidence": 0.7151, "area_in_meters": 12.7383, "surface_m2": 12.67701305274386, "inonde": false, "classe_profondeur": null, "ordre_classe": null }, "geometry": { "type": "Point", "coordinates": [ 15.366329, 10.227356 ] } },
{ "type": "Feature", "properties": { "confidence": 0.7188, "area_in_meters": 10.3902, "surface_m2": 10.340202889638022, "inonde": false, "classe_profondeur": null, "ordre_classe": null }, "geometry": { "type": "Point", "coordinates": [ 15.365166, 10.227493 ] } },
{ "type": "Feature", "properties": { "confidence": 0.7047, "area_in_meters": 10.9307, "surface_m2": 10.878105542789854, "inonde": false, "classe_profondeur": null, "ordre_classe": null }, "geometry": { "type": "Point", "coordinates": [ 15.365242, 10.227494 ] } },
{ "type": "Feature", "properties": { "confidence": 0.7436, "area_in_meters": 14.5288, "surface_m2": 14.458942963712616, "inonde": false, "classe_profondeur": null, "ordre_classe": null }, "geometry": { "type": "Point", "coordinates": [ 15.365315, 10.227526 ] } },
{ "type": "Feature", "properties": { "confidence": 0.7007, "area_in_meters": 10.7187, "surface_m2": 10.667129563807976, "inonde": false, "classe_profondeur": null, "ordre_classe": null }, "geometry": { "type": "Point", "coordinates": [ 15.366186, 10.227601 ] } },
{ "type": "Feature", "properties": { "confidence": 0.7341, "area_in_meters": 18.7724, "surface_m2": 18.682131125708111, "inonde": true, "classe_profondeur": null, "ordre_classe": null }, "geometry": { "type": "Point", "coordinates": [ 15.366145, 10.235103 ] } },
{ "type": "Feature", "properties": { "confidence": 0.7301, "area_in_meters": 16.0531, "surface_m2": 15.975915420160163, "inonde": false, "classe_profondeur": null, "ordre_classe": null }, "geometry": { "type": "Point", "coordinates": [ 15.365166, 10.226961 ] } },
{ "type": "Feature", "properties": { "confidence": 0.7463, "area_in_meters": 12.3989, "surface_m2": 12.339294679637533, "inonde": false, "classe_profondeur": null, "ordre_classe": null }, "geometry": { "type": "Point", "coordinates": [ 15.366454, 10.225665 ] } },
{ "type": "Feature", "properties": { "confidence": 0.7404, "area_in_meters": 13.2213, "surface_m2": 13.157701833173633, "inonde": false, "classe_profondeur": null, "ordre_classe": null }, "geometry": { "type": "Point", "coordinates": [ 15.36642, 10.227237 ] } },
{ "type": "Feature", "properties": { "confidence": 0.7281, "area_in_meters": 10.0726, "surface_m2": 10.02422894522897, "inonde": false, "classe_profondeur": null, "ordre_classe": null }, "geometry": { "type": "Point", "coordinates": [ 15.367093, 10.254461 ] } },
{ "type": "Feature", "properties": { "confidence": 0.7465, "area_in_meters": 17.4518, "surface_m2": 17.367861188729876, "inonde": false, "classe_profondeur": null, "ordre_classe": null }, "geometry": { "type": "Point", "coordinates": [ 15.339344, 10.252118 ] } },
{ "type": "Feature", "properties": { "confidence": 0.7558, "area_in_meters": 16.4689, "surface_m2": 16.389654025901109, "inonde": false, "classe_profondeur": null, "ordre_classe": null }, "geometry": { "type": "Point", "coordinates": [ 15.339524, 10.252309 ] } },
{ "type": "Feature", "properties": { "confidence": 0.7129, "area_in_meters": 74.2498, "surface_m2": 73.892635928932577, "inonde": false, "classe_profondeur": null, "ordre_classe": null }, "geometry": { "type": "Point", "coordinates": [ 15.340072, 10.252492 ] } },
{ "type": "Feature", "properties": { "confidence": 0.7187, "area_in_meters": 18.0133, "surface_m2": 17.926653934642673, "inonde": false, "classe_profondeur": null, "ordre_classe": null }, "geometry": { "type": "Point", "coordinates": [ 15.339708, 10.252705 ] } },
{ "type": "Feature", "properties": { "confidence": 0.7416, "area_in_meters": 24.3596, "surface_m2": 24.24241418854217, "inonde": false, "classe_profondeur": null, "ordre_classe": null }, "geometry": { "type": "Point", "coordinates": [ 15.338445, 10.252976 ] } },
{ "type": "Feature", "properties": { "confidence": 0.7119, "area_in_meters": 15.4905, "surface_m2": 15.416006510320585, "inonde": false, "classe_profondeur": null, "ordre_classe": null }, "geometry": { "type": "Point", "coordinates": [ 15.338329, 10.253045 ] } },
{ "type": "Feature", "properties": { "confidence": 0.7982, "area_in_meters": 33.2946, "surface_m2": 33.134412007697392, "inonde": false, "classe_profondeur": null, "ordre_classe": null }, "geometry": { "type": "Point", "coordinates": [ 15.338905, 10.253067 ] } },
{ "type": "Feature", "properties": { "confidence": 0.8, "area_in_meters": 30.769, "surface_m2": 30.620996316429228, "inonde": false, "classe_profondeur": null, "ordre_classe": null }, "geometry": { "type": "Point", "coordinates": [ 15.339852, 10.253256 ] } },
{ "type": "Feature", "properties": { "confidence": 0.7493, "area_in_meters": 12.7157, "surface_m2": 12.65447730490996, "inonde": false, "classe_profondeur": null, "ordre_classe": null }, "geometry": { "type": "Point", "coordinates": [ 15.339827, 10.253337 ] } },
{ "type": "Feature", "properties": { "confidence": 0.7046, "area_in_meters": 11.0129, "surface_m2": 10.959896516083973, "inonde": false, "classe_profondeur": null, "ordre_classe": null }, "geometry": { "type": "Point", "coordinates": [ 15.339976, 10.25336 ] } },
{ "type": "Feature", "properties": { "confidence": 0.7132, "area_in_meters": 25.1072, "surface_m2": 24.986406347947195, "inonde": false, "classe_profondeur": null, "ordre_classe": null }, "geometry": { "type": "Point", "coordinates": [ 15.339932, 10.253417 ] } },
{ "type": "Feature", "properties": { "confidence": 0.7305, "area_in_meters": 22.17, "surface_m2": 22.063323415117338, "inonde": false, "classe_profondeur": null, "ordre_classe": null }, "geometry": { "type": "Point", "coordinates": [ 15.340219, 10.253584 ] } },
{ "type": "Feature", "properties": { "confidence": 0.7931, "area_in_meters": 20.801, "surface_m2": 20.700936332286801, "inonde": false, "classe_profondeur": null, "ordre_classe": null }, "geometry": { "type": "Point", "coordinates": [ 15.338884, 10.255665 ] } },
{ "type": "Feature", "properties": { "confidence": 0.7025, "area_in_meters": 15.3878, "surface_m2": 15.313729439498275, "inonde": false, "classe_profondeur": null, "ordre_classe": null }, "geometry": { "type": "Point", "coordinates": [ 15.338872, 10.255755 ] } },
{ "type": "Feature", "properties": { "confidence": 0.7698, "area_in_meters": 18.0681, "surface_m2": 17.981211628757592, "inonde": false, "classe_profondeur": null, "ordre_classe": null }, "geometry": { "type": "Point", "coordinates": [ 15.338842, 10.253024 ] } },
{ "type": "Feature", "properties": { "confidence": 0.8057, "area_in_meters": 19.2376, "surface_m2": 19.145057241548784, "inonde": false, "classe_profondeur": null, "ordre_classe": null }, "geometry": { "type": "Point", "coordinates": [ 15.340228, 10.253249 ] } },
{ "type": "Feature", "properties": { "confidence": 0.7572, "area_in_meters": 25.501, "surface_m2": 25.37830826244317, "inonde": false, "classe_profondeur": null, "ordre_classe": null }, "geometry": { "type": "Point", "coordinates": [ 15.339795, 10.252562 ] } },
{ "type": "Feature", "properties": { "confidence": 0.7861, "area_in_meters": 24.7896, "surface_m2": 24.670353562949458, "inonde": false, "classe_profondeur": null, "ordre_classe": null }, "geometry": { "type": "Point", "coordinates": [ 15.340085, 10.253311 ] } },
{ "type": "Feature", "properties": { "confidence": 0.8321, "area_in_meters": 12.1327, "surface_m2": 12.074339494218293, "inonde": false, "classe_profondeur": null, "ordre_classe": null }, "geometry": { "type": "Point", "coordinates": [ 15.338805, 10.253058 ] } },
{ "type": "Feature", "properties": { "confidence": 0.7982, "area_in_meters": 24.5492, "surface_m2": 24.431106598698534, "inonde": false, "classe_profondeur": null, "ordre_classe": null }, "geometry": { "type": "Point", "coordinates": [ 15.34001, 10.25321 ] } },
{ "type": "Feature", "properties": { "confidence": 0.7001, "area_in_meters": 17.3368, "surface_m2": 17.253405963012483, "inonde": false, "classe_profondeur": null, "ordre_classe": null }, "geometry": { "type": "Point", "coordinates": [ 15.339991, 10.253241 ] } },
{ "type": "Feature", "properties": { "confidence": 0.7314, "area_in_meters": 19.916, "surface_m2": 19.820148624596186, "inonde": false, "classe_profondeur": null, "ordre_classe": null }, "geometry": { "type": "Point", "coordinates": [ 15.339398, 10.252322 ] } },
{ "type": "Feature", "properties": { "confidence": 0.7406, "area_in_meters": 28.1644, "surface_m2": 28.028927747393027, "inonde": false, "classe_profondeur": null, "ordre_classe": null }, "geometry": { "type": "Point", "coordinates": [ 15.339411, 10.252177 ] } },
{ "type": "Feature", "properties": { "confidence": 0.7423, "area_in_meters": 9.4525, "surface_m2": 9.4070495161146415, "inonde": false, "classe_profondeur": null, "ordre_classe": null }, "geometry": { "type": "Point", "coordinates": [ 15.343681, 10.247012 ] } },
{ "type": "Feature", "properties": { "confidence": 0.7306, "area_in_meters": 22.0084, "surface_m2": 21.902561362163397, "inonde": false, "classe_profondeur": null, "ordre_classe": null }, "geometry": { "type": "Point", "coordinates": [ 15.343883, 10.247035 ] } },
{ "type": "Feature", "properties": { "confidence": 0.7344, "area_in_meters": 14.5289, "surface_m2": 14.458952023036545, "inonde": false, "classe_profondeur": null, "ordre_classe": null }, "geometry": { "type": "Point", "coordinates": [ 15.340995, 10.247917 ] } },
{ "type": "Feature", "properties": { "confidence": 0.7112, "area_in_meters": 25.5685, "surface_m2": 25.445538382977247, "inonde": false, "classe_profondeur": null, "ordre_classe": null }, "geometry": { "type": "Point", "coordinates": [ 15.343866, 10.247998 ] } },
{ "type": "Feature", "properties": { "confidence": 0.7051, "area_in_meters": 20.9466, "surface_m2": 20.845785687750322, "inonde": false, "classe_profondeur": null, "ordre_classe": null }, "geometry": { "type": "Point", "coordinates": [ 15.342078, 10.249146 ] } },
{ "type": "Feature", "properties": { "confidence": 0.7966, "area_in_meters": 21.991, "surface_m2": 21.885234143584967, "inonde": false, "classe_profondeur": null, "ordre_classe": null }, "geometry": { "type": "Point", "coordinates": [ 15.343834, 10.249342 ] } },
{ "type": "Feature", "properties": { "confidence": 0.716, "area_in_meters": 13.3472, "surface_m2": 13.282990227569826, "inonde": false, "classe_profondeur": null, "ordre_classe": null }, "geometry": { "type": "Point", "coordinates": [ 15.343555, 10.24935 ] } },
{ "type": "Feature", "properties": { "confidence": 0.7122, "area_in_meters": 16.6686, "surface_m2": 16.588380031869747, "inonde": false, "classe_profondeur": null, "ordre_classe": null }, "geometry": { "type": "Point", "coordinates": [ 15.343906, 10.249407 ] } },
{ "type": "Feature", "properties": { "confidence": 0.729, "area_in_meters": 9.0416, "surface_m2": 8.9980688179639401, "inonde": false, "classe_profondeur": null, "ordre_classe": null }, "geometry": { "type": "Point", "coordinates": [ 15.343903, 10.249455 ] } },
{ "type": "Feature", "properties": { "confidence": 0.7085, "area_in_meters": 10.8121, "surface_m2": 10.760041660571005, "inonde": false, "classe_profondeur": null, "ordre_classe": null }, "geometry": { "type": "Point", "coordinates": [ 15.343889, 10.249471 ] } },
{ "type": "Feature", "properties": { "confidence": 0.729, "area_in_meters": 11.6395, "surface_m2": 11.583541471743956, "inonde": false, "classe_profondeur": null, "ordre_classe": null }, "geometry": { "type": "Point", "coordinates": [ 15.343873, 10.249509 ] } },
{ "type": "Feature", "properties": { "confidence": 0.7677, "area_in_meters": 13.9818, "surface_m2": 13.914518677760498, "inonde": false, "classe_profondeur": null, "ordre_classe": null }, "geometry": { "type": "Point", "coordinates": [ 15.340485, 10.249526 ] } },
{ "type": "Feature", "properties": { "confidence": 0.7487, "area_in_meters": 19.4311, "surface_m2": 19.337591820105445, "inonde": false, "classe_profondeur": null, "ordre_classe": null }, "geometry": { "type": "Point", "coordinates": [ 15.34243, 10.249541 ] } },
{ "type": "Feature", "properties": { "confidence": 0.7015, "area_in_meters": 13.2438, "surface_m2": 13.180135803937446, "inonde": false, "classe_profondeur": null, "ordre_classe": null }, "geometry": { "type": "Point", "coordinates": [ 15.343881, 10.249559 ] } },
{ "type": "Feature", "properties": { "confidence": 0.7661, "area_in_meters": 15.0212, "surface_m2": 14.948916344510508, "inonde": false, "classe_profondeur": null, "ordre_classe": null }, "geometry": { "type": "Point", "coordinates": [ 15.340429, 10.249559 ] } },
{ "type": "Feature", "properties": { "confidence": 0.7251, "area_in_meters": 21.6452, "surface_m2": 21.54109721747227, "inonde": false, "classe_profondeur": null, "ordre_classe": null }, "geometry": { "type": "Point", "coordinates": [ 15.340516, 10.249658 ] } },
{ "type": "Feature", "properties": { "confidence": 0.71, "area_in_meters": 16.0574, "surface_m2": 15.980112816439942, "inonde": false, "classe_profondeur": null, "ordre_classe": null }, "geometry": { "type": "Point", "coordinates": [ 15.341092, 10.249671 ] } },
{ "type": "Feature", "properties": { "confidence": 0.7434, "area_in_meters": 15.9895, "surface_m2": 15.912542319681961, "inonde": false, "classe_profondeur": null, "ordre_classe": null }, "geometry": { "type": "Point", "coordinates": [ 15.343989, 10.249684 ] } },
{ "type": "Feature", "properties": { "confidence": 0.7311, "area_in_meters": 13.8082, "surface_m2": 13.741804276534822, "inonde": false, "classe_profondeur": null, "ordre_classe": null }, "geometry": { "type": "Point", "coordinates": [ 15.344659, 10.252278 ] } },
{ "type": "Feature", "properties": { "confidence": 0.7407, "area_in_meters": 12.383, "surface_m2": 12.323393494123593, "inonde": false, "classe_profondeur": null, "ordre_classe": null }, "geometry": { "type": "Point", "coordinates": [ 15.344868, 10.246888 ] } },
{ "type": "Feature", "properties": { "confidence": 0.7261, "area_in_meters": 15.0015, "surface_m2": 14.929382919741329, "inonde": false, "classe_profondeur": null, "ordre_classe": null }, "geometry": { "type": "Point", "coordinates": [ 15.345269, 10.248486 ] } },
{ "type": "Feature", "properties": { "confidence": 0.712, "area_in_meters": 12.418, "surface_m2": 12.358265923336148, "inonde": false, "classe_profondeur": null, "ordre_classe": null }, "geometry": { "type": "Point", "coordinates": [ 15.3453, 10.248921 ] } },
{ "type": "Feature", "properties": { "confidence": 0.7563, "area_in_meters": 15.0636, "surface_m2": 14.991179801116232, "inonde": false, "classe_profondeur": null, "ordre_classe": null }, "geometry": { "type": "Point", "coordinates": [ 15.34534, 10.248662 ] } },
{ "type": "Feature", "properties": { "confidence": 0.7294, "area_in_meters": 13.0306, "surface_m2": 12.967959579371382, "inonde": false, "classe_profondeur": null, "ordre_classe": null }, "geometry": { "type": "Point", "coordinates": [ 15.345371, 10.248497 ] } },
{ "type": "Feature", "properties": { "confidence": 0.8013, "area_in_meters": 16.5967, "surface_m2": 16.516911967541091, "inonde": false, "classe_profondeur": null, "ordre_classe": null }, "geometry": { "type": "Point", "coordinates": [ 15.345381, 10.24821 ] } },
{ "type": "Feature", "properties": { "confidence": 0.7361, "area_in_meters": 12.1416, "surface_m2": 12.083184699469712, "inonde": false, "classe_profondeur": null, "ordre_classe": null }, "geometry": { "type": "Point", "coordinates": [ 15.345393, 10.248651 ] } },
{ "type": "Feature", "properties": { "confidence": 0.7397, "area_in_meters": 15.2276, "surface_m2": 15.154371183991316, "inonde": false, "classe_profondeur": null, "ordre_classe": null }, "geometry": { "type": "Point", "coordinates": [ 15.345426, 10.248613 ] } },
{ "type": "Feature", "properties": { "confidence": 0.757, "area_in_meters": 20.8373, "surface_m2": 20.737041345710168, "inonde": false, "classe_profondeur": null, "ordre_classe": null }, "geometry": { "type": "Point", "coordinates": [ 15.34547, 10.248099 ] } },
{ "type": "Feature", "properties": { "confidence": 0.8012, "area_in_meters": 26.533, "surface_m2": 26.405366488732398, "inonde": false, "classe_profondeur": null, "ordre_classe": null }, "geometry": { "type": "Point", "coordinates": [ 15.345472, 10.246957 ] } },
{ "type": "Feature", "properties": { "confidence": 0.8054, "area_in_meters": 18.591, "surface_m2": 18.501566598599311, "inonde": false, "classe_profondeur": null, "ordre_classe": null }, "geometry": { "type": "Point", "coordinates": [ 15.345858, 10.247575 ] } },
{ "type": "Feature", "properties": { "confidence": 0.7146, "area_in_meters": 13.5022, "surface_m2": 13.437258929508971, "inonde": false, "classe_profondeur": null, "ordre_classe": null }, "geometry": { "type": "Point", "coordinates": [ 15.345862, 10.247206 ] } },
{ "type": "Feature", "properties": { "confidence": 0.7721, "area_in_meters": 20.336, "surface_m2": 20.238174597383477, "inonde": false, "classe_profondeur": null, "ordre_classe": null }, "geometry": { "type": "Point", "coordinates": [ 15.345925, 10.247007 ] } },
{ "type": "Feature", "properties": { "confidence": 0.78, "area_in_meters": 15.1999, "surface_m2": 15.126774679520167, "inonde": false, "classe_profondeur": null, "ordre_classe": null }, "geometry": { "type": "Point", "coordinates": [ 15.345991, 10.247484 ] } },
{ "type": "Feature", "properties": { "confidence": 0.7796, "area_in_meters": 15.5155, "surface_m2": 15.440917229454499, "inonde": false, "classe_profondeur": null, "ordre_classe": null }, "geometry": { "type": "Point", "coordinates": [ 15.346021, 10.247643 ] } },
{ "type": "Feature", "properties": { "confidence": 0.7745, "area_in_meters": 11.891, "surface_m2": 11.833805844740709, "inonde": false, "classe_profondeur": null, "ordre_classe": null }, "geometry": { "type": "Point", "coordinates": [ 15.346108, 10.24695 ] } },
{ "type": "Feature", "properties": { "confidence": 0.8254, "area_in_meters": 24.4843, "surface_m2": 24.366571678605396, "inonde": false, "classe_profondeur": null, "ordre_classe": null }, "geometry": { "type": "Point", "coordinates": [ 15.344349, 10.249376 ] } },
{ "type": "Feature", "properties": { "confidence": 0.7475, "area_in_meters": 18.1471, "surface_m2": 18.059830655576661, "inonde": false, "classe_profondeur": null, "ordre_classe": null }, "geometry": { "type": "Point", "coordinates": [ 15.344867, 10.251537 ] } },
{ "type": "Feature", "properties": { "confidence": 0.7687, "area_in_meters": 16.0104, "surface_m2": 15.933384945034049, "inonde": false, "classe_profondeur": null, "ordre_classe": null }, "geometry": { "type": "Point", "coordinates": [ 15.34501, 10.251531 ] } },
{ "type": "Feature", "properties": { "confidence": 0.7908, "area_in_meters": 23.4932, "surface_m2": 23.38016505073756, "inonde": false, "classe_profondeur": null, "ordre_classe": null }, "geometry": { "type": "Point", "coordinates": [ 15.344953, 10.251572 ] } },
{ "type": "Feature", "properties": { "confidence": 0.7695, "area_in_meters": 15.1525, "surface_m2": 15.079576596966945, "inonde": true, "classe_profondeur": null, "ordre_classe": null }, "geometry": { "type": "Point", "coordinates": [ 15.344764, 10.252341 ] } },
{ "type": "Feature", "properties": { "confidence": 0.8025, "area_in_meters": 24.4236, "surface_m2": 24.30611215569661, "inonde": false, "classe_profondeur": null, "ordre_classe": null }, "geometry": { "type": "Point", "coordinates": [ 15.344449, 10.249508 ] } },
{ "type": "Feature", "properties": { "confidence": 0.7553, "area_in_meters": 24.5331, "surface_m2": 24.415053011849523, "inonde": false, "classe_profondeur": null, "ordre_classe": null }, "geometry": { "type": "Point", "coordinates": [ 15.344766, 10.25175 ] } },
{ "type": "Feature", "properties": { "confidence": 0.8286, "area_in_meters": 22.6527, "surface_m2": 22.543726537609473, "inonde": false, "classe_profondeur": null, "ordre_classe": null }, "geometry": { "type": "Point", "coordinates": [ 15.344561, 10.249285 ] } },
{ "type": "Feature", "properties": { "confidence": 0.779, "area_in_meters": 20.7634, "surface_m2": 20.663549046381377, "inonde": false, "classe_profondeur": null, "ordre_classe": null }, "geometry": { "type": "Point", "coordinates": [ 15.344364, 10.249306 ] } },
{ "type": "Feature", "properties": { "confidence": 0.7557, "area_in_meters": 17.2898, "surface_m2": 17.206666384008713, "inonde": false, "classe_profondeur": null, "ordre_classe": null }, "geometry": { "type": "Point", "coordinates": [ 15.344777, 10.252151 ] } },
{ "type": "Feature", "properties": { "confidence": 0.727, "area_in_meters": 15.6292, "surface_m2": 15.554018627852201, "inonde": true, "classe_profondeur": null, "ordre_classe": null }, "geometry": { "type": "Point", "coordinates": [ 15.344819, 10.2523 ] } },
{ "type": "Feature", "properties": { "confidence": 0.7371, "area_in_meters": 11.9199, "surface_m2": 11.862605726302718, "inonde": false, "classe_profondeur": null, "ordre_classe": null }, "geometry": { "type": "Point", "coordinates": [ 15.344575, 10.249412 ] } },
{ "type": "Feature", "properties": { "confidence": 0.7694, "area_in_meters": 20.2296, "surface_m2": 20.132344755053055, "inonde": false, "classe_profondeur": null, "ordre_classe": null }, "geometry": { "type": "Point", "coordinates": [ 15.345016, 10.251374 ] } },
{ "type": "Feature", "properties": { "confidence": 0.8049, "area_in_meters": 22.8743, "surface_m2": 22.764303994132206, "inonde": false, "classe_profondeur": null, "ordre_classe": null }, "geometry": { "type": "Point", "coordinates": [ 15.344813, 10.251463 ] } },
{ "type": "Feature", "properties": { "confidence": 0.7314, "area_in_meters": 17.126, "surface_m2": 17.043670355167706, "inonde": false, "classe_profondeur": null, "ordre_classe": null }, "geometry": { "type": "Point", "coordinates": [ 15.344872, 10.251369 ] } },
{ "type": "Feature", "properties": { "confidence": 0.8235, "area_in_meters": 20.9785, "surface_m2": 20.877616562065668, "inonde": false, "classe_profondeur": null, "ordre_classe": null }, "geometry": { "type": "Point", "coordinates": [ 15.344855, 10.251839 ] } },
{ "type": "Feature", "properties": { "confidence": 0.7963, "area_in_meters": 23.253, "surface_m2": 23.141189945265069, "inonde": false, "classe_profondeur": null, "ordre_classe": null }, "geometry": { "type": "Point", "coordinates": [ 15.344535, 10.2495 ] } },
{ "type": "Feature", "properties": { "confidence": 0.8335, "area_in_meters": 27.925, "surface_m2": 27.790659871418029, "inonde": false, "classe_profondeur": null, "ordre_classe": null }, "geometry": { "type": "Point", "coordinates": [ 15.344458, 10.249271 ] } },
{ "type": "Feature", "properties": { "confidence": 0.7712, "area_in_meters": 45.9871, "surface_m2": 45.765947277657688, "inonde": false, "classe_profondeur": null, "ordre_classe": null }, "geometry": { "type": "Point", "coordinates": [ 15.346676, 10.246027 ] } },
{ "type": "Feature", "properties": { "confidence": 0.8405, "area_in_meters": 29.6481, "surface_m2": 29.505480461928528, "inonde": false, "classe_profondeur": null, "ordre_classe": null }, "geometry": { "type": "Point", "coordinates": [ 15.346469, 10.246597 ] } },
{ "type": "Feature", "properties": { "confidence": 0.7536, "area_in_meters": 11.3093, "surface_m2": 11.254878478328465, "inonde": false, "classe_profondeur": null, "ordre_classe": null }, "geometry": { "type": "Point", "coordinates": [ 15.34653, 10.246607 ] } },
{ "type": "Feature", "properties": { "confidence": 0.8589, "area_in_meters": 34.3353, "surface_m2": 34.17015040514525, "inonde": false, "classe_profondeur": null, "ordre_classe": null }, "geometry": { "type": "Point", "coordinates": [ 15.346573, 10.246631 ] } },
{ "type": "Feature", "properties": { "confidence": 0.8522, "area_in_meters": 40.7603, "surface_m2": 40.564213247991574, "inonde": false, "classe_profondeur": null, "ordre_classe": null }, "geometry": { "type": "Point", "coordinates": [ 15.346346, 10.246652 ] } },
{ "type": "Feature", "properties": { "confidence": 0.7292, "area_in_meters": 21.6837, "surface_m2": 21.57936428906396, "inonde": false, "classe_profondeur": null, "ordre_classe": null }, "geometry": { "type": "Point", "coordinates": [ 15.346466, 10.246634 ] } },
{ "type": "Feature", "properties": { "confidence": 0.7689, "area_in_meters": 18.7823, "surface_m2": 18.691986384335905, "inonde": false, "classe_profondeur": null, "ordre_classe": null }, "geometry": { "type": "Point", "coordinates": [ 15.346395, 10.246646 ] } },
{ "type": "Feature", "properties": { "confidence": 0.7704, "area_in_meters": 52.2904, "surface_m2": 52.038898760918528, "inonde": false, "classe_profondeur": null, "ordre_classe": null }, "geometry": { "type": "Point", "coordinates": [ 15.346655, 10.246667 ] } },
{ "type": "Feature", "properties": { "confidence": 0.7205, "area_in_meters": 14.932, "surface_m2": 14.860208115540445, "inonde": false, "classe_profondeur": null, "ordre_classe": null }, "geometry": { "type": "Point", "coordinates": [ 15.346651, 10.246701 ] } },
{ "type": "Feature", "properties": { "confidence": 0.7395, "area_in_meters": 14.527, "surface_m2": 14.457140779239126, "inonde": false, "classe_profondeur": null, "ordre_classe": null }, "geometry": { "type": "Point", "coordinates": [ 15.346371, 10.246721 ] } },
{ "type": "Feature", "properties": { "confidence": 0.7625, "area_in_meters": 9.2435, "surface_m2": 9.1990670173690887, "inonde": false, "classe_profondeur": null, "ordre_classe": null }, "geometry": { "type": "Point", "coordinates": [ 15.346696, 10.246733 ] } },
{ "type": "Feature", "properties": { "confidence": 0.8703, "area_in_meters": 50.0348, "surface_m2": 49.794092421452433, "inonde": false, "classe_profondeur": null, "ordre_classe": null }, "geometry": { "type": "Point", "coordinates": [ 15.346486, 10.246743 ] } },
{ "type": "Feature", "properties": { "confidence": 0.8359, "area_in_meters": 24.385, "surface_m2": 24.267756355577148, "inonde": false, "classe_profondeur": null, "ordre_classe": null }, "geometry": { "type": "Point", "coordinates": [ 15.346669, 10.246774 ] } },
{ "type": "Feature", "properties": { "confidence": 0.791, "area_in_meters": 52.7573, "surface_m2": 52.503506592009217, "inonde": false, "classe_profondeur": null, "ordre_classe": null }, "geometry": { "type": "Point", "coordinates": [ 15.346602, 10.246843 ] } },
{ "type": "Feature", "properties": { "confidence": 0.8399, "area_in_meters": 16.0749, "surface_m2": 15.99758051673416, "inonde": false, "classe_profondeur": null, "ordre_classe": null }, "geometry": { "type": "Point", "coordinates": [ 15.345562, 10.246848 ] } },
{ "type": "Feature", "properties": { "confidence": 0.7833, "area_in_meters": 13.4466, "surface_m2": 13.381930749834282, "inonde": false, "classe_profondeur": null, "ordre_classe": null }, "geometry": { "type": "Point", "coordinates": [ 15.346442, 10.246846 ] } },
{ "type": "Feature", "properties": { "confidence": 0.7561, "area_in_meters": 9.9919, "surface_m2": 9.9438793535809964, "inonde": false, "classe_profondeur": null, "ordre_classe": null }, "geometry": { "type": "Point", "coordinates": [ 15.346712, 10.246877 ] } },
{ "type": "Feature", "properties": { "confidence": 0.8308, "area_in_meters": 26.5736, "surface_m2": 26.445753535022959, "inonde": false, "classe_profondeur": null, "ordre_classe": null }, "geometry": { "type": "Point", "coordinates": [ 15.345431, 10.246904 ] } },
{ "type": "Feature", "properties": { "confidence": 0.755, "area_in_meters": 16.2955, "surface_m2": 16.217136291204952, "inonde": false, "classe_profondeur": null, "ordre_classe": null }, "geometry": { "type": "Point", "coordinates": [ 15.345935, 10.246921 ] } },
{ "type": "Feature", "properties": { "confidence": 0.7742, "area_in_meters": 15.5725, "surface_m2": 15.497641859867144, "inonde": false, "classe_profondeur": null, "ordre_classe": null }, "geometry": { "type": "Point", "coordinates": [ 15.346735, 10.246943 ] } },
{ "type": "Feature", "properties": { "confidence": 0.7191, "area_in_meters": 10.7681, "surface_m2": 10.716273901576642, "inonde": false, "classe_profondeur": null, "ordre_classe": null }, "geometry": { "type": "Point", "coordinates": [ 15.346645, 10.246997 ] } },
{ "type": "Feature", "properties": { "confidence": 0.7343, "area_in_meters": 8.9899, "surface_m2": 8.9466604533081409, "inonde": false, "classe_profondeur": null, "ordre_classe": null }, "geometry": { "type": "Point", "coordinates": [ 15.346849, 10.246901 ] } },
{ "type": "Feature", "properties": { "confidence": 0.7124, "area_in_meters": 9.0435, "surface_m2": 9.0000000189585769, "inonde": false, "classe_profondeur": null, "ordre_classe": null }, "geometry": { "type": "Point", "coordinates": [ 15.346869, 10.245324 ] } },
{ "type": "Feature", "properties": { "confidence": 0.7551, "area_in_meters": 7.844, "surface_m2": 7.806283696583705, "inonde": false, "classe_profondeur": null, "ordre_classe": null }, "geometry": { "type": "Point", "coordinates": [ 15.346941, 10.245333 ] } },
{ "type": "Feature", "properties": { "confidence": 0.8248, "area_in_meters": 28.7272, "surface_m2": 28.588994085017475, "inonde": false, "classe_profondeur": null, "ordre_classe": null }, "geometry": { "type": "Point", "coordinates": [ 15.346642, 10.245345 ] } },
{ "type": "Feature", "properties": { "confidence": 0.7942, "area_in_meters": 25.239, "surface_m2": 25.117603862658143, "inonde": false, "classe_profondeur": null, "ordre_classe": null }, "geometry": { "type": "Point", "coordinates": [ 15.346982, 10.245368 ] } },
{ "type": "Feature", "properties": { "confidence": 0.8197, "area_in_meters": 23.2929, "surface_m2": 23.180822200723924, "inonde": false, "classe_profondeur": null, "ordre_classe": null }, "geometry": { "type": "Point", "coordinates": [ 15.346517, 10.245377 ] } },
{ "type": "Feature", "properties": { "confidence": 0.7156, "area_in_meters": 20.0454, "surface_m2": 19.949012273286936, "inonde": false, "classe_profondeur": null, "ordre_classe": null }, "geometry": { "type": "Point", "coordinates": [ 15.346638, 10.245377 ] } },
{ "type": "Feature", "properties": { "confidence": 0.7881, "area_in_meters": 17.579, "surface_m2": 17.494402629934484, "inonde": false, "classe_profondeur": null, "ordre_classe": null }, "geometry": { "type": "Point", "coordinates": [ 15.346728, 10.245403 ] } },
{ "type": "Feature", "properties": { "confidence": 0.7739, "area_in_meters": 11.9508, "surface_m2": 11.893341523740673, "inonde": false, "classe_profondeur": null, "ordre_classe": null }, "geometry": { "type": "Point", "coordinates": [ 15.34673, 10.245469 ] } },
{ "type": "Feature", "properties": { "confidence": 0.7121, "area_in_meters": 7.9721, "surface_m2": 7.9337156364053953, "inonde": false, "classe_profondeur": null, "ordre_classe": null }, "geometry": { "type": "Point", "coordinates": [ 15.346853, 10.245472 ] } },
{ "type": "Feature", "properties": { "confidence": 0.7568, "area_in_meters": 14.9514, "surface_m2": 14.879484318895265, "inonde": false, "classe_profondeur": null, "ordre_classe": null }, "geometry": { "type": "Point", "coordinates": [ 15.346997, 10.245539 ] } },
{ "type": "Feature", "properties": { "confidence": 0.7556, "area_in_meters": 14.1857, "surface_m2": 14.117487412528135, "inonde": false, "classe_profondeur": null, "ordre_classe": null }, "geometry": { "type": "Point", "coordinates": [ 15.346904, 10.245563 ] } },
{ "type": "Feature", "properties": { "confidence": 0.8073, "area_in_meters": 15.5725, "surface_m2": 15.497641861031298, "inonde": false, "classe_profondeur": null, "ordre_classe": null }, "geometry": { "type": "Point", "coordinates": [ 15.346834, 10.245573 ] } },
{ "type": "Feature", "properties": { "confidence": 0.8231, "area_in_meters": 19.5481, "surface_m2": 19.454080675553996, "inonde": false, "classe_profondeur": null, "ordre_classe": null }, "geometry": { "type": "Point", "coordinates": [ 15.346686, 10.245633 ] } },
{ "type": "Feature", "properties": { "confidence": 0.8442, "area_in_meters": 28.9176, "surface_m2": 28.778530297451653, "inonde": false, "classe_profondeur": null, "ordre_classe": null }, "geometry": { "type": "Point", "coordinates": [ 15.346514, 10.245662 ] } },
{ "type": "Feature", "properties": { "confidence": 0.7761, "area_in_meters": 27.8639, "surface_m2": 27.729869891190901, "inonde": false, "classe_profondeur": null, "ordre_classe": null }, "geometry": { "type": "Point", "coordinates": [ 15.34664, 10.245665 ] } },
{ "type": "Feature", "properties": { "confidence": 0.7008, "area_in_meters": 10.491, "surface_m2": 10.440488674037624, "inonde": false, "classe_profondeur": null, "ordre_classe": null }, "geometry": { "type": "Point", "coordinates": [ 15.346683, 10.245897 ] } },
{ "type": "Feature", "properties": { "confidence": 0.7298, "area_in_meters": 9.7718, "surface_m2": 9.7247527277795598, "inonde": false, "classe_profondeur": null, "ordre_classe": null }, "geometry": { "type": "Point", "coordinates": [ 15.346729, 10.245923 ] } },
{ "type": "Feature", "properties": { "confidence": 0.7118, "area_in_meters": 7.0346, "surface_m2": 7.0007951776206028, "inonde": false, "classe_profondeur": null, "ordre_classe": null }, "geometry": { "type": "Point", "coordinates": [ 15.345653, 10.266593 ] } },
{ "type": "Feature", "properties": { "confidence": 0.7775, "area_in_meters": 13.0602, "surface_m2": 12.997401366941631, "inonde": false, "classe_profondeur": null, "ordre_classe": null }, "geometry": { "type": "Point", "coordinates": [ 15.345726, 10.26656 ] } },
{ "type": "Feature", "properties": { "confidence": 0.732, "area_in_meters": 10.028, "surface_m2": 9.9797325745894341, "inonde": false, "classe_profondeur": null, "ordre_classe": null }, "geometry": { "type": "Point", "coordinates": [ 15.345598, 10.266561 ] } },
{ "type": "Feature", "properties": { "confidence": 0.7513, "area_in_meters": 18.6978, "surface_m2": 18.607840378419496, "inonde": false, "classe_profondeur": null, "ordre_classe": null }, "geometry": { "type": "Point", "coordinates": [ 15.34554, 10.266458 ] } },
{ "type": "Feature", "properties": { "confidence": 0.7156, "area_in_meters": 12.4703, "surface_m2": 12.410346635020687, "inonde": false, "classe_profondeur": null, "ordre_classe": null }, "geometry": { "type": "Point", "coordinates": [ 15.346371, 10.24724 ] } },
{ "type": "Feature", "properties": { "confidence": 0.82, "area_in_meters": 19.0113, "surface_m2": 18.919896371429786, "inonde": false, "classe_profondeur": null, "ordre_classe": null }, "geometry": { "type": "Point", "coordinates": [ 15.346231, 10.247249 ] } },
{ "type": "Feature", "properties": { "confidence": 0.7566, "area_in_meters": 17.3665, "surface_m2": 17.282962461758871, "inonde": false, "classe_profondeur": null, "ordre_classe": null }, "geometry": { "type": "Point", "coordinates": [ 15.346493, 10.247288 ] } },
{ "type": "Feature", "properties": { "confidence": 0.8089, "area_in_meters": 17.0613, "surface_m2": 16.979253449535463, "inonde": false, "classe_profondeur": null, "ordre_classe": null }, "geometry": { "type": "Point", "coordinates": [ 15.346311, 10.247297 ] } },
{ "type": "Feature", "properties": { "confidence": 0.8051, "area_in_meters": 20.9149, "surface_m2": 20.814281553262845, "inonde": false, "classe_profondeur": null, "ordre_classe": null }, "geometry": { "type": "Point", "coordinates": [ 15.346426, 10.247324 ] } },
{ "type": "Feature", "properties": { "confidence": 0.8237, "area_in_meters": 28.6629, "surface_m2": 28.524996291176649, "inonde": false, "classe_profondeur": null, "ordre_classe": null }, "geometry": { "type": "Point", "coordinates": [ 15.346228, 10.247392 ] } },
{ "type": "Feature", "properties": { "confidence": 0.7974, "area_in_meters": 21.3182, "surface_m2": 21.215696250816109, "inonde": false, "classe_profondeur": null, "ordre_classe": null }, "geometry": { "type": "Point", "coordinates": [ 15.346981, 10.247439 ] } },
{ "type": "Feature", "properties": { "confidence": 0.7657, "area_in_meters": 13.8427, "surface_m2": 13.776089628430782, "inonde": false, "classe_profondeur": null, "ordre_classe": null }, "geometry": { "type": "Point", "coordinates": [ 15.34769, 10.247694 ] } },
{ "type": "Feature", "properties": { "confidence": 0.8372, "area_in_meters": 25.7603, "surface_m2": 25.636420017341152, "inonde": false, "classe_profondeur": null, "ordre_classe": null }, "geometry": { "type": "Point", "coordinates": [ 15.347884, 10.247794 ] } },
{ "type": "Feature", "properties": { "confidence": 0.7283, "area_in_meters": 17.6858, "surface_m2": 17.600762202171609, "inonde": false, "classe_profondeur": null, "ordre_classe": null }, "geometry": { "type": "Point", "coordinates": [ 15.347762, 10.247886 ] } },
{ "type": "Feature", "properties": { "confidence": 0.7339, "area_in_meters": 10.4525, "surface_m2": 10.402256653644145, "inonde": false, "classe_profondeur": null, "ordre_classe": null }, "geometry": { "type": "Point", "coordinates": [ 15.347909, 10.247885 ] } },
{ "type": "Feature", "properties": { "confidence": 0.7561, "area_in_meters": 28.8585, "surface_m2": 28.719722523062956, "inonde": false, "classe_profondeur": null, "ordre_classe": null }, "geometry": { "type": "Point", "coordinates": [ 15.347861, 10.247901 ] } },
{ "type": "Feature", "properties": { "confidence": 0.7086, "area_in_meters": 9.808, "surface_m2": 9.7608074946037959, "inonde": false, "classe_profondeur": null, "ordre_classe": null }, "geometry": { "type": "Point", "coordinates": [ 15.346404, 10.247194 ] } },
{ "type": "Feature", "properties": { "confidence": 0.7836, "area_in_meters": 14.8294, "surface_m2": 14.758106302120723, "inonde": false, "classe_profondeur": null, "ordre_classe": null }, "geometry": { "type": "Point", "coordinates": [ 15.347818, 10.247776 ] } },
{ "type": "Feature", "properties": { "confidence": 0.7106, "area_in_meters": 9.6052, "surface_m2": 9.5589957746233267, "inonde": false, "classe_profondeur": null, "ordre_classe": null }, "geometry": { "type": "Point", "coordinates": [ 15.346042, 10.247582 ] } },
{ "type": "Feature", "properties": { "confidence": 0.7361, "area_in_meters": 17.3157, "surface_m2": 17.232443500513909, "inonde": false, "classe_profondeur": null, "ordre_classe": null }, "geometry": { "type": "Point", "coordinates": [ 15.347593, 10.247712 ] } },
{ "type": "Feature", "properties": { "confidence": 0.7108, "area_in_meters": 8.8371, "surface_m2": 8.794645212827163, "inonde": false, "classe_profondeur": null, "ordre_classe": null }, "geometry": { "type": "Point", "coordinates": [ 15.347797, 10.247923 ] } },
{ "type": "Feature", "properties": { "confidence": 0.7312, "area_in_meters": 13.2298, "surface_m2": 13.166162785404595, "inonde": false, "classe_profondeur": null, "ordre_classe": null }, "geometry": { "type": "Point", "coordinates": [ 15.349832, 10.245524 ] } },
{ "type": "Feature", "properties": { "confidence": 0.7654, "area_in_meters": 12.137, "surface_m2": 12.078595394821605, "inonde": false, "classe_profondeur": null, "ordre_classe": null }, "geometry": { "type": "Point", "coordinates": [ 15.349683, 10.245651 ] } },
{ "type": "Feature", "properties": { "confidence": 0.7636, "area_in_meters": 15.5784, "surface_m2": 15.503456476551946, "inonde": false, "classe_profondeur": null, "ordre_classe": null }, "geometry": { "type": "Point", "coordinates": [ 15.350172, 10.245962 ] } },
{ "type": "Feature", "properties": { "confidence": 0.786, "area_in_meters": 16.8578, "surface_m2": 16.776724789844593, "inonde": false, "classe_profondeur": null, "ordre_classe": null }, "geometry": { "type": "Point", "coordinates": [ 15.348963, 10.246106 ] } },
{ "type": "Feature", "properties": { "confidence": 0.7234, "area_in_meters": 14.204, "surface_m2": 14.135709123635024, "inonde": false, "classe_profondeur": null, "ordre_classe": null }, "geometry": { "type": "Point", "coordinates": [ 15.3489, 10.246198 ] } },
{ "type": "Feature", "properties": { "confidence": 0.723, "area_in_meters": 11.525, "surface_m2": 11.469558023032732, "inonde": false, "classe_profondeur": null, "ordre_classe": null }, "geometry": { "type": "Point", "coordinates": [ 15.349023, 10.246205 ] } },
{ "type": "Feature", "properties": { "confidence": 0.8172, "area_in_meters": 15.3097, "surface_m2": 15.23605618433794, "inonde": false, "classe_profondeur": null, "ordre_classe": null }, "geometry": { "type": "Point", "coordinates": [ 15.348964, 10.246244 ] } },
{ "type": "Feature", "properties": { "confidence": 0.7883, "area_in_meters": 17.7028, "surface_m2": 17.617662957927678, "inonde": false, "classe_profondeur": null, "ordre_classe": null }, "geometry": { "type": "Point", "coordinates": [ 15.349168, 10.246398 ] } },
{ "type": "Feature", "properties": { "confidence": 0.7431, "area_in_meters": 10.4504, "surface_m2": 10.400183314515743, "inonde": false, "classe_profondeur": null, "ordre_classe": null }, "geometry": { "type": "Point", "coordinates": [ 15.349118, 10.246424 ] } },
{ "type": "Feature", "properties": { "confidence": 0.7203, "area_in_meters": 8.0764, "surface_m2": 8.0375816251180368, "inonde": false, "classe_profondeur": null, "ordre_classe": null }, "geometry": { "type": "Point", "coordinates": [ 15.349108, 10.246463 ] } },
{ "type": "Feature", "properties": { "confidence": 0.7539, "area_in_meters": 20.7719, "surface_m2": 20.67200903086632, "inonde": false, "classe_profondeur": null, "ordre_classe": null }, "geometry": { "type": "Point", "coordinates": [ 15.349179, 10.246501 ] } },
{ "type": "Feature", "properties": { "confidence": 0.7576, "area_in_meters": 16.1757, "surface_m2": 16.097860322508495, "inonde": false, "classe_profondeur": null, "ordre_classe": null }, "geometry": { "type": "Point", "coordinates": [ 15.349443, 10.24656 ] } },
{ "type": "Feature", "properties": { "confidence": 0.7538, "area_in_meters": 143.1637, "surface_m2": 142.47523311013356, "inonde": false, "classe_profondeur": null, "ordre_classe": null }, "geometry": { "type": "Point", "coordinates": [ 15.349922, 10.250766 ] } },
{ "type": "Feature", "properties": { "confidence": 0.7833, "area_in_meters": 14.8421, "surface_m2": 14.770703371352283, "inonde": false, "classe_profondeur": null, "ordre_classe": null }, "geometry": { "type": "Point", "coordinates": [ 15.349993, 10.244145 ] } },
{ "type": "Feature", "properties": { "confidence": 0.7474, "area_in_meters": 12.5086, "surface_m2": 12.448411394550931, "inonde": false, "classe_profondeur": null, "ordre_classe": null }, "geometry": { "type": "Point", "coordinates": [ 15.349881, 10.244234 ] } },
{ "type": "Feature", "properties": { "confidence": 0.7423, "area_in_meters": 10.7968, "surface_m2": 10.744842417028849, "inonde": false, "classe_profondeur": null, "ordre_classe": null }, "geometry": { "type": "Point", "coordinates": [ 15.349938, 10.244237 ] } },
{ "type": "Feature", "properties": { "confidence": 0.7168, "area_in_meters": 9.6341, "surface_m2": 9.5877285993774422, "inonde": false, "classe_profondeur": null, "ordre_classe": null }, "geometry": { "type": "Point", "coordinates": [ 15.349403, 10.244279 ] } },
{ "type": "Feature", "properties": { "confidence": 0.7132, "area_in_meters": 15.9706, "surface_m2": 15.893778221856337, "inonde": false, "classe_profondeur": null, "ordre_classe": null }, "geometry": { "type": "Point", "coordinates": [ 15.349367, 10.24431 ] } },
{ "type": "Feature", "properties": { "confidence": 0.7922, "area_in_meters": 19.8644, "surface_m2": 19.768909723148681, "inonde": false, "classe_profondeur": null, "ordre_classe": null }, "geometry": { "type": "Point", "coordinates": [ 15.350586, 10.244334 ] } },
{ "type": "Feature", "properties": { "confidence": 0.7909, "area_in_meters": 7.851, "surface_m2": 7.8132445109949913, "inonde": false, "classe_profondeur": null, "ordre_classe": null }, "geometry": { "type": "Point", "coordinates": [ 15.350565, 10.244348 ] } },
{ "type": "Feature", "properties": { "confidence": 0.7042, "area_in_meters": 12.4439, "surface_m2": 12.384094307330088, "inonde": false, "classe_profondeur": null, "ordre_classe": null }, "geometry": { "type": "Point", "coordinates": [ 15.34954, 10.244357 ] } },
{ "type": "Feature", "properties": { "confidence": 0.9231, "area_in_meters": 218.7116, "surface_m2": 217.65980687038973, "inonde": false, "classe_profondeur": null, "ordre_classe": null }, "geometry": { "type": "Point", "coordinates": [ 15.350958, 10.244746 ] } },
{ "type": "Feature", "properties": { "confidence": 0.7187, "area_in_meters": 15.0557, "surface_m2": 14.983327983864001, "inonde": false, "classe_profondeur": null, "ordre_classe": null }, "geometry": { "type": "Point", "coordinates": [ 15.34896, 10.2447 ] } },
{ "type": "Feature", "properties": { "confidence": 0.7238, "area_in_meters": 15.5583, "surface_m2": 15.483426899649203, "inonde": false, "classe_profondeur": null, "ordre_classe": null }, "geometry": { "type": "Point", "coordinates": [ 15.348941, 10.244854 ] } },
{ "type": "Feature", "properties": { "confidence": 0.7203, "area_in_meters": 32.8063, "surface_m2": 32.648541781818494, "inonde": false, "classe_profondeur": null, "ordre_classe": null }, "geometry": { "type": "Point", "coordinates": [ 15.350533, 10.245152 ] } },
{ "type": "Feature", "properties": { "confidence": 0.7346, "area_in_meters": 18.6248, "surface_m2": 18.535181833722163, "inonde": false, "classe_profondeur": null, "ordre_classe": null }, "geometry": { "type": "Point", "coordinates": [ 15.349558, 10.2446 ] } },
{ "type": "Feature", "properties": { "confidence": 0.7117, "area_in_meters": 15.5784, "surface_m2": 15.503511153539876, "inonde": false, "classe_profondeur": null, "ordre_classe": null }, "geometry": { "type": "Point", "coordinates": [ 15.349433, 10.244509 ] } },
{ "type": "Feature", "properties": { "confidence": 0.7477, "area_in_meters": 20.2147, "surface_m2": 20.117538346617948, "inonde": false, "classe_profondeur": null, "ordre_classe": null }, "geometry": { "type": "Point", "coordinates": [ 15.351458, 10.264194 ] } },
{ "type": "Feature", "properties": { "confidence": 0.7051, "area_in_meters": 13.7128, "surface_m2": 13.646859094213141, "inonde": false, "classe_profondeur": null, "ordre_classe": null }, "geometry": { "type": "Point", "coordinates": [ 15.351409, 10.264307 ] } },
{ "type": "Feature", "properties": { "confidence": 0.7223, "area_in_meters": 11.091, "surface_m2": 11.037673886588891, "inonde": false, "classe_profondeur": null, "ordre_classe": null }, "geometry": { "type": "Point", "coordinates": [ 15.350754, 10.2653 ] } },
{ "type": "Feature", "properties": { "confidence": 0.7076, "area_in_meters": 6.9854, "surface_m2": 6.9518210110982182, "inonde": false, "classe_profondeur": null, "ordre_classe": null }, "geometry": { "type": "Point", "coordinates": [ 15.350725, 10.265355 ] } },
{ "type": "Feature", "properties": { "confidence": 0.7136, "area_in_meters": 8.5292, "surface_m2": 8.4881816634442657, "inonde": false, "classe_profondeur": null, "ordre_classe": null }, "geometry": { "type": "Point", "coordinates": [ 15.350768, 10.265371 ] } },
{ "type": "Feature", "properties": { "confidence": 0.712, "area_in_meters": 5.9302, "surface_m2": 5.9017146525657154, "inonde": false, "classe_profondeur": null, "ordre_classe": null }, "geometry": { "type": "Point", "coordinates": [ 15.350715, 10.265384 ] } },
{ "type": "Feature", "properties": { "confidence": 0.7358, "area_in_meters": 12.1416, "surface_m2": 12.083214963873615, "inonde": false, "classe_profondeur": null, "ordre_classe": null }, "geometry": { "type": "Point", "coordinates": [ 15.35071, 10.265477 ] } },
{ "type": "Feature", "properties": { "confidence": 0.7386, "area_in_meters": 13.7667, "surface_m2": 13.700487989292014, "inonde": true, "classe_profondeur": null, "ordre_classe": null }, "geometry": { "type": "Point", "coordinates": [ 15.350618, 10.265516 ] } },
{ "type": "Feature", "properties": { "confidence": 0.7615, "area_in_meters": 16.3119, "surface_m2": 16.233457303256728, "inonde": false, "classe_profondeur": null, "ordre_classe": null }, "geometry": { "type": "Point", "coordinates": [ 15.35024, 10.265717 ] } },
{ "type": "Feature", "properties": { "confidence": 0.742, "area_in_meters": 9.6507, "surface_m2": 9.6043162317437236, "inonde": false, "classe_profondeur": null, "ordre_classe": null }, "geometry": { "type": "Point", "coordinates": [ 15.35039, 10.265744 ] } },
{ "type": "Feature", "properties": { "confidence": 0.7635, "area_in_meters": 15.6231, "surface_m2": 15.547943497891538, "inonde": true, "classe_profondeur": null, "ordre_classe": null }, "geometry": { "type": "Point", "coordinates": [ 15.350441, 10.265798 ] } },
{ "type": "Feature", "properties": { "confidence": 0.7404, "area_in_meters": 8.9462, "surface_m2": 8.9032037488650531, "inonde": false, "classe_profondeur": null, "ordre_classe": null }, "geometry": { "type": "Point", "coordinates": [ 15.350329, 10.265834 ] } },
{ "type": "Feature", "properties": { "confidence": 0.7054, "area_in_meters": 12.569, "surface_m2": 12.508617316023447, "inonde": false, "classe_profondeur": null, "ordre_classe": null }, "geometry": { "type": "Point", "coordinates": [ 15.350245, 10.265859 ] } },
{ "type": "Feature", "properties": { "confidence": 0.7437, "area_in_meters": 10.6969, "surface_m2": 10.645450378069654, "inonde": false, "classe_profondeur": null, "ordre_classe": null }, "geometry": { "type": "Point", "coordinates": [ 15.350696, 10.265348 ] } },
{ "type": "Feature", "properties": { "confidence": 0.7096, "area_in_meters": 10.7214, "surface_m2": 10.669826031138655, "inonde": false, "classe_profondeur": null, "ordre_classe": null }, "geometry": { "type": "Point", "coordinates": [ 15.350659, 10.265476 ] } },
{ "type": "Feature", "properties": { "confidence": 0.7057, "area_in_meters": 7.3131, "surface_m2": 7.2779580516798887, "inonde": false, "classe_profondeur": null, "ordre_classe": null }, "geometry": { "type": "Point", "coordinates": [ 15.35162, 10.243545 ] } },
{ "type": "Feature", "properties": { "confidence": 0.7725, "area_in_meters": 9.3331, "surface_m2": 9.2881883384252433, "inonde": false, "classe_profondeur": null, "ordre_classe": null }, "geometry": { "type": "Point", "coordinates": [ 15.351702, 10.2437 ] } },
{ "type": "Feature", "properties": { "confidence": 0.7093, "area_in_meters": 11.7928, "surface_m2": 11.736048443533946, "inonde": false, "classe_profondeur": null, "ordre_classe": null }, "geometry": { "type": "Point", "coordinates": [ 15.351705, 10.243584 ] } },
{ "type": "Feature", "properties": { "confidence": 0.7237, "area_in_meters": 12.7775, "surface_m2": 12.716056526856846, "inonde": false, "classe_profondeur": null, "ordre_classe": null }, "geometry": { "type": "Point", "coordinates": [ 15.351719, 10.243604 ] } },
{ "type": "Feature", "properties": { "confidence": 0.707, "area_in_meters": 14.4275, "surface_m2": 14.358115855953656, "inonde": false, "classe_profondeur": null, "ordre_classe": null }, "geometry": { "type": "Point", "coordinates": [ 15.351925, 10.242834 ] } },
{ "type": "Feature", "properties": { "confidence": 0.7146, "area_in_meters": 9.2925, "surface_m2": 9.2478083539172076, "inonde": false, "classe_profondeur": null, "ordre_classe": null }, "geometry": { "type": "Point", "coordinates": [ 15.352051, 10.242965 ] } },
{ "type": "Feature", "properties": { "confidence": 0.7496, "area_in_meters": 21.8761, "surface_m2": 21.770917773246765, "inonde": false, "classe_profondeur": null, "ordre_classe": null }, "geometry": { "type": "Point", "coordinates": [ 15.352086, 10.242915 ] } },
{ "type": "Feature", "properties": { "confidence": 0.7318, "area_in_meters": 13.8207, "surface_m2": 13.754239144967869, "inonde": false, "classe_profondeur": null, "ordre_classe": null }, "geometry": { "type": "Point", "coordinates": [ 15.352125, 10.244093 ] } },
{ "type": "Feature", "properties": { "confidence": 0.702, "area_in_meters": 9.758, "surface_m2": 9.7110750654246658, "inonde": false, "classe_profondeur": null, "ordre_classe": null }, "geometry": { "type": "Point", "coordinates": [ 15.352132, 10.242883 ] } },
{ "type": "Feature", "properties": { "confidence": 0.731, "area_in_meters": 11.5916, "surface_m2": 11.535874680470442, "inonde": false, "classe_profondeur": null, "ordre_classe": null }, "geometry": { "type": "Point", "coordinates": [ 15.35218, 10.242883 ] } },
{ "type": "Feature", "properties": { "confidence": 0.7226, "area_in_meters": 12.8309, "surface_m2": 12.769222670511226, "inonde": false, "classe_profondeur": null, "ordre_classe": null }, "geometry": { "type": "Point", "coordinates": [ 15.351528, 10.243431 ] } },
{ "type": "Feature", "properties": { "confidence": 0.7196, "area_in_meters": 11.5813, "surface_m2": 11.525571686332114, "inonde": false, "classe_profondeur": null, "ordre_classe": null }, "geometry": { "type": "Point", "coordinates": [ 15.352945, 10.242163 ] } },
{ "type": "Feature", "properties": { "confidence": 0.7195, "area_in_meters": 10.1439, "surface_m2": 10.095082437153906, "inonde": false, "classe_profondeur": null, "ordre_classe": null }, "geometry": { "type": "Point", "coordinates": [ 15.352742, 10.242714 ] } },
{ "type": "Feature", "properties": { "confidence": 0.7505, "area_in_meters": 8.3442, "surface_m2": 8.3041189602809027, "inonde": false, "classe_profondeur": null, "ordre_classe": null }, "geometry": { "type": "Point", "coordinates": [ 15.35323, 10.243124 ] } },
{ "type": "Feature", "properties": { "confidence": 0.7342, "area_in_meters": 22.3587, "surface_m2": 22.251181932166219, "inonde": false, "classe_profondeur": null, "ordre_classe": null }, "geometry": { "type": "Point", "coordinates": [ 15.353126, 10.24308 ] } },
{ "type": "Feature", "properties": { "confidence": 0.7354, "area_in_meters": 13.6202, "surface_m2": 13.554731307725888, "inonde": false, "classe_profondeur": null, "ordre_classe": null }, "geometry": { "type": "Point", "coordinates": [ 15.353649, 10.24259 ] } },
{ "type": "Feature", "properties": { "confidence": 0.7261, "area_in_meters": 17.7798, "surface_m2": 17.694369417615235, "inonde": false, "classe_profondeur": null, "ordre_classe": null }, "geometry": { "type": "Point", "coordinates": [ 15.355661, 10.26303 ] } },
{ "type": "Feature", "properties": { "confidence": 0.705, "area_in_meters": 14.0284, "surface_m2": 13.960958802199457, "inonde": false, "classe_profondeur": null, "ordre_classe": null }, "geometry": { "type": "Point", "coordinates": [ 15.352552, 10.263313 ] } },
{ "type": "Feature", "properties": { "confidence": 0.8252, "area_in_meters": 17.0738, "surface_m2": 16.991712197806919, "inonde": false, "classe_profondeur": null, "ordre_classe": null }, "geometry": { "type": "Point", "coordinates": [ 15.354362, 10.265494 ] } },
{ "type": "Feature", "properties": { "confidence": 0.7352, "area_in_meters": 13.301, "surface_m2": 13.237113328941632, "inonde": false, "classe_profondeur": null, "ordre_classe": null }, "geometry": { "type": "Point", "coordinates": [ 15.354031, 10.266154 ] } },
{ "type": "Feature", "properties": { "confidence": 0.747, "area_in_meters": 11.2918, "surface_m2": 11.237475885136519, "inonde": false, "classe_profondeur": null, "ordre_classe": null }, "geometry": { "type": "Point", "coordinates": [ 15.354022, 10.26626 ] } },
{ "type": "Feature", "properties": { "confidence": 0.7633, "area_in_meters": 17.0143, "surface_m2": 16.932511677034199, "inonde": false, "classe_profondeur": null, "ordre_classe": null }, "geometry": { "type": "Point", "coordinates": [ 15.353446, 10.266559 ] } },
{ "type": "Feature", "properties": { "confidence": 0.7312, "area_in_meters": 12.9879, "surface_m2": 12.925485223531723, "inonde": false, "classe_profondeur": null, "ordre_classe": null }, "geometry": { "type": "Point", "coordinates": [ 15.354673, 10.267397 ] } },
{ "type": "Feature", "properties": { "confidence": 0.7519, "area_in_meters": 14.1481, "surface_m2": 14.080120813523536, "inonde": false, "classe_profondeur": null, "ordre_classe": null }, "geometry": { "type": "Point", "coordinates": [ 15.353537, 10.266601 ] } },
{ "type": "Feature", "properties": { "confidence": 0.7107, "area_in_meters": 22.1761, "surface_m2": 22.069548619561829, "inonde": false, "classe_profondeur": null, "ordre_classe": null }, "geometry": { "type": "Point", "coordinates": [ 15.354618, 10.267399 ] } },
{ "type": "Feature", "properties": { "confidence": 0.8008, "area_in_meters": 21.0568, "surface_m2": 20.955537265188468, "inonde": false, "classe_profondeur": null, "ordre_classe": null }, "geometry": { "type": "Point", "coordinates": [ 15.35462, 10.265398 ] } },
{ "type": "Feature", "properties": { "confidence": 0.7832, "area_in_meters": 13.9265, "surface_m2": 13.8595507821301, "inonde": false, "classe_profondeur": null, "ordre_classe": null }, "geometry": { "type": "Point", "coordinates": [ 15.354319, 10.265584 ] } },
{ "type": "Feature", "properties": { "confidence": 0.729, "area_in_meters": 11.1257, "surface_m2": 11.072174199682195, "inonde": false, "classe_profondeur": null, "ordre_classe": null }, "geometry": { "type": "Point", "coordinates": [ 15.353548, 10.266438 ] } },
{ "type": "Feature", "properties": { "confidence": 0.7697, "area_in_meters": 15.6804, "surface_m2": 15.605026610312052, "inonde": false, "classe_profondeur": null, "ordre_classe": null }, "geometry": { "type": "Point", "coordinates": [ 15.35584, 10.239899 ] } },
{ "type": "Feature", "properties": { "confidence": 0.7355, "area_in_meters": 21.1062, "surface_m2": 21.004658699734136, "inonde": false, "classe_profondeur": null, "ordre_classe": null }, "geometry": { "type": "Point", "coordinates": [ 15.35475, 10.240805 ] } },
{ "type": "Feature", "properties": { "confidence": 0.7247, "area_in_meters": 10.7186, "surface_m2": 10.667060733831022, "inonde": false, "classe_profondeur": null, "ordre_classe": null }, "geometry": { "type": "Point", "coordinates": [ 15.35439, 10.240878 ] } },
{ "type": "Feature", "properties": { "confidence": 0.709, "area_in_meters": 15.7218, "surface_m2": 15.646204987773672, "inonde": false, "classe_profondeur": null, "ordre_classe": null }, "geometry": { "type": "Point", "coordinates": [ 15.35425, 10.240927 ] } },
{ "type": "Feature", "properties": { "confidence": 0.7193, "area_in_meters": 13.2581, "surface_m2": 13.194360014633276, "inonde": false, "classe_profondeur": null, "ordre_classe": null }, "geometry": { "type": "Point", "coordinates": [ 15.354884, 10.240958 ] } },
{ "type": "Feature", "properties": { "confidence": 0.7916, "area_in_meters": 15.5558, "surface_m2": 15.48100852133939, "inonde": false, "classe_profondeur": null, "ordre_classe": null }, "geometry": { "type": "Point", "coordinates": [ 15.355055, 10.240983 ] } },
{ "type": "Feature", "properties": { "confidence": 0.7531, "area_in_meters": 15.082, "surface_m2": 15.009451979392907, "inonde": false, "classe_profondeur": null, "ordre_classe": null }, "geometry": { "type": "Point", "coordinates": [ 15.354999, 10.240992 ] } },
{ "type": "Feature", "properties": { "confidence": 0.7287, "area_in_meters": 9.2534, "surface_m2": 9.2088556210219394, "inonde": false, "classe_profondeur": null, "ordre_classe": null }, "geometry": { "type": "Point", "coordinates": [ 15.355107, 10.241018 ] } },
{ "type": "Feature", "properties": { "confidence": 0.7237, "area_in_meters": 13.496, "surface_m2": 13.431060061499011, "inonde": false, "classe_profondeur": null, "ordre_classe": null }, "geometry": { "type": "Point", "coordinates": [ 15.355113, 10.241076 ] } },
{ "type": "Feature", "properties": { "confidence": 0.7492, "area_in_meters": 12.862, "surface_m2": 12.80017769416736, "inonde": false, "classe_profondeur": null, "ordre_classe": null }, "geometry": { "type": "Point", "coordinates": [ 15.354248, 10.241105 ] } },
{ "type": "Feature", "properties": { "confidence": 0.7395, "area_in_meters": 12.4502, "surface_m2": 12.390347050037235, "inonde": false, "classe_profondeur": null, "ordre_classe": null }, "geometry": { "type": "Point", "coordinates": [ 15.355034, 10.241115 ] } },
{ "type": "Feature", "properties": { "confidence": 0.7059, "area_in_meters": 11.7928, "surface_m2": 11.73604845663067, "inonde": false, "classe_profondeur": null, "ordre_classe": null }, "geometry": { "type": "Point", "coordinates": [ 15.354962, 10.241157 ] } },
{ "type": "Feature", "properties": { "confidence": 0.7043, "area_in_meters": 15.4591, "surface_m2": 15.384806635120185, "inonde": false, "classe_profondeur": null, "ordre_classe": null }, "geometry": { "type": "Point", "coordinates": [ 15.354346, 10.241241 ] } },
{ "type": "Feature", "properties": { "confidence": 0.7154, "area_in_meters": 13.446, "surface_m2": 13.381363436259562, "inonde": false, "classe_profondeur": null, "ordre_classe": null }, "geometry": { "type": "Point", "coordinates": [ 15.354069, 10.241447 ] } },
{ "type": "Feature", "properties": { "confidence": 0.702, "area_in_meters": 11.5995, "surface_m2": 11.543714049446862, "inonde": false, "classe_profondeur": null, "ordre_classe": null }, "geometry": { "type": "Point", "coordinates": [ 15.354128, 10.241511 ] } },
{ "type": "Feature", "properties": { "confidence": 0.713, "area_in_meters": 17.0613, "surface_m2": 16.979255791055039, "inonde": false, "classe_profondeur": null, "ordre_classe": null }, "geometry": { "type": "Point", "coordinates": [ 15.354272, 10.241771 ] } },
{ "type": "Feature", "properties": { "confidence": 0.7139, "area_in_meters": 9.3007, "surface_m2": 9.2560085167642683, "inonde": false, "classe_profondeur": null, "ordre_classe": null }, "geometry": { "type": "Point", "coordinates": [ 15.353618, 10.242569 ] } },
{ "type": "Feature", "properties": { "confidence": 0.7287, "area_in_meters": 15.4184, "surface_m2": 15.344255144707859, "inonde": false, "classe_profondeur": null, "ordre_classe": null }, "geometry": { "type": "Point", "coordinates": [ 15.359499, 10.235512 ] } },
{ "type": "Feature", "properties": { "confidence": 0.7205, "area_in_meters": 15.801, "surface_m2": 15.725053026108071, "inonde": false, "classe_profondeur": null, "ordre_classe": null }, "geometry": { "type": "Point", "coordinates": [ 15.359683, 10.236024 ] } },
{ "type": "Feature", "properties": { "confidence": 0.7433, "area_in_meters": 13.3075, "surface_m2": 13.243533484710497, "inonde": false, "classe_profondeur": null, "ordre_classe": null }, "geometry": { "type": "Point", "coordinates": [ 15.358594, 10.236579 ] } },
{ "type": "Feature", "properties": { "confidence": 0.7491, "area_in_meters": 13.0434, "surface_m2": 12.980718496459303, "inonde": false, "classe_profondeur": null, "ordre_classe": null }, "geometry": { "type": "Point", "coordinates": [ 15.3585, 10.236632 ] } },
{ "type": "Feature", "properties": { "confidence": 0.7559, "area_in_meters": 11.5037, "surface_m2": 11.448377348206122, "inonde": false, "classe_profondeur": null, "ordre_classe": null }, "geometry": { "type": "Point", "coordinates": [ 15.35908, 10.236673 ] } },
{ "type": "Feature", "properties": { "confidence": 0.7152, "area_in_meters": 13.3357, "surface_m2": 13.27156981373264, "inonde": false, "classe_profondeur": null, "ordre_classe": null }, "geometry": { "type": "Point", "coordinates": [ 15.359187, 10.236822 ] } },
{ "type": "Feature", "properties": { "confidence": 0.724, "area_in_meters": 15.3452, "surface_m2": 15.271402063430287, "inonde": false, "classe_profondeur": null, "ordre_classe": null }, "geometry": { "type": "Point", "coordinates": [ 15.35908, 10.236838 ] } },
{ "type": "Feature", "properties": { "confidence": 0.7123, "area_in_meters": 9.8079, "surface_m2": 9.760781663673697, "inonde": false, "classe_profondeur": null, "ordre_classe": null }, "geometry": { "type": "Point", "coordinates": [ 15.355385, 10.236903 ] } },
{ "type": "Feature", "properties": { "confidence": 0.7096, "area_in_meters": 9.9728, "surface_m2": 9.9248266180511564, "inonde": false, "classe_profondeur": null, "ordre_classe": null }, "geometry": { "type": "Point", "coordinates": [ 15.358976, 10.236449 ] } },
{ "type": "Feature", "properties": { "confidence": 0.7027, "area_in_meters": 7.9797, "surface_m2": 7.9413539133693121, "inonde": false, "classe_profondeur": null, "ordre_classe": null }, "geometry": { "type": "Point", "coordinates": [ 15.358475, 10.236466 ] } },
{ "type": "Feature", "properties": { "confidence": 0.7129, "area_in_meters": 10.1322, "surface_m2": 10.083490112388972, "inonde": false, "classe_profondeur": null, "ordre_classe": null }, "geometry": { "type": "Point", "coordinates": [ 15.358054, 10.235944 ] } },
{ "type": "Feature", "properties": { "confidence": 0.7572, "area_in_meters": 16.9702, "surface_m2": 16.88856327047688, "inonde": false, "classe_profondeur": null, "ordre_classe": null }, "geometry": { "type": "Point", "coordinates": [ 15.359006, 10.236847 ] } },
{ "type": "Feature", "properties": { "confidence": 0.7711, "area_in_meters": 19.998, "surface_m2": 19.901861968508456, "inonde": false, "classe_profondeur": null, "ordre_classe": null }, "geometry": { "type": "Point", "coordinates": [ 15.358687, 10.236921 ] } },
{ "type": "Feature", "properties": { "confidence": 0.7525, "area_in_meters": 11.0991, "surface_m2": 11.045749082841212, "inonde": false, "classe_profondeur": null, "ordre_classe": null }, "geometry": { "type": "Point", "coordinates": [ 15.359033, 10.236678 ] } },
{ "type": "Feature", "properties": { "confidence": 0.7261, "area_in_meters": 15.3114, "surface_m2": 15.237799459078815, "inonde": false, "classe_profondeur": null, "ordre_classe": null }, "geometry": { "type": "Point", "coordinates": [ 15.355531, 10.23689 ] } },
{ "type": "Feature", "properties": { "confidence": 0.7776, "area_in_meters": 10.5268, "surface_m2": 10.476161426682665, "inonde": false, "classe_profondeur": null, "ordre_classe": null }, "geometry": { "type": "Point", "coordinates": [ 15.358511, 10.236467 ] } },
{ "type": "Feature", "properties": { "confidence": 0.7613, "area_in_meters": 15.1594, "surface_m2": 15.086504377191886, "inonde": false, "classe_profondeur": null, "ordre_classe": null }, "geometry": { "type": "Point", "coordinates": [ 15.359144, 10.236789 ] } },
{ "type": "Feature", "properties": { "confidence": 0.7077, "area_in_meters": 15.082, "surface_m2": 15.009453338338062, "inonde": false, "classe_profondeur": null, "ordre_classe": null }, "geometry": { "type": "Point", "coordinates": [ 15.356693, 10.237092 ] } },
{ "type": "Feature", "properties": { "confidence": 0.7282, "area_in_meters": 14.0106, "surface_m2": 13.943218039028579, "inonde": false, "classe_profondeur": null, "ordre_classe": null }, "geometry": { "type": "Point", "coordinates": [ 15.356779, 10.236948 ] } },
{ "type": "Feature", "properties": { "confidence": 0.7707, "area_in_meters": 13.9135, "surface_m2": 13.846610954642529, "inonde": false, "classe_profondeur": null, "ordre_classe": null }, "geometry": { "type": "Point", "coordinates": [ 15.35793, 10.237014 ] } },
{ "type": "Feature", "properties": { "confidence": 0.723, "area_in_meters": 11.3293, "surface_m2": 11.274780773179373, "inonde": false, "classe_profondeur": null, "ordre_classe": null }, "geometry": { "type": "Point", "coordinates": [ 15.355435, 10.236969 ] } },
{ "type": "Feature", "properties": { "confidence": 0.7256, "area_in_meters": 13.0146, "surface_m2": 12.952067001606338, "inonde": false, "classe_profondeur": null, "ordre_classe": null }, "geometry": { "type": "Point", "coordinates": [ 15.35889, 10.236325 ] } },
{ "type": "Feature", "properties": { "confidence": 0.769, "area_in_meters": 13.1957, "surface_m2": 13.132200206728157, "inonde": false, "classe_profondeur": null, "ordre_classe": null }, "geometry": { "type": "Point", "coordinates": [ 15.356693, 10.238053 ] } },
{ "type": "Feature", "properties": { "confidence": 0.7158, "area_in_meters": 13.2067, "surface_m2": 13.143142696266295, "inonde": false, "classe_profondeur": null, "ordre_classe": null }, "geometry": { "type": "Point", "coordinates": [ 15.355947, 10.238155 ] } },
{ "type": "Feature", "properties": { "confidence": 0.7427, "area_in_meters": 10.4525, "surface_m2": 10.402240345545579, "inonde": false, "classe_profondeur": null, "ordre_classe": null }, "geometry": { "type": "Point", "coordinates": [ 15.3565, 10.238211 ] } },
{ "type": "Feature", "properties": { "confidence": 0.8072, "area_in_meters": 18.8906, "surface_m2": 18.799756635446101, "inonde": false, "classe_profondeur": null, "ordre_classe": null }, "geometry": { "type": "Point", "coordinates": [ 15.35689, 10.238818 ] } },
{ "type": "Feature", "properties": { "confidence": 0.7173, "area_in_meters": 16.1144, "surface_m2": 16.036886229558149, "inonde": false, "classe_profondeur": null, "ordre_classe": null }, "geometry": { "type": "Point", "coordinates": [ 15.35686, 10.238864 ] } },
{ "type": "Feature", "properties": { "confidence": 0.7313, "area_in_meters": 22.7293, "surface_m2": 22.620053882681532, "inonde": false, "classe_profondeur": null, "ordre_classe": null }, "geometry": { "type": "Point", "coordinates": [ 15.356986, 10.238875 ] } },
{ "type": "Feature", "properties": { "confidence": 0.7892, "area_in_meters": 23.9938, "surface_m2": 23.878444328904152, "inonde": false, "classe_profondeur": null, "ordre_classe": null }, "geometry": { "type": "Point", "coordinates": [ 15.356876, 10.23892 ] } },
{ "type": "Feature", "properties": { "confidence": 0.7112, "area_in_meters": 29.3268, "surface_m2": 29.185830869944766, "inonde": false, "classe_profondeur": null, "ordre_classe": null }, "geometry": { "type": "Point", "coordinates": [ 15.356983, 10.238953 ] } },
{ "type": "Feature", "properties": { "confidence": 0.7531, "area_in_meters": 23.6928, "surface_m2": 23.578904267866164, "inonde": true, "classe_profondeur": null, "ordre_classe": null }, "geometry": { "type": "Point", "coordinates": [ 15.360886, 10.239436 ] } },
{ "type": "Feature", "properties": { "confidence": 0.7449, "area_in_meters": 13.7845, "surface_m2": 13.718233851424884, "inonde": false, "classe_profondeur": null, "ordre_classe": null }, "geometry": { "type": "Point", "coordinates": [ 15.358513, 10.233823 ] } },
{ "type": "Feature", "properties": { "confidence": 0.7254, "area_in_meters": 15.3922, "surface_m2": 15.31821648433106, "inonde": false, "classe_profondeur": null, "ordre_classe": null }, "geometry": { "type": "Point", "coordinates": [ 15.356342, 10.233965 ] } },
{ "type": "Feature", "properties": { "confidence": 0.741, "area_in_meters": 20.8389, "surface_m2": 20.73868846820551, "inonde": false, "classe_profondeur": null, "ordre_classe": null }, "geometry": { "type": "Point", "coordinates": [ 15.356713, 10.233977 ] } },
{ "type": "Feature", "properties": { "confidence": 0.7729, "area_in_meters": 18.2905, "surface_m2": 18.202495486359112, "inonde": false, "classe_profondeur": null, "ordre_classe": null }, "geometry": { "type": "Point", "coordinates": [ 15.356785, 10.233982 ] } },
{ "type": "Feature", "properties": { "confidence": 0.7501, "area_in_meters": 17.5889, "surface_m2": 17.504286331124604, "inonde": false, "classe_profondeur": null, "ordre_classe": null }, "geometry": { "type": "Point", "coordinates": [ 15.356153, 10.233997 ] } },
{ "type": "Feature", "properties": { "confidence": 0.7061, "area_in_meters": 13.0104, "surface_m2": 12.947799679473974, "inonde": false, "classe_profondeur": null, "ordre_classe": null }, "geometry": { "type": "Point", "coordinates": [ 15.358346, 10.233997 ] } },
{ "type": "Feature", "properties": { "confidence": 0.7274, "area_in_meters": 14.7805, "surface_m2": 14.709460464771837, "inonde": false, "classe_profondeur": null, "ordre_classe": null }, "geometry": { "type": "Point", "coordinates": [ 15.356361, 10.234122 ] } },
{ "type": "Feature", "properties": { "confidence": 0.7043, "area_in_meters": 14.1857, "surface_m2": 14.117461162852123, "inonde": false, "classe_profondeur": null, "ordre_classe": null }, "geometry": { "type": "Point", "coordinates": [ 15.355854, 10.23423 ] } },
{ "type": "Feature", "properties": { "confidence": 0.737, "area_in_meters": 19.6336, "surface_m2": 19.539189660907141, "inonde": false, "classe_profondeur": null, "ordre_classe": null }, "geometry": { "type": "Point", "coordinates": [ 15.35804, 10.234279 ] } },
{ "type": "Feature", "properties": { "confidence": 0.7936, "area_in_meters": 51.6939, "surface_m2": 51.445353161892854, "inonde": false, "classe_profondeur": null, "ordre_classe": null }, "geometry": { "type": "Point", "coordinates": [ 15.357236, 10.234478 ] } },
{ "type": "Feature", "properties": { "confidence": 0.7229, "area_in_meters": 10.6054, "surface_m2": 10.55436676327372, "inonde": false, "classe_profondeur": null, "ordre_classe": null }, "geometry": { "type": "Point", "coordinates": [ 15.361652, 10.226877 ] } },
{ "type": "Feature", "properties": { "confidence": 0.7479, "area_in_meters": 12.25, "surface_m2": 12.191076560120564, "inonde": false, "classe_profondeur": null, "ordre_classe": null }, "geometry": { "type": "Point", "coordinates": [ 15.360366, 10.22715 ] } },
{ "type": "Feature", "properties": { "confidence": 0.7093, "area_in_meters": 16.783, "surface_m2": 16.702269008848816, "inonde": false, "classe_profondeur": null, "ordre_classe": null }, "geometry": { "type": "Point", "coordinates": [ 15.360334, 10.227285 ] } },
{ "type": "Feature", "properties": { "confidence": 0.7352, "area_in_meters": 23.9186, "surface_m2": 23.803582261054544, "inonde": false, "classe_profondeur": null, "ordre_classe": null }, "geometry": { "type": "Point", "coordinates": [ 15.360187, 10.227332 ] } },
{ "type": "Feature", "properties": { "confidence": 0.7098, "area_in_meters": 7.1504, "surface_m2": 7.1160250215034466, "inonde": false, "classe_profondeur": null, "ordre_classe": null }, "geometry": { "type": "Point", "coordinates": [ 15.360337, 10.227329 ] } },
{ "type": "Feature", "properties": { "confidence": 0.7422, "area_in_meters": 12.6326, "surface_m2": 12.571868930914206, "inonde": false, "classe_profondeur": null, "ordre_classe": null }, "geometry": { "type": "Point", "coordinates": [ 15.360289, 10.227375 ] } },
{ "type": "Feature", "properties": { "confidence": 0.722, "area_in_meters": 11.8982, "surface_m2": 11.840960125438869, "inonde": false, "classe_profondeur": null, "ordre_classe": null }, "geometry": { "type": "Point", "coordinates": [ 15.360749, 10.228527 ] } },
{ "type": "Feature", "properties": { "confidence": 0.7322, "area_in_meters": 11.353, "surface_m2": 11.298375926380686, "inonde": false, "classe_profondeur": null, "ordre_classe": null }, "geometry": { "type": "Point", "coordinates": [ 15.360871, 10.228543 ] } },
{ "type": "Feature", "properties": { "confidence": 0.7266, "area_in_meters": 9.2642, "surface_m2": 9.2196104152681073, "inonde": false, "classe_profondeur": null, "ordre_classe": null }, "geometry": { "type": "Point", "coordinates": [ 15.36085, 10.2286 ] } },
{ "type": "Feature", "properties": { "confidence": 0.7636, "area_in_meters": 14.2604, "surface_m2": 14.191770036675734, "inonde": false, "classe_profondeur": null, "ordre_classe": null }, "geometry": { "type": "Point", "coordinates": [ 15.35619, 10.228762 ] } },
{ "type": "Feature", "properties": { "confidence": 0.7534, "area_in_meters": 14.5469, "surface_m2": 14.476917869469617, "inonde": false, "classe_profondeur": null, "ordre_classe": null }, "geometry": { "type": "Point", "coordinates": [ 15.356261, 10.228835 ] } },
{ "type": "Feature", "properties": { "confidence": 0.7935, "area_in_meters": 15.7508, "surface_m2": 15.675046931195538, "inonde": false, "classe_profondeur": null, "ordre_classe": null }, "geometry": { "type": "Point", "coordinates": [ 15.357453, 10.229028 ] } },
{ "type": "Feature", "properties": { "confidence": 0.7422, "area_in_meters": 12.8763, "surface_m2": 12.814373161207186, "inonde": false, "classe_profondeur": null, "ordre_classe": null }, "geometry": { "type": "Point", "coordinates": [ 15.361435, 10.229047 ] } },
{ "type": "Feature", "properties": { "confidence": 0.7145, "area_in_meters": 9.96, "surface_m2": 9.9121150548307924, "inonde": false, "classe_profondeur": null, "ordre_classe": null }, "geometry": { "type": "Point", "coordinates": [ 15.361528, 10.229071 ] } },
{ "type": "Feature", "properties": { "confidence": 0.7368, "area_in_meters": 16.2836, "surface_m2": 16.205262133575161, "inonde": false, "classe_profondeur": null, "ordre_classe": null }, "geometry": { "type": "Point", "coordinates": [ 15.358668, 10.229495 ] } },
{ "type": "Feature", "properties": { "confidence": 0.7261, "area_in_meters": 14.3154, "surface_m2": 14.246563979773782, "inonde": false, "classe_profondeur": null, "ordre_classe": null }, "geometry": { "type": "Point", "coordinates": [ 15.357092, 10.22961 ] } },
{ "type": "Feature", "properties": { "confidence": 0.7204, "area_in_meters": 15.9727, "surface_m2": 15.895869975793175, "inonde": false, "classe_profondeur": null, "ordre_classe": null }, "geometry": { "type": "Point", "coordinates": [ 15.356983, 10.229723 ] } },
{ "type": "Feature", "properties": { "confidence": 0.7019, "area_in_meters": 14.4718, "surface_m2": 14.402209265594138, "inonde": false, "classe_profondeur": null, "ordre_classe": null }, "geometry": { "type": "Point", "coordinates": [ 15.358529, 10.229796 ] } },
{ "type": "Feature", "properties": { "confidence": 0.7011, "area_in_meters": 10.1215, "surface_m2": 10.072861470514908, "inonde": false, "classe_profondeur": null, "ordre_classe": null }, "geometry": { "type": "Point", "coordinates": [ 15.361403, 10.229102 ] } },
{ "type": "Feature", "properties": { "confidence": 0.7061, "area_in_meters": 17.9861, "surface_m2": 17.899672404513694, "inonde": false, "classe_profondeur": null, "ordre_classe": null }, "geometry": { "type": "Point", "coordinates": [ 15.36054, 10.25894 ] } },
{ "type": "Feature", "properties": { "confidence": 0.7196, "area_in_meters": 14.5865, "surface_m2": 14.516385277878726, "inonde": false, "classe_profondeur": null, "ordre_classe": null }, "geometry": { "type": "Point", "coordinates": [ 15.360583, 10.25898 ] } },
{ "type": "Feature", "properties": { "confidence": 0.7642, "area_in_meters": 14.0996, "surface_m2": 14.031880408569123, "inonde": false, "classe_profondeur": null, "ordre_classe": null }, "geometry": { "type": "Point", "coordinates": [ 15.360392, 10.259017 ] } },
{ "type": "Feature", "properties": { "confidence": 0.7009, "area_in_meters": 17.3227, "surface_m2": 17.239401014347095, "inonde": false, "classe_profondeur": null, "ordre_classe": null }, "geometry": { "type": "Point", "coordinates": [ 15.360405, 10.259045 ] } },
{ "type": "Feature", "properties": { "confidence": 0.7708, "area_in_meters": 17.8176, "surface_m2": 17.731994174508145, "inonde": false, "classe_profondeur": null, "ordre_classe": null }, "geometry": { "type": "Point", "coordinates": [ 15.360581, 10.25905 ] } },
{ "type": "Feature", "properties": { "confidence": 0.7323, "area_in_meters": 12.2572, "surface_m2": 12.198289184947498, "inonde": false, "classe_profondeur": null, "ordre_classe": null }, "geometry": { "type": "Point", "coordinates": [ 15.360147, 10.25905 ] } },
{ "type": "Feature", "properties": { "confidence": 0.7591, "area_in_meters": 15.3733, "surface_m2": 15.299405478697736, "inonde": false, "classe_profondeur": null, "ordre_classe": null }, "geometry": { "type": "Point", "coordinates": [ 15.360405, 10.259074 ] } },
{ "type": "Feature", "properties": { "confidence": 0.7714, "area_in_meters": 17.7848, "surface_m2": 17.699364119907841, "inonde": false, "classe_profondeur": null, "ordre_classe": null }, "geometry": { "type": "Point", "coordinates": [ 15.360271, 10.259082 ] } },
{ "type": "Feature", "properties": { "confidence": 0.7537, "area_in_meters": 17.5553, "surface_m2": 17.470946937915869, "inonde": false, "classe_profondeur": null, "ordre_classe": null }, "geometry": { "type": "Point", "coordinates": [ 15.360421, 10.259162 ] } },
{ "type": "Feature", "properties": { "confidence": 0.7891, "area_in_meters": 15.695, "surface_m2": 15.619587043533102, "inonde": false, "classe_profondeur": null, "ordre_classe": null }, "geometry": { "type": "Point", "coordinates": [ 15.360199, 10.259183 ] } },
{ "type": "Feature", "properties": { "confidence": 0.7537, "area_in_meters": 15.0211, "surface_m2": 14.948926277225837, "inonde": false, "classe_profondeur": null, "ordre_classe": null }, "geometry": { "type": "Point", "coordinates": [ 15.360417, 10.25919 ] } },
{ "type": "Feature", "properties": { "confidence": 0.7139, "area_in_meters": 16.0693, "surface_m2": 15.992024227511138, "inonde": false, "classe_profondeur": null, "ordre_classe": null }, "geometry": { "type": "Point", "coordinates": [ 15.3602, 10.25921 ] } },
{ "type": "Feature", "properties": { "confidence": 0.7414, "area_in_meters": 10.8066, "surface_m2": 10.7546999854967, "inonde": false, "classe_profondeur": null, "ordre_classe": null }, "geometry": { "type": "Point", "coordinates": [ 15.360481, 10.259498 ] } },
{ "type": "Feature", "properties": { "confidence": 0.7262, "area_in_meters": 13.5415, "surface_m2": 13.476381601707544, "inonde": false, "classe_profondeur": null, "ordre_classe": null }, "geometry": { "type": "Point", "coordinates": [ 15.360522, 10.259528 ] } },
{ "type": "Feature", "properties": { "confidence": 0.7133, "area_in_meters": 13.4159, "surface_m2": 13.351444606203586, "inonde": false, "classe_profondeur": null, "ordre_classe": null }, "geometry": { "type": "Point", "coordinates": [ 15.3605, 10.259574 ] } },
{ "type": "Feature", "properties": { "confidence": 0.7285, "area_in_meters": 10.9445, "surface_m2": 10.891941789072007, "inonde": false, "classe_profondeur": null, "ordre_classe": null }, "geometry": { "type": "Point", "coordinates": [ 15.360421, 10.259892 ] } },
{ "type": "Feature", "properties": { "confidence": 0.7398, "area_in_meters": 11.3189, "surface_m2": 11.264480445737718, "inonde": false, "classe_profondeur": null, "ordre_classe": null }, "geometry": { "type": "Point", "coordinates": [ 15.360349, 10.259959 ] } },
{ "type": "Feature", "properties": { "confidence": 0.8013, "area_in_meters": 17.4187, "surface_m2": 17.3349738168763, "inonde": false, "classe_profondeur": null, "ordre_classe": null }, "geometry": { "type": "Point", "coordinates": [ 15.360149, 10.259079 ] } },
{ "type": "Feature", "properties": { "confidence": 0.7112, "area_in_meters": 11.9734, "surface_m2": 11.915817434142809, "inonde": false, "classe_profondeur": null, "ordre_classe": null }, "geometry": { "type": "Point", "coordinates": [ 15.360363, 10.259854 ] } },
{ "type": "Feature", "properties": { "confidence": 0.7223, "area_in_meters": 17.8105, "surface_m2": 17.724886306328699, "inonde": false, "classe_profondeur": null, "ordre_classe": null }, "geometry": { "type": "Point", "coordinates": [ 15.360359, 10.259186 ] } },
{ "type": "Feature", "properties": { "confidence": 0.8468, "area_in_meters": 25.0853, "surface_m2": 24.964702258235775, "inonde": false, "classe_profondeur": null, "ordre_classe": null }, "geometry": { "type": "Point", "coordinates": [ 15.36048, 10.259175 ] } },
{ "type": "Feature", "properties": { "confidence": 0.7808, "area_in_meters": 17.1411, "surface_m2": 17.058736525708809, "inonde": false, "classe_profondeur": null, "ordre_classe": null }, "geometry": { "type": "Point", "coordinates": [ 15.360498, 10.259072 ] } },
{ "type": "Feature", "properties": { "confidence": 0.7726, "area_in_meters": 11.8861, "surface_m2": 11.828959936072351, "inonde": false, "classe_profondeur": null, "ordre_classe": null }, "geometry": { "type": "Point", "coordinates": [ 15.36039, 10.259997 ] } },
{ "type": "Feature", "properties": { "confidence": 0.752, "area_in_meters": 14.3152, "surface_m2": 14.24642706027953, "inonde": false, "classe_profondeur": null, "ordre_classe": null }, "geometry": { "type": "Point", "coordinates": [ 15.360384, 10.25956 ] } },
{ "type": "Feature", "properties": { "confidence": 0.7092, "area_in_meters": 13.4929, "surface_m2": 13.428082356695086, "inonde": false, "classe_profondeur": null, "ordre_classe": null }, "geometry": { "type": "Point", "coordinates": [ 15.360396, 10.258988 ] } },
{ "type": "Feature", "properties": { "confidence": 0.7456, "area_in_meters": 16.4506, "surface_m2": 16.371581622574013, "inonde": false, "classe_profondeur": null, "ordre_classe": null }, "geometry": { "type": "Point", "coordinates": [ 15.360297, 10.259 ] } },
{ "type": "Feature", "properties": { "confidence": 0.8472, "area_in_meters": 18.4392, "surface_m2": 18.350565852364525, "inonde": false, "classe_profondeur": null, "ordre_classe": null }, "geometry": { "type": "Point", "coordinates": [ 15.360256, 10.259176 ] } },
{ "type": "Feature", "properties": { "confidence": 0.7576, "area_in_meters": 23.1812, "surface_m2": 23.069748171838, "inonde": false, "classe_profondeur": null, "ordre_classe": null }, "geometry": { "type": "Point", "coordinates": [ 15.360425, 10.258961 ] } },
{ "type": "Feature", "properties": { "confidence": 0.8212, "area_in_meters": 19.1936, "surface_m2": 19.101365834940225, "inonde": false, "classe_profondeur": null, "ordre_classe": null }, "geometry": { "type": "Point", "coordinates": [ 15.360355, 10.259217 ] } },
{ "type": "Feature", "properties": { "confidence": 0.8882, "area_in_meters": 47.5872, "surface_m2": 47.358371679321863, "inonde": false, "classe_profondeur": null, "ordre_classe": null }, "geometry": { "type": "Point", "coordinates": [ 15.358649, 10.23482 ] } },
{ "type": "Feature", "properties": { "confidence": 0.7592, "area_in_meters": 14.9933, "surface_m2": 14.921236897542258, "inonde": false, "classe_profondeur": null, "ordre_classe": null }, "geometry": { "type": "Point", "coordinates": [ 15.358779, 10.234172 ] } },
{ "type": "Feature", "properties": { "confidence": 0.7355, "area_in_meters": 10.2068, "surface_m2": 10.157763466515462, "inonde": false, "classe_profondeur": null, "ordre_classe": null }, "geometry": { "type": "Point", "coordinates": [ 15.358875, 10.234266 ] } },
{ "type": "Feature", "properties": { "confidence": 0.8179, "area_in_meters": 13.817, "surface_m2": 13.750553320918698, "inonde": false, "classe_profondeur": null, "ordre_classe": null }, "geometry": { "type": "Point", "coordinates": [ 15.358954, 10.234281 ] } },
{ "type": "Feature", "properties": { "confidence": 0.7449, "area_in_meters": 13.3282, "surface_m2": 13.264081529341638, "inonde": false, "classe_profondeur": null, "ordre_classe": null }, "geometry": { "type": "Point", "coordinates": [ 15.358991, 10.234239 ] } },
{ "type": "Feature", "properties": { "confidence": 0.7449, "area_in_meters": 15.5231, "surface_m2": 15.448409069285844, "inonde": false, "classe_profondeur": null, "ordre_classe": null }, "geometry": { "type": "Point", "coordinates": [ 15.35906, 10.234322 ] } },
{ "type": "Feature", "properties": { "confidence": 0.7005, "area_in_meters": 12.1665, "surface_m2": 12.108001395710744, "inonde": false, "classe_profondeur": null, "ordre_classe": null }, "geometry": { "type": "Point", "coordinates": [ 15.359119, 10.234305 ] } },
{ "type": "Feature", "properties": { "confidence": 0.7399, "area_in_meters": 26.6838, "surface_m2": 26.555462462827563, "inonde": false, "classe_profondeur": null, "ordre_classe": null }, "geometry": { "type": "Point", "coordinates": [ 15.359164, 10.234715 ] } },
{ "type": "Feature", "properties": { "confidence": 0.7042, "area_in_meters": 18.4405, "surface_m2": 18.351783335972868, "inonde": false, "classe_profondeur": null, "ordre_classe": null }, "geometry": { "type": "Point", "coordinates": [ 15.359474, 10.234462 ] } },
{ "type": "Feature", "properties": { "confidence": 0.7794, "area_in_meters": 17.5061, "surface_m2": 17.421901568421163, "inonde": false, "classe_profondeur": null, "ordre_classe": null }, "geometry": { "type": "Point", "coordinates": [ 15.359481, 10.234344 ] } },
{ "type": "Feature", "properties": { "confidence": 0.7943, "area_in_meters": 19.9382, "surface_m2": 19.842369973106543, "inonde": false, "classe_profondeur": null, "ordre_classe": null }, "geometry": { "type": "Point", "coordinates": [ 15.359535, 10.234415 ] } },
{ "type": "Feature", "properties": { "confidence": 0.7031, "area_in_meters": 9.973, "surface_m2": 9.9250450761319371, "inonde": false, "classe_profondeur": null, "ordre_classe": null }, "geometry": { "type": "Point", "coordinates": [ 15.35956, 10.23495 ] } },
{ "type": "Feature", "properties": { "confidence": 0.7352, "area_in_meters": 10.8141, "surface_m2": 10.762083301597851, "inonde": false, "classe_profondeur": null, "ordre_classe": null }, "geometry": { "type": "Point", "coordinates": [ 15.359651, 10.234961 ] } },
{ "type": "Feature", "properties": { "confidence": 0.7182, "area_in_meters": 10.4504, "surface_m2": 10.400183312187437, "inonde": false, "classe_profondeur": null, "ordre_classe": null }, "geometry": { "type": "Point", "coordinates": [ 15.359925, 10.231945 ] } },
{ "type": "Feature", "properties": { "confidence": 0.7037, "area_in_meters": 9.6963, "surface_m2": 9.6497019323323912, "inonde": false, "classe_profondeur": null, "ordre_classe": null }, "geometry": { "type": "Point", "coordinates": [ 15.360459, 10.231287 ] } },
{ "type": "Feature", "properties": { "confidence": 0.7147, "area_in_meters": 13.1976, "surface_m2": 13.134142695285846, "inonde": false, "classe_profondeur": null, "ordre_classe": null }, "geometry": { "type": "Point", "coordinates": [ 15.360498, 10.234678 ] } },
{ "type": "Feature", "properties": { "confidence": 0.7224, "area_in_meters": 13.9266, "surface_m2": 13.859605120145716, "inonde": false, "classe_profondeur": null, "ordre_classe": null }, "geometry": { "type": "Point", "coordinates": [ 15.360742, 10.232647 ] } },
{ "type": "Feature", "properties": { "confidence": 0.7155, "area_in_meters": 17.6131, "surface_m2": 17.528441216854844, "inonde": false, "classe_profondeur": null, "ordre_classe": null }, "geometry": { "type": "Point", "coordinates": [ 15.361188, 10.233546 ] } },
{ "type": "Feature", "properties": { "confidence": 0.736, "area_in_meters": 18.7368, "surface_m2": 18.646757109920145, "inonde": false, "classe_profondeur": null, "ordre_classe": null }, "geometry": { "type": "Point", "coordinates": [ 15.362222, 10.232559 ] } },
{ "type": "Feature", "properties": { "confidence": 0.7068, "area_in_meters": 12.0072, "surface_m2": 11.949443996636546, "inonde": false, "classe_profondeur": null, "ordre_classe": null }, "geometry": { "type": "Point", "coordinates": [ 15.362331, 10.233638 ] } },
{ "type": "Feature", "properties": { "confidence": 0.7219, "area_in_meters": 14.0609, "surface_m2": 13.993286665674532, "inonde": false, "classe_profondeur": null, "ordre_classe": null }, "geometry": { "type": "Point", "coordinates": [ 15.36238, 10.233516 ] } },
{ "type": "Feature", "properties": { "confidence": 0.7325, "area_in_meters": 10.1215, "surface_m2": 10.072855728969444, "inonde": false, "classe_profondeur": null, "ordre_classe": null }, "geometry": { "type": "Point", "coordinates": [ 15.362494, 10.233682 ] } },
{ "type": "Feature", "properties": { "confidence": 0.7481, "area_in_meters": 17.085, "surface_m2": 17.002833572747477, "inonde": false, "classe_profondeur": null, "ordre_classe": null }, "geometry": { "type": "Point", "coordinates": [ 15.362565, 10.233569 ] } },
{ "type": "Feature", "properties": { "confidence": 0.7062, "area_in_meters": 11.455, "surface_m2": 11.399897567942389, "inonde": false, "classe_profondeur": null, "ordre_classe": null }, "geometry": { "type": "Point", "coordinates": [ 15.36079, 10.232568 ] } },
{ "type": "Feature", "properties": { "confidence": 0.752, "area_in_meters": 12.1796, "surface_m2": 12.121005067856458, "inonde": false, "classe_profondeur": null, "ordre_classe": null }, "geometry": { "type": "Point", "coordinates": [ 15.359669, 10.235051 ] } },
{ "type": "Feature", "properties": { "confidence": 0.7227, "area_in_meters": 20.8842, "surface_m2": 20.78374790988164, "inonde": false, "classe_profondeur": null, "ordre_classe": null }, "geometry": { "type": "Point", "coordinates": [ 15.359388, 10.234379 ] } },
{ "type": "Feature", "properties": { "confidence": 0.7497, "area_in_meters": 11.7195, "surface_m2": 11.663114060735097, "inonde": false, "classe_profondeur": null, "ordre_classe": null }, "geometry": { "type": "Point", "coordinates": [ 15.362444, 10.233718 ] } },
{ "type": "Feature", "properties": { "confidence": 0.7756, "area_in_meters": 17.0568, "surface_m2": 16.974772076733643, "inonde": false, "classe_profondeur": null, "ordre_classe": null }, "geometry": { "type": "Point", "coordinates": [ 15.350208, 10.267346 ] } },
{ "type": "Feature", "properties": { "confidence": 0.7436, "area_in_meters": 16.3073, "surface_m2": 16.228944225731539, "inonde": false, "classe_profondeur": null, "ordre_classe": null }, "geometry": { "type": "Point", "coordinates": [ 15.349935, 10.26737 ] } },
{ "type": "Feature", "properties": { "confidence": 0.76, "area_in_meters": 13.3891, "surface_m2": 13.32475374302885, "inonde": false, "classe_profondeur": null, "ordre_classe": null }, "geometry": { "type": "Point", "coordinates": [ 15.350096, 10.26739 ] } },
{ "type": "Feature", "properties": { "confidence": 0.7294, "area_in_meters": 19.4105, "surface_m2": 19.317177733348217, "inonde": false, "classe_profondeur": null, "ordre_classe": null }, "geometry": { "type": "Point", "coordinates": [ 15.35005, 10.267518 ] } },
{ "type": "Feature", "properties": { "confidence": 0.7163, "area_in_meters": 12.7359, "surface_m2": 12.674659572192468, "inonde": false, "classe_profondeur": null, "ordre_classe": null }, "geometry": { "type": "Point", "coordinates": [ 15.34957, 10.267658 ] } },
{ "type": "Feature", "properties": { "confidence": 0.7908, "area_in_meters": 22.8809, "surface_m2": 22.770941245486028, "inonde": false, "classe_profondeur": null, "ordre_classe": null }, "geometry": { "type": "Point", "coordinates": [ 15.349535, 10.267691 ] } },
{ "type": "Feature", "properties": { "confidence": 0.725, "area_in_meters": 22.6871, "surface_m2": 22.577986296673771, "inonde": false, "classe_profondeur": null, "ordre_classe": null }, "geometry": { "type": "Point", "coordinates": [ 15.349627, 10.267814 ] } },
{ "type": "Feature", "properties": { "confidence": 0.7827, "area_in_meters": 16.297, "surface_m2": 16.218604904599488, "inonde": false, "classe_profondeur": null, "ordre_classe": null }, "geometry": { "type": "Point", "coordinates": [ 15.349876, 10.26732 ] } },
{ "type": "Feature", "properties": { "confidence": 0.7892, "area_in_meters": 16.3811, "surface_m2": 16.302346332580782, "inonde": false, "classe_profondeur": null, "ordre_classe": null }, "geometry": { "type": "Point", "coordinates": [ 15.350181, 10.267473 ] } },
{ "type": "Feature", "properties": { "confidence": 0.7256, "area_in_meters": 15.3953, "surface_m2": 15.321321847848594, "inonde": false, "classe_profondeur": null, "ordre_classe": null }, "geometry": { "type": "Point", "coordinates": [ 15.349567, 10.267734 ] } },
{ "type": "Feature", "properties": { "confidence": 0.7356, "area_in_meters": 14.3251, "surface_m2": 14.256260418449529, "inonde": false, "classe_profondeur": null, "ordre_classe": null }, "geometry": { "type": "Point", "coordinates": [ 15.358704, 10.262336 ] } },
{ "type": "Feature", "properties": { "confidence": 0.8105, "area_in_meters": 19.2403, "surface_m2": 19.14781532107736, "inonde": false, "classe_profondeur": null, "ordre_classe": null }, "geometry": { "type": "Point", "coordinates": [ 15.358997, 10.26346 ] } },
{ "type": "Feature", "properties": { "confidence": 0.7599, "area_in_meters": 14.3244, "surface_m2": 14.255539374775253, "inonde": false, "classe_profondeur": null, "ordre_classe": null }, "geometry": { "type": "Point", "coordinates": [ 15.357973, 10.263516 ] } },
{ "type": "Feature", "properties": { "confidence": 0.7646, "area_in_meters": 14.8681, "surface_m2": 14.79668983881129, "inonde": false, "classe_profondeur": null, "ordre_classe": null }, "geometry": { "type": "Point", "coordinates": [ 15.358912, 10.263534 ] } },
{ "type": "Feature", "properties": { "confidence": 0.7598, "area_in_meters": 16.0299, "surface_m2": 15.952890303917229, "inonde": false, "classe_profondeur": null, "ordre_classe": null }, "geometry": { "type": "Point", "coordinates": [ 15.358077, 10.263588 ] } },
{ "type": "Feature", "properties": { "confidence": 0.7289, "area_in_meters": 13.3059, "surface_m2": 13.241987279383466, "inonde": false, "classe_profondeur": null, "ordre_classe": null }, "geometry": { "type": "Point", "coordinates": [ 15.35895, 10.263593 ] } },
{ "type": "Feature", "properties": { "confidence": 0.7695, "area_in_meters": 18.179, "surface_m2": 18.09164105670061, "inonde": false, "classe_profondeur": null, "ordre_classe": null }, "geometry": { "type": "Point", "coordinates": [ 15.359189, 10.263714 ] } },
{ "type": "Feature", "properties": { "confidence": 0.7968, "area_in_meters": 20.3944, "surface_m2": 20.296414617099799, "inonde": false, "classe_profondeur": null, "ordre_classe": null }, "geometry": { "type": "Point", "coordinates": [ 15.359229, 10.263783 ] } },
{ "type": "Feature", "properties": { "confidence": 0.7596, "area_in_meters": 13.1129, "surface_m2": 13.049834937672131, "inonde": false, "classe_profondeur": null, "ordre_classe": null }, "geometry": { "type": "Point", "coordinates": [ 15.35765, 10.263963 ] } },
{ "type": "Feature", "properties": { "confidence": 0.8497, "area_in_meters": 21.4089, "surface_m2": 21.306025804078672, "inonde": false, "classe_profondeur": null, "ordre_classe": null }, "geometry": { "type": "Point", "coordinates": [ 15.359298, 10.264239 ] } },
{ "type": "Feature", "properties": { "confidence": 0.726, "area_in_meters": 13.7992, "surface_m2": 13.732902791598462, "inonde": false, "classe_profondeur": null, "ordre_classe": null }, "geometry": { "type": "Point", "coordinates": [ 15.359324, 10.264332 ] } },
{ "type": "Feature", "properties": { "confidence": 0.8008, "area_in_meters": 21.2522, "surface_m2": 21.150086124369409, "inonde": false, "classe_profondeur": null, "ordre_classe": null }, "geometry": { "type": "Point", "coordinates": [ 15.359245, 10.264379 ] } },
{ "type": "Feature", "properties": { "confidence": 0.8009, "area_in_meters": 14.5065, "surface_m2": 14.436803295335267, "inonde": false, "classe_profondeur": null, "ordre_classe": null }, "geometry": { "type": "Point", "coordinates": [ 15.359184, 10.264404 ] } },
{ "type": "Feature", "properties": { "confidence": 0.7078, "area_in_meters": 4.9985, "surface_m2": 4.9744905007682974, "inonde": false, "classe_profondeur": null, "ordre_classe": null }, "geometry": { "type": "Point", "coordinates": [ 15.359137, 10.264448 ] } },
{ "type": "Feature", "properties": { "confidence": 0.8242, "area_in_meters": 16.9591, "surface_m2": 16.877612305586808, "inonde": false, "classe_profondeur": null, "ordre_classe": null }, "geometry": { "type": "Point", "coordinates": [ 15.359319, 10.264457 ] } },
{ "type": "Feature", "properties": { "confidence": 0.7425, "area_in_meters": 33.4289, "surface_m2": 33.268230435554869, "inonde": false, "classe_profondeur": null, "ordre_classe": null }, "geometry": { "type": "Point", "coordinates": [ 15.359151, 10.264505 ] } },
{ "type": "Feature", "properties": { "confidence": 0.8538, "area_in_meters": 17.0368, "surface_m2": 16.954950733183068, "inonde": false, "classe_profondeur": null, "ordre_classe": null }, "geometry": { "type": "Point", "coordinates": [ 15.35936, 10.264495 ] } },
{ "type": "Feature", "properties": { "confidence": 0.7915, "area_in_meters": 15.4088, "surface_m2": 15.334710142327822, "inonde": false, "classe_profondeur": null, "ordre_classe": null }, "geometry": { "type": "Point", "coordinates": [ 15.359365, 10.264575 ] } },
{ "type": "Feature", "properties": { "confidence": 0.7105, "area_in_meters": 16.0309, "surface_m2": 15.953847703931388, "inonde": false, "classe_profondeur": null, "ordre_classe": null }, "geometry": { "type": "Point", "coordinates": [ 15.359076, 10.264586 ] } },
{ "type": "Feature", "properties": { "confidence": 0.8157, "area_in_meters": 12.3417, "surface_m2": 12.282401253352873, "inonde": false, "classe_profondeur": null, "ordre_classe": null }, "geometry": { "type": "Point", "coordinates": [ 15.359312, 10.264655 ] } },
{ "type": "Feature", "properties": { "confidence": 0.8518, "area_in_meters": 18.7271, "surface_m2": 18.637117600243073, "inonde": false, "classe_profondeur": null, "ordre_classe": null }, "geometry": { "type": "Point", "coordinates": [ 15.359226, 10.264672 ] } },
{ "type": "Feature", "properties": { "confidence": 0.7629, "area_in_meters": 17.5883, "surface_m2": 17.503782953834161, "inonde": false, "classe_profondeur": null, "ordre_classe": null }, "geometry": { "type": "Point", "coordinates": [ 15.360644, 10.264679 ] } },
{ "type": "Feature", "properties": { "confidence": 0.7708, "area_in_meters": 18.3747, "surface_m2": 18.286442961049033, "inonde": false, "classe_profondeur": null, "ordre_classe": null }, "geometry": { "type": "Point", "coordinates": [ 15.360653, 10.264711 ] } },
{ "type": "Feature", "properties": { "confidence": 0.7335, "area_in_meters": 8.6777, "surface_m2": 8.6360020226347842, "inonde": false, "classe_profondeur": null, "ordre_classe": null }, "geometry": { "type": "Point", "coordinates": [ 15.360692, 10.264741 ] } },
{ "type": "Feature", "properties": { "confidence": 0.8271, "area_in_meters": 10.33, "surface_m2": 10.280361769859155, "inonde": false, "classe_profondeur": null, "ordre_classe": null }, "geometry": { "type": "Point", "coordinates": [ 15.3607, 10.264768 ] } },
{ "type": "Feature", "properties": { "confidence": 0.7995, "area_in_meters": 14.8142, "surface_m2": 14.743031429155963, "inonde": false, "classe_profondeur": null, "ordre_classe": null }, "geometry": { "type": "Point", "coordinates": [ 15.360663, 10.264766 ] } },
{ "type": "Feature", "properties": { "confidence": 0.7265, "area_in_meters": 14.5828, "surface_m2": 14.512669658986852, "inonde": false, "classe_profondeur": null, "ordre_classe": null }, "geometry": { "type": "Point", "coordinates": [ 15.357948, 10.263602 ] } },
{ "type": "Feature", "properties": { "confidence": 0.7145, "area_in_meters": 7.7283, "surface_m2": 7.6912022304022685, "inonde": false, "classe_profondeur": null, "ordre_classe": null }, "geometry": { "type": "Point", "coordinates": [ 15.359205, 10.263759 ] } },
{ "type": "Feature", "properties": { "confidence": 0.7932, "area_in_meters": 16.4253, "surface_m2": 16.346387986181071, "inonde": false, "classe_profondeur": null, "ordre_classe": null }, "geometry": { "type": "Point", "coordinates": [ 15.360656, 10.264838 ] } },
{ "type": "Feature", "properties": { "confidence": 0.7924, "area_in_meters": 14.1856, "surface_m2": 14.117460100504104, "inonde": false, "classe_profondeur": null, "ordre_classe": null }, "geometry": { "type": "Point", "coordinates": [ 15.360523, 10.264741 ] } },
{ "type": "Feature", "properties": { "confidence": 0.7052, "area_in_meters": 6.4644, "surface_m2": 6.4333651408669539, "inonde": false, "classe_profondeur": null, "ordre_classe": null }, "geometry": { "type": "Point", "coordinates": [ 15.357651, 10.263921 ] } },
{ "type": "Feature", "properties": { "confidence": 0.7625, "area_in_meters": 9.2369, "surface_m2": 9.1924584593216423, "inonde": false, "classe_profondeur": null, "ordre_classe": null }, "geometry": { "type": "Point", "coordinates": [ 15.359193, 10.264253 ] } },
{ "type": "Feature", "properties": { "confidence": 0.7674, "area_in_meters": 15.9991, "surface_m2": 15.92218561055779, "inonde": false, "classe_profondeur": null, "ordre_classe": null }, "geometry": { "type": "Point", "coordinates": [ 15.359116, 10.263507 ] } },
{ "type": "Feature", "properties": { "confidence": 0.8156, "area_in_meters": 13.1367, "surface_m2": 13.073550916436943, "inonde": false, "classe_profondeur": null, "ordre_classe": null }, "geometry": { "type": "Point", "coordinates": [ 15.351644, 10.266254 ] } },
{ "type": "Feature", "properties": { "confidence": 0.7362, "area_in_meters": 8.4507, "surface_m2": 8.4100547010602895, "inonde": false, "classe_profondeur": null, "ordre_classe": null }, "geometry": { "type": "Point", "coordinates": [ 15.351447, 10.266317 ] } },
{ "type": "Feature", "properties": { "confidence": 0.7992, "area_in_meters": 16.1872, "surface_m2": 16.109339481801726, "inonde": true, "classe_profondeur": null, "ordre_classe": null }, "geometry": { "type": "Point", "coordinates": [ 15.350934, 10.266695 ] } },
{ "type": "Feature", "properties": { "confidence": 0.7106, "area_in_meters": 15.6864, "surface_m2": 15.611014488968067, "inonde": true, "classe_profondeur": null, "ordre_classe": null }, "geometry": { "type": "Point", "coordinates": [ 15.350737, 10.266704 ] } },
{ "type": "Feature", "properties": { "confidence": 0.803, "area_in_meters": 27.7282, "surface_m2": 27.594903054799943, "inonde": true, "classe_profondeur": null, "ordre_classe": null }, "geometry": { "type": "Point", "coordinates": [ 15.350837, 10.266745 ] } },
{ "type": "Feature", "properties": { "confidence": 0.702, "area_in_meters": 11.7901, "surface_m2": 11.73346410819795, "inonde": false, "classe_profondeur": null, "ordre_classe": null }, "geometry": { "type": "Point", "coordinates": [ 15.350988, 10.266744 ] } },
{ "type": "Feature", "properties": { "confidence": 0.7026, "area_in_meters": 11.4588, "surface_m2": 11.403666031139437, "inonde": false, "classe_profondeur": null, "ordre_classe": null }, "geometry": { "type": "Point", "coordinates": [ 15.350905, 10.266747 ] } },
{ "type": "Feature", "properties": { "confidence": 0.7253, "area_in_meters": 10.2196, "surface_m2": 10.170516307596699, "inonde": false, "classe_profondeur": null, "ordre_classe": null }, "geometry": { "type": "Point", "coordinates": [ 15.350792, 10.266754 ] } },
{ "type": "Feature", "properties": { "confidence": 0.8231, "area_in_meters": 18.8378, "surface_m2": 18.747233406582382, "inonde": true, "classe_profondeur": null, "ordre_classe": null }, "geometry": { "type": "Point", "coordinates": [ 15.350666, 10.266797 ] } },
{ "type": "Feature", "properties": { "confidence": 0.8113, "area_in_meters": 15.4285, "surface_m2": 15.354328748566331, "inonde": true, "classe_profondeur": null, "ordre_classe": null }, "geometry": { "type": "Point", "coordinates": [ 15.350726, 10.266824 ] } },
{ "type": "Feature", "properties": { "confidence": 0.8495, "area_in_meters": 32.3468, "surface_m2": 32.191273823642405, "inonde": true, "classe_profondeur": null, "ordre_classe": null }, "geometry": { "type": "Point", "coordinates": [ 15.350642, 10.266876 ] } },
{ "type": "Feature", "properties": { "confidence": 0.7874, "area_in_meters": 14.1857, "surface_m2": 14.117459947126918, "inonde": false, "classe_profondeur": null, "ordre_classe": null }, "geometry": { "type": "Point", "coordinates": [ 15.351033, 10.266867 ] } },
{ "type": "Feature", "properties": { "confidence": 0.846, "area_in_meters": 42.6903, "surface_m2": 42.485087625465894, "inonde": false, "classe_profondeur": null, "ordre_classe": null }, "geometry": { "type": "Point", "coordinates": [ 15.350824, 10.266883 ] } },
{ "type": "Feature", "properties": { "confidence": 0.8192, "area_in_meters": 23.1679, "surface_m2": 23.056502153893234, "inonde": false, "classe_profondeur": null, "ordre_classe": null }, "geometry": { "type": "Point", "coordinates": [ 15.351072, 10.266887 ] } },
{ "type": "Feature", "properties": { "confidence": 0.7102, "area_in_meters": 6.7012, "surface_m2": 6.6689691308856709, "inonde": false, "classe_profondeur": null, "ordre_classe": null }, "geometry": { "type": "Point", "coordinates": [ 15.350966, 10.266922 ] } },
{ "type": "Feature", "properties": { "confidence": 0.8232, "area_in_meters": 17.0054, "surface_m2": 16.923627585827489, "inonde": false, "classe_profondeur": null, "ordre_classe": null }, "geometry": { "type": "Point", "coordinates": [ 15.351034, 10.266966 ] } },
{ "type": "Feature", "properties": { "confidence": 0.8628, "area_in_meters": 31.2186, "surface_m2": 31.068483759299852, "inonde": false, "classe_profondeur": null, "ordre_classe": null }, "geometry": { "type": "Point", "coordinates": [ 15.350757, 10.266973 ] } },
{ "type": "Feature", "properties": { "confidence": 0.7907, "area_in_meters": 17.0499, "surface_m2": 16.967907743004616, "inonde": false, "classe_profondeur": null, "ordre_classe": null }, "geometry": { "type": "Point", "coordinates": [ 15.35088, 10.266963 ] } },
{ "type": "Feature", "properties": { "confidence": 0.8192, "area_in_meters": 15.4598, "surface_m2": 15.385436485987157, "inonde": false, "classe_profondeur": null, "ordre_classe": null }, "geometry": { "type": "Point", "coordinates": [ 15.350994, 10.267069 ] } },
{ "type": "Feature", "properties": { "confidence": 0.8531, "area_in_meters": 35.0249, "surface_m2": 34.856552165467292, "inonde": false, "classe_profondeur": null, "ordre_classe": null }, "geometry": { "type": "Point", "coordinates": [ 15.350758, 10.267087 ] } },
{ "type": "Feature", "properties": { "confidence": 0.8197, "area_in_meters": 15.6883, "surface_m2": 15.612913341028616, "inonde": false, "classe_profondeur": null, "ordre_classe": null }, "geometry": { "type": "Point", "coordinates": [ 15.350932, 10.267122 ] } },
{ "type": "Feature", "properties": { "confidence": 0.7788, "area_in_meters": 13.821, "surface_m2": 13.754510305065196, "inonde": false, "classe_profondeur": null, "ordre_classe": null }, "geometry": { "type": "Point", "coordinates": [ 15.351564, 10.266156 ] } },
{ "type": "Feature", "properties": { "confidence": 0.7488, "area_in_meters": 18.1471, "surface_m2": 18.059808704958414, "inonde": false, "classe_profondeur": null, "ordre_classe": null }, "geometry": { "type": "Point", "coordinates": [ 15.350726, 10.266859 ] } },
{ "type": "Feature", "properties": { "confidence": 0.7297, "area_in_meters": 17.1067, "surface_m2": 17.024426843679976, "inonde": false, "classe_profondeur": null, "ordre_classe": null }, "geometry": { "type": "Point", "coordinates": [ 15.342387, 10.250002 ] } },
{ "type": "Feature", "properties": { "confidence": 0.854, "area_in_meters": 32.4651, "surface_m2": 32.308934589817, "inonde": false, "classe_profondeur": null, "ordre_classe": null }, "geometry": { "type": "Point", "coordinates": [ 15.342448, 10.250032 ] } },
{ "type": "Feature", "properties": { "confidence": 0.7872, "area_in_meters": 12.7806, "surface_m2": 12.719094664484146, "inonde": false, "classe_profondeur": null, "ordre_classe": null }, "geometry": { "type": "Point", "coordinates": [ 15.34154, 10.250541 ] } },
{ "type": "Feature", "properties": { "confidence": 0.7123, "area_in_meters": 14.7518, "surface_m2": 14.680856703664176, "inonde": false, "classe_profondeur": null, "ordre_classe": null }, "geometry": { "type": "Point", "coordinates": [ 15.341349, 10.250545 ] } },
{ "type": "Feature", "properties": { "confidence": 0.7892, "area_in_meters": 17.1277, "surface_m2": 17.045313806622289, "inonde": false, "classe_profondeur": null, "ordre_classe": null }, "geometry": { "type": "Point", "coordinates": [ 15.341424, 10.250645 ] } },
{ "type": "Feature", "properties": { "confidence": 0.7482, "area_in_meters": 15.7508, "surface_m2": 15.675048777426127, "inonde": false, "classe_profondeur": null, "ordre_classe": null }, "geometry": { "type": "Point", "coordinates": [ 15.341277, 10.251578 ] } },
{ "type": "Feature", "properties": { "confidence": 0.8161, "area_in_meters": 18.2526, "surface_m2": 18.1648272901366, "inonde": false, "classe_profondeur": null, "ordre_classe": null }, "geometry": { "type": "Point", "coordinates": [ 15.341126, 10.251676 ] } },
{ "type": "Feature", "properties": { "confidence": 0.7105, "area_in_meters": 18.4709, "surface_m2": 18.382087342528393, "inonde": false, "classe_profondeur": null, "ordre_classe": null }, "geometry": { "type": "Point", "coordinates": [ 15.3412, 10.251674 ] } },
{ "type": "Feature", "properties": { "confidence": 0.7915, "area_in_meters": 32.2817, "surface_m2": 32.126386201678542, "inonde": false, "classe_profondeur": null, "ordre_classe": null }, "geometry": { "type": "Point", "coordinates": [ 15.341044, 10.25173 ] } },
{ "type": "Feature", "properties": { "confidence": 0.7008, "area_in_meters": 12.066, "surface_m2": 12.00796621167683, "inonde": false, "classe_profondeur": null, "ordre_classe": null }, "geometry": { "type": "Point", "coordinates": [ 15.341063, 10.251835 ] } },
{ "type": "Feature", "properties": { "confidence": 0.7875, "area_in_meters": 13.8156, "surface_m2": 13.749056996050058, "inonde": false, "classe_profondeur": null, "ordre_classe": null }, "geometry": { "type": "Point", "coordinates": [ 15.32369, 10.229377 ] } },
{ "type": "Feature", "properties": { "confidence": 0.7694, "area_in_meters": 16.9042, "surface_m2": 16.822830771387089, "inonde": false, "classe_profondeur": null, "ordre_classe": null }, "geometry": { "type": "Point", "coordinates": [ 15.323851, 10.229435 ] } },
{ "type": "Feature", "properties": { "confidence": 0.725, "area_in_meters": 18.1711, "surface_m2": 18.083559278282337, "inonde": false, "classe_profondeur": null, "ordre_classe": null }, "geometry": { "type": "Point", "coordinates": [ 15.323324, 10.229537 ] } },
{ "type": "Feature", "properties": { "confidence": 0.859, "area_in_meters": 54.2643, "surface_m2": 54.002981938407174, "inonde": false, "classe_profondeur": null, "ordre_classe": null }, "geometry": { "type": "Point", "coordinates": [ 15.321972, 10.229884 ] } },
{ "type": "Feature", "properties": { "confidence": 0.7459, "area_in_meters": 16.8267, "surface_m2": 16.74569068220444, "inonde": false, "classe_profondeur": null, "ordre_classe": null }, "geometry": { "type": "Point", "coordinates": [ 15.322054, 10.229872 ] } },
{ "type": "Feature", "properties": { "confidence": 0.9143, "area_in_meters": 220.7787, "surface_m2": 219.71535004442558, "inonde": false, "classe_profondeur": null, "ordre_classe": null }, "geometry": { "type": "Point", "coordinates": [ 15.321712, 10.23021 ] } },
{ "type": "Feature", "properties": { "confidence": 0.817, "area_in_meters": 22.4977, "surface_m2": 22.38938646519091, "inonde": false, "classe_profondeur": null, "ordre_classe": null }, "geometry": { "type": "Point", "coordinates": [ 15.321672, 10.231475 ] } },
{ "type": "Feature", "properties": { "confidence": 0.7764, "area_in_meters": 17.1592, "surface_m2": 17.076554871426197, "inonde": false, "classe_profondeur": null, "ordre_classe": null }, "geometry": { "type": "Point", "coordinates": [ 15.321804, 10.231572 ] } },
{ "type": "Feature", "properties": { "confidence": 0.761, "area_in_meters": 12.5615, "surface_m2": 12.500981183140539, "inonde": false, "classe_profondeur": null, "ordre_classe": null }, "geometry": { "type": "Point", "coordinates": [ 15.321565, 10.231682 ] } },
{ "type": "Feature", "properties": { "confidence": 0.8067, "area_in_meters": 17.94, "surface_m2": 17.853566723933909, "inonde": false, "classe_profondeur": null, "ordre_classe": null }, "geometry": { "type": "Point", "coordinates": [ 15.321811, 10.23169 ] } },
{ "type": "Feature", "properties": { "confidence": 0.7782, "area_in_meters": 13.817, "surface_m2": 13.75049803010188, "inonde": false, "classe_profondeur": null, "ordre_classe": null }, "geometry": { "type": "Point", "coordinates": [ 15.323827, 10.229344 ] } },
{ "type": "Feature", "properties": { "confidence": 0.7348, "area_in_meters": 19.4976, "surface_m2": 19.403710856015095, "inonde": false, "classe_profondeur": null, "ordre_classe": null }, "geometry": { "type": "Point", "coordinates": [ 15.323464, 10.229625 ] } },
{ "type": "Feature", "properties": { "confidence": 0.7987, "area_in_meters": 16.2286, "surface_m2": 16.150459825264988, "inonde": false, "classe_profondeur": null, "ordre_classe": null }, "geometry": { "type": "Point", "coordinates": [ 15.321705, 10.231739 ] } },
{ "type": "Feature", "properties": { "confidence": 0.9057, "area_in_meters": 102.7515, "surface_m2": 102.25661272578873, "inonde": false, "classe_profondeur": null, "ordre_classe": null }, "geometry": { "type": "Point", "coordinates": [ 15.322179, 10.229856 ] } },
{ "type": "Feature", "properties": { "confidence": 0.7476, "area_in_meters": 11.8815, "surface_m2": 11.824257921776734, "inonde": false, "classe_profondeur": null, "ordre_classe": null }, "geometry": { "type": "Point", "coordinates": [ 15.323727, 10.229337 ] } },
{ "type": "Feature", "properties": { "confidence": 0.8072, "area_in_meters": 17.8444, "surface_m2": 17.758476906572469, "inonde": false, "classe_profondeur": null, "ordre_classe": null }, "geometry": { "type": "Point", "coordinates": [ 15.321754, 10.231505 ] } },
{ "type": "Feature", "properties": { "confidence": 0.7635, "area_in_meters": 16.413, "surface_m2": 16.333974540757481, "inonde": false, "classe_profondeur": null, "ordre_classe": null }, "geometry": { "type": "Point", "coordinates": [ 15.323267, 10.229804 ] } },
{ "type": "Feature", "properties": { "confidence": 0.8041, "area_in_meters": 13.3983, "surface_m2": 13.333778203872498, "inonde": false, "classe_profondeur": null, "ordre_classe": null }, "geometry": { "type": "Point", "coordinates": [ 15.321577, 10.231511 ] } },
{ "type": "Feature", "properties": { "confidence": 0.7881, "area_in_meters": 15.2149, "surface_m2": 15.141579619550612, "inonde": false, "classe_profondeur": null, "ordre_classe": null }, "geometry": { "type": "Point", "coordinates": [ 15.321632, 10.231731 ] } },
{ "type": "Feature", "properties": { "confidence": 0.7909, "area_in_meters": 19.3595, "surface_m2": 19.266225163009949, "inonde": false, "classe_profondeur": null, "ordre_classe": null }, "geometry": { "type": "Point", "coordinates": [ 15.323486, 10.229414 ] } },
{ "type": "Feature", "properties": { "confidence": 0.7104, "area_in_meters": 12.8628, "surface_m2": 12.800831773747632, "inonde": false, "classe_profondeur": null, "ordre_classe": null }, "geometry": { "type": "Point", "coordinates": [ 15.322045, 10.229726 ] } },
{ "type": "Feature", "properties": { "confidence": 0.7116, "area_in_meters": 11.115, "surface_m2": 11.06143163255183, "inonde": false, "classe_profondeur": null, "ordre_classe": null }, "geometry": { "type": "Point", "coordinates": [ 15.32374, 10.229471 ] } },
{ "type": "Feature", "properties": { "confidence": 0.7162, "area_in_meters": 9.1991, "surface_m2": 9.1547877838355038, "inonde": false, "classe_profondeur": null, "ordre_classe": null }, "geometry": { "type": "Point", "coordinates": [ 15.325257, 10.229178 ] } },
{ "type": "Feature", "properties": { "confidence": 0.7587, "area_in_meters": 12.7331, "surface_m2": 12.67182007048541, "inonde": false, "classe_profondeur": null, "ordre_classe": null }, "geometry": { "type": "Point", "coordinates": [ 15.325268, 10.229064 ] } },
{ "type": "Feature", "properties": { "confidence": 0.7337, "area_in_meters": 13.1363, "surface_m2": 13.073070817190455, "inonde": false, "classe_profondeur": null, "ordre_classe": null }, "geometry": { "type": "Point", "coordinates": [ 15.325625, 10.227134 ] } },
{ "type": "Feature", "properties": { "confidence": 0.7762, "area_in_meters": 20.7969, "surface_m2": 20.69679192386684, "inonde": false, "classe_profondeur": null, "ordre_classe": null }, "geometry": { "type": "Point", "coordinates": [ 15.325723, 10.22673 ] } },
{ "type": "Feature", "properties": { "confidence": 0.7601, "area_in_meters": 8.4659, "surface_m2": 8.4251271776593057, "inonde": false, "classe_profondeur": null, "ordre_classe": null }, "geometry": { "type": "Point", "coordinates": [ 15.325815, 10.226755 ] } },
{ "type": "Feature", "properties": { "confidence": 0.724, "area_in_meters": 12.1417, "surface_m2": 12.083184712566435, "inonde": false, "classe_profondeur": null, "ordre_classe": null }, "geometry": { "type": "Point", "coordinates": [ 15.325965, 10.227354 ] } },
{ "type": "Feature", "properties": { "confidence": 0.7388, "area_in_meters": 12.6921, "surface_m2": 12.630937476089457, "inonde": false, "classe_profondeur": null, "ordre_classe": null }, "geometry": { "type": "Point", "coordinates": [ 15.326286, 10.22757 ] } },
{ "type": "Feature", "properties": { "confidence": 0.7693, "area_in_meters": 18.5757, "surface_m2": 18.48624942015158, "inonde": false, "classe_profondeur": null, "ordre_classe": null }, "geometry": { "type": "Point", "coordinates": [ 15.326341, 10.22744 ] } },
{ "type": "Feature", "properties": { "confidence": 0.7371, "area_in_meters": 11.1489, "surface_m2": 11.095180568227079, "inonde": false, "classe_profondeur": null, "ordre_classe": null }, "geometry": { "type": "Point", "coordinates": [ 15.326406, 10.227566 ] } },
{ "type": "Feature", "properties": { "confidence": 0.76, "area_in_meters": 14.8422, "surface_m2": 14.770703365895315, "inonde": false, "classe_profondeur": null, "ordre_classe": null }, "geometry": { "type": "Point", "coordinates": [ 15.326442, 10.227478 ] } },
{ "type": "Feature", "properties": { "confidence": 0.7181, "area_in_meters": 16.4084, "surface_m2": 16.329343454446644, "inonde": false, "classe_profondeur": null, "ordre_classe": null }, "geometry": { "type": "Point", "coordinates": [ 15.326872, 10.227005 ] } },
{ "type": "Feature", "properties": { "confidence": 0.7417, "area_in_meters": 18.9228, "surface_m2": 18.831662255979609, "inonde": false, "classe_profondeur": null, "ordre_classe": null }, "geometry": { "type": "Point", "coordinates": [ 15.326886, 10.227577 ] } },
{ "type": "Feature", "properties": { "confidence": 0.7045, "area_in_meters": 7.8774, "surface_m2": 7.8395139558124356, "inonde": false, "classe_profondeur": null, "ordre_classe": null }, "geometry": { "type": "Point", "coordinates": [ 15.326886, 10.227029 ] } },
{ "type": "Feature", "properties": { "confidence": 0.8132, "area_in_meters": 34.1685, "surface_m2": 34.003933061496355, "inonde": false, "classe_profondeur": null, "ordre_classe": null }, "geometry": { "type": "Point", "coordinates": [ 15.326916, 10.226831 ] } },
{ "type": "Feature", "properties": { "confidence": 0.7293, "area_in_meters": 20.1996, "surface_m2": 20.102347836684203, "inonde": false, "classe_profondeur": null, "ordre_classe": null }, "geometry": { "type": "Point", "coordinates": [ 15.326912, 10.2272 ] } },
{ "type": "Feature", "properties": { "confidence": 0.7553, "area_in_meters": 16.946, "surface_m2": 16.864373630407499, "inonde": false, "classe_profondeur": null, "ordre_classe": null }, "geometry": { "type": "Point", "coordinates": [ 15.326944, 10.227019 ] } },
{ "type": "Feature", "properties": { "confidence": 0.8027, "area_in_meters": 22.1371, "surface_m2": 22.030477822299872, "inonde": false, "classe_profondeur": null, "ordre_classe": null }, "geometry": { "type": "Point", "coordinates": [ 15.326999, 10.226963 ] } },
{ "type": "Feature", "properties": { "confidence": 0.729, "area_in_meters": 10.812, "surface_m2": 10.759981539071305, "inonde": false, "classe_profondeur": null, "ordre_classe": null }, "geometry": { "type": "Point", "coordinates": [ 15.327005, 10.227118 ] } },
{ "type": "Feature", "properties": { "confidence": 0.7572, "area_in_meters": 17.4566, "surface_m2": 17.372548267943785, "inonde": false, "classe_profondeur": null, "ordre_classe": null }, "geometry": { "type": "Point", "coordinates": [ 15.327044, 10.227206 ] } },
{ "type": "Feature", "properties": { "confidence": 0.7445, "area_in_meters": 13.9225, "surface_m2": 13.855457424273482, "inonde": false, "classe_profondeur": null, "ordre_classe": null }, "geometry": { "type": "Point", "coordinates": [ 15.327219, 10.228629 ] } },
{ "type": "Feature", "properties": { "confidence": 0.7222, "area_in_meters": 14.419, "surface_m2": 14.349545548553579, "inonde": false, "classe_profondeur": null, "ordre_classe": null }, "geometry": { "type": "Point", "coordinates": [ 15.327239, 10.228495 ] } },
{ "type": "Feature", "properties": { "confidence": 0.7774, "area_in_meters": 11.3293, "surface_m2": 11.274780717940303, "inonde": false, "classe_profondeur": null, "ordre_classe": null }, "geometry": { "type": "Point", "coordinates": [ 15.327243, 10.228565 ] } },
{ "type": "Feature", "properties": { "confidence": 0.7084, "area_in_meters": 11.5051, "surface_m2": 11.449639283237047, "inonde": false, "classe_profondeur": null, "ordre_classe": null }, "geometry": { "type": "Point", "coordinates": [ 15.322452, 10.226776 ] } },
{ "type": "Feature", "properties": { "confidence": 0.7091, "area_in_meters": 11.1063, "surface_m2": 11.052798091259319, "inonde": false, "classe_profondeur": null, "ordre_classe": null }, "geometry": { "type": "Point", "coordinates": [ 15.325757, 10.227168 ] } },
{ "type": "Feature", "properties": { "confidence": 0.7405, "area_in_meters": 16.922, "surface_m2": 16.840472188829153, "inonde": false, "classe_profondeur": null, "ordre_classe": null }, "geometry": { "type": "Point", "coordinates": [ 15.326595, 10.228243 ] } },
{ "type": "Feature", "properties": { "confidence": 0.7574, "area_in_meters": 11.5251, "surface_m2": 11.46955801511649, "inonde": false, "classe_profondeur": null, "ordre_classe": null }, "geometry": { "type": "Point", "coordinates": [ 15.32375, 10.229278 ] } },
{ "type": "Feature", "properties": { "confidence": 0.8114, "area_in_meters": 12.1022, "surface_m2": 12.043947715035756, "inonde": false, "classe_profondeur": null, "ordre_classe": null }, "geometry": { "type": "Point", "coordinates": [ 15.325772, 10.226803 ] } },
{ "type": "Feature", "properties": { "confidence": 0.7178, "area_in_meters": 15.9269, "surface_m2": 15.85020280937897, "inonde": false, "classe_profondeur": null, "ordre_classe": null }, "geometry": { "type": "Point", "coordinates": [ 15.32237, 10.226801 ] } },
{ "type": "Feature", "properties": { "confidence": 0.9254, "area_in_meters": 72.1122, "surface_m2": 71.76488600554876, "inonde": false, "classe_profondeur": null, "ordre_classe": null }, "geometry": { "type": "Point", "coordinates": [ 15.325866, 10.226883 ] } },
{ "type": "Feature", "properties": { "confidence": 0.7545, "area_in_meters": 18.189, "surface_m2": 18.101430882212298, "inonde": false, "classe_profondeur": null, "ordre_classe": null }, "geometry": { "type": "Point", "coordinates": [ 15.323089, 10.24655 ] } },
{ "type": "Feature", "properties": { "confidence": 0.7459, "area_in_meters": 18.4462, "surface_m2": 18.357378476765007, "inonde": false, "classe_profondeur": null, "ordre_classe": null }, "geometry": { "type": "Point", "coordinates": [ 15.323677, 10.246611 ] } },
{ "type": "Feature", "properties": { "confidence": 0.719, "area_in_meters": 14.2901, "surface_m2": 14.22131534802611, "inonde": false, "classe_profondeur": null, "ordre_classe": null }, "geometry": { "type": "Point", "coordinates": [ 15.32363, 10.246732 ] } },
{ "type": "Feature", "properties": { "confidence": 0.7178, "area_in_meters": 16.3338, "surface_m2": 16.25517094694078, "inonde": false, "classe_profondeur": null, "ordre_classe": null }, "geometry": { "type": "Point", "coordinates": [ 15.323414, 10.248266 ] } },
{ "type": "Feature", "properties": { "confidence": 0.7363, "area_in_meters": 9.1695, "surface_m2": 9.1253843064041575, "inonde": false, "classe_profondeur": null, "ordre_classe": null }, "geometry": { "type": "Point", "coordinates": [ 15.323371, 10.24829 ] } },
{ "type": "Feature", "properties": { "confidence": 0.7037, "area_in_meters": 13.3976, "surface_m2": 13.333082900207955, "inonde": false, "classe_profondeur": null, "ordre_classe": null }, "geometry": { "type": "Point", "coordinates": [ 15.323509, 10.248357 ] } },
{ "type": "Feature", "properties": { "confidence": 0.7286, "area_in_meters": 13.65, "surface_m2": 13.584280964685604, "inonde": false, "classe_profondeur": null, "ordre_classe": null }, "geometry": { "type": "Point", "coordinates": [ 15.32976, 10.251489 ] } },
{ "type": "Feature", "properties": { "confidence": 0.7103, "area_in_meters": 9.8081, "surface_m2": 9.7608482279174495, "inonde": false, "classe_profondeur": null, "ordre_classe": null }, "geometry": { "type": "Point", "coordinates": [ 15.330233, 10.253888 ] } },
{ "type": "Feature", "properties": { "confidence": 0.7341, "area_in_meters": 18.2742, "surface_m2": 18.186261442024261, "inonde": false, "classe_profondeur": null, "ordre_classe": null }, "geometry": { "type": "Point", "coordinates": [ 15.329785, 10.251473 ] } },
{ "type": "Feature", "properties": { "confidence": 0.8004, "area_in_meters": 29.8414, "surface_m2": 29.6977833006531, "inonde": false, "classe_profondeur": null, "ordre_classe": null }, "geometry": { "type": "Point", "coordinates": [ 15.324859, 10.248456 ] } },
{ "type": "Feature", "properties": { "confidence": 0.8917, "area_in_meters": 228.7396, "surface_m2": 227.63837669743225, "inonde": false, "classe_profondeur": null, "ordre_classe": null }, "geometry": { "type": "Point", "coordinates": [ 15.325236, 10.247313 ] } },
{ "type": "Feature", "properties": { "confidence": 0.8801, "area_in_meters": 272.2093, "surface_m2": 270.89884008467197, "inonde": false, "classe_profondeur": null, "ordre_classe": null }, "geometry": { "type": "Point", "coordinates": [ 15.325452, 10.24729 ] } },
{ "type": "Feature", "properties": { "confidence": 0.755, "area_in_meters": 8.4486, "surface_m2": 8.4079133681734675, "inonde": false, "classe_profondeur": null, "ordre_classe": null }, "geometry": { "type": "Point", "coordinates": [ 15.328908, 10.246351 ] } },
{ "type": "Feature", "properties": { "confidence": 0.7403, "area_in_meters": 13.3491, "surface_m2": 13.284807899879524, "inonde": false, "classe_profondeur": null, "ordre_classe": null }, "geometry": { "type": "Point", "coordinates": [ 15.329699, 10.248811 ] } },
{ "type": "Feature", "properties": { "confidence": 0.7223, "area_in_meters": 10.0208, "surface_m2": 9.9725235439836979, "inonde": false, "classe_profondeur": null, "ordre_classe": null }, "geometry": { "type": "Point", "coordinates": [ 15.329803, 10.248821 ] } },
{ "type": "Feature", "properties": { "confidence": 0.7032, "area_in_meters": 9.6041, "surface_m2": 9.5578835682827048, "inonde": false, "classe_profondeur": null, "ordre_classe": null }, "geometry": { "type": "Point", "coordinates": [ 15.329839, 10.248871 ] } },
{ "type": "Feature", "properties": { "confidence": 0.7258, "area_in_meters": 15.5005, "surface_m2": 15.425904239149531, "inonde": false, "classe_profondeur": null, "ordre_classe": null }, "geometry": { "type": "Point", "coordinates": [ 15.329936, 10.248814 ] } },
{ "type": "Feature", "properties": { "confidence": 0.7346, "area_in_meters": 13.0219, "surface_m2": 12.959277855785331, "inonde": false, "classe_profondeur": null, "ordre_classe": null }, "geometry": { "type": "Point", "coordinates": [ 15.333788, 10.246378 ] } },
{ "type": "Feature", "properties": { "confidence": 0.7221, "area_in_meters": 9.808, "surface_m2": 9.7608074787131045, "inonde": false, "classe_profondeur": null, "ordre_classe": null }, "geometry": { "type": "Point", "coordinates": [ 15.333905, 10.246477 ] } },
{ "type": "Feature", "properties": { "confidence": 0.7091, "area_in_meters": 12.2798, "surface_m2": 12.2206990456325, "inonde": false, "classe_profondeur": null, "ordre_classe": null }, "geometry": { "type": "Point", "coordinates": [ 15.334151, 10.248614 ] } },
{ "type": "Feature", "properties": { "confidence": 0.7145, "area_in_meters": 11.6427, "surface_m2": 11.586680966371205, "inonde": false, "classe_profondeur": null, "ordre_classe": null }, "geometry": { "type": "Point", "coordinates": [ 15.327526, 10.255481 ] } },
{ "type": "Feature", "properties": { "confidence": 0.7042, "area_in_meters": 15.6965, "surface_m2": 15.620965535053983, "inonde": false, "classe_profondeur": null, "ordre_classe": null }, "geometry": { "type": "Point", "coordinates": [ 15.327491, 10.255672 ] } },
{ "type": "Feature", "properties": { "confidence": 0.7273, "area_in_meters": 28.3128, "surface_m2": 28.17656950908713, "inonde": false, "classe_profondeur": null, "ordre_classe": null }, "geometry": { "type": "Point", "coordinates": [ 15.327888, 10.255917 ] } },
{ "type": "Feature", "properties": { "confidence": 0.8262, "area_in_meters": 25.2407, "surface_m2": 25.119178133783862, "inonde": false, "classe_profondeur": null, "ordre_classe": null }, "geometry": { "type": "Point", "coordinates": [ 15.329537, 10.255969 ] } },
{ "type": "Feature", "properties": { "confidence": 0.7307, "area_in_meters": 14.4211, "surface_m2": 14.351701346924528, "inonde": false, "classe_profondeur": null, "ordre_classe": null }, "geometry": { "type": "Point", "coordinates": [ 15.329552, 10.25603 ] } },
{ "type": "Feature", "properties": { "confidence": 0.8005, "area_in_meters": 19.973, "surface_m2": 19.876900291477796, "inonde": false, "classe_profondeur": null, "ordre_classe": null }, "geometry": { "type": "Point", "coordinates": [ 15.329515, 10.256127 ] } },
{ "type": "Feature", "properties": { "confidence": 0.7112, "area_in_meters": 15.7296, "surface_m2": 15.653902943828143, "inonde": false, "classe_profondeur": null, "ordre_classe": null }, "geometry": { "type": "Point", "coordinates": [ 15.329228, 10.256173 ] } },
{ "type": "Feature", "properties": { "confidence": 0.8379, "area_in_meters": 35.937, "surface_m2": 35.764028833247721, "inonde": false, "classe_profondeur": null, "ordre_classe": null }, "geometry": { "type": "Point", "coordinates": [ 15.329342, 10.256211 ] } },
{ "type": "Feature", "properties": { "confidence": 0.7177, "area_in_meters": 14.5117, "surface_m2": 14.44186784978956, "inonde": false, "classe_profondeur": null, "ordre_classe": null }, "geometry": { "type": "Point", "coordinates": [ 15.328169, 10.256239 ] } },
{ "type": "Feature", "properties": { "confidence": 0.7162, "area_in_meters": 10.8055, "surface_m2": 10.753543380356859, "inonde": false, "classe_profondeur": null, "ordre_classe": null }, "geometry": { "type": "Point", "coordinates": [ 15.328765, 10.256654 ] } },
{ "type": "Feature", "properties": { "confidence": 0.776, "area_in_meters": 14.5288, "surface_m2": 14.458914260525489, "inonde": false, "classe_profondeur": null, "ordre_classe": null }, "geometry": { "type": "Point", "coordinates": [ 15.329496, 10.258202 ] } },
{ "type": "Feature", "properties": { "confidence": 0.7594, "area_in_meters": 16.0953, "surface_m2": 16.017873653618153, "inonde": false, "classe_profondeur": null, "ordre_classe": null }, "geometry": { "type": "Point", "coordinates": [ 15.329187, 10.258496 ] } },
{ "type": "Feature", "properties": { "confidence": 0.7542, "area_in_meters": 16.064, "surface_m2": 15.986722695757635, "inonde": false, "classe_profondeur": null, "ordre_classe": null }, "geometry": { "type": "Point", "coordinates": [ 15.327585, 10.258533 ] } },
{ "type": "Feature", "properties": { "confidence": 0.824, "area_in_meters": 25.0611, "surface_m2": 24.940461235353723, "inonde": false, "classe_profondeur": null, "ordre_classe": null }, "geometry": { "type": "Point", "coordinates": [ 15.329142, 10.258911 ] } },
{ "type": "Feature", "properties": { "confidence": 0.7478, "area_in_meters": 13.8186, "surface_m2": 13.752117260897649, "inonde": false, "classe_profondeur": null, "ordre_classe": null }, "geometry": { "type": "Point", "coordinates": [ 15.328468, 10.258958 ] } },
{ "type": "Feature", "properties": { "confidence": 0.7108, "area_in_meters": 12.7618, "surface_m2": 12.700364955177065, "inonde": false, "classe_profondeur": null, "ordre_classe": null }, "geometry": { "type": "Point", "coordinates": [ 15.328253, 10.259091 ] } },
{ "type": "Feature", "properties": { "confidence": 0.7006, "area_in_meters": 12.3865, "surface_m2": 12.326852289435919, "inonde": false, "classe_profondeur": null, "ordre_classe": null }, "geometry": { "type": "Point", "coordinates": [ 15.327536, 10.255694 ] } },
{ "type": "Feature", "properties": { "confidence": 0.7404, "area_in_meters": 12.2237, "surface_m2": 12.164873386034742, "inonde": false, "classe_profondeur": null, "ordre_classe": null }, "geometry": { "type": "Point", "coordinates": [ 15.328249, 10.258886 ] } },
{ "type": "Feature", "properties": { "confidence": 0.7449, "area_in_meters": 14.2604, "surface_m2": 14.191745090822224, "inonde": false, "classe_profondeur": null, "ordre_classe": null }, "geometry": { "type": "Point", "coordinates": [ 15.329368, 10.258126 ] } },
{ "type": "Feature", "properties": { "confidence": 0.7832, "area_in_meters": 10.2513, "surface_m2": 10.201907272916287, "inonde": false, "classe_profondeur": null, "ordre_classe": null }, "geometry": { "type": "Point", "coordinates": [ 15.32904, 10.229045 ] } },
{ "type": "Feature", "properties": { "confidence": 0.7825, "area_in_meters": 10.4669, "surface_m2": 10.416493706288747, "inonde": false, "classe_profondeur": null, "ordre_classe": null }, "geometry": { "type": "Point", "coordinates": [ 15.329095, 10.229001 ] } },
{ "type": "Feature", "properties": { "confidence": 0.7446, "area_in_meters": 14.3116, "surface_m2": 14.242646306694951, "inonde": false, "classe_profondeur": null, "ordre_classe": null }, "geometry": { "type": "Point", "coordinates": [ 15.329216, 10.229107 ] } },
{ "type": "Feature", "properties": { "confidence": 0.7129, "area_in_meters": 6.7383, "surface_m2": 6.7058963008748833, "inonde": false, "classe_profondeur": null, "ordre_classe": null }, "geometry": { "type": "Point", "coordinates": [ 15.329245, 10.228806 ] } },
{ "type": "Feature", "properties": { "confidence": 0.7449, "area_in_meters": 6.2802, "surface_m2": 6.2499999863211997, "inonde": false, "classe_profondeur": null, "ordre_classe": null }, "geometry": { "type": "Point", "coordinates": [ 15.329517, 10.228757 ] } },
{ "type": "Feature", "properties": { "confidence": 0.7406, "area_in_meters": 12.7722, "surface_m2": 12.71071891131578, "inonde": false, "classe_profondeur": null, "ordre_classe": null }, "geometry": { "type": "Point", "coordinates": [ 15.329651, 10.227334 ] } },
{ "type": "Feature", "properties": { "confidence": 0.7233, "area_in_meters": 13.4838, "surface_m2": 13.418836493190611, "inonde": false, "classe_profondeur": null, "ordre_classe": null }, "geometry": { "type": "Point", "coordinates": [ 15.32969, 10.227479 ] } },
{ "type": "Feature", "properties": { "confidence": 0.7001, "area_in_meters": 15.739, "surface_m2": 15.663231255603023, "inonde": false, "classe_profondeur": null, "ordre_classe": null }, "geometry": { "type": "Point", "coordinates": [ 15.32987, 10.22881 ] } },
{ "type": "Feature", "properties": { "confidence": 0.7094, "area_in_meters": 15.9398, "surface_m2": 15.863047204038594, "inonde": false, "classe_profondeur": null, "ordre_classe": null }, "geometry": { "type": "Point", "coordinates": [ 15.329817, 10.227132 ] } },
{ "type": "Feature", "properties": { "confidence": 0.791, "area_in_meters": 16.7704, "surface_m2": 16.689694377942942, "inonde": false, "classe_profondeur": null, "ordre_classe": null }, "geometry": { "type": "Point", "coordinates": [ 15.335318, 10.226572 ] } },
{ "type": "Feature", "properties": { "confidence": 0.7084, "area_in_meters": 14.6201, "surface_m2": 14.549768472119467, "inonde": false, "classe_profondeur": null, "ordre_classe": null }, "geometry": { "type": "Point", "coordinates": [ 15.330301, 10.253977 ] } },
{ "type": "Feature", "properties": { "confidence": 0.7705, "area_in_meters": 55.3718, "surface_m2": 55.105314746964723, "inonde": false, "classe_profondeur": null, "ordre_classe": null }, "geometry": { "type": "Point", "coordinates": [ 15.330426, 10.254763 ] } },
{ "type": "Feature", "properties": { "confidence": 0.7323, "area_in_meters": 16.4302, "surface_m2": 16.351085029440583, "inonde": false, "classe_profondeur": null, "ordre_classe": null }, "geometry": { "type": "Point", "coordinates": [ 15.330324, 10.254796 ] } },
{ "type": "Feature", "properties": { "confidence": 0.7071, "area_in_meters": 14.3909, "surface_m2": 14.321604823344387, "inonde": false, "classe_profondeur": null, "ordre_classe": null }, "geometry": { "type": "Point", "coordinates": [ 15.331813, 10.255003 ] } },
{ "type": "Feature", "properties": { "confidence": 0.8613, "area_in_meters": 22.6088, "surface_m2": 22.500000015774276, "inonde": false, "classe_profondeur": null, "ordre_classe": null }, "geometry": { "type": "Point", "coordinates": [ 15.332419, 10.255055 ] } },
{ "type": "Feature", "properties": { "confidence": 0.8113, "area_in_meters": 34.6915, "surface_m2": 34.524536820550566, "inonde": false, "classe_profondeur": null, "ordre_classe": null }, "geometry": { "type": "Point", "coordinates": [ 15.331825, 10.255191 ] } },
{ "type": "Feature", "properties": { "confidence": 0.733, "area_in_meters": 10.2284, "surface_m2": 10.179165707493667, "inonde": false, "classe_profondeur": null, "ordre_classe": null }, "geometry": { "type": "Point", "coordinates": [ 15.332359, 10.255189 ] } },
{ "type": "Feature", "properties": { "confidence": 0.7221, "area_in_meters": 11.189, "surface_m2": 11.135138857651327, "inonde": false, "classe_profondeur": null, "ordre_classe": null }, "geometry": { "type": "Point", "coordinates": [ 15.331722, 10.255246 ] } },
{ "type": "Feature", "properties": { "confidence": 0.7538, "area_in_meters": 15.1731, "surface_m2": 15.100051259214524, "inonde": false, "classe_profondeur": null, "ordre_classe": null }, "geometry": { "type": "Point", "coordinates": [ 15.332381, 10.255251 ] } },
{ "type": "Feature", "properties": { "confidence": 0.7766, "area_in_meters": 12.8978, "surface_m2": 12.835748234763741, "inonde": false, "classe_profondeur": null, "ordre_classe": null }, "geometry": { "type": "Point", "coordinates": [ 15.334337, 10.255678 ] } },
{ "type": "Feature", "properties": { "confidence": 0.7117, "area_in_meters": 12.7891, "surface_m2": 12.727546907175565, "inonde": false, "classe_profondeur": null, "ordre_classe": null }, "geometry": { "type": "Point", "coordinates": [ 15.330048, 10.254627 ] } },
{ "type": "Feature", "properties": { "confidence": 0.7208, "area_in_meters": 17.7721, "surface_m2": 17.686584238195792, "inonde": false, "classe_profondeur": null, "ordre_classe": null }, "geometry": { "type": "Point", "coordinates": [ 15.33158, 10.255117 ] } },
{ "type": "Feature", "properties": { "confidence": 0.7251, "area_in_meters": 12.9286, "surface_m2": 12.866433433177008, "inonde": false, "classe_profondeur": null, "ordre_classe": null }, "geometry": { "type": "Point", "coordinates": [ 15.334445, 10.255932 ] } },
{ "type": "Feature", "properties": { "confidence": 0.7777, "area_in_meters": 15.2705, "surface_m2": 15.197035647579469, "inonde": false, "classe_profondeur": null, "ordre_classe": null }, "geometry": { "type": "Point", "coordinates": [ 15.334294, 10.256062 ] } },
{ "type": "Feature", "properties": { "confidence": 0.718, "area_in_meters": 9.7333, "surface_m2": 9.6864719676668756, "inonde": false, "classe_profondeur": null, "ordre_classe": null }, "geometry": { "type": "Point", "coordinates": [ 15.334583, 10.25631 ] } },
{ "type": "Feature", "properties": { "confidence": 0.8658, "area_in_meters": 139.3047, "surface_m2": 138.6343623684952, "inonde": false, "classe_profondeur": null, "ordre_classe": null }, "geometry": { "type": "Point", "coordinates": [ 15.332233, 10.2565 ] } },
{ "type": "Feature", "properties": { "confidence": 0.7364, "area_in_meters": 16.0918, "surface_m2": 16.014407316863071, "inonde": false, "classe_profondeur": null, "ordre_classe": null }, "geometry": { "type": "Point", "coordinates": [ 15.333829, 10.256458 ] } },
{ "type": "Feature", "properties": { "confidence": 0.7147, "area_in_meters": 17.585, "surface_m2": 17.500349833338987, "inonde": false, "classe_profondeur": null, "ordre_classe": null }, "geometry": { "type": "Point", "coordinates": [ 15.333614, 10.256645 ] } },
{ "type": "Feature", "properties": { "confidence": 0.7043, "area_in_meters": 18.8278, "surface_m2": 18.737156623741612, "inonde": false, "classe_profondeur": null, "ordre_classe": null }, "geometry": { "type": "Point", "coordinates": [ 15.333628, 10.256754 ] } },
{ "type": "Feature", "properties": { "confidence": 0.7812, "area_in_meters": 16.4504, "surface_m2": 16.371243609464727, "inonde": false, "classe_profondeur": null, "ordre_classe": null }, "geometry": { "type": "Point", "coordinates": [ 15.333538, 10.256764 ] } },
{ "type": "Feature", "properties": { "confidence": 0.7875, "area_in_meters": 18.794, "surface_m2": 18.703565084433649, "inonde": false, "classe_profondeur": null, "ordre_classe": null }, "geometry": { "type": "Point", "coordinates": [ 15.333037, 10.256849 ] } },
{ "type": "Feature", "properties": { "confidence": 0.7785, "area_in_meters": 14.7153, "surface_m2": 14.644488433026709, "inonde": false, "classe_profondeur": null, "ordre_classe": null }, "geometry": { "type": "Point", "coordinates": [ 15.332958, 10.256876 ] } },
{ "type": "Feature", "properties": { "confidence": 0.8174, "area_in_meters": 23.411, "surface_m2": 23.298363567329943, "inonde": false, "classe_profondeur": null, "ordre_classe": null }, "geometry": { "type": "Point", "coordinates": [ 15.333507, 10.2569 ] } },
{ "type": "Feature", "properties": { "confidence": 0.7062, "area_in_meters": 17.549, "surface_m2": 17.46455463138409, "inonde": false, "classe_profondeur": null, "ordre_classe": null }, "geometry": { "type": "Point", "coordinates": [ 15.333562, 10.256912 ] } },
{ "type": "Feature", "properties": { "confidence": 0.7563, "area_in_meters": 10.4526, "surface_m2": 10.402256650559139, "inonde": false, "classe_profondeur": null, "ordre_classe": null }, "geometry": { "type": "Point", "coordinates": [ 15.332911, 10.256949 ] } },
{ "type": "Feature", "properties": { "confidence": 0.7193, "area_in_meters": 14.1267, "surface_m2": 14.058678381261416, "inonde": false, "classe_profondeur": null, "ordre_classe": null }, "geometry": { "type": "Point", "coordinates": [ 15.332901, 10.257059 ] } },
{ "type": "Feature", "properties": { "confidence": 0.7053, "area_in_meters": 17.8523, "surface_m2": 17.7664265371277, "inonde": false, "classe_profondeur": null, "ordre_classe": null }, "geometry": { "type": "Point", "coordinates": [ 15.332958, 10.257076 ] } },
{ "type": "Feature", "properties": { "confidence": 0.7944, "area_in_meters": 17.6205, "surface_m2": 17.53574454903719, "inonde": false, "classe_profondeur": null, "ordre_classe": null }, "geometry": { "type": "Point", "coordinates": [ 15.333487, 10.257282 ] } },
{ "type": "Feature", "properties": { "confidence": 0.7023, "area_in_meters": 7.1226, "surface_m2": 7.0883545987890102, "inonde": false, "classe_profondeur": null, "ordre_classe": null }, "geometry": { "type": "Point", "coordinates": [ 15.333425, 10.257274 ] } },
{ "type": "Feature", "properties": { "confidence": 0.703, "area_in_meters": 10.442, "surface_m2": 10.391734479140723, "inonde": false, "classe_profondeur": null, "ordre_classe": null }, "geometry": { "type": "Point", "coordinates": [ 15.333458, 10.257333 ] } },
{ "type": "Feature", "properties": { "confidence": 0.7244, "area_in_meters": 16.7332, "surface_m2": 16.652699486818165, "inonde": false, "classe_profondeur": null, "ordre_classe": null }, "geometry": { "type": "Point", "coordinates": [ 15.333706, 10.257382 ] } },
{ "type": "Feature", "properties": { "confidence": 0.8244, "area_in_meters": 24.8047, "surface_m2": 24.685341152013279, "inonde": false, "classe_profondeur": null, "ordre_classe": null }, "geometry": { "type": "Point", "coordinates": [ 15.333511, 10.2574 ] } },
{ "type": "Feature", "properties": { "confidence": 0.7666, "area_in_meters": 14.1848, "surface_m2": 14.116565531003289, "inonde": false, "classe_profondeur": null, "ordre_classe": null }, "geometry": { "type": "Point", "coordinates": [ 15.333827, 10.257411 ] } },
{ "type": "Feature", "properties": { "confidence": 0.7763, "area_in_meters": 17.4137, "surface_m2": 17.329927320242859, "inonde": false, "classe_profondeur": null, "ordre_classe": null }, "geometry": { "type": "Point", "coordinates": [ 15.33336, 10.257415 ] } },
{ "type": "Feature", "properties": { "confidence": 0.7029, "area_in_meters": 9.4782, "surface_m2": 9.4326057902508182, "inonde": false, "classe_profondeur": null, "ordre_classe": null }, "geometry": { "type": "Point", "coordinates": [ 15.33376, 10.257411 ] } },
{ "type": "Feature", "properties": { "confidence": 0.8068, "area_in_meters": 20.0728, "surface_m2": 19.976262243260862, "inonde": false, "classe_profondeur": null, "ordre_classe": null }, "geometry": { "type": "Point", "coordinates": [ 15.333763, 10.257603 ] } },
{ "type": "Feature", "properties": { "confidence": 0.7698, "area_in_meters": 16.3763, "surface_m2": 16.297483001020737, "inonde": false, "classe_profondeur": null, "ordre_classe": null }, "geometry": { "type": "Point", "coordinates": [ 15.333, 10.257667 ] } },
{ "type": "Feature", "properties": { "confidence": 0.8256, "area_in_meters": 21.1856, "surface_m2": 21.083700194780249, "inonde": false, "classe_profondeur": null, "ordre_classe": null }, "geometry": { "type": "Point", "coordinates": [ 15.333127, 10.257775 ] } },
{ "type": "Feature", "properties": { "confidence": 0.7228, "area_in_meters": 11.4829, "surface_m2": 11.427648666955065, "inonde": false, "classe_profondeur": null, "ordre_classe": null }, "geometry": { "type": "Point", "coordinates": [ 15.331546, 10.258474 ] } },
{ "type": "Feature", "properties": { "confidence": 0.7717, "area_in_meters": 18.4138, "surface_m2": 18.325179964769632, "inonde": false, "classe_profondeur": null, "ordre_classe": null }, "geometry": { "type": "Point", "coordinates": [ 15.333111, 10.256986 ] } },
{ "type": "Feature", "properties": { "confidence": 0.7052, "area_in_meters": 10.1216, "surface_m2": 10.072872154880315, "inonde": false, "classe_profondeur": null, "ordre_classe": null }, "geometry": { "type": "Point", "coordinates": [ 15.333807, 10.257472 ] } },
{ "type": "Feature", "properties": { "confidence": 0.7566, "area_in_meters": 16.2563, "surface_m2": 16.178097035182873, "inonde": false, "classe_profondeur": null, "ordre_classe": null }, "geometry": { "type": "Point", "coordinates": [ 15.333339, 10.257343 ] } },
{ "type": "Feature", "properties": { "confidence": 0.7537, "area_in_meters": 15.3691, "surface_m2": 15.295153416111134, "inonde": false, "classe_profondeur": null, "ordre_classe": null }, "geometry": { "type": "Point", "coordinates": [ 15.33436, 10.255992 ] } },
{ "type": "Feature", "properties": { "confidence": 0.7524, "area_in_meters": 11.7556, "surface_m2": 11.698989662123495, "inonde": false, "classe_profondeur": null, "ordre_classe": null }, "geometry": { "type": "Point", "coordinates": [ 15.333699, 10.256771 ] } },
{ "type": "Feature", "properties": { "confidence": 0.7867, "area_in_meters": 17.4608, "surface_m2": 17.376737444690662, "inonde": false, "classe_profondeur": null, "ordre_classe": null }, "geometry": { "type": "Point", "coordinates": [ 15.333046, 10.257586 ] } },
{ "type": "Feature", "properties": { "confidence": 0.758, "area_in_meters": 12.4674, "surface_m2": 12.407455548833241, "inonde": false, "classe_profondeur": null, "ordre_classe": null }, "geometry": { "type": "Point", "coordinates": [ 15.333886, 10.256356 ] } },
{ "type": "Feature", "properties": { "confidence": 0.7274, "area_in_meters": 13.1664, "surface_m2": 13.103011615494324, "inonde": false, "classe_profondeur": null, "ordre_classe": null }, "geometry": { "type": "Point", "coordinates": [ 15.333442, 10.256788 ] } },
{ "type": "Feature", "properties": { "confidence": 0.8083, "area_in_meters": 17.2666, "surface_m2": 17.183557173411828, "inonde": false, "classe_profondeur": null, "ordre_classe": null }, "geometry": { "type": "Point", "coordinates": [ 15.333697, 10.256925 ] } },
{ "type": "Feature", "properties": { "confidence": 0.7292, "area_in_meters": 15.359, "surface_m2": 15.285073734063189, "inonde": false, "classe_profondeur": null, "ordre_classe": null }, "geometry": { "type": "Point", "coordinates": [ 15.334535, 10.255828 ] } },
{ "type": "Feature", "properties": { "confidence": 0.7914, "area_in_meters": 16.0266, "surface_m2": 15.949513064755592, "inonde": false, "classe_profondeur": null, "ordre_classe": null }, "geometry": { "type": "Point", "coordinates": [ 15.333055, 10.257814 ] } },
{ "type": "Feature", "properties": { "confidence": 0.7512, "area_in_meters": 16.0805, "surface_m2": 16.003112543723546, "inonde": false, "classe_profondeur": null, "ordre_classe": null }, "geometry": { "type": "Point", "coordinates": [ 15.333999, 10.25642 ] } },
{ "type": "Feature", "properties": { "confidence": 0.7581, "area_in_meters": 15.8304, "surface_m2": 15.754236631968524, "inonde": false, "classe_profondeur": null, "ordre_classe": null }, "geometry": { "type": "Point", "coordinates": [ 15.337089, 10.265691 ] } },
{ "type": "Feature", "properties": { "confidence": 0.8044, "area_in_meters": 18.6691, "surface_m2": 18.579279334575403, "inonde": false, "classe_profondeur": null, "ordre_classe": null }, "geometry": { "type": "Point", "coordinates": [ 15.336684, 10.265822 ] } },
{ "type": "Feature", "properties": { "confidence": 0.7281, "area_in_meters": 13.0886, "surface_m2": 13.025622759829275, "inonde": false, "classe_profondeur": null, "ordre_classe": null }, "geometry": { "type": "Point", "coordinates": [ 15.336908, 10.265874 ] } },
{ "type": "Feature", "properties": { "confidence": 0.7456, "area_in_meters": 15.909, "surface_m2": 15.832446633896325, "inonde": false, "classe_profondeur": null, "ordre_classe": null }, "geometry": { "type": "Point", "coordinates": [ 15.336809, 10.265958 ] } },
{ "type": "Feature", "properties": { "confidence": 0.8198, "area_in_meters": 26.2358, "surface_m2": 26.109548607375473, "inonde": false, "classe_profondeur": null, "ordre_classe": null }, "geometry": { "type": "Point", "coordinates": [ 15.336664, 10.266057 ] } },
{ "type": "Feature", "properties": { "confidence": 0.7127, "area_in_meters": 6.8164, "surface_m2": 6.7835792805260589, "inonde": false, "classe_profondeur": null, "ordre_classe": null }, "geometry": { "type": "Point", "coordinates": [ 15.336831, 10.266039 ] } },
{ "type": "Feature", "properties": { "confidence": 0.7508, "area_in_meters": 23.0777, "surface_m2": 22.966726232669316, "inonde": false, "classe_profondeur": null, "ordre_classe": null }, "geometry": { "type": "Point", "coordinates": [ 15.336725, 10.266086 ] } },
{ "type": "Feature", "properties": { "confidence": 0.7, "area_in_meters": 15.6964, "surface_m2": 15.620924736082088, "inonde": false, "classe_profondeur": null, "ordre_classe": null }, "geometry": { "type": "Point", "coordinates": [ 15.336483, 10.266101 ] } },
{ "type": "Feature", "properties": { "confidence": 0.7475, "area_in_meters": 12.6761, "surface_m2": 12.61508881120244, "inonde": false, "classe_profondeur": null, "ordre_classe": null }, "geometry": { "type": "Point", "coordinates": [ 15.336417, 10.266163 ] } },
{ "type": "Feature", "properties": { "confidence": 0.7065, "area_in_meters": 9.914, "surface_m2": 9.8663546001771465, "inonde": false, "classe_profondeur": null, "ordre_classe": null }, "geometry": { "type": "Point", "coordinates": [ 15.336566, 10.26621 ] } },
{ "type": "Feature", "properties": { "confidence": 0.7497, "area_in_meters": 20.6422, "surface_m2": 20.54289035423426, "inonde": false, "classe_profondeur": null, "ordre_classe": null }, "geometry": { "type": "Point", "coordinates": [ 15.335697, 10.266289 ] } },
{ "type": "Feature", "properties": { "confidence": 0.7322, "area_in_meters": 21.8907, "surface_m2": 21.785399434622377, "inonde": false, "classe_profondeur": null, "ordre_classe": null }, "geometry": { "type": "Point", "coordinates": [ 15.336262, 10.266355 ] } },
{ "type": "Feature", "properties": { "confidence": 0.7098, "area_in_meters": 19.6582, "surface_m2": 19.563673823839054, "inonde": false, "classe_profondeur": null, "ordre_classe": null }, "geometry": { "type": "Point", "coordinates": [ 15.336209, 10.26639 ] } },
{ "type": "Feature", "properties": { "confidence": 0.7602, "area_in_meters": 19.6765, "surface_m2": 19.581817051628605, "inonde": false, "classe_profondeur": null, "ordre_classe": null }, "geometry": { "type": "Point", "coordinates": [ 15.336351, 10.266473 ] } },
{ "type": "Feature", "properties": { "confidence": 0.7038, "area_in_meters": 12.7775, "surface_m2": 12.716061626662849, "inonde": false, "classe_profondeur": null, "ordre_classe": null }, "geometry": { "type": "Point", "coordinates": [ 15.336286, 10.266501 ] } },
{ "type": "Feature", "properties": { "confidence": 0.7789, "area_in_meters": 17.9519, "surface_m2": 17.865573843446327, "inonde": false, "classe_profondeur": null, "ordre_classe": null }, "geometry": { "type": "Point", "coordinates": [ 15.335602, 10.266578 ] } },
{ "type": "Feature", "properties": { "confidence": 0.8245, "area_in_meters": 542.267, "surface_m2": 539.65834671165794, "inonde": false, "classe_profondeur": null, "ordre_classe": null }, "geometry": { "type": "Point", "coordinates": [ 15.335011, 10.267141 ] } },
{ "type": "Feature", "properties": { "confidence": 0.7251, "area_in_meters": 18.1673, "surface_m2": 18.079880067962222, "inonde": false, "classe_profondeur": null, "ordre_classe": null }, "geometry": { "type": "Point", "coordinates": [ 15.336071, 10.267108 ] } },
{ "type": "Feature", "properties": { "confidence": 0.7385, "area_in_meters": 21.9767, "surface_m2": 21.87099850026425, "inonde": false, "classe_profondeur": null, "ordre_classe": null }, "geometry": { "type": "Point", "coordinates": [ 15.335265, 10.267202 ] } },
{ "type": "Feature", "properties": { "confidence": 0.8053, "area_in_meters": 18.6823, "surface_m2": 18.592407854273915, "inonde": false, "classe_profondeur": null, "ordre_classe": null }, "geometry": { "type": "Point", "coordinates": [ 15.333766, 10.261505 ] } },
{ "type": "Feature", "properties": { "confidence": 0.7874, "area_in_meters": 13.2053, "surface_m2": 13.14173667790601, "inonde": false, "classe_profondeur": null, "ordre_classe": null }, "geometry": { "type": "Point", "coordinates": [ 15.3339, 10.261577 ] } },
{ "type": "Feature", "properties": { "confidence": 0.7705, "area_in_meters": 13.5111, "surface_m2": 13.446120247070212, "inonde": false, "classe_profondeur": null, "ordre_classe": null }, "geometry": { "type": "Point", "coordinates": [ 15.334256, 10.261058 ] } },
{ "type": "Feature", "properties": { "confidence": 0.8049, "area_in_meters": 16.459, "surface_m2": 16.379832501348574, "inonde": false, "classe_profondeur": null, "ordre_classe": null }, "geometry": { "type": "Point", "coordinates": [ 15.334292, 10.261212 ] } },
{ "type": "Feature", "properties": { "confidence": 0.7587, "area_in_meters": 12.3418, "surface_m2": 12.282398273120634, "inonde": false, "classe_profondeur": null, "ordre_classe": null }, "geometry": { "type": "Point", "coordinates": [ 15.334305, 10.260987 ] } },
{ "type": "Feature", "properties": { "confidence": 0.7603, "area_in_meters": 15.9672, "surface_m2": 15.890386433835374, "inonde": false, "classe_profondeur": null, "ordre_classe": null }, "geometry": { "type": "Point", "coordinates": [ 15.334318, 10.261913 ] } },
{ "type": "Feature", "properties": { "confidence": 0.7269, "area_in_meters": 12.6754, "surface_m2": 12.614432945258159, "inonde": false, "classe_profondeur": null, "ordre_classe": null }, "geometry": { "type": "Point", "coordinates": [ 15.334335, 10.26259 ] } },
{ "type": "Feature", "properties": { "confidence": 0.7401, "area_in_meters": 20.1842, "surface_m2": 20.087082368321717, "inonde": false, "classe_profondeur": null, "ordre_classe": null }, "geometry": { "type": "Point", "coordinates": [ 15.334351, 10.26306 ] } },
{ "type": "Feature", "properties": { "confidence": 0.7942, "area_in_meters": 14.3267, "surface_m2": 14.257728511642199, "inonde": false, "classe_profondeur": null, "ordre_classe": null }, "geometry": { "type": "Point", "coordinates": [ 15.334399, 10.2612 ] } },
{ "type": "Feature", "properties": { "confidence": 0.7325, "area_in_meters": 15.3104, "surface_m2": 15.236762720393017, "inonde": false, "classe_profondeur": null, "ordre_classe": null }, "geometry": { "type": "Point", "coordinates": [ 15.334451, 10.26183 ] } },
{ "type": "Feature", "properties": { "confidence": 0.7835, "area_in_meters": 20.0165, "surface_m2": 19.920215854421258, "inonde": true, "classe_profondeur": null, "ordre_classe": null }, "geometry": { "type": "Point", "coordinates": [ 15.334464, 10.261019 ] } },
{ "type": "Feature", "properties": { "confidence": 0.7489, "area_in_meters": 19.0522, "surface_m2": 18.960538593470119, "inonde": true, "classe_profondeur": null, "ordre_classe": null }, "geometry": { "type": "Point", "coordinates": [ 15.334496, 10.262414 ] } },
{ "type": "Feature", "properties": { "confidence": 0.8546, "area_in_meters": 18.8609, "surface_m2": 18.770176810212433, "inonde": true, "classe_profondeur": null, "ordre_classe": null }, "geometry": { "type": "Point", "coordinates": [ 15.334518, 10.262464 ] } },
{ "type": "Feature", "properties": { "confidence": 0.713, "area_in_meters": 19.7238, "surface_m2": 19.628860016528051, "inonde": false, "classe_profondeur": null, "ordre_classe": null }, "geometry": { "type": "Point", "coordinates": [ 15.334528, 10.262597 ] } },
{ "type": "Feature", "properties": { "confidence": 0.7227, "area_in_meters": 12.8446, "surface_m2": 12.782822071574628, "inonde": false, "classe_profondeur": null, "ordre_classe": null }, "geometry": { "type": "Point", "coordinates": [ 15.334544, 10.261751 ] } },
{ "type": "Feature", "properties": { "confidence": 0.7941, "area_in_meters": 27.7709, "surface_m2": 27.637296995613724, "inonde": false, "classe_profondeur": null, "ordre_classe": null }, "geometry": { "type": "Point", "coordinates": [ 15.334561, 10.261515 ] } },
{ "type": "Feature", "properties": { "confidence": 0.7711, "area_in_meters": 14.606, "surface_m2": 14.535700827953406, "inonde": false, "classe_profondeur": null, "ordre_classe": null }, "geometry": { "type": "Point", "coordinates": [ 15.33455, 10.262687 ] } },
{ "type": "Feature", "properties": { "confidence": 0.7596, "area_in_meters": 11.9423, "surface_m2": 11.884838251513429, "inonde": false, "classe_profondeur": null, "ordre_classe": null }, "geometry": { "type": "Point", "coordinates": [ 15.334578, 10.261566 ] } },
{ "type": "Feature", "properties": { "confidence": 0.7133, "area_in_meters": 14.9402, "surface_m2": 14.868293560342863, "inonde": false, "classe_profondeur": null, "ordre_classe": null }, "geometry": { "type": "Point", "coordinates": [ 15.334635, 10.262717 ] } },
{ "type": "Feature", "properties": { "confidence": 0.7748, "area_in_meters": 21.9727, "surface_m2": 21.867015997268027, "inonde": true, "classe_profondeur": null, "ordre_classe": null }, "geometry": { "type": "Point", "coordinates": [ 15.334652, 10.261502 ] } },
{ "type": "Feature", "properties": { "confidence": 0.7331, "area_in_meters": 19.0529, "surface_m2": 18.961244688136503, "inonde": false, "classe_profondeur": null, "ordre_classe": null }, "geometry": { "type": "Point", "coordinates": [ 15.334714, 10.261658 ] } },
{ "type": "Feature", "properties": { "confidence": 0.7316, "area_in_meters": 10.0937, "surface_m2": 10.045109336439054, "inonde": false, "classe_profondeur": null, "ordre_classe": null }, "geometry": { "type": "Point", "coordinates": [ 15.334789, 10.261672 ] } },
{ "type": "Feature", "properties": { "confidence": 0.7922, "area_in_meters": 33.2655, "surface_m2": 33.105485235806555, "inonde": false, "classe_profondeur": null, "ordre_classe": null }, "geometry": { "type": "Point", "coordinates": [ 15.33481, 10.261955 ] } },
{ "type": "Feature", "properties": { "confidence": 0.7848, "area_in_meters": 16.5741, "surface_m2": 16.494362432364142, "inonde": false, "classe_profondeur": null, "ordre_classe": null }, "geometry": { "type": "Point", "coordinates": [ 15.334606, 10.262507 ] } },
{ "type": "Feature", "properties": { "confidence": 0.7804, "area_in_meters": 15.3174, "surface_m2": 15.24374911817722, "inonde": false, "classe_profondeur": null, "ordre_classe": null }, "geometry": { "type": "Point", "coordinates": [ 15.334834, 10.261723 ] } },
{ "type": "Feature", "properties": { "confidence": 0.7032, "area_in_meters": 15.1905, "surface_m2": 15.117459800327197, "inonde": false, "classe_profondeur": null, "ordre_classe": null }, "geometry": { "type": "Point", "coordinates": [ 15.334675, 10.262543 ] } },
{ "type": "Feature", "properties": { "confidence": 0.708, "area_in_meters": 15.4223, "surface_m2": 15.34813781012781, "inonde": false, "classe_profondeur": null, "ordre_classe": null }, "geometry": { "type": "Point", "coordinates": [ 15.33466, 10.261696 ] } },
{ "type": "Feature", "properties": { "confidence": 0.7566, "area_in_meters": 14.0462, "surface_m2": 13.978598300702288, "inonde": true, "classe_profondeur": null, "ordre_classe": null }, "geometry": { "type": "Point", "coordinates": [ 15.334454, 10.262491 ] } },
{ "type": "Feature", "properties": { "confidence": 0.8053, "area_in_meters": 15.5784, "surface_m2": 15.503455036552623, "inonde": false, "classe_profondeur": null, "ordre_classe": null }, "geometry": { "type": "Point", "coordinates": [ 15.333829, 10.261436 ] } },
{ "type": "Feature", "properties": { "confidence": 0.7046, "area_in_meters": 15.0564, "surface_m2": 14.983983053127304, "inonde": true, "classe_profondeur": null, "ordre_classe": null }, "geometry": { "type": "Point", "coordinates": [ 15.334742, 10.260621 ] } },
{ "type": "Feature", "properties": { "confidence": 0.7985, "area_in_meters": 20.5857, "surface_m2": 20.486699425266124, "inonde": false, "classe_profondeur": null, "ordre_classe": null }, "geometry": { "type": "Point", "coordinates": [ 15.334497, 10.261938 ] } },
{ "type": "Feature", "properties": { "confidence": 0.8246, "area_in_meters": 39.1035, "surface_m2": 38.915349326329306, "inonde": true, "classe_profondeur": null, "ordre_classe": null }, "geometry": { "type": "Point", "coordinates": [ 15.334523, 10.262257 ] } },
{ "type": "Feature", "properties": { "confidence": 0.7985, "area_in_meters": 17.6547, "surface_m2": 17.569714922225103, "inonde": false, "classe_profondeur": null, "ordre_classe": null }, "geometry": { "type": "Point", "coordinates": [ 15.334532, 10.261662 ] } },
{ "type": "Feature", "properties": { "confidence": 0.8357, "area_in_meters": 23.7291, "surface_m2": 23.614889276679605, "inonde": false, "classe_profondeur": null, "ordre_classe": null }, "geometry": { "type": "Point", "coordinates": [ 15.334822, 10.244986 ] } },
{ "type": "Feature", "properties": { "confidence": 0.72, "area_in_meters": 11.5409, "surface_m2": 11.485366674955003, "inonde": false, "classe_profondeur": null, "ordre_classe": null }, "geometry": { "type": "Point", "coordinates": [ 15.334776, 10.24516 ] } },
{ "type": "Feature", "properties": { "confidence": 0.7454, "area_in_meters": 13.9883, "surface_m2": 13.92098959624127, "inonde": false, "classe_profondeur": null, "ordre_classe": null }, "geometry": { "type": "Point", "coordinates": [ 15.335539, 10.245163 ] } },
{ "type": "Feature", "properties": { "confidence": 0.7019, "area_in_meters": 9.0416, "surface_m2": 8.9980390697019175, "inonde": false, "classe_profondeur": null, "ordre_classe": null }, "geometry": { "type": "Point", "coordinates": [ 15.334901, 10.245438 ] } },
{ "type": "Feature", "properties": { "confidence": 0.7427, "area_in_meters": 16.1403, "surface_m2": 16.062583406805061, "inonde": false, "classe_profondeur": null, "ordre_classe": null }, "geometry": { "type": "Point", "coordinates": [ 15.334985, 10.245457 ] } },
{ "type": "Feature", "properties": { "confidence": 0.7302, "area_in_meters": 20.7802, "surface_m2": 20.680174433102366, "inonde": false, "classe_profondeur": null, "ordre_classe": null }, "geometry": { "type": "Point", "coordinates": [ 15.336522, 10.245542 ] } },
{ "type": "Feature", "properties": { "confidence": 0.7405, "area_in_meters": 17.5474, "surface_m2": 17.462976551614702, "inonde": false, "classe_profondeur": null, "ordre_classe": null }, "geometry": { "type": "Point", "coordinates": [ 15.334945, 10.24556 ] } },
{ "type": "Feature", "properties": { "confidence": 0.7089, "area_in_meters": 12.0923, "surface_m2": 12.034084077604348, "inonde": false, "classe_profondeur": null, "ordre_classe": null }, "geometry": { "type": "Point", "coordinates": [ 15.336367, 10.245586 ] } },
{ "type": "Feature", "properties": { "confidence": 0.7343, "area_in_meters": 15.9252, "surface_m2": 15.848552976269275, "inonde": false, "classe_profondeur": null, "ordre_classe": null }, "geometry": { "type": "Point", "coordinates": [ 15.336378, 10.245633 ] } },
{ "type": "Feature", "properties": { "confidence": 0.7863, "area_in_meters": 18.9757, "surface_m2": 18.88436254116823, "inonde": false, "classe_profondeur": null, "ordre_classe": null }, "geometry": { "type": "Point", "coordinates": [ 15.336575, 10.24575 ] } },
{ "type": "Feature", "properties": { "confidence": 0.7033, "area_in_meters": 13.8172, "surface_m2": 13.750666535866912, "inonde": false, "classe_profondeur": null, "ordre_classe": null }, "geometry": { "type": "Point", "coordinates": [ 15.336502, 10.245753 ] } },
{ "type": "Feature", "properties": { "confidence": 0.711, "area_in_meters": 11.091, "surface_m2": 11.037673891114537, "inonde": false, "classe_profondeur": null, "ordre_classe": null }, "geometry": { "type": "Point", "coordinates": [ 15.336256, 10.246897 ] } },
{ "type": "Feature", "properties": { "confidence": 0.741, "area_in_meters": 10.7187, "surface_m2": 10.667076876503415, "inonde": false, "classe_profondeur": null, "ordre_classe": null }, "geometry": { "type": "Point", "coordinates": [ 15.336192, 10.246951 ] } },
{ "type": "Feature", "properties": { "confidence": 0.718, "area_in_meters": 10.767, "surface_m2": 10.715191695198882, "inonde": false, "classe_profondeur": null, "ordre_classe": null }, "geometry": { "type": "Point", "coordinates": [ 15.336204, 10.247012 ] } },
{ "type": "Feature", "properties": { "confidence": 0.7129, "area_in_meters": 10.6718, "surface_m2": 10.620401565800421, "inonde": false, "classe_profondeur": null, "ordre_classe": null }, "geometry": { "type": "Point", "coordinates": [ 15.336069, 10.247083 ] } },
{ "type": "Feature", "properties": { "confidence": 0.7746, "area_in_meters": 10.7026, "surface_m2": 10.651058492832817, "inonde": false, "classe_profondeur": null, "ordre_classe": null }, "geometry": { "type": "Point", "coordinates": [ 15.336038, 10.247117 ] } },
{ "type": "Feature", "properties": { "confidence": 0.717, "area_in_meters": 12.572, "surface_m2": 12.511547877278645, "inonde": false, "classe_profondeur": null, "ordre_classe": null }, "geometry": { "type": "Point", "coordinates": [ 15.336013, 10.247187 ] } },
{ "type": "Feature", "properties": { "confidence": 0.7002, "area_in_meters": 7.6553, "surface_m2": 7.6184812131687067, "inonde": false, "classe_profondeur": null, "ordre_classe": null }, "geometry": { "type": "Point", "coordinates": [ 15.336086, 10.247212 ] } },
{ "type": "Feature", "properties": { "confidence": 0.7445, "area_in_meters": 17.2839, "surface_m2": 17.200713780359365, "inonde": false, "classe_profondeur": null, "ordre_classe": null }, "geometry": { "type": "Point", "coordinates": [ 15.336192, 10.247235 ] } },
{ "type": "Feature", "properties": { "confidence": 0.7097, "area_in_meters": 17.8925, "surface_m2": 17.806422824505717, "inonde": false, "classe_profondeur": null, "ordre_classe": null }, "geometry": { "type": "Point", "coordinates": [ 15.336509, 10.251093 ] } },
{ "type": "Feature", "properties": { "confidence": 0.787, "area_in_meters": 32.972, "surface_m2": 32.81331309361849, "inonde": false, "classe_profondeur": null, "ordre_classe": null }, "geometry": { "type": "Point", "coordinates": [ 15.336338, 10.249994 ] } },
{ "type": "Feature", "properties": { "confidence": 0.8043, "area_in_meters": 23.7597, "surface_m2": 23.645427967654541, "inonde": true, "classe_profondeur": null, "ordre_classe": null }, "geometry": { "type": "Point", "coordinates": [ 15.335189, 10.262314 ] } },
{ "type": "Feature", "properties": { "confidence": 0.7173, "area_in_meters": 5.8789, "surface_m2": 5.850568052745075, "inonde": false, "classe_profondeur": null, "ordre_classe": null }, "geometry": { "type": "Point", "coordinates": [ 15.335272, 10.26159 ] } },
{ "type": "Feature", "properties": { "confidence": 0.8058, "area_in_meters": 18.8642, "surface_m2": 18.773470011867175, "inonde": false, "classe_profondeur": null, "ordre_classe": null }, "geometry": { "type": "Point", "coordinates": [ 15.335312, 10.262338 ] } },
{ "type": "Feature", "properties": { "confidence": 0.7573, "area_in_meters": 14.4972, "surface_m2": 14.427470725553576, "inonde": false, "classe_profondeur": null, "ordre_classe": null }, "geometry": { "type": "Point", "coordinates": [ 15.33558, 10.260639 ] } },
{ "type": "Feature", "properties": { "confidence": 0.7654, "area_in_meters": 14.419, "surface_m2": 14.349595463034348, "inonde": false, "classe_profondeur": null, "ordre_classe": null }, "geometry": { "type": "Point", "coordinates": [ 15.335627, 10.260783 ] } },
{ "type": "Feature", "properties": { "confidence": 0.7598, "area_in_meters": 17.8438, "surface_m2": 17.757910855580121, "inonde": false, "classe_profondeur": null, "ordre_classe": null }, "geometry": { "type": "Point", "coordinates": [ 15.33568, 10.260864 ] } },
{ "type": "Feature", "properties": { "confidence": 0.7241, "area_in_meters": 9.8045, "surface_m2": 9.7572907440917334, "inonde": false, "classe_profondeur": null, "ordre_classe": null }, "geometry": { "type": "Point", "coordinates": [ 15.335678, 10.260833 ] } },
{ "type": "Feature", "properties": { "confidence": 0.7678, "area_in_meters": 19.2648, "surface_m2": 19.172093684435822, "inonde": false, "classe_profondeur": null, "ordre_classe": null }, "geometry": { "type": "Point", "coordinates": [ 15.335904, 10.262352 ] } },
{ "type": "Feature", "properties": { "confidence": 0.8069, "area_in_meters": 21.3409, "surface_m2": 21.238182468980085, "inonde": true, "classe_profondeur": null, "ordre_classe": null }, "geometry": { "type": "Point", "coordinates": [ 15.336211, 10.261863 ] } },
{ "type": "Feature", "properties": { "confidence": 0.7834, "area_in_meters": 17.8167, "surface_m2": 17.730950526340166, "inonde": false, "classe_profondeur": null, "ordre_classe": null }, "geometry": { "type": "Point", "coordinates": [ 15.336411, 10.261919 ] } },
{ "type": "Feature", "properties": { "confidence": 0.7579, "area_in_meters": 13.2069, "surface_m2": 13.143410542339552, "inonde": true, "classe_profondeur": null, "ordre_classe": null }, "geometry": { "type": "Point", "coordinates": [ 15.336793, 10.259968 ] } },
{ "type": "Feature", "properties": { "confidence": 0.7131, "area_in_meters": 13.3034, "surface_m2": 13.239410867332481, "inonde": true, "classe_profondeur": null, "ordre_classe": null }, "geometry": { "type": "Point", "coordinates": [ 15.336845, 10.260007 ] } },
{ "type": "Feature", "properties": { "confidence": 0.7004, "area_in_meters": 49.5008, "surface_m2": 49.262625177623704, "inonde": true, "classe_profondeur": null, "ordre_classe": null }, "geometry": { "type": "Point", "coordinates": [ 15.336957, 10.260352 ] } },
{ "type": "Feature", "properties": { "confidence": 0.7505, "area_in_meters": 33.5617, "surface_m2": 33.40024206507951, "inonde": true, "classe_profondeur": null, "ordre_classe": null }, "geometry": { "type": "Point", "coordinates": [ 15.337052, 10.260292 ] } },
{ "type": "Feature", "properties": { "confidence": 0.7614, "area_in_meters": 15.7112, "surface_m2": 15.635605600662529, "inonde": true, "classe_profondeur": null, "ordre_classe": null }, "geometry": { "type": "Point", "coordinates": [ 15.337041, 10.260195 ] } },
{ "type": "Feature", "properties": { "confidence": 0.771, "area_in_meters": 25.2703, "surface_m2": 25.148696246091276, "inonde": false, "classe_profondeur": null, "ordre_classe": null }, "geometry": { "type": "Point", "coordinates": [ 15.33558, 10.260853 ] } },
{ "type": "Feature", "properties": { "confidence": 0.7078, "area_in_meters": 18.4272, "surface_m2": 18.338539374992251, "inonde": false, "classe_profondeur": null, "ordre_classe": null }, "geometry": { "type": "Point", "coordinates": [ 15.337592, 10.260535 ] } },
{ "type": "Feature", "properties": { "confidence": 0.7427, "area_in_meters": 13.9129, "surface_m2": 13.845941163890529, "inonde": false, "classe_profondeur": null, "ordre_classe": null }, "geometry": { "type": "Point", "coordinates": [ 15.336398, 10.262025 ] } },
{ "type": "Feature", "properties": { "confidence": 0.7819, "area_in_meters": 19.019, "surface_m2": 18.927477036661003, "inonde": false, "classe_profondeur": null, "ordre_classe": null }, "geometry": { "type": "Point", "coordinates": [ 15.33552, 10.260703 ] } },
{ "type": "Feature", "properties": { "confidence": 0.7303, "area_in_meters": 15.9541, "surface_m2": 15.877358976285905, "inonde": false, "classe_profondeur": null, "ordre_classe": null }, "geometry": { "type": "Point", "coordinates": [ 15.335245, 10.262331 ] } },
{ "type": "Feature", "properties": { "confidence": 0.7195, "area_in_meters": 12.5086, "surface_m2": 12.448442704713671, "inonde": false, "classe_profondeur": null, "ordre_classe": null }, "geometry": { "type": "Point", "coordinates": [ 15.335741, 10.260702 ] } },
{ "type": "Feature", "properties": { "confidence": 0.789, "area_in_meters": 16.9642, "surface_m2": 16.882548179477453, "inonde": false, "classe_profondeur": null, "ordre_classe": null }, "geometry": { "type": "Point", "coordinates": [ 15.335513, 10.260795 ] } },
{ "type": "Feature", "properties": { "confidence": 0.7406, "area_in_meters": 40.3105, "surface_m2": 40.11657080380246, "inonde": false, "classe_profondeur": null, "ordre_classe": null }, "geometry": { "type": "Point", "coordinates": [ 15.33575, 10.254909 ] } },
{ "type": "Feature", "properties": { "confidence": 0.7758, "area_in_meters": 14.8256, "surface_m2": 14.754226852150168, "inonde": false, "classe_profondeur": null, "ordre_classe": null }, "geometry": { "type": "Point", "coordinates": [ 15.335743, 10.254747 ] } },
{ "type": "Feature", "properties": { "confidence": 0.7971, "area_in_meters": 27.8368, "surface_m2": 27.702873433820059, "inonde": false, "classe_profondeur": null, "ordre_classe": null }, "geometry": { "type": "Point", "coordinates": [ 15.335859, 10.254806 ] } },
{ "type": "Feature", "properties": { "confidence": 0.7246, "area_in_meters": 15.5768, "surface_m2": 15.501895573281217, "inonde": false, "classe_profondeur": null, "ordre_classe": null }, "geometry": { "type": "Point", "coordinates": [ 15.335899, 10.254916 ] } },
{ "type": "Feature", "properties": { "confidence": 0.8199, "area_in_meters": 26.3106, "surface_m2": 26.18402102869004, "inonde": false, "classe_profondeur": null, "ordre_classe": null }, "geometry": { "type": "Point", "coordinates": [ 15.336048, 10.254791 ] } },
{ "type": "Feature", "properties": { "confidence": 0.8058, "area_in_meters": 21.5551, "surface_m2": 21.45140861911932, "inonde": false, "classe_profondeur": null, "ordre_classe": null }, "geometry": { "type": "Point", "coordinates": [ 15.336492, 10.257213 ] } },
{ "type": "Feature", "properties": { "confidence": 0.7172, "area_in_meters": 17.347, "surface_m2": 17.263581537969003, "inonde": false, "classe_profondeur": null, "ordre_classe": null }, "geometry": { "type": "Point", "coordinates": [ 15.336826, 10.257718 ] } },
{ "type": "Feature", "properties": { "confidence": 0.7846, "area_in_meters": 19.2339, "surface_m2": 19.141364837239962, "inonde": false, "classe_profondeur": null, "ordre_classe": null }, "geometry": { "type": "Point", "coordinates": [ 15.337055, 10.256787 ] } },
{ "type": "Feature", "properties": { "confidence": 0.7155, "area_in_meters": 9.0416, "surface_m2": 8.9980525310529629, "inonde": false, "classe_profondeur": null, "ordre_classe": null }, "geometry": { "type": "Point", "coordinates": [ 15.337069, 10.254938 ] } },
{ "type": "Feature", "properties": { "confidence": 0.7545, "area_in_meters": 20.0631, "surface_m2": 19.966545407951344, "inonde": false, "classe_profondeur": null, "ordre_classe": null }, "geometry": { "type": "Point", "coordinates": [ 15.337114, 10.256748 ] } },
{ "type": "Feature", "properties": { "confidence": 0.8414, "area_in_meters": 26.015, "surface_m2": 25.889863755466649, "inonde": false, "classe_profondeur": null, "ordre_classe": null }, "geometry": { "type": "Point", "coordinates": [ 15.33713, 10.255143 ] } },
{ "type": "Feature", "properties": { "confidence": 0.776, "area_in_meters": 25.9828, "surface_m2": 25.857828644278925, "inonde": false, "classe_profondeur": null, "ordre_classe": null }, "geometry": { "type": "Point", "coordinates": [ 15.337479, 10.253905 ] } },
{ "type": "Feature", "properties": { "confidence": 0.7495, "area_in_meters": 15.1591, "surface_m2": 15.086125882316992, "inonde": false, "classe_profondeur": null, "ordre_classe": null }, "geometry": { "type": "Point", "coordinates": [ 15.337504, 10.256922 ] } },
{ "type": "Feature", "properties": { "confidence": 0.7956, "area_in_meters": 18.583, "surface_m2": 18.493614176346455, "inonde": false, "classe_profondeur": null, "ordre_classe": null }, "geometry": { "type": "Point", "coordinates": [ 15.336508, 10.257086 ] } },
{ "type": "Feature", "properties": { "confidence": 0.8384, "area_in_meters": 40.9057, "surface_m2": 40.708902154561656, "inonde": false, "classe_profondeur": null, "ordre_classe": null }, "geometry": { "type": "Point", "coordinates": [ 15.337226, 10.255242 ] } },
{ "type": "Feature", "properties": { "confidence": 0.726, "area_in_meters": 11.3293, "surface_m2": 11.274776394304354, "inonde": false, "classe_profondeur": null, "ordre_classe": null }, "geometry": { "type": "Point", "coordinates": [ 15.335822, 10.254951 ] } },
{ "type": "Feature", "properties": { "confidence": 0.7194, "area_in_meters": 21.6474, "surface_m2": 21.543287715001497, "inonde": false, "classe_profondeur": null, "ordre_classe": null }, "geometry": { "type": "Point", "coordinates": [ 15.337539, 10.25703 ] } },
{ "type": "Feature", "properties": { "confidence": 0.7275, "area_in_meters": 15.3694, "surface_m2": 15.295459142653272, "inonde": false, "classe_profondeur": null, "ordre_classe": null }, "geometry": { "type": "Point", "coordinates": [ 15.335973, 10.254476 ] } },
{ "type": "Feature", "properties": { "confidence": 0.7283, "area_in_meters": 12.5463, "surface_m2": 12.485927311354317, "inonde": true, "classe_profondeur": null, "ordre_classe": null }, "geometry": { "type": "Point", "coordinates": [ 15.336583, 10.25721 ] } },
{ "type": "Feature", "properties": { "confidence": 0.7285, "area_in_meters": 10.34, "surface_m2": 10.290233342908323, "inonde": false, "classe_profondeur": null, "ordre_classe": null }, "geometry": { "type": "Point", "coordinates": [ 15.337053, 10.255231 ] } },
{ "type": "Feature", "properties": { "confidence": 0.7416, "area_in_meters": 14.5411, "surface_m2": 14.471087094774703, "inonde": false, "classe_profondeur": null, "ordre_classe": null }, "geometry": { "type": "Point", "coordinates": [ 15.335862, 10.254671 ] } },
{ "type": "Feature", "properties": { "confidence": 0.7819, "area_in_meters": 15.1294, "surface_m2": 15.056560916651506, "inonde": false, "classe_profondeur": null, "ordre_classe": null }, "geometry": { "type": "Point", "coordinates": [ 15.337182, 10.254947 ] } },
{ "type": "Feature", "properties": { "confidence": 0.7398, "area_in_meters": 20.3643, "surface_m2": 20.266292310552672, "inonde": false, "classe_profondeur": null, "ordre_classe": null }, "geometry": { "type": "Point", "coordinates": [ 15.335956, 10.254855 ] } },
{ "type": "Feature", "properties": { "confidence": 0.7346, "area_in_meters": 21.5999, "surface_m2": 21.49597320437897, "inonde": false, "classe_profondeur": null, "ordre_classe": null }, "geometry": { "type": "Point", "coordinates": [ 15.337906, 10.250285 ] } },
{ "type": "Feature", "properties": { "confidence": 0.7918, "area_in_meters": 17.2741, "surface_m2": 17.191015982622048, "inonde": false, "classe_profondeur": null, "ordre_classe": null }, "geometry": { "type": "Point", "coordinates": [ 15.338026, 10.250413 ] } },
{ "type": "Feature", "properties": { "confidence": 0.7295, "area_in_meters": 19.7943, "surface_m2": 19.69907271664124, "inonde": false, "classe_profondeur": null, "ordre_classe": null }, "geometry": { "type": "Point", "coordinates": [ 15.340295, 10.253777 ] } },
{ "type": "Feature", "properties": { "confidence": 0.7032, "area_in_meters": 10.87, "surface_m2": 10.817693279008381, "inonde": false, "classe_profondeur": null, "ordre_classe": null }, "geometry": { "type": "Point", "coordinates": [ 15.338079, 10.256856 ] } },
{ "type": "Feature", "properties": { "confidence": 0.7308, "area_in_meters": 11.6632, "surface_m2": 11.607065380754648, "inonde": false, "classe_profondeur": null, "ordre_classe": null }, "geometry": { "type": "Point", "coordinates": [ 15.339548, 10.248158 ] } },
{ "type": "Feature", "properties": { "confidence": 0.7224, "area_in_meters": 14.1299, "surface_m2": 14.061931108772114, "inonde": false, "classe_profondeur": null, "ordre_classe": null }, "geometry": { "type": "Point", "coordinates": [ 15.339334, 10.248182 ] } },
{ "type": "Feature", "properties": { "confidence": 0.7709, "area_in_meters": 17.4062, "surface_m2": 17.322435725538526, "inonde": false, "classe_profondeur": null, "ordre_classe": null }, "geometry": { "type": "Point", "coordinates": [ 15.339385, 10.248256 ] } },
{ "type": "Feature", "properties": { "confidence": 0.7483, "area_in_meters": 14.5973, "surface_m2": 14.527081135835033, "inonde": false, "classe_profondeur": null, "ordre_classe": null }, "geometry": { "type": "Point", "coordinates": [ 15.3394, 10.248317 ] } },
{ "type": "Feature", "properties": { "confidence": 0.7362, "area_in_meters": 32.3879, "surface_m2": 32.232048447942361, "inonde": false, "classe_profondeur": null, "ordre_classe": null }, "geometry": { "type": "Point", "coordinates": [ 15.33925, 10.24839 ] } },
{ "type": "Feature", "properties": { "confidence": 0.809, "area_in_meters": 26.1224, "surface_m2": 25.996692332439125, "inonde": false, "classe_profondeur": null, "ordre_classe": null }, "geometry": { "type": "Point", "coordinates": [ 15.340566, 10.248458 ] } },
{ "type": "Feature", "properties": { "confidence": 0.7407, "area_in_meters": 18.994, "surface_m2": 18.902658232662361, "inonde": false, "classe_profondeur": null, "ordre_classe": null }, "geometry": { "type": "Point", "coordinates": [ 15.340646, 10.248582 ] } },
{ "type": "Feature", "properties": { "confidence": 0.744, "area_in_meters": 11.5584, "surface_m2": 11.502836333340383, "inonde": false, "classe_profondeur": null, "ordre_classe": null }, "geometry": { "type": "Point", "coordinates": [ 15.340577, 10.248602 ] } },
{ "type": "Feature", "properties": { "confidence": 0.7346, "area_in_meters": 15.54, "surface_m2": 15.465256752679124, "inonde": false, "classe_profondeur": null, "ordre_classe": null }, "geometry": { "type": "Point", "coordinates": [ 15.340049, 10.248723 ] } },
{ "type": "Feature", "properties": { "confidence": 0.7796, "area_in_meters": 17.33, "surface_m2": 17.246647445368581, "inonde": false, "classe_profondeur": null, "ordre_classe": null }, "geometry": { "type": "Point", "coordinates": [ 15.340154, 10.248771 ] } },
{ "type": "Feature", "properties": { "confidence": 0.719, "area_in_meters": 7.1226, "surface_m2": 7.0883772169327131, "inonde": false, "classe_profondeur": null, "ordre_classe": null }, "geometry": { "type": "Point", "coordinates": [ 15.34005, 10.248761 ] } },
{ "type": "Feature", "properties": { "confidence": 0.7352, "area_in_meters": 8.81, "surface_m2": 8.7675957785831997, "inonde": false, "classe_profondeur": null, "ordre_classe": null }, "geometry": { "type": "Point", "coordinates": [ 15.340113, 10.248791 ] } },
{ "type": "Feature", "properties": { "confidence": 0.7194, "area_in_meters": 6.9729, "surface_m2": 6.9393112296820618, "inonde": false, "classe_profondeur": null, "ordre_classe": null }, "geometry": { "type": "Point", "coordinates": [ 15.340032, 10.248807 ] } },
{ "type": "Feature", "properties": { "confidence": 0.7387, "area_in_meters": 16.8991, "surface_m2": 16.81783377888496, "inonde": false, "classe_profondeur": null, "ordre_classe": null }, "geometry": { "type": "Point", "coordinates": [ 15.339914, 10.248824 ] } },
{ "type": "Feature", "properties": { "confidence": 0.7344, "area_in_meters": 15.0231, "surface_m2": 14.950773589254823, "inonde": false, "classe_profondeur": null, "ordre_classe": null }, "geometry": { "type": "Point", "coordinates": [ 15.339949, 10.24889 ] } },
{ "type": "Feature", "properties": { "confidence": 0.7592, "area_in_meters": 9.0428, "surface_m2": 8.9992598689132137, "inonde": false, "classe_profondeur": null, "ordre_classe": null }, "geometry": { "type": "Point", "coordinates": [ 15.340076, 10.248894 ] } },
{ "type": "Feature", "properties": { "confidence": 0.7098, "area_in_meters": 6.9729, "surface_m2": 6.9393296627386007, "inonde": false, "classe_profondeur": null, "ordre_classe": null }, "geometry": { "type": "Point", "coordinates": [ 15.340375, 10.249032 ] } },
{ "type": "Feature", "properties": { "confidence": 0.7872, "area_in_meters": 47.5456, "surface_m2": 47.316872480143473, "inonde": false, "classe_profondeur": null, "ordre_classe": null }, "geometry": { "type": "Point", "coordinates": [ 15.340448, 10.249338 ] } },
{ "type": "Feature", "properties": { "confidence": 0.72, "area_in_meters": 13.3407, "surface_m2": 13.276466502895346, "inonde": false, "classe_profondeur": null, "ordre_classe": null }, "geometry": { "type": "Point", "coordinates": [ 15.338965, 10.249382 ] } },
{ "type": "Feature", "properties": { "confidence": 0.7426, "area_in_meters": 15.5809, "surface_m2": 15.505918983777519, "inonde": false, "classe_profondeur": null, "ordre_classe": null }, "geometry": { "type": "Point", "coordinates": [ 15.3392, 10.245187 ] } },
{ "type": "Feature", "properties": { "confidence": 0.7704, "area_in_meters": 25.8155, "surface_m2": 25.69131923711393, "inonde": false, "classe_profondeur": null, "ordre_classe": null }, "geometry": { "type": "Point", "coordinates": [ 15.339055, 10.245259 ] } },
{ "type": "Feature", "properties": { "confidence": 0.7288, "area_in_meters": 13.7233, "surface_m2": 13.657289783004671, "inonde": false, "classe_profondeur": null, "ordre_classe": null }, "geometry": { "type": "Point", "coordinates": [ 15.33921, 10.245366 ] } },
{ "type": "Feature", "properties": { "confidence": 0.7037, "area_in_meters": 16.1935, "surface_m2": 16.115568479901413, "inonde": false, "classe_profondeur": null, "ordre_classe": null }, "geometry": { "type": "Point", "coordinates": [ 15.340591, 10.246568 ] } },
{ "type": "Feature", "properties": { "confidence": 0.7663, "area_in_meters": 11.5585, "surface_m2": 11.50285557807365, "inonde": false, "classe_profondeur": null, "ordre_classe": null }, "geometry": { "type": "Point", "coordinates": [ 15.340763, 10.246712 ] } },
{ "type": "Feature", "properties": { "confidence": 0.752, "area_in_meters": 11.5585, "surface_m2": 11.502855590355466, "inonde": false, "classe_profondeur": null, "ordre_classe": null }, "geometry": { "type": "Point", "coordinates": [ 15.340804, 10.246752 ] } },
{ "type": "Feature", "properties": { "confidence": 0.7147, "area_in_meters": 15.2334, "surface_m2": 15.160186684748624, "inonde": false, "classe_profondeur": null, "ordre_classe": null }, "geometry": { "type": "Point", "coordinates": [ 15.349675, 10.267021 ] } },
{ "type": "Feature", "properties": { "confidence": 0.7613, "area_in_meters": 18.0109, "surface_m2": 17.924227810930461, "inonde": false, "classe_profondeur": null, "ordre_classe": null }, "geometry": { "type": "Point", "coordinates": [ 15.327688, 10.259221 ] } },
{ "type": "Feature", "properties": { "confidence": 0.8398, "area_in_meters": 58.6254, "surface_m2": 58.343228984158486, "inonde": false, "classe_profondeur": null, "ordre_classe": null }, "geometry": { "type": "Point", "coordinates": [ 15.327785, 10.259263 ] } },
{ "type": "Feature", "properties": { "confidence": 0.7169, "area_in_meters": 14.4291, "surface_m2": 14.359648220270174, "inonde": false, "classe_profondeur": null, "ordre_classe": null }, "geometry": { "type": "Point", "coordinates": [ 15.327531, 10.259311 ] } },
{ "type": "Feature", "properties": { "confidence": 0.7308, "area_in_meters": 13.3865, "surface_m2": 13.322060167411109, "inonde": false, "classe_profondeur": null, "ordre_classe": null }, "geometry": { "type": "Point", "coordinates": [ 15.327817, 10.259312 ] } },
{ "type": "Feature", "properties": { "confidence": 0.7434, "area_in_meters": 19.7584, "surface_m2": 19.663322117819916, "inonde": false, "classe_profondeur": null, "ordre_classe": null }, "geometry": { "type": "Point", "coordinates": [ 15.327733, 10.259436 ] } },
{ "type": "Feature", "properties": { "confidence": 0.859, "area_in_meters": 30.4286, "surface_m2": 30.282118272880325, "inonde": false, "classe_profondeur": null, "ordre_classe": null }, "geometry": { "type": "Point", "coordinates": [ 15.327896, 10.25945 ] } },
{ "type": "Feature", "properties": { "confidence": 0.8724, "area_in_meters": 28.4234, "surface_m2": 28.286604397384508, "inonde": false, "classe_profondeur": null, "ordre_classe": null }, "geometry": { "type": "Point", "coordinates": [ 15.327886, 10.259544 ] } },
{ "type": "Feature", "properties": { "confidence": 0.7293, "area_in_meters": 20.6452, "surface_m2": 20.54582592236693, "inonde": false, "classe_profondeur": null, "ordre_classe": null }, "geometry": { "type": "Point", "coordinates": [ 15.327599, 10.259605 ] } },
{ "type": "Feature", "properties": { "confidence": 0.735, "area_in_meters": 34.0193, "surface_m2": 33.85561312068603, "inonde": false, "classe_profondeur": null, "ordre_classe": null }, "geometry": { "type": "Point", "coordinates": [ 15.327874, 10.259637 ] } },
{ "type": "Feature", "properties": { "confidence": 0.8246, "area_in_meters": 42.1868, "surface_m2": 41.983755235356512, "inonde": false, "classe_profondeur": null, "ordre_classe": null }, "geometry": { "type": "Point", "coordinates": [ 15.327804, 10.259687 ] } },
{ "type": "Feature", "properties": { "confidence": 0.7482, "area_in_meters": 18.1242, "surface_m2": 18.036936039148713, "inonde": false, "classe_profondeur": null, "ordre_classe": null }, "geometry": { "type": "Point", "coordinates": [ 15.327869, 10.259693 ] } },
{ "type": "Feature", "properties": { "confidence": 0.7472, "area_in_meters": 8.3562, "surface_m2": 8.3160165766348655, "inonde": true, "classe_profondeur": null, "ordre_classe": null }, "geometry": { "type": "Point", "coordinates": [ 15.325909, 10.262483 ] } },
{ "type": "Feature", "properties": { "confidence": 0.8607, "area_in_meters": 118.1316, "surface_m2": 117.5630994210951, "inonde": false, "classe_profondeur": null, "ordre_classe": null }, "geometry": { "type": "Point", "coordinates": [ 15.327645, 10.259667 ] } },
{ "type": "Feature", "properties": { "confidence": 0.8435, "area_in_meters": 39.8552, "surface_m2": 39.663396555464715, "inonde": false, "classe_profondeur": null, "ordre_classe": null }, "geometry": { "type": "Point", "coordinates": [ 15.327493, 10.259596 ] } },
{ "type": "Feature", "properties": { "confidence": 0.8703, "area_in_meters": 117.671, "surface_m2": 117.10490683629178, "inonde": false, "classe_profondeur": null, "ordre_classe": null }, "geometry": { "type": "Point", "coordinates": [ 15.334926, 10.267455 ] } },
{ "type": "Feature", "properties": { "confidence": 0.8708, "area_in_meters": 36.9838, "surface_m2": 36.805854382459074, "inonde": false, "classe_profondeur": null, "ordre_classe": null }, "geometry": { "type": "Point", "coordinates": [ 15.335687, 10.267444 ] } },
{ "type": "Feature", "properties": { "confidence": 0.7974, "area_in_meters": 6.3176, "surface_m2": 6.2872013697924558, "inonde": false, "classe_profondeur": null, "ordre_classe": null }, "geometry": { "type": "Point", "coordinates": [ 15.33434, 10.267512 ] } },
{ "type": "Feature", "properties": { "confidence": 0.8361, "area_in_meters": 112.7791, "surface_m2": 112.23656505090185, "inonde": false, "classe_profondeur": null, "ordre_classe": null }, "geometry": { "type": "Point", "coordinates": [ 15.334846, 10.267619 ] } },
{ "type": "Feature", "properties": { "confidence": 0.7593, "area_in_meters": 18.4655, "surface_m2": 18.376650944235735, "inonde": false, "classe_profondeur": null, "ordre_classe": null }, "geometry": { "type": "Point", "coordinates": [ 15.335491, 10.267701 ] } },
{ "type": "Feature", "properties": { "confidence": 0.8303, "area_in_meters": 18.4448, "surface_m2": 18.35607857388095, "inonde": false, "classe_profondeur": null, "ordre_classe": null }, "geometry": { "type": "Point", "coordinates": [ 15.33561, 10.267732 ] } },
{ "type": "Feature", "properties": { "confidence": 0.7864, "area_in_meters": 17.861, "surface_m2": 17.77505312761059, "inonde": false, "classe_profondeur": null, "ordre_classe": null }, "geometry": { "type": "Point", "coordinates": [ 15.33549, 10.267845 ] } }
]
}
