{
"type": "FeatureCollection",
"name": "dhs_grappes_cmr2018",
"crs": { "type": "name", "properties": { "name": "urn:ogc:def:crs:OGC:1.3:CRS84" } },
"features": [
{ "type": "Feature", "properties": { "DHSID": "CM201800000001", "DHSCC": "CM", "DHSYEAR": 2018.0, "DHSCLUST": 1.0, "URBAN_RURA": "U", "LATNUM": 10.748742, "LONGNUM": 14.607247, "ALT_GPS": 9999.0, "ADM1NAME": "EXTREME-NORD" }, "geometry": { "type": "Point", "coordinates": [ 14.607247, 10.748742 ] } },
{ "type": "Feature", "properties": { "DHSID": "CM201800000002", "DHSCC": "CM", "DHSYEAR": 2018.0, "DHSCLUST": 2.0, "URBAN_RURA": "R", "LATNUM": 3.896324, "LONGNUM": 13.282114, "ALT_GPS": 9999.0, "ADM1NAME": "EST" }, "geometry": { "type": "Point", "coordinates": [ 13.282114, 3.896324 ] } },
{ "type": "Feature", "properties": { "DHSID": "CM201800000003", "DHSCC": "CM", "DHSYEAR": 2018.0, "DHSCLUST": 3.0, "URBAN_RURA": "U", "LATNUM": 4.554889, "LONGNUM": 11.379685, "ALT_GPS": 9999.0, "ADM1NAME": "CENTRE" }, "geometry": { "type": "Point", "coordinates": [ 11.379685, 4.554889 ] } },
{ "type": "Feature", "properties": { "DHSID": "CM201800000005", "DHSCC": "CM", "DHSYEAR": 2018.0, "DHSCLUST": 5.0, "URBAN_RURA": "U", "LATNUM": 3.860075, "LONGNUM": 11.547974, "ALT_GPS": 9999.0, "ADM1NAME": "YAOUNDE" }, "geometry": { "type": "Point", "coordinates": [ 11.547974, 3.860075 ] } },
{ "type": "Feature", "properties": { "DHSID": "CM201800000007", "DHSCC": "CM", "DHSYEAR": 2018.0, "DHSCLUST": 7.0, "URBAN_RURA": "R", "LATNUM": 6.520462, "LONGNUM": 13.187004, "ALT_GPS": 9999.0, "ADM1NAME": "ADAMAOUA" }, "geometry": { "type": "Point", "coordinates": [ 13.187004, 6.520462 ] } },
{ "type": "Feature", "properties": { "DHSID": "CM201800000008", "DHSCC": "CM", "DHSYEAR": 2018.0, "DHSCLUST": 8.0, "URBAN_RURA": "U", "LATNUM": 5.940608, "LONGNUM": 10.149462, "ALT_GPS": 9999.0, "ADM1NAME": "NORD-OUEST" }, "geometry": { "type": "Point", "coordinates": [ 10.149462, 5.940608 ] } },
{ "type": "Feature", "properties": { "DHSID": "CM201800000010", "DHSCC": "CM", "DHSYEAR": 2018.0, "DHSCLUST": 10.0, "URBAN_RURA": "R", "LATNUM": 10.772808, "LONGNUM": 13.805082, "ALT_GPS": 9999.0, "ADM1NAME": "EXTREME-NORD" }, "geometry": { "type": "Point", "coordinates": [ 13.805082, 10.772808 ] } },
{ "type": "Feature", "properties": { "DHSID": "CM201800000011", "DHSCC": "CM", "DHSYEAR": 2018.0, "DHSCLUST": 11.0, "URBAN_RURA": "U", "LATNUM": 3.801051, "LONGNUM": 10.092532, "ALT_GPS": 9999.0, "ADM1NAME": "LITTORAL" }, "geometry": { "type": "Point", "coordinates": [ 10.092532, 3.801051 ] } },
{ "type": "Feature", "properties": { "DHSID": "CM201800000012", "DHSCC": "CM", "DHSYEAR": 2018.0, "DHSCLUST": 12.0, "URBAN_RURA": "U", "LATNUM": 4.093956, "LONGNUM": 9.73572, "ALT_GPS": 9999.0, "ADM1NAME": "DOUALA" }, "geometry": { "type": "Point", "coordinates": [ 9.73572, 4.093956 ] } },
{ "type": "Feature", "properties": { "DHSID": "CM201800000013", "DHSCC": "CM", "DHSYEAR": 2018.0, "DHSCLUST": 13.0, "URBAN_RURA": "U", "LATNUM": 2.91139, "LONGNUM": 11.155678, "ALT_GPS": 9999.0, "ADM1NAME": "SUD" }, "geometry": { "type": "Point", "coordinates": [ 11.155678, 2.91139 ] } },
{ "type": "Feature", "properties": { "DHSID": "CM201800000014", "DHSCC": "CM", "DHSYEAR": 2018.0, "DHSCLUST": 14.0, "URBAN_RURA": "R", "LATNUM": 10.61429, "LONGNUM": 13.560029, "ALT_GPS": 9999.0, "ADM1NAME": "EXTREME-NORD" }, "geometry": { "type": "Point", "coordinates": [ 13.560029, 10.61429 ] } },
{ "type": "Feature", "properties": { "DHSID": "CM201800000015", "DHSCC": "CM", "DHSYEAR": 2018.0, "DHSCLUST": 15.0, "URBAN_RURA": "R", "LATNUM": 3.163996, "LONGNUM": 12.270948, "ALT_GPS": 9999.0, "ADM1NAME": "SUD" }, "geometry": { "type": "Point", "coordinates": [ 12.270948, 3.163996 ] } },
{ "type": "Feature", "properties": { "DHSID": "CM201800000017", "DHSCC": "CM", "DHSYEAR": 2018.0, "DHSCLUST": 17.0, "URBAN_RURA": "U", "LATNUM": 4.105737, "LONGNUM": 9.755721, "ALT_GPS": 9999.0, "ADM1NAME": "DOUALA" }, "geometry": { "type": "Point", "coordinates": [ 9.755721, 4.105737 ] } },
{ "type": "Feature", "properties": { "DHSID": "CM201800000018", "DHSCC": "CM", "DHSYEAR": 2018.0, "DHSCLUST": 18.0, "URBAN_RURA": "U", "LATNUM": 12.058918, "LONGNUM": 15.054558, "ALT_GPS": 9999.0, "ADM1NAME": "EXTREME-NORD" }, "geometry": { "type": "Point", "coordinates": [ 15.054558, 12.058918 ] } },
{ "type": "Feature", "properties": { "DHSID": "CM201800000019", "DHSCC": "CM", "DHSYEAR": 2018.0, "DHSCLUST": 19.0, "URBAN_RURA": "R", "LATNUM": 2.848274, "LONGNUM": 9.985541, "ALT_GPS": 9999.0, "ADM1NAME": "SUD" }, "geometry": { "type": "Point", "coordinates": [ 9.985541, 2.848274 ] } },
{ "type": "Feature", "properties": { "DHSID": "CM201800000020", "DHSCC": "CM", "DHSYEAR": 2018.0, "DHSCLUST": 20.0, "URBAN_RURA": "U", "LATNUM": 3.525336, "LONGNUM": 11.513008, "ALT_GPS": 9999.0, "ADM1NAME": "CENTRE" }, "geometry": { "type": "Point", "coordinates": [ 11.513008, 3.525336 ] } },
{ "type": "Feature", "properties": { "DHSID": "CM201800000021", "DHSCC": "CM", "DHSYEAR": 2018.0, "DHSCLUST": 21.0, "URBAN_RURA": "R", "LATNUM": 5.579095, "LONGNUM": 10.189361, "ALT_GPS": 9999.0, "ADM1NAME": "OUEST" }, "geometry": { "type": "Point", "coordinates": [ 10.189361, 5.579095 ] } },
{ "type": "Feature", "properties": { "DHSID": "CM201800000022", "DHSCC": "CM", "DHSYEAR": 2018.0, "DHSCLUST": 22.0, "URBAN_RURA": "U", "LATNUM": 4.622384, "LONGNUM": 9.444195, "ALT_GPS": 9999.0, "ADM1NAME": "SUD-OUEST" }, "geometry": { "type": "Point", "coordinates": [ 9.444195, 4.622384 ] } },
{ "type": "Feature", "properties": { "DHSID": "CM201800000024", "DHSCC": "CM", "DHSYEAR": 2018.0, "DHSCLUST": 24.0, "URBAN_RURA": "U", "LATNUM": 4.634657, "LONGNUM": 9.435357, "ALT_GPS": 9999.0, "ADM1NAME": "SUD-OUEST" }, "geometry": { "type": "Point", "coordinates": [ 9.435357, 4.634657 ] } },
{ "type": "Feature", "properties": { "DHSID": "CM201800000026", "DHSCC": "CM", "DHSYEAR": 2018.0, "DHSCLUST": 26.0, "URBAN_RURA": "R", "LATNUM": 3.811606, "LONGNUM": 11.603266, "ALT_GPS": 9999.0, "ADM1NAME": "CENTRE" }, "geometry": { "type": "Point", "coordinates": [ 11.603266, 3.811606 ] } },
{ "type": "Feature", "properties": { "DHSID": "CM201800000027", "DHSCC": "CM", "DHSYEAR": 2018.0, "DHSCLUST": 27.0, "URBAN_RURA": "R", "LATNUM": 4.981892, "LONGNUM": 14.36526, "ALT_GPS": 9999.0, "ADM1NAME": "EST" }, "geometry": { "type": "Point", "coordinates": [ 14.36526, 4.981892 ] } },
{ "type": "Feature", "properties": { "DHSID": "CM201800000028", "DHSCC": "CM", "DHSYEAR": 2018.0, "DHSCLUST": 28.0, "URBAN_RURA": "U", "LATNUM": 4.559971, "LONGNUM": 13.686116, "ALT_GPS": 9999.0, "ADM1NAME": "EST" }, "geometry": { "type": "Point", "coordinates": [ 13.686116, 4.559971 ] } },
{ "type": "Feature", "properties": { "DHSID": "CM201800000029", "DHSCC": "CM", "DHSYEAR": 2018.0, "DHSCLUST": 29.0, "URBAN_RURA": "U", "LATNUM": 6.083634, "LONGNUM": 10.650983, "ALT_GPS": 9999.0, "ADM1NAME": "NORD-OUEST" }, "geometry": { "type": "Point", "coordinates": [ 10.650983, 6.083634 ] } },
{ "type": "Feature", "properties": { "DHSID": "CM201800000030", "DHSCC": "CM", "DHSYEAR": 2018.0, "DHSCLUST": 30.0, "URBAN_RURA": "R", "LATNUM": 6.477943, "LONGNUM": 11.177667, "ALT_GPS": 9999.0, "ADM1NAME": "NORD-OUEST" }, "geometry": { "type": "Point", "coordinates": [ 11.177667, 6.477943 ] } },
{ "type": "Feature", "properties": { "DHSID": "CM201800000031", "DHSCC": "CM", "DHSYEAR": 2018.0, "DHSCLUST": 31.0, "URBAN_RURA": "U", "LATNUM": 3.835144, "LONGNUM": 11.551993, "ALT_GPS": 9999.0, "ADM1NAME": "YAOUNDE" }, "geometry": { "type": "Point", "coordinates": [ 11.551993, 3.835144 ] } },
{ "type": "Feature", "properties": { "DHSID": "CM201800000032", "DHSCC": "CM", "DHSYEAR": 2018.0, "DHSCLUST": 32.0, "URBAN_RURA": "U", "LATNUM": 4.076391, "LONGNUM": 9.809283, "ALT_GPS": 9999.0, "ADM1NAME": "DOUALA" }, "geometry": { "type": "Point", "coordinates": [ 9.809283, 4.076391 ] } },
{ "type": "Feature", "properties": { "DHSID": "CM201800000033", "DHSCC": "CM", "DHSYEAR": 2018.0, "DHSCLUST": 33.0, "URBAN_RURA": "R", "LATNUM": 3.98103, "LONGNUM": 12.013033, "ALT_GPS": 9999.0, "ADM1NAME": "CENTRE" }, "geometry": { "type": "Point", "coordinates": [ 12.013033, 3.98103 ] } },
{ "type": "Feature", "properties": { "DHSID": "CM201800000034", "DHSCC": "CM", "DHSYEAR": 2018.0, "DHSCLUST": 34.0, "URBAN_RURA": "R", "LATNUM": 6.734582, "LONGNUM": 11.742845, "ALT_GPS": 9999.0, "ADM1NAME": "ADAMAOUA" }, "geometry": { "type": "Point", "coordinates": [ 11.742845, 6.734582 ] } },
{ "type": "Feature", "properties": { "DHSID": "CM201800000035", "DHSCC": "CM", "DHSYEAR": 2018.0, "DHSCLUST": 35.0, "URBAN_RURA": "R", "LATNUM": 10.504882, "LONGNUM": 13.99916, "ALT_GPS": 9999.0, "ADM1NAME": "EXTREME-NORD" }, "geometry": { "type": "Point", "coordinates": [ 13.99916, 10.504882 ] } },
{ "type": "Feature", "properties": { "DHSID": "CM201800000037", "DHSCC": "CM", "DHSYEAR": 2018.0, "DHSCLUST": 37.0, "URBAN_RURA": "R", "LATNUM": 6.44937, "LONGNUM": 13.899092, "ALT_GPS": 9999.0, "ADM1NAME": "ADAMAOUA" }, "geometry": { "type": "Point", "coordinates": [ 13.899092, 6.44937 ] } },
{ "type": "Feature", "properties": { "DHSID": "CM201800000038", "DHSCC": "CM", "DHSYEAR": 2018.0, "DHSCLUST": 38.0, "URBAN_RURA": "R", "LATNUM": 5.902825, "LONGNUM": 10.432144, "ALT_GPS": 9999.0, "ADM1NAME": "NORD-OUEST" }, "geometry": { "type": "Point", "coordinates": [ 10.432144, 5.902825 ] } },
{ "type": "Feature", "properties": { "DHSID": "CM201800000040", "DHSCC": "CM", "DHSYEAR": 2018.0, "DHSCLUST": 40.0, "URBAN_RURA": "R", "LATNUM": 4.537451, "LONGNUM": 11.044174, "ALT_GPS": 9999.0, "ADM1NAME": "CENTRE" }, "geometry": { "type": "Point", "coordinates": [ 11.044174, 4.537451 ] } },
{ "type": "Feature", "properties": { "DHSID": "CM201800000041", "DHSCC": "CM", "DHSYEAR": 2018.0, "DHSCLUST": 41.0, "URBAN_RURA": "R", "LATNUM": 4.732893, "LONGNUM": 11.685174, "ALT_GPS": 9999.0, "ADM1NAME": "CENTRE" }, "geometry": { "type": "Point", "coordinates": [ 11.685174, 4.732893 ] } },
{ "type": "Feature", "properties": { "DHSID": "CM201800000043", "DHSCC": "CM", "DHSYEAR": 2018.0, "DHSCLUST": 43.0, "URBAN_RURA": "R", "LATNUM": 6.147478, "LONGNUM": 10.574478, "ALT_GPS": 9999.0, "ADM1NAME": "NORD-OUEST" }, "geometry": { "type": "Point", "coordinates": [ 10.574478, 6.147478 ] } },
{ "type": "Feature", "properties": { "DHSID": "CM201800000044", "DHSCC": "CM", "DHSYEAR": 2018.0, "DHSCLUST": 44.0, "URBAN_RURA": "U", "LATNUM": 10.635626, "LONGNUM": 14.312358, "ALT_GPS": 9999.0, "ADM1NAME": "EXTREME-NORD" }, "geometry": { "type": "Point", "coordinates": [ 14.312358, 10.635626 ] } },
{ "type": "Feature", "properties": { "DHSID": "CM201800000045", "DHSCC": "CM", "DHSYEAR": 2018.0, "DHSCLUST": 45.0, "URBAN_RURA": "R", "LATNUM": 6.481658, "LONGNUM": 11.295456, "ALT_GPS": 9999.0, "ADM1NAME": "ADAMAOUA" }, "geometry": { "type": "Point", "coordinates": [ 11.295456, 6.481658 ] } },
{ "type": "Feature", "properties": { "DHSID": "CM201800000046", "DHSCC": "CM", "DHSYEAR": 2018.0, "DHSCLUST": 46.0, "URBAN_RURA": "R", "LATNUM": 9.794025, "LONGNUM": 13.775338, "ALT_GPS": 9999.0, "ADM1NAME": "NORD" }, "geometry": { "type": "Point", "coordinates": [ 13.775338, 9.794025 ] } },
{ "type": "Feature", "properties": { "DHSID": "CM201800000047", "DHSCC": "CM", "DHSYEAR": 2018.0, "DHSCLUST": 47.0, "URBAN_RURA": "R", "LATNUM": 5.183025, "LONGNUM": 10.37522, "ALT_GPS": 9999.0, "ADM1NAME": "OUEST" }, "geometry": { "type": "Point", "coordinates": [ 10.37522, 5.183025 ] } },
{ "type": "Feature", "properties": { "DHSID": "CM201800000048", "DHSCC": "CM", "DHSYEAR": 2018.0, "DHSCLUST": 48.0, "URBAN_RURA": "R", "LATNUM": 10.511903, "LONGNUM": 14.37952, "ALT_GPS": 9999.0, "ADM1NAME": "EXTREME-NORD" }, "geometry": { "type": "Point", "coordinates": [ 14.37952, 10.511903 ] } },
{ "type": "Feature", "properties": { "DHSID": "CM201800000049", "DHSCC": "CM", "DHSYEAR": 2018.0, "DHSCLUST": 49.0, "URBAN_RURA": "U", "LATNUM": 9.345229, "LONGNUM": 13.430497, "ALT_GPS": 9999.0, "ADM1NAME": "NORD" }, "geometry": { "type": "Point", "coordinates": [ 13.430497, 9.345229 ] } },
{ "type": "Feature", "properties": { "DHSID": "CM201800000050", "DHSCC": "CM", "DHSYEAR": 2018.0, "DHSCLUST": 50.0, "URBAN_RURA": "U", "LATNUM": 4.009312, "LONGNUM": 9.731632, "ALT_GPS": 9999.0, "ADM1NAME": "DOUALA" }, "geometry": { "type": "Point", "coordinates": [ 9.731632, 4.009312 ] } },
{ "type": "Feature", "properties": { "DHSID": "CM201800000051", "DHSCC": "CM", "DHSYEAR": 2018.0, "DHSCLUST": 51.0, "URBAN_RURA": "U", "LATNUM": 3.90023, "LONGNUM": 11.569175, "ALT_GPS": 9999.0, "ADM1NAME": "YAOUNDE" }, "geometry": { "type": "Point", "coordinates": [ 11.569175, 3.90023 ] } },
{ "type": "Feature", "properties": { "DHSID": "CM201800000052", "DHSCC": "CM", "DHSYEAR": 2018.0, "DHSCLUST": 52.0, "URBAN_RURA": "U", "LATNUM": 3.861414, "LONGNUM": 11.521972, "ALT_GPS": 9999.0, "ADM1NAME": "YAOUNDE" }, "geometry": { "type": "Point", "coordinates": [ 11.521972, 3.861414 ] } },
{ "type": "Feature", "properties": { "DHSID": "CM201800000053", "DHSCC": "CM", "DHSYEAR": 2018.0, "DHSCLUST": 53.0, "URBAN_RURA": "U", "LATNUM": 4.032733, "LONGNUM": 9.696958, "ALT_GPS": 9999.0, "ADM1NAME": "DOUALA" }, "geometry": { "type": "Point", "coordinates": [ 9.696958, 4.032733 ] } },
{ "type": "Feature", "properties": { "DHSID": "CM201800000054", "DHSCC": "CM", "DHSYEAR": 2018.0, "DHSCLUST": 54.0, "URBAN_RURA": "U", "LATNUM": 4.066906, "LONGNUM": 9.656266, "ALT_GPS": 9999.0, "ADM1NAME": "DOUALA" }, "geometry": { "type": "Point", "coordinates": [ 9.656266, 4.066906 ] } },
{ "type": "Feature", "properties": { "DHSID": "CM201800000055", "DHSCC": "CM", "DHSYEAR": 2018.0, "DHSCLUST": 55.0, "URBAN_RURA": "R", "LATNUM": 4.136299, "LONGNUM": 11.414676, "ALT_GPS": 9999.0, "ADM1NAME": "CENTRE" }, "geometry": { "type": "Point", "coordinates": [ 11.414676, 4.136299 ] } },
{ "type": "Feature", "properties": { "DHSID": "CM201800000056", "DHSCC": "CM", "DHSYEAR": 2018.0, "DHSCLUST": 56.0, "URBAN_RURA": "U", "LATNUM": 9.316661, "LONGNUM": 13.406751, "ALT_GPS": 9999.0, "ADM1NAME": "NORD" }, "geometry": { "type": "Point", "coordinates": [ 13.406751, 9.316661 ] } },
{ "type": "Feature", "properties": { "DHSID": "CM201800000058", "DHSCC": "CM", "DHSYEAR": 2018.0, "DHSCLUST": 58.0, "URBAN_RURA": "U", "LATNUM": 3.876842, "LONGNUM": 11.5714, "ALT_GPS": 9999.0, "ADM1NAME": "YAOUNDE" }, "geometry": { "type": "Point", "coordinates": [ 11.5714, 3.876842 ] } },
{ "type": "Feature", "properties": { "DHSID": "CM201800000059", "DHSCC": "CM", "DHSYEAR": 2018.0, "DHSCLUST": 59.0, "URBAN_RURA": "R", "LATNUM": 8.694151, "LONGNUM": 14.11199, "ALT_GPS": 9999.0, "ADM1NAME": "NORD" }, "geometry": { "type": "Point", "coordinates": [ 14.11199, 8.694151 ] } },
{ "type": "Feature", "properties": { "DHSID": "CM201800000060", "DHSCC": "CM", "DHSYEAR": 2018.0, "DHSCLUST": 60.0, "URBAN_RURA": "U", "LATNUM": 4.030813, "LONGNUM": 9.200917, "ALT_GPS": 9999.0, "ADM1NAME": "SUD-OUEST" }, "geometry": { "type": "Point", "coordinates": [ 9.200917, 4.030813 ] } },
{ "type": "Feature", "properties": { "DHSID": "CM201800000061", "DHSCC": "CM", "DHSYEAR": 2018.0, "DHSCLUST": 61.0, "URBAN_RURA": "U", "LATNUM": 4.558363, "LONGNUM": 13.691008, "ALT_GPS": 9999.0, "ADM1NAME": "EST" }, "geometry": { "type": "Point", "coordinates": [ 13.691008, 4.558363 ] } },
{ "type": "Feature", "properties": { "DHSID": "CM201800000062", "DHSCC": "CM", "DHSYEAR": 2018.0, "DHSCLUST": 62.0, "URBAN_RURA": "R", "LATNUM": 5.495849, "LONGNUM": 10.137708, "ALT_GPS": 9999.0, "ADM1NAME": "OUEST" }, "geometry": { "type": "Point", "coordinates": [ 10.137708, 5.495849 ] } },
{ "type": "Feature", "properties": { "DHSID": "CM201800000063", "DHSCC": "CM", "DHSYEAR": 2018.0, "DHSCLUST": 63.0, "URBAN_RURA": "U", "LATNUM": 5.967571, "LONGNUM": 10.166249, "ALT_GPS": 9999.0, "ADM1NAME": "NORD-OUEST" }, "geometry": { "type": "Point", "coordinates": [ 10.166249, 5.967571 ] } },
{ "type": "Feature", "properties": { "DHSID": "CM201800000064", "DHSCC": "CM", "DHSYEAR": 2018.0, "DHSCLUST": 64.0, "URBAN_RURA": "R", "LATNUM": 2.621281, "LONGNUM": 16.066787, "ALT_GPS": 9999.0, "ADM1NAME": "EST" }, "geometry": { "type": "Point", "coordinates": [ 16.066787, 2.621281 ] } },
{ "type": "Feature", "properties": { "DHSID": "CM201800000065", "DHSCC": "CM", "DHSYEAR": 2018.0, "DHSCLUST": 65.0, "URBAN_RURA": "U", "LATNUM": 3.863223, "LONGNUM": 11.510405, "ALT_GPS": 9999.0, "ADM1NAME": "YAOUNDE" }, "geometry": { "type": "Point", "coordinates": [ 11.510405, 3.863223 ] } },
{ "type": "Feature", "properties": { "DHSID": "CM201800000066", "DHSCC": "CM", "DHSYEAR": 2018.0, "DHSCLUST": 66.0, "URBAN_RURA": "U", "LATNUM": 4.018115, "LONGNUM": 9.213397, "ALT_GPS": 9999.0, "ADM1NAME": "SUD-OUEST" }, "geometry": { "type": "Point", "coordinates": [ 9.213397, 4.018115 ] } },
{ "type": "Feature", "properties": { "DHSID": "CM201800000067", "DHSCC": "CM", "DHSYEAR": 2018.0, "DHSCLUST": 67.0, "URBAN_RURA": "U", "LATNUM": 5.729717, "LONGNUM": 10.880422, "ALT_GPS": 9999.0, "ADM1NAME": "OUEST" }, "geometry": { "type": "Point", "coordinates": [ 10.880422, 5.729717 ] } },
{ "type": "Feature", "properties": { "DHSID": "CM201800000068", "DHSCC": "CM", "DHSYEAR": 2018.0, "DHSCLUST": 68.0, "URBAN_RURA": "R", "LATNUM": 10.269892, "LONGNUM": 15.314019, "ALT_GPS": 9999.0, "ADM1NAME": "EXTREME-NORD" }, "geometry": { "type": "Point", "coordinates": [ 15.314019, 10.269892 ] } },
{ "type": "Feature", "properties": { "DHSID": "CM201800000069", "DHSCC": "CM", "DHSYEAR": 2018.0, "DHSCLUST": 69.0, "URBAN_RURA": "R", "LATNUM": 4.387741, "LONGNUM": 9.590052, "ALT_GPS": 9999.0, "ADM1NAME": "LITTORAL" }, "geometry": { "type": "Point", "coordinates": [ 9.590052, 4.387741 ] } },
{ "type": "Feature", "properties": { "DHSID": "CM201800000070", "DHSCC": "CM", "DHSYEAR": 2018.0, "DHSCLUST": 70.0, "URBAN_RURA": "U", "LATNUM": 4.63092, "LONGNUM": 9.445619, "ALT_GPS": 9999.0, "ADM1NAME": "SUD-OUEST" }, "geometry": { "type": "Point", "coordinates": [ 9.445619, 4.63092 ] } },
{ "type": "Feature", "properties": { "DHSID": "CM201800000071", "DHSCC": "CM", "DHSYEAR": 2018.0, "DHSCLUST": 71.0, "URBAN_RURA": "R", "LATNUM": 5.424928, "LONGNUM": 9.993681, "ALT_GPS": 9999.0, "ADM1NAME": "OUEST" }, "geometry": { "type": "Point", "coordinates": [ 9.993681, 5.424928 ] } },
{ "type": "Feature", "properties": { "DHSID": "CM201800000072", "DHSCC": "CM", "DHSYEAR": 2018.0, "DHSCLUST": 72.0, "URBAN_RURA": "U", "LATNUM": 3.907015, "LONGNUM": 11.53483, "ALT_GPS": 9999.0, "ADM1NAME": "YAOUNDE" }, "geometry": { "type": "Point", "coordinates": [ 11.53483, 3.907015 ] } },
{ "type": "Feature", "properties": { "DHSID": "CM201800000073", "DHSCC": "CM", "DHSYEAR": 2018.0, "DHSCLUST": 73.0, "URBAN_RURA": "R", "LATNUM": 7.217011, "LONGNUM": 13.377281, "ALT_GPS": 9999.0, "ADM1NAME": "ADAMAOUA" }, "geometry": { "type": "Point", "coordinates": [ 13.377281, 7.217011 ] } },
{ "type": "Feature", "properties": { "DHSID": "CM201800000074", "DHSCC": "CM", "DHSYEAR": 2018.0, "DHSCLUST": 74.0, "URBAN_RURA": "U", "LATNUM": 7.342041, "LONGNUM": 13.581633, "ALT_GPS": 9999.0, "ADM1NAME": "ADAMAOUA" }, "geometry": { "type": "Point", "coordinates": [ 13.581633, 7.342041 ] } },
{ "type": "Feature", "properties": { "DHSID": "CM201800000075", "DHSCC": "CM", "DHSYEAR": 2018.0, "DHSCLUST": 75.0, "URBAN_RURA": "U", "LATNUM": 5.506991, "LONGNUM": 10.626994, "ALT_GPS": 9999.0, "ADM1NAME": "OUEST" }, "geometry": { "type": "Point", "coordinates": [ 10.626994, 5.506991 ] } },
{ "type": "Feature", "properties": { "DHSID": "CM201800000077", "DHSCC": "CM", "DHSYEAR": 2018.0, "DHSCLUST": 77.0, "URBAN_RURA": "U", "LATNUM": 4.081024, "LONGNUM": 9.311226, "ALT_GPS": 9999.0, "ADM1NAME": "SUD-OUEST" }, "geometry": { "type": "Point", "coordinates": [ 9.311226, 4.081024 ] } },
{ "type": "Feature", "properties": { "DHSID": "CM201800000078", "DHSCC": "CM", "DHSYEAR": 2018.0, "DHSCLUST": 78.0, "URBAN_RURA": "R", "LATNUM": 5.159678, "LONGNUM": 10.19175, "ALT_GPS": 9999.0, "ADM1NAME": "OUEST" }, "geometry": { "type": "Point", "coordinates": [ 10.19175, 5.159678 ] } },
{ "type": "Feature", "properties": { "DHSID": "CM201800000079", "DHSCC": "CM", "DHSYEAR": 2018.0, "DHSCLUST": 79.0, "URBAN_RURA": "R", "LATNUM": 6.89861, "LONGNUM": 14.116911, "ALT_GPS": 9999.0, "ADM1NAME": "ADAMAOUA" }, "geometry": { "type": "Point", "coordinates": [ 14.116911, 6.89861 ] } },
{ "type": "Feature", "properties": { "DHSID": "CM201800000080", "DHSCC": "CM", "DHSYEAR": 2018.0, "DHSCLUST": 80.0, "URBAN_RURA": "R", "LATNUM": 5.514035, "LONGNUM": 11.109744, "ALT_GPS": 9999.0, "ADM1NAME": "OUEST" }, "geometry": { "type": "Point", "coordinates": [ 11.109744, 5.514035 ] } },
{ "type": "Feature", "properties": { "DHSID": "CM201800000081", "DHSCC": "CM", "DHSYEAR": 2018.0, "DHSCLUST": 81.0, "URBAN_RURA": "R", "LATNUM": 12.370664, "LONGNUM": 14.306798, "ALT_GPS": 9999.0, "ADM1NAME": "EXTREME-NORD" }, "geometry": { "type": "Point", "coordinates": [ 14.306798, 12.370664 ] } },
{ "type": "Feature", "properties": { "DHSID": "CM201800000082", "DHSCC": "CM", "DHSYEAR": 2018.0, "DHSCLUST": 82.0, "URBAN_RURA": "U", "LATNUM": 3.932079, "LONGNUM": 11.495208, "ALT_GPS": 9999.0, "ADM1NAME": "YAOUNDE" }, "geometry": { "type": "Point", "coordinates": [ 11.495208, 3.932079 ] } },
{ "type": "Feature", "properties": { "DHSID": "CM201800000083", "DHSCC": "CM", "DHSYEAR": 2018.0, "DHSCLUST": 83.0, "URBAN_RURA": "R", "LATNUM": 2.849471, "LONGNUM": 12.133115, "ALT_GPS": 9999.0, "ADM1NAME": "SUD" }, "geometry": { "type": "Point", "coordinates": [ 12.133115, 2.849471 ] } },
{ "type": "Feature", "properties": { "DHSID": "CM201800000084", "DHSCC": "CM", "DHSYEAR": 2018.0, "DHSCLUST": 84.0, "URBAN_RURA": "R", "LATNUM": 8.974587, "LONGNUM": 14.007306, "ALT_GPS": 9999.0, "ADM1NAME": "NORD" }, "geometry": { "type": "Point", "coordinates": [ 14.007306, 8.974587 ] } },
{ "type": "Feature", "properties": { "DHSID": "CM201800000085", "DHSCC": "CM", "DHSYEAR": 2018.0, "DHSCLUST": 85.0, "URBAN_RURA": "R", "LATNUM": 6.821946, "LONGNUM": 12.173967, "ALT_GPS": 9999.0, "ADM1NAME": "ADAMAOUA" }, "geometry": { "type": "Point", "coordinates": [ 12.173967, 6.821946 ] } },
{ "type": "Feature", "properties": { "DHSID": "CM201800000086", "DHSCC": "CM", "DHSYEAR": 2018.0, "DHSCLUST": 86.0, "URBAN_RURA": "R", "LATNUM": 4.066, "LONGNUM": 13.808248, "ALT_GPS": 9999.0, "ADM1NAME": "EST" }, "geometry": { "type": "Point", "coordinates": [ 13.808248, 4.066 ] } },
{ "type": "Feature", "properties": { "DHSID": "CM201800000087", "DHSCC": "CM", "DHSYEAR": 2018.0, "DHSCLUST": 87.0, "URBAN_RURA": "R", "LATNUM": 10.773269, "LONGNUM": 14.137739, "ALT_GPS": 9999.0, "ADM1NAME": "EXTREME-NORD" }, "geometry": { "type": "Point", "coordinates": [ 14.137739, 10.773269 ] } },
{ "type": "Feature", "properties": { "DHSID": "CM201800000088", "DHSCC": "CM", "DHSYEAR": 2018.0, "DHSCLUST": 88.0, "URBAN_RURA": "R", "LATNUM": 10.652, "LONGNUM": 14.456058, "ALT_GPS": 9999.0, "ADM1NAME": "EXTREME-NORD" }, "geometry": { "type": "Point", "coordinates": [ 14.456058, 10.652 ] } },
{ "type": "Feature", "properties": { "DHSID": "CM201800000089", "DHSCC": "CM", "DHSYEAR": 2018.0, "DHSCLUST": 89.0, "URBAN_RURA": "U", "LATNUM": 3.875797, "LONGNUM": 11.527326, "ALT_GPS": 9999.0, "ADM1NAME": "YAOUNDE" }, "geometry": { "type": "Point", "coordinates": [ 11.527326, 3.875797 ] } },
{ "type": "Feature", "properties": { "DHSID": "CM201800000090", "DHSCC": "CM", "DHSYEAR": 2018.0, "DHSCLUST": 90.0, "URBAN_RURA": "R", "LATNUM": 4.954135, "LONGNUM": 12.980352, "ALT_GPS": 9999.0, "ADM1NAME": "CENTRE" }, "geometry": { "type": "Point", "coordinates": [ 12.980352, 4.954135 ] } },
{ "type": "Feature", "properties": { "DHSID": "CM201800000091", "DHSCC": "CM", "DHSYEAR": 2018.0, "DHSCLUST": 91.0, "URBAN_RURA": "U", "LATNUM": 3.809854, "LONGNUM": 10.108286, "ALT_GPS": 9999.0, "ADM1NAME": "LITTORAL" }, "geometry": { "type": "Point", "coordinates": [ 10.108286, 3.809854 ] } },
{ "type": "Feature", "properties": { "DHSID": "CM201800000092", "DHSCC": "CM", "DHSYEAR": 2018.0, "DHSCLUST": 92.0, "URBAN_RURA": "U", "LATNUM": 5.160928, "LONGNUM": 10.0137, "ALT_GPS": 9999.0, "ADM1NAME": "OUEST" }, "geometry": { "type": "Point", "coordinates": [ 10.0137, 5.160928 ] } },
{ "type": "Feature", "properties": { "DHSID": "CM201800000093", "DHSCC": "CM", "DHSYEAR": 2018.0, "DHSCLUST": 93.0, "URBAN_RURA": "R", "LATNUM": 3.438211, "LONGNUM": 12.364209, "ALT_GPS": 9999.0, "ADM1NAME": "SUD" }, "geometry": { "type": "Point", "coordinates": [ 12.364209, 3.438211 ] } },
{ "type": "Feature", "properties": { "DHSID": "CM201800000094", "DHSCC": "CM", "DHSYEAR": 2018.0, "DHSCLUST": 94.0, "URBAN_RURA": "U", "LATNUM": 4.90973, "LONGNUM": 13.288619, "ALT_GPS": 9999.0, "ADM1NAME": "EST" }, "geometry": { "type": "Point", "coordinates": [ 13.288619, 4.90973 ] } },
{ "type": "Feature", "properties": { "DHSID": "CM201800000095", "DHSCC": "CM", "DHSYEAR": 2018.0, "DHSCLUST": 95.0, "URBAN_RURA": "U", "LATNUM": 3.858902, "LONGNUM": 11.554256, "ALT_GPS": 9999.0, "ADM1NAME": "YAOUNDE" }, "geometry": { "type": "Point", "coordinates": [ 11.554256, 3.858902 ] } },
{ "type": "Feature", "properties": { "DHSID": "CM201800000096", "DHSCC": "CM", "DHSYEAR": 2018.0, "DHSCLUST": 96.0, "URBAN_RURA": "U", "LATNUM": 12.576924, "LONGNUM": 14.461078, "ALT_GPS": 9999.0, "ADM1NAME": "EXTREME-NORD" }, "geometry": { "type": "Point", "coordinates": [ 14.461078, 12.576924 ] } },
{ "type": "Feature", "properties": { "DHSID": "CM201800000097", "DHSCC": "CM", "DHSYEAR": 2018.0, "DHSCLUST": 97.0, "URBAN_RURA": "R", "LATNUM": 2.989591, "LONGNUM": 11.39137, "ALT_GPS": 9999.0, "ADM1NAME": "SUD" }, "geometry": { "type": "Point", "coordinates": [ 11.39137, 2.989591 ] } },
{ "type": "Feature", "properties": { "DHSID": "CM201800000098", "DHSCC": "CM", "DHSYEAR": 2018.0, "DHSCLUST": 98.0, "URBAN_RURA": "U", "LATNUM": 4.070072, "LONGNUM": 9.677475, "ALT_GPS": 9999.0, "ADM1NAME": "DOUALA" }, "geometry": { "type": "Point", "coordinates": [ 9.677475, 4.070072 ] } },
{ "type": "Feature", "properties": { "DHSID": "CM201800000099", "DHSCC": "CM", "DHSYEAR": 2018.0, "DHSCLUST": 99.0, "URBAN_RURA": "U", "LATNUM": 4.021958, "LONGNUM": 9.756071, "ALT_GPS": 9999.0, "ADM1NAME": "DOUALA" }, "geometry": { "type": "Point", "coordinates": [ 9.756071, 4.021958 ] } },
{ "type": "Feature", "properties": { "DHSID": "CM201800000100", "DHSCC": "CM", "DHSYEAR": 2018.0, "DHSCLUST": 100.0, "URBAN_RURA": "R", "LATNUM": 5.2395, "LONGNUM": 10.258331, "ALT_GPS": 9999.0, "ADM1NAME": "OUEST" }, "geometry": { "type": "Point", "coordinates": [ 10.258331, 5.2395 ] } },
{ "type": "Feature", "properties": { "DHSID": "CM201800000101", "DHSCC": "CM", "DHSYEAR": 2018.0, "DHSCLUST": 101.0, "URBAN_RURA": "R", "LATNUM": 3.891966, "LONGNUM": 10.834808, "ALT_GPS": 9999.0, "ADM1NAME": "CENTRE" }, "geometry": { "type": "Point", "coordinates": [ 10.834808, 3.891966 ] } },
{ "type": "Feature", "properties": { "DHSID": "CM201800000102", "DHSCC": "CM", "DHSYEAR": 2018.0, "DHSCLUST": 102.0, "URBAN_RURA": "R", "LATNUM": 5.453997, "LONGNUM": 10.799964, "ALT_GPS": 9999.0, "ADM1NAME": "OUEST" }, "geometry": { "type": "Point", "coordinates": [ 10.799964, 5.453997 ] } },
{ "type": "Feature", "properties": { "DHSID": "CM201800000103", "DHSCC": "CM", "DHSYEAR": 2018.0, "DHSCLUST": 103.0, "URBAN_RURA": "R", "LATNUM": 10.838436, "LONGNUM": 15.06912, "ALT_GPS": 9999.0, "ADM1NAME": "EXTREME-NORD" }, "geometry": { "type": "Point", "coordinates": [ 15.06912, 10.838436 ] } },
{ "type": "Feature", "properties": { "DHSID": "CM201800000105", "DHSCC": "CM", "DHSYEAR": 2018.0, "DHSCLUST": 105.0, "URBAN_RURA": "R", "LATNUM": 7.843986, "LONGNUM": 14.87108, "ALT_GPS": 9999.0, "ADM1NAME": "NORD" }, "geometry": { "type": "Point", "coordinates": [ 14.87108, 7.843986 ] } },
{ "type": "Feature", "properties": { "DHSID": "CM201800000106", "DHSCC": "CM", "DHSYEAR": 2018.0, "DHSCLUST": 106.0, "URBAN_RURA": "R", "LATNUM": 4.046224, "LONGNUM": 10.72858, "ALT_GPS": 9999.0, "ADM1NAME": "CENTRE" }, "geometry": { "type": "Point", "coordinates": [ 10.72858, 4.046224 ] } },
{ "type": "Feature", "properties": { "DHSID": "CM201800000107", "DHSCC": "CM", "DHSYEAR": 2018.0, "DHSCLUST": 107.0, "URBAN_RURA": "U", "LATNUM": 3.866784, "LONGNUM": 11.573443, "ALT_GPS": 9999.0, "ADM1NAME": "YAOUNDE" }, "geometry": { "type": "Point", "coordinates": [ 11.573443, 3.866784 ] } },
{ "type": "Feature", "properties": { "DHSID": "CM201800000108", "DHSCC": "CM", "DHSYEAR": 2018.0, "DHSCLUST": 108.0, "URBAN_RURA": "R", "LATNUM": 5.623979, "LONGNUM": 10.863373, "ALT_GPS": 9999.0, "ADM1NAME": "OUEST" }, "geometry": { "type": "Point", "coordinates": [ 10.863373, 5.623979 ] } },
{ "type": "Feature", "properties": { "DHSID": "CM201800000109", "DHSCC": "CM", "DHSYEAR": 2018.0, "DHSCLUST": 109.0, "URBAN_RURA": "U", "LATNUM": 4.950831, "LONGNUM": 9.950313, "ALT_GPS": 9999.0, "ADM1NAME": "LITTORAL" }, "geometry": { "type": "Point", "coordinates": [ 9.950313, 4.950831 ] } },
{ "type": "Feature", "properties": { "DHSID": "CM201800000110", "DHSCC": "CM", "DHSYEAR": 2018.0, "DHSCLUST": 110.0, "URBAN_RURA": "U", "LATNUM": 4.027739, "LONGNUM": 9.700957, "ALT_GPS": 9999.0, "ADM1NAME": "DOUALA" }, "geometry": { "type": "Point", "coordinates": [ 9.700957, 4.027739 ] } },
{ "type": "Feature", "properties": { "DHSID": "CM201800000112", "DHSCC": "CM", "DHSYEAR": 2018.0, "DHSCLUST": 112.0, "URBAN_RURA": "R", "LATNUM": 2.89871, "LONGNUM": 11.087841, "ALT_GPS": 9999.0, "ADM1NAME": "SUD" }, "geometry": { "type": "Point", "coordinates": [ 11.087841, 2.89871 ] } },
{ "type": "Feature", "properties": { "DHSID": "CM201800000113", "DHSCC": "CM", "DHSYEAR": 2018.0, "DHSCLUST": 113.0, "URBAN_RURA": "R", "LATNUM": 3.541589, "LONGNUM": 11.97156, "ALT_GPS": 9999.0, "ADM1NAME": "CENTRE" }, "geometry": { "type": "Point", "coordinates": [ 11.97156, 3.541589 ] } },
{ "type": "Feature", "properties": { "DHSID": "CM201800000114", "DHSCC": "CM", "DHSYEAR": 2018.0, "DHSCLUST": 114.0, "URBAN_RURA": "R", "LATNUM": 5.493714, "LONGNUM": 10.282935, "ALT_GPS": 9999.0, "ADM1NAME": "OUEST" }, "geometry": { "type": "Point", "coordinates": [ 10.282935, 5.493714 ] } },
{ "type": "Feature", "properties": { "DHSID": "CM201800000115", "DHSCC": "CM", "DHSYEAR": 2018.0, "DHSCLUST": 115.0, "URBAN_RURA": "R", "LATNUM": 10.368687, "LONGNUM": 14.312438, "ALT_GPS": 9999.0, "ADM1NAME": "EXTREME-NORD" }, "geometry": { "type": "Point", "coordinates": [ 14.312438, 10.368687 ] } },
{ "type": "Feature", "properties": { "DHSID": "CM201800000116", "DHSCC": "CM", "DHSYEAR": 2018.0, "DHSCLUST": 116.0, "URBAN_RURA": "U", "LATNUM": 6.187259, "LONGNUM": 10.857805, "ALT_GPS": 9999.0, "ADM1NAME": "NORD-OUEST" }, "geometry": { "type": "Point", "coordinates": [ 10.857805, 6.187259 ] } },
{ "type": "Feature", "properties": { "DHSID": "CM201800000117", "DHSCC": "CM", "DHSYEAR": 2018.0, "DHSCLUST": 117.0, "URBAN_RURA": "U", "LATNUM": 4.568186, "LONGNUM": 13.67567, "ALT_GPS": 9999.0, "ADM1NAME": "EST" }, "geometry": { "type": "Point", "coordinates": [ 13.67567, 4.568186 ] } },
{ "type": "Feature", "properties": { "DHSID": "CM201800000118", "DHSCC": "CM", "DHSYEAR": 2018.0, "DHSCLUST": 118.0, "URBAN_RURA": "R", "LATNUM": 9.223458, "LONGNUM": 13.78377, "ALT_GPS": 9999.0, "ADM1NAME": "NORD" }, "geometry": { "type": "Point", "coordinates": [ 13.78377, 9.223458 ] } },
{ "type": "Feature", "properties": { "DHSID": "CM201800000119", "DHSCC": "CM", "DHSYEAR": 2018.0, "DHSCLUST": 119.0, "URBAN_RURA": "R", "LATNUM": 2.028929, "LONGNUM": 15.13599, "ALT_GPS": 9999.0, "ADM1NAME": "EST" }, "geometry": { "type": "Point", "coordinates": [ 15.13599, 2.028929 ] } },
{ "type": "Feature", "properties": { "DHSID": "CM201800000120", "DHSCC": "CM", "DHSYEAR": 2018.0, "DHSCLUST": 120.0, "URBAN_RURA": "U", "LATNUM": 5.087755, "LONGNUM": 9.856234, "ALT_GPS": 9999.0, "ADM1NAME": "LITTORAL" }, "geometry": { "type": "Point", "coordinates": [ 9.856234, 5.087755 ] } },
{ "type": "Feature", "properties": { "DHSID": "CM201800000121", "DHSCC": "CM", "DHSYEAR": 2018.0, "DHSCLUST": 121.0, "URBAN_RURA": "U", "LATNUM": 4.095782, "LONGNUM": 9.667228, "ALT_GPS": 9999.0, "ADM1NAME": "DOUALA" }, "geometry": { "type": "Point", "coordinates": [ 9.667228, 4.095782 ] } },
{ "type": "Feature", "properties": { "DHSID": "CM201800000122", "DHSCC": "CM", "DHSYEAR": 2018.0, "DHSCLUST": 122.0, "URBAN_RURA": "U", "LATNUM": 9.920982, "LONGNUM": 13.944999, "ALT_GPS": 9999.0, "ADM1NAME": "NORD" }, "geometry": { "type": "Point", "coordinates": [ 13.944999, 9.920982 ] } },
{ "type": "Feature", "properties": { "DHSID": "CM201800000123", "DHSCC": "CM", "DHSYEAR": 2018.0, "DHSCLUST": 123.0, "URBAN_RURA": "R", "LATNUM": 7.507565, "LONGNUM": 13.855296, "ALT_GPS": 9999.0, "ADM1NAME": "ADAMAOUA" }, "geometry": { "type": "Point", "coordinates": [ 13.855296, 7.507565 ] } },
{ "type": "Feature", "properties": { "DHSID": "CM201800000125", "DHSCC": "CM", "DHSYEAR": 2018.0, "DHSCLUST": 125.0, "URBAN_RURA": "U", "LATNUM": 4.078127, "LONGNUM": 9.679091, "ALT_GPS": 9999.0, "ADM1NAME": "DOUALA" }, "geometry": { "type": "Point", "coordinates": [ 9.679091, 4.078127 ] } },
{ "type": "Feature", "properties": { "DHSID": "CM201800000126", "DHSCC": "CM", "DHSYEAR": 2018.0, "DHSCLUST": 126.0, "URBAN_RURA": "U", "LATNUM": 3.973698, "LONGNUM": 9.762969, "ALT_GPS": 9999.0, "ADM1NAME": "DOUALA" }, "geometry": { "type": "Point", "coordinates": [ 9.762969, 3.973698 ] } },
{ "type": "Feature", "properties": { "DHSID": "CM201800000127", "DHSCC": "CM", "DHSYEAR": 2018.0, "DHSCLUST": 127.0, "URBAN_RURA": "U", "LATNUM": 3.894334, "LONGNUM": 11.498884, "ALT_GPS": 9999.0, "ADM1NAME": "YAOUNDE" }, "geometry": { "type": "Point", "coordinates": [ 11.498884, 3.894334 ] } },
{ "type": "Feature", "properties": { "DHSID": "CM201800000128", "DHSCC": "CM", "DHSYEAR": 2018.0, "DHSCLUST": 128.0, "URBAN_RURA": "R", "LATNUM": 9.936658, "LONGNUM": 14.023692, "ALT_GPS": 9999.0, "ADM1NAME": "NORD" }, "geometry": { "type": "Point", "coordinates": [ 14.023692, 9.936658 ] } },
{ "type": "Feature", "properties": { "DHSID": "CM201800000129", "DHSCC": "CM", "DHSYEAR": 2018.0, "DHSCLUST": 129.0, "URBAN_RURA": "U", "LATNUM": 6.585718, "LONGNUM": 10.722468, "ALT_GPS": 9999.0, "ADM1NAME": "NORD-OUEST" }, "geometry": { "type": "Point", "coordinates": [ 10.722468, 6.585718 ] } },
{ "type": "Feature", "properties": { "DHSID": "CM201800000130", "DHSCC": "CM", "DHSYEAR": 2018.0, "DHSCLUST": 130.0, "URBAN_RURA": "R", "LATNUM": 11.090558, "LONGNUM": 14.068868, "ALT_GPS": 9999.0, "ADM1NAME": "EXTREME-NORD" }, "geometry": { "type": "Point", "coordinates": [ 14.068868, 11.090558 ] } },
{ "type": "Feature", "properties": { "DHSID": "CM201800000132", "DHSCC": "CM", "DHSYEAR": 2018.0, "DHSCLUST": 132.0, "URBAN_RURA": "U", "LATNUM": 2.393872, "LONGNUM": 11.27011, "ALT_GPS": 9999.0, "ADM1NAME": "SUD" }, "geometry": { "type": "Point", "coordinates": [ 11.27011, 2.393872 ] } },
{ "type": "Feature", "properties": { "DHSID": "CM201800000133", "DHSCC": "CM", "DHSYEAR": 2018.0, "DHSCLUST": 133.0, "URBAN_RURA": "U", "LATNUM": 3.822567, "LONGNUM": 11.471389, "ALT_GPS": 9999.0, "ADM1NAME": "YAOUNDE" }, "geometry": { "type": "Point", "coordinates": [ 11.471389, 3.822567 ] } },
{ "type": "Feature", "properties": { "DHSID": "CM201800000134", "DHSCC": "CM", "DHSYEAR": 2018.0, "DHSCLUST": 134.0, "URBAN_RURA": "R", "LATNUM": 9.820205, "LONGNUM": 13.876901, "ALT_GPS": 9999.0, "ADM1NAME": "NORD" }, "geometry": { "type": "Point", "coordinates": [ 13.876901, 9.820205 ] } },
{ "type": "Feature", "properties": { "DHSID": "CM201800000135", "DHSCC": "CM", "DHSYEAR": 2018.0, "DHSCLUST": 135.0, "URBAN_RURA": "R", "LATNUM": 10.793888, "LONGNUM": 13.865085, "ALT_GPS": 9999.0, "ADM1NAME": "EXTREME-NORD" }, "geometry": { "type": "Point", "coordinates": [ 13.865085, 10.793888 ] } },
{ "type": "Feature", "properties": { "DHSID": "CM201800000136", "DHSCC": "CM", "DHSYEAR": 2018.0, "DHSCLUST": 136.0, "URBAN_RURA": "U", "LATNUM": 11.169955, "LONGNUM": 14.028217, "ALT_GPS": 9999.0, "ADM1NAME": "EXTREME-NORD" }, "geometry": { "type": "Point", "coordinates": [ 14.028217, 11.169955 ] } },
{ "type": "Feature", "properties": { "DHSID": "CM201800000137", "DHSCC": "CM", "DHSYEAR": 2018.0, "DHSCLUST": 137.0, "URBAN_RURA": "R", "LATNUM": 10.247075, "LONGNUM": 14.828123, "ALT_GPS": 9999.0, "ADM1NAME": "EXTREME-NORD" }, "geometry": { "type": "Point", "coordinates": [ 14.828123, 10.247075 ] } },
{ "type": "Feature", "properties": { "DHSID": "CM201800000138", "DHSCC": "CM", "DHSYEAR": 2018.0, "DHSCLUST": 138.0, "URBAN_RURA": "U", "LATNUM": 4.158475, "LONGNUM": 9.256931, "ALT_GPS": 9999.0, "ADM1NAME": "SUD-OUEST" }, "geometry": { "type": "Point", "coordinates": [ 9.256931, 4.158475 ] } },
{ "type": "Feature", "properties": { "DHSID": "CM201800000140", "DHSCC": "CM", "DHSYEAR": 2018.0, "DHSCLUST": 140.0, "URBAN_RURA": "R", "LATNUM": 4.327967, "LONGNUM": 12.475313, "ALT_GPS": 9999.0, "ADM1NAME": "CENTRE" }, "geometry": { "type": "Point", "coordinates": [ 12.475313, 4.327967 ] } },
{ "type": "Feature", "properties": { "DHSID": "CM201800000141", "DHSCC": "CM", "DHSYEAR": 2018.0, "DHSCLUST": 141.0, "URBAN_RURA": "R", "LATNUM": 11.156257, "LONGNUM": 14.078265, "ALT_GPS": 9999.0, "ADM1NAME": "EXTREME-NORD" }, "geometry": { "type": "Point", "coordinates": [ 14.078265, 11.156257 ] } },
{ "type": "Feature", "properties": { "DHSID": "CM201800000143", "DHSCC": "CM", "DHSYEAR": 2018.0, "DHSCLUST": 143.0, "URBAN_RURA": "U", "LATNUM": 9.020506, "LONGNUM": 13.518951, "ALT_GPS": 9999.0, "ADM1NAME": "NORD" }, "geometry": { "type": "Point", "coordinates": [ 13.518951, 9.020506 ] } },
{ "type": "Feature", "properties": { "DHSID": "CM201800000144", "DHSCC": "CM", "DHSYEAR": 2018.0, "DHSCLUST": 144.0, "URBAN_RURA": "U", "LATNUM": 6.589667, "LONGNUM": 10.539598, "ALT_GPS": 9999.0, "ADM1NAME": "NORD-OUEST" }, "geometry": { "type": "Point", "coordinates": [ 10.539598, 6.589667 ] } },
{ "type": "Feature", "properties": { "DHSID": "CM201800000145", "DHSCC": "CM", "DHSYEAR": 2018.0, "DHSCLUST": 145.0, "URBAN_RURA": "R", "LATNUM": 4.958219, "LONGNUM": 9.961853, "ALT_GPS": 9999.0, "ADM1NAME": "LITTORAL" }, "geometry": { "type": "Point", "coordinates": [ 9.961853, 4.958219 ] } },
{ "type": "Feature", "properties": { "DHSID": "CM201800000146", "DHSCC": "CM", "DHSYEAR": 2018.0, "DHSCLUST": 146.0, "URBAN_RURA": "U", "LATNUM": 4.049476, "LONGNUM": 9.734015, "ALT_GPS": 9999.0, "ADM1NAME": "DOUALA" }, "geometry": { "type": "Point", "coordinates": [ 9.734015, 4.049476 ] } },
{ "type": "Feature", "properties": { "DHSID": "CM201800000147", "DHSCC": "CM", "DHSYEAR": 2018.0, "DHSCLUST": 147.0, "URBAN_RURA": "R", "LATNUM": 6.000152, "LONGNUM": 10.471114, "ALT_GPS": 9999.0, "ADM1NAME": "NORD-OUEST" }, "geometry": { "type": "Point", "coordinates": [ 10.471114, 6.000152 ] } },
{ "type": "Feature", "properties": { "DHSID": "CM201800000149", "DHSCC": "CM", "DHSYEAR": 2018.0, "DHSCLUST": 149.0, "URBAN_RURA": "U", "LATNUM": 3.872237, "LONGNUM": 11.543091, "ALT_GPS": 9999.0, "ADM1NAME": "YAOUNDE" }, "geometry": { "type": "Point", "coordinates": [ 11.543091, 3.872237 ] } },
{ "type": "Feature", "properties": { "DHSID": "CM201800000150", "DHSCC": "CM", "DHSYEAR": 2018.0, "DHSCLUST": 150.0, "URBAN_RURA": "R", "LATNUM": 4.671398, "LONGNUM": 14.590552, "ALT_GPS": 9999.0, "ADM1NAME": "EST" }, "geometry": { "type": "Point", "coordinates": [ 14.590552, 4.671398 ] } },
{ "type": "Feature", "properties": { "DHSID": "CM201800000151", "DHSCC": "CM", "DHSYEAR": 2018.0, "DHSCLUST": 151.0, "URBAN_RURA": "U", "LATNUM": 5.121192, "LONGNUM": 10.53356, "ALT_GPS": 9999.0, "ADM1NAME": "OUEST" }, "geometry": { "type": "Point", "coordinates": [ 10.53356, 5.121192 ] } },
{ "type": "Feature", "properties": { "DHSID": "CM201800000152", "DHSCC": "CM", "DHSYEAR": 2018.0, "DHSCLUST": 152.0, "URBAN_RURA": "U", "LATNUM": 4.661591, "LONGNUM": 12.390692, "ALT_GPS": 9999.0, "ADM1NAME": "CENTRE" }, "geometry": { "type": "Point", "coordinates": [ 12.390692, 4.661591 ] } },
{ "type": "Feature", "properties": { "DHSID": "CM201800000153", "DHSCC": "CM", "DHSYEAR": 2018.0, "DHSCLUST": 153.0, "URBAN_RURA": "U", "LATNUM": 4.044455, "LONGNUM": 9.715061, "ALT_GPS": 9999.0, "ADM1NAME": "DOUALA" }, "geometry": { "type": "Point", "coordinates": [ 9.715061, 4.044455 ] } },
{ "type": "Feature", "properties": { "DHSID": "CM201800000155", "DHSCC": "CM", "DHSYEAR": 2018.0, "DHSCLUST": 155.0, "URBAN_RURA": "U", "LATNUM": 4.09988, "LONGNUM": 11.878807, "ALT_GPS": 9999.0, "ADM1NAME": "CENTRE" }, "geometry": { "type": "Point", "coordinates": [ 11.878807, 4.09988 ] } },
{ "type": "Feature", "properties": { "DHSID": "CM201800000156", "DHSCC": "CM", "DHSYEAR": 2018.0, "DHSCLUST": 156.0, "URBAN_RURA": "U", "LATNUM": 4.077046, "LONGNUM": 9.657809, "ALT_GPS": 9999.0, "ADM1NAME": "DOUALA" }, "geometry": { "type": "Point", "coordinates": [ 9.657809, 4.077046 ] } },
{ "type": "Feature", "properties": { "DHSID": "CM201800000157", "DHSCC": "CM", "DHSYEAR": 2018.0, "DHSCLUST": 157.0, "URBAN_RURA": "R", "LATNUM": 9.908817, "LONGNUM": 14.167312, "ALT_GPS": 9999.0, "ADM1NAME": "NORD" }, "geometry": { "type": "Point", "coordinates": [ 14.167312, 9.908817 ] } },
{ "type": "Feature", "properties": { "DHSID": "CM201800000158", "DHSCC": "CM", "DHSYEAR": 2018.0, "DHSCLUST": 158.0, "URBAN_RURA": "U", "LATNUM": 7.296652, "LONGNUM": 13.601149, "ALT_GPS": 9999.0, "ADM1NAME": "ADAMAOUA" }, "geometry": { "type": "Point", "coordinates": [ 13.601149, 7.296652 ] } },
{ "type": "Feature", "properties": { "DHSID": "CM201800000159", "DHSCC": "CM", "DHSYEAR": 2018.0, "DHSCLUST": 159.0, "URBAN_RURA": "U", "LATNUM": 5.898702, "LONGNUM": 14.555931, "ALT_GPS": 9999.0, "ADM1NAME": "EST" }, "geometry": { "type": "Point", "coordinates": [ 14.555931, 5.898702 ] } },
{ "type": "Feature", "properties": { "DHSID": "CM201800000160", "DHSCC": "CM", "DHSYEAR": 2018.0, "DHSCLUST": 160.0, "URBAN_RURA": "U", "LATNUM": 5.490856, "LONGNUM": 10.411603, "ALT_GPS": 9999.0, "ADM1NAME": "OUEST" }, "geometry": { "type": "Point", "coordinates": [ 10.411603, 5.490856 ] } },
{ "type": "Feature", "properties": { "DHSID": "CM201800000161", "DHSCC": "CM", "DHSYEAR": 2018.0, "DHSCLUST": 161.0, "URBAN_RURA": "U", "LATNUM": 2.928655, "LONGNUM": 9.901703, "ALT_GPS": 9999.0, "ADM1NAME": "SUD" }, "geometry": { "type": "Point", "coordinates": [ 9.901703, 2.928655 ] } },
{ "type": "Feature", "properties": { "DHSID": "CM201800000162", "DHSCC": "CM", "DHSYEAR": 2018.0, "DHSCLUST": 162.0, "URBAN_RURA": "U", "LATNUM": 4.364153, "LONGNUM": 11.266164, "ALT_GPS": 9999.0, "ADM1NAME": "CENTRE" }, "geometry": { "type": "Point", "coordinates": [ 11.266164, 4.364153 ] } },
{ "type": "Feature", "properties": { "DHSID": "CM201800000163", "DHSCC": "CM", "DHSYEAR": 2018.0, "DHSCLUST": 163.0, "URBAN_RURA": "U", "LATNUM": 3.864014, "LONGNUM": 11.498376, "ALT_GPS": 9999.0, "ADM1NAME": "YAOUNDE" }, "geometry": { "type": "Point", "coordinates": [ 11.498376, 3.864014 ] } },
{ "type": "Feature", "properties": { "DHSID": "CM201800000164", "DHSCC": "CM", "DHSYEAR": 2018.0, "DHSCLUST": 164.0, "URBAN_RURA": "R", "LATNUM": 8.923251, "LONGNUM": 12.913197, "ALT_GPS": 9999.0, "ADM1NAME": "NORD" }, "geometry": { "type": "Point", "coordinates": [ 12.913197, 8.923251 ] } },
{ "type": "Feature", "properties": { "DHSID": "CM201800000165", "DHSCC": "CM", "DHSYEAR": 2018.0, "DHSCLUST": 165.0, "URBAN_RURA": "U", "LATNUM": 4.175107, "LONGNUM": 9.64448, "ALT_GPS": 9999.0, "ADM1NAME": "LITTORAL" }, "geometry": { "type": "Point", "coordinates": [ 9.64448, 4.175107 ] } },
{ "type": "Feature", "properties": { "DHSID": "CM201800000166", "DHSCC": "CM", "DHSYEAR": 2018.0, "DHSCLUST": 166.0, "URBAN_RURA": "R", "LATNUM": 8.994368, "LONGNUM": 13.755898, "ALT_GPS": 9999.0, "ADM1NAME": "NORD" }, "geometry": { "type": "Point", "coordinates": [ 13.755898, 8.994368 ] } },
{ "type": "Feature", "properties": { "DHSID": "CM201800000167", "DHSCC": "CM", "DHSYEAR": 2018.0, "DHSCLUST": 167.0, "URBAN_RURA": "U", "LATNUM": 4.0765, "LONGNUM": 9.745479, "ALT_GPS": 9999.0, "ADM1NAME": "DOUALA" }, "geometry": { "type": "Point", "coordinates": [ 9.745479, 4.0765 ] } },
{ "type": "Feature", "properties": { "DHSID": "CM201800000168", "DHSCC": "CM", "DHSYEAR": 2018.0, "DHSCLUST": 168.0, "URBAN_RURA": "U", "LATNUM": 7.371614, "LONGNUM": 12.661943, "ALT_GPS": 9999.0, "ADM1NAME": "ADAMAOUA" }, "geometry": { "type": "Point", "coordinates": [ 12.661943, 7.371614 ] } },
{ "type": "Feature", "properties": { "DHSID": "CM201800000169", "DHSCC": "CM", "DHSYEAR": 2018.0, "DHSCLUST": 169.0, "URBAN_RURA": "U", "LATNUM": 10.122273, "LONGNUM": 14.441903, "ALT_GPS": 9999.0, "ADM1NAME": "EXTREME-NORD" }, "geometry": { "type": "Point", "coordinates": [ 14.441903, 10.122273 ] } },
{ "type": "Feature", "properties": { "DHSID": "CM201800000170", "DHSCC": "CM", "DHSYEAR": 2018.0, "DHSCLUST": 170.0, "URBAN_RURA": "R", "LATNUM": 6.602356, "LONGNUM": 14.241201, "ALT_GPS": 9999.0, "ADM1NAME": "ADAMAOUA" }, "geometry": { "type": "Point", "coordinates": [ 14.241201, 6.602356 ] } },
{ "type": "Feature", "properties": { "DHSID": "CM201800000171", "DHSCC": "CM", "DHSYEAR": 2018.0, "DHSCLUST": 171.0, "URBAN_RURA": "R", "LATNUM": 6.211322, "LONGNUM": 14.049473, "ALT_GPS": 9999.0, "ADM1NAME": "ADAMAOUA" }, "geometry": { "type": "Point", "coordinates": [ 14.049473, 6.211322 ] } },
{ "type": "Feature", "properties": { "DHSID": "CM201800000172", "DHSCC": "CM", "DHSYEAR": 2018.0, "DHSCLUST": 172.0, "URBAN_RURA": "U", "LATNUM": 4.002358, "LONGNUM": 9.752529, "ALT_GPS": 9999.0, "ADM1NAME": "DOUALA" }, "geometry": { "type": "Point", "coordinates": [ 9.752529, 4.002358 ] } },
{ "type": "Feature", "properties": { "DHSID": "CM201800000174", "DHSCC": "CM", "DHSYEAR": 2018.0, "DHSCLUST": 174.0, "URBAN_RURA": "U", "LATNUM": 3.855104, "LONGNUM": 11.500002, "ALT_GPS": 9999.0, "ADM1NAME": "YAOUNDE" }, "geometry": { "type": "Point", "coordinates": [ 11.500002, 3.855104 ] } },
{ "type": "Feature", "properties": { "DHSID": "CM201800000175", "DHSCC": "CM", "DHSYEAR": 2018.0, "DHSCLUST": 175.0, "URBAN_RURA": "R", "LATNUM": 5.523277, "LONGNUM": 10.372335, "ALT_GPS": 9999.0, "ADM1NAME": "OUEST" }, "geometry": { "type": "Point", "coordinates": [ 10.372335, 5.523277 ] } },
{ "type": "Feature", "properties": { "DHSID": "CM201800000176", "DHSCC": "CM", "DHSYEAR": 2018.0, "DHSCLUST": 176.0, "URBAN_RURA": "U", "LATNUM": 9.358203, "LONGNUM": 13.396392, "ALT_GPS": 9999.0, "ADM1NAME": "NORD" }, "geometry": { "type": "Point", "coordinates": [ 13.396392, 9.358203 ] } },
{ "type": "Feature", "properties": { "DHSID": "CM201800000177", "DHSCC": "CM", "DHSYEAR": 2018.0, "DHSCLUST": 177.0, "URBAN_RURA": "U", "LATNUM": 7.047037, "LONGNUM": 14.444242, "ALT_GPS": 9999.0, "ADM1NAME": "ADAMAOUA" }, "geometry": { "type": "Point", "coordinates": [ 14.444242, 7.047037 ] } },
{ "type": "Feature", "properties": { "DHSID": "CM201800000178", "DHSCC": "CM", "DHSYEAR": 2018.0, "DHSCLUST": 178.0, "URBAN_RURA": "U", "LATNUM": 3.826691, "LONGNUM": 11.487964, "ALT_GPS": 9999.0, "ADM1NAME": "YAOUNDE" }, "geometry": { "type": "Point", "coordinates": [ 11.487964, 3.826691 ] } },
{ "type": "Feature", "properties": { "DHSID": "CM201800000179", "DHSCC": "CM", "DHSYEAR": 2018.0, "DHSCLUST": 179.0, "URBAN_RURA": "U", "LATNUM": 3.933296, "LONGNUM": 11.514344, "ALT_GPS": 9999.0, "ADM1NAME": "YAOUNDE" }, "geometry": { "type": "Point", "coordinates": [ 11.514344, 3.933296 ] } },
{ "type": "Feature", "properties": { "DHSID": "CM201800000180", "DHSCC": "CM", "DHSYEAR": 2018.0, "DHSCLUST": 180.0, "URBAN_RURA": "R", "LATNUM": 3.811437, "LONGNUM": 9.873705, "ALT_GPS": 9999.0, "ADM1NAME": "LITTORAL" }, "geometry": { "type": "Point", "coordinates": [ 9.873705, 3.811437 ] } },
{ "type": "Feature", "properties": { "DHSID": "CM201800000181", "DHSCC": "CM", "DHSYEAR": 2018.0, "DHSCLUST": 181.0, "URBAN_RURA": "R", "LATNUM": 10.440494, "LONGNUM": 14.19245, "ALT_GPS": 9999.0, "ADM1NAME": "EXTREME-NORD" }, "geometry": { "type": "Point", "coordinates": [ 14.19245, 10.440494 ] } },
{ "type": "Feature", "properties": { "DHSID": "CM201800000182", "DHSCC": "CM", "DHSYEAR": 2018.0, "DHSCLUST": 182.0, "URBAN_RURA": "U", "LATNUM": 9.311517, "LONGNUM": 13.865479, "ALT_GPS": 9999.0, "ADM1NAME": "NORD" }, "geometry": { "type": "Point", "coordinates": [ 13.865479, 9.311517 ] } },
{ "type": "Feature", "properties": { "DHSID": "CM201800000183", "DHSCC": "CM", "DHSYEAR": 2018.0, "DHSCLUST": 183.0, "URBAN_RURA": "R", "LATNUM": 4.615053, "LONGNUM": 13.650461, "ALT_GPS": 9999.0, "ADM1NAME": "EST" }, "geometry": { "type": "Point", "coordinates": [ 13.650461, 4.615053 ] } },
{ "type": "Feature", "properties": { "DHSID": "CM201800000184", "DHSCC": "CM", "DHSYEAR": 2018.0, "DHSCLUST": 184.0, "URBAN_RURA": "R", "LATNUM": 5.695101, "LONGNUM": 10.510703, "ALT_GPS": 9999.0, "ADM1NAME": "OUEST" }, "geometry": { "type": "Point", "coordinates": [ 10.510703, 5.695101 ] } },
{ "type": "Feature", "properties": { "DHSID": "CM201800000185", "DHSCC": "CM", "DHSYEAR": 2018.0, "DHSCLUST": 185.0, "URBAN_RURA": "U", "LATNUM": 5.487675, "LONGNUM": 10.425636, "ALT_GPS": 9999.0, "ADM1NAME": "OUEST" }, "geometry": { "type": "Point", "coordinates": [ 10.425636, 5.487675 ] } },
{ "type": "Feature", "properties": { "DHSID": "CM201800000186", "DHSCC": "CM", "DHSYEAR": 2018.0, "DHSCLUST": 186.0, "URBAN_RURA": "R", "LATNUM": 3.212389, "LONGNUM": 10.892616, "ALT_GPS": 9999.0, "ADM1NAME": "SUD" }, "geometry": { "type": "Point", "coordinates": [ 10.892616, 3.212389 ] } },
{ "type": "Feature", "properties": { "DHSID": "CM201800000187", "DHSCC": "CM", "DHSYEAR": 2018.0, "DHSCLUST": 187.0, "URBAN_RURA": "U", "LATNUM": 6.513643, "LONGNUM": 14.292898, "ALT_GPS": 9999.0, "ADM1NAME": "ADAMAOUA" }, "geometry": { "type": "Point", "coordinates": [ 14.292898, 6.513643 ] } },
{ "type": "Feature", "properties": { "DHSID": "CM201800000188", "DHSCC": "CM", "DHSYEAR": 2018.0, "DHSCLUST": 188.0, "URBAN_RURA": "U", "LATNUM": 4.038161, "LONGNUM": 9.729337, "ALT_GPS": 9999.0, "ADM1NAME": "DOUALA" }, "geometry": { "type": "Point", "coordinates": [ 9.729337, 4.038161 ] } },
{ "type": "Feature", "properties": { "DHSID": "CM201800000189", "DHSCC": "CM", "DHSYEAR": 2018.0, "DHSCLUST": 189.0, "URBAN_RURA": "U", "LATNUM": 2.9577, "LONGNUM": 9.93505, "ALT_GPS": 9999.0, "ADM1NAME": "SUD" }, "geometry": { "type": "Point", "coordinates": [ 9.93505, 2.9577 ] } },
{ "type": "Feature", "properties": { "DHSID": "CM201800000190", "DHSCC": "CM", "DHSYEAR": 2018.0, "DHSCLUST": 190.0, "URBAN_RURA": "U", "LATNUM": 10.593659, "LONGNUM": 14.333872, "ALT_GPS": 9999.0, "ADM1NAME": "EXTREME-NORD" }, "geometry": { "type": "Point", "coordinates": [ 14.333872, 10.593659 ] } },
{ "type": "Feature", "properties": { "DHSID": "CM201800000191", "DHSCC": "CM", "DHSYEAR": 2018.0, "DHSCLUST": 191.0, "URBAN_RURA": "U", "LATNUM": 4.060291, "LONGNUM": 9.7155, "ALT_GPS": 9999.0, "ADM1NAME": "DOUALA" }, "geometry": { "type": "Point", "coordinates": [ 9.7155, 4.060291 ] } },
{ "type": "Feature", "properties": { "DHSID": "CM201800000192", "DHSCC": "CM", "DHSYEAR": 2018.0, "DHSCLUST": 192.0, "URBAN_RURA": "U", "LATNUM": 3.912175, "LONGNUM": 11.515784, "ALT_GPS": 9999.0, "ADM1NAME": "YAOUNDE" }, "geometry": { "type": "Point", "coordinates": [ 11.515784, 3.912175 ] } },
{ "type": "Feature", "properties": { "DHSID": "CM201800000193", "DHSCC": "CM", "DHSYEAR": 2018.0, "DHSCLUST": 193.0, "URBAN_RURA": "U", "LATNUM": 7.304363, "LONGNUM": 13.570785, "ALT_GPS": 9999.0, "ADM1NAME": "ADAMAOUA" }, "geometry": { "type": "Point", "coordinates": [ 13.570785, 7.304363 ] } },
{ "type": "Feature", "properties": { "DHSID": "CM201800000194", "DHSCC": "CM", "DHSYEAR": 2018.0, "DHSCLUST": 194.0, "URBAN_RURA": "U", "LATNUM": 2.924169, "LONGNUM": 11.153523, "ALT_GPS": 9999.0, "ADM1NAME": "SUD" }, "geometry": { "type": "Point", "coordinates": [ 11.153523, 2.924169 ] } },
{ "type": "Feature", "properties": { "DHSID": "CM201800000195", "DHSCC": "CM", "DHSYEAR": 2018.0, "DHSCLUST": 195.0, "URBAN_RURA": "R", "LATNUM": 5.102806, "LONGNUM": 10.153263, "ALT_GPS": 9999.0, "ADM1NAME": "OUEST" }, "geometry": { "type": "Point", "coordinates": [ 10.153263, 5.102806 ] } },
{ "type": "Feature", "properties": { "DHSID": "CM201800000196", "DHSCC": "CM", "DHSYEAR": 2018.0, "DHSCLUST": 196.0, "URBAN_RURA": "U", "LATNUM": 3.791208, "LONGNUM": 11.530946, "ALT_GPS": 9999.0, "ADM1NAME": "YAOUNDE" }, "geometry": { "type": "Point", "coordinates": [ 11.530946, 3.791208 ] } },
{ "type": "Feature", "properties": { "DHSID": "CM201800000197", "DHSCC": "CM", "DHSYEAR": 2018.0, "DHSCLUST": 197.0, "URBAN_RURA": "U", "LATNUM": 3.90454, "LONGNUM": 11.544563, "ALT_GPS": 9999.0, "ADM1NAME": "YAOUNDE" }, "geometry": { "type": "Point", "coordinates": [ 11.544563, 3.90454 ] } },
{ "type": "Feature", "properties": { "DHSID": "CM201800000199", "DHSCC": "CM", "DHSYEAR": 2018.0, "DHSCLUST": 199.0, "URBAN_RURA": "R", "LATNUM": 5.689031, "LONGNUM": 10.798379, "ALT_GPS": 9999.0, "ADM1NAME": "OUEST" }, "geometry": { "type": "Point", "coordinates": [ 10.798379, 5.689031 ] } },
{ "type": "Feature", "properties": { "DHSID": "CM201800000200", "DHSCC": "CM", "DHSYEAR": 2018.0, "DHSCLUST": 200.0, "URBAN_RURA": "R", "LATNUM": 6.04925, "LONGNUM": 14.404377, "ALT_GPS": 9999.0, "ADM1NAME": "EST" }, "geometry": { "type": "Point", "coordinates": [ 14.404377, 6.04925 ] } },
{ "type": "Feature", "properties": { "DHSID": "CM201800000201", "DHSCC": "CM", "DHSYEAR": 2018.0, "DHSCLUST": 201.0, "URBAN_RURA": "U", "LATNUM": 9.051264, "LONGNUM": 12.886105, "ALT_GPS": 9999.0, "ADM1NAME": "NORD" }, "geometry": { "type": "Point", "coordinates": [ 12.886105, 9.051264 ] } },
{ "type": "Feature", "properties": { "DHSID": "CM201800000202", "DHSCC": "CM", "DHSYEAR": 2018.0, "DHSCLUST": 202.0, "URBAN_RURA": "U", "LATNUM": 4.06244, "LONGNUM": 9.762829, "ALT_GPS": 9999.0, "ADM1NAME": "DOUALA" }, "geometry": { "type": "Point", "coordinates": [ 9.762829, 4.06244 ] } },
{ "type": "Feature", "properties": { "DHSID": "CM201800000203", "DHSCC": "CM", "DHSYEAR": 2018.0, "DHSCLUST": 203.0, "URBAN_RURA": "R", "LATNUM": 8.521785, "LONGNUM": 13.577346, "ALT_GPS": 9999.0, "ADM1NAME": "NORD" }, "geometry": { "type": "Point", "coordinates": [ 13.577346, 8.521785 ] } },
{ "type": "Feature", "properties": { "DHSID": "CM201800000204", "DHSCC": "CM", "DHSYEAR": 2018.0, "DHSCLUST": 204.0, "URBAN_RURA": "U", "LATNUM": 4.721238, "LONGNUM": 9.753882, "ALT_GPS": 9999.0, "ADM1NAME": "LITTORAL" }, "geometry": { "type": "Point", "coordinates": [ 9.753882, 4.721238 ] } },
{ "type": "Feature", "properties": { "DHSID": "CM201800000205", "DHSCC": "CM", "DHSYEAR": 2018.0, "DHSCLUST": 205.0, "URBAN_RURA": "R", "LATNUM": 6.224822, "LONGNUM": 10.481198, "ALT_GPS": 9999.0, "ADM1NAME": "NORD-OUEST" }, "geometry": { "type": "Point", "coordinates": [ 10.481198, 6.224822 ] } },
{ "type": "Feature", "properties": { "DHSID": "CM201800000206", "DHSCC": "CM", "DHSYEAR": 2018.0, "DHSCLUST": 206.0, "URBAN_RURA": "U", "LATNUM": 4.444582, "LONGNUM": 14.345481, "ALT_GPS": 9999.0, "ADM1NAME": "EST" }, "geometry": { "type": "Point", "coordinates": [ 14.345481, 4.444582 ] } },
{ "type": "Feature", "properties": { "DHSID": "CM201800000208", "DHSCC": "CM", "DHSYEAR": 2018.0, "DHSCLUST": 208.0, "URBAN_RURA": "R", "LATNUM": 5.88523, "LONGNUM": 10.14991, "ALT_GPS": 9999.0, "ADM1NAME": "NORD-OUEST" }, "geometry": { "type": "Point", "coordinates": [ 10.14991, 5.88523 ] } },
{ "type": "Feature", "properties": { "DHSID": "CM201800000209", "DHSCC": "CM", "DHSYEAR": 2018.0, "DHSCLUST": 209.0, "URBAN_RURA": "R", "LATNUM": 9.592743, "LONGNUM": 13.803418, "ALT_GPS": 9999.0, "ADM1NAME": "NORD" }, "geometry": { "type": "Point", "coordinates": [ 13.803418, 9.592743 ] } },
{ "type": "Feature", "properties": { "DHSID": "CM201800000210", "DHSCC": "CM", "DHSYEAR": 2018.0, "DHSCLUST": 210.0, "URBAN_RURA": "R", "LATNUM": 5.266663, "LONGNUM": 10.008739, "ALT_GPS": 9999.0, "ADM1NAME": "OUEST" }, "geometry": { "type": "Point", "coordinates": [ 10.008739, 5.266663 ] } },
{ "type": "Feature", "properties": { "DHSID": "CM201800000211", "DHSCC": "CM", "DHSYEAR": 2018.0, "DHSCLUST": 211.0, "URBAN_RURA": "U", "LATNUM": 3.980686, "LONGNUM": 11.580446, "ALT_GPS": 9999.0, "ADM1NAME": "CENTRE" }, "geometry": { "type": "Point", "coordinates": [ 11.580446, 3.980686 ] } },
{ "type": "Feature", "properties": { "DHSID": "CM201800000212", "DHSCC": "CM", "DHSYEAR": 2018.0, "DHSCLUST": 212.0, "URBAN_RURA": "R", "LATNUM": 10.802513, "LONGNUM": 14.457951, "ALT_GPS": 9999.0, "ADM1NAME": "EXTREME-NORD" }, "geometry": { "type": "Point", "coordinates": [ 14.457951, 10.802513 ] } },
{ "type": "Feature", "properties": { "DHSID": "CM201800000213", "DHSCC": "CM", "DHSYEAR": 2018.0, "DHSCLUST": 213.0, "URBAN_RURA": "U", "LATNUM": 3.840818, "LONGNUM": 11.492349, "ALT_GPS": 9999.0, "ADM1NAME": "YAOUNDE" }, "geometry": { "type": "Point", "coordinates": [ 11.492349, 3.840818 ] } },
{ "type": "Feature", "properties": { "DHSID": "CM201800000214", "DHSCC": "CM", "DHSYEAR": 2018.0, "DHSCLUST": 214.0, "URBAN_RURA": "U", "LATNUM": 3.892234, "LONGNUM": 11.493676, "ALT_GPS": 9999.0, "ADM1NAME": "YAOUNDE" }, "geometry": { "type": "Point", "coordinates": [ 11.493676, 3.892234 ] } },
{ "type": "Feature", "properties": { "DHSID": "CM201800000215", "DHSCC": "CM", "DHSYEAR": 2018.0, "DHSCLUST": 215.0, "URBAN_RURA": "R", "LATNUM": 11.228243, "LONGNUM": 15.005342, "ALT_GPS": 9999.0, "ADM1NAME": "EXTREME-NORD" }, "geometry": { "type": "Point", "coordinates": [ 15.005342, 11.228243 ] } },
{ "type": "Feature", "properties": { "DHSID": "CM201800000216", "DHSCC": "CM", "DHSYEAR": 2018.0, "DHSCLUST": 216.0, "URBAN_RURA": "R", "LATNUM": 9.389191, "LONGNUM": 13.645008, "ALT_GPS": 9999.0, "ADM1NAME": "NORD" }, "geometry": { "type": "Point", "coordinates": [ 13.645008, 9.389191 ] } },
{ "type": "Feature", "properties": { "DHSID": "CM201800000217", "DHSCC": "CM", "DHSYEAR": 2018.0, "DHSCLUST": 217.0, "URBAN_RURA": "R", "LATNUM": 12.008758, "LONGNUM": 14.936906, "ALT_GPS": 9999.0, "ADM1NAME": "EXTREME-NORD" }, "geometry": { "type": "Point", "coordinates": [ 14.936906, 12.008758 ] } },
{ "type": "Feature", "properties": { "DHSID": "CM201800000218", "DHSCC": "CM", "DHSYEAR": 2018.0, "DHSCLUST": 218.0, "URBAN_RURA": "U", "LATNUM": 4.008819, "LONGNUM": 9.210987, "ALT_GPS": 9999.0, "ADM1NAME": "SUD-OUEST" }, "geometry": { "type": "Point", "coordinates": [ 9.210987, 4.008819 ] } },
{ "type": "Feature", "properties": { "DHSID": "CM201800000219", "DHSCC": "CM", "DHSYEAR": 2018.0, "DHSCLUST": 219.0, "URBAN_RURA": "R", "LATNUM": 12.350074, "LONGNUM": 14.567903, "ALT_GPS": 9999.0, "ADM1NAME": "EXTREME-NORD" }, "geometry": { "type": "Point", "coordinates": [ 14.567903, 12.350074 ] } },
{ "type": "Feature", "properties": { "DHSID": "CM201800000221", "DHSCC": "CM", "DHSYEAR": 2018.0, "DHSCLUST": 221.0, "URBAN_RURA": "R", "LATNUM": 2.683214, "LONGNUM": 10.159126, "ALT_GPS": 9999.0, "ADM1NAME": "SUD" }, "geometry": { "type": "Point", "coordinates": [ 10.159126, 2.683214 ] } },
{ "type": "Feature", "properties": { "DHSID": "CM201800000222", "DHSCC": "CM", "DHSYEAR": 2018.0, "DHSCLUST": 222.0, "URBAN_RURA": "U", "LATNUM": 5.973862, "LONGNUM": 10.186738, "ALT_GPS": 9999.0, "ADM1NAME": "NORD-OUEST" }, "geometry": { "type": "Point", "coordinates": [ 10.186738, 5.973862 ] } },
{ "type": "Feature", "properties": { "DHSID": "CM201800000223", "DHSCC": "CM", "DHSYEAR": 2018.0, "DHSCLUST": 223.0, "URBAN_RURA": "U", "LATNUM": 3.780221, "LONGNUM": 12.253642, "ALT_GPS": 9999.0, "ADM1NAME": "CENTRE" }, "geometry": { "type": "Point", "coordinates": [ 12.253642, 3.780221 ] } },
{ "type": "Feature", "properties": { "DHSID": "CM201800000224", "DHSCC": "CM", "DHSYEAR": 2018.0, "DHSCLUST": 224.0, "URBAN_RURA": "R", "LATNUM": 6.36364, "LONGNUM": 10.81674, "ALT_GPS": 9999.0, "ADM1NAME": "NORD-OUEST" }, "geometry": { "type": "Point", "coordinates": [ 10.81674, 6.36364 ] } },
{ "type": "Feature", "properties": { "DHSID": "CM201800000225", "DHSCC": "CM", "DHSYEAR": 2018.0, "DHSCLUST": 225.0, "URBAN_RURA": "U", "LATNUM": 4.048607, "LONGNUM": 9.75748, "ALT_GPS": 9999.0, "ADM1NAME": "DOUALA" }, "geometry": { "type": "Point", "coordinates": [ 9.75748, 4.048607 ] } },
{ "type": "Feature", "properties": { "DHSID": "CM201800000226", "DHSCC": "CM", "DHSYEAR": 2018.0, "DHSCLUST": 226.0, "URBAN_RURA": "U", "LATNUM": 5.966482, "LONGNUM": 10.146072, "ALT_GPS": 9999.0, "ADM1NAME": "NORD-OUEST" }, "geometry": { "type": "Point", "coordinates": [ 10.146072, 5.966482 ] } },
{ "type": "Feature", "properties": { "DHSID": "CM201800000227", "DHSCC": "CM", "DHSYEAR": 2018.0, "DHSCLUST": 227.0, "URBAN_RURA": "U", "LATNUM": 5.729299, "LONGNUM": 10.923544, "ALT_GPS": 9999.0, "ADM1NAME": "OUEST" }, "geometry": { "type": "Point", "coordinates": [ 10.923544, 5.729299 ] } },
{ "type": "Feature", "properties": { "DHSID": "CM201800000228", "DHSCC": "CM", "DHSYEAR": 2018.0, "DHSCLUST": 228.0, "URBAN_RURA": "R", "LATNUM": 3.482346, "LONGNUM": 15.37573, "ALT_GPS": 9999.0, "ADM1NAME": "EST" }, "geometry": { "type": "Point", "coordinates": [ 15.37573, 3.482346 ] } },
{ "type": "Feature", "properties": { "DHSID": "CM201800000229", "DHSCC": "CM", "DHSYEAR": 2018.0, "DHSCLUST": 229.0, "URBAN_RURA": "U", "LATNUM": 3.974691, "LONGNUM": 11.59446, "ALT_GPS": 9999.0, "ADM1NAME": "CENTRE" }, "geometry": { "type": "Point", "coordinates": [ 11.59446, 3.974691 ] } },
{ "type": "Feature", "properties": { "DHSID": "CM201800000230", "DHSCC": "CM", "DHSYEAR": 2018.0, "DHSCLUST": 230.0, "URBAN_RURA": "R", "LATNUM": 9.528184, "LONGNUM": 14.088293, "ALT_GPS": 9999.0, "ADM1NAME": "NORD" }, "geometry": { "type": "Point", "coordinates": [ 14.088293, 9.528184 ] } },
{ "type": "Feature", "properties": { "DHSID": "CM201800000231", "DHSCC": "CM", "DHSYEAR": 2018.0, "DHSCLUST": 231.0, "URBAN_RURA": "U", "LATNUM": 4.039842, "LONGNUM": 14.942563, "ALT_GPS": 9999.0, "ADM1NAME": "EST" }, "geometry": { "type": "Point", "coordinates": [ 14.942563, 4.039842 ] } },
{ "type": "Feature", "properties": { "DHSID": "CM201800000232", "DHSCC": "CM", "DHSYEAR": 2018.0, "DHSCLUST": 232.0, "URBAN_RURA": "U", "LATNUM": 4.049518, "LONGNUM": 9.755922, "ALT_GPS": 9999.0, "ADM1NAME": "DOUALA" }, "geometry": { "type": "Point", "coordinates": [ 9.755922, 4.049518 ] } },
{ "type": "Feature", "properties": { "DHSID": "CM201800000233", "DHSCC": "CM", "DHSYEAR": 2018.0, "DHSCLUST": 233.0, "URBAN_RURA": "U", "LATNUM": 3.882801, "LONGNUM": 11.501972, "ALT_GPS": 9999.0, "ADM1NAME": "YAOUNDE" }, "geometry": { "type": "Point", "coordinates": [ 11.501972, 3.882801 ] } },
{ "type": "Feature", "properties": { "DHSID": "CM201800000234", "DHSCC": "CM", "DHSYEAR": 2018.0, "DHSCLUST": 234.0, "URBAN_RURA": "U", "LATNUM": 5.443401, "LONGNUM": 10.067166, "ALT_GPS": 9999.0, "ADM1NAME": "OUEST" }, "geometry": { "type": "Point", "coordinates": [ 10.067166, 5.443401 ] } },
{ "type": "Feature", "properties": { "DHSID": "CM201800000235", "DHSCC": "CM", "DHSYEAR": 2018.0, "DHSCLUST": 235.0, "URBAN_RURA": "R", "LATNUM": 4.182978, "LONGNUM": 11.270601, "ALT_GPS": 9999.0, "ADM1NAME": "CENTRE" }, "geometry": { "type": "Point", "coordinates": [ 11.270601, 4.182978 ] } },
{ "type": "Feature", "properties": { "DHSID": "CM201800000236", "DHSCC": "CM", "DHSYEAR": 2018.0, "DHSCLUST": 236.0, "URBAN_RURA": "U", "LATNUM": 7.321591, "LONGNUM": 13.592723, "ALT_GPS": 9999.0, "ADM1NAME": "ADAMAOUA" }, "geometry": { "type": "Point", "coordinates": [ 13.592723, 7.321591 ] } },
{ "type": "Feature", "properties": { "DHSID": "CM201800000237", "DHSCC": "CM", "DHSYEAR": 2018.0, "DHSCLUST": 237.0, "URBAN_RURA": "U", "LATNUM": 3.495432, "LONGNUM": 11.49984, "ALT_GPS": 9999.0, "ADM1NAME": "CENTRE" }, "geometry": { "type": "Point", "coordinates": [ 11.49984, 3.495432 ] } },
{ "type": "Feature", "properties": { "DHSID": "CM201800000238", "DHSCC": "CM", "DHSYEAR": 2018.0, "DHSCLUST": 238.0, "URBAN_RURA": "R", "LATNUM": 3.868816, "LONGNUM": 10.625104, "ALT_GPS": 9999.0, "ADM1NAME": "LITTORAL" }, "geometry": { "type": "Point", "coordinates": [ 10.625104, 3.868816 ] } },
{ "type": "Feature", "properties": { "DHSID": "CM201800000239", "DHSCC": "CM", "DHSYEAR": 2018.0, "DHSCLUST": 239.0, "URBAN_RURA": "U", "LATNUM": 3.889382, "LONGNUM": 11.529296, "ALT_GPS": 9999.0, "ADM1NAME": "YAOUNDE" }, "geometry": { "type": "Point", "coordinates": [ 11.529296, 3.889382 ] } },
{ "type": "Feature", "properties": { "DHSID": "CM201800000240", "DHSCC": "CM", "DHSYEAR": 2018.0, "DHSCLUST": 240.0, "URBAN_RURA": "R", "LATNUM": 3.231527, "LONGNUM": 11.458611, "ALT_GPS": 9999.0, "ADM1NAME": "CENTRE" }, "geometry": { "type": "Point", "coordinates": [ 11.458611, 3.231527 ] } },
{ "type": "Feature", "properties": { "DHSID": "CM201800000241", "DHSCC": "CM", "DHSYEAR": 2018.0, "DHSCLUST": 241.0, "URBAN_RURA": "R", "LATNUM": 4.797348, "LONGNUM": 13.797686, "ALT_GPS": 9999.0, "ADM1NAME": "EST" }, "geometry": { "type": "Point", "coordinates": [ 13.797686, 4.797348 ] } },
{ "type": "Feature", "properties": { "DHSID": "CM201800000242", "DHSCC": "CM", "DHSYEAR": 2018.0, "DHSCLUST": 242.0, "URBAN_RURA": "U", "LATNUM": 5.968257, "LONGNUM": 10.14224, "ALT_GPS": 9999.0, "ADM1NAME": "NORD-OUEST" }, "geometry": { "type": "Point", "coordinates": [ 10.14224, 5.968257 ] } },
{ "type": "Feature", "properties": { "DHSID": "CM201800000243", "DHSCC": "CM", "DHSYEAR": 2018.0, "DHSCLUST": 243.0, "URBAN_RURA": "U", "LATNUM": 5.401531, "LONGNUM": 10.400136, "ALT_GPS": 9999.0, "ADM1NAME": "OUEST" }, "geometry": { "type": "Point", "coordinates": [ 10.400136, 5.401531 ] } },
{ "type": "Feature", "properties": { "DHSID": "CM201800000245", "DHSCC": "CM", "DHSYEAR": 2018.0, "DHSCLUST": 245.0, "URBAN_RURA": "R", "LATNUM": 5.621171, "LONGNUM": 10.31407, "ALT_GPS": 9999.0, "ADM1NAME": "OUEST" }, "geometry": { "type": "Point", "coordinates": [ 10.31407, 5.621171 ] } },
{ "type": "Feature", "properties": { "DHSID": "CM201800000246", "DHSCC": "CM", "DHSYEAR": 2018.0, "DHSCLUST": 246.0, "URBAN_RURA": "U", "LATNUM": 4.011315, "LONGNUM": 9.74161, "ALT_GPS": 9999.0, "ADM1NAME": "DOUALA" }, "geometry": { "type": "Point", "coordinates": [ 9.74161, 4.011315 ] } },
{ "type": "Feature", "properties": { "DHSID": "CM201800000247", "DHSCC": "CM", "DHSYEAR": 2018.0, "DHSCLUST": 247.0, "URBAN_RURA": "U", "LATNUM": 3.804359, "LONGNUM": 10.146854, "ALT_GPS": 9999.0, "ADM1NAME": "LITTORAL" }, "geometry": { "type": "Point", "coordinates": [ 10.146854, 3.804359 ] } },
{ "type": "Feature", "properties": { "DHSID": "CM201800000248", "DHSCC": "CM", "DHSYEAR": 2018.0, "DHSCLUST": 248.0, "URBAN_RURA": "R", "LATNUM": 4.544659, "LONGNUM": 11.426389, "ALT_GPS": 9999.0, "ADM1NAME": "CENTRE" }, "geometry": { "type": "Point", "coordinates": [ 11.426389, 4.544659 ] } },
{ "type": "Feature", "properties": { "DHSID": "CM201800000249", "DHSCC": "CM", "DHSYEAR": 2018.0, "DHSCLUST": 249.0, "URBAN_RURA": "R", "LATNUM": 4.648186, "LONGNUM": 11.305489, "ALT_GPS": 9999.0, "ADM1NAME": "CENTRE" }, "geometry": { "type": "Point", "coordinates": [ 11.305489, 4.648186 ] } },
{ "type": "Feature", "properties": { "DHSID": "CM201800000250", "DHSCC": "CM", "DHSYEAR": 2018.0, "DHSCLUST": 250.0, "URBAN_RURA": "U", "LATNUM": 4.058066, "LONGNUM": 9.734137, "ALT_GPS": 9999.0, "ADM1NAME": "DOUALA" }, "geometry": { "type": "Point", "coordinates": [ 9.734137, 4.058066 ] } },
{ "type": "Feature", "properties": { "DHSID": "CM201800000252", "DHSCC": "CM", "DHSYEAR": 2018.0, "DHSCLUST": 252.0, "URBAN_RURA": "R", "LATNUM": 10.886332, "LONGNUM": 14.161125, "ALT_GPS": 9999.0, "ADM1NAME": "EXTREME-NORD" }, "geometry": { "type": "Point", "coordinates": [ 14.161125, 10.886332 ] } },
{ "type": "Feature", "properties": { "DHSID": "CM201800000253", "DHSCC": "CM", "DHSYEAR": 2018.0, "DHSCLUST": 253.0, "URBAN_RURA": "R", "LATNUM": 7.327178, "LONGNUM": 12.514955, "ALT_GPS": 9999.0, "ADM1NAME": "ADAMAOUA" }, "geometry": { "type": "Point", "coordinates": [ 12.514955, 7.327178 ] } },
{ "type": "Feature", "properties": { "DHSID": "CM201800000254", "DHSCC": "CM", "DHSYEAR": 2018.0, "DHSCLUST": 254.0, "URBAN_RURA": "U", "LATNUM": 9.392016, "LONGNUM": 13.512054, "ALT_GPS": 9999.0, "ADM1NAME": "NORD" }, "geometry": { "type": "Point", "coordinates": [ 13.512054, 9.392016 ] } },
{ "type": "Feature", "properties": { "DHSID": "CM201800000255", "DHSCC": "CM", "DHSYEAR": 2018.0, "DHSCLUST": 255.0, "URBAN_RURA": "U", "LATNUM": 2.930356, "LONGNUM": 11.973429, "ALT_GPS": 9999.0, "ADM1NAME": "SUD" }, "geometry": { "type": "Point", "coordinates": [ 11.973429, 2.930356 ] } },
{ "type": "Feature", "properties": { "DHSID": "CM201800000256", "DHSCC": "CM", "DHSYEAR": 2018.0, "DHSCLUST": 256.0, "URBAN_RURA": "U", "LATNUM": 6.228924, "LONGNUM": 10.661245, "ALT_GPS": 9999.0, "ADM1NAME": "NORD-OUEST" }, "geometry": { "type": "Point", "coordinates": [ 10.661245, 6.228924 ] } },
{ "type": "Feature", "properties": { "DHSID": "CM201800000257", "DHSCC": "CM", "DHSYEAR": 2018.0, "DHSCLUST": 257.0, "URBAN_RURA": "R", "LATNUM": 2.57845, "LONGNUM": 10.872576, "ALT_GPS": 9999.0, "ADM1NAME": "SUD" }, "geometry": { "type": "Point", "coordinates": [ 10.872576, 2.57845 ] } },
{ "type": "Feature", "properties": { "DHSID": "CM201800000258", "DHSCC": "CM", "DHSYEAR": 2018.0, "DHSCLUST": 258.0, "URBAN_RURA": "U", "LATNUM": 3.778154, "LONGNUM": 10.130628, "ALT_GPS": 9999.0, "ADM1NAME": "LITTORAL" }, "geometry": { "type": "Point", "coordinates": [ 10.130628, 3.778154 ] } },
{ "type": "Feature", "properties": { "DHSID": "CM201800000260", "DHSCC": "CM", "DHSYEAR": 2018.0, "DHSCLUST": 260.0, "URBAN_RURA": "U", "LATNUM": 4.432267, "LONGNUM": 14.370071, "ALT_GPS": 9999.0, "ADM1NAME": "EST" }, "geometry": { "type": "Point", "coordinates": [ 14.370071, 4.432267 ] } },
{ "type": "Feature", "properties": { "DHSID": "CM201800000261", "DHSCC": "CM", "DHSYEAR": 2018.0, "DHSCLUST": 261.0, "URBAN_RURA": "R", "LATNUM": 4.667212, "LONGNUM": 9.707137, "ALT_GPS": 9999.0, "ADM1NAME": "LITTORAL" }, "geometry": { "type": "Point", "coordinates": [ 9.707137, 4.667212 ] } },
{ "type": "Feature", "properties": { "DHSID": "CM201800000262", "DHSCC": "CM", "DHSYEAR": 2018.0, "DHSCLUST": 262.0, "URBAN_RURA": "U", "LATNUM": 2.375466, "LONGNUM": 9.82266, "ALT_GPS": 9999.0, "ADM1NAME": "SUD" }, "geometry": { "type": "Point", "coordinates": [ 9.82266, 2.375466 ] } },
{ "type": "Feature", "properties": { "DHSID": "CM201800000263", "DHSCC": "CM", "DHSYEAR": 2018.0, "DHSCLUST": 263.0, "URBAN_RURA": "U", "LATNUM": 2.942071, "LONGNUM": 11.989681, "ALT_GPS": 9999.0, "ADM1NAME": "SUD" }, "geometry": { "type": "Point", "coordinates": [ 11.989681, 2.942071 ] } },
{ "type": "Feature", "properties": { "DHSID": "CM201800000264", "DHSCC": "CM", "DHSYEAR": 2018.0, "DHSCLUST": 264.0, "URBAN_RURA": "R", "LATNUM": 2.92118, "LONGNUM": 11.35732, "ALT_GPS": 9999.0, "ADM1NAME": "SUD" }, "geometry": { "type": "Point", "coordinates": [ 11.35732, 2.92118 ] } },
{ "type": "Feature", "properties": { "DHSID": "CM201800000265", "DHSCC": "CM", "DHSYEAR": 2018.0, "DHSCLUST": 265.0, "URBAN_RURA": "U", "LATNUM": 4.862767, "LONGNUM": 9.832932, "ALT_GPS": 9999.0, "ADM1NAME": "LITTORAL" }, "geometry": { "type": "Point", "coordinates": [ 9.832932, 4.862767 ] } },
{ "type": "Feature", "properties": { "DHSID": "CM201800000266", "DHSCC": "CM", "DHSYEAR": 2018.0, "DHSCLUST": 266.0, "URBAN_RURA": "R", "LATNUM": 6.910571, "LONGNUM": 10.614926, "ALT_GPS": 9999.0, "ADM1NAME": "NORD-OUEST" }, "geometry": { "type": "Point", "coordinates": [ 10.614926, 6.910571 ] } },
{ "type": "Feature", "properties": { "DHSID": "CM201800000267", "DHSCC": "CM", "DHSYEAR": 2018.0, "DHSCLUST": 267.0, "URBAN_RURA": "R", "LATNUM": 10.1799, "LONGNUM": 14.929782, "ALT_GPS": 9999.0, "ADM1NAME": "EXTREME-NORD" }, "geometry": { "type": "Point", "coordinates": [ 14.929782, 10.1799 ] } },
{ "type": "Feature", "properties": { "DHSID": "CM201800000268", "DHSCC": "CM", "DHSYEAR": 2018.0, "DHSCLUST": 268.0, "URBAN_RURA": "U", "LATNUM": 5.152931, "LONGNUM": 10.178126, "ALT_GPS": 9999.0, "ADM1NAME": "OUEST" }, "geometry": { "type": "Point", "coordinates": [ 10.178126, 5.152931 ] } },
{ "type": "Feature", "properties": { "DHSID": "CM201800000269", "DHSCC": "CM", "DHSYEAR": 2018.0, "DHSCLUST": 269.0, "URBAN_RURA": "R", "LATNUM": 6.989541, "LONGNUM": 11.685156, "ALT_GPS": 9999.0, "ADM1NAME": "ADAMAOUA" }, "geometry": { "type": "Point", "coordinates": [ 11.685156, 6.989541 ] } },
{ "type": "Feature", "properties": { "DHSID": "CM201800000270", "DHSCC": "CM", "DHSYEAR": 2018.0, "DHSCLUST": 270.0, "URBAN_RURA": "U", "LATNUM": 4.066957, "LONGNUM": 9.726097, "ALT_GPS": 9999.0, "ADM1NAME": "DOUALA" }, "geometry": { "type": "Point", "coordinates": [ 9.726097, 4.066957 ] } },
{ "type": "Feature", "properties": { "DHSID": "CM201800000271", "DHSCC": "CM", "DHSYEAR": 2018.0, "DHSCLUST": 271.0, "URBAN_RURA": "R", "LATNUM": 10.448001, "LONGNUM": 13.606848, "ALT_GPS": 9999.0, "ADM1NAME": "EXTREME-NORD" }, "geometry": { "type": "Point", "coordinates": [ 13.606848, 10.448001 ] } },
{ "type": "Feature", "properties": { "DHSID": "CM201800000272", "DHSCC": "CM", "DHSYEAR": 2018.0, "DHSCLUST": 272.0, "URBAN_RURA": "U", "LATNUM": 3.836988, "LONGNUM": 11.495455, "ALT_GPS": 9999.0, "ADM1NAME": "YAOUNDE" }, "geometry": { "type": "Point", "coordinates": [ 11.495455, 3.836988 ] } },
{ "type": "Feature", "properties": { "DHSID": "CM201800000273", "DHSCC": "CM", "DHSYEAR": 2018.0, "DHSCLUST": 273.0, "URBAN_RURA": "U", "LATNUM": 5.499329, "LONGNUM": 10.398431, "ALT_GPS": 9999.0, "ADM1NAME": "OUEST" }, "geometry": { "type": "Point", "coordinates": [ 10.398431, 5.499329 ] } },
{ "type": "Feature", "properties": { "DHSID": "CM201800000274", "DHSCC": "CM", "DHSYEAR": 2018.0, "DHSCLUST": 274.0, "URBAN_RURA": "R", "LATNUM": 3.68908, "LONGNUM": 11.38921, "ALT_GPS": 9999.0, "ADM1NAME": "CENTRE" }, "geometry": { "type": "Point", "coordinates": [ 11.38921, 3.68908 ] } },
{ "type": "Feature", "properties": { "DHSID": "CM201800000275", "DHSCC": "CM", "DHSYEAR": 2018.0, "DHSCLUST": 275.0, "URBAN_RURA": "R", "LATNUM": 4.709465, "LONGNUM": 9.884909, "ALT_GPS": 9999.0, "ADM1NAME": "LITTORAL" }, "geometry": { "type": "Point", "coordinates": [ 9.884909, 4.709465 ] } },
{ "type": "Feature", "properties": { "DHSID": "CM201800000276", "DHSCC": "CM", "DHSYEAR": 2018.0, "DHSCLUST": 276.0, "URBAN_RURA": "R", "LATNUM": 7.796327, "LONGNUM": 12.404241, "ALT_GPS": 9999.0, "ADM1NAME": "ADAMAOUA" }, "geometry": { "type": "Point", "coordinates": [ 12.404241, 7.796327 ] } },
{ "type": "Feature", "properties": { "DHSID": "CM201800000277", "DHSCC": "CM", "DHSYEAR": 2018.0, "DHSCLUST": 277.0, "URBAN_RURA": "R", "LATNUM": 4.300911, "LONGNUM": 14.602434, "ALT_GPS": 9999.0, "ADM1NAME": "EST" }, "geometry": { "type": "Point", "coordinates": [ 14.602434, 4.300911 ] } },
{ "type": "Feature", "properties": { "DHSID": "CM201800000278", "DHSCC": "CM", "DHSYEAR": 2018.0, "DHSCLUST": 278.0, "URBAN_RURA": "R", "LATNUM": 10.329202, "LONGNUM": 13.778282, "ALT_GPS": 9999.0, "ADM1NAME": "EXTREME-NORD" }, "geometry": { "type": "Point", "coordinates": [ 13.778282, 10.329202 ] } },
{ "type": "Feature", "properties": { "DHSID": "CM201800000279", "DHSCC": "CM", "DHSYEAR": 2018.0, "DHSCLUST": 279.0, "URBAN_RURA": "R", "LATNUM": 3.480306, "LONGNUM": 11.282884, "ALT_GPS": 9999.0, "ADM1NAME": "CENTRE" }, "geometry": { "type": "Point", "coordinates": [ 11.282884, 3.480306 ] } },
{ "type": "Feature", "properties": { "DHSID": "CM201800000281", "DHSCC": "CM", "DHSYEAR": 2018.0, "DHSCLUST": 281.0, "URBAN_RURA": "R", "LATNUM": 4.320179, "LONGNUM": 9.601975, "ALT_GPS": 9999.0, "ADM1NAME": "LITTORAL" }, "geometry": { "type": "Point", "coordinates": [ 9.601975, 4.320179 ] } },
{ "type": "Feature", "properties": { "DHSID": "CM201800000282", "DHSCC": "CM", "DHSYEAR": 2018.0, "DHSCLUST": 282.0, "URBAN_RURA": "U", "LATNUM": 4.031571, "LONGNUM": 9.723274, "ALT_GPS": 9999.0, "ADM1NAME": "DOUALA" }, "geometry": { "type": "Point", "coordinates": [ 9.723274, 4.031571 ] } },
{ "type": "Feature", "properties": { "DHSID": "CM201800000283", "DHSCC": "CM", "DHSYEAR": 2018.0, "DHSCLUST": 283.0, "URBAN_RURA": "U", "LATNUM": 4.072673, "LONGNUM": 9.727625, "ALT_GPS": 9999.0, "ADM1NAME": "DOUALA" }, "geometry": { "type": "Point", "coordinates": [ 9.727625, 4.072673 ] } },
{ "type": "Feature", "properties": { "DHSID": "CM201800000284", "DHSCC": "CM", "DHSYEAR": 2018.0, "DHSCLUST": 284.0, "URBAN_RURA": "R", "LATNUM": 4.211697, "LONGNUM": 14.713289, "ALT_GPS": 9999.0, "ADM1NAME": "EST" }, "geometry": { "type": "Point", "coordinates": [ 14.713289, 4.211697 ] } },
{ "type": "Feature", "properties": { "DHSID": "CM201800000286", "DHSCC": "CM", "DHSYEAR": 2018.0, "DHSCLUST": 286.0, "URBAN_RURA": "U", "LATNUM": 6.528962, "LONGNUM": 14.299793, "ALT_GPS": 9999.0, "ADM1NAME": "ADAMAOUA" }, "geometry": { "type": "Point", "coordinates": [ 14.299793, 6.528962 ] } },
{ "type": "Feature", "properties": { "DHSID": "CM201800000287", "DHSCC": "CM", "DHSYEAR": 2018.0, "DHSCLUST": 287.0, "URBAN_RURA": "R", "LATNUM": 4.038017, "LONGNUM": 12.933707, "ALT_GPS": 9999.0, "ADM1NAME": "EST" }, "geometry": { "type": "Point", "coordinates": [ 12.933707, 4.038017 ] } },
{ "type": "Feature", "properties": { "DHSID": "CM201800000288", "DHSCC": "CM", "DHSYEAR": 2018.0, "DHSCLUST": 288.0, "URBAN_RURA": "R", "LATNUM": 6.457525, "LONGNUM": 10.618784, "ALT_GPS": 9999.0, "ADM1NAME": "NORD-OUEST" }, "geometry": { "type": "Point", "coordinates": [ 10.618784, 6.457525 ] } },
{ "type": "Feature", "properties": { "DHSID": "CM201800000289", "DHSCC": "CM", "DHSYEAR": 2018.0, "DHSCLUST": 289.0, "URBAN_RURA": "U", "LATNUM": 10.977955, "LONGNUM": 14.238402, "ALT_GPS": 9999.0, "ADM1NAME": "EXTREME-NORD" }, "geometry": { "type": "Point", "coordinates": [ 14.238402, 10.977955 ] } },
{ "type": "Feature", "properties": { "DHSID": "CM201800000291", "DHSCC": "CM", "DHSYEAR": 2018.0, "DHSCLUST": 291.0, "URBAN_RURA": "R", "LATNUM": 2.788604, "LONGNUM": 10.115193, "ALT_GPS": 9999.0, "ADM1NAME": "SUD" }, "geometry": { "type": "Point", "coordinates": [ 10.115193, 2.788604 ] } },
{ "type": "Feature", "properties": { "DHSID": "CM201800000292", "DHSCC": "CM", "DHSYEAR": 2018.0, "DHSCLUST": 292.0, "URBAN_RURA": "U", "LATNUM": 4.010717, "LONGNUM": 9.732336, "ALT_GPS": 9999.0, "ADM1NAME": "DOUALA" }, "geometry": { "type": "Point", "coordinates": [ 9.732336, 4.010717 ] } },
{ "type": "Feature", "properties": { "DHSID": "CM201800000293", "DHSCC": "CM", "DHSYEAR": 2018.0, "DHSCLUST": 293.0, "URBAN_RURA": "U", "LATNUM": 3.849152, "LONGNUM": 11.530496, "ALT_GPS": 9999.0, "ADM1NAME": "YAOUNDE" }, "geometry": { "type": "Point", "coordinates": [ 11.530496, 3.849152 ] } },
{ "type": "Feature", "properties": { "DHSID": "CM201800000295", "DHSCC": "CM", "DHSYEAR": 2018.0, "DHSCLUST": 295.0, "URBAN_RURA": "R", "LATNUM": 3.962755, "LONGNUM": 11.301899, "ALT_GPS": 9999.0, "ADM1NAME": "CENTRE" }, "geometry": { "type": "Point", "coordinates": [ 11.301899, 3.962755 ] } },
{ "type": "Feature", "properties": { "DHSID": "CM201800000296", "DHSCC": "CM", "DHSYEAR": 2018.0, "DHSCLUST": 296.0, "URBAN_RURA": "U", "LATNUM": 5.617627, "LONGNUM": 10.259038, "ALT_GPS": 9999.0, "ADM1NAME": "OUEST" }, "geometry": { "type": "Point", "coordinates": [ 10.259038, 5.617627 ] } },
{ "type": "Feature", "properties": { "DHSID": "CM201800000297", "DHSCC": "CM", "DHSYEAR": 2018.0, "DHSCLUST": 297.0, "URBAN_RURA": "R", "LATNUM": 4.19443, "LONGNUM": 9.873166, "ALT_GPS": 9999.0, "ADM1NAME": "LITTORAL" }, "geometry": { "type": "Point", "coordinates": [ 9.873166, 4.19443 ] } },
{ "type": "Feature", "properties": { "DHSID": "CM201800000298", "DHSCC": "CM", "DHSYEAR": 2018.0, "DHSCLUST": 298.0, "URBAN_RURA": "R", "LATNUM": 4.253892, "LONGNUM": 13.809414, "ALT_GPS": 9999.0, "ADM1NAME": "EST" }, "geometry": { "type": "Point", "coordinates": [ 13.809414, 4.253892 ] } },
{ "type": "Feature", "properties": { "DHSID": "CM201800000299", "DHSCC": "CM", "DHSYEAR": 2018.0, "DHSCLUST": 299.0, "URBAN_RURA": "U", "LATNUM": 3.882071, "LONGNUM": 11.548529, "ALT_GPS": 9999.0, "ADM1NAME": "YAOUNDE" }, "geometry": { "type": "Point", "coordinates": [ 11.548529, 3.882071 ] } },
{ "type": "Feature", "properties": { "DHSID": "CM201800000300", "DHSCC": "CM", "DHSYEAR": 2018.0, "DHSCLUST": 300.0, "URBAN_RURA": "U", "LATNUM": 4.01623, "LONGNUM": 9.759529, "ALT_GPS": 9999.0, "ADM1NAME": "DOUALA" }, "geometry": { "type": "Point", "coordinates": [ 9.759529, 4.01623 ] } },
{ "type": "Feature", "properties": { "DHSID": "CM201800000301", "DHSCC": "CM", "DHSYEAR": 2018.0, "DHSCLUST": 301.0, "URBAN_RURA": "U", "LATNUM": 4.359664, "LONGNUM": 11.435175, "ALT_GPS": 9999.0, "ADM1NAME": "CENTRE" }, "geometry": { "type": "Point", "coordinates": [ 11.435175, 4.359664 ] } },
{ "type": "Feature", "properties": { "DHSID": "CM201800000302", "DHSCC": "CM", "DHSYEAR": 2018.0, "DHSCLUST": 302.0, "URBAN_RURA": "R", "LATNUM": 8.607985, "LONGNUM": 12.990836, "ALT_GPS": 9999.0, "ADM1NAME": "NORD" }, "geometry": { "type": "Point", "coordinates": [ 12.990836, 8.607985 ] } },
{ "type": "Feature", "properties": { "DHSID": "CM201800000303", "DHSCC": "CM", "DHSYEAR": 2018.0, "DHSCLUST": 303.0, "URBAN_RURA": "R", "LATNUM": 5.346212, "LONGNUM": 10.432495, "ALT_GPS": 9999.0, "ADM1NAME": "OUEST" }, "geometry": { "type": "Point", "coordinates": [ 10.432495, 5.346212 ] } },
{ "type": "Feature", "properties": { "DHSID": "CM201800000304", "DHSCC": "CM", "DHSYEAR": 2018.0, "DHSCLUST": 304.0, "URBAN_RURA": "U", "LATNUM": 3.855197, "LONGNUM": 11.546012, "ALT_GPS": 9999.0, "ADM1NAME": "YAOUNDE" }, "geometry": { "type": "Point", "coordinates": [ 11.546012, 3.855197 ] } },
{ "type": "Feature", "properties": { "DHSID": "CM201800000305", "DHSCC": "CM", "DHSYEAR": 2018.0, "DHSCLUST": 305.0, "URBAN_RURA": "R", "LATNUM": 5.008645, "LONGNUM": 9.950183, "ALT_GPS": 9999.0, "ADM1NAME": "LITTORAL" }, "geometry": { "type": "Point", "coordinates": [ 9.950183, 5.008645 ] } },
{ "type": "Feature", "properties": { "DHSID": "CM201800000306", "DHSCC": "CM", "DHSYEAR": 2018.0, "DHSCLUST": 306.0, "URBAN_RURA": "U", "LATNUM": 4.582974, "LONGNUM": 9.667337, "ALT_GPS": 9999.0, "ADM1NAME": "LITTORAL" }, "geometry": { "type": "Point", "coordinates": [ 9.667337, 4.582974 ] } },
{ "type": "Feature", "properties": { "DHSID": "CM201800000307", "DHSCC": "CM", "DHSYEAR": 2018.0, "DHSCLUST": 307.0, "URBAN_RURA": "R", "LATNUM": 3.174113, "LONGNUM": 13.590278, "ALT_GPS": 9999.0, "ADM1NAME": "EST" }, "geometry": { "type": "Point", "coordinates": [ 13.590278, 3.174113 ] } },
{ "type": "Feature", "properties": { "DHSID": "CM201800000308", "DHSCC": "CM", "DHSYEAR": 2018.0, "DHSCLUST": 308.0, "URBAN_RURA": "U", "LATNUM": 4.632113, "LONGNUM": 9.442339, "ALT_GPS": 9999.0, "ADM1NAME": "SUD-OUEST" }, "geometry": { "type": "Point", "coordinates": [ 9.442339, 4.632113 ] } },
{ "type": "Feature", "properties": { "DHSID": "CM201800000309", "DHSCC": "CM", "DHSYEAR": 2018.0, "DHSCLUST": 309.0, "URBAN_RURA": "U", "LATNUM": 5.444585, "LONGNUM": 10.053363, "ALT_GPS": 9999.0, "ADM1NAME": "OUEST" }, "geometry": { "type": "Point", "coordinates": [ 10.053363, 5.444585 ] } },
{ "type": "Feature", "properties": { "DHSID": "CM201800000311", "DHSCC": "CM", "DHSYEAR": 2018.0, "DHSCLUST": 311.0, "URBAN_RURA": "U", "LATNUM": 3.881976, "LONGNUM": 11.520834, "ALT_GPS": 9999.0, "ADM1NAME": "YAOUNDE" }, "geometry": { "type": "Point", "coordinates": [ 11.520834, 3.881976 ] } },
{ "type": "Feature", "properties": { "DHSID": "CM201800000312", "DHSCC": "CM", "DHSYEAR": 2018.0, "DHSCLUST": 312.0, "URBAN_RURA": "U", "LATNUM": 6.747287, "LONGNUM": 11.80902, "ALT_GPS": 9999.0, "ADM1NAME": "ADAMAOUA" }, "geometry": { "type": "Point", "coordinates": [ 11.80902, 6.747287 ] } },
{ "type": "Feature", "properties": { "DHSID": "CM201800000313", "DHSCC": "CM", "DHSYEAR": 2018.0, "DHSCLUST": 313.0, "URBAN_RURA": "R", "LATNUM": 3.280404, "LONGNUM": 11.815514, "ALT_GPS": 9999.0, "ADM1NAME": "SUD" }, "geometry": { "type": "Point", "coordinates": [ 11.815514, 3.280404 ] } },
{ "type": "Feature", "properties": { "DHSID": "CM201800000314", "DHSCC": "CM", "DHSYEAR": 2018.0, "DHSCLUST": 314.0, "URBAN_RURA": "U", "LATNUM": 4.015192, "LONGNUM": 9.742723, "ALT_GPS": 9999.0, "ADM1NAME": "DOUALA" }, "geometry": { "type": "Point", "coordinates": [ 9.742723, 4.015192 ] } },
{ "type": "Feature", "properties": { "DHSID": "CM201800000315", "DHSCC": "CM", "DHSYEAR": 2018.0, "DHSCLUST": 315.0, "URBAN_RURA": "R", "LATNUM": 9.360303, "LONGNUM": 13.809349, "ALT_GPS": 9999.0, "ADM1NAME": "NORD" }, "geometry": { "type": "Point", "coordinates": [ 13.809349, 9.360303 ] } },
{ "type": "Feature", "properties": { "DHSID": "CM201800000316", "DHSCC": "CM", "DHSYEAR": 2018.0, "DHSCLUST": 316.0, "URBAN_RURA": "R", "LATNUM": 8.938917, "LONGNUM": 13.391077, "ALT_GPS": 9999.0, "ADM1NAME": "NORD" }, "geometry": { "type": "Point", "coordinates": [ 13.391077, 8.938917 ] } },
{ "type": "Feature", "properties": { "DHSID": "CM201800000317", "DHSCC": "CM", "DHSYEAR": 2018.0, "DHSCLUST": 317.0, "URBAN_RURA": "R", "LATNUM": 8.218562, "LONGNUM": 14.947589, "ALT_GPS": 9999.0, "ADM1NAME": "NORD" }, "geometry": { "type": "Point", "coordinates": [ 14.947589, 8.218562 ] } },
{ "type": "Feature", "properties": { "DHSID": "CM201800000318", "DHSCC": "CM", "DHSYEAR": 2018.0, "DHSCLUST": 318.0, "URBAN_RURA": "R", "LATNUM": 9.017741, "LONGNUM": 12.885085, "ALT_GPS": 9999.0, "ADM1NAME": "NORD" }, "geometry": { "type": "Point", "coordinates": [ 12.885085, 9.017741 ] } },
{ "type": "Feature", "properties": { "DHSID": "CM201800000319", "DHSCC": "CM", "DHSYEAR": 2018.0, "DHSCLUST": 319.0, "URBAN_RURA": "U", "LATNUM": 4.053673, "LONGNUM": 9.72284, "ALT_GPS": 9999.0, "ADM1NAME": "DOUALA" }, "geometry": { "type": "Point", "coordinates": [ 9.72284, 4.053673 ] } },
{ "type": "Feature", "properties": { "DHSID": "CM201800000320", "DHSCC": "CM", "DHSYEAR": 2018.0, "DHSCLUST": 320.0, "URBAN_RURA": "U", "LATNUM": 4.037239, "LONGNUM": 9.726621, "ALT_GPS": 9999.0, "ADM1NAME": "DOUALA" }, "geometry": { "type": "Point", "coordinates": [ 9.726621, 4.037239 ] } },
{ "type": "Feature", "properties": { "DHSID": "CM201800000321", "DHSCC": "CM", "DHSYEAR": 2018.0, "DHSCLUST": 321.0, "URBAN_RURA": "R", "LATNUM": 4.502325, "LONGNUM": 10.803491, "ALT_GPS": 9999.0, "ADM1NAME": "LITTORAL" }, "geometry": { "type": "Point", "coordinates": [ 10.803491, 4.502325 ] } },
{ "type": "Feature", "properties": { "DHSID": "CM201800000322", "DHSCC": "CM", "DHSYEAR": 2018.0, "DHSCLUST": 322.0, "URBAN_RURA": "U", "LATNUM": 3.895547, "LONGNUM": 11.512097, "ALT_GPS": 9999.0, "ADM1NAME": "YAOUNDE" }, "geometry": { "type": "Point", "coordinates": [ 11.512097, 3.895547 ] } },
{ "type": "Feature", "properties": { "DHSID": "CM201800000323", "DHSCC": "CM", "DHSYEAR": 2018.0, "DHSCLUST": 323.0, "URBAN_RURA": "R", "LATNUM": 10.379939, "LONGNUM": 13.59606, "ALT_GPS": 9999.0, "ADM1NAME": "EXTREME-NORD" }, "geometry": { "type": "Point", "coordinates": [ 13.59606, 10.379939 ] } },
{ "type": "Feature", "properties": { "DHSID": "CM201800000324", "DHSCC": "CM", "DHSYEAR": 2018.0, "DHSCLUST": 324.0, "URBAN_RURA": "U", "LATNUM": 3.510021, "LONGNUM": 15.064297, "ALT_GPS": 9999.0, "ADM1NAME": "EST" }, "geometry": { "type": "Point", "coordinates": [ 15.064297, 3.510021 ] } },
{ "type": "Feature", "properties": { "DHSID": "CM201800000325", "DHSCC": "CM", "DHSYEAR": 2018.0, "DHSCLUST": 325.0, "URBAN_RURA": "R", "LATNUM": 4.79879, "LONGNUM": 10.299678, "ALT_GPS": 9999.0, "ADM1NAME": "LITTORAL" }, "geometry": { "type": "Point", "coordinates": [ 10.299678, 4.79879 ] } },
{ "type": "Feature", "properties": { "DHSID": "CM201800000326", "DHSCC": "CM", "DHSYEAR": 2018.0, "DHSCLUST": 326.0, "URBAN_RURA": "U", "LATNUM": 3.877896, "LONGNUM": 11.47799, "ALT_GPS": 9999.0, "ADM1NAME": "YAOUNDE" }, "geometry": { "type": "Point", "coordinates": [ 11.47799, 3.877896 ] } },
{ "type": "Feature", "properties": { "DHSID": "CM201800000327", "DHSCC": "CM", "DHSYEAR": 2018.0, "DHSCLUST": 327.0, "URBAN_RURA": "R", "LATNUM": 5.582779, "LONGNUM": 13.921151, "ALT_GPS": 9999.0, "ADM1NAME": "EST" }, "geometry": { "type": "Point", "coordinates": [ 13.921151, 5.582779 ] } },
{ "type": "Feature", "properties": { "DHSID": "CM201800000328", "DHSCC": "CM", "DHSYEAR": 2018.0, "DHSCLUST": 328.0, "URBAN_RURA": "R", "LATNUM": 4.228225, "LONGNUM": 10.569591, "ALT_GPS": 9999.0, "ADM1NAME": "LITTORAL" }, "geometry": { "type": "Point", "coordinates": [ 10.569591, 4.228225 ] } },
{ "type": "Feature", "properties": { "DHSID": "CM201800000329", "DHSCC": "CM", "DHSYEAR": 2018.0, "DHSCLUST": 329.0, "URBAN_RURA": "R", "LATNUM": 4.26125, "LONGNUM": 12.899311, "ALT_GPS": 9999.0, "ADM1NAME": "EST" }, "geometry": { "type": "Point", "coordinates": [ 12.899311, 4.26125 ] } },
{ "type": "Feature", "properties": { "DHSID": "CM201800000330", "DHSCC": "CM", "DHSYEAR": 2018.0, "DHSCLUST": 330.0, "URBAN_RURA": "U", "LATNUM": 4.078074, "LONGNUM": 9.361018, "ALT_GPS": 9999.0, "ADM1NAME": "SUD-OUEST" }, "geometry": { "type": "Point", "coordinates": [ 9.361018, 4.078074 ] } },
{ "type": "Feature", "properties": { "DHSID": "CM201800000331", "DHSCC": "CM", "DHSYEAR": 2018.0, "DHSCLUST": 331.0, "URBAN_RURA": "U", "LATNUM": 4.494996, "LONGNUM": 9.566561, "ALT_GPS": 9999.0, "ADM1NAME": "LITTORAL" }, "geometry": { "type": "Point", "coordinates": [ 9.566561, 4.494996 ] } },
{ "type": "Feature", "properties": { "DHSID": "CM201800000332", "DHSCC": "CM", "DHSYEAR": 2018.0, "DHSCLUST": 332.0, "URBAN_RURA": "U", "LATNUM": 8.398613, "LONGNUM": 14.161868, "ALT_GPS": 9999.0, "ADM1NAME": "NORD" }, "geometry": { "type": "Point", "coordinates": [ 14.161868, 8.398613 ] } },
{ "type": "Feature", "properties": { "DHSID": "CM201800000333", "DHSCC": "CM", "DHSYEAR": 2018.0, "DHSCLUST": 333.0, "URBAN_RURA": "U", "LATNUM": 10.340473, "LONGNUM": 15.231033, "ALT_GPS": 9999.0, "ADM1NAME": "EXTREME-NORD" }, "geometry": { "type": "Point", "coordinates": [ 15.231033, 10.340473 ] } },
{ "type": "Feature", "properties": { "DHSID": "CM201800000334", "DHSCC": "CM", "DHSYEAR": 2018.0, "DHSCLUST": 334.0, "URBAN_RURA": "R", "LATNUM": 5.3922, "LONGNUM": 10.359175, "ALT_GPS": 9999.0, "ADM1NAME": "OUEST" }, "geometry": { "type": "Point", "coordinates": [ 10.359175, 5.3922 ] } },
{ "type": "Feature", "properties": { "DHSID": "CM201800000335", "DHSCC": "CM", "DHSYEAR": 2018.0, "DHSCLUST": 335.0, "URBAN_RURA": "U", "LATNUM": 7.318232, "LONGNUM": 13.58117, "ALT_GPS": 9999.0, "ADM1NAME": "ADAMAOUA" }, "geometry": { "type": "Point", "coordinates": [ 13.58117, 7.318232 ] } },
{ "type": "Feature", "properties": { "DHSID": "CM201800000336", "DHSCC": "CM", "DHSYEAR": 2018.0, "DHSCLUST": 336.0, "URBAN_RURA": "R", "LATNUM": 4.919116, "LONGNUM": 13.50838, "ALT_GPS": 9999.0, "ADM1NAME": "EST" }, "geometry": { "type": "Point", "coordinates": [ 13.50838, 4.919116 ] } },
{ "type": "Feature", "properties": { "DHSID": "CM201800000337", "DHSCC": "CM", "DHSYEAR": 2018.0, "DHSCLUST": 337.0, "URBAN_RURA": "R", "LATNUM": 10.544287, "LONGNUM": 14.653674, "ALT_GPS": 9999.0, "ADM1NAME": "EXTREME-NORD" }, "geometry": { "type": "Point", "coordinates": [ 14.653674, 10.544287 ] } },
{ "type": "Feature", "properties": { "DHSID": "CM201800000338", "DHSCC": "CM", "DHSYEAR": 2018.0, "DHSCLUST": 338.0, "URBAN_RURA": "R", "LATNUM": 2.694187, "LONGNUM": 13.331167, "ALT_GPS": 9999.0, "ADM1NAME": "SUD" }, "geometry": { "type": "Point", "coordinates": [ 13.331167, 2.694187 ] } },
{ "type": "Feature", "properties": { "DHSID": "CM201800000339", "DHSCC": "CM", "DHSYEAR": 2018.0, "DHSCLUST": 339.0, "URBAN_RURA": "R", "LATNUM": 5.680722, "LONGNUM": 10.391763, "ALT_GPS": 9999.0, "ADM1NAME": "OUEST" }, "geometry": { "type": "Point", "coordinates": [ 10.391763, 5.680722 ] } },
{ "type": "Feature", "properties": { "DHSID": "CM201800000341", "DHSCC": "CM", "DHSYEAR": 2018.0, "DHSCLUST": 341.0, "URBAN_RURA": "R", "LATNUM": 4.387989, "LONGNUM": 11.827722, "ALT_GPS": 9999.0, "ADM1NAME": "CENTRE" }, "geometry": { "type": "Point", "coordinates": [ 11.827722, 4.387989 ] } },
{ "type": "Feature", "properties": { "DHSID": "CM201800000342", "DHSCC": "CM", "DHSYEAR": 2018.0, "DHSCLUST": 342.0, "URBAN_RURA": "R", "LATNUM": 7.454839, "LONGNUM": 13.593494, "ALT_GPS": 9999.0, "ADM1NAME": "ADAMAOUA" }, "geometry": { "type": "Point", "coordinates": [ 13.593494, 7.454839 ] } },
{ "type": "Feature", "properties": { "DHSID": "CM201800000343", "DHSCC": "CM", "DHSYEAR": 2018.0, "DHSCLUST": 343.0, "URBAN_RURA": "U", "LATNUM": 4.047001, "LONGNUM": 9.733535, "ALT_GPS": 9999.0, "ADM1NAME": "DOUALA" }, "geometry": { "type": "Point", "coordinates": [ 9.733535, 4.047001 ] } },
{ "type": "Feature", "properties": { "DHSID": "CM201800000344", "DHSCC": "CM", "DHSYEAR": 2018.0, "DHSCLUST": 344.0, "URBAN_RURA": "R", "LATNUM": 7.715861, "LONGNUM": 13.845905, "ALT_GPS": 9999.0, "ADM1NAME": "ADAMAOUA" }, "geometry": { "type": "Point", "coordinates": [ 13.845905, 7.715861 ] } },
{ "type": "Feature", "properties": { "DHSID": "CM201800000345", "DHSCC": "CM", "DHSYEAR": 2018.0, "DHSCLUST": 345.0, "URBAN_RURA": "U", "LATNUM": 4.039985, "LONGNUM": 9.720956, "ALT_GPS": 9999.0, "ADM1NAME": "DOUALA" }, "geometry": { "type": "Point", "coordinates": [ 9.720956, 4.039985 ] } },
{ "type": "Feature", "properties": { "DHSID": "CM201800000346", "DHSCC": "CM", "DHSYEAR": 2018.0, "DHSCLUST": 346.0, "URBAN_RURA": "R", "LATNUM": 6.516144, "LONGNUM": 10.792056, "ALT_GPS": 9999.0, "ADM1NAME": "NORD-OUEST" }, "geometry": { "type": "Point", "coordinates": [ 10.792056, 6.516144 ] } },
{ "type": "Feature", "properties": { "DHSID": "CM201800000347", "DHSCC": "CM", "DHSYEAR": 2018.0, "DHSCLUST": 347.0, "URBAN_RURA": "U", "LATNUM": 4.950721, "LONGNUM": 9.937456, "ALT_GPS": 9999.0, "ADM1NAME": "LITTORAL" }, "geometry": { "type": "Point", "coordinates": [ 9.937456, 4.950721 ] } },
{ "type": "Feature", "properties": { "DHSID": "CM201800000349", "DHSCC": "CM", "DHSYEAR": 2018.0, "DHSCLUST": 349.0, "URBAN_RURA": "R", "LATNUM": 3.066681, "LONGNUM": 10.761209, "ALT_GPS": 9999.0, "ADM1NAME": "SUD" }, "geometry": { "type": "Point", "coordinates": [ 10.761209, 3.066681 ] } },
{ "type": "Feature", "properties": { "DHSID": "CM201800000350", "DHSCC": "CM", "DHSYEAR": 2018.0, "DHSCLUST": 350.0, "URBAN_RURA": "R", "LATNUM": 5.429109, "LONGNUM": 10.139416, "ALT_GPS": 9999.0, "ADM1NAME": "OUEST" }, "geometry": { "type": "Point", "coordinates": [ 10.139416, 5.429109 ] } },
{ "type": "Feature", "properties": { "DHSID": "CM201800000351", "DHSCC": "CM", "DHSYEAR": 2018.0, "DHSCLUST": 351.0, "URBAN_RURA": "R", "LATNUM": 10.008451, "LONGNUM": 13.497935, "ALT_GPS": 9999.0, "ADM1NAME": "NORD" }, "geometry": { "type": "Point", "coordinates": [ 13.497935, 10.008451 ] } },
{ "type": "Feature", "properties": { "DHSID": "CM201800000352", "DHSCC": "CM", "DHSYEAR": 2018.0, "DHSCLUST": 352.0, "URBAN_RURA": "U", "LATNUM": 9.296988, "LONGNUM": 13.392829, "ALT_GPS": 9999.0, "ADM1NAME": "NORD" }, "geometry": { "type": "Point", "coordinates": [ 13.392829, 9.296988 ] } },
{ "type": "Feature", "properties": { "DHSID": "CM201800000353", "DHSCC": "CM", "DHSYEAR": 2018.0, "DHSCLUST": 353.0, "URBAN_RURA": "U", "LATNUM": 3.962432, "LONGNUM": 13.185143, "ALT_GPS": 9999.0, "ADM1NAME": "EST" }, "geometry": { "type": "Point", "coordinates": [ 13.185143, 3.962432 ] } },
{ "type": "Feature", "properties": { "DHSID": "CM201800000354", "DHSCC": "CM", "DHSYEAR": 2018.0, "DHSCLUST": 354.0, "URBAN_RURA": "R", "LATNUM": 4.335292, "LONGNUM": 11.470295, "ALT_GPS": 9999.0, "ADM1NAME": "CENTRE" }, "geometry": { "type": "Point", "coordinates": [ 11.470295, 4.335292 ] } },
{ "type": "Feature", "properties": { "DHSID": "CM201800000355", "DHSCC": "CM", "DHSYEAR": 2018.0, "DHSCLUST": 355.0, "URBAN_RURA": "R", "LATNUM": 5.722741, "LONGNUM": 10.16129, "ALT_GPS": 9999.0, "ADM1NAME": "OUEST" }, "geometry": { "type": "Point", "coordinates": [ 10.16129, 5.722741 ] } },
{ "type": "Feature", "properties": { "DHSID": "CM201800000356", "DHSCC": "CM", "DHSYEAR": 2018.0, "DHSCLUST": 356.0, "URBAN_RURA": "U", "LATNUM": 10.739425, "LONGNUM": 13.787166, "ALT_GPS": 9999.0, "ADM1NAME": "EXTREME-NORD" }, "geometry": { "type": "Point", "coordinates": [ 13.787166, 10.739425 ] } },
{ "type": "Feature", "properties": { "DHSID": "CM201800000357", "DHSCC": "CM", "DHSYEAR": 2018.0, "DHSCLUST": 357.0, "URBAN_RURA": "U", "LATNUM": 3.890464, "LONGNUM": 11.486374, "ALT_GPS": 9999.0, "ADM1NAME": "YAOUNDE" }, "geometry": { "type": "Point", "coordinates": [ 11.486374, 3.890464 ] } },
{ "type": "Feature", "properties": { "DHSID": "CM201800000358", "DHSCC": "CM", "DHSYEAR": 2018.0, "DHSCLUST": 358.0, "URBAN_RURA": "R", "LATNUM": 6.299177, "LONGNUM": 11.60123, "ALT_GPS": 9999.0, "ADM1NAME": "ADAMAOUA" }, "geometry": { "type": "Point", "coordinates": [ 11.60123, 6.299177 ] } },
{ "type": "Feature", "properties": { "DHSID": "CM201800000359", "DHSCC": "CM", "DHSYEAR": 2018.0, "DHSCLUST": 359.0, "URBAN_RURA": "R", "LATNUM": 2.197004, "LONGNUM": 11.209018, "ALT_GPS": 9999.0, "ADM1NAME": "SUD" }, "geometry": { "type": "Point", "coordinates": [ 11.209018, 2.197004 ] } },
{ "type": "Feature", "properties": { "DHSID": "CM201800000360", "DHSCC": "CM", "DHSYEAR": 2018.0, "DHSCLUST": 360.0, "URBAN_RURA": "U", "LATNUM": 9.947233, "LONGNUM": 13.943775, "ALT_GPS": 9999.0, "ADM1NAME": "NORD" }, "geometry": { "type": "Point", "coordinates": [ 13.943775, 9.947233 ] } },
{ "type": "Feature", "properties": { "DHSID": "CM201800000362", "DHSCC": "CM", "DHSYEAR": 2018.0, "DHSCLUST": 362.0, "URBAN_RURA": "U", "LATNUM": 4.14225, "LONGNUM": 9.239507, "ALT_GPS": 9999.0, "ADM1NAME": "SUD-OUEST" }, "geometry": { "type": "Point", "coordinates": [ 9.239507, 4.14225 ] } },
{ "type": "Feature", "properties": { "DHSID": "CM201800000363", "DHSCC": "CM", "DHSYEAR": 2018.0, "DHSCLUST": 363.0, "URBAN_RURA": "U", "LATNUM": 4.102904, "LONGNUM": 9.736103, "ALT_GPS": 9999.0, "ADM1NAME": "DOUALA" }, "geometry": { "type": "Point", "coordinates": [ 9.736103, 4.102904 ] } },
{ "type": "Feature", "properties": { "DHSID": "CM201800000364", "DHSCC": "CM", "DHSYEAR": 2018.0, "DHSCLUST": 364.0, "URBAN_RURA": "R", "LATNUM": 5.558725, "LONGNUM": 10.161076, "ALT_GPS": 9999.0, "ADM1NAME": "OUEST" }, "geometry": { "type": "Point", "coordinates": [ 10.161076, 5.558725 ] } },
{ "type": "Feature", "properties": { "DHSID": "CM201800000365", "DHSCC": "CM", "DHSYEAR": 2018.0, "DHSCLUST": 365.0, "URBAN_RURA": "R", "LATNUM": 6.563271, "LONGNUM": 10.706792, "ALT_GPS": 9999.0, "ADM1NAME": "NORD-OUEST" }, "geometry": { "type": "Point", "coordinates": [ 10.706792, 6.563271 ] } },
{ "type": "Feature", "properties": { "DHSID": "CM201800000366", "DHSCC": "CM", "DHSYEAR": 2018.0, "DHSCLUST": 366.0, "URBAN_RURA": "R", "LATNUM": 6.062309, "LONGNUM": 10.239334, "ALT_GPS": 9999.0, "ADM1NAME": "NORD-OUEST" }, "geometry": { "type": "Point", "coordinates": [ 10.239334, 6.062309 ] } },
{ "type": "Feature", "properties": { "DHSID": "CM201800000367", "DHSCC": "CM", "DHSYEAR": 2018.0, "DHSCLUST": 367.0, "URBAN_RURA": "U", "LATNUM": 5.660109, "LONGNUM": 10.621836, "ALT_GPS": 9999.0, "ADM1NAME": "OUEST" }, "geometry": { "type": "Point", "coordinates": [ 10.621836, 5.660109 ] } },
{ "type": "Feature", "properties": { "DHSID": "CM201800000368", "DHSCC": "CM", "DHSYEAR": 2018.0, "DHSCLUST": 368.0, "URBAN_RURA": "U", "LATNUM": 10.605103, "LONGNUM": 14.350939, "ALT_GPS": 9999.0, "ADM1NAME": "EXTREME-NORD" }, "geometry": { "type": "Point", "coordinates": [ 14.350939, 10.605103 ] } },
{ "type": "Feature", "properties": { "DHSID": "CM201800000369", "DHSCC": "CM", "DHSYEAR": 2018.0, "DHSCLUST": 369.0, "URBAN_RURA": "R", "LATNUM": 2.550868, "LONGNUM": 11.005017, "ALT_GPS": 9999.0, "ADM1NAME": "SUD" }, "geometry": { "type": "Point", "coordinates": [ 11.005017, 2.550868 ] } },
{ "type": "Feature", "properties": { "DHSID": "CM201800000370", "DHSCC": "CM", "DHSYEAR": 2018.0, "DHSCLUST": 370.0, "URBAN_RURA": "U", "LATNUM": 3.794009, "LONGNUM": 11.493558, "ALT_GPS": 9999.0, "ADM1NAME": "YAOUNDE" }, "geometry": { "type": "Point", "coordinates": [ 11.493558, 3.794009 ] } },
{ "type": "Feature", "properties": { "DHSID": "CM201800000371", "DHSCC": "CM", "DHSYEAR": 2018.0, "DHSCLUST": 371.0, "URBAN_RURA": "R", "LATNUM": 7.4131, "LONGNUM": 13.548874, "ALT_GPS": 9999.0, "ADM1NAME": "ADAMAOUA" }, "geometry": { "type": "Point", "coordinates": [ 13.548874, 7.4131 ] } },
{ "type": "Feature", "properties": { "DHSID": "CM201800000372", "DHSCC": "CM", "DHSYEAR": 2018.0, "DHSCLUST": 372.0, "URBAN_RURA": "R", "LATNUM": 9.201263, "LONGNUM": 13.580454, "ALT_GPS": 9999.0, "ADM1NAME": "NORD" }, "geometry": { "type": "Point", "coordinates": [ 13.580454, 9.201263 ] } },
{ "type": "Feature", "properties": { "DHSID": "CM201800000373", "DHSCC": "CM", "DHSYEAR": 2018.0, "DHSCLUST": 373.0, "URBAN_RURA": "U", "LATNUM": 4.149554, "LONGNUM": 9.2976, "ALT_GPS": 9999.0, "ADM1NAME": "SUD-OUEST" }, "geometry": { "type": "Point", "coordinates": [ 9.2976, 4.149554 ] } },
{ "type": "Feature", "properties": { "DHSID": "CM201800000374", "DHSCC": "CM", "DHSYEAR": 2018.0, "DHSCLUST": 374.0, "URBAN_RURA": "R", "LATNUM": 3.999876, "LONGNUM": 11.484569, "ALT_GPS": 9999.0, "ADM1NAME": "CENTRE" }, "geometry": { "type": "Point", "coordinates": [ 11.484569, 3.999876 ] } },
{ "type": "Feature", "properties": { "DHSID": "CM201800000375", "DHSCC": "CM", "DHSYEAR": 2018.0, "DHSCLUST": 375.0, "URBAN_RURA": "U", "LATNUM": 2.950355, "LONGNUM": 9.921687, "ALT_GPS": 9999.0, "ADM1NAME": "SUD" }, "geometry": { "type": "Point", "coordinates": [ 9.921687, 2.950355 ] } },
{ "type": "Feature", "properties": { "DHSID": "CM201800000376", "DHSCC": "CM", "DHSYEAR": 2018.0, "DHSCLUST": 376.0, "URBAN_RURA": "U", "LATNUM": 3.834716, "LONGNUM": 11.479136, "ALT_GPS": 9999.0, "ADM1NAME": "YAOUNDE" }, "geometry": { "type": "Point", "coordinates": [ 11.479136, 3.834716 ] } },
{ "type": "Feature", "properties": { "DHSID": "CM201800000377", "DHSCC": "CM", "DHSYEAR": 2018.0, "DHSCLUST": 377.0, "URBAN_RURA": "R", "LATNUM": 8.312573, "LONGNUM": 14.103468, "ALT_GPS": 9999.0, "ADM1NAME": "NORD" }, "geometry": { "type": "Point", "coordinates": [ 14.103468, 8.312573 ] } },
{ "type": "Feature", "properties": { "DHSID": "CM201800000378", "DHSCC": "CM", "DHSYEAR": 2018.0, "DHSCLUST": 378.0, "URBAN_RURA": "U", "LATNUM": 3.445709, "LONGNUM": 12.45047, "ALT_GPS": 9999.0, "ADM1NAME": "SUD" }, "geometry": { "type": "Point", "coordinates": [ 12.45047, 3.445709 ] } },
{ "type": "Feature", "properties": { "DHSID": "CM201800000379", "DHSCC": "CM", "DHSYEAR": 2018.0, "DHSCLUST": 379.0, "URBAN_RURA": "U", "LATNUM": 4.038563, "LONGNUM": 9.700058, "ALT_GPS": 9999.0, "ADM1NAME": "DOUALA" }, "geometry": { "type": "Point", "coordinates": [ 9.700058, 4.038563 ] } },
{ "type": "Feature", "properties": { "DHSID": "CM201800000380", "DHSCC": "CM", "DHSYEAR": 2018.0, "DHSCLUST": 380.0, "URBAN_RURA": "U", "LATNUM": 5.465911, "LONGNUM": 10.414051, "ALT_GPS": 9999.0, "ADM1NAME": "OUEST" }, "geometry": { "type": "Point", "coordinates": [ 10.414051, 5.465911 ] } },
{ "type": "Feature", "properties": { "DHSID": "CM201800000381", "DHSCC": "CM", "DHSYEAR": 2018.0, "DHSCLUST": 381.0, "URBAN_RURA": "U", "LATNUM": 5.714939, "LONGNUM": 11.159202, "ALT_GPS": 9999.0, "ADM1NAME": "OUEST" }, "geometry": { "type": "Point", "coordinates": [ 11.159202, 5.714939 ] } },
{ "type": "Feature", "properties": { "DHSID": "CM201800000382", "DHSCC": "CM", "DHSYEAR": 2018.0, "DHSCLUST": 382.0, "URBAN_RURA": "U", "LATNUM": 3.857582, "LONGNUM": 11.489328, "ALT_GPS": 9999.0, "ADM1NAME": "YAOUNDE" }, "geometry": { "type": "Point", "coordinates": [ 11.489328, 3.857582 ] } },
{ "type": "Feature", "properties": { "DHSID": "CM201800000383", "DHSCC": "CM", "DHSYEAR": 2018.0, "DHSCLUST": 383.0, "URBAN_RURA": "U", "LATNUM": 6.237142, "LONGNUM": 10.71759, "ALT_GPS": 9999.0, "ADM1NAME": "NORD-OUEST" }, "geometry": { "type": "Point", "coordinates": [ 10.71759, 6.237142 ] } },
{ "type": "Feature", "properties": { "DHSID": "CM201800000384", "DHSCC": "CM", "DHSYEAR": 2018.0, "DHSCLUST": 384.0, "URBAN_RURA": "U", "LATNUM": 5.053657, "LONGNUM": 9.957574, "ALT_GPS": 9999.0, "ADM1NAME": "LITTORAL" }, "geometry": { "type": "Point", "coordinates": [ 9.957574, 5.053657 ] } },
{ "type": "Feature", "properties": { "DHSID": "CM201800000385", "DHSCC": "CM", "DHSYEAR": 2018.0, "DHSCLUST": 385.0, "URBAN_RURA": "U", "LATNUM": 4.885646, "LONGNUM": 10.797894, "ALT_GPS": 9999.0, "ADM1NAME": "CENTRE" }, "geometry": { "type": "Point", "coordinates": [ 10.797894, 4.885646 ] } },
{ "type": "Feature", "properties": { "DHSID": "CM201800000386", "DHSCC": "CM", "DHSYEAR": 2018.0, "DHSCLUST": 386.0, "URBAN_RURA": "U", "LATNUM": 6.502415, "LONGNUM": 11.549603, "ALT_GPS": 9999.0, "ADM1NAME": "ADAMAOUA" }, "geometry": { "type": "Point", "coordinates": [ 11.549603, 6.502415 ] } },
{ "type": "Feature", "properties": { "DHSID": "CM201800000387", "DHSCC": "CM", "DHSYEAR": 2018.0, "DHSCLUST": 387.0, "URBAN_RURA": "U", "LATNUM": 3.635149, "LONGNUM": 10.784375, "ALT_GPS": 9999.0, "ADM1NAME": "CENTRE" }, "geometry": { "type": "Point", "coordinates": [ 10.784375, 3.635149 ] } },
{ "type": "Feature", "properties": { "DHSID": "CM201800000388", "DHSCC": "CM", "DHSYEAR": 2018.0, "DHSCLUST": 388.0, "URBAN_RURA": "R", "LATNUM": 10.023208, "LONGNUM": 15.026021, "ALT_GPS": 9999.0, "ADM1NAME": "EXTREME-NORD" }, "geometry": { "type": "Point", "coordinates": [ 15.026021, 10.023208 ] } },
{ "type": "Feature", "properties": { "DHSID": "CM201800000389", "DHSCC": "CM", "DHSYEAR": 2018.0, "DHSCLUST": 389.0, "URBAN_RURA": "U", "LATNUM": 3.831367, "LONGNUM": 11.547134, "ALT_GPS": 9999.0, "ADM1NAME": "YAOUNDE" }, "geometry": { "type": "Point", "coordinates": [ 11.547134, 3.831367 ] } },
{ "type": "Feature", "properties": { "DHSID": "CM201800000390", "DHSCC": "CM", "DHSYEAR": 2018.0, "DHSCLUST": 390.0, "URBAN_RURA": "U", "LATNUM": 10.588633, "LONGNUM": 14.309557, "ALT_GPS": 9999.0, "ADM1NAME": "EXTREME-NORD" }, "geometry": { "type": "Point", "coordinates": [ 14.309557, 10.588633 ] } },
{ "type": "Feature", "properties": { "DHSID": "CM201800000391", "DHSCC": "CM", "DHSYEAR": 2018.0, "DHSCLUST": 391.0, "URBAN_RURA": "U", "LATNUM": 4.587754, "LONGNUM": 13.702017, "ALT_GPS": 9999.0, "ADM1NAME": "EST" }, "geometry": { "type": "Point", "coordinates": [ 13.702017, 4.587754 ] } },
{ "type": "Feature", "properties": { "DHSID": "CM201800000392", "DHSCC": "CM", "DHSYEAR": 2018.0, "DHSCLUST": 392.0, "URBAN_RURA": "R", "LATNUM": 3.646497, "LONGNUM": 11.569624, "ALT_GPS": 9999.0, "ADM1NAME": "CENTRE" }, "geometry": { "type": "Point", "coordinates": [ 11.569624, 3.646497 ] } },
{ "type": "Feature", "properties": { "DHSID": "CM201800000393", "DHSCC": "CM", "DHSYEAR": 2018.0, "DHSCLUST": 393.0, "URBAN_RURA": "R", "LATNUM": 7.235709, "LONGNUM": 15.11689, "ALT_GPS": 9999.0, "ADM1NAME": "NORD" }, "geometry": { "type": "Point", "coordinates": [ 15.11689, 7.235709 ] } },
{ "type": "Feature", "properties": { "DHSID": "CM201800000394", "DHSCC": "CM", "DHSYEAR": 2018.0, "DHSCLUST": 394.0, "URBAN_RURA": "U", "LATNUM": 4.034107, "LONGNUM": 9.695194, "ALT_GPS": 9999.0, "ADM1NAME": "DOUALA" }, "geometry": { "type": "Point", "coordinates": [ 9.695194, 4.034107 ] } },
{ "type": "Feature", "properties": { "DHSID": "CM201800000395", "DHSCC": "CM", "DHSYEAR": 2018.0, "DHSCLUST": 395.0, "URBAN_RURA": "R", "LATNUM": 2.215912, "LONGNUM": 11.322458, "ALT_GPS": 9999.0, "ADM1NAME": "SUD" }, "geometry": { "type": "Point", "coordinates": [ 11.322458, 2.215912 ] } },
{ "type": "Feature", "properties": { "DHSID": "CM201800000396", "DHSCC": "CM", "DHSYEAR": 2018.0, "DHSCLUST": 396.0, "URBAN_RURA": "R", "LATNUM": 4.333516, "LONGNUM": 11.261496, "ALT_GPS": 9999.0, "ADM1NAME": "CENTRE" }, "geometry": { "type": "Point", "coordinates": [ 11.261496, 4.333516 ] } },
{ "type": "Feature", "properties": { "DHSID": "CM201800000397", "DHSCC": "CM", "DHSYEAR": 2018.0, "DHSCLUST": 397.0, "URBAN_RURA": "U", "LATNUM": 6.468371, "LONGNUM": 12.613832, "ALT_GPS": 9999.0, "ADM1NAME": "ADAMAOUA" }, "geometry": { "type": "Point", "coordinates": [ 12.613832, 6.468371 ] } },
{ "type": "Feature", "properties": { "DHSID": "CM201800000398", "DHSCC": "CM", "DHSYEAR": 2018.0, "DHSCLUST": 398.0, "URBAN_RURA": "U", "LATNUM": 9.304593, "LONGNUM": 13.363756, "ALT_GPS": 9999.0, "ADM1NAME": "NORD" }, "geometry": { "type": "Point", "coordinates": [ 13.363756, 9.304593 ] } },
{ "type": "Feature", "properties": { "DHSID": "CM201800000399", "DHSCC": "CM", "DHSYEAR": 2018.0, "DHSCLUST": 399.0, "URBAN_RURA": "U", "LATNUM": 4.240796, "LONGNUM": 13.433706, "ALT_GPS": 9999.0, "ADM1NAME": "EST" }, "geometry": { "type": "Point", "coordinates": [ 13.433706, 4.240796 ] } },
{ "type": "Feature", "properties": { "DHSID": "CM201800000400", "DHSCC": "CM", "DHSYEAR": 2018.0, "DHSCLUST": 400.0, "URBAN_RURA": "U", "LATNUM": 4.072044, "LONGNUM": 9.764255, "ALT_GPS": 9999.0, "ADM1NAME": "DOUALA" }, "geometry": { "type": "Point", "coordinates": [ 9.764255, 4.072044 ] } },
{ "type": "Feature", "properties": { "DHSID": "CM201800000401", "DHSCC": "CM", "DHSYEAR": 2018.0, "DHSCLUST": 401.0, "URBAN_RURA": "U", "LATNUM": 5.947163, "LONGNUM": 10.13923, "ALT_GPS": 9999.0, "ADM1NAME": "NORD-OUEST" }, "geometry": { "type": "Point", "coordinates": [ 10.13923, 5.947163 ] } },
{ "type": "Feature", "properties": { "DHSID": "CM201800000402", "DHSCC": "CM", "DHSYEAR": 2018.0, "DHSCLUST": 402.0, "URBAN_RURA": "R", "LATNUM": 4.12771, "LONGNUM": 10.412338, "ALT_GPS": 9999.0, "ADM1NAME": "LITTORAL" }, "geometry": { "type": "Point", "coordinates": [ 10.412338, 4.12771 ] } },
{ "type": "Feature", "properties": { "DHSID": "CM201800000403", "DHSCC": "CM", "DHSYEAR": 2018.0, "DHSCLUST": 403.0, "URBAN_RURA": "R", "LATNUM": 3.555456, "LONGNUM": 13.116248, "ALT_GPS": 9999.0, "ADM1NAME": "EST" }, "geometry": { "type": "Point", "coordinates": [ 13.116248, 3.555456 ] } },
{ "type": "Feature", "properties": { "DHSID": "CM201800000404", "DHSCC": "CM", "DHSYEAR": 2018.0, "DHSCLUST": 404.0, "URBAN_RURA": "U", "LATNUM": 6.023916, "LONGNUM": 10.223314, "ALT_GPS": 9999.0, "ADM1NAME": "NORD-OUEST" }, "geometry": { "type": "Point", "coordinates": [ 10.223314, 6.023916 ] } },
{ "type": "Feature", "properties": { "DHSID": "CM201800000405", "DHSCC": "CM", "DHSYEAR": 2018.0, "DHSCLUST": 405.0, "URBAN_RURA": "R", "LATNUM": 7.232484, "LONGNUM": 14.168674, "ALT_GPS": 9999.0, "ADM1NAME": "ADAMAOUA" }, "geometry": { "type": "Point", "coordinates": [ 14.168674, 7.232484 ] } },
{ "type": "Feature", "properties": { "DHSID": "CM201800000406", "DHSCC": "CM", "DHSYEAR": 2018.0, "DHSCLUST": 406.0, "URBAN_RURA": "R", "LATNUM": 10.405851, "LONGNUM": 15.109807, "ALT_GPS": 9999.0, "ADM1NAME": "EXTREME-NORD" }, "geometry": { "type": "Point", "coordinates": [ 15.109807, 10.405851 ] } },
{ "type": "Feature", "properties": { "DHSID": "CM201800000407", "DHSCC": "CM", "DHSYEAR": 2018.0, "DHSCLUST": 407.0, "URBAN_RURA": "U", "LATNUM": 4.629602, "LONGNUM": 9.453911, "ALT_GPS": 9999.0, "ADM1NAME": "SUD-OUEST" }, "geometry": { "type": "Point", "coordinates": [ 9.453911, 4.629602 ] } },
{ "type": "Feature", "properties": { "DHSID": "CM201800000408", "DHSCC": "CM", "DHSYEAR": 2018.0, "DHSCLUST": 408.0, "URBAN_RURA": "U", "LATNUM": 4.576768, "LONGNUM": 13.663668, "ALT_GPS": 9999.0, "ADM1NAME": "EST" }, "geometry": { "type": "Point", "coordinates": [ 13.663668, 4.576768 ] } },
{ "type": "Feature", "properties": { "DHSID": "CM201800000409", "DHSCC": "CM", "DHSYEAR": 2018.0, "DHSCLUST": 409.0, "URBAN_RURA": "R", "LATNUM": 6.990895, "LONGNUM": 14.979454, "ALT_GPS": 9999.0, "ADM1NAME": "ADAMAOUA" }, "geometry": { "type": "Point", "coordinates": [ 14.979454, 6.990895 ] } },
{ "type": "Feature", "properties": { "DHSID": "CM201800000410", "DHSCC": "CM", "DHSYEAR": 2018.0, "DHSCLUST": 410.0, "URBAN_RURA": "U", "LATNUM": 10.123383, "LONGNUM": 14.953878, "ALT_GPS": 9999.0, "ADM1NAME": "EXTREME-NORD" }, "geometry": { "type": "Point", "coordinates": [ 14.953878, 10.123383 ] } },
{ "type": "Feature", "properties": { "DHSID": "CM201800000411", "DHSCC": "CM", "DHSYEAR": 2018.0, "DHSCLUST": 411.0, "URBAN_RURA": "U", "LATNUM": 6.010836, "LONGNUM": 10.456834, "ALT_GPS": 9999.0, "ADM1NAME": "NORD-OUEST" }, "geometry": { "type": "Point", "coordinates": [ 10.456834, 6.010836 ] } },
{ "type": "Feature", "properties": { "DHSID": "CM201800000412", "DHSCC": "CM", "DHSYEAR": 2018.0, "DHSCLUST": 412.0, "URBAN_RURA": "U", "LATNUM": 3.851681, "LONGNUM": 11.49095, "ALT_GPS": 9999.0, "ADM1NAME": "YAOUNDE" }, "geometry": { "type": "Point", "coordinates": [ 11.49095, 3.851681 ] } },
{ "type": "Feature", "properties": { "DHSID": "CM201800000413", "DHSCC": "CM", "DHSYEAR": 2018.0, "DHSCLUST": 413.0, "URBAN_RURA": "U", "LATNUM": 4.035003, "LONGNUM": 9.714876, "ALT_GPS": 9999.0, "ADM1NAME": "DOUALA" }, "geometry": { "type": "Point", "coordinates": [ 9.714876, 4.035003 ] } },
{ "type": "Feature", "properties": { "DHSID": "CM201800000414", "DHSCC": "CM", "DHSYEAR": 2018.0, "DHSCLUST": 414.0, "URBAN_RURA": "U", "LATNUM": 3.863885, "LONGNUM": 11.495874, "ALT_GPS": 9999.0, "ADM1NAME": "YAOUNDE" }, "geometry": { "type": "Point", "coordinates": [ 11.495874, 3.863885 ] } },
{ "type": "Feature", "properties": { "DHSID": "CM201800000416", "DHSCC": "CM", "DHSYEAR": 2018.0, "DHSCLUST": 416.0, "URBAN_RURA": "U", "LATNUM": 2.889416, "LONGNUM": 11.142735, "ALT_GPS": 9999.0, "ADM1NAME": "SUD" }, "geometry": { "type": "Point", "coordinates": [ 11.142735, 2.889416 ] } },
{ "type": "Feature", "properties": { "DHSID": "CM201800000418", "DHSCC": "CM", "DHSYEAR": 2018.0, "DHSCLUST": 418.0, "URBAN_RURA": "U", "LATNUM": 4.561176, "LONGNUM": 13.664823, "ALT_GPS": 9999.0, "ADM1NAME": "EST" }, "geometry": { "type": "Point", "coordinates": [ 13.664823, 4.561176 ] } },
{ "type": "Feature", "properties": { "DHSID": "CM201800000419", "DHSCC": "CM", "DHSYEAR": 2018.0, "DHSCLUST": 419.0, "URBAN_RURA": "R", "LATNUM": 6.614584, "LONGNUM": 12.944426, "ALT_GPS": 9999.0, "ADM1NAME": "ADAMAOUA" }, "geometry": { "type": "Point", "coordinates": [ 12.944426, 6.614584 ] } },
{ "type": "Feature", "properties": { "DHSID": "CM201800000420", "DHSCC": "CM", "DHSYEAR": 2018.0, "DHSCLUST": 420.0, "URBAN_RURA": "U", "LATNUM": 4.764376, "LONGNUM": 9.753129, "ALT_GPS": 9999.0, "ADM1NAME": "LITTORAL" }, "geometry": { "type": "Point", "coordinates": [ 9.753129, 4.764376 ] } },
{ "type": "Feature", "properties": { "DHSID": "CM201800000421", "DHSCC": "CM", "DHSYEAR": 2018.0, "DHSCLUST": 421.0, "URBAN_RURA": "U", "LATNUM": 9.305956, "LONGNUM": 13.378791, "ALT_GPS": 9999.0, "ADM1NAME": "NORD" }, "geometry": { "type": "Point", "coordinates": [ 13.378791, 9.305956 ] } },
{ "type": "Feature", "properties": { "DHSID": "CM201800000422", "DHSCC": "CM", "DHSYEAR": 2018.0, "DHSCLUST": 422.0, "URBAN_RURA": "U", "LATNUM": 5.458441, "LONGNUM": 10.405011, "ALT_GPS": 9999.0, "ADM1NAME": "OUEST" }, "geometry": { "type": "Point", "coordinates": [ 10.405011, 5.458441 ] } },
{ "type": "Feature", "properties": { "DHSID": "CM201800000423", "DHSCC": "CM", "DHSYEAR": 2018.0, "DHSCLUST": 423.0, "URBAN_RURA": "R", "LATNUM": 10.703894, "LONGNUM": 15.116651, "ALT_GPS": 9999.0, "ADM1NAME": "EXTREME-NORD" }, "geometry": { "type": "Point", "coordinates": [ 15.116651, 10.703894 ] } },
{ "type": "Feature", "properties": { "DHSID": "CM201800000424", "DHSCC": "CM", "DHSYEAR": 2018.0, "DHSCLUST": 424.0, "URBAN_RURA": "U", "LATNUM": 4.713736, "LONGNUM": 9.72138, "ALT_GPS": 9999.0, "ADM1NAME": "LITTORAL" }, "geometry": { "type": "Point", "coordinates": [ 9.72138, 4.713736 ] } },
{ "type": "Feature", "properties": { "DHSID": "CM201800000425", "DHSCC": "CM", "DHSYEAR": 2018.0, "DHSCLUST": 425.0, "URBAN_RURA": "U", "LATNUM": 6.462277, "LONGNUM": 13.267282, "ALT_GPS": 9999.0, "ADM1NAME": "ADAMAOUA" }, "geometry": { "type": "Point", "coordinates": [ 13.267282, 6.462277 ] } },
{ "type": "Feature", "properties": { "DHSID": "CM201800000426", "DHSCC": "CM", "DHSYEAR": 2018.0, "DHSCLUST": 426.0, "URBAN_RURA": "U", "LATNUM": 4.088268, "LONGNUM": 9.316459, "ALT_GPS": 9999.0, "ADM1NAME": "SUD-OUEST" }, "geometry": { "type": "Point", "coordinates": [ 9.316459, 4.088268 ] } },
{ "type": "Feature", "properties": { "DHSID": "CM201800000427", "DHSCC": "CM", "DHSYEAR": 2018.0, "DHSCLUST": 427.0, "URBAN_RURA": "R", "LATNUM": 6.303647, "LONGNUM": 10.74267, "ALT_GPS": 9999.0, "ADM1NAME": "NORD-OUEST" }, "geometry": { "type": "Point", "coordinates": [ 10.74267, 6.303647 ] } },
{ "type": "Feature", "properties": { "DHSID": "CM201800000428", "DHSCC": "CM", "DHSYEAR": 2018.0, "DHSCLUST": 428.0, "URBAN_RURA": "U", "LATNUM": 3.854618, "LONGNUM": 11.534267, "ALT_GPS": 9999.0, "ADM1NAME": "YAOUNDE" }, "geometry": { "type": "Point", "coordinates": [ 11.534267, 3.854618 ] } },
{ "type": "Feature", "properties": { "DHSID": "CM201800000429", "DHSCC": "CM", "DHSYEAR": 2018.0, "DHSCLUST": 429.0, "URBAN_RURA": "U", "LATNUM": 5.134994, "LONGNUM": 9.968429, "ALT_GPS": 9999.0, "ADM1NAME": "LITTORAL" }, "geometry": { "type": "Point", "coordinates": [ 9.968429, 5.134994 ] } },
{ "type": "Feature", "properties": { "DHSID": "CM201800000430", "DHSCC": "CM", "DHSYEAR": 2018.0, "DHSCLUST": 430.0, "URBAN_RURA": "R", "LATNUM": 4.111128, "LONGNUM": 13.24074, "ALT_GPS": 9999.0, "ADM1NAME": "EST" }, "geometry": { "type": "Point", "coordinates": [ 13.24074, 4.111128 ] } },
{ "type": "Feature", "properties": { "DHSID": "CM201800000431", "DHSCC": "CM", "DHSYEAR": 2018.0, "DHSCLUST": 431.0, "URBAN_RURA": "R", "LATNUM": 5.008427, "LONGNUM": 11.253785, "ALT_GPS": 9999.0, "ADM1NAME": "CENTRE" }, "geometry": { "type": "Point", "coordinates": [ 11.253785, 5.008427 ] } },
{ "type": "Feature", "properties": { "DHSID": "CM201800000432", "DHSCC": "CM", "DHSYEAR": 2018.0, "DHSCLUST": 432.0, "URBAN_RURA": "R", "LATNUM": 9.354506, "LONGNUM": 13.402444, "ALT_GPS": 9999.0, "ADM1NAME": "NORD" }, "geometry": { "type": "Point", "coordinates": [ 13.402444, 9.354506 ] } },
{ "type": "Feature", "properties": { "DHSID": "CM201800000433", "DHSCC": "CM", "DHSYEAR": 2018.0, "DHSCLUST": 433.0, "URBAN_RURA": "U", "LATNUM": 3.883597, "LONGNUM": 11.500286, "ALT_GPS": 9999.0, "ADM1NAME": "YAOUNDE" }, "geometry": { "type": "Point", "coordinates": [ 11.500286, 3.883597 ] } },
{ "type": "Feature", "properties": { "DHSID": "CM201800000434", "DHSCC": "CM", "DHSYEAR": 2018.0, "DHSCLUST": 434.0, "URBAN_RURA": "U", "LATNUM": 4.438244, "LONGNUM": 11.901472, "ALT_GPS": 9999.0, "ADM1NAME": "CENTRE" }, "geometry": { "type": "Point", "coordinates": [ 11.901472, 4.438244 ] } },
{ "type": "Feature", "properties": { "DHSID": "CM201800000435", "DHSCC": "CM", "DHSYEAR": 2018.0, "DHSCLUST": 435.0, "URBAN_RURA": "R", "LATNUM": 2.90006, "LONGNUM": 11.729828, "ALT_GPS": 9999.0, "ADM1NAME": "SUD" }, "geometry": { "type": "Point", "coordinates": [ 11.729828, 2.90006 ] } },
{ "type": "Feature", "properties": { "DHSID": "CM201800000436", "DHSCC": "CM", "DHSYEAR": 2018.0, "DHSCLUST": 436.0, "URBAN_RURA": "U", "LATNUM": 4.165041, "LONGNUM": 11.545193, "ALT_GPS": 9999.0, "ADM1NAME": "CENTRE" }, "geometry": { "type": "Point", "coordinates": [ 11.545193, 4.165041 ] } },
{ "type": "Feature", "properties": { "DHSID": "CM201800000437", "DHSCC": "CM", "DHSYEAR": 2018.0, "DHSCLUST": 437.0, "URBAN_RURA": "U", "LATNUM": 4.027575, "LONGNUM": 9.722779, "ALT_GPS": 9999.0, "ADM1NAME": "DOUALA" }, "geometry": { "type": "Point", "coordinates": [ 9.722779, 4.027575 ] } },
{ "type": "Feature", "properties": { "DHSID": "CM201800000438", "DHSCC": "CM", "DHSYEAR": 2018.0, "DHSCLUST": 438.0, "URBAN_RURA": "R", "LATNUM": 5.106866, "LONGNUM": 10.465615, "ALT_GPS": 9999.0, "ADM1NAME": "OUEST" }, "geometry": { "type": "Point", "coordinates": [ 10.465615, 5.106866 ] } },
{ "type": "Feature", "properties": { "DHSID": "CM201800000439", "DHSCC": "CM", "DHSYEAR": 2018.0, "DHSCLUST": 439.0, "URBAN_RURA": "U", "LATNUM": 10.612032, "LONGNUM": 14.343363, "ALT_GPS": 9999.0, "ADM1NAME": "EXTREME-NORD" }, "geometry": { "type": "Point", "coordinates": [ 14.343363, 10.612032 ] } },
{ "type": "Feature", "properties": { "DHSID": "CM201800000441", "DHSCC": "CM", "DHSYEAR": 2018.0, "DHSCLUST": 441.0, "URBAN_RURA": "R", "LATNUM": 3.62233, "LONGNUM": 11.169313, "ALT_GPS": 9999.0, "ADM1NAME": "CENTRE" }, "geometry": { "type": "Point", "coordinates": [ 11.169313, 3.62233 ] } },
{ "type": "Feature", "properties": { "DHSID": "CM201800000442", "DHSCC": "CM", "DHSYEAR": 2018.0, "DHSCLUST": 442.0, "URBAN_RURA": "R", "LATNUM": 5.112917, "LONGNUM": 10.42901, "ALT_GPS": 9999.0, "ADM1NAME": "OUEST" }, "geometry": { "type": "Point", "coordinates": [ 10.42901, 5.112917 ] } },
{ "type": "Feature", "properties": { "DHSID": "CM201800000443", "DHSCC": "CM", "DHSYEAR": 2018.0, "DHSCLUST": 443.0, "URBAN_RURA": "U", "LATNUM": 12.769557, "LONGNUM": 14.560725, "ALT_GPS": 9999.0, "ADM1NAME": "EXTREME-NORD" }, "geometry": { "type": "Point", "coordinates": [ 14.560725, 12.769557 ] } },
{ "type": "Feature", "properties": { "DHSID": "CM201800000444", "DHSCC": "CM", "DHSYEAR": 2018.0, "DHSCLUST": 444.0, "URBAN_RURA": "R", "LATNUM": 2.847468, "LONGNUM": 11.169574, "ALT_GPS": 9999.0, "ADM1NAME": "SUD" }, "geometry": { "type": "Point", "coordinates": [ 11.169574, 2.847468 ] } },
{ "type": "Feature", "properties": { "DHSID": "CM201800000445", "DHSCC": "CM", "DHSYEAR": 2018.0, "DHSCLUST": 445.0, "URBAN_RURA": "U", "LATNUM": 4.083581, "LONGNUM": 9.616093, "ALT_GPS": 9999.0, "ADM1NAME": "DOUALA" }, "geometry": { "type": "Point", "coordinates": [ 9.616093, 4.083581 ] } },
{ "type": "Feature", "properties": { "DHSID": "CM201800000446", "DHSCC": "CM", "DHSYEAR": 2018.0, "DHSCLUST": 446.0, "URBAN_RURA": "U", "LATNUM": 3.876906, "LONGNUM": 11.478789, "ALT_GPS": 9999.0, "ADM1NAME": "YAOUNDE" }, "geometry": { "type": "Point", "coordinates": [ 11.478789, 3.876906 ] } },
{ "type": "Feature", "properties": { "DHSID": "CM201800000447", "DHSCC": "CM", "DHSYEAR": 2018.0, "DHSCLUST": 447.0, "URBAN_RURA": "U", "LATNUM": 3.814339, "LONGNUM": 11.497181, "ALT_GPS": 9999.0, "ADM1NAME": "YAOUNDE" }, "geometry": { "type": "Point", "coordinates": [ 11.497181, 3.814339 ] } },
{ "type": "Feature", "properties": { "DHSID": "CM201800000448", "DHSCC": "CM", "DHSYEAR": 2018.0, "DHSCLUST": 448.0, "URBAN_RURA": "U", "LATNUM": 4.750062, "LONGNUM": 11.21874, "ALT_GPS": 9999.0, "ADM1NAME": "CENTRE" }, "geometry": { "type": "Point", "coordinates": [ 11.21874, 4.750062 ] } },
{ "type": "Feature", "properties": { "DHSID": "CM201800000449", "DHSCC": "CM", "DHSYEAR": 2018.0, "DHSCLUST": 449.0, "URBAN_RURA": "R", "LATNUM": 6.017733, "LONGNUM": 10.120192, "ALT_GPS": 9999.0, "ADM1NAME": "NORD-OUEST" }, "geometry": { "type": "Point", "coordinates": [ 10.120192, 6.017733 ] } },
{ "type": "Feature", "properties": { "DHSID": "CM201800000450", "DHSCC": "CM", "DHSYEAR": 2018.0, "DHSCLUST": 450.0, "URBAN_RURA": "U", "LATNUM": 12.066657, "LONGNUM": 15.035812, "ALT_GPS": 9999.0, "ADM1NAME": "EXTREME-NORD" }, "geometry": { "type": "Point", "coordinates": [ 15.035812, 12.066657 ] } },
{ "type": "Feature", "properties": { "DHSID": "CM201800000451", "DHSCC": "CM", "DHSYEAR": 2018.0, "DHSCLUST": 451.0, "URBAN_RURA": "R", "LATNUM": 10.481704, "LONGNUM": 14.784792, "ALT_GPS": 9999.0, "ADM1NAME": "EXTREME-NORD" }, "geometry": { "type": "Point", "coordinates": [ 14.784792, 10.481704 ] } },
{ "type": "Feature", "properties": { "DHSID": "CM201800000452", "DHSCC": "CM", "DHSYEAR": 2018.0, "DHSCLUST": 452.0, "URBAN_RURA": "R", "LATNUM": 10.985032, "LONGNUM": 14.349723, "ALT_GPS": 9999.0, "ADM1NAME": "EXTREME-NORD" }, "geometry": { "type": "Point", "coordinates": [ 14.349723, 10.985032 ] } },
{ "type": "Feature", "properties": { "DHSID": "CM201800000453", "DHSCC": "CM", "DHSYEAR": 2018.0, "DHSCLUST": 453.0, "URBAN_RURA": "U", "LATNUM": 4.946776, "LONGNUM": 9.922827, "ALT_GPS": 9999.0, "ADM1NAME": "LITTORAL" }, "geometry": { "type": "Point", "coordinates": [ 9.922827, 4.946776 ] } },
{ "type": "Feature", "properties": { "DHSID": "CM201800000454", "DHSCC": "CM", "DHSYEAR": 2018.0, "DHSCLUST": 454.0, "URBAN_RURA": "U", "LATNUM": 9.296845, "LONGNUM": 13.372689, "ALT_GPS": 9999.0, "ADM1NAME": "NORD" }, "geometry": { "type": "Point", "coordinates": [ 13.372689, 9.296845 ] } },
{ "type": "Feature", "properties": { "DHSID": "CM201800000455", "DHSCC": "CM", "DHSYEAR": 2018.0, "DHSCLUST": 455.0, "URBAN_RURA": "R", "LATNUM": 10.651806, "LONGNUM": 13.91417, "ALT_GPS": 9999.0, "ADM1NAME": "EXTREME-NORD" }, "geometry": { "type": "Point", "coordinates": [ 13.91417, 10.651806 ] } },
{ "type": "Feature", "properties": { "DHSID": "CM201800000456", "DHSCC": "CM", "DHSYEAR": 2018.0, "DHSCLUST": 456.0, "URBAN_RURA": "U", "LATNUM": 2.943631, "LONGNUM": 11.987041, "ALT_GPS": 9999.0, "ADM1NAME": "SUD" }, "geometry": { "type": "Point", "coordinates": [ 11.987041, 2.943631 ] } },
{ "type": "Feature", "properties": { "DHSID": "CM201800000457", "DHSCC": "CM", "DHSYEAR": 2018.0, "DHSCLUST": 457.0, "URBAN_RURA": "U", "LATNUM": 5.497691, "LONGNUM": 10.43389, "ALT_GPS": 9999.0, "ADM1NAME": "OUEST" }, "geometry": { "type": "Point", "coordinates": [ 10.43389, 5.497691 ] } },
{ "type": "Feature", "properties": { "DHSID": "CM201800000458", "DHSCC": "CM", "DHSYEAR": 2018.0, "DHSCLUST": 458.0, "URBAN_RURA": "U", "LATNUM": 3.976194, "LONGNUM": 9.75298, "ALT_GPS": 9999.0, "ADM1NAME": "DOUALA" }, "geometry": { "type": "Point", "coordinates": [ 9.75298, 3.976194 ] } },
{ "type": "Feature", "properties": { "DHSID": "CM201800000459", "DHSCC": "CM", "DHSYEAR": 2018.0, "DHSCLUST": 459.0, "URBAN_RURA": "U", "LATNUM": 7.320946, "LONGNUM": 13.595693, "ALT_GPS": 9999.0, "ADM1NAME": "ADAMAOUA" }, "geometry": { "type": "Point", "coordinates": [ 13.595693, 7.320946 ] } },
{ "type": "Feature", "properties": { "DHSID": "CM201800000461", "DHSCC": "CM", "DHSYEAR": 2018.0, "DHSCLUST": 461.0, "URBAN_RURA": "U", "LATNUM": 4.012805, "LONGNUM": 9.744562, "ALT_GPS": 9999.0, "ADM1NAME": "DOUALA" }, "geometry": { "type": "Point", "coordinates": [ 9.744562, 4.012805 ] } },
{ "type": "Feature", "properties": { "DHSID": "CM201800000462", "DHSCC": "CM", "DHSYEAR": 2018.0, "DHSCLUST": 462.0, "URBAN_RURA": "U", "LATNUM": 2.921289, "LONGNUM": 11.128844, "ALT_GPS": 9999.0, "ADM1NAME": "SUD" }, "geometry": { "type": "Point", "coordinates": [ 11.128844, 2.921289 ] } },
{ "type": "Feature", "properties": { "DHSID": "CM201800000463", "DHSCC": "CM", "DHSYEAR": 2018.0, "DHSCLUST": 463.0, "URBAN_RURA": "R", "LATNUM": 3.645991, "LONGNUM": 9.662825, "ALT_GPS": 9999.0, "ADM1NAME": "LITTORAL" }, "geometry": { "type": "Point", "coordinates": [ 9.662825, 3.645991 ] } },
{ "type": "Feature", "properties": { "DHSID": "CM201800000465", "DHSCC": "CM", "DHSYEAR": 2018.0, "DHSCLUST": 465.0, "URBAN_RURA": "U", "LATNUM": 4.063146, "LONGNUM": 9.717118, "ALT_GPS": 9999.0, "ADM1NAME": "DOUALA" }, "geometry": { "type": "Point", "coordinates": [ 9.717118, 4.063146 ] } },
{ "type": "Feature", "properties": { "DHSID": "CM201800000466", "DHSCC": "CM", "DHSYEAR": 2018.0, "DHSCLUST": 466.0, "URBAN_RURA": "R", "LATNUM": 10.85083, "LONGNUM": 14.659263, "ALT_GPS": 9999.0, "ADM1NAME": "EXTREME-NORD" }, "geometry": { "type": "Point", "coordinates": [ 14.659263, 10.85083 ] } },
{ "type": "Feature", "properties": { "DHSID": "CM201800000467", "DHSCC": "CM", "DHSYEAR": 2018.0, "DHSCLUST": 467.0, "URBAN_RURA": "U", "LATNUM": 4.960422, "LONGNUM": 9.937793, "ALT_GPS": 9999.0, "ADM1NAME": "LITTORAL" }, "geometry": { "type": "Point", "coordinates": [ 9.937793, 4.960422 ] } },
{ "type": "Feature", "properties": { "DHSID": "CM201800000468", "DHSCC": "CM", "DHSYEAR": 2018.0, "DHSCLUST": 468.0, "URBAN_RURA": "R", "LATNUM": 9.544194, "LONGNUM": 13.200813, "ALT_GPS": 9999.0, "ADM1NAME": "NORD" }, "geometry": { "type": "Point", "coordinates": [ 13.200813, 9.544194 ] } },
{ "type": "Feature", "properties": { "DHSID": "CM201800000469", "DHSCC": "CM", "DHSYEAR": 2018.0, "DHSCLUST": 469.0, "URBAN_RURA": "R", "LATNUM": 10.190109, "LONGNUM": 13.740545, "ALT_GPS": 9999.0, "ADM1NAME": "NORD" }, "geometry": { "type": "Point", "coordinates": [ 13.740545, 10.190109 ] } }
]
}
