matrice,de,vers,de_lon,de_lat,vers_lon,vers_lat
contiguite_queen,1,23,9.745287703203852,4.328315906021576,9.785187285343538,4.144712956421057
contiguite_queen,1,45,9.745287703203852,4.328315906021576,9.639685917268018,4.169112126273628
contiguite_queen,1,116,9.745287703203852,4.328315906021576,9.541383540191225,4.4114086426837344
contiguite_queen,1,159,9.745287703203852,4.328315906021576,9.699027746339027,4.5623557796660625
contiguite_queen,1,188,9.745287703203852,4.328315906021576,9.406685660624394,4.087601137867745
contiguite_queen,1,196,9.745287703203852,4.328315906021576,10.122700065826912,4.393707360551819
contiguite_queen,2,4,13.569604243853174,3.726726869762295,12.209299957241766,3.7181821835015567
contiguite_queen,2,8,13.569604243853174,3.726726869762295,12.535040136281765,4.11111993560804
contiguite_queen,2,49,13.569604243853174,3.726726869762295,13.362079913077384,4.229668082991144
contiguite_queen,2,99,13.569604243853174,3.726726869762295,13.935894099393247,2.8534232095931147
contiguite_queen,2,115,13.569604243853174,3.726726869762295,14.118116335562965,4.001330140101417
contiguite_queen,2,124,13.569604243853174,3.726726869762295,12.965423043178449,3.4895547256976833
contiguite_queen,2,155,13.569604243853174,3.726726869762295,12.965238179695211,4.387402984679682
contiguite_queen,2,198,13.569604243853174,3.726726869762295,15.092544494120396,3.2079278126591233
contiguite_queen,3,160,10.659456001687692,6.868841638918716,10.594798057680302,6.633666604222704
contiguite_queen,4,2,12.209299957241766,3.7181821835015567,13.569604243853174,3.726726869762295
contiguite_queen,4,7,12.209299957241766,3.7181821835015567,11.881777902610095,3.9241210545887535
contiguite_queen,4,8,12.209299957241766,3.7181821835015567,12.535040136281765,4.11111993560804
contiguite_queen,4,113,12.209299957241766,3.7181821835015567,11.481802159175013,3.3413297687542376
contiguite_queen,4,114,12.209299957241766,3.7181821835015567,12.114027861812971,4.3721451544779715
contiguite_queen,4,124,12.209299957241766,3.7181821835015567,12.965423043178449,3.4895547256976833
contiguite_queen,4,125,12.209299957241766,3.7181821835015567,12.419455439744308,3.1911819490409767
contiguite_queen,4,126,12.209299957241766,3.7181821835015567,11.73965954683516,3.6988793865784397
contiguite_queen,4,200,12.209299957241766,3.7181821835015567,11.89009348174138,3.274079900074423
contiguite_queen,5,31,9.560593940831598,6.240282196142452,9.868559542537078,6.5115389961564185
contiguite_queen,5,105,9.560593940831598,6.240282196142452,9.468541702819683,5.809275984439005
contiguite_queen,5,158,9.560593940831598,6.240282196142452,9.789829905869405,6.1231523438575115
contiguite_queen,6,52,10.909051708862565,2.454424250892356,11.15485812690373,2.923679727057918
contiguite_queen,6,94,10.909051708862565,2.454424250892356,11.27674338287436,2.2337725445776226
contiguite_queen,6,139,10.909051708862565,2.454424250892356,11.752571672209987,2.5897966832113037
contiguite_queen,6,157,10.909051708862565,2.454424250892356,10.207642017271729,2.6083359468090226
contiguite_queen,6,172,10.909051708862565,2.454424250892356,10.955861526045208,2.214114116048904
contiguite_queen,7,4,11.881777902610095,3.9241210545887535,12.209299957241766,3.7181821835015567
contiguite_queen,7,58,11.881777902610095,3.9241210545887535,11.852468399415065,4.143109887005301
contiguite_queen,7,114,11.881777902610095,3.9241210545887535,12.114027861812971,4.3721451544779715
contiguite_queen,7,126,11.881777902610095,3.9241210545887535,11.73965954683516,3.6988793865784397
contiguite_queen,7,184,11.881777902610095,3.9241210545887535,11.609160180599451,3.9994241017142866
contiguite_queen,8,2,12.535040136281765,4.11111993560804,13.569604243853174,3.726726869762295
contiguite_queen,8,4,12.535040136281765,4.11111993560804,12.209299957241766,3.7181821835015567
contiguite_queen,8,114,12.535040136281765,4.11111993560804,12.114027861812971,4.3721451544779715
contiguite_queen,8,141,12.535040136281765,4.11111993560804,12.628108348094306,4.787147852078205
contiguite_queen,8,155,12.535040136281765,4.11111993560804,12.965238179695211,4.387402984679682
contiguite_queen,9,12,10.207233112145365,5.111968117654936,10.349095116864675,5.271180173838332
contiguite_queen,9,18,10.207233112145365,5.111968117654936,10.229894528395373,5.262037363016125
contiguite_queen,9,20,10.207233112145365,5.111968117654936,10.578551384611073,5.064096825334996
contiguite_queen,9,82,10.207233112145365,5.111968117654936,10.066378454074501,5.148842771604446
contiguite_queen,9,122,10.207233112145365,5.111968117654936,9.991373100045545,4.9960984878319525
contiguite_queen,9,163,10.207233112145365,5.111968117654936,10.304349823400868,4.815027064169403
contiguite_queen,10,51,11.137741235728505,4.720050622033574,11.331667566922944,4.379075006178632
contiguite_queen,10,111,11.137741235728505,4.720050622033574,10.923140835702913,5.294956940821281
contiguite_queen,10,132,11.137741235728505,4.720050622033574,11.228416741998542,4.230707929104898
contiguite_queen,10,143,11.137741235728505,4.720050622033574,10.711982803037262,4.711626301837581
contiguite_queen,10,144,11.137741235728505,4.720050622033574,10.876802780428802,4.33287099644862
contiguite_queen,10,165,11.137741235728505,4.720050622033574,11.526928970931479,4.809389696717766
contiguite_queen,10,199,11.137741235728505,4.720050622033574,12.090962745297269,5.563473025556049
contiguite_queen,11,15,10.070028607523378,6.148999260113437,10.114981500968902,5.971401782545947
contiguite_queen,11,16,10.070028607523378,6.148999260113437,10.200103427925507,5.980873757841358
contiguite_queen,11,31,10.070028607523378,6.148999260113437,9.868559542537078,6.5115389961564185
contiguite_queen,11,66,10.070028607523378,6.148999260113437,10.31701132715715,6.2635263742654805
contiguite_queen,11,118,10.070028607523378,6.148999260113437,9.910147086353367,6.014095252228507
contiguite_queen,11,158,10.070028607523378,6.148999260113437,9.789829905869405,6.1231523438575115
contiguite_queen,11,192,10.070028607523378,6.148999260113437,10.279943498532903,6.028026557985204
contiguite_queen,11,195,10.070028607523378,6.148999260113437,10.13256496414212,6.633245628558922
contiguite_queen,12,9,10.349095116864675,5.271180173838332,10.207233112145365,5.111968117654936
contiguite_queen,12,17,10.349095116864675,5.271180173838332,10.315765695645016,5.383433473971641
contiguite_queen,12,18,10.349095116864675,5.271180173838332,10.229894528395373,5.262037363016125
contiguite_queen,12,19,10.349095116864675,5.271180173838332,10.470141824645795,5.3375810387559115
contiguite_queen,12,20,10.349095116864675,5.271180173838332,10.578551384611073,5.064096825334996
contiguite_queen,13,55,8.676016673380985,4.6670571766311335,9.011017531939366,4.677031900210192
contiguite_queen,13,137,8.676016673380985,4.6670571766311335,8.984392861361295,5.0840794528778455
contiguite_queen,14,15,10.018311143143732,5.877229610034149,10.114981500968902,5.971401782545947
contiguite_queen,14,27,10.018311143143732,5.877229610034149,9.813413388280042,5.8568690659714875
contiguite_queen,14,118,10.018311143143732,5.877229610034149,9.910147086353367,6.014095252228507
contiguite_queen,14,182,10.018311143143732,5.877229610034149,10.16251607422932,5.816186350929746
contiguite_queen,15,11,10.114981500968902,5.971401782545947,10.070028607523378,6.148999260113437
contiguite_queen,15,14,10.114981500968902,5.971401782545947,10.018311143143732,5.877229610034149
contiguite_queen,15,16,10.114981500968902,5.971401782545947,10.200103427925507,5.980873757841358
contiguite_queen,15,118,10.114981500968902,5.971401782545947,9.910147086353367,6.014095252228507
contiguite_queen,15,182,10.114981500968902,5.971401782545947,10.16251607422932,5.816186350929746
contiguite_queen,16,11,10.200103427925507,5.980873757841358,10.070028607523378,6.148999260113437
contiguite_queen,16,15,10.200103427925507,5.980873757841358,10.114981500968902,5.971401782545947
contiguite_queen,16,182,10.200103427925507,5.980873757841358,10.16251607422932,5.816186350929746
contiguite_queen,16,192,10.200103427925507,5.980873757841358,10.279943498532903,6.028026557985204
contiguite_queen,17,12,10.315765695645016,5.383433473971641,10.349095116864675,5.271180173838332
contiguite_queen,17,18,10.315765695645016,5.383433473971641,10.229894528395373,5.262037363016125
contiguite_queen,17,19,10.315765695645016,5.383433473971641,10.470141824645795,5.3375810387559115
contiguite_queen,17,127,10.315765695645016,5.383433473971641,10.443602124878293,5.517118542745777
contiguite_queen,17,173,10.315765695645016,5.383433473971641,10.23285308322495,5.441660974715963
contiguite_queen,18,9,10.229894528395373,5.262037363016125,10.207233112145365,5.111968117654936
contiguite_queen,18,12,10.229894528395373,5.262037363016125,10.349095116864675,5.271180173838332
contiguite_queen,18,17,10.229894528395373,5.262037363016125,10.315765695645016,5.383433473971641
contiguite_queen,18,50,10.229894528395373,5.262037363016125,10.057569639178821,5.448037951111124
contiguite_queen,18,82,10.229894528395373,5.262037363016125,10.066378454074501,5.148842771604446
contiguite_queen,18,173,10.229894528395373,5.262037363016125,10.23285308322495,5.441660974715963
contiguite_queen,19,12,10.470141824645795,5.3375810387559115,10.349095116864675,5.271180173838332
contiguite_queen,19,17,10.470141824645795,5.3375810387559115,10.315765695645016,5.383433473971641
contiguite_queen,19,20,10.470141824645795,5.3375810387559115,10.578551384611073,5.064096825334996
contiguite_queen,19,65,10.470141824645795,5.3375810387559115,10.660163380802079,5.401348773025517
contiguite_queen,19,127,10.470141824645795,5.3375810387559115,10.443602124878293,5.517118542745777
contiguite_queen,20,9,10.578551384611073,5.064096825334996,10.207233112145365,5.111968117654936
contiguite_queen,20,12,10.578551384611073,5.064096825334996,10.349095116864675,5.271180173838332
contiguite_queen,20,19,10.578551384611073,5.064096825334996,10.470141824645795,5.3375810387559115
contiguite_queen,20,65,10.578551384611073,5.064096825334996,10.660163380802079,5.401348773025517
contiguite_queen,20,111,10.578551384611073,5.064096825334996,10.923140835702913,5.294956940821281
contiguite_queen,20,143,10.578551384611073,5.064096825334996,10.711982803037262,4.711626301837581
contiguite_queen,20,163,10.578551384611073,5.064096825334996,10.304349823400868,4.815027064169403
contiguite_queen,21,85,9.731828167941632,5.078396669422873,9.426937665699358,4.956162749640458
contiguite_queen,21,106,9.731828167941632,5.078396669422873,9.788310334824631,4.871631798163739
contiguite_queen,21,122,9.731828167941632,5.078396669422873,9.991373100045545,4.9960984878319525
contiguite_queen,21,156,9.731828167941632,5.078396669422873,9.463200471856831,5.33598914962906
contiguite_queen,21,190,9.731828167941632,5.078396669422873,9.63619328443081,4.830349010448445
contiguite_queen,22,64,10.715453105906771,5.886298449960871,10.874415596631701,5.7378739017145035
contiguite_queen,22,86,10.715453105906771,5.886298449960871,10.590576344699189,5.654748852961188
contiguite_queen,22,92,10.715453105906771,5.886298449960871,10.792134732101367,6.145578911161248
contiguite_queen,22,145,10.715453105906771,5.886298449960871,10.461066503639017,5.945991026175412
contiguite_queen,23,1,9.785187285343538,4.144712956421057,9.745287703203852,4.328315906021576
contiguite_queen,23,38,9.785187285343538,4.144712956421057,9.677141575251676,4.104252395931345
contiguite_queen,23,41,9.785187285343538,4.144712956421057,9.807833941139421,4.079563696957229
contiguite_queen,23,44,9.785187285343538,4.144712956421057,9.704607806395392,4.046327194565729
contiguite_queen,23,45,9.785187285343538,4.144712956421057,9.639685917268018,4.169112126273628
contiguite_queen,23,196,9.785187285343538,4.144712956421057,10.122700065826912,4.393707360551819
contiguite_queen,24,25,11.432205053915306,6.261274837398528,11.842669359786743,6.711258108332383
contiguite_queen,24,104,11.432205053915306,6.261274837398528,11.134023532411065,5.884833838390271
contiguite_queen,24,166,11.432205053915306,6.261274837398528,11.061208574047566,6.435845985934484
contiguite_queen,24,199,11.432205053915306,6.261274837398528,12.090962745297269,5.563473025556049
contiguite_queen,25,24,11.842669359786743,6.711258108332383,11.432205053915306,6.261274837398528
contiguite_queen,25,186,11.842669359786743,6.711258108332383,12.484796224942032,6.569436560367275
contiguite_queen,25,187,11.842669359786743,6.711258108332383,12.473213871668028,7.457874201384124
contiguite_queen,25,199,11.842669359786743,6.711258108332383,12.090962745297269,5.563473025556049
contiguite_queen,26,50,10.193609649951817,5.575381794518283,10.057569639178821,5.448037951111124
contiguite_queen,26,120,10.193609649951817,5.575381794518283,10.250920540538742,5.656351190354503
contiguite_queen,26,173,10.193609649951817,5.575381794518283,10.23285308322495,5.441660974715963
contiguite_queen,26,194,10.193609649951817,5.575381794518283,9.974716054844071,5.652395655200064
contiguite_queen,27,14,9.813413388280042,5.8568690659714875,10.018311143143732,5.877229610034149
contiguite_queen,27,105,9.813413388280042,5.8568690659714875,9.468541702819683,5.809275984439005
contiguite_queen,27,118,9.813413388280042,5.8568690659714875,9.910147086353367,6.014095252228507
contiguite_queen,27,158,9.813413388280042,5.8568690659714875,9.789829905869405,6.1231523438575115
contiguite_queen,27,182,9.813413388280042,5.8568690659714875,10.16251607422932,5.816186350929746
contiguite_queen,27,194,9.813413388280042,5.8568690659714875,9.974716054844071,5.652395655200064
contiguite_queen,28,32,14.282941232262424,4.415578250648915,13.836621612605992,4.719471309363384
contiguite_queen,28,33,14.282941232262424,4.415578250648915,14.010348634051365,5.426962929731497
contiguite_queen,28,49,14.282941232262424,4.415578250648915,13.362079913077384,4.229668082991144
contiguite_queen,28,83,14.282941232262424,4.415578250648915,14.528701424203907,4.878453902503643
contiguite_queen,28,115,14.282941232262424,4.415578250648915,14.118116335562965,4.001330140101417
contiguite_queen,28,142,14.282941232262424,4.415578250648915,14.832049475887171,4.100710110272462
contiguite_queen,29,32,13.3482383519708,5.313911712825565,13.836621612605992,4.719471309363384
contiguite_queen,29,33,13.3482383519708,5.313911712825565,14.010348634051365,5.426962929731497
contiguite_queen,29,49,13.3482383519708,5.313911712825565,13.362079913077384,4.229668082991144
contiguite_queen,29,121,13.3482383519708,5.313911712825565,14.02552612133721,6.381903622264582
contiguite_queen,29,141,13.3482383519708,5.313911712825565,12.628108348094306,4.787147852078205
contiguite_queen,29,149,13.3482383519708,5.313911712825565,13.162279732246677,6.385185750846337
contiguite_queen,29,155,13.3482383519708,5.313911712825565,12.965238179695211,4.387402984679682
contiguite_queen,29,199,13.3482383519708,5.313911712825565,12.090962745297269,5.563473025556049
contiguite_queen,30,43,13.95824212347373,6.983497277584013,13.236001829923094,7.151435906147851
contiguite_queen,30,46,13.95824212347373,6.983497277584013,14.77358796072302,6.668603394804258
contiguite_queen,30,121,13.95824212347373,6.983497277584013,14.02552612133721,6.381903622264582
contiguite_queen,30,149,13.95824212347373,6.983497277584013,13.162279732246677,6.385185750846337
contiguite_queen,30,150,13.95824212347373,6.983497277584013,13.706377782618983,7.59894639188055
contiguite_queen,30,151,13.95824212347373,6.983497277584013,13.592154902456526,7.304414219437656
contiguite_queen,30,191,13.95824212347373,6.983497277584013,14.851280814058898,7.657538151751084
contiguite_queen,31,5,9.868559542537078,6.5115389961564185,9.560593940831598,6.240282196142452
contiguite_queen,31,11,9.868559542537078,6.5115389961564185,10.070028607523378,6.148999260113437
contiguite_queen,31,158,9.868559542537078,6.5115389961564185,9.789829905869405,6.1231523438575115
contiguite_queen,31,195,9.868559542537078,6.5115389961564185,10.13256496414212,6.633245628558922
contiguite_queen,32,28,13.836621612605992,4.719471309363384,14.282941232262424,4.415578250648915
contiguite_queen,32,29,13.836621612605992,4.719471309363384,13.3482383519708,5.313911712825565
contiguite_queen,32,33,13.836621612605992,4.719471309363384,14.010348634051365,5.426962929731497
contiguite_queen,32,49,13.836621612605992,4.719471309363384,13.362079913077384,4.229668082991144
contiguite_queen,33,28,14.010348634051365,5.426962929731497,14.282941232262424,4.415578250648915
contiguite_queen,33,29,14.010348634051365,5.426962929731497,13.3482383519708,5.313911712825565
contiguite_queen,33,32,14.010348634051365,5.426962929731497,13.836621612605992,4.719471309363384
contiguite_queen,33,70,14.010348634051365,5.426962929731497,14.39964016536218,5.696235438398996
contiguite_queen,33,83,14.010348634051365,5.426962929731497,14.528701424203907,4.878453902503643
contiguite_queen,33,121,14.010348634051365,5.426962929731497,14.02552612133721,6.381903622264582
contiguite_queen,34,61,13.933409571203496,9.341217327720619,14.097367613139106,9.861852704071946
contiguite_queen,34,73,13.933409571203496,9.341217327720619,13.796023476549156,9.685697794236992
contiguite_queen,34,95,13.933409571203496,9.341217327720619,13.599027484431847,8.79179675519976
contiguite_queen,34,153,13.933409571203496,9.341217327720619,13.215634090782563,9.017748048149386
contiguite_queen,34,175,13.933409571203496,9.341217327720619,13.619094486683345,9.45915448143848
contiguite_queen,34,178,13.933409571203496,9.341217327720619,14.230633804569349,8.826099964308511
contiguite_queen,35,42,11.476208462704863,3.8368882484208835,11.489455826347056,3.8998556207483936
contiguite_queen,35,54,11.476208462704863,3.8368882484208835,11.47345578974545,3.773237226893119
contiguite_queen,35,117,11.476208462704863,3.8368882484208835,11.35104586523716,3.775482098897299
contiguite_queen,35,161,11.476208462704863,3.8368882484208835,11.449018837167603,3.8759071192237364
contiguite_queen,36,87,14.637323512839275,10.781533517339705,14.905254048620753,11.706501316469671
contiguite_queen,36,102,14.637323512839275,10.781533517339705,14.94571053635863,10.97396898225454
contiguite_queen,36,109,14.637323512839275,10.781533517339705,14.345966558690765,10.800853664165002
contiguite_queen,36,110,14.637323512839275,10.781533517339705,14.520892188132894,10.566002910880536
contiguite_queen,36,134,14.637323512839275,10.781533517339705,14.773962678722516,10.43149951965145
contiguite_queen,36,174,14.637323512839275,10.781533517339705,14.535614338457645,10.984282671754313
contiguite_queen,37,53,9.753211501803762,3.9808549856258435,10.05632278418896,3.768206720233695
contiguite_queen,37,79,9.753211501803762,3.9808549856258435,9.82072711199564,3.990440837062225
contiguite_queen,37,107,9.753211501803762,3.9808549856258435,9.607554609184168,3.9223299175912922
contiguite_queen,37,147,9.753211501803762,3.9808549856258435,9.71482536792799,4.011980817913029
contiguite_queen,37,167,9.753211501803762,3.9808549856258435,9.748064376290552,4.017239848490608
contiguite_queen,38,23,9.677141575251676,4.104252395931345,9.785187285343538,4.144712956421057
contiguite_queen,38,44,9.677141575251676,4.104252395931345,9.704607806395392,4.046327194565729
contiguite_queen,38,45,9.677141575251676,4.104252395931345,9.639685917268018,4.169112126273628
contiguite_queen,38,107,9.677141575251676,4.104252395931345,9.607554609184168,3.9223299175912922
contiguite_queen,39,78,13.570309071696947,10.242542439148318,13.845823380946856,10.408959996875023
contiguite_queen,39,112,13.570309071696947,10.242542439148318,13.595891777651348,9.992641461952632
contiguite_queen,39,129,13.570309071696947,10.242542439148318,13.656767175002686,10.571084121705185
contiguite_queen,40,96,9.234294414410952,4.167191924103788,9.126699352599871,4.102585628651627
contiguite_queen,40,119,9.234294414410952,4.167191924103788,9.135272916025864,4.439688029265163
contiguite_queen,40,138,9.234294414410952,4.167191924103788,9.333391794076205,4.3242746654579385
contiguite_queen,40,188,9.234294414410952,4.167191924103788,9.406685660624394,4.087601137867745
contiguite_queen,41,23,9.807833941139421,4.079563696957229,9.785187285343538,4.144712956421057
contiguite_queen,41,44,9.807833941139421,4.079563696957229,9.704607806395392,4.046327194565729
contiguite_queen,41,53,9.807833941139421,4.079563696957229,10.05632278418896,3.768206720233695
contiguite_queen,41,79,9.807833941139421,4.079563696957229,9.82072711199564,3.990440837062225
contiguite_queen,41,97,9.807833941139421,4.079563696957229,9.753946060350472,4.029736111856659
contiguite_queen,41,196,9.807833941139421,4.079563696957229,10.122700065826912,4.393707360551819
contiguite_queen,42,35,11.489455826347056,3.8998556207483936,11.476208462704863,3.8368882484208835
contiguite_queen,42,48,11.489455826347056,3.8998556207483936,11.521605700470367,3.9277494037833165
contiguite_queen,42,54,11.489455826347056,3.8998556207483936,11.47345578974545,3.773237226893119
contiguite_queen,42,161,11.489455826347056,3.8998556207483936,11.449018837167603,3.8759071192237364
contiguite_queen,42,170,11.489455826347056,3.8998556207483936,11.317444456876556,3.978985104239134
contiguite_queen,43,30,13.236001829923094,7.151435906147851,13.95824212347373,6.983497277584013
contiguite_queen,43,149,13.236001829923094,7.151435906147851,13.162279732246677,6.385185750846337
contiguite_queen,43,150,13.236001829923094,7.151435906147851,13.706377782618983,7.59894639188055
contiguite_queen,43,151,13.236001829923094,7.151435906147851,13.592154902456526,7.304414219437656
contiguite_queen,43,186,13.236001829923094,7.151435906147851,12.484796224942032,6.569436560367275
contiguite_queen,43,187,13.236001829923094,7.151435906147851,12.473213871668028,7.457874201384124
contiguite_queen,44,23,9.704607806395392,4.046327194565729,9.785187285343538,4.144712956421057
contiguite_queen,44,38,9.704607806395392,4.046327194565729,9.677141575251676,4.104252395931345
contiguite_queen,44,41,9.704607806395392,4.046327194565729,9.807833941139421,4.079563696957229
contiguite_queen,44,97,9.704607806395392,4.046327194565729,9.753946060350472,4.029736111856659
contiguite_queen,44,147,9.704607806395392,4.046327194565729,9.71482536792799,4.011980817913029
contiguite_queen,45,1,9.639685917268018,4.169112126273628,9.745287703203852,4.328315906021576
contiguite_queen,45,23,9.639685917268018,4.169112126273628,9.785187285343538,4.144712956421057
contiguite_queen,45,38,9.639685917268018,4.169112126273628,9.677141575251676,4.104252395931345
contiguite_queen,45,107,9.639685917268018,4.169112126273628,9.607554609184168,3.9223299175912922
contiguite_queen,45,188,9.639685917268018,4.169112126273628,9.406685660624394,4.087601137867745
contiguite_queen,46,30,14.77358796072302,6.668603394804258,13.95824212347373,6.983497277584013
contiguite_queen,46,121,14.77358796072302,6.668603394804258,14.02552612133721,6.381903622264582
contiguite_queen,46,191,14.77358796072302,6.668603394804258,14.851280814058898,7.657538151751084
contiguite_queen,47,99,12.955009892804176,2.5284023754256,13.935894099393247,2.8534232095931147
contiguite_queen,47,125,12.955009892804176,2.5284023754256,12.419455439744308,3.1911819490409767
contiguite_queen,47,139,12.955009892804176,2.5284023754256,11.752571672209987,2.5897966832113037
contiguite_queen,47,181,12.955009892804176,2.5284023754256,12.028372765767866,2.8437208999522077
contiguite_queen,48,42,11.521605700470367,3.9277494037833165,11.489455826347056,3.8998556207483936
contiguite_queen,48,54,11.521605700470367,3.9277494037833165,11.47345578974545,3.773237226893119
contiguite_queen,48,140,11.521605700470367,3.9277494037833165,11.551184293738705,3.897849802943424
contiguite_queen,48,170,11.521605700470367,3.9277494037833165,11.317444456876556,3.978985104239134
contiguite_queen,48,184,11.521605700470367,3.9277494037833165,11.609160180599451,3.9994241017142866
contiguite_queen,49,2,13.362079913077384,4.229668082991144,13.569604243853174,3.726726869762295
contiguite_queen,49,28,13.362079913077384,4.229668082991144,14.282941232262424,4.415578250648915
contiguite_queen,49,29,13.362079913077384,4.229668082991144,13.3482383519708,5.313911712825565
contiguite_queen,49,32,13.362079913077384,4.229668082991144,13.836621612605992,4.719471309363384
contiguite_queen,49,115,13.362079913077384,4.229668082991144,14.118116335562965,4.001330140101417
contiguite_queen,49,155,13.362079913077384,4.229668082991144,12.965238179695211,4.387402984679682
contiguite_queen,50,18,10.057569639178821,5.448037951111124,10.229894528395373,5.262037363016125
contiguite_queen,50,26,10.057569639178821,5.448037951111124,10.193609649951817,5.575381794518283
contiguite_queen,50,62,10.057569639178821,5.448037951111124,9.873663345426849,5.498491401544758
contiguite_queen,50,82,10.057569639178821,5.448037951111124,10.066378454074501,5.148842771604446
contiguite_queen,50,173,10.057569639178821,5.448037951111124,10.23285308322495,5.441660974715963
contiguite_queen,50,183,10.057569639178821,5.448037951111124,9.9559860083339,5.301921152890036
contiguite_queen,50,194,10.057569639178821,5.448037951111124,9.974716054844071,5.652395655200064
contiguite_queen,51,10,11.331667566922944,4.379075006178632,11.137741235728505,4.720050622033574
contiguite_queen,51,132,11.331667566922944,4.379075006178632,11.228416741998542,4.230707929104898
contiguite_queen,51,165,11.331667566922944,4.379075006178632,11.526928970931479,4.809389696717766
contiguite_queen,51,180,11.331667566922944,4.379075006178632,11.481632437576426,4.343216703470596
contiguite_queen,52,6,11.15485812690373,2.923679727057918,10.909051708862565,2.454424250892356
contiguite_queen,52,98,11.15485812690373,2.923679727057918,10.641895815634856,3.231397428753669
contiguite_queen,52,113,11.15485812690373,2.923679727057918,11.481802159175013,3.3413297687542376
contiguite_queen,52,139,11.15485812690373,2.923679727057918,11.752571672209987,2.5897966832113037
contiguite_queen,52,157,11.15485812690373,2.923679727057918,10.207642017271729,2.6083359468090226
contiguite_queen,52,181,11.15485812690373,2.923679727057918,12.028372765767866,2.8437208999522077
contiguite_queen,52,200,11.15485812690373,2.923679727057918,11.89009348174138,3.274079900074423
contiguite_queen,53,37,10.05632278418896,3.768206720233695,9.753211501803762,3.9808549856258435
contiguite_queen,53,41,10.05632278418896,3.768206720233695,9.807833941139421,4.079563696957229
contiguite_queen,53,57,10.05632278418896,3.768206720233695,10.738368642046616,3.589657368595998
contiguite_queen,53,79,10.05632278418896,3.768206720233695,9.82072711199564,3.990440837062225
contiguite_queen,53,89,10.05632278418896,3.768206720233695,10.096185863565024,3.1681882936674097
contiguite_queen,53,107,10.05632278418896,3.768206720233695,9.607554609184168,3.9223299175912922
contiguite_queen,53,148,10.05632278418896,3.768206720233695,10.618478946981261,4.242487797844001
contiguite_queen,53,177,10.05632278418896,3.768206720233695,10.561851781765835,3.927865279285356
contiguite_queen,53,196,10.05632278418896,3.768206720233695,10.122700065826912,4.393707360551819
contiguite_queen,54,35,11.47345578974545,3.773237226893119,11.476208462704863,3.8368882484208835
contiguite_queen,54,42,11.47345578974545,3.773237226893119,11.489455826347056,3.8998556207483936
contiguite_queen,54,48,11.47345578974545,3.773237226893119,11.521605700470367,3.9277494037833165
contiguite_queen,54,117,11.47345578974545,3.773237226893119,11.35104586523716,3.775482098897299
contiguite_queen,54,140,11.47345578974545,3.773237226893119,11.551184293738705,3.897849802943424
contiguite_queen,54,154,11.47345578974545,3.773237226893119,11.36429731588489,3.5586078071444374
contiguite_queen,54,162,11.47345578974545,3.773237226893119,11.549710771981967,3.8608820458911794
contiguite_queen,54,169,11.47345578974545,3.773237226893119,11.527327784116997,3.8073949735905424
contiguite_queen,55,13,9.011017531939366,4.677031900210192,8.676016673380985,4.6670571766311335
contiguite_queen,55,90,9.011017531939366,4.677031900210192,9.316654270171401,4.739008107204156
contiguite_queen,55,96,9.011017531939366,4.677031900210192,9.126699352599871,4.102585628651627
contiguite_queen,55,119,9.011017531939366,4.677031900210192,9.135272916025864,4.439688029265163
contiguite_queen,55,137,9.011017531939366,4.677031900210192,8.984392861361295,5.0840794528778455
contiguite_queen,56,59,11.316634622265324,4.171065679244759,11.211793224925225,4.127781241272758
contiguite_queen,56,132,11.316634622265324,4.171065679244759,11.228416741998542,4.230707929104898
contiguite_queen,56,168,11.316634622265324,4.171065679244759,11.536707438945543,4.177776858376336
contiguite_queen,57,53,10.738368642046616,3.589657368595998,10.05632278418896,3.768206720233695
contiguite_queen,57,89,10.738368642046616,3.589657368595998,10.096185863565024,3.1681882936674097
contiguite_queen,57,98,10.738368642046616,3.589657368595998,10.641895815634856,3.231397428753669
contiguite_queen,57,113,10.738368642046616,3.589657368595998,11.481802159175013,3.3413297687542376
contiguite_queen,57,152,10.738368642046616,3.589657368595998,10.960724013438494,3.9390054941614063
contiguite_queen,57,154,10.738368642046616,3.589657368595998,11.36429731588489,3.5586078071444374
contiguite_queen,57,177,10.738368642046616,3.589657368595998,10.561851781765835,3.927865279285356
contiguite_queen,58,7,11.852468399415065,4.143109887005301,11.881777902610095,3.9241210545887535
contiguite_queen,58,114,11.852468399415065,4.143109887005301,12.114027861812971,4.3721451544779715
contiguite_queen,58,168,11.852468399415065,4.143109887005301,11.536707438945543,4.177776858376336
contiguite_queen,58,184,11.852468399415065,4.143109887005301,11.609160180599451,3.9994241017142866
contiguite_queen,59,56,11.211793224925225,4.127781241272758,11.316634622265324,4.171065679244759
contiguite_queen,59,132,11.211793224925225,4.127781241272758,11.228416741998542,4.230707929104898
contiguite_queen,59,152,11.211793224925225,4.127781241272758,10.960724013438494,3.9390054941614063
contiguite_queen,59,168,11.211793224925225,4.127781241272758,11.536707438945543,4.177776858376336
contiguite_queen,59,170,11.211793224925225,4.127781241272758,11.317444456876556,3.978985104239134
contiguite_queen,60,105,9.059364092996663,5.639084398121296,9.468541702819683,5.809275984439005
contiguite_queen,60,137,9.059364092996663,5.639084398121296,8.984392861361295,5.0840794528778455
contiguite_queen,60,156,9.059364092996663,5.639084398121296,9.463200471856831,5.33598914962906
contiguite_queen,61,34,14.097367613139106,9.861852704071946,13.933409571203496,9.341217327720619
contiguite_queen,61,73,14.097367613139106,9.861852704071946,13.796023476549156,9.685697794236992
contiguite_queen,61,76,14.097367613139106,9.861852704071946,13.891620361308561,10.035495400808122
contiguite_queen,61,80,14.097367613139106,9.861852704071946,14.402873992991337,10.139736966584424
contiguite_queen,61,135,14.097367613139106,9.861852704071946,14.162735871661852,10.249185031197408
contiguite_queen,62,50,9.873663345426849,5.498491401544758,10.057569639178821,5.448037951111124
contiguite_queen,62,105,9.873663345426849,5.498491401544758,9.468541702819683,5.809275984439005
contiguite_queen,62,156,9.873663345426849,5.498491401544758,9.463200471856831,5.33598914962906
contiguite_queen,62,183,9.873663345426849,5.498491401544758,9.9559860083339,5.301921152890036
contiguite_queen,62,194,9.873663345426849,5.498491401544758,9.974716054844071,5.652395655200064
contiguite_queen,63,103,14.27399987896217,12.465185459482768,14.480314289686001,12.504450623446852
contiguite_queen,64,22,10.874415596631701,5.7378739017145035,10.715453105906771,5.886298449960871
contiguite_queen,64,65,10.874415596631701,5.7378739017145035,10.660163380802079,5.401348773025517
contiguite_queen,64,86,10.874415596631701,5.7378739017145035,10.590576344699189,5.654748852961188
contiguite_queen,64,92,10.874415596631701,5.7378739017145035,10.792134732101367,6.145578911161248
contiguite_queen,64,104,10.874415596631701,5.7378739017145035,11.134023532411065,5.884833838390271
contiguite_queen,64,111,10.874415596631701,5.7378739017145035,10.923140835702913,5.294956940821281
contiguite_queen,65,19,10.660163380802079,5.401348773025517,10.470141824645795,5.3375810387559115
contiguite_queen,65,20,10.660163380802079,5.401348773025517,10.578551384611073,5.064096825334996
contiguite_queen,65,64,10.660163380802079,5.401348773025517,10.874415596631701,5.7378739017145035
contiguite_queen,65,86,10.660163380802079,5.401348773025517,10.590576344699189,5.654748852961188
contiguite_queen,65,111,10.660163380802079,5.401348773025517,10.923140835702913,5.294956940821281
contiguite_queen,65,127,10.660163380802079,5.401348773025517,10.443602124878293,5.517118542745777
contiguite_queen,66,11,10.31701132715715,6.2635263742654805,10.070028607523378,6.148999260113437
contiguite_queen,66,145,10.31701132715715,6.2635263742654805,10.461066503639017,5.945991026175412
contiguite_queen,66,160,10.31701132715715,6.2635263742654805,10.594798057680302,6.633666604222704
contiguite_queen,66,171,10.31701132715715,6.2635263742654805,10.53634873497376,6.297135482461151
contiguite_queen,66,192,10.31701132715715,6.2635263742654805,10.279943498532903,6.028026557985204
contiguite_queen,66,195,10.31701132715715,6.2635263742654805,10.13256496414212,6.633245628558922
contiguite_queen,67,86,10.415189218051506,5.7372267641339665,10.590576344699189,5.654748852961188
contiguite_queen,67,120,10.415189218051506,5.7372267641339665,10.250920540538742,5.656351190354503
contiguite_queen,67,145,10.415189218051506,5.7372267641339665,10.461066503639017,5.945991026175412
contiguite_queen,67,182,10.415189218051506,5.7372267641339665,10.16251607422932,5.816186350929746
contiguite_queen,68,69,13.3651622528576,9.31280790983129,13.425190874354792,9.339875185525488
contiguite_queen,68,71,13.3651622528576,9.31280790983129,13.315244534705021,9.594035290770602
contiguite_queen,68,153,13.3651622528576,9.31280790983129,13.215634090782563,9.017748048149386
contiguite_queen,69,68,13.425190874354792,9.339875185525488,13.3651622528576,9.31280790983129
contiguite_queen,69,71,13.425190874354792,9.339875185525488,13.315244534705021,9.594035290770602
contiguite_queen,69,153,13.425190874354792,9.339875185525488,13.215634090782563,9.017748048149386
contiguite_queen,69,175,13.425190874354792,9.339875185525488,13.619094486683345,9.45915448143848
contiguite_queen,70,33,14.39964016536218,5.696235438398996,14.010348634051365,5.426962929731497
contiguite_queen,70,83,14.39964016536218,5.696235438398996,14.528701424203907,4.878453902503643
contiguite_queen,70,121,14.39964016536218,5.696235438398996,14.02552612133721,6.381903622264582
contiguite_queen,71,68,13.315244534705021,9.594035290770602,13.3651622528576,9.31280790983129
contiguite_queen,71,69,13.315244534705021,9.594035290770602,13.425190874354792,9.339875185525488
contiguite_queen,71,73,13.315244534705021,9.594035290770602,13.796023476549156,9.685697794236992
contiguite_queen,71,112,13.315244534705021,9.594035290770602,13.595891777651348,9.992641461952632
contiguite_queen,71,153,13.315244534705021,9.594035290770602,13.215634090782563,9.017748048149386
contiguite_queen,71,175,13.315244534705021,9.594035290770602,13.619094486683345,9.45915448143848
contiguite_queen,72,76,14.062910387129925,10.413224108923322,13.891620361308561,10.035495400808122
contiguite_queen,72,78,14.062910387129925,10.413224108923322,13.845823380946856,10.408959996875023
contiguite_queen,72,108,14.062910387129925,10.413224108923322,14.255686537377844,10.531602791387552
contiguite_queen,72,123,14.062910387129925,10.413224108923322,14.179186767677018,10.708256548370752
contiguite_queen,72,130,14.062910387129925,10.413224108923322,13.84072916352134,10.711137725084342
contiguite_queen,72,135,14.062910387129925,10.413224108923322,14.162735871661852,10.249185031197408
contiguite_queen,73,34,13.796023476549156,9.685697794236992,13.933409571203496,9.341217327720619
contiguite_queen,73,61,13.796023476549156,9.685697794236992,14.097367613139106,9.861852704071946
contiguite_queen,73,71,13.796023476549156,9.685697794236992,13.315244534705021,9.594035290770602
contiguite_queen,73,76,13.796023476549156,9.685697794236992,13.891620361308561,10.035495400808122
contiguite_queen,73,112,13.796023476549156,9.685697794236992,13.595891777651348,9.992641461952632
contiguite_queen,73,175,13.796023476549156,9.685697794236992,13.619094486683345,9.45915448143848
contiguite_queen,74,87,14.747516810346681,12.379145012133357,14.905254048620753,11.706501316469671
contiguite_queen,74,101,14.747516810346681,12.379145012133357,14.352235730308792,12.843905244679442
contiguite_queen,74,103,14.747516810346681,12.379145012133357,14.480314289686001,12.504450623446852
contiguite_queen,75,81,15.416629091499313,10.00942035458427,14.991265701537104,10.024442247430828
contiguite_queen,75,197,15.416629091499313,10.00942035458427,15.138146637608731,10.244871469650523
contiguite_queen,76,61,13.891620361308561,10.035495400808122,14.097367613139106,9.861852704071946
contiguite_queen,76,72,13.891620361308561,10.035495400808122,14.062910387129925,10.413224108923322
contiguite_queen,76,73,13.891620361308561,10.035495400808122,13.796023476549156,9.685697794236992
contiguite_queen,76,78,13.891620361308561,10.035495400808122,13.845823380946856,10.408959996875023
contiguite_queen,76,112,13.891620361308561,10.035495400808122,13.595891777651348,9.992641461952632
contiguite_queen,76,135,13.891620361308561,10.035495400808122,14.162735871661852,10.249185031197408
contiguite_queen,77,80,14.728796411058056,10.065442453020118,14.402873992991337,10.139736966584424
contiguite_queen,77,81,14.728796411058056,10.065442453020118,14.991265701537104,10.024442247430828
contiguite_queen,77,134,14.728796411058056,10.065442453020118,14.773962678722516,10.43149951965145
contiguite_queen,77,197,14.728796411058056,10.065442453020118,15.138146637608731,10.244871469650523
contiguite_queen,78,39,13.845823380946856,10.408959996875023,13.570309071696947,10.242542439148318
contiguite_queen,78,72,13.845823380946856,10.408959996875023,14.062910387129925,10.413224108923322
contiguite_queen,78,76,13.845823380946856,10.408959996875023,13.891620361308561,10.035495400808122
contiguite_queen,78,112,13.845823380946856,10.408959996875023,13.595891777651348,9.992641461952632
contiguite_queen,78,129,13.845823380946856,10.408959996875023,13.656767175002686,10.571084121705185
contiguite_queen,78,130,13.845823380946856,10.408959996875023,13.84072916352134,10.711137725084342
contiguite_queen,79,37,9.82072711199564,3.990440837062225,9.753211501803762,3.9808549856258435
contiguite_queen,79,41,9.82072711199564,3.990440837062225,9.807833941139421,4.079563696957229
contiguite_queen,79,53,9.82072711199564,3.990440837062225,10.05632278418896,3.768206720233695
contiguite_queen,79,97,9.82072711199564,3.990440837062225,9.753946060350472,4.029736111856659
contiguite_queen,79,167,9.82072711199564,3.990440837062225,9.748064376290552,4.017239848490608
contiguite_queen,80,61,14.402873992991337,10.139736966584424,14.097367613139106,9.861852704071946
contiguite_queen,80,77,14.402873992991337,10.139736966584424,14.728796411058056,10.065442453020118
contiguite_queen,80,128,14.402873992991337,10.139736966584424,14.44478719939228,10.401325490595635
contiguite_queen,80,134,14.402873992991337,10.139736966584424,14.773962678722516,10.43149951965145
contiguite_queen,80,135,14.402873992991337,10.139736966584424,14.162735871661852,10.249185031197408
contiguite_queen,81,75,14.991265701537104,10.024442247430828,15.416629091499313,10.00942035458427
contiguite_queen,81,77,14.991265701537104,10.024442247430828,14.728796411058056,10.065442453020118
contiguite_queen,81,197,14.991265701537104,10.024442247430828,15.138146637608731,10.244871469650523
contiguite_queen,82,9,10.066378454074501,5.148842771604446,10.207233112145365,5.111968117654936
contiguite_queen,82,18,10.066378454074501,5.148842771604446,10.229894528395373,5.262037363016125
contiguite_queen,82,50,10.066378454074501,5.148842771604446,10.057569639178821,5.448037951111124
contiguite_queen,82,122,10.066378454074501,5.148842771604446,9.991373100045545,4.9960984878319525
contiguite_queen,82,183,10.066378454074501,5.148842771604446,9.9559860083339,5.301921152890036
contiguite_queen,83,28,14.528701424203907,4.878453902503643,14.282941232262424,4.415578250648915
contiguite_queen,83,33,14.528701424203907,4.878453902503643,14.010348634051365,5.426962929731497
contiguite_queen,83,70,14.528701424203907,4.878453902503643,14.39964016536218,5.696235438398996
contiguite_queen,84,88,14.043957576899388,11.155262628380436,13.902462567390135,10.879606340363594
contiguite_queen,84,133,14.043957576899388,11.155262628380436,14.562428902591254,11.349110327406564
contiguite_queen,84,136,14.043957576899388,11.155262628380436,13.87140721982382,11.003299470766501
contiguite_queen,85,21,9.426937665699358,4.956162749640458,9.731828167941632,5.078396669422873
contiguite_queen,85,90,9.426937665699358,4.956162749640458,9.316654270171401,4.739008107204156
contiguite_queen,85,91,9.426937665699358,4.956162749640458,9.437840645122527,4.537664631930357
contiguite_queen,85,137,9.426937665699358,4.956162749640458,8.984392861361295,5.0840794528778455
contiguite_queen,85,156,9.426937665699358,4.956162749640458,9.463200471856831,5.33598914962906
contiguite_queen,85,190,9.426937665699358,4.956162749640458,9.63619328443081,4.830349010448445
contiguite_queen,86,22,10.590576344699189,5.654748852961188,10.715453105906771,5.886298449960871
contiguite_queen,86,64,10.590576344699189,5.654748852961188,10.874415596631701,5.7378739017145035
contiguite_queen,86,65,10.590576344699189,5.654748852961188,10.660163380802079,5.401348773025517
contiguite_queen,86,67,10.590576344699189,5.654748852961188,10.415189218051506,5.7372267641339665
contiguite_queen,86,120,10.590576344699189,5.654748852961188,10.250920540538742,5.656351190354503
contiguite_queen,86,127,10.590576344699189,5.654748852961188,10.443602124878293,5.517118542745777
contiguite_queen,86,145,10.590576344699189,5.654748852961188,10.461066503639017,5.945991026175412
contiguite_queen,87,36,14.905254048620753,11.706501316469671,14.637323512839275,10.781533517339705
contiguite_queen,87,74,14.905254048620753,11.706501316469671,14.747516810346681,12.379145012133357
contiguite_queen,87,102,14.905254048620753,11.706501316469671,14.94571053635863,10.97396898225454
contiguite_queen,87,133,14.905254048620753,11.706501316469671,14.562428902591254,11.349110327406564
contiguite_queen,87,174,14.905254048620753,11.706501316469671,14.535614338457645,10.984282671754313
contiguite_queen,88,84,13.902462567390135,10.879606340363594,14.043957576899388,11.155262628380436
contiguite_queen,88,130,13.902462567390135,10.879606340363594,13.84072916352134,10.711137725084342
contiguite_queen,88,133,13.902462567390135,10.879606340363594,14.562428902591254,11.349110327406564
contiguite_queen,88,136,13.902462567390135,10.879606340363594,13.87140721982382,11.003299470766501
contiguite_queen,88,179,13.902462567390135,10.879606340363594,13.961362982447126,10.756400191600767
contiguite_queen,88,189,13.902462567390135,10.879606340363594,14.159175349839343,10.879959888213666
contiguite_queen,89,53,10.096185863565024,3.1681882936674097,10.05632278418896,3.768206720233695
contiguite_queen,89,57,10.096185863565024,3.1681882936674097,10.738368642046616,3.589657368595998
contiguite_queen,89,98,10.096185863565024,3.1681882936674097,10.641895815634856,3.231397428753669
contiguite_queen,89,157,10.096185863565024,3.1681882936674097,10.207642017271729,2.6083359468090226
contiguite_queen,90,55,9.316654270171401,4.739008107204156,9.011017531939366,4.677031900210192
contiguite_queen,90,85,9.316654270171401,4.739008107204156,9.426937665699358,4.956162749640458
contiguite_queen,90,91,9.316654270171401,4.739008107204156,9.437840645122527,4.537664631930357
contiguite_queen,90,119,9.316654270171401,4.739008107204156,9.135272916025864,4.439688029265163
contiguite_queen,90,137,9.316654270171401,4.739008107204156,8.984392861361295,5.0840794528778455
contiguite_queen,91,85,9.437840645122527,4.537664631930357,9.426937665699358,4.956162749640458
contiguite_queen,91,90,9.437840645122527,4.537664631930357,9.316654270171401,4.739008107204156
contiguite_queen,91,116,9.437840645122527,4.537664631930357,9.541383540191225,4.4114086426837344
contiguite_queen,91,119,9.437840645122527,4.537664631930357,9.135272916025864,4.439688029265163
contiguite_queen,91,138,9.437840645122527,4.537664631930357,9.333391794076205,4.3242746654579385
contiguite_queen,91,190,9.437840645122527,4.537664631930357,9.63619328443081,4.830349010448445
contiguite_queen,92,22,10.792134732101367,6.145578911161248,10.715453105906771,5.886298449960871
contiguite_queen,92,64,10.792134732101367,6.145578911161248,10.874415596631701,5.7378739017145035
contiguite_queen,92,93,10.792134732101367,6.145578911161248,10.670814939760433,6.279640423012518
contiguite_queen,92,104,10.792134732101367,6.145578911161248,11.134023532411065,5.884833838390271
contiguite_queen,92,145,10.792134732101367,6.145578911161248,10.461066503639017,5.945991026175412
contiguite_queen,92,146,10.792134732101367,6.145578911161248,10.85540389889327,6.406040356518552
contiguite_queen,92,166,10.792134732101367,6.145578911161248,11.061208574047566,6.435845985934484
contiguite_queen,92,171,10.792134732101367,6.145578911161248,10.53634873497376,6.297135482461151
contiguite_queen,93,92,10.670814939760433,6.279640423012518,10.792134732101367,6.145578911161248
contiguite_queen,93,146,10.670814939760433,6.279640423012518,10.85540389889327,6.406040356518552
contiguite_queen,93,171,10.670814939760433,6.279640423012518,10.53634873497376,6.297135482461151
contiguite_queen,94,6,11.27674338287436,2.2337725445776226,10.909051708862565,2.454424250892356
contiguite_queen,94,172,11.27674338287436,2.2337725445776226,10.955861526045208,2.214114116048904
contiguite_queen,95,34,13.599027484431847,8.79179675519976,13.933409571203496,9.341217327720619
contiguite_queen,95,153,13.599027484431847,8.79179675519976,13.215634090782563,9.017748048149386
contiguite_queen,95,176,13.599027484431847,8.79179675519976,12.888865037696354,8.269466573422823
contiguite_queen,95,178,13.599027484431847,8.79179675519976,14.230633804569349,8.826099964308511
contiguite_queen,95,185,13.599027484431847,8.79179675519976,14.276513591264166,8.236414439234002
contiguite_queen,96,40,9.126699352599871,4.102585628651627,9.234294414410952,4.167191924103788
contiguite_queen,96,55,9.126699352599871,4.102585628651627,9.011017531939366,4.677031900210192
contiguite_queen,96,119,9.126699352599871,4.102585628651627,9.135272916025864,4.439688029265163
contiguite_queen,96,188,9.126699352599871,4.102585628651627,9.406685660624394,4.087601137867745
contiguite_queen,97,41,9.753946060350472,4.029736111856659,9.807833941139421,4.079563696957229
contiguite_queen,97,44,9.753946060350472,4.029736111856659,9.704607806395392,4.046327194565729
contiguite_queen,97,79,9.753946060350472,4.029736111856659,9.82072711199564,3.990440837062225
contiguite_queen,97,147,9.753946060350472,4.029736111856659,9.71482536792799,4.011980817913029
contiguite_queen,97,167,9.753946060350472,4.029736111856659,9.748064376290552,4.017239848490608
contiguite_queen,98,52,10.641895815634856,3.231397428753669,11.15485812690373,2.923679727057918
contiguite_queen,98,57,10.641895815634856,3.231397428753669,10.738368642046616,3.589657368595998
contiguite_queen,98,89,10.641895815634856,3.231397428753669,10.096185863565024,3.1681882936674097
contiguite_queen,98,113,10.641895815634856,3.231397428753669,11.481802159175013,3.3413297687542376
contiguite_queen,98,157,10.641895815634856,3.231397428753669,10.207642017271729,2.6083359468090226
contiguite_queen,99,2,13.935894099393247,2.8534232095931147,13.569604243853174,3.726726869762295
contiguite_queen,99,47,13.935894099393247,2.8534232095931147,12.955009892804176,2.5284023754256
contiguite_queen,99,124,13.935894099393247,2.8534232095931147,12.965423043178449,3.4895547256976833
contiguite_queen,99,125,13.935894099393247,2.8534232095931147,12.419455439744308,3.1911819490409767
contiguite_queen,99,131,13.935894099393247,2.8534232095931147,15.433462140422611,2.3348309066168706
contiguite_queen,99,198,13.935894099393247,2.8534232095931147,15.092544494120396,3.2079278126591233
contiguite_queen,100,106,9.829316773695295,4.706953308320927,9.788310334824631,4.871631798163739
contiguite_queen,100,122,9.829316773695295,4.706953308320927,9.991373100045545,4.9960984878319525
contiguite_queen,100,159,9.829316773695295,4.706953308320927,9.699027746339027,4.5623557796660625
contiguite_queen,100,164,9.829316773695295,4.706953308320927,9.905659420133736,4.88165722931655
contiguite_queen,100,190,9.829316773695295,4.706953308320927,9.63619328443081,4.830349010448445
contiguite_queen,100,196,9.829316773695295,4.706953308320927,10.122700065826912,4.393707360551819
contiguite_queen,101,74,14.352235730308792,12.843905244679442,14.747516810346681,12.379145012133357
contiguite_queen,101,103,14.352235730308792,12.843905244679442,14.480314289686001,12.504450623446852
contiguite_queen,102,36,14.94571053635863,10.97396898225454,14.637323512839275,10.781533517339705
contiguite_queen,102,87,14.94571053635863,10.97396898225454,14.905254048620753,11.706501316469671
contiguite_queen,102,134,14.94571053635863,10.97396898225454,14.773962678722516,10.43149951965145
contiguite_queen,102,193,14.94571053635863,10.97396898225454,15.037326053588046,10.590889253171765
contiguite_queen,103,63,14.480314289686001,12.504450623446852,14.27399987896217,12.465185459482768
contiguite_queen,103,74,14.480314289686001,12.504450623446852,14.747516810346681,12.379145012133357
contiguite_queen,103,101,14.480314289686001,12.504450623446852,14.352235730308792,12.843905244679442
contiguite_queen,104,24,11.134023532411065,5.884833838390271,11.432205053915306,6.261274837398528
contiguite_queen,104,64,11.134023532411065,5.884833838390271,10.874415596631701,5.7378739017145035
contiguite_queen,104,92,11.134023532411065,5.884833838390271,10.792134732101367,6.145578911161248
contiguite_queen,104,111,11.134023532411065,5.884833838390271,10.923140835702913,5.294956940821281
contiguite_queen,104,166,11.134023532411065,5.884833838390271,11.061208574047566,6.435845985934484
contiguite_queen,104,199,11.134023532411065,5.884833838390271,12.090962745297269,5.563473025556049
contiguite_queen,105,5,9.468541702819683,5.809275984439005,9.560593940831598,6.240282196142452
contiguite_queen,105,27,9.468541702819683,5.809275984439005,9.813413388280042,5.8568690659714875
contiguite_queen,105,60,9.468541702819683,5.809275984439005,9.059364092996663,5.639084398121296
contiguite_queen,105,62,9.468541702819683,5.809275984439005,9.873663345426849,5.498491401544758
contiguite_queen,105,156,9.468541702819683,5.809275984439005,9.463200471856831,5.33598914962906
contiguite_queen,105,158,9.468541702819683,5.809275984439005,9.789829905869405,6.1231523438575115
contiguite_queen,105,194,9.468541702819683,5.809275984439005,9.974716054844071,5.652395655200064
contiguite_queen,106,21,9.788310334824631,4.871631798163739,9.731828167941632,5.078396669422873
contiguite_queen,106,100,9.788310334824631,4.871631798163739,9.829316773695295,4.706953308320927
contiguite_queen,106,122,9.788310334824631,4.871631798163739,9.991373100045545,4.9960984878319525
contiguite_queen,106,164,9.788310334824631,4.871631798163739,9.905659420133736,4.88165722931655
contiguite_queen,106,190,9.788310334824631,4.871631798163739,9.63619328443081,4.830349010448445
contiguite_queen,107,37,9.607554609184168,3.9223299175912922,9.753211501803762,3.9808549856258435
contiguite_queen,107,38,9.607554609184168,3.9223299175912922,9.677141575251676,4.104252395931345
contiguite_queen,107,45,9.607554609184168,3.9223299175912922,9.639685917268018,4.169112126273628
contiguite_queen,107,53,9.607554609184168,3.9223299175912922,10.05632278418896,3.768206720233695
contiguite_queen,107,147,9.607554609184168,3.9223299175912922,9.71482536792799,4.011980817913029
contiguite_queen,107,188,9.607554609184168,3.9223299175912922,9.406685660624394,4.087601137867745
contiguite_queen,108,72,14.255686537377844,10.531602791387552,14.062910387129925,10.413224108923322
contiguite_queen,108,109,14.255686537377844,10.531602791387552,14.345966558690765,10.800853664165002
contiguite_queen,108,110,14.255686537377844,10.531602791387552,14.520892188132894,10.566002910880536
contiguite_queen,108,123,14.255686537377844,10.531602791387552,14.179186767677018,10.708256548370752
contiguite_queen,108,128,14.255686537377844,10.531602791387552,14.44478719939228,10.401325490595635
contiguite_queen,108,135,14.255686537377844,10.531602791387552,14.162735871661852,10.249185031197408
contiguite_queen,109,36,14.345966558690765,10.800853664165002,14.637323512839275,10.781533517339705
contiguite_queen,109,108,14.345966558690765,10.800853664165002,14.255686537377844,10.531602791387552
contiguite_queen,109,110,14.345966558690765,10.800853664165002,14.520892188132894,10.566002910880536
contiguite_queen,109,123,14.345966558690765,10.800853664165002,14.179186767677018,10.708256548370752
contiguite_queen,109,133,14.345966558690765,10.800853664165002,14.562428902591254,11.349110327406564
contiguite_queen,109,174,14.345966558690765,10.800853664165002,14.535614338457645,10.984282671754313
contiguite_queen,109,189,14.345966558690765,10.800853664165002,14.159175349839343,10.879959888213666
contiguite_queen,110,36,14.520892188132894,10.566002910880536,14.637323512839275,10.781533517339705
contiguite_queen,110,108,14.520892188132894,10.566002910880536,14.255686537377844,10.531602791387552
contiguite_queen,110,109,14.520892188132894,10.566002910880536,14.345966558690765,10.800853664165002
contiguite_queen,110,128,14.520892188132894,10.566002910880536,14.44478719939228,10.401325490595635
contiguite_queen,110,134,14.520892188132894,10.566002910880536,14.773962678722516,10.43149951965145
contiguite_queen,111,10,10.923140835702913,5.294956940821281,11.137741235728505,4.720050622033574
contiguite_queen,111,20,10.923140835702913,5.294956940821281,10.578551384611073,5.064096825334996
contiguite_queen,111,64,10.923140835702913,5.294956940821281,10.874415596631701,5.7378739017145035
contiguite_queen,111,65,10.923140835702913,5.294956940821281,10.660163380802079,5.401348773025517
contiguite_queen,111,104,10.923140835702913,5.294956940821281,11.134023532411065,5.884833838390271
contiguite_queen,111,143,10.923140835702913,5.294956940821281,10.711982803037262,4.711626301837581
contiguite_queen,111,199,10.923140835702913,5.294956940821281,12.090962745297269,5.563473025556049
contiguite_queen,112,39,13.595891777651348,9.992641461952632,13.570309071696947,10.242542439148318
contiguite_queen,112,71,13.595891777651348,9.992641461952632,13.315244534705021,9.594035290770602
contiguite_queen,112,73,13.595891777651348,9.992641461952632,13.796023476549156,9.685697794236992
contiguite_queen,112,76,13.595891777651348,9.992641461952632,13.891620361308561,10.035495400808122
contiguite_queen,112,78,13.595891777651348,9.992641461952632,13.845823380946856,10.408959996875023
contiguite_queen,113,4,11.481802159175013,3.3413297687542376,12.209299957241766,3.7181821835015567
contiguite_queen,113,52,11.481802159175013,3.3413297687542376,11.15485812690373,2.923679727057918
contiguite_queen,113,57,11.481802159175013,3.3413297687542376,10.738368642046616,3.589657368595998
contiguite_queen,113,98,11.481802159175013,3.3413297687542376,10.641895815634856,3.231397428753669
contiguite_queen,113,126,11.481802159175013,3.3413297687542376,11.73965954683516,3.6988793865784397
contiguite_queen,113,154,11.481802159175013,3.3413297687542376,11.36429731588489,3.5586078071444374
contiguite_queen,113,200,11.481802159175013,3.3413297687542376,11.89009348174138,3.274079900074423
contiguite_queen,114,4,12.114027861812971,4.3721451544779715,12.209299957241766,3.7181821835015567
contiguite_queen,114,7,12.114027861812971,4.3721451544779715,11.881777902610095,3.9241210545887535
contiguite_queen,114,8,12.114027861812971,4.3721451544779715,12.535040136281765,4.11111993560804
contiguite_queen,114,58,12.114027861812971,4.3721451544779715,11.852468399415065,4.143109887005301
contiguite_queen,114,141,12.114027861812971,4.3721451544779715,12.628108348094306,4.787147852078205
contiguite_queen,114,165,12.114027861812971,4.3721451544779715,11.526928970931479,4.809389696717766
contiguite_queen,114,168,12.114027861812971,4.3721451544779715,11.536707438945543,4.177776858376336
contiguite_queen,115,2,14.118116335562965,4.001330140101417,13.569604243853174,3.726726869762295
contiguite_queen,115,28,14.118116335562965,4.001330140101417,14.282941232262424,4.415578250648915
contiguite_queen,115,49,14.118116335562965,4.001330140101417,13.362079913077384,4.229668082991144
contiguite_queen,115,142,14.118116335562965,4.001330140101417,14.832049475887171,4.100710110272462
contiguite_queen,115,198,14.118116335562965,4.001330140101417,15.092544494120396,3.2079278126591233
contiguite_queen,116,1,9.541383540191225,4.4114086426837344,9.745287703203852,4.328315906021576
contiguite_queen,116,91,9.541383540191225,4.4114086426837344,9.437840645122527,4.537664631930357
contiguite_queen,116,138,9.541383540191225,4.4114086426837344,9.333391794076205,4.3242746654579385
contiguite_queen,116,159,9.541383540191225,4.4114086426837344,9.699027746339027,4.5623557796660625
contiguite_queen,116,188,9.541383540191225,4.4114086426837344,9.406685660624394,4.087601137867745
contiguite_queen,116,190,9.541383540191225,4.4114086426837344,9.63619328443081,4.830349010448445
contiguite_queen,117,35,11.35104586523716,3.775482098897299,11.476208462704863,3.8368882484208835
contiguite_queen,117,54,11.35104586523716,3.775482098897299,11.47345578974545,3.773237226893119
contiguite_queen,117,152,11.35104586523716,3.775482098897299,10.960724013438494,3.9390054941614063
contiguite_queen,117,154,11.35104586523716,3.775482098897299,11.36429731588489,3.5586078071444374
contiguite_queen,117,161,11.35104586523716,3.775482098897299,11.449018837167603,3.8759071192237364
contiguite_queen,117,170,11.35104586523716,3.775482098897299,11.317444456876556,3.978985104239134
contiguite_queen,118,11,9.910147086353367,6.014095252228507,10.070028607523378,6.148999260113437
contiguite_queen,118,14,9.910147086353367,6.014095252228507,10.018311143143732,5.877229610034149
contiguite_queen,118,15,9.910147086353367,6.014095252228507,10.114981500968902,5.971401782545947
contiguite_queen,118,27,9.910147086353367,6.014095252228507,9.813413388280042,5.8568690659714875
contiguite_queen,118,158,9.910147086353367,6.014095252228507,9.789829905869405,6.1231523438575115
contiguite_queen,119,40,9.135272916025864,4.439688029265163,9.234294414410952,4.167191924103788
contiguite_queen,119,55,9.135272916025864,4.439688029265163,9.011017531939366,4.677031900210192
contiguite_queen,119,90,9.135272916025864,4.439688029265163,9.316654270171401,4.739008107204156
contiguite_queen,119,91,9.135272916025864,4.439688029265163,9.437840645122527,4.537664631930357
contiguite_queen,119,96,9.135272916025864,4.439688029265163,9.126699352599871,4.102585628651627
contiguite_queen,119,138,9.135272916025864,4.439688029265163,9.333391794076205,4.3242746654579385
contiguite_queen,120,26,10.250920540538742,5.656351190354503,10.193609649951817,5.575381794518283
contiguite_queen,120,67,10.250920540538742,5.656351190354503,10.415189218051506,5.7372267641339665
contiguite_queen,120,86,10.250920540538742,5.656351190354503,10.590576344699189,5.654748852961188
contiguite_queen,120,127,10.250920540538742,5.656351190354503,10.443602124878293,5.517118542745777
contiguite_queen,120,173,10.250920540538742,5.656351190354503,10.23285308322495,5.441660974715963
contiguite_queen,120,182,10.250920540538742,5.656351190354503,10.16251607422932,5.816186350929746
contiguite_queen,120,194,10.250920540538742,5.656351190354503,9.974716054844071,5.652395655200064
contiguite_queen,121,29,14.02552612133721,6.381903622264582,13.3482383519708,5.313911712825565
contiguite_queen,121,30,14.02552612133721,6.381903622264582,13.95824212347373,6.983497277584013
contiguite_queen,121,33,14.02552612133721,6.381903622264582,14.010348634051365,5.426962929731497
contiguite_queen,121,46,14.02552612133721,6.381903622264582,14.77358796072302,6.668603394804258
contiguite_queen,121,70,14.02552612133721,6.381903622264582,14.39964016536218,5.696235438398996
contiguite_queen,121,149,14.02552612133721,6.381903622264582,13.162279732246677,6.385185750846337
contiguite_queen,122,9,9.991373100045545,4.9960984878319525,10.207233112145365,5.111968117654936
contiguite_queen,122,21,9.991373100045545,4.9960984878319525,9.731828167941632,5.078396669422873
contiguite_queen,122,82,9.991373100045545,4.9960984878319525,10.066378454074501,5.148842771604446
contiguite_queen,122,100,9.991373100045545,4.9960984878319525,9.829316773695295,4.706953308320927
contiguite_queen,122,106,9.991373100045545,4.9960984878319525,9.788310334824631,4.871631798163739
contiguite_queen,122,156,9.991373100045545,4.9960984878319525,9.463200471856831,5.33598914962906
contiguite_queen,122,163,9.991373100045545,4.9960984878319525,10.304349823400868,4.815027064169403
contiguite_queen,122,164,9.991373100045545,4.9960984878319525,9.905659420133736,4.88165722931655
contiguite_queen,122,183,9.991373100045545,4.9960984878319525,9.9559860083339,5.301921152890036
contiguite_queen,122,196,9.991373100045545,4.9960984878319525,10.122700065826912,4.393707360551819
contiguite_queen,123,72,14.179186767677018,10.708256548370752,14.062910387129925,10.413224108923322
contiguite_queen,123,108,14.179186767677018,10.708256548370752,14.255686537377844,10.531602791387552
contiguite_queen,123,109,14.179186767677018,10.708256548370752,14.345966558690765,10.800853664165002
contiguite_queen,123,130,14.179186767677018,10.708256548370752,13.84072916352134,10.711137725084342
contiguite_queen,123,179,14.179186767677018,10.708256548370752,13.961362982447126,10.756400191600767
contiguite_queen,123,189,14.179186767677018,10.708256548370752,14.159175349839343,10.879959888213666
contiguite_queen,124,2,12.965423043178449,3.4895547256976833,13.569604243853174,3.726726869762295
contiguite_queen,124,4,12.965423043178449,3.4895547256976833,12.209299957241766,3.7181821835015567
contiguite_queen,124,99,12.965423043178449,3.4895547256976833,13.935894099393247,2.8534232095931147
contiguite_queen,124,125,12.965423043178449,3.4895547256976833,12.419455439744308,3.1911819490409767
contiguite_queen,125,4,12.419455439744308,3.1911819490409767,12.209299957241766,3.7181821835015567
contiguite_queen,125,47,12.419455439744308,3.1911819490409767,12.955009892804176,2.5284023754256
contiguite_queen,125,99,12.419455439744308,3.1911819490409767,13.935894099393247,2.8534232095931147
contiguite_queen,125,124,12.419455439744308,3.1911819490409767,12.965423043178449,3.4895547256976833
contiguite_queen,125,181,12.419455439744308,3.1911819490409767,12.028372765767866,2.8437208999522077
contiguite_queen,125,200,12.419455439744308,3.1911819490409767,11.89009348174138,3.274079900074423
contiguite_queen,126,4,11.73965954683516,3.6988793865784397,12.209299957241766,3.7181821835015567
contiguite_queen,126,7,11.73965954683516,3.6988793865784397,11.881777902610095,3.9241210545887535
contiguite_queen,126,113,11.73965954683516,3.6988793865784397,11.481802159175013,3.3413297687542376
contiguite_queen,126,154,11.73965954683516,3.6988793865784397,11.36429731588489,3.5586078071444374
contiguite_queen,126,162,11.73965954683516,3.6988793865784397,11.549710771981967,3.8608820458911794
contiguite_queen,126,169,11.73965954683516,3.6988793865784397,11.527327784116997,3.8073949735905424
contiguite_queen,126,184,11.73965954683516,3.6988793865784397,11.609160180599451,3.9994241017142866
contiguite_queen,127,17,10.443602124878293,5.517118542745777,10.315765695645016,5.383433473971641
contiguite_queen,127,19,10.443602124878293,5.517118542745777,10.470141824645795,5.3375810387559115
contiguite_queen,127,65,10.443602124878293,5.517118542745777,10.660163380802079,5.401348773025517
contiguite_queen,127,86,10.443602124878293,5.517118542745777,10.590576344699189,5.654748852961188
contiguite_queen,127,120,10.443602124878293,5.517118542745777,10.250920540538742,5.656351190354503
contiguite_queen,127,173,10.443602124878293,5.517118542745777,10.23285308322495,5.441660974715963
contiguite_queen,128,80,14.44478719939228,10.401325490595635,14.402873992991337,10.139736966584424
contiguite_queen,128,108,14.44478719939228,10.401325490595635,14.255686537377844,10.531602791387552
contiguite_queen,128,110,14.44478719939228,10.401325490595635,14.520892188132894,10.566002910880536
contiguite_queen,128,134,14.44478719939228,10.401325490595635,14.773962678722516,10.43149951965145
contiguite_queen,128,135,14.44478719939228,10.401325490595635,14.162735871661852,10.249185031197408
contiguite_queen,129,39,13.656767175002686,10.571084121705185,13.570309071696947,10.242542439148318
contiguite_queen,129,78,13.656767175002686,10.571084121705185,13.845823380946856,10.408959996875023
contiguite_queen,129,130,13.656767175002686,10.571084121705185,13.84072916352134,10.711137725084342
contiguite_queen,130,72,13.84072916352134,10.711137725084342,14.062910387129925,10.413224108923322
contiguite_queen,130,78,13.84072916352134,10.711137725084342,13.845823380946856,10.408959996875023
contiguite_queen,130,88,13.84072916352134,10.711137725084342,13.902462567390135,10.879606340363594
contiguite_queen,130,123,13.84072916352134,10.711137725084342,14.179186767677018,10.708256548370752
contiguite_queen,130,129,13.84072916352134,10.711137725084342,13.656767175002686,10.571084121705185
contiguite_queen,130,136,13.84072916352134,10.711137725084342,13.87140721982382,11.003299470766501
contiguite_queen,130,179,13.84072916352134,10.711137725084342,13.961362982447126,10.756400191600767
contiguite_queen,131,99,15.433462140422611,2.3348309066168706,13.935894099393247,2.8534232095931147
contiguite_queen,131,198,15.433462140422611,2.3348309066168706,15.092544494120396,3.2079278126591233
contiguite_queen,132,10,11.228416741998542,4.230707929104898,11.137741235728505,4.720050622033574
contiguite_queen,132,51,11.228416741998542,4.230707929104898,11.331667566922944,4.379075006178632
contiguite_queen,132,56,11.228416741998542,4.230707929104898,11.316634622265324,4.171065679244759
contiguite_queen,132,59,11.228416741998542,4.230707929104898,11.211793224925225,4.127781241272758
contiguite_queen,132,144,11.228416741998542,4.230707929104898,10.876802780428802,4.33287099644862
contiguite_queen,132,152,11.228416741998542,4.230707929104898,10.960724013438494,3.9390054941614063
contiguite_queen,132,168,11.228416741998542,4.230707929104898,11.536707438945543,4.177776858376336
contiguite_queen,132,180,11.228416741998542,4.230707929104898,11.481632437576426,4.343216703470596
contiguite_queen,133,84,14.562428902591254,11.349110327406564,14.043957576899388,11.155262628380436
contiguite_queen,133,87,14.562428902591254,11.349110327406564,14.905254048620753,11.706501316469671
contiguite_queen,133,88,14.562428902591254,11.349110327406564,13.902462567390135,10.879606340363594
contiguite_queen,133,109,14.562428902591254,11.349110327406564,14.345966558690765,10.800853664165002
contiguite_queen,133,174,14.562428902591254,11.349110327406564,14.535614338457645,10.984282671754313
contiguite_queen,133,189,14.562428902591254,11.349110327406564,14.159175349839343,10.879959888213666
contiguite_queen,134,36,14.773962678722516,10.43149951965145,14.637323512839275,10.781533517339705
contiguite_queen,134,77,14.773962678722516,10.43149951965145,14.728796411058056,10.065442453020118
contiguite_queen,134,80,14.773962678722516,10.43149951965145,14.402873992991337,10.139736966584424
contiguite_queen,134,102,14.773962678722516,10.43149951965145,14.94571053635863,10.97396898225454
contiguite_queen,134,110,14.773962678722516,10.43149951965145,14.520892188132894,10.566002910880536
contiguite_queen,134,128,14.773962678722516,10.43149951965145,14.44478719939228,10.401325490595635
contiguite_queen,134,193,14.773962678722516,10.43149951965145,15.037326053588046,10.590889253171765
contiguite_queen,134,197,14.773962678722516,10.43149951965145,15.138146637608731,10.244871469650523
contiguite_queen,135,61,14.162735871661852,10.249185031197408,14.097367613139106,9.861852704071946
contiguite_queen,135,72,14.162735871661852,10.249185031197408,14.062910387129925,10.413224108923322
contiguite_queen,135,76,14.162735871661852,10.249185031197408,13.891620361308561,10.035495400808122
contiguite_queen,135,80,14.162735871661852,10.249185031197408,14.402873992991337,10.139736966584424
contiguite_queen,135,108,14.162735871661852,10.249185031197408,14.255686537377844,10.531602791387552
contiguite_queen,135,128,14.162735871661852,10.249185031197408,14.44478719939228,10.401325490595635
contiguite_queen,136,84,13.87140721982382,11.003299470766501,14.043957576899388,11.155262628380436
contiguite_queen,136,88,13.87140721982382,11.003299470766501,13.902462567390135,10.879606340363594
contiguite_queen,136,130,13.87140721982382,11.003299470766501,13.84072916352134,10.711137725084342
contiguite_queen,137,13,8.984392861361295,5.0840794528778455,8.676016673380985,4.6670571766311335
contiguite_queen,137,55,8.984392861361295,5.0840794528778455,9.011017531939366,4.677031900210192
contiguite_queen,137,60,8.984392861361295,5.0840794528778455,9.059364092996663,5.639084398121296
contiguite_queen,137,85,8.984392861361295,5.0840794528778455,9.426937665699358,4.956162749640458
contiguite_queen,137,90,8.984392861361295,5.0840794528778455,9.316654270171401,4.739008107204156
contiguite_queen,137,156,8.984392861361295,5.0840794528778455,9.463200471856831,5.33598914962906
contiguite_queen,138,40,9.333391794076205,4.3242746654579385,9.234294414410952,4.167191924103788
contiguite_queen,138,91,9.333391794076205,4.3242746654579385,9.437840645122527,4.537664631930357
contiguite_queen,138,116,9.333391794076205,4.3242746654579385,9.541383540191225,4.4114086426837344
contiguite_queen,138,119,9.333391794076205,4.3242746654579385,9.135272916025864,4.439688029265163
contiguite_queen,138,188,9.333391794076205,4.3242746654579385,9.406685660624394,4.087601137867745
contiguite_queen,139,6,11.752571672209987,2.5897966832113037,10.909051708862565,2.454424250892356
contiguite_queen,139,47,11.752571672209987,2.5897966832113037,12.955009892804176,2.5284023754256
contiguite_queen,139,52,11.752571672209987,2.5897966832113037,11.15485812690373,2.923679727057918
contiguite_queen,139,181,11.752571672209987,2.5897966832113037,12.028372765767866,2.8437208999522077
contiguite_queen,140,48,11.551184293738705,3.897849802943424,11.521605700470367,3.9277494037833165
contiguite_queen,140,54,11.551184293738705,3.897849802943424,11.47345578974545,3.773237226893119
contiguite_queen,140,162,11.551184293738705,3.897849802943424,11.549710771981967,3.8608820458911794
contiguite_queen,140,184,11.551184293738705,3.897849802943424,11.609160180599451,3.9994241017142866
contiguite_queen,141,8,12.628108348094306,4.787147852078205,12.535040136281765,4.11111993560804
contiguite_queen,141,29,12.628108348094306,4.787147852078205,13.3482383519708,5.313911712825565
contiguite_queen,141,114,12.628108348094306,4.787147852078205,12.114027861812971,4.3721451544779715
contiguite_queen,141,155,12.628108348094306,4.787147852078205,12.965238179695211,4.387402984679682
contiguite_queen,141,165,12.628108348094306,4.787147852078205,11.526928970931479,4.809389696717766
contiguite_queen,141,199,12.628108348094306,4.787147852078205,12.090962745297269,5.563473025556049
contiguite_queen,142,28,14.832049475887171,4.100710110272462,14.282941232262424,4.415578250648915
contiguite_queen,142,115,14.832049475887171,4.100710110272462,14.118116335562965,4.001330140101417
contiguite_queen,142,198,14.832049475887171,4.100710110272462,15.092544494120396,3.2079278126591233
contiguite_queen,143,10,10.711982803037262,4.711626301837581,11.137741235728505,4.720050622033574
contiguite_queen,143,20,10.711982803037262,4.711626301837581,10.578551384611073,5.064096825334996
contiguite_queen,143,111,10.711982803037262,4.711626301837581,10.923140835702913,5.294956940821281
contiguite_queen,143,144,10.711982803037262,4.711626301837581,10.876802780428802,4.33287099644862
contiguite_queen,143,148,10.711982803037262,4.711626301837581,10.618478946981261,4.242487797844001
contiguite_queen,143,163,10.711982803037262,4.711626301837581,10.304349823400868,4.815027064169403
contiguite_queen,143,196,10.711982803037262,4.711626301837581,10.122700065826912,4.393707360551819
contiguite_queen,144,10,10.876802780428802,4.33287099644862,11.137741235728505,4.720050622033574
contiguite_queen,144,132,10.876802780428802,4.33287099644862,11.228416741998542,4.230707929104898
contiguite_queen,144,143,10.876802780428802,4.33287099644862,10.711982803037262,4.711626301837581
contiguite_queen,144,148,10.876802780428802,4.33287099644862,10.618478946981261,4.242487797844001
contiguite_queen,144,152,10.876802780428802,4.33287099644862,10.960724013438494,3.9390054941614063
contiguite_queen,145,22,10.461066503639017,5.945991026175412,10.715453105906771,5.886298449960871
contiguite_queen,145,66,10.461066503639017,5.945991026175412,10.31701132715715,6.2635263742654805
contiguite_queen,145,67,10.461066503639017,5.945991026175412,10.415189218051506,5.7372267641339665
contiguite_queen,145,86,10.461066503639017,5.945991026175412,10.590576344699189,5.654748852961188
contiguite_queen,145,92,10.461066503639017,5.945991026175412,10.792134732101367,6.145578911161248
contiguite_queen,145,171,10.461066503639017,5.945991026175412,10.53634873497376,6.297135482461151
contiguite_queen,145,182,10.461066503639017,5.945991026175412,10.16251607422932,5.816186350929746
contiguite_queen,145,192,10.461066503639017,5.945991026175412,10.279943498532903,6.028026557985204
contiguite_queen,146,92,10.85540389889327,6.406040356518552,10.792134732101367,6.145578911161248
contiguite_queen,146,93,10.85540389889327,6.406040356518552,10.670814939760433,6.279640423012518
contiguite_queen,146,160,10.85540389889327,6.406040356518552,10.594798057680302,6.633666604222704
contiguite_queen,146,166,10.85540389889327,6.406040356518552,11.061208574047566,6.435845985934484
contiguite_queen,146,171,10.85540389889327,6.406040356518552,10.53634873497376,6.297135482461151
contiguite_queen,147,37,9.71482536792799,4.011980817913029,9.753211501803762,3.9808549856258435
contiguite_queen,147,44,9.71482536792799,4.011980817913029,9.704607806395392,4.046327194565729
contiguite_queen,147,97,9.71482536792799,4.011980817913029,9.753946060350472,4.029736111856659
contiguite_queen,147,107,9.71482536792799,4.011980817913029,9.607554609184168,3.9223299175912922
contiguite_queen,147,167,9.71482536792799,4.011980817913029,9.748064376290552,4.017239848490608
contiguite_queen,148,53,10.618478946981261,4.242487797844001,10.05632278418896,3.768206720233695
contiguite_queen,148,143,10.618478946981261,4.242487797844001,10.711982803037262,4.711626301837581
contiguite_queen,148,144,10.618478946981261,4.242487797844001,10.876802780428802,4.33287099644862
contiguite_queen,148,152,10.618478946981261,4.242487797844001,10.960724013438494,3.9390054941614063
contiguite_queen,148,177,10.618478946981261,4.242487797844001,10.561851781765835,3.927865279285356
contiguite_queen,148,196,10.618478946981261,4.242487797844001,10.122700065826912,4.393707360551819
contiguite_queen,149,29,13.162279732246677,6.385185750846337,13.3482383519708,5.313911712825565
contiguite_queen,149,30,13.162279732246677,6.385185750846337,13.95824212347373,6.983497277584013
contiguite_queen,149,43,13.162279732246677,6.385185750846337,13.236001829923094,7.151435906147851
contiguite_queen,149,121,13.162279732246677,6.385185750846337,14.02552612133721,6.381903622264582
contiguite_queen,149,186,13.162279732246677,6.385185750846337,12.484796224942032,6.569436560367275
contiguite_queen,149,199,13.162279732246677,6.385185750846337,12.090962745297269,5.563473025556049
contiguite_queen,150,30,13.706377782618983,7.59894639188055,13.95824212347373,6.983497277584013
contiguite_queen,150,43,13.706377782618983,7.59894639188055,13.236001829923094,7.151435906147851
contiguite_queen,150,151,13.706377782618983,7.59894639188055,13.592154902456526,7.304414219437656
contiguite_queen,150,176,13.706377782618983,7.59894639188055,12.888865037696354,8.269466573422823
contiguite_queen,150,185,13.706377782618983,7.59894639188055,14.276513591264166,8.236414439234002
contiguite_queen,150,187,13.706377782618983,7.59894639188055,12.473213871668028,7.457874201384124
contiguite_queen,150,191,13.706377782618983,7.59894639188055,14.851280814058898,7.657538151751084
contiguite_queen,151,30,13.592154902456526,7.304414219437656,13.95824212347373,6.983497277584013
contiguite_queen,151,43,13.592154902456526,7.304414219437656,13.236001829923094,7.151435906147851
contiguite_queen,151,150,13.592154902456526,7.304414219437656,13.706377782618983,7.59894639188055
contiguite_queen,152,57,10.960724013438494,3.9390054941614063,10.738368642046616,3.589657368595998
contiguite_queen,152,59,10.960724013438494,3.9390054941614063,11.211793224925225,4.127781241272758
contiguite_queen,152,117,10.960724013438494,3.9390054941614063,11.35104586523716,3.775482098897299
contiguite_queen,152,132,10.960724013438494,3.9390054941614063,11.228416741998542,4.230707929104898
contiguite_queen,152,144,10.960724013438494,3.9390054941614063,10.876802780428802,4.33287099644862
contiguite_queen,152,148,10.960724013438494,3.9390054941614063,10.618478946981261,4.242487797844001
contiguite_queen,152,154,10.960724013438494,3.9390054941614063,11.36429731588489,3.5586078071444374
contiguite_queen,152,170,10.960724013438494,3.9390054941614063,11.317444456876556,3.978985104239134
contiguite_queen,152,177,10.960724013438494,3.9390054941614063,10.561851781765835,3.927865279285356
contiguite_queen,153,34,13.215634090782563,9.017748048149386,13.933409571203496,9.341217327720619
contiguite_queen,153,68,13.215634090782563,9.017748048149386,13.3651622528576,9.31280790983129
contiguite_queen,153,69,13.215634090782563,9.017748048149386,13.425190874354792,9.339875185525488
contiguite_queen,153,71,13.215634090782563,9.017748048149386,13.315244534705021,9.594035290770602
contiguite_queen,153,95,13.215634090782563,9.017748048149386,13.599027484431847,8.79179675519976
contiguite_queen,153,175,13.215634090782563,9.017748048149386,13.619094486683345,9.45915448143848
contiguite_queen,153,176,13.215634090782563,9.017748048149386,12.888865037696354,8.269466573422823
contiguite_queen,154,54,11.36429731588489,3.5586078071444374,11.47345578974545,3.773237226893119
contiguite_queen,154,57,11.36429731588489,3.5586078071444374,10.738368642046616,3.589657368595998
contiguite_queen,154,113,11.36429731588489,3.5586078071444374,11.481802159175013,3.3413297687542376
contiguite_queen,154,117,11.36429731588489,3.5586078071444374,11.35104586523716,3.775482098897299
contiguite_queen,154,126,11.36429731588489,3.5586078071444374,11.73965954683516,3.6988793865784397
contiguite_queen,154,152,11.36429731588489,3.5586078071444374,10.960724013438494,3.9390054941614063
contiguite_queen,154,169,11.36429731588489,3.5586078071444374,11.527327784116997,3.8073949735905424
contiguite_queen,155,2,12.965238179695211,4.387402984679682,13.569604243853174,3.726726869762295
contiguite_queen,155,8,12.965238179695211,4.387402984679682,12.535040136281765,4.11111993560804
contiguite_queen,155,29,12.965238179695211,4.387402984679682,13.3482383519708,5.313911712825565
contiguite_queen,155,49,12.965238179695211,4.387402984679682,13.362079913077384,4.229668082991144
contiguite_queen,155,141,12.965238179695211,4.387402984679682,12.628108348094306,4.787147852078205
contiguite_queen,156,21,9.463200471856831,5.33598914962906,9.731828167941632,5.078396669422873
contiguite_queen,156,60,9.463200471856831,5.33598914962906,9.059364092996663,5.639084398121296
contiguite_queen,156,62,9.463200471856831,5.33598914962906,9.873663345426849,5.498491401544758
contiguite_queen,156,85,9.463200471856831,5.33598914962906,9.426937665699358,4.956162749640458
contiguite_queen,156,105,9.463200471856831,5.33598914962906,9.468541702819683,5.809275984439005
contiguite_queen,156,122,9.463200471856831,5.33598914962906,9.991373100045545,4.9960984878319525
contiguite_queen,156,137,9.463200471856831,5.33598914962906,8.984392861361295,5.0840794528778455
contiguite_queen,156,183,9.463200471856831,5.33598914962906,9.9559860083339,5.301921152890036
contiguite_queen,157,6,10.207642017271729,2.6083359468090226,10.909051708862565,2.454424250892356
contiguite_queen,157,52,10.207642017271729,2.6083359468090226,11.15485812690373,2.923679727057918
contiguite_queen,157,89,10.207642017271729,2.6083359468090226,10.096185863565024,3.1681882936674097
contiguite_queen,157,98,10.207642017271729,2.6083359468090226,10.641895815634856,3.231397428753669
contiguite_queen,158,5,9.789829905869405,6.1231523438575115,9.560593940831598,6.240282196142452
contiguite_queen,158,11,9.789829905869405,6.1231523438575115,10.070028607523378,6.148999260113437
contiguite_queen,158,27,9.789829905869405,6.1231523438575115,9.813413388280042,5.8568690659714875
contiguite_queen,158,31,9.789829905869405,6.1231523438575115,9.868559542537078,6.5115389961564185
contiguite_queen,158,105,9.789829905869405,6.1231523438575115,9.468541702819683,5.809275984439005
contiguite_queen,158,118,9.789829905869405,6.1231523438575115,9.910147086353367,6.014095252228507
contiguite_queen,159,1,9.699027746339027,4.5623557796660625,9.745287703203852,4.328315906021576
contiguite_queen,159,100,9.699027746339027,4.5623557796660625,9.829316773695295,4.706953308320927
contiguite_queen,159,116,9.699027746339027,4.5623557796660625,9.541383540191225,4.4114086426837344
contiguite_queen,159,190,9.699027746339027,4.5623557796660625,9.63619328443081,4.830349010448445
contiguite_queen,159,196,9.699027746339027,4.5623557796660625,10.122700065826912,4.393707360551819
contiguite_queen,160,3,10.594798057680302,6.633666604222704,10.659456001687692,6.868841638918716
contiguite_queen,160,66,10.594798057680302,6.633666604222704,10.31701132715715,6.2635263742654805
contiguite_queen,160,146,10.594798057680302,6.633666604222704,10.85540389889327,6.406040356518552
contiguite_queen,160,166,10.594798057680302,6.633666604222704,11.061208574047566,6.435845985934484
contiguite_queen,160,171,10.594798057680302,6.633666604222704,10.53634873497376,6.297135482461151
contiguite_queen,160,195,10.594798057680302,6.633666604222704,10.13256496414212,6.633245628558922
contiguite_queen,161,35,11.449018837167603,3.8759071192237364,11.476208462704863,3.8368882484208835
contiguite_queen,161,42,11.449018837167603,3.8759071192237364,11.489455826347056,3.8998556207483936
contiguite_queen,161,117,11.449018837167603,3.8759071192237364,11.35104586523716,3.775482098897299
contiguite_queen,161,170,11.449018837167603,3.8759071192237364,11.317444456876556,3.978985104239134
contiguite_queen,162,54,11.549710771981967,3.8608820458911794,11.47345578974545,3.773237226893119
contiguite_queen,162,126,11.549710771981967,3.8608820458911794,11.73965954683516,3.6988793865784397
contiguite_queen,162,140,11.549710771981967,3.8608820458911794,11.551184293738705,3.897849802943424
contiguite_queen,162,169,11.549710771981967,3.8608820458911794,11.527327784116997,3.8073949735905424
contiguite_queen,162,184,11.549710771981967,3.8608820458911794,11.609160180599451,3.9994241017142866
contiguite_queen,163,9,10.304349823400868,4.815027064169403,10.207233112145365,5.111968117654936
contiguite_queen,163,20,10.304349823400868,4.815027064169403,10.578551384611073,5.064096825334996
contiguite_queen,163,122,10.304349823400868,4.815027064169403,9.991373100045545,4.9960984878319525
contiguite_queen,163,143,10.304349823400868,4.815027064169403,10.711982803037262,4.711626301837581
contiguite_queen,163,196,10.304349823400868,4.815027064169403,10.122700065826912,4.393707360551819
contiguite_queen,164,100,9.905659420133736,4.88165722931655,9.829316773695295,4.706953308320927
contiguite_queen,164,106,9.905659420133736,4.88165722931655,9.788310334824631,4.871631798163739
contiguite_queen,164,122,9.905659420133736,4.88165722931655,9.991373100045545,4.9960984878319525
contiguite_queen,165,10,11.526928970931479,4.809389696717766,11.137741235728505,4.720050622033574
contiguite_queen,165,51,11.526928970931479,4.809389696717766,11.331667566922944,4.379075006178632
contiguite_queen,165,114,11.526928970931479,4.809389696717766,12.114027861812971,4.3721451544779715
contiguite_queen,165,141,11.526928970931479,4.809389696717766,12.628108348094306,4.787147852078205
contiguite_queen,165,168,11.526928970931479,4.809389696717766,11.536707438945543,4.177776858376336
contiguite_queen,165,180,11.526928970931479,4.809389696717766,11.481632437576426,4.343216703470596
contiguite_queen,165,199,11.526928970931479,4.809389696717766,12.090962745297269,5.563473025556049
contiguite_queen,166,24,11.061208574047566,6.435845985934484,11.432205053915306,6.261274837398528
contiguite_queen,166,92,11.061208574047566,6.435845985934484,10.792134732101367,6.145578911161248
contiguite_queen,166,104,11.061208574047566,6.435845985934484,11.134023532411065,5.884833838390271
contiguite_queen,166,146,11.061208574047566,6.435845985934484,10.85540389889327,6.406040356518552
contiguite_queen,166,160,11.061208574047566,6.435845985934484,10.594798057680302,6.633666604222704
contiguite_queen,167,37,9.748064376290552,4.017239848490608,9.753211501803762,3.9808549856258435
contiguite_queen,167,79,9.748064376290552,4.017239848490608,9.82072711199564,3.990440837062225
contiguite_queen,167,97,9.748064376290552,4.017239848490608,9.753946060350472,4.029736111856659
contiguite_queen,167,147,9.748064376290552,4.017239848490608,9.71482536792799,4.011980817913029
contiguite_queen,168,56,11.536707438945543,4.177776858376336,11.316634622265324,4.171065679244759
contiguite_queen,168,58,11.536707438945543,4.177776858376336,11.852468399415065,4.143109887005301
contiguite_queen,168,59,11.536707438945543,4.177776858376336,11.211793224925225,4.127781241272758
contiguite_queen,168,114,11.536707438945543,4.177776858376336,12.114027861812971,4.3721451544779715
contiguite_queen,168,132,11.536707438945543,4.177776858376336,11.228416741998542,4.230707929104898
contiguite_queen,168,165,11.536707438945543,4.177776858376336,11.526928970931479,4.809389696717766
contiguite_queen,168,170,11.536707438945543,4.177776858376336,11.317444456876556,3.978985104239134
contiguite_queen,168,180,11.536707438945543,4.177776858376336,11.481632437576426,4.343216703470596
contiguite_queen,168,184,11.536707438945543,4.177776858376336,11.609160180599451,3.9994241017142866
contiguite_queen,169,54,11.527327784116997,3.8073949735905424,11.47345578974545,3.773237226893119
contiguite_queen,169,126,11.527327784116997,3.8073949735905424,11.73965954683516,3.6988793865784397
contiguite_queen,169,154,11.527327784116997,3.8073949735905424,11.36429731588489,3.5586078071444374
contiguite_queen,169,162,11.527327784116997,3.8073949735905424,11.549710771981967,3.8608820458911794
contiguite_queen,170,42,11.317444456876556,3.978985104239134,11.489455826347056,3.8998556207483936
contiguite_queen,170,48,11.317444456876556,3.978985104239134,11.521605700470367,3.9277494037833165
contiguite_queen,170,59,11.317444456876556,3.978985104239134,11.211793224925225,4.127781241272758
contiguite_queen,170,117,11.317444456876556,3.978985104239134,11.35104586523716,3.775482098897299
contiguite_queen,170,152,11.317444456876556,3.978985104239134,10.960724013438494,3.9390054941614063
contiguite_queen,170,161,11.317444456876556,3.978985104239134,11.449018837167603,3.8759071192237364
contiguite_queen,170,168,11.317444456876556,3.978985104239134,11.536707438945543,4.177776858376336
contiguite_queen,170,184,11.317444456876556,3.978985104239134,11.609160180599451,3.9994241017142866
contiguite_queen,171,66,10.53634873497376,6.297135482461151,10.31701132715715,6.2635263742654805
contiguite_queen,171,92,10.53634873497376,6.297135482461151,10.792134732101367,6.145578911161248
contiguite_queen,171,93,10.53634873497376,6.297135482461151,10.670814939760433,6.279640423012518
contiguite_queen,171,145,10.53634873497376,6.297135482461151,10.461066503639017,5.945991026175412
contiguite_queen,171,146,10.53634873497376,6.297135482461151,10.85540389889327,6.406040356518552
contiguite_queen,171,160,10.53634873497376,6.297135482461151,10.594798057680302,6.633666604222704
contiguite_queen,172,6,10.955861526045208,2.214114116048904,10.909051708862565,2.454424250892356
contiguite_queen,172,94,10.955861526045208,2.214114116048904,11.27674338287436,2.2337725445776226
contiguite_queen,173,17,10.23285308322495,5.441660974715963,10.315765695645016,5.383433473971641
contiguite_queen,173,18,10.23285308322495,5.441660974715963,10.229894528395373,5.262037363016125
contiguite_queen,173,26,10.23285308322495,5.441660974715963,10.193609649951817,5.575381794518283
contiguite_queen,173,50,10.23285308322495,5.441660974715963,10.057569639178821,5.448037951111124
contiguite_queen,173,120,10.23285308322495,5.441660974715963,10.250920540538742,5.656351190354503
contiguite_queen,173,127,10.23285308322495,5.441660974715963,10.443602124878293,5.517118542745777
contiguite_queen,174,36,14.535614338457645,10.984282671754313,14.637323512839275,10.781533517339705
contiguite_queen,174,87,14.535614338457645,10.984282671754313,14.905254048620753,11.706501316469671
contiguite_queen,174,109,14.535614338457645,10.984282671754313,14.345966558690765,10.800853664165002
contiguite_queen,174,133,14.535614338457645,10.984282671754313,14.562428902591254,11.349110327406564
contiguite_queen,175,34,13.619094486683345,9.45915448143848,13.933409571203496,9.341217327720619
contiguite_queen,175,69,13.619094486683345,9.45915448143848,13.425190874354792,9.339875185525488
contiguite_queen,175,71,13.619094486683345,9.45915448143848,13.315244534705021,9.594035290770602
contiguite_queen,175,73,13.619094486683345,9.45915448143848,13.796023476549156,9.685697794236992
contiguite_queen,175,153,13.619094486683345,9.45915448143848,13.215634090782563,9.017748048149386
contiguite_queen,176,95,12.888865037696354,8.269466573422823,13.599027484431847,8.79179675519976
contiguite_queen,176,150,12.888865037696354,8.269466573422823,13.706377782618983,7.59894639188055
contiguite_queen,176,153,12.888865037696354,8.269466573422823,13.215634090782563,9.017748048149386
contiguite_queen,176,185,12.888865037696354,8.269466573422823,14.276513591264166,8.236414439234002
contiguite_queen,176,187,12.888865037696354,8.269466573422823,12.473213871668028,7.457874201384124
contiguite_queen,177,53,10.561851781765835,3.927865279285356,10.05632278418896,3.768206720233695
contiguite_queen,177,57,10.561851781765835,3.927865279285356,10.738368642046616,3.589657368595998
contiguite_queen,177,148,10.561851781765835,3.927865279285356,10.618478946981261,4.242487797844001
contiguite_queen,177,152,10.561851781765835,3.927865279285356,10.960724013438494,3.9390054941614063
contiguite_queen,178,34,14.230633804569349,8.826099964308511,13.933409571203496,9.341217327720619
contiguite_queen,178,95,14.230633804569349,8.826099964308511,13.599027484431847,8.79179675519976
contiguite_queen,178,185,14.230633804569349,8.826099964308511,14.276513591264166,8.236414439234002
contiguite_queen,179,88,13.961362982447126,10.756400191600767,13.902462567390135,10.879606340363594
contiguite_queen,179,123,13.961362982447126,10.756400191600767,14.179186767677018,10.708256548370752
contiguite_queen,179,130,13.961362982447126,10.756400191600767,13.84072916352134,10.711137725084342
contiguite_queen,179,189,13.961362982447126,10.756400191600767,14.159175349839343,10.879959888213666
contiguite_queen,180,51,11.481632437576426,4.343216703470596,11.331667566922944,4.379075006178632
contiguite_queen,180,132,11.481632437576426,4.343216703470596,11.228416741998542,4.230707929104898
contiguite_queen,180,165,11.481632437576426,4.343216703470596,11.526928970931479,4.809389696717766
contiguite_queen,180,168,11.481632437576426,4.343216703470596,11.536707438945543,4.177776858376336
contiguite_queen,181,47,12.028372765767866,2.8437208999522077,12.955009892804176,2.5284023754256
contiguite_queen,181,52,12.028372765767866,2.8437208999522077,11.15485812690373,2.923679727057918
contiguite_queen,181,125,12.028372765767866,2.8437208999522077,12.419455439744308,3.1911819490409767
contiguite_queen,181,139,12.028372765767866,2.8437208999522077,11.752571672209987,2.5897966832113037
contiguite_queen,181,200,12.028372765767866,2.8437208999522077,11.89009348174138,3.274079900074423
contiguite_queen,182,14,10.16251607422932,5.816186350929746,10.018311143143732,5.877229610034149
contiguite_queen,182,15,10.16251607422932,5.816186350929746,10.114981500968902,5.971401782545947
contiguite_queen,182,16,10.16251607422932,5.816186350929746,10.200103427925507,5.980873757841358
contiguite_queen,182,27,10.16251607422932,5.816186350929746,9.813413388280042,5.8568690659714875
contiguite_queen,182,67,10.16251607422932,5.816186350929746,10.415189218051506,5.7372267641339665
contiguite_queen,182,120,10.16251607422932,5.816186350929746,10.250920540538742,5.656351190354503
contiguite_queen,182,145,10.16251607422932,5.816186350929746,10.461066503639017,5.945991026175412
contiguite_queen,182,192,10.16251607422932,5.816186350929746,10.279943498532903,6.028026557985204
contiguite_queen,182,194,10.16251607422932,5.816186350929746,9.974716054844071,5.652395655200064
contiguite_queen,183,50,9.9559860083339,5.301921152890036,10.057569639178821,5.448037951111124
contiguite_queen,183,62,9.9559860083339,5.301921152890036,9.873663345426849,5.498491401544758
contiguite_queen,183,82,9.9559860083339,5.301921152890036,10.066378454074501,5.148842771604446
contiguite_queen,183,122,9.9559860083339,5.301921152890036,9.991373100045545,4.9960984878319525
contiguite_queen,183,156,9.9559860083339,5.301921152890036,9.463200471856831,5.33598914962906
contiguite_queen,184,7,11.609160180599451,3.9994241017142866,11.881777902610095,3.9241210545887535
contiguite_queen,184,48,11.609160180599451,3.9994241017142866,11.521605700470367,3.9277494037833165
contiguite_queen,184,58,11.609160180599451,3.9994241017142866,11.852468399415065,4.143109887005301
contiguite_queen,184,126,11.609160180599451,3.9994241017142866,11.73965954683516,3.6988793865784397
contiguite_queen,184,140,11.609160180599451,3.9994241017142866,11.551184293738705,3.897849802943424
contiguite_queen,184,162,11.609160180599451,3.9994241017142866,11.549710771981967,3.8608820458911794
contiguite_queen,184,168,11.609160180599451,3.9994241017142866,11.536707438945543,4.177776858376336
contiguite_queen,184,170,11.609160180599451,3.9994241017142866,11.317444456876556,3.978985104239134
contiguite_queen,185,95,14.276513591264166,8.236414439234002,13.599027484431847,8.79179675519976
contiguite_queen,185,150,14.276513591264166,8.236414439234002,13.706377782618983,7.59894639188055
contiguite_queen,185,176,14.276513591264166,8.236414439234002,12.888865037696354,8.269466573422823
contiguite_queen,185,178,14.276513591264166,8.236414439234002,14.230633804569349,8.826099964308511
contiguite_queen,185,191,14.276513591264166,8.236414439234002,14.851280814058898,7.657538151751084
contiguite_queen,186,25,12.484796224942032,6.569436560367275,11.842669359786743,6.711258108332383
contiguite_queen,186,43,12.484796224942032,6.569436560367275,13.236001829923094,7.151435906147851
contiguite_queen,186,149,12.484796224942032,6.569436560367275,13.162279732246677,6.385185750846337
contiguite_queen,186,187,12.484796224942032,6.569436560367275,12.473213871668028,7.457874201384124
contiguite_queen,186,199,12.484796224942032,6.569436560367275,12.090962745297269,5.563473025556049
contiguite_queen,187,25,12.473213871668028,7.457874201384124,11.842669359786743,6.711258108332383
contiguite_queen,187,43,12.473213871668028,7.457874201384124,13.236001829923094,7.151435906147851
contiguite_queen,187,150,12.473213871668028,7.457874201384124,13.706377782618983,7.59894639188055
contiguite_queen,187,176,12.473213871668028,7.457874201384124,12.888865037696354,8.269466573422823
contiguite_queen,187,186,12.473213871668028,7.457874201384124,12.484796224942032,6.569436560367275
contiguite_queen,188,1,9.406685660624394,4.087601137867745,9.745287703203852,4.328315906021576
contiguite_queen,188,40,9.406685660624394,4.087601137867745,9.234294414410952,4.167191924103788
contiguite_queen,188,45,9.406685660624394,4.087601137867745,9.639685917268018,4.169112126273628
contiguite_queen,188,96,9.406685660624394,4.087601137867745,9.126699352599871,4.102585628651627
contiguite_queen,188,107,9.406685660624394,4.087601137867745,9.607554609184168,3.9223299175912922
contiguite_queen,188,116,9.406685660624394,4.087601137867745,9.541383540191225,4.4114086426837344
contiguite_queen,188,138,9.406685660624394,4.087601137867745,9.333391794076205,4.3242746654579385
contiguite_queen,189,88,14.159175349839343,10.879959888213666,13.902462567390135,10.879606340363594
contiguite_queen,189,109,14.159175349839343,10.879959888213666,14.345966558690765,10.800853664165002
contiguite_queen,189,123,14.159175349839343,10.879959888213666,14.179186767677018,10.708256548370752
contiguite_queen,189,133,14.159175349839343,10.879959888213666,14.562428902591254,11.349110327406564
contiguite_queen,189,179,14.159175349839343,10.879959888213666,13.961362982447126,10.756400191600767
contiguite_queen,190,21,9.63619328443081,4.830349010448445,9.731828167941632,5.078396669422873
contiguite_queen,190,85,9.63619328443081,4.830349010448445,9.426937665699358,4.956162749640458
contiguite_queen,190,91,9.63619328443081,4.830349010448445,9.437840645122527,4.537664631930357
contiguite_queen,190,100,9.63619328443081,4.830349010448445,9.829316773695295,4.706953308320927
contiguite_queen,190,106,9.63619328443081,4.830349010448445,9.788310334824631,4.871631798163739
contiguite_queen,190,116,9.63619328443081,4.830349010448445,9.541383540191225,4.4114086426837344
contiguite_queen,190,159,9.63619328443081,4.830349010448445,9.699027746339027,4.5623557796660625
contiguite_queen,191,30,14.851280814058898,7.657538151751084,13.95824212347373,6.983497277584013
contiguite_queen,191,46,14.851280814058898,7.657538151751084,14.77358796072302,6.668603394804258
contiguite_queen,191,150,14.851280814058898,7.657538151751084,13.706377782618983,7.59894639188055
contiguite_queen,191,185,14.851280814058898,7.657538151751084,14.276513591264166,8.236414439234002
contiguite_queen,192,11,10.279943498532903,6.028026557985204,10.070028607523378,6.148999260113437
contiguite_queen,192,16,10.279943498532903,6.028026557985204,10.200103427925507,5.980873757841358
contiguite_queen,192,66,10.279943498532903,6.028026557985204,10.31701132715715,6.2635263742654805
contiguite_queen,192,145,10.279943498532903,6.028026557985204,10.461066503639017,5.945991026175412
contiguite_queen,192,182,10.279943498532903,6.028026557985204,10.16251607422932,5.816186350929746
contiguite_queen,193,102,15.037326053588046,10.590889253171765,14.94571053635863,10.97396898225454
contiguite_queen,193,134,15.037326053588046,10.590889253171765,14.773962678722516,10.43149951965145
contiguite_queen,193,197,15.037326053588046,10.590889253171765,15.138146637608731,10.244871469650523
contiguite_queen,194,26,9.974716054844071,5.652395655200064,10.193609649951817,5.575381794518283
contiguite_queen,194,27,9.974716054844071,5.652395655200064,9.813413388280042,5.8568690659714875
contiguite_queen,194,50,9.974716054844071,5.652395655200064,10.057569639178821,5.448037951111124
contiguite_queen,194,62,9.974716054844071,5.652395655200064,9.873663345426849,5.498491401544758
contiguite_queen,194,105,9.974716054844071,5.652395655200064,9.468541702819683,5.809275984439005
contiguite_queen,194,120,9.974716054844071,5.652395655200064,10.250920540538742,5.656351190354503
contiguite_queen,194,182,9.974716054844071,5.652395655200064,10.16251607422932,5.816186350929746
contiguite_queen,195,11,10.13256496414212,6.633245628558922,10.070028607523378,6.148999260113437
contiguite_queen,195,31,10.13256496414212,6.633245628558922,9.868559542537078,6.5115389961564185
contiguite_queen,195,66,10.13256496414212,6.633245628558922,10.31701132715715,6.2635263742654805
contiguite_queen,195,160,10.13256496414212,6.633245628558922,10.594798057680302,6.633666604222704
contiguite_queen,196,1,10.122700065826912,4.393707360551819,9.745287703203852,4.328315906021576
contiguite_queen,196,23,10.122700065826912,4.393707360551819,9.785187285343538,4.144712956421057
contiguite_queen,196,41,10.122700065826912,4.393707360551819,9.807833941139421,4.079563696957229
contiguite_queen,196,53,10.122700065826912,4.393707360551819,10.05632278418896,3.768206720233695
contiguite_queen,196,100,10.122700065826912,4.393707360551819,9.829316773695295,4.706953308320927
contiguite_queen,196,122,10.122700065826912,4.393707360551819,9.991373100045545,4.9960984878319525
contiguite_queen,196,143,10.122700065826912,4.393707360551819,10.711982803037262,4.711626301837581
contiguite_queen,196,148,10.122700065826912,4.393707360551819,10.618478946981261,4.242487797844001
contiguite_queen,196,159,10.122700065826912,4.393707360551819,9.699027746339027,4.5623557796660625
contiguite_queen,196,163,10.122700065826912,4.393707360551819,10.304349823400868,4.815027064169403
contiguite_queen,197,75,15.138146637608731,10.244871469650523,15.416629091499313,10.00942035458427
contiguite_queen,197,77,15.138146637608731,10.244871469650523,14.728796411058056,10.065442453020118
contiguite_queen,197,81,15.138146637608731,10.244871469650523,14.991265701537104,10.024442247430828
contiguite_queen,197,134,15.138146637608731,10.244871469650523,14.773962678722516,10.43149951965145
contiguite_queen,197,193,15.138146637608731,10.244871469650523,15.037326053588046,10.590889253171765
contiguite_queen,198,2,15.092544494120396,3.2079278126591233,13.569604243853174,3.726726869762295
contiguite_queen,198,99,15.092544494120396,3.2079278126591233,13.935894099393247,2.8534232095931147
contiguite_queen,198,115,15.092544494120396,3.2079278126591233,14.118116335562965,4.001330140101417
contiguite_queen,198,131,15.092544494120396,3.2079278126591233,15.433462140422611,2.3348309066168706
contiguite_queen,198,142,15.092544494120396,3.2079278126591233,14.832049475887171,4.100710110272462
contiguite_queen,199,10,12.090962745297269,5.563473025556049,11.137741235728505,4.720050622033574
contiguite_queen,199,24,12.090962745297269,5.563473025556049,11.432205053915306,6.261274837398528
contiguite_queen,199,25,12.090962745297269,5.563473025556049,11.842669359786743,6.711258108332383
contiguite_queen,199,29,12.090962745297269,5.563473025556049,13.3482383519708,5.313911712825565
contiguite_queen,199,104,12.090962745297269,5.563473025556049,11.134023532411065,5.884833838390271
contiguite_queen,199,111,12.090962745297269,5.563473025556049,10.923140835702913,5.294956940821281
contiguite_queen,199,141,12.090962745297269,5.563473025556049,12.628108348094306,4.787147852078205
contiguite_queen,199,149,12.090962745297269,5.563473025556049,13.162279732246677,6.385185750846337
contiguite_queen,199,165,12.090962745297269,5.563473025556049,11.526928970931479,4.809389696717766
contiguite_queen,199,186,12.090962745297269,5.563473025556049,12.484796224942032,6.569436560367275
contiguite_queen,200,4,11.89009348174138,3.274079900074423,12.209299957241766,3.7181821835015567
contiguite_queen,200,52,11.89009348174138,3.274079900074423,11.15485812690373,2.923679727057918
contiguite_queen,200,113,11.89009348174138,3.274079900074423,11.481802159175013,3.3413297687542376
contiguite_queen,200,125,11.89009348174138,3.274079900074423,12.419455439744308,3.1911819490409767
contiguite_queen,200,181,11.89009348174138,3.274079900074423,12.028372765767866,2.8437208999522077
knn4,1,23,9.745287703203852,4.328315906021576,9.785187285343538,4.144712956421057
knn4,1,38,9.745287703203852,4.328315906021576,9.677141575251676,4.104252395931345
knn4,1,45,9.745287703203852,4.328315906021576,9.639685917268018,4.169112126273628
knn4,1,116,9.745287703203852,4.328315906021576,9.541383540191225,4.4114086426837344
knn4,2,49,13.569604243853174,3.726726869762295,13.362079913077384,4.229668082991144
knn4,2,115,13.569604243853174,3.726726869762295,14.118116335562965,4.001330140101417
knn4,2,124,13.569604243853174,3.726726869762295,12.965423043178449,3.4895547256976833
knn4,2,155,13.569604243853174,3.726726869762295,12.965238179695211,4.387402984679682
knn4,3,146,10.659456001687692,6.868841638918716,10.85540389889327,6.406040356518552
knn4,3,160,10.659456001687692,6.868841638918716,10.594798057680302,6.633666604222704
knn4,3,171,10.659456001687692,6.868841638918716,10.53634873497376,6.297135482461151
knn4,3,195,10.659456001687692,6.868841638918716,10.13256496414212,6.633245628558922
knn4,4,7,12.209299957241766,3.7181821835015567,11.881777902610095,3.9241210545887535
knn4,4,8,12.209299957241766,3.7181821835015567,12.535040136281765,4.11111993560804
knn4,4,126,12.209299957241766,3.7181821835015567,11.73965954683516,3.6988793865784397
knn4,4,200,12.209299957241766,3.7181821835015567,11.89009348174138,3.274079900074423
knn4,5,31,9.560593940831598,6.240282196142452,9.868559542537078,6.5115389961564185
knn4,5,105,9.560593940831598,6.240282196142452,9.468541702819683,5.809275984439005
knn4,5,118,9.560593940831598,6.240282196142452,9.910147086353367,6.014095252228507
knn4,5,158,9.560593940831598,6.240282196142452,9.789829905869405,6.1231523438575115
knn4,6,52,10.909051708862565,2.454424250892356,11.15485812690373,2.923679727057918
knn4,6,94,10.909051708862565,2.454424250892356,11.27674338287436,2.2337725445776226
knn4,6,157,10.909051708862565,2.454424250892356,10.207642017271729,2.6083359468090226
knn4,6,172,10.909051708862565,2.454424250892356,10.955861526045208,2.214114116048904
knn4,7,58,11.881777902610095,3.9241210545887535,11.852468399415065,4.143109887005301
knn4,7,126,11.881777902610095,3.9241210545887535,11.73965954683516,3.6988793865784397
knn4,7,140,11.881777902610095,3.9241210545887535,11.551184293738705,3.897849802943424
knn4,7,184,11.881777902610095,3.9241210545887535,11.609160180599451,3.9994241017142866
knn4,8,4,12.535040136281765,4.11111993560804,12.209299957241766,3.7181821835015567
knn4,8,7,12.535040136281765,4.11111993560804,11.881777902610095,3.9241210545887535
knn4,8,114,12.535040136281765,4.11111993560804,12.114027861812971,4.3721451544779715
knn4,8,155,12.535040136281765,4.11111993560804,12.965238179695211,4.387402984679682
knn4,9,12,10.207233112145365,5.111968117654936,10.349095116864675,5.271180173838332
knn4,9,18,10.207233112145365,5.111968117654936,10.229894528395373,5.262037363016125
knn4,9,82,10.207233112145365,5.111968117654936,10.066378454074501,5.148842771604446
knn4,9,122,10.207233112145365,5.111968117654936,9.991373100045545,4.9960984878319525
knn4,10,51,11.137741235728505,4.720050622033574,11.331667566922944,4.379075006178632
knn4,10,143,11.137741235728505,4.720050622033574,10.711982803037262,4.711626301837581
knn4,10,144,11.137741235728505,4.720050622033574,10.876802780428802,4.33287099644862
knn4,10,165,11.137741235728505,4.720050622033574,11.526928970931479,4.809389696717766
knn4,11,15,10.070028607523378,6.148999260113437,10.114981500968902,5.971401782545947
knn4,11,16,10.070028607523378,6.148999260113437,10.200103427925507,5.980873757841358
knn4,11,118,10.070028607523378,6.148999260113437,9.910147086353367,6.014095252228507
knn4,11,192,10.070028607523378,6.148999260113437,10.279943498532903,6.028026557985204
knn4,12,17,10.349095116864675,5.271180173838332,10.315765695645016,5.383433473971641
knn4,12,18,10.349095116864675,5.271180173838332,10.229894528395373,5.262037363016125
knn4,12,19,10.349095116864675,5.271180173838332,10.470141824645795,5.3375810387559115
knn4,12,173,10.349095116864675,5.271180173838332,10.23285308322495,5.441660974715963
knn4,13,55,8.676016673380985,4.6670571766311335,9.011017531939366,4.677031900210192
knn4,13,90,8.676016673380985,4.6670571766311335,9.316654270171401,4.739008107204156
knn4,13,119,8.676016673380985,4.6670571766311335,9.135272916025864,4.439688029265163
knn4,13,137,8.676016673380985,4.6670571766311335,8.984392861361295,5.0840794528778455
knn4,14,15,10.018311143143732,5.877229610034149,10.114981500968902,5.971401782545947
knn4,14,27,10.018311143143732,5.877229610034149,9.813413388280042,5.8568690659714875
knn4,14,118,10.018311143143732,5.877229610034149,9.910147086353367,6.014095252228507
knn4,14,182,10.018311143143732,5.877229610034149,10.16251607422932,5.816186350929746
knn4,15,14,10.114981500968902,5.971401782545947,10.018311143143732,5.877229610034149
knn4,15,16,10.114981500968902,5.971401782545947,10.200103427925507,5.980873757841358
knn4,15,182,10.114981500968902,5.971401782545947,10.16251607422932,5.816186350929746
knn4,15,192,10.114981500968902,5.971401782545947,10.279943498532903,6.028026557985204
knn4,16,14,10.200103427925507,5.980873757841358,10.018311143143732,5.877229610034149
knn4,16,15,10.200103427925507,5.980873757841358,10.114981500968902,5.971401782545947
knn4,16,182,10.200103427925507,5.980873757841358,10.16251607422932,5.816186350929746
knn4,16,192,10.200103427925507,5.980873757841358,10.279943498532903,6.028026557985204
knn4,17,12,10.315765695645016,5.383433473971641,10.349095116864675,5.271180173838332
knn4,17,18,10.315765695645016,5.383433473971641,10.229894528395373,5.262037363016125
knn4,17,19,10.315765695645016,5.383433473971641,10.470141824645795,5.3375810387559115
knn4,17,173,10.315765695645016,5.383433473971641,10.23285308322495,5.441660974715963
knn4,18,9,10.229894528395373,5.262037363016125,10.207233112145365,5.111968117654936
knn4,18,12,10.229894528395373,5.262037363016125,10.349095116864675,5.271180173838332
knn4,18,17,10.229894528395373,5.262037363016125,10.315765695645016,5.383433473971641
knn4,18,173,10.229894528395373,5.262037363016125,10.23285308322495,5.441660974715963
knn4,19,12,10.470141824645795,5.3375810387559115,10.349095116864675,5.271180173838332
knn4,19,17,10.470141824645795,5.3375810387559115,10.315765695645016,5.383433473971641
knn4,19,65,10.470141824645795,5.3375810387559115,10.660163380802079,5.401348773025517
knn4,19,127,10.470141824645795,5.3375810387559115,10.443602124878293,5.517118542745777
knn4,20,12,10.578551384611073,5.064096825334996,10.349095116864675,5.271180173838332
knn4,20,19,10.578551384611073,5.064096825334996,10.470141824645795,5.3375810387559115
knn4,20,65,10.578551384611073,5.064096825334996,10.660163380802079,5.401348773025517
knn4,20,163,10.578551384611073,5.064096825334996,10.304349823400868,4.815027064169403
knn4,21,106,9.731828167941632,5.078396669422873,9.788310334824631,4.871631798163739
knn4,21,122,9.731828167941632,5.078396669422873,9.991373100045545,4.9960984878319525
knn4,21,164,9.731828167941632,5.078396669422873,9.905659420133736,4.88165722931655
knn4,21,190,9.731828167941632,5.078396669422873,9.63619328443081,4.830349010448445
knn4,22,64,10.715453105906771,5.886298449960871,10.874415596631701,5.7378739017145035
knn4,22,86,10.715453105906771,5.886298449960871,10.590576344699189,5.654748852961188
knn4,22,92,10.715453105906771,5.886298449960871,10.792134732101367,6.145578911161248
knn4,22,145,10.715453105906771,5.886298449960871,10.461066503639017,5.945991026175412
knn4,23,38,9.785187285343538,4.144712956421057,9.677141575251676,4.104252395931345
knn4,23,41,9.785187285343538,4.144712956421057,9.807833941139421,4.079563696957229
knn4,23,44,9.785187285343538,4.144712956421057,9.704607806395392,4.046327194565729
knn4,23,97,9.785187285343538,4.144712956421057,9.753946060350472,4.029736111856659
knn4,24,25,11.432205053915306,6.261274837398528,11.842669359786743,6.711258108332383
knn4,24,104,11.432205053915306,6.261274837398528,11.134023532411065,5.884833838390271
knn4,24,146,11.432205053915306,6.261274837398528,10.85540389889327,6.406040356518552
knn4,24,166,11.432205053915306,6.261274837398528,11.061208574047566,6.435845985934484
knn4,25,24,11.842669359786743,6.711258108332383,11.432205053915306,6.261274837398528
knn4,25,166,11.842669359786743,6.711258108332383,11.061208574047566,6.435845985934484
knn4,25,186,11.842669359786743,6.711258108332383,12.484796224942032,6.569436560367275
knn4,25,187,11.842669359786743,6.711258108332383,12.473213871668028,7.457874201384124
knn4,26,17,10.193609649951817,5.575381794518283,10.315765695645016,5.383433473971641
knn4,26,50,10.193609649951817,5.575381794518283,10.057569639178821,5.448037951111124
knn4,26,120,10.193609649951817,5.575381794518283,10.250920540538742,5.656351190354503
knn4,26,173,10.193609649951817,5.575381794518283,10.23285308322495,5.441660974715963
knn4,27,14,9.813413388280042,5.8568690659714875,10.018311143143732,5.877229610034149
knn4,27,118,9.813413388280042,5.8568690659714875,9.910147086353367,6.014095252228507
knn4,27,158,9.813413388280042,5.8568690659714875,9.789829905869405,6.1231523438575115
knn4,27,194,9.813413388280042,5.8568690659714875,9.974716054844071,5.652395655200064
knn4,28,32,14.282941232262424,4.415578250648915,13.836621612605992,4.719471309363384
knn4,28,83,14.282941232262424,4.415578250648915,14.528701424203907,4.878453902503643
knn4,28,115,14.282941232262424,4.415578250648915,14.118116335562965,4.001330140101417
knn4,28,142,14.282941232262424,4.415578250648915,14.832049475887171,4.100710110272462
knn4,29,32,13.3482383519708,5.313911712825565,13.836621612605992,4.719471309363384
knn4,29,33,13.3482383519708,5.313911712825565,14.010348634051365,5.426962929731497
knn4,29,141,13.3482383519708,5.313911712825565,12.628108348094306,4.787147852078205
knn4,29,155,13.3482383519708,5.313911712825565,12.965238179695211,4.387402984679682
knn4,30,43,13.95824212347373,6.983497277584013,13.236001829923094,7.151435906147851
knn4,30,121,13.95824212347373,6.983497277584013,14.02552612133721,6.381903622264582
knn4,30,150,13.95824212347373,6.983497277584013,13.706377782618983,7.59894639188055
knn4,30,151,13.95824212347373,6.983497277584013,13.592154902456526,7.304414219437656
knn4,31,5,9.868559542537078,6.5115389961564185,9.560593940831598,6.240282196142452
knn4,31,11,9.868559542537078,6.5115389961564185,10.070028607523378,6.148999260113437
knn4,31,158,9.868559542537078,6.5115389961564185,9.789829905869405,6.1231523438575115
knn4,31,195,9.868559542537078,6.5115389961564185,10.13256496414212,6.633245628558922
knn4,32,28,13.836621612605992,4.719471309363384,14.282941232262424,4.415578250648915
knn4,32,33,13.836621612605992,4.719471309363384,14.010348634051365,5.426962929731497
knn4,32,49,13.836621612605992,4.719471309363384,13.362079913077384,4.229668082991144
knn4,32,83,13.836621612605992,4.719471309363384,14.528701424203907,4.878453902503643
knn4,33,29,14.010348634051365,5.426962929731497,13.3482383519708,5.313911712825565
knn4,33,32,14.010348634051365,5.426962929731497,13.836621612605992,4.719471309363384
knn4,33,70,14.010348634051365,5.426962929731497,14.39964016536218,5.696235438398996
knn4,33,83,14.010348634051365,5.426962929731497,14.528701424203907,4.878453902503643
knn4,34,61,13.933409571203496,9.341217327720619,14.097367613139106,9.861852704071946
knn4,34,69,13.933409571203496,9.341217327720619,13.425190874354792,9.339875185525488
knn4,34,73,13.933409571203496,9.341217327720619,13.796023476549156,9.685697794236992
knn4,34,175,13.933409571203496,9.341217327720619,13.619094486683345,9.45915448143848
knn4,35,42,11.476208462704863,3.8368882484208835,11.489455826347056,3.8998556207483936
knn4,35,54,11.476208462704863,3.8368882484208835,11.47345578974545,3.773237226893119
knn4,35,161,11.476208462704863,3.8368882484208835,11.449018837167603,3.8759071192237364
knn4,35,169,11.476208462704863,3.8368882484208835,11.527327784116997,3.8073949735905424
knn4,36,102,14.637323512839275,10.781533517339705,14.94571053635863,10.97396898225454
knn4,36,109,14.637323512839275,10.781533517339705,14.345966558690765,10.800853664165002
knn4,36,110,14.637323512839275,10.781533517339705,14.520892188132894,10.566002910880536
knn4,36,174,14.637323512839275,10.781533517339705,14.535614338457645,10.984282671754313
knn4,37,79,9.753211501803762,3.9808549856258435,9.82072711199564,3.990440837062225
knn4,37,97,9.753211501803762,3.9808549856258435,9.753946060350472,4.029736111856659
knn4,37,147,9.753211501803762,3.9808549856258435,9.71482536792799,4.011980817913029
knn4,37,167,9.753211501803762,3.9808549856258435,9.748064376290552,4.017239848490608
knn4,38,44,9.677141575251676,4.104252395931345,9.704607806395392,4.046327194565729
knn4,38,45,9.677141575251676,4.104252395931345,9.639685917268018,4.169112126273628
knn4,38,97,9.677141575251676,4.104252395931345,9.753946060350472,4.029736111856659
knn4,38,147,9.677141575251676,4.104252395931345,9.71482536792799,4.011980817913029
knn4,39,76,13.570309071696947,10.242542439148318,13.891620361308561,10.035495400808122
knn4,39,78,13.570309071696947,10.242542439148318,13.845823380946856,10.408959996875023
knn4,39,112,13.570309071696947,10.242542439148318,13.595891777651348,9.992641461952632
knn4,39,129,13.570309071696947,10.242542439148318,13.656767175002686,10.571084121705185
knn4,40,96,9.234294414410952,4.167191924103788,9.126699352599871,4.102585628651627
knn4,40,119,9.234294414410952,4.167191924103788,9.135272916025864,4.439688029265163
knn4,40,138,9.234294414410952,4.167191924103788,9.333391794076205,4.3242746654579385
knn4,40,188,9.234294414410952,4.167191924103788,9.406685660624394,4.087601137867745
knn4,41,23,9.807833941139421,4.079563696957229,9.785187285343538,4.144712956421057
knn4,41,79,9.807833941139421,4.079563696957229,9.82072711199564,3.990440837062225
knn4,41,97,9.807833941139421,4.079563696957229,9.753946060350472,4.029736111856659
knn4,41,167,9.807833941139421,4.079563696957229,9.748064376290552,4.017239848490608
knn4,42,35,11.489455826347056,3.8998556207483936,11.476208462704863,3.8368882484208835
knn4,42,48,11.489455826347056,3.8998556207483936,11.521605700470367,3.9277494037833165
knn4,42,140,11.489455826347056,3.8998556207483936,11.551184293738705,3.897849802943424
knn4,42,161,11.489455826347056,3.8998556207483936,11.449018837167603,3.8759071192237364
knn4,43,30,13.236001829923094,7.151435906147851,13.95824212347373,6.983497277584013
knn4,43,149,13.236001829923094,7.151435906147851,13.162279732246677,6.385185750846337
knn4,43,150,13.236001829923094,7.151435906147851,13.706377782618983,7.59894639188055
knn4,43,151,13.236001829923094,7.151435906147851,13.592154902456526,7.304414219437656
knn4,44,38,9.704607806395392,4.046327194565729,9.677141575251676,4.104252395931345
knn4,44,97,9.704607806395392,4.046327194565729,9.753946060350472,4.029736111856659
knn4,44,147,9.704607806395392,4.046327194565729,9.71482536792799,4.011980817913029
knn4,44,167,9.704607806395392,4.046327194565729,9.748064376290552,4.017239848490608
knn4,45,23,9.639685917268018,4.169112126273628,9.785187285343538,4.144712956421057
knn4,45,38,9.639685917268018,4.169112126273628,9.677141575251676,4.104252395931345
knn4,45,44,9.639685917268018,4.169112126273628,9.704607806395392,4.046327194565729
knn4,45,147,9.639685917268018,4.169112126273628,9.71482536792799,4.011980817913029
knn4,46,30,14.77358796072302,6.668603394804258,13.95824212347373,6.983497277584013
knn4,46,70,14.77358796072302,6.668603394804258,14.39964016536218,5.696235438398996
knn4,46,121,14.77358796072302,6.668603394804258,14.02552612133721,6.381903622264582
knn4,46,191,14.77358796072302,6.668603394804258,14.851280814058898,7.657538151751084
knn4,47,99,12.955009892804176,2.5284023754256,13.935894099393247,2.8534232095931147
knn4,47,124,12.955009892804176,2.5284023754256,12.965423043178449,3.4895547256976833
knn4,47,125,12.955009892804176,2.5284023754256,12.419455439744308,3.1911819490409767
knn4,47,181,12.955009892804176,2.5284023754256,12.028372765767866,2.8437208999522077
knn4,48,42,11.521605700470367,3.9277494037833165,11.489455826347056,3.8998556207483936
knn4,48,140,11.521605700470367,3.9277494037833165,11.551184293738705,3.897849802943424
knn4,48,161,11.521605700470367,3.9277494037833165,11.449018837167603,3.8759071192237364
knn4,48,162,11.521605700470367,3.9277494037833165,11.549710771981967,3.8608820458911794
knn4,49,2,13.362079913077384,4.229668082991144,13.569604243853174,3.726726869762295
knn4,49,32,13.362079913077384,4.229668082991144,13.836621612605992,4.719471309363384
knn4,49,115,13.362079913077384,4.229668082991144,14.118116335562965,4.001330140101417
knn4,49,155,13.362079913077384,4.229668082991144,12.965238179695211,4.387402984679682
knn4,50,26,10.057569639178821,5.448037951111124,10.193609649951817,5.575381794518283
knn4,50,62,10.057569639178821,5.448037951111124,9.873663345426849,5.498491401544758
knn4,50,173,10.057569639178821,5.448037951111124,10.23285308322495,5.441660974715963
knn4,50,183,10.057569639178821,5.448037951111124,9.9559860083339,5.301921152890036
knn4,51,56,11.331667566922944,4.379075006178632,11.316634622265324,4.171065679244759
knn4,51,59,11.331667566922944,4.379075006178632,11.211793224925225,4.127781241272758
knn4,51,132,11.331667566922944,4.379075006178632,11.228416741998542,4.230707929104898
knn4,51,180,11.331667566922944,4.379075006178632,11.481632437576426,4.343216703470596
knn4,52,6,11.15485812690373,2.923679727057918,10.909051708862565,2.454424250892356
knn4,52,98,11.15485812690373,2.923679727057918,10.641895815634856,3.231397428753669
knn4,52,113,11.15485812690373,2.923679727057918,11.481802159175013,3.3413297687542376
knn4,52,154,11.15485812690373,2.923679727057918,11.36429731588489,3.5586078071444374
knn4,53,37,10.05632278418896,3.768206720233695,9.753211501803762,3.9808549856258435
knn4,53,41,10.05632278418896,3.768206720233695,9.807833941139421,4.079563696957229
knn4,53,79,10.05632278418896,3.768206720233695,9.82072711199564,3.990440837062225
knn4,53,167,10.05632278418896,3.768206720233695,9.748064376290552,4.017239848490608
knn4,54,35,11.47345578974545,3.773237226893119,11.476208462704863,3.8368882484208835
knn4,54,161,11.47345578974545,3.773237226893119,11.449018837167603,3.8759071192237364
knn4,54,162,11.47345578974545,3.773237226893119,11.549710771981967,3.8608820458911794
knn4,54,169,11.47345578974545,3.773237226893119,11.527327784116997,3.8073949735905424
knn4,55,13,9.011017531939366,4.677031900210192,8.676016673380985,4.6670571766311335
knn4,55,90,9.011017531939366,4.677031900210192,9.316654270171401,4.739008107204156
knn4,55,119,9.011017531939366,4.677031900210192,9.135272916025864,4.439688029265163
knn4,55,137,9.011017531939366,4.677031900210192,8.984392861361295,5.0840794528778455
knn4,56,51,11.316634622265324,4.171065679244759,11.331667566922944,4.379075006178632
knn4,56,59,11.316634622265324,4.171065679244759,11.211793224925225,4.127781241272758
knn4,56,132,11.316634622265324,4.171065679244759,11.228416741998542,4.230707929104898
knn4,56,170,11.316634622265324,4.171065679244759,11.317444456876556,3.978985104239134
knn4,57,98,10.738368642046616,3.589657368595998,10.641895815634856,3.231397428753669
knn4,57,152,10.738368642046616,3.589657368595998,10.960724013438494,3.9390054941614063
knn4,57,154,10.738368642046616,3.589657368595998,11.36429731588489,3.5586078071444374
knn4,57,177,10.738368642046616,3.589657368595998,10.561851781765835,3.927865279285356
knn4,58,7,11.852468399415065,4.143109887005301,11.881777902610095,3.9241210545887535
knn4,58,114,11.852468399415065,4.143109887005301,12.114027861812971,4.3721451544779715
knn4,58,168,11.852468399415065,4.143109887005301,11.536707438945543,4.177776858376336
knn4,58,184,11.852468399415065,4.143109887005301,11.609160180599451,3.9994241017142866
knn4,59,51,11.211793224925225,4.127781241272758,11.331667566922944,4.379075006178632
knn4,59,56,11.211793224925225,4.127781241272758,11.316634622265324,4.171065679244759
knn4,59,132,11.211793224925225,4.127781241272758,11.228416741998542,4.230707929104898
knn4,59,170,11.211793224925225,4.127781241272758,11.317444456876556,3.978985104239134
knn4,60,85,9.059364092996663,5.639084398121296,9.426937665699358,4.956162749640458
knn4,60,105,9.059364092996663,5.639084398121296,9.468541702819683,5.809275984439005
knn4,60,137,9.059364092996663,5.639084398121296,8.984392861361295,5.0840794528778455
knn4,60,156,9.059364092996663,5.639084398121296,9.463200471856831,5.33598914962906
knn4,61,73,14.097367613139106,9.861852704071946,13.796023476549156,9.685697794236992
knn4,61,76,14.097367613139106,9.861852704071946,13.891620361308561,10.035495400808122
knn4,61,80,14.097367613139106,9.861852704071946,14.402873992991337,10.139736966584424
knn4,61,135,14.097367613139106,9.861852704071946,14.162735871661852,10.249185031197408
knn4,62,26,9.873663345426849,5.498491401544758,10.193609649951817,5.575381794518283
knn4,62,50,9.873663345426849,5.498491401544758,10.057569639178821,5.448037951111124
knn4,62,183,9.873663345426849,5.498491401544758,9.9559860083339,5.301921152890036
knn4,62,194,9.873663345426849,5.498491401544758,9.974716054844071,5.652395655200064
knn4,63,74,14.27399987896217,12.465185459482768,14.747516810346681,12.379145012133357
knn4,63,87,14.27399987896217,12.465185459482768,14.905254048620753,11.706501316469671
knn4,63,101,14.27399987896217,12.465185459482768,14.352235730308792,12.843905244679442
knn4,63,103,14.27399987896217,12.465185459482768,14.480314289686001,12.504450623446852
knn4,64,22,10.874415596631701,5.7378739017145035,10.715453105906771,5.886298449960871
knn4,64,65,10.874415596631701,5.7378739017145035,10.660163380802079,5.401348773025517
knn4,64,86,10.874415596631701,5.7378739017145035,10.590576344699189,5.654748852961188
knn4,64,104,10.874415596631701,5.7378739017145035,11.134023532411065,5.884833838390271
knn4,65,19,10.660163380802079,5.401348773025517,10.470141824645795,5.3375810387559115
knn4,65,86,10.660163380802079,5.401348773025517,10.590576344699189,5.654748852961188
knn4,65,111,10.660163380802079,5.401348773025517,10.923140835702913,5.294956940821281
knn4,65,127,10.660163380802079,5.401348773025517,10.443602124878293,5.517118542745777
knn4,66,11,10.31701132715715,6.2635263742654805,10.070028607523378,6.148999260113437
knn4,66,16,10.31701132715715,6.2635263742654805,10.200103427925507,5.980873757841358
knn4,66,171,10.31701132715715,6.2635263742654805,10.53634873497376,6.297135482461151
knn4,66,192,10.31701132715715,6.2635263742654805,10.279943498532903,6.028026557985204
knn4,67,86,10.415189218051506,5.7372267641339665,10.590576344699189,5.654748852961188
knn4,67,120,10.415189218051506,5.7372267641339665,10.250920540538742,5.656351190354503
knn4,67,127,10.415189218051506,5.7372267641339665,10.443602124878293,5.517118542745777
knn4,67,145,10.415189218051506,5.7372267641339665,10.461066503639017,5.945991026175412
knn4,68,69,13.3651622528576,9.31280790983129,13.425190874354792,9.339875185525488
knn4,68,71,13.3651622528576,9.31280790983129,13.315244534705021,9.594035290770602
knn4,68,153,13.3651622528576,9.31280790983129,13.215634090782563,9.017748048149386
knn4,68,175,13.3651622528576,9.31280790983129,13.619094486683345,9.45915448143848
knn4,69,68,13.425190874354792,9.339875185525488,13.3651622528576,9.31280790983129
knn4,69,71,13.425190874354792,9.339875185525488,13.315244534705021,9.594035290770602
knn4,69,153,13.425190874354792,9.339875185525488,13.215634090782563,9.017748048149386
knn4,69,175,13.425190874354792,9.339875185525488,13.619094486683345,9.45915448143848
knn4,70,33,14.39964016536218,5.696235438398996,14.010348634051365,5.426962929731497
knn4,70,46,14.39964016536218,5.696235438398996,14.77358796072302,6.668603394804258
knn4,70,83,14.39964016536218,5.696235438398996,14.528701424203907,4.878453902503643
knn4,70,121,14.39964016536218,5.696235438398996,14.02552612133721,6.381903622264582
knn4,71,68,13.315244534705021,9.594035290770602,13.3651622528576,9.31280790983129
knn4,71,69,13.315244534705021,9.594035290770602,13.425190874354792,9.339875185525488
knn4,71,112,13.315244534705021,9.594035290770602,13.595891777651348,9.992641461952632
knn4,71,175,13.315244534705021,9.594035290770602,13.619094486683345,9.45915448143848
knn4,72,78,14.062910387129925,10.413224108923322,13.845823380946856,10.408959996875023
knn4,72,108,14.062910387129925,10.413224108923322,14.255686537377844,10.531602791387552
knn4,72,123,14.062910387129925,10.413224108923322,14.179186767677018,10.708256548370752
knn4,72,135,14.062910387129925,10.413224108923322,14.162735871661852,10.249185031197408
knn4,73,61,13.796023476549156,9.685697794236992,14.097367613139106,9.861852704071946
knn4,73,76,13.796023476549156,9.685697794236992,13.891620361308561,10.035495400808122
knn4,73,112,13.796023476549156,9.685697794236992,13.595891777651348,9.992641461952632
knn4,73,175,13.796023476549156,9.685697794236992,13.619094486683345,9.45915448143848
knn4,74,63,14.747516810346681,12.379145012133357,14.27399987896217,12.465185459482768
knn4,74,87,14.747516810346681,12.379145012133357,14.905254048620753,11.706501316469671
knn4,74,101,14.747516810346681,12.379145012133357,14.352235730308792,12.843905244679442
knn4,74,103,14.747516810346681,12.379145012133357,14.480314289686001,12.504450623446852
knn4,75,77,15.416629091499313,10.00942035458427,14.728796411058056,10.065442453020118
knn4,75,81,15.416629091499313,10.00942035458427,14.991265701537104,10.024442247430828
knn4,75,193,15.416629091499313,10.00942035458427,15.037326053588046,10.590889253171765
knn4,75,197,15.416629091499313,10.00942035458427,15.138146637608731,10.244871469650523
knn4,76,61,13.891620361308561,10.035495400808122,14.097367613139106,9.861852704071946
knn4,76,73,13.891620361308561,10.035495400808122,13.796023476549156,9.685697794236992
knn4,76,112,13.891620361308561,10.035495400808122,13.595891777651348,9.992641461952632
knn4,76,135,13.891620361308561,10.035495400808122,14.162735871661852,10.249185031197408
knn4,77,80,14.728796411058056,10.065442453020118,14.402873992991337,10.139736966584424
knn4,77,81,14.728796411058056,10.065442453020118,14.991265701537104,10.024442247430828
knn4,77,128,14.728796411058056,10.065442453020118,14.44478719939228,10.401325490595635
knn4,77,134,14.728796411058056,10.065442453020118,14.773962678722516,10.43149951965145
knn4,78,39,13.845823380946856,10.408959996875023,13.570309071696947,10.242542439148318
knn4,78,72,13.845823380946856,10.408959996875023,14.062910387129925,10.413224108923322
knn4,78,129,13.845823380946856,10.408959996875023,13.656767175002686,10.571084121705185
knn4,78,130,13.845823380946856,10.408959996875023,13.84072916352134,10.711137725084342
knn4,79,37,9.82072711199564,3.990440837062225,9.753211501803762,3.9808549856258435
knn4,79,41,9.82072711199564,3.990440837062225,9.807833941139421,4.079563696957229
knn4,79,97,9.82072711199564,3.990440837062225,9.753946060350472,4.029736111856659
knn4,79,167,9.82072711199564,3.990440837062225,9.748064376290552,4.017239848490608
knn4,80,61,14.402873992991337,10.139736966584424,14.097367613139106,9.861852704071946
knn4,80,77,14.402873992991337,10.139736966584424,14.728796411058056,10.065442453020118
knn4,80,128,14.402873992991337,10.139736966584424,14.44478719939228,10.401325490595635
knn4,80,135,14.402873992991337,10.139736966584424,14.162735871661852,10.249185031197408
knn4,81,75,14.991265701537104,10.024442247430828,15.416629091499313,10.00942035458427
knn4,81,77,14.991265701537104,10.024442247430828,14.728796411058056,10.065442453020118
knn4,81,134,14.991265701537104,10.024442247430828,14.773962678722516,10.43149951965145
knn4,81,197,14.991265701537104,10.024442247430828,15.138146637608731,10.244871469650523
knn4,82,9,10.066378454074501,5.148842771604446,10.207233112145365,5.111968117654936
knn4,82,18,10.066378454074501,5.148842771604446,10.229894528395373,5.262037363016125
knn4,82,122,10.066378454074501,5.148842771604446,9.991373100045545,4.9960984878319525
knn4,82,183,10.066378454074501,5.148842771604446,9.9559860083339,5.301921152890036
knn4,83,28,14.528701424203907,4.878453902503643,14.282941232262424,4.415578250648915
knn4,83,32,14.528701424203907,4.878453902503643,13.836621612605992,4.719471309363384
knn4,83,33,14.528701424203907,4.878453902503643,14.010348634051365,5.426962929731497
knn4,83,70,14.528701424203907,4.878453902503643,14.39964016536218,5.696235438398996
knn4,84,88,14.043957576899388,11.155262628380436,13.902462567390135,10.879606340363594
knn4,84,136,14.043957576899388,11.155262628380436,13.87140721982382,11.003299470766501
knn4,84,179,14.043957576899388,11.155262628380436,13.961362982447126,10.756400191600767
knn4,84,189,14.043957576899388,11.155262628380436,14.159175349839343,10.879959888213666
knn4,85,21,9.426937665699358,4.956162749640458,9.731828167941632,5.078396669422873
knn4,85,90,9.426937665699358,4.956162749640458,9.316654270171401,4.739008107204156
knn4,85,106,9.426937665699358,4.956162749640458,9.788310334824631,4.871631798163739
knn4,85,190,9.426937665699358,4.956162749640458,9.63619328443081,4.830349010448445
knn4,86,22,10.590576344699189,5.654748852961188,10.715453105906771,5.886298449960871
knn4,86,65,10.590576344699189,5.654748852961188,10.660163380802079,5.401348773025517
knn4,86,67,10.590576344699189,5.654748852961188,10.415189218051506,5.7372267641339665
knn4,86,127,10.590576344699189,5.654748852961188,10.443602124878293,5.517118542745777
knn4,87,74,14.905254048620753,11.706501316469671,14.747516810346681,12.379145012133357
knn4,87,102,14.905254048620753,11.706501316469671,14.94571053635863,10.97396898225454
knn4,87,133,14.905254048620753,11.706501316469671,14.562428902591254,11.349110327406564
knn4,87,174,14.905254048620753,11.706501316469671,14.535614338457645,10.984282671754313
knn4,88,130,13.902462567390135,10.879606340363594,13.84072916352134,10.711137725084342
knn4,88,136,13.902462567390135,10.879606340363594,13.87140721982382,11.003299470766501
knn4,88,179,13.902462567390135,10.879606340363594,13.961362982447126,10.756400191600767
knn4,88,189,13.902462567390135,10.879606340363594,14.159175349839343,10.879959888213666
knn4,89,53,10.096185863565024,3.1681882936674097,10.05632278418896,3.768206720233695
knn4,89,57,10.096185863565024,3.1681882936674097,10.738368642046616,3.589657368595998
knn4,89,98,10.096185863565024,3.1681882936674097,10.641895815634856,3.231397428753669
knn4,89,157,10.096185863565024,3.1681882936674097,10.207642017271729,2.6083359468090226
knn4,90,55,9.316654270171401,4.739008107204156,9.011017531939366,4.677031900210192
knn4,90,85,9.316654270171401,4.739008107204156,9.426937665699358,4.956162749640458
knn4,90,91,9.316654270171401,4.739008107204156,9.437840645122527,4.537664631930357
knn4,90,190,9.316654270171401,4.739008107204156,9.63619328443081,4.830349010448445
knn4,91,90,9.437840645122527,4.537664631930357,9.316654270171401,4.739008107204156
knn4,91,116,9.437840645122527,4.537664631930357,9.541383540191225,4.4114086426837344
knn4,91,138,9.437840645122527,4.537664631930357,9.333391794076205,4.3242746654579385
knn4,91,159,9.437840645122527,4.537664631930357,9.699027746339027,4.5623557796660625
knn4,92,22,10.792134732101367,6.145578911161248,10.715453105906771,5.886298449960871
knn4,92,93,10.792134732101367,6.145578911161248,10.670814939760433,6.279640423012518
knn4,92,146,10.792134732101367,6.145578911161248,10.85540389889327,6.406040356518552
knn4,92,171,10.792134732101367,6.145578911161248,10.53634873497376,6.297135482461151
knn4,93,66,10.670814939760433,6.279640423012518,10.31701132715715,6.2635263742654805
knn4,93,92,10.670814939760433,6.279640423012518,10.792134732101367,6.145578911161248
knn4,93,146,10.670814939760433,6.279640423012518,10.85540389889327,6.406040356518552
knn4,93,171,10.670814939760433,6.279640423012518,10.53634873497376,6.297135482461151
knn4,94,6,11.27674338287436,2.2337725445776226,10.909051708862565,2.454424250892356
knn4,94,52,11.27674338287436,2.2337725445776226,11.15485812690373,2.923679727057918
knn4,94,139,11.27674338287436,2.2337725445776226,11.752571672209987,2.5897966832113037
knn4,94,172,11.27674338287436,2.2337725445776226,10.955861526045208,2.214114116048904
knn4,95,68,13.599027484431847,8.79179675519976,13.3651622528576,9.31280790983129
knn4,95,69,13.599027484431847,8.79179675519976,13.425190874354792,9.339875185525488
knn4,95,153,13.599027484431847,8.79179675519976,13.215634090782563,9.017748048149386
knn4,95,178,13.599027484431847,8.79179675519976,14.230633804569349,8.826099964308511
knn4,96,40,9.126699352599871,4.102585628651627,9.234294414410952,4.167191924103788
knn4,96,119,9.126699352599871,4.102585628651627,9.135272916025864,4.439688029265163
knn4,96,138,9.126699352599871,4.102585628651627,9.333391794076205,4.3242746654579385
knn4,96,188,9.126699352599871,4.102585628651627,9.406685660624394,4.087601137867745
knn4,97,37,9.753946060350472,4.029736111856659,9.753211501803762,3.9808549856258435
knn4,97,44,9.753946060350472,4.029736111856659,9.704607806395392,4.046327194565729
knn4,97,147,9.753946060350472,4.029736111856659,9.71482536792799,4.011980817913029
knn4,97,167,9.753946060350472,4.029736111856659,9.748064376290552,4.017239848490608
knn4,98,52,10.641895815634856,3.231397428753669,11.15485812690373,2.923679727057918
knn4,98,57,10.641895815634856,3.231397428753669,10.738368642046616,3.589657368595998
knn4,98,89,10.641895815634856,3.231397428753669,10.096185863565024,3.1681882936674097
knn4,98,177,10.641895815634856,3.231397428753669,10.561851781765835,3.927865279285356
knn4,99,2,13.935894099393247,2.8534232095931147,13.569604243853174,3.726726869762295
knn4,99,47,13.935894099393247,2.8534232095931147,12.955009892804176,2.5284023754256
knn4,99,115,13.935894099393247,2.8534232095931147,14.118116335562965,4.001330140101417
knn4,99,124,13.935894099393247,2.8534232095931147,12.965423043178449,3.4895547256976833
knn4,100,106,9.829316773695295,4.706953308320927,9.788310334824631,4.871631798163739
knn4,100,159,9.829316773695295,4.706953308320927,9.699027746339027,4.5623557796660625
knn4,100,164,9.829316773695295,4.706953308320927,9.905659420133736,4.88165722931655
knn4,100,190,9.829316773695295,4.706953308320927,9.63619328443081,4.830349010448445
knn4,101,63,14.352235730308792,12.843905244679442,14.27399987896217,12.465185459482768
knn4,101,74,14.352235730308792,12.843905244679442,14.747516810346681,12.379145012133357
knn4,101,87,14.352235730308792,12.843905244679442,14.905254048620753,11.706501316469671
knn4,101,103,14.352235730308792,12.843905244679442,14.480314289686001,12.504450623446852
knn4,102,36,14.94571053635863,10.97396898225454,14.637323512839275,10.781533517339705
knn4,102,133,14.94571053635863,10.97396898225454,14.562428902591254,11.349110327406564
knn4,102,174,14.94571053635863,10.97396898225454,14.535614338457645,10.984282671754313
knn4,102,193,14.94571053635863,10.97396898225454,15.037326053588046,10.590889253171765
knn4,103,63,14.480314289686001,12.504450623446852,14.27399987896217,12.465185459482768
knn4,103,74,14.480314289686001,12.504450623446852,14.747516810346681,12.379145012133357
knn4,103,87,14.480314289686001,12.504450623446852,14.905254048620753,11.706501316469671
knn4,103,101,14.480314289686001,12.504450623446852,14.352235730308792,12.843905244679442
knn4,104,22,11.134023532411065,5.884833838390271,10.715453105906771,5.886298449960871
knn4,104,24,11.134023532411065,5.884833838390271,11.432205053915306,6.261274837398528
knn4,104,64,11.134023532411065,5.884833838390271,10.874415596631701,5.7378739017145035
knn4,104,92,11.134023532411065,5.884833838390271,10.792134732101367,6.145578911161248
knn4,105,5,9.468541702819683,5.809275984439005,9.560593940831598,6.240282196142452
knn4,105,27,9.468541702819683,5.809275984439005,9.813413388280042,5.8568690659714875
knn4,105,60,9.468541702819683,5.809275984439005,9.059364092996663,5.639084398121296
knn4,105,158,9.468541702819683,5.809275984439005,9.789829905869405,6.1231523438575115
knn4,106,21,9.788310334824631,4.871631798163739,9.731828167941632,5.078396669422873
knn4,106,100,9.788310334824631,4.871631798163739,9.829316773695295,4.706953308320927
knn4,106,164,9.788310334824631,4.871631798163739,9.905659420133736,4.88165722931655
knn4,106,190,9.788310334824631,4.871631798163739,9.63619328443081,4.830349010448445
knn4,107,37,9.607554609184168,3.9223299175912922,9.753211501803762,3.9808549856258435
knn4,107,44,9.607554609184168,3.9223299175912922,9.704607806395392,4.046327194565729
knn4,107,147,9.607554609184168,3.9223299175912922,9.71482536792799,4.011980817913029
knn4,107,167,9.607554609184168,3.9223299175912922,9.748064376290552,4.017239848490608
knn4,108,72,14.255686537377844,10.531602791387552,14.062910387129925,10.413224108923322
knn4,108,110,14.255686537377844,10.531602791387552,14.520892188132894,10.566002910880536
knn4,108,123,14.255686537377844,10.531602791387552,14.179186767677018,10.708256548370752
knn4,108,128,14.255686537377844,10.531602791387552,14.44478719939228,10.401325490595635
knn4,109,108,14.345966558690765,10.800853664165002,14.255686537377844,10.531602791387552
knn4,109,123,14.345966558690765,10.800853664165002,14.179186767677018,10.708256548370752
knn4,109,174,14.345966558690765,10.800853664165002,14.535614338457645,10.984282671754313
knn4,109,189,14.345966558690765,10.800853664165002,14.159175349839343,10.879959888213666
knn4,110,36,14.520892188132894,10.566002910880536,14.637323512839275,10.781533517339705
knn4,110,108,14.520892188132894,10.566002910880536,14.255686537377844,10.531602791387552
knn4,110,128,14.520892188132894,10.566002910880536,14.44478719939228,10.401325490595635
knn4,110,134,14.520892188132894,10.566002910880536,14.773962678722516,10.43149951965145
knn4,111,19,10.923140835702913,5.294956940821281,10.470141824645795,5.3375810387559115
knn4,111,20,10.923140835702913,5.294956940821281,10.578551384611073,5.064096825334996
knn4,111,64,10.923140835702913,5.294956940821281,10.874415596631701,5.7378739017145035
knn4,111,65,10.923140835702913,5.294956940821281,10.660163380802079,5.401348773025517
knn4,112,39,13.595891777651348,9.992641461952632,13.570309071696947,10.242542439148318
knn4,112,73,13.595891777651348,9.992641461952632,13.796023476549156,9.685697794236992
knn4,112,76,13.595891777651348,9.992641461952632,13.891620361308561,10.035495400808122
knn4,112,78,13.595891777651348,9.992641461952632,13.845823380946856,10.408959996875023
knn4,113,54,11.481802159175013,3.3413297687542376,11.47345578974545,3.773237226893119
knn4,113,126,11.481802159175013,3.3413297687542376,11.73965954683516,3.6988793865784397
knn4,113,154,11.481802159175013,3.3413297687542376,11.36429731588489,3.5586078071444374
knn4,113,200,11.481802159175013,3.3413297687542376,11.89009348174138,3.274079900074423
knn4,114,7,12.114027861812971,4.3721451544779715,11.881777902610095,3.9241210545887535
knn4,114,8,12.114027861812971,4.3721451544779715,12.535040136281765,4.11111993560804
knn4,114,58,12.114027861812971,4.3721451544779715,11.852468399415065,4.143109887005301
knn4,114,168,12.114027861812971,4.3721451544779715,11.536707438945543,4.177776858376336
knn4,115,2,14.118116335562965,4.001330140101417,13.569604243853174,3.726726869762295
knn4,115,28,14.118116335562965,4.001330140101417,14.282941232262424,4.415578250648915
knn4,115,32,14.118116335562965,4.001330140101417,13.836621612605992,4.719471309363384
knn4,115,142,14.118116335562965,4.001330140101417,14.832049475887171,4.100710110272462
knn4,116,1,9.541383540191225,4.4114086426837344,9.745287703203852,4.328315906021576
knn4,116,91,9.541383540191225,4.4114086426837344,9.437840645122527,4.537664631930357
knn4,116,138,9.541383540191225,4.4114086426837344,9.333391794076205,4.3242746654579385
knn4,116,159,9.541383540191225,4.4114086426837344,9.699027746339027,4.5623557796660625
knn4,117,35,11.35104586523716,3.775482098897299,11.476208462704863,3.8368882484208835
knn4,117,54,11.35104586523716,3.775482098897299,11.47345578974545,3.773237226893119
knn4,117,161,11.35104586523716,3.775482098897299,11.449018837167603,3.8759071192237364
knn4,117,169,11.35104586523716,3.775482098897299,11.527327784116997,3.8073949735905424
knn4,118,11,9.910147086353367,6.014095252228507,10.070028607523378,6.148999260113437
knn4,118,14,9.910147086353367,6.014095252228507,10.018311143143732,5.877229610034149
knn4,118,27,9.910147086353367,6.014095252228507,9.813413388280042,5.8568690659714875
knn4,118,158,9.910147086353367,6.014095252228507,9.789829905869405,6.1231523438575115
knn4,119,40,9.135272916025864,4.439688029265163,9.234294414410952,4.167191924103788
knn4,119,55,9.135272916025864,4.439688029265163,9.011017531939366,4.677031900210192
knn4,119,91,9.135272916025864,4.439688029265163,9.437840645122527,4.537664631930357
knn4,119,138,9.135272916025864,4.439688029265163,9.333391794076205,4.3242746654579385
knn4,120,26,10.250920540538742,5.656351190354503,10.193609649951817,5.575381794518283
knn4,120,67,10.250920540538742,5.656351190354503,10.415189218051506,5.7372267641339665
knn4,120,173,10.250920540538742,5.656351190354503,10.23285308322495,5.441660974715963
knn4,120,182,10.250920540538742,5.656351190354503,10.16251607422932,5.816186350929746
knn4,121,30,14.02552612133721,6.381903622264582,13.95824212347373,6.983497277584013
knn4,121,46,14.02552612133721,6.381903622264582,14.77358796072302,6.668603394804258
knn4,121,70,14.02552612133721,6.381903622264582,14.39964016536218,5.696235438398996
knn4,121,149,14.02552612133721,6.381903622264582,13.162279732246677,6.385185750846337
knn4,122,9,9.991373100045545,4.9960984878319525,10.207233112145365,5.111968117654936
knn4,122,82,9.991373100045545,4.9960984878319525,10.066378454074501,5.148842771604446
knn4,122,106,9.991373100045545,4.9960984878319525,9.788310334824631,4.871631798163739
knn4,122,164,9.991373100045545,4.9960984878319525,9.905659420133736,4.88165722931655
knn4,123,108,14.179186767677018,10.708256548370752,14.255686537377844,10.531602791387552
knn4,123,109,14.179186767677018,10.708256548370752,14.345966558690765,10.800853664165002
knn4,123,179,14.179186767677018,10.708256548370752,13.961362982447126,10.756400191600767
knn4,123,189,14.179186767677018,10.708256548370752,14.159175349839343,10.879959888213666
knn4,124,2,12.965423043178449,3.4895547256976833,13.569604243853174,3.726726869762295
knn4,124,4,12.965423043178449,3.4895547256976833,12.209299957241766,3.7181821835015567
knn4,124,8,12.965423043178449,3.4895547256976833,12.535040136281765,4.11111993560804
knn4,124,125,12.965423043178449,3.4895547256976833,12.419455439744308,3.1911819490409767
knn4,125,4,12.419455439744308,3.1911819490409767,12.209299957241766,3.7181821835015567
knn4,125,124,12.419455439744308,3.1911819490409767,12.965423043178449,3.4895547256976833
knn4,125,181,12.419455439744308,3.1911819490409767,12.028372765767866,2.8437208999522077
knn4,125,200,12.419455439744308,3.1911819490409767,11.89009348174138,3.274079900074423
knn4,126,7,11.73965954683516,3.6988793865784397,11.881777902610095,3.9241210545887535
knn4,126,140,11.73965954683516,3.6988793865784397,11.551184293738705,3.897849802943424
knn4,126,162,11.73965954683516,3.6988793865784397,11.549710771981967,3.8608820458911794
knn4,126,169,11.73965954683516,3.6988793865784397,11.527327784116997,3.8073949735905424
knn4,127,17,10.443602124878293,5.517118542745777,10.315765695645016,5.383433473971641
knn4,127,19,10.443602124878293,5.517118542745777,10.470141824645795,5.3375810387559115
knn4,127,67,10.443602124878293,5.517118542745777,10.415189218051506,5.7372267641339665
knn4,127,86,10.443602124878293,5.517118542745777,10.590576344699189,5.654748852961188
knn4,128,80,14.44478719939228,10.401325490595635,14.402873992991337,10.139736966584424
knn4,128,108,14.44478719939228,10.401325490595635,14.255686537377844,10.531602791387552
knn4,128,110,14.44478719939228,10.401325490595635,14.520892188132894,10.566002910880536
knn4,128,135,14.44478719939228,10.401325490595635,14.162735871661852,10.249185031197408
knn4,129,39,13.656767175002686,10.571084121705185,13.570309071696947,10.242542439148318
knn4,129,78,13.656767175002686,10.571084121705185,13.845823380946856,10.408959996875023
knn4,129,130,13.656767175002686,10.571084121705185,13.84072916352134,10.711137725084342
knn4,129,179,13.656767175002686,10.571084121705185,13.961362982447126,10.756400191600767
knn4,130,88,13.84072916352134,10.711137725084342,13.902462567390135,10.879606340363594
knn4,130,129,13.84072916352134,10.711137725084342,13.656767175002686,10.571084121705185
knn4,130,136,13.84072916352134,10.711137725084342,13.87140721982382,11.003299470766501
knn4,130,179,13.84072916352134,10.711137725084342,13.961362982447126,10.756400191600767
knn4,131,99,15.433462140422611,2.3348309066168706,13.935894099393247,2.8534232095931147
knn4,131,115,15.433462140422611,2.3348309066168706,14.118116335562965,4.001330140101417
knn4,131,142,15.433462140422611,2.3348309066168706,14.832049475887171,4.100710110272462
knn4,131,198,15.433462140422611,2.3348309066168706,15.092544494120396,3.2079278126591233
knn4,132,51,11.228416741998542,4.230707929104898,11.331667566922944,4.379075006178632
knn4,132,56,11.228416741998542,4.230707929104898,11.316634622265324,4.171065679244759
knn4,132,59,11.228416741998542,4.230707929104898,11.211793224925225,4.127781241272758
knn4,132,170,11.228416741998542,4.230707929104898,11.317444456876556,3.978985104239134
knn4,133,84,14.562428902591254,11.349110327406564,14.043957576899388,11.155262628380436
knn4,133,87,14.562428902591254,11.349110327406564,14.905254048620753,11.706501316469671
knn4,133,102,14.562428902591254,11.349110327406564,14.94571053635863,10.97396898225454
knn4,133,174,14.562428902591254,11.349110327406564,14.535614338457645,10.984282671754313
knn4,134,77,14.773962678722516,10.43149951965145,14.728796411058056,10.065442453020118
knn4,134,110,14.773962678722516,10.43149951965145,14.520892188132894,10.566002910880536
knn4,134,128,14.773962678722516,10.43149951965145,14.44478719939228,10.401325490595635
knn4,134,193,14.773962678722516,10.43149951965145,15.037326053588046,10.590889253171765
knn4,135,72,14.162735871661852,10.249185031197408,14.062910387129925,10.413224108923322
knn4,135,80,14.162735871661852,10.249185031197408,14.402873992991337,10.139736966584424
knn4,135,108,14.162735871661852,10.249185031197408,14.255686537377844,10.531602791387552
knn4,135,128,14.162735871661852,10.249185031197408,14.44478719939228,10.401325490595635
knn4,136,84,13.87140721982382,11.003299470766501,14.043957576899388,11.155262628380436
knn4,136,88,13.87140721982382,11.003299470766501,13.902462567390135,10.879606340363594
knn4,136,130,13.87140721982382,11.003299470766501,13.84072916352134,10.711137725084342
knn4,136,179,13.87140721982382,11.003299470766501,13.961362982447126,10.756400191600767
knn4,137,13,8.984392861361295,5.0840794528778455,8.676016673380985,4.6670571766311335
knn4,137,55,8.984392861361295,5.0840794528778455,9.011017531939366,4.677031900210192
knn4,137,85,8.984392861361295,5.0840794528778455,9.426937665699358,4.956162749640458
knn4,137,90,8.984392861361295,5.0840794528778455,9.316654270171401,4.739008107204156
knn4,138,40,9.333391794076205,4.3242746654579385,9.234294414410952,4.167191924103788
knn4,138,91,9.333391794076205,4.3242746654579385,9.437840645122527,4.537664631930357
knn4,138,116,9.333391794076205,4.3242746654579385,9.541383540191225,4.4114086426837344
knn4,138,119,9.333391794076205,4.3242746654579385,9.135272916025864,4.439688029265163
knn4,139,52,11.752571672209987,2.5897966832113037,11.15485812690373,2.923679727057918
knn4,139,94,11.752571672209987,2.5897966832113037,11.27674338287436,2.2337725445776226
knn4,139,181,11.752571672209987,2.5897966832113037,12.028372765767866,2.8437208999522077
knn4,139,200,11.752571672209987,2.5897966832113037,11.89009348174138,3.274079900074423
knn4,140,42,11.551184293738705,3.897849802943424,11.489455826347056,3.8998556207483936
knn4,140,48,11.551184293738705,3.897849802943424,11.521605700470367,3.9277494037833165
knn4,140,162,11.551184293738705,3.897849802943424,11.549710771981967,3.8608820458911794
knn4,140,169,11.551184293738705,3.897849802943424,11.527327784116997,3.8073949735905424
knn4,141,8,12.628108348094306,4.787147852078205,12.535040136281765,4.11111993560804
knn4,141,29,12.628108348094306,4.787147852078205,13.3482383519708,5.313911712825565
knn4,141,114,12.628108348094306,4.787147852078205,12.114027861812971,4.3721451544779715
knn4,141,155,12.628108348094306,4.787147852078205,12.965238179695211,4.387402984679682
knn4,142,28,14.832049475887171,4.100710110272462,14.282941232262424,4.415578250648915
knn4,142,83,14.832049475887171,4.100710110272462,14.528701424203907,4.878453902503643
knn4,142,115,14.832049475887171,4.100710110272462,14.118116335562965,4.001330140101417
knn4,142,198,14.832049475887171,4.100710110272462,15.092544494120396,3.2079278126591233
knn4,143,10,10.711982803037262,4.711626301837581,11.137741235728505,4.720050622033574
knn4,143,20,10.711982803037262,4.711626301837581,10.578551384611073,5.064096825334996
knn4,143,144,10.711982803037262,4.711626301837581,10.876802780428802,4.33287099644862
knn4,143,163,10.711982803037262,4.711626301837581,10.304349823400868,4.815027064169403
knn4,144,59,10.876802780428802,4.33287099644862,11.211793224925225,4.127781241272758
knn4,144,132,10.876802780428802,4.33287099644862,11.228416741998542,4.230707929104898
knn4,144,148,10.876802780428802,4.33287099644862,10.618478946981261,4.242487797844001
knn4,144,152,10.876802780428802,4.33287099644862,10.960724013438494,3.9390054941614063
knn4,145,16,10.461066503639017,5.945991026175412,10.200103427925507,5.980873757841358
knn4,145,22,10.461066503639017,5.945991026175412,10.715453105906771,5.886298449960871
knn4,145,67,10.461066503639017,5.945991026175412,10.415189218051506,5.7372267641339665
knn4,145,192,10.461066503639017,5.945991026175412,10.279943498532903,6.028026557985204
knn4,146,92,10.85540389889327,6.406040356518552,10.792134732101367,6.145578911161248
knn4,146,93,10.85540389889327,6.406040356518552,10.670814939760433,6.279640423012518
knn4,146,166,10.85540389889327,6.406040356518552,11.061208574047566,6.435845985934484
knn4,146,171,10.85540389889327,6.406040356518552,10.53634873497376,6.297135482461151
knn4,147,37,9.71482536792799,4.011980817913029,9.753211501803762,3.9808549856258435
knn4,147,44,9.71482536792799,4.011980817913029,9.704607806395392,4.046327194565729
knn4,147,97,9.71482536792799,4.011980817913029,9.753946060350472,4.029736111856659
knn4,147,167,9.71482536792799,4.011980817913029,9.748064376290552,4.017239848490608
knn4,148,143,10.618478946981261,4.242487797844001,10.711982803037262,4.711626301837581
knn4,148,144,10.618478946981261,4.242487797844001,10.876802780428802,4.33287099644862
knn4,148,152,10.618478946981261,4.242487797844001,10.960724013438494,3.9390054941614063
knn4,148,177,10.618478946981261,4.242487797844001,10.561851781765835,3.927865279285356
knn4,149,30,13.162279732246677,6.385185750846337,13.95824212347373,6.983497277584013
knn4,149,43,13.162279732246677,6.385185750846337,13.236001829923094,7.151435906147851
knn4,149,121,13.162279732246677,6.385185750846337,14.02552612133721,6.381903622264582
knn4,149,186,13.162279732246677,6.385185750846337,12.484796224942032,6.569436560367275
knn4,150,30,13.706377782618983,7.59894639188055,13.95824212347373,6.983497277584013
knn4,150,43,13.706377782618983,7.59894639188055,13.236001829923094,7.151435906147851
knn4,150,151,13.706377782618983,7.59894639188055,13.592154902456526,7.304414219437656
knn4,150,185,13.706377782618983,7.59894639188055,14.276513591264166,8.236414439234002
knn4,151,30,13.592154902456526,7.304414219437656,13.95824212347373,6.983497277584013
knn4,151,43,13.592154902456526,7.304414219437656,13.236001829923094,7.151435906147851
knn4,151,149,13.592154902456526,7.304414219437656,13.162279732246677,6.385185750846337
knn4,151,150,13.592154902456526,7.304414219437656,13.706377782618983,7.59894639188055
knn4,152,59,10.960724013438494,3.9390054941614063,11.211793224925225,4.127781241272758
knn4,152,132,10.960724013438494,3.9390054941614063,11.228416741998542,4.230707929104898
knn4,152,170,10.960724013438494,3.9390054941614063,11.317444456876556,3.978985104239134
knn4,152,177,10.960724013438494,3.9390054941614063,10.561851781765835,3.927865279285356
knn4,153,68,13.215634090782563,9.017748048149386,13.3651622528576,9.31280790983129
knn4,153,69,13.215634090782563,9.017748048149386,13.425190874354792,9.339875185525488
knn4,153,71,13.215634090782563,9.017748048149386,13.315244534705021,9.594035290770602
knn4,153,95,13.215634090782563,9.017748048149386,13.599027484431847,8.79179675519976
knn4,154,54,11.36429731588489,3.5586078071444374,11.47345578974545,3.773237226893119
knn4,154,113,11.36429731588489,3.5586078071444374,11.481802159175013,3.3413297687542376
knn4,154,117,11.36429731588489,3.5586078071444374,11.35104586523716,3.775482098897299
knn4,154,169,11.36429731588489,3.5586078071444374,11.527327784116997,3.8073949735905424
knn4,155,8,12.965238179695211,4.387402984679682,12.535040136281765,4.11111993560804
knn4,155,49,12.965238179695211,4.387402984679682,13.362079913077384,4.229668082991144
knn4,155,114,12.965238179695211,4.387402984679682,12.114027861812971,4.3721451544779715
knn4,155,141,12.965238179695211,4.387402984679682,12.628108348094306,4.787147852078205
knn4,156,21,9.463200471856831,5.33598914962906,9.731828167941632,5.078396669422873
knn4,156,62,9.463200471856831,5.33598914962906,9.873663345426849,5.498491401544758
knn4,156,85,9.463200471856831,5.33598914962906,9.426937665699358,4.956162749640458
knn4,156,105,9.463200471856831,5.33598914962906,9.468541702819683,5.809275984439005
knn4,157,6,10.207642017271729,2.6083359468090226,10.909051708862565,2.454424250892356
knn4,157,89,10.207642017271729,2.6083359468090226,10.096185863565024,3.1681882936674097
knn4,157,98,10.207642017271729,2.6083359468090226,10.641895815634856,3.231397428753669
knn4,157,172,10.207642017271729,2.6083359468090226,10.955861526045208,2.214114116048904
knn4,158,5,9.789829905869405,6.1231523438575115,9.560593940831598,6.240282196142452
knn4,158,11,9.789829905869405,6.1231523438575115,10.070028607523378,6.148999260113437
knn4,158,27,9.789829905869405,6.1231523438575115,9.813413388280042,5.8568690659714875
knn4,158,118,9.789829905869405,6.1231523438575115,9.910147086353367,6.014095252228507
knn4,159,1,9.699027746339027,4.5623557796660625,9.745287703203852,4.328315906021576
knn4,159,91,9.699027746339027,4.5623557796660625,9.437840645122527,4.537664631930357
knn4,159,100,9.699027746339027,4.5623557796660625,9.829316773695295,4.706953308320927
knn4,159,116,9.699027746339027,4.5623557796660625,9.541383540191225,4.4114086426837344
knn4,160,3,10.594798057680302,6.633666604222704,10.659456001687692,6.868841638918716
knn4,160,93,10.594798057680302,6.633666604222704,10.670814939760433,6.279640423012518
knn4,160,146,10.594798057680302,6.633666604222704,10.85540389889327,6.406040356518552
knn4,160,171,10.594798057680302,6.633666604222704,10.53634873497376,6.297135482461151
knn4,161,35,11.449018837167603,3.8759071192237364,11.476208462704863,3.8368882484208835
knn4,161,42,11.449018837167603,3.8759071192237364,11.489455826347056,3.8998556207483936
knn4,161,48,11.449018837167603,3.8759071192237364,11.521605700470367,3.9277494037833165
knn4,161,162,11.449018837167603,3.8759071192237364,11.549710771981967,3.8608820458911794
knn4,162,42,11.549710771981967,3.8608820458911794,11.489455826347056,3.8998556207483936
knn4,162,48,11.549710771981967,3.8608820458911794,11.521605700470367,3.9277494037833165
knn4,162,140,11.549710771981967,3.8608820458911794,11.551184293738705,3.897849802943424
knn4,162,169,11.549710771981967,3.8608820458911794,11.527327784116997,3.8073949735905424
knn4,163,9,10.304349823400868,4.815027064169403,10.207233112145365,5.111968117654936
knn4,163,20,10.304349823400868,4.815027064169403,10.578551384611073,5.064096825334996
knn4,163,122,10.304349823400868,4.815027064169403,9.991373100045545,4.9960984878319525
knn4,163,164,10.304349823400868,4.815027064169403,9.905659420133736,4.88165722931655
knn4,164,21,9.905659420133736,4.88165722931655,9.731828167941632,5.078396669422873
knn4,164,100,9.905659420133736,4.88165722931655,9.829316773695295,4.706953308320927
knn4,164,106,9.905659420133736,4.88165722931655,9.788310334824631,4.871631798163739
knn4,164,122,9.905659420133736,4.88165722931655,9.991373100045545,4.9960984878319525
knn4,165,10,11.526928970931479,4.809389696717766,11.137741235728505,4.720050622033574
knn4,165,51,11.526928970931479,4.809389696717766,11.331667566922944,4.379075006178632
knn4,165,168,11.526928970931479,4.809389696717766,11.536707438945543,4.177776858376336
knn4,165,180,11.526928970931479,4.809389696717766,11.481632437576426,4.343216703470596
knn4,166,24,11.061208574047566,6.435845985934484,11.432205053915306,6.261274837398528
knn4,166,92,11.061208574047566,6.435845985934484,10.792134732101367,6.145578911161248
knn4,166,93,11.061208574047566,6.435845985934484,10.670814939760433,6.279640423012518
knn4,166,146,11.061208574047566,6.435845985934484,10.85540389889327,6.406040356518552
knn4,167,37,9.748064376290552,4.017239848490608,9.753211501803762,3.9808549856258435
knn4,167,44,9.748064376290552,4.017239848490608,9.704607806395392,4.046327194565729
knn4,167,97,9.748064376290552,4.017239848490608,9.753946060350472,4.029736111856659
knn4,167,147,9.748064376290552,4.017239848490608,9.71482536792799,4.011980817913029
knn4,168,48,11.536707438945543,4.177776858376336,11.521605700470367,3.9277494037833165
knn4,168,56,11.536707438945543,4.177776858376336,11.316634622265324,4.171065679244759
knn4,168,180,11.536707438945543,4.177776858376336,11.481632437576426,4.343216703470596
knn4,168,184,11.536707438945543,4.177776858376336,11.609160180599451,3.9994241017142866
knn4,169,35,11.527327784116997,3.8073949735905424,11.476208462704863,3.8368882484208835
knn4,169,54,11.527327784116997,3.8073949735905424,11.47345578974545,3.773237226893119
knn4,169,140,11.527327784116997,3.8073949735905424,11.551184293738705,3.897849802943424
knn4,169,162,11.527327784116997,3.8073949735905424,11.549710771981967,3.8608820458911794
knn4,170,42,11.317444456876556,3.978985104239134,11.489455826347056,3.8998556207483936
knn4,170,56,11.317444456876556,3.978985104239134,11.316634622265324,4.171065679244759
knn4,170,59,11.317444456876556,3.978985104239134,11.211793224925225,4.127781241272758
knn4,170,161,11.317444456876556,3.978985104239134,11.449018837167603,3.8759071192237364
knn4,171,66,10.53634873497376,6.297135482461151,10.31701132715715,6.2635263742654805
knn4,171,92,10.53634873497376,6.297135482461151,10.792134732101367,6.145578911161248
knn4,171,93,10.53634873497376,6.297135482461151,10.670814939760433,6.279640423012518
knn4,171,146,10.53634873497376,6.297135482461151,10.85540389889327,6.406040356518552
knn4,172,6,10.955861526045208,2.214114116048904,10.909051708862565,2.454424250892356
knn4,172,52,10.955861526045208,2.214114116048904,11.15485812690373,2.923679727057918
knn4,172,94,10.955861526045208,2.214114116048904,11.27674338287436,2.2337725445776226
knn4,172,157,10.955861526045208,2.214114116048904,10.207642017271729,2.6083359468090226
knn4,173,17,10.23285308322495,5.441660974715963,10.315765695645016,5.383433473971641
knn4,173,18,10.23285308322495,5.441660974715963,10.229894528395373,5.262037363016125
knn4,173,26,10.23285308322495,5.441660974715963,10.193609649951817,5.575381794518283
knn4,173,50,10.23285308322495,5.441660974715963,10.057569639178821,5.448037951111124
knn4,174,36,14.535614338457645,10.984282671754313,14.637323512839275,10.781533517339705
knn4,174,109,14.535614338457645,10.984282671754313,14.345966558690765,10.800853664165002
knn4,174,133,14.535614338457645,10.984282671754313,14.562428902591254,11.349110327406564
knn4,174,189,14.535614338457645,10.984282671754313,14.159175349839343,10.879959888213666
knn4,175,68,13.619094486683345,9.45915448143848,13.3651622528576,9.31280790983129
knn4,175,69,13.619094486683345,9.45915448143848,13.425190874354792,9.339875185525488
knn4,175,71,13.619094486683345,9.45915448143848,13.315244534705021,9.594035290770602
knn4,175,73,13.619094486683345,9.45915448143848,13.796023476549156,9.685697794236992
knn4,176,95,12.888865037696354,8.269466573422823,13.599027484431847,8.79179675519976
knn4,176,150,12.888865037696354,8.269466573422823,13.706377782618983,7.59894639188055
knn4,176,153,12.888865037696354,8.269466573422823,13.215634090782563,9.017748048149386
knn4,176,187,12.888865037696354,8.269466573422823,12.473213871668028,7.457874201384124
knn4,177,57,10.561851781765835,3.927865279285356,10.738368642046616,3.589657368595998
knn4,177,144,10.561851781765835,3.927865279285356,10.876802780428802,4.33287099644862
knn4,177,148,10.561851781765835,3.927865279285356,10.618478946981261,4.242487797844001
knn4,177,152,10.561851781765835,3.927865279285356,10.960724013438494,3.9390054941614063
knn4,178,34,14.230633804569349,8.826099964308511,13.933409571203496,9.341217327720619
knn4,178,95,14.230633804569349,8.826099964308511,13.599027484431847,8.79179675519976
knn4,178,175,14.230633804569349,8.826099964308511,13.619094486683345,9.45915448143848
knn4,178,185,14.230633804569349,8.826099964308511,14.276513591264166,8.236414439234002
knn4,179,88,13.961362982447126,10.756400191600767,13.902462567390135,10.879606340363594
knn4,179,123,13.961362982447126,10.756400191600767,14.179186767677018,10.708256548370752
knn4,179,130,13.961362982447126,10.756400191600767,13.84072916352134,10.711137725084342
knn4,179,189,13.961362982447126,10.756400191600767,14.159175349839343,10.879959888213666
knn4,180,51,11.481632437576426,4.343216703470596,11.331667566922944,4.379075006178632
knn4,180,56,11.481632437576426,4.343216703470596,11.316634622265324,4.171065679244759
knn4,180,132,11.481632437576426,4.343216703470596,11.228416741998542,4.230707929104898
knn4,180,168,11.481632437576426,4.343216703470596,11.536707438945543,4.177776858376336
knn4,181,113,12.028372765767866,2.8437208999522077,11.481802159175013,3.3413297687542376
knn4,181,125,12.028372765767866,2.8437208999522077,12.419455439744308,3.1911819490409767
knn4,181,139,12.028372765767866,2.8437208999522077,11.752571672209987,2.5897966832113037
knn4,181,200,12.028372765767866,2.8437208999522077,11.89009348174138,3.274079900074423
knn4,182,14,10.16251607422932,5.816186350929746,10.018311143143732,5.877229610034149
knn4,182,15,10.16251607422932,5.816186350929746,10.114981500968902,5.971401782545947
knn4,182,16,10.16251607422932,5.816186350929746,10.200103427925507,5.980873757841358
knn4,182,120,10.16251607422932,5.816186350929746,10.250920540538742,5.656351190354503
knn4,183,18,9.9559860083339,5.301921152890036,10.229894528395373,5.262037363016125
knn4,183,50,9.9559860083339,5.301921152890036,10.057569639178821,5.448037951111124
knn4,183,62,9.9559860083339,5.301921152890036,9.873663345426849,5.498491401544758
knn4,183,82,9.9559860083339,5.301921152890036,10.066378454074501,5.148842771604446
knn4,184,42,11.609160180599451,3.9994241017142866,11.489455826347056,3.8998556207483936
knn4,184,48,11.609160180599451,3.9994241017142866,11.521605700470367,3.9277494037833165
knn4,184,140,11.609160180599451,3.9994241017142866,11.551184293738705,3.897849802943424
knn4,184,162,11.609160180599451,3.9994241017142866,11.549710771981967,3.8608820458911794
knn4,185,95,14.276513591264166,8.236414439234002,13.599027484431847,8.79179675519976
knn4,185,150,14.276513591264166,8.236414439234002,13.706377782618983,7.59894639188055
knn4,185,178,14.276513591264166,8.236414439234002,14.230633804569349,8.826099964308511
knn4,185,191,14.276513591264166,8.236414439234002,14.851280814058898,7.657538151751084
knn4,186,25,12.484796224942032,6.569436560367275,11.842669359786743,6.711258108332383
knn4,186,43,12.484796224942032,6.569436560367275,13.236001829923094,7.151435906147851
knn4,186,149,12.484796224942032,6.569436560367275,13.162279732246677,6.385185750846337
knn4,186,187,12.484796224942032,6.569436560367275,12.473213871668028,7.457874201384124
knn4,187,25,12.473213871668028,7.457874201384124,11.842669359786743,6.711258108332383
knn4,187,43,12.473213871668028,7.457874201384124,13.236001829923094,7.151435906147851
knn4,187,176,12.473213871668028,7.457874201384124,12.888865037696354,8.269466573422823
knn4,187,186,12.473213871668028,7.457874201384124,12.484796224942032,6.569436560367275
knn4,188,40,9.406685660624394,4.087601137867745,9.234294414410952,4.167191924103788
knn4,188,45,9.406685660624394,4.087601137867745,9.639685917268018,4.169112126273628
knn4,188,107,9.406685660624394,4.087601137867745,9.607554609184168,3.9223299175912922
knn4,188,138,9.406685660624394,4.087601137867745,9.333391794076205,4.3242746654579385
knn4,189,88,14.159175349839343,10.879959888213666,13.902462567390135,10.879606340363594
knn4,189,109,14.159175349839343,10.879959888213666,14.345966558690765,10.800853664165002
knn4,189,123,14.159175349839343,10.879959888213666,14.179186767677018,10.708256548370752
knn4,189,179,14.159175349839343,10.879959888213666,13.961362982447126,10.756400191600767
knn4,190,21,9.63619328443081,4.830349010448445,9.731828167941632,5.078396669422873
knn4,190,85,9.63619328443081,4.830349010448445,9.426937665699358,4.956162749640458
knn4,190,100,9.63619328443081,4.830349010448445,9.829316773695295,4.706953308320927
knn4,190,106,9.63619328443081,4.830349010448445,9.788310334824631,4.871631798163739
knn4,191,30,14.851280814058898,7.657538151751084,13.95824212347373,6.983497277584013
knn4,191,46,14.851280814058898,7.657538151751084,14.77358796072302,6.668603394804258
knn4,191,150,14.851280814058898,7.657538151751084,13.706377782618983,7.59894639188055
knn4,191,185,14.851280814058898,7.657538151751084,14.276513591264166,8.236414439234002
knn4,192,15,10.279943498532903,6.028026557985204,10.114981500968902,5.971401782545947
knn4,192,16,10.279943498532903,6.028026557985204,10.200103427925507,5.980873757841358
knn4,192,66,10.279943498532903,6.028026557985204,10.31701132715715,6.2635263742654805
knn4,192,145,10.279943498532903,6.028026557985204,10.461066503639017,5.945991026175412
knn4,193,36,15.037326053588046,10.590889253171765,14.637323512839275,10.781533517339705
knn4,193,102,15.037326053588046,10.590889253171765,14.94571053635863,10.97396898225454
knn4,193,134,15.037326053588046,10.590889253171765,14.773962678722516,10.43149951965145
knn4,193,197,15.037326053588046,10.590889253171765,15.138146637608731,10.244871469650523
knn4,194,14,9.974716054844071,5.652395655200064,10.018311143143732,5.877229610034149
knn4,194,26,9.974716054844071,5.652395655200064,10.193609649951817,5.575381794518283
knn4,194,50,9.974716054844071,5.652395655200064,10.057569639178821,5.448037951111124
knn4,194,62,9.974716054844071,5.652395655200064,9.873663345426849,5.498491401544758
knn4,195,11,10.13256496414212,6.633245628558922,10.070028607523378,6.148999260113437
knn4,195,31,10.13256496414212,6.633245628558922,9.868559542537078,6.5115389961564185
knn4,195,66,10.13256496414212,6.633245628558922,10.31701132715715,6.2635263742654805
knn4,195,160,10.13256496414212,6.633245628558922,10.594798057680302,6.633666604222704
knn4,196,1,10.122700065826912,4.393707360551819,9.745287703203852,4.328315906021576
knn4,196,23,10.122700065826912,4.393707360551819,9.785187285343538,4.144712956421057
knn4,196,41,10.122700065826912,4.393707360551819,9.807833941139421,4.079563696957229
knn4,196,100,10.122700065826912,4.393707360551819,9.829316773695295,4.706953308320927
knn4,197,75,15.138146637608731,10.244871469650523,15.416629091499313,10.00942035458427
knn4,197,81,15.138146637608731,10.244871469650523,14.991265701537104,10.024442247430828
knn4,197,134,15.138146637608731,10.244871469650523,14.773962678722516,10.43149951965145
knn4,197,193,15.138146637608731,10.244871469650523,15.037326053588046,10.590889253171765
knn4,198,99,15.092544494120396,3.2079278126591233,13.935894099393247,2.8534232095931147
knn4,198,115,15.092544494120396,3.2079278126591233,14.118116335562965,4.001330140101417
knn4,198,131,15.092544494120396,3.2079278126591233,15.433462140422611,2.3348309066168706
knn4,198,142,15.092544494120396,3.2079278126591233,14.832049475887171,4.100710110272462
knn4,199,24,12.090962745297269,5.563473025556049,11.432205053915306,6.261274837398528
knn4,199,104,12.090962745297269,5.563473025556049,11.134023532411065,5.884833838390271
knn4,199,141,12.090962745297269,5.563473025556049,12.628108348094306,4.787147852078205
knn4,199,165,12.090962745297269,5.563473025556049,11.526928970931479,4.809389696717766
knn4,200,113,11.89009348174138,3.274079900074423,11.481802159175013,3.3413297687542376
knn4,200,125,11.89009348174138,3.274079900074423,12.419455439744308,3.1911819490409767
knn4,200,126,11.89009348174138,3.274079900074423,11.73965954683516,3.6988793865784397
knn4,200,181,11.89009348174138,3.274079900074423,12.028372765767866,2.8437208999522077
