{
"type": "FeatureCollection",
"name": "J10_benin_communes_sae",
"xy_coordinate_resolution": 1e-05,
"features": [
{ "type": "Feature", "properties": { "admin2Pcod": "BJ0101", "adm2_name": "Banikoara", "n_menages": 250, "n_grappes": 21, "insecure_direct": 70.76982663019686, "rmse_direct": 4.8720333375707714, "insecure_fh": 70.426188709446265, "rmse_fh": 4.5579166187446338, "gain_rmse": 0.31411671882613756, "gain_pct": 6.4473433792790562, "deplacement": -0.34363792075059507, "lc_13_urbain_adm2": 0.012465359494631499, "lc_8_savane_boisee_adm2": 0.0029185283762044002, "statut": "Estimee (direct + Fay-Herriot)" }, "geometry": { "type": "Polygon", "coordinates": [ [ [ 2.84185, 11.43059 ], [ 2.8173, 11.41923 ], [ 2.81003, 11.42358 ], [ 2.79959, 11.4181 ], [ 2.78584, 11.42084 ], [ 2.7726, 11.41564 ], [ 2.74324, 11.43446 ], [ 2.72876, 11.43442 ], [ 2.72488, 11.44084 ], [ 2.72908, 11.45735 ], [ 2.72452, 11.46781 ], [ 2.69663, 11.47717 ], [ 2.67699, 11.49953 ], [ 2.63885, 11.51256 ], [ 2.63341, 11.51802 ], [ 2.63645, 11.58667 ], [ 2.62875, 11.62896 ], [ 2.62214, 11.62999 ], [ 2.61374, 11.61558 ], [ 2.59934, 11.60649 ], [ 2.57434, 11.61054 ], [ 2.55996, 11.62521 ], [ 2.55166, 11.64403 ], [ 2.52677, 11.66391 ], [ 2.5094, 11.67347 ], [ 2.49732, 11.6759 ], [ 2.46102, 11.67305 ], [ 2.42524, 11.66394 ], [ 2.40452, 11.67795 ], [ 2.38375, 11.68376 ], [ 2.36198, 11.66594 ], [ 2.34125, 11.65744 ], [ 2.31782, 11.66464 ], [ 2.30959, 11.68081 ], [ 2.30573, 11.67442 ], [ 2.25746, 11.64792 ], [ 2.21878, 11.60971 ], [ 2.2062, 11.60095 ], [ 2.19313, 11.6007 ], [ 2.18544, 11.59724 ], [ 2.01925, 11.42771 ], [ 2.20326, 11.01039 ], [ 2.24424, 10.9903 ], [ 2.27943, 10.98568 ], [ 2.29049, 10.98145 ], [ 2.33559, 10.94924 ], [ 2.34396, 10.96101 ], [ 2.35962, 10.9715 ], [ 2.36691, 10.99107 ], [ 2.37159, 10.99647 ], [ 2.40785, 11.02145 ], [ 2.42218, 11.02318 ], [ 2.44475, 11.01944 ], [ 2.4675, 11.02029 ], [ 2.47084, 11.03585 ], [ 2.50656, 11.0604 ], [ 2.51883, 11.05073 ], [ 2.52325, 11.04112 ], [ 2.53278, 11.04008 ], [ 2.5432, 11.06019 ], [ 2.55291, 11.06459 ], [ 2.54117, 11.10679 ], [ 2.55752, 11.13103 ], [ 2.55567, 11.14634 ], [ 2.57732, 11.14913 ], [ 2.58626, 11.16062 ], [ 2.63093, 11.16175 ], [ 2.63673, 11.18369 ], [ 2.63483, 11.19621 ], [ 2.64037, 11.20577 ], [ 2.65288, 11.20832 ], [ 2.65674, 11.21734 ], [ 2.65197, 11.25615 ], [ 2.65655, 11.26683 ], [ 2.67221, 11.27646 ], [ 2.70144, 11.27946 ], [ 2.71613, 11.28993 ], [ 2.72673, 11.28055 ], [ 2.73963, 11.27755 ], [ 2.75038, 11.28817 ], [ 2.76343, 11.28587 ], [ 2.80065, 11.26935 ], [ 2.80787, 11.25901 ], [ 2.82082, 11.28006 ], [ 2.80841, 11.2921 ], [ 2.80888, 11.2971 ], [ 2.82351, 11.30034 ], [ 2.83149, 11.29708 ], [ 2.83785, 11.30218 ], [ 2.86092, 11.30633 ], [ 2.86334, 11.30993 ], [ 2.87373, 11.30985 ], [ 2.89011, 11.30403 ], [ 2.89997, 11.30786 ], [ 2.90522, 11.3138 ], [ 2.8974, 11.33498 ], [ 2.89853, 11.35291 ], [ 2.88542, 11.36399 ], [ 2.88471, 11.38178 ], [ 2.85981, 11.39419 ], [ 2.84925, 11.40802 ], [ 2.84163, 11.42114 ], [ 2.84185, 11.43059 ] ] ] } },
{ "type": "Feature", "properties": { "admin2Pcod": "BJ0102", "adm2_name": "Gogounou", "n_menages": 72, "n_grappes": 6, "insecure_direct": 63.165427038125564, "rmse_direct": 3.6150985091722121, "insecure_fh": 63.407759132413126, "rmse_fh": 3.4800500245738042, "gain_rmse": 0.1350484845984079, "gain_pct": 3.7356792423709475, "deplacement": 0.24233209428756197, "lc_13_urbain_adm2": 5.0443906376109628e-05, "lc_8_savane_boisee_adm2": 0.1717110573042771, "statut": "Estimee (direct + Fay-Herriot)" }, "geometry": { "type": "Polygon", "coordinates": [ [ [ 3.19362, 10.90465 ], [ 3.12374, 10.91898 ], [ 2.99357, 10.95445 ], [ 2.99323, 10.9927 ], [ 2.85593, 10.98978 ], [ 2.84388, 10.97762 ], [ 2.81979, 10.93648 ], [ 2.76738, 10.91263 ], [ 2.73673, 10.90587 ], [ 2.72708, 10.90928 ], [ 2.71022, 10.9237 ], [ 2.68275, 10.9606 ], [ 2.68244, 10.97437 ], [ 2.67132, 10.98737 ], [ 2.66721, 11.01591 ], [ 2.65719, 11.02654 ], [ 2.6528, 11.03853 ], [ 2.65265, 11.05522 ], [ 2.63191, 11.07607 ], [ 2.61702, 11.1087 ], [ 2.61474, 11.12276 ], [ 2.63594, 11.13877 ], [ 2.64351, 11.1543 ], [ 2.64744, 11.17138 ], [ 2.63673, 11.18369 ], [ 2.63093, 11.16175 ], [ 2.58626, 11.16062 ], [ 2.57732, 11.14913 ], [ 2.55567, 11.14634 ], [ 2.55752, 11.13103 ], [ 2.54117, 11.10679 ], [ 2.55291, 11.06459 ], [ 2.5432, 11.06019 ], [ 2.53278, 11.04008 ], [ 2.52325, 11.04112 ], [ 2.51883, 11.05073 ], [ 2.50656, 11.0604 ], [ 2.47084, 11.03585 ], [ 2.4675, 11.02029 ], [ 2.44475, 11.01944 ], [ 2.42218, 11.02318 ], [ 2.40785, 11.02145 ], [ 2.37159, 10.99647 ], [ 2.36691, 10.99107 ], [ 2.35962, 10.9715 ], [ 2.34396, 10.96101 ], [ 2.33559, 10.94924 ], [ 2.31881, 10.93736 ], [ 2.30408, 10.91866 ], [ 2.25718, 10.89318 ], [ 2.24958, 10.8711 ], [ 2.24069, 10.86196 ], [ 2.24148, 10.52849 ], [ 2.41846, 10.53171 ], [ 2.41792, 10.56474 ], [ 2.47691, 10.55428 ], [ 2.48425, 10.56157 ], [ 2.54501, 10.52997 ], [ 2.68823, 10.52998 ], [ 2.70173, 10.56373 ], [ 2.77749, 10.57872 ], [ 2.81323, 10.58159 ], [ 2.85643, 10.53566 ], [ 3.10633, 10.53787 ], [ 3.11067, 10.54675 ], [ 3.1239, 10.55235 ], [ 3.12273, 10.56154 ], [ 3.15241, 10.57187 ], [ 3.14915, 10.58303 ], [ 3.14996, 10.59248 ], [ 3.15743, 10.59785 ], [ 3.15754, 10.60897 ], [ 3.17339, 10.60968 ], [ 3.17164, 10.61734 ], [ 3.16501, 10.6263 ], [ 3.18316, 10.63339 ], [ 3.18278, 10.65092 ], [ 3.19836, 10.66623 ], [ 3.20368, 10.6794 ], [ 3.21736, 10.6868 ], [ 3.2096, 10.6959 ], [ 3.1966, 10.72785 ], [ 3.19735, 10.74691 ], [ 3.20083, 10.75856 ], [ 3.19736, 10.7889 ], [ 3.18503, 10.79068 ], [ 3.18134, 10.80002 ], [ 3.18133, 10.81338 ], [ 3.16987, 10.83127 ], [ 3.18327, 10.83881 ], [ 3.18162, 10.88416 ], [ 3.192, 10.8973 ], [ 3.19362, 10.90465 ] ] ] } },
{ "type": "Feature", "properties": { "admin2Pcod": "BJ0103", "adm2_name": "Kandi", "n_menages": 108, "n_grappes": 9, "insecure_direct": 55.815334844130724, "rmse_direct": 4.70186783551895, "insecure_fh": 57.371175677393438, "rmse_fh": 4.4183782110490197, "gain_rmse": 0.28348962446993031, "gain_pct": 6.0292980234022524, "deplacement": 1.5558408332627138, "lc_13_urbain_adm2": 0.0, "lc_8_savane_boisee_adm2": 0.0, "statut": "Estimee (direct + Fay-Herriot)" }, "geometry": { "type": "Polygon", "coordinates": [ [ [ 3.25846, 11.29882 ], [ 3.25321, 11.30735 ], [ 3.2242, 11.32927 ], [ 3.19655, 11.36203 ], [ 3.18485, 11.38714 ], [ 3.15576, 11.41755 ], [ 3.14499, 11.43751 ], [ 3.11432, 11.47889 ], [ 3.06555, 11.5264 ], [ 2.96093, 11.61977 ], [ 2.91508, 11.65263 ], [ 2.89895, 11.63968 ], [ 2.86609, 11.62851 ], [ 2.85587, 11.61649 ], [ 2.86855, 11.60305 ], [ 2.85583, 11.56116 ], [ 2.85909, 11.54557 ], [ 2.86427, 11.54345 ], [ 2.86722, 11.52633 ], [ 2.85279, 11.51448 ], [ 2.83956, 11.4958 ], [ 2.8599, 11.49066 ], [ 2.86787, 11.48476 ], [ 2.87634, 11.47331 ], [ 2.87597, 11.46219 ], [ 2.85838, 11.45897 ], [ 2.84185, 11.43059 ], [ 2.84163, 11.42114 ], [ 2.85981, 11.39419 ], [ 2.88471, 11.38178 ], [ 2.88542, 11.36399 ], [ 2.89853, 11.35291 ], [ 2.8974, 11.33498 ], [ 2.90522, 11.3138 ], [ 2.89997, 11.30786 ], [ 2.89011, 11.30403 ], [ 2.87373, 11.30985 ], [ 2.86334, 11.30993 ], [ 2.86092, 11.30633 ], [ 2.83785, 11.30218 ], [ 2.83149, 11.29708 ], [ 2.82351, 11.30034 ], [ 2.80888, 11.2971 ], [ 2.80841, 11.2921 ], [ 2.82082, 11.28006 ], [ 2.80787, 11.25901 ], [ 2.80065, 11.26935 ], [ 2.76343, 11.28587 ], [ 2.75038, 11.28817 ], [ 2.73963, 11.27755 ], [ 2.72673, 11.28055 ], [ 2.71613, 11.28993 ], [ 2.70144, 11.27946 ], [ 2.67221, 11.27646 ], [ 2.65655, 11.26683 ], [ 2.65197, 11.25615 ], [ 2.65674, 11.21734 ], [ 2.65288, 11.20832 ], [ 2.64037, 11.20577 ], [ 2.63483, 11.19621 ], [ 2.63673, 11.18369 ], [ 2.64744, 11.17138 ], [ 2.64351, 11.1543 ], [ 2.63594, 11.13877 ], [ 2.61474, 11.12276 ], [ 2.61702, 11.1087 ], [ 2.63191, 11.07607 ], [ 2.65265, 11.05522 ], [ 2.6528, 11.03853 ], [ 2.65719, 11.02654 ], [ 2.66721, 11.01591 ], [ 2.67132, 10.98737 ], [ 2.68244, 10.97437 ], [ 2.68275, 10.9606 ], [ 2.71022, 10.9237 ], [ 2.72708, 10.90928 ], [ 2.73673, 10.90587 ], [ 2.76738, 10.91263 ], [ 2.81979, 10.93648 ], [ 2.84388, 10.97762 ], [ 2.85593, 10.98978 ], [ 2.99323, 10.9927 ], [ 2.99357, 10.95445 ], [ 3.12374, 10.91898 ], [ 3.19362, 10.90465 ], [ 3.21813, 10.90784 ], [ 3.23254, 10.91981 ], [ 3.23384, 10.95303 ], [ 3.24709, 10.97516 ], [ 3.24507, 10.99839 ], [ 3.23234, 11.01698 ], [ 3.2334, 11.02518 ], [ 3.2259, 11.03399 ], [ 3.22552, 11.03817 ], [ 3.23449, 11.05199 ], [ 3.2235, 11.06085 ], [ 3.22602, 11.09016 ], [ 3.21364, 11.10193 ], [ 3.21456, 11.11138 ], [ 3.22442, 11.11422 ], [ 3.23257, 11.14529 ], [ 3.22977, 11.16144 ], [ 3.23441, 11.17614 ], [ 3.24874, 11.19201 ], [ 3.26563, 11.19631 ], [ 3.25829, 11.20721 ], [ 3.25472, 11.23018 ], [ 3.26253, 11.25416 ], [ 3.25846, 11.29882 ] ] ] } },
{ "type": "Feature", "properties": { "admin2Pcod": "BJ0104", "adm2_name": "Karimama", "n_menages": 48, "n_grappes": 4, "insecure_direct": 82.168886802692569, "rmse_direct": 6.3495492816049808, "insecure_fh": 79.197704927968431, "rmse_fh": 5.6939501780466335, "gain_rmse": 0.65559910355834727, "gain_pct": 10.325128201739558, "deplacement": -2.9711818747241381, "lc_13_urbain_adm2": 0.0081937796234955, "lc_8_savane_boisee_adm2": 0.0, "statut": "Estimee (direct + Fay-Herriot)" }, "geometry": { "type": "Polygon", "coordinates": [ [ [ 3.30365, 11.91596 ], [ 3.29889, 11.93194 ], [ 3.28333, 11.93528 ], [ 3.27917, 11.94444 ], [ 3.28083, 11.95528 ], [ 3.27833, 11.96556 ], [ 3.26889, 11.98167 ], [ 3.25944, 11.99 ], [ 3.25694, 11.99778 ], [ 3.27028, 12.01167 ], [ 3.27028, 12.01472 ], [ 3.26083, 12.01944 ], [ 3.25917, 12.025 ], [ 3.25167, 12.03167 ], [ 3.23944, 12.0325 ], [ 3.23028, 12.05028 ], [ 3.22028, 12.06083 ], [ 3.18889, 12.08361 ], [ 3.17639, 12.10583 ], [ 3.16861, 12.11361 ], [ 3.12722, 12.14028 ], [ 3.12778, 12.15444 ], [ 3.125, 12.1575 ], [ 3.10083, 12.1725 ], [ 3.08222, 12.17667 ], [ 3.07194, 12.18361 ], [ 3.05972, 12.19611 ], [ 3.05917, 12.20861 ], [ 3.02972, 12.23361 ], [ 3.01361, 12.26639 ], [ 2.96306, 12.2875 ], [ 2.94444, 12.31667 ], [ 2.92722, 12.335 ], [ 2.8925, 12.36056 ], [ 2.88444, 12.37722 ], [ 2.8725, 12.38778 ], [ 2.85694, 12.39278 ], [ 2.83889, 12.40667 ], [ 2.82667, 12.40861 ], [ 2.82642, 12.40351 ], [ 2.83045, 12.40002 ], [ 2.83106, 12.40503 ], [ 2.8357, 12.40479 ], [ 2.83882, 12.39532 ], [ 2.82331, 12.39435 ], [ 2.8125, 12.39728 ], [ 2.7935, 12.39001 ], [ 2.77628, 12.37609 ], [ 2.77244, 12.36576 ], [ 2.76181, 12.35147 ], [ 2.74776, 12.35068 ], [ 2.7419, 12.3577 ], [ 2.74239, 12.36418 ], [ 2.73421, 12.36344 ], [ 2.73158, 12.35532 ], [ 2.72291, 12.35257 ], [ 2.71552, 12.32332 ], [ 2.70782, 12.31465 ], [ 2.70758, 12.30518 ], [ 2.69298, 12.28155 ], [ 2.68572, 12.27905 ], [ 2.68529, 12.29425 ], [ 2.67546, 12.30341 ], [ 2.66501, 12.30641 ], [ 2.64309, 12.29761 ], [ 2.62898, 12.29554 ], [ 2.61457, 12.30121 ], [ 2.60413, 12.29834 ], [ 2.59863, 12.30256 ], [ 2.59332, 12.29908 ], [ 2.58037, 12.27831 ], [ 2.56865, 12.28198 ], [ 2.54349, 12.27331 ], [ 2.5419, 12.28204 ], [ 2.53414, 12.28283 ], [ 2.52126, 12.2948 ], [ 2.51338, 12.2846 ], [ 2.51326, 12.27569 ], [ 2.50776, 12.27386 ], [ 2.50495, 12.26628 ], [ 2.47405, 12.27337 ], [ 2.46978, 12.27117 ], [ 2.46422, 12.25309 ], [ 2.44229, 12.26488 ], [ 2.43185, 12.2526 ], [ 2.41005, 12.25303 ], [ 2.39985, 12.25773 ], [ 2.3819, 12.25089 ], [ 2.38263, 12.24601 ], [ 2.38574, 12.24503 ], [ 2.3844, 12.24247 ], [ 2.37426, 12.24228 ], [ 2.38098, 12.23098 ], [ 2.39128, 12.22811 ], [ 2.38741, 12.21601 ], [ 2.37725, 12.21394 ], [ 2.38236, 12.20108 ], [ 2.39211, 12.1932 ], [ 2.39273, 12.18304 ], [ 2.38209, 12.17454 ], [ 2.38229, 12.16798 ], [ 2.39715, 12.14821 ], [ 2.39052, 12.14012 ], [ 2.39777, 12.13183 ], [ 2.39142, 12.11255 ], [ 2.40469, 12.10225 ], [ 2.40925, 12.08697 ], [ 2.40476, 12.08241 ], [ 2.42148, 12.07571 ], [ 2.41782, 12.06513 ], [ 2.42245, 12.05615 ], [ 2.4362, 12.04868 ], [ 2.43634, 12.03486 ], [ 2.44152, 12.01696 ], [ 2.44982, 12.02014 ], [ 2.4568, 12.01219 ], [ 2.45438, 12.00659 ], [ 2.46551, 11.98019 ], [ 2.45963, 11.97618 ], [ 2.45583, 11.98095 ], [ 2.44692, 11.98427 ], [ 2.43503, 11.9712 ], [ 2.43517, 11.96374 ], [ 2.43911, 11.95863 ], [ 2.43724, 11.9531 ], [ 2.42466, 11.95475 ], [ 2.41927, 11.95095 ], [ 2.41927, 11.94694 ], [ 2.41651, 11.94701 ], [ 2.41201, 11.95102 ], [ 2.41581, 11.95545 ], [ 2.41181, 11.956 ], [ 2.40213, 11.94798 ], [ 2.4051, 11.94204 ], [ 2.40199, 11.93589 ], [ 2.39204, 11.93036 ], [ 2.3937, 11.926 ], [ 2.4022, 11.92006 ], [ 2.40006, 11.91335 ], [ 2.40959, 11.90456 ], [ 2.40884, 11.89853 ], [ 2.40508, 11.89978 ], [ 2.40241, 11.89611 ], [ 2.39715, 11.89547 ], [ 2.39446, 11.88923 ], [ 2.40261, 11.87059 ], [ 2.37923, 11.85407 ], [ 2.3743, 11.83706 ], [ 2.38317, 11.82762 ], [ 2.38105, 11.82371 ], [ 2.37007, 11.81821 ], [ 2.36773, 11.81338 ], [ 2.37006, 11.80694 ], [ 2.36818, 11.80212 ], [ 2.37215, 11.79797 ], [ 2.37237, 11.79314 ], [ 2.34038, 11.78537 ], [ 2.33826, 11.7702 ], [ 2.3191, 11.7562 ], [ 2.31395, 11.74609 ], [ 2.30367, 11.73529 ], [ 2.29922, 11.72081 ], [ 2.30084, 11.7084 ], [ 2.30666, 11.69689 ], [ 2.30385, 11.68585 ], [ 2.30959, 11.68081 ], [ 2.31782, 11.66464 ], [ 2.34125, 11.65744 ], [ 2.36198, 11.66594 ], [ 2.38375, 11.68376 ], [ 2.40452, 11.67795 ], [ 2.42524, 11.66394 ], [ 2.46102, 11.67305 ], [ 2.49732, 11.6759 ], [ 2.5094, 11.67347 ], [ 2.52677, 11.66391 ], [ 2.55166, 11.64403 ], [ 2.55996, 11.62521 ], [ 2.57434, 11.61054 ], [ 2.59934, 11.60649 ], [ 2.61374, 11.61558 ], [ 2.62214, 11.62999 ], [ 2.62875, 11.62896 ], [ 2.63645, 11.58667 ], [ 2.63341, 11.51802 ], [ 2.63885, 11.51256 ], [ 2.67699, 11.49953 ], [ 2.69663, 11.47717 ], [ 2.72452, 11.46781 ], [ 2.72908, 11.45735 ], [ 2.72488, 11.44084 ], [ 2.72876, 11.43442 ], [ 2.74324, 11.43446 ], [ 2.7726, 11.41564 ], [ 2.78584, 11.42084 ], [ 2.79959, 11.4181 ], [ 2.81003, 11.42358 ], [ 2.8173, 11.41923 ], [ 2.84043, 11.42852 ], [ 2.85838, 11.45897 ], [ 2.87597, 11.46219 ], [ 2.87634, 11.47331 ], [ 2.86787, 11.48476 ], [ 2.8599, 11.49066 ], [ 2.83956, 11.4958 ], [ 2.85279, 11.51448 ], [ 2.86722, 11.52633 ], [ 2.86427, 11.54345 ], [ 2.85909, 11.54557 ], [ 2.85583, 11.56116 ], [ 2.86855, 11.60305 ], [ 2.85587, 11.61649 ], [ 2.86609, 11.62851 ], [ 2.89895, 11.63968 ], [ 2.90548, 11.64714 ], [ 2.9398, 11.66607 ], [ 2.94748, 11.69201 ], [ 2.96785, 11.73899 ], [ 2.99269, 11.76354 ], [ 2.99193, 11.77412 ], [ 3.00106, 11.78851 ], [ 3.0205, 11.85619 ], [ 3.01876, 11.88151 ], [ 3.01354, 11.89725 ], [ 3.01574, 11.90683 ], [ 3.02284, 11.91413 ], [ 3.02113, 11.94403 ], [ 3.02577, 11.95916 ], [ 3.03781, 11.96671 ], [ 3.05178, 11.97036 ], [ 3.0729, 11.98618 ], [ 3.0741, 11.97894 ], [ 3.0987, 11.97486 ], [ 3.09891, 11.96749 ], [ 3.10607, 11.96507 ], [ 3.11608, 11.96707 ], [ 3.11625, 11.95415 ], [ 3.12443, 11.94101 ], [ 3.14618, 11.93361 ], [ 3.15668, 11.94243 ], [ 3.16562, 11.93554 ], [ 3.16768, 11.92857 ], [ 3.1741, 11.92296 ], [ 3.19645, 11.92 ], [ 3.21478, 11.90914 ], [ 3.22198, 11.91159 ], [ 3.23183, 11.92499 ], [ 3.24214, 11.89878 ], [ 3.26002, 11.89946 ], [ 3.2684, 11.89341 ], [ 3.27202, 11.90395 ], [ 3.26647, 11.91274 ], [ 3.28434, 11.91245 ], [ 3.30365, 11.91596 ] ] ] } },
{ "type": "Feature", "properties": { "admin2Pcod": "BJ0105", "adm2_name": "Malanville", "n_menages": 120, "n_grappes": 10, "insecure_direct": 68.237094566229644, "rmse_direct": 4.3658827353449201, "insecure_fh": 68.36861125716176, "rmse_fh": 4.1351289337640456, "gain_rmse": 0.23075380158087455, "gain_pct": 5.2853870698990315, "deplacement": 0.13151669093211638, "lc_13_urbain_adm2": 0.049603007460640003, "lc_8_savane_boisee_adm2": 0.0, "statut": "Estimee (direct + Fay-Herriot)" }, "geometry": { "type": "Polygon", "coordinates": [ [ [ 3.30365, 11.91596 ], [ 3.28434, 11.91245 ], [ 3.26647, 11.91274 ], [ 3.27202, 11.90395 ], [ 3.2684, 11.89341 ], [ 3.26002, 11.89946 ], [ 3.24214, 11.89878 ], [ 3.23183, 11.92499 ], [ 3.22198, 11.91159 ], [ 3.21478, 11.90914 ], [ 3.19645, 11.92 ], [ 3.1741, 11.92296 ], [ 3.16768, 11.92857 ], [ 3.16562, 11.93554 ], [ 3.15668, 11.94243 ], [ 3.14618, 11.93361 ], [ 3.12443, 11.94101 ], [ 3.11625, 11.95415 ], [ 3.11608, 11.96707 ], [ 3.10607, 11.96507 ], [ 3.09891, 11.96749 ], [ 3.0987, 11.97486 ], [ 3.0741, 11.97894 ], [ 3.0729, 11.98618 ], [ 3.05178, 11.97036 ], [ 3.03781, 11.96671 ], [ 3.02577, 11.95916 ], [ 3.02113, 11.94403 ], [ 3.02284, 11.91413 ], [ 3.01574, 11.90683 ], [ 3.01354, 11.89725 ], [ 3.01876, 11.88151 ], [ 3.0205, 11.85619 ], [ 3.00106, 11.78851 ], [ 2.99193, 11.77412 ], [ 2.99269, 11.76354 ], [ 2.96785, 11.73899 ], [ 2.94748, 11.69201 ], [ 2.9398, 11.66607 ], [ 2.91508, 11.65263 ], [ 2.96093, 11.61977 ], [ 3.06555, 11.5264 ], [ 3.11432, 11.47889 ], [ 3.14499, 11.43751 ], [ 3.15576, 11.41755 ], [ 3.18485, 11.38714 ], [ 3.19655, 11.36203 ], [ 3.2242, 11.32927 ], [ 3.25321, 11.30735 ], [ 3.25846, 11.29882 ], [ 3.26478, 11.3135 ], [ 3.2778, 11.32382 ], [ 3.27942, 11.33173 ], [ 3.29963, 11.34365 ], [ 3.32088, 11.34833 ], [ 3.33244, 11.33823 ], [ 3.34804, 11.3385 ], [ 3.3571, 11.3458 ], [ 3.36383, 11.35853 ], [ 3.35885, 11.36649 ], [ 3.36058, 11.37093 ], [ 3.37415, 11.37873 ], [ 3.38707, 11.39322 ], [ 3.50235, 11.40327 ], [ 3.47113, 11.44857 ], [ 3.55796, 11.63188 ], [ 3.59159, 11.67462 ], [ 3.60507, 11.69697 ], [ 3.58676, 11.71165 ], [ 3.55639, 11.72417 ], [ 3.54972, 11.73472 ], [ 3.55056, 11.74222 ], [ 3.55417, 11.75167 ], [ 3.56528, 11.76472 ], [ 3.56472, 11.7725 ], [ 3.55861, 11.77917 ], [ 3.535, 11.77944 ], [ 3.52278, 11.78778 ], [ 3.51944, 11.80028 ], [ 3.52111, 11.81472 ], [ 3.49389, 11.84333 ], [ 3.48139, 11.86139 ], [ 3.46139, 11.86528 ], [ 3.44111, 11.87694 ], [ 3.42611, 11.87472 ], [ 3.41833, 11.87861 ], [ 3.40306, 11.8775 ], [ 3.38361, 11.88639 ], [ 3.37028, 11.88694 ], [ 3.34528, 11.8825 ], [ 3.3375, 11.88639 ], [ 3.32861, 11.88139 ], [ 3.32139, 11.88167 ], [ 3.30417, 11.90333 ], [ 3.30365, 11.91596 ] ] ] } },
{ "type": "Feature", "properties": { "admin2Pcod": "BJ0106", "adm2_name": "Segbana", "n_menages": 60, "n_grappes": 5, "insecure_direct": 61.738612312033645, "rmse_direct": 5.1063084089711737, "insecure_fh": 62.515645684883616, "rmse_fh": 4.7452049349824383, "gain_rmse": 0.36110347398873532, "gain_pct": 7.0717129688900036, "deplacement": 0.77703337284997076, "lc_13_urbain_adm2": 0.0, "lc_8_savane_boisee_adm2": 0.092686090098729301, "statut": "Estimee (direct + Fay-Herriot)" }, "geometry": { "type": "Polygon", "coordinates": [ [ [ 3.84913, 10.64775 ], [ 3.84098, 10.70492 ], [ 3.79716, 10.73546 ], [ 3.78445, 10.7546 ], [ 3.77848, 10.77256 ], [ 3.74938, 10.82556 ], [ 3.7492, 10.83752 ], [ 3.769, 10.89882 ], [ 3.77122, 10.93077 ], [ 3.7587, 10.99842 ], [ 3.75177, 11.01063 ], [ 3.73016, 11.02153 ], [ 3.7169, 11.02434 ], [ 3.71718, 11.03469 ], [ 3.72402, 11.05742 ], [ 3.71947, 11.08618 ], [ 3.72752, 11.11765 ], [ 3.72591, 11.12409 ], [ 3.71755, 11.12781 ], [ 3.69193, 11.12814 ], [ 3.50235, 11.40327 ], [ 3.38707, 11.39322 ], [ 3.37415, 11.37873 ], [ 3.36058, 11.37093 ], [ 3.35885, 11.36649 ], [ 3.36383, 11.35853 ], [ 3.3571, 11.3458 ], [ 3.34804, 11.3385 ], [ 3.33244, 11.33823 ], [ 3.32088, 11.34833 ], [ 3.29963, 11.34365 ], [ 3.27942, 11.33173 ], [ 3.2778, 11.32382 ], [ 3.26478, 11.3135 ], [ 3.25769, 11.29174 ], [ 3.26253, 11.25416 ], [ 3.25472, 11.23018 ], [ 3.25829, 11.20721 ], [ 3.26563, 11.19631 ], [ 3.24874, 11.19201 ], [ 3.23441, 11.17614 ], [ 3.22977, 11.16144 ], [ 3.23257, 11.14529 ], [ 3.23007, 11.13336 ], [ 3.22442, 11.11422 ], [ 3.21456, 11.11138 ], [ 3.21364, 11.10193 ], [ 3.22602, 11.09016 ], [ 3.2235, 11.06085 ], [ 3.23449, 11.05199 ], [ 3.22552, 11.03817 ], [ 3.2259, 11.03399 ], [ 3.2334, 11.02518 ], [ 3.23234, 11.01698 ], [ 3.24507, 10.99839 ], [ 3.24709, 10.97516 ], [ 3.23384, 10.95303 ], [ 3.23254, 10.91981 ], [ 3.21813, 10.90784 ], [ 3.19362, 10.90465 ], [ 3.192, 10.8973 ], [ 3.18162, 10.88416 ], [ 3.18327, 10.83881 ], [ 3.16987, 10.83127 ], [ 3.18133, 10.81338 ], [ 3.18134, 10.80002 ], [ 3.18503, 10.79068 ], [ 3.19736, 10.7889 ], [ 3.20083, 10.75856 ], [ 3.19735, 10.74691 ], [ 3.1966, 10.72785 ], [ 3.2096, 10.6959 ], [ 3.21736, 10.6868 ], [ 3.20368, 10.6794 ], [ 3.19836, 10.66623 ], [ 3.18278, 10.65092 ], [ 3.18316, 10.63339 ], [ 3.16501, 10.6263 ], [ 3.17164, 10.61734 ], [ 3.17339, 10.60968 ], [ 3.15754, 10.60897 ], [ 3.15743, 10.59785 ], [ 3.14996, 10.59248 ], [ 3.14915, 10.58303 ], [ 3.15241, 10.57187 ], [ 3.12273, 10.56154 ], [ 3.1239, 10.55235 ], [ 3.11067, 10.54675 ], [ 3.10633, 10.53787 ], [ 3.17977, 10.53939 ], [ 3.49738, 10.61226 ], [ 3.84913, 10.64775 ] ] ] } },
{ "type": "Feature", "properties": { "admin2Pcod": "BJ0202", "adm2_name": "Kerou", "n_menages": 69, "n_grappes": 6, "insecure_direct": 36.94015709441986, "rmse_direct": 3.3124950155621802, "insecure_fh": 38.953190068419829, "rmse_fh": 3.2078976305466851, "gain_rmse": 0.10459738501549509, "gain_pct": 3.1576616575751539, "deplacement": 2.0130329739999695, "lc_13_urbain_adm2": 0.0, "lc_8_savane_boisee_adm2": 0.14689951546628641, "statut": "Estimee (direct + Fay-Herriot)" }, "geometry": { "type": "Polygon", "coordinates": [ [ [ 2.33559, 10.94924 ], [ 2.29049, 10.98145 ], [ 2.27943, 10.98568 ], [ 2.24424, 10.9903 ], [ 2.20326, 11.01039 ], [ 2.01925, 11.42771 ], [ 2.0104, 11.42333 ], [ 1.98196, 11.42004 ], [ 1.95297, 11.42156 ], [ 1.92182, 11.39412 ], [ 1.91905, 11.37591 ], [ 1.90001, 11.36486 ], [ 1.90235, 11.35525 ], [ 1.88923, 11.34543 ], [ 1.8945, 11.33318 ], [ 1.87778, 11.30751 ], [ 1.87995, 11.29484 ], [ 1.87055, 11.2718 ], [ 1.83915, 11.25828 ], [ 1.82897, 11.24525 ], [ 1.82688, 11.22384 ], [ 1.82887, 11.20186 ], [ 1.78498, 11.18741 ], [ 1.75669, 11.17457 ], [ 1.75162, 11.14692 ], [ 1.74369, 11.13304 ], [ 1.74656, 11.11788 ], [ 1.74031, 11.10399 ], [ 1.74746, 11.10036 ], [ 1.75574, 11.10116 ], [ 1.7599, 11.09155 ], [ 1.75645, 11.07627 ], [ 1.74247, 11.06019 ], [ 1.74375, 11.03598 ], [ 1.72745, 11.03158 ], [ 1.72612, 11.02061 ], [ 1.71759, 10.99908 ], [ 1.69768, 10.97467 ], [ 1.68446, 10.94051 ], [ 1.6663, 10.9293 ], [ 1.65761, 10.90263 ], [ 1.6722, 10.90175 ], [ 1.69058, 10.87514 ], [ 1.72505, 10.86849 ], [ 1.74055, 10.85496 ], [ 1.74483, 10.8423 ], [ 1.75042, 10.83811 ], [ 1.75971, 10.84474 ], [ 1.77975, 10.84121 ], [ 1.78875, 10.8452 ], [ 1.8081, 10.87016 ], [ 1.85464, 10.84094 ], [ 1.85768, 10.83272 ], [ 1.88479, 10.81468 ], [ 1.90343, 10.81058 ], [ 1.91654, 10.79885 ], [ 1.91996, 10.78549 ], [ 1.93757, 10.77555 ], [ 1.96047, 10.78047 ], [ 1.97428, 10.7925 ], [ 1.98163, 10.77969 ], [ 1.96186, 10.7336 ], [ 1.96734, 10.71313 ], [ 1.9611, 10.70134 ], [ 1.94061, 10.69585 ], [ 1.94137, 10.68223 ], [ 1.9226, 10.61583 ], [ 1.87686, 10.60697 ], [ 1.86619, 10.60298 ], [ 1.85599, 10.59165 ], [ 1.83501, 10.53641 ], [ 1.83955, 10.52417 ], [ 1.85244, 10.50702 ], [ 1.86681, 10.50054 ], [ 1.96767, 10.54833 ], [ 2.00893, 10.52516 ], [ 2.04817, 10.51295 ], [ 2.08398, 10.51006 ], [ 2.10362, 10.5152 ], [ 2.12445, 10.52963 ], [ 2.16238, 10.52838 ], [ 2.17813, 10.53632 ], [ 2.20895, 10.53998 ], [ 2.2284, 10.53776 ], [ 2.24035, 10.54447 ], [ 2.24069, 10.86196 ], [ 2.24958, 10.8711 ], [ 2.25718, 10.89318 ], [ 2.30408, 10.91866 ], [ 2.31881, 10.93736 ], [ 2.33559, 10.94924 ] ] ] } },
{ "type": "Feature", "properties": { "admin2Pcod": "BJ0203", "adm2_name": "Kobli", "n_menages": 48, "n_grappes": 4, "insecure_direct": 78.986598705572945, "rmse_direct": 4.5242967135072334, "insecure_fh": 77.655258312614123, "rmse_fh": 4.2702306052949552, "gain_rmse": 0.25406610821227815, "gain_pct": 5.6155934126461435, "deplacement": -1.3313403929588219, "lc_13_urbain_adm2": 0.0, "lc_8_savane_boisee_adm2": 0.0, "statut": "Estimee (direct + Fay-Herriot)" }, "geometry": { "type": "Polygon", "coordinates": [ [ [ 1.04118, 10.53757 ], [ 1.02391, 10.52787 ], [ 0.9988, 10.56014 ], [ 0.94857, 10.58132 ], [ 0.94188, 10.59174 ], [ 0.93082, 10.59857 ], [ 0.93016, 10.61246 ], [ 0.87564, 10.65475 ], [ 0.80574, 10.64367 ], [ 0.80812, 10.61303 ], [ 0.80626, 10.57808 ], [ 0.78323, 10.51218 ], [ 0.77457, 10.38476 ], [ 0.90969, 10.28573 ], [ 0.96291, 10.32767 ], [ 1.00739, 10.42378 ], [ 1.08157, 10.43502 ], [ 1.08237, 10.45801 ], [ 1.07658, 10.48708 ], [ 1.06405, 10.50961 ], [ 1.04118, 10.53757 ] ] ] } },
{ "type": "Feature", "properties": { "admin2Pcod": "BJ0204", "adm2_name": "Kouande", "n_menages": 84, "n_grappes": 7, "insecure_direct": 44.590963760330922, "rmse_direct": 4.9718899031537793, "insecure_fh": 47.545848770668869, "rmse_fh": 4.6348502683964519, "gain_rmse": 0.33703963475732746, "gain_pct": 6.7789038237458925, "deplacement": 2.9548850103379465, "lc_13_urbain_adm2": 6.0584030049679055e-05, "lc_8_savane_boisee_adm2": 0.2446515883222645, "statut": "Estimee (direct + Fay-Herriot)" }, "geometry": { "type": "Polygon", "coordinates": [ [ [ 2.00893, 10.52516 ], [ 1.96767, 10.54833 ], [ 1.86681, 10.50054 ], [ 1.85244, 10.50702 ], [ 1.83955, 10.52417 ], [ 1.83501, 10.53641 ], [ 1.85599, 10.59165 ], [ 1.86619, 10.60298 ], [ 1.9226, 10.61583 ], [ 1.94137, 10.68223 ], [ 1.94061, 10.69585 ], [ 1.9611, 10.70134 ], [ 1.96734, 10.71313 ], [ 1.96186, 10.7336 ], [ 1.98163, 10.77969 ], [ 1.97428, 10.7925 ], [ 1.96047, 10.78047 ], [ 1.93757, 10.77555 ], [ 1.91996, 10.78549 ], [ 1.91654, 10.79885 ], [ 1.90343, 10.81058 ], [ 1.88479, 10.81468 ], [ 1.85768, 10.83272 ], [ 1.85464, 10.84094 ], [ 1.8081, 10.87016 ], [ 1.78875, 10.8452 ], [ 1.77975, 10.84121 ], [ 1.75971, 10.84474 ], [ 1.75042, 10.83811 ], [ 1.74483, 10.8423 ], [ 1.74055, 10.85496 ], [ 1.72505, 10.86849 ], [ 1.69058, 10.87514 ], [ 1.6722, 10.90175 ], [ 1.65901, 10.90221 ], [ 1.66164, 10.89539 ], [ 1.64151, 10.88015 ], [ 1.63389, 10.871 ], [ 1.58926, 10.86515 ], [ 1.56142, 10.82268 ], [ 1.56042, 10.81795 ], [ 1.56869, 10.81598 ], [ 1.57664, 10.80679 ], [ 1.57867, 10.7926 ], [ 1.56534, 10.79083 ], [ 1.56828, 10.75842 ], [ 1.55323, 10.75012 ], [ 1.55387, 10.73664 ], [ 1.63768, 10.67411 ], [ 1.62032, 10.58304 ], [ 1.64205, 10.52311 ], [ 1.64919, 10.48061 ], [ 1.64195, 10.44429 ], [ 1.60891, 10.44129 ], [ 1.62541, 10.41871 ], [ 1.62781, 10.39941 ], [ 1.61506, 10.39671 ], [ 1.61389, 10.38797 ], [ 1.57394, 10.35502 ], [ 1.54833, 10.28759 ], [ 1.54325, 10.16911 ], [ 1.57572, 10.13049 ], [ 1.55531, 10.08579 ], [ 1.53714, 10.06466 ], [ 1.52776, 10.06304 ], [ 1.52327, 10.05863 ], [ 1.52155, 10.05142 ], [ 1.50457, 10.04123 ], [ 1.48837, 10.04313 ], [ 1.47206, 10.02712 ], [ 1.46411, 10.02841 ], [ 1.45386, 10.04317 ], [ 1.42436, 10.04096 ], [ 1.41253, 10.02591 ], [ 1.39962, 10.0164 ], [ 1.37867, 10.01733 ], [ 1.3798, 10.0003 ], [ 1.40098, 9.98711 ], [ 1.48877, 9.97125 ], [ 1.5047, 9.97338 ], [ 1.5294, 9.94619 ], [ 1.54404, 9.94083 ], [ 1.65538, 9.94034 ], [ 1.73534, 10.02701 ], [ 1.74728, 10.03665 ], [ 1.76938, 10.03943 ], [ 1.78599, 10.05571 ], [ 1.80859, 10.08873 ], [ 1.81315, 10.10092 ], [ 1.81843, 10.15473 ], [ 1.82673, 10.20075 ], [ 1.85663, 10.33115 ], [ 1.89642, 10.37726 ], [ 1.89455, 10.39059 ], [ 1.89662, 10.40487 ], [ 1.90862, 10.41923 ], [ 1.90855, 10.42894 ], [ 1.92111, 10.44274 ], [ 1.92236, 10.46022 ], [ 1.93443, 10.46514 ], [ 1.93912, 10.47385 ], [ 1.94895, 10.47892 ], [ 1.95081, 10.48488 ], [ 1.96482, 10.48548 ], [ 1.97101, 10.4896 ], [ 1.97587, 10.48457 ], [ 1.98279, 10.49341 ], [ 1.98881, 10.49295 ], [ 1.99564, 10.50762 ], [ 2.00893, 10.52516 ] ] ] } },
{ "type": "Feature", "properties": { "admin2Pcod": "BJ0205", "adm2_name": "Materi", "n_menages": 119, "n_grappes": 10, "insecure_direct": 75.751339243292733, "rmse_direct": 5.0103680295173501, "insecure_fh": 74.626212701155282, "rmse_fh": 4.6710000548110804, "gain_rmse": 0.33936797470626967, "gain_pct": 6.7733143095869766, "deplacement": -1.1251265421374512, "lc_13_urbain_adm2": 0.0, "lc_8_savane_boisee_adm2": 0.0, "statut": "Estimee (direct + Fay-Herriot)" }, "geometry": { "type": "Polygon", "coordinates": [ [ [ 1.11018, 11.03041 ], [ 1.09102, 11.04874 ], [ 1.07448, 11.05375 ], [ 1.06957, 11.05902 ], [ 1.04306, 11.04905 ], [ 1.03514, 11.04948 ], [ 1.02206, 11.06323 ], [ 1.01313, 11.08344 ], [ 0.99916, 11.08569 ], [ 0.98916, 11.08037 ], [ 0.98424, 11.08886 ], [ 0.97864, 11.09045 ], [ 0.97192, 11.08215 ], [ 0.96992, 11.058 ], [ 0.94888, 11.03583 ], [ 0.92157, 11.01746 ], [ 0.91216, 10.99649 ], [ 0.89945, 10.94513 ], [ 0.89052, 10.92094 ], [ 0.90098, 10.88674 ], [ 0.88508, 10.86182 ], [ 0.87382, 10.80496 ], [ 0.86784, 10.79527 ], [ 0.85163, 10.78297 ], [ 0.80825, 10.73189 ], [ 0.80183, 10.71829 ], [ 0.79693, 10.68492 ], [ 0.80574, 10.64367 ], [ 0.87564, 10.65475 ], [ 0.93016, 10.61246 ], [ 0.93082, 10.59857 ], [ 0.94188, 10.59174 ], [ 0.94857, 10.58132 ], [ 0.9988, 10.56014 ], [ 1.02391, 10.52787 ], [ 1.04118, 10.53757 ], [ 1.08499, 10.5738 ], [ 1.1059, 10.58545 ], [ 1.12319, 10.6021 ], [ 1.13929, 10.59861 ], [ 1.16255, 10.60025 ], [ 1.1818, 10.65165 ], [ 1.17834, 10.66514 ], [ 1.17346, 10.67154 ], [ 1.17825, 10.67973 ], [ 1.19311, 10.68318 ], [ 1.19877, 10.69513 ], [ 1.2338, 10.6948 ], [ 1.24084, 10.7016 ], [ 1.25721, 10.73062 ], [ 1.26376, 10.75717 ], [ 1.26435, 10.76606 ], [ 1.2494, 10.77957 ], [ 1.25519, 10.79041 ], [ 1.25103, 10.80362 ], [ 1.23105, 10.82451 ], [ 1.22452, 10.8405 ], [ 1.21037, 10.84456 ], [ 1.1891, 10.85598 ], [ 1.10757, 10.92754 ], [ 1.10514, 10.95743 ], [ 1.12059, 10.96131 ], [ 1.12242, 10.96561 ], [ 1.1215, 10.98535 ], [ 1.11018, 11.03041 ] ] ] } },
{ "type": "Feature", "properties": { "admin2Pcod": "BJ0206", "adm2_name": "Natitingou", "n_menages": 108, "n_grappes": 9, "insecure_direct": 58.924628317585615, "rmse_direct": 5.1020023159499504, "insecure_fh": 60.253220936251012, "rmse_fh": 4.7447955433739235, "gain_rmse": 0.35720677257602684, "gain_pct": 7.0013055748587592, "deplacement": 1.3285926186653967, "lc_13_urbain_adm2": 0.0, "lc_8_savane_boisee_adm2": 0.0014189332827724999, "statut": "Estimee (direct + Fay-Herriot)" }, "geometry": { "type": "Polygon", "coordinates": [ [ [ 1.37867, 10.01733 ], [ 1.39962, 10.0164 ], [ 1.41253, 10.02591 ], [ 1.42436, 10.04096 ], [ 1.45386, 10.04317 ], [ 1.46411, 10.02841 ], [ 1.47206, 10.02712 ], [ 1.48837, 10.04313 ], [ 1.50457, 10.04123 ], [ 1.52155, 10.05142 ], [ 1.52327, 10.05863 ], [ 1.52776, 10.06304 ], [ 1.53714, 10.06466 ], [ 1.55531, 10.08579 ], [ 1.57572, 10.13049 ], [ 1.54325, 10.16911 ], [ 1.54833, 10.28759 ], [ 1.57394, 10.35502 ], [ 1.61389, 10.38797 ], [ 1.61506, 10.39671 ], [ 1.62781, 10.39941 ], [ 1.62541, 10.41871 ], [ 1.60891, 10.44129 ], [ 1.5487, 10.43537 ], [ 1.51115, 10.42529 ], [ 1.50072, 10.41328 ], [ 1.49788, 10.40566 ], [ 1.50145, 10.37178 ], [ 1.49453, 10.36183 ], [ 1.48038, 10.35704 ], [ 1.4622, 10.35839 ], [ 1.44712, 10.36346 ], [ 1.44107, 10.38153 ], [ 1.43801, 10.38335 ], [ 1.43816, 10.40957 ], [ 1.43431, 10.42083 ], [ 1.42481, 10.42338 ], [ 1.41619, 10.40719 ], [ 1.40593, 10.3996 ], [ 1.39013, 10.40134 ], [ 1.35581, 10.3936 ], [ 1.30657, 10.39314 ], [ 1.20494, 10.40552 ], [ 1.20364, 10.3689 ], [ 1.21842, 10.36093 ], [ 1.22034, 10.35246 ], [ 1.2319, 10.34381 ], [ 1.23036, 10.31787 ], [ 1.21155, 10.30435 ], [ 1.20001, 10.28941 ], [ 1.19865, 10.24378 ], [ 1.21887, 10.20748 ], [ 1.23323, 10.20006 ], [ 1.27077, 10.18837 ], [ 1.28802, 10.17358 ], [ 1.29722, 10.14302 ], [ 1.30862, 10.13339 ], [ 1.28784, 10.11462 ], [ 1.29205, 10.09309 ], [ 1.30232, 10.08084 ], [ 1.31724, 10.07605 ], [ 1.32984, 10.0782 ], [ 1.34239, 10.07509 ], [ 1.34779, 10.06564 ], [ 1.37083, 10.06427 ], [ 1.37867, 10.01733 ] ] ] } },
{ "type": "Feature", "properties": { "admin2Pcod": "BJ0207", "adm2_name": "Pehunco", "n_menages": 36, "n_grappes": 3, "insecure_direct": 27.17613089385727, "rmse_direct": 10.673610211789661, "insecure_fh": 43.701057636959121, "rmse_fh": 8.1580010963351803, "gain_rmse": 2.5156091154544811, "gain_pct": 23.568493373271544, "deplacement": 16.524926743101851, "lc_13_urbain_adm2": 0.024874022760512, "lc_8_savane_boisee_adm2": 0.32092977081824098, "statut": "Estimee (direct + Fay-Herriot)" }, "geometry": { "type": "Polygon", "coordinates": [ [ [ 2.24148, 10.52849 ], [ 2.24035, 10.54447 ], [ 2.2284, 10.53776 ], [ 2.20895, 10.53998 ], [ 2.17813, 10.53632 ], [ 2.16238, 10.52838 ], [ 2.12445, 10.52963 ], [ 2.10362, 10.5152 ], [ 2.08398, 10.51006 ], [ 2.04817, 10.51295 ], [ 2.00893, 10.52516 ], [ 1.99564, 10.50762 ], [ 1.98881, 10.49295 ], [ 1.98279, 10.49341 ], [ 1.97587, 10.48457 ], [ 1.97101, 10.4896 ], [ 1.96482, 10.48548 ], [ 1.95081, 10.48488 ], [ 1.94895, 10.47892 ], [ 1.93912, 10.47385 ], [ 1.93443, 10.46514 ], [ 1.92236, 10.46022 ], [ 1.92111, 10.44274 ], [ 1.90855, 10.42894 ], [ 1.90862, 10.41923 ], [ 1.89662, 10.40487 ], [ 1.89455, 10.39059 ], [ 1.89642, 10.37726 ], [ 1.85663, 10.33115 ], [ 1.85221, 10.31883 ], [ 1.81843, 10.15473 ], [ 1.81315, 10.10092 ], [ 1.80859, 10.08873 ], [ 1.78599, 10.05571 ], [ 1.76938, 10.03943 ], [ 1.9747, 10.03922 ], [ 2.02096, 10.02155 ], [ 2.04461, 10.02527 ], [ 2.06957, 10.03495 ], [ 2.06935, 10.043 ], [ 2.08064, 10.0561 ], [ 2.10899, 10.07006 ], [ 2.13671, 10.07611 ], [ 2.16285, 10.07563 ], [ 2.19729, 10.08232 ], [ 2.2357, 10.09466 ], [ 2.26219, 10.15081 ], [ 2.24698, 10.18785 ], [ 2.24184, 10.24091 ], [ 2.23433, 10.27858 ], [ 2.20431, 10.31948 ], [ 2.178, 10.33466 ], [ 2.15676, 10.35535 ], [ 2.15488, 10.38104 ], [ 2.15658, 10.41781 ], [ 2.16162, 10.43582 ], [ 2.17677, 10.45708 ], [ 2.24148, 10.52849 ] ] ] } },
{ "type": "Feature", "properties": { "admin2Pcod": "BJ0208", "adm2_name": "Tanguieta", "n_menages": 60, "n_grappes": 5, "insecure_direct": 60.840393460109674, "rmse_direct": 4.7831208140085559, "insecure_fh": 61.77696953399721, "rmse_fh": 4.4854917750316243, "gain_rmse": 0.2976290389769316, "gain_pct": 6.2224863337185869, "deplacement": 0.93657607388753661, "lc_13_urbain_adm2": 0.0, "lc_8_savane_boisee_adm2": 0.00037764350453169999, "statut": "Estimee (direct + Fay-Herriot)" }, "geometry": { "type": "Polygon", "coordinates": [ [ [ 1.95297, 11.42156 ], [ 1.91245, 11.43069 ], [ 1.89238, 11.43961 ], [ 1.88415, 11.43797 ], [ 1.87268, 11.44577 ], [ 1.84774, 11.43841 ], [ 1.84563, 11.44461 ], [ 1.84167, 11.44438 ], [ 1.82815, 11.43426 ], [ 1.8025, 11.43586 ], [ 1.79528, 11.42643 ], [ 1.77361, 11.41928 ], [ 1.75845, 11.42226 ], [ 1.75566, 11.4172 ], [ 1.75239, 11.41674 ], [ 1.74796, 11.42019 ], [ 1.73654, 11.41742 ], [ 1.73374, 11.42179 ], [ 1.72208, 11.42316 ], [ 1.71741, 11.42982 ], [ 1.71414, 11.42913 ], [ 1.7074, 11.41533 ], [ 1.69971, 11.40796 ], [ 1.68339, 11.41415 ], [ 1.66313, 11.39643 ], [ 1.6489, 11.39664 ], [ 1.64284, 11.40239 ], [ 1.62047, 11.3904 ], [ 1.59295, 11.39819 ], [ 1.58968, 11.40324 ], [ 1.58989, 11.42118 ], [ 1.58311, 11.42784 ], [ 1.57449, 11.4299 ], [ 1.5803, 11.43933 ], [ 1.57889, 11.44347 ], [ 1.5684, 11.4469 ], [ 1.56792, 11.45725 ], [ 1.55998, 11.4623 ], [ 1.55437, 11.47149 ], [ 1.55064, 11.47057 ], [ 1.54134, 11.45055 ], [ 1.53178, 11.44731 ], [ 1.50939, 11.45648 ], [ 1.50121, 11.46635 ], [ 1.49468, 11.46588 ], [ 1.48024, 11.45459 ], [ 1.47582, 11.45412 ], [ 1.46786, 11.46652 ], [ 1.45155, 11.46259 ], [ 1.44618, 11.46488 ], [ 1.4401, 11.47383 ], [ 1.43451, 11.47222 ], [ 1.43102, 11.46623 ], [ 1.42566, 11.46622 ], [ 1.41916, 11.45241 ], [ 1.40773, 11.45423 ], [ 1.38444, 11.44223 ], [ 1.37982, 11.42336 ], [ 1.38358, 11.40957 ], [ 1.38988, 11.40659 ], [ 1.38826, 11.39946 ], [ 1.37521, 11.39737 ], [ 1.37266, 11.39023 ], [ 1.36195, 11.38469 ], [ 1.35378, 11.39042 ], [ 1.35099, 11.3872 ], [ 1.35194, 11.38145 ], [ 1.34056, 11.36395 ], [ 1.32005, 11.36276 ], [ 1.31796, 11.35907 ], [ 1.3217, 11.3531 ], [ 1.32055, 11.34896 ], [ 1.32641, 11.33472 ], [ 1.33201, 11.33151 ], [ 1.3318, 11.32346 ], [ 1.34092, 11.3113 ], [ 1.34093, 11.30808 ], [ 1.33139, 11.30116 ], [ 1.32512, 11.28988 ], [ 1.31463, 11.29261 ], [ 1.30808, 11.3011 ], [ 1.30366, 11.30041 ], [ 1.30158, 11.29189 ], [ 1.29039, 11.29325 ], [ 1.28289, 11.31024 ], [ 1.26585, 11.32124 ], [ 1.25908, 11.32099 ], [ 1.25259, 11.31201 ], [ 1.25475, 11.28994 ], [ 1.25827, 11.28098 ], [ 1.26667, 11.2764 ], [ 1.26945, 11.28009 ], [ 1.26361, 11.28835 ], [ 1.27083, 11.28952 ], [ 1.2741, 11.28332 ], [ 1.27625, 11.26424 ], [ 1.27393, 11.25986 ], [ 1.26043, 11.25431 ], [ 1.25207, 11.24532 ], [ 1.22803, 11.25929 ], [ 1.15952, 11.26117 ], [ 1.14784, 11.2708 ], [ 1.14202, 11.27032 ], [ 1.13644, 11.26594 ], [ 1.12925, 11.25649 ], [ 1.12903, 11.25166 ], [ 1.1363, 11.23696 ], [ 1.15638, 11.22391 ], [ 1.14943, 11.21079 ], [ 1.15153, 11.20758 ], [ 1.14852, 11.2032 ], [ 1.15249, 11.19838 ], [ 1.14973, 11.18895 ], [ 1.15255, 11.18137 ], [ 1.15047, 11.17561 ], [ 1.16005, 11.16437 ], [ 1.15587, 11.16114 ], [ 1.15051, 11.16135 ], [ 1.14116, 11.17374 ], [ 1.11834, 11.17161 ], [ 1.09699, 11.1474 ], [ 1.0914, 11.14531 ], [ 1.06042, 11.14568 ], [ 1.05554, 11.14313 ], [ 1.05276, 11.13944 ], [ 1.05465, 11.13186 ], [ 1.05094, 11.12772 ], [ 1.06471, 11.11879 ], [ 1.06819, 11.1234 ], [ 1.06724, 11.12891 ], [ 1.08662, 11.11334 ], [ 1.08455, 11.10506 ], [ 1.09016, 11.09978 ], [ 1.08646, 11.08989 ], [ 1.093, 11.08577 ], [ 1.09652, 11.07842 ], [ 1.09352, 11.06898 ], [ 1.09983, 11.06256 ], [ 1.09961, 11.05658 ], [ 1.11526, 11.04122 ], [ 1.11018, 11.03041 ], [ 1.1215, 10.98535 ], [ 1.12242, 10.96561 ], [ 1.12059, 10.96131 ], [ 1.10514, 10.95743 ], [ 1.10757, 10.92754 ], [ 1.1891, 10.85598 ], [ 1.21037, 10.84456 ], [ 1.22452, 10.8405 ], [ 1.23105, 10.82451 ], [ 1.25103, 10.80362 ], [ 1.25519, 10.79041 ], [ 1.2494, 10.77957 ], [ 1.26435, 10.76606 ], [ 1.26376, 10.75717 ], [ 1.25721, 10.73062 ], [ 1.24084, 10.7016 ], [ 1.2338, 10.6948 ], [ 1.19877, 10.69513 ], [ 1.19311, 10.68318 ], [ 1.17825, 10.67973 ], [ 1.17346, 10.67154 ], [ 1.17834, 10.66514 ], [ 1.1818, 10.65165 ], [ 1.16255, 10.60025 ], [ 1.13929, 10.59861 ], [ 1.12319, 10.6021 ], [ 1.1059, 10.58545 ], [ 1.08499, 10.5738 ], [ 1.04118, 10.53757 ], [ 1.06405, 10.50961 ], [ 1.07658, 10.48708 ], [ 1.08237, 10.45801 ], [ 1.08157, 10.43502 ], [ 1.15685, 10.41182 ], [ 1.2012, 10.44008 ], [ 1.55387, 10.73664 ], [ 1.55323, 10.75012 ], [ 1.56828, 10.75842 ], [ 1.56534, 10.79083 ], [ 1.57867, 10.7926 ], [ 1.57664, 10.80679 ], [ 1.56869, 10.81598 ], [ 1.56042, 10.81795 ], [ 1.56142, 10.82268 ], [ 1.58926, 10.86515 ], [ 1.63389, 10.871 ], [ 1.64151, 10.88015 ], [ 1.66164, 10.89539 ], [ 1.65761, 10.90263 ], [ 1.6663, 10.9293 ], [ 1.68446, 10.94051 ], [ 1.69768, 10.97467 ], [ 1.71759, 10.99908 ], [ 1.7227, 11.00964 ], [ 1.72745, 11.03158 ], [ 1.74375, 11.03598 ], [ 1.74247, 11.06019 ], [ 1.75645, 11.07627 ], [ 1.7599, 11.09155 ], [ 1.75574, 11.10116 ], [ 1.74746, 11.10036 ], [ 1.74031, 11.10399 ], [ 1.74656, 11.11788 ], [ 1.74369, 11.13304 ], [ 1.75162, 11.14692 ], [ 1.75669, 11.17457 ], [ 1.78498, 11.18741 ], [ 1.82887, 11.20186 ], [ 1.82688, 11.22384 ], [ 1.82897, 11.24525 ], [ 1.83915, 11.25828 ], [ 1.87055, 11.2718 ], [ 1.87995, 11.29484 ], [ 1.87778, 11.30751 ], [ 1.8945, 11.33318 ], [ 1.88923, 11.34543 ], [ 1.90235, 11.35525 ], [ 1.90001, 11.36486 ], [ 1.91905, 11.37591 ], [ 1.92182, 11.39412 ], [ 1.95297, 11.42156 ] ] ] } },
{ "type": "Feature", "properties": { "admin2Pcod": "BJ0302", "adm2_name": "Allada", "n_menages": 108, "n_grappes": 9, "insecure_direct": 84.530663331777703, "rmse_direct": 3.8092302615106046, "insecure_fh": 85.525732868224154, "rmse_fh": 3.6630024818177986, "gain_rmse": 0.14622777969280598, "gain_pct": 3.8387750189408942, "deplacement": 0.9950695364464508, "lc_13_urbain_adm2": 0.93660767036343084, "lc_8_savane_boisee_adm2": 0.0235290311327177, "statut": "Estimee (direct + Fay-Herriot)" }, "geometry": { "type": "Polygon", "coordinates": [ [ [ 2.22769, 6.77796 ], [ 2.15711, 6.78268 ], [ 2.13165, 6.75718 ], [ 2.10466, 6.74039 ], [ 2.07541, 6.72946 ], [ 2.03364, 6.73224 ], [ 2.03443, 6.69821 ], [ 1.99782, 6.67285 ], [ 1.98659, 6.62709 ], [ 1.99507, 6.61093 ], [ 2.01763, 6.58615 ], [ 2.02847, 6.58213 ], [ 2.04393, 6.58274 ], [ 2.08817, 6.61077 ], [ 2.10393, 6.61401 ], [ 2.11728, 6.61133 ], [ 2.18045, 6.62138 ], [ 2.19162, 6.6215 ], [ 2.20588, 6.61521 ], [ 2.21979, 6.61308 ], [ 2.2357, 6.617 ], [ 2.24743, 6.62777 ], [ 2.24798, 6.63759 ], [ 2.21854, 6.66345 ], [ 2.2149, 6.67926 ], [ 2.21557, 6.71922 ], [ 2.20749, 6.73303 ], [ 2.22769, 6.77796 ] ] ] } },
{ "type": "Feature", "properties": { "admin2Pcod": "BJ0303", "adm2_name": "Kpomasse", "n_menages": 84, "n_grappes": 7, "insecure_direct": 78.788499198840682, "rmse_direct": 4.2017751492917466, "insecure_fh": 79.610260269242815, "rmse_fh": 3.9961327245531422, "gain_rmse": 0.20564242473860439, "gain_pct": 4.8941796605481755, "deplacement": 0.82176107040213253, "lc_13_urbain_adm2": 0.64537879405458454, "lc_8_savane_boisee_adm2": 0.070331555307247606, "statut": "Estimee (direct + Fay-Herriot)" }, "geometry": { "type": "Polygon", "coordinates": [ [ [ 2.01763, 6.58615 ], [ 1.99507, 6.61093 ], [ 1.98659, 6.62709 ], [ 1.98027, 6.61888 ], [ 1.97855, 6.60286 ], [ 1.98522, 6.53376 ], [ 1.98441, 6.50404 ], [ 1.94369, 6.41677 ], [ 1.94173, 6.4038 ], [ 1.94538, 6.37747 ], [ 1.96284, 6.35331 ], [ 1.96081, 6.34518 ], [ 1.97272, 6.33976 ], [ 2.0059, 6.34637 ], [ 2.02308, 6.34239 ], [ 2.0428, 6.34254 ], [ 2.05739, 6.35188 ], [ 2.0716, 6.37312 ], [ 2.05533, 6.41331 ], [ 2.05544, 6.42161 ], [ 2.08654, 6.45852 ], [ 2.08108, 6.48349 ], [ 2.07493, 6.49782 ], [ 2.04696, 6.54163 ], [ 2.03826, 6.5506 ], [ 2.01763, 6.58615 ] ] ] } },
{ "type": "Feature", "properties": { "admin2Pcod": "BJ0304", "adm2_name": "Ouidah", "n_menages": 168, "n_grappes": 14, "insecure_direct": 62.659961112871009, "rmse_direct": 4.7803019741394577, "insecure_fh": 64.986810868780196, "rmse_fh": 4.4772495304384297, "gain_rmse": 0.30305244370102802, "gain_pct": 6.3396087807942934, "deplacement": 2.326849755909187, "lc_13_urbain_adm2": 0.44984026203703797, "lc_8_savane_boisee_adm2": 0.11719962659050499, "statut": "Estimee (direct + Fay-Herriot)" }, "geometry": { "type": "MultiPolygon", "coordinates": [ [ [ [ 1.99928, 6.31057 ], [ 1.99719, 6.31005 ], [ 1.99775, 6.30969 ], [ 1.99928, 6.31057 ] ] ], [ [ [ 1.98505, 6.30905 ], [ 1.98295, 6.31157 ], [ 1.98129, 6.31138 ], [ 1.98505, 6.30905 ] ] ], [ [ [ 2.01179, 6.31118 ], [ 2.01204, 6.31092 ], [ 2.01207, 6.31117 ], [ 2.01179, 6.31118 ] ] ], [ [ [ 2.01261, 6.31098 ], [ 2.01316, 6.3114 ], [ 2.01251, 6.31121 ], [ 2.01261, 6.31098 ] ] ], [ [ [ 2.03706, 6.31622 ], [ 2.0361, 6.3166 ], [ 2.03616, 6.31601 ], [ 2.03706, 6.31622 ] ] ], [ [ [ 2.06249, 6.32481 ], [ 2.06343, 6.32494 ], [ 2.06282, 6.3251 ], [ 2.06249, 6.32481 ] ] ], [ [ [ 2.07812, 6.33097 ], [ 2.07927, 6.33159 ], [ 2.06807, 6.32999 ], [ 2.07166, 6.32494 ], [ 2.07812, 6.33097 ] ] ], [ [ [ 2.0809, 6.32957 ], [ 2.08053, 6.33168 ], [ 2.07795, 6.33003 ], [ 2.0809, 6.32957 ] ] ], [ [ [ 2.08065, 6.32855 ], [ 2.08074, 6.32829 ], [ 2.08101, 6.32849 ], [ 2.08065, 6.32855 ] ] ], [ [ [ 2.08194, 6.32861 ], [ 2.08221, 6.32988 ], [ 2.08135, 6.32963 ], [ 2.08194, 6.32861 ] ] ], [ [ [ 2.08219, 6.33001 ], [ 2.08194, 6.33021 ], [ 2.08194, 6.32996 ], [ 2.08219, 6.33001 ] ] ], [ [ [ 2.08299, 6.33085 ], [ 2.08271, 6.32996 ], [ 2.08341, 6.33059 ], [ 2.08299, 6.33085 ] ] ], [ [ [ 2.08189, 6.33089 ], [ 2.08173, 6.33056 ], [ 2.0831, 6.3315 ], [ 2.08189, 6.33089 ] ] ], [ [ [ 2.08178, 6.33151 ], [ 2.0829, 6.33306 ], [ 2.08133, 6.33238 ], [ 2.08178, 6.33151 ] ] ], [ [ [ 2.21874, 6.45584 ], [ 2.17834, 6.43581 ], [ 2.1711, 6.44089 ], [ 2.16188, 6.46273 ], [ 2.15466, 6.46891 ], [ 2.12523, 6.4649 ], [ 2.11292, 6.47184 ], [ 2.10753, 6.48147 ], [ 2.10085, 6.48668 ], [ 2.09342, 6.48857 ], [ 2.08108, 6.48349 ], [ 2.08654, 6.45852 ], [ 2.05544, 6.42161 ], [ 2.05533, 6.41331 ], [ 2.0716, 6.37312 ], [ 2.05739, 6.35188 ], [ 2.0428, 6.34254 ], [ 2.03341, 6.3417 ], [ 2.0059, 6.34637 ], [ 1.97272, 6.33976 ], [ 1.96081, 6.34518 ], [ 1.95847, 6.33512 ], [ 1.96673, 6.32422 ], [ 1.97946, 6.31741 ], [ 1.97597, 6.31014 ], [ 1.97793, 6.30822 ], [ 1.98065, 6.31167 ], [ 1.98692, 6.31202 ], [ 1.98713, 6.31547 ], [ 1.9888, 6.31562 ], [ 1.98816, 6.31293 ], [ 1.99754, 6.31833 ], [ 1.99945, 6.31728 ], [ 1.98541, 6.3099 ], [ 2.00211, 6.31191 ], [ 2.00496, 6.31628 ], [ 2.00286, 6.31225 ], [ 2.00464, 6.31014 ], [ 2.00762, 6.31453 ], [ 2.01548, 6.31585 ], [ 2.02183, 6.32296 ], [ 2.02605, 6.32362 ], [ 2.02771, 6.32211 ], [ 2.04108, 6.32757 ], [ 2.05002, 6.3279 ], [ 2.05856, 6.32573 ], [ 2.06608, 6.33127 ], [ 2.0816, 6.33367 ], [ 2.08688, 6.332 ], [ 2.0876, 6.32952 ], [ 2.08358, 6.32879 ], [ 2.08607, 6.33028 ], [ 2.08425, 6.33129 ], [ 2.08259, 6.32829 ], [ 2.07205, 6.32365 ], [ 2.05434, 6.32548 ], [ 2.05166, 6.32117 ], [ 2.05356, 6.32547 ], [ 2.04957, 6.32717 ], [ 2.02832, 6.32154 ], [ 2.02424, 6.32277 ], [ 2.01669, 6.31584 ], [ 2.00943, 6.31214 ], [ 2.02468, 6.31319 ], [ 2.03565, 6.31756 ], [ 2.03964, 6.31543 ], [ 2.0314, 6.31577 ], [ 2.02537, 6.31283 ], [ 2.01591, 6.31127 ], [ 2.00432, 6.3099 ], [ 2.00109, 6.31087 ], [ 1.9991, 6.3095 ], [ 1.99361, 6.30972 ], [ 1.98887, 6.30714 ], [ 1.97658, 6.30752 ], [ 1.97144, 6.30174 ], [ 2.11831, 6.32708 ], [ 2.27027, 6.34393 ], [ 2.26516, 6.36267 ], [ 2.23791, 6.36527 ], [ 2.22385, 6.37625 ], [ 2.21694, 6.39516 ], [ 2.2088, 6.4044 ], [ 2.21045, 6.41489 ], [ 2.21789, 6.42391 ], [ 2.22279, 6.43975 ], [ 2.21874, 6.45584 ] ] ] ] } },
{ "type": "Feature", "properties": { "admin2Pcod": "BJ0306", "adm2_name": "Toffo", "n_menages": 96, "n_grappes": 8, "insecure_direct": 78.229038126395537, "rmse_direct": 4.5807310193954685, "insecure_fh": 79.051851032898483, "rmse_fh": 4.3201094689906308, "gain_rmse": 0.2606215504048377, "gain_pct": 5.6895187536951832, "deplacement": 0.82281290650294636, "lc_13_urbain_adm2": 0.66008748485826518, "lc_8_savane_boisee_adm2": 0.27872285817789111, "statut": "Estimee (direct + Fay-Herriot)" }, "geometry": { "type": "Polygon", "coordinates": [ [ [ 2.31801, 6.96299 ], [ 2.25318, 6.93666 ], [ 2.08431, 6.93167 ], [ 2.09318, 6.92352 ], [ 2.10031, 6.91001 ], [ 2.09967, 6.89342 ], [ 2.07796, 6.87962 ], [ 2.06869, 6.86743 ], [ 2.05178, 6.78898 ], [ 2.03256, 6.77554 ], [ 2.03137, 6.74831 ], [ 2.03364, 6.73224 ], [ 2.07541, 6.72946 ], [ 2.10466, 6.74039 ], [ 2.13165, 6.75718 ], [ 2.15711, 6.78268 ], [ 2.22769, 6.77796 ], [ 2.24067, 6.79894 ], [ 2.25877, 6.81999 ], [ 2.27361, 6.81604 ], [ 2.31844, 6.86423 ], [ 2.29559, 6.89914 ], [ 2.3307, 6.91233 ], [ 2.34264, 6.90773 ], [ 2.3433, 6.91588 ], [ 2.31801, 6.96299 ] ] ] } },
{ "type": "Feature", "properties": { "admin2Pcod": "BJ0308", "adm2_name": "Ze", "n_menages": 120, "n_grappes": 10, "insecure_direct": 85.968989316327097, "rmse_direct": 4.3060965251573569, "insecure_fh": 86.593865538460392, "rmse_fh": 4.0924562134980178, "gain_rmse": 0.21364031165933905, "gain_pct": 4.9613451628684064, "deplacement": 0.6248762221332953, "lc_13_urbain_adm2": 0.82629586917556685, "lc_8_savane_boisee_adm2": 0.1073448955318265, "statut": "Estimee (direct + Fay-Herriot)" }, "geometry": { "type": "Polygon", "coordinates": [ [ [ 2.39728, 6.9761 ], [ 2.36372, 6.95473 ], [ 2.33646, 6.93009 ], [ 2.3433, 6.91588 ], [ 2.34264, 6.90773 ], [ 2.3307, 6.91233 ], [ 2.29559, 6.89914 ], [ 2.31844, 6.86423 ], [ 2.27361, 6.81604 ], [ 2.25877, 6.81999 ], [ 2.24067, 6.79894 ], [ 2.22061, 6.76451 ], [ 2.20749, 6.73303 ], [ 2.21557, 6.71922 ], [ 2.2149, 6.67926 ], [ 2.21854, 6.66345 ], [ 2.24798, 6.63759 ], [ 2.24743, 6.62777 ], [ 2.2357, 6.617 ], [ 2.21979, 6.61308 ], [ 2.20588, 6.61521 ], [ 2.19162, 6.6215 ], [ 2.20206, 6.6078 ], [ 2.23073, 6.58638 ], [ 2.25312, 6.54968 ], [ 2.30593, 6.57826 ], [ 2.31297, 6.58867 ], [ 2.31747, 6.60493 ], [ 2.33395, 6.63982 ], [ 2.3314, 6.68467 ], [ 2.34105, 6.69394 ], [ 2.35438, 6.69997 ], [ 2.38299, 6.68379 ], [ 2.41088, 6.68547 ], [ 2.4363, 6.74651 ], [ 2.42344, 6.7543 ], [ 2.42126, 6.77604 ], [ 2.41533, 6.78595 ], [ 2.41879, 6.79669 ], [ 2.43643, 6.82465 ], [ 2.41456, 6.85912 ], [ 2.41034, 6.90261 ], [ 2.40621, 6.91388 ], [ 2.39506, 6.91556 ], [ 2.38825, 6.92174 ], [ 2.38854, 6.93308 ], [ 2.39639, 6.94113 ], [ 2.41153, 6.94824 ], [ 2.41011, 6.95518 ], [ 2.40378, 6.95679 ], [ 2.40526, 6.96382 ], [ 2.41322, 6.97062 ], [ 2.39728, 6.9761 ] ] ] } },
{ "type": "Feature", "properties": { "admin2Pcod": "BJ0401", "adm2_name": "Bembereke", "n_menages": 60, "n_grappes": 5, "insecure_direct": 74.02481804791141, "rmse_direct": 6.8435363867886982, "insecure_fh": 72.458661654923759, "rmse_fh": 6.0377638621221621, "gain_rmse": 0.80577252466653615, "gain_pct": 11.77421261647798, "deplacement": -1.5661563929876507, "lc_13_urbain_adm2": 0.00011364927832700001, "lc_8_savane_boisee_adm2": 0.046337397115993398, "statut": "Estimee (direct + Fay-Herriot)" }, "geometry": { "type": "Polygon", "coordinates": [ [ [ 3.10386, 10.53781 ], [ 2.85643, 10.53566 ], [ 2.81323, 10.58159 ], [ 2.77749, 10.57872 ], [ 2.70173, 10.56373 ], [ 2.68823, 10.52998 ], [ 2.54501, 10.52997 ], [ 2.54303, 10.49834 ], [ 2.53772, 10.48506 ], [ 2.53268, 10.45526 ], [ 2.53576, 10.4401 ], [ 2.52919, 10.426 ], [ 2.53431, 10.38918 ], [ 2.5239, 10.3397 ], [ 2.49748, 10.29732 ], [ 2.48446, 10.24954 ], [ 2.46753, 10.23483 ], [ 2.46869, 10.19318 ], [ 2.47908, 10.18379 ], [ 2.48535, 10.15042 ], [ 2.46593, 10.13712 ], [ 2.46041, 10.12939 ], [ 2.46276, 10.11077 ], [ 2.48219, 10.09589 ], [ 2.51537, 10.08619 ], [ 2.56162, 10.00944 ], [ 2.53025, 9.98806 ], [ 2.52456, 9.97783 ], [ 2.60015, 9.94651 ], [ 2.60691, 9.93771 ], [ 2.61389, 9.93681 ], [ 2.63194, 9.92471 ], [ 2.65046, 9.91858 ], [ 2.67213, 9.91853 ], [ 2.68344, 9.90413 ], [ 2.69264, 9.90211 ], [ 2.70943, 9.9039 ], [ 2.72798, 9.90165 ], [ 2.78246, 9.92655 ], [ 2.80261, 9.92914 ], [ 2.81117, 9.93323 ], [ 2.82016, 9.92385 ], [ 2.84265, 9.93627 ], [ 2.85365, 9.9592 ], [ 2.84033, 9.9957 ], [ 2.84459, 10.00259 ], [ 2.84427, 10.01177 ], [ 2.85035, 10.01809 ], [ 2.852, 10.0289 ], [ 2.81087, 10.03915 ], [ 2.8102, 10.12354 ], [ 2.90136, 10.13643 ], [ 2.91042, 10.13356 ], [ 2.92548, 10.14244 ], [ 2.9957, 10.22199 ], [ 3.01854, 10.23884 ], [ 3.02244, 10.2506 ], [ 3.03411, 10.2552 ], [ 3.05491, 10.30205 ], [ 3.04652, 10.3027 ], [ 3.03974, 10.30928 ], [ 3.0374, 10.32555 ], [ 2.98415, 10.36952 ], [ 3.0013, 10.40267 ], [ 3.00284, 10.41598 ], [ 3.01272, 10.42255 ], [ 3.05417, 10.4381 ], [ 3.08092, 10.43866 ], [ 3.08306, 10.45516 ], [ 3.09932, 10.46956 ], [ 3.10154, 10.51785 ], [ 3.11147, 10.51747 ], [ 3.11056, 10.52358 ], [ 3.09952, 10.52467 ], [ 3.10386, 10.53781 ] ] ] } },
{ "type": "Feature", "properties": { "admin2Pcod": "BJ0402", "adm2_name": "Kalale", "n_menages": 72, "n_grappes": 6, "insecure_direct": 51.395043780283643, "rmse_direct": 4.9050492059283881, "insecure_fh": 53.421029341092314, "rmse_fh": 4.5802155287629454, "gain_rmse": 0.32483367716544276, "gain_pct": 6.622434628644279, "deplacement": 2.025985560808671, "lc_13_urbain_adm2": 0.016115661976461901, "lc_8_savane_boisee_adm2": 0.23459327157875809, "statut": "Estimee (direct + Fay-Herriot)" }, "geometry": { "type": "Polygon", "coordinates": [ [ [ 3.61692, 10.07778 ], [ 3.62924, 10.09317 ], [ 3.64644, 10.10161 ], [ 3.65828, 10.10317 ], [ 3.66293, 10.10706 ], [ 3.67609, 10.1493 ], [ 3.67895, 10.16975 ], [ 3.67806, 10.17826 ], [ 3.67251, 10.1838 ], [ 3.65533, 10.18409 ], [ 3.6463, 10.18941 ], [ 3.62318, 10.21409 ], [ 3.61253, 10.22172 ], [ 3.59774, 10.24177 ], [ 3.58462, 10.27514 ], [ 3.6144, 10.35572 ], [ 3.6338, 10.39036 ], [ 3.63181, 10.41726 ], [ 3.63765, 10.42759 ], [ 3.64604, 10.43514 ], [ 3.66582, 10.44311 ], [ 3.68771, 10.45636 ], [ 3.786, 10.40538 ], [ 3.79917, 10.4428 ], [ 3.80202, 10.45681 ], [ 3.80098, 10.48532 ], [ 3.80617, 10.503 ], [ 3.83178, 10.56863 ], [ 3.84837, 10.58879 ], [ 3.8517, 10.60579 ], [ 3.84913, 10.64775 ], [ 3.49738, 10.61226 ], [ 3.17977, 10.53939 ], [ 3.10386, 10.53781 ], [ 3.09952, 10.52467 ], [ 3.11056, 10.52358 ], [ 3.11147, 10.51747 ], [ 3.10154, 10.51785 ], [ 3.09932, 10.46956 ], [ 3.08306, 10.45516 ], [ 3.08092, 10.43866 ], [ 3.05417, 10.4381 ], [ 3.01272, 10.42255 ], [ 3.00284, 10.41598 ], [ 3.0013, 10.40267 ], [ 2.98415, 10.36952 ], [ 3.0374, 10.32555 ], [ 3.03974, 10.30928 ], [ 3.04652, 10.3027 ], [ 3.05491, 10.30205 ], [ 3.03411, 10.2552 ], [ 3.02244, 10.2506 ], [ 3.01854, 10.23884 ], [ 3.0317, 10.21386 ], [ 3.03503, 10.21217 ], [ 3.03784, 10.20047 ], [ 3.03639, 10.16995 ], [ 3.04601, 10.15403 ], [ 3.03542, 10.10763 ], [ 3.04627, 10.10211 ], [ 3.04953, 10.08056 ], [ 3.10034, 10.0738 ], [ 3.13681, 10.08425 ], [ 3.15366, 10.10241 ], [ 3.18443, 10.10375 ], [ 3.19091, 10.10744 ], [ 3.22171, 10.11113 ], [ 3.23551, 10.11945 ], [ 3.2515, 10.12331 ], [ 3.26724, 10.11856 ], [ 3.30327, 10.11499 ], [ 3.3159, 10.1068 ], [ 3.33534, 10.10672 ], [ 3.34153, 10.12207 ], [ 3.37748, 10.15845 ], [ 3.39257, 10.14524 ], [ 3.41172, 10.15683 ], [ 3.45314, 10.14734 ], [ 3.46113, 10.13795 ], [ 3.48233, 10.13285 ], [ 3.49283, 10.12315 ], [ 3.50989, 10.1231 ], [ 3.52075, 10.11853 ], [ 3.52414, 10.11058 ], [ 3.53867, 10.1093 ], [ 3.54472, 10.10174 ], [ 3.55778, 10.10575 ], [ 3.57294, 10.09988 ], [ 3.58175, 10.10006 ], [ 3.61692, 10.07778 ] ] ] } },
{ "type": "Feature", "properties": { "admin2Pcod": "BJ0404", "adm2_name": "Nikki", "n_menages": 72, "n_grappes": 6, "insecure_direct": 46.904646759714517, "rmse_direct": 5.0362400195404868, "insecure_fh": 49.816964924966982, "rmse_fh": 4.6889815447445073, "gain_rmse": 0.34725847479597949, "gain_pct": 6.8951931093161791, "deplacement": 2.912318165252465, "lc_13_urbain_adm2": 0.00018896447467870001, "lc_8_savane_boisee_adm2": 0.089605663786732903, "statut": "Estimee (direct + Fay-Herriot)" }, "geometry": { "type": "Polygon", "coordinates": [ [ [ 3.61692, 10.07778 ], [ 3.58175, 10.10006 ], [ 3.57294, 10.09988 ], [ 3.55778, 10.10575 ], [ 3.54472, 10.10174 ], [ 3.53867, 10.1093 ], [ 3.52414, 10.11058 ], [ 3.52075, 10.11853 ], [ 3.50989, 10.1231 ], [ 3.49283, 10.12315 ], [ 3.48233, 10.13285 ], [ 3.46113, 10.13795 ], [ 3.45314, 10.14734 ], [ 3.41172, 10.15683 ], [ 3.39257, 10.14524 ], [ 3.37748, 10.15845 ], [ 3.34153, 10.12207 ], [ 3.33534, 10.10672 ], [ 3.3159, 10.1068 ], [ 3.30327, 10.11499 ], [ 3.26724, 10.11856 ], [ 3.2515, 10.12331 ], [ 3.23551, 10.11945 ], [ 3.22171, 10.11113 ], [ 3.19091, 10.10744 ], [ 3.18443, 10.10375 ], [ 3.15366, 10.10241 ], [ 3.13681, 10.08425 ], [ 3.10034, 10.0738 ], [ 3.05594, 10.078 ], [ 3.04953, 10.08056 ], [ 3.04627, 10.10211 ], [ 3.03542, 10.10763 ], [ 3.04601, 10.15403 ], [ 3.03639, 10.16995 ], [ 3.03784, 10.20047 ], [ 3.03503, 10.21217 ], [ 3.0317, 10.21386 ], [ 3.01854, 10.23884 ], [ 2.9957, 10.22199 ], [ 2.92548, 10.14244 ], [ 2.91042, 10.13356 ], [ 2.90136, 10.13643 ], [ 2.8102, 10.12354 ], [ 2.81087, 10.03915 ], [ 2.852, 10.0289 ], [ 2.85035, 10.01809 ], [ 2.84427, 10.01177 ], [ 2.84459, 10.00259 ], [ 2.84033, 9.9957 ], [ 2.85365, 9.9592 ], [ 2.84265, 9.93627 ], [ 2.82016, 9.92385 ], [ 2.81117, 9.93323 ], [ 2.80261, 9.92914 ], [ 2.78246, 9.92655 ], [ 2.76405, 9.91618 ], [ 2.76162, 9.91092 ], [ 2.79351, 9.87329 ], [ 2.78526, 9.8313 ], [ 2.76959, 9.78814 ], [ 2.77147, 9.78049 ], [ 2.78414, 9.78939 ], [ 2.79264, 9.78848 ], [ 2.80518, 9.79835 ], [ 2.8148, 9.79674 ], [ 2.83411, 9.81364 ], [ 2.88012, 9.81792 ], [ 2.89175, 9.82197 ], [ 2.9293, 9.84479 ], [ 2.95781, 9.84577 ], [ 2.9712, 9.84327 ], [ 3.01942, 9.80781 ], [ 3.08564, 9.79563 ], [ 3.1072, 9.78694 ], [ 3.11451, 9.77784 ], [ 3.12011, 9.71768 ], [ 3.12677, 9.70137 ], [ 3.16478, 9.66641 ], [ 3.25606, 9.63973 ], [ 3.2635, 9.65236 ], [ 3.27997, 9.66174 ], [ 3.31517, 9.65774 ], [ 3.3486, 9.68523 ], [ 3.35211, 9.6974 ], [ 3.3286, 9.74595 ], [ 3.32423, 9.76135 ], [ 3.32334, 9.77676 ], [ 3.32966, 9.7988 ], [ 3.35684, 9.82584 ], [ 3.4239, 9.85069 ], [ 3.45639, 9.86117 ], [ 3.47471, 9.86318 ], [ 3.51132, 9.85732 ], [ 3.52964, 9.86208 ], [ 3.53895, 9.86918 ], [ 3.56268, 9.89552 ], [ 3.56414, 9.91597 ], [ 3.57112, 9.92537 ], [ 3.59578, 9.94574 ], [ 3.60231, 9.95744 ], [ 3.61149, 9.99601 ], [ 3.6115, 10.06243 ], [ 3.61692, 10.07778 ] ] ] } },
{ "type": "Feature", "properties": { "admin2Pcod": "BJ0405", "adm2_name": "Parakou", "n_menages": 212, "n_grappes": 18, "insecure_direct": 50.233868568074627, "rmse_direct": 5.2191625723867014, "insecure_fh": 52.835472747475848, "rmse_fh": 4.8356657313255438, "gain_rmse": 0.38349684106115767, "gain_pct": 7.3478615724703538, "deplacement": 2.601604179401221, "lc_13_urbain_adm2": 0.0, "lc_8_savane_boisee_adm2": 0.076586176905024297, "statut": "Estimee (direct + Fay-Herriot)" }, "geometry": { "type": "Polygon", "coordinates": [ [ [ 2.7511, 9.42461 ], [ 2.69085, 9.38477 ], [ 2.67602, 9.38004 ], [ 2.64759, 9.39876 ], [ 2.61962, 9.43426 ], [ 2.5683, 9.45123 ], [ 2.5564, 9.4487 ], [ 2.49523, 9.41271 ], [ 2.46737, 9.38671 ], [ 2.46365, 9.34704 ], [ 2.49201, 9.30696 ], [ 2.52731, 9.2796 ], [ 2.57514, 9.24892 ], [ 2.61847, 9.24562 ], [ 2.63048, 9.26175 ], [ 2.641, 9.26764 ], [ 2.65567, 9.26917 ], [ 2.66662, 9.27671 ], [ 2.68314, 9.28225 ], [ 2.70699, 9.28315 ], [ 2.72614, 9.2727 ], [ 2.73505, 9.27136 ], [ 2.73297, 9.28707 ], [ 2.74284, 9.29781 ], [ 2.73152, 9.30888 ], [ 2.73245, 9.31775 ], [ 2.73974, 9.32158 ], [ 2.73763, 9.36185 ], [ 2.74133, 9.36876 ], [ 2.73767, 9.39364 ], [ 2.74955, 9.39506 ], [ 2.75679, 9.40749 ], [ 2.7511, 9.42461 ] ] ] } },
{ "type": "Feature", "properties": { "admin2Pcod": "BJ0406", "adm2_name": "Perere", "n_menages": 48, "n_grappes": 4, "insecure_direct": 61.813102557662866, "rmse_direct": 7.7121708099802815, "insecure_fh": 63.523723507355605, "rmse_fh": 6.6095292450066072, "gain_rmse": 1.1026415649736743, "gain_pct": 14.297421467205464, "deplacement": 1.7106209496927391, "lc_13_urbain_adm2": 0.00027472527472520002, "lc_8_savane_boisee_adm2": 0.0088618864391404994, "statut": "Estimee (direct + Fay-Herriot)" }, "geometry": { "type": "Polygon", "coordinates": [ [ [ 3.25606, 9.63973 ], [ 3.16478, 9.66641 ], [ 3.12677, 9.70137 ], [ 3.12011, 9.71768 ], [ 3.11451, 9.77784 ], [ 3.1072, 9.78694 ], [ 3.08564, 9.79563 ], [ 3.01942, 9.80781 ], [ 2.9712, 9.84327 ], [ 2.95781, 9.84577 ], [ 2.9293, 9.84479 ], [ 2.89175, 9.82197 ], [ 2.88012, 9.81792 ], [ 2.83411, 9.81364 ], [ 2.8148, 9.79674 ], [ 2.80518, 9.79835 ], [ 2.79264, 9.78848 ], [ 2.78414, 9.78939 ], [ 2.76413, 9.77319 ], [ 2.76621, 9.75694 ], [ 2.75672, 9.71691 ], [ 2.76366, 9.69866 ], [ 2.75947, 9.68578 ], [ 2.76112, 9.6687 ], [ 2.85862, 9.39099 ], [ 2.86608, 9.38425 ], [ 2.87909, 9.38829 ], [ 2.89093, 9.38651 ], [ 2.90342, 9.37972 ], [ 2.9117, 9.37104 ], [ 2.91177, 9.35119 ], [ 2.92945, 9.34727 ], [ 2.93623, 9.34179 ], [ 3.15151, 9.33949 ], [ 3.15362, 9.36471 ], [ 3.15179, 9.37574 ], [ 3.13337, 9.42609 ], [ 3.13085, 9.44034 ], [ 3.13622, 9.46284 ], [ 3.15456, 9.4929 ], [ 3.1863, 9.50708 ], [ 3.19489, 9.51511 ], [ 3.20791, 9.54449 ], [ 3.23229, 9.57591 ], [ 3.25344, 9.60987 ], [ 3.25606, 9.63973 ] ] ] } },
{ "type": "Feature", "properties": { "admin2Pcod": "BJ0407", "adm2_name": "Sinende", "n_menages": 60, "n_grappes": 5, "insecure_direct": 45.340241816571591, "rmse_direct": 11.958620149740456, "insecure_fh": 54.922581728505932, "rmse_fh": 8.6845774799589943, "gain_rmse": 3.274042669781462, "gain_pct": 27.378097379006725, "deplacement": 9.5823399119343406, "lc_13_urbain_adm2": 0.0020600352821304999, "lc_8_savane_boisee_adm2": 0.29945223402723847, "statut": "Estimee (direct + Fay-Herriot)" }, "geometry": { "type": "Polygon", "coordinates": [ [ [ 2.54501, 10.52997 ], [ 2.48425, 10.56157 ], [ 2.47691, 10.55428 ], [ 2.41792, 10.56474 ], [ 2.41846, 10.53171 ], [ 2.24148, 10.52849 ], [ 2.17677, 10.45708 ], [ 2.16162, 10.43582 ], [ 2.15658, 10.41781 ], [ 2.15676, 10.35535 ], [ 2.178, 10.33466 ], [ 2.20431, 10.31948 ], [ 2.23433, 10.27858 ], [ 2.24184, 10.24091 ], [ 2.24698, 10.18785 ], [ 2.26219, 10.15081 ], [ 2.2357, 10.09466 ], [ 2.19729, 10.08232 ], [ 2.16285, 10.07563 ], [ 2.13671, 10.07611 ], [ 2.10899, 10.07006 ], [ 2.08064, 10.0561 ], [ 2.06935, 10.043 ], [ 2.06957, 10.03495 ], [ 2.08268, 10.03263 ], [ 2.08045, 9.99823 ], [ 2.07018, 9.97221 ], [ 2.0822, 9.95603 ], [ 2.09035, 9.96138 ], [ 2.09266, 9.9701 ], [ 2.12462, 9.9825 ], [ 2.15743, 9.97865 ], [ 2.18791, 9.964 ], [ 2.20158, 9.96042 ], [ 2.21255, 9.96964 ], [ 2.24075, 9.96471 ], [ 2.29454, 9.96471 ], [ 2.30274, 9.95854 ], [ 2.32142, 9.95368 ], [ 2.3347, 9.9544 ], [ 2.34677, 9.94348 ], [ 2.38698, 9.92442 ], [ 2.39402, 9.96212 ], [ 2.40508, 9.96369 ], [ 2.40682, 9.98588 ], [ 2.49586, 9.98738 ], [ 2.52456, 9.97783 ], [ 2.53025, 9.98806 ], [ 2.56162, 10.00944 ], [ 2.51537, 10.08619 ], [ 2.48219, 10.09589 ], [ 2.46276, 10.11077 ], [ 2.46041, 10.12939 ], [ 2.46593, 10.13712 ], [ 2.48535, 10.15042 ], [ 2.47908, 10.18379 ], [ 2.46869, 10.19318 ], [ 2.46753, 10.23483 ], [ 2.48446, 10.24954 ], [ 2.49748, 10.29732 ], [ 2.5239, 10.3397 ], [ 2.53431, 10.38918 ], [ 2.52919, 10.426 ], [ 2.53576, 10.4401 ], [ 2.53268, 10.45526 ], [ 2.53772, 10.48506 ], [ 2.54303, 10.49834 ], [ 2.54501, 10.52997 ] ] ] } },
{ "type": "Feature", "properties": { "admin2Pcod": "BJ0408", "adm2_name": "Tchaourou", "n_menages": 119, "n_grappes": 10, "insecure_direct": 56.246087607877783, "rmse_direct": 5.2486759714722595, "insecure_fh": 57.182518412825374, "rmse_fh": 4.8734242399130947, "gain_rmse": 0.3752517315591648, "gain_pct": 7.1494550930318956, "deplacement": 0.9364308049475909, "lc_13_urbain_adm2": 0.055801961331329503, "lc_8_savane_boisee_adm2": 0.72636130681689448, "statut": "Estimee (direct + Fay-Herriot)" }, "geometry": { "type": "Polygon", "coordinates": [ [ [ 2.5564, 9.4487 ], [ 2.53529, 9.45873 ], [ 2.49953, 9.46945 ], [ 2.47347, 9.48911 ], [ 2.40833, 9.50755 ], [ 2.32225, 9.52573 ], [ 2.30632, 9.52337 ], [ 2.29395, 9.53026 ], [ 2.28587, 9.5474 ], [ 2.27923, 9.55356 ], [ 2.27962, 9.56743 ], [ 2.26139, 9.57299 ], [ 2.25997, 9.58647 ], [ 2.24987, 9.59695 ], [ 2.24453, 9.60907 ], [ 2.23143, 9.61083 ], [ 2.22421, 9.63269 ], [ 2.20735, 9.63656 ], [ 2.19903, 9.64231 ], [ 2.19132, 9.63974 ], [ 2.18913, 9.64378 ], [ 2.19442, 9.65915 ], [ 2.19946, 9.6605 ], [ 2.19896, 9.66758 ], [ 2.18448, 9.67213 ], [ 2.17466, 9.68303 ], [ 2.15974, 9.68591 ], [ 2.10199, 9.37029 ], [ 2.09437, 9.3759 ], [ 2.08372, 9.37154 ], [ 2.07946, 9.36172 ], [ 2.04941, 9.35472 ], [ 2.04272, 9.35504 ], [ 2.03133, 9.36082 ], [ 1.97255, 9.35332 ], [ 1.96932, 9.31532 ], [ 1.9709, 9.28657 ], [ 1.96395, 9.27066 ], [ 1.96343, 9.25956 ], [ 1.97441, 9.23686 ], [ 1.97059, 9.22981 ], [ 1.97623, 9.21964 ], [ 1.96723, 9.20985 ], [ 1.9791, 9.17742 ], [ 1.96917, 9.15709 ], [ 1.96896, 9.14737 ], [ 1.98014, 9.133 ], [ 1.98762, 9.1267 ], [ 2.01866, 9.12218 ], [ 2.02597, 9.11282 ], [ 2.0241, 9.10534 ], [ 2.03614, 9.09415 ], [ 2.07221, 9.07404 ], [ 2.08267, 9.07452 ], [ 2.10881, 9.06697 ], [ 2.18287, 9.07293 ], [ 2.19132, 9.0669 ], [ 2.19376, 9.05869 ], [ 2.22033, 9.05307 ], [ 2.22538, 9.03985 ], [ 2.21205, 9.03065 ], [ 2.21252, 9.00441 ], [ 2.2244, 8.99183 ], [ 2.22436, 8.98794 ], [ 2.19903, 8.97453 ], [ 2.19415, 8.95833 ], [ 2.18698, 8.95089 ], [ 2.19494, 8.92084 ], [ 2.20722, 8.92241 ], [ 2.20971, 8.92018 ], [ 2.19981, 8.90401 ], [ 2.20834, 8.89187 ], [ 2.23487, 8.89846 ], [ 2.23855, 8.88941 ], [ 2.23709, 8.88178 ], [ 2.22681, 8.86882 ], [ 2.22093, 8.85026 ], [ 2.21117, 8.83202 ], [ 2.20825, 8.81775 ], [ 2.20233, 8.8096 ], [ 2.20221, 8.79544 ], [ 2.18525, 8.76418 ], [ 2.72841, 8.77268 ], [ 2.73932, 8.79424 ], [ 2.74488, 8.79996 ], [ 2.76106, 8.80542 ], [ 2.76338, 8.80978 ], [ 2.75879, 8.81967 ], [ 2.76119, 8.85159 ], [ 2.75707, 8.86354 ], [ 2.76816, 8.86718 ], [ 2.77355, 8.89472 ], [ 2.77035, 8.90484 ], [ 2.75833, 8.90373 ], [ 2.75811, 8.90786 ], [ 2.76391, 8.91611 ], [ 2.77061, 8.91885 ], [ 2.78178, 8.94523 ], [ 2.7781, 8.95075 ], [ 2.77118, 8.95283 ], [ 2.78577, 8.96405 ], [ 2.78879, 8.97024 ], [ 2.78212, 8.98266 ], [ 2.78861, 8.98769 ], [ 2.77777, 8.99485 ], [ 2.78241, 9.0031 ], [ 2.77226, 9.00749 ], [ 2.77203, 9.01071 ], [ 2.78408, 9.0194 ], [ 2.77416, 9.02609 ], [ 2.7825, 9.03181 ], [ 2.786, 9.04489 ], [ 2.77827, 9.0538 ], [ 2.78092, 9.0652 ], [ 2.85442, 9.06446 ], [ 2.86759, 9.06215 ], [ 2.87915, 9.06466 ], [ 2.88193, 9.07293 ], [ 2.89604, 9.08371 ], [ 2.95338, 9.0926 ], [ 2.95639, 9.09236 ], [ 2.964, 9.07949 ], [ 2.98411, 9.07235 ], [ 3.00815, 9.07392 ], [ 3.0426, 9.08351 ], [ 3.08817, 9.10158 ], [ 3.09214, 9.12982 ], [ 3.10143, 9.15278 ], [ 3.1237, 9.19224 ], [ 3.12216, 9.23842 ], [ 3.12635, 9.25219 ], [ 3.14998, 9.27259 ], [ 3.15717, 9.28246 ], [ 3.15835, 9.29141 ], [ 3.15192, 9.32152 ], [ 3.15151, 9.33949 ], [ 2.93623, 9.34179 ], [ 2.92945, 9.34727 ], [ 2.91177, 9.35119 ], [ 2.9117, 9.37104 ], [ 2.90342, 9.37972 ], [ 2.89093, 9.38651 ], [ 2.87909, 9.38829 ], [ 2.86608, 9.38425 ], [ 2.85862, 9.39099 ], [ 2.80942, 9.53249 ], [ 2.79851, 9.51704 ], [ 2.80119, 9.50508 ], [ 2.79289, 9.49877 ], [ 2.78031, 9.46987 ], [ 2.76869, 9.42542 ], [ 2.76177, 9.42993 ], [ 2.7511, 9.42461 ], [ 2.75679, 9.40749 ], [ 2.74955, 9.39506 ], [ 2.73767, 9.39364 ], [ 2.74133, 9.36876 ], [ 2.73763, 9.36185 ], [ 2.73974, 9.32158 ], [ 2.73245, 9.31775 ], [ 2.73152, 9.30888 ], [ 2.74284, 9.29781 ], [ 2.73297, 9.28707 ], [ 2.73505, 9.27136 ], [ 2.72614, 9.2727 ], [ 2.70699, 9.28315 ], [ 2.68314, 9.28225 ], [ 2.66662, 9.27671 ], [ 2.65567, 9.26917 ], [ 2.641, 9.26764 ], [ 2.63048, 9.26175 ], [ 2.61847, 9.24562 ], [ 2.57514, 9.24892 ], [ 2.52731, 9.2796 ], [ 2.49201, 9.30696 ], [ 2.46365, 9.34704 ], [ 2.46737, 9.38671 ], [ 2.49523, 9.41271 ], [ 2.5564, 9.4487 ] ] ] } },
{ "type": "Feature", "properties": { "admin2Pcod": "BJ0501", "adm2_name": "Bante", "n_menages": 84, "n_grappes": 7, "insecure_direct": 68.043462999258878, "rmse_direct": 7.4589506880633341, "insecure_fh": 65.306254422580011, "rmse_fh": 6.5365761631301735, "gain_rmse": 0.92237452493316052, "gain_pct": 12.366009154736064, "deplacement": -2.7372085766788672, "lc_13_urbain_adm2": 0.0, "lc_8_savane_boisee_adm2": 0.9907127178915448, "statut": "Estimee (direct + Fay-Herriot)" }, "geometry": { "type": "Polygon", "coordinates": [ [ [ 2.12325, 8.47798 ], [ 2.09307, 8.49959 ], [ 2.07436, 8.50292 ], [ 2.03732, 8.50221 ], [ 1.99283, 8.5078 ], [ 1.99072, 8.5199 ], [ 1.98577, 8.52508 ], [ 1.95162, 8.53823 ], [ 1.94635, 8.5548 ], [ 1.93332, 8.556 ], [ 1.92399, 8.55217 ], [ 1.91164, 8.55142 ], [ 1.89058, 8.57087 ], [ 1.84372, 8.59258 ], [ 1.81704, 8.62178 ], [ 1.80154, 8.62591 ], [ 1.782, 8.62881 ], [ 1.76256, 8.62712 ], [ 1.74835, 8.61999 ], [ 1.7338, 8.60507 ], [ 1.72448, 8.60263 ], [ 1.69716, 8.60293 ], [ 1.67826, 8.60097 ], [ 1.66268, 8.59523 ], [ 1.63016, 8.5937 ], [ 1.63112, 8.51869 ], [ 1.64899, 8.49075 ], [ 1.65019, 8.47767 ], [ 1.6302, 8.44951 ], [ 1.63303, 8.43954 ], [ 1.62658, 8.42897 ], [ 1.62775, 8.41428 ], [ 1.61974, 8.3741 ], [ 1.62428, 8.35315 ], [ 1.63177, 8.34125 ], [ 1.63389, 8.20829 ], [ 1.65058, 8.20284 ], [ 1.6707, 8.20633 ], [ 1.67487, 8.19019 ], [ 1.67437, 8.17949 ], [ 1.68283, 8.18028 ], [ 1.69508, 8.17019 ], [ 1.71088, 8.16926 ], [ 1.71852, 8.17172 ], [ 1.73177, 8.16607 ], [ 1.74428, 8.1528 ], [ 1.74873, 8.13735 ], [ 1.75707, 8.12298 ], [ 1.78185, 8.12102 ], [ 1.79254, 8.12317 ], [ 1.79842, 8.09646 ], [ 1.81483, 8.07121 ], [ 1.97789, 8.06774 ], [ 2.02602, 8.0724 ], [ 2.06075, 8.0823 ], [ 2.11895, 8.12648 ], [ 2.08859, 8.21826 ], [ 2.08775, 8.24786 ], [ 2.09681, 8.33019 ], [ 2.10823, 8.36596 ], [ 2.11926, 8.4512 ], [ 2.1231, 8.46145 ], [ 2.12325, 8.47798 ] ] ] } },
{ "type": "Feature", "properties": { "admin2Pcod": "BJ0503", "adm2_name": "Glazoue", "n_menages": 96, "n_grappes": 8, "insecure_direct": 56.049994550412428, "rmse_direct": 7.2668374106090212, "insecure_fh": 57.510592291420949, "rmse_fh": 6.3356794708359487, "gain_rmse": 0.93115793977307248, "gain_pct": 12.813799004414959, "deplacement": 1.4605977410085202, "lc_13_urbain_adm2": 0.0, "lc_8_savane_boisee_adm2": 0.62159246516728162, "statut": "Estimee (direct + Fay-Herriot)" }, "geometry": { "type": "Polygon", "coordinates": [ [ [ 2.36691, 8.14196 ], [ 2.37093, 8.15611 ], [ 2.36901, 8.17279 ], [ 2.33038, 8.24938 ], [ 2.32904, 8.31151 ], [ 2.34096, 8.4255 ], [ 2.33622, 8.43831 ], [ 2.31957, 8.45193 ], [ 2.30227, 8.45581 ], [ 2.28838, 8.46898 ], [ 2.27318, 8.47493 ], [ 2.25257, 8.4969 ], [ 2.22287, 8.50991 ], [ 2.21906, 8.5034 ], [ 2.1977, 8.50356 ], [ 2.18529, 8.49587 ], [ 2.17383, 8.50318 ], [ 2.16244, 8.50063 ], [ 2.15628, 8.50942 ], [ 2.14792, 8.50657 ], [ 2.15064, 8.49988 ], [ 2.14121, 8.48577 ], [ 2.12325, 8.47798 ], [ 2.1231, 8.46145 ], [ 2.11926, 8.4512 ], [ 2.10823, 8.36596 ], [ 2.09681, 8.33019 ], [ 2.08775, 8.24786 ], [ 2.08859, 8.21826 ], [ 2.12826, 8.10001 ], [ 2.12312, 8.06781 ], [ 2.11725, 8.04729 ], [ 2.10753, 8.03 ], [ 2.10516, 8.01306 ], [ 2.11561, 7.97394 ], [ 2.12135, 7.96458 ], [ 2.11892, 7.94487 ], [ 2.1488, 7.93771 ], [ 2.16138, 7.90426 ], [ 2.17772, 7.87455 ], [ 2.21054, 7.82956 ], [ 2.23163, 7.83357 ], [ 2.24837, 7.84594 ], [ 2.29706, 7.89725 ], [ 2.35727, 7.90706 ], [ 2.37425, 7.91415 ], [ 2.37693, 7.94678 ], [ 2.36954, 7.97144 ], [ 2.36838, 7.99396 ], [ 2.37685, 8.01029 ], [ 2.37414, 8.01713 ], [ 2.35814, 8.02336 ], [ 2.35724, 8.03157 ], [ 2.3726, 8.05647 ], [ 2.36262, 8.07127 ], [ 2.35259, 8.08011 ], [ 2.33883, 8.1048 ], [ 2.33824, 8.11579 ], [ 2.33948, 8.12884 ], [ 2.34411, 8.13478 ], [ 2.36691, 8.14196 ] ] ] } },
{ "type": "Feature", "properties": { "admin2Pcod": "BJ0504", "adm2_name": "Ouesse", "n_menages": 108, "n_grappes": 9, "insecure_direct": 49.523204795003466, "rmse_direct": 7.6766854522154757, "insecure_fh": 52.010301527812935, "rmse_fh": 6.6700978884456203, "gain_rmse": 1.0065875637698554, "gain_pct": 13.112267918693428, "deplacement": 2.4870967328094693, "lc_13_urbain_adm2": 0.00082283134442239999, "lc_8_savane_boisee_adm2": 0.95392869587169737, "statut": "Estimee (direct + Fay-Herriot)" }, "geometry": { "type": "Polygon", "coordinates": [ [ [ 2.69563, 8.32417 ], [ 2.6971, 8.35745 ], [ 2.70866, 8.36958 ], [ 2.71401, 8.38724 ], [ 2.70695, 8.42032 ], [ 2.71459, 8.43154 ], [ 2.72612, 8.43197 ], [ 2.73489, 8.43631 ], [ 2.74068, 8.44502 ], [ 2.74419, 8.46199 ], [ 2.75693, 8.48262 ], [ 2.75003, 8.48975 ], [ 2.75073, 8.49342 ], [ 2.76184, 8.50533 ], [ 2.76188, 8.52255 ], [ 2.74946, 8.53314 ], [ 2.75876, 8.56158 ], [ 2.74913, 8.58342 ], [ 2.74906, 8.64036 ], [ 2.73756, 8.65486 ], [ 2.73942, 8.66083 ], [ 2.74613, 8.66655 ], [ 2.74132, 8.67781 ], [ 2.75038, 8.70029 ], [ 2.74602, 8.70995 ], [ 2.74609, 8.7352 ], [ 2.74403, 8.74417 ], [ 2.73368, 8.75774 ], [ 2.72841, 8.77268 ], [ 2.18525, 8.76418 ], [ 2.20415, 8.73625 ], [ 2.20597, 8.72346 ], [ 2.20304, 8.69096 ], [ 2.22242, 8.65567 ], [ 2.22442, 8.64648 ], [ 2.21879, 8.60817 ], [ 2.21969, 8.5858 ], [ 2.20944, 8.55808 ], [ 2.20858, 8.54017 ], [ 2.21217, 8.52304 ], [ 2.22287, 8.50991 ], [ 2.25257, 8.4969 ], [ 2.27318, 8.47493 ], [ 2.28838, 8.46898 ], [ 2.30227, 8.45581 ], [ 2.31957, 8.45193 ], [ 2.33622, 8.43831 ], [ 2.34096, 8.4255 ], [ 2.32904, 8.31151 ], [ 2.33038, 8.24938 ], [ 2.36901, 8.17279 ], [ 2.37093, 8.15611 ], [ 2.36691, 8.14196 ], [ 2.38302, 8.13072 ], [ 2.39795, 8.12727 ], [ 2.4128, 8.12784 ], [ 2.43408, 8.13615 ], [ 2.46138, 8.13537 ], [ 2.47348, 8.1393 ], [ 2.4975, 8.15759 ], [ 2.49867, 8.30098 ], [ 2.52365, 8.30287 ], [ 2.61768, 8.33112 ], [ 2.66078, 8.32797 ], [ 2.67454, 8.33119 ], [ 2.69563, 8.32417 ] ] ] } },
{ "type": "Feature", "properties": { "admin2Pcod": "BJ0505", "adm2_name": "Savalou", "n_menages": 144, "n_grappes": 12, "insecure_direct": 67.540098786708015, "rmse_direct": 3.9870138119362566, "insecure_fh": 66.881970571834401, "rmse_fh": 3.8186350896312593, "gain_rmse": 0.16837872230499729, "gain_pct": 4.2231788061758859, "deplacement": -0.65812821487361362, "lc_13_urbain_adm2": 0.025092206362998099, "lc_8_savane_boisee_adm2": 0.79306138468326959, "statut": "Estimee (direct + Fay-Herriot)" }, "geometry": { "type": "Polygon", "coordinates": [ [ [ 2.11895, 8.12648 ], [ 2.06075, 8.0823 ], [ 2.02602, 8.0724 ], [ 1.97789, 8.06774 ], [ 1.81483, 8.07121 ], [ 1.79842, 8.09646 ], [ 1.79254, 8.12317 ], [ 1.78185, 8.12102 ], [ 1.75707, 8.12298 ], [ 1.74873, 8.13735 ], [ 1.74428, 8.1528 ], [ 1.73177, 8.16607 ], [ 1.71852, 8.17172 ], [ 1.71088, 8.16926 ], [ 1.69508, 8.17019 ], [ 1.68283, 8.18028 ], [ 1.67437, 8.17949 ], [ 1.67487, 8.19019 ], [ 1.6707, 8.20633 ], [ 1.65058, 8.20284 ], [ 1.63389, 8.20829 ], [ 1.63626, 7.98842 ], [ 1.6303, 7.84006 ], [ 1.63052, 7.82697 ], [ 1.63625, 7.80307 ], [ 1.63145, 7.66111 ], [ 1.73863, 7.64181 ], [ 1.8621, 7.65516 ], [ 1.88414, 7.64697 ], [ 1.91475, 7.64916 ], [ 1.93997, 7.64119 ], [ 1.9594, 7.62349 ], [ 1.96852, 7.61174 ], [ 1.96629, 7.5996 ], [ 1.97965, 7.59471 ], [ 1.98665, 7.58036 ], [ 2.00183, 7.57626 ], [ 2.01402, 7.57789 ], [ 2.04712, 7.55873 ], [ 2.08287, 7.56278 ], [ 2.09276, 7.5571 ], [ 2.1211, 7.56526 ], [ 2.1339, 7.56079 ], [ 2.12592, 7.57507 ], [ 2.12938, 7.59033 ], [ 2.12455, 7.59148 ], [ 2.11675, 7.58653 ], [ 2.11014, 7.58909 ], [ 2.09344, 7.60991 ], [ 2.08207, 7.63806 ], [ 2.04638, 7.67181 ], [ 2.04273, 7.69644 ], [ 2.05747, 7.79554 ], [ 2.07207, 7.84754 ], [ 2.07773, 7.86111 ], [ 2.08669, 7.87203 ], [ 2.11588, 7.89821 ], [ 2.1135, 7.9106 ], [ 2.12135, 7.96458 ], [ 2.11561, 7.97394 ], [ 2.10516, 8.01306 ], [ 2.10753, 8.03 ], [ 2.11725, 8.04729 ], [ 2.1273, 8.0846 ], [ 2.12826, 8.10001 ], [ 2.11895, 8.12648 ] ] ] } },
{ "type": "Feature", "properties": { "admin2Pcod": "BJ0506", "adm2_name": "Save", "n_menages": 84, "n_grappes": 7, "insecure_direct": 44.064120165896355, "rmse_direct": 7.0562449088034578, "insecure_fh": 47.786908551324053, "rmse_fh": 6.2387846480139233, "gain_rmse": 0.81746026078953449, "gain_pct": 11.584919051911889, "deplacement": 3.7227883854276982, "lc_13_urbain_adm2": 0.0, "lc_8_savane_boisee_adm2": 0.88646457785606236, "statut": "Estimee (direct + Fay-Herriot)" }, "geometry": { "type": "Polygon", "coordinates": [ [ [ 2.69563, 8.32417 ], [ 2.67454, 8.33119 ], [ 2.66078, 8.32797 ], [ 2.61768, 8.33112 ], [ 2.52365, 8.30287 ], [ 2.49867, 8.30098 ], [ 2.4975, 8.15759 ], [ 2.48226, 8.14437 ], [ 2.46138, 8.13537 ], [ 2.43408, 8.13615 ], [ 2.4128, 8.12784 ], [ 2.39795, 8.12727 ], [ 2.38302, 8.13072 ], [ 2.36691, 8.14196 ], [ 2.34411, 8.13478 ], [ 2.33948, 8.12884 ], [ 2.33883, 8.1048 ], [ 2.35259, 8.08011 ], [ 2.36262, 8.07127 ], [ 2.3726, 8.05647 ], [ 2.35724, 8.03157 ], [ 2.35814, 8.02336 ], [ 2.37414, 8.01713 ], [ 2.37685, 8.01029 ], [ 2.36838, 7.99396 ], [ 2.36954, 7.97144 ], [ 2.37693, 7.94678 ], [ 2.37346, 7.91875 ], [ 2.37955, 7.87562 ], [ 2.39494, 7.82089 ], [ 2.40137, 7.81292 ], [ 2.45266, 7.77623 ], [ 2.46107, 7.75795 ], [ 2.45801, 7.7427 ], [ 2.46006, 7.72559 ], [ 2.48714, 7.6856 ], [ 2.6355, 7.68803 ], [ 2.67859, 7.68625 ], [ 2.72945, 7.68976 ], [ 2.72796, 7.7449 ], [ 2.73241, 7.77223 ], [ 2.72946, 7.79222 ], [ 2.72467, 7.80763 ], [ 2.71132, 7.81317 ], [ 2.70631, 7.83271 ], [ 2.69576, 7.85479 ], [ 2.66843, 7.88978 ], [ 2.67582, 7.8932 ], [ 2.68785, 7.91339 ], [ 2.69088, 7.92624 ], [ 2.6955, 7.93082 ], [ 2.70455, 7.9681 ], [ 2.70733, 8.0 ], [ 2.72329, 8.06109 ], [ 2.72883, 8.06681 ], [ 2.72404, 8.08495 ], [ 2.73254, 8.11684 ], [ 2.72992, 8.1283 ], [ 2.73225, 8.13885 ], [ 2.74821, 8.16474 ], [ 2.75016, 8.20076 ], [ 2.7541, 8.21131 ], [ 2.74031, 8.22466 ], [ 2.7146, 8.26054 ], [ 2.71118, 8.27616 ], [ 2.69812, 8.30718 ], [ 2.69563, 8.32417 ] ] ] } },
{ "type": "Feature", "properties": { "admin2Pcod": "BJ0601", "adm2_name": "Aplahoue", "n_menages": 204, "n_grappes": 17, "insecure_direct": 86.258899532486012, "rmse_direct": 3.2122381005326646, "insecure_fh": 86.219313799384196, "rmse_fh": 3.1173901668538049, "gain_rmse": 0.094847933678859686, "gain_pct": 2.9527055812933565, "deplacement": -0.039585733101816345, "lc_13_urbain_adm2": 0.60729260210274727, "lc_8_savane_boisee_adm2": 0.049886264674923998, "statut": "Estimee (direct + Fay-Herriot)" }, "geometry": { "type": "Polygon", "coordinates": [ [ [ 1.83163, 7.1993 ], [ 1.83201, 7.20594 ], [ 1.8171, 7.21778 ], [ 1.81571, 7.22777 ], [ 1.80887, 7.23299 ], [ 1.80506, 7.25742 ], [ 1.79604, 7.27568 ], [ 1.78108, 7.28393 ], [ 1.77897, 7.29143 ], [ 1.77125, 7.2932 ], [ 1.75711, 7.31071 ], [ 1.74715, 7.31015 ], [ 1.74714, 7.34062 ], [ 1.7376, 7.36111 ], [ 1.73626, 7.37456 ], [ 1.72496, 7.38814 ], [ 1.72461, 7.40311 ], [ 1.71314, 7.43498 ], [ 1.69748, 7.44336 ], [ 1.67568, 7.4947 ], [ 1.64827, 7.49244 ], [ 1.64388, 7.48555 ], [ 1.63642, 7.41777 ], [ 1.63522, 7.3794 ], [ 1.64203, 6.99457 ], [ 1.60663, 6.9965 ], [ 1.5935, 6.99353 ], [ 1.58637, 6.99791 ], [ 1.55783, 6.99749 ], [ 1.55918, 6.97219 ], [ 1.57411, 6.94711 ], [ 1.5779, 6.923 ], [ 1.58688, 6.91335 ], [ 1.60507, 6.90577 ], [ 1.60416, 6.8906 ], [ 1.60669, 6.88347 ], [ 1.62224, 6.87606 ], [ 1.64519, 6.88835 ], [ 1.66893, 6.91807 ], [ 1.7052, 6.9238 ], [ 1.72914, 6.94729 ], [ 1.74545, 7.07059 ], [ 1.75694, 7.09301 ], [ 1.79135, 7.12286 ], [ 1.81808, 7.17871 ], [ 1.83163, 7.1993 ] ] ] } },
{ "type": "Feature", "properties": { "admin2Pcod": "BJ0604", "adm2_name": "Klouekanme", "n_menages": 132, "n_grappes": 11, "insecure_direct": 95.101455930668251, "rmse_direct": 1.8139371707497913, "insecure_fh": 94.628191832564482, "rmse_fh": 1.796193628431324, "gain_rmse": 0.017743542318467309, "gain_pct": 0.9781784399474549, "deplacement": -0.47326409810376902, "lc_13_urbain_adm2": 0.17220939921463649, "lc_8_savane_boisee_adm2": 0.0, "statut": "Estimee (direct + Fay-Herriot)" }, "geometry": { "type": "Polygon", "coordinates": [ [ [ 1.85586, 7.14437 ], [ 1.85544, 7.16636 ], [ 1.84789, 7.19107 ], [ 1.85251, 7.19571 ], [ 1.83538, 7.19553 ], [ 1.83163, 7.1993 ], [ 1.81808, 7.17871 ], [ 1.79135, 7.12286 ], [ 1.75694, 7.09301 ], [ 1.74545, 7.07059 ], [ 1.73187, 6.96553 ], [ 1.75043, 6.96238 ], [ 1.76042, 6.95548 ], [ 1.77635, 6.9608 ], [ 1.78476, 6.95972 ], [ 1.80112, 6.94416 ], [ 1.81216, 6.94318 ], [ 1.83845, 6.9492 ], [ 1.86519, 6.93585 ], [ 1.88021, 6.93399 ], [ 1.91425, 6.96217 ], [ 1.93347, 7.02842 ], [ 1.91719, 7.04026 ], [ 1.91301, 7.05774 ], [ 1.87727, 7.09168 ], [ 1.87441, 7.10527 ], [ 1.8586, 7.12124 ], [ 1.85986, 7.13367 ], [ 1.85586, 7.14437 ] ] ] } },
{ "type": "Feature", "properties": { "admin2Pcod": "BJ0605", "adm2_name": "Lalo", "n_menages": 132, "n_grappes": 11, "insecure_direct": 91.324887522766574, "rmse_direct": 2.8995353623961404, "insecure_fh": 91.331931354590751, "rmse_fh": 2.831383064984188, "gain_rmse": 0.068152297411952389, "gain_pct": 2.3504558108107418, "deplacement": 0.0070438318241770048, "lc_13_urbain_adm2": 0.78971967793791686, "lc_8_savane_boisee_adm2": 0.016585641170358701, "statut": "Estimee (direct + Fay-Herriot)" }, "geometry": { "type": "Polygon", "coordinates": [ [ [ 1.96731, 6.99756 ], [ 1.96237, 7.00038 ], [ 1.95723, 6.99796 ], [ 1.94657, 7.01664 ], [ 1.93347, 7.02842 ], [ 1.91425, 6.96217 ], [ 1.88021, 6.93399 ], [ 1.86519, 6.93585 ], [ 1.87324, 6.9074 ], [ 1.8581, 6.878 ], [ 1.85931, 6.85338 ], [ 1.85103, 6.83246 ], [ 1.88031, 6.82364 ], [ 1.90689, 6.80946 ], [ 1.92383, 6.79637 ], [ 1.92112, 6.77856 ], [ 2.03311, 6.72326 ], [ 2.03256, 6.77554 ], [ 2.05178, 6.78898 ], [ 2.06869, 6.86743 ], [ 2.07796, 6.87962 ], [ 2.09967, 6.89342 ], [ 2.10031, 6.91001 ], [ 2.09318, 6.92352 ], [ 2.08431, 6.93167 ], [ 2.0698, 6.93062 ], [ 2.04602, 6.91739 ], [ 2.03025, 6.91359 ], [ 2.00571, 6.91628 ], [ 1.99022, 6.92437 ], [ 1.9893, 6.94886 ], [ 1.98472, 6.96814 ], [ 1.97324, 6.97645 ], [ 1.96731, 6.99756 ] ] ] } },
{ "type": "Feature", "properties": { "admin2Pcod": "BJ0606", "adm2_name": "Toviklin", "n_menages": 156, "n_grappes": 13, "insecure_direct": 96.549758872134831, "rmse_direct": 1.5492561313823234, "insecure_fh": 96.334632302309998, "rmse_fh": 1.5381929807980557, "gain_rmse": 0.011063150584267767, "gain_pct": 0.71409435535986376, "deplacement": -0.21512656982483236, "lc_13_urbain_adm2": 0.49945578231292509, "lc_8_savane_boisee_adm2": 0.0, "statut": "Estimee (direct + Fay-Herriot)" }, "geometry": { "type": "Polygon", "coordinates": [ [ [ 1.86519, 6.93585 ], [ 1.83845, 6.9492 ], [ 1.81216, 6.94318 ], [ 1.80112, 6.94416 ], [ 1.78476, 6.95972 ], [ 1.77635, 6.9608 ], [ 1.76042, 6.95548 ], [ 1.76944, 6.92701 ], [ 1.75184, 6.92088 ], [ 1.75408, 6.91311 ], [ 1.76255, 6.9058 ], [ 1.75978, 6.8945 ], [ 1.76723, 6.88292 ], [ 1.77002, 6.85288 ], [ 1.85103, 6.83246 ], [ 1.85931, 6.85338 ], [ 1.8581, 6.878 ], [ 1.87324, 6.9074 ], [ 1.86519, 6.93585 ] ] ] } },
{ "type": "Feature", "properties": { "admin2Pcod": "BJ0701", "adm2_name": "Bassila", "n_menages": 167, "n_grappes": 14, "insecure_direct": 62.751020793227532, "rmse_direct": 3.8142814518730619, "insecure_fh": 62.335104322084312, "rmse_fh": 3.6745346105064103, "gain_rmse": 0.13974684136665161, "gain_pct": 3.6637789615138852, "deplacement": -0.41591647114321972, "lc_13_urbain_adm2": 0.0, "lc_8_savane_boisee_adm2": 0.97917943854387723, "statut": "Estimee (direct + Fay-Herriot)" }, "geometry": { "type": "Polygon", "coordinates": [ [ [ 1.53936, 9.45948 ], [ 1.52513, 9.45997 ], [ 1.49883, 9.42669 ], [ 1.48944, 9.42007 ], [ 1.47687, 9.41862 ], [ 1.4407, 9.38801 ], [ 1.42823, 9.4014 ], [ 1.40159, 9.41352 ], [ 1.40017, 9.39488 ], [ 1.40312, 9.35491 ], [ 1.40807, 9.33449 ], [ 1.42092, 9.30743 ], [ 1.44741, 9.28273 ], [ 1.4621, 9.25477 ], [ 1.47767, 9.23691 ], [ 1.52597, 9.1907 ], [ 1.55912, 9.17015 ], [ 1.57915, 9.13164 ], [ 1.59773, 9.11149 ], [ 1.6176, 9.07092 ], [ 1.61602, 9.06341 ], [ 1.62483, 9.04229 ], [ 1.62974, 8.99912 ], [ 1.62241, 8.95456 ], [ 1.62636, 8.9417 ], [ 1.62967, 8.90897 ], [ 1.6313, 8.84726 ], [ 1.62929, 8.82934 ], [ 1.63311, 8.79376 ], [ 1.62857, 8.64771 ], [ 1.63016, 8.5937 ], [ 1.66268, 8.59523 ], [ 1.67826, 8.60097 ], [ 1.69716, 8.60293 ], [ 1.72448, 8.60263 ], [ 1.7338, 8.60507 ], [ 1.74835, 8.61999 ], [ 1.76256, 8.62712 ], [ 1.782, 8.62881 ], [ 1.80154, 8.62591 ], [ 1.81704, 8.62178 ], [ 1.84372, 8.59258 ], [ 1.89058, 8.57087 ], [ 1.91164, 8.55142 ], [ 1.92399, 8.55217 ], [ 1.93332, 8.556 ], [ 1.94635, 8.5548 ], [ 1.95162, 8.53823 ], [ 1.98577, 8.52508 ], [ 1.99072, 8.5199 ], [ 1.99283, 8.5078 ], [ 2.03732, 8.50221 ], [ 2.07436, 8.50292 ], [ 2.09307, 8.49959 ], [ 2.12325, 8.47798 ], [ 2.14121, 8.48577 ], [ 2.15064, 8.49988 ], [ 2.14792, 8.50657 ], [ 2.15628, 8.50942 ], [ 2.16244, 8.50063 ], [ 2.17383, 8.50318 ], [ 2.18529, 8.49587 ], [ 2.1977, 8.50356 ], [ 2.21906, 8.5034 ], [ 2.22287, 8.50991 ], [ 2.21217, 8.52304 ], [ 2.20858, 8.54017 ], [ 2.20944, 8.55808 ], [ 2.21969, 8.5858 ], [ 2.21879, 8.60817 ], [ 2.22442, 8.64648 ], [ 2.22242, 8.65567 ], [ 2.20304, 8.69096 ], [ 2.20597, 8.72346 ], [ 2.20415, 8.73625 ], [ 2.18525, 8.76418 ], [ 2.20221, 8.79544 ], [ 2.20233, 8.8096 ], [ 2.20825, 8.81775 ], [ 2.21117, 8.83202 ], [ 2.22093, 8.85026 ], [ 2.22681, 8.86882 ], [ 2.23709, 8.88178 ], [ 2.23855, 8.88941 ], [ 2.23487, 8.89846 ], [ 2.20834, 8.89187 ], [ 2.19981, 8.90401 ], [ 2.20971, 8.92018 ], [ 2.20722, 8.92241 ], [ 2.19494, 8.92084 ], [ 2.18698, 8.95089 ], [ 2.19415, 8.95833 ], [ 2.19903, 8.97453 ], [ 2.22436, 8.98794 ], [ 2.2244, 8.99183 ], [ 2.21252, 9.00441 ], [ 2.21205, 9.03065 ], [ 2.22538, 9.03985 ], [ 2.22033, 9.05307 ], [ 2.19376, 9.05869 ], [ 2.19132, 9.0669 ], [ 2.18287, 9.07293 ], [ 2.10881, 9.06697 ], [ 2.08267, 9.07452 ], [ 2.07221, 9.07404 ], [ 2.03614, 9.09415 ], [ 2.0241, 9.10534 ], [ 2.02597, 9.11282 ], [ 2.01866, 9.12218 ], [ 1.98762, 9.1267 ], [ 1.98014, 9.133 ], [ 1.96896, 9.14737 ], [ 1.96917, 9.15709 ], [ 1.9791, 9.17742 ], [ 1.96723, 9.20985 ], [ 1.97623, 9.21964 ], [ 1.97059, 9.22981 ], [ 1.97441, 9.23686 ], [ 1.96343, 9.25956 ], [ 1.96395, 9.27066 ], [ 1.9709, 9.28657 ], [ 1.96932, 9.31532 ], [ 1.97255, 9.35332 ], [ 1.96418, 9.35338 ], [ 1.9467, 9.36641 ], [ 1.93225, 9.37262 ], [ 1.9226, 9.38823 ], [ 1.88695, 9.39625 ], [ 1.86531, 9.39319 ], [ 1.81854, 9.37033 ], [ 1.81467, 9.37383 ], [ 1.81133, 9.41257 ], [ 1.80492, 9.41331 ], [ 1.77372, 9.43821 ], [ 1.76165, 9.42843 ], [ 1.72512, 9.41187 ], [ 1.69364, 9.39874 ], [ 1.66052, 9.39034 ], [ 1.59167, 9.39811 ], [ 1.57581, 9.40432 ], [ 1.55198, 9.42832 ], [ 1.55192, 9.4415 ], [ 1.53936, 9.45948 ] ] ] } },
{ "type": "Feature", "properties": { "admin2Pcod": "BJ0702", "adm2_name": "Djougou", "n_menages": 323, "n_grappes": 27, "insecure_direct": 54.896355941319143, "rmse_direct": 2.8856843963327301, "insecure_fh": 55.506181872467849, "rmse_fh": 2.8153386902159552, "gain_rmse": 0.070345706116774931, "gain_pct": 2.4377477386707196, "deplacement": 0.60982593114870554, "lc_13_urbain_adm2": 0.054729020714601, "lc_8_savane_boisee_adm2": 0.3059006526727478, "statut": "Estimee (direct + Fay-Herriot)" }, "geometry": { "type": "Polygon", "coordinates": [ [ [ 2.06957, 10.03495 ], [ 2.04461, 10.02527 ], [ 2.02096, 10.02155 ], [ 1.9747, 10.03922 ], [ 1.76938, 10.03943 ], [ 1.74728, 10.03665 ], [ 1.74986, 9.98654 ], [ 1.74786, 9.93992 ], [ 1.75289, 9.91963 ], [ 1.74165, 9.91138 ], [ 1.73656, 9.88282 ], [ 1.7371, 9.86019 ], [ 1.72822, 9.8497 ], [ 1.69992, 9.836 ], [ 1.69142, 9.81981 ], [ 1.68032, 9.80906 ], [ 1.66601, 9.80012 ], [ 1.62091, 9.78054 ], [ 1.58433, 9.75952 ], [ 1.57871, 9.73402 ], [ 1.56822, 9.70896 ], [ 1.53978, 9.73798 ], [ 1.5157, 9.74755 ], [ 1.49908, 9.74695 ], [ 1.48367, 9.73816 ], [ 1.46219, 9.72051 ], [ 1.47868, 9.70016 ], [ 1.48416, 9.6617 ], [ 1.4918, 9.6339 ], [ 1.51855, 9.6053 ], [ 1.55793, 9.58871 ], [ 1.5709, 9.58738 ], [ 1.57627, 9.57583 ], [ 1.57581, 9.56973 ], [ 1.53606, 9.5311 ], [ 1.53035, 9.51073 ], [ 1.5329, 9.47533 ], [ 1.53936, 9.45948 ], [ 1.55192, 9.4415 ], [ 1.55198, 9.42832 ], [ 1.57581, 9.40432 ], [ 1.59167, 9.39811 ], [ 1.66052, 9.39034 ], [ 1.69364, 9.39874 ], [ 1.72512, 9.41187 ], [ 1.76165, 9.42843 ], [ 1.77372, 9.43821 ], [ 1.80492, 9.41331 ], [ 1.81133, 9.41257 ], [ 1.81467, 9.37383 ], [ 1.81854, 9.37033 ], [ 1.86531, 9.39319 ], [ 1.88695, 9.39625 ], [ 1.9226, 9.38823 ], [ 1.93225, 9.37262 ], [ 1.9467, 9.36641 ], [ 1.96418, 9.35338 ], [ 2.03133, 9.36082 ], [ 2.04272, 9.35504 ], [ 2.04941, 9.35472 ], [ 2.07946, 9.36172 ], [ 2.08372, 9.37154 ], [ 2.09437, 9.3759 ], [ 2.10199, 9.37029 ], [ 2.15974, 9.68591 ], [ 2.15658, 9.69163 ], [ 2.17129, 9.69804 ], [ 2.17164, 9.70623 ], [ 2.15366, 9.70956 ], [ 2.13865, 9.71896 ], [ 2.13319, 9.71665 ], [ 2.1327, 9.7086 ], [ 2.12615, 9.7092 ], [ 2.11927, 9.7055 ], [ 2.1043, 9.71852 ], [ 2.09873, 9.71981 ], [ 2.09114, 9.74957 ], [ 2.0767, 9.75856 ], [ 2.08443, 9.76475 ], [ 2.08544, 9.78667 ], [ 2.07186, 9.79982 ], [ 2.0728, 9.81244 ], [ 2.06632, 9.82262 ], [ 2.07153, 9.82744 ], [ 2.06724, 9.83344 ], [ 2.05916, 9.83558 ], [ 2.05131, 9.8491 ], [ 2.09164, 9.89558 ], [ 2.09399, 9.92791 ], [ 2.0822, 9.95603 ], [ 2.07018, 9.97221 ], [ 2.08045, 9.99823 ], [ 2.08268, 10.03263 ], [ 2.06957, 10.03495 ] ] ] } },
{ "type": "Feature", "properties": { "admin2Pcod": "BJ0704", "adm2_name": "Ouake", "n_menages": 72, "n_grappes": 6, "insecure_direct": 61.600595494602942, "rmse_direct": 10.77678199330326, "insecure_fh": 64.110175725356996, "rmse_fh": 8.2218858242859767, "gain_rmse": 2.5548961690172831, "gain_pct": 23.707412570885324, "deplacement": 2.5095802307540538, "lc_13_urbain_adm2": 0.0, "lc_8_savane_boisee_adm2": 0.056197891517953097, "statut": "Estimee (direct + Fay-Herriot)" }, "geometry": { "type": "Polygon", "coordinates": [ [ [ 1.46219, 9.72051 ], [ 1.44592, 9.73017 ], [ 1.43185, 9.7809 ], [ 1.4092, 9.82139 ], [ 1.38634, 9.82859 ], [ 1.36199, 9.82808 ], [ 1.36455, 9.78833 ], [ 1.36311, 9.69847 ], [ 1.3693, 9.6615 ], [ 1.36658, 9.64862 ], [ 1.36606, 9.61139 ], [ 1.34159, 9.54626 ], [ 1.3589, 9.50866 ], [ 1.35852, 9.49119 ], [ 1.36109, 9.48638 ], [ 1.3648, 9.48525 ], [ 1.39021, 9.4973 ], [ 1.40114, 9.43463 ], [ 1.40159, 9.41352 ], [ 1.42823, 9.4014 ], [ 1.4407, 9.38801 ], [ 1.47687, 9.41862 ], [ 1.48944, 9.42007 ], [ 1.49883, 9.42669 ], [ 1.52513, 9.45997 ], [ 1.53936, 9.45948 ], [ 1.5329, 9.47533 ], [ 1.53035, 9.51073 ], [ 1.53606, 9.5311 ], [ 1.57581, 9.56973 ], [ 1.57627, 9.57583 ], [ 1.5709, 9.58738 ], [ 1.55793, 9.58871 ], [ 1.51855, 9.6053 ], [ 1.4918, 9.6339 ], [ 1.48416, 9.6617 ], [ 1.47868, 9.70016 ], [ 1.46219, 9.72051 ] ] ] } },
{ "type": "Feature", "properties": { "admin2Pcod": "BJ0800", "adm2_name": "Cotonou", "n_menages": 713, "n_grappes": 60, "insecure_direct": 57.229353298066243, "rmse_direct": 2.4501079777279373, "insecure_fh": 57.637734487729674, "rmse_fh": 2.4074996806757185, "gain_rmse": 0.042608297052218802, "gain_pct": 1.7390375215924494, "deplacement": 0.40838118966343018, "lc_13_urbain_adm2": 0.0, "lc_8_savane_boisee_adm2": 0.0084377610693399992, "statut": "Estimee (direct + Fay-Herriot)" }, "geometry": { "type": "MultiPolygon", "coordinates": [ [ [ [ 2.41395, 6.39159 ], [ 2.40201, 6.40022 ], [ 2.39416, 6.39524 ], [ 2.36477, 6.39627 ], [ 2.35915, 6.34922 ], [ 2.42896, 6.34152 ], [ 2.43317, 6.34248 ], [ 2.41894, 6.3477 ], [ 2.43362, 6.3504 ], [ 2.43156, 6.34421 ], [ 2.43442, 6.35086 ], [ 2.44412, 6.34952 ], [ 2.44416, 6.35232 ], [ 2.43654, 6.36783 ], [ 2.43443, 6.38966 ], [ 2.42955, 6.393 ], [ 2.42288, 6.38891 ], [ 2.41762, 6.38942 ], [ 2.41919, 6.3911 ], [ 2.41395, 6.39159 ] ] ], [ [ [ 2.49415, 6.37126 ], [ 2.44283, 6.37878 ], [ 2.44227, 6.38806 ], [ 2.44525, 6.39614 ], [ 2.44119, 6.39536 ], [ 2.43733, 6.3816 ], [ 2.43902, 6.368 ], [ 2.44746, 6.35592 ], [ 2.4452, 6.35342 ], [ 2.46429, 6.35451 ], [ 2.46439, 6.35857 ], [ 2.46953, 6.36066 ], [ 2.49788, 6.3601 ], [ 2.49415, 6.37126 ] ] ] ] } },
{ "type": "Feature", "properties": { "admin2Pcod": "BJ0901", "adm2_name": "Athieme", "n_menages": 84, "n_grappes": 7, "insecure_direct": 92.137125326157246, "rmse_direct": 2.0435932917280848, "insecure_fh": 92.041909335230329, "rmse_fh": 2.0189824239664387, "gain_rmse": 0.024610867761646116, "gain_pct": 1.2042938221251889, "deplacement": -0.095215990926917016, "lc_13_urbain_adm2": 0.71047222106387997, "lc_8_savane_boisee_adm2": 0.061392453336863897, "statut": "Estimee (direct + Fay-Herriot)" }, "geometry": { "type": "Polygon", "coordinates": [ [ [ 1.7773, 6.61205 ], [ 1.73278, 6.61429 ], [ 1.70898, 6.6182 ], [ 1.68659, 6.62554 ], [ 1.67981, 6.64595 ], [ 1.67077, 6.6621 ], [ 1.66192, 6.67134 ], [ 1.65144, 6.6712 ], [ 1.62723, 6.6646 ], [ 1.60283, 6.66629 ], [ 1.61123, 6.64192 ], [ 1.60294, 6.63688 ], [ 1.60247, 6.62745 ], [ 1.60913, 6.61962 ], [ 1.6098, 6.60582 ], [ 1.61715, 6.59684 ], [ 1.6344, 6.59682 ], [ 1.64083, 6.58254 ], [ 1.65129, 6.57836 ], [ 1.65543, 6.57767 ], [ 1.66302, 6.58388 ], [ 1.67429, 6.5832 ], [ 1.67591, 6.57998 ], [ 1.67361, 6.57285 ], [ 1.66602, 6.56295 ], [ 1.66856, 6.55767 ], [ 1.67339, 6.55583 ], [ 1.68397, 6.56043 ], [ 1.68858, 6.55193 ], [ 1.69639, 6.55262 ], [ 1.69801, 6.54802 ], [ 1.69571, 6.54319 ], [ 1.70077, 6.53675 ], [ 1.70193, 6.51536 ], [ 1.69435, 6.50961 ], [ 1.69573, 6.50041 ], [ 1.70631, 6.49582 ], [ 1.71276, 6.4995 ], [ 1.71759, 6.49329 ], [ 1.72794, 6.49835 ], [ 1.73024, 6.48639 ], [ 1.73485, 6.48547 ], [ 1.73715, 6.48111 ], [ 1.73393, 6.47582 ], [ 1.73669, 6.47306 ], [ 1.74037, 6.47398 ], [ 1.75062, 6.46392 ], [ 1.74716, 6.45404 ], [ 1.75302, 6.45005 ], [ 1.77552, 6.46147 ], [ 1.7811, 6.47717 ], [ 1.78526, 6.51182 ], [ 1.78047, 6.52474 ], [ 1.76846, 6.53527 ], [ 1.76066, 6.55073 ], [ 1.76324, 6.55899 ], [ 1.77314, 6.56744 ], [ 1.77024, 6.57757 ], [ 1.77136, 6.60036 ], [ 1.7773, 6.61205 ] ] ] } },
{ "type": "Feature", "properties": { "admin2Pcod": "BJ0902", "adm2_name": "Bopa", "n_menages": 192, "n_grappes": 16, "insecure_direct": 94.561543597269505, "rmse_direct": 1.8437508179260351, "insecure_fh": 94.512518630486255, "rmse_fh": 1.8260092780715929, "gain_rmse": 0.017741539854442268, "gain_pct": 0.96225258217913889, "deplacement": -0.049024966783250079, "lc_13_urbain_adm2": 0.81453609221466361, "lc_8_savane_boisee_adm2": 0.0017129629629628999, "statut": "Estimee (direct + Fay-Herriot)" }, "geometry": { "type": "Polygon", "coordinates": [ [ [ 1.92112, 6.77856 ], [ 1.91964, 6.78149 ], [ 1.90234, 6.76706 ], [ 1.8249, 6.7208 ], [ 1.8235, 6.66537 ], [ 1.83352, 6.66122 ], [ 1.88005, 6.62299 ], [ 1.89292, 6.60484 ], [ 1.90255, 6.58148 ], [ 1.93243, 6.55701 ], [ 1.94057, 6.54695 ], [ 1.94333, 6.5364 ], [ 1.95214, 6.52439 ], [ 1.95318, 6.50916 ], [ 1.94413, 6.50265 ], [ 1.97468, 6.4873 ], [ 1.98441, 6.50404 ], [ 1.98599, 6.51881 ], [ 1.97897, 6.5828 ], [ 1.98027, 6.61888 ], [ 1.99058, 6.63699 ], [ 1.99782, 6.67285 ], [ 2.03443, 6.69821 ], [ 2.03311, 6.72326 ], [ 1.92112, 6.77856 ] ] ] } },
{ "type": "Feature", "properties": { "admin2Pcod": "BJ0903", "adm2_name": "Come", "n_menages": 168, "n_grappes": 14, "insecure_direct": 96.089712094707309, "rmse_direct": 1.7738518343211078, "insecure_fh": 95.721252086365922, "rmse_fh": 1.7571158956005883, "gain_rmse": 0.016735938720519483, "gain_pct": 0.94348008084478463, "deplacement": -0.36846000834138692, "lc_13_urbain_adm2": 0.36344497404077358, "lc_8_savane_boisee_adm2": 0.064000994832647096, "statut": "Estimee (direct + Fay-Herriot)" }, "geometry": { "type": "Polygon", "coordinates": [ [ [ 1.94413, 6.50265 ], [ 1.91876, 6.50326 ], [ 1.90901, 6.48459 ], [ 1.88699, 6.47742 ], [ 1.86309, 6.4527 ], [ 1.84428, 6.43775 ], [ 1.82212, 6.44039 ], [ 1.83272, 6.37484 ], [ 1.84738, 6.36773 ], [ 1.91758, 6.36056 ], [ 1.93292, 6.3634 ], [ 1.96081, 6.34518 ], [ 1.96284, 6.35331 ], [ 1.94538, 6.37747 ], [ 1.94173, 6.4038 ], [ 1.94369, 6.41677 ], [ 1.97468, 6.4873 ], [ 1.94413, 6.50265 ] ] ] } },
{ "type": "Feature", "properties": { "admin2Pcod": "BJ0905", "adm2_name": "Houeyogbe", "n_menages": 216, "n_grappes": 18, "insecure_direct": 94.579897496980919, "rmse_direct": 1.3900869728983465, "insecure_fh": 94.512686181543216, "rmse_fh": 1.3822895938683073, "gain_rmse": 0.0077973790300391865, "gain_pct": 0.56092742267640749, "deplacement": -0.067211315437702979, "lc_13_urbain_adm2": 0.71286409341722934, "lc_8_savane_boisee_adm2": 0.0014071294559098999, "statut": "Estimee (direct + Fay-Herriot)" }, "geometry": { "type": "Polygon", "coordinates": [ [ [ 1.94413, 6.50265 ], [ 1.95318, 6.50916 ], [ 1.95214, 6.52439 ], [ 1.94333, 6.5364 ], [ 1.94057, 6.54695 ], [ 1.93243, 6.55701 ], [ 1.90255, 6.58148 ], [ 1.89292, 6.60484 ], [ 1.88005, 6.62299 ], [ 1.83352, 6.66122 ], [ 1.8235, 6.66537 ], [ 1.81377, 6.64835 ], [ 1.7773, 6.61205 ], [ 1.77136, 6.60036 ], [ 1.77024, 6.57757 ], [ 1.77314, 6.56744 ], [ 1.76324, 6.55899 ], [ 1.76066, 6.55073 ], [ 1.76846, 6.53527 ], [ 1.78047, 6.52474 ], [ 1.78526, 6.51182 ], [ 1.7811, 6.47717 ], [ 1.81666, 6.47656 ], [ 1.82212, 6.44039 ], [ 1.84428, 6.43775 ], [ 1.86309, 6.4527 ], [ 1.88699, 6.47742 ], [ 1.90901, 6.48459 ], [ 1.91876, 6.50326 ], [ 1.94413, 6.50265 ] ] ] } },
{ "type": "Feature", "properties": { "admin2Pcod": "BJ0906", "adm2_name": "Lokossa", "n_menages": 228, "n_grappes": 19, "insecure_direct": 89.137429661894458, "rmse_direct": 2.1292488258376667, "insecure_fh": 89.196106592175028, "rmse_fh": 2.1018177082693752, "gain_rmse": 0.02743111756829153, "gain_pct": 1.2883002322426955, "deplacement": 0.058676930280569195, "lc_13_urbain_adm2": 0.77782918709777626, "lc_8_savane_boisee_adm2": 0.0131759434169975, "statut": "Estimee (direct + Fay-Herriot)" }, "geometry": { "type": "Polygon", "coordinates": [ [ [ 1.90234, 6.76706 ], [ 1.8399, 6.77135 ], [ 1.79491, 6.74885 ], [ 1.77814, 6.75418 ], [ 1.76327, 6.73405 ], [ 1.75212, 6.7248 ], [ 1.74173, 6.72203 ], [ 1.7161, 6.72361 ], [ 1.70346, 6.71699 ], [ 1.67624, 6.71292 ], [ 1.59155, 6.7129 ], [ 1.59001, 6.70343 ], [ 1.57392, 6.68824 ], [ 1.58957, 6.68388 ], [ 1.60283, 6.66629 ], [ 1.62723, 6.6646 ], [ 1.65144, 6.6712 ], [ 1.66192, 6.67134 ], [ 1.67077, 6.6621 ], [ 1.67981, 6.64595 ], [ 1.68659, 6.62554 ], [ 1.694, 6.62225 ], [ 1.73278, 6.61429 ], [ 1.7773, 6.61205 ], [ 1.81377, 6.64835 ], [ 1.8235, 6.66537 ], [ 1.8249, 6.7208 ], [ 1.90234, 6.76706 ] ] ] } },
{ "type": "Feature", "properties": { "admin2Pcod": "BJ1002", "adm2_name": "Adjohoun", "n_menages": 95, "n_grappes": 8, "insecure_direct": 94.42089208346647, "rmse_direct": 2.4130097496782077, "insecure_fh": 93.826007016265493, "rmse_fh": 2.3717295128143503, "gain_rmse": 0.0412802368638574, "gain_pct": 1.7107364306904445, "deplacement": -0.59488506720097689, "lc_13_urbain_adm2": 0.45786422214797351, "lc_8_savane_boisee_adm2": 0.311641046837067, "statut": "Estimee (direct + Fay-Herriot)" }, "geometry": { "type": "Polygon", "coordinates": [ [ [ 2.57974, 6.79225 ], [ 2.48137, 6.7917 ], [ 2.43504, 6.79309 ], [ 2.41879, 6.79669 ], [ 2.41533, 6.78595 ], [ 2.42126, 6.77604 ], [ 2.42344, 6.7543 ], [ 2.4363, 6.74651 ], [ 2.41088, 6.68547 ], [ 2.40697, 6.66187 ], [ 2.41107, 6.64024 ], [ 2.4154, 6.6334 ], [ 2.44943, 6.62735 ], [ 2.46676, 6.62071 ], [ 2.50623, 6.61539 ], [ 2.52923, 6.61795 ], [ 2.54646, 6.62336 ], [ 2.56418, 6.63375 ], [ 2.57276, 6.6429 ], [ 2.57049, 6.72078 ], [ 2.57889, 6.75459 ], [ 2.57974, 6.79225 ] ] ] } },
{ "type": "Feature", "properties": { "admin2Pcod": "BJ1005", "adm2_name": "Avrankou", "n_menages": 259, "n_grappes": 22, "insecure_direct": 86.414481431135215, "rmse_direct": 2.0669092676273855, "insecure_fh": 86.053022514725583, "rmse_fh": 2.0406632141471266, "gain_rmse": 0.02624605348025888, "gain_pct": 1.2698212684675241, "deplacement": -0.36145891640963157, "lc_13_urbain_adm2": 0.30645898470379612, "lc_8_savane_boisee_adm2": 0.37090980723411271, "statut": "Estimee (direct + Fay-Herriot)" }, "geometry": { "type": "Polygon", "coordinates": [ [ [ 2.65589, 6.61639 ], [ 2.64592, 6.61557 ], [ 2.62878, 6.62526 ], [ 2.60397, 6.5762 ], [ 2.61835, 6.55768 ], [ 2.61014, 6.52775 ], [ 2.63009, 6.51179 ], [ 2.64953, 6.52644 ], [ 2.65761, 6.53892 ], [ 2.66596, 6.54281 ], [ 2.69912, 6.51431 ], [ 2.69224, 6.56054 ], [ 2.6777, 6.58639 ], [ 2.65589, 6.61639 ] ] ] } },
{ "type": "Feature", "properties": { "admin2Pcod": "BJ1006", "adm2_name": "Bonou", "n_menages": 72, "n_grappes": 6, "insecure_direct": 87.293034853728528, "rmse_direct": 5.8771117888304394, "insecure_fh": 83.105510134080973, "rmse_fh": 5.3670475782768978, "gain_rmse": 0.51006421055354156, "gain_pct": 8.6788243763361468, "deplacement": -4.1875247196475556, "lc_13_urbain_adm2": 0.15736930121640069, "lc_8_savane_boisee_adm2": 0.76390994748549212, "statut": "Estimee (direct + Fay-Herriot)" }, "geometry": { "type": "Polygon", "coordinates": [ [ [ 2.50784, 6.9607 ], [ 2.41011, 6.95518 ], [ 2.41153, 6.94824 ], [ 2.39639, 6.94113 ], [ 2.38854, 6.93308 ], [ 2.38825, 6.92174 ], [ 2.39506, 6.91556 ], [ 2.40621, 6.91388 ], [ 2.41034, 6.90261 ], [ 2.41456, 6.85912 ], [ 2.43643, 6.82465 ], [ 2.41879, 6.79669 ], [ 2.43504, 6.79309 ], [ 2.48137, 6.7917 ], [ 2.57974, 6.79225 ], [ 2.57364, 6.81853 ], [ 2.55799, 6.8444 ], [ 2.55263, 6.87426 ], [ 2.54924, 6.87931 ], [ 2.51904, 6.88573 ], [ 2.50578, 6.89715 ], [ 2.50689, 6.90683 ], [ 2.50214, 6.93973 ], [ 2.50784, 6.9607 ] ] ] } },
{ "type": "Feature", "properties": { "admin2Pcod": "BJ1007", "adm2_name": "Dangbo", "n_menages": 117, "n_grappes": 10, "insecure_direct": 94.759752708267598, "rmse_direct": 2.2501339639395375, "insecure_fh": 94.189838788982442, "rmse_fh": 2.2162436589477581, "gain_rmse": 0.033890304991779363, "gain_pct": 1.506146102183364, "deplacement": -0.56991391928515611, "lc_13_urbain_adm2": 0.32862114898679801, "lc_8_savane_boisee_adm2": 0.044749203751269499, "statut": "Estimee (direct + Fay-Herriot)" }, "geometry": { "type": "Polygon", "coordinates": [ [ [ 2.54925, 6.52511 ], [ 2.55844, 6.52884 ], [ 2.57589, 6.57608 ], [ 2.57589, 6.58536 ], [ 2.57203, 6.59512 ], [ 2.5619, 6.61023 ], [ 2.56418, 6.63375 ], [ 2.54646, 6.62336 ], [ 2.52923, 6.61795 ], [ 2.50623, 6.61539 ], [ 2.46676, 6.62071 ], [ 2.44943, 6.62735 ], [ 2.4154, 6.6334 ], [ 2.4353, 6.54874 ], [ 2.47743, 6.52406 ], [ 2.50065, 6.51722 ], [ 2.52652, 6.54845 ], [ 2.54296, 6.52866 ], [ 2.54925, 6.52511 ] ] ] } },
{ "type": "Feature", "properties": { "admin2Pcod": "BJ1102", "adm2_name": "Ifangni", "n_menages": 143, "n_grappes": 12, "insecure_direct": 69.118219308799254, "rmse_direct": 4.139934753056167, "insecure_fh": 70.275363155019704, "rmse_fh": 3.9424167528831107, "gain_rmse": 0.19751800017305632, "gain_pct": 4.7710413799938598, "deplacement": 1.1571438462204497, "lc_13_urbain_adm2": 0.53166928072189745, "lc_8_savane_boisee_adm2": 0.34638700070569389, "statut": "Estimee (direct + Fay-Herriot)" }, "geometry": { "type": "Polygon", "coordinates": [ [ [ 2.72029, 6.50777 ], [ 2.72471, 6.52639 ], [ 2.72933, 6.53443 ], [ 2.74293, 6.54543 ], [ 2.75056, 6.55737 ], [ 2.75312, 6.57047 ], [ 2.74465, 6.58383 ], [ 2.73142, 6.63079 ], [ 2.75246, 6.66568 ], [ 2.78659, 6.69479 ], [ 2.78598, 6.72331 ], [ 2.7895, 6.74813 ], [ 2.78629, 6.75458 ], [ 2.77871, 6.7592 ], [ 2.75141, 6.74606 ], [ 2.70015, 6.73191 ], [ 2.66373, 6.69453 ], [ 2.66267, 6.64302 ], [ 2.65589, 6.61639 ], [ 2.6777, 6.58639 ], [ 2.69224, 6.56054 ], [ 2.69912, 6.51431 ], [ 2.72029, 6.50777 ] ] ] } },
{ "type": "Feature", "properties": { "admin2Pcod": "BJ1103", "adm2_name": "Ketou", "n_menages": 168, "n_grappes": 14, "insecure_direct": 77.356729057421433, "rmse_direct": 3.2725686250036614, "insecure_fh": 76.132075463533155, "rmse_fh": 3.18054915633927, "gain_rmse": 0.092019468664391368, "gain_pct": 2.8118422929721882, "deplacement": -1.2246535938882772, "lc_13_urbain_adm2": 0.0025478364070251999, "lc_8_savane_boisee_adm2": 0.89236483282095436, "statut": "Estimee (direct + Fay-Herriot)" }, "geometry": { "type": "Polygon", "coordinates": [ [ [ 2.78009, 7.2018 ], [ 2.77425, 7.23442 ], [ 2.74946, 7.26115 ], [ 2.74758, 7.41744 ], [ 2.78581, 7.41871 ], [ 2.79919, 7.42648 ], [ 2.79819, 7.48255 ], [ 2.79293, 7.49452 ], [ 2.77524, 7.51066 ], [ 2.75477, 7.52128 ], [ 2.74949, 7.5275 ], [ 2.74607, 7.54015 ], [ 2.74611, 7.55578 ], [ 2.73623, 7.56522 ], [ 2.73029, 7.58017 ], [ 2.72539, 7.64797 ], [ 2.72945, 7.68976 ], [ 2.67859, 7.68625 ], [ 2.6355, 7.68803 ], [ 2.48714, 7.6856 ], [ 2.47042, 7.6425 ], [ 2.46203, 7.60979 ], [ 2.46554, 7.59451 ], [ 2.46598, 7.55849 ], [ 2.45434, 7.54965 ], [ 2.42073, 7.48839 ], [ 2.4064, 7.45633 ], [ 2.40551, 7.44277 ], [ 2.42735, 7.41086 ], [ 2.43067, 7.39239 ], [ 2.42492, 7.37779 ], [ 2.42526, 7.3638 ], [ 2.43486, 7.33885 ], [ 2.43975, 7.31399 ], [ 2.45308, 7.29758 ], [ 2.46722, 7.2885 ], [ 2.50213, 7.25279 ], [ 2.53714, 7.18673 ], [ 2.57006, 7.18359 ], [ 2.58768, 7.18636 ], [ 2.60107, 7.1838 ], [ 2.62327, 7.19578 ], [ 2.63547, 7.20612 ], [ 2.64574, 7.20721 ], [ 2.73005, 7.20575 ], [ 2.78009, 7.2018 ] ] ] } },
{ "type": "Feature", "properties": { "admin2Pcod": "BJ1104", "adm2_name": "Pobe", "n_menages": 108, "n_grappes": 9, "insecure_direct": 75.29262711955225, "rmse_direct": 4.3782672333934407, "insecure_fh": 74.079711118608145, "rmse_fh": 4.1517152509565305, "gain_rmse": 0.22655198243691022, "gain_pct": 5.1744667549979075, "deplacement": -1.2129160009441051, "lc_13_urbain_adm2": 0.11695085892912251, "lc_8_savane_boisee_adm2": 0.67753088312305909, "statut": "Estimee (direct + Fay-Herriot)" }, "geometry": { "type": "Polygon", "coordinates": [ [ [ 2.78009, 7.2018 ], [ 2.73005, 7.20575 ], [ 2.64574, 7.20721 ], [ 2.63547, 7.20612 ], [ 2.62327, 7.19578 ], [ 2.60107, 7.1838 ], [ 2.61615, 7.17428 ], [ 2.62811, 7.17756 ], [ 2.63122, 7.17225 ], [ 2.61951, 7.13974 ], [ 2.59968, 7.11082 ], [ 2.59234, 7.09265 ], [ 2.59386, 7.08349 ], [ 2.60907, 7.05471 ], [ 2.62816, 7.04458 ], [ 2.6406, 6.98995 ], [ 2.65409, 6.95774 ], [ 2.65985, 6.95419 ], [ 2.67294, 6.95066 ], [ 2.69756, 6.94958 ], [ 2.71889, 6.95333 ], [ 2.72064, 6.98653 ], [ 2.72919, 6.99801 ], [ 2.75295, 7.01932 ], [ 2.7926, 7.04128 ], [ 2.78182, 7.05372 ], [ 2.76298, 7.06665 ], [ 2.75288, 7.07725 ], [ 2.74509, 7.09268 ], [ 2.74511, 7.09911 ], [ 2.75065, 7.10576 ], [ 2.76726, 7.11698 ], [ 2.77534, 7.12822 ], [ 2.78487, 7.15923 ], [ 2.78009, 7.2018 ] ] ] } },
{ "type": "Feature", "properties": { "admin2Pcod": "BJ1105", "adm2_name": "Sakete", "n_menages": 192, "n_grappes": 16, "insecure_direct": 70.414359393177492, "rmse_direct": 3.8141012975761139, "insecure_fh": 72.120571263430008, "rmse_fh": 3.6630176704313708, "gain_rmse": 0.1510836271447431, "gain_pct": 3.9611854892463851, "deplacement": 1.7062118702525169, "lc_13_urbain_adm2": 0.79052772188141396, "lc_8_savane_boisee_adm2": 0.19462545132257111, "statut": "Estimee (direct + Fay-Herriot)" }, "geometry": { "type": "Polygon", "coordinates": [ [ [ 2.77871, 6.7592 ], [ 2.75179, 6.75905 ], [ 2.73915, 6.76529 ], [ 2.72932, 6.79015 ], [ 2.72983, 6.80855 ], [ 2.74925, 6.8393 ], [ 2.74466, 6.84714 ], [ 2.74377, 6.85657 ], [ 2.75052, 6.88506 ], [ 2.75151, 6.91242 ], [ 2.74788, 6.92829 ], [ 2.73813, 6.91514 ], [ 2.70056, 6.9016 ], [ 2.68456, 6.88689 ], [ 2.67703, 6.86553 ], [ 2.66244, 6.85247 ], [ 2.61028, 6.87115 ], [ 2.55441, 6.86427 ], [ 2.55799, 6.8444 ], [ 2.56881, 6.82872 ], [ 2.57749, 6.80808 ], [ 2.58117, 6.77671 ], [ 2.57511, 6.73359 ], [ 2.57049, 6.72078 ], [ 2.57276, 6.6429 ], [ 2.58291, 6.64607 ], [ 2.61878, 6.63151 ], [ 2.64592, 6.61557 ], [ 2.65589, 6.61639 ], [ 2.66267, 6.64302 ], [ 2.66373, 6.69453 ], [ 2.70015, 6.73191 ], [ 2.75141, 6.74606 ], [ 2.77871, 6.7592 ] ] ] } },
{ "type": "Feature", "properties": { "admin2Pcod": "BJ1201", "adm2_name": "Abomey", "n_menages": 72, "n_grappes": 6, "insecure_direct": 86.9914344287738, "rmse_direct": 2.6229451622161339, "insecure_fh": 86.606323070938771, "rmse_fh": 2.5698225570595685, "gain_rmse": 0.053122605156565417, "gain_pct": 2.0253036899819121, "deplacement": -0.38511135783502937, "lc_13_urbain_adm2": 0.34333545260555748, "lc_8_savane_boisee_adm2": 0.0, "statut": "Estimee (direct + Fay-Herriot)" }, "geometry": { "type": "Polygon", "coordinates": [ [ [ 2.03408, 7.21894 ], [ 2.00897, 7.23383 ], [ 1.98573, 7.23181 ], [ 1.93982, 7.24007 ], [ 1.93295, 7.24376 ], [ 1.89647, 7.244 ], [ 1.8859, 7.23861 ], [ 1.88529, 7.2342 ], [ 1.89057, 7.22527 ], [ 1.91162, 7.20753 ], [ 1.91403, 7.20183 ], [ 1.90152, 7.16271 ], [ 1.92044, 7.16217 ], [ 1.95186, 7.15522 ], [ 1.96447, 7.14757 ], [ 1.96947, 7.1392 ], [ 1.97379, 7.11976 ], [ 1.97695, 7.11861 ], [ 1.98704, 7.11874 ], [ 2.01728, 7.12841 ], [ 2.02943, 7.13778 ], [ 2.0312, 7.14675 ], [ 2.02791, 7.15898 ], [ 2.03801, 7.17073 ], [ 2.03989, 7.17776 ], [ 2.03757, 7.19011 ], [ 2.02499, 7.20026 ], [ 2.02547, 7.20578 ], [ 2.02992, 7.20724 ], [ 2.03408, 7.21894 ] ] ] } },
{ "type": "Feature", "properties": { "admin2Pcod": "BJ1202", "adm2_name": "Agbangnizoun", "n_menages": 60, "n_grappes": 5, "insecure_direct": 80.214816476295397, "rmse_direct": 10.507203858301132, "insecure_fh": 78.174009216947482, "rmse_fh": 8.0810374160190364, "gain_rmse": 2.4261664422820957, "gain_pct": 23.090505095371519, "deplacement": -2.0408072593479147, "lc_13_urbain_adm2": 0.24953231292517, "lc_8_savane_boisee_adm2": 0.0, "statut": "Estimee (direct + Fay-Herriot)" }, "geometry": { "type": "Polygon", "coordinates": [ [ [ 2.03058, 7.15202 ], [ 2.02943, 7.13778 ], [ 2.02495, 7.13342 ], [ 2.01728, 7.12841 ], [ 1.98704, 7.11874 ], [ 1.97379, 7.11976 ], [ 1.96947, 7.1392 ], [ 1.96447, 7.14757 ], [ 1.95186, 7.15522 ], [ 1.93796, 7.15943 ], [ 1.91092, 7.163 ], [ 1.89212, 7.16201 ], [ 1.88061, 7.15927 ], [ 1.864, 7.14594 ], [ 1.85586, 7.14437 ], [ 1.85986, 7.13367 ], [ 1.8586, 7.12124 ], [ 1.87441, 7.10527 ], [ 1.87727, 7.09168 ], [ 1.91301, 7.05774 ], [ 1.91719, 7.04026 ], [ 1.94657, 7.01664 ], [ 1.95723, 6.99796 ], [ 1.96237, 7.00038 ], [ 1.96731, 6.99756 ], [ 1.9906, 7.00952 ], [ 2.01407, 7.02979 ], [ 2.03378, 7.09067 ], [ 2.04714, 7.11912 ], [ 2.0574, 7.1324 ], [ 2.03058, 7.15202 ] ] ] } },
{ "type": "Feature", "properties": { "admin2Pcod": "BJ1203", "adm2_name": "Bohicon", "n_menages": 156, "n_grappes": 13, "insecure_direct": 69.009501026746136, "rmse_direct": 6.5597179946233011, "insecure_fh": 68.978539728746426, "rmse_fh": 5.8417430047879666, "gain_rmse": 0.71797498983533448, "gain_pct": 10.945211218284467, "deplacement": -0.030961297999709814, "lc_13_urbain_adm2": 0.031905646419324203, "lc_8_savane_boisee_adm2": 0.0, "statut": "Estimee (direct + Fay-Herriot)" }, "geometry": { "type": "Polygon", "coordinates": [ [ [ 2.20044, 7.12367 ], [ 2.19469, 7.13814 ], [ 2.17975, 7.15732 ], [ 2.17298, 7.18856 ], [ 2.16052, 7.1976 ], [ 2.14824, 7.19888 ], [ 2.11865, 7.18742 ], [ 2.10764, 7.19048 ], [ 2.10062, 7.20331 ], [ 2.08359, 7.27427 ], [ 2.06955, 7.26852 ], [ 2.05039, 7.23019 ], [ 2.04561, 7.22403 ], [ 2.03408, 7.21894 ], [ 2.02992, 7.20724 ], [ 2.02547, 7.20578 ], [ 2.02499, 7.20026 ], [ 2.03958, 7.18565 ], [ 2.03801, 7.17073 ], [ 2.02791, 7.15898 ], [ 2.03058, 7.15202 ], [ 2.05479, 7.13327 ], [ 2.08382, 7.12372 ], [ 2.12203, 7.12897 ], [ 2.20044, 7.12367 ] ] ] } },
{ "type": "Feature", "properties": { "admin2Pcod": "BJ1204", "adm2_name": "Cove", "n_menages": 36, "n_grappes": 3, "insecure_direct": 65.882532723065708, "rmse_direct": 11.763368680585664, "insecure_fh": 67.738805622989446, "rmse_fh": 8.5963142361626854, "gain_rmse": 3.1670544444229787, "gain_pct": 26.923022906269228, "deplacement": 1.8562728999237379, "lc_13_urbain_adm2": 0.11405523823824761, "lc_8_savane_boisee_adm2": 0.15781895524434511, "statut": "Estimee (direct + Fay-Herriot)" }, "geometry": { "type": "Polygon", "coordinates": [ [ [ 2.27256, 7.52013 ], [ 2.25387, 7.52953 ], [ 2.1339, 7.56079 ], [ 2.14861, 7.54286 ], [ 2.15749, 7.54411 ], [ 2.17346, 7.53904 ], [ 2.1909, 7.51885 ], [ 2.19247, 7.51122 ], [ 2.18645, 7.5062 ], [ 2.19643, 7.49761 ], [ 2.2013, 7.4891 ], [ 2.20427, 7.44216 ], [ 2.19634, 7.43952 ], [ 2.19738, 7.4348 ], [ 2.21431, 7.42818 ], [ 2.22847, 7.40086 ], [ 2.22289, 7.38766 ], [ 2.2264, 7.37087 ], [ 2.24198, 7.32623 ], [ 2.25421, 7.31014 ], [ 2.25997, 7.29664 ], [ 2.25505, 7.29048 ], [ 2.25724, 7.27869 ], [ 2.26932, 7.26163 ], [ 2.26265, 7.24997 ], [ 2.27966, 7.23022 ], [ 2.28044, 7.21595 ], [ 2.28868, 7.19162 ], [ 2.29732, 7.17613 ], [ 2.29942, 7.15812 ], [ 2.30779, 7.14278 ], [ 2.31548, 7.09829 ], [ 2.33461, 7.08321 ], [ 2.35839, 7.13301 ], [ 2.36506, 7.15518 ], [ 2.37031, 7.23492 ], [ 2.36457, 7.24981 ], [ 2.35624, 7.25768 ], [ 2.33414, 7.25926 ], [ 2.32235, 7.26692 ], [ 2.32021, 7.2924 ], [ 2.32806, 7.33018 ], [ 2.31506, 7.41047 ], [ 2.30544, 7.44576 ], [ 2.27256, 7.52013 ] ] ] } },
{ "type": "Feature", "properties": { "admin2Pcod": "BJ1205", "adm2_name": "Djidja", "n_menages": 72, "n_grappes": 6, "insecure_direct": 76.313409544088941, "rmse_direct": 6.48101953603285, "insecure_fh": 76.597554213873579, "rmse_fh": 5.7734172133687274, "gain_rmse": 0.7076023226641226, "gain_pct": 10.918071126464445, "deplacement": 0.28414466978463793, "lc_13_urbain_adm2": 0.35615185683572798, "lc_8_savane_boisee_adm2": 0.098866834488307395, "statut": "Estimee (direct + Fay-Herriot)" }, "geometry": { "type": "Polygon", "coordinates": [ [ [ 2.1339, 7.56079 ], [ 2.1211, 7.56526 ], [ 2.09276, 7.5571 ], [ 2.08287, 7.56278 ], [ 2.04712, 7.55873 ], [ 2.01402, 7.57789 ], [ 2.00183, 7.57626 ], [ 1.98665, 7.58036 ], [ 1.97965, 7.59471 ], [ 1.96629, 7.5996 ], [ 1.96852, 7.61174 ], [ 1.9594, 7.62349 ], [ 1.93997, 7.64119 ], [ 1.91475, 7.64916 ], [ 1.88414, 7.64697 ], [ 1.8621, 7.65516 ], [ 1.73863, 7.64181 ], [ 1.63145, 7.66111 ], [ 1.63741, 7.64042 ], [ 1.65051, 7.61399 ], [ 1.64837, 7.56757 ], [ 1.65293, 7.53402 ], [ 1.65982, 7.52068 ], [ 1.66834, 7.51769 ], [ 1.67592, 7.50481 ], [ 1.67568, 7.4947 ], [ 1.69748, 7.44336 ], [ 1.71314, 7.43498 ], [ 1.72461, 7.40311 ], [ 1.72496, 7.38814 ], [ 1.73626, 7.37456 ], [ 1.7376, 7.36111 ], [ 1.74714, 7.34062 ], [ 1.74715, 7.31015 ], [ 1.75711, 7.31071 ], [ 1.77125, 7.2932 ], [ 1.77897, 7.29143 ], [ 1.78108, 7.28393 ], [ 1.79604, 7.27568 ], [ 1.80506, 7.25742 ], [ 1.80887, 7.23299 ], [ 1.81571, 7.22777 ], [ 1.8171, 7.21778 ], [ 1.83201, 7.20594 ], [ 1.83163, 7.1993 ], [ 1.83538, 7.19553 ], [ 1.85251, 7.19571 ], [ 1.84789, 7.19107 ], [ 1.85544, 7.16636 ], [ 1.85586, 7.14437 ], [ 1.864, 7.14594 ], [ 1.88061, 7.15927 ], [ 1.90152, 7.16271 ], [ 1.91403, 7.20183 ], [ 1.91162, 7.20753 ], [ 1.8869, 7.23016 ], [ 1.8859, 7.23861 ], [ 1.89023, 7.2423 ], [ 1.93295, 7.24376 ], [ 1.93982, 7.24007 ], [ 1.98573, 7.23181 ], [ 2.00897, 7.23383 ], [ 2.03408, 7.21894 ], [ 2.04561, 7.22403 ], [ 2.05039, 7.23019 ], [ 2.06955, 7.26852 ], [ 2.09169, 7.27729 ], [ 2.0977, 7.28232 ], [ 2.10601, 7.29381 ], [ 2.11201, 7.30769 ], [ 2.11514, 7.32494 ], [ 2.12232, 7.33451 ], [ 2.14511, 7.33224 ], [ 2.17574, 7.33732 ], [ 2.20589, 7.33673 ], [ 2.22103, 7.34218 ], [ 2.23828, 7.33873 ], [ 2.22289, 7.38766 ], [ 2.22847, 7.40086 ], [ 2.21431, 7.42818 ], [ 2.19738, 7.4348 ], [ 2.19634, 7.43952 ], [ 2.20427, 7.44216 ], [ 2.2013, 7.4891 ], [ 2.19643, 7.49761 ], [ 2.18645, 7.5062 ], [ 2.19247, 7.51122 ], [ 2.1909, 7.51885 ], [ 2.17346, 7.53904 ], [ 2.15749, 7.54411 ], [ 2.14861, 7.54286 ], [ 2.1339, 7.56079 ] ] ] } },
{ "type": "Feature", "properties": { "admin2Pcod": "BJ1206", "adm2_name": "Ouinhi", "n_menages": 48, "n_grappes": 4, "insecure_direct": 60.103321744683882, "rmse_direct": 11.284991967976151, "insecure_fh": 67.920155007745265, "rmse_fh": 8.4034646273305107, "gain_rmse": 2.8815273406456399, "gain_pct": 25.53415499827257, "deplacement": 7.8168332630613833, "lc_13_urbain_adm2": 0.3346787207980626, "lc_8_savane_boisee_adm2": 0.084151116798808101, "statut": "Estimee (direct + Fay-Herriot)" }, "geometry": { "type": "Polygon", "coordinates": [ [ [ 2.51821, 7.17067 ], [ 2.51224, 7.18028 ], [ 2.50222, 7.18556 ], [ 2.49143, 7.18545 ], [ 2.46877, 7.19673 ], [ 2.44558, 7.1989 ], [ 2.42715, 7.18645 ], [ 2.4213, 7.17312 ], [ 2.41047, 7.15974 ], [ 2.41188, 7.15224 ], [ 2.41908, 7.14356 ], [ 2.41628, 7.1306 ], [ 2.4184, 7.1242 ], [ 2.42793, 7.1134 ], [ 2.42435, 7.10543 ], [ 2.40928, 7.10442 ], [ 2.40877, 7.09806 ], [ 2.41255, 7.09123 ], [ 2.42847, 7.0831 ], [ 2.42692, 7.07122 ], [ 2.43314, 7.06116 ], [ 2.42986, 7.05402 ], [ 2.40914, 7.05517 ], [ 2.4062, 7.04332 ], [ 2.40982, 7.00495 ], [ 2.40388, 6.99691 ], [ 2.40097, 6.97578 ], [ 2.41322, 6.97062 ], [ 2.40526, 6.96382 ], [ 2.40378, 6.95679 ], [ 2.43871, 6.95566 ], [ 2.50784, 6.9607 ], [ 2.53443, 6.98882 ], [ 2.5541, 6.99891 ], [ 2.55559, 7.03324 ], [ 2.55193, 7.05643 ], [ 2.53598, 7.092 ], [ 2.53692, 7.09863 ], [ 2.52943, 7.13448 ], [ 2.51821, 7.17067 ] ] ] } },
{ "type": "Feature", "properties": { "admin2Pcod": "BJ1209", "adm2_name": "Zogbodomey", "n_menages": 72, "n_grappes": 6, "insecure_direct": 69.207517326990043, "rmse_direct": 8.0486588958143912, "insecure_fh": 73.544004080376666, "rmse_fh": 6.8054285167841373, "gain_rmse": 1.2432303790302539, "gain_pct": 15.446428965660118, "deplacement": 4.3364867533866231, "lc_13_urbain_adm2": 0.53715592342796015, "lc_8_savane_boisee_adm2": 0.046680425230980399, "statut": "Estimee (direct + Fay-Herriot)" }, "geometry": { "type": "Polygon", "coordinates": [ [ [ 2.20044, 7.12367 ], [ 2.12203, 7.12897 ], [ 2.08382, 7.12372 ], [ 2.0574, 7.1324 ], [ 2.04714, 7.11912 ], [ 2.03378, 7.09067 ], [ 2.01407, 7.02979 ], [ 1.9906, 7.00952 ], [ 1.96731, 6.99756 ], [ 1.97324, 6.97645 ], [ 1.98472, 6.96814 ], [ 1.9893, 6.94886 ], [ 1.99022, 6.92437 ], [ 2.00571, 6.91628 ], [ 2.03025, 6.91359 ], [ 2.04602, 6.91739 ], [ 2.0698, 6.93062 ], [ 2.25318, 6.93666 ], [ 2.31801, 6.96299 ], [ 2.33646, 6.93009 ], [ 2.36372, 6.95473 ], [ 2.39728, 6.9761 ], [ 2.40097, 6.97578 ], [ 2.40388, 6.99691 ], [ 2.39737, 7.01541 ], [ 2.3803, 7.02965 ], [ 2.36707, 7.05227 ], [ 2.36607, 7.06017 ], [ 2.35777, 7.06874 ], [ 2.31955, 7.09298 ], [ 2.31548, 7.09829 ], [ 2.31316, 7.1213 ], [ 2.29095, 7.12426 ], [ 2.20044, 7.12367 ] ] ] } },
{ "type": "Feature", "properties": { "admin2Pcod": "BJ1003", "adm2_name": "Aguegues", "n_menages": 118, "n_grappes": 10, "insecure_direct": 95.285489325970858, "rmse_direct": 2.2794149880394667, "insecure_fh": 94.469794944093707, "rmse_fh": 2.2445027277530913, "gain_rmse": 0.034912260286375396, "gain_pct": 1.5316324789284448, "deplacement": -0.81569438187715093, "lc_13_urbain_adm2": 0.1118854163491729, "lc_8_savane_boisee_adm2": 0.0316176078494107, "statut": "Estimee (direct + Fay-Herriot)" }, "geometry": { "type": "MultiPolygon", "coordinates": [ [ [ [ 2.5192, 6.46956 ], [ 2.5192, 6.47085 ], [ 2.51611, 6.47136 ], [ 2.5192, 6.46956 ] ] ], [ [ [ 2.50863, 6.47342 ], [ 2.51044, 6.47419 ], [ 2.51018, 6.47548 ], [ 2.50863, 6.47342 ] ] ], [ [ [ 2.49857, 6.48063 ], [ 2.49857, 6.48088 ], [ 2.49832, 6.48063 ], [ 2.49857, 6.48063 ] ] ], [ [ [ 2.54256, 6.43349 ], [ 2.54314, 6.42648 ], [ 2.59084, 6.45021 ], [ 2.58048, 6.49608 ], [ 2.56567, 6.5042 ], [ 2.52652, 6.54845 ], [ 2.50065, 6.51722 ], [ 2.4953, 6.49988 ], [ 2.49616, 6.48905 ], [ 2.50218, 6.48759 ], [ 2.50346, 6.49301 ], [ 2.50772, 6.48863 ], [ 2.50437, 6.48837 ], [ 2.50528, 6.48141 ], [ 2.49883, 6.48166 ], [ 2.49961, 6.47908 ], [ 2.50476, 6.48037 ], [ 2.49961, 6.47624 ], [ 2.50038, 6.47637 ], [ 2.50373, 6.47831 ], [ 2.50648, 6.48106 ], [ 2.5027, 6.47702 ], [ 2.49961, 6.4756 ], [ 2.49935, 6.47444 ], [ 2.50425, 6.47419 ], [ 2.50322, 6.47702 ], [ 2.50477, 6.4747 ], [ 2.51121, 6.47858 ], [ 2.51121, 6.47316 ], [ 2.5143, 6.47806 ], [ 2.51508, 6.47213 ], [ 2.51572, 6.47239 ], [ 2.51585, 6.47652 ], [ 2.51998, 6.46982 ], [ 2.5241, 6.47008 ], [ 2.52308, 6.46518 ], [ 2.52075, 6.46673 ], [ 2.52282, 6.46338 ], [ 2.52539, 6.46493 ], [ 2.52359, 6.46119 ], [ 2.52153, 6.46131 ], [ 2.52437, 6.45435 ], [ 2.52995, 6.45582 ], [ 2.52953, 6.4541 ], [ 2.52644, 6.45358 ], [ 2.53108, 6.45101 ], [ 2.54256, 6.43349 ] ] ], [ [ [ 2.50527, 6.48991 ], [ 2.50527, 6.48966 ], [ 2.50552, 6.48966 ], [ 2.50527, 6.48991 ] ] ] ] } },
{ "type": "Feature", "properties": { "admin2Pcod": "BJ0201", "adm2_name": "Boukoumbe", "n_menages": 72, "n_grappes": 6, "insecure_direct": 75.888646692340203, "rmse_direct": 6.8917614278719856, "insecure_fh": 73.968468734972134, "rmse_fh": 6.0742103039708821, "gain_rmse": 0.81755112390110352, "gain_pct": 11.862731066033785, "deplacement": -1.9201779573680682, "lc_13_urbain_adm2": 0.0, "lc_8_savane_boisee_adm2": 0.0, "statut": "Estimee (direct + Fay-Herriot)" }, "geometry": { "type": "Polygon", "coordinates": [ [ [ 1.20494, 10.40552 ], [ 1.2012, 10.44008 ], [ 1.15685, 10.41182 ], [ 1.0778, 10.43586 ], [ 1.00739, 10.42378 ], [ 0.96291, 10.32767 ], [ 0.90969, 10.28573 ], [ 1.04563, 10.18711 ], [ 1.13857, 10.12647 ], [ 1.3552, 10.0 ], [ 1.3798, 10.0003 ], [ 1.37083, 10.06427 ], [ 1.34779, 10.06564 ], [ 1.34239, 10.07509 ], [ 1.32984, 10.0782 ], [ 1.31724, 10.07605 ], [ 1.30232, 10.08084 ], [ 1.29205, 10.09309 ], [ 1.28784, 10.11462 ], [ 1.30862, 10.13339 ], [ 1.29722, 10.14302 ], [ 1.28802, 10.17358 ], [ 1.27077, 10.18837 ], [ 1.23323, 10.20006 ], [ 1.21887, 10.20748 ], [ 1.19865, 10.24378 ], [ 1.20001, 10.28941 ], [ 1.21155, 10.30435 ], [ 1.23036, 10.31787 ], [ 1.2319, 10.34381 ], [ 1.22034, 10.35246 ], [ 1.21842, 10.36093 ], [ 1.20364, 10.3689 ], [ 1.20494, 10.40552 ] ] ] } },
{ "type": "Feature", "properties": { "admin2Pcod": "BJ0209", "adm2_name": "Toukountouna", "n_menages": 36, "n_grappes": 3, "insecure_direct": 69.356414784063389, "rmse_direct": 6.0740917909445455, "insecure_fh": 68.976336846054892, "rmse_fh": 5.4912157021628438, "gain_rmse": 0.58287608878170172, "gain_pct": 9.5961027400124657, "deplacement": -0.38007793800849754, "lc_13_urbain_adm2": 0.0, "lc_8_savane_boisee_adm2": 0.0476229182996099, "statut": "Estimee (direct + Fay-Herriot)" }, "geometry": { "type": "Polygon", "coordinates": [ [ [ 1.64195, 10.44429 ], [ 1.64919, 10.48061 ], [ 1.64205, 10.52311 ], [ 1.62032, 10.58304 ], [ 1.63768, 10.67411 ], [ 1.55387, 10.73664 ], [ 1.2012, 10.44008 ], [ 1.20494, 10.40552 ], [ 1.30657, 10.39314 ], [ 1.35581, 10.3936 ], [ 1.39013, 10.40134 ], [ 1.40593, 10.3996 ], [ 1.41619, 10.40719 ], [ 1.42481, 10.42338 ], [ 1.43431, 10.42083 ], [ 1.43816, 10.40957 ], [ 1.43801, 10.38335 ], [ 1.44107, 10.38153 ], [ 1.44712, 10.36346 ], [ 1.4622, 10.35839 ], [ 1.48038, 10.35704 ], [ 1.49453, 10.36183 ], [ 1.50145, 10.37178 ], [ 1.49788, 10.40566 ], [ 1.50072, 10.41328 ], [ 1.51115, 10.42529 ], [ 1.5487, 10.43537 ], [ 1.64195, 10.44429 ] ] ] } },
{ "type": "Feature", "properties": { "admin2Pcod": "BJ0301", "adm2_name": "Abomey-calavi", "n_menages": 745, "n_grappes": 63, "insecure_direct": 69.905544723673614, "rmse_direct": 2.7895276165208873, "insecure_fh": 70.45249617848863, "rmse_fh": 2.7258905784682286, "gain_rmse": 0.063637038052658745, "gain_pct": 2.2812836723956571, "deplacement": 0.54695145481501584, "lc_13_urbain_adm2": 0.4547231800430272, "lc_8_savane_boisee_adm2": 0.058091568747852901, "statut": "Estimee (direct + Fay-Herriot)" }, "geometry": { "type": "MultiPolygon", "coordinates": [ [ [ [ 2.37668, 6.46425 ], [ 2.37694, 6.46167 ], [ 2.37771, 6.46502 ], [ 2.37591, 6.4658 ], [ 2.37385, 6.46321 ], [ 2.37668, 6.46425 ] ] ], [ [ [ 2.379, 6.46606 ], [ 2.37874, 6.46657 ], [ 2.37848, 6.46606 ], [ 2.379, 6.46606 ] ] ], [ [ [ 2.37848, 6.46554 ], [ 2.37797, 6.46709 ], [ 2.37977, 6.4667 ], [ 2.37796, 6.46773 ], [ 2.37642, 6.46657 ], [ 2.37848, 6.46554 ] ] ], [ [ [ 2.3759, 6.47147 ], [ 2.37539, 6.46966 ], [ 2.37745, 6.47005 ], [ 2.3759, 6.47147 ] ] ], [ [ [ 2.4154, 6.6334 ], [ 2.41107, 6.64024 ], [ 2.40697, 6.66187 ], [ 2.41088, 6.68547 ], [ 2.38299, 6.68379 ], [ 2.35438, 6.69997 ], [ 2.34105, 6.69394 ], [ 2.3314, 6.68467 ], [ 2.33395, 6.63982 ], [ 2.31747, 6.60493 ], [ 2.31297, 6.58867 ], [ 2.30593, 6.57826 ], [ 2.25312, 6.54968 ], [ 2.24407, 6.51302 ], [ 2.22368, 6.48399 ], [ 2.2212, 6.47393 ], [ 2.22241, 6.46285 ], [ 2.21874, 6.45584 ], [ 2.22279, 6.43975 ], [ 2.21789, 6.42391 ], [ 2.21045, 6.41489 ], [ 2.2088, 6.4044 ], [ 2.21694, 6.39516 ], [ 2.22385, 6.37625 ], [ 2.23791, 6.36527 ], [ 2.26516, 6.36267 ], [ 2.27027, 6.34393 ], [ 2.35915, 6.34922 ], [ 2.36477, 6.39627 ], [ 2.35925, 6.39883 ], [ 2.35713, 6.39689 ], [ 2.3513, 6.39966 ], [ 2.34444, 6.39845 ], [ 2.3426, 6.40252 ], [ 2.34841, 6.40585 ], [ 2.35092, 6.41366 ], [ 2.35095, 6.42991 ], [ 2.35467, 6.43127 ], [ 2.36245, 6.44505 ], [ 2.36665, 6.44568 ], [ 2.36868, 6.47507 ], [ 2.37228, 6.47791 ], [ 2.37293, 6.47636 ], [ 2.37126, 6.47455 ], [ 2.3777, 6.47559 ], [ 2.37435, 6.47121 ], [ 2.37513, 6.47095 ], [ 2.37641, 6.47379 ], [ 2.37796, 6.47405 ], [ 2.37874, 6.46863 ], [ 2.38106, 6.46761 ], [ 2.37977, 6.47018 ], [ 2.3848, 6.47065 ], [ 2.40023, 6.49697 ], [ 2.40407, 6.5142 ], [ 2.40343, 6.54754 ], [ 2.39584, 6.56729 ], [ 2.39686, 6.58083 ], [ 2.40223, 6.59016 ], [ 2.40208, 6.59943 ], [ 2.4154, 6.6334 ] ] ] ] } },
{ "type": "Feature", "properties": { "admin2Pcod": "BJ0305", "adm2_name": "So-ava", "n_menages": 70, "n_grappes": 6, "insecure_direct": 95.204001094682909, "rmse_direct": 2.9850208325676144, "insecure_fh": 93.991595778606339, "rmse_fh": 2.9073976004252184, "gain_rmse": 0.07762323214239597, "gain_pct": 2.6004251392653459, "deplacement": -1.2124053160765698, "lc_13_urbain_adm2": 0.19662144032014489, "lc_8_savane_boisee_adm2": 0.020487254633596099, "statut": "Estimee (direct + Fay-Herriot)" }, "geometry": { "type": "MultiPolygon", "coordinates": [ [ [ [ 2.39369, 6.46865 ], [ 2.39394, 6.46814 ], [ 2.39394, 6.46865 ], [ 2.39369, 6.46865 ] ] ], [ [ [ 2.42895, 6.50814 ], [ 2.42921, 6.50672 ], [ 2.42972, 6.5084 ], [ 2.42895, 6.50814 ] ] ], [ [ [ 2.49435, 6.49626 ], [ 2.49616, 6.48905 ], [ 2.4953, 6.49988 ], [ 2.50065, 6.51722 ], [ 2.47743, 6.52406 ], [ 2.4353, 6.54874 ], [ 2.4154, 6.6334 ], [ 2.40208, 6.59943 ], [ 2.40223, 6.59016 ], [ 2.39686, 6.58083 ], [ 2.39584, 6.56729 ], [ 2.40343, 6.54754 ], [ 2.40407, 6.5142 ], [ 2.40023, 6.49697 ], [ 2.38415, 6.46916 ], [ 2.38544, 6.4671 ], [ 2.38982, 6.46839 ], [ 2.3924, 6.46453 ], [ 2.3942, 6.47046 ], [ 2.39858, 6.46685 ], [ 2.40296, 6.47176 ], [ 2.40503, 6.46918 ], [ 2.41766, 6.46765 ], [ 2.41053, 6.46953 ], [ 2.41353, 6.47228 ], [ 2.41688, 6.471 ], [ 2.41661, 6.47796 ], [ 2.42073, 6.48415 ], [ 2.42382, 6.48416 ], [ 2.42227, 6.49137 ], [ 2.42548, 6.49782 ], [ 2.42457, 6.50452 ], [ 2.42844, 6.50092 ], [ 2.43231, 6.50195 ], [ 2.42779, 6.5071 ], [ 2.43088, 6.51536 ], [ 2.42765, 6.52257 ], [ 2.43126, 6.51665 ], [ 2.43128, 6.50427 ], [ 2.43513, 6.51111 ], [ 2.44519, 6.50712 ], [ 2.47898, 6.48177 ], [ 2.48156, 6.48448 ], [ 2.47821, 6.48473 ], [ 2.48388, 6.48809 ], [ 2.48232, 6.49324 ], [ 2.4867, 6.49686 ], [ 2.48748, 6.49144 ], [ 2.49677, 6.48526 ], [ 2.4938, 6.49068 ], [ 2.49435, 6.49626 ] ] ] ] } },
{ "type": "Feature", "properties": { "admin2Pcod": "BJ0307", "adm2_name": "Tori-bossito", "n_menages": 36, "n_grappes": 3, "insecure_direct": 95.680234042115757, "rmse_direct": 2.5503169069750418, "insecure_fh": 95.723085384602911, "rmse_fh": 2.5055297477201965, "gain_rmse": 0.044787159254845221, "gain_pct": 1.7561409381066979, "deplacement": 0.042851342487153943, "lc_13_urbain_adm2": 0.9594352802617816, "lc_8_savane_boisee_adm2": 0.0010194961175353, "statut": "Estimee (direct + Fay-Herriot)" }, "geometry": { "type": "Polygon", "coordinates": [ [ [ 2.25312, 6.54968 ], [ 2.23073, 6.58638 ], [ 2.20206, 6.6078 ], [ 2.19162, 6.6215 ], [ 2.11728, 6.61133 ], [ 2.10393, 6.61401 ], [ 2.08817, 6.61077 ], [ 2.04393, 6.58274 ], [ 2.02847, 6.58213 ], [ 2.01763, 6.58615 ], [ 2.03826, 6.5506 ], [ 2.04696, 6.54163 ], [ 2.07493, 6.49782 ], [ 2.08108, 6.48349 ], [ 2.09342, 6.48857 ], [ 2.10085, 6.48668 ], [ 2.10753, 6.48147 ], [ 2.11292, 6.47184 ], [ 2.12523, 6.4649 ], [ 2.15466, 6.46891 ], [ 2.16188, 6.46273 ], [ 2.1711, 6.44089 ], [ 2.17834, 6.43581 ], [ 2.21874, 6.45584 ], [ 2.22241, 6.46285 ], [ 2.2212, 6.47393 ], [ 2.22368, 6.48399 ], [ 2.24407, 6.51302 ], [ 2.25312, 6.54968 ] ] ] } },
{ "type": "Feature", "properties": { "admin2Pcod": "BJ0403", "adm2_name": "Ndali", "n_menages": 59, "n_grappes": 5, "insecure_direct": 53.414582571623583, "rmse_direct": 7.0593186099046665, "insecure_fh": 55.388560496571216, "rmse_fh": 6.203692684927967, "gain_rmse": 0.85562592497669954, "gain_pct": 12.120517181023715, "deplacement": 1.9739779249476328, "lc_13_urbain_adm2": 0.0057817205553915996, "lc_8_savane_boisee_adm2": 0.67177974792485062, "statut": "Estimee (direct + Fay-Herriot)" }, "geometry": { "type": "Polygon", "coordinates": [ [ [ 2.49586, 9.98738 ], [ 2.40682, 9.98588 ], [ 2.40508, 9.96369 ], [ 2.39402, 9.96212 ], [ 2.38698, 9.92442 ], [ 2.34677, 9.94348 ], [ 2.3347, 9.9544 ], [ 2.32142, 9.95368 ], [ 2.30274, 9.95854 ], [ 2.29454, 9.96471 ], [ 2.24075, 9.96471 ], [ 2.21255, 9.96964 ], [ 2.20158, 9.96042 ], [ 2.18791, 9.964 ], [ 2.15743, 9.97865 ], [ 2.12462, 9.9825 ], [ 2.11496, 9.97994 ], [ 2.09266, 9.9701 ], [ 2.09035, 9.96138 ], [ 2.0822, 9.95603 ], [ 2.09399, 9.92791 ], [ 2.09164, 9.89558 ], [ 2.05131, 9.8491 ], [ 2.05916, 9.83558 ], [ 2.06724, 9.83344 ], [ 2.07153, 9.82744 ], [ 2.06632, 9.82262 ], [ 2.0728, 9.81244 ], [ 2.07186, 9.79982 ], [ 2.08544, 9.78667 ], [ 2.08443, 9.76475 ], [ 2.0767, 9.75856 ], [ 2.09114, 9.74957 ], [ 2.09873, 9.71981 ], [ 2.1043, 9.71852 ], [ 2.11927, 9.7055 ], [ 2.12615, 9.7092 ], [ 2.1327, 9.7086 ], [ 2.13319, 9.71665 ], [ 2.13865, 9.71896 ], [ 2.15366, 9.70956 ], [ 2.17164, 9.70623 ], [ 2.17129, 9.69804 ], [ 2.15658, 9.69163 ], [ 2.15974, 9.68591 ], [ 2.17466, 9.68303 ], [ 2.18448, 9.67213 ], [ 2.19896, 9.66758 ], [ 2.19946, 9.6605 ], [ 2.19442, 9.65915 ], [ 2.18913, 9.64378 ], [ 2.19132, 9.63974 ], [ 2.19903, 9.64231 ], [ 2.20735, 9.63656 ], [ 2.22421, 9.63269 ], [ 2.23143, 9.61083 ], [ 2.24453, 9.60907 ], [ 2.24987, 9.59695 ], [ 2.25997, 9.58647 ], [ 2.26139, 9.57299 ], [ 2.27962, 9.56743 ], [ 2.27923, 9.55356 ], [ 2.28587, 9.5474 ], [ 2.29395, 9.53026 ], [ 2.30632, 9.52337 ], [ 2.32225, 9.52573 ], [ 2.40833, 9.50755 ], [ 2.47347, 9.48911 ], [ 2.49953, 9.46945 ], [ 2.53529, 9.45873 ], [ 2.5564, 9.4487 ], [ 2.5683, 9.45123 ], [ 2.61267, 9.43793 ], [ 2.61962, 9.43426 ], [ 2.64759, 9.39876 ], [ 2.67602, 9.38004 ], [ 2.69085, 9.38477 ], [ 2.74438, 9.42231 ], [ 2.76177, 9.42993 ], [ 2.76869, 9.42542 ], [ 2.78031, 9.46987 ], [ 2.79289, 9.49877 ], [ 2.80119, 9.50508 ], [ 2.79851, 9.51704 ], [ 2.80942, 9.53249 ], [ 2.76112, 9.6687 ], [ 2.75947, 9.68578 ], [ 2.76366, 9.69866 ], [ 2.75672, 9.71691 ], [ 2.76621, 9.75694 ], [ 2.76413, 9.77319 ], [ 2.77147, 9.78049 ], [ 2.76959, 9.78814 ], [ 2.78526, 9.8313 ], [ 2.79351, 9.87329 ], [ 2.76162, 9.91092 ], [ 2.76405, 9.91618 ], [ 2.72798, 9.90165 ], [ 2.68344, 9.90413 ], [ 2.67213, 9.91853 ], [ 2.65046, 9.91858 ], [ 2.63194, 9.92471 ], [ 2.61389, 9.93681 ], [ 2.60691, 9.93771 ], [ 2.60015, 9.94651 ], [ 2.49586, 9.98738 ] ] ] } },
{ "type": "Feature", "properties": { "admin2Pcod": "BJ0502", "adm2_name": "Dassa", "n_menages": 156, "n_grappes": 13, "insecure_direct": 62.604962518466024, "rmse_direct": 4.5174723621725494, "insecure_fh": 62.965750324912129, "rmse_fh": 4.2606358256819679, "gain_rmse": 0.25683653649058158, "gain_pct": 5.6854036040424907, "deplacement": 0.36078780644610475, "lc_13_urbain_adm2": 0.00096970956028199996, "lc_8_savane_boisee_adm2": 0.2311926801501189, "statut": "Estimee (direct + Fay-Herriot)" }, "geometry": { "type": "Polygon", "coordinates": [ [ [ 2.37425, 7.91415 ], [ 2.35727, 7.90706 ], [ 2.29706, 7.89725 ], [ 2.24837, 7.84594 ], [ 2.23163, 7.83357 ], [ 2.21054, 7.82956 ], [ 2.17772, 7.87455 ], [ 2.16138, 7.90426 ], [ 2.1488, 7.93771 ], [ 2.11892, 7.94487 ], [ 2.1135, 7.9106 ], [ 2.11588, 7.89821 ], [ 2.07773, 7.86111 ], [ 2.06693, 7.83103 ], [ 2.05485, 7.78152 ], [ 2.04273, 7.69644 ], [ 2.04638, 7.67181 ], [ 2.08207, 7.63806 ], [ 2.09344, 7.60991 ], [ 2.11014, 7.58909 ], [ 2.11675, 7.58653 ], [ 2.12455, 7.59148 ], [ 2.12938, 7.59033 ], [ 2.12592, 7.57507 ], [ 2.1339, 7.56079 ], [ 2.25387, 7.52953 ], [ 2.27256, 7.52013 ], [ 2.35042, 7.46735 ], [ 2.38453, 7.45244 ], [ 2.39889, 7.45028 ], [ 2.40551, 7.44277 ], [ 2.4064, 7.45633 ], [ 2.42073, 7.48839 ], [ 2.45434, 7.54965 ], [ 2.46598, 7.55849 ], [ 2.46554, 7.59451 ], [ 2.46203, 7.60979 ], [ 2.47042, 7.6425 ], [ 2.48714, 7.6856 ], [ 2.46006, 7.72559 ], [ 2.45801, 7.7427 ], [ 2.46107, 7.75795 ], [ 2.45266, 7.77623 ], [ 2.40137, 7.81292 ], [ 2.39494, 7.82089 ], [ 2.37955, 7.87562 ], [ 2.37425, 7.91415 ] ] ] } },
{ "type": "Feature", "properties": { "admin2Pcod": "BJ0602", "adm2_name": "Djakotome", "n_menages": 156, "n_grappes": 13, "insecure_direct": 93.179888495279556, "rmse_direct": 2.632832848854417, "insecure_fh": 92.474506734550047, "rmse_fh": 2.5788863105998701, "gain_rmse": 0.053946538254546983, "gain_pct": 2.0489921446407009, "deplacement": -0.70538176072950876, "lc_13_urbain_adm2": 0.33111621997183838, "lc_8_savane_boisee_adm2": 0.061851270913770899, "statut": "Estimee (direct + Fay-Herriot)" }, "geometry": { "type": "Polygon", "coordinates": [ [ [ 1.76042, 6.95548 ], [ 1.75043, 6.96238 ], [ 1.73187, 6.96553 ], [ 1.72914, 6.94729 ], [ 1.7052, 6.9238 ], [ 1.66893, 6.91807 ], [ 1.64519, 6.88835 ], [ 1.62224, 6.87606 ], [ 1.60669, 6.88347 ], [ 1.59727, 6.87473 ], [ 1.5945, 6.86898 ], [ 1.60142, 6.85289 ], [ 1.5996, 6.83013 ], [ 1.60397, 6.82714 ], [ 1.61317, 6.82876 ], [ 1.61479, 6.82508 ], [ 1.59846, 6.81219 ], [ 1.59662, 6.80644 ], [ 1.59893, 6.79978 ], [ 1.61066, 6.79818 ], [ 1.61274, 6.79243 ], [ 1.60791, 6.78162 ], [ 1.64706, 6.78506 ], [ 1.67488, 6.79176 ], [ 1.68782, 6.80099 ], [ 1.70023, 6.82212 ], [ 1.75851, 6.82648 ], [ 1.77002, 6.85288 ], [ 1.76723, 6.88292 ], [ 1.75978, 6.8945 ], [ 1.76255, 6.9058 ], [ 1.75408, 6.91311 ], [ 1.75184, 6.92088 ], [ 1.76944, 6.92701 ], [ 1.76042, 6.95548 ] ] ] } },
{ "type": "Feature", "properties": { "admin2Pcod": "BJ0603", "adm2_name": "Dogbo-tota", "n_menages": 96, "n_grappes": 8, "insecure_direct": 89.61371763659001, "rmse_direct": 5.051420529854771, "insecure_fh": 89.570100061013406, "rmse_fh": 4.7079347653168995, "gain_rmse": 0.3434857645378715, "gain_pct": 6.7997855753210619, "deplacement": -0.043617575576604395, "lc_13_urbain_adm2": 0.71612763624933384, "lc_8_savane_boisee_adm2": 0.010005652819602501, "statut": "Estimee (direct + Fay-Herriot)" }, "geometry": { "type": "Polygon", "coordinates": [ [ [ 1.77002, 6.85288 ], [ 1.75851, 6.82648 ], [ 1.70023, 6.82212 ], [ 1.68782, 6.80099 ], [ 1.67488, 6.79176 ], [ 1.64706, 6.78506 ], [ 1.60791, 6.78162 ], [ 1.60838, 6.77127 ], [ 1.6261, 6.76024 ], [ 1.61874, 6.75334 ], [ 1.6169, 6.7492 ], [ 1.62036, 6.74369 ], [ 1.61691, 6.74 ], [ 1.6084, 6.73655 ], [ 1.60012, 6.7262 ], [ 1.59253, 6.7255 ], [ 1.59155, 6.7129 ], [ 1.67624, 6.71292 ], [ 1.70346, 6.71699 ], [ 1.7161, 6.72361 ], [ 1.74173, 6.72203 ], [ 1.75212, 6.7248 ], [ 1.76327, 6.73405 ], [ 1.77814, 6.75418 ], [ 1.79491, 6.74885 ], [ 1.8399, 6.77135 ], [ 1.90234, 6.76706 ], [ 1.91964, 6.78149 ], [ 1.92112, 6.77856 ], [ 1.92383, 6.79637 ], [ 1.90689, 6.80946 ], [ 1.88031, 6.82364 ], [ 1.77002, 6.85288 ] ] ] } },
{ "type": "Feature", "properties": { "admin2Pcod": "BJ0703", "adm2_name": "Kopargo", "n_menages": 95, "n_grappes": 8, "insecure_direct": 70.128328125495869, "rmse_direct": 3.993618713903003, "insecure_fh": 69.915126860845902, "rmse_fh": 3.815978816898379, "gain_rmse": 0.17763989700462401, "gain_pct": 4.4480935645209554, "deplacement": -0.21320126464996747, "lc_13_urbain_adm2": 0.0, "lc_8_savane_boisee_adm2": 0.0, "statut": "Estimee (direct + Fay-Herriot)" }, "geometry": { "type": "Polygon", "coordinates": [ [ [ 1.46219, 9.72051 ], [ 1.48367, 9.73816 ], [ 1.49908, 9.74695 ], [ 1.5157, 9.74755 ], [ 1.53978, 9.73798 ], [ 1.56822, 9.70896 ], [ 1.57871, 9.73402 ], [ 1.58433, 9.75952 ], [ 1.62091, 9.78054 ], [ 1.66601, 9.80012 ], [ 1.68032, 9.80906 ], [ 1.69142, 9.81981 ], [ 1.69992, 9.836 ], [ 1.72822, 9.8497 ], [ 1.7371, 9.86019 ], [ 1.73656, 9.88282 ], [ 1.74165, 9.91138 ], [ 1.75289, 9.91963 ], [ 1.74786, 9.93992 ], [ 1.74986, 9.98654 ], [ 1.74728, 10.03665 ], [ 1.73534, 10.02701 ], [ 1.65538, 9.94034 ], [ 1.54404, 9.94083 ], [ 1.5294, 9.94619 ], [ 1.5047, 9.97338 ], [ 1.48877, 9.97125 ], [ 1.40098, 9.98711 ], [ 1.3798, 10.0003 ], [ 1.3552, 10.0 ], [ 1.36199, 9.82808 ], [ 1.38634, 9.82859 ], [ 1.4092, 9.82139 ], [ 1.43185, 9.7809 ], [ 1.44592, 9.73017 ], [ 1.46219, 9.72051 ] ] ] } },
{ "type": "Feature", "properties": { "admin2Pcod": "BJ0904", "adm2_name": "Grand-popo", "n_menages": 96, "n_grappes": 8, "insecure_direct": 85.735798321692982, "rmse_direct": 4.5869471603650593, "insecure_fh": 84.066079041213257, "rmse_fh": 4.3160081693834371, "gain_rmse": 0.27093899098162222, "gain_pct": 5.9067388724848344, "deplacement": -1.6697192804797254, "lc_13_urbain_adm2": 0.23614329307592219, "lc_8_savane_boisee_adm2": 0.28046798045795468, "statut": "Estimee (direct + Fay-Herriot)" }, "geometry": { "type": "MultiPolygon", "coordinates": [ [ [ [ 1.8642, 6.28963 ], [ 1.86266, 6.28937 ], [ 1.86292, 6.28872 ], [ 1.8642, 6.28963 ] ] ], [ [ [ 1.85493, 6.28767 ], [ 1.86059, 6.29091 ], [ 1.8557, 6.29129 ], [ 1.8521, 6.28754 ], [ 1.85493, 6.28767 ] ] ], [ [ [ 1.87296, 6.29068 ], [ 1.87038, 6.29029 ], [ 1.87116, 6.28951 ], [ 1.87296, 6.29068 ] ] ], [ [ [ 1.88198, 6.29121 ], [ 1.88429, 6.29083 ], [ 1.88455, 6.2907 ], [ 1.88429, 6.29173 ], [ 1.88198, 6.29121 ] ] ], [ [ [ 1.88481, 6.2907 ], [ 1.88661, 6.29058 ], [ 1.88661, 6.29251 ], [ 1.88481, 6.2907 ] ] ], [ [ [ 1.88816, 6.29226 ], [ 1.88893, 6.292 ], [ 1.88816, 6.29252 ], [ 1.88816, 6.29226 ] ] ], [ [ [ 1.89304, 6.29665 ], [ 1.89639, 6.29575 ], [ 1.89639, 6.29692 ], [ 1.89304, 6.29665 ] ] ], [ [ [ 1.90541, 6.2959 ], [ 1.90412, 6.29693 ], [ 1.90361, 6.29577 ], [ 1.90541, 6.2959 ] ] ], [ [ [ 1.90063, 6.29924 ], [ 1.90025, 6.30105 ], [ 1.8987, 6.29847 ], [ 1.90063, 6.29924 ] ] ], [ [ [ 1.89546, 6.3098 ], [ 1.89198, 6.31005 ], [ 1.89533, 6.30916 ], [ 1.89546, 6.3098 ] ] ], [ [ [ 1.901, 6.30852 ], [ 1.90435, 6.30905 ], [ 1.90641, 6.31111 ], [ 1.901, 6.30852 ] ] ], [ [ [ 1.89429, 6.31392 ], [ 1.89429, 6.31315 ], [ 1.89481, 6.31392 ], [ 1.89429, 6.31392 ] ] ], [ [ [ 1.9678, 6.30884 ], [ 1.97284, 6.31204 ], [ 1.97597, 6.31014 ], [ 1.97946, 6.31741 ], [ 1.96673, 6.32422 ], [ 1.95847, 6.33512 ], [ 1.96081, 6.34518 ], [ 1.93292, 6.3634 ], [ 1.91758, 6.36056 ], [ 1.84738, 6.36773 ], [ 1.83272, 6.37484 ], [ 1.81666, 6.47656 ], [ 1.7811, 6.47717 ], [ 1.77552, 6.46147 ], [ 1.75302, 6.45005 ], [ 1.75518, 6.43678 ], [ 1.77608, 6.41604 ], [ 1.77493, 6.41305 ], [ 1.76941, 6.41168 ], [ 1.76939, 6.39834 ], [ 1.77421, 6.39442 ], [ 1.77075, 6.39167 ], [ 1.77234, 6.3774 ], [ 1.78016, 6.37233 ], [ 1.78389, 6.36497 ], [ 1.78919, 6.35048 ], [ 1.78781, 6.34381 ], [ 1.78275, 6.33898 ], [ 1.79794, 6.31276 ], [ 1.79748, 6.30724 ], [ 1.78921, 6.30287 ], [ 1.79542, 6.29321 ], [ 1.80186, 6.29068 ], [ 1.80669, 6.28424 ], [ 1.79933, 6.28056 ], [ 1.7699, 6.28216 ], [ 1.76898, 6.2748 ], [ 1.76392, 6.27181 ], [ 1.74898, 6.27111 ], [ 1.73656, 6.26467 ], [ 1.70984, 6.25719 ], [ 1.6942, 6.25699 ], [ 1.68983, 6.25332 ], [ 1.6804, 6.25448 ], [ 1.6682, 6.2476 ], [ 1.64567, 6.24809 ], [ 1.62956, 6.24237 ], [ 1.62874, 6.23453 ], [ 1.77233, 6.26421 ], [ 1.81923, 6.27647 ], [ 1.91105, 6.29093 ], [ 1.91159, 6.29604 ], [ 1.90258, 6.2919 ], [ 1.89846, 6.2937 ], [ 1.88584, 6.28968 ], [ 1.88069, 6.29147 ], [ 1.87219, 6.28849 ], [ 1.85931, 6.28859 ], [ 1.85751, 6.28601 ], [ 1.86421, 6.28679 ], [ 1.86344, 6.28615 ], [ 1.84376, 6.28286 ], [ 1.84997, 6.28782 ], [ 1.84384, 6.29319 ], [ 1.849, 6.28998 ], [ 1.85696, 6.29192 ], [ 1.87244, 6.293 ], [ 1.87346, 6.29558 ], [ 1.86909, 6.29402 ], [ 1.86805, 6.29685 ], [ 1.87474, 6.30074 ], [ 1.87422, 6.30331 ], [ 1.89379, 6.30567 ], [ 1.88786, 6.30927 ], [ 1.89515, 6.31687 ], [ 1.92162, 6.31623 ], [ 1.9404, 6.31275 ], [ 1.94814, 6.30841 ], [ 1.96145, 6.31283 ], [ 1.9678, 6.30884 ] ] ], [ [ [ 1.92241, 6.29491 ], [ 1.91494, 6.29489 ], [ 1.91339, 6.29721 ], [ 1.91391, 6.2936 ], [ 1.92885, 6.29518 ], [ 1.92936, 6.29776 ], [ 1.92241, 6.29491 ] ] ], [ [ [ 1.91777, 6.29902 ], [ 1.91622, 6.29928 ], [ 1.91648, 6.29825 ], [ 1.91777, 6.29902 ] ] ], [ [ [ 1.9318, 6.29737 ], [ 1.93915, 6.29689 ], [ 1.97205, 6.30272 ], [ 1.9318, 6.29737 ] ] ], [ [ [ 1.92807, 6.30085 ], [ 1.91879, 6.30109 ], [ 1.92086, 6.29993 ], [ 1.92807, 6.30085 ] ] ], [ [ [ 1.90823, 6.30158 ], [ 1.90952, 6.30184 ], [ 1.90849, 6.30197 ], [ 1.90823, 6.30158 ] ] ], [ [ [ 1.90617, 6.30338 ], [ 1.90655, 6.30261 ], [ 1.90745, 6.30312 ], [ 1.90617, 6.30338 ] ] ], [ [ [ 1.94636, 6.30333 ], [ 1.94558, 6.30411 ], [ 1.94378, 6.30346 ], [ 1.94636, 6.30333 ] ] ], [ [ [ 1.97446, 6.30697 ], [ 1.96312, 6.30674 ], [ 1.96035, 6.30223 ], [ 1.97226, 6.30308 ], [ 1.97446, 6.30697 ] ] ], [ [ [ 1.93141, 6.30369 ], [ 1.93167, 6.30305 ], [ 1.93373, 6.30318 ], [ 1.93965, 6.305 ], [ 1.94223, 6.30371 ], [ 1.94815, 6.3054 ], [ 1.94583, 6.30707 ], [ 1.93141, 6.30369 ] ] ], [ [ [ 1.91466, 6.30598 ], [ 1.90874, 6.30622 ], [ 1.90951, 6.30777 ], [ 1.90809, 6.30622 ], [ 1.91466, 6.30598 ] ] ], [ [ [ 1.91311, 6.30971 ], [ 1.90976, 6.30803 ], [ 1.91646, 6.3083 ], [ 1.91311, 6.30971 ] ] ], [ [ [ 1.92651, 6.30819 ], [ 1.92611, 6.31141 ], [ 1.92238, 6.31218 ], [ 1.91685, 6.30701 ], [ 1.92651, 6.30819 ] ] ], [ [ [ 1.91258, 6.31474 ], [ 1.9113, 6.31344 ], [ 1.91336, 6.31371 ], [ 1.91258, 6.31474 ] ] ] ] } },
{ "type": "Feature", "properties": { "admin2Pcod": "BJ0101", "adm2_name": "Adjara", "n_menages": 250, "n_grappes": 21, "insecure_direct": 70.76982663019686, "rmse_direct": 4.8720333375707714, "insecure_fh": 70.426188709446265, "rmse_fh": 4.5579166187446338, "gain_rmse": 0.31411671882613756, "gain_pct": 6.4473433792790562, "deplacement": -0.34363792075059507, "lc_13_urbain_adm2": 0.012465359494631499, "lc_8_savane_boisee_adm2": 0.0029185283762044002, "statut": "Estimee (direct + Fay-Herriot)" }, "geometry": { "type": "Polygon", "coordinates": [ [ [ 2.69912, 6.51431 ], [ 2.66596, 6.54281 ], [ 2.65761, 6.53892 ], [ 2.64953, 6.52644 ], [ 2.63009, 6.51179 ], [ 2.65543, 6.48743 ], [ 2.6638, 6.45627 ], [ 2.65862, 6.4436 ], [ 2.67231, 6.43466 ], [ 2.68215, 6.43589 ], [ 2.70628, 6.42561 ], [ 2.71071, 6.4526 ], [ 2.71743, 6.47075 ], [ 2.72029, 6.50777 ], [ 2.69912, 6.51431 ] ] ] } },
{ "type": "Feature", "properties": { "admin2Pcod": "BJ1004", "adm2_name": "Akpro-misserete", "n_menages": 213, "n_grappes": 18, "insecure_direct": 90.747996414325044, "rmse_direct": 2.0534622577457236, "insecure_fh": 90.357138165551333, "rmse_fh": 2.0276814616303578, "gain_rmse": 0.025780796115365767, "gain_pct": 1.255479423501445, "deplacement": -0.39085824877371067, "lc_13_urbain_adm2": 0.38471337129374722, "lc_8_savane_boisee_adm2": 0.2970613120136022, "statut": "Estimee (direct + Fay-Herriot)" }, "geometry": { "type": "Polygon", "coordinates": [ [ [ 2.62878, 6.62526 ], [ 2.58291, 6.64607 ], [ 2.57276, 6.6429 ], [ 2.56418, 6.63375 ], [ 2.5619, 6.61023 ], [ 2.57203, 6.59512 ], [ 2.57589, 6.58536 ], [ 2.57589, 6.57608 ], [ 2.55844, 6.52884 ], [ 2.54925, 6.52511 ], [ 2.56567, 6.5042 ], [ 2.58048, 6.49608 ], [ 2.58677, 6.49986 ], [ 2.61014, 6.52775 ], [ 2.61835, 6.55768 ], [ 2.60397, 6.5762 ], [ 2.62878, 6.62526 ] ] ] } },
{ "type": "Feature", "properties": { "admin2Pcod": "BJ1008", "adm2_name": "Porto-novo", "n_menages": 285, "n_grappes": 24, "insecure_direct": 87.69909434968892, "rmse_direct": 2.3609806728809879, "insecure_fh": 87.121511210649814, "rmse_fh": 2.3220353551907609, "gain_rmse": 0.038945317690227022, "gain_pct": 1.6495398771182646, "deplacement": -0.57758313903910619, "lc_13_urbain_adm2": 0.14497895721299969, "lc_8_savane_boisee_adm2": 0.066046069769473997, "statut": "Estimee (direct + Fay-Herriot)" }, "geometry": { "type": "Polygon", "coordinates": [ [ [ 2.61014, 6.52775 ], [ 2.58677, 6.49986 ], [ 2.58048, 6.49608 ], [ 2.59084, 6.45021 ], [ 2.60947, 6.45698 ], [ 2.62346, 6.45856 ], [ 2.65862, 6.4436 ], [ 2.6638, 6.45627 ], [ 2.65543, 6.48743 ], [ 2.61014, 6.52775 ] ] ] } },
{ "type": "Feature", "properties": { "admin2Pcod": "BJ1009", "adm2_name": "Seme-kpodji", "n_menages": 488, "n_grappes": 41, "insecure_direct": 68.715379896808315, "rmse_direct": 3.1648812691036885, "insecure_fh": 69.028013728915965, "rmse_fh": 3.0725199133263725, "gain_rmse": 0.092361355777315968, "gain_pct": 2.9183197701275283, "deplacement": 0.31263383210765028, "lc_13_urbain_adm2": 0.20829355432490529, "lc_8_savane_boisee_adm2": 0.046043089296643497, "statut": "Estimee (direct + Fay-Herriot)" }, "geometry": { "type": "Polygon", "coordinates": [ [ [ 2.64545, 6.45004 ], [ 2.62346, 6.45856 ], [ 2.60947, 6.45698 ], [ 2.54314, 6.42648 ], [ 2.54528, 6.41751 ], [ 2.54837, 6.41957 ], [ 2.54941, 6.41184 ], [ 2.54271, 6.40874 ], [ 2.53928, 6.40238 ], [ 2.50792, 6.41141 ], [ 2.49478, 6.40792 ], [ 2.49453, 6.40096 ], [ 2.51115, 6.39685 ], [ 2.50253, 6.3846 ], [ 2.48888, 6.38433 ], [ 2.4698, 6.3923 ], [ 2.44525, 6.39614 ], [ 2.44227, 6.38806 ], [ 2.44283, 6.37878 ], [ 2.49415, 6.37126 ], [ 2.49788, 6.3601 ], [ 2.51132, 6.3596 ], [ 2.61182, 6.36432 ], [ 2.70938, 6.37568 ], [ 2.70628, 6.42561 ], [ 2.68215, 6.43589 ], [ 2.67231, 6.43466 ], [ 2.64545, 6.45004 ] ] ] } },
{ "type": "Feature", "properties": { "admin2Pcod": "BJ1101", "adm2_name": "Adja-ouere", "n_menages": 144, "n_grappes": 12, "insecure_direct": 72.948243344797376, "rmse_direct": 3.6265453416563518, "insecure_fh": 73.740415085980416, "rmse_fh": 3.491574561260038, "gain_rmse": 0.13497078039631383, "gain_pct": 3.7217452887179023, "deplacement": 0.79217174118304001, "lc_13_urbain_adm2": 0.5790969459728782, "lc_8_savane_boisee_adm2": 0.2520211038244638, "statut": "Estimee (direct + Fay-Herriot)" }, "geometry": { "type": "Polygon", "coordinates": [ [ [ 2.60107, 7.1838 ], [ 2.58768, 7.18636 ], [ 2.57006, 7.18359 ], [ 2.53742, 7.187 ], [ 2.51821, 7.17067 ], [ 2.52943, 7.13448 ], [ 2.53692, 7.09863 ], [ 2.53598, 7.092 ], [ 2.55193, 7.05643 ], [ 2.55559, 7.03324 ], [ 2.5541, 6.99891 ], [ 2.53443, 6.98882 ], [ 2.50784, 6.9607 ], [ 2.50214, 6.93973 ], [ 2.50689, 6.90683 ], [ 2.50578, 6.89715 ], [ 2.51904, 6.88573 ], [ 2.54924, 6.87931 ], [ 2.55441, 6.86427 ], [ 2.61028, 6.87115 ], [ 2.66244, 6.85247 ], [ 2.67703, 6.86553 ], [ 2.68456, 6.88689 ], [ 2.70056, 6.9016 ], [ 2.73813, 6.91514 ], [ 2.74787, 6.92829 ], [ 2.72694, 6.93042 ], [ 2.72004, 6.93481 ], [ 2.71889, 6.95333 ], [ 2.69756, 6.94958 ], [ 2.67294, 6.95066 ], [ 2.65409, 6.95774 ], [ 2.6406, 6.98995 ], [ 2.62816, 7.04458 ], [ 2.60907, 7.05471 ], [ 2.59386, 7.08349 ], [ 2.59234, 7.09265 ], [ 2.59968, 7.11082 ], [ 2.61951, 7.13974 ], [ 2.63122, 7.17225 ], [ 2.62811, 7.17756 ], [ 2.61615, 7.17428 ], [ 2.60107, 7.1838 ] ] ] } },
{ "type": "Feature", "properties": { "admin2Pcod": "BJ1207", "adm2_name": "Za-kpota", "n_menages": 84, "n_grappes": 7, "insecure_direct": 87.979021653723251, "rmse_direct": 2.2889665808943342, "insecure_fh": 87.379299861272713, "rmse_fh": 2.2538032357519757, "gain_rmse": 0.035163345142358526, "gain_pct": 1.5362105080896231, "deplacement": -0.59972179245053781, "lc_13_urbain_adm2": 0.080187915976144303, "lc_8_savane_boisee_adm2": 0.0086184232146965002, "statut": "Estimee (direct + Fay-Herriot)" }, "geometry": { "type": "Polygon", "coordinates": [ [ [ 2.23828, 7.33873 ], [ 2.22103, 7.34218 ], [ 2.20589, 7.33673 ], [ 2.17574, 7.33732 ], [ 2.14511, 7.33224 ], [ 2.12232, 7.33451 ], [ 2.11798, 7.33043 ], [ 2.10601, 7.29381 ], [ 2.0977, 7.28232 ], [ 2.08359, 7.27427 ], [ 2.10062, 7.20331 ], [ 2.11147, 7.1878 ], [ 2.13058, 7.19098 ], [ 2.14824, 7.19888 ], [ 2.16052, 7.1976 ], [ 2.17298, 7.18856 ], [ 2.17975, 7.15732 ], [ 2.19469, 7.13814 ], [ 2.20044, 7.12367 ], [ 2.29095, 7.12426 ], [ 2.31316, 7.1213 ], [ 2.30779, 7.14278 ], [ 2.29942, 7.15812 ], [ 2.29732, 7.17613 ], [ 2.28868, 7.19162 ], [ 2.28044, 7.21595 ], [ 2.27966, 7.23022 ], [ 2.26265, 7.24997 ], [ 2.26932, 7.26163 ], [ 2.25724, 7.27869 ], [ 2.25505, 7.29048 ], [ 2.25997, 7.29664 ], [ 2.25421, 7.31014 ], [ 2.24198, 7.32623 ], [ 2.23828, 7.33873 ] ] ] } },
{ "type": "Feature", "properties": { "admin2Pcod": "BJ1208", "adm2_name": "Zangnanado", "n_menages": 36, "n_grappes": 3, "insecure_direct": 54.240851029246073, "rmse_direct": 10.440655598689338, "insecure_fh": 58.732772749113799, "rmse_fh": 8.065094312940408, "gain_rmse": 2.3755612857489297, "gain_pct": 22.752989630719593, "deplacement": 4.4919217198677259, "lc_13_urbain_adm2": 0.0541694925828776, "lc_8_savane_boisee_adm2": 0.46020184582866719, "statut": "Estimee (direct + Fay-Herriot)" }, "geometry": { "type": "Polygon", "coordinates": [ [ [ 2.39889, 7.45028 ], [ 2.38453, 7.45244 ], [ 2.35042, 7.46735 ], [ 2.27256, 7.52013 ], [ 2.30544, 7.44576 ], [ 2.31506, 7.41047 ], [ 2.32806, 7.33018 ], [ 2.32021, 7.2924 ], [ 2.32235, 7.26692 ], [ 2.33414, 7.25926 ], [ 2.35624, 7.25768 ], [ 2.36457, 7.24981 ], [ 2.37031, 7.23492 ], [ 2.36506, 7.15518 ], [ 2.35839, 7.13301 ], [ 2.33461, 7.08321 ], [ 2.35777, 7.06874 ], [ 2.36607, 7.06017 ], [ 2.36707, 7.05227 ], [ 2.3803, 7.02965 ], [ 2.39737, 7.01541 ], [ 2.40388, 6.99691 ], [ 2.40982, 7.00495 ], [ 2.4062, 7.04332 ], [ 2.40914, 7.05517 ], [ 2.42986, 7.05402 ], [ 2.43314, 7.06116 ], [ 2.42692, 7.07122 ], [ 2.42847, 7.0831 ], [ 2.41255, 7.09123 ], [ 2.40877, 7.09806 ], [ 2.40928, 7.10442 ], [ 2.42435, 7.10543 ], [ 2.42793, 7.1134 ], [ 2.4184, 7.1242 ], [ 2.41628, 7.1306 ], [ 2.41908, 7.14356 ], [ 2.41188, 7.15224 ], [ 2.41047, 7.15974 ], [ 2.4213, 7.17312 ], [ 2.42715, 7.18645 ], [ 2.44558, 7.1989 ], [ 2.45651, 7.19913 ], [ 2.46877, 7.19673 ], [ 2.49143, 7.18545 ], [ 2.50222, 7.18556 ], [ 2.51224, 7.18028 ], [ 2.51821, 7.17067 ], [ 2.53714, 7.18673 ], [ 2.50213, 7.25279 ], [ 2.46722, 7.2885 ], [ 2.45308, 7.29758 ], [ 2.43975, 7.31399 ], [ 2.43486, 7.33885 ], [ 2.42526, 7.3638 ], [ 2.42492, 7.37779 ], [ 2.43067, 7.39239 ], [ 2.42735, 7.41086 ], [ 2.39889, 7.45028 ] ] ] } }
]
}
