NAME_1,date,annee,mois,t2m_c
Adamaoua,1940-01-01,1940,1,23.959
Adamaoua,1940-02-01,1940,2,24.931
Adamaoua,1940-03-01,1940,3,24.966
Adamaoua,1940-04-01,1940,4,23.35
Adamaoua,1940-05-01,1940,5,22.375
Adamaoua,1940-06-01,1940,6,21.579
Adamaoua,1940-07-01,1940,7,20.924
Adamaoua,1940-08-01,1940,8,21.021
Adamaoua,1940-09-01,1940,9,21.078
Adamaoua,1940-10-01,1940,10,21.453
Adamaoua,1940-11-01,1940,11,21.537
Adamaoua,1940-12-01,1940,12,23.372
Adamaoua,1941-01-01,1941,1,24.158
Adamaoua,1941-02-01,1941,2,25.291
Adamaoua,1941-03-01,1941,3,26.669
Adamaoua,1941-04-01,1941,4,25.236
Adamaoua,1941-05-01,1941,5,22.268
Adamaoua,1941-06-01,1941,6,21.834
Adamaoua,1941-07-01,1941,7,20.836
Adamaoua,1941-08-01,1941,8,21.174
Adamaoua,1941-09-01,1941,9,20.975
Adamaoua,1941-10-01,1941,10,21.928
Adamaoua,1941-11-01,1941,11,21.65
Adamaoua,1941-12-01,1941,12,22.54
Adamaoua,1942-01-01,1942,1,24.039
Adamaoua,1942-02-01,1942,2,25.013
Adamaoua,1942-03-01,1942,3,25.455
Adamaoua,1942-04-01,1942,4,23.128
Adamaoua,1942-05-01,1942,5,22.107
Adamaoua,1942-06-01,1942,6,21.283
Adamaoua,1942-07-01,1942,7,20.158
Adamaoua,1942-08-01,1942,8,20.443
Adamaoua,1942-09-01,1942,9,20.825
Adamaoua,1942-10-01,1942,10,21.709
Adamaoua,1942-11-01,1942,11,22.852
Adamaoua,1942-12-01,1942,12,22.967
Adamaoua,1943-01-01,1943,1,24.159
Adamaoua,1943-02-01,1943,2,25.346
Adamaoua,1943-03-01,1943,3,24.506
Adamaoua,1943-04-01,1943,4,23.947
Adamaoua,1943-05-01,1943,5,22.482
Adamaoua,1943-06-01,1943,6,21.673
Adamaoua,1943-07-01,1943,7,20.44
Adamaoua,1943-08-01,1943,8,20.514
Adamaoua,1943-09-01,1943,9,21.697
Adamaoua,1943-10-01,1943,10,22.951
Adamaoua,1943-11-01,1943,11,21.937
Adamaoua,1943-12-01,1943,12,23.541
Adamaoua,1944-01-01,1944,1,23.736
Adamaoua,1944-02-01,1944,2,25.021
Adamaoua,1944-03-01,1944,3,24.632
Adamaoua,1944-04-01,1944,4,23.01
Adamaoua,1944-05-01,1944,5,22.618
Adamaoua,1944-06-01,1944,6,21.567
Adamaoua,1944-07-01,1944,7,20.456
Adamaoua,1944-08-01,1944,8,20.688
Adamaoua,1944-09-01,1944,9,21.031
Adamaoua,1944-10-01,1944,10,21.775
Adamaoua,1944-11-01,1944,11,22.924
Adamaoua,1944-12-01,1944,12,23.735
Adamaoua,1945-01-01,1945,1,24.385
Adamaoua,1945-02-01,1945,2,23.773
Adamaoua,1945-03-01,1945,3,25.9
Adamaoua,1945-04-01,1945,4,25.192
Adamaoua,1945-05-01,1945,5,22.073
Adamaoua,1945-06-01,1945,6,21.468
Adamaoua,1945-07-01,1945,7,20.536
Adamaoua,1945-08-01,1945,8,20.586
Adamaoua,1945-09-01,1945,9,21.119
Adamaoua,1945-10-01,1945,10,21.512
Adamaoua,1945-11-01,1945,11,22.947
Adamaoua,1945-12-01,1945,12,23.058
Adamaoua,1946-01-01,1946,1,23.996
Adamaoua,1946-02-01,1946,2,25.933
Adamaoua,1946-03-01,1946,3,25.277
Adamaoua,1946-04-01,1946,4,24.248
Adamaoua,1946-05-01,1946,5,22.131
Adamaoua,1946-06-01,1946,6,20.891
Adamaoua,1946-07-01,1946,7,20.314
Adamaoua,1946-08-01,1946,8,20.215
Adamaoua,1946-09-01,1946,9,20.358
Adamaoua,1946-10-01,1946,10,20.605
Adamaoua,1946-11-01,1946,11,22.618
Adamaoua,1946-12-01,1946,12,23.814
Adamaoua,1947-01-01,1947,1,24.316
Adamaoua,1947-02-01,1947,2,25.576
Adamaoua,1947-03-01,1947,3,25.848
Adamaoua,1947-04-01,1947,4,24.854
Adamaoua,1947-05-01,1947,5,22.369
Adamaoua,1947-06-01,1947,6,21.043
Adamaoua,1947-07-01,1947,7,20.294
Adamaoua,1947-08-01,1947,8,20.453
Adamaoua,1947-09-01,1947,9,21.123
Adamaoua,1947-10-01,1947,10,21.593
Adamaoua,1947-11-01,1947,11,22.724
Adamaoua,1947-12-01,1947,12,23.45
Adamaoua,1948-01-01,1948,1,24.311
Adamaoua,1948-02-01,1948,2,24.705
Adamaoua,1948-03-01,1948,3,24.326
Adamaoua,1948-04-01,1948,4,23.111
Adamaoua,1948-05-01,1948,5,22.781
Adamaoua,1948-06-01,1948,6,21.668
Adamaoua,1948-07-01,1948,7,20.616
Adamaoua,1948-08-01,1948,8,20.436
Adamaoua,1948-09-01,1948,9,20.468
Adamaoua,1948-10-01,1948,10,21.337
Adamaoua,1948-11-01,1948,11,22.172
Adamaoua,1948-12-01,1948,12,23.293
Adamaoua,1949-01-01,1949,1,24.627
Adamaoua,1949-02-01,1949,2,24.788
Adamaoua,1949-03-01,1949,3,26.137
Adamaoua,1949-04-01,1949,4,24.653
Adamaoua,1949-05-01,1949,5,22.887
Adamaoua,1949-06-01,1949,6,21.737
Adamaoua,1949-07-01,1949,7,20.893
Adamaoua,1949-08-01,1949,8,20.653
Adamaoua,1949-09-01,1949,9,21.176
Adamaoua,1949-10-01,1949,10,21.577
Adamaoua,1949-11-01,1949,11,22.604
Adamaoua,1949-12-01,1949,12,22.654
Adamaoua,1950-01-01,1950,1,24.191
Adamaoua,1950-02-01,1950,2,24.468
Adamaoua,1950-03-01,1950,3,24.741
Adamaoua,1950-04-01,1950,4,23.839
Adamaoua,1950-05-01,1950,5,22.495
Adamaoua,1950-06-01,1950,6,21.479
Adamaoua,1950-07-01,1950,7,20.148
Adamaoua,1950-08-01,1950,8,19.965
Adamaoua,1950-09-01,1950,9,20.946
Adamaoua,1950-10-01,1950,10,21.259
Adamaoua,1950-11-01,1950,11,22.082
Adamaoua,1950-12-01,1950,12,23.401
Adamaoua,1951-01-01,1951,1,24.062
Adamaoua,1951-02-01,1951,2,23.892
Adamaoua,1951-03-01,1951,3,23.987
Adamaoua,1951-04-01,1951,4,23.709
Adamaoua,1951-05-01,1951,5,22.718
Adamaoua,1951-06-01,1951,6,21.564
Adamaoua,1951-07-01,1951,7,20.791
Adamaoua,1951-08-01,1951,8,20.783
Adamaoua,1951-09-01,1951,9,21.239
Adamaoua,1951-10-01,1951,10,21.488
Adamaoua,1951-11-01,1951,11,22.469
Adamaoua,1951-12-01,1951,12,22.775
Adamaoua,1952-01-01,1952,1,24.625
Adamaoua,1952-02-01,1952,2,24.512
Adamaoua,1952-03-01,1952,3,25.503
Adamaoua,1952-04-01,1952,4,23.912
Adamaoua,1952-05-01,1952,5,22.654
Adamaoua,1952-06-01,1952,6,21.658
Adamaoua,1952-07-01,1952,7,20.392
Adamaoua,1952-08-01,1952,8,20.858
Adamaoua,1952-09-01,1952,9,21.015
Adamaoua,1952-10-01,1952,10,21.261
Adamaoua,1952-11-01,1952,11,22.143
Adamaoua,1952-12-01,1952,12,23.791
Adamaoua,1953-01-01,1953,1,23.951
Adamaoua,1953-02-01,1953,2,25.326
Adamaoua,1953-03-01,1953,3,24.804
Adamaoua,1953-04-01,1953,4,24.644
Adamaoua,1953-05-01,1953,5,22.446
Adamaoua,1953-06-01,1953,6,21.307
Adamaoua,1953-07-01,1953,7,20.61
Adamaoua,1953-08-01,1953,8,20.707
Adamaoua,1953-09-01,1953,9,21.078
Adamaoua,1953-10-01,1953,10,21.538
Adamaoua,1953-11-01,1953,11,22.439
Adamaoua,1953-12-01,1953,12,22.68
Adamaoua,1954-01-01,1954,1,24.309
Adamaoua,1954-02-01,1954,2,25.312
Adamaoua,1954-03-01,1954,3,25.003
Adamaoua,1954-04-01,1954,4,23.477
Adamaoua,1954-05-01,1954,5,23.117
Adamaoua,1954-06-01,1954,6,21.156
Adamaoua,1954-07-01,1954,7,20.024
Adamaoua,1954-08-01,1954,8,20.428
Adamaoua,1954-09-01,1954,9,20.584
Adamaoua,1954-10-01,1954,10,21.042
Adamaoua,1954-11-01,1954,11,22.362
Adamaoua,1954-12-01,1954,12,23.142
Adamaoua,1955-01-01,1955,1,24.532
Adamaoua,1955-02-01,1955,2,25.32
Adamaoua,1955-03-01,1955,3,25.527
Adamaoua,1955-04-01,1955,4,23.881
Adamaoua,1955-05-01,1955,5,22.303
Adamaoua,1955-06-01,1955,6,20.92
Adamaoua,1955-07-01,1955,7,20.17
Adamaoua,1955-08-01,1955,8,20.399
Adamaoua,1955-09-01,1955,9,20.593
Adamaoua,1955-10-01,1955,10,21.264
Adamaoua,1955-11-01,1955,11,23.066
Adamaoua,1955-12-01,1955,12,23.326
Adamaoua,1956-01-01,1956,1,23.741
Adamaoua,1956-02-01,1956,2,25.324
Adamaoua,1956-03-01,1956,3,23.79
Adamaoua,1956-04-01,1956,4,23.553
Adamaoua,1956-05-01,1956,5,23.088
Adamaoua,1956-06-01,1956,6,21.214
Adamaoua,1956-07-01,1956,7,19.973
Adamaoua,1956-08-01,1956,8,20.46
Adamaoua,1956-09-01,1956,9,20.528
Adamaoua,1956-10-01,1956,10,21.401
Adamaoua,1956-11-01,1956,11,22.538
Adamaoua,1956-12-01,1956,12,22.811
Adamaoua,1957-01-01,1957,1,23.137
Adamaoua,1957-02-01,1957,2,23.798
Adamaoua,1957-03-01,1957,3,25.848
Adamaoua,1957-04-01,1957,4,23.499
Adamaoua,1957-05-01,1957,5,22.629
Adamaoua,1957-06-01,1957,6,21.463
Adamaoua,1957-07-01,1957,7,20.8
Adamaoua,1957-08-01,1957,8,20.738
Adamaoua,1957-09-01,1957,9,21.239
Adamaoua,1957-10-01,1957,10,21.376
Adamaoua,1957-11-01,1957,11,22.821
Adamaoua,1957-12-01,1957,12,23.429
Adamaoua,1958-01-01,1958,1,25.296
Adamaoua,1958-02-01,1958,2,25.402
Adamaoua,1958-03-01,1958,3,27.316
Adamaoua,1958-04-01,1958,4,24.123
Adamaoua,1958-05-01,1958,5,22.641
Adamaoua,1958-06-01,1958,6,21.214
Adamaoua,1958-07-01,1958,7,20.375
Adamaoua,1958-08-01,1958,8,20.257
Adamaoua,1958-09-01,1958,9,20.71
Adamaoua,1958-10-01,1958,10,21.724
Adamaoua,1958-11-01,1958,11,22.941
Adamaoua,1958-12-01,1958,12,24.088
Adamaoua,1959-01-01,1959,1,24.677
Adamaoua,1959-02-01,1959,2,25.402
Adamaoua,1959-03-01,1959,3,26.281
Adamaoua,1959-04-01,1959,4,24.869
Adamaoua,1959-05-01,1959,5,23.023
Adamaoua,1959-06-01,1959,6,21.955
Adamaoua,1959-07-01,1959,7,20.817
Adamaoua,1959-08-01,1959,8,20.497
Adamaoua,1959-09-01,1959,9,20.822
Adamaoua,1959-10-01,1959,10,22.457
Adamaoua,1959-11-01,1959,11,23.453
Adamaoua,1959-12-01,1959,12,23.735
Adamaoua,1960-01-01,1960,1,24.471
Adamaoua,1960-02-01,1960,2,25.242
Adamaoua,1960-03-01,1960,3,26.365
Adamaoua,1960-04-01,1960,4,24.271
Adamaoua,1960-05-01,1960,5,22.981
Adamaoua,1960-06-01,1960,6,21.751
Adamaoua,1960-07-01,1960,7,20.677
Adamaoua,1960-08-01,1960,8,20.822
Adamaoua,1960-09-01,1960,9,20.841
Adamaoua,1960-10-01,1960,10,21.76
Adamaoua,1960-11-01,1960,11,22.725
Adamaoua,1960-12-01,1960,12,24.043
Adamaoua,1961-01-01,1961,1,24.128
Adamaoua,1961-02-01,1961,2,24.282
Adamaoua,1961-03-01,1961,3,26.38
Adamaoua,1961-04-01,1961,4,24.021
Adamaoua,1961-05-01,1961,5,22.988
Adamaoua,1961-06-01,1961,6,21.531
Adamaoua,1961-07-01,1961,7,20.473
Adamaoua,1961-08-01,1961,8,20.423
Adamaoua,1961-09-01,1961,9,20.49
Adamaoua,1961-10-01,1961,10,21.911
Adamaoua,1961-11-01,1961,11,22.751
Adamaoua,1961-12-01,1961,12,22.79
Adamaoua,1962-01-01,1962,1,23.151
Adamaoua,1962-02-01,1962,2,25.29
Adamaoua,1962-03-01,1962,3,25.301
Adamaoua,1962-04-01,1962,4,23.577
Adamaoua,1962-05-01,1962,5,22.715
Adamaoua,1962-06-01,1962,6,21.052
Adamaoua,1962-07-01,1962,7,21.164
Adamaoua,1962-08-01,1962,8,20.49
Adamaoua,1962-09-01,1962,9,20.595
Adamaoua,1962-10-01,1962,10,21.546
Adamaoua,1962-11-01,1962,11,22.659
Adamaoua,1962-12-01,1962,12,23.363
Adamaoua,1963-01-01,1963,1,23.631
Adamaoua,1963-02-01,1963,2,25.729
Adamaoua,1963-03-01,1963,3,26.279
Adamaoua,1963-04-01,1963,4,24.205
Adamaoua,1963-05-01,1963,5,22.962
Adamaoua,1963-06-01,1963,6,22.056
Adamaoua,1963-07-01,1963,7,21.08
Adamaoua,1963-08-01,1963,8,21.105
Adamaoua,1963-09-01,1963,9,21.529
Adamaoua,1963-10-01,1963,10,22.028
Adamaoua,1963-11-01,1963,11,22.826
Adamaoua,1963-12-01,1963,12,23.417
Adamaoua,1964-01-01,1964,1,24.463
Adamaoua,1964-02-01,1964,2,24.883
Adamaoua,1964-03-01,1964,3,26.602
Adamaoua,1964-04-01,1964,4,25.712
Adamaoua,1964-05-01,1964,5,25.594
Adamaoua,1964-06-01,1964,6,23.093
Adamaoua,1964-07-01,1964,7,21.208
Adamaoua,1964-08-01,1964,8,20.52
Adamaoua,1964-09-01,1964,9,20.771
Adamaoua,1964-10-01,1964,10,22.183
Adamaoua,1964-11-01,1964,11,22.73
Adamaoua,1964-12-01,1964,12,23.21
Adamaoua,1965-01-01,1965,1,23.591
Adamaoua,1965-02-01,1965,2,24.748
Adamaoua,1965-03-01,1965,3,24.988
Adamaoua,1965-04-01,1965,4,25.007
Adamaoua,1965-05-01,1965,5,25.407
Adamaoua,1965-06-01,1965,6,21.851
Adamaoua,1965-07-01,1965,7,21.152
Adamaoua,1965-08-01,1965,8,21.229
Adamaoua,1965-09-01,1965,9,21.315
Adamaoua,1965-10-01,1965,10,22.337
Adamaoua,1965-11-01,1965,11,23.065
Adamaoua,1965-12-01,1965,12,22.955
Adamaoua,1966-01-01,1966,1,24.106
Adamaoua,1966-02-01,1966,2,24.426
Adamaoua,1966-03-01,1966,3,26.658
Adamaoua,1966-04-01,1966,4,25.296
Adamaoua,1966-05-01,1966,5,24.117
Adamaoua,1966-06-01,1966,6,22.697
Adamaoua,1966-07-01,1966,7,21.803
Adamaoua,1966-08-01,1966,8,21.259
Adamaoua,1966-09-01,1966,9,21.202
Adamaoua,1966-10-01,1966,10,22.064
Adamaoua,1966-11-01,1966,11,23.078
Adamaoua,1966-12-01,1966,12,23.395
Adamaoua,1967-01-01,1967,1,21.689
Adamaoua,1967-02-01,1967,2,23.954
Adamaoua,1967-03-01,1967,3,24.582
Adamaoua,1967-04-01,1967,4,24.398
Adamaoua,1967-05-01,1967,5,22.652
Adamaoua,1967-06-01,1967,6,21.094
Adamaoua,1967-07-01,1967,7,20.653
Adamaoua,1967-08-01,1967,8,20.347
Adamaoua,1967-09-01,1967,9,20.565
Adamaoua,1967-10-01,1967,10,21.422
Adamaoua,1967-11-01,1967,11,22.289
Adamaoua,1967-12-01,1967,12,23.173
Adamaoua,1968-01-01,1968,1,22.762
Adamaoua,1968-02-01,1968,2,23.973
Adamaoua,1968-03-01,1968,3,24.369
Adamaoua,1968-04-01,1968,4,23.703
Adamaoua,1968-05-01,1968,5,22.327
Adamaoua,1968-06-01,1968,6,21.191
Adamaoua,1968-07-01,1968,7,20.619
Adamaoua,1968-08-01,1968,8,20.938
Adamaoua,1968-09-01,1968,9,21.066
Adamaoua,1968-10-01,1968,10,22.15
Adamaoua,1968-11-01,1968,11,22.784
Adamaoua,1968-12-01,1968,12,23.299
Adamaoua,1969-01-01,1969,1,22.96
Adamaoua,1969-02-01,1969,2,24.994
Adamaoua,1969-03-01,1969,3,24.053
Adamaoua,1969-04-01,1969,4,23.911
Adamaoua,1969-05-01,1969,5,22.894
Adamaoua,1969-06-01,1969,6,21.719
Adamaoua,1969-07-01,1969,7,20.883
Adamaoua,1969-08-01,1969,8,20.677
Adamaoua,1969-09-01,1969,9,20.939
Adamaoua,1969-10-01,1969,10,21.435
Adamaoua,1969-11-01,1969,11,22.018
Adamaoua,1969-12-01,1969,12,22.887
Adamaoua,1970-01-01,1970,1,23.025
Adamaoua,1970-02-01,1970,2,24.708
Adamaoua,1970-03-01,1970,3,25.161
Adamaoua,1970-04-01,1970,4,23.874
Adamaoua,1970-05-01,1970,5,22.485
Adamaoua,1970-06-01,1970,6,21.47
Adamaoua,1970-07-01,1970,7,20.552
Adamaoua,1970-08-01,1970,8,20.378
Adamaoua,1970-09-01,1970,9,20.617
Adamaoua,1970-10-01,1970,10,21.692
Adamaoua,1970-11-01,1970,11,23.041
Adamaoua,1970-12-01,1970,12,22.43
Adamaoua,1971-01-01,1971,1,22.486
Adamaoua,1971-02-01,1971,2,24.131
Adamaoua,1971-03-01,1971,3,24.571
Adamaoua,1971-04-01,1971,4,23.227
Adamaoua,1971-05-01,1971,5,22.794
Adamaoua,1971-06-01,1971,6,21.273
Adamaoua,1971-07-01,1971,7,20.367
Adamaoua,1971-08-01,1971,8,20.18
Adamaoua,1971-09-01,1971,9,20.619
Adamaoua,1971-10-01,1971,10,21.725
Adamaoua,1971-11-01,1971,11,22.87
Adamaoua,1971-12-01,1971,12,21.766
Adamaoua,1972-01-01,1972,1,23.405
Adamaoua,1972-02-01,1972,2,24.404
Adamaoua,1972-03-01,1972,3,24.192
Adamaoua,1972-04-01,1972,4,23.055
Adamaoua,1972-05-01,1972,5,22.487
Adamaoua,1972-06-01,1972,6,21.222
Adamaoua,1972-07-01,1972,7,21.182
Adamaoua,1972-08-01,1972,8,20.71
Adamaoua,1972-09-01,1972,9,21.287
Adamaoua,1972-10-01,1972,10,21.941
Adamaoua,1972-11-01,1972,11,23.08
Adamaoua,1972-12-01,1972,12,24.151
Adamaoua,1973-01-01,1973,1,24.522
Adamaoua,1973-02-01,1973,2,26.026
Adamaoua,1973-03-01,1973,3,25.456
Adamaoua,1973-04-01,1973,4,24.208
Adamaoua,1973-05-01,1973,5,22.448
Adamaoua,1973-06-01,1973,6,22.123
Adamaoua,1973-07-01,1973,7,21.011
Adamaoua,1973-08-01,1973,8,20.756
Adamaoua,1973-09-01,1973,9,21.112
Adamaoua,1973-10-01,1973,10,21.86
Adamaoua,1973-11-01,1973,11,22.383
Adamaoua,1973-12-01,1973,12,22.703
Adamaoua,1974-01-01,1974,1,22.407
Adamaoua,1974-02-01,1974,2,24.261
Adamaoua,1974-03-01,1974,3,24.635
Adamaoua,1974-04-01,1974,4,22.915
Adamaoua,1974-05-01,1974,5,21.904
Adamaoua,1974-06-01,1974,6,21.359
Adamaoua,1974-07-01,1974,7,20.129
Adamaoua,1974-08-01,1974,8,20.74
Adamaoua,1974-09-01,1974,9,20.352
Adamaoua,1974-10-01,1974,10,21.446
Adamaoua,1974-11-01,1974,11,22.537
Adamaoua,1974-12-01,1974,12,21.943
Adamaoua,1975-01-01,1975,1,22.412
Adamaoua,1975-02-01,1975,2,24.544
Adamaoua,1975-03-01,1975,3,25.18
Adamaoua,1975-04-01,1975,4,23.394
Adamaoua,1975-05-01,1975,5,22.41
Adamaoua,1975-06-01,1975,6,21.424
Adamaoua,1975-07-01,1975,7,20.21
Adamaoua,1975-08-01,1975,8,20.215
Adamaoua,1975-09-01,1975,9,20.218
Adamaoua,1975-10-01,1975,10,21.226
Adamaoua,1975-11-01,1975,11,22.485
Adamaoua,1975-12-01,1975,12,21.661
Adamaoua,1976-01-01,1976,1,22.95
Adamaoua,1976-02-01,1976,2,24.092
Adamaoua,1976-03-01,1976,3,24.366
Adamaoua,1976-04-01,1976,4,23.261
Adamaoua,1976-05-01,1976,5,22.424
Adamaoua,1976-06-01,1976,6,20.998
Adamaoua,1976-07-01,1976,7,20.285
Adamaoua,1976-08-01,1976,8,20.427
Adamaoua,1976-09-01,1976,9,21.165
Adamaoua,1976-10-01,1976,10,21.546
Adamaoua,1976-11-01,1976,11,21.662
Adamaoua,1976-12-01,1976,12,22.861
Adamaoua,1977-01-01,1977,1,23.447
Adamaoua,1977-02-01,1977,2,24.312
Adamaoua,1977-03-01,1977,3,25.733
Adamaoua,1977-04-01,1977,4,25.269
Adamaoua,1977-05-01,1977,5,22.857
Adamaoua,1977-06-01,1977,6,21.543
Adamaoua,1977-07-01,1977,7,20.893
Adamaoua,1977-08-01,1977,8,20.955
Adamaoua,1977-09-01,1977,9,21.405
Adamaoua,1977-10-01,1977,10,21.969
Adamaoua,1977-11-01,1977,11,23.252
Adamaoua,1977-12-01,1977,12,22.551
Adamaoua,1978-01-01,1978,1,23.085
Adamaoua,1978-02-01,1978,2,25.609
Adamaoua,1978-03-01,1978,3,25.14
Adamaoua,1978-04-01,1978,4,23.172
Adamaoua,1978-05-01,1978,5,22.47
Adamaoua,1978-06-01,1978,6,21.396
Adamaoua,1978-07-01,1978,7,20.591
Adamaoua,1978-08-01,1978,8,20.872
Adamaoua,1978-09-01,1978,9,20.915
Adamaoua,1978-10-01,1978,10,21.611
Adamaoua,1978-11-01,1978,11,22.318
Adamaoua,1978-12-01,1978,12,22.799
Adamaoua,1979-01-01,1979,1,23.401
Adamaoua,1979-02-01,1979,2,24.669
Adamaoua,1979-03-01,1979,3,24.53
Adamaoua,1979-04-01,1979,4,23.544
Adamaoua,1979-05-01,1979,5,22.694
Adamaoua,1979-06-01,1979,6,21.662
Adamaoua,1979-07-01,1979,7,21.061
Adamaoua,1979-08-01,1979,8,21.192
Adamaoua,1979-09-01,1979,9,21.044
Adamaoua,1979-10-01,1979,10,21.777
Adamaoua,1979-11-01,1979,11,22.434
Adamaoua,1979-12-01,1979,12,22.159
Adamaoua,1980-01-01,1980,1,23.787
Adamaoua,1980-02-01,1980,2,25.083
Adamaoua,1980-03-01,1980,3,25.493
Adamaoua,1980-04-01,1980,4,24.336
Adamaoua,1980-05-01,1980,5,22.783
Adamaoua,1980-06-01,1980,6,21.881
Adamaoua,1980-07-01,1980,7,20.915
Adamaoua,1980-08-01,1980,8,21.055
Adamaoua,1980-09-01,1980,9,21.364
Adamaoua,1980-10-01,1980,10,21.68
Adamaoua,1980-11-01,1980,11,22.008
Adamaoua,1980-12-01,1980,12,22.036
Adamaoua,1981-01-01,1981,1,22.614
Adamaoua,1981-02-01,1981,2,24.498
Adamaoua,1981-03-01,1981,3,25.75
Adamaoua,1981-04-01,1981,4,24.716
Adamaoua,1981-05-01,1981,5,22.394
Adamaoua,1981-06-01,1981,6,21.772
Adamaoua,1981-07-01,1981,7,20.553
Adamaoua,1981-08-01,1981,8,20.653
Adamaoua,1981-09-01,1981,9,21.014
Adamaoua,1981-10-01,1981,10,21.631
Adamaoua,1981-11-01,1981,11,21.96
Adamaoua,1981-12-01,1981,12,22.971
Adamaoua,1982-01-01,1982,1,23.536
Adamaoua,1982-02-01,1982,2,24.038
Adamaoua,1982-03-01,1982,3,24.026
Adamaoua,1982-04-01,1982,4,23.681
Adamaoua,1982-05-01,1982,5,22.635
Adamaoua,1982-06-01,1982,6,21.791
Adamaoua,1982-07-01,1982,7,20.767
Adamaoua,1982-08-01,1982,8,20.672
Adamaoua,1982-09-01,1982,9,21.254
Adamaoua,1982-10-01,1982,10,21.254
Adamaoua,1982-11-01,1982,11,21.988
Adamaoua,1982-12-01,1982,12,22.697
Adamaoua,1983-01-01,1983,1,20.697
Adamaoua,1983-02-01,1983,2,24.95
Adamaoua,1983-03-01,1983,3,25.878
Adamaoua,1983-04-01,1983,4,25.814
Adamaoua,1983-05-01,1983,5,23.792
Adamaoua,1983-06-01,1983,6,21.991
Adamaoua,1983-07-01,1983,7,21.28
Adamaoua,1983-08-01,1983,8,21.111
Adamaoua,1983-09-01,1983,9,21.348
Adamaoua,1983-10-01,1983,10,22.176
Adamaoua,1983-11-01,1983,11,22.865
Adamaoua,1983-12-01,1983,12,22.846
Adamaoua,1984-01-01,1984,1,22.294
Adamaoua,1984-02-01,1984,2,25.05
Adamaoua,1984-03-01,1984,3,24.672
Adamaoua,1984-04-01,1984,4,23.333
Adamaoua,1984-05-01,1984,5,22.747
Adamaoua,1984-06-01,1984,6,21.802
Adamaoua,1984-07-01,1984,7,20.943
Adamaoua,1984-08-01,1984,8,21.314
Adamaoua,1984-09-01,1984,9,20.925
Adamaoua,1984-10-01,1984,10,21.855
Adamaoua,1984-11-01,1984,11,22.158
Adamaoua,1984-12-01,1984,12,22.095
Adamaoua,1985-01-01,1985,1,23.981
Adamaoua,1985-02-01,1985,2,23.467
Adamaoua,1985-03-01,1985,3,24.426
Adamaoua,1985-04-01,1985,4,23.386
Adamaoua,1985-05-01,1985,5,22.326
Adamaoua,1985-06-01,1985,6,21.396
Adamaoua,1985-07-01,1985,7,20.522
Adamaoua,1985-08-01,1985,8,20.55
Adamaoua,1985-09-01,1985,9,20.763
Adamaoua,1985-10-01,1985,10,21.782
Adamaoua,1985-11-01,1985,11,22.938
Adamaoua,1985-12-01,1985,12,22.697
Adamaoua,1986-01-01,1986,1,23.333
Adamaoua,1986-02-01,1986,2,25.436
Adamaoua,1986-03-01,1986,3,24.375
Adamaoua,1986-04-01,1986,4,24.189
Adamaoua,1986-05-01,1986,5,23.08
Adamaoua,1986-06-01,1986,6,21.825
Adamaoua,1986-07-01,1986,7,20.67
Adamaoua,1986-08-01,1986,8,21.172
Adamaoua,1986-09-01,1986,9,21.194
Adamaoua,1986-10-01,1986,10,21.904
Adamaoua,1986-11-01,1986,11,22.647
Adamaoua,1986-12-01,1986,12,22.013
Adamaoua,1987-01-01,1987,1,23.2
Adamaoua,1987-02-01,1987,2,25.533
Adamaoua,1987-03-01,1987,3,25.501
Adamaoua,1987-04-01,1987,4,25.023
Adamaoua,1987-05-01,1987,5,23.698
Adamaoua,1987-06-01,1987,6,22.234
Adamaoua,1987-07-01,1987,7,22.088
Adamaoua,1987-08-01,1987,8,21.347
Adamaoua,1987-09-01,1987,9,21.764
Adamaoua,1987-10-01,1987,10,22.452
Adamaoua,1987-11-01,1987,11,23.971
Adamaoua,1987-12-01,1987,12,24.156
Adamaoua,1988-01-01,1988,1,23.796
Adamaoua,1988-02-01,1988,2,25.474
Adamaoua,1988-03-01,1988,3,25.554
Adamaoua,1988-04-01,1988,4,24.27
Adamaoua,1988-05-01,1988,5,23.134
Adamaoua,1988-06-01,1988,6,21.787
Adamaoua,1988-07-01,1988,7,20.85
Adamaoua,1988-08-01,1988,8,21.069
Adamaoua,1988-09-01,1988,9,21.202
Adamaoua,1988-10-01,1988,10,22.249
Adamaoua,1988-11-01,1988,11,23.46
Adamaoua,1988-12-01,1988,12,23.156
Adamaoua,1989-01-01,1989,1,21.361
Adamaoua,1989-02-01,1989,2,23.039
Adamaoua,1989-03-01,1989,3,25.352
Adamaoua,1989-04-01,1989,4,24.766
Adamaoua,1989-05-01,1989,5,22.442
Adamaoua,1989-06-01,1989,6,21.808
Adamaoua,1989-07-01,1989,7,21.004
Adamaoua,1989-08-01,1989,8,20.782
Adamaoua,1989-09-01,1989,9,21.397
Adamaoua,1989-10-01,1989,10,21.81
Adamaoua,1989-11-01,1989,11,23.424
Adamaoua,1989-12-01,1989,12,23.064
Adamaoua,1990-01-01,1990,1,24.081
Adamaoua,1990-02-01,1990,2,24.342
Adamaoua,1990-03-01,1990,3,25.711
Adamaoua,1990-04-01,1990,4,25.046
Adamaoua,1990-05-01,1990,5,22.797
Adamaoua,1990-06-01,1990,6,22.303
Adamaoua,1990-07-01,1990,7,20.947
Adamaoua,1990-08-01,1990,8,21.13
Adamaoua,1990-09-01,1990,9,21.4
Adamaoua,1990-10-01,1990,10,22.163
Adamaoua,1990-11-01,1990,11,23.075
Adamaoua,1990-12-01,1990,12,23.927
Adamaoua,1991-01-01,1991,1,24.337
Adamaoua,1991-02-01,1991,2,26.262
Adamaoua,1991-03-01,1991,3,26.04
Adamaoua,1991-04-01,1991,4,23.447
Adamaoua,1991-05-01,1991,5,22.45
Adamaoua,1991-06-01,1991,6,22.404
Adamaoua,1991-07-01,1991,7,21.059
Adamaoua,1991-08-01,1991,8,20.875
Adamaoua,1991-09-01,1991,9,21.802
Adamaoua,1991-10-01,1991,10,21.331
Adamaoua,1991-11-01,1991,11,23.145
Adamaoua,1991-12-01,1991,12,23.274
Adamaoua,1992-01-01,1992,1,22.963
Adamaoua,1992-02-01,1992,2,24.165
Adamaoua,1992-03-01,1992,3,25.109
Adamaoua,1992-04-01,1992,4,23.89
Adamaoua,1992-05-01,1992,5,22.833
Adamaoua,1992-06-01,1992,6,21.731
Adamaoua,1992-07-01,1992,7,20.799
Adamaoua,1992-08-01,1992,8,20.84
Adamaoua,1992-09-01,1992,9,21.141
Adamaoua,1992-10-01,1992,10,21.748
Adamaoua,1992-11-01,1992,11,22.198
Adamaoua,1992-12-01,1992,12,22.506
Adamaoua,1993-01-01,1993,1,22.321
Adamaoua,1993-02-01,1993,2,24.305
Adamaoua,1993-03-01,1993,3,24.896
Adamaoua,1993-04-01,1993,4,24.46
Adamaoua,1993-05-01,1993,5,23.084
Adamaoua,1993-06-01,1993,6,22.008
Adamaoua,1993-07-01,1993,7,21.225
Adamaoua,1993-08-01,1993,8,21.248
Adamaoua,1993-09-01,1993,9,21.296
Adamaoua,1993-10-01,1993,10,22.387
Adamaoua,1993-11-01,1993,11,23.342
Adamaoua,1993-12-01,1993,12,23.302
Adamaoua,1994-01-01,1994,1,23.781
Adamaoua,1994-02-01,1994,2,24.67
Adamaoua,1994-03-01,1994,3,26.416
Adamaoua,1994-04-01,1994,4,24.221
Adamaoua,1994-05-01,1994,5,22.847
Adamaoua,1994-06-01,1994,6,21.878
Adamaoua,1994-07-01,1994,7,21.302
Adamaoua,1994-08-01,1994,8,21.104
Adamaoua,1994-09-01,1994,9,21.592
Adamaoua,1994-10-01,1994,10,21.938
Adamaoua,1994-11-01,1994,11,22.727
Adamaoua,1994-12-01,1994,12,22.486
Adamaoua,1995-01-01,1995,1,23.384
Adamaoua,1995-02-01,1995,2,24.357
Adamaoua,1995-03-01,1995,3,25.572
Adamaoua,1995-04-01,1995,4,24.652
Adamaoua,1995-05-01,1995,5,23.063
Adamaoua,1995-06-01,1995,6,22.288
Adamaoua,1995-07-01,1995,7,21.134
Adamaoua,1995-08-01,1995,8,21.423
Adamaoua,1995-09-01,1995,9,21.658
Adamaoua,1995-10-01,1995,10,21.836
Adamaoua,1995-11-01,1995,11,22.744
Adamaoua,1995-12-01,1995,12,23.209
Adamaoua,1996-01-01,1996,1,24.06
Adamaoua,1996-02-01,1996,2,25.91
Adamaoua,1996-03-01,1996,3,25.037
Adamaoua,1996-04-01,1996,4,23.912
Adamaoua,1996-05-01,1996,5,22.824
Adamaoua,1996-06-01,1996,6,21.744
Adamaoua,1996-07-01,1996,7,21.25
Adamaoua,1996-08-01,1996,8,21.17
Adamaoua,1996-09-01,1996,9,21.568
Adamaoua,1996-10-01,1996,10,21.883
Adamaoua,1996-11-01,1996,11,22.682
Adamaoua,1996-12-01,1996,12,23.537
Adamaoua,1997-01-01,1997,1,24.153
Adamaoua,1997-02-01,1997,2,23.714
Adamaoua,1997-03-01,1997,3,26.129
Adamaoua,1997-04-01,1997,4,23.428
Adamaoua,1997-05-01,1997,5,22.642
Adamaoua,1997-06-01,1997,6,21.78
Adamaoua,1997-07-01,1997,7,21.4
Adamaoua,1997-08-01,1997,8,21.512
Adamaoua,1997-09-01,1997,9,21.895
Adamaoua,1997-10-01,1997,10,22.381
Adamaoua,1997-11-01,1997,11,23.069
Adamaoua,1997-12-01,1997,12,23.198
Adamaoua,1998-01-01,1998,1,23.82
Adamaoua,1998-02-01,1998,2,26.037
Adamaoua,1998-03-01,1998,3,26.91
Adamaoua,1998-04-01,1998,4,26.543
Adamaoua,1998-05-01,1998,5,23.968
Adamaoua,1998-06-01,1998,6,22.761
Adamaoua,1998-07-01,1998,7,21.498
Adamaoua,1998-08-01,1998,8,21.462
Adamaoua,1998-09-01,1998,9,21.575
Adamaoua,1998-10-01,1998,10,22.412
Adamaoua,1998-11-01,1998,11,23.968
Adamaoua,1998-12-01,1998,12,23.871
Adamaoua,1999-01-01,1999,1,23.921
Adamaoua,1999-02-01,1999,2,25.694
Adamaoua,1999-03-01,1999,3,25.779
Adamaoua,1999-04-01,1999,4,24.396
Adamaoua,1999-05-01,1999,5,22.57
Adamaoua,1999-06-01,1999,6,21.969
Adamaoua,1999-07-01,1999,7,20.868
Adamaoua,1999-08-01,1999,8,20.949
Adamaoua,1999-09-01,1999,9,20.961
Adamaoua,1999-10-01,1999,10,21.216
Adamaoua,1999-11-01,1999,11,23.171
Adamaoua,1999-12-01,1999,12,23.117
Adamaoua,2000-01-01,2000,1,24.206
Adamaoua,2000-02-01,2000,2,23.775
Adamaoua,2000-03-01,2000,3,25.522
Adamaoua,2000-04-01,2000,4,24.149
Adamaoua,2000-05-01,2000,5,23.105
Adamaoua,2000-06-01,2000,6,21.501
Adamaoua,2000-07-01,2000,7,20.783
Adamaoua,2000-08-01,2000,8,20.734
Adamaoua,2000-09-01,2000,9,21.328
Adamaoua,2000-10-01,2000,10,22.104
Adamaoua,2000-11-01,2000,11,23.326
Adamaoua,2000-12-01,2000,12,22.696
Adamaoua,2001-01-01,2001,1,22.594
Adamaoua,2001-02-01,2001,2,24.317
Adamaoua,2001-03-01,2001,3,26.112
Adamaoua,2001-04-01,2001,4,24.052
Adamaoua,2001-05-01,2001,5,23.008
Adamaoua,2001-06-01,2001,6,21.578
Adamaoua,2001-07-01,2001,7,20.967
Adamaoua,2001-08-01,2001,8,20.957
Adamaoua,2001-09-01,2001,9,21.314
Adamaoua,2001-10-01,2001,10,22.403
Adamaoua,2001-11-01,2001,11,23.834
Adamaoua,2001-12-01,2001,12,24.094
Adamaoua,2002-01-01,2002,1,22.608
Adamaoua,2002-02-01,2002,2,24.908
Adamaoua,2002-03-01,2002,3,26.109
Adamaoua,2002-04-01,2002,4,24.229
Adamaoua,2002-05-01,2002,5,23.29
Adamaoua,2002-06-01,2002,6,21.986
Adamaoua,2002-07-01,2002,7,21.669
Adamaoua,2002-08-01,2002,8,21.286
Adamaoua,2002-09-01,2002,9,21.719
Adamaoua,2002-10-01,2002,10,21.884
Adamaoua,2002-11-01,2002,11,22.785
Adamaoua,2002-12-01,2002,12,23.537
Adamaoua,2003-01-01,2003,1,24.249
Adamaoua,2003-02-01,2003,2,26.282
Adamaoua,2003-03-01,2003,3,26.927
Adamaoua,2003-04-01,2003,4,24.302
Adamaoua,2003-05-01,2003,5,23.472
Adamaoua,2003-06-01,2003,6,21.659
Adamaoua,2003-07-01,2003,7,21.199
Adamaoua,2003-08-01,2003,8,21.283
Adamaoua,2003-09-01,2003,9,21.531
Adamaoua,2003-10-01,2003,10,22.093
Adamaoua,2003-11-01,2003,11,23.082
Adamaoua,2003-12-01,2003,12,23.959
Adamaoua,2004-01-01,2004,1,24.88
Adamaoua,2004-02-01,2004,2,25.123
Adamaoua,2004-03-01,2004,3,26.626
Adamaoua,2004-04-01,2004,4,24.224
Adamaoua,2004-05-01,2004,5,22.898
Adamaoua,2004-06-01,2004,6,21.351
Adamaoua,2004-07-01,2004,7,21.18
Adamaoua,2004-08-01,2004,8,21.279
Adamaoua,2004-09-01,2004,9,21.736
Adamaoua,2004-10-01,2004,10,22.317
Adamaoua,2004-11-01,2004,11,23.117
Adamaoua,2004-12-01,2004,12,23.896
Adamaoua,2005-01-01,2005,1,23.586
Adamaoua,2005-02-01,2005,2,27.403
Adamaoua,2005-03-01,2005,3,26.222
Adamaoua,2005-04-01,2005,4,25.455
Adamaoua,2005-05-01,2005,5,22.909
Adamaoua,2005-06-01,2005,6,22.208
Adamaoua,2005-07-01,2005,7,21.473
Adamaoua,2005-08-01,2005,8,21.1
Adamaoua,2005-09-01,2005,9,21.699
Adamaoua,2005-10-01,2005,10,22.24
Adamaoua,2005-11-01,2005,11,24.053
Adamaoua,2005-12-01,2005,12,24.396
Adamaoua,2006-01-01,2006,1,25.818
Adamaoua,2006-02-01,2006,2,26.817
Adamaoua,2006-03-01,2006,3,26.423
Adamaoua,2006-04-01,2006,4,25.598
Adamaoua,2006-05-01,2006,5,22.769
Adamaoua,2006-06-01,2006,6,22.16
Adamaoua,2006-07-01,2006,7,21.554
Adamaoua,2006-08-01,2006,8,21.166
Adamaoua,2006-09-01,2006,9,21.493
Adamaoua,2006-10-01,2006,10,22.627
Adamaoua,2006-11-01,2006,11,23.266
Adamaoua,2006-12-01,2006,12,23.025
Adamaoua,2007-01-01,2007,1,22.997
Adamaoua,2007-02-01,2007,2,26.041
Adamaoua,2007-03-01,2007,3,27.038
Adamaoua,2007-04-01,2007,4,24.725
Adamaoua,2007-05-01,2007,5,23.195
Adamaoua,2007-06-01,2007,6,21.666
Adamaoua,2007-07-01,2007,7,21.324
Adamaoua,2007-08-01,2007,8,21.102
Adamaoua,2007-09-01,2007,9,21.723
Adamaoua,2007-10-01,2007,10,22.036
Adamaoua,2007-11-01,2007,11,23.081
Adamaoua,2007-12-01,2007,12,23.418
Adamaoua,2008-01-01,2008,1,23.521
Adamaoua,2008-02-01,2008,2,24.465
Adamaoua,2008-03-01,2008,3,26.443
Adamaoua,2008-04-01,2008,4,23.867
Adamaoua,2008-05-01,2008,5,22.982
Adamaoua,2008-06-01,2008,6,22.005
Adamaoua,2008-07-01,2008,7,21.274
Adamaoua,2008-08-01,2008,8,21.138
Adamaoua,2008-09-01,2008,9,21.852
Adamaoua,2008-10-01,2008,10,22.784
Adamaoua,2008-11-01,2008,11,24
Adamaoua,2008-12-01,2008,12,23.714
Adamaoua,2009-01-01,2009,1,24.894
Adamaoua,2009-02-01,2009,2,26.249
Adamaoua,2009-03-01,2009,3,27.54
Adamaoua,2009-04-01,2009,4,24.109
Adamaoua,2009-05-01,2009,5,23.089
Adamaoua,2009-06-01,2009,6,21.976
Adamaoua,2009-07-01,2009,7,21.734
Adamaoua,2009-08-01,2009,8,21.725
Adamaoua,2009-09-01,2009,9,22.104
Adamaoua,2009-10-01,2009,10,22.11
Adamaoua,2009-11-01,2009,11,23.018
Adamaoua,2009-12-01,2009,12,24.131
Adamaoua,2010-01-01,2010,1,24.911
Adamaoua,2010-02-01,2010,2,26.843
Adamaoua,2010-03-01,2010,3,27.022
Adamaoua,2010-04-01,2010,4,26.688
Adamaoua,2010-05-01,2010,5,23.9
Adamaoua,2010-06-01,2010,6,22.527
Adamaoua,2010-07-01,2010,7,21.622
Adamaoua,2010-08-01,2010,8,21.709
Adamaoua,2010-09-01,2010,9,21.82
Adamaoua,2010-10-01,2010,10,22.348
Adamaoua,2010-11-01,2010,11,23.434
Adamaoua,2010-12-01,2010,12,23.117
Adamaoua,2011-01-01,2011,1,22.952
Adamaoua,2011-02-01,2011,2,25.687
Adamaoua,2011-03-01,2011,3,27.053
Adamaoua,2011-04-01,2011,4,25.47
Adamaoua,2011-05-01,2011,5,23.408
Adamaoua,2011-06-01,2011,6,22.282
Adamaoua,2011-07-01,2011,7,21.411
Adamaoua,2011-08-01,2011,8,21.259
Adamaoua,2011-09-01,2011,9,21.531
Adamaoua,2011-10-01,2011,10,21.988
Adamaoua,2011-11-01,2011,11,22.863
Adamaoua,2011-12-01,2011,12,22.607
Adamaoua,2012-01-01,2012,1,23.247
Adamaoua,2012-02-01,2012,2,25.341
Adamaoua,2012-03-01,2012,3,26.756
Adamaoua,2012-04-01,2012,4,24.487
Adamaoua,2012-05-01,2012,5,22.631
Adamaoua,2012-06-01,2012,6,21.858
Adamaoua,2012-07-01,2012,7,21.188
Adamaoua,2012-08-01,2012,8,21.143
Adamaoua,2012-09-01,2012,9,21.395
Adamaoua,2012-10-01,2012,10,22.122
Adamaoua,2012-11-01,2012,11,23.466
Adamaoua,2012-12-01,2012,12,23.481
Adamaoua,2013-01-01,2013,1,24.588
Adamaoua,2013-02-01,2013,2,26.083
Adamaoua,2013-03-01,2013,3,25.913
Adamaoua,2013-04-01,2013,4,24.098
Adamaoua,2013-05-01,2013,5,23.087
Adamaoua,2013-06-01,2013,6,22.186
Adamaoua,2013-07-01,2013,7,21.141
Adamaoua,2013-08-01,2013,8,21.146
Adamaoua,2013-09-01,2013,9,21.663
Adamaoua,2013-10-01,2013,10,22.12
Adamaoua,2013-11-01,2013,11,23.647
Adamaoua,2013-12-01,2013,12,23.014
Adamaoua,2014-01-01,2014,1,23.964
Adamaoua,2014-02-01,2014,2,25.408
Adamaoua,2014-03-01,2014,3,25.914
Adamaoua,2014-04-01,2014,4,24.056
Adamaoua,2014-05-01,2014,5,23.01
Adamaoua,2014-06-01,2014,6,22.401
Adamaoua,2014-07-01,2014,7,21.736
Adamaoua,2014-08-01,2014,8,21.14
Adamaoua,2014-09-01,2014,9,21.451
Adamaoua,2014-10-01,2014,10,22.583
Adamaoua,2014-11-01,2014,11,23.404
Adamaoua,2014-12-01,2014,12,23.185
Adamaoua,2015-01-01,2015,1,22.592
Adamaoua,2015-02-01,2015,2,25.889
Adamaoua,2015-03-01,2015,3,26.559
Adamaoua,2015-04-01,2015,4,25.448
Adamaoua,2015-05-01,2015,5,23.688
Adamaoua,2015-06-01,2015,6,22.206
Adamaoua,2015-07-01,2015,7,22.048
Adamaoua,2015-08-01,2015,8,21.864
Adamaoua,2015-09-01,2015,9,22.051
Adamaoua,2015-10-01,2015,10,22.46
Adamaoua,2015-11-01,2015,11,23.091
Adamaoua,2015-12-01,2015,12,21.8
Adamaoua,2016-01-01,2016,1,23.074
Adamaoua,2016-02-01,2016,2,25.596
Adamaoua,2016-03-01,2016,3,26.461
Adamaoua,2016-04-01,2016,4,24.831
Adamaoua,2016-05-01,2016,5,23.283
Adamaoua,2016-06-01,2016,6,22.24
Adamaoua,2016-07-01,2016,7,21.882
Adamaoua,2016-08-01,2016,8,21.901
Adamaoua,2016-09-01,2016,9,22.079
Adamaoua,2016-10-01,2016,10,22.842
Adamaoua,2016-11-01,2016,11,23.991
Adamaoua,2016-12-01,2016,12,23.882
Adamaoua,2017-01-01,2017,1,24.698
Adamaoua,2017-02-01,2017,2,25.233
Adamaoua,2017-03-01,2017,3,27.182
Adamaoua,2017-04-01,2017,4,24.601
Adamaoua,2017-05-01,2017,5,23.07
Adamaoua,2017-06-01,2017,6,22.646
Adamaoua,2017-07-01,2017,7,21.674
Adamaoua,2017-08-01,2017,8,21.569
Adamaoua,2017-09-01,2017,9,21.649
Adamaoua,2017-10-01,2017,10,22.791
Adamaoua,2017-11-01,2017,11,23.333
Adamaoua,2017-12-01,2017,12,23.773
Adamaoua,2018-01-01,2018,1,22.62
Adamaoua,2018-02-01,2018,2,26.189
Adamaoua,2018-03-01,2018,3,26.222
Adamaoua,2018-04-01,2018,4,24.299
Adamaoua,2018-05-01,2018,5,22.95
Adamaoua,2018-06-01,2018,6,22.224
Adamaoua,2018-07-01,2018,7,21.791
Adamaoua,2018-08-01,2018,8,21.766
Adamaoua,2018-09-01,2018,9,22.06
Adamaoua,2018-10-01,2018,10,22.759
Adamaoua,2018-11-01,2018,11,23.578
Adamaoua,2018-12-01,2018,12,23.208
Adamaoua,2019-01-01,2019,1,24.347
Adamaoua,2019-02-01,2019,2,25.558
Adamaoua,2019-03-01,2019,3,27.201
Adamaoua,2019-04-01,2019,4,25.51
Adamaoua,2019-05-01,2019,5,23.826
Adamaoua,2019-06-01,2019,6,22.521
Adamaoua,2019-07-01,2019,7,21.89
Adamaoua,2019-08-01,2019,8,21.76
Adamaoua,2019-09-01,2019,9,22.105
Adamaoua,2019-10-01,2019,10,21.905
Adamaoua,2019-11-01,2019,11,23.753
Adamaoua,2019-12-01,2019,12,23.473
Adamaoua,2020-01-01,2020,1,23.252
Adamaoua,2020-02-01,2020,2,25.194
Adamaoua,2020-03-01,2020,3,26.6
Adamaoua,2020-04-01,2020,4,25.13
Adamaoua,2020-05-01,2020,5,23.907
Adamaoua,2020-06-01,2020,6,22.371
Adamaoua,2020-07-01,2020,7,21.758
Adamaoua,2020-08-01,2020,8,22.116
Adamaoua,2020-09-01,2020,9,21.691
Adamaoua,2020-10-01,2020,10,22.696
Adamaoua,2020-11-01,2020,11,23.888
Adamaoua,2020-12-01,2020,12,24.087
Adamaoua,2021-01-01,2021,1,24.4
Adamaoua,2021-02-01,2021,2,24.851
Adamaoua,2021-03-01,2021,3,25.22
Adamaoua,2021-04-01,2021,4,24.71
Adamaoua,2021-05-01,2021,5,23.395
Adamaoua,2021-06-01,2021,6,22.583
Adamaoua,2021-07-01,2021,7,21.875
Adamaoua,2021-08-01,2021,8,21.871
Adamaoua,2021-09-01,2021,9,22.282
Adamaoua,2021-10-01,2021,10,23.146
Adamaoua,2021-11-01,2021,11,24.038
Adamaoua,2021-12-01,2021,12,23.737
Adamaoua,2022-01-01,2022,1,23.058
Adamaoua,2022-02-01,2022,2,24.519
Adamaoua,2022-03-01,2022,3,26.9
Adamaoua,2022-04-01,2022,4,24.565
Adamaoua,2022-05-01,2022,5,23.371
Adamaoua,2022-06-01,2022,6,22.196
Adamaoua,2022-07-01,2022,7,21.606
Adamaoua,2022-08-01,2022,8,21.595
Adamaoua,2022-09-01,2022,9,21.831
Adamaoua,2022-10-01,2022,10,22.686
Adamaoua,2022-11-01,2022,11,23.984
Adamaoua,2022-12-01,2022,12,23.457
Adamaoua,2023-01-01,2023,1,24.05
Adamaoua,2023-02-01,2023,2,25.779
Adamaoua,2023-03-01,2023,3,25.968
Adamaoua,2023-04-01,2023,4,25.008
Adamaoua,2023-05-01,2023,5,24.053
Adamaoua,2023-06-01,2023,6,22.538
Adamaoua,2023-07-01,2023,7,22.475
Adamaoua,2023-08-01,2023,8,22.401
Adamaoua,2023-09-01,2023,9,22.383
Adamaoua,2023-10-01,2023,10,23.17
Adamaoua,2023-11-01,2023,11,23.702
Adamaoua,2023-12-01,2023,12,23.53
Adamaoua,2024-01-01,2024,1,23.737
Adamaoua,2024-02-01,2024,2,26.305
Adamaoua,2024-03-01,2024,3,28.064
Adamaoua,2024-04-01,2024,4,26.136
Adamaoua,2024-05-01,2024,5,25.225
Adamaoua,2024-06-01,2024,6,23.244
Adamaoua,2024-07-01,2024,7,22.414
Adamaoua,2024-08-01,2024,8,22.348
Adamaoua,2024-09-01,2024,9,22.263
Adamaoua,2024-10-01,2024,10,22.794
Adamaoua,2024-11-01,2024,11,23.732
Adamaoua,2024-12-01,2024,12,23.752
Adamaoua,2025-01-01,2025,1,24.373
Adamaoua,2025-02-01,2025,2,26.348
Adamaoua,2025-03-01,2025,3,27.802
Adamaoua,2025-04-01,2025,4,25.355
Adamaoua,2025-05-01,2025,5,23.955
Adamaoua,2025-06-01,2025,6,22.678
Adamaoua,2025-07-01,2025,7,21.772
Adamaoua,2025-08-01,2025,8,21.631
Adamaoua,2025-09-01,2025,9,22.07
Adamaoua,2025-10-01,2025,10,22.565
Adamaoua,2025-11-01,2025,11,24.094
Adamaoua,2025-12-01,2025,12,24.608
Adamaoua,2026-01-01,2026,1,24.629
Adamaoua,2026-02-01,2026,2,25.711
Adamaoua,2026-03-01,2026,3,25.464
Adamaoua,2026-04-01,2026,4,24.474
Adamaoua,2026-05-01,2026,5,24.11
Adamaoua,2026-06-01,2026,6,22.298
Centre,1940-01-01,1940,1,23.988
Centre,1940-02-01,1940,2,24.836
Centre,1940-03-01,1940,3,24.535
Centre,1940-04-01,1940,4,23.437
Centre,1940-05-01,1940,5,23.163
Centre,1940-06-01,1940,6,22.725
Centre,1940-07-01,1940,7,22.15
Centre,1940-08-01,1940,8,22.393
Centre,1940-09-01,1940,9,22.029
Centre,1940-10-01,1940,10,22.191
Centre,1940-11-01,1940,11,22.09
Centre,1940-12-01,1940,12,23.643
Centre,1941-01-01,1941,1,24.652
Centre,1941-02-01,1941,2,25.757
Centre,1941-03-01,1941,3,25.868
Centre,1941-04-01,1941,4,24.55
Centre,1941-05-01,1941,5,23.199
Centre,1941-06-01,1941,6,23.015
Centre,1941-07-01,1941,7,22.125
Centre,1941-08-01,1941,8,22.246
Centre,1941-09-01,1941,9,22.231
Centre,1941-10-01,1941,10,22.481
Centre,1941-11-01,1941,11,22.503
Centre,1941-12-01,1941,12,23.861
Centre,1942-01-01,1942,1,24.786
Centre,1942-02-01,1942,2,25.168
Centre,1942-03-01,1942,3,25.068
Centre,1942-04-01,1942,4,23.356
Centre,1942-05-01,1942,5,22.997
Centre,1942-06-01,1942,6,22.428
Centre,1942-07-01,1942,7,21.562
Centre,1942-08-01,1942,8,22.022
Centre,1942-09-01,1942,9,22.209
Centre,1942-10-01,1942,10,22.204
Centre,1942-11-01,1942,11,22.624
Centre,1942-12-01,1942,12,22.815
Centre,1943-01-01,1943,1,23.872
Centre,1943-02-01,1943,2,24.9
Centre,1943-03-01,1943,3,24.157
Centre,1943-04-01,1943,4,23.183
Centre,1943-05-01,1943,5,22.691
Centre,1943-06-01,1943,6,22.332
Centre,1943-07-01,1943,7,21.533
Centre,1943-08-01,1943,8,22.33
Centre,1943-09-01,1943,9,22.548
Centre,1943-10-01,1943,10,22.732
Centre,1943-11-01,1943,11,22.426
Centre,1943-12-01,1943,12,23.772
Centre,1944-01-01,1944,1,25.083
Centre,1944-02-01,1944,2,25.851
Centre,1944-03-01,1944,3,24.516
Centre,1944-04-01,1944,4,23.466
Centre,1944-05-01,1944,5,23.278
Centre,1944-06-01,1944,6,22.693
Centre,1944-07-01,1944,7,22.235
Centre,1944-08-01,1944,8,22.082
Centre,1944-09-01,1944,9,22.449
Centre,1944-10-01,1944,10,22.435
Centre,1944-11-01,1944,11,23.392
Centre,1944-12-01,1944,12,24.491
Centre,1945-01-01,1945,1,25.12
Centre,1945-02-01,1945,2,25.528
Centre,1945-03-01,1945,3,25.896
Centre,1945-04-01,1945,4,24.528
Centre,1945-05-01,1945,5,22.855
Centre,1945-06-01,1945,6,22.474
Centre,1945-07-01,1945,7,21.911
Centre,1945-08-01,1945,8,22.051
Centre,1945-09-01,1945,9,22.182
Centre,1945-10-01,1945,10,22.131
Centre,1945-11-01,1945,11,22.774
Centre,1945-12-01,1945,12,23.541
Centre,1946-01-01,1946,1,25.092
Centre,1946-02-01,1946,2,26.598
Centre,1946-03-01,1946,3,25.076
Centre,1946-04-01,1946,4,24.27
Centre,1946-05-01,1946,5,22.903
Centre,1946-06-01,1946,6,22.005
Centre,1946-07-01,1946,7,21.468
Centre,1946-08-01,1946,8,21.868
Centre,1946-09-01,1946,9,21.719
Centre,1946-10-01,1946,10,21.498
Centre,1946-11-01,1946,11,22.652
Centre,1946-12-01,1946,12,23.815
Centre,1947-01-01,1947,1,24.906
Centre,1947-02-01,1947,2,25.354
Centre,1947-03-01,1947,3,25.821
Centre,1947-04-01,1947,4,24.204
Centre,1947-05-01,1947,5,23.163
Centre,1947-06-01,1947,6,22.475
Centre,1947-07-01,1947,7,21.864
Centre,1947-08-01,1947,8,21.998
Centre,1947-09-01,1947,9,22.213
Centre,1947-10-01,1947,10,22.343
Centre,1947-11-01,1947,11,22.73
Centre,1947-12-01,1947,12,23.307
Centre,1948-01-01,1948,1,24.608
Centre,1948-02-01,1948,2,25.389
Centre,1948-03-01,1948,3,24.682
Centre,1948-04-01,1948,4,23.413
Centre,1948-05-01,1948,5,23.459
Centre,1948-06-01,1948,6,22.7
Centre,1948-07-01,1948,7,21.898
Centre,1948-08-01,1948,8,22.043
Centre,1948-09-01,1948,9,21.85
Centre,1948-10-01,1948,10,21.74
Centre,1948-11-01,1948,11,22.487
Centre,1948-12-01,1948,12,23.723
Centre,1949-01-01,1949,1,25.194
Centre,1949-02-01,1949,2,25.659
Centre,1949-03-01,1949,3,25.615
Centre,1949-04-01,1949,4,24.323
Centre,1949-05-01,1949,5,23.316
Centre,1949-06-01,1949,6,22.597
Centre,1949-07-01,1949,7,22.125
Centre,1949-08-01,1949,8,22.077
Centre,1949-09-01,1949,9,22.281
Centre,1949-10-01,1949,10,22.388
Centre,1949-11-01,1949,11,22.72
Centre,1949-12-01,1949,12,23.724
Centre,1950-01-01,1950,1,24.522
Centre,1950-02-01,1950,2,24.979
Centre,1950-03-01,1950,3,24.548
Centre,1950-04-01,1950,4,24.235
Centre,1950-05-01,1950,5,23.668
Centre,1950-06-01,1950,6,22.599
Centre,1950-07-01,1950,7,21.653
Centre,1950-08-01,1950,8,21.639
Centre,1950-09-01,1950,9,22.455
Centre,1950-10-01,1950,10,22.349
Centre,1950-11-01,1950,11,22.594
Centre,1950-12-01,1950,12,23.815
Centre,1951-01-01,1951,1,24.487
Centre,1951-02-01,1951,2,24.228
Centre,1951-03-01,1951,3,24.105
Centre,1951-04-01,1951,4,23.924
Centre,1951-05-01,1951,5,23.703
Centre,1951-06-01,1951,6,22.73
Centre,1951-07-01,1951,7,22.213
Centre,1951-08-01,1951,8,22.187
Centre,1951-09-01,1951,9,22.529
Centre,1951-10-01,1951,10,22.612
Centre,1951-11-01,1951,11,22.794
Centre,1951-12-01,1951,12,24.068
Centre,1952-01-01,1952,1,25.339
Centre,1952-02-01,1952,2,25.09
Centre,1952-03-01,1952,3,25.048
Centre,1952-04-01,1952,4,24.003
Centre,1952-05-01,1952,5,23.53
Centre,1952-06-01,1952,6,22.888
Centre,1952-07-01,1952,7,21.726
Centre,1952-08-01,1952,8,22.049
Centre,1952-09-01,1952,9,22.114
Centre,1952-10-01,1952,10,22.222
Centre,1952-11-01,1952,11,22.337
Centre,1952-12-01,1952,12,23.816
Centre,1953-01-01,1953,1,24.903
Centre,1953-02-01,1953,2,24.885
Centre,1953-03-01,1953,3,24.191
Centre,1953-04-01,1953,4,24.224
Centre,1953-05-01,1953,5,23.293
Centre,1953-06-01,1953,6,22.28
Centre,1953-07-01,1953,7,21.965
Centre,1953-08-01,1953,8,21.836
Centre,1953-09-01,1953,9,22.367
Centre,1953-10-01,1953,10,22.173
Centre,1953-11-01,1953,11,22.749
Centre,1953-12-01,1953,12,23.73
Centre,1954-01-01,1954,1,24.371
Centre,1954-02-01,1954,2,24.655
Centre,1954-03-01,1954,3,24.203
Centre,1954-04-01,1954,4,23.527
Centre,1954-05-01,1954,5,23.445
Centre,1954-06-01,1954,6,22.284
Centre,1954-07-01,1954,7,21.363
Centre,1954-08-01,1954,8,21.651
Centre,1954-09-01,1954,9,21.938
Centre,1954-10-01,1954,10,21.917
Centre,1954-11-01,1954,11,22.493
Centre,1954-12-01,1954,12,23.565
Centre,1955-01-01,1955,1,24.987
Centre,1955-02-01,1955,2,25.785
Centre,1955-03-01,1955,3,24.357
Centre,1955-04-01,1955,4,23.741
Centre,1955-05-01,1955,5,23.121
Centre,1955-06-01,1955,6,22.185
Centre,1955-07-01,1955,7,21.548
Centre,1955-08-01,1955,8,21.822
Centre,1955-09-01,1955,9,22.148
Centre,1955-10-01,1955,10,22.22
Centre,1955-11-01,1955,11,22.998
Centre,1955-12-01,1955,12,23.633
Centre,1956-01-01,1956,1,24.466
Centre,1956-02-01,1956,2,25.027
Centre,1956-03-01,1956,3,23.437
Centre,1956-04-01,1956,4,23.508
Centre,1956-05-01,1956,5,23.34
Centre,1956-06-01,1956,6,22.238
Centre,1956-07-01,1956,7,21.247
Centre,1956-08-01,1956,8,22.061
Centre,1956-09-01,1956,9,21.943
Centre,1956-10-01,1956,10,21.994
Centre,1956-11-01,1956,11,22.293
Centre,1956-12-01,1956,12,23.128
Centre,1957-01-01,1957,1,23.917
Centre,1957-02-01,1957,2,24.894
Centre,1957-03-01,1957,3,24.904
Centre,1957-04-01,1957,4,23.614
Centre,1957-05-01,1957,5,23.518
Centre,1957-06-01,1957,6,22.696
Centre,1957-07-01,1957,7,22.087
Centre,1957-08-01,1957,8,22.114
Centre,1957-09-01,1957,9,22.558
Centre,1957-10-01,1957,10,22.277
Centre,1957-11-01,1957,11,23.023
Centre,1957-12-01,1957,12,23.918
Centre,1958-01-01,1958,1,25.572
Centre,1958-02-01,1958,2,26.26
Centre,1958-03-01,1958,3,26.075
Centre,1958-04-01,1958,4,24.169
Centre,1958-05-01,1958,5,23.324
Centre,1958-06-01,1958,6,22.342
Centre,1958-07-01,1958,7,21.776
Centre,1958-08-01,1958,8,21.81
Centre,1958-09-01,1958,9,22.177
Centre,1958-10-01,1958,10,22.406
Centre,1958-11-01,1958,11,22.838
Centre,1958-12-01,1958,12,24.08
Centre,1959-01-01,1959,1,25.256
Centre,1959-02-01,1959,2,26.252
Centre,1959-03-01,1959,3,26.061
Centre,1959-04-01,1959,4,24.627
Centre,1959-05-01,1959,5,23.744
Centre,1959-06-01,1959,6,23.15
Centre,1959-07-01,1959,7,22.344
Centre,1959-08-01,1959,8,22.189
Centre,1959-09-01,1959,9,22.385
Centre,1959-10-01,1959,10,22.869
Centre,1959-11-01,1959,11,23.272
Centre,1959-12-01,1959,12,24.224
Centre,1960-01-01,1960,1,25.16
Centre,1960-02-01,1960,2,25.716
Centre,1960-03-01,1960,3,25.79
Centre,1960-04-01,1960,4,24.314
Centre,1960-05-01,1960,5,23.724
Centre,1960-06-01,1960,6,22.979
Centre,1960-07-01,1960,7,22.316
Centre,1960-08-01,1960,8,22.312
Centre,1960-09-01,1960,9,22.227
Centre,1960-10-01,1960,10,22.479
Centre,1960-11-01,1960,11,23.287
Centre,1960-12-01,1960,12,23.93
Centre,1961-01-01,1961,1,24.767
Centre,1961-02-01,1961,2,25.414
Centre,1961-03-01,1961,3,26.322
Centre,1961-04-01,1961,4,24.125
Centre,1961-05-01,1961,5,23.807
Centre,1961-06-01,1961,6,22.774
Centre,1961-07-01,1961,7,21.984
Centre,1961-08-01,1961,8,22.015
Centre,1961-09-01,1961,9,21.945
Centre,1961-10-01,1961,10,22.283
Centre,1961-11-01,1961,11,22.767
Centre,1961-12-01,1961,12,23.728
Centre,1962-01-01,1962,1,24.561
Centre,1962-02-01,1962,2,25.78
Centre,1962-03-01,1962,3,24.394
Centre,1962-04-01,1962,4,23.835
Centre,1962-05-01,1962,5,23.339
Centre,1962-06-01,1962,6,22.292
Centre,1962-07-01,1962,7,22.522
Centre,1962-08-01,1962,8,22.187
Centre,1962-09-01,1962,9,22.128
Centre,1962-10-01,1962,10,22.318
Centre,1962-11-01,1962,11,22.809
Centre,1962-12-01,1962,12,23.859
Centre,1963-01-01,1963,1,24.509
Centre,1963-02-01,1963,2,25.915
Centre,1963-03-01,1963,3,25.844
Centre,1963-04-01,1963,4,24.146
Centre,1963-05-01,1963,5,23.644
Centre,1963-06-01,1963,6,23.277
Centre,1963-07-01,1963,7,22.715
Centre,1963-08-01,1963,8,22.922
Centre,1963-09-01,1963,9,22.999
Centre,1963-10-01,1963,10,23
Centre,1963-11-01,1963,11,23.29
Centre,1963-12-01,1963,12,24.151
Centre,1964-01-01,1964,1,25.165
Centre,1964-02-01,1964,2,25.911
Centre,1964-03-01,1964,3,25.796
Centre,1964-04-01,1964,4,24.824
Centre,1964-05-01,1964,5,24.706
Centre,1964-06-01,1964,6,23.397
Centre,1964-07-01,1964,7,22.794
Centre,1964-08-01,1964,8,22.257
Centre,1964-09-01,1964,9,22.275
Centre,1964-10-01,1964,10,22.463
Centre,1964-11-01,1964,11,23.183
Centre,1964-12-01,1964,12,23.657
Centre,1965-01-01,1965,1,24.158
Centre,1965-02-01,1965,2,24.553
Centre,1965-03-01,1965,3,24.548
Centre,1965-04-01,1965,4,24.423
Centre,1965-05-01,1965,5,24.448
Centre,1965-06-01,1965,6,22.975
Centre,1965-07-01,1965,7,22.628
Centre,1965-08-01,1965,8,22.702
Centre,1965-09-01,1965,9,22.448
Centre,1965-10-01,1965,10,22.892
Centre,1965-11-01,1965,11,23.876
Centre,1965-12-01,1965,12,24.121
Centre,1966-01-01,1966,1,25.263
Centre,1966-02-01,1966,2,25.974
Centre,1966-03-01,1966,3,26.245
Centre,1966-04-01,1966,4,24.949
Centre,1966-05-01,1966,5,24.288
Centre,1966-06-01,1966,6,23.508
Centre,1966-07-01,1966,7,23.107
Centre,1966-08-01,1966,8,22.649
Centre,1966-09-01,1966,9,22.229
Centre,1966-10-01,1966,10,22.554
Centre,1966-11-01,1966,11,23.338
Centre,1966-12-01,1966,12,23.51
Centre,1967-01-01,1967,1,23.431
Centre,1967-02-01,1967,2,24.977
Centre,1967-03-01,1967,3,24.942
Centre,1967-04-01,1967,4,24.159
Centre,1967-05-01,1967,5,23.312
Centre,1967-06-01,1967,6,22.294
Centre,1967-07-01,1967,7,21.925
Centre,1967-08-01,1967,8,21.785
Centre,1967-09-01,1967,9,22.072
Centre,1967-10-01,1967,10,22.203
Centre,1967-11-01,1967,11,23.373
Centre,1967-12-01,1967,12,23.361
Centre,1968-01-01,1968,1,23.562
Centre,1968-02-01,1968,2,24.76
Centre,1968-03-01,1968,3,23.856
Centre,1968-04-01,1968,4,23.972
Centre,1968-05-01,1968,5,23.249
Centre,1968-06-01,1968,6,22.567
Centre,1968-07-01,1968,7,21.949
Centre,1968-08-01,1968,8,22.351
Centre,1968-09-01,1968,9,22.301
Centre,1968-10-01,1968,10,22.963
Centre,1968-11-01,1968,11,22.998
Centre,1968-12-01,1968,12,23.614
Centre,1969-01-01,1969,1,24.027
Centre,1969-02-01,1969,2,25.389
Centre,1969-03-01,1969,3,24.027
Centre,1969-04-01,1969,4,24.365
Centre,1969-05-01,1969,5,23.879
Centre,1969-06-01,1969,6,22.988
Centre,1969-07-01,1969,7,22.002
Centre,1969-08-01,1969,8,21.937
Centre,1969-09-01,1969,9,22.196
Centre,1969-10-01,1969,10,22.437
Centre,1969-11-01,1969,11,23.081
Centre,1969-12-01,1969,12,23.62
Centre,1970-01-01,1970,1,24.08
Centre,1970-02-01,1970,2,25.646
Centre,1970-03-01,1970,3,24.928
Centre,1970-04-01,1970,4,24.2
Centre,1970-05-01,1970,5,23.55
Centre,1970-06-01,1970,6,22.806
Centre,1970-07-01,1970,7,21.835
Centre,1970-08-01,1970,8,21.9
Centre,1970-09-01,1970,9,22.009
Centre,1970-10-01,1970,10,22.401
Centre,1970-11-01,1970,11,23.493
Centre,1970-12-01,1970,12,23.476
Centre,1971-01-01,1971,1,23.786
Centre,1971-02-01,1971,2,24.712
Centre,1971-03-01,1971,3,24.095
Centre,1971-04-01,1971,4,23.659
Centre,1971-05-01,1971,5,23.64
Centre,1971-06-01,1971,6,22.592
Centre,1971-07-01,1971,7,21.73
Centre,1971-08-01,1971,8,21.773
Centre,1971-09-01,1971,9,22.082
Centre,1971-10-01,1971,10,22.406
Centre,1971-11-01,1971,11,23.295
Centre,1971-12-01,1971,12,22.383
Centre,1972-01-01,1972,1,23.935
Centre,1972-02-01,1972,2,24.82
Centre,1972-03-01,1972,3,23.9
Centre,1972-04-01,1972,4,23.658
Centre,1972-05-01,1972,5,23.547
Centre,1972-06-01,1972,6,22.336
Centre,1972-07-01,1972,7,22.425
Centre,1972-08-01,1972,8,22.044
Centre,1972-09-01,1972,9,22.49
Centre,1972-10-01,1972,10,22.815
Centre,1972-11-01,1972,11,23.804
Centre,1972-12-01,1972,12,24.661
Centre,1973-01-01,1973,1,25.243
Centre,1973-02-01,1973,2,26.296
Centre,1973-03-01,1973,3,25.371
Centre,1973-04-01,1973,4,24.449
Centre,1973-05-01,1973,5,23.399
Centre,1973-06-01,1973,6,23.196
Centre,1973-07-01,1973,7,22.479
Centre,1973-08-01,1973,8,22.247
Centre,1973-09-01,1973,9,22.297
Centre,1973-10-01,1973,10,22.519
Centre,1973-11-01,1973,11,23.298
Centre,1973-12-01,1973,12,22.802
Centre,1974-01-01,1974,1,23.503
Centre,1974-02-01,1974,2,24.681
Centre,1974-03-01,1974,3,24.422
Centre,1974-04-01,1974,4,23.623
Centre,1974-05-01,1974,5,22.833
Centre,1974-06-01,1974,6,22.451
Centre,1974-07-01,1974,7,21.702
Centre,1974-08-01,1974,8,22.018
Centre,1974-09-01,1974,9,21.818
Centre,1974-10-01,1974,10,22.22
Centre,1974-11-01,1974,11,22.764
Centre,1974-12-01,1974,12,22.888
Centre,1975-01-01,1975,1,24.029
Centre,1975-02-01,1975,2,24.523
Centre,1975-03-01,1975,3,24.52
Centre,1975-04-01,1975,4,23.712
Centre,1975-05-01,1975,5,23.42
Centre,1975-06-01,1975,6,22.68
Centre,1975-07-01,1975,7,21.673
Centre,1975-08-01,1975,8,21.544
Centre,1975-09-01,1975,9,21.676
Centre,1975-10-01,1975,10,21.973
Centre,1975-11-01,1975,11,22.489
Centre,1975-12-01,1975,12,22.571
Centre,1976-01-01,1976,1,23.59
Centre,1976-02-01,1976,2,23.491
Centre,1976-03-01,1976,3,24.185
Centre,1976-04-01,1976,4,23.782
Centre,1976-05-01,1976,5,23.402
Centre,1976-06-01,1976,6,22.467
Centre,1976-07-01,1976,7,21.678
Centre,1976-08-01,1976,8,21.59
Centre,1976-09-01,1976,9,22.431
Centre,1976-10-01,1976,10,22.536
Centre,1976-11-01,1976,11,22.489
Centre,1976-12-01,1976,12,23.457
Centre,1977-01-01,1977,1,24.01
Centre,1977-02-01,1977,2,25.151
Centre,1977-03-01,1977,3,25.719
Centre,1977-04-01,1977,4,24.676
Centre,1977-05-01,1977,5,23.814
Centre,1977-06-01,1977,6,22.795
Centre,1977-07-01,1977,7,22.257
Centre,1977-08-01,1977,8,22.287
Centre,1977-09-01,1977,9,22.606
Centre,1977-10-01,1977,10,23.118
Centre,1977-11-01,1977,11,23.578
Centre,1977-12-01,1977,12,23.523
Centre,1978-01-01,1978,1,24.222
Centre,1978-02-01,1978,2,25.783
Centre,1978-03-01,1978,3,24.731
Centre,1978-04-01,1978,4,23.943
Centre,1978-05-01,1978,5,23.585
Centre,1978-06-01,1978,6,22.708
Centre,1978-07-01,1978,7,22.019
Centre,1978-08-01,1978,8,22.165
Centre,1978-09-01,1978,9,22.085
Centre,1978-10-01,1978,10,22.618
Centre,1978-11-01,1978,11,23.398
Centre,1978-12-01,1978,12,23.681
Centre,1979-01-01,1979,1,24.183
Centre,1979-02-01,1979,2,24.895
Centre,1979-03-01,1979,3,24.47
Centre,1979-04-01,1979,4,23.877
Centre,1979-05-01,1979,5,23.592
Centre,1979-06-01,1979,6,22.853
Centre,1979-07-01,1979,7,22.467
Centre,1979-08-01,1979,8,22.359
Centre,1979-09-01,1979,9,22.408
Centre,1979-10-01,1979,10,22.689
Centre,1979-11-01,1979,11,22.973
Centre,1979-12-01,1979,12,23.348
Centre,1980-01-01,1980,1,24.569
Centre,1980-02-01,1980,2,25.206
Centre,1980-03-01,1980,3,25.178
Centre,1980-04-01,1980,4,24.537
Centre,1980-05-01,1980,5,23.754
Centre,1980-06-01,1980,6,23.022
Centre,1980-07-01,1980,7,22.092
Centre,1980-08-01,1980,8,22.301
Centre,1980-09-01,1980,9,22.536
Centre,1980-10-01,1980,10,22.662
Centre,1980-11-01,1980,11,22.646
Centre,1980-12-01,1980,12,23.209
Centre,1981-01-01,1981,1,23.904
Centre,1981-02-01,1981,2,25.331
Centre,1981-03-01,1981,3,24.971
Centre,1981-04-01,1981,4,24.379
Centre,1981-05-01,1981,5,23.318
Centre,1981-06-01,1981,6,23.078
Centre,1981-07-01,1981,7,21.921
Centre,1981-08-01,1981,8,21.923
Centre,1981-09-01,1981,9,22.138
Centre,1981-10-01,1981,10,22.571
Centre,1981-11-01,1981,11,22.957
Centre,1981-12-01,1981,12,23.624
Centre,1982-01-01,1982,1,24.093
Centre,1982-02-01,1982,2,24.753
Centre,1982-03-01,1982,3,24.39
Centre,1982-04-01,1982,4,24.218
Centre,1982-05-01,1982,5,23.496
Centre,1982-06-01,1982,6,22.858
Centre,1982-07-01,1982,7,22.084
Centre,1982-08-01,1982,8,21.97
Centre,1982-09-01,1982,9,22.418
Centre,1982-10-01,1982,10,22.208
Centre,1982-11-01,1982,11,23.19
Centre,1982-12-01,1982,12,23.548
Centre,1983-01-01,1983,1,23.22
Centre,1983-02-01,1983,2,26.278
Centre,1983-03-01,1983,3,27.032
Centre,1983-04-01,1983,4,25.578
Centre,1983-05-01,1983,5,24.51
Centre,1983-06-01,1983,6,23.16
Centre,1983-07-01,1983,7,22.339
Centre,1983-08-01,1983,8,22.005
Centre,1983-09-01,1983,9,22.609
Centre,1983-10-01,1983,10,22.572
Centre,1983-11-01,1983,11,22.978
Centre,1983-12-01,1983,12,22.878
Centre,1984-01-01,1984,1,23.66
Centre,1984-02-01,1984,2,25.618
Centre,1984-03-01,1984,3,24.614
Centre,1984-04-01,1984,4,24.027
Centre,1984-05-01,1984,5,23.633
Centre,1984-06-01,1984,6,22.869
Centre,1984-07-01,1984,7,22.505
Centre,1984-08-01,1984,8,22.76
Centre,1984-09-01,1984,9,22.253
Centre,1984-10-01,1984,10,22.822
Centre,1984-11-01,1984,11,22.953
Centre,1984-12-01,1984,12,23.022
Centre,1985-01-01,1985,1,24.233
Centre,1985-02-01,1985,2,24.863
Centre,1985-03-01,1985,3,24.78
Centre,1985-04-01,1985,4,23.705
Centre,1985-05-01,1985,5,23.224
Centre,1985-06-01,1985,6,22.54
Centre,1985-07-01,1985,7,22.006
Centre,1985-08-01,1985,8,22.08
Centre,1985-09-01,1985,9,22.212
Centre,1985-10-01,1985,10,22.377
Centre,1985-11-01,1985,11,23.272
Centre,1985-12-01,1985,12,23.215
Centre,1986-01-01,1986,1,24.262
Centre,1986-02-01,1986,2,24.988
Centre,1986-03-01,1986,3,24.162
Centre,1986-04-01,1986,4,24.538
Centre,1986-05-01,1986,5,24.015
Centre,1986-06-01,1986,6,23.141
Centre,1986-07-01,1986,7,22.086
Centre,1986-08-01,1986,8,22.519
Centre,1986-09-01,1986,9,22.322
Centre,1986-10-01,1986,10,22.458
Centre,1986-11-01,1986,11,22.909
Centre,1986-12-01,1986,12,23.274
Centre,1987-01-01,1987,1,24.639
Centre,1987-02-01,1987,2,25.986
Centre,1987-03-01,1987,3,25.569
Centre,1987-04-01,1987,4,24.92
Centre,1987-05-01,1987,5,24.16
Centre,1987-06-01,1987,6,23.397
Centre,1987-07-01,1987,7,23.376
Centre,1987-08-01,1987,8,22.951
Centre,1987-09-01,1987,9,23.063
Centre,1987-10-01,1987,10,23.113
Centre,1987-11-01,1987,11,23.824
Centre,1987-12-01,1987,12,24.254
Centre,1988-01-01,1988,1,24.791
Centre,1988-02-01,1988,2,26
Centre,1988-03-01,1988,3,25.45
Centre,1988-04-01,1988,4,24.715
Centre,1988-05-01,1988,5,24.095
Centre,1988-06-01,1988,6,23.069
Centre,1988-07-01,1988,7,22.121
Centre,1988-08-01,1988,8,22.633
Centre,1988-09-01,1988,9,22.431
Centre,1988-10-01,1988,10,22.87
Centre,1988-11-01,1988,11,23.6
Centre,1988-12-01,1988,12,23.171
Centre,1989-01-01,1989,1,23.074
Centre,1989-02-01,1989,2,24.876
Centre,1989-03-01,1989,3,25.348
Centre,1989-04-01,1989,4,24.71
Centre,1989-05-01,1989,5,23.476
Centre,1989-06-01,1989,6,23.136
Centre,1989-07-01,1989,7,22.314
Centre,1989-08-01,1989,8,22.165
Centre,1989-09-01,1989,9,22.597
Centre,1989-10-01,1989,10,22.643
Centre,1989-11-01,1989,11,23.646
Centre,1989-12-01,1989,12,23.64
Centre,1990-01-01,1990,1,24.341
Centre,1990-02-01,1990,2,25.395
Centre,1990-03-01,1990,3,26.508
Centre,1990-04-01,1990,4,24.983
Centre,1990-05-01,1990,5,23.695
Centre,1990-06-01,1990,6,23.419
Centre,1990-07-01,1990,7,22.176
Centre,1990-08-01,1990,8,22.33
Centre,1990-09-01,1990,9,22.466
Centre,1990-10-01,1990,10,22.911
Centre,1990-11-01,1990,11,23.121
Centre,1990-12-01,1990,12,23.844
Centre,1991-01-01,1991,1,24.832
Centre,1991-02-01,1991,2,25.821
Centre,1991-03-01,1991,3,25.328
Centre,1991-04-01,1991,4,23.884
Centre,1991-05-01,1991,5,23.559
Centre,1991-06-01,1991,6,23.44
Centre,1991-07-01,1991,7,22.65
Centre,1991-08-01,1991,8,22.476
Centre,1991-09-01,1991,9,22.63
Centre,1991-10-01,1991,10,22.12
Centre,1991-11-01,1991,11,22.888
Centre,1991-12-01,1991,12,23.872
Centre,1992-01-01,1992,1,24.368
Centre,1992-02-01,1992,2,25.636
Centre,1992-03-01,1992,3,25.196
Centre,1992-04-01,1992,4,24.311
Centre,1992-05-01,1992,5,23.889
Centre,1992-06-01,1992,6,22.879
Centre,1992-07-01,1992,7,22.278
Centre,1992-08-01,1992,8,22.042
Centre,1992-09-01,1992,9,22.402
Centre,1992-10-01,1992,10,22.511
Centre,1992-11-01,1992,11,23.242
Centre,1992-12-01,1992,12,23.783
Centre,1993-01-01,1993,1,23.929
Centre,1993-02-01,1993,2,25.446
Centre,1993-03-01,1993,3,25.011
Centre,1993-04-01,1993,4,24.818
Centre,1993-05-01,1993,5,24.205
Centre,1993-06-01,1993,6,23.324
Centre,1993-07-01,1993,7,22.726
Centre,1993-08-01,1993,8,22.583
Centre,1993-09-01,1993,9,22.713
Centre,1993-10-01,1993,10,23.265
Centre,1993-11-01,1993,11,23.5
Centre,1993-12-01,1993,12,23.806
Centre,1994-01-01,1994,1,24.263
Centre,1994-02-01,1994,2,25.308
Centre,1994-03-01,1994,3,25.824
Centre,1994-04-01,1994,4,24.748
Centre,1994-05-01,1994,5,23.984
Centre,1994-06-01,1994,6,23.292
Centre,1994-07-01,1994,7,22.566
Centre,1994-08-01,1994,8,22.62
Centre,1994-09-01,1994,9,22.812
Centre,1994-10-01,1994,10,22.836
Centre,1994-11-01,1994,11,23.322
Centre,1994-12-01,1994,12,24.23
Centre,1995-01-01,1995,1,24.857
Centre,1995-02-01,1995,2,25.174
Centre,1995-03-01,1995,3,25.181
Centre,1995-04-01,1995,4,24.845
Centre,1995-05-01,1995,5,23.937
Centre,1995-06-01,1995,6,23.509
Centre,1995-07-01,1995,7,22.767
Centre,1995-08-01,1995,8,22.991
Centre,1995-09-01,1995,9,22.831
Centre,1995-10-01,1995,10,22.692
Centre,1995-11-01,1995,11,23.668
Centre,1995-12-01,1995,12,24.014
Centre,1996-01-01,1996,1,25.117
Centre,1996-02-01,1996,2,25.955
Centre,1996-03-01,1996,3,24.797
Centre,1996-04-01,1996,4,24.204
Centre,1996-05-01,1996,5,23.746
Centre,1996-06-01,1996,6,23.064
Centre,1996-07-01,1996,7,22.537
Centre,1996-08-01,1996,8,22.519
Centre,1996-09-01,1996,9,22.757
Centre,1996-10-01,1996,10,22.591
Centre,1996-11-01,1996,11,23.976
Centre,1996-12-01,1996,12,24.23
Centre,1997-01-01,1997,1,25.16
Centre,1997-02-01,1997,2,25.895
Centre,1997-03-01,1997,3,25.927
Centre,1997-04-01,1997,4,23.975
Centre,1997-05-01,1997,5,23.721
Centre,1997-06-01,1997,6,23.109
Centre,1997-07-01,1997,7,22.676
Centre,1997-08-01,1997,8,22.847
Centre,1997-09-01,1997,9,22.983
Centre,1997-10-01,1997,10,23.274
Centre,1997-11-01,1997,11,23.495
Centre,1997-12-01,1997,12,24.106
Centre,1998-01-01,1998,1,25.278
Centre,1998-02-01,1998,2,27.22
Centre,1998-03-01,1998,3,27.238
Centre,1998-04-01,1998,4,26.234
Centre,1998-05-01,1998,5,25.215
Centre,1998-06-01,1998,6,24.055
Centre,1998-07-01,1998,7,23.139
Centre,1998-08-01,1998,8,22.884
Centre,1998-09-01,1998,9,22.934
Centre,1998-10-01,1998,10,23.075
Centre,1998-11-01,1998,11,23.863
Centre,1998-12-01,1998,12,24.254
Centre,1999-01-01,1999,1,24.439
Centre,1999-02-01,1999,2,25.296
Centre,1999-03-01,1999,3,25.262
Centre,1999-04-01,1999,4,24.317
Centre,1999-05-01,1999,5,23.461
Centre,1999-06-01,1999,6,23.192
Centre,1999-07-01,1999,7,22.432
Centre,1999-08-01,1999,8,22.562
Centre,1999-09-01,1999,9,22.293
Centre,1999-10-01,1999,10,22.158
Centre,1999-11-01,1999,11,23.213
Centre,1999-12-01,1999,12,23.899
Centre,2000-01-01,2000,1,24.863
Centre,2000-02-01,2000,2,25.515
Centre,2000-03-01,2000,3,25.936
Centre,2000-04-01,2000,4,24.12
Centre,2000-05-01,2000,5,23.796
Centre,2000-06-01,2000,6,22.77
Centre,2000-07-01,2000,7,22.363
Centre,2000-08-01,2000,8,22.286
Centre,2000-09-01,2000,9,22.422
Centre,2000-10-01,2000,10,22.701
Centre,2000-11-01,2000,11,23.375
Centre,2000-12-01,2000,12,23.821
Centre,2001-01-01,2001,1,24.518
Centre,2001-02-01,2001,2,25.993
Centre,2001-03-01,2001,3,25.237
Centre,2001-04-01,2001,4,24.422
Centre,2001-05-01,2001,5,24.011
Centre,2001-06-01,2001,6,22.943
Centre,2001-07-01,2001,7,22.149
Centre,2001-08-01,2001,8,22.148
Centre,2001-09-01,2001,9,22.475
Centre,2001-10-01,2001,10,23.216
Centre,2001-11-01,2001,11,23.632
Centre,2001-12-01,2001,12,24.499
Centre,2002-01-01,2002,1,24.64
Centre,2002-02-01,2002,2,25.945
Centre,2002-03-01,2002,3,25.31
Centre,2002-04-01,2002,4,24.546
Centre,2002-05-01,2002,5,24.297
Centre,2002-06-01,2002,6,23.303
Centre,2002-07-01,2002,7,23.088
Centre,2002-08-01,2002,8,22.738
Centre,2002-09-01,2002,9,22.971
Centre,2002-10-01,2002,10,22.706
Centre,2002-11-01,2002,11,23.435
Centre,2002-12-01,2002,12,24.356
Centre,2003-01-01,2003,1,25.491
Centre,2003-02-01,2003,2,26.692
Centre,2003-03-01,2003,3,26.579
Centre,2003-04-01,2003,4,24.883
Centre,2003-05-01,2003,5,24.486
Centre,2003-06-01,2003,6,23.178
Centre,2003-07-01,2003,7,22.759
Centre,2003-08-01,2003,8,22.926
Centre,2003-09-01,2003,9,22.781
Centre,2003-10-01,2003,10,23.172
Centre,2003-11-01,2003,11,23.686
Centre,2003-12-01,2003,12,24.631
Centre,2004-01-01,2004,1,25.617
Centre,2004-02-01,2004,2,26.275
Centre,2004-03-01,2004,3,26.698
Centre,2004-04-01,2004,4,24.783
Centre,2004-05-01,2004,5,24.019
Centre,2004-06-01,2004,6,22.938
Centre,2004-07-01,2004,7,22.845
Centre,2004-08-01,2004,8,22.769
Centre,2004-09-01,2004,9,22.923
Centre,2004-10-01,2004,10,23.08
Centre,2004-11-01,2004,11,23.522
Centre,2004-12-01,2004,12,24.723
Centre,2005-01-01,2005,1,25.174
Centre,2005-02-01,2005,2,27.068
Centre,2005-03-01,2005,3,25.758
Centre,2005-04-01,2005,4,25.752
Centre,2005-05-01,2005,5,24.219
Centre,2005-06-01,2005,6,23.584
Centre,2005-07-01,2005,7,22.951
Centre,2005-08-01,2005,8,22.563
Centre,2005-09-01,2005,9,23.179
Centre,2005-10-01,2005,10,22.992
Centre,2005-11-01,2005,11,24.437
Centre,2005-12-01,2005,12,24.397
Centre,2006-01-01,2006,1,25.967
Centre,2006-02-01,2006,2,26.355
Centre,2006-03-01,2006,3,25.628
Centre,2006-04-01,2006,4,25.002
Centre,2006-05-01,2006,5,23.83
Centre,2006-06-01,2006,6,23.688
Centre,2006-07-01,2006,7,23.047
Centre,2006-08-01,2006,8,22.908
Centre,2006-09-01,2006,9,22.857
Centre,2006-10-01,2006,10,23.477
Centre,2006-11-01,2006,11,23.753
Centre,2006-12-01,2006,12,24.513
Centre,2007-01-01,2007,1,24.725
Centre,2007-02-01,2007,2,26.826
Centre,2007-03-01,2007,3,26.879
Centre,2007-04-01,2007,4,24.693
Centre,2007-05-01,2007,5,24.171
Centre,2007-06-01,2007,6,23.123
Centre,2007-07-01,2007,7,22.91
Centre,2007-08-01,2007,8,22.642
Centre,2007-09-01,2007,9,22.938
Centre,2007-10-01,2007,10,22.809
Centre,2007-11-01,2007,11,23.467
Centre,2007-12-01,2007,12,24.257
Centre,2008-01-01,2008,1,25.148
Centre,2008-02-01,2008,2,26.165
Centre,2008-03-01,2008,3,25.389
Centre,2008-04-01,2008,4,24.146
Centre,2008-05-01,2008,5,23.971
Centre,2008-06-01,2008,6,23.492
Centre,2008-07-01,2008,7,22.846
Centre,2008-08-01,2008,8,22.935
Centre,2008-09-01,2008,9,23.3
Centre,2008-10-01,2008,10,23.637
Centre,2008-11-01,2008,11,24.385
Centre,2008-12-01,2008,12,24.341
Centre,2009-01-01,2009,1,25.392
Centre,2009-02-01,2009,2,25.942
Centre,2009-03-01,2009,3,26.647
Centre,2009-04-01,2009,4,24.986
Centre,2009-05-01,2009,5,24.128
Centre,2009-06-01,2009,6,23.52
Centre,2009-07-01,2009,7,23.318
Centre,2009-08-01,2009,8,23.314
Centre,2009-09-01,2009,9,23.538
Centre,2009-10-01,2009,10,23.296
Centre,2009-11-01,2009,11,23.91
Centre,2009-12-01,2009,12,25.338
Centre,2010-01-01,2010,1,26.383
Centre,2010-02-01,2010,2,27.261
Centre,2010-03-01,2010,3,26.654
Centre,2010-04-01,2010,4,26.359
Centre,2010-05-01,2010,5,25.039
Centre,2010-06-01,2010,6,24.04
Centre,2010-07-01,2010,7,23.184
Centre,2010-08-01,2010,8,23.378
Centre,2010-09-01,2010,9,23.286
Centre,2010-10-01,2010,10,23.327
Centre,2010-11-01,2010,11,23.815
Centre,2010-12-01,2010,12,24.247
Centre,2011-01-01,2011,1,24.713
Centre,2011-02-01,2011,2,25.282
Centre,2011-03-01,2011,3,26.431
Centre,2011-04-01,2011,4,25.172
Centre,2011-05-01,2011,5,24.558
Centre,2011-06-01,2011,6,23.527
Centre,2011-07-01,2011,7,22.975
Centre,2011-08-01,2011,8,22.747
Centre,2011-09-01,2011,9,23.044
Centre,2011-10-01,2011,10,23.062
Centre,2011-11-01,2011,11,23.595
Centre,2011-12-01,2011,12,24.455
Centre,2012-01-01,2012,1,25.313
Centre,2012-02-01,2012,2,25.441
Centre,2012-03-01,2012,3,26.734
Centre,2012-04-01,2012,4,25.121
Centre,2012-05-01,2012,5,24.187
Centre,2012-06-01,2012,6,23.424
Centre,2012-07-01,2012,7,22.766
Centre,2012-08-01,2012,8,22.781
Centre,2012-09-01,2012,9,23.026
Centre,2012-10-01,2012,10,23.263
Centre,2012-11-01,2012,11,23.994
Centre,2012-12-01,2012,12,24.69
Centre,2013-01-01,2013,1,26.022
Centre,2013-02-01,2013,2,26.831
Centre,2013-03-01,2013,3,25.536
Centre,2013-04-01,2013,4,24.8
Centre,2013-05-01,2013,5,24.421
Centre,2013-06-01,2013,6,23.681
Centre,2013-07-01,2013,7,22.61
Centre,2013-08-01,2013,8,22.557
Centre,2013-09-01,2013,9,23.128
Centre,2013-10-01,2013,10,23.102
Centre,2013-11-01,2013,11,23.737
Centre,2013-12-01,2013,12,23.592
Centre,2014-01-01,2014,1,25.401
Centre,2014-02-01,2014,2,26.571
Centre,2014-03-01,2014,3,25.726
Centre,2014-04-01,2014,4,24.59
Centre,2014-05-01,2014,5,24.296
Centre,2014-06-01,2014,6,23.94
Centre,2014-07-01,2014,7,23.004
Centre,2014-08-01,2014,8,22.658
Centre,2014-09-01,2014,9,22.976
Centre,2014-10-01,2014,10,23.455
Centre,2014-11-01,2014,11,23.8
Centre,2014-12-01,2014,12,24.53
Centre,2015-01-01,2015,1,24.567
Centre,2015-02-01,2015,2,26.223
Centre,2015-03-01,2015,3,26.19
Centre,2015-04-01,2015,4,25.539
Centre,2015-05-01,2015,5,24.814
Centre,2015-06-01,2015,6,23.567
Centre,2015-07-01,2015,7,23.383
Centre,2015-08-01,2015,8,23.496
Centre,2015-09-01,2015,9,23.406
Centre,2015-10-01,2015,10,23.516
Centre,2015-11-01,2015,11,24.073
Centre,2015-12-01,2015,12,24.326
Centre,2016-01-01,2016,1,25.778
Centre,2016-02-01,2016,2,27.549
Centre,2016-03-01,2016,3,26.14
Centre,2016-04-01,2016,4,25.412
Centre,2016-05-01,2016,5,24.604
Centre,2016-06-01,2016,6,23.784
Centre,2016-07-01,2016,7,23.494
Centre,2016-08-01,2016,8,23.238
Centre,2016-09-01,2016,9,23.465
Centre,2016-10-01,2016,10,23.737
Centre,2016-11-01,2016,11,24.306
Centre,2016-12-01,2016,12,24.809
Centre,2017-01-01,2017,1,25.966
Centre,2017-02-01,2017,2,26.952
Centre,2017-03-01,2017,3,26.859
Centre,2017-04-01,2017,4,25.104
Centre,2017-05-01,2017,5,24.395
Centre,2017-06-01,2017,6,24.099
Centre,2017-07-01,2017,7,23.452
Centre,2017-08-01,2017,8,23.227
Centre,2017-09-01,2017,9,23.398
Centre,2017-10-01,2017,10,23.602
Centre,2017-11-01,2017,11,23.825
Centre,2017-12-01,2017,12,25.124
Centre,2018-01-01,2018,1,25.209
Centre,2018-02-01,2018,2,26.452
Centre,2018-03-01,2018,3,25.521
Centre,2018-04-01,2018,4,24.885
Centre,2018-05-01,2018,5,24.395
Centre,2018-06-01,2018,6,23.992
Centre,2018-07-01,2018,7,23.584
Centre,2018-08-01,2018,8,23.477
Centre,2018-09-01,2018,9,23.67
Centre,2018-10-01,2018,10,23.547
Centre,2018-11-01,2018,11,24.273
Centre,2018-12-01,2018,12,25.059
Centre,2019-01-01,2019,1,26.208
Centre,2019-02-01,2019,2,26.852
Centre,2019-03-01,2019,3,26.209
Centre,2019-04-01,2019,4,25.517
Centre,2019-05-01,2019,5,24.838
Centre,2019-06-01,2019,6,23.992
Centre,2019-07-01,2019,7,23.358
Centre,2019-08-01,2019,8,23.475
Centre,2019-09-01,2019,9,23.752
Centre,2019-10-01,2019,10,23.472
Centre,2019-11-01,2019,11,24.272
Centre,2019-12-01,2019,12,25.136
Centre,2020-01-01,2020,1,25.874
Centre,2020-02-01,2020,2,27.315
Centre,2020-03-01,2020,3,27.204
Centre,2020-04-01,2020,4,25.455
Centre,2020-05-01,2020,5,25.276
Centre,2020-06-01,2020,6,24.104
Centre,2020-07-01,2020,7,23.453
Centre,2020-08-01,2020,8,23.764
Centre,2020-09-01,2020,9,23.216
Centre,2020-10-01,2020,10,23.659
Centre,2020-11-01,2020,11,24.685
Centre,2020-12-01,2020,12,25.463
Centre,2021-01-01,2021,1,25.976
Centre,2021-02-01,2021,2,26.832
Centre,2021-03-01,2021,3,25.823
Centre,2021-04-01,2021,4,25.401
Centre,2021-05-01,2021,5,24.443
Centre,2021-06-01,2021,6,24.154
Centre,2021-07-01,2021,7,23.607
Centre,2021-08-01,2021,8,23.616
Centre,2021-09-01,2021,9,23.66
Centre,2021-10-01,2021,10,23.976
Centre,2021-11-01,2021,11,24.287
Centre,2021-12-01,2021,12,24.957
Centre,2022-01-01,2022,1,25.133
Centre,2022-02-01,2022,2,26.309
Centre,2022-03-01,2022,3,26.695
Centre,2022-04-01,2022,4,25.143
Centre,2022-05-01,2022,5,24.492
Centre,2022-06-01,2022,6,23.565
Centre,2022-07-01,2022,7,23.234
Centre,2022-08-01,2022,8,23.213
Centre,2022-09-01,2022,9,23.421
Centre,2022-10-01,2022,10,23.418
Centre,2022-11-01,2022,11,24.649
Centre,2022-12-01,2022,12,24.812
Centre,2023-01-01,2023,1,25.925
Centre,2023-02-01,2023,2,27.109
Centre,2023-03-01,2023,3,26.133
Centre,2023-04-01,2023,4,25.053
Centre,2023-05-01,2023,5,25.403
Centre,2023-06-01,2023,6,24.205
Centre,2023-07-01,2023,7,24.162
Centre,2023-08-01,2023,8,23.855
Centre,2023-09-01,2023,9,23.964
Centre,2023-10-01,2023,10,24.108
Centre,2023-11-01,2023,11,24.126
Centre,2023-12-01,2023,12,24.818
Centre,2024-01-01,2024,1,25.536
Centre,2024-02-01,2024,2,27.449
Centre,2024-03-01,2024,3,27.29
Centre,2024-04-01,2024,4,26.3
Centre,2024-05-01,2024,5,26.287
Centre,2024-06-01,2024,6,24.779
Centre,2024-07-01,2024,7,23.887
Centre,2024-08-01,2024,8,23.62
Centre,2024-09-01,2024,9,23.764
Centre,2024-10-01,2024,10,23.759
Centre,2024-11-01,2024,11,25.019
Centre,2024-12-01,2024,12,25.722
Centre,2025-01-01,2025,1,26.076
Centre,2025-02-01,2025,2,27.565
Centre,2025-03-01,2025,3,27.121
Centre,2025-04-01,2025,4,25.328
Centre,2025-05-01,2025,5,24.81
Centre,2025-06-01,2025,6,24.353
Centre,2025-07-01,2025,7,23.189
Centre,2025-08-01,2025,8,22.928
Centre,2025-09-01,2025,9,23.551
Centre,2025-10-01,2025,10,23.472
Centre,2025-11-01,2025,11,24.493
Centre,2025-12-01,2025,12,25.463
Centre,2026-01-01,2026,1,25.87
Centre,2026-02-01,2026,2,25.884
Centre,2026-03-01,2026,3,25.754
Centre,2026-04-01,2026,4,25.029
Centre,2026-05-01,2026,5,25.024
Centre,2026-06-01,2026,6,23.983
Est,1940-01-01,1940,1,23.663
Est,1940-02-01,1940,2,24.093
Est,1940-03-01,1940,3,23.991
Est,1940-04-01,1940,4,23.263
Est,1940-05-01,1940,5,23.211
Est,1940-06-01,1940,6,22.988
Est,1940-07-01,1940,7,22.982
Est,1940-08-01,1940,8,23.13
Est,1940-09-01,1940,9,22.504
Est,1940-10-01,1940,10,22.124
Est,1940-11-01,1940,11,21.967
Est,1940-12-01,1940,12,23.289
Est,1941-01-01,1941,1,24.149
Est,1941-02-01,1941,2,25.664
Est,1941-03-01,1941,3,25.654
Est,1941-04-01,1941,4,24.879
Est,1941-05-01,1941,5,23.434
Est,1941-06-01,1941,6,23.339
Est,1941-07-01,1941,7,22.696
Est,1941-08-01,1941,8,22.99
Est,1941-09-01,1941,9,22.503
Est,1941-10-01,1941,10,22.545
Est,1941-11-01,1941,11,22.494
Est,1941-12-01,1941,12,23.836
Est,1942-01-01,1942,1,24.626
Est,1942-02-01,1942,2,24.897
Est,1942-03-01,1942,3,24.175
Est,1942-04-01,1942,4,23.233
Est,1942-05-01,1942,5,22.936
Est,1942-06-01,1942,6,22.664
Est,1942-07-01,1942,7,22.418
Est,1942-08-01,1942,8,22.551
Est,1942-09-01,1942,9,22.457
Est,1942-10-01,1942,10,22.198
Est,1942-11-01,1942,11,22.596
Est,1942-12-01,1942,12,22.767
Est,1943-01-01,1943,1,23.589
Est,1943-02-01,1943,2,24.634
Est,1943-03-01,1943,3,23.834
Est,1943-04-01,1943,4,23.138
Est,1943-05-01,1943,5,22.714
Est,1943-06-01,1943,6,22.962
Est,1943-07-01,1943,7,22.932
Est,1943-08-01,1943,8,23.402
Est,1943-09-01,1943,9,22.862
Est,1943-10-01,1943,10,22.813
Est,1943-11-01,1943,11,22.205
Est,1943-12-01,1943,12,23.505
Est,1944-01-01,1944,1,24.726
Est,1944-02-01,1944,2,25.742
Est,1944-03-01,1944,3,24.06
Est,1944-04-01,1944,4,23.474
Est,1944-05-01,1944,5,23.157
Est,1944-06-01,1944,6,22.88
Est,1944-07-01,1944,7,22.944
Est,1944-08-01,1944,8,23.219
Est,1944-09-01,1944,9,22.863
Est,1944-10-01,1944,10,22.408
Est,1944-11-01,1944,11,23.248
Est,1944-12-01,1944,12,24.315
Est,1945-01-01,1945,1,24.966
Est,1945-02-01,1945,2,25.791
Est,1945-03-01,1945,3,24.997
Est,1945-04-01,1945,4,24.216
Est,1945-05-01,1945,5,22.665
Est,1945-06-01,1945,6,22.748
Est,1945-07-01,1945,7,22.341
Est,1945-08-01,1945,8,22.486
Est,1945-09-01,1945,9,22.435
Est,1945-10-01,1945,10,22.026
Est,1945-11-01,1945,11,22.672
Est,1945-12-01,1945,12,23.353
Est,1946-01-01,1946,1,25.126
Est,1946-02-01,1946,2,26.395
Est,1946-03-01,1946,3,24.838
Est,1946-04-01,1946,4,23.736
Est,1946-05-01,1946,5,22.937
Est,1946-06-01,1946,6,22.256
Est,1946-07-01,1946,7,22.413
Est,1946-08-01,1946,8,22.835
Est,1946-09-01,1946,9,22.067
Est,1946-10-01,1946,10,21.57
Est,1946-11-01,1946,11,22.387
Est,1946-12-01,1946,12,23.34
Est,1947-01-01,1947,1,24.499
Est,1947-02-01,1947,2,24.484
Est,1947-03-01,1947,3,25.115
Est,1947-04-01,1947,4,23.904
Est,1947-05-01,1947,5,23.154
Est,1947-06-01,1947,6,22.872
Est,1947-07-01,1947,7,22.869
Est,1947-08-01,1947,8,22.888
Est,1947-09-01,1947,9,22.919
Est,1947-10-01,1947,10,22.421
Est,1947-11-01,1947,11,22.412
Est,1947-12-01,1947,12,22.948
Est,1948-01-01,1948,1,24.163
Est,1948-02-01,1948,2,24.719
Est,1948-03-01,1948,3,24.277
Est,1948-04-01,1948,4,23.328
Est,1948-05-01,1948,5,23.491
Est,1948-06-01,1948,6,22.952
Est,1948-07-01,1948,7,22.583
Est,1948-08-01,1948,8,22.49
Est,1948-09-01,1948,9,22.084
Est,1948-10-01,1948,10,21.797
Est,1948-11-01,1948,11,22.284
Est,1948-12-01,1948,12,23.077
Est,1949-01-01,1949,1,24.933
Est,1949-02-01,1949,2,25.465
Est,1949-03-01,1949,3,25.212
Est,1949-04-01,1949,4,24.276
Est,1949-05-01,1949,5,23.5
Est,1949-06-01,1949,6,22.962
Est,1949-07-01,1949,7,22.614
Est,1949-08-01,1949,8,22.765
Est,1949-09-01,1949,9,22.666
Est,1949-10-01,1949,10,22.707
Est,1949-11-01,1949,11,22.976
Est,1949-12-01,1949,12,23.772
Est,1950-01-01,1950,1,24.328
Est,1950-02-01,1950,2,24.855
Est,1950-03-01,1950,3,23.887
Est,1950-04-01,1950,4,24.123
Est,1950-05-01,1950,5,23.614
Est,1950-06-01,1950,6,23.073
Est,1950-07-01,1950,7,22.791
Est,1950-08-01,1950,8,22.977
Est,1950-09-01,1950,9,23.397
Est,1950-10-01,1950,10,22.476
Est,1950-11-01,1950,11,22.517
Est,1950-12-01,1950,12,23.294
Est,1951-01-01,1951,1,23.809
Est,1951-02-01,1951,2,23.513
Est,1951-03-01,1951,3,23.586
Est,1951-04-01,1951,4,23.612
Est,1951-05-01,1951,5,23.576
Est,1951-06-01,1951,6,22.841
Est,1951-07-01,1951,7,22.602
Est,1951-08-01,1951,8,22.634
Est,1951-09-01,1951,9,22.741
Est,1951-10-01,1951,10,22.633
Est,1951-11-01,1951,11,22.593
Est,1951-12-01,1951,12,23.868
Est,1952-01-01,1952,1,24.983
Est,1952-02-01,1952,2,24.515
Est,1952-03-01,1952,3,24.26
Est,1952-04-01,1952,4,23.662
Est,1952-05-01,1952,5,23.553
Est,1952-06-01,1952,6,23.222
Est,1952-07-01,1952,7,22.216
Est,1952-08-01,1952,8,22.71
Est,1952-09-01,1952,9,22.321
Est,1952-10-01,1952,10,22.259
Est,1952-11-01,1952,11,22.144
Est,1952-12-01,1952,12,23.517
Est,1953-01-01,1953,1,24.506
Est,1953-02-01,1953,2,24.463
Est,1953-03-01,1953,3,23.83
Est,1953-04-01,1953,4,23.676
Est,1953-05-01,1953,5,23.084
Est,1953-06-01,1953,6,22.577
Est,1953-07-01,1953,7,22.404
Est,1953-08-01,1953,8,22.838
Est,1953-09-01,1953,9,22.525
Est,1953-10-01,1953,10,22.28
Est,1953-11-01,1953,11,22.5
Est,1953-12-01,1953,12,23.793
Est,1954-01-01,1954,1,24.183
Est,1954-02-01,1954,2,24.19
Est,1954-03-01,1954,3,24.037
Est,1954-04-01,1954,4,23.524
Est,1954-05-01,1954,5,23.376
Est,1954-06-01,1954,6,22.451
Est,1954-07-01,1954,7,22.108
Est,1954-08-01,1954,8,22.605
Est,1954-09-01,1954,9,22.113
Est,1954-10-01,1954,10,21.922
Est,1954-11-01,1954,11,22.206
Est,1954-12-01,1954,12,23.17
Est,1955-01-01,1955,1,24.134
Est,1955-02-01,1955,2,24.913
Est,1955-03-01,1955,3,24.037
Est,1955-04-01,1955,4,23.47
Est,1955-05-01,1955,5,23.052
Est,1955-06-01,1955,6,22.422
Est,1955-07-01,1955,7,22.022
Est,1955-08-01,1955,8,22.533
Est,1955-09-01,1955,9,22.318
Est,1955-10-01,1955,10,22.342
Est,1955-11-01,1955,11,22.704
Est,1955-12-01,1955,12,23.204
Est,1956-01-01,1956,1,24.078
Est,1956-02-01,1956,2,24.465
Est,1956-03-01,1956,3,23.402
Est,1956-04-01,1956,4,23.634
Est,1956-05-01,1956,5,23.414
Est,1956-06-01,1956,6,22.555
Est,1956-07-01,1956,7,22.031
Est,1956-08-01,1956,8,23.317
Est,1956-09-01,1956,9,22.171
Est,1956-10-01,1956,10,21.989
Est,1956-11-01,1956,11,22.018
Est,1956-12-01,1956,12,23.031
Est,1957-01-01,1957,1,23.634
Est,1957-02-01,1957,2,24.92
Est,1957-03-01,1957,3,24.35
Est,1957-04-01,1957,4,23.708
Est,1957-05-01,1957,5,23.711
Est,1957-06-01,1957,6,22.993
Est,1957-07-01,1957,7,22.603
Est,1957-08-01,1957,8,22.646
Est,1957-09-01,1957,9,22.858
Est,1957-10-01,1957,10,22.348
Est,1957-11-01,1957,11,23.137
Est,1957-12-01,1957,12,23.749
Est,1958-01-01,1958,1,25.347
Est,1958-02-01,1958,2,25.997
Est,1958-03-01,1958,3,25.617
Est,1958-04-01,1958,4,24.166
Est,1958-05-01,1958,5,23.412
Est,1958-06-01,1958,6,22.647
Est,1958-07-01,1958,7,22.524
Est,1958-08-01,1958,8,22.355
Est,1958-09-01,1958,9,22.519
Est,1958-10-01,1958,10,22.452
Est,1958-11-01,1958,11,22.662
Est,1958-12-01,1958,12,23.75
Est,1959-01-01,1959,1,24.875
Est,1959-02-01,1959,2,25.895
Est,1959-03-01,1959,3,25.961
Est,1959-04-01,1959,4,24.382
Est,1959-05-01,1959,5,23.577
Est,1959-06-01,1959,6,23.253
Est,1959-07-01,1959,7,22.76
Est,1959-08-01,1959,8,22.465
Est,1959-09-01,1959,9,22.346
Est,1959-10-01,1959,10,22.681
Est,1959-11-01,1959,11,23.171
Est,1959-12-01,1959,12,23.996
Est,1960-01-01,1960,1,24.983
Est,1960-02-01,1960,2,25.209
Est,1960-03-01,1960,3,25.277
Est,1960-04-01,1960,4,23.998
Est,1960-05-01,1960,5,23.573
Est,1960-06-01,1960,6,23.094
Est,1960-07-01,1960,7,22.392
Est,1960-08-01,1960,8,22.659
Est,1960-09-01,1960,9,22.289
Est,1960-10-01,1960,10,22.537
Est,1960-11-01,1960,11,23.143
Est,1960-12-01,1960,12,23.7
Est,1961-01-01,1961,1,24.371
Est,1961-02-01,1961,2,25.019
Est,1961-03-01,1961,3,25.761
Est,1961-04-01,1961,4,23.908
Est,1961-05-01,1961,5,23.833
Est,1961-06-01,1961,6,22.913
Est,1961-07-01,1961,7,22.066
Est,1961-08-01,1961,8,22.333
Est,1961-09-01,1961,9,21.97
Est,1961-10-01,1961,10,22.087
Est,1961-11-01,1961,11,22.529
Est,1961-12-01,1961,12,23.636
Est,1962-01-01,1962,1,24.546
Est,1962-02-01,1962,2,25.599
Est,1962-03-01,1962,3,23.875
Est,1962-04-01,1962,4,23.697
Est,1962-05-01,1962,5,23.328
Est,1962-06-01,1962,6,22.452
Est,1962-07-01,1962,7,22.8
Est,1962-08-01,1962,8,22.539
Est,1962-09-01,1962,9,22.091
Est,1962-10-01,1962,10,22.095
Est,1962-11-01,1962,11,22.45
Est,1962-12-01,1962,12,23.5
Est,1963-01-01,1963,1,24.137
Est,1963-02-01,1963,2,25.053
Est,1963-03-01,1963,3,24.883
Est,1963-04-01,1963,4,23.933
Est,1963-05-01,1963,5,23.745
Est,1963-06-01,1963,6,23.536
Est,1963-07-01,1963,7,22.822
Est,1963-08-01,1963,8,23.104
Est,1963-09-01,1963,9,23.045
Est,1963-10-01,1963,10,22.837
Est,1963-11-01,1963,11,23.053
Est,1963-12-01,1963,12,23.718
Est,1964-01-01,1964,1,24.38
Est,1964-02-01,1964,2,25.461
Est,1964-03-01,1964,3,25.495
Est,1964-04-01,1964,4,24.679
Est,1964-05-01,1964,5,24.778
Est,1964-06-01,1964,6,23.746
Est,1964-07-01,1964,7,23.134
Est,1964-08-01,1964,8,22.884
Est,1964-09-01,1964,9,22.433
Est,1964-10-01,1964,10,22.546
Est,1964-11-01,1964,11,22.804
Est,1964-12-01,1964,12,22.914
Est,1965-01-01,1965,1,23.404
Est,1965-02-01,1965,2,23.915
Est,1965-03-01,1965,3,23.871
Est,1965-04-01,1965,4,24.255
Est,1965-05-01,1965,5,24.672
Est,1965-06-01,1965,6,23.256
Est,1965-07-01,1965,7,23.13
Est,1965-08-01,1965,8,22.991
Est,1965-09-01,1965,9,22.548
Est,1965-10-01,1965,10,22.801
Est,1965-11-01,1965,11,23.315
Est,1965-12-01,1965,12,23.613
Est,1966-01-01,1966,1,24.383
Est,1966-02-01,1966,2,25.362
Est,1966-03-01,1966,3,25.815
Est,1966-04-01,1966,4,25.034
Est,1966-05-01,1966,5,24.355
Est,1966-06-01,1966,6,24.088
Est,1966-07-01,1966,7,23.645
Est,1966-08-01,1966,8,23.097
Est,1966-09-01,1966,9,22.548
Est,1966-10-01,1966,10,22.615
Est,1966-11-01,1966,11,23.037
Est,1966-12-01,1966,12,23.019
Est,1967-01-01,1967,1,22.711
Est,1967-02-01,1967,2,23.952
Est,1967-03-01,1967,3,23.946
Est,1967-04-01,1967,4,23.936
Est,1967-05-01,1967,5,23.385
Est,1967-06-01,1967,6,22.281
Est,1967-07-01,1967,7,22.08
Est,1967-08-01,1967,8,22.064
Est,1967-09-01,1967,9,22.116
Est,1967-10-01,1967,10,22.225
Est,1967-11-01,1967,11,23.336
Est,1967-12-01,1967,12,22.966
Est,1968-01-01,1968,1,22.948
Est,1968-02-01,1968,2,24.288
Est,1968-03-01,1968,3,23.592
Est,1968-04-01,1968,4,23.693
Est,1968-05-01,1968,5,23.053
Est,1968-06-01,1968,6,22.463
Est,1968-07-01,1968,7,22.147
Est,1968-08-01,1968,8,22.646
Est,1968-09-01,1968,9,22.438
Est,1968-10-01,1968,10,22.893
Est,1968-11-01,1968,11,22.92
Est,1968-12-01,1968,12,23.257
Est,1969-01-01,1969,1,23.282
Est,1969-02-01,1969,2,24.633
Est,1969-03-01,1969,3,23.838
Est,1969-04-01,1969,4,24.283
Est,1969-05-01,1969,5,23.82
Est,1969-06-01,1969,6,23.11
Est,1969-07-01,1969,7,22.214
Est,1969-08-01,1969,8,22.342
Est,1969-09-01,1969,9,22.45
Est,1969-10-01,1969,10,22.45
Est,1969-11-01,1969,11,22.903
Est,1969-12-01,1969,12,22.985
Est,1970-01-01,1970,1,23.522
Est,1970-02-01,1970,2,24.808
Est,1970-03-01,1970,3,24.325
Est,1970-04-01,1970,4,24.24
Est,1970-05-01,1970,5,23.562
Est,1970-06-01,1970,6,22.918
Est,1970-07-01,1970,7,22.185
Est,1970-08-01,1970,8,22.301
Est,1970-09-01,1970,9,22.245
Est,1970-10-01,1970,10,22.515
Est,1970-11-01,1970,11,23.2
Est,1970-12-01,1970,12,22.916
Est,1971-01-01,1971,1,22.968
Est,1971-02-01,1971,2,23.821
Est,1971-03-01,1971,3,23.881
Est,1971-04-01,1971,4,23.553
Est,1971-05-01,1971,5,23.601
Est,1971-06-01,1971,6,22.653
Est,1971-07-01,1971,7,21.948
Est,1971-08-01,1971,8,22.117
Est,1971-09-01,1971,9,22.105
Est,1971-10-01,1971,10,22.365
Est,1971-11-01,1971,11,22.886
Est,1971-12-01,1971,12,22.055
Est,1972-01-01,1972,1,23.507
Est,1972-02-01,1972,2,24.207
Est,1972-03-01,1972,3,23.708
Est,1972-04-01,1972,4,23.489
Est,1972-05-01,1972,5,23.417
Est,1972-06-01,1972,6,22.428
Est,1972-07-01,1972,7,22.668
Est,1972-08-01,1972,8,22.362
Est,1972-09-01,1972,9,22.664
Est,1972-10-01,1972,10,22.774
Est,1972-11-01,1972,11,23.394
Est,1972-12-01,1972,12,24.212
Est,1973-01-01,1973,1,24.711
Est,1973-02-01,1973,2,25.584
Est,1973-03-01,1973,3,24.769
Est,1973-04-01,1973,4,24.229
Est,1973-05-01,1973,5,23.305
Est,1973-06-01,1973,6,23.394
Est,1973-07-01,1973,7,22.58
Est,1973-08-01,1973,8,22.35
Est,1973-09-01,1973,9,22.492
Est,1973-10-01,1973,10,22.556
Est,1973-11-01,1973,11,22.996
Est,1973-12-01,1973,12,22.387
Est,1974-01-01,1974,1,22.976
Est,1974-02-01,1974,2,23.925
Est,1974-03-01,1974,3,23.811
Est,1974-04-01,1974,4,23.602
Est,1974-05-01,1974,5,22.868
Est,1974-06-01,1974,6,22.574
Est,1974-07-01,1974,7,21.909
Est,1974-08-01,1974,8,22.214
Est,1974-09-01,1974,9,21.837
Est,1974-10-01,1974,10,22.191
Est,1974-11-01,1974,11,22.579
Est,1974-12-01,1974,12,22.502
Est,1975-01-01,1975,1,23.652
Est,1975-02-01,1975,2,23.855
Est,1975-03-01,1975,3,23.959
Est,1975-04-01,1975,4,23.798
Est,1975-05-01,1975,5,23.378
Est,1975-06-01,1975,6,22.69
Est,1975-07-01,1975,7,21.927
Est,1975-08-01,1975,8,21.826
Est,1975-09-01,1975,9,21.822
Est,1975-10-01,1975,10,22.09
Est,1975-11-01,1975,11,22.29
Est,1975-12-01,1975,12,22.362
Est,1976-01-01,1976,1,23.041
Est,1976-02-01,1976,2,23.213
Est,1976-03-01,1976,3,23.586
Est,1976-04-01,1976,4,23.653
Est,1976-05-01,1976,5,23.25
Est,1976-06-01,1976,6,22.372
Est,1976-07-01,1976,7,21.911
Est,1976-08-01,1976,8,21.85
Est,1976-09-01,1976,9,22.585
Est,1976-10-01,1976,10,22.54
Est,1976-11-01,1976,11,22.238
Est,1976-12-01,1976,12,22.945
Est,1977-01-01,1977,1,23.186
Est,1977-02-01,1977,2,24.078
Est,1977-03-01,1977,3,24.798
Est,1977-04-01,1977,4,24.552
Est,1977-05-01,1977,5,23.651
Est,1977-06-01,1977,6,22.601
Est,1977-07-01,1977,7,22.328
Est,1977-08-01,1977,8,22.589
Est,1977-09-01,1977,9,22.657
Est,1977-10-01,1977,10,22.979
Est,1977-11-01,1977,11,23.083
Est,1977-12-01,1977,12,22.769
Est,1978-01-01,1978,1,23.699
Est,1978-02-01,1978,2,25.055
Est,1978-03-01,1978,3,24.553
Est,1978-04-01,1978,4,23.64
Est,1978-05-01,1978,5,23.527
Est,1978-06-01,1978,6,22.535
Est,1978-07-01,1978,7,22.184
Est,1978-08-01,1978,8,22.484
Est,1978-09-01,1978,9,22.266
Est,1978-10-01,1978,10,22.593
Est,1978-11-01,1978,11,23.192
Est,1978-12-01,1978,12,23.042
Est,1979-01-01,1979,1,23.358
Est,1979-02-01,1979,2,23.944
Est,1979-03-01,1979,3,24.117
Est,1979-04-01,1979,4,23.863
Est,1979-05-01,1979,5,23.472
Est,1979-06-01,1979,6,22.861
Est,1979-07-01,1979,7,22.392
Est,1979-08-01,1979,8,22.656
Est,1979-09-01,1979,9,22.587
Est,1979-10-01,1979,10,22.727
Est,1979-11-01,1979,11,22.655
Est,1979-12-01,1979,12,23.231
Est,1980-01-01,1980,1,23.927
Est,1980-02-01,1980,2,24.529
Est,1980-03-01,1980,3,24.68
Est,1980-04-01,1980,4,24.458
Est,1980-05-01,1980,5,23.636
Est,1980-06-01,1980,6,22.986
Est,1980-07-01,1980,7,22.297
Est,1980-08-01,1980,8,22.485
Est,1980-09-01,1980,9,22.639
Est,1980-10-01,1980,10,22.753
Est,1980-11-01,1980,11,22.451
Est,1980-12-01,1980,12,22.631
Est,1981-01-01,1981,1,23.306
Est,1981-02-01,1981,2,24.623
Est,1981-03-01,1981,3,24.474
Est,1981-04-01,1981,4,24.144
Est,1981-05-01,1981,5,23.279
Est,1981-06-01,1981,6,23.049
Est,1981-07-01,1981,7,22.223
Est,1981-08-01,1981,8,22.386
Est,1981-09-01,1981,9,22.416
Est,1981-10-01,1981,10,22.649
Est,1981-11-01,1981,11,22.799
Est,1981-12-01,1981,12,23.024
Est,1982-01-01,1982,1,23.276
Est,1982-02-01,1982,2,23.98
Est,1982-03-01,1982,3,24.108
Est,1982-04-01,1982,4,24.189
Est,1982-05-01,1982,5,23.424
Est,1982-06-01,1982,6,22.859
Est,1982-07-01,1982,7,22.363
Est,1982-08-01,1982,8,22.331
Est,1982-09-01,1982,9,22.547
Est,1982-10-01,1982,10,22.236
Est,1982-11-01,1982,11,22.967
Est,1982-12-01,1982,12,23.259
Est,1983-01-01,1983,1,22.989
Est,1983-02-01,1983,2,25.575
Est,1983-03-01,1983,3,26.266
Est,1983-04-01,1983,4,25.22
Est,1983-05-01,1983,5,24.479
Est,1983-06-01,1983,6,23.249
Est,1983-07-01,1983,7,22.578
Est,1983-08-01,1983,8,22.475
Est,1983-09-01,1983,9,22.929
Est,1983-10-01,1983,10,22.446
Est,1983-11-01,1983,11,22.657
Est,1983-12-01,1983,12,22.487
Est,1984-01-01,1984,1,23.18
Est,1984-02-01,1984,2,24.999
Est,1984-03-01,1984,3,24.44
Est,1984-04-01,1984,4,24.174
Est,1984-05-01,1984,5,23.448
Est,1984-06-01,1984,6,23.029
Est,1984-07-01,1984,7,22.515
Est,1984-08-01,1984,8,22.824
Est,1984-09-01,1984,9,22.335
Est,1984-10-01,1984,10,22.734
Est,1984-11-01,1984,11,22.511
Est,1984-12-01,1984,12,22.579
Est,1985-01-01,1985,1,23.558
Est,1985-02-01,1985,2,24.14
Est,1985-03-01,1985,3,24.649
Est,1985-04-01,1985,4,23.634
Est,1985-05-01,1985,5,23.171
Est,1985-06-01,1985,6,22.733
Est,1985-07-01,1985,7,22.024
Est,1985-08-01,1985,8,22.116
Est,1985-09-01,1985,9,22.209
Est,1985-10-01,1985,10,22.464
Est,1985-11-01,1985,11,23.099
Est,1985-12-01,1985,12,23.007
Est,1986-01-01,1986,1,23.688
Est,1986-02-01,1986,2,24.356
Est,1986-03-01,1986,3,23.593
Est,1986-04-01,1986,4,24.566
Est,1986-05-01,1986,5,24.042
Est,1986-06-01,1986,6,23.234
Est,1986-07-01,1986,7,22.203
Est,1986-08-01,1986,8,22.909
Est,1986-09-01,1986,9,22.495
Est,1986-10-01,1986,10,22.692
Est,1986-11-01,1986,11,22.79
Est,1986-12-01,1986,12,22.794
Est,1987-01-01,1987,1,24.059
Est,1987-02-01,1987,2,25.172
Est,1987-03-01,1987,3,25.257
Est,1987-04-01,1987,4,24.77
Est,1987-05-01,1987,5,24.191
Est,1987-06-01,1987,6,23.61
Est,1987-07-01,1987,7,23.502
Est,1987-08-01,1987,8,23.05
Est,1987-09-01,1987,9,23.235
Est,1987-10-01,1987,10,23.214
Est,1987-11-01,1987,11,23.605
Est,1987-12-01,1987,12,23.928
Est,1988-01-01,1988,1,23.972
Est,1988-02-01,1988,2,25.063
Est,1988-03-01,1988,3,24.71
Est,1988-04-01,1988,4,24.595
Est,1988-05-01,1988,5,24.069
Est,1988-06-01,1988,6,23.11
Est,1988-07-01,1988,7,22.509
Est,1988-08-01,1988,8,22.872
Est,1988-09-01,1988,9,22.651
Est,1988-10-01,1988,10,22.809
Est,1988-11-01,1988,11,23.332
Est,1988-12-01,1988,12,22.874
Est,1989-01-01,1989,1,22.455
Est,1989-02-01,1989,2,24.503
Est,1989-03-01,1989,3,24.621
Est,1989-04-01,1989,4,24.271
Est,1989-05-01,1989,5,23.254
Est,1989-06-01,1989,6,23.38
Est,1989-07-01,1989,7,22.543
Est,1989-08-01,1989,8,22.444
Est,1989-09-01,1989,9,22.73
Est,1989-10-01,1989,10,22.616
Est,1989-11-01,1989,11,23.534
Est,1989-12-01,1989,12,23.379
Est,1990-01-01,1990,1,23.91
Est,1990-02-01,1990,2,24.935
Est,1990-03-01,1990,3,25.655
Est,1990-04-01,1990,4,24.953
Est,1990-05-01,1990,5,23.877
Est,1990-06-01,1990,6,23.753
Est,1990-07-01,1990,7,22.605
Est,1990-08-01,1990,8,22.685
Est,1990-09-01,1990,9,22.781
Est,1990-10-01,1990,10,23.031
Est,1990-11-01,1990,11,23.39
Est,1990-12-01,1990,12,23.788
Est,1991-01-01,1991,1,24.458
Est,1991-02-01,1991,2,25.626
Est,1991-03-01,1991,3,25.345
Est,1991-04-01,1991,4,24.006
Est,1991-05-01,1991,5,23.626
Est,1991-06-01,1991,6,23.792
Est,1991-07-01,1991,7,22.797
Est,1991-08-01,1991,8,22.722
Est,1991-09-01,1991,9,23.034
Est,1991-10-01,1991,10,22.201
Est,1991-11-01,1991,11,22.766
Est,1991-12-01,1991,12,23.646
Est,1992-01-01,1992,1,24.152
Est,1992-02-01,1992,2,25.097
Est,1992-03-01,1992,3,25.181
Est,1992-04-01,1992,4,24.202
Est,1992-05-01,1992,5,23.648
Est,1992-06-01,1992,6,22.936
Est,1992-07-01,1992,7,22.282
Est,1992-08-01,1992,8,22.298
Est,1992-09-01,1992,9,22.372
Est,1992-10-01,1992,10,22.453
Est,1992-11-01,1992,11,22.974
Est,1992-12-01,1992,12,23.362
Est,1993-01-01,1993,1,23.397
Est,1993-02-01,1993,2,24.626
Est,1993-03-01,1993,3,24.801
Est,1993-04-01,1993,4,24.618
Est,1993-05-01,1993,5,24.26
Est,1993-06-01,1993,6,23.357
Est,1993-07-01,1993,7,22.798
Est,1993-08-01,1993,8,22.8
Est,1993-09-01,1993,9,22.715
Est,1993-10-01,1993,10,23.116
Est,1993-11-01,1993,11,23.241
Est,1993-12-01,1993,12,23.277
Est,1994-01-01,1994,1,23.746
Est,1994-02-01,1994,2,24.793
Est,1994-03-01,1994,3,25.167
Est,1994-04-01,1994,4,24.545
Est,1994-05-01,1994,5,23.929
Est,1994-06-01,1994,6,23.292
Est,1994-07-01,1994,7,22.728
Est,1994-08-01,1994,8,22.799
Est,1994-09-01,1994,9,23.025
Est,1994-10-01,1994,10,22.641
Est,1994-11-01,1994,11,23.077
Est,1994-12-01,1994,12,23.876
Est,1995-01-01,1995,1,24.528
Est,1995-02-01,1995,2,24.731
Est,1995-03-01,1995,3,24.853
Est,1995-04-01,1995,4,24.91
Est,1995-05-01,1995,5,23.955
Est,1995-06-01,1995,6,23.594
Est,1995-07-01,1995,7,22.853
Est,1995-08-01,1995,8,23.251
Est,1995-09-01,1995,9,22.989
Est,1995-10-01,1995,10,22.735
Est,1995-11-01,1995,11,23.584
Est,1995-12-01,1995,12,23.652
Est,1996-01-01,1996,1,24.717
Est,1996-02-01,1996,2,25.054
Est,1996-03-01,1996,3,24.27
Est,1996-04-01,1996,4,24.24
Est,1996-05-01,1996,5,23.643
Est,1996-06-01,1996,6,23.147
Est,1996-07-01,1996,7,22.691
Est,1996-08-01,1996,8,22.849
Est,1996-09-01,1996,9,22.898
Est,1996-10-01,1996,10,22.548
Est,1996-11-01,1996,11,23.596
Est,1996-12-01,1996,12,23.55
Est,1997-01-01,1997,1,24.257
Est,1997-02-01,1997,2,24.846
Est,1997-03-01,1997,3,25.65
Est,1997-04-01,1997,4,24.133
Est,1997-05-01,1997,5,23.784
Est,1997-06-01,1997,6,23.257
Est,1997-07-01,1997,7,23.215
Est,1997-08-01,1997,8,23.444
Est,1997-09-01,1997,9,23.237
Est,1997-10-01,1997,10,23.226
Est,1997-11-01,1997,11,23.405
Est,1997-12-01,1997,12,23.809
Est,1998-01-01,1998,1,24.725
Est,1998-02-01,1998,2,26.78
Est,1998-03-01,1998,3,26.802
Est,1998-04-01,1998,4,25.921
Est,1998-05-01,1998,5,25.186
Est,1998-06-01,1998,6,24.217
Est,1998-07-01,1998,7,23.253
Est,1998-08-01,1998,8,23.163
Est,1998-09-01,1998,9,23.03
Est,1998-10-01,1998,10,23.092
Est,1998-11-01,1998,11,23.627
Est,1998-12-01,1998,12,23.981
Est,1999-01-01,1999,1,23.795
Est,1999-02-01,1999,2,24.662
Est,1999-03-01,1999,3,24.658
Est,1999-04-01,1999,4,24.03
Est,1999-05-01,1999,5,23.55
Est,1999-06-01,1999,6,23.217
Est,1999-07-01,1999,7,22.449
Est,1999-08-01,1999,8,22.536
Est,1999-09-01,1999,9,22.407
Est,1999-10-01,1999,10,22.211
Est,1999-11-01,1999,11,22.979
Est,1999-12-01,1999,12,23.461
Est,2000-01-01,2000,1,24.201
Est,2000-02-01,2000,2,24.513
Est,2000-03-01,2000,3,25.139
Est,2000-04-01,2000,4,24.031
Est,2000-05-01,2000,5,23.756
Est,2000-06-01,2000,6,22.852
Est,2000-07-01,2000,7,22.419
Est,2000-08-01,2000,8,22.533
Est,2000-09-01,2000,9,22.534
Est,2000-10-01,2000,10,22.7
Est,2000-11-01,2000,11,23.066
Est,2000-12-01,2000,12,23.149
Est,2001-01-01,2001,1,23.604
Est,2001-02-01,2001,2,25.27
Est,2001-03-01,2001,3,24.36
Est,2001-04-01,2001,4,24.176
Est,2001-05-01,2001,5,24.012
Est,2001-06-01,2001,6,22.932
Est,2001-07-01,2001,7,22.516
Est,2001-08-01,2001,8,22.668
Est,2001-09-01,2001,9,22.608
Est,2001-10-01,2001,10,23.015
Est,2001-11-01,2001,11,23.309
Est,2001-12-01,2001,12,23.944
Est,2002-01-01,2002,1,23.864
Est,2002-02-01,2002,2,25.369
Est,2002-03-01,2002,3,24.809
Est,2002-04-01,2002,4,24.41
Est,2002-05-01,2002,5,24.374
Est,2002-06-01,2002,6,23.456
Est,2002-07-01,2002,7,23.318
Est,2002-08-01,2002,8,22.945
Est,2002-09-01,2002,9,23.09
Est,2002-10-01,2002,10,22.755
Est,2002-11-01,2002,11,23.136
Est,2002-12-01,2002,12,23.944
Est,2003-01-01,2003,1,24.809
Est,2003-02-01,2003,2,26.038
Est,2003-03-01,2003,3,25.655
Est,2003-04-01,2003,4,24.612
Est,2003-05-01,2003,5,24.261
Est,2003-06-01,2003,6,23.19
Est,2003-07-01,2003,7,23.047
Est,2003-08-01,2003,8,23.194
Est,2003-09-01,2003,9,22.903
Est,2003-10-01,2003,10,23.12
Est,2003-11-01,2003,11,23.583
Est,2003-12-01,2003,12,24.282
Est,2004-01-01,2004,1,25.042
Est,2004-02-01,2004,2,25.424
Est,2004-03-01,2004,3,26.279
Est,2004-04-01,2004,4,24.613
Est,2004-05-01,2004,5,23.856
Est,2004-06-01,2004,6,22.936
Est,2004-07-01,2004,7,22.863
Est,2004-08-01,2004,8,23.068
Est,2004-09-01,2004,9,22.857
Est,2004-10-01,2004,10,23.011
Est,2004-11-01,2004,11,23.46
Est,2004-12-01,2004,12,24.442
Est,2005-01-01,2005,1,25.064
Est,2005-02-01,2005,2,26.484
Est,2005-03-01,2005,3,25.414
Est,2005-04-01,2005,4,25.179
Est,2005-05-01,2005,5,24.328
Est,2005-06-01,2005,6,23.574
Est,2005-07-01,2005,7,23.237
Est,2005-08-01,2005,8,22.98
Est,2005-09-01,2005,9,23.311
Est,2005-10-01,2005,10,23.029
Est,2005-11-01,2005,11,24.008
Est,2005-12-01,2005,12,23.668
Est,2006-01-01,2006,1,25.005
Est,2006-02-01,2006,2,25.405
Est,2006-03-01,2006,3,24.982
Est,2006-04-01,2006,4,24.465
Est,2006-05-01,2006,5,23.455
Est,2006-06-01,2006,6,23.616
Est,2006-07-01,2006,7,23.248
Est,2006-08-01,2006,8,23.24
Est,2006-09-01,2006,9,22.825
Est,2006-10-01,2006,10,23.328
Est,2006-11-01,2006,11,23.423
Est,2006-12-01,2006,12,24.021
Est,2007-01-01,2007,1,24.385
Est,2007-02-01,2007,2,26.206
Est,2007-03-01,2007,3,26.172
Est,2007-04-01,2007,4,24.634
Est,2007-05-01,2007,5,24.26
Est,2007-06-01,2007,6,23.298
Est,2007-07-01,2007,7,23.094
Est,2007-08-01,2007,8,22.888
Est,2007-09-01,2007,9,22.914
Est,2007-10-01,2007,10,22.845
Est,2007-11-01,2007,11,23.364
Est,2007-12-01,2007,12,23.725
Est,2008-01-01,2008,1,24.376
Est,2008-02-01,2008,2,25.27
Est,2008-03-01,2008,3,24.752
Est,2008-04-01,2008,4,23.987
Est,2008-05-01,2008,5,23.805
Est,2008-06-01,2008,6,23.543
Est,2008-07-01,2008,7,22.957
Est,2008-08-01,2008,8,23.094
Est,2008-09-01,2008,9,23.25
Est,2008-10-01,2008,10,23.393
Est,2008-11-01,2008,11,23.908
Est,2008-12-01,2008,12,23.674
Est,2009-01-01,2009,1,24.382
Est,2009-02-01,2009,2,24.849
Est,2009-03-01,2009,3,25.572
Est,2009-04-01,2009,4,24.632
Est,2009-05-01,2009,5,24.284
Est,2009-06-01,2009,6,23.454
Est,2009-07-01,2009,7,23.43
Est,2009-08-01,2009,8,23.514
Est,2009-09-01,2009,9,23.743
Est,2009-10-01,2009,10,23.375
Est,2009-11-01,2009,11,23.855
Est,2009-12-01,2009,12,24.478
Est,2010-01-01,2010,1,25.406
Est,2010-02-01,2010,2,26.466
Est,2010-03-01,2010,3,25.942
Est,2010-04-01,2010,4,26.043
Est,2010-05-01,2010,5,25.027
Est,2010-06-01,2010,6,24.137
Est,2010-07-01,2010,7,23.389
Est,2010-08-01,2010,8,23.526
Est,2010-09-01,2010,9,23.325
Est,2010-10-01,2010,10,23.322
Est,2010-11-01,2010,11,23.537
Est,2010-12-01,2010,12,23.824
Est,2011-01-01,2011,1,23.895
Est,2011-02-01,2011,2,24.436
Est,2011-03-01,2011,3,25.619
Est,2011-04-01,2011,4,24.891
Est,2011-05-01,2011,5,24.697
Est,2011-06-01,2011,6,23.738
Est,2011-07-01,2011,7,23.268
Est,2011-08-01,2011,8,23.001
Est,2011-09-01,2011,9,23.167
Est,2011-10-01,2011,10,22.995
Est,2011-11-01,2011,11,23.277
Est,2011-12-01,2011,12,23.914
Est,2012-01-01,2012,1,24.682
Est,2012-02-01,2012,2,24.926
Est,2012-03-01,2012,3,25.87
Est,2012-04-01,2012,4,24.918
Est,2012-05-01,2012,5,23.956
Est,2012-06-01,2012,6,23.537
Est,2012-07-01,2012,7,23.064
Est,2012-08-01,2012,8,23.042
Est,2012-09-01,2012,9,23.038
Est,2012-10-01,2012,10,23.275
Est,2012-11-01,2012,11,23.765
Est,2012-12-01,2012,12,23.914
Est,2013-01-01,2013,1,25.136
Est,2013-02-01,2013,2,26.026
Est,2013-03-01,2013,3,24.912
Est,2013-04-01,2013,4,24.809
Est,2013-05-01,2013,5,24.48
Est,2013-06-01,2013,6,23.946
Est,2013-07-01,2013,7,22.84
Est,2013-08-01,2013,8,22.963
Est,2013-09-01,2013,9,23.272
Est,2013-10-01,2013,10,23.031
Est,2013-11-01,2013,11,23.622
Est,2013-12-01,2013,12,23.426
Est,2014-01-01,2014,1,24.911
Est,2014-02-01,2014,2,25.648
Est,2014-03-01,2014,3,25.372
Est,2014-04-01,2014,4,24.4
Est,2014-05-01,2014,5,24.206
Est,2014-06-01,2014,6,23.919
Est,2014-07-01,2014,7,23.429
Est,2014-08-01,2014,8,23.019
Est,2014-09-01,2014,9,23.149
Est,2014-10-01,2014,10,23.533
Est,2014-11-01,2014,11,23.728
Est,2014-12-01,2014,12,23.959
Est,2015-01-01,2015,1,23.695
Est,2015-02-01,2015,2,25.518
Est,2015-03-01,2015,3,25.516
Est,2015-04-01,2015,4,24.98
Est,2015-05-01,2015,5,24.628
Est,2015-06-01,2015,6,23.676
Est,2015-07-01,2015,7,23.826
Est,2015-08-01,2015,8,23.77
Est,2015-09-01,2015,9,23.55
Est,2015-10-01,2015,10,23.613
Est,2015-11-01,2015,11,23.982
Est,2015-12-01,2015,12,23.704
Est,2016-01-01,2016,1,25.007
Est,2016-02-01,2016,2,26.778
Est,2016-03-01,2016,3,26.036
Est,2016-04-01,2016,4,25.47
Est,2016-05-01,2016,5,24.443
Est,2016-06-01,2016,6,23.728
Est,2016-07-01,2016,7,23.51
Est,2016-08-01,2016,8,23.507
Est,2016-09-01,2016,9,23.582
Est,2016-10-01,2016,10,23.771
Est,2016-11-01,2016,11,23.978
Est,2016-12-01,2016,12,24.081
Est,2017-01-01,2017,1,25.125
Est,2017-02-01,2017,2,25.731
Est,2017-03-01,2017,3,26.135
Est,2017-04-01,2017,4,25.031
Est,2017-05-01,2017,5,24.496
Est,2017-06-01,2017,6,24.191
Est,2017-07-01,2017,7,23.507
Est,2017-08-01,2017,8,23.375
Est,2017-09-01,2017,9,23.471
Est,2017-10-01,2017,10,23.612
Est,2017-11-01,2017,11,23.603
Est,2017-12-01,2017,12,24.611
Est,2018-01-01,2018,1,24.232
Est,2018-02-01,2018,2,25.613
Est,2018-03-01,2018,3,25.274
Est,2018-04-01,2018,4,24.774
Est,2018-05-01,2018,5,24.299
Est,2018-06-01,2018,6,23.946
Est,2018-07-01,2018,7,23.539
Est,2018-08-01,2018,8,23.689
Est,2018-09-01,2018,9,23.721
Est,2018-10-01,2018,10,23.596
Est,2018-11-01,2018,11,24.313
Est,2018-12-01,2018,12,24.322
Est,2019-01-01,2019,1,25.453
Est,2019-02-01,2019,2,26.153
Est,2019-03-01,2019,3,25.783
Est,2019-04-01,2019,4,25.38
Est,2019-05-01,2019,5,24.827
Est,2019-06-01,2019,6,24.14
Est,2019-07-01,2019,7,23.491
Est,2019-08-01,2019,8,23.558
Est,2019-09-01,2019,9,23.87
Est,2019-10-01,2019,10,23.225
Est,2019-11-01,2019,11,24.141
Est,2019-12-01,2019,12,24.584
Est,2020-01-01,2020,1,24.893
Est,2020-02-01,2020,2,26.624
Est,2020-03-01,2020,3,26.656
Est,2020-04-01,2020,4,25.619
Est,2020-05-01,2020,5,25.193
Est,2020-06-01,2020,6,24.011
Est,2020-07-01,2020,7,23.347
Est,2020-08-01,2020,8,23.979
Est,2020-09-01,2020,9,23.442
Est,2020-10-01,2020,10,23.617
Est,2020-11-01,2020,11,24.484
Est,2020-12-01,2020,12,25.043
Est,2021-01-01,2021,1,25.349
Est,2021-02-01,2021,2,26.339
Est,2021-03-01,2021,3,25.509
Est,2021-04-01,2021,4,25.528
Est,2021-05-01,2021,5,24.581
Est,2021-06-01,2021,6,24.203
Est,2021-07-01,2021,7,23.556
Est,2021-08-01,2021,8,23.624
Est,2021-09-01,2021,9,23.73
Est,2021-10-01,2021,10,23.933
Est,2021-11-01,2021,11,24.25
Est,2021-12-01,2021,12,24.79
Est,2022-01-01,2022,1,24.514
Est,2022-02-01,2022,2,25.677
Est,2022-03-01,2022,3,26.338
Est,2022-04-01,2022,4,24.867
Est,2022-05-01,2022,5,24.51
Est,2022-06-01,2022,6,23.752
Est,2022-07-01,2022,7,23.483
Est,2022-08-01,2022,8,23.75
Est,2022-09-01,2022,9,23.522
Est,2022-10-01,2022,10,23.445
Est,2022-11-01,2022,11,24.302
Est,2022-12-01,2022,12,24.136
Est,2023-01-01,2023,1,25.015
Est,2023-02-01,2023,2,26.192
Est,2023-03-01,2023,3,25.675
Est,2023-04-01,2023,4,24.511
Est,2023-05-01,2023,5,25.035
Est,2023-06-01,2023,6,24.205
Est,2023-07-01,2023,7,24.276
Est,2023-08-01,2023,8,23.991
Est,2023-09-01,2023,9,23.931
Est,2023-10-01,2023,10,24.005
Est,2023-11-01,2023,11,23.985
Est,2023-12-01,2023,12,24.355
Est,2024-01-01,2024,1,24.872
Est,2024-02-01,2024,2,26.545
Est,2024-03-01,2024,3,26.789
Est,2024-04-01,2024,4,26.005
Est,2024-05-01,2024,5,26.059
Est,2024-06-01,2024,6,24.952
Est,2024-07-01,2024,7,24.238
Est,2024-08-01,2024,8,24.071
Est,2024-09-01,2024,9,23.981
Est,2024-10-01,2024,10,23.765
Est,2024-11-01,2024,11,24.698
Est,2024-12-01,2024,12,25.203
Est,2025-01-01,2025,1,25.155
Est,2025-02-01,2025,2,26.511
Est,2025-03-01,2025,3,26.599
Est,2025-04-01,2025,4,25.171
Est,2025-05-01,2025,5,24.786
Est,2025-06-01,2025,6,24.24
Est,2025-07-01,2025,7,23.453
Est,2025-08-01,2025,8,23.267
Est,2025-09-01,2025,9,23.691
Est,2025-10-01,2025,10,23.437
Est,2025-11-01,2025,11,24.449
Est,2025-12-01,2025,12,24.706
Est,2026-01-01,2026,1,25.319
Est,2026-02-01,2026,2,25.272
Est,2026-03-01,2026,3,25.124
Est,2026-04-01,2026,4,24.852
Est,2026-05-01,2026,5,24.824
Est,2026-06-01,2026,6,23.83
Extrême-Nord,1940-01-01,1940,1,25.171
Extrême-Nord,1940-02-01,1940,2,25.82
Extrême-Nord,1940-03-01,1940,3,27.676
Extrême-Nord,1940-04-01,1940,4,31.736
Extrême-Nord,1940-05-01,1940,5,31.213
Extrême-Nord,1940-06-01,1940,6,30.101
Extrême-Nord,1940-07-01,1940,7,29.078
Extrême-Nord,1940-08-01,1940,8,27.097
Extrême-Nord,1940-09-01,1940,9,28.293
Extrême-Nord,1940-10-01,1940,10,29.113
Extrême-Nord,1940-11-01,1940,11,26.878
Extrême-Nord,1940-12-01,1940,12,25.492
Extrême-Nord,1941-01-01,1941,1,25.746
Extrême-Nord,1941-02-01,1941,2,26.203
Extrême-Nord,1941-03-01,1941,3,29.97
Extrême-Nord,1941-04-01,1941,4,32.926
Extrême-Nord,1941-05-01,1941,5,31.983
Extrême-Nord,1941-06-01,1941,6,31.252
Extrême-Nord,1941-07-01,1941,7,29.186
Extrême-Nord,1941-08-01,1941,8,28.004
Extrême-Nord,1941-09-01,1941,9,27.152
Extrême-Nord,1941-10-01,1941,10,30.305
Extrême-Nord,1941-11-01,1941,11,27.847
Extrême-Nord,1941-12-01,1941,12,23.51
Extrême-Nord,1942-01-01,1942,1,24.846
Extrême-Nord,1942-02-01,1942,2,27.261
Extrême-Nord,1942-03-01,1942,3,28.776
Extrême-Nord,1942-04-01,1942,4,31.353
Extrême-Nord,1942-05-01,1942,5,31.643
Extrême-Nord,1942-06-01,1942,6,31.049
Extrême-Nord,1942-07-01,1942,7,26.312
Extrême-Nord,1942-08-01,1942,8,24.841
Extrême-Nord,1942-09-01,1942,9,25.402
Extrême-Nord,1942-10-01,1942,10,27.79
Extrême-Nord,1942-11-01,1942,11,27.807
Extrême-Nord,1942-12-01,1942,12,26.499
Extrême-Nord,1943-01-01,1943,1,26.146
Extrême-Nord,1943-02-01,1943,2,27.694
Extrême-Nord,1943-03-01,1943,3,29.724
Extrême-Nord,1943-04-01,1943,4,30.432
Extrême-Nord,1943-05-01,1943,5,31.675
Extrême-Nord,1943-06-01,1943,6,31.196
Extrême-Nord,1943-07-01,1943,7,24.91
Extrême-Nord,1943-08-01,1943,8,24.588
Extrême-Nord,1943-09-01,1943,9,27.282
Extrême-Nord,1943-10-01,1943,10,30.148
Extrême-Nord,1943-11-01,1943,11,27.585
Extrême-Nord,1943-12-01,1943,12,26.033
Extrême-Nord,1944-01-01,1944,1,23.796
Extrême-Nord,1944-02-01,1944,2,26.236
Extrême-Nord,1944-03-01,1944,3,30.759
Extrême-Nord,1944-04-01,1944,4,31.714
Extrême-Nord,1944-05-01,1944,5,31.913
Extrême-Nord,1944-06-01,1944,6,28.899
Extrême-Nord,1944-07-01,1944,7,24.499
Extrême-Nord,1944-08-01,1944,8,24.463
Extrême-Nord,1944-09-01,1944,9,25.093
Extrême-Nord,1944-10-01,1944,10,26.953
Extrême-Nord,1944-11-01,1944,11,24.792
Extrême-Nord,1944-12-01,1944,12,23.489
Extrême-Nord,1945-01-01,1945,1,24.245
Extrême-Nord,1945-02-01,1945,2,22.367
Extrême-Nord,1945-03-01,1945,3,26.86
Extrême-Nord,1945-04-01,1945,4,30.886
Extrême-Nord,1945-05-01,1945,5,28.964
Extrême-Nord,1945-06-01,1945,6,30.211
Extrême-Nord,1945-07-01,1945,7,26.718
Extrême-Nord,1945-08-01,1945,8,24.611
Extrême-Nord,1945-09-01,1945,9,25.928
Extrême-Nord,1945-10-01,1945,10,26.946
Extrême-Nord,1945-11-01,1945,11,27.12
Extrême-Nord,1945-12-01,1945,12,23.765
Extrême-Nord,1946-01-01,1946,1,23.328
Extrême-Nord,1946-02-01,1946,2,26.101
Extrême-Nord,1946-03-01,1946,3,29.968
Extrême-Nord,1946-04-01,1946,4,31.422
Extrême-Nord,1946-05-01,1946,5,32.069
Extrême-Nord,1946-06-01,1946,6,29.046
Extrême-Nord,1946-07-01,1946,7,26.429
Extrême-Nord,1946-08-01,1946,8,23.88
Extrême-Nord,1946-09-01,1946,9,24.53
Extrême-Nord,1946-10-01,1946,10,25.149
Extrême-Nord,1946-11-01,1946,11,24.448
Extrême-Nord,1946-12-01,1946,12,23.687
Extrême-Nord,1947-01-01,1947,1,23.38
Extrême-Nord,1947-02-01,1947,2,27.889
Extrême-Nord,1947-03-01,1947,3,27.807
Extrême-Nord,1947-04-01,1947,4,31.844
Extrême-Nord,1947-05-01,1947,5,30.208
Extrême-Nord,1947-06-01,1947,6,25.248
Extrême-Nord,1947-07-01,1947,7,24.25
Extrême-Nord,1947-08-01,1947,8,24.336
Extrême-Nord,1947-09-01,1947,9,24.968
Extrême-Nord,1947-10-01,1947,10,26.135
Extrême-Nord,1947-11-01,1947,11,25.33
Extrême-Nord,1947-12-01,1947,12,24.461
Extrême-Nord,1948-01-01,1948,1,23.695
Extrême-Nord,1948-02-01,1948,2,25.137
Extrême-Nord,1948-03-01,1948,3,27.245
Extrême-Nord,1948-04-01,1948,4,31.246
Extrême-Nord,1948-05-01,1948,5,32.504
Extrême-Nord,1948-06-01,1948,6,30.456
Extrême-Nord,1948-07-01,1948,7,26.67
Extrême-Nord,1948-08-01,1948,8,24.488
Extrême-Nord,1948-09-01,1948,9,24.687
Extrême-Nord,1948-10-01,1948,10,25.805
Extrême-Nord,1948-11-01,1948,11,25.19
Extrême-Nord,1948-12-01,1948,12,22.733
Extrême-Nord,1949-01-01,1949,1,24.287
Extrême-Nord,1949-02-01,1949,2,24.706
Extrême-Nord,1949-03-01,1949,3,30.034
Extrême-Nord,1949-04-01,1949,4,31.455
Extrême-Nord,1949-05-01,1949,5,32.75
Extrême-Nord,1949-06-01,1949,6,31.606
Extrême-Nord,1949-07-01,1949,7,29.332
Extrême-Nord,1949-08-01,1949,8,25.779
Extrême-Nord,1949-09-01,1949,9,28.286
Extrême-Nord,1949-10-01,1949,10,29.616
Extrême-Nord,1949-11-01,1949,11,28.973
Extrême-Nord,1949-12-01,1949,12,24.115
Extrême-Nord,1950-01-01,1950,1,25.709
Extrême-Nord,1950-02-01,1950,2,25.989
Extrême-Nord,1950-03-01,1950,3,29.138
Extrême-Nord,1950-04-01,1950,4,31.71
Extrême-Nord,1950-05-01,1950,5,31.315
Extrême-Nord,1950-06-01,1950,6,29.604
Extrême-Nord,1950-07-01,1950,7,24.84
Extrême-Nord,1950-08-01,1950,8,23.127
Extrême-Nord,1950-09-01,1950,9,25.264
Extrême-Nord,1950-10-01,1950,10,25.853
Extrême-Nord,1950-11-01,1950,11,25.913
Extrême-Nord,1950-12-01,1950,12,24.931
Extrême-Nord,1951-01-01,1951,1,24.771
Extrême-Nord,1951-02-01,1951,2,26.304
Extrême-Nord,1951-03-01,1951,3,30.38
Extrême-Nord,1951-04-01,1951,4,30.951
Extrême-Nord,1951-05-01,1951,5,31.137
Extrême-Nord,1951-06-01,1951,6,29.268
Extrême-Nord,1951-07-01,1951,7,27.295
Extrême-Nord,1951-08-01,1951,8,26.515
Extrême-Nord,1951-09-01,1951,9,25.85
Extrême-Nord,1951-10-01,1951,10,26.615
Extrême-Nord,1951-11-01,1951,11,24.156
Extrême-Nord,1951-12-01,1951,12,22.069
Extrême-Nord,1952-01-01,1952,1,24.764
Extrême-Nord,1952-02-01,1952,2,25.824
Extrême-Nord,1952-03-01,1952,3,28.906
Extrême-Nord,1952-04-01,1952,4,31.88
Extrême-Nord,1952-05-01,1952,5,32.139
Extrême-Nord,1952-06-01,1952,6,29.362
Extrême-Nord,1952-07-01,1952,7,25.821
Extrême-Nord,1952-08-01,1952,8,24.577
Extrême-Nord,1952-09-01,1952,9,24.872
Extrême-Nord,1952-10-01,1952,10,26.57
Extrême-Nord,1952-11-01,1952,11,25.461
Extrême-Nord,1952-12-01,1952,12,24.925
Extrême-Nord,1953-01-01,1953,1,23.735
Extrême-Nord,1953-02-01,1953,2,27.267
Extrême-Nord,1953-03-01,1953,3,30.242
Extrême-Nord,1953-04-01,1953,4,30.914
Extrême-Nord,1953-05-01,1953,5,31.367
Extrême-Nord,1953-06-01,1953,6,27.447
Extrême-Nord,1953-07-01,1953,7,25.955
Extrême-Nord,1953-08-01,1953,8,23.914
Extrême-Nord,1953-09-01,1953,9,25.207
Extrême-Nord,1953-10-01,1953,10,26.616
Extrême-Nord,1953-11-01,1953,11,25.257
Extrême-Nord,1953-12-01,1953,12,21.986
Extrême-Nord,1954-01-01,1954,1,24.121
Extrême-Nord,1954-02-01,1954,2,27.995
Extrême-Nord,1954-03-01,1954,3,30.061
Extrême-Nord,1954-04-01,1954,4,31.974
Extrême-Nord,1954-05-01,1954,5,32.077
Extrême-Nord,1954-06-01,1954,6,30.043
Extrême-Nord,1954-07-01,1954,7,24.79
Extrême-Nord,1954-08-01,1954,8,23.146
Extrême-Nord,1954-09-01,1954,9,25.218
Extrême-Nord,1954-10-01,1954,10,25.505
Extrême-Nord,1954-11-01,1954,11,26.089
Extrême-Nord,1954-12-01,1954,12,23.744
Extrême-Nord,1955-01-01,1955,1,23.95
Extrême-Nord,1955-02-01,1955,2,25.577
Extrême-Nord,1955-03-01,1955,3,30.014
Extrême-Nord,1955-04-01,1955,4,31.927
Extrême-Nord,1955-05-01,1955,5,29.908
Extrême-Nord,1955-06-01,1955,6,27.313
Extrême-Nord,1955-07-01,1955,7,25.742
Extrême-Nord,1955-08-01,1955,8,24.774
Extrême-Nord,1955-09-01,1955,9,25.48
Extrême-Nord,1955-10-01,1955,10,26.808
Extrême-Nord,1955-11-01,1955,11,25.765
Extrême-Nord,1955-12-01,1955,12,23.482
Extrême-Nord,1956-01-01,1956,1,22.75
Extrême-Nord,1956-02-01,1956,2,28.306
Extrême-Nord,1956-03-01,1956,3,31.103
Extrême-Nord,1956-04-01,1956,4,32.171
Extrême-Nord,1956-05-01,1956,5,32.673
Extrême-Nord,1956-06-01,1956,6,29.783
Extrême-Nord,1956-07-01,1956,7,25.692
Extrême-Nord,1956-08-01,1956,8,23.563
Extrême-Nord,1956-09-01,1956,9,24.715
Extrême-Nord,1956-10-01,1956,10,25.102
Extrême-Nord,1956-11-01,1956,11,26.431
Extrême-Nord,1956-12-01,1956,12,23.342
Extrême-Nord,1957-01-01,1957,1,22.196
Extrême-Nord,1957-02-01,1957,2,22.391
Extrême-Nord,1957-03-01,1957,3,28.068
Extrême-Nord,1957-04-01,1957,4,31.94
Extrême-Nord,1957-05-01,1957,5,29.942
Extrême-Nord,1957-06-01,1957,6,26.713
Extrême-Nord,1957-07-01,1957,7,26.015
Extrême-Nord,1957-08-01,1957,8,25.144
Extrême-Nord,1957-09-01,1957,9,25.315
Extrême-Nord,1957-10-01,1957,10,26.152
Extrême-Nord,1957-11-01,1957,11,27.353
Extrême-Nord,1957-12-01,1957,12,23.991
Extrême-Nord,1958-01-01,1958,1,25.008
Extrême-Nord,1958-02-01,1958,2,24.869
Extrême-Nord,1958-03-01,1958,3,30.423
Extrême-Nord,1958-04-01,1958,4,32.672
Extrême-Nord,1958-05-01,1958,5,30.724
Extrême-Nord,1958-06-01,1958,6,28.926
Extrême-Nord,1958-07-01,1958,7,25.581
Extrême-Nord,1958-08-01,1958,8,24.609
Extrême-Nord,1958-09-01,1958,9,25.128
Extrême-Nord,1958-10-01,1958,10,26.478
Extrême-Nord,1958-11-01,1958,11,26.5
Extrême-Nord,1958-12-01,1958,12,25.199
Extrême-Nord,1959-01-01,1959,1,23.238
Extrême-Nord,1959-02-01,1959,2,24.44
Extrême-Nord,1959-03-01,1959,3,28.901
Extrême-Nord,1959-04-01,1959,4,32.464
Extrême-Nord,1959-05-01,1959,5,32.065
Extrême-Nord,1959-06-01,1959,6,31.056
Extrême-Nord,1959-07-01,1959,7,27.904
Extrême-Nord,1959-08-01,1959,8,24.9
Extrême-Nord,1959-09-01,1959,9,25.819
Extrême-Nord,1959-10-01,1959,10,27.421
Extrême-Nord,1959-11-01,1959,11,26.619
Extrême-Nord,1959-12-01,1959,12,23.54
Extrême-Nord,1960-01-01,1960,1,23.324
Extrême-Nord,1960-02-01,1960,2,25.155
Extrême-Nord,1960-03-01,1960,3,29.188
Extrême-Nord,1960-04-01,1960,4,32.179
Extrême-Nord,1960-05-01,1960,5,31.154
Extrême-Nord,1960-06-01,1960,6,30.08
Extrême-Nord,1960-07-01,1960,7,26.443
Extrême-Nord,1960-08-01,1960,8,25.735
Extrême-Nord,1960-09-01,1960,9,25.975
Extrême-Nord,1960-10-01,1960,10,28.243
Extrême-Nord,1960-11-01,1960,11,26.436
Extrême-Nord,1960-12-01,1960,12,26.659
Extrême-Nord,1961-01-01,1961,1,25.181
Extrême-Nord,1961-02-01,1961,2,23.98
Extrême-Nord,1961-03-01,1961,3,28.323
Extrême-Nord,1961-04-01,1961,4,32.752
Extrême-Nord,1961-05-01,1961,5,32.549
Extrême-Nord,1961-06-01,1961,6,29.702
Extrême-Nord,1961-07-01,1961,7,25.665
Extrême-Nord,1961-08-01,1961,8,24.424
Extrême-Nord,1961-09-01,1961,9,25.407
Extrême-Nord,1961-10-01,1961,10,26.974
Extrême-Nord,1961-11-01,1961,11,24.891
Extrême-Nord,1961-12-01,1961,12,21.815
Extrême-Nord,1962-01-01,1962,1,21.446
Extrême-Nord,1962-02-01,1962,2,25.01
Extrême-Nord,1962-03-01,1962,3,30.217
Extrême-Nord,1962-04-01,1962,4,31.681
Extrême-Nord,1962-05-01,1962,5,31.639
Extrême-Nord,1962-06-01,1962,6,28.5
Extrême-Nord,1962-07-01,1962,7,27.361
Extrême-Nord,1962-08-01,1962,8,24.716
Extrême-Nord,1962-09-01,1962,9,26.077
Extrême-Nord,1962-10-01,1962,10,27.893
Extrême-Nord,1962-11-01,1962,11,28.117
Extrême-Nord,1962-12-01,1962,12,24.887
Extrême-Nord,1963-01-01,1963,1,23.758
Extrême-Nord,1963-02-01,1963,2,28.002
Extrême-Nord,1963-03-01,1963,3,29.19
Extrême-Nord,1963-04-01,1963,4,31.9
Extrême-Nord,1963-05-01,1963,5,31.004
Extrême-Nord,1963-06-01,1963,6,29.633
Extrême-Nord,1963-07-01,1963,7,26.698
Extrême-Nord,1963-08-01,1963,8,25.864
Extrême-Nord,1963-09-01,1963,9,27.346
Extrême-Nord,1963-10-01,1963,10,28.923
Extrême-Nord,1963-11-01,1963,11,25.45
Extrême-Nord,1963-12-01,1963,12,23.654
Extrême-Nord,1964-01-01,1964,1,23.815
Extrême-Nord,1964-02-01,1964,2,24.504
Extrême-Nord,1964-03-01,1964,3,30.32
Extrême-Nord,1964-04-01,1964,4,32.699
Extrême-Nord,1964-05-01,1964,5,33.048
Extrême-Nord,1964-06-01,1964,6,31.703
Extrême-Nord,1964-07-01,1964,7,28.274
Extrême-Nord,1964-08-01,1964,8,25.024
Extrême-Nord,1964-09-01,1964,9,25.626
Extrême-Nord,1964-10-01,1964,10,27.663
Extrême-Nord,1964-11-01,1964,11,25.588
Extrême-Nord,1964-12-01,1964,12,24.036
Extrême-Nord,1965-01-01,1965,1,25.285
Extrême-Nord,1965-02-01,1965,2,26.215
Extrême-Nord,1965-03-01,1965,3,29.378
Extrême-Nord,1965-04-01,1965,4,32.349
Extrême-Nord,1965-05-01,1965,5,32.644
Extrême-Nord,1965-06-01,1965,6,30.253
Extrême-Nord,1965-07-01,1965,7,27.686
Extrême-Nord,1965-08-01,1965,8,26.648
Extrême-Nord,1965-09-01,1965,9,26.891
Extrême-Nord,1965-10-01,1965,10,29.156
Extrême-Nord,1965-11-01,1965,11,25.327
Extrême-Nord,1965-12-01,1965,12,22.496
Extrême-Nord,1966-01-01,1966,1,23.743
Extrême-Nord,1966-02-01,1966,2,23.71
Extrême-Nord,1966-03-01,1966,3,30.299
Extrême-Nord,1966-04-01,1966,4,32.297
Extrême-Nord,1966-05-01,1966,5,32.672
Extrême-Nord,1966-06-01,1966,6,31.243
Extrême-Nord,1966-07-01,1966,7,29.172
Extrême-Nord,1966-08-01,1966,8,26.675
Extrême-Nord,1966-09-01,1966,9,27.222
Extrême-Nord,1966-10-01,1966,10,29.615
Extrême-Nord,1966-11-01,1966,11,27.537
Extrême-Nord,1966-12-01,1966,12,24.074
Extrême-Nord,1967-01-01,1967,1,21.385
Extrême-Nord,1967-02-01,1967,2,25.784
Extrême-Nord,1967-03-01,1967,3,28.835
Extrême-Nord,1967-04-01,1967,4,32.043
Extrême-Nord,1967-05-01,1967,5,32.003
Extrême-Nord,1967-06-01,1967,6,29.017
Extrême-Nord,1967-07-01,1967,7,26.669
Extrême-Nord,1967-08-01,1967,8,24.951
Extrême-Nord,1967-09-01,1967,9,25.624
Extrême-Nord,1967-10-01,1967,10,27.011
Extrême-Nord,1967-11-01,1967,11,24.839
Extrême-Nord,1967-12-01,1967,12,24.936
Extrême-Nord,1968-01-01,1968,1,22.791
Extrême-Nord,1968-02-01,1968,2,25.215
Extrême-Nord,1968-03-01,1968,3,29.474
Extrême-Nord,1968-04-01,1968,4,30.537
Extrême-Nord,1968-05-01,1968,5,30.455
Extrême-Nord,1968-06-01,1968,6,27.218
Extrême-Nord,1968-07-01,1968,7,26.139
Extrême-Nord,1968-08-01,1968,8,26
Extrême-Nord,1968-09-01,1968,9,26.693
Extrême-Nord,1968-10-01,1968,10,28.753
Extrême-Nord,1968-11-01,1968,11,27.26
Extrême-Nord,1968-12-01,1968,12,25.084
Extrême-Nord,1969-01-01,1969,1,23.094
Extrême-Nord,1969-02-01,1969,2,27.301
Extrême-Nord,1969-03-01,1969,3,31.821
Extrême-Nord,1969-04-01,1969,4,32.517
Extrême-Nord,1969-05-01,1969,5,31.593
Extrême-Nord,1969-06-01,1969,6,29.477
Extrême-Nord,1969-07-01,1969,7,26.296
Extrême-Nord,1969-08-01,1969,8,25.564
Extrême-Nord,1969-09-01,1969,9,26.006
Extrême-Nord,1969-10-01,1969,10,27.957
Extrême-Nord,1969-11-01,1969,11,26.544
Extrême-Nord,1969-12-01,1969,12,25.04
Extrême-Nord,1970-01-01,1970,1,24.599
Extrême-Nord,1970-02-01,1970,2,26.094
Extrême-Nord,1970-03-01,1970,3,29.446
Extrême-Nord,1970-04-01,1970,4,32.676
Extrême-Nord,1970-05-01,1970,5,31.756
Extrême-Nord,1970-06-01,1970,6,30.253
Extrême-Nord,1970-07-01,1970,7,26.896
Extrême-Nord,1970-08-01,1970,8,25.174
Extrême-Nord,1970-09-01,1970,9,25.997
Extrême-Nord,1970-10-01,1970,10,27.257
Extrême-Nord,1970-11-01,1970,11,25.376
Extrême-Nord,1970-12-01,1970,12,22.836
Extrême-Nord,1971-01-01,1971,1,22.481
Extrême-Nord,1971-02-01,1971,2,26.218
Extrême-Nord,1971-03-01,1971,3,31.467
Extrême-Nord,1971-04-01,1971,4,31.899
Extrême-Nord,1971-05-01,1971,5,31.376
Extrême-Nord,1971-06-01,1971,6,29.538
Extrême-Nord,1971-07-01,1971,7,26.61
Extrême-Nord,1971-08-01,1971,8,24.959
Extrême-Nord,1971-09-01,1971,9,25.845
Extrême-Nord,1971-10-01,1971,10,27.785
Extrême-Nord,1971-11-01,1971,11,26.227
Extrême-Nord,1971-12-01,1971,12,23.901
Extrême-Nord,1972-01-01,1972,1,24.174
Extrême-Nord,1972-02-01,1972,2,26.729
Extrême-Nord,1972-03-01,1972,3,30.946
Extrême-Nord,1972-04-01,1972,4,31.547
Extrême-Nord,1972-05-01,1972,5,30.584
Extrême-Nord,1972-06-01,1972,6,28.604
Extrême-Nord,1972-07-01,1972,7,27.358
Extrême-Nord,1972-08-01,1972,8,25.993
Extrême-Nord,1972-09-01,1972,9,26.83
Extrême-Nord,1972-10-01,1972,10,28.049
Extrême-Nord,1972-11-01,1972,11,25.625
Extrême-Nord,1972-12-01,1972,12,25.229
Extrême-Nord,1973-01-01,1973,1,25.521
Extrême-Nord,1973-02-01,1973,2,28.277
Extrême-Nord,1973-03-01,1973,3,30.6
Extrême-Nord,1973-04-01,1973,4,33.461
Extrême-Nord,1973-05-01,1973,5,32.342
Extrême-Nord,1973-06-01,1973,6,30.392
Extrême-Nord,1973-07-01,1973,7,27.737
Extrême-Nord,1973-08-01,1973,8,25.721
Extrême-Nord,1973-09-01,1973,9,26.609
Extrême-Nord,1973-10-01,1973,10,28.384
Extrême-Nord,1973-11-01,1973,11,25.349
Extrême-Nord,1973-12-01,1973,12,25.324
Extrême-Nord,1974-01-01,1974,1,22.801
Extrême-Nord,1974-02-01,1974,2,26.111
Extrême-Nord,1974-03-01,1974,3,29.406
Extrême-Nord,1974-04-01,1974,4,32.133
Extrême-Nord,1974-05-01,1974,5,30.308
Extrême-Nord,1974-06-01,1974,6,29.697
Extrême-Nord,1974-07-01,1974,7,25.36
Extrême-Nord,1974-08-01,1974,8,25.31
Extrême-Nord,1974-09-01,1974,9,25.327
Extrême-Nord,1974-10-01,1974,10,27.301
Extrême-Nord,1974-11-01,1974,11,26.348
Extrême-Nord,1974-12-01,1974,12,22.031
Extrême-Nord,1975-01-01,1975,1,21.437
Extrême-Nord,1975-02-01,1975,2,25.955
Extrême-Nord,1975-03-01,1975,3,29.763
Extrême-Nord,1975-04-01,1975,4,32.206
Extrême-Nord,1975-05-01,1975,5,30.972
Extrême-Nord,1975-06-01,1975,6,29.645
Extrême-Nord,1975-07-01,1975,7,25.95
Extrême-Nord,1975-08-01,1975,8,24.975
Extrême-Nord,1975-09-01,1975,9,25.147
Extrême-Nord,1975-10-01,1975,10,26.963
Extrême-Nord,1975-11-01,1975,11,26.298
Extrême-Nord,1975-12-01,1975,12,22.881
Extrême-Nord,1976-01-01,1976,1,23.425
Extrême-Nord,1976-02-01,1976,2,27.668
Extrême-Nord,1976-03-01,1976,3,29.398
Extrême-Nord,1976-04-01,1976,4,32.09
Extrême-Nord,1976-05-01,1976,5,30.62
Extrême-Nord,1976-06-01,1976,6,28.106
Extrême-Nord,1976-07-01,1976,7,26.398
Extrême-Nord,1976-08-01,1976,8,25.454
Extrême-Nord,1976-09-01,1976,9,26.229
Extrême-Nord,1976-10-01,1976,10,27.533
Extrême-Nord,1976-11-01,1976,11,25.688
Extrême-Nord,1976-12-01,1976,12,24.432
Extrême-Nord,1977-01-01,1977,1,23.786
Extrême-Nord,1977-02-01,1977,2,25.554
Extrême-Nord,1977-03-01,1977,3,28.634
Extrême-Nord,1977-04-01,1977,4,32.396
Extrême-Nord,1977-05-01,1977,5,31.976
Extrême-Nord,1977-06-01,1977,6,29.2
Extrême-Nord,1977-07-01,1977,7,26.817
Extrême-Nord,1977-08-01,1977,8,25.199
Extrême-Nord,1977-09-01,1977,9,26.801
Extrême-Nord,1977-10-01,1977,10,27.279
Extrême-Nord,1977-11-01,1977,11,25.668
Extrême-Nord,1977-12-01,1977,12,23.047
Extrême-Nord,1978-01-01,1978,1,23.301
Extrême-Nord,1978-02-01,1978,2,27.054
Extrême-Nord,1978-03-01,1978,3,30.437
Extrême-Nord,1978-04-01,1978,4,31.353
Extrême-Nord,1978-05-01,1978,5,30.064
Extrême-Nord,1978-06-01,1978,6,28.08
Extrême-Nord,1978-07-01,1978,7,25.917
Extrême-Nord,1978-08-01,1978,8,25.886
Extrême-Nord,1978-09-01,1978,9,26.307
Extrême-Nord,1978-10-01,1978,10,28.149
Extrême-Nord,1978-11-01,1978,11,25.409
Extrême-Nord,1978-12-01,1978,12,24.058
Extrême-Nord,1979-01-01,1979,1,23.919
Extrême-Nord,1979-02-01,1979,2,26.973
Extrême-Nord,1979-03-01,1979,3,31.151
Extrême-Nord,1979-04-01,1979,4,32.656
Extrême-Nord,1979-05-01,1979,5,30.843
Extrême-Nord,1979-06-01,1979,6,28.14
Extrême-Nord,1979-07-01,1979,7,26.146
Extrême-Nord,1979-08-01,1979,8,25.838
Extrême-Nord,1979-09-01,1979,9,26.139
Extrême-Nord,1979-10-01,1979,10,27.862
Extrême-Nord,1979-11-01,1979,11,27.673
Extrême-Nord,1979-12-01,1979,12,23.052
Extrême-Nord,1980-01-01,1980,1,25.23
Extrême-Nord,1980-02-01,1980,2,27.23
Extrême-Nord,1980-03-01,1980,3,30.573
Extrême-Nord,1980-04-01,1980,4,33.063
Extrême-Nord,1980-05-01,1980,5,30.809
Extrême-Nord,1980-06-01,1980,6,28.863
Extrême-Nord,1980-07-01,1980,7,26.084
Extrême-Nord,1980-08-01,1980,8,25.478
Extrême-Nord,1980-09-01,1980,9,27.147
Extrême-Nord,1980-10-01,1980,10,28.322
Extrême-Nord,1980-11-01,1980,11,27.01
Extrême-Nord,1980-12-01,1980,12,23.596
Extrême-Nord,1981-01-01,1981,1,22.499
Extrême-Nord,1981-02-01,1981,2,26.437
Extrême-Nord,1981-03-01,1981,3,30.316
Extrême-Nord,1981-04-01,1981,4,32.027
Extrême-Nord,1981-05-01,1981,5,30.475
Extrême-Nord,1981-06-01,1981,6,29.811
Extrême-Nord,1981-07-01,1981,7,25.742
Extrême-Nord,1981-08-01,1981,8,25.545
Extrême-Nord,1981-09-01,1981,9,26.105
Extrême-Nord,1981-10-01,1981,10,28.408
Extrême-Nord,1981-11-01,1981,11,25.552
Extrême-Nord,1981-12-01,1981,12,24.93
Extrême-Nord,1982-01-01,1982,1,24.916
Extrême-Nord,1982-02-01,1982,2,25.732
Extrême-Nord,1982-03-01,1982,3,30.444
Extrême-Nord,1982-04-01,1982,4,32.494
Extrême-Nord,1982-05-01,1982,5,31.375
Extrême-Nord,1982-06-01,1982,6,29.952
Extrême-Nord,1982-07-01,1982,7,26.936
Extrême-Nord,1982-08-01,1982,8,25.638
Extrême-Nord,1982-09-01,1982,9,26.695
Extrême-Nord,1982-10-01,1982,10,27.67
Extrême-Nord,1982-11-01,1982,11,25.021
Extrême-Nord,1982-12-01,1982,12,24.088
Extrême-Nord,1983-01-01,1983,1,20.103
Extrême-Nord,1983-02-01,1983,2,26.759
Extrême-Nord,1983-03-01,1983,3,28.098
Extrême-Nord,1983-04-01,1983,4,33.056
Extrême-Nord,1983-05-01,1983,5,33.444
Extrême-Nord,1983-06-01,1983,6,30.228
Extrême-Nord,1983-07-01,1983,7,27.638
Extrême-Nord,1983-08-01,1983,8,26.344
Extrême-Nord,1983-09-01,1983,9,27.086
Extrême-Nord,1983-10-01,1983,10,27.867
Extrême-Nord,1983-11-01,1983,11,26.515
Extrême-Nord,1983-12-01,1983,12,25.454
Extrême-Nord,1984-01-01,1984,1,22.843
Extrême-Nord,1984-02-01,1984,2,26.77
Extrême-Nord,1984-03-01,1984,3,31.57
Extrême-Nord,1984-04-01,1984,4,32.462
Extrême-Nord,1984-05-01,1984,5,30.679
Extrême-Nord,1984-06-01,1984,6,29.97
Extrême-Nord,1984-07-01,1984,7,26.658
Extrême-Nord,1984-08-01,1984,8,27.298
Extrême-Nord,1984-09-01,1984,9,27.315
Extrême-Nord,1984-10-01,1984,10,29.263
Extrême-Nord,1984-11-01,1984,11,28.257
Extrême-Nord,1984-12-01,1984,12,24.41
Extrême-Nord,1985-01-01,1985,1,27.02
Extrême-Nord,1985-02-01,1985,2,24.936
Extrême-Nord,1985-03-01,1985,3,31.321
Extrême-Nord,1985-04-01,1985,4,31.772
Extrême-Nord,1985-05-01,1985,5,31.872
Extrême-Nord,1985-06-01,1985,6,28.821
Extrême-Nord,1985-07-01,1985,7,25.696
Extrême-Nord,1985-08-01,1985,8,25.326
Extrême-Nord,1985-09-01,1985,9,25.398
Extrême-Nord,1985-10-01,1985,10,27.451
Extrême-Nord,1985-11-01,1985,11,27.294
Extrême-Nord,1985-12-01,1985,12,24.312
Extrême-Nord,1986-01-01,1986,1,24.171
Extrême-Nord,1986-02-01,1986,2,28.586
Extrême-Nord,1986-03-01,1986,3,31.309
Extrême-Nord,1986-04-01,1986,4,33.448
Extrême-Nord,1986-05-01,1986,5,32.576
Extrême-Nord,1986-06-01,1986,6,30.05
Extrême-Nord,1986-07-01,1986,7,25.995
Extrême-Nord,1986-08-01,1986,8,26.057
Extrême-Nord,1986-09-01,1986,9,26.017
Extrême-Nord,1986-10-01,1986,10,27.752
Extrême-Nord,1986-11-01,1986,11,27.202
Extrême-Nord,1986-12-01,1986,12,23.161
Extrême-Nord,1987-01-01,1987,1,24.325
Extrême-Nord,1987-02-01,1987,2,27.488
Extrême-Nord,1987-03-01,1987,3,30.488
Extrême-Nord,1987-04-01,1987,4,32.21
Extrême-Nord,1987-05-01,1987,5,33.023
Extrême-Nord,1987-06-01,1987,6,29.193
Extrême-Nord,1987-07-01,1987,7,28.813
Extrême-Nord,1987-08-01,1987,8,26.483
Extrême-Nord,1987-09-01,1987,9,27.524
Extrême-Nord,1987-10-01,1987,10,28.584
Extrême-Nord,1987-11-01,1987,11,27.58
Extrême-Nord,1987-12-01,1987,12,24.855
Extrême-Nord,1988-01-01,1988,1,24.16
Extrême-Nord,1988-02-01,1988,2,26.608
Extrême-Nord,1988-03-01,1988,3,31.276
Extrême-Nord,1988-04-01,1988,4,33.371
Extrême-Nord,1988-05-01,1988,5,31.639
Extrême-Nord,1988-06-01,1988,6,29.356
Extrême-Nord,1988-07-01,1988,7,26.313
Extrême-Nord,1988-08-01,1988,8,24.922
Extrême-Nord,1988-09-01,1988,9,25.548
Extrême-Nord,1988-10-01,1988,10,26.976
Extrême-Nord,1988-11-01,1988,11,25.853
Extrême-Nord,1988-12-01,1988,12,24.103
Extrême-Nord,1989-01-01,1989,1,20.762
Extrême-Nord,1989-02-01,1989,2,23.082
Extrême-Nord,1989-03-01,1989,3,28.679
Extrême-Nord,1989-04-01,1989,4,32.294
Extrême-Nord,1989-05-01,1989,5,30.609
Extrême-Nord,1989-06-01,1989,6,29.459
Extrême-Nord,1989-07-01,1989,7,26.641
Extrême-Nord,1989-08-01,1989,8,25.488
Extrême-Nord,1989-09-01,1989,9,26.604
Extrême-Nord,1989-10-01,1989,10,27.857
Extrême-Nord,1989-11-01,1989,11,26.787
Extrême-Nord,1989-12-01,1989,12,23.992
Extrême-Nord,1990-01-01,1990,1,25.638
Extrême-Nord,1990-02-01,1990,2,24.978
Extrême-Nord,1990-03-01,1990,3,28.413
Extrême-Nord,1990-04-01,1990,4,33.498
Extrême-Nord,1990-05-01,1990,5,31.495
Extrême-Nord,1990-06-01,1990,6,30.616
Extrême-Nord,1990-07-01,1990,7,26.713
Extrême-Nord,1990-08-01,1990,8,26.697
Extrême-Nord,1990-09-01,1990,9,27.731
Extrême-Nord,1990-10-01,1990,10,29.091
Extrême-Nord,1990-11-01,1990,11,29.031
Extrême-Nord,1990-12-01,1990,12,27.372
Extrême-Nord,1991-01-01,1991,1,24.465
Extrême-Nord,1991-02-01,1991,2,28.215
Extrême-Nord,1991-03-01,1991,3,30.951
Extrême-Nord,1991-04-01,1991,4,32.599
Extrême-Nord,1991-05-01,1991,5,29.016
Extrême-Nord,1991-06-01,1991,6,29.722
Extrême-Nord,1991-07-01,1991,7,27.13
Extrême-Nord,1991-08-01,1991,8,25.555
Extrême-Nord,1991-09-01,1991,9,28.011
Extrême-Nord,1991-10-01,1991,10,27.842
Extrême-Nord,1991-11-01,1991,11,27.138
Extrême-Nord,1991-12-01,1991,12,23.262
Extrême-Nord,1992-01-01,1992,1,22.697
Extrême-Nord,1992-02-01,1992,2,24.165
Extrême-Nord,1992-03-01,1992,3,30.721
Extrême-Nord,1992-04-01,1992,4,32.665
Extrême-Nord,1992-05-01,1992,5,30.819
Extrême-Nord,1992-06-01,1992,6,29.561
Extrême-Nord,1992-07-01,1992,7,26.355
Extrême-Nord,1992-08-01,1992,8,25.072
Extrême-Nord,1992-09-01,1992,9,26.305
Extrême-Nord,1992-10-01,1992,10,28.059
Extrême-Nord,1992-11-01,1992,11,26.046
Extrême-Nord,1992-12-01,1992,12,23.789
Extrême-Nord,1993-01-01,1993,1,22.057
Extrême-Nord,1993-02-01,1993,2,25.436
Extrême-Nord,1993-03-01,1993,3,30.445
Extrême-Nord,1993-04-01,1993,4,32.384
Extrême-Nord,1993-05-01,1993,5,31.267
Extrême-Nord,1993-06-01,1993,6,29.501
Extrême-Nord,1993-07-01,1993,7,27.259
Extrême-Nord,1993-08-01,1993,8,26.159
Extrême-Nord,1993-09-01,1993,9,27.076
Extrême-Nord,1993-10-01,1993,10,29.449
Extrême-Nord,1993-11-01,1993,11,28.795
Extrême-Nord,1993-12-01,1993,12,25.146
Extrême-Nord,1994-01-01,1994,1,24.693
Extrême-Nord,1994-02-01,1994,2,26.253
Extrême-Nord,1994-03-01,1994,3,31.197
Extrême-Nord,1994-04-01,1994,4,33.03
Extrême-Nord,1994-05-01,1994,5,32.446
Extrême-Nord,1994-06-01,1994,6,29.745
Extrême-Nord,1994-07-01,1994,7,26.825
Extrême-Nord,1994-08-01,1994,8,25.152
Extrême-Nord,1994-09-01,1994,9,26.172
Extrême-Nord,1994-10-01,1994,10,27.987
Extrême-Nord,1994-11-01,1994,11,25.862
Extrême-Nord,1994-12-01,1994,12,22.824
Extrême-Nord,1995-01-01,1995,1,22.991
Extrême-Nord,1995-02-01,1995,2,24.657
Extrême-Nord,1995-03-01,1995,3,31.285
Extrême-Nord,1995-04-01,1995,4,32.831
Extrême-Nord,1995-05-01,1995,5,31.865
Extrême-Nord,1995-06-01,1995,6,29.821
Extrême-Nord,1995-07-01,1995,7,27.01
Extrême-Nord,1995-08-01,1995,8,26.085
Extrême-Nord,1995-09-01,1995,9,26.93
Extrême-Nord,1995-10-01,1995,10,28.261
Extrême-Nord,1995-11-01,1995,11,26.586
Extrême-Nord,1995-12-01,1995,12,25.215
Extrême-Nord,1996-01-01,1996,1,25.149
Extrême-Nord,1996-02-01,1996,2,28.117
Extrême-Nord,1996-03-01,1996,3,32.096
Extrême-Nord,1996-04-01,1996,4,32.936
Extrême-Nord,1996-05-01,1996,5,31.135
Extrême-Nord,1996-06-01,1996,6,28.572
Extrême-Nord,1996-07-01,1996,7,27.215
Extrême-Nord,1996-08-01,1996,8,25.789
Extrême-Nord,1996-09-01,1996,9,26.311
Extrême-Nord,1996-10-01,1996,10,27.779
Extrême-Nord,1996-11-01,1996,11,25.494
Extrême-Nord,1996-12-01,1996,12,24.581
Extrême-Nord,1997-01-01,1997,1,25.12
Extrême-Nord,1997-02-01,1997,2,24.356
Extrême-Nord,1997-03-01,1997,3,30.512
Extrême-Nord,1997-04-01,1997,4,31.431
Extrême-Nord,1997-05-01,1997,5,29.931
Extrême-Nord,1997-06-01,1997,6,28.541
Extrême-Nord,1997-07-01,1997,7,27.174
Extrême-Nord,1997-08-01,1997,8,26.687
Extrême-Nord,1997-09-01,1997,9,27.865
Extrême-Nord,1997-10-01,1997,10,29.305
Extrême-Nord,1997-11-01,1997,11,27.998
Extrême-Nord,1997-12-01,1997,12,24.597
Extrême-Nord,1998-01-01,1998,1,23.97
Extrême-Nord,1998-02-01,1998,2,27.628
Extrême-Nord,1998-03-01,1998,3,29.242
Extrême-Nord,1998-04-01,1998,4,34.238
Extrême-Nord,1998-05-01,1998,5,33.892
Extrême-Nord,1998-06-01,1998,6,30.513
Extrême-Nord,1998-07-01,1998,7,27.622
Extrême-Nord,1998-08-01,1998,8,25.985
Extrême-Nord,1998-09-01,1998,9,26.467
Extrême-Nord,1998-10-01,1998,10,28.522
Extrême-Nord,1998-11-01,1998,11,27.764
Extrême-Nord,1998-12-01,1998,12,25.075
Extrême-Nord,1999-01-01,1999,1,24.698
Extrême-Nord,1999-02-01,1999,2,28.551
Extrême-Nord,1999-03-01,1999,3,31.452
Extrême-Nord,1999-04-01,1999,4,33.136
Extrême-Nord,1999-05-01,1999,5,31.615
Extrême-Nord,1999-06-01,1999,6,29.829
Extrême-Nord,1999-07-01,1999,7,26.265
Extrême-Nord,1999-08-01,1999,8,25.227
Extrême-Nord,1999-09-01,1999,9,25.817
Extrême-Nord,1999-10-01,1999,10,26.686
Extrême-Nord,1999-11-01,1999,11,26.485
Extrême-Nord,1999-12-01,1999,12,23.4
Extrême-Nord,2000-01-01,2000,1,24.906
Extrême-Nord,2000-02-01,2000,2,23.851
Extrême-Nord,2000-03-01,2000,3,28.444
Extrême-Nord,2000-04-01,2000,4,32.792
Extrême-Nord,2000-05-01,2000,5,31.968
Extrême-Nord,2000-06-01,2000,6,29.099
Extrême-Nord,2000-07-01,2000,7,26.416
Extrême-Nord,2000-08-01,2000,8,25.851
Extrême-Nord,2000-09-01,2000,9,26.879
Extrême-Nord,2000-10-01,2000,10,27.685
Extrême-Nord,2000-11-01,2000,11,26.525
Extrême-Nord,2000-12-01,2000,12,23.208
Extrême-Nord,2001-01-01,2001,1,22.578
Extrême-Nord,2001-02-01,2001,2,25.177
Extrême-Nord,2001-03-01,2001,3,30.264
Extrême-Nord,2001-04-01,2001,4,32.863
Extrême-Nord,2001-05-01,2001,5,31.671
Extrême-Nord,2001-06-01,2001,6,29.149
Extrême-Nord,2001-07-01,2001,7,27.045
Extrême-Nord,2001-08-01,2001,8,25.492
Extrême-Nord,2001-09-01,2001,9,26.017
Extrême-Nord,2001-10-01,2001,10,27.652
Extrême-Nord,2001-11-01,2001,11,26.55
Extrême-Nord,2001-12-01,2001,12,24.889
Extrême-Nord,2002-01-01,2002,1,21.576
Extrême-Nord,2002-02-01,2002,2,25.893
Extrême-Nord,2002-03-01,2002,3,30.893
Extrême-Nord,2002-04-01,2002,4,33.532
Extrême-Nord,2002-05-01,2002,5,33.226
Extrême-Nord,2002-06-01,2002,6,29.896
Extrême-Nord,2002-07-01,2002,7,28.275
Extrême-Nord,2002-08-01,2002,8,26.277
Extrême-Nord,2002-09-01,2002,9,26.853
Extrême-Nord,2002-10-01,2002,10,27.481
Extrême-Nord,2002-11-01,2002,11,26.493
Extrême-Nord,2002-12-01,2002,12,23.634
Extrême-Nord,2003-01-01,2003,1,24.014
Extrême-Nord,2003-02-01,2003,2,27.681
Extrême-Nord,2003-03-01,2003,3,29.979
Extrême-Nord,2003-04-01,2003,4,32.889
Extrême-Nord,2003-05-01,2003,5,32.127
Extrême-Nord,2003-06-01,2003,6,28.554
Extrême-Nord,2003-07-01,2003,7,26.68
Extrême-Nord,2003-08-01,2003,8,25.66
Extrême-Nord,2003-09-01,2003,9,26.465
Extrême-Nord,2003-10-01,2003,10,28.368
Extrême-Nord,2003-11-01,2003,11,27.312
Extrême-Nord,2003-12-01,2003,12,23.717
Extrême-Nord,2004-01-01,2004,1,24.216
Extrême-Nord,2004-02-01,2004,2,25.711
Extrême-Nord,2004-03-01,2004,3,29.462
Extrême-Nord,2004-04-01,2004,4,33.146
Extrême-Nord,2004-05-01,2004,5,31.423
Extrême-Nord,2004-06-01,2004,6,28.802
Extrême-Nord,2004-07-01,2004,7,26.591
Extrême-Nord,2004-08-01,2004,8,26.085
Extrême-Nord,2004-09-01,2004,9,26.898
Extrême-Nord,2004-10-01,2004,10,29.012
Extrême-Nord,2004-11-01,2004,11,27.675
Extrême-Nord,2004-12-01,2004,12,24.985
Extrême-Nord,2005-01-01,2005,1,23.135
Extrême-Nord,2005-02-01,2005,2,30.374
Extrême-Nord,2005-03-01,2005,3,32.406
Extrême-Nord,2005-04-01,2005,4,33.296
Extrême-Nord,2005-05-01,2005,5,31.892
Extrême-Nord,2005-06-01,2005,6,28.772
Extrême-Nord,2005-07-01,2005,7,26.678
Extrême-Nord,2005-08-01,2005,8,25.928
Extrême-Nord,2005-09-01,2005,9,26.902
Extrême-Nord,2005-10-01,2005,10,28.191
Extrême-Nord,2005-11-01,2005,11,26.82
Extrême-Nord,2005-12-01,2005,12,25.778
Extrême-Nord,2006-01-01,2006,1,26.554
Extrême-Nord,2006-02-01,2006,2,29.567
Extrême-Nord,2006-03-01,2006,3,31.122
Extrême-Nord,2006-04-01,2006,4,32.347
Extrême-Nord,2006-05-01,2006,5,31.168
Extrême-Nord,2006-06-01,2006,6,30.21
Extrême-Nord,2006-07-01,2006,7,27.998
Extrême-Nord,2006-08-01,2006,8,26.183
Extrême-Nord,2006-09-01,2006,9,26.813
Extrême-Nord,2006-10-01,2006,10,28.525
Extrême-Nord,2006-11-01,2006,11,25.771
Extrême-Nord,2006-12-01,2006,12,22.71
Extrême-Nord,2007-01-01,2007,1,22.405
Extrême-Nord,2007-02-01,2007,2,27.541
Extrême-Nord,2007-03-01,2007,3,30.484
Extrême-Nord,2007-04-01,2007,4,33.581
Extrême-Nord,2007-05-01,2007,5,31.915
Extrême-Nord,2007-06-01,2007,6,29.538
Extrême-Nord,2007-07-01,2007,7,27.264
Extrême-Nord,2007-08-01,2007,8,25.274
Extrême-Nord,2007-09-01,2007,9,26.508
Extrême-Nord,2007-10-01,2007,10,28.86
Extrême-Nord,2007-11-01,2007,11,27.851
Extrême-Nord,2007-12-01,2007,12,24.904
Extrême-Nord,2008-01-01,2008,1,22.797
Extrême-Nord,2008-02-01,2008,2,24.673
Extrême-Nord,2008-03-01,2008,3,31.554
Extrême-Nord,2008-04-01,2008,4,32.194
Extrême-Nord,2008-05-01,2008,5,31.622
Extrême-Nord,2008-06-01,2008,6,29.457
Extrême-Nord,2008-07-01,2008,7,26.92
Extrême-Nord,2008-08-01,2008,8,25.556
Extrême-Nord,2008-09-01,2008,9,26.62
Extrême-Nord,2008-10-01,2008,10,27.758
Extrême-Nord,2008-11-01,2008,11,26.268
Extrême-Nord,2008-12-01,2008,12,25.427
Extrême-Nord,2009-01-01,2009,1,26.022
Extrême-Nord,2009-02-01,2009,2,28.329
Extrême-Nord,2009-03-01,2009,3,30.885
Extrême-Nord,2009-04-01,2009,4,32.683
Extrême-Nord,2009-05-01,2009,5,31.423
Extrême-Nord,2009-06-01,2009,6,30.598
Extrême-Nord,2009-07-01,2009,7,27.915
Extrême-Nord,2009-08-01,2009,8,26.608
Extrême-Nord,2009-09-01,2009,9,27.585
Extrême-Nord,2009-10-01,2009,10,28.904
Extrême-Nord,2009-11-01,2009,11,27.155
Extrême-Nord,2009-12-01,2009,12,24.685
Extrême-Nord,2010-01-01,2010,1,25.498
Extrême-Nord,2010-02-01,2010,2,29.603
Extrême-Nord,2010-03-01,2010,3,31.073
Extrême-Nord,2010-04-01,2010,4,34.594
Extrême-Nord,2010-05-01,2010,5,33.345
Extrême-Nord,2010-06-01,2010,6,29.896
Extrême-Nord,2010-07-01,2010,7,26.922
Extrême-Nord,2010-08-01,2010,8,26.134
Extrême-Nord,2010-09-01,2010,9,26.504
Extrême-Nord,2010-10-01,2010,10,28.603
Extrême-Nord,2010-11-01,2010,11,28.165
Extrême-Nord,2010-12-01,2010,12,24.431
Extrême-Nord,2011-01-01,2011,1,23.237
Extrême-Nord,2011-02-01,2011,2,29.696
Extrême-Nord,2011-03-01,2011,3,31.322
Extrême-Nord,2011-04-01,2011,4,33.308
Extrême-Nord,2011-05-01,2011,5,32.45
Extrême-Nord,2011-06-01,2011,6,30.187
Extrême-Nord,2011-07-01,2011,7,27.848
Extrême-Nord,2011-08-01,2011,8,26.117
Extrême-Nord,2011-09-01,2011,9,26.544
Extrême-Nord,2011-10-01,2011,10,28.294
Extrême-Nord,2011-11-01,2011,11,25.905
Extrême-Nord,2011-12-01,2011,12,23.624
Extrême-Nord,2012-01-01,2012,1,23.907
Extrême-Nord,2012-02-01,2012,2,28.995
Extrême-Nord,2012-03-01,2012,3,30.264
Extrême-Nord,2012-04-01,2012,4,34.215
Extrême-Nord,2012-05-01,2012,5,31.801
Extrême-Nord,2012-06-01,2012,6,28.603
Extrême-Nord,2012-07-01,2012,7,26.477
Extrême-Nord,2012-08-01,2012,8,25.538
Extrême-Nord,2012-09-01,2012,9,26.317
Extrême-Nord,2012-10-01,2012,10,28.464
Extrême-Nord,2012-11-01,2012,11,27.434
Extrême-Nord,2012-12-01,2012,12,24.331
Extrême-Nord,2013-01-01,2013,1,25.655
Extrême-Nord,2013-02-01,2013,2,28.315
Extrême-Nord,2013-03-01,2013,3,32.529
Extrême-Nord,2013-04-01,2013,4,33.167
Extrême-Nord,2013-05-01,2013,5,32.484
Extrême-Nord,2013-06-01,2013,6,30.359
Extrême-Nord,2013-07-01,2013,7,26.994
Extrême-Nord,2013-08-01,2013,8,25.49
Extrême-Nord,2013-09-01,2013,9,26.965
Extrême-Nord,2013-10-01,2013,10,28.568
Extrême-Nord,2013-11-01,2013,11,28.056
Extrême-Nord,2013-12-01,2013,12,25.404
Extrême-Nord,2014-01-01,2014,1,24.729
Extrême-Nord,2014-02-01,2014,2,27.088
Extrême-Nord,2014-03-01,2014,3,31.335
Extrême-Nord,2014-04-01,2014,4,32.916
Extrême-Nord,2014-05-01,2014,5,31.602
Extrême-Nord,2014-06-01,2014,6,30.508
Extrême-Nord,2014-07-01,2014,7,28.101
Extrême-Nord,2014-08-01,2014,8,25.714
Extrême-Nord,2014-09-01,2014,9,26.614
Extrême-Nord,2014-10-01,2014,10,28.234
Extrême-Nord,2014-11-01,2014,11,27.604
Extrême-Nord,2014-12-01,2014,12,24.556
Extrême-Nord,2015-01-01,2015,1,22.864
Extrême-Nord,2015-02-01,2015,2,29.035
Extrême-Nord,2015-03-01,2015,3,31.665
Extrême-Nord,2015-04-01,2015,4,32.629
Extrême-Nord,2015-05-01,2015,5,33.607
Extrême-Nord,2015-06-01,2015,6,31.188
Extrême-Nord,2015-07-01,2015,7,28.283
Extrême-Nord,2015-08-01,2015,8,26.81
Extrême-Nord,2015-09-01,2015,9,26.954
Extrême-Nord,2015-10-01,2015,10,29.362
Extrême-Nord,2015-11-01,2015,11,27.377
Extrême-Nord,2015-12-01,2015,12,22.155
Extrême-Nord,2016-01-01,2016,1,22.947
Extrême-Nord,2016-02-01,2016,2,26.8
Extrême-Nord,2016-03-01,2016,3,33.52
Extrême-Nord,2016-04-01,2016,4,33.906
Extrême-Nord,2016-05-01,2016,5,32.043
Extrême-Nord,2016-06-01,2016,6,29.104
Extrême-Nord,2016-07-01,2016,7,27.238
Extrême-Nord,2016-08-01,2016,8,26.468
Extrême-Nord,2016-09-01,2016,9,27.33
Extrême-Nord,2016-10-01,2016,10,29.067
Extrême-Nord,2016-11-01,2016,11,28.208
Extrême-Nord,2016-12-01,2016,12,25.475
Extrême-Nord,2017-01-01,2017,1,26.028
Extrême-Nord,2017-02-01,2017,2,26.236
Extrême-Nord,2017-03-01,2017,3,31.248
Extrême-Nord,2017-04-01,2017,4,33.813
Extrême-Nord,2017-05-01,2017,5,32.209
Extrême-Nord,2017-06-01,2017,6,29.478
Extrême-Nord,2017-07-01,2017,7,27.215
Extrême-Nord,2017-08-01,2017,8,26.088
Extrême-Nord,2017-09-01,2017,9,26.927
Extrême-Nord,2017-10-01,2017,10,28.474
Extrême-Nord,2017-11-01,2017,11,26.859
Extrême-Nord,2017-12-01,2017,12,25.495
Extrême-Nord,2018-01-01,2018,1,22.571
Extrême-Nord,2018-02-01,2018,2,29.641
Extrême-Nord,2018-03-01,2018,3,32.109
Extrême-Nord,2018-04-01,2018,4,33.656
Extrême-Nord,2018-05-01,2018,5,32.297
Extrême-Nord,2018-06-01,2018,6,29.665
Extrême-Nord,2018-07-01,2018,7,27.245
Extrême-Nord,2018-08-01,2018,8,26.145
Extrême-Nord,2018-09-01,2018,9,26.875
Extrême-Nord,2018-10-01,2018,10,29.442
Extrême-Nord,2018-11-01,2018,11,27.99
Extrême-Nord,2018-12-01,2018,12,24.243
Extrême-Nord,2019-01-01,2019,1,24.867
Extrême-Nord,2019-02-01,2019,2,26.676
Extrême-Nord,2019-03-01,2019,3,32.252
Extrême-Nord,2019-04-01,2019,4,34.358
Extrême-Nord,2019-05-01,2019,5,32.746
Extrême-Nord,2019-06-01,2019,6,29.089
Extrême-Nord,2019-07-01,2019,7,27.522
Extrême-Nord,2019-08-01,2019,8,25.776
Extrême-Nord,2019-09-01,2019,9,27.35
Extrême-Nord,2019-10-01,2019,10,26.825
Extrême-Nord,2019-11-01,2019,11,27.942
Extrême-Nord,2019-12-01,2019,12,24.112
Extrême-Nord,2020-01-01,2020,1,23.305
Extrême-Nord,2020-02-01,2020,2,25.683
Extrême-Nord,2020-03-01,2020,3,31.61
Extrême-Nord,2020-04-01,2020,4,34.382
Extrême-Nord,2020-05-01,2020,5,33.334
Extrême-Nord,2020-06-01,2020,6,30.598
Extrême-Nord,2020-07-01,2020,7,27.283
Extrême-Nord,2020-08-01,2020,8,26.15
Extrême-Nord,2020-09-01,2020,9,26.372
Extrême-Nord,2020-10-01,2020,10,27.97
Extrême-Nord,2020-11-01,2020,11,26.694
Extrême-Nord,2020-12-01,2020,12,25.713
Extrême-Nord,2021-01-01,2021,1,25.623
Extrême-Nord,2021-02-01,2021,2,25.692
Extrême-Nord,2021-03-01,2021,3,31.24
Extrême-Nord,2021-04-01,2021,4,33.045
Extrême-Nord,2021-05-01,2021,5,32.848
Extrême-Nord,2021-06-01,2021,6,30.119
Extrême-Nord,2021-07-01,2021,7,27.17
Extrême-Nord,2021-08-01,2021,8,26.437
Extrême-Nord,2021-09-01,2021,9,27.323
Extrême-Nord,2021-10-01,2021,10,29.346
Extrême-Nord,2021-11-01,2021,11,29.158
Extrême-Nord,2021-12-01,2021,12,25.751
Extrême-Nord,2022-01-01,2022,1,23.673
Extrême-Nord,2022-02-01,2022,2,25.786
Extrême-Nord,2022-03-01,2022,3,31.009
Extrême-Nord,2022-04-01,2022,4,33.604
Extrême-Nord,2022-05-01,2022,5,32.519
Extrême-Nord,2022-06-01,2022,6,29.752
Extrême-Nord,2022-07-01,2022,7,27.199
Extrême-Nord,2022-08-01,2022,8,25.628
Extrême-Nord,2022-09-01,2022,9,26.362
Extrême-Nord,2022-10-01,2022,10,28.298
Extrême-Nord,2022-11-01,2022,11,26.786
Extrême-Nord,2022-12-01,2022,12,24.45
Extrême-Nord,2023-01-01,2023,1,24.699
Extrême-Nord,2023-02-01,2023,2,27.049
Extrême-Nord,2023-03-01,2023,3,31.43
Extrême-Nord,2023-04-01,2023,4,33.739
Extrême-Nord,2023-05-01,2023,5,33.164
Extrême-Nord,2023-06-01,2023,6,28.624
Extrême-Nord,2023-07-01,2023,7,28.115
Extrême-Nord,2023-08-01,2023,8,26.819
Extrême-Nord,2023-09-01,2023,9,27.307
Extrême-Nord,2023-10-01,2023,10,28.68
Extrême-Nord,2023-11-01,2023,11,28.686
Extrême-Nord,2023-12-01,2023,12,25.231
Extrême-Nord,2024-01-01,2024,1,24.252
Extrême-Nord,2024-02-01,2024,2,27.426
Extrême-Nord,2024-03-01,2024,3,33.576
Extrême-Nord,2024-04-01,2024,4,35.113
Extrême-Nord,2024-05-01,2024,5,34.797
Extrême-Nord,2024-06-01,2024,6,30.097
Extrême-Nord,2024-07-01,2024,7,27.2
Extrême-Nord,2024-08-01,2024,8,26.026
Extrême-Nord,2024-09-01,2024,9,26.877
Extrême-Nord,2024-10-01,2024,10,27.646
Extrême-Nord,2024-11-01,2024,11,25.186
Extrême-Nord,2024-12-01,2024,12,23.551
Extrême-Nord,2025-01-01,2025,1,24.626
Extrême-Nord,2025-02-01,2025,2,27.061
Extrême-Nord,2025-03-01,2025,3,31.374
Extrême-Nord,2025-04-01,2025,4,33.416
Extrême-Nord,2025-05-01,2025,5,33.026
Extrême-Nord,2025-06-01,2025,6,30.374
Extrême-Nord,2025-07-01,2025,7,26.934
Extrême-Nord,2025-08-01,2025,8,25.868
Extrême-Nord,2025-09-01,2025,9,26.906
Extrême-Nord,2025-10-01,2025,10,28.326
Extrême-Nord,2025-11-01,2025,11,27.79
Extrême-Nord,2025-12-01,2025,12,26.593
Extrême-Nord,2026-01-01,2026,1,26.642
Extrême-Nord,2026-02-01,2026,2,28.257
Extrême-Nord,2026-03-01,2026,3,30.465
Extrême-Nord,2026-04-01,2026,4,32.977
Extrême-Nord,2026-05-01,2026,5,33.277
Extrême-Nord,2026-06-01,2026,6,29.676
Littoral,1940-01-01,1940,1,23.923
Littoral,1940-02-01,1940,2,24.687
Littoral,1940-03-01,1940,3,24.64
Littoral,1940-04-01,1940,4,24.363
Littoral,1940-05-01,1940,5,24.181
Littoral,1940-06-01,1940,6,23.369
Littoral,1940-07-01,1940,7,22.654
Littoral,1940-08-01,1940,8,23.007
Littoral,1940-09-01,1940,9,22.696
Littoral,1940-10-01,1940,10,23.31
Littoral,1940-11-01,1940,11,23.352
Littoral,1940-12-01,1940,12,24.456
Littoral,1941-01-01,1941,1,24.652
Littoral,1941-02-01,1941,2,25.445
Littoral,1941-03-01,1941,3,25.384
Littoral,1941-04-01,1941,4,24.544
Littoral,1941-05-01,1941,5,24.034
Littoral,1941-06-01,1941,6,23.79
Littoral,1941-07-01,1941,7,22.653
Littoral,1941-08-01,1941,8,22.655
Littoral,1941-09-01,1941,9,22.932
Littoral,1941-10-01,1941,10,23.554
Littoral,1941-11-01,1941,11,23.564
Littoral,1941-12-01,1941,12,24.645
Littoral,1942-01-01,1942,1,24.574
Littoral,1942-02-01,1942,2,24.842
Littoral,1942-03-01,1942,3,24.875
Littoral,1942-04-01,1942,4,24.296
Littoral,1942-05-01,1942,5,24.116
Littoral,1942-06-01,1942,6,23.238
Littoral,1942-07-01,1942,7,22.328
Littoral,1942-08-01,1942,8,22.664
Littoral,1942-09-01,1942,9,23.103
Littoral,1942-10-01,1942,10,23.195
Littoral,1942-11-01,1942,11,23.707
Littoral,1942-12-01,1942,12,23.478
Littoral,1943-01-01,1943,1,24.098
Littoral,1943-02-01,1943,2,24.459
Littoral,1943-03-01,1943,3,24.363
Littoral,1943-04-01,1943,4,24.165
Littoral,1943-05-01,1943,5,23.682
Littoral,1943-06-01,1943,6,22.922
Littoral,1943-07-01,1943,7,21.781
Littoral,1943-08-01,1943,8,22.689
Littoral,1943-09-01,1943,9,23.103
Littoral,1943-10-01,1943,10,23.312
Littoral,1943-11-01,1943,11,23.337
Littoral,1943-12-01,1943,12,24.399
Littoral,1944-01-01,1944,1,25.163
Littoral,1944-02-01,1944,2,25.49
Littoral,1944-03-01,1944,3,24.689
Littoral,1944-04-01,1944,4,24.567
Littoral,1944-05-01,1944,5,24.409
Littoral,1944-06-01,1944,6,23.519
Littoral,1944-07-01,1944,7,22.913
Littoral,1944-08-01,1944,8,22.507
Littoral,1944-09-01,1944,9,23.218
Littoral,1944-10-01,1944,10,23.527
Littoral,1944-11-01,1944,11,24.159
Littoral,1944-12-01,1944,12,24.897
Littoral,1945-01-01,1945,1,24.994
Littoral,1945-02-01,1945,2,25.594
Littoral,1945-03-01,1945,3,25.603
Littoral,1945-04-01,1945,4,25.184
Littoral,1945-05-01,1945,5,23.867
Littoral,1945-06-01,1945,6,23.404
Littoral,1945-07-01,1945,7,22.522
Littoral,1945-08-01,1945,8,22.618
Littoral,1945-09-01,1945,9,23.038
Littoral,1945-10-01,1945,10,23.244
Littoral,1945-11-01,1945,11,23.777
Littoral,1945-12-01,1945,12,24.346
Littoral,1946-01-01,1946,1,25.372
Littoral,1946-02-01,1946,2,26.236
Littoral,1946-03-01,1946,3,25.421
Littoral,1946-04-01,1946,4,25.039
Littoral,1946-05-01,1946,5,24.105
Littoral,1946-06-01,1946,6,22.868
Littoral,1946-07-01,1946,7,22.077
Littoral,1946-08-01,1946,8,22.557
Littoral,1946-09-01,1946,9,22.49
Littoral,1946-10-01,1946,10,22.707
Littoral,1946-11-01,1946,11,23.69
Littoral,1946-12-01,1946,12,24.287
Littoral,1947-01-01,1947,1,24.857
Littoral,1947-02-01,1947,2,24.951
Littoral,1947-03-01,1947,3,25.336
Littoral,1947-04-01,1947,4,24.718
Littoral,1947-05-01,1947,5,24.206
Littoral,1947-06-01,1947,6,23.367
Littoral,1947-07-01,1947,7,22.595
Littoral,1947-08-01,1947,8,22.622
Littoral,1947-09-01,1947,9,22.981
Littoral,1947-10-01,1947,10,23.567
Littoral,1947-11-01,1947,11,23.807
Littoral,1947-12-01,1947,12,23.95
Littoral,1948-01-01,1948,1,24.603
Littoral,1948-02-01,1948,2,25.28
Littoral,1948-03-01,1948,3,25.173
Littoral,1948-04-01,1948,4,24.254
Littoral,1948-05-01,1948,5,24.433
Littoral,1948-06-01,1948,6,23.361
Littoral,1948-07-01,1948,7,22.471
Littoral,1948-08-01,1948,8,22.72
Littoral,1948-09-01,1948,9,22.72
Littoral,1948-10-01,1948,10,22.929
Littoral,1948-11-01,1948,11,23.544
Littoral,1948-12-01,1948,12,24.38
Littoral,1949-01-01,1949,1,25.449
Littoral,1949-02-01,1949,2,25.719
Littoral,1949-03-01,1949,3,25.397
Littoral,1949-04-01,1949,4,24.885
Littoral,1949-05-01,1949,5,24.195
Littoral,1949-06-01,1949,6,23.406
Littoral,1949-07-01,1949,7,22.851
Littoral,1949-08-01,1949,8,22.702
Littoral,1949-09-01,1949,9,23.178
Littoral,1949-10-01,1949,10,23.429
Littoral,1949-11-01,1949,11,23.854
Littoral,1949-12-01,1949,12,24.868
Littoral,1950-01-01,1950,1,24.541
Littoral,1950-02-01,1950,2,24.963
Littoral,1950-03-01,1950,3,24.964
Littoral,1950-04-01,1950,4,24.871
Littoral,1950-05-01,1950,5,24.524
Littoral,1950-06-01,1950,6,23.362
Littoral,1950-07-01,1950,7,22.133
Littoral,1950-08-01,1950,8,21.943
Littoral,1950-09-01,1950,9,22.824
Littoral,1950-10-01,1950,10,23.168
Littoral,1950-11-01,1950,11,23.628
Littoral,1950-12-01,1950,12,24.417
Littoral,1951-01-01,1951,1,24.537
Littoral,1951-02-01,1951,2,24.597
Littoral,1951-03-01,1951,3,24.781
Littoral,1951-04-01,1951,4,24.82
Littoral,1951-05-01,1951,5,24.686
Littoral,1951-06-01,1951,6,23.517
Littoral,1951-07-01,1951,7,22.925
Littoral,1951-08-01,1951,8,22.929
Littoral,1951-09-01,1951,9,23.411
Littoral,1951-10-01,1951,10,23.564
Littoral,1951-11-01,1951,11,23.897
Littoral,1951-12-01,1951,12,25.136
Littoral,1952-01-01,1952,1,25.294
Littoral,1952-02-01,1952,2,25.231
Littoral,1952-03-01,1952,3,25.095
Littoral,1952-04-01,1952,4,24.789
Littoral,1952-05-01,1952,5,24.51
Littoral,1952-06-01,1952,6,23.72
Littoral,1952-07-01,1952,7,22.475
Littoral,1952-08-01,1952,8,22.831
Littoral,1952-09-01,1952,9,22.996
Littoral,1952-10-01,1952,10,23.328
Littoral,1952-11-01,1952,11,23.468
Littoral,1952-12-01,1952,12,24.475
Littoral,1953-01-01,1953,1,25.064
Littoral,1953-02-01,1953,2,24.66
Littoral,1953-03-01,1953,3,24.585
Littoral,1953-04-01,1953,4,24.883
Littoral,1953-05-01,1953,5,24.303
Littoral,1953-06-01,1953,6,23.184
Littoral,1953-07-01,1953,7,22.576
Littoral,1953-08-01,1953,8,22.522
Littoral,1953-09-01,1953,9,23.271
Littoral,1953-10-01,1953,10,23.255
Littoral,1953-11-01,1953,11,23.948
Littoral,1953-12-01,1953,12,24.703
Littoral,1954-01-01,1954,1,24.654
Littoral,1954-02-01,1954,2,24.521
Littoral,1954-03-01,1954,3,24.57
Littoral,1954-04-01,1954,4,24.531
Littoral,1954-05-01,1954,5,24.401
Littoral,1954-06-01,1954,6,23.133
Littoral,1954-07-01,1954,7,21.996
Littoral,1954-08-01,1954,8,22.139
Littoral,1954-09-01,1954,9,22.973
Littoral,1954-10-01,1954,10,23.092
Littoral,1954-11-01,1954,11,23.61
Littoral,1954-12-01,1954,12,24.208
Littoral,1955-01-01,1955,1,24.849
Littoral,1955-02-01,1955,2,25.222
Littoral,1955-03-01,1955,3,24.505
Littoral,1955-04-01,1955,4,24.606
Littoral,1955-05-01,1955,5,24.278
Littoral,1955-06-01,1955,6,23.119
Littoral,1955-07-01,1955,7,22.289
Littoral,1955-08-01,1955,8,22.278
Littoral,1955-09-01,1955,9,23.053
Littoral,1955-10-01,1955,10,23.19
Littoral,1955-11-01,1955,11,23.927
Littoral,1955-12-01,1955,12,24.226
Littoral,1956-01-01,1956,1,24.611
Littoral,1956-02-01,1956,2,24.707
Littoral,1956-03-01,1956,3,24.162
Littoral,1956-04-01,1956,4,24.469
Littoral,1956-05-01,1956,5,24.285
Littoral,1956-06-01,1956,6,23.099
Littoral,1956-07-01,1956,7,21.942
Littoral,1956-08-01,1956,8,22.459
Littoral,1956-09-01,1956,9,22.739
Littoral,1956-10-01,1956,10,22.936
Littoral,1956-11-01,1956,11,23.336
Littoral,1956-12-01,1956,12,23.876
Littoral,1957-01-01,1957,1,24.058
Littoral,1957-02-01,1957,2,24.897
Littoral,1957-03-01,1957,3,24.597
Littoral,1957-04-01,1957,4,24.494
Littoral,1957-05-01,1957,5,24.324
Littoral,1957-06-01,1957,6,23.395
Littoral,1957-07-01,1957,7,22.711
Littoral,1957-08-01,1957,8,22.614
Littoral,1957-09-01,1957,9,23.408
Littoral,1957-10-01,1957,10,23.295
Littoral,1957-11-01,1957,11,24.031
Littoral,1957-12-01,1957,12,24.548
Littoral,1958-01-01,1958,1,25.42
Littoral,1958-02-01,1958,2,25.934
Littoral,1958-03-01,1958,3,25.516
Littoral,1958-04-01,1958,4,25.001
Littoral,1958-05-01,1958,5,24.321
Littoral,1958-06-01,1958,6,23.03
Littoral,1958-07-01,1958,7,22.236
Littoral,1958-08-01,1958,8,22.461
Littoral,1958-09-01,1958,9,22.917
Littoral,1958-10-01,1958,10,23.406
Littoral,1958-11-01,1958,11,23.779
Littoral,1958-12-01,1958,12,24.421
Littoral,1959-01-01,1959,1,24.956
Littoral,1959-02-01,1959,2,25.505
Littoral,1959-03-01,1959,3,25.565
Littoral,1959-04-01,1959,4,25.162
Littoral,1959-05-01,1959,5,24.389
Littoral,1959-06-01,1959,6,23.821
Littoral,1959-07-01,1959,7,22.882
Littoral,1959-08-01,1959,8,22.841
Littoral,1959-09-01,1959,9,23.27
Littoral,1959-10-01,1959,10,23.699
Littoral,1959-11-01,1959,11,24.082
Littoral,1959-12-01,1959,12,24.596
Littoral,1960-01-01,1960,1,24.88
Littoral,1960-02-01,1960,2,25.274
Littoral,1960-03-01,1960,3,25.117
Littoral,1960-04-01,1960,4,24.835
Littoral,1960-05-01,1960,5,24.52
Littoral,1960-06-01,1960,6,23.64
Littoral,1960-07-01,1960,7,23.098
Littoral,1960-08-01,1960,8,22.875
Littoral,1960-09-01,1960,9,23.118
Littoral,1960-10-01,1960,10,23.525
Littoral,1960-11-01,1960,11,24.193
Littoral,1960-12-01,1960,12,24.377
Littoral,1961-01-01,1961,1,24.796
Littoral,1961-02-01,1961,2,25.189
Littoral,1961-03-01,1961,3,25.784
Littoral,1961-04-01,1961,4,24.823
Littoral,1961-05-01,1961,5,24.596
Littoral,1961-06-01,1961,6,23.445
Littoral,1961-07-01,1961,7,22.765
Littoral,1961-08-01,1961,8,22.623
Littoral,1961-09-01,1961,9,22.905
Littoral,1961-10-01,1961,10,23.216
Littoral,1961-11-01,1961,11,23.734
Littoral,1961-12-01,1961,12,24.257
Littoral,1962-01-01,1962,1,24.696
Littoral,1962-02-01,1962,2,25.416
Littoral,1962-03-01,1962,3,24.55
Littoral,1962-04-01,1962,4,24.676
Littoral,1962-05-01,1962,5,24.449
Littoral,1962-06-01,1962,6,23.211
Littoral,1962-07-01,1962,7,23.18
Littoral,1962-08-01,1962,8,22.743
Littoral,1962-09-01,1962,9,22.998
Littoral,1962-10-01,1962,10,23.342
Littoral,1962-11-01,1962,11,23.701
Littoral,1962-12-01,1962,12,24.528
Littoral,1963-01-01,1963,1,24.567
Littoral,1963-02-01,1963,2,25.271
Littoral,1963-03-01,1963,3,25.561
Littoral,1963-04-01,1963,4,24.914
Littoral,1963-05-01,1963,5,24.579
Littoral,1963-06-01,1963,6,24.07
Littoral,1963-07-01,1963,7,23.519
Littoral,1963-08-01,1963,8,23.625
Littoral,1963-09-01,1963,9,23.892
Littoral,1963-10-01,1963,10,23.906
Littoral,1963-11-01,1963,11,23.856
Littoral,1963-12-01,1963,12,24.447
Littoral,1964-01-01,1964,1,25.281
Littoral,1964-02-01,1964,2,25.799
Littoral,1964-03-01,1964,3,25.537
Littoral,1964-04-01,1964,4,25.394
Littoral,1964-05-01,1964,5,24.942
Littoral,1964-06-01,1964,6,23.844
Littoral,1964-07-01,1964,7,23.308
Littoral,1964-08-01,1964,8,22.754
Littoral,1964-09-01,1964,9,23.062
Littoral,1964-10-01,1964,10,23.072
Littoral,1964-11-01,1964,11,23.654
Littoral,1964-12-01,1964,12,23.819
Littoral,1965-01-01,1965,1,24.109
Littoral,1965-02-01,1965,2,24.125
Littoral,1965-03-01,1965,3,24.845
Littoral,1965-04-01,1965,4,24.82
Littoral,1965-05-01,1965,5,24.835
Littoral,1965-06-01,1965,6,23.842
Littoral,1965-07-01,1965,7,23.239
Littoral,1965-08-01,1965,8,23.252
Littoral,1965-09-01,1965,9,23.299
Littoral,1965-10-01,1965,10,23.623
Littoral,1965-11-01,1965,11,24.209
Littoral,1965-12-01,1965,12,24.219
Littoral,1966-01-01,1966,1,25.223
Littoral,1966-02-01,1966,2,25.772
Littoral,1966-03-01,1966,3,25.924
Littoral,1966-04-01,1966,4,25.215
Littoral,1966-05-01,1966,5,24.86
Littoral,1966-06-01,1966,6,24.268
Littoral,1966-07-01,1966,7,23.654
Littoral,1966-08-01,1966,8,23.216
Littoral,1966-09-01,1966,9,23.11
Littoral,1966-10-01,1966,10,23.472
Littoral,1966-11-01,1966,11,23.987
Littoral,1966-12-01,1966,12,24.08
Littoral,1967-01-01,1967,1,24.356
Littoral,1967-02-01,1967,2,25.077
Littoral,1967-03-01,1967,3,25.142
Littoral,1967-04-01,1967,4,24.826
Littoral,1967-05-01,1967,5,24.355
Littoral,1967-06-01,1967,6,23.332
Littoral,1967-07-01,1967,7,22.615
Littoral,1967-08-01,1967,8,22.441
Littoral,1967-09-01,1967,9,23.046
Littoral,1967-10-01,1967,10,23.383
Littoral,1967-11-01,1967,11,24.533
Littoral,1967-12-01,1967,12,24.208
Littoral,1968-01-01,1968,1,24.176
Littoral,1968-02-01,1968,2,24.989
Littoral,1968-03-01,1968,3,24.327
Littoral,1968-04-01,1968,4,24.762
Littoral,1968-05-01,1968,5,24.393
Littoral,1968-06-01,1968,6,23.543
Littoral,1968-07-01,1968,7,22.661
Littoral,1968-08-01,1968,8,23.123
Littoral,1968-09-01,1968,9,23.353
Littoral,1968-10-01,1968,10,24.185
Littoral,1968-11-01,1968,11,24.174
Littoral,1968-12-01,1968,12,24.684
Littoral,1969-01-01,1969,1,24.867
Littoral,1969-02-01,1969,2,25.747
Littoral,1969-03-01,1969,3,25.072
Littoral,1969-04-01,1969,4,25.35
Littoral,1969-05-01,1969,5,24.959
Littoral,1969-06-01,1969,6,23.806
Littoral,1969-07-01,1969,7,22.667
Littoral,1969-08-01,1969,8,22.588
Littoral,1969-09-01,1969,9,23.079
Littoral,1969-10-01,1969,10,23.584
Littoral,1969-11-01,1969,11,24.262
Littoral,1969-12-01,1969,12,24.603
Littoral,1970-01-01,1970,1,24.573
Littoral,1970-02-01,1970,2,25.686
Littoral,1970-03-01,1970,3,25.287
Littoral,1970-04-01,1970,4,25.088
Littoral,1970-05-01,1970,5,24.739
Littoral,1970-06-01,1970,6,23.798
Littoral,1970-07-01,1970,7,22.536
Littoral,1970-08-01,1970,8,22.532
Littoral,1970-09-01,1970,9,23.096
Littoral,1970-10-01,1970,10,23.739
Littoral,1970-11-01,1970,11,24.469
Littoral,1970-12-01,1970,12,24.43
Littoral,1971-01-01,1971,1,24.433
Littoral,1971-02-01,1971,2,24.918
Littoral,1971-03-01,1971,3,24.855
Littoral,1971-04-01,1971,4,24.879
Littoral,1971-05-01,1971,5,24.71
Littoral,1971-06-01,1971,6,23.634
Littoral,1971-07-01,1971,7,22.472
Littoral,1971-08-01,1971,8,22.4
Littoral,1971-09-01,1971,9,23.127
Littoral,1971-10-01,1971,10,23.59
Littoral,1971-11-01,1971,11,24.331
Littoral,1971-12-01,1971,12,23.965
Littoral,1972-01-01,1972,1,24.663
Littoral,1972-02-01,1972,2,24.908
Littoral,1972-03-01,1972,3,24.613
Littoral,1972-04-01,1972,4,24.734
Littoral,1972-05-01,1972,5,24.673
Littoral,1972-06-01,1972,6,23.402
Littoral,1972-07-01,1972,7,23.158
Littoral,1972-08-01,1972,8,22.661
Littoral,1972-09-01,1972,9,23.419
Littoral,1972-10-01,1972,10,23.861
Littoral,1972-11-01,1972,11,24.703
Littoral,1972-12-01,1972,12,25.175
Littoral,1973-01-01,1973,1,25.283
Littoral,1973-02-01,1973,2,26.145
Littoral,1973-03-01,1973,3,25.574
Littoral,1973-04-01,1973,4,25.22
Littoral,1973-05-01,1973,5,24.636
Littoral,1973-06-01,1973,6,24.119
Littoral,1973-07-01,1973,7,23.379
Littoral,1973-08-01,1973,8,23.092
Littoral,1973-09-01,1973,9,23.311
Littoral,1973-10-01,1973,10,23.68
Littoral,1973-11-01,1973,11,24.304
Littoral,1973-12-01,1973,12,23.836
Littoral,1974-01-01,1974,1,24.238
Littoral,1974-02-01,1974,2,24.974
Littoral,1974-03-01,1974,3,24.942
Littoral,1974-04-01,1974,4,24.666
Littoral,1974-05-01,1974,5,24.024
Littoral,1974-06-01,1974,6,23.472
Littoral,1974-07-01,1974,7,22.562
Littoral,1974-08-01,1974,8,22.696
Littoral,1974-09-01,1974,9,22.848
Littoral,1974-10-01,1974,10,23.383
Littoral,1974-11-01,1974,11,23.794
Littoral,1974-12-01,1974,12,23.855
Littoral,1975-01-01,1975,1,24.636
Littoral,1975-02-01,1975,2,24.594
Littoral,1975-03-01,1975,3,24.729
Littoral,1975-04-01,1975,4,24.669
Littoral,1975-05-01,1975,5,24.408
Littoral,1975-06-01,1975,6,23.588
Littoral,1975-07-01,1975,7,22.551
Littoral,1975-08-01,1975,8,22.393
Littoral,1975-09-01,1975,9,22.659
Littoral,1975-10-01,1975,10,23.206
Littoral,1975-11-01,1975,11,23.642
Littoral,1975-12-01,1975,12,24.06
Littoral,1976-01-01,1976,1,24.275
Littoral,1976-02-01,1976,2,23.82
Littoral,1976-03-01,1976,3,24.793
Littoral,1976-04-01,1976,4,24.794
Littoral,1976-05-01,1976,5,24.449
Littoral,1976-06-01,1976,6,23.37
Littoral,1976-07-01,1976,7,22.191
Littoral,1976-08-01,1976,8,22.166
Littoral,1976-09-01,1976,9,23.25
Littoral,1976-10-01,1976,10,23.596
Littoral,1976-11-01,1976,11,23.766
Littoral,1976-12-01,1976,12,24.269
Littoral,1977-01-01,1977,1,24.436
Littoral,1977-02-01,1977,2,25.172
Littoral,1977-03-01,1977,3,25.503
Littoral,1977-04-01,1977,4,25.159
Littoral,1977-05-01,1977,5,24.735
Littoral,1977-06-01,1977,6,23.6
Littoral,1977-07-01,1977,7,22.731
Littoral,1977-08-01,1977,8,22.953
Littoral,1977-09-01,1977,9,23.588
Littoral,1977-10-01,1977,10,24.177
Littoral,1977-11-01,1977,11,24.504
Littoral,1977-12-01,1977,12,24.24
Littoral,1978-01-01,1978,1,24.64
Littoral,1978-02-01,1978,2,25.57
Littoral,1978-03-01,1978,3,24.963
Littoral,1978-04-01,1978,4,24.822
Littoral,1978-05-01,1978,5,24.656
Littoral,1978-06-01,1978,6,23.7
Littoral,1978-07-01,1978,7,22.67
Littoral,1978-08-01,1978,8,22.6
Littoral,1978-09-01,1978,9,22.915
Littoral,1978-10-01,1978,10,23.702
Littoral,1978-11-01,1978,11,24.376
Littoral,1978-12-01,1978,12,24.24
Littoral,1979-01-01,1979,1,24.738
Littoral,1979-02-01,1979,2,24.985
Littoral,1979-03-01,1979,3,25.114
Littoral,1979-04-01,1979,4,24.78
Littoral,1979-05-01,1979,5,24.811
Littoral,1979-06-01,1979,6,23.921
Littoral,1979-07-01,1979,7,23.392
Littoral,1979-08-01,1979,8,22.856
Littoral,1979-09-01,1979,9,23.429
Littoral,1979-10-01,1979,10,23.936
Littoral,1979-11-01,1979,11,24.246
Littoral,1979-12-01,1979,12,24.378
Littoral,1980-01-01,1980,1,24.963
Littoral,1980-02-01,1980,2,25.302
Littoral,1980-03-01,1980,3,25.391
Littoral,1980-04-01,1980,4,25.161
Littoral,1980-05-01,1980,5,24.656
Littoral,1980-06-01,1980,6,23.724
Littoral,1980-07-01,1980,7,22.896
Littoral,1980-08-01,1980,8,22.857
Littoral,1980-09-01,1980,9,23.511
Littoral,1980-10-01,1980,10,23.811
Littoral,1980-11-01,1980,11,23.922
Littoral,1980-12-01,1980,12,24.286
Littoral,1981-01-01,1981,1,24.268
Littoral,1981-02-01,1981,2,25.454
Littoral,1981-03-01,1981,3,25.041
Littoral,1981-04-01,1981,4,25.099
Littoral,1981-05-01,1981,5,24.492
Littoral,1981-06-01,1981,6,24.192
Littoral,1981-07-01,1981,7,22.667
Littoral,1981-08-01,1981,8,22.688
Littoral,1981-09-01,1981,9,23.126
Littoral,1981-10-01,1981,10,23.842
Littoral,1981-11-01,1981,11,24.286
Littoral,1981-12-01,1981,12,24.68
Littoral,1982-01-01,1982,1,24.718
Littoral,1982-02-01,1982,2,25.31
Littoral,1982-03-01,1982,3,25.12
Littoral,1982-04-01,1982,4,25.091
Littoral,1982-05-01,1982,5,24.547
Littoral,1982-06-01,1982,6,23.726
Littoral,1982-07-01,1982,7,22.767
Littoral,1982-08-01,1982,8,22.582
Littoral,1982-09-01,1982,9,23.311
Littoral,1982-10-01,1982,10,23.47
Littoral,1982-11-01,1982,11,24.391
Littoral,1982-12-01,1982,12,24.554
Littoral,1983-01-01,1983,1,24.704
Littoral,1983-02-01,1983,2,26.41
Littoral,1983-03-01,1983,3,26.892
Littoral,1983-04-01,1983,4,26.188
Littoral,1983-05-01,1983,5,25.404
Littoral,1983-06-01,1983,6,23.989
Littoral,1983-07-01,1983,7,22.995
Littoral,1983-08-01,1983,8,22.674
Littoral,1983-09-01,1983,9,23.457
Littoral,1983-10-01,1983,10,23.73
Littoral,1983-11-01,1983,11,24.211
Littoral,1983-12-01,1983,12,24.125
Littoral,1984-01-01,1984,1,24.635
Littoral,1984-02-01,1984,2,25.585
Littoral,1984-03-01,1984,3,25.145
Littoral,1984-04-01,1984,4,25.008
Littoral,1984-05-01,1984,5,24.725
Littoral,1984-06-01,1984,6,23.909
Littoral,1984-07-01,1984,7,23.427
Littoral,1984-08-01,1984,8,23.579
Littoral,1984-09-01,1984,9,23.45
Littoral,1984-10-01,1984,10,23.996
Littoral,1984-11-01,1984,11,24.368
Littoral,1984-12-01,1984,12,24.343
Littoral,1985-01-01,1985,1,24.66
Littoral,1985-02-01,1985,2,25.297
Littoral,1985-03-01,1985,3,25.302
Littoral,1985-04-01,1985,4,24.765
Littoral,1985-05-01,1985,5,24.329
Littoral,1985-06-01,1985,6,23.563
Littoral,1985-07-01,1985,7,23.056
Littoral,1985-08-01,1985,8,22.95
Littoral,1985-09-01,1985,9,23.173
Littoral,1985-10-01,1985,10,23.483
Littoral,1985-11-01,1985,11,24.429
Littoral,1985-12-01,1985,12,24.301
Littoral,1986-01-01,1986,1,24.864
Littoral,1986-02-01,1986,2,25.202
Littoral,1986-03-01,1986,3,24.815
Littoral,1986-04-01,1986,4,25.569
Littoral,1986-05-01,1986,5,25.19
Littoral,1986-06-01,1986,6,23.96
Littoral,1986-07-01,1986,7,22.717
Littoral,1986-08-01,1986,8,23.023
Littoral,1986-09-01,1986,9,23.308
Littoral,1986-10-01,1986,10,23.49
Littoral,1986-11-01,1986,11,24.002
Littoral,1986-12-01,1986,12,24.372
Littoral,1987-01-01,1987,1,25.265
Littoral,1987-02-01,1987,2,25.701
Littoral,1987-03-01,1987,3,25.65
Littoral,1987-04-01,1987,4,25.601
Littoral,1987-05-01,1987,5,25.154
Littoral,1987-06-01,1987,6,24.411
Littoral,1987-07-01,1987,7,24.102
Littoral,1987-08-01,1987,8,23.606
Littoral,1987-09-01,1987,9,23.888
Littoral,1987-10-01,1987,10,24.136
Littoral,1987-11-01,1987,11,24.756
Littoral,1987-12-01,1987,12,25.126
Littoral,1988-01-01,1988,1,25.385
Littoral,1988-02-01,1988,2,26.103
Littoral,1988-03-01,1988,3,25.868
Littoral,1988-04-01,1988,4,25.402
Littoral,1988-05-01,1988,5,25.205
Littoral,1988-06-01,1988,6,24.074
Littoral,1988-07-01,1988,7,23.034
Littoral,1988-08-01,1988,8,23.237
Littoral,1988-09-01,1988,9,23.401
Littoral,1988-10-01,1988,10,24.041
Littoral,1988-11-01,1988,11,24.608
Littoral,1988-12-01,1988,12,24.224
Littoral,1989-01-01,1989,1,24.354
Littoral,1989-02-01,1989,2,25.649
Littoral,1989-03-01,1989,3,25.484
Littoral,1989-04-01,1989,4,25.311
Littoral,1989-05-01,1989,5,24.632
Littoral,1989-06-01,1989,6,24.084
Littoral,1989-07-01,1989,7,23.185
Littoral,1989-08-01,1989,8,22.929
Littoral,1989-09-01,1989,9,23.514
Littoral,1989-10-01,1989,10,23.828
Littoral,1989-11-01,1989,11,24.818
Littoral,1989-12-01,1989,12,24.641
Littoral,1990-01-01,1990,1,24.848
Littoral,1990-02-01,1990,2,25.617
Littoral,1990-03-01,1990,3,26.556
Littoral,1990-04-01,1990,4,25.441
Littoral,1990-05-01,1990,5,24.616
Littoral,1990-06-01,1990,6,24.163
Littoral,1990-07-01,1990,7,22.863
Littoral,1990-08-01,1990,8,22.96
Littoral,1990-09-01,1990,9,23.313
Littoral,1990-10-01,1990,10,23.854
Littoral,1990-11-01,1990,11,24.212
Littoral,1990-12-01,1990,12,24.551
Littoral,1991-01-01,1991,1,25.315
Littoral,1991-02-01,1991,2,25.443
Littoral,1991-03-01,1991,3,25.596
Littoral,1991-04-01,1991,4,24.912
Littoral,1991-05-01,1991,5,24.704
Littoral,1991-06-01,1991,6,24.232
Littoral,1991-07-01,1991,7,23.298
Littoral,1991-08-01,1991,8,23.067
Littoral,1991-09-01,1991,9,23.533
Littoral,1991-10-01,1991,10,23.195
Littoral,1991-11-01,1991,11,23.881
Littoral,1991-12-01,1991,12,24.727
Littoral,1992-01-01,1992,1,25.064
Littoral,1992-02-01,1992,2,26.168
Littoral,1992-03-01,1992,3,25.517
Littoral,1992-04-01,1992,4,25.168
Littoral,1992-05-01,1992,5,25.002
Littoral,1992-06-01,1992,6,23.644
Littoral,1992-07-01,1992,7,22.769
Littoral,1992-08-01,1992,8,22.572
Littoral,1992-09-01,1992,9,23.299
Littoral,1992-10-01,1992,10,23.654
Littoral,1992-11-01,1992,11,24.484
Littoral,1992-12-01,1992,12,24.757
Littoral,1993-01-01,1993,1,24.796
Littoral,1993-02-01,1993,2,25.575
Littoral,1993-03-01,1993,3,25.334
Littoral,1993-04-01,1993,4,25.469
Littoral,1993-05-01,1993,5,25.295
Littoral,1993-06-01,1993,6,24.187
Littoral,1993-07-01,1993,7,23.5
Littoral,1993-08-01,1993,8,23.191
Littoral,1993-09-01,1993,9,23.789
Littoral,1993-10-01,1993,10,24.444
Littoral,1993-11-01,1993,11,24.66
Littoral,1993-12-01,1993,12,24.994
Littoral,1994-01-01,1994,1,24.911
Littoral,1994-02-01,1994,2,25.562
Littoral,1994-03-01,1994,3,25.801
Littoral,1994-04-01,1994,4,25.486
Littoral,1994-05-01,1994,5,25.189
Littoral,1994-06-01,1994,6,24.22
Littoral,1994-07-01,1994,7,23.096
Littoral,1994-08-01,1994,8,23.097
Littoral,1994-09-01,1994,9,23.663
Littoral,1994-10-01,1994,10,24.061
Littoral,1994-11-01,1994,11,24.543
Littoral,1994-12-01,1994,12,25.192
Littoral,1995-01-01,1995,1,25.4
Littoral,1995-02-01,1995,2,25.538
Littoral,1995-03-01,1995,3,25.631
Littoral,1995-04-01,1995,4,25.717
Littoral,1995-05-01,1995,5,25.079
Littoral,1995-06-01,1995,6,24.453
Littoral,1995-07-01,1995,7,23.459
Littoral,1995-08-01,1995,8,23.762
Littoral,1995-09-01,1995,9,23.855
Littoral,1995-10-01,1995,10,23.785
Littoral,1995-11-01,1995,11,24.704
Littoral,1995-12-01,1995,12,24.747
Littoral,1996-01-01,1996,1,25.313
Littoral,1996-02-01,1996,2,25.587
Littoral,1996-03-01,1996,3,25.262
Littoral,1996-04-01,1996,4,25.213
Littoral,1996-05-01,1996,5,24.892
Littoral,1996-06-01,1996,6,24.059
Littoral,1996-07-01,1996,7,23.285
Littoral,1996-08-01,1996,8,23.199
Littoral,1996-09-01,1996,9,23.421
Littoral,1996-10-01,1996,10,23.675
Littoral,1996-11-01,1996,11,24.871
Littoral,1996-12-01,1996,12,24.84
Littoral,1997-01-01,1997,1,25.219
Littoral,1997-02-01,1997,2,26.147
Littoral,1997-03-01,1997,3,25.863
Littoral,1997-04-01,1997,4,24.782
Littoral,1997-05-01,1997,5,24.737
Littoral,1997-06-01,1997,6,23.933
Littoral,1997-07-01,1997,7,23.302
Littoral,1997-08-01,1997,8,23.378
Littoral,1997-09-01,1997,9,23.986
Littoral,1997-10-01,1997,10,24.563
Littoral,1997-11-01,1997,11,24.676
Littoral,1997-12-01,1997,12,25.133
Littoral,1998-01-01,1998,1,26.077
Littoral,1998-02-01,1998,2,27.2
Littoral,1998-03-01,1998,3,27.094
Littoral,1998-04-01,1998,4,26.489
Littoral,1998-05-01,1998,5,26.092
Littoral,1998-06-01,1998,6,24.93
Littoral,1998-07-01,1998,7,23.811
Littoral,1998-08-01,1998,8,23.581
Littoral,1998-09-01,1998,9,23.821
Littoral,1998-10-01,1998,10,24.269
Littoral,1998-11-01,1998,11,24.921
Littoral,1998-12-01,1998,12,24.963
Littoral,1999-01-01,1999,1,25.009
Littoral,1999-02-01,1999,2,25.59
Littoral,1999-03-01,1999,3,25.625
Littoral,1999-04-01,1999,4,25.196
Littoral,1999-05-01,1999,5,24.598
Littoral,1999-06-01,1999,6,24.256
Littoral,1999-07-01,1999,7,23.332
Littoral,1999-08-01,1999,8,23.396
Littoral,1999-09-01,1999,9,23.245
Littoral,1999-10-01,1999,10,23.369
Littoral,1999-11-01,1999,11,24.135
Littoral,1999-12-01,1999,12,24.878
Littoral,2000-01-01,2000,1,25.19
Littoral,2000-02-01,2000,2,25.684
Littoral,2000-03-01,2000,3,26.1
Littoral,2000-04-01,2000,4,25.007
Littoral,2000-05-01,2000,5,24.846
Littoral,2000-06-01,2000,6,23.761
Littoral,2000-07-01,2000,7,23.272
Littoral,2000-08-01,2000,8,22.994
Littoral,2000-09-01,2000,9,23.333
Littoral,2000-10-01,2000,10,23.808
Littoral,2000-11-01,2000,11,24.453
Littoral,2000-12-01,2000,12,24.681
Littoral,2001-01-01,2001,1,25.054
Littoral,2001-02-01,2001,2,26.057
Littoral,2001-03-01,2001,3,25.306
Littoral,2001-04-01,2001,4,25.264
Littoral,2001-05-01,2001,5,25.054
Littoral,2001-06-01,2001,6,23.873
Littoral,2001-07-01,2001,7,22.965
Littoral,2001-08-01,2001,8,22.593
Littoral,2001-09-01,2001,9,23.288
Littoral,2001-10-01,2001,10,24.261
Littoral,2001-11-01,2001,11,24.668
Littoral,2001-12-01,2001,12,25.243
Littoral,2002-01-01,2002,1,25.39
Littoral,2002-02-01,2002,2,26.005
Littoral,2002-03-01,2002,3,25.549
Littoral,2002-04-01,2002,4,25.418
Littoral,2002-05-01,2002,5,25.244
Littoral,2002-06-01,2002,6,24.166
Littoral,2002-07-01,2002,7,23.71
Littoral,2002-08-01,2002,8,23.419
Littoral,2002-09-01,2002,9,23.793
Littoral,2002-10-01,2002,10,23.906
Littoral,2002-11-01,2002,11,24.518
Littoral,2002-12-01,2002,12,25.088
Littoral,2003-01-01,2003,1,25.653
Littoral,2003-02-01,2003,2,26.306
Littoral,2003-03-01,2003,3,26.285
Littoral,2003-04-01,2003,4,25.371
Littoral,2003-05-01,2003,5,25.256
Littoral,2003-06-01,2003,6,24.171
Littoral,2003-07-01,2003,7,23.62
Littoral,2003-08-01,2003,8,23.49
Littoral,2003-09-01,2003,9,23.735
Littoral,2003-10-01,2003,10,24.436
Littoral,2003-11-01,2003,11,24.766
Littoral,2003-12-01,2003,12,25.314
Littoral,2004-01-01,2004,1,25.799
Littoral,2004-02-01,2004,2,26.282
Littoral,2004-03-01,2004,3,26.487
Littoral,2004-04-01,2004,4,25.501
Littoral,2004-05-01,2004,5,25.017
Littoral,2004-06-01,2004,6,24.106
Littoral,2004-07-01,2004,7,23.708
Littoral,2004-08-01,2004,8,23.465
Littoral,2004-09-01,2004,9,23.986
Littoral,2004-10-01,2004,10,24.289
Littoral,2004-11-01,2004,11,24.805
Littoral,2004-12-01,2004,12,25.679
Littoral,2005-01-01,2005,1,25.815
Littoral,2005-02-01,2005,2,26.836
Littoral,2005-03-01,2005,3,26.047
Littoral,2005-04-01,2005,4,26.23
Littoral,2005-05-01,2005,5,25.165
Littoral,2005-06-01,2005,6,24.303
Littoral,2005-07-01,2005,7,23.592
Littoral,2005-08-01,2005,8,23.182
Littoral,2005-09-01,2005,9,24.064
Littoral,2005-10-01,2005,10,24.185
Littoral,2005-11-01,2005,11,25.405
Littoral,2005-12-01,2005,12,25.067
Littoral,2006-01-01,2006,1,25.844
Littoral,2006-02-01,2006,2,26.024
Littoral,2006-03-01,2006,3,25.709
Littoral,2006-04-01,2006,4,25.661
Littoral,2006-05-01,2006,5,24.919
Littoral,2006-06-01,2006,6,24.645
Littoral,2006-07-01,2006,7,23.814
Littoral,2006-08-01,2006,8,23.35
Littoral,2006-09-01,2006,9,23.73
Littoral,2006-10-01,2006,10,24.696
Littoral,2006-11-01,2006,11,25.052
Littoral,2006-12-01,2006,12,25.616
Littoral,2007-01-01,2007,1,25.779
Littoral,2007-02-01,2007,2,26.78
Littoral,2007-03-01,2007,3,26.583
Littoral,2007-04-01,2007,4,25.341
Littoral,2007-05-01,2007,5,25.415
Littoral,2007-06-01,2007,6,23.983
Littoral,2007-07-01,2007,7,23.557
Littoral,2007-08-01,2007,8,23.422
Littoral,2007-09-01,2007,9,23.854
Littoral,2007-10-01,2007,10,24.001
Littoral,2007-11-01,2007,11,24.579
Littoral,2007-12-01,2007,12,25.208
Littoral,2008-01-01,2008,1,25.417
Littoral,2008-02-01,2008,2,26.433
Littoral,2008-03-01,2008,3,25.532
Littoral,2008-04-01,2008,4,25.068
Littoral,2008-05-01,2008,5,25.229
Littoral,2008-06-01,2008,6,24.405
Littoral,2008-07-01,2008,7,23.739
Littoral,2008-08-01,2008,8,23.743
Littoral,2008-09-01,2008,9,24.218
Littoral,2008-10-01,2008,10,24.707
Littoral,2008-11-01,2008,11,25.332
Littoral,2008-12-01,2008,12,25.213
Littoral,2009-01-01,2009,1,25.575
Littoral,2009-02-01,2009,2,25.889
Littoral,2009-03-01,2009,3,26.36
Littoral,2009-04-01,2009,4,25.67
Littoral,2009-05-01,2009,5,25.237
Littoral,2009-06-01,2009,6,24.51
Littoral,2009-07-01,2009,7,24.049
Littoral,2009-08-01,2009,8,23.871
Littoral,2009-09-01,2009,9,24.473
Littoral,2009-10-01,2009,10,24.501
Littoral,2009-11-01,2009,11,25.045
Littoral,2009-12-01,2009,12,25.975
Littoral,2010-01-01,2010,1,26.618
Littoral,2010-02-01,2010,2,26.948
Littoral,2010-03-01,2010,3,26.75
Littoral,2010-04-01,2010,4,26.541
Littoral,2010-05-01,2010,5,25.896
Littoral,2010-06-01,2010,6,24.714
Littoral,2010-07-01,2010,7,23.881
Littoral,2010-08-01,2010,8,24.012
Littoral,2010-09-01,2010,9,24.167
Littoral,2010-10-01,2010,10,24.618
Littoral,2010-11-01,2010,11,24.978
Littoral,2010-12-01,2010,12,25.392
Littoral,2011-01-01,2011,1,25.612
Littoral,2011-02-01,2011,2,25.494
Littoral,2011-03-01,2011,3,26.262
Littoral,2011-04-01,2011,4,25.664
Littoral,2011-05-01,2011,5,25.594
Littoral,2011-06-01,2011,6,24.479
Littoral,2011-07-01,2011,7,23.648
Littoral,2011-08-01,2011,8,23.396
Littoral,2011-09-01,2011,9,23.93
Littoral,2011-10-01,2011,10,24.347
Littoral,2011-11-01,2011,11,25.018
Littoral,2011-12-01,2011,12,25.625
Littoral,2012-01-01,2012,1,25.754
Littoral,2012-02-01,2012,2,25.321
Littoral,2012-03-01,2012,3,26.485
Littoral,2012-04-01,2012,4,25.684
Littoral,2012-05-01,2012,5,25.228
Littoral,2012-06-01,2012,6,24.422
Littoral,2012-07-01,2012,7,23.45
Littoral,2012-08-01,2012,8,23.435
Littoral,2012-09-01,2012,9,24.063
Littoral,2012-10-01,2012,10,24.51
Littoral,2012-11-01,2012,11,25.131
Littoral,2012-12-01,2012,12,25.526
Littoral,2013-01-01,2013,1,26.232
Littoral,2013-02-01,2013,2,26.645
Littoral,2013-03-01,2013,3,25.887
Littoral,2013-04-01,2013,4,25.785
Littoral,2013-05-01,2013,5,25.554
Littoral,2013-06-01,2013,6,24.448
Littoral,2013-07-01,2013,7,23.263
Littoral,2013-08-01,2013,8,23.157
Littoral,2013-09-01,2013,9,24.023
Littoral,2013-10-01,2013,10,24.388
Littoral,2013-11-01,2013,11,24.787
Littoral,2013-12-01,2013,12,24.973
Littoral,2014-01-01,2014,1,26.065
Littoral,2014-02-01,2014,2,26.6
Littoral,2014-03-01,2014,3,25.857
Littoral,2014-04-01,2014,4,25.394
Littoral,2014-05-01,2014,5,25.586
Littoral,2014-06-01,2014,6,24.961
Littoral,2014-07-01,2014,7,23.656
Littoral,2014-08-01,2014,8,23.295
Littoral,2014-09-01,2014,9,23.884
Littoral,2014-10-01,2014,10,24.587
Littoral,2014-11-01,2014,11,25.028
Littoral,2014-12-01,2014,12,25.577
Littoral,2015-01-01,2015,1,25.625
Littoral,2015-02-01,2015,2,26.222
Littoral,2015-03-01,2015,3,26.199
Littoral,2015-04-01,2015,4,25.897
Littoral,2015-05-01,2015,5,25.672
Littoral,2015-06-01,2015,6,24.223
Littoral,2015-07-01,2015,7,23.821
Littoral,2015-08-01,2015,8,23.973
Littoral,2015-09-01,2015,9,24.273
Littoral,2015-10-01,2015,10,24.654
Littoral,2015-11-01,2015,11,25.145
Littoral,2015-12-01,2015,12,25.622
Littoral,2016-01-01,2016,1,26.639
Littoral,2016-02-01,2016,2,27.676
Littoral,2016-03-01,2016,3,26.351
Littoral,2016-04-01,2016,4,26.251
Littoral,2016-05-01,2016,5,25.613
Littoral,2016-06-01,2016,6,24.771
Littoral,2016-07-01,2016,7,24.193
Littoral,2016-08-01,2016,8,23.904
Littoral,2016-09-01,2016,9,24.482
Littoral,2016-10-01,2016,10,24.988
Littoral,2016-11-01,2016,11,25.472
Littoral,2016-12-01,2016,12,25.801
Littoral,2017-01-01,2017,1,26.288
Littoral,2017-02-01,2017,2,27.146
Littoral,2017-03-01,2017,3,26.632
Littoral,2017-04-01,2017,4,25.914
Littoral,2017-05-01,2017,5,25.588
Littoral,2017-06-01,2017,6,25.071
Littoral,2017-07-01,2017,7,24.096
Littoral,2017-08-01,2017,8,23.744
Littoral,2017-09-01,2017,9,24.27
Littoral,2017-10-01,2017,10,24.755
Littoral,2017-11-01,2017,11,25.069
Littoral,2017-12-01,2017,12,26.002
Littoral,2018-01-01,2018,1,25.988
Littoral,2018-02-01,2018,2,26.464
Littoral,2018-03-01,2018,3,25.807
Littoral,2018-04-01,2018,4,25.659
Littoral,2018-05-01,2018,5,25.487
Littoral,2018-06-01,2018,6,24.983
Littoral,2018-07-01,2018,7,24.494
Littoral,2018-08-01,2018,8,24.131
Littoral,2018-09-01,2018,9,24.676
Littoral,2018-10-01,2018,10,24.775
Littoral,2018-11-01,2018,11,25.372
Littoral,2018-12-01,2018,12,25.756
Littoral,2019-01-01,2019,1,26.222
Littoral,2019-02-01,2019,2,26.575
Littoral,2019-03-01,2019,3,26.19
Littoral,2019-04-01,2019,4,26.286
Littoral,2019-05-01,2019,5,25.747
Littoral,2019-06-01,2019,6,24.851
Littoral,2019-07-01,2019,7,24.151
Littoral,2019-08-01,2019,8,24.035
Littoral,2019-09-01,2019,9,24.711
Littoral,2019-10-01,2019,10,24.723
Littoral,2019-11-01,2019,11,25.494
Littoral,2019-12-01,2019,12,25.987
Littoral,2020-01-01,2020,1,26.65
Littoral,2020-02-01,2020,2,27.428
Littoral,2020-03-01,2020,3,27.2
Littoral,2020-04-01,2020,4,26.165
Littoral,2020-05-01,2020,5,26.202
Littoral,2020-06-01,2020,6,25
Littoral,2020-07-01,2020,7,24.074
Littoral,2020-08-01,2020,8,24.353
Littoral,2020-09-01,2020,9,24.116
Littoral,2020-10-01,2020,10,24.739
Littoral,2020-11-01,2020,11,25.614
Littoral,2020-12-01,2020,12,26.062
Littoral,2021-01-01,2021,1,26.331
Littoral,2021-02-01,2021,2,27.061
Littoral,2021-03-01,2021,3,26.294
Littoral,2021-04-01,2021,4,26.111
Littoral,2021-05-01,2021,5,25.42
Littoral,2021-06-01,2021,6,25.195
Littoral,2021-07-01,2021,7,24.415
Littoral,2021-08-01,2021,8,24.44
Littoral,2021-09-01,2021,9,24.664
Littoral,2021-10-01,2021,10,25.137
Littoral,2021-11-01,2021,11,25.313
Littoral,2021-12-01,2021,12,26.163
Littoral,2022-01-01,2022,1,25.989
Littoral,2022-02-01,2022,2,27.002
Littoral,2022-03-01,2022,3,26.66
Littoral,2022-04-01,2022,4,25.847
Littoral,2022-05-01,2022,5,25.499
Littoral,2022-06-01,2022,6,24.585
Littoral,2022-07-01,2022,7,23.966
Littoral,2022-08-01,2022,8,23.913
Littoral,2022-09-01,2022,9,24.254
Littoral,2022-10-01,2022,10,24.624
Littoral,2022-11-01,2022,11,25.484
Littoral,2022-12-01,2022,12,25.664
Littoral,2023-01-01,2023,1,26.201
Littoral,2023-02-01,2023,2,27.166
Littoral,2023-03-01,2023,3,26.034
Littoral,2023-04-01,2023,4,25.727
Littoral,2023-05-01,2023,5,26.272
Littoral,2023-06-01,2023,6,25.039
Littoral,2023-07-01,2023,7,25.036
Littoral,2023-08-01,2023,8,24.534
Littoral,2023-09-01,2023,9,24.951
Littoral,2023-10-01,2023,10,25.374
Littoral,2023-11-01,2023,11,25.306
Littoral,2023-12-01,2023,12,26.289
Littoral,2024-01-01,2024,1,26.887
Littoral,2024-02-01,2024,2,27.916
Littoral,2024-03-01,2024,3,27.182
Littoral,2024-04-01,2024,4,26.945
Littoral,2024-05-01,2024,5,26.864
Littoral,2024-06-01,2024,6,25.619
Littoral,2024-07-01,2024,7,24.381
Littoral,2024-08-01,2024,8,24.071
Littoral,2024-09-01,2024,9,24.859
Littoral,2024-10-01,2024,10,24.899
Littoral,2024-11-01,2024,11,25.84
Littoral,2024-12-01,2024,12,26.529
Littoral,2025-01-01,2025,1,26.655
Littoral,2025-02-01,2025,2,27.472
Littoral,2025-03-01,2025,3,26.946
Littoral,2025-04-01,2025,4,26.112
Littoral,2025-05-01,2025,5,25.987
Littoral,2025-06-01,2025,6,25.34
Littoral,2025-07-01,2025,7,23.769
Littoral,2025-08-01,2025,8,23.5
Littoral,2025-09-01,2025,9,24.263
Littoral,2025-10-01,2025,10,24.519
Littoral,2025-11-01,2025,11,25.458
Littoral,2025-12-01,2025,12,26.094
Littoral,2026-01-01,2026,1,26.363
Littoral,2026-02-01,2026,2,26.083
Littoral,2026-03-01,2026,3,26.424
Littoral,2026-04-01,2026,4,26.016
Littoral,2026-05-01,2026,5,26.03
Littoral,2026-06-01,2026,6,25.142
Nord,1940-01-01,1940,1,26.478
Nord,1940-02-01,1940,2,27.426
Nord,1940-03-01,1940,3,28.722
Nord,1940-04-01,1940,4,29.592
Nord,1940-05-01,1940,5,28.374
Nord,1940-06-01,1940,6,26.249
Nord,1940-07-01,1940,7,25.573
Nord,1940-08-01,1940,8,24.942
Nord,1940-09-01,1940,9,25.149
Nord,1940-10-01,1940,10,25.753
Nord,1940-11-01,1940,11,25.924
Nord,1940-12-01,1940,12,26.446
Nord,1941-01-01,1941,1,26.651
Nord,1941-02-01,1941,2,27.357
Nord,1941-03-01,1941,3,30.163
Nord,1941-04-01,1941,4,31.603
Nord,1941-05-01,1941,5,28.022
Nord,1941-06-01,1941,6,27.19
Nord,1941-07-01,1941,7,25.588
Nord,1941-08-01,1941,8,25.221
Nord,1941-09-01,1941,9,24.653
Nord,1941-10-01,1941,10,27.102
Nord,1941-11-01,1941,11,26.706
Nord,1941-12-01,1941,12,24.973
Nord,1942-01-01,1942,1,26.144
Nord,1942-02-01,1942,2,28.175
Nord,1942-03-01,1942,3,29.236
Nord,1942-04-01,1942,4,29.842
Nord,1942-05-01,1942,5,27.715
Nord,1942-06-01,1942,6,26.872
Nord,1942-07-01,1942,7,24.049
Nord,1942-08-01,1942,8,23.695
Nord,1942-09-01,1942,9,23.809
Nord,1942-10-01,1942,10,25.793
Nord,1942-11-01,1942,11,27.243
Nord,1942-12-01,1942,12,27.059
Nord,1943-01-01,1943,1,27.096
Nord,1943-02-01,1943,2,28.32
Nord,1943-03-01,1943,3,29.56
Nord,1943-04-01,1943,4,30.261
Nord,1943-05-01,1943,5,29.408
Nord,1943-06-01,1943,6,28.561
Nord,1943-07-01,1943,7,24.255
Nord,1943-08-01,1943,8,23.686
Nord,1943-09-01,1943,9,25.944
Nord,1943-10-01,1943,10,28.548
Nord,1943-11-01,1943,11,25.933
Nord,1943-12-01,1943,12,26.839
Nord,1944-01-01,1944,1,25.486
Nord,1944-02-01,1944,2,27.484
Nord,1944-03-01,1944,3,29.781
Nord,1944-04-01,1944,4,28.884
Nord,1944-05-01,1944,5,28.801
Nord,1944-06-01,1944,6,26.053
Nord,1944-07-01,1944,7,23.553
Nord,1944-08-01,1944,8,23.419
Nord,1944-09-01,1944,9,23.906
Nord,1944-10-01,1944,10,25.295
Nord,1944-11-01,1944,11,25.337
Nord,1944-12-01,1944,12,25.065
Nord,1945-01-01,1945,1,25.725
Nord,1945-02-01,1945,2,24.26
Nord,1945-03-01,1945,3,28.162
Nord,1945-04-01,1945,4,30.428
Nord,1945-05-01,1945,5,27.123
Nord,1945-06-01,1945,6,26.807
Nord,1945-07-01,1945,7,24.234
Nord,1945-08-01,1945,8,23.708
Nord,1945-09-01,1945,9,24.261
Nord,1945-10-01,1945,10,24.909
Nord,1945-11-01,1945,11,26.694
Nord,1945-12-01,1945,12,24.879
Nord,1946-01-01,1946,1,25.002
Nord,1946-02-01,1946,2,27.384
Nord,1946-03-01,1946,3,30.088
Nord,1946-04-01,1946,4,29.931
Nord,1946-05-01,1946,5,28.166
Nord,1946-06-01,1946,6,25.401
Nord,1946-07-01,1946,7,24.243
Nord,1946-08-01,1946,8,23.101
Nord,1946-09-01,1946,9,23.325
Nord,1946-10-01,1946,10,23.678
Nord,1946-11-01,1946,11,25.182
Nord,1946-12-01,1946,12,25.592
Nord,1947-01-01,1947,1,25.399
Nord,1947-02-01,1947,2,28.982
Nord,1947-03-01,1947,3,28.724
Nord,1947-04-01,1947,4,31.087
Nord,1947-05-01,1947,5,27.476
Nord,1947-06-01,1947,6,24.14
Nord,1947-07-01,1947,7,23.19
Nord,1947-08-01,1947,8,23.222
Nord,1947-09-01,1947,9,23.971
Nord,1947-10-01,1947,10,24.897
Nord,1947-11-01,1947,11,25.878
Nord,1947-12-01,1947,12,26.102
Nord,1948-01-01,1948,1,25.746
Nord,1948-02-01,1948,2,26.835
Nord,1948-03-01,1948,3,28.452
Nord,1948-04-01,1948,4,28.594
Nord,1948-05-01,1948,5,28.742
Nord,1948-06-01,1948,6,26.635
Nord,1948-07-01,1948,7,24.279
Nord,1948-08-01,1948,8,23.528
Nord,1948-09-01,1948,9,23.392
Nord,1948-10-01,1948,10,24.83
Nord,1948-11-01,1948,11,25.286
Nord,1948-12-01,1948,12,24.724
Nord,1949-01-01,1949,1,26.115
Nord,1949-02-01,1949,2,26.303
Nord,1949-03-01,1949,3,30.161
Nord,1949-04-01,1949,4,30.849
Nord,1949-05-01,1949,5,30.033
Nord,1949-06-01,1949,6,28.348
Nord,1949-07-01,1949,7,26.255
Nord,1949-08-01,1949,8,24.212
Nord,1949-09-01,1949,9,25.417
Nord,1949-10-01,1949,10,26.438
Nord,1949-11-01,1949,11,27.907
Nord,1949-12-01,1949,12,25.43
Nord,1950-01-01,1950,1,26.868
Nord,1950-02-01,1950,2,27.134
Nord,1950-03-01,1950,3,29.307
Nord,1950-04-01,1950,4,29.814
Nord,1950-05-01,1950,5,27.865
Nord,1950-06-01,1950,6,26.012
Nord,1950-07-01,1950,7,23.763
Nord,1950-08-01,1950,8,23.188
Nord,1950-09-01,1950,9,24.193
Nord,1950-10-01,1950,10,24.876
Nord,1950-11-01,1950,11,25.844
Nord,1950-12-01,1950,12,26.556
Nord,1951-01-01,1951,1,26.531
Nord,1951-02-01,1951,2,27.626
Nord,1951-03-01,1951,3,29.345
Nord,1951-04-01,1951,4,29.998
Nord,1951-05-01,1951,5,28.039
Nord,1951-06-01,1951,6,25.952
Nord,1951-07-01,1951,7,24.489
Nord,1951-08-01,1951,8,24.411
Nord,1951-09-01,1951,9,24.341
Nord,1951-10-01,1951,10,24.75
Nord,1951-11-01,1951,11,24.727
Nord,1951-12-01,1951,12,23.576
Nord,1952-01-01,1952,1,26.138
Nord,1952-02-01,1952,2,27.036
Nord,1952-03-01,1952,3,29.416
Nord,1952-04-01,1952,4,30.081
Nord,1952-05-01,1952,5,28.415
Nord,1952-06-01,1952,6,25.993
Nord,1952-07-01,1952,7,23.864
Nord,1952-08-01,1952,8,24.014
Nord,1952-09-01,1952,9,23.824
Nord,1952-10-01,1952,10,24.758
Nord,1952-11-01,1952,11,25.028
Nord,1952-12-01,1952,12,25.846
Nord,1953-01-01,1953,1,25.188
Nord,1953-02-01,1953,2,28.145
Nord,1953-03-01,1953,3,30.008
Nord,1953-04-01,1953,4,30.303
Nord,1953-05-01,1953,5,27.728
Nord,1953-06-01,1953,6,25.212
Nord,1953-07-01,1953,7,24.062
Nord,1953-08-01,1953,8,23.514
Nord,1953-09-01,1953,9,23.992
Nord,1953-10-01,1953,10,25.044
Nord,1953-11-01,1953,11,25.28
Nord,1953-12-01,1953,12,23.878
Nord,1954-01-01,1954,1,26.062
Nord,1954-02-01,1954,2,28.83
Nord,1954-03-01,1954,3,30.089
Nord,1954-04-01,1954,4,30.076
Nord,1954-05-01,1954,5,29.979
Nord,1954-06-01,1954,6,26.103
Nord,1954-07-01,1954,7,23.744
Nord,1954-08-01,1954,8,23.251
Nord,1954-09-01,1954,9,23.633
Nord,1954-10-01,1954,10,24.301
Nord,1954-11-01,1954,11,25.705
Nord,1954-12-01,1954,12,25.409
Nord,1955-01-01,1955,1,26.081
Nord,1955-02-01,1955,2,27.248
Nord,1955-03-01,1955,3,30.328
Nord,1955-04-01,1955,4,30.297
Nord,1955-05-01,1955,5,27.19
Nord,1955-06-01,1955,6,24.984
Nord,1955-07-01,1955,7,23.629
Nord,1955-08-01,1955,8,23.394
Nord,1955-09-01,1955,9,23.61
Nord,1955-10-01,1955,10,24.664
Nord,1955-11-01,1955,11,25.861
Nord,1955-12-01,1955,12,24.885
Nord,1956-01-01,1956,1,24.816
Nord,1956-02-01,1956,2,28.797
Nord,1956-03-01,1956,3,29.854
Nord,1956-04-01,1956,4,30.63
Nord,1956-05-01,1956,5,30.208
Nord,1956-06-01,1956,6,25.927
Nord,1956-07-01,1956,7,23.62
Nord,1956-08-01,1956,8,23.216
Nord,1956-09-01,1956,9,23.315
Nord,1956-10-01,1956,10,24.145
Nord,1956-11-01,1956,11,26.496
Nord,1956-12-01,1956,12,25.12
Nord,1957-01-01,1957,1,24.536
Nord,1957-02-01,1957,2,24.703
Nord,1957-03-01,1957,3,29.063
Nord,1957-04-01,1957,4,30.003
Nord,1957-05-01,1957,5,27.585
Nord,1957-06-01,1957,6,24.937
Nord,1957-07-01,1957,7,24.288
Nord,1957-08-01,1957,8,23.912
Nord,1957-09-01,1957,9,24.223
Nord,1957-10-01,1957,10,24.958
Nord,1957-11-01,1957,11,26.932
Nord,1957-12-01,1957,12,25.891
Nord,1958-01-01,1958,1,27.077
Nord,1958-02-01,1958,2,26.833
Nord,1958-03-01,1958,3,30.922
Nord,1958-04-01,1958,4,30.986
Nord,1958-05-01,1958,5,28.014
Nord,1958-06-01,1958,6,25.725
Nord,1958-07-01,1958,7,24.359
Nord,1958-08-01,1958,8,23.693
Nord,1958-09-01,1958,9,23.891
Nord,1958-10-01,1958,10,25.854
Nord,1958-11-01,1958,11,27.392
Nord,1958-12-01,1958,12,27.071
Nord,1959-01-01,1959,1,26.1
Nord,1959-02-01,1959,2,26.852
Nord,1959-03-01,1959,3,29.913
Nord,1959-04-01,1959,4,31.489
Nord,1959-05-01,1959,5,29.342
Nord,1959-06-01,1959,6,27.694
Nord,1959-07-01,1959,7,25.127
Nord,1959-08-01,1959,8,23.878
Nord,1959-09-01,1959,9,24.192
Nord,1959-10-01,1959,10,26.661
Nord,1959-11-01,1959,11,27.547
Nord,1959-12-01,1959,12,25.623
Nord,1960-01-01,1960,1,25.721
Nord,1960-02-01,1960,2,26.979
Nord,1960-03-01,1960,3,29.627
Nord,1960-04-01,1960,4,30.496
Nord,1960-05-01,1960,5,28.677
Nord,1960-06-01,1960,6,26.646
Nord,1960-07-01,1960,7,24.363
Nord,1960-08-01,1960,8,24.238
Nord,1960-09-01,1960,9,24.085
Nord,1960-10-01,1960,10,25.978
Nord,1960-11-01,1960,11,26.111
Nord,1960-12-01,1960,12,27.404
Nord,1961-01-01,1961,1,26.513
Nord,1961-02-01,1961,2,25.549
Nord,1961-03-01,1961,3,28.969
Nord,1961-04-01,1961,4,30.651
Nord,1961-05-01,1961,5,29.11
Nord,1961-06-01,1961,6,26.352
Nord,1961-07-01,1961,7,24.065
Nord,1961-08-01,1961,8,23.565
Nord,1961-09-01,1961,9,23.573
Nord,1961-10-01,1961,10,26.133
Nord,1961-11-01,1961,11,26.163
Nord,1961-12-01,1961,12,24.131
Nord,1962-01-01,1962,1,23.903
Nord,1962-02-01,1962,2,26.985
Nord,1962-03-01,1962,3,30.125
Nord,1962-04-01,1962,4,29.852
Nord,1962-05-01,1962,5,28.551
Nord,1962-06-01,1962,6,25.503
Nord,1962-07-01,1962,7,25.301
Nord,1962-08-01,1962,8,23.626
Nord,1962-09-01,1962,9,23.927
Nord,1962-10-01,1962,10,25.596
Nord,1962-11-01,1962,11,27.182
Nord,1962-12-01,1962,12,26.2
Nord,1963-01-01,1963,1,25.52
Nord,1963-02-01,1963,2,28.784
Nord,1963-03-01,1963,3,29.647
Nord,1963-04-01,1963,4,30.457
Nord,1963-05-01,1963,5,28.692
Nord,1963-06-01,1963,6,26.694
Nord,1963-07-01,1963,7,24.889
Nord,1963-08-01,1963,8,24.359
Nord,1963-09-01,1963,9,25.275
Nord,1963-10-01,1963,10,26.381
Nord,1963-11-01,1963,11,25.802
Nord,1963-12-01,1963,12,25.101
Nord,1964-01-01,1964,1,25.78
Nord,1964-02-01,1964,2,26.287
Nord,1964-03-01,1964,3,30.732
Nord,1964-04-01,1964,4,32.097
Nord,1964-05-01,1964,5,31.998
Nord,1964-06-01,1964,6,29.349
Nord,1964-07-01,1964,7,25.684
Nord,1964-08-01,1964,8,24.072
Nord,1964-09-01,1964,9,24.301
Nord,1964-10-01,1964,10,26.878
Nord,1964-11-01,1964,11,26.135
Nord,1964-12-01,1964,12,25.509
Nord,1965-01-01,1965,1,26.462
Nord,1965-02-01,1965,2,27.464
Nord,1965-03-01,1965,3,29.644
Nord,1965-04-01,1965,4,31.519
Nord,1965-05-01,1965,5,31.869
Nord,1965-06-01,1965,6,27.135
Nord,1965-07-01,1965,7,25.288
Nord,1965-08-01,1965,8,25.215
Nord,1965-09-01,1965,9,25.227
Nord,1965-10-01,1965,10,26.961
Nord,1965-11-01,1965,11,26.094
Nord,1965-12-01,1965,12,24.222
Nord,1966-01-01,1966,1,25.414
Nord,1966-02-01,1966,2,25.418
Nord,1966-03-01,1966,3,30.608
Nord,1966-04-01,1966,4,31.332
Nord,1966-05-01,1966,5,30.694
Nord,1966-06-01,1966,6,28.659
Nord,1966-07-01,1966,7,26.682
Nord,1966-08-01,1966,8,25.256
Nord,1966-09-01,1966,9,25.338
Nord,1966-10-01,1966,10,27.409
Nord,1966-11-01,1966,11,27.702
Nord,1966-12-01,1966,12,25.98
Nord,1967-01-01,1967,1,22.813
Nord,1967-02-01,1967,2,26.409
Nord,1967-03-01,1967,3,28.463
Nord,1967-04-01,1967,4,30.105
Nord,1967-05-01,1967,5,28.423
Nord,1967-06-01,1967,6,25.716
Nord,1967-07-01,1967,7,24.316
Nord,1967-08-01,1967,8,23.705
Nord,1967-09-01,1967,9,23.804
Nord,1967-10-01,1967,10,25.531
Nord,1967-11-01,1967,11,25.367
Nord,1967-12-01,1967,12,25.9
Nord,1968-01-01,1968,1,24.208
Nord,1968-02-01,1968,2,26.184
Nord,1968-03-01,1968,3,29.259
Nord,1968-04-01,1968,4,28.956
Nord,1968-05-01,1968,5,27.46
Nord,1968-06-01,1968,6,25
Nord,1968-07-01,1968,7,24.262
Nord,1968-08-01,1968,8,24.243
Nord,1968-09-01,1968,9,24.455
Nord,1968-10-01,1968,10,26.215
Nord,1968-11-01,1968,11,26.979
Nord,1968-12-01,1968,12,26.274
Nord,1969-01-01,1969,1,24.64
Nord,1969-02-01,1969,2,28.097
Nord,1969-03-01,1969,3,30.563
Nord,1969-04-01,1969,4,29.694
Nord,1969-05-01,1969,5,28.165
Nord,1969-06-01,1969,6,26.268
Nord,1969-07-01,1969,7,24.453
Nord,1969-08-01,1969,8,23.896
Nord,1969-09-01,1969,9,24.158
Nord,1969-10-01,1969,10,25.275
Nord,1969-11-01,1969,11,24.721
Nord,1969-12-01,1969,12,24.91
Nord,1970-01-01,1970,1,24.85
Nord,1970-02-01,1970,2,26.62
Nord,1970-03-01,1970,3,29.626
Nord,1970-04-01,1970,4,29.923
Nord,1970-05-01,1970,5,27.865
Nord,1970-06-01,1970,6,26.414
Nord,1970-07-01,1970,7,24.514
Nord,1970-08-01,1970,8,23.738
Nord,1970-09-01,1970,9,24.012
Nord,1970-10-01,1970,10,25.919
Nord,1970-11-01,1970,11,25.784
Nord,1970-12-01,1970,12,24.125
Nord,1971-01-01,1971,1,23.92
Nord,1971-02-01,1971,2,27.018
Nord,1971-03-01,1971,3,30.562
Nord,1971-04-01,1971,4,29.927
Nord,1971-05-01,1971,5,28.738
Nord,1971-06-01,1971,6,26.214
Nord,1971-07-01,1971,7,24.242
Nord,1971-08-01,1971,8,23.421
Nord,1971-09-01,1971,9,23.979
Nord,1971-10-01,1971,10,25.69
Nord,1971-11-01,1971,11,26.324
Nord,1971-12-01,1971,12,24.809
Nord,1972-01-01,1972,1,25.466
Nord,1972-02-01,1972,2,27.231
Nord,1972-03-01,1972,3,30.086
Nord,1972-04-01,1972,4,28.643
Nord,1972-05-01,1972,5,27.682
Nord,1972-06-01,1972,6,25.691
Nord,1972-07-01,1972,7,25.306
Nord,1972-08-01,1972,8,24.188
Nord,1972-09-01,1972,9,24.874
Nord,1972-10-01,1972,10,25.833
Nord,1972-11-01,1972,11,25.664
Nord,1972-12-01,1972,12,26.409
Nord,1973-01-01,1973,1,26.874
Nord,1973-02-01,1973,2,28.983
Nord,1973-03-01,1973,3,30.52
Nord,1973-04-01,1973,4,30.809
Nord,1973-05-01,1973,5,28.478
Nord,1973-06-01,1973,6,26.809
Nord,1973-07-01,1973,7,25.165
Nord,1973-08-01,1973,8,24.057
Nord,1973-09-01,1973,9,24.475
Nord,1973-10-01,1973,10,25.905
Nord,1973-11-01,1973,11,25.081
Nord,1973-12-01,1973,12,25.772
Nord,1974-01-01,1974,1,24.07
Nord,1974-02-01,1974,2,26.952
Nord,1974-03-01,1974,3,29.38
Nord,1974-04-01,1974,4,29.214
Nord,1974-05-01,1974,5,27.235
Nord,1974-06-01,1974,6,26.234
Nord,1974-07-01,1974,7,23.721
Nord,1974-08-01,1974,8,24.123
Nord,1974-09-01,1974,9,23.735
Nord,1974-10-01,1974,10,25.488
Nord,1974-11-01,1974,11,26.261
Nord,1974-12-01,1974,12,23.492
Nord,1975-01-01,1975,1,23.366
Nord,1975-02-01,1975,2,27.161
Nord,1975-03-01,1975,3,29.726
Nord,1975-04-01,1975,4,30
Nord,1975-05-01,1975,5,27.522
Nord,1975-06-01,1975,6,26.176
Nord,1975-07-01,1975,7,23.708
Nord,1975-08-01,1975,8,23.597
Nord,1975-09-01,1975,9,23.47
Nord,1975-10-01,1975,10,25.192
Nord,1975-11-01,1975,11,26.379
Nord,1975-12-01,1975,12,24.215
Nord,1976-01-01,1976,1,24.986
Nord,1976-02-01,1976,2,28.516
Nord,1976-03-01,1976,3,29.831
Nord,1976-04-01,1976,4,29.641
Nord,1976-05-01,1976,5,27.436
Nord,1976-06-01,1976,6,25.434
Nord,1976-07-01,1976,7,24.302
Nord,1976-08-01,1976,8,23.949
Nord,1976-09-01,1976,9,24.548
Nord,1976-10-01,1976,10,25.242
Nord,1976-11-01,1976,11,24.917
Nord,1976-12-01,1976,12,24.988
Nord,1977-01-01,1977,1,25.175
Nord,1977-02-01,1977,2,26.426
Nord,1977-03-01,1977,3,28.668
Nord,1977-04-01,1977,4,31.59
Nord,1977-05-01,1977,5,28.71
Nord,1977-06-01,1977,6,26.331
Nord,1977-07-01,1977,7,24.899
Nord,1977-08-01,1977,8,24.239
Nord,1977-09-01,1977,9,24.852
Nord,1977-10-01,1977,10,25.396
Nord,1977-11-01,1977,11,25.657
Nord,1977-12-01,1977,12,24.144
Nord,1978-01-01,1978,1,24.557
Nord,1978-02-01,1978,2,28.209
Nord,1978-03-01,1978,3,30.592
Nord,1978-04-01,1978,4,28.591
Nord,1978-05-01,1978,5,27.349
Nord,1978-06-01,1978,6,25.749
Nord,1978-07-01,1978,7,24.218
Nord,1978-08-01,1978,8,24.302
Nord,1978-09-01,1978,9,24.307
Nord,1978-10-01,1978,10,25.597
Nord,1978-11-01,1978,11,24.955
Nord,1978-12-01,1978,12,24.763
Nord,1979-01-01,1979,1,25.223
Nord,1979-02-01,1979,2,27.504
Nord,1979-03-01,1979,3,30.454
Nord,1979-04-01,1979,4,29.814
Nord,1979-05-01,1979,5,27.399
Nord,1979-06-01,1979,6,25.53
Nord,1979-07-01,1979,7,24.679
Nord,1979-08-01,1979,8,24.571
Nord,1979-09-01,1979,9,24.576
Nord,1979-10-01,1979,10,25.878
Nord,1979-11-01,1979,11,26.723
Nord,1979-12-01,1979,12,23.959
Nord,1980-01-01,1980,1,26.141
Nord,1980-02-01,1980,2,27.982
Nord,1980-03-01,1980,3,29.85
Nord,1980-04-01,1980,4,30.652
Nord,1980-05-01,1980,5,27.581
Nord,1980-06-01,1980,6,26.226
Nord,1980-07-01,1980,7,24.379
Nord,1980-08-01,1980,8,24.042
Nord,1980-09-01,1980,9,24.832
Nord,1980-10-01,1980,10,25.343
Nord,1980-11-01,1980,11,25.416
Nord,1980-12-01,1980,12,23.685
Nord,1981-01-01,1981,1,23.669
Nord,1981-02-01,1981,2,26.708
Nord,1981-03-01,1981,3,29.902
Nord,1981-04-01,1981,4,30.21
Nord,1981-05-01,1981,5,27.031
Nord,1981-06-01,1981,6,26.274
Nord,1981-07-01,1981,7,23.944
Nord,1981-08-01,1981,8,23.949
Nord,1981-09-01,1981,9,24.334
Nord,1981-10-01,1981,10,25.825
Nord,1981-11-01,1981,11,24.73
Nord,1981-12-01,1981,12,25.327
Nord,1982-01-01,1982,1,25.792
Nord,1982-02-01,1982,2,26.574
Nord,1982-03-01,1982,3,29.676
Nord,1982-04-01,1982,4,30.261
Nord,1982-05-01,1982,5,27.733
Nord,1982-06-01,1982,6,26.226
Nord,1982-07-01,1982,7,24.445
Nord,1982-08-01,1982,8,23.977
Nord,1982-09-01,1982,9,24.543
Nord,1982-10-01,1982,10,25.004
Nord,1982-11-01,1982,11,24.358
Nord,1982-12-01,1982,12,24.581
Nord,1983-01-01,1983,1,21.076
Nord,1983-02-01,1983,2,27.055
Nord,1983-03-01,1983,3,28.231
Nord,1983-04-01,1983,4,31.94
Nord,1983-05-01,1983,5,29.633
Nord,1983-06-01,1983,6,26.707
Nord,1983-07-01,1983,7,25.165
Nord,1983-08-01,1983,8,24.748
Nord,1983-09-01,1983,9,24.832
Nord,1983-10-01,1983,10,26.221
Nord,1983-11-01,1983,11,26.29
Nord,1983-12-01,1983,12,25.92
Nord,1984-01-01,1984,1,23.908
Nord,1984-02-01,1984,2,27.341
Nord,1984-03-01,1984,3,30.105
Nord,1984-04-01,1984,4,29.758
Nord,1984-05-01,1984,5,27.279
Nord,1984-06-01,1984,6,26.319
Nord,1984-07-01,1984,7,24.583
Nord,1984-08-01,1984,8,24.909
Nord,1984-09-01,1984,9,24.349
Nord,1984-10-01,1984,10,25.932
Nord,1984-11-01,1984,11,26.329
Nord,1984-12-01,1984,12,24.378
Nord,1985-01-01,1985,1,27.068
Nord,1985-02-01,1985,2,25.494
Nord,1985-03-01,1985,3,29.577
Nord,1985-04-01,1985,4,29.294
Nord,1985-05-01,1985,5,27.874
Nord,1985-06-01,1985,6,25.725
Nord,1985-07-01,1985,7,23.975
Nord,1985-08-01,1985,8,23.771
Nord,1985-09-01,1985,9,23.929
Nord,1985-10-01,1985,10,25.287
Nord,1985-11-01,1985,11,26.603
Nord,1985-12-01,1985,12,25.091
Nord,1986-01-01,1986,1,25.302
Nord,1986-02-01,1986,2,28.751
Nord,1986-03-01,1986,3,29.929
Nord,1986-04-01,1986,4,30.86
Nord,1986-05-01,1986,5,28.823
Nord,1986-06-01,1986,6,26.501
Nord,1986-07-01,1986,7,24.231
Nord,1986-08-01,1986,8,24.428
Nord,1986-09-01,1986,9,24.367
Nord,1986-10-01,1986,10,25.735
Nord,1986-11-01,1986,11,26.287
Nord,1986-12-01,1986,12,23.724
Nord,1987-01-01,1987,1,25.043
Nord,1987-02-01,1987,2,27.961
Nord,1987-03-01,1987,3,29.955
Nord,1987-04-01,1987,4,31.004
Nord,1987-05-01,1987,5,30.161
Nord,1987-06-01,1987,6,26.509
Nord,1987-07-01,1987,7,26.064
Nord,1987-08-01,1987,8,24.623
Nord,1987-09-01,1987,9,25.294
Nord,1987-10-01,1987,10,26.222
Nord,1987-11-01,1987,11,27.525
Nord,1987-12-01,1987,12,26.227
Nord,1988-01-01,1988,1,25.392
Nord,1988-02-01,1988,2,27.695
Nord,1988-03-01,1988,3,30.759
Nord,1988-04-01,1988,4,30.765
Nord,1988-05-01,1988,5,28.33
Nord,1988-06-01,1988,6,26.065
Nord,1988-07-01,1988,7,24.401
Nord,1988-08-01,1988,8,24.002
Nord,1988-09-01,1988,9,24.137
Nord,1988-10-01,1988,10,25.793
Nord,1988-11-01,1988,11,26.18
Nord,1988-12-01,1988,12,25.226
Nord,1989-01-01,1989,1,22.142
Nord,1989-02-01,1989,2,24.201
Nord,1989-03-01,1989,3,29.076
Nord,1989-04-01,1989,4,30.442
Nord,1989-05-01,1989,5,27.15
Nord,1989-06-01,1989,6,26.15
Nord,1989-07-01,1989,7,24.599
Nord,1989-08-01,1989,8,23.997
Nord,1989-09-01,1989,9,24.766
Nord,1989-10-01,1989,10,25.536
Nord,1989-11-01,1989,11,26.608
Nord,1989-12-01,1989,12,24.832
Nord,1990-01-01,1990,1,26.36
Nord,1990-02-01,1990,2,26.042
Nord,1990-03-01,1990,3,28.358
Nord,1990-04-01,1990,4,30.914
Nord,1990-05-01,1990,5,27.868
Nord,1990-06-01,1990,6,26.957
Nord,1990-07-01,1990,7,24.818
Nord,1990-08-01,1990,8,24.774
Nord,1990-09-01,1990,9,25.059
Nord,1990-10-01,1990,10,26.479
Nord,1990-11-01,1990,11,28.221
Nord,1990-12-01,1990,12,27.953
Nord,1991-01-01,1991,1,26.117
Nord,1991-02-01,1991,2,29.367
Nord,1991-03-01,1991,3,30.915
Nord,1991-04-01,1991,4,30.03
Nord,1991-05-01,1991,5,26.845
Nord,1991-06-01,1991,6,26.945
Nord,1991-07-01,1991,7,24.83
Nord,1991-08-01,1991,8,24.209
Nord,1991-09-01,1991,9,25.572
Nord,1991-10-01,1991,10,25.658
Nord,1991-11-01,1991,11,27.262
Nord,1991-12-01,1991,12,25.1
Nord,1992-01-01,1992,1,24.296
Nord,1992-02-01,1992,2,25.655
Nord,1992-03-01,1992,3,29.824
Nord,1992-04-01,1992,4,29.643
Nord,1992-05-01,1992,5,27.623
Nord,1992-06-01,1992,6,25.917
Nord,1992-07-01,1992,7,24.451
Nord,1992-08-01,1992,8,23.989
Nord,1992-09-01,1992,9,24.381
Nord,1992-10-01,1992,10,25.848
Nord,1992-11-01,1992,11,25.368
Nord,1992-12-01,1992,12,24.37
Nord,1993-01-01,1993,1,23.382
Nord,1993-02-01,1993,2,26.19
Nord,1993-03-01,1993,3,29.787
Nord,1993-04-01,1993,4,30.462
Nord,1993-05-01,1993,5,28.209
Nord,1993-06-01,1993,6,26.436
Nord,1993-07-01,1993,7,25.007
Nord,1993-08-01,1993,8,24.673
Nord,1993-09-01,1993,9,24.907
Nord,1993-10-01,1993,10,26.564
Nord,1993-11-01,1993,11,28.036
Nord,1993-12-01,1993,12,26.112
Nord,1994-01-01,1994,1,25.844
Nord,1994-02-01,1994,2,27.092
Nord,1994-03-01,1994,3,30.892
Nord,1994-04-01,1994,4,30.154
Nord,1994-05-01,1994,5,28.147
Nord,1994-06-01,1994,6,26.276
Nord,1994-07-01,1994,7,24.914
Nord,1994-08-01,1994,8,24.085
Nord,1994-09-01,1994,9,24.836
Nord,1994-10-01,1994,10,25.701
Nord,1994-11-01,1994,11,25.632
Nord,1994-12-01,1994,12,23.717
Nord,1995-01-01,1995,1,24.489
Nord,1995-02-01,1995,2,26.195
Nord,1995-03-01,1995,3,30.662
Nord,1995-04-01,1995,4,30.959
Nord,1995-05-01,1995,5,28.509
Nord,1995-06-01,1995,6,26.623
Nord,1995-07-01,1995,7,24.844
Nord,1995-08-01,1995,8,24.553
Nord,1995-09-01,1995,9,25.06
Nord,1995-10-01,1995,10,25.694
Nord,1995-11-01,1995,11,25.561
Nord,1995-12-01,1995,12,25.169
Nord,1996-01-01,1996,1,25.86
Nord,1996-02-01,1996,2,28.541
Nord,1996-03-01,1996,3,30.947
Nord,1996-04-01,1996,4,30.364
Nord,1996-05-01,1996,5,27.714
Nord,1996-06-01,1996,6,25.71
Nord,1996-07-01,1996,7,24.857
Nord,1996-08-01,1996,8,24.279
Nord,1996-09-01,1996,9,24.695
Nord,1996-10-01,1996,10,25.509
Nord,1996-11-01,1996,11,24.835
Nord,1996-12-01,1996,12,25.463
Nord,1997-01-01,1997,1,25.897
Nord,1997-02-01,1997,2,24.895
Nord,1997-03-01,1997,3,29.895
Nord,1997-04-01,1997,4,28.944
Nord,1997-05-01,1997,5,27.179
Nord,1997-06-01,1997,6,25.863
Nord,1997-07-01,1997,7,25.167
Nord,1997-08-01,1997,8,24.941
Nord,1997-09-01,1997,9,25.528
Nord,1997-10-01,1997,10,26.393
Nord,1997-11-01,1997,11,26.635
Nord,1997-12-01,1997,12,25.11
Nord,1998-01-01,1998,1,25.169
Nord,1998-02-01,1998,2,28.108
Nord,1998-03-01,1998,3,29.559
Nord,1998-04-01,1998,4,32.148
Nord,1998-05-01,1998,5,29.756
Nord,1998-06-01,1998,6,27.198
Nord,1998-07-01,1998,7,25.258
Nord,1998-08-01,1998,8,24.579
Nord,1998-09-01,1998,9,24.824
Nord,1998-10-01,1998,10,25.981
Nord,1998-11-01,1998,11,26.985
Nord,1998-12-01,1998,12,25.787
Nord,1999-01-01,1999,1,25.806
Nord,1999-02-01,1999,2,29.301
Nord,1999-03-01,1999,3,31.199
Nord,1999-04-01,1999,4,31.062
Nord,1999-05-01,1999,5,28.035
Nord,1999-06-01,1999,6,26.477
Nord,1999-07-01,1999,7,24.423
Nord,1999-08-01,1999,8,24.087
Nord,1999-09-01,1999,9,24.076
Nord,1999-10-01,1999,10,24.772
Nord,1999-11-01,1999,11,26.248
Nord,1999-12-01,1999,12,24.563
Nord,2000-01-01,2000,1,25.912
Nord,2000-02-01,2000,2,24.757
Nord,2000-03-01,2000,3,28.744
Nord,2000-04-01,2000,4,30.815
Nord,2000-05-01,2000,5,29.032
Nord,2000-06-01,2000,6,25.975
Nord,2000-07-01,2000,7,24.431
Nord,2000-08-01,2000,8,24.058
Nord,2000-09-01,2000,9,24.811
Nord,2000-10-01,2000,10,25.954
Nord,2000-11-01,2000,11,26.55
Nord,2000-12-01,2000,12,24.084
Nord,2001-01-01,2001,1,23.833
Nord,2001-02-01,2001,2,26.007
Nord,2001-03-01,2001,3,30.365
Nord,2001-04-01,2001,4,30.431
Nord,2001-05-01,2001,5,28.759
Nord,2001-06-01,2001,6,26.27
Nord,2001-07-01,2001,7,24.945
Nord,2001-08-01,2001,8,24.105
Nord,2001-09-01,2001,9,24.52
Nord,2001-10-01,2001,10,25.778
Nord,2001-11-01,2001,11,26.753
Nord,2001-12-01,2001,12,25.817
Nord,2002-01-01,2002,1,23.1
Nord,2002-02-01,2002,2,26.852
Nord,2002-03-01,2002,3,31.016
Nord,2002-04-01,2002,4,31.032
Nord,2002-05-01,2002,5,29.985
Nord,2002-06-01,2002,6,26.641
Nord,2002-07-01,2002,7,25.696
Nord,2002-08-01,2002,8,24.654
Nord,2002-09-01,2002,9,25.032
Nord,2002-10-01,2002,10,25.679
Nord,2002-11-01,2002,11,26.222
Nord,2002-12-01,2002,12,25.136
Nord,2003-01-01,2003,1,25.749
Nord,2003-02-01,2003,2,28.615
Nord,2003-03-01,2003,3,30.438
Nord,2003-04-01,2003,4,30.449
Nord,2003-05-01,2003,5,29.484
Nord,2003-06-01,2003,6,25.976
Nord,2003-07-01,2003,7,24.965
Nord,2003-08-01,2003,8,24.509
Nord,2003-09-01,2003,9,24.701
Nord,2003-10-01,2003,10,25.882
Nord,2003-11-01,2003,11,26.658
Nord,2003-12-01,2003,12,25.513
Nord,2004-01-01,2004,1,26.218
Nord,2004-02-01,2004,2,26.937
Nord,2004-03-01,2004,3,29.735
Nord,2004-04-01,2004,4,30.763
Nord,2004-05-01,2004,5,28.138
Nord,2004-06-01,2004,6,25.561
Nord,2004-07-01,2004,7,24.647
Nord,2004-08-01,2004,8,24.624
Nord,2004-09-01,2004,9,25.053
Nord,2004-10-01,2004,10,26.572
Nord,2004-11-01,2004,11,27.586
Nord,2004-12-01,2004,12,26.468
Nord,2005-01-01,2005,1,24.863
Nord,2005-02-01,2005,2,30.805
Nord,2005-03-01,2005,3,32.08
Nord,2005-04-01,2005,4,31.564
Nord,2005-05-01,2005,5,28.76
Nord,2005-06-01,2005,6,26.701
Nord,2005-07-01,2005,7,24.993
Nord,2005-08-01,2005,8,24.431
Nord,2005-09-01,2005,9,25.167
Nord,2005-10-01,2005,10,26.154
Nord,2005-11-01,2005,11,27.137
Nord,2005-12-01,2005,12,26.939
Nord,2006-01-01,2006,1,28.105
Nord,2006-02-01,2006,2,30.184
Nord,2006-03-01,2006,3,31.193
Nord,2006-04-01,2006,4,31.502
Nord,2006-05-01,2006,5,28.145
Nord,2006-06-01,2006,6,27.162
Nord,2006-07-01,2006,7,25.521
Nord,2006-08-01,2006,8,24.507
Nord,2006-09-01,2006,9,24.919
Nord,2006-10-01,2006,10,26.653
Nord,2006-11-01,2006,11,26.168
Nord,2006-12-01,2006,12,24.289
Nord,2007-01-01,2007,1,23.931
Nord,2007-02-01,2007,2,28.402
Nord,2007-03-01,2007,3,30.776
Nord,2007-04-01,2007,4,31.453
Nord,2007-05-01,2007,5,28.68
Nord,2007-06-01,2007,6,26.584
Nord,2007-07-01,2007,7,25.47
Nord,2007-08-01,2007,8,24.127
Nord,2007-09-01,2007,9,24.95
Nord,2007-10-01,2007,10,26.159
Nord,2007-11-01,2007,11,27.219
Nord,2007-12-01,2007,12,25.687
Nord,2008-01-01,2008,1,24.446
Nord,2008-02-01,2008,2,25.841
Nord,2008-03-01,2008,3,31.432
Nord,2008-04-01,2008,4,29.967
Nord,2008-05-01,2008,5,28.374
Nord,2008-06-01,2008,6,26.225
Nord,2008-07-01,2008,7,25.022
Nord,2008-08-01,2008,8,24.286
Nord,2008-09-01,2008,9,25.067
Nord,2008-10-01,2008,10,26.329
Nord,2008-11-01,2008,11,26.515
Nord,2008-12-01,2008,12,26.262
Nord,2009-01-01,2009,1,27.136
Nord,2009-02-01,2009,2,29.067
Nord,2009-03-01,2009,3,31.152
Nord,2009-04-01,2009,4,30.058
Nord,2009-05-01,2009,5,28.599
Nord,2009-06-01,2009,6,26.845
Nord,2009-07-01,2009,7,25.606
Nord,2009-08-01,2009,8,24.998
Nord,2009-09-01,2009,9,25.536
Nord,2009-10-01,2009,10,25.985
Nord,2009-11-01,2009,11,26.291
Nord,2009-12-01,2009,12,25.933
Nord,2010-01-01,2010,1,26.559
Nord,2010-02-01,2010,2,29.721
Nord,2010-03-01,2010,3,31.173
Nord,2010-04-01,2010,4,32.749
Nord,2010-05-01,2010,5,29.444
Nord,2010-06-01,2010,6,26.899
Nord,2010-07-01,2010,7,25.212
Nord,2010-08-01,2010,8,24.86
Nord,2010-09-01,2010,9,24.915
Nord,2010-10-01,2010,10,26.102
Nord,2010-11-01,2010,11,27.304
Nord,2010-12-01,2010,12,25.078
Nord,2011-01-01,2011,1,24.117
Nord,2011-02-01,2011,2,29.643
Nord,2011-03-01,2011,3,31.113
Nord,2011-04-01,2011,4,31.553
Nord,2011-05-01,2011,5,29.167
Nord,2011-06-01,2011,6,27.207
Nord,2011-07-01,2011,7,25.61
Nord,2011-08-01,2011,8,24.68
Nord,2011-09-01,2011,9,24.926
Nord,2011-10-01,2011,10,25.999
Nord,2011-11-01,2011,11,26.006
Nord,2011-12-01,2011,12,24.301
Nord,2012-01-01,2012,1,24.679
Nord,2012-02-01,2012,2,28.817
Nord,2012-03-01,2012,3,30.023
Nord,2012-04-01,2012,4,31.181
Nord,2012-05-01,2012,5,28.204
Nord,2012-06-01,2012,6,26.016
Nord,2012-07-01,2012,7,24.584
Nord,2012-08-01,2012,8,24.241
Nord,2012-09-01,2012,9,24.593
Nord,2012-10-01,2012,10,26.023
Nord,2012-11-01,2012,11,26.92
Nord,2012-12-01,2012,12,25.239
Nord,2013-01-01,2013,1,26.236
Nord,2013-02-01,2013,2,28.552
Nord,2013-03-01,2013,3,31.741
Nord,2013-04-01,2013,4,30.978
Nord,2013-05-01,2013,5,28.778
Nord,2013-06-01,2013,6,26.865
Nord,2013-07-01,2013,7,24.813
Nord,2013-08-01,2013,8,24.395
Nord,2013-09-01,2013,9,25.061
Nord,2013-10-01,2013,10,26.232
Nord,2013-11-01,2013,11,27.602
Nord,2013-12-01,2013,12,26.014
Nord,2014-01-01,2014,1,25.82
Nord,2014-02-01,2014,2,27.706
Nord,2014-03-01,2014,3,30.79
Nord,2014-04-01,2014,4,30.083
Nord,2014-05-01,2014,5,28.116
Nord,2014-06-01,2014,6,26.896
Nord,2014-07-01,2014,7,25.661
Nord,2014-08-01,2014,8,24.442
Nord,2014-09-01,2014,9,24.755
Nord,2014-10-01,2014,10,26.307
Nord,2014-11-01,2014,11,27.426
Nord,2014-12-01,2014,12,25.189
Nord,2015-01-01,2015,1,23.831
Nord,2015-02-01,2015,2,29.194
Nord,2015-03-01,2015,3,31.226
Nord,2015-04-01,2015,4,31.555
Nord,2015-05-01,2015,5,30.351
Nord,2015-06-01,2015,6,27.468
Nord,2015-07-01,2015,7,26.103
Nord,2015-08-01,2015,8,25.293
Nord,2015-09-01,2015,9,25.29
Nord,2015-10-01,2015,10,26.503
Nord,2015-11-01,2015,11,26.19
Nord,2015-12-01,2015,12,22.691
Nord,2016-01-01,2016,1,23.949
Nord,2016-02-01,2016,2,27.439
Nord,2016-03-01,2016,3,31.878
Nord,2016-04-01,2016,4,31.262
Nord,2016-05-01,2016,5,28.78
Nord,2016-06-01,2016,6,26.359
Nord,2016-07-01,2016,7,25.403
Nord,2016-08-01,2016,8,25.268
Nord,2016-09-01,2016,9,25.473
Nord,2016-10-01,2016,10,26.718
Nord,2016-11-01,2016,11,27.751
Nord,2016-12-01,2016,12,26.051
Nord,2017-01-01,2017,1,26.688
Nord,2017-02-01,2017,2,27.089
Nord,2017-03-01,2017,3,31.153
Nord,2017-04-01,2017,4,30.846
Nord,2017-05-01,2017,5,28.741
Nord,2017-06-01,2017,6,26.715
Nord,2017-07-01,2017,7,25.454
Nord,2017-08-01,2017,8,24.796
Nord,2017-09-01,2017,9,24.98
Nord,2017-10-01,2017,10,26.933
Nord,2017-11-01,2017,11,27.026
Nord,2017-12-01,2017,12,26.035
Nord,2018-01-01,2018,1,23.912
Nord,2018-02-01,2018,2,29.8
Nord,2018-03-01,2018,3,31.593
Nord,2018-04-01,2018,4,31.218
Nord,2018-05-01,2018,5,28.46
Nord,2018-06-01,2018,6,26.787
Nord,2018-07-01,2018,7,25.388
Nord,2018-08-01,2018,8,24.976
Nord,2018-09-01,2018,9,25.31
Nord,2018-10-01,2018,10,27.182
Nord,2018-11-01,2018,11,27.573
Nord,2018-12-01,2018,12,24.767
Nord,2019-01-01,2019,1,25.839
Nord,2019-02-01,2019,2,27.704
Nord,2019-03-01,2019,3,32.297
Nord,2019-04-01,2019,4,32.326
Nord,2019-05-01,2019,5,29.456
Nord,2019-06-01,2019,6,26.855
Nord,2019-07-01,2019,7,25.594
Nord,2019-08-01,2019,8,24.989
Nord,2019-09-01,2019,9,25.552
Nord,2019-10-01,2019,10,25.146
Nord,2019-11-01,2019,11,27.213
Nord,2019-12-01,2019,12,24.924
Nord,2020-01-01,2020,1,24.251
Nord,2020-02-01,2020,2,26.565
Nord,2020-03-01,2020,3,30.957
Nord,2020-04-01,2020,4,32.173
Nord,2020-05-01,2020,5,29.933
Nord,2020-06-01,2020,6,27.512
Nord,2020-07-01,2020,7,25.458
Nord,2020-08-01,2020,8,25.563
Nord,2020-09-01,2020,9,25.112
Nord,2020-10-01,2020,10,26.626
Nord,2020-11-01,2020,11,27.184
Nord,2020-12-01,2020,12,26.82
Nord,2021-01-01,2021,1,26.795
Nord,2021-02-01,2021,2,26.995
Nord,2021-03-01,2021,3,30.423
Nord,2021-04-01,2021,4,31.426
Nord,2021-05-01,2021,5,29.64
Nord,2021-06-01,2021,6,27.368
Nord,2021-07-01,2021,7,25.638
Nord,2021-08-01,2021,8,25.065
Nord,2021-09-01,2021,9,25.704
Nord,2021-10-01,2021,10,27.334
Nord,2021-11-01,2021,11,28.453
Nord,2021-12-01,2021,12,26.091
Nord,2022-01-01,2022,1,24.599
Nord,2022-02-01,2022,2,26.717
Nord,2022-03-01,2022,3,30.95
Nord,2022-04-01,2022,4,30.345
Nord,2022-05-01,2022,5,28.956
Nord,2022-06-01,2022,6,26.72
Nord,2022-07-01,2022,7,25.351
Nord,2022-08-01,2022,8,24.648
Nord,2022-09-01,2022,9,24.883
Nord,2022-10-01,2022,10,26.305
Nord,2022-11-01,2022,11,26.792
Nord,2022-12-01,2022,12,25.299
Nord,2023-01-01,2023,1,25.728
Nord,2023-02-01,2023,2,27.959
Nord,2023-03-01,2023,3,30.636
Nord,2023-04-01,2023,4,31.153
Nord,2023-05-01,2023,5,29.877
Nord,2023-06-01,2023,6,26.407
Nord,2023-07-01,2023,7,26.188
Nord,2023-08-01,2023,8,25.74
Nord,2023-09-01,2023,9,25.653
Nord,2023-10-01,2023,10,27.177
Nord,2023-11-01,2023,11,27.809
Nord,2023-12-01,2023,12,25.916
Nord,2024-01-01,2024,1,25.506
Nord,2024-02-01,2024,2,28.462
Nord,2024-03-01,2024,3,32.962
Nord,2024-04-01,2024,4,32.736
Nord,2024-05-01,2024,5,31.584
Nord,2024-06-01,2024,6,27.699
Nord,2024-07-01,2024,7,25.952
Nord,2024-08-01,2024,8,25.55
Nord,2024-09-01,2024,9,25.525
Nord,2024-10-01,2024,10,26.18
Nord,2024-11-01,2024,11,25.623
Nord,2024-12-01,2024,12,24.906
Nord,2025-01-01,2025,1,25.805
Nord,2025-02-01,2025,2,28.185
Nord,2025-03-01,2025,3,31.823
Nord,2025-04-01,2025,4,31.736
Nord,2025-05-01,2025,5,30.215
Nord,2025-06-01,2025,6,27.612
Nord,2025-07-01,2025,7,25.392
Nord,2025-08-01,2025,8,24.729
Nord,2025-09-01,2025,9,25.405
Nord,2025-10-01,2025,10,26.492
Nord,2025-11-01,2025,11,27.532
Nord,2025-12-01,2025,12,27.217
Nord,2026-01-01,2026,1,27.254
Nord,2026-02-01,2026,2,28.856
Nord,2026-03-01,2026,3,30.377
Nord,2026-04-01,2026,4,30.648
Nord,2026-05-01,2026,5,30.43
Nord,2026-06-01,2026,6,26.569
Nord-Ouest,1940-01-01,1940,1,21.245
Nord-Ouest,1940-02-01,1940,2,22.221
Nord-Ouest,1940-03-01,1940,3,22.067
Nord-Ouest,1940-04-01,1940,4,21.123
Nord-Ouest,1940-05-01,1940,5,20.611
Nord-Ouest,1940-06-01,1940,6,20.099
Nord-Ouest,1940-07-01,1940,7,19.376
Nord-Ouest,1940-08-01,1940,8,19.405
Nord-Ouest,1940-09-01,1940,9,19.501
Nord-Ouest,1940-10-01,1940,10,19.738
Nord-Ouest,1940-11-01,1940,11,19.596
Nord-Ouest,1940-12-01,1940,12,20.746
Nord-Ouest,1941-01-01,1941,1,21.753
Nord-Ouest,1941-02-01,1941,2,22.687
Nord-Ouest,1941-03-01,1941,3,23.138
Nord-Ouest,1941-04-01,1941,4,21.914
Nord-Ouest,1941-05-01,1941,5,20.627
Nord-Ouest,1941-06-01,1941,6,20.382
Nord-Ouest,1941-07-01,1941,7,19.302
Nord-Ouest,1941-08-01,1941,8,19.381
Nord-Ouest,1941-09-01,1941,9,19.332
Nord-Ouest,1941-10-01,1941,10,19.894
Nord-Ouest,1941-11-01,1941,11,19.719
Nord-Ouest,1941-12-01,1941,12,20.271
Nord-Ouest,1942-01-01,1942,1,21.633
Nord-Ouest,1942-02-01,1942,2,22.271
Nord-Ouest,1942-03-01,1942,3,22.63
Nord-Ouest,1942-04-01,1942,4,21.333
Nord-Ouest,1942-05-01,1942,5,20.751
Nord-Ouest,1942-06-01,1942,6,19.816
Nord-Ouest,1942-07-01,1942,7,18.662
Nord-Ouest,1942-08-01,1942,8,18.745
Nord-Ouest,1942-09-01,1942,9,19.19
Nord-Ouest,1942-10-01,1942,10,19.655
Nord-Ouest,1942-11-01,1942,11,20.416
Nord-Ouest,1942-12-01,1942,12,20.107
Nord-Ouest,1943-01-01,1943,1,21.038
Nord-Ouest,1943-02-01,1943,2,21.981
Nord-Ouest,1943-03-01,1943,3,21.643
Nord-Ouest,1943-04-01,1943,4,21.302
Nord-Ouest,1943-05-01,1943,5,20.252
Nord-Ouest,1943-06-01,1943,6,19.484
Nord-Ouest,1943-07-01,1943,7,18.366
Nord-Ouest,1943-08-01,1943,8,18.688
Nord-Ouest,1943-09-01,1943,9,19.388
Nord-Ouest,1943-10-01,1943,10,19.944
Nord-Ouest,1943-11-01,1943,11,20.01
Nord-Ouest,1943-12-01,1943,12,21.101
Nord-Ouest,1944-01-01,1944,1,21.511
Nord-Ouest,1944-02-01,1944,2,22.387
Nord-Ouest,1944-03-01,1944,3,21.831
Nord-Ouest,1944-04-01,1944,4,21.076
Nord-Ouest,1944-05-01,1944,5,20.983
Nord-Ouest,1944-06-01,1944,6,20.069
Nord-Ouest,1944-07-01,1944,7,19.106
Nord-Ouest,1944-08-01,1944,8,19.047
Nord-Ouest,1944-09-01,1944,9,19.428
Nord-Ouest,1944-10-01,1944,10,19.836
Nord-Ouest,1944-11-01,1944,11,20.654
Nord-Ouest,1944-12-01,1944,12,21.331
Nord-Ouest,1945-01-01,1945,1,22.055
Nord-Ouest,1945-02-01,1945,2,21.63
Nord-Ouest,1945-03-01,1945,3,23.713
Nord-Ouest,1945-04-01,1945,4,23.122
Nord-Ouest,1945-05-01,1945,5,20.476
Nord-Ouest,1945-06-01,1945,6,19.893
Nord-Ouest,1945-07-01,1945,7,19.018
Nord-Ouest,1945-08-01,1945,8,19.063
Nord-Ouest,1945-09-01,1945,9,19.431
Nord-Ouest,1945-10-01,1945,10,19.727
Nord-Ouest,1945-11-01,1945,11,20.464
Nord-Ouest,1945-12-01,1945,12,20.653
Nord-Ouest,1946-01-01,1946,1,21.735
Nord-Ouest,1946-02-01,1946,2,23.532
Nord-Ouest,1946-03-01,1946,3,23.053
Nord-Ouest,1946-04-01,1946,4,22.404
Nord-Ouest,1946-05-01,1946,5,20.694
Nord-Ouest,1946-06-01,1946,6,19.484
Nord-Ouest,1946-07-01,1946,7,18.794
Nord-Ouest,1946-08-01,1946,8,18.733
Nord-Ouest,1946-09-01,1946,9,18.825
Nord-Ouest,1946-10-01,1946,10,19.041
Nord-Ouest,1946-11-01,1946,11,20.54
Nord-Ouest,1946-12-01,1946,12,21.518
Nord-Ouest,1947-01-01,1947,1,21.957
Nord-Ouest,1947-02-01,1947,2,23.214
Nord-Ouest,1947-03-01,1947,3,23.197
Nord-Ouest,1947-04-01,1947,4,21.944
Nord-Ouest,1947-05-01,1947,5,20.731
Nord-Ouest,1947-06-01,1947,6,19.57
Nord-Ouest,1947-07-01,1947,7,18.867
Nord-Ouest,1947-08-01,1947,8,18.855
Nord-Ouest,1947-09-01,1947,9,19.528
Nord-Ouest,1947-10-01,1947,10,19.696
Nord-Ouest,1947-11-01,1947,11,20.64
Nord-Ouest,1947-12-01,1947,12,21.02
Nord-Ouest,1948-01-01,1948,1,21.681
Nord-Ouest,1948-02-01,1948,2,22.543
Nord-Ouest,1948-03-01,1948,3,21.96
Nord-Ouest,1948-04-01,1948,4,21.047
Nord-Ouest,1948-05-01,1948,5,21.072
Nord-Ouest,1948-06-01,1948,6,19.905
Nord-Ouest,1948-07-01,1948,7,18.967
Nord-Ouest,1948-08-01,1948,8,18.992
Nord-Ouest,1948-09-01,1948,9,19.001
Nord-Ouest,1948-10-01,1948,10,19.48
Nord-Ouest,1948-11-01,1948,11,20.252
Nord-Ouest,1948-12-01,1948,12,21.055
Nord-Ouest,1949-01-01,1949,1,22.346
Nord-Ouest,1949-02-01,1949,2,22.71
Nord-Ouest,1949-03-01,1949,3,23.061
Nord-Ouest,1949-04-01,1949,4,22.047
Nord-Ouest,1949-05-01,1949,5,21.045
Nord-Ouest,1949-06-01,1949,6,19.954
Nord-Ouest,1949-07-01,1949,7,19.21
Nord-Ouest,1949-08-01,1949,8,18.965
Nord-Ouest,1949-09-01,1949,9,19.336
Nord-Ouest,1949-10-01,1949,10,19.69
Nord-Ouest,1949-11-01,1949,11,20.274
Nord-Ouest,1949-12-01,1949,12,20.571
Nord-Ouest,1950-01-01,1950,1,21.854
Nord-Ouest,1950-02-01,1950,2,21.944
Nord-Ouest,1950-03-01,1950,3,22.259
Nord-Ouest,1950-04-01,1950,4,21.772
Nord-Ouest,1950-05-01,1950,5,20.92
Nord-Ouest,1950-06-01,1950,6,19.965
Nord-Ouest,1950-07-01,1950,7,18.553
Nord-Ouest,1950-08-01,1950,8,18.542
Nord-Ouest,1950-09-01,1950,9,19.056
Nord-Ouest,1950-10-01,1950,10,19.418
Nord-Ouest,1950-11-01,1950,11,20.134
Nord-Ouest,1950-12-01,1950,12,21.129
Nord-Ouest,1951-01-01,1951,1,21.712
Nord-Ouest,1951-02-01,1951,2,21.289
Nord-Ouest,1951-03-01,1951,3,21.929
Nord-Ouest,1951-04-01,1951,4,21.703
Nord-Ouest,1951-05-01,1951,5,21.014
Nord-Ouest,1951-06-01,1951,6,20.012
Nord-Ouest,1951-07-01,1951,7,19.25
Nord-Ouest,1951-08-01,1951,8,19.227
Nord-Ouest,1951-09-01,1951,9,19.673
Nord-Ouest,1951-10-01,1951,10,19.865
Nord-Ouest,1951-11-01,1951,11,20.807
Nord-Ouest,1951-12-01,1951,12,21.041
Nord-Ouest,1952-01-01,1952,1,22.433
Nord-Ouest,1952-02-01,1952,2,22.644
Nord-Ouest,1952-03-01,1952,3,22.992
Nord-Ouest,1952-04-01,1952,4,21.665
Nord-Ouest,1952-05-01,1952,5,21.035
Nord-Ouest,1952-06-01,1952,6,20.193
Nord-Ouest,1952-07-01,1952,7,18.975
Nord-Ouest,1952-08-01,1952,8,19.513
Nord-Ouest,1952-09-01,1952,9,19.307
Nord-Ouest,1952-10-01,1952,10,19.69
Nord-Ouest,1952-11-01,1952,11,20.251
Nord-Ouest,1952-12-01,1952,12,21.49
Nord-Ouest,1953-01-01,1953,1,21.924
Nord-Ouest,1953-02-01,1953,2,22.535
Nord-Ouest,1953-03-01,1953,3,21.828
Nord-Ouest,1953-04-01,1953,4,22.492
Nord-Ouest,1953-05-01,1953,5,20.814
Nord-Ouest,1953-06-01,1953,6,19.813
Nord-Ouest,1953-07-01,1953,7,19.171
Nord-Ouest,1953-08-01,1953,8,19.328
Nord-Ouest,1953-09-01,1953,9,19.624
Nord-Ouest,1953-10-01,1953,10,19.771
Nord-Ouest,1953-11-01,1953,11,20.495
Nord-Ouest,1953-12-01,1953,12,20.798
Nord-Ouest,1954-01-01,1954,1,21.916
Nord-Ouest,1954-02-01,1954,2,22.188
Nord-Ouest,1954-03-01,1954,3,21.99
Nord-Ouest,1954-04-01,1954,4,21.188
Nord-Ouest,1954-05-01,1954,5,21.058
Nord-Ouest,1954-06-01,1954,6,19.716
Nord-Ouest,1954-07-01,1954,7,18.614
Nord-Ouest,1954-08-01,1954,8,18.96
Nord-Ouest,1954-09-01,1954,9,18.964
Nord-Ouest,1954-10-01,1954,10,19.311
Nord-Ouest,1954-11-01,1954,11,20.247
Nord-Ouest,1954-12-01,1954,12,20.739
Nord-Ouest,1955-01-01,1955,1,21.982
Nord-Ouest,1955-02-01,1955,2,22.863
Nord-Ouest,1955-03-01,1955,3,22.173
Nord-Ouest,1955-04-01,1955,4,21.558
Nord-Ouest,1955-05-01,1955,5,20.731
Nord-Ouest,1955-06-01,1955,6,19.462
Nord-Ouest,1955-07-01,1955,7,18.678
Nord-Ouest,1955-08-01,1955,8,18.808
Nord-Ouest,1955-09-01,1955,9,19.163
Nord-Ouest,1955-10-01,1955,10,19.673
Nord-Ouest,1955-11-01,1955,11,20.993
Nord-Ouest,1955-12-01,1955,12,21.088
Nord-Ouest,1956-01-01,1956,1,21.779
Nord-Ouest,1956-02-01,1956,2,22.566
Nord-Ouest,1956-03-01,1956,3,21.379
Nord-Ouest,1956-04-01,1956,4,21.177
Nord-Ouest,1956-05-01,1956,5,20.93
Nord-Ouest,1956-06-01,1956,6,19.674
Nord-Ouest,1956-07-01,1956,7,18.564
Nord-Ouest,1956-08-01,1956,8,19.048
Nord-Ouest,1956-09-01,1956,9,19.051
Nord-Ouest,1956-10-01,1956,10,19.606
Nord-Ouest,1956-11-01,1956,11,20.181
Nord-Ouest,1956-12-01,1956,12,20.072
Nord-Ouest,1957-01-01,1957,1,20.826
Nord-Ouest,1957-02-01,1957,2,21.53
Nord-Ouest,1957-03-01,1957,3,22.176
Nord-Ouest,1957-04-01,1957,4,21.117
Nord-Ouest,1957-05-01,1957,5,20.839
Nord-Ouest,1957-06-01,1957,6,19.924
Nord-Ouest,1957-07-01,1957,7,19.259
Nord-Ouest,1957-08-01,1957,8,19.149
Nord-Ouest,1957-09-01,1957,9,19.608
Nord-Ouest,1957-10-01,1957,10,19.577
Nord-Ouest,1957-11-01,1957,11,20.395
Nord-Ouest,1957-12-01,1957,12,20.893
Nord-Ouest,1958-01-01,1958,1,22.633
Nord-Ouest,1958-02-01,1958,2,23.122
Nord-Ouest,1958-03-01,1958,3,23.977
Nord-Ouest,1958-04-01,1958,4,22.049
Nord-Ouest,1958-05-01,1958,5,20.972
Nord-Ouest,1958-06-01,1958,6,19.68
Nord-Ouest,1958-07-01,1958,7,18.917
Nord-Ouest,1958-08-01,1958,8,18.747
Nord-Ouest,1958-09-01,1958,9,19.175
Nord-Ouest,1958-10-01,1958,10,19.702
Nord-Ouest,1958-11-01,1958,11,20.259
Nord-Ouest,1958-12-01,1958,12,21.028
Nord-Ouest,1959-01-01,1959,1,21.674
Nord-Ouest,1959-02-01,1959,2,22.658
Nord-Ouest,1959-03-01,1959,3,23.388
Nord-Ouest,1959-04-01,1959,4,22.454
Nord-Ouest,1959-05-01,1959,5,21.165
Nord-Ouest,1959-06-01,1959,6,20.325
Nord-Ouest,1959-07-01,1959,7,19.134
Nord-Ouest,1959-08-01,1959,8,18.986
Nord-Ouest,1959-09-01,1959,9,19.167
Nord-Ouest,1959-10-01,1959,10,20.208
Nord-Ouest,1959-11-01,1959,11,20.608
Nord-Ouest,1959-12-01,1959,12,21.156
Nord-Ouest,1960-01-01,1960,1,21.784
Nord-Ouest,1960-02-01,1960,2,22.659
Nord-Ouest,1960-03-01,1960,3,23.038
Nord-Ouest,1960-04-01,1960,4,21.788
Nord-Ouest,1960-05-01,1960,5,21.203
Nord-Ouest,1960-06-01,1960,6,20.141
Nord-Ouest,1960-07-01,1960,7,19.131
Nord-Ouest,1960-08-01,1960,8,19.344
Nord-Ouest,1960-09-01,1960,9,19.175
Nord-Ouest,1960-10-01,1960,10,19.909
Nord-Ouest,1960-11-01,1960,11,20.593
Nord-Ouest,1960-12-01,1960,12,21.435
Nord-Ouest,1961-01-01,1961,1,21.427
Nord-Ouest,1961-02-01,1961,2,21.828
Nord-Ouest,1961-03-01,1961,3,23.47
Nord-Ouest,1961-04-01,1961,4,21.543
Nord-Ouest,1961-05-01,1961,5,21.135
Nord-Ouest,1961-06-01,1961,6,19.875
Nord-Ouest,1961-07-01,1961,7,18.948
Nord-Ouest,1961-08-01,1961,8,19.188
Nord-Ouest,1961-09-01,1961,9,19.019
Nord-Ouest,1961-10-01,1961,10,19.628
Nord-Ouest,1961-11-01,1961,11,20.392
Nord-Ouest,1961-12-01,1961,12,20.503
Nord-Ouest,1962-01-01,1962,1,21.144
Nord-Ouest,1962-02-01,1962,2,22.832
Nord-Ouest,1962-03-01,1962,3,22.444
Nord-Ouest,1962-04-01,1962,4,21.428
Nord-Ouest,1962-05-01,1962,5,20.889
Nord-Ouest,1962-06-01,1962,6,19.513
Nord-Ouest,1962-07-01,1962,7,19.512
Nord-Ouest,1962-08-01,1962,8,18.975
Nord-Ouest,1962-09-01,1962,9,19.032
Nord-Ouest,1962-10-01,1962,10,19.576
Nord-Ouest,1962-11-01,1962,11,20.246
Nord-Ouest,1962-12-01,1962,12,20.896
Nord-Ouest,1963-01-01,1963,1,21.467
Nord-Ouest,1963-02-01,1963,2,23.375
Nord-Ouest,1963-03-01,1963,3,23.635
Nord-Ouest,1963-04-01,1963,4,21.916
Nord-Ouest,1963-05-01,1963,5,21.245
Nord-Ouest,1963-06-01,1963,6,20.415
Nord-Ouest,1963-07-01,1963,7,19.585
Nord-Ouest,1963-08-01,1963,8,19.694
Nord-Ouest,1963-09-01,1963,9,19.767
Nord-Ouest,1963-10-01,1963,10,20.044
Nord-Ouest,1963-11-01,1963,11,20.766
Nord-Ouest,1963-12-01,1963,12,21.22
Nord-Ouest,1964-01-01,1964,1,22.362
Nord-Ouest,1964-02-01,1964,2,22.89
Nord-Ouest,1964-03-01,1964,3,23.844
Nord-Ouest,1964-04-01,1964,4,22.704
Nord-Ouest,1964-05-01,1964,5,22.16
Nord-Ouest,1964-06-01,1964,6,20.48
Nord-Ouest,1964-07-01,1964,7,19.565
Nord-Ouest,1964-08-01,1964,8,19.027
Nord-Ouest,1964-09-01,1964,9,19.012
Nord-Ouest,1964-10-01,1964,10,19.612
Nord-Ouest,1964-11-01,1964,11,20.199
Nord-Ouest,1964-12-01,1964,12,20.813
Nord-Ouest,1965-01-01,1965,1,21.344
Nord-Ouest,1965-02-01,1965,2,21.675
Nord-Ouest,1965-03-01,1965,3,22.231
Nord-Ouest,1965-04-01,1965,4,22.11
Nord-Ouest,1965-05-01,1965,5,21.84
Nord-Ouest,1965-06-01,1965,6,20.249
Nord-Ouest,1965-07-01,1965,7,19.635
Nord-Ouest,1965-08-01,1965,8,19.517
Nord-Ouest,1965-09-01,1965,9,19.619
Nord-Ouest,1965-10-01,1965,10,20.204
Nord-Ouest,1965-11-01,1965,11,21.019
Nord-Ouest,1965-12-01,1965,12,20.946
Nord-Ouest,1966-01-01,1966,1,22.186
Nord-Ouest,1966-02-01,1966,2,22.606
Nord-Ouest,1966-03-01,1966,3,23.976
Nord-Ouest,1966-04-01,1966,4,22.348
Nord-Ouest,1966-05-01,1966,5,21.682
Nord-Ouest,1966-06-01,1966,6,20.773
Nord-Ouest,1966-07-01,1966,7,20.125
Nord-Ouest,1966-08-01,1966,8,19.514
Nord-Ouest,1966-09-01,1966,9,19.368
Nord-Ouest,1966-10-01,1966,10,19.957
Nord-Ouest,1966-11-01,1966,11,20.753
Nord-Ouest,1966-12-01,1966,12,20.908
Nord-Ouest,1967-01-01,1967,1,20.193
Nord-Ouest,1967-02-01,1967,2,22.111
Nord-Ouest,1967-03-01,1967,3,22.423
Nord-Ouest,1967-04-01,1967,4,22.022
Nord-Ouest,1967-05-01,1967,5,21.026
Nord-Ouest,1967-06-01,1967,6,19.878
Nord-Ouest,1967-07-01,1967,7,19.056
Nord-Ouest,1967-08-01,1967,8,18.805
Nord-Ouest,1967-09-01,1967,9,19.021
Nord-Ouest,1967-10-01,1967,10,19.712
Nord-Ouest,1967-11-01,1967,11,20.526
Nord-Ouest,1967-12-01,1967,12,21.234
Nord-Ouest,1968-01-01,1968,1,21.128
Nord-Ouest,1968-02-01,1968,2,22.075
Nord-Ouest,1968-03-01,1968,3,21.514
Nord-Ouest,1968-04-01,1968,4,21.562
Nord-Ouest,1968-05-01,1968,5,20.855
Nord-Ouest,1968-06-01,1968,6,19.81
Nord-Ouest,1968-07-01,1968,7,19.131
Nord-Ouest,1968-08-01,1968,8,19.464
Nord-Ouest,1968-09-01,1968,9,19.632
Nord-Ouest,1968-10-01,1968,10,20.548
Nord-Ouest,1968-11-01,1968,11,20.599
Nord-Ouest,1968-12-01,1968,12,20.955
Nord-Ouest,1969-01-01,1969,1,21.537
Nord-Ouest,1969-02-01,1969,2,23.337
Nord-Ouest,1969-03-01,1969,3,22.149
Nord-Ouest,1969-04-01,1969,4,22.151
Nord-Ouest,1969-05-01,1969,5,21.395
Nord-Ouest,1969-06-01,1969,6,20.427
Nord-Ouest,1969-07-01,1969,7,19.307
Nord-Ouest,1969-08-01,1969,8,19.037
Nord-Ouest,1969-09-01,1969,9,19.423
Nord-Ouest,1969-10-01,1969,10,20.047
Nord-Ouest,1969-11-01,1969,11,20.656
Nord-Ouest,1969-12-01,1969,12,21.541
Nord-Ouest,1970-01-01,1970,1,21.792
Nord-Ouest,1970-02-01,1970,2,23.196
Nord-Ouest,1970-03-01,1970,3,22.99
Nord-Ouest,1970-04-01,1970,4,22.053
Nord-Ouest,1970-05-01,1970,5,21.046
Nord-Ouest,1970-06-01,1970,6,20.397
Nord-Ouest,1970-07-01,1970,7,19.186
Nord-Ouest,1970-08-01,1970,8,18.927
Nord-Ouest,1970-09-01,1970,9,19.226
Nord-Ouest,1970-10-01,1970,10,20.054
Nord-Ouest,1970-11-01,1970,11,20.976
Nord-Ouest,1970-12-01,1970,12,21.193
Nord-Ouest,1971-01-01,1971,1,21.393
Nord-Ouest,1971-02-01,1971,2,22.34
Nord-Ouest,1971-03-01,1971,3,21.983
Nord-Ouest,1971-04-01,1971,4,21.561
Nord-Ouest,1971-05-01,1971,5,21.4
Nord-Ouest,1971-06-01,1971,6,20.08
Nord-Ouest,1971-07-01,1971,7,18.964
Nord-Ouest,1971-08-01,1971,8,18.787
Nord-Ouest,1971-09-01,1971,9,19.277
Nord-Ouest,1971-10-01,1971,10,20.002
Nord-Ouest,1971-11-01,1971,11,20.864
Nord-Ouest,1971-12-01,1971,12,20.116
Nord-Ouest,1972-01-01,1972,1,21.421
Nord-Ouest,1972-02-01,1972,2,22.134
Nord-Ouest,1972-03-01,1972,3,21.92
Nord-Ouest,1972-04-01,1972,4,21.423
Nord-Ouest,1972-05-01,1972,5,21.214
Nord-Ouest,1972-06-01,1972,6,20.015
Nord-Ouest,1972-07-01,1972,7,19.724
Nord-Ouest,1972-08-01,1972,8,19.225
Nord-Ouest,1972-09-01,1972,9,19.758
Nord-Ouest,1972-10-01,1972,10,20.211
Nord-Ouest,1972-11-01,1972,11,20.912
Nord-Ouest,1972-12-01,1972,12,22.189
Nord-Ouest,1973-01-01,1973,1,22.385
Nord-Ouest,1973-02-01,1973,2,23.892
Nord-Ouest,1973-03-01,1973,3,23.13
Nord-Ouest,1973-04-01,1973,4,22.387
Nord-Ouest,1973-05-01,1973,5,21.123
Nord-Ouest,1973-06-01,1973,6,20.769
Nord-Ouest,1973-07-01,1973,7,19.879
Nord-Ouest,1973-08-01,1973,8,19.383
Nord-Ouest,1973-09-01,1973,9,19.716
Nord-Ouest,1973-10-01,1973,10,20.172
Nord-Ouest,1973-11-01,1973,11,20.544
Nord-Ouest,1973-12-01,1973,12,20.462
Nord-Ouest,1974-01-01,1974,1,20.853
Nord-Ouest,1974-02-01,1974,2,22.283
Nord-Ouest,1974-03-01,1974,3,22.276
Nord-Ouest,1974-04-01,1974,4,21.34
Nord-Ouest,1974-05-01,1974,5,20.529
Nord-Ouest,1974-06-01,1974,6,20.096
Nord-Ouest,1974-07-01,1974,7,18.856
Nord-Ouest,1974-08-01,1974,8,19.325
Nord-Ouest,1974-09-01,1974,9,18.963
Nord-Ouest,1974-10-01,1974,10,19.887
Nord-Ouest,1974-11-01,1974,11,20.328
Nord-Ouest,1974-12-01,1974,12,20.184
Nord-Ouest,1975-01-01,1975,1,21.087
Nord-Ouest,1975-02-01,1975,2,22.072
Nord-Ouest,1975-03-01,1975,3,22.045
Nord-Ouest,1975-04-01,1975,4,21.407
Nord-Ouest,1975-05-01,1975,5,21.022
Nord-Ouest,1975-06-01,1975,6,20.057
Nord-Ouest,1975-07-01,1975,7,18.804
Nord-Ouest,1975-08-01,1975,8,18.875
Nord-Ouest,1975-09-01,1975,9,18.752
Nord-Ouest,1975-10-01,1975,10,19.523
Nord-Ouest,1975-11-01,1975,11,19.956
Nord-Ouest,1975-12-01,1975,12,19.728
Nord-Ouest,1976-01-01,1976,1,20.85
Nord-Ouest,1976-02-01,1976,2,20.871
Nord-Ouest,1976-03-01,1976,3,21.706
Nord-Ouest,1976-04-01,1976,4,21.504
Nord-Ouest,1976-05-01,1976,5,21.094
Nord-Ouest,1976-06-01,1976,6,19.736
Nord-Ouest,1976-07-01,1976,7,18.789
Nord-Ouest,1976-08-01,1976,8,18.864
Nord-Ouest,1976-09-01,1976,9,19.604
Nord-Ouest,1976-10-01,1976,10,19.953
Nord-Ouest,1976-11-01,1976,11,20.078
Nord-Ouest,1976-12-01,1976,12,20.968
Nord-Ouest,1977-01-01,1977,1,21.683
Nord-Ouest,1977-02-01,1977,2,22.387
Nord-Ouest,1977-03-01,1977,3,23.311
Nord-Ouest,1977-04-01,1977,4,22.825
Nord-Ouest,1977-05-01,1977,5,21.484
Nord-Ouest,1977-06-01,1977,6,20.275
Nord-Ouest,1977-07-01,1977,7,19.422
Nord-Ouest,1977-08-01,1977,8,19.557
Nord-Ouest,1977-09-01,1977,9,19.828
Nord-Ouest,1977-10-01,1977,10,20.526
Nord-Ouest,1977-11-01,1977,11,21.618
Nord-Ouest,1977-12-01,1977,12,21.127
Nord-Ouest,1978-01-01,1978,1,21.22
Nord-Ouest,1978-02-01,1978,2,22.739
Nord-Ouest,1978-03-01,1978,3,22.06
Nord-Ouest,1978-04-01,1978,4,21.453
Nord-Ouest,1978-05-01,1978,5,21.15
Nord-Ouest,1978-06-01,1978,6,20.15
Nord-Ouest,1978-07-01,1978,7,19.29
Nord-Ouest,1978-08-01,1978,8,19.294
Nord-Ouest,1978-09-01,1978,9,19.367
Nord-Ouest,1978-10-01,1978,10,20.122
Nord-Ouest,1978-11-01,1978,11,20.59
Nord-Ouest,1978-12-01,1978,12,21.002
Nord-Ouest,1979-01-01,1979,1,21.983
Nord-Ouest,1979-02-01,1979,2,22.34
Nord-Ouest,1979-03-01,1979,3,22.249
Nord-Ouest,1979-04-01,1979,4,21.864
Nord-Ouest,1979-05-01,1979,5,21.397
Nord-Ouest,1979-06-01,1979,6,20.525
Nord-Ouest,1979-07-01,1979,7,19.813
Nord-Ouest,1979-08-01,1979,8,19.746
Nord-Ouest,1979-09-01,1979,9,19.747
Nord-Ouest,1979-10-01,1979,10,20.239
Nord-Ouest,1979-11-01,1979,11,20.617
Nord-Ouest,1979-12-01,1979,12,20.325
Nord-Ouest,1980-01-01,1980,1,21.757
Nord-Ouest,1980-02-01,1980,2,22.772
Nord-Ouest,1980-03-01,1980,3,22.619
Nord-Ouest,1980-04-01,1980,4,22.299
Nord-Ouest,1980-05-01,1980,5,21.257
Nord-Ouest,1980-06-01,1980,6,20.62
Nord-Ouest,1980-07-01,1980,7,19.627
Nord-Ouest,1980-08-01,1980,8,19.724
Nord-Ouest,1980-09-01,1980,9,19.995
Nord-Ouest,1980-10-01,1980,10,20.243
Nord-Ouest,1980-11-01,1980,11,20.124
Nord-Ouest,1980-12-01,1980,12,20.496
Nord-Ouest,1981-01-01,1981,1,20.933
Nord-Ouest,1981-02-01,1981,2,22.37
Nord-Ouest,1981-03-01,1981,3,22.702
Nord-Ouest,1981-04-01,1981,4,22.395
Nord-Ouest,1981-05-01,1981,5,20.977
Nord-Ouest,1981-06-01,1981,6,20.575
Nord-Ouest,1981-07-01,1981,7,19.321
Nord-Ouest,1981-08-01,1981,8,19.397
Nord-Ouest,1981-09-01,1981,9,19.571
Nord-Ouest,1981-10-01,1981,10,20.223
Nord-Ouest,1981-11-01,1981,11,20.314
Nord-Ouest,1981-12-01,1981,12,21.274
Nord-Ouest,1982-01-01,1982,1,21.968
Nord-Ouest,1982-02-01,1982,2,21.915
Nord-Ouest,1982-03-01,1982,3,21.964
Nord-Ouest,1982-04-01,1982,4,22.124
Nord-Ouest,1982-05-01,1982,5,21.311
Nord-Ouest,1982-06-01,1982,6,20.591
Nord-Ouest,1982-07-01,1982,7,19.435
Nord-Ouest,1982-08-01,1982,8,19.242
Nord-Ouest,1982-09-01,1982,9,19.776
Nord-Ouest,1982-10-01,1982,10,19.753
Nord-Ouest,1982-11-01,1982,11,20.651
Nord-Ouest,1982-12-01,1982,12,21.127
Nord-Ouest,1983-01-01,1983,1,19.818
Nord-Ouest,1983-02-01,1983,2,23.645
Nord-Ouest,1983-03-01,1983,3,24.326
Nord-Ouest,1983-04-01,1983,4,23.637
Nord-Ouest,1983-05-01,1983,5,22.312
Nord-Ouest,1983-06-01,1983,6,20.794
Nord-Ouest,1983-07-01,1983,7,19.998
Nord-Ouest,1983-08-01,1983,8,19.63
Nord-Ouest,1983-09-01,1983,9,19.925
Nord-Ouest,1983-10-01,1983,10,20.367
Nord-Ouest,1983-11-01,1983,11,20.892
Nord-Ouest,1983-12-01,1983,12,20.999
Nord-Ouest,1984-01-01,1984,1,20.96
Nord-Ouest,1984-02-01,1984,2,22.997
Nord-Ouest,1984-03-01,1984,3,22.664
Nord-Ouest,1984-04-01,1984,4,21.73
Nord-Ouest,1984-05-01,1984,5,21.451
Nord-Ouest,1984-06-01,1984,6,20.409
Nord-Ouest,1984-07-01,1984,7,19.44
Nord-Ouest,1984-08-01,1984,8,19.852
Nord-Ouest,1984-09-01,1984,9,19.52
Nord-Ouest,1984-10-01,1984,10,20.37
Nord-Ouest,1984-11-01,1984,11,20.706
Nord-Ouest,1984-12-01,1984,12,20.595
Nord-Ouest,1985-01-01,1985,1,21.91
Nord-Ouest,1985-02-01,1985,2,21.806
Nord-Ouest,1985-03-01,1985,3,22.459
Nord-Ouest,1985-04-01,1985,4,21.414
Nord-Ouest,1985-05-01,1985,5,20.947
Nord-Ouest,1985-06-01,1985,6,19.936
Nord-Ouest,1985-07-01,1985,7,19.208
Nord-Ouest,1985-08-01,1985,8,19.058
Nord-Ouest,1985-09-01,1985,9,19.235
Nord-Ouest,1985-10-01,1985,10,19.758
Nord-Ouest,1985-11-01,1985,11,20.751
Nord-Ouest,1985-12-01,1985,12,20.747
Nord-Ouest,1986-01-01,1986,1,21.804
Nord-Ouest,1986-02-01,1986,2,23.184
Nord-Ouest,1986-03-01,1986,3,22.041
Nord-Ouest,1986-04-01,1986,4,22.303
Nord-Ouest,1986-05-01,1986,5,21.685
Nord-Ouest,1986-06-01,1986,6,20.419
Nord-Ouest,1986-07-01,1986,7,19.314
Nord-Ouest,1986-08-01,1986,8,19.653
Nord-Ouest,1986-09-01,1986,9,19.673
Nord-Ouest,1986-10-01,1986,10,20.037
Nord-Ouest,1986-11-01,1986,11,20.425
Nord-Ouest,1986-12-01,1986,12,20.438
Nord-Ouest,1987-01-01,1987,1,22.005
Nord-Ouest,1987-02-01,1987,2,23.364
Nord-Ouest,1987-03-01,1987,3,23.167
Nord-Ouest,1987-04-01,1987,4,23.001
Nord-Ouest,1987-05-01,1987,5,22.234
Nord-Ouest,1987-06-01,1987,6,20.933
Nord-Ouest,1987-07-01,1987,7,20.723
Nord-Ouest,1987-08-01,1987,8,20.086
Nord-Ouest,1987-09-01,1987,9,20.255
Nord-Ouest,1987-10-01,1987,10,20.705
Nord-Ouest,1987-11-01,1987,11,21.652
Nord-Ouest,1987-12-01,1987,12,21.946
Nord-Ouest,1988-01-01,1988,1,22.458
Nord-Ouest,1988-02-01,1988,2,23.266
Nord-Ouest,1988-03-01,1988,3,23.203
Nord-Ouest,1988-04-01,1988,4,22.209
Nord-Ouest,1988-05-01,1988,5,21.679
Nord-Ouest,1988-06-01,1988,6,20.513
Nord-Ouest,1988-07-01,1988,7,19.535
Nord-Ouest,1988-08-01,1988,8,19.562
Nord-Ouest,1988-09-01,1988,9,19.749
Nord-Ouest,1988-10-01,1988,10,20.555
Nord-Ouest,1988-11-01,1988,11,21.678
Nord-Ouest,1988-12-01,1988,12,21.214
Nord-Ouest,1989-01-01,1989,1,20.209
Nord-Ouest,1989-02-01,1989,2,21.786
Nord-Ouest,1989-03-01,1989,3,23.274
Nord-Ouest,1989-04-01,1989,4,22.504
Nord-Ouest,1989-05-01,1989,5,21.087
Nord-Ouest,1989-06-01,1989,6,20.518
Nord-Ouest,1989-07-01,1989,7,19.669
Nord-Ouest,1989-08-01,1989,8,19.22
Nord-Ouest,1989-09-01,1989,9,19.954
Nord-Ouest,1989-10-01,1989,10,20.12
Nord-Ouest,1989-11-01,1989,11,21.544
Nord-Ouest,1989-12-01,1989,12,21.696
Nord-Ouest,1990-01-01,1990,1,22.592
Nord-Ouest,1990-02-01,1990,2,23.016
Nord-Ouest,1990-03-01,1990,3,24.423
Nord-Ouest,1990-04-01,1990,4,22.731
Nord-Ouest,1990-05-01,1990,5,21.233
Nord-Ouest,1990-06-01,1990,6,20.714
Nord-Ouest,1990-07-01,1990,7,19.413
Nord-Ouest,1990-08-01,1990,8,19.505
Nord-Ouest,1990-09-01,1990,9,19.742
Nord-Ouest,1990-10-01,1990,10,20.383
Nord-Ouest,1990-11-01,1990,11,20.749
Nord-Ouest,1990-12-01,1990,12,21.351
Nord-Ouest,1991-01-01,1991,1,21.769
Nord-Ouest,1991-02-01,1991,2,23.124
Nord-Ouest,1991-03-01,1991,3,23.032
Nord-Ouest,1991-04-01,1991,4,21.572
Nord-Ouest,1991-05-01,1991,5,21.035
Nord-Ouest,1991-06-01,1991,6,20.864
Nord-Ouest,1991-07-01,1991,7,19.578
Nord-Ouest,1991-08-01,1991,8,19.413
Nord-Ouest,1991-09-01,1991,9,20.067
Nord-Ouest,1991-10-01,1991,10,19.667
Nord-Ouest,1991-11-01,1991,11,20.898
Nord-Ouest,1991-12-01,1991,12,21.348
Nord-Ouest,1992-01-01,1992,1,21.446
Nord-Ouest,1992-02-01,1992,2,22.626
Nord-Ouest,1992-03-01,1992,3,22.903
Nord-Ouest,1992-04-01,1992,4,22.068
Nord-Ouest,1992-05-01,1992,5,21.564
Nord-Ouest,1992-06-01,1992,6,20.466
Nord-Ouest,1992-07-01,1992,7,19.398
Nord-Ouest,1992-08-01,1992,8,19.32
Nord-Ouest,1992-09-01,1992,9,19.759
Nord-Ouest,1992-10-01,1992,10,20.082
Nord-Ouest,1992-11-01,1992,11,20.657
Nord-Ouest,1992-12-01,1992,12,21.035
Nord-Ouest,1993-01-01,1993,1,21.106
Nord-Ouest,1993-02-01,1993,2,22.567
Nord-Ouest,1993-03-01,1993,3,22.42
Nord-Ouest,1993-04-01,1993,4,22.474
Nord-Ouest,1993-05-01,1993,5,21.834
Nord-Ouest,1993-06-01,1993,6,20.59
Nord-Ouest,1993-07-01,1993,7,19.898
Nord-Ouest,1993-08-01,1993,8,19.75
Nord-Ouest,1993-09-01,1993,9,19.97
Nord-Ouest,1993-10-01,1993,10,20.792
Nord-Ouest,1993-11-01,1993,11,21.184
Nord-Ouest,1993-12-01,1993,12,21.336
Nord-Ouest,1994-01-01,1994,1,21.815
Nord-Ouest,1994-02-01,1994,2,22.623
Nord-Ouest,1994-03-01,1994,3,23.558
Nord-Ouest,1994-04-01,1994,4,22.435
Nord-Ouest,1994-05-01,1994,5,21.646
Nord-Ouest,1994-06-01,1994,6,20.74
Nord-Ouest,1994-07-01,1994,7,19.809
Nord-Ouest,1994-08-01,1994,8,19.48
Nord-Ouest,1994-09-01,1994,9,19.963
Nord-Ouest,1994-10-01,1994,10,20.462
Nord-Ouest,1994-11-01,1994,11,21.092
Nord-Ouest,1994-12-01,1994,12,21.115
Nord-Ouest,1995-01-01,1995,1,22.071
Nord-Ouest,1995-02-01,1995,2,22.472
Nord-Ouest,1995-03-01,1995,3,23.326
Nord-Ouest,1995-04-01,1995,4,22.738
Nord-Ouest,1995-05-01,1995,5,21.617
Nord-Ouest,1995-06-01,1995,6,20.952
Nord-Ouest,1995-07-01,1995,7,19.823
Nord-Ouest,1995-08-01,1995,8,19.922
Nord-Ouest,1995-09-01,1995,9,20.185
Nord-Ouest,1995-10-01,1995,10,20.232
Nord-Ouest,1995-11-01,1995,11,20.728
Nord-Ouest,1995-12-01,1995,12,21.569
Nord-Ouest,1996-01-01,1996,1,22.284
Nord-Ouest,1996-02-01,1996,2,23.52
Nord-Ouest,1996-03-01,1996,3,22.603
Nord-Ouest,1996-04-01,1996,4,22.075
Nord-Ouest,1996-05-01,1996,5,21.487
Nord-Ouest,1996-06-01,1996,6,20.311
Nord-Ouest,1996-07-01,1996,7,19.785
Nord-Ouest,1996-08-01,1996,8,19.491
Nord-Ouest,1996-09-01,1996,9,19.87
Nord-Ouest,1996-10-01,1996,10,20.242
Nord-Ouest,1996-11-01,1996,11,21.443
Nord-Ouest,1996-12-01,1996,12,22.064
Nord-Ouest,1997-01-01,1997,1,22.606
Nord-Ouest,1997-02-01,1997,2,22.705
Nord-Ouest,1997-03-01,1997,3,23.487
Nord-Ouest,1997-04-01,1997,4,21.573
Nord-Ouest,1997-05-01,1997,5,21.187
Nord-Ouest,1997-06-01,1997,6,20.452
Nord-Ouest,1997-07-01,1997,7,19.721
Nord-Ouest,1997-08-01,1997,8,19.794
Nord-Ouest,1997-09-01,1997,9,20.316
Nord-Ouest,1997-10-01,1997,10,20.903
Nord-Ouest,1997-11-01,1997,11,21.199
Nord-Ouest,1997-12-01,1997,12,21.537
Nord-Ouest,1998-01-01,1998,1,22.43
Nord-Ouest,1998-02-01,1998,2,24.336
Nord-Ouest,1998-03-01,1998,3,24.626
Nord-Ouest,1998-04-01,1998,4,24.176
Nord-Ouest,1998-05-01,1998,5,22.636
Nord-Ouest,1998-06-01,1998,6,21.426
Nord-Ouest,1998-07-01,1998,7,20.211
Nord-Ouest,1998-08-01,1998,8,19.878
Nord-Ouest,1998-09-01,1998,9,20.229
Nord-Ouest,1998-10-01,1998,10,20.826
Nord-Ouest,1998-11-01,1998,11,21.823
Nord-Ouest,1998-12-01,1998,12,21.977
Nord-Ouest,1999-01-01,1999,1,22.188
Nord-Ouest,1999-02-01,1999,2,23.213
Nord-Ouest,1999-03-01,1999,3,23.238
Nord-Ouest,1999-04-01,1999,4,22.308
Nord-Ouest,1999-05-01,1999,5,20.879
Nord-Ouest,1999-06-01,1999,6,20.708
Nord-Ouest,1999-07-01,1999,7,19.575
Nord-Ouest,1999-08-01,1999,8,19.652
Nord-Ouest,1999-09-01,1999,9,19.535
Nord-Ouest,1999-10-01,1999,10,19.71
Nord-Ouest,1999-11-01,1999,11,20.908
Nord-Ouest,1999-12-01,1999,12,21.374
Nord-Ouest,2000-01-01,2000,1,22.826
Nord-Ouest,2000-02-01,2000,2,22.612
Nord-Ouest,2000-03-01,2000,3,23.751
Nord-Ouest,2000-04-01,2000,4,22.141
Nord-Ouest,2000-05-01,2000,5,21.445
Nord-Ouest,2000-06-01,2000,6,20.169
Nord-Ouest,2000-07-01,2000,7,19.479
Nord-Ouest,2000-08-01,2000,8,19.28
Nord-Ouest,2000-09-01,2000,9,19.766
Nord-Ouest,2000-10-01,2000,10,20.274
Nord-Ouest,2000-11-01,2000,11,21.191
Nord-Ouest,2000-12-01,2000,12,21.24
Nord-Ouest,2001-01-01,2001,1,21.504
Nord-Ouest,2001-02-01,2001,2,22.936
Nord-Ouest,2001-03-01,2001,3,23.543
Nord-Ouest,2001-04-01,2001,4,22.141
Nord-Ouest,2001-05-01,2001,5,21.507
Nord-Ouest,2001-06-01,2001,6,20.288
Nord-Ouest,2001-07-01,2001,7,19.626
Nord-Ouest,2001-08-01,2001,8,19.525
Nord-Ouest,2001-09-01,2001,9,19.946
Nord-Ouest,2001-10-01,2001,10,20.741
Nord-Ouest,2001-11-01,2001,11,21.784
Nord-Ouest,2001-12-01,2001,12,22.414
Nord-Ouest,2002-01-01,2002,1,21.566
Nord-Ouest,2002-02-01,2002,2,23.209
Nord-Ouest,2002-03-01,2002,3,23.247
Nord-Ouest,2002-04-01,2002,4,22.412
Nord-Ouest,2002-05-01,2002,5,21.763
Nord-Ouest,2002-06-01,2002,6,20.691
Nord-Ouest,2002-07-01,2002,7,20.252
Nord-Ouest,2002-08-01,2002,8,19.791
Nord-Ouest,2002-09-01,2002,9,20.192
Nord-Ouest,2002-10-01,2002,10,20.147
Nord-Ouest,2002-11-01,2002,11,20.925
Nord-Ouest,2002-12-01,2002,12,21.682
Nord-Ouest,2003-01-01,2003,1,22.649
Nord-Ouest,2003-02-01,2003,2,23.989
Nord-Ouest,2003-03-01,2003,3,24.499
Nord-Ouest,2003-04-01,2003,4,22.378
Nord-Ouest,2003-05-01,2003,5,21.93
Nord-Ouest,2003-06-01,2003,6,20.467
Nord-Ouest,2003-07-01,2003,7,19.857
Nord-Ouest,2003-08-01,2003,8,19.935
Nord-Ouest,2003-09-01,2003,9,19.971
Nord-Ouest,2003-10-01,2003,10,20.618
Nord-Ouest,2003-11-01,2003,11,21.138
Nord-Ouest,2003-12-01,2003,12,22.054
Nord-Ouest,2004-01-01,2004,1,23.317
Nord-Ouest,2004-02-01,2004,2,23.805
Nord-Ouest,2004-03-01,2004,3,24.118
Nord-Ouest,2004-04-01,2004,4,22.342
Nord-Ouest,2004-05-01,2004,5,21.564
Nord-Ouest,2004-06-01,2004,6,20.438
Nord-Ouest,2004-07-01,2004,7,20.053
Nord-Ouest,2004-08-01,2004,8,19.851
Nord-Ouest,2004-09-01,2004,9,20.305
Nord-Ouest,2004-10-01,2004,10,20.621
Nord-Ouest,2004-11-01,2004,11,21.107
Nord-Ouest,2004-12-01,2004,12,21.869
Nord-Ouest,2005-01-01,2005,1,22.242
Nord-Ouest,2005-02-01,2005,2,24.836
Nord-Ouest,2005-03-01,2005,3,23.613
Nord-Ouest,2005-04-01,2005,4,23.332
Nord-Ouest,2005-05-01,2005,5,21.428
Nord-Ouest,2005-06-01,2005,6,20.828
Nord-Ouest,2005-07-01,2005,7,20.043
Nord-Ouest,2005-08-01,2005,8,19.782
Nord-Ouest,2005-09-01,2005,9,20.242
Nord-Ouest,2005-10-01,2005,10,20.467
Nord-Ouest,2005-11-01,2005,11,21.952
Nord-Ouest,2005-12-01,2005,12,22.496
Nord-Ouest,2006-01-01,2006,1,23.956
Nord-Ouest,2006-02-01,2006,2,24.089
Nord-Ouest,2006-03-01,2006,3,23.62
Nord-Ouest,2006-04-01,2006,4,23.551
Nord-Ouest,2006-05-01,2006,5,21.51
Nord-Ouest,2006-06-01,2006,6,20.994
Nord-Ouest,2006-07-01,2006,7,20.353
Nord-Ouest,2006-08-01,2006,8,19.756
Nord-Ouest,2006-09-01,2006,9,19.989
Nord-Ouest,2006-10-01,2006,10,20.957
Nord-Ouest,2006-11-01,2006,11,21.346
Nord-Ouest,2006-12-01,2006,12,21.666
Nord-Ouest,2007-01-01,2007,1,21.849
Nord-Ouest,2007-02-01,2007,2,23.959
Nord-Ouest,2007-03-01,2007,3,24.434
Nord-Ouest,2007-04-01,2007,4,22.432
Nord-Ouest,2007-05-01,2007,5,21.864
Nord-Ouest,2007-06-01,2007,6,20.556
Nord-Ouest,2007-07-01,2007,7,20.081
Nord-Ouest,2007-08-01,2007,8,19.696
Nord-Ouest,2007-09-01,2007,9,20.167
Nord-Ouest,2007-10-01,2007,10,20.436
Nord-Ouest,2007-11-01,2007,11,20.746
Nord-Ouest,2007-12-01,2007,12,21.366
Nord-Ouest,2008-01-01,2008,1,21.907
Nord-Ouest,2008-02-01,2008,2,23.181
Nord-Ouest,2008-03-01,2008,3,23.523
Nord-Ouest,2008-04-01,2008,4,21.861
Nord-Ouest,2008-05-01,2008,5,21.576
Nord-Ouest,2008-06-01,2008,6,20.622
Nord-Ouest,2008-07-01,2008,7,19.935
Nord-Ouest,2008-08-01,2008,8,19.805
Nord-Ouest,2008-09-01,2008,9,20.424
Nord-Ouest,2008-10-01,2008,10,21.014
Nord-Ouest,2008-11-01,2008,11,21.957
Nord-Ouest,2008-12-01,2008,12,21.882
Nord-Ouest,2009-01-01,2009,1,22.922
Nord-Ouest,2009-02-01,2009,2,24.179
Nord-Ouest,2009-03-01,2009,3,25.089
Nord-Ouest,2009-04-01,2009,4,22.556
Nord-Ouest,2009-05-01,2009,5,21.567
Nord-Ouest,2009-06-01,2009,6,20.985
Nord-Ouest,2009-07-01,2009,7,20.436
Nord-Ouest,2009-08-01,2009,8,20.42
Nord-Ouest,2009-09-01,2009,9,20.814
Nord-Ouest,2009-10-01,2009,10,20.852
Nord-Ouest,2009-11-01,2009,11,21.23
Nord-Ouest,2009-12-01,2009,12,22.365
Nord-Ouest,2010-01-01,2010,1,23.626
Nord-Ouest,2010-02-01,2010,2,25.163
Nord-Ouest,2010-03-01,2010,3,24.905
Nord-Ouest,2010-04-01,2010,4,24.394
Nord-Ouest,2010-05-01,2010,5,22.484
Nord-Ouest,2010-06-01,2010,6,21.253
Nord-Ouest,2010-07-01,2010,7,20.471
Nord-Ouest,2010-08-01,2010,8,20.577
Nord-Ouest,2010-09-01,2010,9,20.456
Nord-Ouest,2010-10-01,2010,10,20.905
Nord-Ouest,2010-11-01,2010,11,21.459
Nord-Ouest,2010-12-01,2010,12,21.475
Nord-Ouest,2011-01-01,2011,1,21.944
Nord-Ouest,2011-02-01,2011,2,23.346
Nord-Ouest,2011-03-01,2011,3,24.322
Nord-Ouest,2011-04-01,2011,4,23.123
Nord-Ouest,2011-05-01,2011,5,22.035
Nord-Ouest,2011-06-01,2011,6,20.937
Nord-Ouest,2011-07-01,2011,7,20.157
Nord-Ouest,2011-08-01,2011,8,20.011
Nord-Ouest,2011-09-01,2011,9,20.146
Nord-Ouest,2011-10-01,2011,10,20.616
Nord-Ouest,2011-11-01,2011,11,21.196
Nord-Ouest,2011-12-01,2011,12,21.531
Nord-Ouest,2012-01-01,2012,1,22.355
Nord-Ouest,2012-02-01,2012,2,23.072
Nord-Ouest,2012-03-01,2012,3,24.112
Nord-Ouest,2012-04-01,2012,4,22.586
Nord-Ouest,2012-05-01,2012,5,21.468
Nord-Ouest,2012-06-01,2012,6,20.642
Nord-Ouest,2012-07-01,2012,7,19.937
Nord-Ouest,2012-08-01,2012,8,19.948
Nord-Ouest,2012-09-01,2012,9,20.139
Nord-Ouest,2012-10-01,2012,10,20.659
Nord-Ouest,2012-11-01,2012,11,21.528
Nord-Ouest,2012-12-01,2012,12,21.814
Nord-Ouest,2013-01-01,2013,1,23.094
Nord-Ouest,2013-02-01,2013,2,24.33
Nord-Ouest,2013-03-01,2013,3,23.889
Nord-Ouest,2013-04-01,2013,4,22.389
Nord-Ouest,2013-05-01,2013,5,21.774
Nord-Ouest,2013-06-01,2013,6,20.962
Nord-Ouest,2013-07-01,2013,7,19.864
Nord-Ouest,2013-08-01,2013,8,19.892
Nord-Ouest,2013-09-01,2013,9,20.232
Nord-Ouest,2013-10-01,2013,10,20.593
Nord-Ouest,2013-11-01,2013,11,21.331
Nord-Ouest,2013-12-01,2013,12,20.825
Nord-Ouest,2014-01-01,2014,1,22.281
Nord-Ouest,2014-02-01,2014,2,23.652
Nord-Ouest,2014-03-01,2014,3,23.177
Nord-Ouest,2014-04-01,2014,4,22.308
Nord-Ouest,2014-05-01,2014,5,21.884
Nord-Ouest,2014-06-01,2014,6,21.471
Nord-Ouest,2014-07-01,2014,7,20.342
Nord-Ouest,2014-08-01,2014,8,19.817
Nord-Ouest,2014-09-01,2014,9,20.114
Nord-Ouest,2014-10-01,2014,10,20.853
Nord-Ouest,2014-11-01,2014,11,21.232
Nord-Ouest,2014-12-01,2014,12,21.821
Nord-Ouest,2015-01-01,2015,1,21.869
Nord-Ouest,2015-02-01,2015,2,23.761
Nord-Ouest,2015-03-01,2015,3,23.712
Nord-Ouest,2015-04-01,2015,4,23.103
Nord-Ouest,2015-05-01,2015,5,22.326
Nord-Ouest,2015-06-01,2015,6,21.087
Nord-Ouest,2015-07-01,2015,7,20.674
Nord-Ouest,2015-08-01,2015,8,20.619
Nord-Ouest,2015-09-01,2015,9,20.536
Nord-Ouest,2015-10-01,2015,10,21.028
Nord-Ouest,2015-11-01,2015,11,21.525
Nord-Ouest,2015-12-01,2015,12,21.059
Nord-Ouest,2016-01-01,2016,1,22.482
Nord-Ouest,2016-02-01,2016,2,24.643
Nord-Ouest,2016-03-01,2016,3,23.614
Nord-Ouest,2016-04-01,2016,4,22.995
Nord-Ouest,2016-05-01,2016,5,22.05
Nord-Ouest,2016-06-01,2016,6,21.1
Nord-Ouest,2016-07-01,2016,7,20.517
Nord-Ouest,2016-08-01,2016,8,20.489
Nord-Ouest,2016-09-01,2016,9,20.762
Nord-Ouest,2016-10-01,2016,10,21.239
Nord-Ouest,2016-11-01,2016,11,22.01
Nord-Ouest,2016-12-01,2016,12,22.47
Nord-Ouest,2017-01-01,2017,1,23.137
Nord-Ouest,2017-02-01,2017,2,23.958
Nord-Ouest,2017-03-01,2017,3,25.033
Nord-Ouest,2017-04-01,2017,4,22.933
Nord-Ouest,2017-05-01,2017,5,21.887
Nord-Ouest,2017-06-01,2017,6,21.342
Nord-Ouest,2017-07-01,2017,7,20.36
Nord-Ouest,2017-08-01,2017,8,20.362
Nord-Ouest,2017-09-01,2017,9,20.611
Nord-Ouest,2017-10-01,2017,10,21.124
Nord-Ouest,2017-11-01,2017,11,21.418
Nord-Ouest,2017-12-01,2017,12,22.39
Nord-Ouest,2018-01-01,2018,1,22.109
Nord-Ouest,2018-02-01,2018,2,23.968
Nord-Ouest,2018-03-01,2018,3,23.331
Nord-Ouest,2018-04-01,2018,4,22.534
Nord-Ouest,2018-05-01,2018,5,21.801
Nord-Ouest,2018-06-01,2018,6,21.175
Nord-Ouest,2018-07-01,2018,7,20.582
Nord-Ouest,2018-08-01,2018,8,20.389
Nord-Ouest,2018-09-01,2018,9,20.656
Nord-Ouest,2018-10-01,2018,10,21.012
Nord-Ouest,2018-11-01,2018,11,21.595
Nord-Ouest,2018-12-01,2018,12,22.125
Nord-Ouest,2019-01-01,2019,1,22.954
Nord-Ouest,2019-02-01,2019,2,23.289
Nord-Ouest,2019-03-01,2019,3,23.795
Nord-Ouest,2019-04-01,2019,4,23.278
Nord-Ouest,2019-05-01,2019,5,22.303
Nord-Ouest,2019-06-01,2019,6,21.146
Nord-Ouest,2019-07-01,2019,7,20.493
Nord-Ouest,2019-08-01,2019,8,20.344
Nord-Ouest,2019-09-01,2019,9,20.926
Nord-Ouest,2019-10-01,2019,10,20.719
Nord-Ouest,2019-11-01,2019,11,21.863
Nord-Ouest,2019-12-01,2019,12,21.943
Nord-Ouest,2020-01-01,2020,1,22.524
Nord-Ouest,2020-02-01,2020,2,24.107
Nord-Ouest,2020-03-01,2020,3,24.882
Nord-Ouest,2020-04-01,2020,4,23.06
Nord-Ouest,2020-05-01,2020,5,22.405
Nord-Ouest,2020-06-01,2020,6,21.289
Nord-Ouest,2020-07-01,2020,7,20.539
Nord-Ouest,2020-08-01,2020,8,20.88
Nord-Ouest,2020-09-01,2020,9,20.316
Nord-Ouest,2020-10-01,2020,10,21.133
Nord-Ouest,2020-11-01,2020,11,22.249
Nord-Ouest,2020-12-01,2020,12,22.746
Nord-Ouest,2021-01-01,2021,1,23.106
Nord-Ouest,2021-02-01,2021,2,23.79
Nord-Ouest,2021-03-01,2021,3,23.658
Nord-Ouest,2021-04-01,2021,4,23.023
Nord-Ouest,2021-05-01,2021,5,21.824
Nord-Ouest,2021-06-01,2021,6,21.235
Nord-Ouest,2021-07-01,2021,7,20.576
Nord-Ouest,2021-08-01,2021,8,20.746
Nord-Ouest,2021-09-01,2021,9,20.966
Nord-Ouest,2021-10-01,2021,10,21.652
Nord-Ouest,2021-11-01,2021,11,21.836
Nord-Ouest,2021-12-01,2021,12,21.719
Nord-Ouest,2022-01-01,2022,1,21.73
Nord-Ouest,2022-02-01,2022,2,23.035
Nord-Ouest,2022-03-01,2022,3,24.353
Nord-Ouest,2022-04-01,2022,4,22.86
Nord-Ouest,2022-05-01,2022,5,22.023
Nord-Ouest,2022-06-01,2022,6,20.807
Nord-Ouest,2022-07-01,2022,7,20.363
Nord-Ouest,2022-08-01,2022,8,20.371
Nord-Ouest,2022-09-01,2022,9,20.498
Nord-Ouest,2022-10-01,2022,10,21.017
Nord-Ouest,2022-11-01,2022,11,22.1
Nord-Ouest,2022-12-01,2022,12,21.921
Nord-Ouest,2023-01-01,2023,1,22.601
Nord-Ouest,2023-02-01,2023,2,24.264
Nord-Ouest,2023-03-01,2023,3,23.789
Nord-Ouest,2023-04-01,2023,4,23.334
Nord-Ouest,2023-05-01,2023,5,22.899
Nord-Ouest,2023-06-01,2023,6,21.321
Nord-Ouest,2023-07-01,2023,7,21.534
Nord-Ouest,2023-08-01,2023,8,21.094
Nord-Ouest,2023-09-01,2023,9,21.236
Nord-Ouest,2023-10-01,2023,10,21.672
Nord-Ouest,2023-11-01,2023,11,21.944
Nord-Ouest,2023-12-01,2023,12,21.878
Nord-Ouest,2024-01-01,2024,1,22.404
Nord-Ouest,2024-02-01,2024,2,24.7
Nord-Ouest,2024-03-01,2024,3,25.264
Nord-Ouest,2024-04-01,2024,4,24.375
Nord-Ouest,2024-05-01,2024,5,23.56
Nord-Ouest,2024-06-01,2024,6,21.992
Nord-Ouest,2024-07-01,2024,7,21.283
Nord-Ouest,2024-08-01,2024,8,21.178
Nord-Ouest,2024-09-01,2024,9,21.068
Nord-Ouest,2024-10-01,2024,10,21.302
Nord-Ouest,2024-11-01,2024,11,22.36
Nord-Ouest,2024-12-01,2024,12,22.595
Nord-Ouest,2025-01-01,2025,1,23.031
Nord-Ouest,2025-02-01,2025,2,25.012
Nord-Ouest,2025-03-01,2025,3,25.504
Nord-Ouest,2025-04-01,2025,4,23.442
Nord-Ouest,2025-05-01,2025,5,22.411
Nord-Ouest,2025-06-01,2025,6,21.635
Nord-Ouest,2025-07-01,2025,7,20.519
Nord-Ouest,2025-08-01,2025,8,20.438
Nord-Ouest,2025-09-01,2025,9,20.777
Nord-Ouest,2025-10-01,2025,10,20.967
Nord-Ouest,2025-11-01,2025,11,21.848
Nord-Ouest,2025-12-01,2025,12,23.177
Nord-Ouest,2026-01-01,2026,1,23.12
Nord-Ouest,2026-02-01,2026,2,23.899
Nord-Ouest,2026-03-01,2026,3,23.621
Nord-Ouest,2026-04-01,2026,4,22.834
Nord-Ouest,2026-05-01,2026,5,22.394
Nord-Ouest,2026-06-01,2026,6,21.154
Ouest,1940-01-01,1940,1,22.018
Ouest,1940-02-01,1940,2,23.098
Ouest,1940-03-01,1940,3,22.707
Ouest,1940-04-01,1940,4,21.622
Ouest,1940-05-01,1940,5,21.224
Ouest,1940-06-01,1940,6,20.713
Ouest,1940-07-01,1940,7,20.067
Ouest,1940-08-01,1940,8,20.207
Ouest,1940-09-01,1940,9,20.148
Ouest,1940-10-01,1940,10,20.349
Ouest,1940-11-01,1940,11,20.231
Ouest,1940-12-01,1940,12,21.684
Ouest,1941-01-01,1941,1,22.729
Ouest,1941-02-01,1941,2,23.776
Ouest,1941-03-01,1941,3,24.12
Ouest,1941-04-01,1941,4,22.715
Ouest,1941-05-01,1941,5,21.173
Ouest,1941-06-01,1941,6,20.973
Ouest,1941-07-01,1941,7,20.04
Ouest,1941-08-01,1941,8,20.172
Ouest,1941-09-01,1941,9,20.039
Ouest,1941-10-01,1941,10,20.681
Ouest,1941-11-01,1941,11,20.489
Ouest,1941-12-01,1941,12,21.437
Ouest,1942-01-01,1942,1,22.709
Ouest,1942-02-01,1942,2,23.282
Ouest,1942-03-01,1942,3,23.425
Ouest,1942-04-01,1942,4,21.583
Ouest,1942-05-01,1942,5,21.164
Ouest,1942-06-01,1942,6,20.354
Ouest,1942-07-01,1942,7,19.389
Ouest,1942-08-01,1942,8,19.71
Ouest,1942-09-01,1942,9,19.957
Ouest,1942-10-01,1942,10,20.289
Ouest,1942-11-01,1942,11,20.872
Ouest,1942-12-01,1942,12,20.981
Ouest,1943-01-01,1943,1,22.117
Ouest,1943-02-01,1943,2,23.022
Ouest,1943-03-01,1943,3,22.371
Ouest,1943-04-01,1943,4,21.646
Ouest,1943-05-01,1943,5,20.794
Ouest,1943-06-01,1943,6,20.281
Ouest,1943-07-01,1943,7,19.416
Ouest,1943-08-01,1943,8,19.757
Ouest,1943-09-01,1943,9,20.336
Ouest,1943-10-01,1943,10,20.793
Ouest,1943-11-01,1943,11,20.619
Ouest,1943-12-01,1943,12,21.948
Ouest,1944-01-01,1944,1,22.822
Ouest,1944-02-01,1944,2,23.603
Ouest,1944-03-01,1944,3,22.755
Ouest,1944-04-01,1944,4,21.733
Ouest,1944-05-01,1944,5,21.565
Ouest,1944-06-01,1944,6,20.718
Ouest,1944-07-01,1944,7,20.015
Ouest,1944-08-01,1944,8,19.921
Ouest,1944-09-01,1944,9,20.316
Ouest,1944-10-01,1944,10,20.43
Ouest,1944-11-01,1944,11,21.344
Ouest,1944-12-01,1944,12,22.36
Ouest,1945-01-01,1945,1,22.982
Ouest,1945-02-01,1945,2,23.171
Ouest,1945-03-01,1945,3,24.299
Ouest,1945-04-01,1945,4,23.278
Ouest,1945-05-01,1945,5,21.045
Ouest,1945-06-01,1945,6,20.459
Ouest,1945-07-01,1945,7,19.846
Ouest,1945-08-01,1945,8,19.918
Ouest,1945-09-01,1945,9,20.115
Ouest,1945-10-01,1945,10,20.283
Ouest,1945-11-01,1945,11,21.006
Ouest,1945-12-01,1945,12,21.649
Ouest,1946-01-01,1946,1,22.862
Ouest,1946-02-01,1946,2,24.549
Ouest,1946-03-01,1946,3,23.524
Ouest,1946-04-01,1946,4,22.886
Ouest,1946-05-01,1946,5,21.169
Ouest,1946-06-01,1946,6,20.033
Ouest,1946-07-01,1946,7,19.548
Ouest,1946-08-01,1946,8,19.701
Ouest,1946-09-01,1946,9,19.663
Ouest,1946-10-01,1946,10,19.671
Ouest,1946-11-01,1946,11,20.844
Ouest,1946-12-01,1946,12,22.11
Ouest,1947-01-01,1947,1,23.07
Ouest,1947-02-01,1947,2,23.763
Ouest,1947-03-01,1947,3,23.939
Ouest,1947-04-01,1947,4,22.478
Ouest,1947-05-01,1947,5,21.325
Ouest,1947-06-01,1947,6,20.406
Ouest,1947-07-01,1947,7,19.802
Ouest,1947-08-01,1947,8,19.836
Ouest,1947-09-01,1947,9,20.239
Ouest,1947-10-01,1947,10,20.313
Ouest,1947-11-01,1947,11,21.086
Ouest,1947-12-01,1947,12,21.608
Ouest,1948-01-01,1948,1,22.767
Ouest,1948-02-01,1948,2,23.542
Ouest,1948-03-01,1948,3,22.814
Ouest,1948-04-01,1948,4,21.724
Ouest,1948-05-01,1948,5,21.661
Ouest,1948-06-01,1948,6,20.698
Ouest,1948-07-01,1948,7,19.833
Ouest,1948-08-01,1948,8,19.83
Ouest,1948-09-01,1948,9,19.91
Ouest,1948-10-01,1948,10,20.015
Ouest,1948-11-01,1948,11,20.684
Ouest,1948-12-01,1948,12,21.962
Ouest,1949-01-01,1949,1,23.517
Ouest,1949-02-01,1949,2,23.868
Ouest,1949-03-01,1949,3,24.034
Ouest,1949-04-01,1949,4,22.538
Ouest,1949-05-01,1949,5,21.447
Ouest,1949-06-01,1949,6,20.616
Ouest,1949-07-01,1949,7,19.977
Ouest,1949-08-01,1949,8,19.856
Ouest,1949-09-01,1949,9,20.142
Ouest,1949-10-01,1949,10,20.456
Ouest,1949-11-01,1949,11,20.903
Ouest,1949-12-01,1949,12,21.578
Ouest,1950-01-01,1950,1,22.761
Ouest,1950-02-01,1950,2,22.92
Ouest,1950-03-01,1950,3,22.916
Ouest,1950-04-01,1950,4,22.407
Ouest,1950-05-01,1950,5,21.696
Ouest,1950-06-01,1950,6,20.735
Ouest,1950-07-01,1950,7,19.354
Ouest,1950-08-01,1950,8,19.131
Ouest,1950-09-01,1950,9,20.09
Ouest,1950-10-01,1950,10,20.217
Ouest,1950-11-01,1950,11,20.719
Ouest,1950-12-01,1950,12,21.998
Ouest,1951-01-01,1951,1,22.797
Ouest,1951-02-01,1951,2,22.208
Ouest,1951-03-01,1951,3,22.505
Ouest,1951-04-01,1951,4,22.18
Ouest,1951-05-01,1951,5,21.869
Ouest,1951-06-01,1951,6,20.681
Ouest,1951-07-01,1951,7,20.098
Ouest,1951-08-01,1951,8,20.143
Ouest,1951-09-01,1951,9,20.487
Ouest,1951-10-01,1951,10,20.619
Ouest,1951-11-01,1951,11,21.031
Ouest,1951-12-01,1951,12,21.924
Ouest,1952-01-01,1952,1,23.608
Ouest,1952-02-01,1952,2,23.287
Ouest,1952-03-01,1952,3,23.516
Ouest,1952-04-01,1952,4,22.358
Ouest,1952-05-01,1952,5,21.689
Ouest,1952-06-01,1952,6,20.969
Ouest,1952-07-01,1952,7,19.781
Ouest,1952-08-01,1952,8,20.045
Ouest,1952-09-01,1952,9,20.142
Ouest,1952-10-01,1952,10,20.264
Ouest,1952-11-01,1952,11,20.634
Ouest,1952-12-01,1952,12,22.225
Ouest,1953-01-01,1953,1,22.989
Ouest,1953-02-01,1953,2,23.264
Ouest,1953-03-01,1953,3,22.478
Ouest,1953-04-01,1953,4,22.794
Ouest,1953-05-01,1953,5,21.524
Ouest,1953-06-01,1953,6,20.5
Ouest,1953-07-01,1953,7,20.041
Ouest,1953-08-01,1953,8,20.002
Ouest,1953-09-01,1953,9,20.313
Ouest,1953-10-01,1953,10,20.364
Ouest,1953-11-01,1953,11,21.008
Ouest,1953-12-01,1953,12,21.709
Ouest,1954-01-01,1954,1,22.355
Ouest,1954-02-01,1954,2,22.916
Ouest,1954-03-01,1954,3,22.489
Ouest,1954-04-01,1954,4,21.727
Ouest,1954-05-01,1954,5,21.602
Ouest,1954-06-01,1954,6,20.324
Ouest,1954-07-01,1954,7,19.406
Ouest,1954-08-01,1954,8,19.628
Ouest,1954-09-01,1954,9,19.786
Ouest,1954-10-01,1954,10,19.935
Ouest,1954-11-01,1954,11,20.738
Ouest,1954-12-01,1954,12,21.525
Ouest,1955-01-01,1955,1,23.005
Ouest,1955-02-01,1955,2,23.881
Ouest,1955-03-01,1955,3,22.616
Ouest,1955-04-01,1955,4,22.047
Ouest,1955-05-01,1955,5,21.288
Ouest,1955-06-01,1955,6,20.182
Ouest,1955-07-01,1955,7,19.49
Ouest,1955-08-01,1955,8,19.71
Ouest,1955-09-01,1955,9,20.102
Ouest,1955-10-01,1955,10,20.313
Ouest,1955-11-01,1955,11,21.299
Ouest,1955-12-01,1955,12,21.874
Ouest,1956-01-01,1956,1,22.669
Ouest,1956-02-01,1956,2,23.381
Ouest,1956-03-01,1956,3,21.859
Ouest,1956-04-01,1956,4,21.753
Ouest,1956-05-01,1956,5,21.43
Ouest,1956-06-01,1956,6,20.272
Ouest,1956-07-01,1956,7,19.383
Ouest,1956-08-01,1956,8,19.874
Ouest,1956-09-01,1956,9,19.919
Ouest,1956-10-01,1956,10,20.124
Ouest,1956-11-01,1956,11,20.685
Ouest,1956-12-01,1956,12,21.006
Ouest,1957-01-01,1957,1,22.013
Ouest,1957-02-01,1957,2,22.682
Ouest,1957-03-01,1957,3,23.012
Ouest,1957-04-01,1957,4,21.786
Ouest,1957-05-01,1957,5,21.635
Ouest,1957-06-01,1957,6,20.634
Ouest,1957-07-01,1957,7,20.043
Ouest,1957-08-01,1957,8,19.968
Ouest,1957-09-01,1957,9,20.424
Ouest,1957-10-01,1957,10,20.329
Ouest,1957-11-01,1957,11,21.059
Ouest,1957-12-01,1957,12,21.899
Ouest,1958-01-01,1958,1,23.711
Ouest,1958-02-01,1958,2,24.266
Ouest,1958-03-01,1958,3,24.594
Ouest,1958-04-01,1958,4,22.519
Ouest,1958-05-01,1958,5,21.539
Ouest,1958-06-01,1958,6,20.409
Ouest,1958-07-01,1958,7,19.807
Ouest,1958-08-01,1958,8,19.644
Ouest,1958-09-01,1958,9,20.089
Ouest,1958-10-01,1958,10,20.451
Ouest,1958-11-01,1958,11,21.012
Ouest,1958-12-01,1958,12,22.081
Ouest,1959-01-01,1959,1,23.099
Ouest,1959-02-01,1959,2,24.133
Ouest,1959-03-01,1959,3,24.087
Ouest,1959-04-01,1959,4,22.928
Ouest,1959-05-01,1959,5,21.873
Ouest,1959-06-01,1959,6,21.084
Ouest,1959-07-01,1959,7,20.023
Ouest,1959-08-01,1959,8,19.846
Ouest,1959-09-01,1959,9,20.026
Ouest,1959-10-01,1959,10,20.96
Ouest,1959-11-01,1959,11,21.419
Ouest,1959-12-01,1959,12,22.274
Ouest,1960-01-01,1960,1,23.162
Ouest,1960-02-01,1960,2,23.923
Ouest,1960-03-01,1960,3,23.903
Ouest,1960-04-01,1960,4,22.494
Ouest,1960-05-01,1960,5,21.836
Ouest,1960-06-01,1960,6,20.937
Ouest,1960-07-01,1960,7,20.027
Ouest,1960-08-01,1960,8,20.177
Ouest,1960-09-01,1960,9,20.105
Ouest,1960-10-01,1960,10,20.52
Ouest,1960-11-01,1960,11,21.402
Ouest,1960-12-01,1960,12,22.234
Ouest,1961-01-01,1961,1,22.729
Ouest,1961-02-01,1961,2,23.324
Ouest,1961-03-01,1961,3,24.595
Ouest,1961-04-01,1961,4,22.322
Ouest,1961-05-01,1961,5,21.902
Ouest,1961-06-01,1961,6,20.72
Ouest,1961-07-01,1961,7,19.825
Ouest,1961-08-01,1961,8,19.945
Ouest,1961-09-01,1961,9,19.867
Ouest,1961-10-01,1961,10,20.346
Ouest,1961-11-01,1961,11,21.092
Ouest,1961-12-01,1961,12,21.712
Ouest,1962-01-01,1962,1,22.397
Ouest,1962-02-01,1962,2,23.858
Ouest,1962-03-01,1962,3,22.972
Ouest,1962-04-01,1962,4,22.139
Ouest,1962-05-01,1962,5,21.459
Ouest,1962-06-01,1962,6,20.31
Ouest,1962-07-01,1962,7,20.308
Ouest,1962-08-01,1962,8,19.94
Ouest,1962-09-01,1962,9,20.025
Ouest,1962-10-01,1962,10,20.387
Ouest,1962-11-01,1962,11,20.989
Ouest,1962-12-01,1962,12,21.961
Ouest,1963-01-01,1963,1,22.48
Ouest,1963-02-01,1963,2,24.088
Ouest,1963-03-01,1963,3,24.305
Ouest,1963-04-01,1963,4,22.312
Ouest,1963-05-01,1963,5,21.787
Ouest,1963-06-01,1963,6,21.154
Ouest,1963-07-01,1963,7,20.424
Ouest,1963-08-01,1963,8,20.602
Ouest,1963-09-01,1963,9,20.69
Ouest,1963-10-01,1963,10,20.989
Ouest,1963-11-01,1963,11,21.558
Ouest,1963-12-01,1963,12,22.391
Ouest,1964-01-01,1964,1,23.669
Ouest,1964-02-01,1964,2,24.185
Ouest,1964-03-01,1964,3,24.239
Ouest,1964-04-01,1964,4,23.369
Ouest,1964-05-01,1964,5,22.986
Ouest,1964-06-01,1964,6,21.472
Ouest,1964-07-01,1964,7,20.517
Ouest,1964-08-01,1964,8,20.015
Ouest,1964-09-01,1964,9,19.993
Ouest,1964-10-01,1964,10,20.459
Ouest,1964-11-01,1964,11,21.244
Ouest,1964-12-01,1964,12,21.933
Ouest,1965-01-01,1965,1,22.415
Ouest,1965-02-01,1965,2,22.819
Ouest,1965-03-01,1965,3,23.084
Ouest,1965-04-01,1965,4,22.719
Ouest,1965-05-01,1965,5,22.609
Ouest,1965-06-01,1965,6,21.054
Ouest,1965-07-01,1965,7,20.569
Ouest,1965-08-01,1965,8,20.562
Ouest,1965-09-01,1965,9,20.428
Ouest,1965-10-01,1965,10,21.077
Ouest,1965-11-01,1965,11,22.258
Ouest,1965-12-01,1965,12,22.214
Ouest,1966-01-01,1966,1,23.538
Ouest,1966-02-01,1966,2,23.976
Ouest,1966-03-01,1966,3,24.598
Ouest,1966-04-01,1966,4,23.186
Ouest,1966-05-01,1966,5,22.359
Ouest,1966-06-01,1966,6,21.391
Ouest,1966-07-01,1966,7,20.956
Ouest,1966-08-01,1966,8,20.427
Ouest,1966-09-01,1966,9,20.099
Ouest,1966-10-01,1966,10,20.671
Ouest,1966-11-01,1966,11,21.531
Ouest,1966-12-01,1966,12,21.979
Ouest,1967-01-01,1967,1,22.076
Ouest,1967-02-01,1967,2,23.386
Ouest,1967-03-01,1967,3,23.455
Ouest,1967-04-01,1967,4,22.745
Ouest,1967-05-01,1967,5,21.584
Ouest,1967-06-01,1967,6,20.495
Ouest,1967-07-01,1967,7,19.848
Ouest,1967-08-01,1967,8,19.673
Ouest,1967-09-01,1967,9,19.933
Ouest,1967-10-01,1967,10,20.316
Ouest,1967-11-01,1967,11,21.236
Ouest,1967-12-01,1967,12,21.878
Ouest,1968-01-01,1968,1,22.206
Ouest,1968-02-01,1968,2,23.169
Ouest,1968-03-01,1968,3,22.277
Ouest,1968-04-01,1968,4,22.332
Ouest,1968-05-01,1968,5,21.512
Ouest,1968-06-01,1968,6,20.615
Ouest,1968-07-01,1968,7,19.914
Ouest,1968-08-01,1968,8,20.275
Ouest,1968-09-01,1968,9,20.342
Ouest,1968-10-01,1968,10,21.178
Ouest,1968-11-01,1968,11,21.321
Ouest,1968-12-01,1968,12,21.993
Ouest,1969-01-01,1969,1,22.517
Ouest,1969-02-01,1969,2,23.975
Ouest,1969-03-01,1969,3,22.474
Ouest,1969-04-01,1969,4,22.68
Ouest,1969-05-01,1969,5,21.995
Ouest,1969-06-01,1969,6,21.138
Ouest,1969-07-01,1969,7,20.06
Ouest,1969-08-01,1969,8,19.928
Ouest,1969-09-01,1969,9,20.225
Ouest,1969-10-01,1969,10,20.635
Ouest,1969-11-01,1969,11,21.269
Ouest,1969-12-01,1969,12,22.182
Ouest,1970-01-01,1970,1,22.481
Ouest,1970-02-01,1970,2,24.128
Ouest,1970-03-01,1970,3,23.537
Ouest,1970-04-01,1970,4,22.52
Ouest,1970-05-01,1970,5,21.799
Ouest,1970-06-01,1970,6,21.028
Ouest,1970-07-01,1970,7,19.954
Ouest,1970-08-01,1970,8,19.782
Ouest,1970-09-01,1970,9,20.092
Ouest,1970-10-01,1970,10,20.669
Ouest,1970-11-01,1970,11,21.653
Ouest,1970-12-01,1970,12,21.933
Ouest,1971-01-01,1971,1,22.081
Ouest,1971-02-01,1971,2,23.164
Ouest,1971-03-01,1971,3,22.563
Ouest,1971-04-01,1971,4,22.076
Ouest,1971-05-01,1971,5,21.915
Ouest,1971-06-01,1971,6,20.805
Ouest,1971-07-01,1971,7,19.771
Ouest,1971-08-01,1971,8,19.622
Ouest,1971-09-01,1971,9,20.02
Ouest,1971-10-01,1971,10,20.658
Ouest,1971-11-01,1971,11,21.578
Ouest,1971-12-01,1971,12,20.816
Ouest,1972-01-01,1972,1,22.446
Ouest,1972-02-01,1972,2,23.146
Ouest,1972-03-01,1972,3,22.508
Ouest,1972-04-01,1972,4,22.048
Ouest,1972-05-01,1972,5,21.839
Ouest,1972-06-01,1972,6,20.715
Ouest,1972-07-01,1972,7,20.499
Ouest,1972-08-01,1972,8,20.085
Ouest,1972-09-01,1972,9,20.468
Ouest,1972-10-01,1972,10,20.899
Ouest,1972-11-01,1972,11,21.811
Ouest,1972-12-01,1972,12,23.024
Ouest,1973-01-01,1973,1,23.453
Ouest,1973-02-01,1973,2,24.798
Ouest,1973-03-01,1973,3,23.879
Ouest,1973-04-01,1973,4,22.841
Ouest,1973-05-01,1973,5,21.673
Ouest,1973-06-01,1973,6,21.328
Ouest,1973-07-01,1973,7,20.592
Ouest,1973-08-01,1973,8,20.233
Ouest,1973-09-01,1973,9,20.376
Ouest,1973-10-01,1973,10,20.844
Ouest,1973-11-01,1973,11,21.331
Ouest,1973-12-01,1973,12,21.351
Ouest,1974-01-01,1974,1,21.838
Ouest,1974-02-01,1974,2,23.145
Ouest,1974-03-01,1974,3,22.964
Ouest,1974-04-01,1974,4,21.906
Ouest,1974-05-01,1974,5,21.111
Ouest,1974-06-01,1974,6,20.636
Ouest,1974-07-01,1974,7,19.716
Ouest,1974-08-01,1974,8,20.129
Ouest,1974-09-01,1974,9,19.776
Ouest,1974-10-01,1974,10,20.454
Ouest,1974-11-01,1974,11,20.973
Ouest,1974-12-01,1974,12,21.123
Ouest,1975-01-01,1975,1,22.253
Ouest,1975-02-01,1975,2,22.891
Ouest,1975-03-01,1975,3,22.903
Ouest,1975-04-01,1975,4,21.947
Ouest,1975-05-01,1975,5,21.659
Ouest,1975-06-01,1975,6,20.741
Ouest,1975-07-01,1975,7,19.627
Ouest,1975-08-01,1975,8,19.666
Ouest,1975-09-01,1975,9,19.659
Ouest,1975-10-01,1975,10,20.165
Ouest,1975-11-01,1975,11,20.68
Ouest,1975-12-01,1975,12,20.565
Ouest,1976-01-01,1976,1,21.839
Ouest,1976-02-01,1976,2,21.711
Ouest,1976-03-01,1976,3,22.541
Ouest,1976-04-01,1976,4,22.171
Ouest,1976-05-01,1976,5,21.776
Ouest,1976-06-01,1976,6,20.549
Ouest,1976-07-01,1976,7,19.708
Ouest,1976-08-01,1976,8,19.734
Ouest,1976-09-01,1976,9,20.393
Ouest,1976-10-01,1976,10,20.672
Ouest,1976-11-01,1976,11,20.738
Ouest,1976-12-01,1976,12,21.803
Ouest,1977-01-01,1977,1,22.443
Ouest,1977-02-01,1977,2,23.534
Ouest,1977-03-01,1977,3,24.221
Ouest,1977-04-01,1977,4,23.137
Ouest,1977-05-01,1977,5,21.956
Ouest,1977-06-01,1977,6,20.994
Ouest,1977-07-01,1977,7,20.301
Ouest,1977-08-01,1977,8,20.32
Ouest,1977-09-01,1977,9,20.707
Ouest,1977-10-01,1977,10,21.325
Ouest,1977-11-01,1977,11,22.142
Ouest,1977-12-01,1977,12,22.054
Ouest,1978-01-01,1978,1,22.586
Ouest,1978-02-01,1978,2,24.072
Ouest,1978-03-01,1978,3,22.965
Ouest,1978-04-01,1978,4,22.301
Ouest,1978-05-01,1978,5,21.733
Ouest,1978-06-01,1978,6,20.841
Ouest,1978-07-01,1978,7,20.101
Ouest,1978-08-01,1978,8,20.157
Ouest,1978-09-01,1978,9,20.106
Ouest,1978-10-01,1978,10,20.814
Ouest,1978-11-01,1978,11,21.405
Ouest,1978-12-01,1978,12,21.968
Ouest,1979-01-01,1979,1,22.689
Ouest,1979-02-01,1979,2,23.199
Ouest,1979-03-01,1979,3,22.81
Ouest,1979-04-01,1979,4,22.309
Ouest,1979-05-01,1979,5,21.919
Ouest,1979-06-01,1979,6,21.127
Ouest,1979-07-01,1979,7,20.6
Ouest,1979-08-01,1979,8,20.49
Ouest,1979-09-01,1979,9,20.424
Ouest,1979-10-01,1979,10,20.816
Ouest,1979-11-01,1979,11,21.303
Ouest,1979-12-01,1979,12,21.35
Ouest,1980-01-01,1980,1,22.945
Ouest,1980-02-01,1980,2,23.778
Ouest,1980-03-01,1980,3,23.459
Ouest,1980-04-01,1980,4,22.774
Ouest,1980-05-01,1980,5,21.976
Ouest,1980-06-01,1980,6,21.242
Ouest,1980-07-01,1980,7,20.344
Ouest,1980-08-01,1980,8,20.502
Ouest,1980-09-01,1980,9,20.658
Ouest,1980-10-01,1980,10,20.814
Ouest,1980-11-01,1980,11,20.881
Ouest,1980-12-01,1980,12,21.524
Ouest,1981-01-01,1981,1,22.07
Ouest,1981-02-01,1981,2,23.587
Ouest,1981-03-01,1981,3,23.486
Ouest,1981-04-01,1981,4,22.868
Ouest,1981-05-01,1981,5,21.645
Ouest,1981-06-01,1981,6,21.396
Ouest,1981-07-01,1981,7,20.137
Ouest,1981-08-01,1981,8,20.071
Ouest,1981-09-01,1981,9,20.235
Ouest,1981-10-01,1981,10,20.801
Ouest,1981-11-01,1981,11,21.091
Ouest,1981-12-01,1981,12,22.182
Ouest,1982-01-01,1982,1,22.505
Ouest,1982-02-01,1982,2,23.055
Ouest,1982-03-01,1982,3,22.583
Ouest,1982-04-01,1982,4,22.573
Ouest,1982-05-01,1982,5,21.825
Ouest,1982-06-01,1982,6,21.132
Ouest,1982-07-01,1982,7,20.17
Ouest,1982-08-01,1982,8,20.038
Ouest,1982-09-01,1982,9,20.56
Ouest,1982-10-01,1982,10,20.297
Ouest,1982-11-01,1982,11,21.324
Ouest,1982-12-01,1982,12,22.095
Ouest,1983-01-01,1983,1,21.738
Ouest,1983-02-01,1983,2,24.788
Ouest,1983-03-01,1983,3,25.474
Ouest,1983-04-01,1983,4,24.168
Ouest,1983-05-01,1983,5,22.975
Ouest,1983-06-01,1983,6,21.471
Ouest,1983-07-01,1983,7,20.659
Ouest,1983-08-01,1983,8,20.275
Ouest,1983-09-01,1983,9,20.653
Ouest,1983-10-01,1983,10,21.044
Ouest,1983-11-01,1983,11,21.596
Ouest,1983-12-01,1983,12,21.645
Ouest,1984-01-01,1984,1,22.029
Ouest,1984-02-01,1984,2,24.228
Ouest,1984-03-01,1984,3,23.087
Ouest,1984-04-01,1984,4,22.303
Ouest,1984-05-01,1984,5,22.013
Ouest,1984-06-01,1984,6,21.009
Ouest,1984-07-01,1984,7,20.215
Ouest,1984-08-01,1984,8,20.641
Ouest,1984-09-01,1984,9,20.268
Ouest,1984-10-01,1984,10,21.028
Ouest,1984-11-01,1984,11,21.329
Ouest,1984-12-01,1984,12,21.397
Ouest,1985-01-01,1985,1,22.8
Ouest,1985-02-01,1985,2,23.113
Ouest,1985-03-01,1985,3,23.176
Ouest,1985-04-01,1985,4,21.969
Ouest,1985-05-01,1985,5,21.467
Ouest,1985-06-01,1985,6,20.598
Ouest,1985-07-01,1985,7,20.073
Ouest,1985-08-01,1985,8,19.93
Ouest,1985-09-01,1985,9,20.043
Ouest,1985-10-01,1985,10,20.448
Ouest,1985-11-01,1985,11,21.436
Ouest,1985-12-01,1985,12,21.537
Ouest,1986-01-01,1986,1,22.623
Ouest,1986-02-01,1986,2,23.81
Ouest,1986-03-01,1986,3,22.634
Ouest,1986-04-01,1986,4,22.864
Ouest,1986-05-01,1986,5,22.325
Ouest,1986-06-01,1986,6,21.235
Ouest,1986-07-01,1986,7,20.138
Ouest,1986-08-01,1986,8,20.447
Ouest,1986-09-01,1986,9,20.397
Ouest,1986-10-01,1986,10,20.629
Ouest,1986-11-01,1986,11,21.276
Ouest,1986-12-01,1986,12,21.623
Ouest,1987-01-01,1987,1,23.128
Ouest,1987-02-01,1987,2,24.502
Ouest,1987-03-01,1987,3,23.951
Ouest,1987-04-01,1987,4,23.515
Ouest,1987-05-01,1987,5,22.655
Ouest,1987-06-01,1987,6,21.56
Ouest,1987-07-01,1987,7,21.449
Ouest,1987-08-01,1987,8,20.913
Ouest,1987-09-01,1987,9,20.996
Ouest,1987-10-01,1987,10,21.352
Ouest,1987-11-01,1987,11,22.202
Ouest,1987-12-01,1987,12,22.732
Ouest,1988-01-01,1988,1,23.377
Ouest,1988-02-01,1988,2,24.395
Ouest,1988-03-01,1988,3,23.941
Ouest,1988-04-01,1988,4,22.883
Ouest,1988-05-01,1988,5,22.327
Ouest,1988-06-01,1988,6,21.191
Ouest,1988-07-01,1988,7,20.306
Ouest,1988-08-01,1988,8,20.503
Ouest,1988-09-01,1988,9,20.544
Ouest,1988-10-01,1988,10,21.124
Ouest,1988-11-01,1988,11,22.001
Ouest,1988-12-01,1988,12,21.891
Ouest,1989-01-01,1989,1,21.683
Ouest,1989-02-01,1989,2,23.26
Ouest,1989-03-01,1989,3,23.915
Ouest,1989-04-01,1989,4,23.222
Ouest,1989-05-01,1989,5,21.716
Ouest,1989-06-01,1989,6,21.19
Ouest,1989-07-01,1989,7,20.29
Ouest,1989-08-01,1989,8,20.073
Ouest,1989-09-01,1989,9,20.631
Ouest,1989-10-01,1989,10,20.829
Ouest,1989-11-01,1989,11,21.959
Ouest,1989-12-01,1989,12,22.125
Ouest,1990-01-01,1990,1,23.094
Ouest,1990-02-01,1990,2,23.915
Ouest,1990-03-01,1990,3,25.225
Ouest,1990-04-01,1990,4,23.285
Ouest,1990-05-01,1990,5,21.878
Ouest,1990-06-01,1990,6,21.416
Ouest,1990-07-01,1990,7,20.156
Ouest,1990-08-01,1990,8,20.198
Ouest,1990-09-01,1990,9,20.46
Ouest,1990-10-01,1990,10,21.047
Ouest,1990-11-01,1990,11,21.351
Ouest,1990-12-01,1990,12,22.155
Ouest,1991-01-01,1991,1,23.078
Ouest,1991-02-01,1991,2,24.202
Ouest,1991-03-01,1991,3,23.813
Ouest,1991-04-01,1991,4,22.215
Ouest,1991-05-01,1991,5,21.73
Ouest,1991-06-01,1991,6,21.45
Ouest,1991-07-01,1991,7,20.406
Ouest,1991-08-01,1991,8,20.317
Ouest,1991-09-01,1991,9,20.657
Ouest,1991-10-01,1991,10,20.242
Ouest,1991-11-01,1991,11,21.295
Ouest,1991-12-01,1991,12,22.005
Ouest,1992-01-01,1992,1,22.718
Ouest,1992-02-01,1992,2,23.876
Ouest,1992-03-01,1992,3,23.558
Ouest,1992-04-01,1992,4,22.561
Ouest,1992-05-01,1992,5,22.161
Ouest,1992-06-01,1992,6,21.129
Ouest,1992-07-01,1992,7,20.229
Ouest,1992-08-01,1992,8,20.153
Ouest,1992-09-01,1992,9,20.531
Ouest,1992-10-01,1992,10,20.761
Ouest,1992-11-01,1992,11,21.394
Ouest,1992-12-01,1992,12,22.002
Ouest,1993-01-01,1993,1,22.324
Ouest,1993-02-01,1993,2,23.774
Ouest,1993-03-01,1993,3,23.362
Ouest,1993-04-01,1993,4,23.128
Ouest,1993-05-01,1993,5,22.493
Ouest,1993-06-01,1993,6,21.362
Ouest,1993-07-01,1993,7,20.744
Ouest,1993-08-01,1993,8,20.499
Ouest,1993-09-01,1993,9,20.708
Ouest,1993-10-01,1993,10,21.521
Ouest,1993-11-01,1993,11,21.934
Ouest,1993-12-01,1993,12,22.08
Ouest,1994-01-01,1994,1,22.753
Ouest,1994-02-01,1994,2,23.722
Ouest,1994-03-01,1994,3,24.359
Ouest,1994-04-01,1994,4,23.109
Ouest,1994-05-01,1994,5,22.323
Ouest,1994-06-01,1994,6,21.391
Ouest,1994-07-01,1994,7,20.635
Ouest,1994-08-01,1994,8,20.445
Ouest,1994-09-01,1994,9,20.794
Ouest,1994-10-01,1994,10,21.045
Ouest,1994-11-01,1994,11,21.552
Ouest,1994-12-01,1994,12,22.34
Ouest,1995-01-01,1995,1,23.152
Ouest,1995-02-01,1995,2,23.591
Ouest,1995-03-01,1995,3,23.835
Ouest,1995-04-01,1995,4,23.182
Ouest,1995-05-01,1995,5,22.119
Ouest,1995-06-01,1995,6,21.621
Ouest,1995-07-01,1995,7,20.644
Ouest,1995-08-01,1995,8,20.793
Ouest,1995-09-01,1995,9,20.88
Ouest,1995-10-01,1995,10,20.801
Ouest,1995-11-01,1995,11,21.601
Ouest,1995-12-01,1995,12,22.305
Ouest,1996-01-01,1996,1,23.216
Ouest,1996-02-01,1996,2,24.452
Ouest,1996-03-01,1996,3,23.151
Ouest,1996-04-01,1996,4,22.4
Ouest,1996-05-01,1996,5,21.963
Ouest,1996-06-01,1996,6,21.031
Ouest,1996-07-01,1996,7,20.453
Ouest,1996-08-01,1996,8,20.421
Ouest,1996-09-01,1996,9,20.739
Ouest,1996-10-01,1996,10,20.768
Ouest,1996-11-01,1996,11,22.086
Ouest,1996-12-01,1996,12,22.858
Ouest,1997-01-01,1997,1,23.614
Ouest,1997-02-01,1997,2,24.107
Ouest,1997-03-01,1997,3,24.495
Ouest,1997-04-01,1997,4,22.126
Ouest,1997-05-01,1997,5,21.74
Ouest,1997-06-01,1997,6,21.13
Ouest,1997-07-01,1997,7,20.449
Ouest,1997-08-01,1997,8,20.634
Ouest,1997-09-01,1997,9,20.888
Ouest,1997-10-01,1997,10,21.371
Ouest,1997-11-01,1997,11,21.703
Ouest,1997-12-01,1997,12,22.436
Ouest,1998-01-01,1998,1,23.651
Ouest,1998-02-01,1998,2,25.45
Ouest,1998-03-01,1998,3,25.847
Ouest,1998-04-01,1998,4,24.57
Ouest,1998-05-01,1998,5,23.447
Ouest,1998-06-01,1998,6,22.208
Ouest,1998-07-01,1998,7,21.079
Ouest,1998-08-01,1998,8,20.788
Ouest,1998-09-01,1998,9,20.92
Ouest,1998-10-01,1998,10,21.434
Ouest,1998-11-01,1998,11,22.282
Ouest,1998-12-01,1998,12,22.523
Ouest,1999-01-01,1999,1,22.95
Ouest,1999-02-01,1999,2,23.847
Ouest,1999-03-01,1999,3,23.765
Ouest,1999-04-01,1999,4,22.829
Ouest,1999-05-01,1999,5,21.54
Ouest,1999-06-01,1999,6,21.345
Ouest,1999-07-01,1999,7,20.376
Ouest,1999-08-01,1999,8,20.486
Ouest,1999-09-01,1999,9,20.302
Ouest,1999-10-01,1999,10,20.373
Ouest,1999-11-01,1999,11,21.424
Ouest,1999-12-01,1999,12,22.096
Ouest,2000-01-01,2000,1,23.402
Ouest,2000-02-01,2000,2,23.858
Ouest,2000-03-01,2000,3,24.292
Ouest,2000-04-01,2000,4,22.501
Ouest,2000-05-01,2000,5,21.985
Ouest,2000-06-01,2000,6,20.8
Ouest,2000-07-01,2000,7,20.294
Ouest,2000-08-01,2000,8,20.096
Ouest,2000-09-01,2000,9,20.43
Ouest,2000-10-01,2000,10,20.921
Ouest,2000-11-01,2000,11,21.737
Ouest,2000-12-01,2000,12,22.256
Ouest,2001-01-01,2001,1,22.724
Ouest,2001-02-01,2001,2,24.166
Ouest,2001-03-01,2001,3,23.899
Ouest,2001-04-01,2001,4,22.746
Ouest,2001-05-01,2001,5,22.135
Ouest,2001-06-01,2001,6,21.02
Ouest,2001-07-01,2001,7,20.251
Ouest,2001-08-01,2001,8,20.201
Ouest,2001-09-01,2001,9,20.575
Ouest,2001-10-01,2001,10,21.383
Ouest,2001-11-01,2001,11,22.138
Ouest,2001-12-01,2001,12,22.968
Ouest,2002-01-01,2002,1,22.916
Ouest,2002-02-01,2002,2,24.335
Ouest,2002-03-01,2002,3,23.795
Ouest,2002-04-01,2002,4,22.96
Ouest,2002-05-01,2002,5,22.453
Ouest,2002-06-01,2002,6,21.357
Ouest,2002-07-01,2002,7,20.985
Ouest,2002-08-01,2002,8,20.626
Ouest,2002-09-01,2002,9,20.833
Ouest,2002-10-01,2002,10,20.795
Ouest,2002-11-01,2002,11,21.56
Ouest,2002-12-01,2002,12,22.605
Ouest,2003-01-01,2003,1,23.829
Ouest,2003-02-01,2003,2,24.928
Ouest,2003-03-01,2003,3,25.099
Ouest,2003-04-01,2003,4,23.04
Ouest,2003-05-01,2003,5,22.593
Ouest,2003-06-01,2003,6,21.182
Ouest,2003-07-01,2003,7,20.599
Ouest,2003-08-01,2003,8,20.818
Ouest,2003-09-01,2003,9,20.711
Ouest,2003-10-01,2003,10,21.289
Ouest,2003-11-01,2003,11,21.75
Ouest,2003-12-01,2003,12,22.882
Ouest,2004-01-01,2004,1,24.046
Ouest,2004-02-01,2004,2,24.696
Ouest,2004-03-01,2004,3,25.076
Ouest,2004-04-01,2004,4,22.975
Ouest,2004-05-01,2004,5,22.271
Ouest,2004-06-01,2004,6,21.142
Ouest,2004-07-01,2004,7,20.87
Ouest,2004-08-01,2004,8,20.676
Ouest,2004-09-01,2004,9,20.912
Ouest,2004-10-01,2004,10,21.199
Ouest,2004-11-01,2004,11,21.713
Ouest,2004-12-01,2004,12,22.723
Ouest,2005-01-01,2005,1,23.486
Ouest,2005-02-01,2005,2,25.587
Ouest,2005-03-01,2005,3,24.141
Ouest,2005-04-01,2005,4,23.982
Ouest,2005-05-01,2005,5,22.029
Ouest,2005-06-01,2005,6,21.598
Ouest,2005-07-01,2005,7,20.842
Ouest,2005-08-01,2005,8,20.496
Ouest,2005-09-01,2005,9,21.025
Ouest,2005-10-01,2005,10,21.057
Ouest,2005-11-01,2005,11,22.61
Ouest,2005-12-01,2005,12,23.006
Ouest,2006-01-01,2006,1,24.595
Ouest,2006-02-01,2006,2,24.877
Ouest,2006-03-01,2006,3,23.991
Ouest,2006-04-01,2006,4,23.671
Ouest,2006-05-01,2006,5,22.065
Ouest,2006-06-01,2006,6,21.723
Ouest,2006-07-01,2006,7,21.121
Ouest,2006-08-01,2006,8,20.688
Ouest,2006-09-01,2006,9,20.758
Ouest,2006-10-01,2006,10,21.565
Ouest,2006-11-01,2006,11,22.007
Ouest,2006-12-01,2006,12,22.69
Ouest,2007-01-01,2007,1,23.164
Ouest,2007-02-01,2007,2,24.996
Ouest,2007-03-01,2007,3,25.252
Ouest,2007-04-01,2007,4,22.949
Ouest,2007-05-01,2007,5,22.417
Ouest,2007-06-01,2007,6,21.159
Ouest,2007-07-01,2007,7,20.759
Ouest,2007-08-01,2007,8,20.519
Ouest,2007-09-01,2007,9,20.929
Ouest,2007-10-01,2007,10,20.991
Ouest,2007-11-01,2007,11,21.475
Ouest,2007-12-01,2007,12,22.341
Ouest,2008-01-01,2008,1,23.363
Ouest,2008-02-01,2008,2,24.418
Ouest,2008-03-01,2008,3,23.933
Ouest,2008-04-01,2008,4,22.411
Ouest,2008-05-01,2008,5,22.237
Ouest,2008-06-01,2008,6,21.429
Ouest,2008-07-01,2008,7,20.81
Ouest,2008-08-01,2008,8,20.719
Ouest,2008-09-01,2008,9,21.196
Ouest,2008-10-01,2008,10,21.71
Ouest,2008-11-01,2008,11,22.611
Ouest,2008-12-01,2008,12,22.844
Ouest,2009-01-01,2009,1,24.02
Ouest,2009-02-01,2009,2,24.884
Ouest,2009-03-01,2009,3,25.445
Ouest,2009-04-01,2009,4,23.208
Ouest,2009-05-01,2009,5,22.214
Ouest,2009-06-01,2009,6,21.663
Ouest,2009-07-01,2009,7,21.231
Ouest,2009-08-01,2009,8,21.276
Ouest,2009-09-01,2009,9,21.507
Ouest,2009-10-01,2009,10,21.418
Ouest,2009-11-01,2009,11,22.051
Ouest,2009-12-01,2009,12,23.603
Ouest,2010-01-01,2010,1,24.813
Ouest,2010-02-01,2010,2,25.901
Ouest,2010-03-01,2010,3,25.299
Ouest,2010-04-01,2010,4,24.78
Ouest,2010-05-01,2010,5,23.316
Ouest,2010-06-01,2010,6,22.074
Ouest,2010-07-01,2010,7,21.192
Ouest,2010-08-01,2010,8,21.392
Ouest,2010-09-01,2010,9,21.308
Ouest,2010-10-01,2010,10,21.492
Ouest,2010-11-01,2010,11,22.037
Ouest,2010-12-01,2010,12,22.389
Ouest,2011-01-01,2011,1,23.194
Ouest,2011-02-01,2011,2,24.049
Ouest,2011-03-01,2011,3,25.023
Ouest,2011-04-01,2011,4,23.604
Ouest,2011-05-01,2011,5,22.757
Ouest,2011-06-01,2011,6,21.676
Ouest,2011-07-01,2011,7,20.916
Ouest,2011-08-01,2011,8,20.8
Ouest,2011-09-01,2011,9,20.909
Ouest,2011-10-01,2011,10,21.202
Ouest,2011-11-01,2011,11,21.856
Ouest,2011-12-01,2011,12,22.748
Ouest,2012-01-01,2012,1,23.736
Ouest,2012-02-01,2012,2,23.995
Ouest,2012-03-01,2012,3,25.28
Ouest,2012-04-01,2012,4,23.443
Ouest,2012-05-01,2012,5,22.325
Ouest,2012-06-01,2012,6,21.491
Ouest,2012-07-01,2012,7,20.749
Ouest,2012-08-01,2012,8,20.806
Ouest,2012-09-01,2012,9,20.916
Ouest,2012-10-01,2012,10,21.3
Ouest,2012-11-01,2012,11,22.175
Ouest,2012-12-01,2012,12,22.828
Ouest,2013-01-01,2013,1,24.47
Ouest,2013-02-01,2013,2,25.374
Ouest,2013-03-01,2013,3,24.018
Ouest,2013-04-01,2013,4,23.092
Ouest,2013-05-01,2013,5,22.58
Ouest,2013-06-01,2013,6,21.821
Ouest,2013-07-01,2013,7,20.645
Ouest,2013-08-01,2013,8,20.551
Ouest,2013-09-01,2013,9,21.069
Ouest,2013-10-01,2013,10,21.31
Ouest,2013-11-01,2013,11,21.958
Ouest,2013-12-01,2013,12,21.831
Ouest,2014-01-01,2014,1,23.735
Ouest,2014-02-01,2014,2,24.847
Ouest,2014-03-01,2014,3,24.005
Ouest,2014-04-01,2014,4,22.827
Ouest,2014-05-01,2014,5,22.551
Ouest,2014-06-01,2014,6,22.068
Ouest,2014-07-01,2014,7,21.012
Ouest,2014-08-01,2014,8,20.604
Ouest,2014-09-01,2014,9,20.968
Ouest,2014-10-01,2014,10,21.484
Ouest,2014-11-01,2014,11,21.959
Ouest,2014-12-01,2014,12,22.78
Ouest,2015-01-01,2015,1,23.375
Ouest,2015-02-01,2015,2,24.843
Ouest,2015-03-01,2015,3,24.695
Ouest,2015-04-01,2015,4,23.798
Ouest,2015-05-01,2015,5,23.025
Ouest,2015-06-01,2015,6,21.789
Ouest,2015-07-01,2015,7,21.401
Ouest,2015-08-01,2015,8,21.415
Ouest,2015-09-01,2015,9,21.36
Ouest,2015-10-01,2015,10,21.558
Ouest,2015-11-01,2015,11,22.245
Ouest,2015-12-01,2015,12,22.669
Ouest,2016-01-01,2016,1,24.18
Ouest,2016-02-01,2016,2,26.014
Ouest,2016-03-01,2016,3,24.515
Ouest,2016-04-01,2016,4,23.76
Ouest,2016-05-01,2016,5,22.858
Ouest,2016-06-01,2016,6,21.838
Ouest,2016-07-01,2016,7,21.452
Ouest,2016-08-01,2016,8,21.25
Ouest,2016-09-01,2016,9,21.513
Ouest,2016-10-01,2016,10,21.937
Ouest,2016-11-01,2016,11,22.638
Ouest,2016-12-01,2016,12,23.476
Ouest,2017-01-01,2017,1,24.571
Ouest,2017-02-01,2017,2,25.546
Ouest,2017-03-01,2017,3,25.601
Ouest,2017-04-01,2017,4,23.409
Ouest,2017-05-01,2017,5,22.639
Ouest,2017-06-01,2017,6,22.13
Ouest,2017-07-01,2017,7,21.285
Ouest,2017-08-01,2017,8,21.179
Ouest,2017-09-01,2017,9,21.437
Ouest,2017-10-01,2017,10,21.782
Ouest,2017-11-01,2017,11,22.026
Ouest,2017-12-01,2017,12,23.453
Ouest,2018-01-01,2018,1,23.672
Ouest,2018-02-01,2018,2,24.967
Ouest,2018-03-01,2018,3,23.827
Ouest,2018-04-01,2018,4,23.189
Ouest,2018-05-01,2018,5,22.56
Ouest,2018-06-01,2018,6,22.049
Ouest,2018-07-01,2018,7,21.497
Ouest,2018-08-01,2018,8,21.273
Ouest,2018-09-01,2018,9,21.505
Ouest,2018-10-01,2018,10,21.683
Ouest,2018-11-01,2018,11,22.295
Ouest,2018-12-01,2018,12,23.225
Ouest,2019-01-01,2019,1,24.382
Ouest,2019-02-01,2019,2,24.857
Ouest,2019-03-01,2019,3,24.588
Ouest,2019-04-01,2019,4,23.943
Ouest,2019-05-01,2019,5,23.046
Ouest,2019-06-01,2019,6,21.99
Ouest,2019-07-01,2019,7,21.248
Ouest,2019-08-01,2019,8,21.302
Ouest,2019-09-01,2019,9,21.729
Ouest,2019-10-01,2019,10,21.496
Ouest,2019-11-01,2019,11,22.475
Ouest,2019-12-01,2019,12,23.305
Ouest,2020-01-01,2020,1,24.29
Ouest,2020-02-01,2020,2,25.664
Ouest,2020-03-01,2020,3,25.767
Ouest,2020-04-01,2020,4,23.576
Ouest,2020-05-01,2020,5,23.157
Ouest,2020-06-01,2020,6,22.118
Ouest,2020-07-01,2020,7,21.39
Ouest,2020-08-01,2020,8,21.67
Ouest,2020-09-01,2020,9,21.233
Ouest,2020-10-01,2020,10,21.755
Ouest,2020-11-01,2020,11,22.722
Ouest,2020-12-01,2020,12,23.816
Ouest,2021-01-01,2021,1,24.251
Ouest,2021-02-01,2021,2,25.13
Ouest,2021-03-01,2021,3,24.238
Ouest,2021-04-01,2021,4,23.567
Ouest,2021-05-01,2021,5,22.483
Ouest,2021-06-01,2021,6,22.17
Ouest,2021-07-01,2021,7,21.439
Ouest,2021-08-01,2021,8,21.55
Ouest,2021-09-01,2021,9,21.65
Ouest,2021-10-01,2021,10,22.302
Ouest,2021-11-01,2021,11,22.427
Ouest,2021-12-01,2021,12,23.115
Ouest,2022-01-01,2022,1,23.3
Ouest,2022-02-01,2022,2,24.491
Ouest,2022-03-01,2022,3,25.17
Ouest,2022-04-01,2022,4,23.536
Ouest,2022-05-01,2022,5,22.759
Ouest,2022-06-01,2022,6,21.727
Ouest,2022-07-01,2022,7,21.227
Ouest,2022-08-01,2022,8,21.135
Ouest,2022-09-01,2022,9,21.329
Ouest,2022-10-01,2022,10,21.552
Ouest,2022-11-01,2022,11,22.712
Ouest,2022-12-01,2022,12,23.009
Ouest,2023-01-01,2023,1,23.992
Ouest,2023-02-01,2023,2,25.547
Ouest,2023-03-01,2023,3,24.325
Ouest,2023-04-01,2023,4,23.636
Ouest,2023-05-01,2023,5,23.686
Ouest,2023-06-01,2023,6,22.239
Ouest,2023-07-01,2023,7,22.137
Ouest,2023-08-01,2023,8,21.749
Ouest,2023-09-01,2023,9,21.973
Ouest,2023-10-01,2023,10,22.377
Ouest,2023-11-01,2023,11,22.445
Ouest,2023-12-01,2023,12,22.946
Ouest,2024-01-01,2024,1,23.787
Ouest,2024-02-01,2024,2,25.886
Ouest,2024-03-01,2024,3,25.932
Ouest,2024-04-01,2024,4,24.876
Ouest,2024-05-01,2024,5,24.562
Ouest,2024-06-01,2024,6,22.864
Ouest,2024-07-01,2024,7,22.054
Ouest,2024-08-01,2024,8,21.702
Ouest,2024-09-01,2024,9,21.793
Ouest,2024-10-01,2024,10,21.865
Ouest,2024-11-01,2024,11,22.91
Ouest,2024-12-01,2024,12,23.79
Ouest,2025-01-01,2025,1,24.224
Ouest,2025-02-01,2025,2,26.006
Ouest,2025-03-01,2025,3,25.814
Ouest,2025-04-01,2025,4,23.814
Ouest,2025-05-01,2025,5,23.022
Ouest,2025-06-01,2025,6,22.535
Ouest,2025-07-01,2025,7,21.179
Ouest,2025-08-01,2025,8,21.096
Ouest,2025-09-01,2025,9,21.501
Ouest,2025-10-01,2025,10,21.569
Ouest,2025-11-01,2025,11,22.401
Ouest,2025-12-01,2025,12,23.828
Ouest,2026-01-01,2026,1,24.113
Ouest,2026-02-01,2026,2,24.507
Ouest,2026-03-01,2026,3,24.158
Ouest,2026-04-01,2026,4,23.293
Ouest,2026-05-01,2026,5,23.236
Ouest,2026-06-01,2026,6,22.125
Sud,1940-01-01,1940,1,22.794
Sud,1940-02-01,1940,2,23.154
Sud,1940-03-01,1940,3,23.301
Sud,1940-04-01,1940,4,23.157
Sud,1940-05-01,1940,5,23.306
Sud,1940-06-01,1940,6,22.835
Sud,1940-07-01,1940,7,22.229
Sud,1940-08-01,1940,8,22.466
Sud,1940-09-01,1940,9,22.335
Sud,1940-10-01,1940,10,22.379
Sud,1940-11-01,1940,11,22.084
Sud,1940-12-01,1940,12,22.857
Sud,1941-01-01,1941,1,23.406
Sud,1941-02-01,1941,2,24.132
Sud,1941-03-01,1941,3,24.141
Sud,1941-04-01,1941,4,23.73
Sud,1941-05-01,1941,5,23.263
Sud,1941-06-01,1941,6,23.118
Sud,1941-07-01,1941,7,22.214
Sud,1941-08-01,1941,8,22.33
Sud,1941-09-01,1941,9,22.323
Sud,1941-10-01,1941,10,22.766
Sud,1941-11-01,1941,11,22.652
Sud,1941-12-01,1941,12,23.41
Sud,1942-01-01,1942,1,23.349
Sud,1942-02-01,1942,2,23.616
Sud,1942-03-01,1942,3,23.47
Sud,1942-04-01,1942,4,23.158
Sud,1942-05-01,1942,5,23.064
Sud,1942-06-01,1942,6,22.637
Sud,1942-07-01,1942,7,21.755
Sud,1942-08-01,1942,8,21.978
Sud,1942-09-01,1942,9,22.34
Sud,1942-10-01,1942,10,22.206
Sud,1942-11-01,1942,11,22.488
Sud,1942-12-01,1942,12,22.51
Sud,1943-01-01,1943,1,23.022
Sud,1943-02-01,1943,2,23.439
Sud,1943-03-01,1943,3,23.11
Sud,1943-04-01,1943,4,23.039
Sud,1943-05-01,1943,5,22.696
Sud,1943-06-01,1943,6,22.496
Sud,1943-07-01,1943,7,21.412
Sud,1943-08-01,1943,8,22.491
Sud,1943-09-01,1943,9,22.517
Sud,1943-10-01,1943,10,22.487
Sud,1943-11-01,1943,11,22.171
Sud,1943-12-01,1943,12,23.086
Sud,1944-01-01,1944,1,23.707
Sud,1944-02-01,1944,2,24.251
Sud,1944-03-01,1944,3,23.463
Sud,1944-04-01,1944,4,23.445
Sud,1944-05-01,1944,5,23.298
Sud,1944-06-01,1944,6,22.895
Sud,1944-07-01,1944,7,22.523
Sud,1944-08-01,1944,8,22.5
Sud,1944-09-01,1944,9,22.664
Sud,1944-10-01,1944,10,22.512
Sud,1944-11-01,1944,11,22.768
Sud,1944-12-01,1944,12,23.363
Sud,1945-01-01,1945,1,23.6
Sud,1945-02-01,1945,2,24.279
Sud,1945-03-01,1945,3,23.899
Sud,1945-04-01,1945,4,23.572
Sud,1945-05-01,1945,5,22.679
Sud,1945-06-01,1945,6,22.668
Sud,1945-07-01,1945,7,21.994
Sud,1945-08-01,1945,8,22.241
Sud,1945-09-01,1945,9,22.444
Sud,1945-10-01,1945,10,22.119
Sud,1945-11-01,1945,11,22.508
Sud,1945-12-01,1945,12,23.019
Sud,1946-01-01,1946,1,24.069
Sud,1946-02-01,1946,2,24.576
Sud,1946-03-01,1946,3,23.936
Sud,1946-04-01,1946,4,23.498
Sud,1946-05-01,1946,5,23.053
Sud,1946-06-01,1946,6,22.274
Sud,1946-07-01,1946,7,21.745
Sud,1946-08-01,1946,8,22.206
Sud,1946-09-01,1946,9,21.863
Sud,1946-10-01,1946,10,21.84
Sud,1946-11-01,1946,11,22.135
Sud,1946-12-01,1946,12,22.912
Sud,1947-01-01,1947,1,23.497
Sud,1947-02-01,1947,2,23.608
Sud,1947-03-01,1947,3,23.837
Sud,1947-04-01,1947,4,23.575
Sud,1947-05-01,1947,5,23.163
Sud,1947-06-01,1947,6,22.818
Sud,1947-07-01,1947,7,22.351
Sud,1947-08-01,1947,8,22.349
Sud,1947-09-01,1947,9,22.493
Sud,1947-10-01,1947,10,22.504
Sud,1947-11-01,1947,11,22.23
Sud,1947-12-01,1947,12,22.643
Sud,1948-01-01,1948,1,23.192
Sud,1948-02-01,1948,2,23.625
Sud,1948-03-01,1948,3,23.62
Sud,1948-04-01,1948,4,23.054
Sud,1948-05-01,1948,5,23.417
Sud,1948-06-01,1948,6,22.737
Sud,1948-07-01,1948,7,22.031
Sud,1948-08-01,1948,8,22.104
Sud,1948-09-01,1948,9,21.913
Sud,1948-10-01,1948,10,21.9
Sud,1948-11-01,1948,11,22.049
Sud,1948-12-01,1948,12,22.682
Sud,1949-01-01,1949,1,23.95
Sud,1949-02-01,1949,2,24.223
Sud,1949-03-01,1949,3,23.997
Sud,1949-04-01,1949,4,23.887
Sud,1949-05-01,1949,5,23.302
Sud,1949-06-01,1949,6,22.703
Sud,1949-07-01,1949,7,22.225
Sud,1949-08-01,1949,8,22.324
Sud,1949-09-01,1949,9,22.504
Sud,1949-10-01,1949,10,22.733
Sud,1949-11-01,1949,11,22.89
Sud,1949-12-01,1949,12,23.491
Sud,1950-01-01,1950,1,23.34
Sud,1950-02-01,1950,2,23.579
Sud,1950-03-01,1950,3,23.586
Sud,1950-04-01,1950,4,23.869
Sud,1950-05-01,1950,5,23.602
Sud,1950-06-01,1950,6,22.929
Sud,1950-07-01,1950,7,22.074
Sud,1950-08-01,1950,8,21.992
Sud,1950-09-01,1950,9,22.517
Sud,1950-10-01,1950,10,22.353
Sud,1950-11-01,1950,11,22.486
Sud,1950-12-01,1950,12,22.944
Sud,1951-01-01,1951,1,23.279
Sud,1951-02-01,1951,2,23.136
Sud,1951-03-01,1951,3,23.447
Sud,1951-04-01,1951,4,23.557
Sud,1951-05-01,1951,5,23.585
Sud,1951-06-01,1951,6,22.8
Sud,1951-07-01,1951,7,22.455
Sud,1951-08-01,1951,8,22.428
Sud,1951-09-01,1951,9,22.685
Sud,1951-10-01,1951,10,22.724
Sud,1951-11-01,1951,11,22.568
Sud,1951-12-01,1951,12,23.585
Sud,1952-01-01,1952,1,23.911
Sud,1952-02-01,1952,2,23.788
Sud,1952-03-01,1952,3,23.659
Sud,1952-04-01,1952,4,23.62
Sud,1952-05-01,1952,5,23.625
Sud,1952-06-01,1952,6,23.04
Sud,1952-07-01,1952,7,22.039
Sud,1952-08-01,1952,8,22.403
Sud,1952-09-01,1952,9,22.241
Sud,1952-10-01,1952,10,22.4
Sud,1952-11-01,1952,11,22.053
Sud,1952-12-01,1952,12,23.031
Sud,1953-01-01,1953,1,23.802
Sud,1953-02-01,1953,2,23.361
Sud,1953-03-01,1953,3,23.324
Sud,1953-04-01,1953,4,23.395
Sud,1953-05-01,1953,5,23.202
Sud,1953-06-01,1953,6,22.576
Sud,1953-07-01,1953,7,22.074
Sud,1953-08-01,1953,8,22.12
Sud,1953-09-01,1953,9,22.515
Sud,1953-10-01,1953,10,22.376
Sud,1953-11-01,1953,11,22.491
Sud,1953-12-01,1953,12,23.337
Sud,1954-01-01,1954,1,23.21
Sud,1954-02-01,1954,2,23.233
Sud,1954-03-01,1954,3,23.37
Sud,1954-04-01,1954,4,23.394
Sud,1954-05-01,1954,5,23.398
Sud,1954-06-01,1954,6,22.42
Sud,1954-07-01,1954,7,21.569
Sud,1954-08-01,1954,8,21.716
Sud,1954-09-01,1954,9,22.258
Sud,1954-10-01,1954,10,22.155
Sud,1954-11-01,1954,11,22.219
Sud,1954-12-01,1954,12,22.869
Sud,1955-01-01,1955,1,23.173
Sud,1955-02-01,1955,2,23.722
Sud,1955-03-01,1955,3,23.285
Sud,1955-04-01,1955,4,23.462
Sud,1955-05-01,1955,5,23.16
Sud,1955-06-01,1955,6,22.434
Sud,1955-07-01,1955,7,21.894
Sud,1955-08-01,1955,8,22.054
Sud,1955-09-01,1955,9,22.533
Sud,1955-10-01,1955,10,22.45
Sud,1955-11-01,1955,11,22.497
Sud,1955-12-01,1955,12,22.682
Sud,1956-01-01,1956,1,23.147
Sud,1956-02-01,1956,2,23.42
Sud,1956-03-01,1956,3,22.941
Sud,1956-04-01,1956,4,23.362
Sud,1956-05-01,1956,5,23.387
Sud,1956-06-01,1956,6,22.428
Sud,1956-07-01,1956,7,21.589
Sud,1956-08-01,1956,8,22.348
Sud,1956-09-01,1956,9,22.18
Sud,1956-10-01,1956,10,21.943
Sud,1956-11-01,1956,11,22.066
Sud,1956-12-01,1956,12,22.699
Sud,1957-01-01,1957,1,22.763
Sud,1957-02-01,1957,2,23.467
Sud,1957-03-01,1957,3,23.395
Sud,1957-04-01,1957,4,23.446
Sud,1957-05-01,1957,5,23.522
Sud,1957-06-01,1957,6,22.889
Sud,1957-07-01,1957,7,22.252
Sud,1957-08-01,1957,8,22.398
Sud,1957-09-01,1957,9,22.601
Sud,1957-10-01,1957,10,22.348
Sud,1957-11-01,1957,11,23.051
Sud,1957-12-01,1957,12,23.389
Sud,1958-01-01,1958,1,24.234
Sud,1958-02-01,1958,2,24.407
Sud,1958-03-01,1958,3,24.144
Sud,1958-04-01,1958,4,23.954
Sud,1958-05-01,1958,5,23.438
Sud,1958-06-01,1958,6,22.494
Sud,1958-07-01,1958,7,21.91
Sud,1958-08-01,1958,8,22.097
Sud,1958-09-01,1958,9,22.327
Sud,1958-10-01,1958,10,22.462
Sud,1958-11-01,1958,11,22.628
Sud,1958-12-01,1958,12,23.221
Sud,1959-01-01,1959,1,23.752
Sud,1959-02-01,1959,2,24.21
Sud,1959-03-01,1959,3,24.241
Sud,1959-04-01,1959,4,24.099
Sud,1959-05-01,1959,5,23.581
Sud,1959-06-01,1959,6,23.157
Sud,1959-07-01,1959,7,22.508
Sud,1959-08-01,1959,8,22.257
Sud,1959-09-01,1959,9,22.514
Sud,1959-10-01,1959,10,22.706
Sud,1959-11-01,1959,11,23.022
Sud,1959-12-01,1959,12,23.38
Sud,1960-01-01,1960,1,23.729
Sud,1960-02-01,1960,2,23.802
Sud,1960-03-01,1960,3,23.861
Sud,1960-04-01,1960,4,23.765
Sud,1960-05-01,1960,5,23.552
Sud,1960-06-01,1960,6,22.985
Sud,1960-07-01,1960,7,22.194
Sud,1960-08-01,1960,8,22.423
Sud,1960-09-01,1960,9,22.333
Sud,1960-10-01,1960,10,22.65
Sud,1960-11-01,1960,11,22.903
Sud,1960-12-01,1960,12,23.227
Sud,1961-01-01,1961,1,23.615
Sud,1961-02-01,1961,2,23.455
Sud,1961-03-01,1961,3,24.122
Sud,1961-04-01,1961,4,23.708
Sud,1961-05-01,1961,5,23.712
Sud,1961-06-01,1961,6,22.834
Sud,1961-07-01,1961,7,21.97
Sud,1961-08-01,1961,8,21.936
Sud,1961-09-01,1961,9,21.917
Sud,1961-10-01,1961,10,22.168
Sud,1961-11-01,1961,11,22.284
Sud,1961-12-01,1961,12,22.816
Sud,1962-01-01,1962,1,23.311
Sud,1962-02-01,1962,2,24.067
Sud,1962-03-01,1962,3,23.337
Sud,1962-04-01,1962,4,23.523
Sud,1962-05-01,1962,5,23.349
Sud,1962-06-01,1962,6,22.45
Sud,1962-07-01,1962,7,22.514
Sud,1962-08-01,1962,8,22.334
Sud,1962-09-01,1962,9,22.245
Sud,1962-10-01,1962,10,22.38
Sud,1962-11-01,1962,11,22.48
Sud,1962-12-01,1962,12,23.131
Sud,1963-01-01,1963,1,23.196
Sud,1963-02-01,1963,2,23.951
Sud,1963-03-01,1963,3,23.898
Sud,1963-04-01,1963,4,23.667
Sud,1963-05-01,1963,5,23.513
Sud,1963-06-01,1963,6,23.215
Sud,1963-07-01,1963,7,22.804
Sud,1963-08-01,1963,8,22.977
Sud,1963-09-01,1963,9,23.075
Sud,1963-10-01,1963,10,22.95
Sud,1963-11-01,1963,11,22.587
Sud,1963-12-01,1963,12,22.997
Sud,1964-01-01,1964,1,23.654
Sud,1964-02-01,1964,2,24.283
Sud,1964-03-01,1964,3,24.238
Sud,1964-04-01,1964,4,24.089
Sud,1964-05-01,1964,5,23.768
Sud,1964-06-01,1964,6,23.071
Sud,1964-07-01,1964,7,22.567
Sud,1964-08-01,1964,8,22.209
Sud,1964-09-01,1964,9,22.251
Sud,1964-10-01,1964,10,22.192
Sud,1964-11-01,1964,11,22.434
Sud,1964-12-01,1964,12,22.445
Sud,1965-01-01,1965,1,22.871
Sud,1965-02-01,1965,2,23.116
Sud,1965-03-01,1965,3,23.474
Sud,1965-04-01,1965,4,23.765
Sud,1965-05-01,1965,5,23.833
Sud,1965-06-01,1965,6,23.007
Sud,1965-07-01,1965,7,22.637
Sud,1965-08-01,1965,8,22.602
Sud,1965-09-01,1965,9,22.482
Sud,1965-10-01,1965,10,22.771
Sud,1965-11-01,1965,11,22.941
Sud,1965-12-01,1965,12,22.917
Sud,1966-01-01,1966,1,23.421
Sud,1966-02-01,1966,2,23.964
Sud,1966-03-01,1966,3,24.398
Sud,1966-04-01,1966,4,24.137
Sud,1966-05-01,1966,5,23.954
Sud,1966-06-01,1966,6,23.506
Sud,1966-07-01,1966,7,23.042
Sud,1966-08-01,1966,8,22.723
Sud,1966-09-01,1966,9,22.404
Sud,1966-10-01,1966,10,22.588
Sud,1966-11-01,1966,11,22.765
Sud,1966-12-01,1966,12,22.802
Sud,1967-01-01,1967,1,22.774
Sud,1967-02-01,1967,2,23.556
Sud,1967-03-01,1967,3,23.627
Sud,1967-04-01,1967,4,23.803
Sud,1967-05-01,1967,5,23.402
Sud,1967-06-01,1967,6,22.378
Sud,1967-07-01,1967,7,21.89
Sud,1967-08-01,1967,8,21.889
Sud,1967-09-01,1967,9,22.282
Sud,1967-10-01,1967,10,22.546
Sud,1967-11-01,1967,11,23.404
Sud,1967-12-01,1967,12,22.904
Sud,1968-01-01,1968,1,22.805
Sud,1968-02-01,1968,2,23.547
Sud,1968-03-01,1968,3,23.061
Sud,1968-04-01,1968,4,23.521
Sud,1968-05-01,1968,5,23.178
Sud,1968-06-01,1968,6,22.626
Sud,1968-07-01,1968,7,22.06
Sud,1968-08-01,1968,8,22.378
Sud,1968-09-01,1968,9,22.51
Sud,1968-10-01,1968,10,23.208
Sud,1968-11-01,1968,11,23
Sud,1968-12-01,1968,12,23.28
Sud,1969-01-01,1969,1,23.322
Sud,1969-02-01,1969,2,24.258
Sud,1969-03-01,1969,3,23.97
Sud,1969-04-01,1969,4,24.343
Sud,1969-05-01,1969,5,23.98
Sud,1969-06-01,1969,6,23.025
Sud,1969-07-01,1969,7,21.958
Sud,1969-08-01,1969,8,22
Sud,1969-09-01,1969,9,22.485
Sud,1969-10-01,1969,10,22.702
Sud,1969-11-01,1969,11,22.948
Sud,1969-12-01,1969,12,23.12
Sud,1970-01-01,1970,1,23.274
Sud,1970-02-01,1970,2,24.286
Sud,1970-03-01,1970,3,23.858
Sud,1970-04-01,1970,4,24.122
Sud,1970-05-01,1970,5,23.709
Sud,1970-06-01,1970,6,23.005
Sud,1970-07-01,1970,7,21.804
Sud,1970-08-01,1970,8,22.07
Sud,1970-09-01,1970,9,22.311
Sud,1970-10-01,1970,10,22.768
Sud,1970-11-01,1970,11,23.208
Sud,1970-12-01,1970,12,22.949
Sud,1971-01-01,1971,1,22.978
Sud,1971-02-01,1971,2,23.497
Sud,1971-03-01,1971,3,23.701
Sud,1971-04-01,1971,4,23.71
Sud,1971-05-01,1971,5,23.606
Sud,1971-06-01,1971,6,22.722
Sud,1971-07-01,1971,7,21.811
Sud,1971-08-01,1971,8,21.813
Sud,1971-09-01,1971,9,22.333
Sud,1971-10-01,1971,10,22.701
Sud,1971-11-01,1971,11,22.945
Sud,1971-12-01,1971,12,22.608
Sud,1972-01-01,1972,1,23.082
Sud,1972-02-01,1972,2,23.619
Sud,1972-03-01,1972,3,23.498
Sud,1972-04-01,1972,4,23.513
Sud,1972-05-01,1972,5,23.611
Sud,1972-06-01,1972,6,22.348
Sud,1972-07-01,1972,7,22.447
Sud,1972-08-01,1972,8,22.064
Sud,1972-09-01,1972,9,22.744
Sud,1972-10-01,1972,10,22.892
Sud,1972-11-01,1972,11,23.274
Sud,1972-12-01,1972,12,23.821
Sud,1973-01-01,1973,1,24.012
Sud,1973-02-01,1973,2,24.68
Sud,1973-03-01,1973,3,24.303
Sud,1973-04-01,1973,4,24.294
Sud,1973-05-01,1973,5,23.53
Sud,1973-06-01,1973,6,23.268
Sud,1973-07-01,1973,7,22.553
Sud,1973-08-01,1973,8,22.295
Sud,1973-09-01,1973,9,22.669
Sud,1973-10-01,1973,10,22.693
Sud,1973-11-01,1973,11,22.909
Sud,1973-12-01,1973,12,22.476
Sud,1974-01-01,1974,1,22.627
Sud,1974-02-01,1974,2,23.322
Sud,1974-03-01,1974,3,23.427
Sud,1974-04-01,1974,4,23.699
Sud,1974-05-01,1974,5,22.976
Sud,1974-06-01,1974,6,22.672
Sud,1974-07-01,1974,7,21.838
Sud,1974-08-01,1974,8,21.986
Sud,1974-09-01,1974,9,22.05
Sud,1974-10-01,1974,10,22.401
Sud,1974-11-01,1974,11,22.575
Sud,1974-12-01,1974,12,22.436
Sud,1975-01-01,1975,1,23.099
Sud,1975-02-01,1975,2,23.203
Sud,1975-03-01,1975,3,23.379
Sud,1975-04-01,1975,4,23.614
Sud,1975-05-01,1975,5,23.438
Sud,1975-06-01,1975,6,22.689
Sud,1975-07-01,1975,7,21.884
Sud,1975-08-01,1975,8,21.664
Sud,1975-09-01,1975,9,22.04
Sud,1975-10-01,1975,10,22.375
Sud,1975-11-01,1975,11,22.514
Sud,1975-12-01,1975,12,22.7
Sud,1976-01-01,1976,1,23.037
Sud,1976-02-01,1976,2,22.763
Sud,1976-03-01,1976,3,23.566
Sud,1976-04-01,1976,4,23.677
Sud,1976-05-01,1976,5,23.297
Sud,1976-06-01,1976,6,22.431
Sud,1976-07-01,1976,7,21.637
Sud,1976-08-01,1976,8,21.646
Sud,1976-09-01,1976,9,22.516
Sud,1976-10-01,1976,10,22.621
Sud,1976-11-01,1976,11,22.501
Sud,1976-12-01,1976,12,22.877
Sud,1977-01-01,1977,1,23.046
Sud,1977-02-01,1977,2,23.74
Sud,1977-03-01,1977,3,23.983
Sud,1977-04-01,1977,4,24.125
Sud,1977-05-01,1977,5,23.72
Sud,1977-06-01,1977,6,22.691
Sud,1977-07-01,1977,7,22.192
Sud,1977-08-01,1977,8,22.216
Sud,1977-09-01,1977,9,22.747
Sud,1977-10-01,1977,10,23.153
Sud,1977-11-01,1977,11,23.157
Sud,1977-12-01,1977,12,23.077
Sud,1978-01-01,1978,1,23.538
Sud,1978-02-01,1978,2,24.403
Sud,1978-03-01,1978,3,24.015
Sud,1978-04-01,1978,4,23.723
Sud,1978-05-01,1978,5,23.61
Sud,1978-06-01,1978,6,22.706
Sud,1978-07-01,1978,7,21.962
Sud,1978-08-01,1978,8,22.18
Sud,1978-09-01,1978,9,22.323
Sud,1978-10-01,1978,10,22.851
Sud,1978-11-01,1978,11,23.045
Sud,1978-12-01,1978,12,23.034
Sud,1979-01-01,1979,1,23.348
Sud,1979-02-01,1979,2,23.757
Sud,1979-03-01,1979,3,23.931
Sud,1979-04-01,1979,4,23.7
Sud,1979-05-01,1979,5,23.744
Sud,1979-06-01,1979,6,23.044
Sud,1979-07-01,1979,7,22.454
Sud,1979-08-01,1979,8,22.37
Sud,1979-09-01,1979,9,22.689
Sud,1979-10-01,1979,10,23.067
Sud,1979-11-01,1979,11,23.003
Sud,1979-12-01,1979,12,23.042
Sud,1980-01-01,1980,1,23.576
Sud,1980-02-01,1980,2,23.99
Sud,1980-03-01,1980,3,24.283
Sud,1980-04-01,1980,4,24.325
Sud,1980-05-01,1980,5,23.786
Sud,1980-06-01,1980,6,22.982
Sud,1980-07-01,1980,7,22.14
Sud,1980-08-01,1980,8,22.357
Sud,1980-09-01,1980,9,22.814
Sud,1980-10-01,1980,10,22.953
Sud,1980-11-01,1980,11,22.745
Sud,1980-12-01,1980,12,23.174
Sud,1981-01-01,1981,1,23.195
Sud,1981-02-01,1981,2,24.261
Sud,1981-03-01,1981,3,23.947
Sud,1981-04-01,1981,4,24.025
Sud,1981-05-01,1981,5,23.513
Sud,1981-06-01,1981,6,23.177
Sud,1981-07-01,1981,7,21.99
Sud,1981-08-01,1981,8,22.233
Sud,1981-09-01,1981,9,22.566
Sud,1981-10-01,1981,10,23.043
Sud,1981-11-01,1981,11,23.007
Sud,1981-12-01,1981,12,23.134
Sud,1982-01-01,1982,1,23.322
Sud,1982-02-01,1982,2,23.906
Sud,1982-03-01,1982,3,24.053
Sud,1982-04-01,1982,4,24.17
Sud,1982-05-01,1982,5,23.524
Sud,1982-06-01,1982,6,22.859
Sud,1982-07-01,1982,7,22.13
Sud,1982-08-01,1982,8,22.06
Sud,1982-09-01,1982,9,22.623
Sud,1982-10-01,1982,10,22.529
Sud,1982-11-01,1982,11,23.091
Sud,1982-12-01,1982,12,23.188
Sud,1983-01-01,1983,1,23.663
Sud,1983-02-01,1983,2,25.055
Sud,1983-03-01,1983,3,25.386
Sud,1983-04-01,1983,4,24.981
Sud,1983-05-01,1983,5,24.378
Sud,1983-06-01,1983,6,23.132
Sud,1983-07-01,1983,7,22.284
Sud,1983-08-01,1983,8,21.902
Sud,1983-09-01,1983,9,22.85
Sud,1983-10-01,1983,10,22.653
Sud,1983-11-01,1983,11,22.851
Sud,1983-12-01,1983,12,22.665
Sud,1984-01-01,1984,1,23.282
Sud,1984-02-01,1984,2,24.113
Sud,1984-03-01,1984,3,24.067
Sud,1984-04-01,1984,4,24.064
Sud,1984-05-01,1984,5,23.626
Sud,1984-06-01,1984,6,22.911
Sud,1984-07-01,1984,7,22.577
Sud,1984-08-01,1984,8,22.876
Sud,1984-09-01,1984,9,22.564
Sud,1984-10-01,1984,10,23.081
Sud,1984-11-01,1984,11,22.83
Sud,1984-12-01,1984,12,22.891
Sud,1985-01-01,1985,1,23.454
Sud,1985-02-01,1985,2,23.843
Sud,1985-03-01,1985,3,24.184
Sud,1985-04-01,1985,4,23.578
Sud,1985-05-01,1985,5,23.255
Sud,1985-06-01,1985,6,22.699
Sud,1985-07-01,1985,7,22.103
Sud,1985-08-01,1985,8,22.263
Sud,1985-09-01,1985,9,22.469
Sud,1985-10-01,1985,10,22.656
Sud,1985-11-01,1985,11,23.217
Sud,1985-12-01,1985,12,22.953
Sud,1986-01-01,1986,1,23.472
Sud,1986-02-01,1986,2,23.841
Sud,1986-03-01,1986,3,23.523
Sud,1986-04-01,1986,4,24.343
Sud,1986-05-01,1986,5,24.17
Sud,1986-06-01,1986,6,23.153
Sud,1986-07-01,1986,7,21.929
Sud,1986-08-01,1986,8,22.508
Sud,1986-09-01,1986,9,22.475
Sud,1986-10-01,1986,10,22.699
Sud,1986-11-01,1986,11,22.784
Sud,1986-12-01,1986,12,23.039
Sud,1987-01-01,1987,1,23.947
Sud,1987-02-01,1987,2,24.387
Sud,1987-03-01,1987,3,24.496
Sud,1987-04-01,1987,4,24.5
Sud,1987-05-01,1987,5,24.276
Sud,1987-06-01,1987,6,23.63
Sud,1987-07-01,1987,7,23.245
Sud,1987-08-01,1987,8,23.045
Sud,1987-09-01,1987,9,23.206
Sud,1987-10-01,1987,10,23.294
Sud,1987-11-01,1987,11,23.59
Sud,1987-12-01,1987,12,23.847
Sud,1988-01-01,1988,1,23.994
Sud,1988-02-01,1988,2,24.578
Sud,1988-03-01,1988,3,24.608
Sud,1988-04-01,1988,4,24.426
Sud,1988-05-01,1988,5,24.195
Sud,1988-06-01,1988,6,23.133
Sud,1988-07-01,1988,7,22.293
Sud,1988-08-01,1988,8,22.696
Sud,1988-09-01,1988,9,22.62
Sud,1988-10-01,1988,10,23.052
Sud,1988-11-01,1988,11,23.338
Sud,1988-12-01,1988,12,22.892
Sud,1989-01-01,1989,1,22.982
Sud,1989-02-01,1989,2,24.078
Sud,1989-03-01,1989,3,23.958
Sud,1989-04-01,1989,4,24.076
Sud,1989-05-01,1989,5,23.398
Sud,1989-06-01,1989,6,23.243
Sud,1989-07-01,1989,7,22.4
Sud,1989-08-01,1989,8,22.344
Sud,1989-09-01,1989,9,22.837
Sud,1989-10-01,1989,10,22.854
Sud,1989-11-01,1989,11,23.528
Sud,1989-12-01,1989,12,23.394
Sud,1990-01-01,1990,1,23.639
Sud,1990-02-01,1990,2,24.062
Sud,1990-03-01,1990,3,24.842
Sud,1990-04-01,1990,4,24.432
Sud,1990-05-01,1990,5,23.713
Sud,1990-06-01,1990,6,23.477
Sud,1990-07-01,1990,7,22.328
Sud,1990-08-01,1990,8,22.311
Sud,1990-09-01,1990,9,22.689
Sud,1990-10-01,1990,10,23.071
Sud,1990-11-01,1990,11,23.327
Sud,1990-12-01,1990,12,23.484
Sud,1991-01-01,1991,1,23.994
Sud,1991-02-01,1991,2,24.228
Sud,1991-03-01,1991,3,24.472
Sud,1991-04-01,1991,4,23.798
Sud,1991-05-01,1991,5,23.68
Sud,1991-06-01,1991,6,23.643
Sud,1991-07-01,1991,7,22.779
Sud,1991-08-01,1991,8,22.527
Sud,1991-09-01,1991,9,22.922
Sud,1991-10-01,1991,10,22.404
Sud,1991-11-01,1991,11,22.771
Sud,1991-12-01,1991,12,23.517
Sud,1992-01-01,1992,1,23.835
Sud,1992-02-01,1992,2,24.515
Sud,1992-03-01,1992,3,24.407
Sud,1992-04-01,1992,4,24.131
Sud,1992-05-01,1992,5,23.799
Sud,1992-06-01,1992,6,22.788
Sud,1992-07-01,1992,7,22.096
Sud,1992-08-01,1992,8,21.908
Sud,1992-09-01,1992,9,22.504
Sud,1992-10-01,1992,10,22.743
Sud,1992-11-01,1992,11,23.126
Sud,1992-12-01,1992,12,23.369
Sud,1993-01-01,1993,1,23.477
Sud,1993-02-01,1993,2,24.077
Sud,1993-03-01,1993,3,24.157
Sud,1993-04-01,1993,4,24.406
Sud,1993-05-01,1993,5,24.237
Sud,1993-06-01,1993,6,23.276
Sud,1993-07-01,1993,7,22.586
Sud,1993-08-01,1993,8,22.551
Sud,1993-09-01,1993,9,23.021
Sud,1993-10-01,1993,10,23.499
Sud,1993-11-01,1993,11,23.4
Sud,1993-12-01,1993,12,23.598
Sud,1994-01-01,1994,1,23.643
Sud,1994-02-01,1994,2,24.191
Sud,1994-03-01,1994,3,24.666
Sud,1994-04-01,1994,4,24.399
Sud,1994-05-01,1994,5,24.042
Sud,1994-06-01,1994,6,23.399
Sud,1994-07-01,1994,7,22.495
Sud,1994-08-01,1994,8,22.557
Sud,1994-09-01,1994,9,22.852
Sud,1994-10-01,1994,10,23.039
Sud,1994-11-01,1994,11,23.272
Sud,1994-12-01,1994,12,23.944
Sud,1995-01-01,1995,1,24.101
Sud,1995-02-01,1995,2,24.128
Sud,1995-03-01,1995,3,24.325
Sud,1995-04-01,1995,4,24.669
Sud,1995-05-01,1995,5,24.212
Sud,1995-06-01,1995,6,23.627
Sud,1995-07-01,1995,7,22.834
Sud,1995-08-01,1995,8,23.113
Sud,1995-09-01,1995,9,23.211
Sud,1995-10-01,1995,10,22.951
Sud,1995-11-01,1995,11,23.417
Sud,1995-12-01,1995,12,23.285
Sud,1996-01-01,1996,1,23.872
Sud,1996-02-01,1996,2,24.102
Sud,1996-03-01,1996,3,24.125
Sud,1996-04-01,1996,4,24.133
Sud,1996-05-01,1996,5,23.795
Sud,1996-06-01,1996,6,23.356
Sud,1996-07-01,1996,7,22.524
Sud,1996-08-01,1996,8,22.599
Sud,1996-09-01,1996,9,22.867
Sud,1996-10-01,1996,10,22.769
Sud,1996-11-01,1996,11,23.436
Sud,1996-12-01,1996,12,23.304
Sud,1997-01-01,1997,1,23.788
Sud,1997-02-01,1997,2,24.526
Sud,1997-03-01,1997,3,24.506
Sud,1997-04-01,1997,4,23.905
Sud,1997-05-01,1997,5,23.923
Sud,1997-06-01,1997,6,23.211
Sud,1997-07-01,1997,7,22.774
Sud,1997-08-01,1997,8,22.955
Sud,1997-09-01,1997,9,23.225
Sud,1997-10-01,1997,10,23.633
Sud,1997-11-01,1997,11,23.417
Sud,1997-12-01,1997,12,23.745
Sud,1998-01-01,1998,1,24.755
Sud,1998-02-01,1998,2,25.835
Sud,1998-03-01,1998,3,25.559
Sud,1998-04-01,1998,4,25.419
Sud,1998-05-01,1998,5,25.177
Sud,1998-06-01,1998,6,24.061
Sud,1998-07-01,1998,7,23.121
Sud,1998-08-01,1998,8,22.932
Sud,1998-09-01,1998,9,23.142
Sud,1998-10-01,1998,10,23.312
Sud,1998-11-01,1998,11,23.499
Sud,1998-12-01,1998,12,23.753
Sud,1999-01-01,1999,1,23.717
Sud,1999-02-01,1999,2,24.23
Sud,1999-03-01,1999,3,24.525
Sud,1999-04-01,1999,4,23.997
Sud,1999-05-01,1999,5,23.681
Sud,1999-06-01,1999,6,23.337
Sud,1999-07-01,1999,7,22.483
Sud,1999-08-01,1999,8,22.601
Sud,1999-09-01,1999,9,22.521
Sud,1999-10-01,1999,10,22.567
Sud,1999-11-01,1999,11,22.813
Sud,1999-12-01,1999,12,23.381
Sud,2000-01-01,2000,1,23.727
Sud,2000-02-01,2000,2,23.982
Sud,2000-03-01,2000,3,24.584
Sud,2000-04-01,2000,4,23.963
Sud,2000-05-01,2000,5,23.973
Sud,2000-06-01,2000,6,23.065
Sud,2000-07-01,2000,7,22.472
Sud,2000-08-01,2000,8,22.428
Sud,2000-09-01,2000,9,22.718
Sud,2000-10-01,2000,10,22.941
Sud,2000-11-01,2000,11,23.239
Sud,2000-12-01,2000,12,23.195
Sud,2001-01-01,2001,1,23.514
Sud,2001-02-01,2001,2,24.447
Sud,2001-03-01,2001,3,24.005
Sud,2001-04-01,2001,4,24.157
Sud,2001-05-01,2001,5,24.136
Sud,2001-06-01,2001,6,23.091
Sud,2001-07-01,2001,7,22.304
Sud,2001-08-01,2001,8,22.284
Sud,2001-09-01,2001,9,22.702
Sud,2001-10-01,2001,10,23.325
Sud,2001-11-01,2001,11,23.385
Sud,2001-12-01,2001,12,23.977
Sud,2002-01-01,2002,1,24.182
Sud,2002-02-01,2002,2,24.669
Sud,2002-03-01,2002,3,24.493
Sud,2002-04-01,2002,4,24.41
Sud,2002-05-01,2002,5,24.414
Sud,2002-06-01,2002,6,23.469
Sud,2002-07-01,2002,7,23.08
Sud,2002-08-01,2002,8,22.848
Sud,2002-09-01,2002,9,23.179
Sud,2002-10-01,2002,10,23.031
Sud,2002-11-01,2002,11,23.335
Sud,2002-12-01,2002,12,23.813
Sud,2003-01-01,2003,1,24.187
Sud,2003-02-01,2003,2,25.039
Sud,2003-03-01,2003,3,24.838
Sud,2003-04-01,2003,4,24.354
Sud,2003-05-01,2003,5,24.286
Sud,2003-06-01,2003,6,23.37
Sud,2003-07-01,2003,7,23.02
Sud,2003-08-01,2003,8,22.995
Sud,2003-09-01,2003,9,23.052
Sud,2003-10-01,2003,10,23.601
Sud,2003-11-01,2003,11,23.665
Sud,2003-12-01,2003,12,24.031
Sud,2004-01-01,2004,1,24.315
Sud,2004-02-01,2004,2,24.818
Sud,2004-03-01,2004,3,25.052
Sud,2004-04-01,2004,4,24.607
Sud,2004-05-01,2004,5,23.951
Sud,2004-06-01,2004,6,23.055
Sud,2004-07-01,2004,7,22.925
Sud,2004-08-01,2004,8,22.986
Sud,2004-09-01,2004,9,23.188
Sud,2004-10-01,2004,10,23.34
Sud,2004-11-01,2004,11,23.645
Sud,2004-12-01,2004,12,24.193
Sud,2005-01-01,2005,1,24.444
Sud,2005-02-01,2005,2,25.427
Sud,2005-03-01,2005,3,24.946
Sud,2005-04-01,2005,4,25.112
Sud,2005-05-01,2005,5,24.35
Sud,2005-06-01,2005,6,23.53
Sud,2005-07-01,2005,7,23.021
Sud,2005-08-01,2005,8,22.738
Sud,2005-09-01,2005,9,23.427
Sud,2005-10-01,2005,10,23.161
Sud,2005-11-01,2005,11,23.948
Sud,2005-12-01,2005,12,23.667
Sud,2006-01-01,2006,1,24.464
Sud,2006-02-01,2006,2,24.697
Sud,2006-03-01,2006,3,24.509
Sud,2006-04-01,2006,4,24.328
Sud,2006-05-01,2006,5,23.712
Sud,2006-06-01,2006,6,23.76
Sud,2006-07-01,2006,7,23.123
Sud,2006-08-01,2006,8,23.111
Sud,2006-09-01,2006,9,23.035
Sud,2006-10-01,2006,10,23.783
Sud,2006-11-01,2006,11,23.508
Sud,2006-12-01,2006,12,23.863
Sud,2007-01-01,2007,1,24.319
Sud,2007-02-01,2007,2,25.113
Sud,2007-03-01,2007,3,25.172
Sud,2007-04-01,2007,4,24.422
Sud,2007-05-01,2007,5,24.207
Sud,2007-06-01,2007,6,23.38
Sud,2007-07-01,2007,7,23.04
Sud,2007-08-01,2007,8,22.969
Sud,2007-09-01,2007,9,23.156
Sud,2007-10-01,2007,10,23.146
Sud,2007-11-01,2007,11,23.521
Sud,2007-12-01,2007,12,23.861
Sud,2008-01-01,2008,1,23.975
Sud,2008-02-01,2008,2,24.748
Sud,2008-03-01,2008,3,24.275
Sud,2008-04-01,2008,4,23.991
Sud,2008-05-01,2008,5,24.172
Sud,2008-06-01,2008,6,23.716
Sud,2008-07-01,2008,7,22.997
Sud,2008-08-01,2008,8,23.241
Sud,2008-09-01,2008,9,23.529
Sud,2008-10-01,2008,10,23.728
Sud,2008-11-01,2008,11,24.124
Sud,2008-12-01,2008,12,23.899
Sud,2009-01-01,2009,1,24.226
Sud,2009-02-01,2009,2,24.434
Sud,2009-03-01,2009,3,24.979
Sud,2009-04-01,2009,4,24.687
Sud,2009-05-01,2009,5,24.428
Sud,2009-06-01,2009,6,23.769
Sud,2009-07-01,2009,7,23.493
Sud,2009-08-01,2009,8,23.405
Sud,2009-09-01,2009,9,23.872
Sud,2009-10-01,2009,10,23.558
Sud,2009-11-01,2009,11,23.904
Sud,2009-12-01,2009,12,24.428
Sud,2010-01-01,2010,1,24.874
Sud,2010-02-01,2010,2,25.47
Sud,2010-03-01,2010,3,25.269
Sud,2010-04-01,2010,4,25.421
Sud,2010-05-01,2010,5,25.014
Sud,2010-06-01,2010,6,24.063
Sud,2010-07-01,2010,7,23.256
Sud,2010-08-01,2010,8,23.503
Sud,2010-09-01,2010,9,23.651
Sud,2010-10-01,2010,10,23.786
Sud,2010-11-01,2010,11,23.927
Sud,2010-12-01,2010,12,24.072
Sud,2011-01-01,2011,1,24.061
Sud,2011-02-01,2011,2,24.319
Sud,2011-03-01,2011,3,24.951
Sud,2011-04-01,2011,4,24.659
Sud,2011-05-01,2011,5,24.77
Sud,2011-06-01,2011,6,23.796
Sud,2011-07-01,2011,7,23.149
Sud,2011-08-01,2011,8,22.995
Sud,2011-09-01,2011,9,23.427
Sud,2011-10-01,2011,10,23.437
Sud,2011-11-01,2011,11,23.862
Sud,2011-12-01,2011,12,24.308
Sud,2012-01-01,2012,1,24.535
Sud,2012-02-01,2012,2,24.199
Sud,2012-03-01,2012,3,25.041
Sud,2012-04-01,2012,4,24.868
Sud,2012-05-01,2012,5,24.239
Sud,2012-06-01,2012,6,23.641
Sud,2012-07-01,2012,7,23.093
Sud,2012-08-01,2012,8,23.102
Sud,2012-09-01,2012,9,23.332
Sud,2012-10-01,2012,10,23.716
Sud,2012-11-01,2012,11,24.013
Sud,2012-12-01,2012,12,24.274
Sud,2013-01-01,2013,1,25.055
Sud,2013-02-01,2013,2,25.357
Sud,2013-03-01,2013,3,24.84
Sud,2013-04-01,2013,4,24.786
Sud,2013-05-01,2013,5,24.546
Sud,2013-06-01,2013,6,23.916
Sud,2013-07-01,2013,7,22.621
Sud,2013-08-01,2013,8,22.828
Sud,2013-09-01,2013,9,23.554
Sud,2013-10-01,2013,10,23.492
Sud,2013-11-01,2013,11,23.864
Sud,2013-12-01,2013,12,24.042
Sud,2014-01-01,2014,1,24.83
Sud,2014-02-01,2014,2,25.274
Sud,2014-03-01,2014,3,24.905
Sud,2014-04-01,2014,4,24.48
Sud,2014-05-01,2014,5,24.688
Sud,2014-06-01,2014,6,24.204
Sud,2014-07-01,2014,7,23.137
Sud,2014-08-01,2014,8,22.984
Sud,2014-09-01,2014,9,23.512
Sud,2014-10-01,2014,10,23.914
Sud,2014-11-01,2014,11,24.134
Sud,2014-12-01,2014,12,24.372
Sud,2015-01-01,2015,1,24.329
Sud,2015-02-01,2015,2,25.133
Sud,2015-03-01,2015,3,25.159
Sud,2015-04-01,2015,4,24.868
Sud,2015-05-01,2015,5,24.785
Sud,2015-06-01,2015,6,23.707
Sud,2015-07-01,2015,7,23.521
Sud,2015-08-01,2015,8,23.621
Sud,2015-09-01,2015,9,23.681
Sud,2015-10-01,2015,10,23.972
Sud,2015-11-01,2015,11,24.088
Sud,2015-12-01,2015,12,24.352
Sud,2016-01-01,2016,1,25.259
Sud,2016-02-01,2016,2,26.366
Sud,2016-03-01,2016,3,25.425
Sud,2016-04-01,2016,4,25.364
Sud,2016-05-01,2016,5,24.827
Sud,2016-06-01,2016,6,24.129
Sud,2016-07-01,2016,7,23.549
Sud,2016-08-01,2016,8,23.501
Sud,2016-09-01,2016,9,23.963
Sud,2016-10-01,2016,10,24.2
Sud,2016-11-01,2016,11,24.296
Sud,2016-12-01,2016,12,24.575
Sud,2017-01-01,2017,1,25.077
Sud,2017-02-01,2017,2,25.49
Sud,2017-03-01,2017,3,25.365
Sud,2017-04-01,2017,4,25.125
Sud,2017-05-01,2017,5,24.851
Sud,2017-06-01,2017,6,24.394
Sud,2017-07-01,2017,7,23.77
Sud,2017-08-01,2017,8,23.392
Sud,2017-09-01,2017,9,23.93
Sud,2017-10-01,2017,10,24
Sud,2017-11-01,2017,11,24.099
Sud,2017-12-01,2017,12,24.944
Sud,2018-01-01,2018,1,24.731
Sud,2018-02-01,2018,2,25.23
Sud,2018-03-01,2018,3,24.876
Sud,2018-04-01,2018,4,24.75
Sud,2018-05-01,2018,5,24.575
Sud,2018-06-01,2018,6,24.259
Sud,2018-07-01,2018,7,23.771
Sud,2018-08-01,2018,8,23.746
Sud,2018-09-01,2018,9,23.949
Sud,2018-10-01,2018,10,23.954
Sud,2018-11-01,2018,11,24.485
Sud,2018-12-01,2018,12,24.667
Sud,2019-01-01,2019,1,25.241
Sud,2019-02-01,2019,2,25.412
Sud,2019-03-01,2019,3,25.258
Sud,2019-04-01,2019,4,25.203
Sud,2019-05-01,2019,5,24.82
Sud,2019-06-01,2019,6,24.233
Sud,2019-07-01,2019,7,23.627
Sud,2019-08-01,2019,8,23.701
Sud,2019-09-01,2019,9,24.15
Sud,2019-10-01,2019,10,23.903
Sud,2019-11-01,2019,11,24.402
Sud,2019-12-01,2019,12,24.843
Sud,2020-01-01,2020,1,25.292
Sud,2020-02-01,2020,2,25.977
Sud,2020-03-01,2020,3,25.869
Sud,2020-04-01,2020,4,25.4
Sud,2020-05-01,2020,5,25.113
Sud,2020-06-01,2020,6,24.294
Sud,2020-07-01,2020,7,23.499
Sud,2020-08-01,2020,8,23.899
Sud,2020-09-01,2020,9,23.706
Sud,2020-10-01,2020,10,23.983
Sud,2020-11-01,2020,11,24.533
Sud,2020-12-01,2020,12,25.033
Sud,2021-01-01,2021,1,25.195
Sud,2021-02-01,2021,2,25.842
Sud,2021-03-01,2021,3,25.092
Sud,2021-04-01,2021,4,25.143
Sud,2021-05-01,2021,5,24.721
Sud,2021-06-01,2021,6,24.367
Sud,2021-07-01,2021,7,23.802
Sud,2021-08-01,2021,8,23.894
Sud,2021-09-01,2021,9,23.96
Sud,2021-10-01,2021,10,24.277
Sud,2021-11-01,2021,11,24.335
Sud,2021-12-01,2021,12,25.052
Sud,2022-01-01,2022,1,24.94
Sud,2022-02-01,2022,2,25.818
Sud,2022-03-01,2022,3,25.406
Sud,2022-04-01,2022,4,24.773
Sud,2022-05-01,2022,5,24.567
Sud,2022-06-01,2022,6,23.76
Sud,2022-07-01,2022,7,23.491
Sud,2022-08-01,2022,8,23.705
Sud,2022-09-01,2022,9,23.717
Sud,2022-10-01,2022,10,23.717
Sud,2022-11-01,2022,11,24.274
Sud,2022-12-01,2022,12,24.402
Sud,2023-01-01,2023,1,25.028
Sud,2023-02-01,2023,2,25.831
Sud,2023-03-01,2023,3,25.043
Sud,2023-04-01,2023,4,24.487
Sud,2023-05-01,2023,5,25.204
Sud,2023-06-01,2023,6,24.417
Sud,2023-07-01,2023,7,24.315
Sud,2023-08-01,2023,8,24.042
Sud,2023-09-01,2023,9,24.311
Sud,2023-10-01,2023,10,24.331
Sud,2023-11-01,2023,11,24.252
Sud,2023-12-01,2023,12,25.135
Sud,2024-01-01,2024,1,25.606
Sud,2024-02-01,2024,2,26.502
Sud,2024-03-01,2024,3,26.104
Sud,2024-04-01,2024,4,25.904
Sud,2024-05-01,2024,5,25.991
Sud,2024-06-01,2024,6,24.885
Sud,2024-07-01,2024,7,23.95
Sud,2024-08-01,2024,8,23.911
Sud,2024-09-01,2024,9,24.116
Sud,2024-10-01,2024,10,24.127
Sud,2024-11-01,2024,11,24.683
Sud,2024-12-01,2024,12,25.364
Sud,2025-01-01,2025,1,25.39
Sud,2025-02-01,2025,2,26.094
Sud,2025-03-01,2025,3,25.647
Sud,2025-04-01,2025,4,25.127
Sud,2025-05-01,2025,5,24.889
Sud,2025-06-01,2025,6,24.448
Sud,2025-07-01,2025,7,23.362
Sud,2025-08-01,2025,8,23.122
Sud,2025-09-01,2025,9,23.837
Sud,2025-10-01,2025,10,23.724
Sud,2025-11-01,2025,11,24.339
Sud,2025-12-01,2025,12,24.902
Sud,2026-01-01,2026,1,25.268
Sud,2026-02-01,2026,2,24.773
Sud,2026-03-01,2026,3,25.038
Sud,2026-04-01,2026,4,25.041
Sud,2026-05-01,2026,5,25.007
Sud,2026-06-01,2026,6,24.204
Sud-Ouest,1940-01-01,1940,1,23.176
Sud-Ouest,1940-02-01,1940,2,24.142
Sud-Ouest,1940-03-01,1940,3,24.069
Sud-Ouest,1940-04-01,1940,4,23.635
Sud-Ouest,1940-05-01,1940,5,23.514
Sud-Ouest,1940-06-01,1940,6,22.82
Sud-Ouest,1940-07-01,1940,7,22.051
Sud-Ouest,1940-08-01,1940,8,22.383
Sud-Ouest,1940-09-01,1940,9,22.223
Sud-Ouest,1940-10-01,1940,10,22.702
Sud-Ouest,1940-11-01,1940,11,22.501
Sud-Ouest,1940-12-01,1940,12,23.808
Sud-Ouest,1941-01-01,1941,1,24.021
Sud-Ouest,1941-02-01,1941,2,24.857
Sud-Ouest,1941-03-01,1941,3,24.863
Sud-Ouest,1941-04-01,1941,4,23.915
Sud-Ouest,1941-05-01,1941,5,23.347
Sud-Ouest,1941-06-01,1941,6,23.216
Sud-Ouest,1941-07-01,1941,7,22.063
Sud-Ouest,1941-08-01,1941,8,22.128
Sud-Ouest,1941-09-01,1941,9,22.232
Sud-Ouest,1941-10-01,1941,10,22.734
Sud-Ouest,1941-11-01,1941,11,22.762
Sud-Ouest,1941-12-01,1941,12,23.631
Sud-Ouest,1942-01-01,1942,1,24.094
Sud-Ouest,1942-02-01,1942,2,24.447
Sud-Ouest,1942-03-01,1942,3,24.416
Sud-Ouest,1942-04-01,1942,4,23.688
Sud-Ouest,1942-05-01,1942,5,23.475
Sud-Ouest,1942-06-01,1942,6,22.67
Sud-Ouest,1942-07-01,1942,7,21.676
Sud-Ouest,1942-08-01,1942,8,21.902
Sud-Ouest,1942-09-01,1942,9,22.397
Sud-Ouest,1942-10-01,1942,10,22.567
Sud-Ouest,1942-11-01,1942,11,22.927
Sud-Ouest,1942-12-01,1942,12,22.631
Sud-Ouest,1943-01-01,1943,1,23.137
Sud-Ouest,1943-02-01,1943,2,23.564
Sud-Ouest,1943-03-01,1943,3,23.69
Sud-Ouest,1943-04-01,1943,4,23.403
Sud-Ouest,1943-05-01,1943,5,23.012
Sud-Ouest,1943-06-01,1943,6,22.263
Sud-Ouest,1943-07-01,1943,7,21.189
Sud-Ouest,1943-08-01,1943,8,22.018
Sud-Ouest,1943-09-01,1943,9,22.449
Sud-Ouest,1943-10-01,1943,10,22.651
Sud-Ouest,1943-11-01,1943,11,22.718
Sud-Ouest,1943-12-01,1943,12,23.546
Sud-Ouest,1944-01-01,1944,1,24.394
Sud-Ouest,1944-02-01,1944,2,24.897
Sud-Ouest,1944-03-01,1944,3,24.029
Sud-Ouest,1944-04-01,1944,4,23.879
Sud-Ouest,1944-05-01,1944,5,23.781
Sud-Ouest,1944-06-01,1944,6,22.928
Sud-Ouest,1944-07-01,1944,7,22.186
Sud-Ouest,1944-08-01,1944,8,21.904
Sud-Ouest,1944-09-01,1944,9,22.551
Sud-Ouest,1944-10-01,1944,10,22.912
Sud-Ouest,1944-11-01,1944,11,23.419
Sud-Ouest,1944-12-01,1944,12,24.084
Sud-Ouest,1945-01-01,1945,1,24.412
Sud-Ouest,1945-02-01,1945,2,24.651
Sud-Ouest,1945-03-01,1945,3,25.586
Sud-Ouest,1945-04-01,1945,4,25.164
Sud-Ouest,1945-05-01,1945,5,23.37
Sud-Ouest,1945-06-01,1945,6,22.851
Sud-Ouest,1945-07-01,1945,7,21.881
Sud-Ouest,1945-08-01,1945,8,21.992
Sud-Ouest,1945-09-01,1945,9,22.484
Sud-Ouest,1945-10-01,1945,10,22.652
Sud-Ouest,1945-11-01,1945,11,23.098
Sud-Ouest,1945-12-01,1945,12,23.347
Sud-Ouest,1946-01-01,1946,1,24.603
Sud-Ouest,1946-02-01,1946,2,26.079
Sud-Ouest,1946-03-01,1946,3,25.055
Sud-Ouest,1946-04-01,1946,4,24.576
Sud-Ouest,1946-05-01,1946,5,23.531
Sud-Ouest,1946-06-01,1946,6,22.317
Sud-Ouest,1946-07-01,1946,7,21.559
Sud-Ouest,1946-08-01,1946,8,21.861
Sud-Ouest,1946-09-01,1946,9,21.887
Sud-Ouest,1946-10-01,1946,10,22.203
Sud-Ouest,1946-11-01,1946,11,23.015
Sud-Ouest,1946-12-01,1946,12,23.755
Sud-Ouest,1947-01-01,1947,1,24.337
Sud-Ouest,1947-02-01,1947,2,24.593
Sud-Ouest,1947-03-01,1947,3,25
Sud-Ouest,1947-04-01,1947,4,24.006
Sud-Ouest,1947-05-01,1947,5,23.663
Sud-Ouest,1947-06-01,1947,6,22.712
Sud-Ouest,1947-07-01,1947,7,21.95
Sud-Ouest,1947-08-01,1947,8,22
Sud-Ouest,1947-09-01,1947,9,22.336
Sud-Ouest,1947-10-01,1947,10,22.864
Sud-Ouest,1947-11-01,1947,11,23.302
Sud-Ouest,1947-12-01,1947,12,23.25
Sud-Ouest,1948-01-01,1948,1,23.949
Sud-Ouest,1948-02-01,1948,2,24.95
Sud-Ouest,1948-03-01,1948,3,24.557
Sud-Ouest,1948-04-01,1948,4,23.644
Sud-Ouest,1948-05-01,1948,5,23.813
Sud-Ouest,1948-06-01,1948,6,22.735
Sud-Ouest,1948-07-01,1948,7,21.89
Sud-Ouest,1948-08-01,1948,8,22.091
Sud-Ouest,1948-09-01,1948,9,22.123
Sud-Ouest,1948-10-01,1948,10,22.413
Sud-Ouest,1948-11-01,1948,11,22.975
Sud-Ouest,1948-12-01,1948,12,24.012
Sud-Ouest,1949-01-01,1949,1,25.077
Sud-Ouest,1949-02-01,1949,2,25.311
Sud-Ouest,1949-03-01,1949,3,24.894
Sud-Ouest,1949-04-01,1949,4,24.178
Sud-Ouest,1949-05-01,1949,5,23.667
Sud-Ouest,1949-06-01,1949,6,22.8
Sud-Ouest,1949-07-01,1949,7,22.236
Sud-Ouest,1949-08-01,1949,8,22.011
Sud-Ouest,1949-09-01,1949,9,22.401
Sud-Ouest,1949-10-01,1949,10,22.781
Sud-Ouest,1949-11-01,1949,11,22.99
Sud-Ouest,1949-12-01,1949,12,23.85
Sud-Ouest,1950-01-01,1950,1,24.013
Sud-Ouest,1950-02-01,1950,2,24.27
Sud-Ouest,1950-03-01,1950,3,24.469
Sud-Ouest,1950-04-01,1950,4,24.236
Sud-Ouest,1950-05-01,1950,5,23.836
Sud-Ouest,1950-06-01,1950,6,22.703
Sud-Ouest,1950-07-01,1950,7,21.589
Sud-Ouest,1950-08-01,1950,8,21.534
Sud-Ouest,1950-09-01,1950,9,22.176
Sud-Ouest,1950-10-01,1950,10,22.478
Sud-Ouest,1950-11-01,1950,11,22.813
Sud-Ouest,1950-12-01,1950,12,23.719
Sud-Ouest,1951-01-01,1951,1,23.902
Sud-Ouest,1951-02-01,1951,2,23.902
Sud-Ouest,1951-03-01,1951,3,24.236
Sud-Ouest,1951-04-01,1951,4,24.115
Sud-Ouest,1951-05-01,1951,5,23.983
Sud-Ouest,1951-06-01,1951,6,22.926
Sud-Ouest,1951-07-01,1951,7,22.243
Sud-Ouest,1951-08-01,1951,8,22.354
Sud-Ouest,1951-09-01,1951,9,22.728
Sud-Ouest,1951-10-01,1951,10,22.956
Sud-Ouest,1951-11-01,1951,11,23.379
Sud-Ouest,1951-12-01,1951,12,24.231
Sud-Ouest,1952-01-01,1952,1,24.769
Sud-Ouest,1952-02-01,1952,2,24.846
Sud-Ouest,1952-03-01,1952,3,24.631
Sud-Ouest,1952-04-01,1952,4,24.154
Sud-Ouest,1952-05-01,1952,5,23.909
Sud-Ouest,1952-06-01,1952,6,23.046
Sud-Ouest,1952-07-01,1952,7,21.863
Sud-Ouest,1952-08-01,1952,8,22.237
Sud-Ouest,1952-09-01,1952,9,22.359
Sud-Ouest,1952-10-01,1952,10,22.746
Sud-Ouest,1952-11-01,1952,11,22.904
Sud-Ouest,1952-12-01,1952,12,24.094
Sud-Ouest,1953-01-01,1953,1,24.84
Sud-Ouest,1953-02-01,1953,2,24.294
Sud-Ouest,1953-03-01,1953,3,23.884
Sud-Ouest,1953-04-01,1953,4,24.506
Sud-Ouest,1953-05-01,1953,5,23.669
Sud-Ouest,1953-06-01,1953,6,22.688
Sud-Ouest,1953-07-01,1953,7,22.119
Sud-Ouest,1953-08-01,1953,8,22.154
Sud-Ouest,1953-09-01,1953,9,22.717
Sud-Ouest,1953-10-01,1953,10,22.72
Sud-Ouest,1953-11-01,1953,11,23.266
Sud-Ouest,1953-12-01,1953,12,23.956
Sud-Ouest,1954-01-01,1954,1,24.19
Sud-Ouest,1954-02-01,1954,2,23.915
Sud-Ouest,1954-03-01,1954,3,23.952
Sud-Ouest,1954-04-01,1954,4,23.846
Sud-Ouest,1954-05-01,1954,5,23.831
Sud-Ouest,1954-06-01,1954,6,22.573
Sud-Ouest,1954-07-01,1954,7,21.417
Sud-Ouest,1954-08-01,1954,8,21.538
Sud-Ouest,1954-09-01,1954,9,22.248
Sud-Ouest,1954-10-01,1954,10,22.471
Sud-Ouest,1954-11-01,1954,11,22.905
Sud-Ouest,1954-12-01,1954,12,23.476
Sud-Ouest,1955-01-01,1955,1,24.419
Sud-Ouest,1955-02-01,1955,2,25.06
Sud-Ouest,1955-03-01,1955,3,23.98
Sud-Ouest,1955-04-01,1955,4,23.836
Sud-Ouest,1955-05-01,1955,5,23.652
Sud-Ouest,1955-06-01,1955,6,22.551
Sud-Ouest,1955-07-01,1955,7,21.642
Sud-Ouest,1955-08-01,1955,8,21.751
Sud-Ouest,1955-09-01,1955,9,22.422
Sud-Ouest,1955-10-01,1955,10,22.635
Sud-Ouest,1955-11-01,1955,11,23.367
Sud-Ouest,1955-12-01,1955,12,23.82
Sud-Ouest,1956-01-01,1956,1,24.306
Sud-Ouest,1956-02-01,1956,2,24.325
Sud-Ouest,1956-03-01,1956,3,23.536
Sud-Ouest,1956-04-01,1956,4,23.82
Sud-Ouest,1956-05-01,1956,5,23.604
Sud-Ouest,1956-06-01,1956,6,22.499
Sud-Ouest,1956-07-01,1956,7,21.44
Sud-Ouest,1956-08-01,1956,8,21.897
Sud-Ouest,1956-09-01,1956,9,22.108
Sud-Ouest,1956-10-01,1956,10,22.376
Sud-Ouest,1956-11-01,1956,11,22.816
Sud-Ouest,1956-12-01,1956,12,23.006
Sud-Ouest,1957-01-01,1957,1,23.441
Sud-Ouest,1957-02-01,1957,2,24.197
Sud-Ouest,1957-03-01,1957,3,24.21
Sud-Ouest,1957-04-01,1957,4,23.848
Sud-Ouest,1957-05-01,1957,5,23.678
Sud-Ouest,1957-06-01,1957,6,22.817
Sud-Ouest,1957-07-01,1957,7,22.176
Sud-Ouest,1957-08-01,1957,8,22.102
Sud-Ouest,1957-09-01,1957,9,22.695
Sud-Ouest,1957-10-01,1957,10,22.66
Sud-Ouest,1957-11-01,1957,11,23.337
Sud-Ouest,1957-12-01,1957,12,23.691
Sud-Ouest,1958-01-01,1958,1,24.886
Sud-Ouest,1958-02-01,1958,2,25.649
Sud-Ouest,1958-03-01,1958,3,25.047
Sud-Ouest,1958-04-01,1958,4,24.368
Sud-Ouest,1958-05-01,1958,5,23.726
Sud-Ouest,1958-06-01,1958,6,22.515
Sud-Ouest,1958-07-01,1958,7,21.724
Sud-Ouest,1958-08-01,1958,8,21.816
Sud-Ouest,1958-09-01,1958,9,22.268
Sud-Ouest,1958-10-01,1958,10,22.759
Sud-Ouest,1958-11-01,1958,11,23.065
Sud-Ouest,1958-12-01,1958,12,23.596
Sud-Ouest,1959-01-01,1959,1,24.067
Sud-Ouest,1959-02-01,1959,2,24.926
Sud-Ouest,1959-03-01,1959,3,25.199
Sud-Ouest,1959-04-01,1959,4,24.555
Sud-Ouest,1959-05-01,1959,5,23.744
Sud-Ouest,1959-06-01,1959,6,23.21
Sud-Ouest,1959-07-01,1959,7,22.199
Sud-Ouest,1959-08-01,1959,8,22.219
Sud-Ouest,1959-09-01,1959,9,22.447
Sud-Ouest,1959-10-01,1959,10,23.032
Sud-Ouest,1959-11-01,1959,11,23.248
Sud-Ouest,1959-12-01,1959,12,23.888
Sud-Ouest,1960-01-01,1960,1,24.249
Sud-Ouest,1960-02-01,1960,2,25.11
Sud-Ouest,1960-03-01,1960,3,24.656
Sud-Ouest,1960-04-01,1960,4,24.242
Sud-Ouest,1960-05-01,1960,5,23.897
Sud-Ouest,1960-06-01,1960,6,22.981
Sud-Ouest,1960-07-01,1960,7,22.357
Sud-Ouest,1960-08-01,1960,8,22.305
Sud-Ouest,1960-09-01,1960,9,22.448
Sud-Ouest,1960-10-01,1960,10,22.937
Sud-Ouest,1960-11-01,1960,11,23.446
Sud-Ouest,1960-12-01,1960,12,23.687
Sud-Ouest,1961-01-01,1961,1,23.845
Sud-Ouest,1961-02-01,1961,2,24.464
Sud-Ouest,1961-03-01,1961,3,25.568
Sud-Ouest,1961-04-01,1961,4,24.125
Sud-Ouest,1961-05-01,1961,5,24.034
Sud-Ouest,1961-06-01,1961,6,22.779
Sud-Ouest,1961-07-01,1961,7,22.147
Sud-Ouest,1961-08-01,1961,8,22.202
Sud-Ouest,1961-09-01,1961,9,22.362
Sud-Ouest,1961-10-01,1961,10,22.545
Sud-Ouest,1961-11-01,1961,11,23.146
Sud-Ouest,1961-12-01,1961,12,23.615
Sud-Ouest,1962-01-01,1962,1,24.017
Sud-Ouest,1962-02-01,1962,2,25.01
Sud-Ouest,1962-03-01,1962,3,24.006
Sud-Ouest,1962-04-01,1962,4,23.975
Sud-Ouest,1962-05-01,1962,5,23.769
Sud-Ouest,1962-06-01,1962,6,22.54
Sud-Ouest,1962-07-01,1962,7,22.575
Sud-Ouest,1962-08-01,1962,8,22.157
Sud-Ouest,1962-09-01,1962,9,22.29
Sud-Ouest,1962-10-01,1962,10,22.713
Sud-Ouest,1962-11-01,1962,11,23.004
Sud-Ouest,1962-12-01,1962,12,23.709
Sud-Ouest,1963-01-01,1963,1,24.174
Sud-Ouest,1963-02-01,1963,2,25.035
Sud-Ouest,1963-03-01,1963,3,25.255
Sud-Ouest,1963-04-01,1963,4,24.269
Sud-Ouest,1963-05-01,1963,5,23.953
Sud-Ouest,1963-06-01,1963,6,23.374
Sud-Ouest,1963-07-01,1963,7,22.839
Sud-Ouest,1963-08-01,1963,8,22.954
Sud-Ouest,1963-09-01,1963,9,23.098
Sud-Ouest,1963-10-01,1963,10,23.219
Sud-Ouest,1963-11-01,1963,11,23.355
Sud-Ouest,1963-12-01,1963,12,24.121
Sud-Ouest,1964-01-01,1964,1,24.955
Sud-Ouest,1964-02-01,1964,2,25.622
Sud-Ouest,1964-03-01,1964,3,25.32
Sud-Ouest,1964-04-01,1964,4,24.843
Sud-Ouest,1964-05-01,1964,5,24.187
Sud-Ouest,1964-06-01,1964,6,23.15
Sud-Ouest,1964-07-01,1964,7,22.559
Sud-Ouest,1964-08-01,1964,8,22.094
Sud-Ouest,1964-09-01,1964,9,22.283
Sud-Ouest,1964-10-01,1964,10,22.477
Sud-Ouest,1964-11-01,1964,11,22.961
Sud-Ouest,1964-12-01,1964,12,23.415
Sud-Ouest,1965-01-01,1965,1,23.399
Sud-Ouest,1965-02-01,1965,2,23.545
Sud-Ouest,1965-03-01,1965,3,24.327
Sud-Ouest,1965-04-01,1965,4,24.173
Sud-Ouest,1965-05-01,1965,5,24.037
Sud-Ouest,1965-06-01,1965,6,23.074
Sud-Ouest,1965-07-01,1965,7,22.512
Sud-Ouest,1965-08-01,1965,8,22.504
Sud-Ouest,1965-09-01,1965,9,22.625
Sud-Ouest,1965-10-01,1965,10,22.992
Sud-Ouest,1965-11-01,1965,11,23.832
Sud-Ouest,1965-12-01,1965,12,23.856
Sud-Ouest,1966-01-01,1966,1,24.784
Sud-Ouest,1966-02-01,1966,2,25.449
Sud-Ouest,1966-03-01,1966,3,25.585
Sud-Ouest,1966-04-01,1966,4,24.514
Sud-Ouest,1966-05-01,1966,5,24.148
Sud-Ouest,1966-06-01,1966,6,23.48
Sud-Ouest,1966-07-01,1966,7,22.973
Sud-Ouest,1966-08-01,1966,8,22.539
Sud-Ouest,1966-09-01,1966,9,22.414
Sud-Ouest,1966-10-01,1966,10,22.821
Sud-Ouest,1966-11-01,1966,11,23.343
Sud-Ouest,1966-12-01,1966,12,23.448
Sud-Ouest,1967-01-01,1967,1,23.377
Sud-Ouest,1967-02-01,1967,2,24.677
Sud-Ouest,1967-03-01,1967,3,24.95
Sud-Ouest,1967-04-01,1967,4,24.244
Sud-Ouest,1967-05-01,1967,5,23.83
Sud-Ouest,1967-06-01,1967,6,22.809
Sud-Ouest,1967-07-01,1967,7,22.027
Sud-Ouest,1967-08-01,1967,8,21.944
Sud-Ouest,1967-09-01,1967,9,22.335
Sud-Ouest,1967-10-01,1967,10,22.775
Sud-Ouest,1967-11-01,1967,11,23.71
Sud-Ouest,1967-12-01,1967,12,23.679
Sud-Ouest,1968-01-01,1968,1,23.361
Sud-Ouest,1968-02-01,1968,2,24.549
Sud-Ouest,1968-03-01,1968,3,23.637
Sud-Ouest,1968-04-01,1968,4,24.063
Sud-Ouest,1968-05-01,1968,5,23.7
Sud-Ouest,1968-06-01,1968,6,22.944
Sud-Ouest,1968-07-01,1968,7,22.291
Sud-Ouest,1968-08-01,1968,8,22.661
Sud-Ouest,1968-09-01,1968,9,22.74
Sud-Ouest,1968-10-01,1968,10,23.534
Sud-Ouest,1968-11-01,1968,11,23.477
Sud-Ouest,1968-12-01,1968,12,23.747
Sud-Ouest,1969-01-01,1969,1,24.384
Sud-Ouest,1969-02-01,1969,2,25.547
Sud-Ouest,1969-03-01,1969,3,24.503
Sud-Ouest,1969-04-01,1969,4,24.784
Sud-Ouest,1969-05-01,1969,5,24.355
Sud-Ouest,1969-06-01,1969,6,23.276
Sud-Ouest,1969-07-01,1969,7,22.196
Sud-Ouest,1969-08-01,1969,8,22.02
Sud-Ouest,1969-09-01,1969,9,22.489
Sud-Ouest,1969-10-01,1969,10,23.033
Sud-Ouest,1969-11-01,1969,11,23.746
Sud-Ouest,1969-12-01,1969,12,24.17
Sud-Ouest,1970-01-01,1970,1,24.237
Sud-Ouest,1970-02-01,1970,2,25.553
Sud-Ouest,1970-03-01,1970,3,25.103
Sud-Ouest,1970-04-01,1970,4,24.655
Sud-Ouest,1970-05-01,1970,5,24.158
Sud-Ouest,1970-06-01,1970,6,23.393
Sud-Ouest,1970-07-01,1970,7,22.255
Sud-Ouest,1970-08-01,1970,8,22.1
Sud-Ouest,1970-09-01,1970,9,22.524
Sud-Ouest,1970-10-01,1970,10,23.222
Sud-Ouest,1970-11-01,1970,11,23.64
Sud-Ouest,1970-12-01,1970,12,23.728
Sud-Ouest,1971-01-01,1971,1,24.055
Sud-Ouest,1971-02-01,1971,2,24.643
Sud-Ouest,1971-03-01,1971,3,24.259
Sud-Ouest,1971-04-01,1971,4,24.255
Sud-Ouest,1971-05-01,1971,5,24.149
Sud-Ouest,1971-06-01,1971,6,23.126
Sud-Ouest,1971-07-01,1971,7,22.043
Sud-Ouest,1971-08-01,1971,8,21.927
Sud-Ouest,1971-09-01,1971,9,22.472
Sud-Ouest,1971-10-01,1971,10,23.015
Sud-Ouest,1971-11-01,1971,11,23.567
Sud-Ouest,1971-12-01,1971,12,22.982
Sud-Ouest,1972-01-01,1972,1,24.037
Sud-Ouest,1972-02-01,1972,2,24.377
Sud-Ouest,1972-03-01,1972,3,24.068
Sud-Ouest,1972-04-01,1972,4,24.162
Sud-Ouest,1972-05-01,1972,5,24.102
Sud-Ouest,1972-06-01,1972,6,22.957
Sud-Ouest,1972-07-01,1972,7,22.616
Sud-Ouest,1972-08-01,1972,8,22.166
Sud-Ouest,1972-09-01,1972,9,22.758
Sud-Ouest,1972-10-01,1972,10,23.28
Sud-Ouest,1972-11-01,1972,11,24.007
Sud-Ouest,1972-12-01,1972,12,24.708
Sud-Ouest,1973-01-01,1973,1,24.558
Sud-Ouest,1973-02-01,1973,2,25.761
Sud-Ouest,1973-03-01,1973,3,25.003
Sud-Ouest,1973-04-01,1973,4,24.638
Sud-Ouest,1973-05-01,1973,5,24.15
Sud-Ouest,1973-06-01,1973,6,23.66
Sud-Ouest,1973-07-01,1973,7,22.904
Sud-Ouest,1973-08-01,1973,8,22.573
Sud-Ouest,1973-09-01,1973,9,22.758
Sud-Ouest,1973-10-01,1973,10,23.12
Sud-Ouest,1973-11-01,1973,11,23.584
Sud-Ouest,1973-12-01,1973,12,23.078
Sud-Ouest,1974-01-01,1974,1,23.75
Sud-Ouest,1974-02-01,1974,2,24.661
Sud-Ouest,1974-03-01,1974,3,24.438
Sud-Ouest,1974-04-01,1974,4,24.033
Sud-Ouest,1974-05-01,1974,5,23.46
Sud-Ouest,1974-06-01,1974,6,22.973
Sud-Ouest,1974-07-01,1974,7,22.1
Sud-Ouest,1974-08-01,1974,8,22.254
Sud-Ouest,1974-09-01,1974,9,22.18
Sud-Ouest,1974-10-01,1974,10,22.889
Sud-Ouest,1974-11-01,1974,11,23.16
Sud-Ouest,1974-12-01,1974,12,23.17
Sud-Ouest,1975-01-01,1975,1,24.244
Sud-Ouest,1975-02-01,1975,2,24.213
Sud-Ouest,1975-03-01,1975,3,24.225
Sud-Ouest,1975-04-01,1975,4,24.073
Sud-Ouest,1975-05-01,1975,5,23.803
Sud-Ouest,1975-06-01,1975,6,23.022
Sud-Ouest,1975-07-01,1975,7,21.972
Sud-Ouest,1975-08-01,1975,8,21.875
Sud-Ouest,1975-09-01,1975,9,22.053
Sud-Ouest,1975-10-01,1975,10,22.647
Sud-Ouest,1975-11-01,1975,11,22.919
Sud-Ouest,1975-12-01,1975,12,23.052
Sud-Ouest,1976-01-01,1976,1,23.384
Sud-Ouest,1976-02-01,1976,2,23.055
Sud-Ouest,1976-03-01,1976,3,24.102
Sud-Ouest,1976-04-01,1976,4,24.188
Sud-Ouest,1976-05-01,1976,5,23.901
Sud-Ouest,1976-06-01,1976,6,22.79
Sud-Ouest,1976-07-01,1976,7,21.652
Sud-Ouest,1976-08-01,1976,8,21.715
Sud-Ouest,1976-09-01,1976,9,22.632
Sud-Ouest,1976-10-01,1976,10,22.991
Sud-Ouest,1976-11-01,1976,11,23.14
Sud-Ouest,1976-12-01,1976,12,23.596
Sud-Ouest,1977-01-01,1977,1,23.829
Sud-Ouest,1977-02-01,1977,2,24.658
Sud-Ouest,1977-03-01,1977,3,25.316
Sud-Ouest,1977-04-01,1977,4,24.748
Sud-Ouest,1977-05-01,1977,5,24.234
Sud-Ouest,1977-06-01,1977,6,23.11
Sud-Ouest,1977-07-01,1977,7,22.278
Sud-Ouest,1977-08-01,1977,8,22.455
Sud-Ouest,1977-09-01,1977,9,22.898
Sud-Ouest,1977-10-01,1977,10,23.545
Sud-Ouest,1977-11-01,1977,11,24.151
Sud-Ouest,1977-12-01,1977,12,23.759
Sud-Ouest,1978-01-01,1978,1,24.059
Sud-Ouest,1978-02-01,1978,2,25.242
Sud-Ouest,1978-03-01,1978,3,24.368
Sud-Ouest,1978-04-01,1978,4,24.227
Sud-Ouest,1978-05-01,1978,5,24.133
Sud-Ouest,1978-06-01,1978,6,23.109
Sud-Ouest,1978-07-01,1978,7,22.226
Sud-Ouest,1978-08-01,1978,8,22.245
Sud-Ouest,1978-09-01,1978,9,22.414
Sud-Ouest,1978-10-01,1978,10,23.094
Sud-Ouest,1978-11-01,1978,11,23.679
Sud-Ouest,1978-12-01,1978,12,23.927
Sud-Ouest,1979-01-01,1979,1,24.61
Sud-Ouest,1979-02-01,1979,2,24.651
Sud-Ouest,1979-03-01,1979,3,24.614
Sud-Ouest,1979-04-01,1979,4,24.335
Sud-Ouest,1979-05-01,1979,5,24.325
Sud-Ouest,1979-06-01,1979,6,23.488
Sud-Ouest,1979-07-01,1979,7,22.832
Sud-Ouest,1979-08-01,1979,8,22.625
Sud-Ouest,1979-09-01,1979,9,22.88
Sud-Ouest,1979-10-01,1979,10,23.371
Sud-Ouest,1979-11-01,1979,11,23.561
Sud-Ouest,1979-12-01,1979,12,23.568
Sud-Ouest,1980-01-01,1980,1,24.319
Sud-Ouest,1980-02-01,1980,2,24.922
Sud-Ouest,1980-03-01,1980,3,24.731
Sud-Ouest,1980-04-01,1980,4,24.499
Sud-Ouest,1980-05-01,1980,5,24.023
Sud-Ouest,1980-06-01,1980,6,23.397
Sud-Ouest,1980-07-01,1980,7,22.544
Sud-Ouest,1980-08-01,1980,8,22.465
Sud-Ouest,1980-09-01,1980,9,23.055
Sud-Ouest,1980-10-01,1980,10,23.283
Sud-Ouest,1980-11-01,1980,11,23.178
Sud-Ouest,1980-12-01,1980,12,23.508
Sud-Ouest,1981-01-01,1981,1,23.658
Sud-Ouest,1981-02-01,1981,2,24.91
Sud-Ouest,1981-03-01,1981,3,24.657
Sud-Ouest,1981-04-01,1981,4,24.578
Sud-Ouest,1981-05-01,1981,5,23.952
Sud-Ouest,1981-06-01,1981,6,23.69
Sud-Ouest,1981-07-01,1981,7,22.325
Sud-Ouest,1981-08-01,1981,8,22.225
Sud-Ouest,1981-09-01,1981,9,22.561
Sud-Ouest,1981-10-01,1981,10,23.273
Sud-Ouest,1981-11-01,1981,11,23.472
Sud-Ouest,1981-12-01,1981,12,24.219
Sud-Ouest,1982-01-01,1982,1,24.43
Sud-Ouest,1982-02-01,1982,2,24.735
Sud-Ouest,1982-03-01,1982,3,24.524
Sud-Ouest,1982-04-01,1982,4,24.565
Sud-Ouest,1982-05-01,1982,5,24.076
Sud-Ouest,1982-06-01,1982,6,23.301
Sud-Ouest,1982-07-01,1982,7,22.391
Sud-Ouest,1982-08-01,1982,8,22.157
Sud-Ouest,1982-09-01,1982,9,22.702
Sud-Ouest,1982-10-01,1982,10,22.818
Sud-Ouest,1982-11-01,1982,11,23.653
Sud-Ouest,1982-12-01,1982,12,23.875
Sud-Ouest,1983-01-01,1983,1,23.587
Sud-Ouest,1983-02-01,1983,2,25.988
Sud-Ouest,1983-03-01,1983,3,26.757
Sud-Ouest,1983-04-01,1983,4,25.602
Sud-Ouest,1983-05-01,1983,5,24.924
Sud-Ouest,1983-06-01,1983,6,23.528
Sud-Ouest,1983-07-01,1983,7,22.74
Sud-Ouest,1983-08-01,1983,8,22.279
Sud-Ouest,1983-09-01,1983,9,22.861
Sud-Ouest,1983-10-01,1983,10,23.205
Sud-Ouest,1983-11-01,1983,11,23.672
Sud-Ouest,1983-12-01,1983,12,23.393
Sud-Ouest,1984-01-01,1984,1,23.791
Sud-Ouest,1984-02-01,1984,2,25.305
Sud-Ouest,1984-03-01,1984,3,24.795
Sud-Ouest,1984-04-01,1984,4,24.352
Sud-Ouest,1984-05-01,1984,5,24.095
Sud-Ouest,1984-06-01,1984,6,23.305
Sud-Ouest,1984-07-01,1984,7,22.667
Sud-Ouest,1984-08-01,1984,8,22.964
Sud-Ouest,1984-09-01,1984,9,22.757
Sud-Ouest,1984-10-01,1984,10,23.368
Sud-Ouest,1984-11-01,1984,11,23.704
Sud-Ouest,1984-12-01,1984,12,23.547
Sud-Ouest,1985-01-01,1985,1,24.011
Sud-Ouest,1985-02-01,1985,2,24.626
Sud-Ouest,1985-03-01,1985,3,24.847
Sud-Ouest,1985-04-01,1985,4,24.044
Sud-Ouest,1985-05-01,1985,5,23.811
Sud-Ouest,1985-06-01,1985,6,22.951
Sud-Ouest,1985-07-01,1985,7,22.475
Sud-Ouest,1985-08-01,1985,8,22.26
Sud-Ouest,1985-09-01,1985,9,22.524
Sud-Ouest,1985-10-01,1985,10,22.819
Sud-Ouest,1985-11-01,1985,11,23.593
Sud-Ouest,1985-12-01,1985,12,23.461
Sud-Ouest,1986-01-01,1986,1,24.439
Sud-Ouest,1986-02-01,1986,2,24.983
Sud-Ouest,1986-03-01,1986,3,24.261
Sud-Ouest,1986-04-01,1986,4,24.938
Sud-Ouest,1986-05-01,1986,5,24.509
Sud-Ouest,1986-06-01,1986,6,23.356
Sud-Ouest,1986-07-01,1986,7,22.262
Sud-Ouest,1986-08-01,1986,8,22.499
Sud-Ouest,1986-09-01,1986,9,22.736
Sud-Ouest,1986-10-01,1986,10,22.94
Sud-Ouest,1986-11-01,1986,11,23.279
Sud-Ouest,1986-12-01,1986,12,23.588
Sud-Ouest,1987-01-01,1987,1,24.952
Sud-Ouest,1987-02-01,1987,2,25.429
Sud-Ouest,1987-03-01,1987,3,25.199
Sud-Ouest,1987-04-01,1987,4,25.231
Sud-Ouest,1987-05-01,1987,5,24.683
Sud-Ouest,1987-06-01,1987,6,23.853
Sud-Ouest,1987-07-01,1987,7,23.553
Sud-Ouest,1987-08-01,1987,8,23.141
Sud-Ouest,1987-09-01,1987,9,23.246
Sud-Ouest,1987-10-01,1987,10,23.524
Sud-Ouest,1987-11-01,1987,11,24.062
Sud-Ouest,1987-12-01,1987,12,24.391
Sud-Ouest,1988-01-01,1988,1,25.015
Sud-Ouest,1988-02-01,1988,2,25.876
Sud-Ouest,1988-03-01,1988,3,25.18
Sud-Ouest,1988-04-01,1988,4,24.736
Sud-Ouest,1988-05-01,1988,5,24.558
Sud-Ouest,1988-06-01,1988,6,23.437
Sud-Ouest,1988-07-01,1988,7,22.534
Sud-Ouest,1988-08-01,1988,8,22.637
Sud-Ouest,1988-09-01,1988,9,22.812
Sud-Ouest,1988-10-01,1988,10,23.454
Sud-Ouest,1988-11-01,1988,11,24.023
Sud-Ouest,1988-12-01,1988,12,23.5
Sud-Ouest,1989-01-01,1989,1,23.435
Sud-Ouest,1989-02-01,1989,2,25.105
Sud-Ouest,1989-03-01,1989,3,25.257
Sud-Ouest,1989-04-01,1989,4,24.641
Sud-Ouest,1989-05-01,1989,5,24.067
Sud-Ouest,1989-06-01,1989,6,23.48
Sud-Ouest,1989-07-01,1989,7,22.635
Sud-Ouest,1989-08-01,1989,8,22.411
Sud-Ouest,1989-09-01,1989,9,22.906
Sud-Ouest,1989-10-01,1989,10,23.193
Sud-Ouest,1989-11-01,1989,11,24.164
Sud-Ouest,1989-12-01,1989,12,24.277
Sud-Ouest,1990-01-01,1990,1,24.414
Sud-Ouest,1990-02-01,1990,2,25.367
Sud-Ouest,1990-03-01,1990,3,26.717
Sud-Ouest,1990-04-01,1990,4,24.861
Sud-Ouest,1990-05-01,1990,5,23.98
Sud-Ouest,1990-06-01,1990,6,23.56
Sud-Ouest,1990-07-01,1990,7,22.368
Sud-Ouest,1990-08-01,1990,8,22.398
Sud-Ouest,1990-09-01,1990,9,22.62
Sud-Ouest,1990-10-01,1990,10,23.283
Sud-Ouest,1990-11-01,1990,11,23.467
Sud-Ouest,1990-12-01,1990,12,23.706
Sud-Ouest,1991-01-01,1991,1,24.523
Sud-Ouest,1991-02-01,1991,2,24.977
Sud-Ouest,1991-03-01,1991,3,24.977
Sud-Ouest,1991-04-01,1991,4,24.282
Sud-Ouest,1991-05-01,1991,5,24.093
Sud-Ouest,1991-06-01,1991,6,23.723
Sud-Ouest,1991-07-01,1991,7,22.642
Sud-Ouest,1991-08-01,1991,8,22.555
Sud-Ouest,1991-09-01,1991,9,22.964
Sud-Ouest,1991-10-01,1991,10,22.657
Sud-Ouest,1991-11-01,1991,11,23.234
Sud-Ouest,1991-12-01,1991,12,23.866
Sud-Ouest,1992-01-01,1992,1,24.205
Sud-Ouest,1992-02-01,1992,2,25.363
Sud-Ouest,1992-03-01,1992,3,25.125
Sud-Ouest,1992-04-01,1992,4,24.568
Sud-Ouest,1992-05-01,1992,5,24.446
Sud-Ouest,1992-06-01,1992,6,23.125
Sud-Ouest,1992-07-01,1992,7,22.302
Sud-Ouest,1992-08-01,1992,8,22.178
Sud-Ouest,1992-09-01,1992,9,22.785
Sud-Ouest,1992-10-01,1992,10,23.108
Sud-Ouest,1992-11-01,1992,11,23.652
Sud-Ouest,1992-12-01,1992,12,24.012
Sud-Ouest,1993-01-01,1993,1,24.252
Sud-Ouest,1993-02-01,1993,2,25.063
Sud-Ouest,1993-03-01,1993,3,24.704
Sud-Ouest,1993-04-01,1993,4,24.909
Sud-Ouest,1993-05-01,1993,5,24.677
Sud-Ouest,1993-06-01,1993,6,23.567
Sud-Ouest,1993-07-01,1993,7,22.814
Sud-Ouest,1993-08-01,1993,8,22.62
Sud-Ouest,1993-09-01,1993,9,23.115
Sud-Ouest,1993-10-01,1993,10,23.812
Sud-Ouest,1993-11-01,1993,11,24.007
Sud-Ouest,1993-12-01,1993,12,24.266
Sud-Ouest,1994-01-01,1994,1,24.435
Sud-Ouest,1994-02-01,1994,2,25.084
Sud-Ouest,1994-03-01,1994,3,25.23
Sud-Ouest,1994-04-01,1994,4,24.997
Sud-Ouest,1994-05-01,1994,5,24.594
Sud-Ouest,1994-06-01,1994,6,23.647
Sud-Ouest,1994-07-01,1994,7,22.647
Sud-Ouest,1994-08-01,1994,8,22.542
Sud-Ouest,1994-09-01,1994,9,23.062
Sud-Ouest,1994-10-01,1994,10,23.474
Sud-Ouest,1994-11-01,1994,11,23.869
Sud-Ouest,1994-12-01,1994,12,24.305
Sud-Ouest,1995-01-01,1995,1,24.905
Sud-Ouest,1995-02-01,1995,2,25.142
Sud-Ouest,1995-03-01,1995,3,25.137
Sud-Ouest,1995-04-01,1995,4,25.069
Sud-Ouest,1995-05-01,1995,5,24.459
Sud-Ouest,1995-06-01,1995,6,23.83
Sud-Ouest,1995-07-01,1995,7,22.86
Sud-Ouest,1995-08-01,1995,8,23.021
Sud-Ouest,1995-09-01,1995,9,23.281
Sud-Ouest,1995-10-01,1995,10,23.175
Sud-Ouest,1995-11-01,1995,11,23.936
Sud-Ouest,1995-12-01,1995,12,24.337
Sud-Ouest,1996-01-01,1996,1,25.012
Sud-Ouest,1996-02-01,1996,2,25.255
Sud-Ouest,1996-03-01,1996,3,24.584
Sud-Ouest,1996-04-01,1996,4,24.545
Sud-Ouest,1996-05-01,1996,5,24.34
Sud-Ouest,1996-06-01,1996,6,23.396
Sud-Ouest,1996-07-01,1996,7,22.715
Sud-Ouest,1996-08-01,1996,8,22.566
Sud-Ouest,1996-09-01,1996,9,22.759
Sud-Ouest,1996-10-01,1996,10,23.114
Sud-Ouest,1996-11-01,1996,11,24.475
Sud-Ouest,1996-12-01,1996,12,24.602
Sud-Ouest,1997-01-01,1997,1,24.813
Sud-Ouest,1997-02-01,1997,2,25.591
Sud-Ouest,1997-03-01,1997,3,25.479
Sud-Ouest,1997-04-01,1997,4,24.206
Sud-Ouest,1997-05-01,1997,5,24.059
Sud-Ouest,1997-06-01,1997,6,23.245
Sud-Ouest,1997-07-01,1997,7,22.642
Sud-Ouest,1997-08-01,1997,8,22.731
Sud-Ouest,1997-09-01,1997,9,23.363
Sud-Ouest,1997-10-01,1997,10,23.944
Sud-Ouest,1997-11-01,1997,11,23.989
Sud-Ouest,1997-12-01,1997,12,24.401
Sud-Ouest,1998-01-01,1998,1,25.268
Sud-Ouest,1998-02-01,1998,2,26.637
Sud-Ouest,1998-03-01,1998,3,26.77
Sud-Ouest,1998-04-01,1998,4,26.041
Sud-Ouest,1998-05-01,1998,5,25.4
Sud-Ouest,1998-06-01,1998,6,24.25
Sud-Ouest,1998-07-01,1998,7,23.245
Sud-Ouest,1998-08-01,1998,8,22.909
Sud-Ouest,1998-09-01,1998,9,23.199
Sud-Ouest,1998-10-01,1998,10,23.766
Sud-Ouest,1998-11-01,1998,11,24.229
Sud-Ouest,1998-12-01,1998,12,24.04
Sud-Ouest,1999-01-01,1999,1,24.45
Sud-Ouest,1999-02-01,1999,2,25.057
Sud-Ouest,1999-03-01,1999,3,24.98
Sud-Ouest,1999-04-01,1999,4,24.59
Sud-Ouest,1999-05-01,1999,5,23.877
Sud-Ouest,1999-06-01,1999,6,23.666
Sud-Ouest,1999-07-01,1999,7,22.781
Sud-Ouest,1999-08-01,1999,8,22.862
Sud-Ouest,1999-09-01,1999,9,22.63
Sud-Ouest,1999-10-01,1999,10,22.79
Sud-Ouest,1999-11-01,1999,11,23.403
Sud-Ouest,1999-12-01,1999,12,24.036
Sud-Ouest,2000-01-01,2000,1,24.928
Sud-Ouest,2000-02-01,2000,2,25.348
Sud-Ouest,2000-03-01,2000,3,25.816
Sud-Ouest,2000-04-01,2000,4,24.408
Sud-Ouest,2000-05-01,2000,5,24.21
Sud-Ouest,2000-06-01,2000,6,23.024
Sud-Ouest,2000-07-01,2000,7,22.554
Sud-Ouest,2000-08-01,2000,8,22.315
Sud-Ouest,2000-09-01,2000,9,22.681
Sud-Ouest,2000-10-01,2000,10,23.187
Sud-Ouest,2000-11-01,2000,11,23.761
Sud-Ouest,2000-12-01,2000,12,23.998
Sud-Ouest,2001-01-01,2001,1,24.687
Sud-Ouest,2001-02-01,2001,2,25.732
Sud-Ouest,2001-03-01,2001,3,24.874
Sud-Ouest,2001-04-01,2001,4,24.503
Sud-Ouest,2001-05-01,2001,5,24.307
Sud-Ouest,2001-06-01,2001,6,23.209
Sud-Ouest,2001-07-01,2001,7,22.547
Sud-Ouest,2001-08-01,2001,8,22.252
Sud-Ouest,2001-09-01,2001,9,22.774
Sud-Ouest,2001-10-01,2001,10,23.565
Sud-Ouest,2001-11-01,2001,11,24.035
Sud-Ouest,2001-12-01,2001,12,24.668
Sud-Ouest,2002-01-01,2002,1,24.661
Sud-Ouest,2002-02-01,2002,2,25.715
Sud-Ouest,2002-03-01,2002,3,25.074
Sud-Ouest,2002-04-01,2002,4,24.714
Sud-Ouest,2002-05-01,2002,5,24.497
Sud-Ouest,2002-06-01,2002,6,23.535
Sud-Ouest,2002-07-01,2002,7,23.127
Sud-Ouest,2002-08-01,2002,8,22.795
Sud-Ouest,2002-09-01,2002,9,23.129
Sud-Ouest,2002-10-01,2002,10,23.113
Sud-Ouest,2002-11-01,2002,11,23.759
Sud-Ouest,2002-12-01,2002,12,24.176
Sud-Ouest,2003-01-01,2003,1,25.087
Sud-Ouest,2003-02-01,2003,2,25.72
Sud-Ouest,2003-03-01,2003,3,25.884
Sud-Ouest,2003-04-01,2003,4,24.77
Sud-Ouest,2003-05-01,2003,5,24.587
Sud-Ouest,2003-06-01,2003,6,23.541
Sud-Ouest,2003-07-01,2003,7,22.931
Sud-Ouest,2003-08-01,2003,8,22.988
Sud-Ouest,2003-09-01,2003,9,23.104
Sud-Ouest,2003-10-01,2003,10,23.77
Sud-Ouest,2003-11-01,2003,11,24.009
Sud-Ouest,2003-12-01,2003,12,24.519
Sud-Ouest,2004-01-01,2004,1,25.621
Sud-Ouest,2004-02-01,2004,2,26.247
Sud-Ouest,2004-03-01,2004,3,26.313
Sud-Ouest,2004-04-01,2004,4,24.782
Sud-Ouest,2004-05-01,2004,5,24.359
Sud-Ouest,2004-06-01,2004,6,23.526
Sud-Ouest,2004-07-01,2004,7,23.154
Sud-Ouest,2004-08-01,2004,8,22.912
Sud-Ouest,2004-09-01,2004,9,23.376
Sud-Ouest,2004-10-01,2004,10,23.7
Sud-Ouest,2004-11-01,2004,11,24.021
Sud-Ouest,2004-12-01,2004,12,24.922
Sud-Ouest,2005-01-01,2005,1,25.053
Sud-Ouest,2005-02-01,2005,2,26.269
Sud-Ouest,2005-03-01,2005,3,25.457
Sud-Ouest,2005-04-01,2005,4,25.626
Sud-Ouest,2005-05-01,2005,5,24.571
Sud-Ouest,2005-06-01,2005,6,23.724
Sud-Ouest,2005-07-01,2005,7,22.999
Sud-Ouest,2005-08-01,2005,8,22.71
Sud-Ouest,2005-09-01,2005,9,23.38
Sud-Ouest,2005-10-01,2005,10,23.582
Sud-Ouest,2005-11-01,2005,11,24.755
Sud-Ouest,2005-12-01,2005,12,24.512
Sud-Ouest,2006-01-01,2006,1,25.656
Sud-Ouest,2006-02-01,2006,2,25.804
Sud-Ouest,2006-03-01,2006,3,25.41
Sud-Ouest,2006-04-01,2006,4,25.465
Sud-Ouest,2006-05-01,2006,5,24.427
Sud-Ouest,2006-06-01,2006,6,23.999
Sud-Ouest,2006-07-01,2006,7,23.249
Sud-Ouest,2006-08-01,2006,8,22.825
Sud-Ouest,2006-09-01,2006,9,23.046
Sud-Ouest,2006-10-01,2006,10,24.016
Sud-Ouest,2006-11-01,2006,11,24.378
Sud-Ouest,2006-12-01,2006,12,25.151
Sud-Ouest,2007-01-01,2007,1,25.187
Sud-Ouest,2007-02-01,2007,2,26.236
Sud-Ouest,2007-03-01,2007,3,26.09
Sud-Ouest,2007-04-01,2007,4,24.863
Sud-Ouest,2007-05-01,2007,5,24.744
Sud-Ouest,2007-06-01,2007,6,23.434
Sud-Ouest,2007-07-01,2007,7,22.971
Sud-Ouest,2007-08-01,2007,8,22.781
Sud-Ouest,2007-09-01,2007,9,23.201
Sud-Ouest,2007-10-01,2007,10,23.327
Sud-Ouest,2007-11-01,2007,11,23.61
Sud-Ouest,2007-12-01,2007,12,24.319
Sud-Ouest,2008-01-01,2008,1,24.745
Sud-Ouest,2008-02-01,2008,2,26.174
Sud-Ouest,2008-03-01,2008,3,25.133
Sud-Ouest,2008-04-01,2008,4,24.449
Sud-Ouest,2008-05-01,2008,5,24.46
Sud-Ouest,2008-06-01,2008,6,23.689
Sud-Ouest,2008-07-01,2008,7,23.039
Sud-Ouest,2008-08-01,2008,8,23.061
Sud-Ouest,2008-09-01,2008,9,23.474
Sud-Ouest,2008-10-01,2008,10,23.95
Sud-Ouest,2008-11-01,2008,11,24.577
Sud-Ouest,2008-12-01,2008,12,24.366
Sud-Ouest,2009-01-01,2009,1,24.992
Sud-Ouest,2009-02-01,2009,2,25.736
Sud-Ouest,2009-03-01,2009,3,26.322
Sud-Ouest,2009-04-01,2009,4,25.103
Sud-Ouest,2009-05-01,2009,5,24.503
Sud-Ouest,2009-06-01,2009,6,23.995
Sud-Ouest,2009-07-01,2009,7,23.372
Sud-Ouest,2009-08-01,2009,8,23.286
Sud-Ouest,2009-09-01,2009,9,23.82
Sud-Ouest,2009-10-01,2009,10,23.911
Sud-Ouest,2009-11-01,2009,11,24.34
Sud-Ouest,2009-12-01,2009,12,25.569
Sud-Ouest,2010-01-01,2010,1,26.495
Sud-Ouest,2010-02-01,2010,2,26.912
Sud-Ouest,2010-03-01,2010,3,26.528
Sud-Ouest,2010-04-01,2010,4,26.255
Sud-Ouest,2010-05-01,2010,5,25.263
Sud-Ouest,2010-06-01,2010,6,24.145
Sud-Ouest,2010-07-01,2010,7,23.453
Sud-Ouest,2010-08-01,2010,8,23.516
Sud-Ouest,2010-09-01,2010,9,23.55
Sud-Ouest,2010-10-01,2010,10,23.977
Sud-Ouest,2010-11-01,2010,11,24.273
Sud-Ouest,2010-12-01,2010,12,24.486
Sud-Ouest,2011-01-01,2011,1,25.067
Sud-Ouest,2011-02-01,2011,2,25.04
Sud-Ouest,2011-03-01,2011,3,25.809
Sud-Ouest,2011-04-01,2011,4,25.21
Sud-Ouest,2011-05-01,2011,5,24.988
Sud-Ouest,2011-06-01,2011,6,23.942
Sud-Ouest,2011-07-01,2011,7,23.063
Sud-Ouest,2011-08-01,2011,8,22.927
Sud-Ouest,2011-09-01,2011,9,23.35
Sud-Ouest,2011-10-01,2011,10,23.707
Sud-Ouest,2011-11-01,2011,11,24.187
Sud-Ouest,2011-12-01,2011,12,24.861
Sud-Ouest,2012-01-01,2012,1,25.385
Sud-Ouest,2012-02-01,2012,2,24.757
Sud-Ouest,2012-03-01,2012,3,26.061
Sud-Ouest,2012-04-01,2012,4,25.093
Sud-Ouest,2012-05-01,2012,5,24.513
Sud-Ouest,2012-06-01,2012,6,23.706
Sud-Ouest,2012-07-01,2012,7,22.952
Sud-Ouest,2012-08-01,2012,8,23.017
Sud-Ouest,2012-09-01,2012,9,23.385
Sud-Ouest,2012-10-01,2012,10,23.861
Sud-Ouest,2012-11-01,2012,11,24.336
Sud-Ouest,2012-12-01,2012,12,24.539
Sud-Ouest,2013-01-01,2013,1,25.715
Sud-Ouest,2013-02-01,2013,2,26.253
Sud-Ouest,2013-03-01,2013,3,25.419
Sud-Ouest,2013-04-01,2013,4,25.111
Sud-Ouest,2013-05-01,2013,5,24.781
Sud-Ouest,2013-06-01,2013,6,23.792
Sud-Ouest,2013-07-01,2013,7,22.782
Sud-Ouest,2013-08-01,2013,8,22.754
Sud-Ouest,2013-09-01,2013,9,23.343
Sud-Ouest,2013-10-01,2013,10,23.747
Sud-Ouest,2013-11-01,2013,11,23.949
Sud-Ouest,2013-12-01,2013,12,23.951
Sud-Ouest,2014-01-01,2014,1,25.426
Sud-Ouest,2014-02-01,2014,2,25.997
Sud-Ouest,2014-03-01,2014,3,25.228
Sud-Ouest,2014-04-01,2014,4,24.795
Sud-Ouest,2014-05-01,2014,5,24.89
Sud-Ouest,2014-06-01,2014,6,24.332
Sud-Ouest,2014-07-01,2014,7,23.224
Sud-Ouest,2014-08-01,2014,8,22.868
Sud-Ouest,2014-09-01,2014,9,23.199
Sud-Ouest,2014-10-01,2014,10,23.835
Sud-Ouest,2014-11-01,2014,11,24.294
Sud-Ouest,2014-12-01,2014,12,24.949
Sud-Ouest,2015-01-01,2015,1,25.223
Sud-Ouest,2015-02-01,2015,2,25.708
Sud-Ouest,2015-03-01,2015,3,25.618
Sud-Ouest,2015-04-01,2015,4,25.436
Sud-Ouest,2015-05-01,2015,5,25.156
Sud-Ouest,2015-06-01,2015,6,23.69
Sud-Ouest,2015-07-01,2015,7,23.339
Sud-Ouest,2015-08-01,2015,8,23.369
Sud-Ouest,2015-09-01,2015,9,23.542
Sud-Ouest,2015-10-01,2015,10,23.993
Sud-Ouest,2015-11-01,2015,11,24.538
Sud-Ouest,2015-12-01,2015,12,24.936
Sud-Ouest,2016-01-01,2016,1,26.328
Sud-Ouest,2016-02-01,2016,2,27.652
Sud-Ouest,2016-03-01,2016,3,25.636
Sud-Ouest,2016-04-01,2016,4,25.594
Sud-Ouest,2016-05-01,2016,5,24.957
Sud-Ouest,2016-06-01,2016,6,24.074
Sud-Ouest,2016-07-01,2016,7,23.538
Sud-Ouest,2016-08-01,2016,8,23.226
Sud-Ouest,2016-09-01,2016,9,23.765
Sud-Ouest,2016-10-01,2016,10,24.261
Sud-Ouest,2016-11-01,2016,11,24.719
Sud-Ouest,2016-12-01,2016,12,25.042
Sud-Ouest,2017-01-01,2017,1,25.78
Sud-Ouest,2017-02-01,2017,2,26.924
Sud-Ouest,2017-03-01,2017,3,26.531
Sud-Ouest,2017-04-01,2017,4,25.39
Sud-Ouest,2017-05-01,2017,5,24.874
Sud-Ouest,2017-06-01,2017,6,24.414
Sud-Ouest,2017-07-01,2017,7,23.443
Sud-Ouest,2017-08-01,2017,8,23.155
Sud-Ouest,2017-09-01,2017,9,23.636
Sud-Ouest,2017-10-01,2017,10,24.132
Sud-Ouest,2017-11-01,2017,11,24.25
Sud-Ouest,2017-12-01,2017,12,25.31
Sud-Ouest,2018-01-01,2018,1,25.492
Sud-Ouest,2018-02-01,2018,2,26.215
Sud-Ouest,2018-03-01,2018,3,25.207
Sud-Ouest,2018-04-01,2018,4,25.038
Sud-Ouest,2018-05-01,2018,5,24.8
Sud-Ouest,2018-06-01,2018,6,24.239
Sud-Ouest,2018-07-01,2018,7,23.704
Sud-Ouest,2018-08-01,2018,8,23.474
Sud-Ouest,2018-09-01,2018,9,23.924
Sud-Ouest,2018-10-01,2018,10,24.102
Sud-Ouest,2018-11-01,2018,11,24.568
Sud-Ouest,2018-12-01,2018,12,25.135
Sud-Ouest,2019-01-01,2019,1,25.786
Sud-Ouest,2019-02-01,2019,2,25.8
Sud-Ouest,2019-03-01,2019,3,25.538
Sud-Ouest,2019-04-01,2019,4,25.678
Sud-Ouest,2019-05-01,2019,5,25.182
Sud-Ouest,2019-06-01,2019,6,24.174
Sud-Ouest,2019-07-01,2019,7,23.516
Sud-Ouest,2019-08-01,2019,8,23.442
Sud-Ouest,2019-09-01,2019,9,24.032
Sud-Ouest,2019-10-01,2019,10,24.076
Sud-Ouest,2019-11-01,2019,11,24.767
Sud-Ouest,2019-12-01,2019,12,25.087
Sud-Ouest,2020-01-01,2020,1,25.93
Sud-Ouest,2020-02-01,2020,2,27.165
Sud-Ouest,2020-03-01,2020,3,26.964
Sud-Ouest,2020-04-01,2020,4,25.548
Sud-Ouest,2020-05-01,2020,5,25.438
Sud-Ouest,2020-06-01,2020,6,24.286
Sud-Ouest,2020-07-01,2020,7,23.494
Sud-Ouest,2020-08-01,2020,8,23.774
Sud-Ouest,2020-09-01,2020,9,23.471
Sud-Ouest,2020-10-01,2020,10,24.079
Sud-Ouest,2020-11-01,2020,11,24.914
Sud-Ouest,2020-12-01,2020,12,25.421
Sud-Ouest,2021-01-01,2021,1,25.95
Sud-Ouest,2021-02-01,2021,2,26.725
Sud-Ouest,2021-03-01,2021,3,25.91
Sud-Ouest,2021-04-01,2021,4,25.69
Sud-Ouest,2021-05-01,2021,5,24.784
Sud-Ouest,2021-06-01,2021,6,24.376
Sud-Ouest,2021-07-01,2021,7,23.7
Sud-Ouest,2021-08-01,2021,8,23.768
Sud-Ouest,2021-09-01,2021,9,24.123
Sud-Ouest,2021-10-01,2021,10,24.603
Sud-Ouest,2021-11-01,2021,11,24.583
Sud-Ouest,2021-12-01,2021,12,25.071
Sud-Ouest,2022-01-01,2022,1,25.207
Sud-Ouest,2022-02-01,2022,2,26.292
Sud-Ouest,2022-03-01,2022,3,26.275
Sud-Ouest,2022-04-01,2022,4,25.313
Sud-Ouest,2022-05-01,2022,5,24.814
Sud-Ouest,2022-06-01,2022,6,23.948
Sud-Ouest,2022-07-01,2022,7,23.435
Sud-Ouest,2022-08-01,2022,8,23.399
Sud-Ouest,2022-09-01,2022,9,23.671
Sud-Ouest,2022-10-01,2022,10,24.014
Sud-Ouest,2022-11-01,2022,11,24.781
Sud-Ouest,2022-12-01,2022,12,24.974
Sud-Ouest,2023-01-01,2023,1,25.546
Sud-Ouest,2023-02-01,2023,2,26.707
Sud-Ouest,2023-03-01,2023,3,25.585
Sud-Ouest,2023-04-01,2023,4,25.329
Sud-Ouest,2023-05-01,2023,5,25.611
Sud-Ouest,2023-06-01,2023,6,24.409
Sud-Ouest,2023-07-01,2023,7,24.523
Sud-Ouest,2023-08-01,2023,8,24.029
Sud-Ouest,2023-09-01,2023,9,24.227
Sud-Ouest,2023-10-01,2023,10,24.805
Sud-Ouest,2023-11-01,2023,11,24.826
Sud-Ouest,2023-12-01,2023,12,25.361
Sud-Ouest,2024-01-01,2024,1,25.91
Sud-Ouest,2024-02-01,2024,2,27.454
Sud-Ouest,2024-03-01,2024,3,26.937
Sud-Ouest,2024-04-01,2024,4,26.716
Sud-Ouest,2024-05-01,2024,5,26.197
Sud-Ouest,2024-06-01,2024,6,25.009
Sud-Ouest,2024-07-01,2024,7,24.048
Sud-Ouest,2024-08-01,2024,8,23.83
Sud-Ouest,2024-09-01,2024,9,24.283
Sud-Ouest,2024-10-01,2024,10,24.377
Sud-Ouest,2024-11-01,2024,11,25.305
Sud-Ouest,2024-12-01,2024,12,25.937
Sud-Ouest,2025-01-01,2025,1,25.958
Sud-Ouest,2025-02-01,2025,2,27.313
Sud-Ouest,2025-03-01,2025,3,26.616
Sud-Ouest,2025-04-01,2025,4,25.625
Sud-Ouest,2025-05-01,2025,5,25.337
Sud-Ouest,2025-06-01,2025,6,24.69
Sud-Ouest,2025-07-01,2025,7,23.393
Sud-Ouest,2025-08-01,2025,8,23.247
Sud-Ouest,2025-09-01,2025,9,23.703
Sud-Ouest,2025-10-01,2025,10,23.963
Sud-Ouest,2025-11-01,2025,11,24.672
Sud-Ouest,2025-12-01,2025,12,25.511
Sud-Ouest,2026-01-01,2026,1,25.742
Sud-Ouest,2026-02-01,2026,2,25.834
Sud-Ouest,2026-03-01,2026,3,26.113
Sud-Ouest,2026-04-01,2026,4,25.369
Sud-Ouest,2026-05-01,2026,5,25.356
Sud-Ouest,2026-06-01,2026,6,24.382
