id,admin2Pcod,x,y,pred_insecure,hors_bornes,u_hat
8106,BJ0800,2.35651,6.39799,56.93,FALSE,-10.19
8108,BJ0800,2.35655,6.37085,57.72,FALSE,-10.19
8110,BJ0800,2.35658,6.34371,57.72,FALSE,-10.19
8354,BJ0800,2.38364,6.39802,57.72,FALSE,-10.19
8355,BJ0800,2.38367,6.37088,57.72,FALSE,-10.19
8356,BJ0800,2.3837,6.34375,57.72,FALSE,-10.19
8623,BJ0800,2.41077,6.39805,57.24,FALSE,-10.19
8624,BJ0800,2.4108,6.37092,57.72,FALSE,-10.19
8625,BJ0800,2.41083,6.34378,57.72,FALSE,-10.19
8876,BJ0800,2.43789,6.39808,57.72,FALSE,-10.19
8878,BJ0800,2.43792,6.37095,57.72,FALSE,-10.19
8880,BJ0800,2.43795,6.34381,57.72,FALSE,-10.19
9129,BJ0800,2.46505,6.37097,57.72,FALSE,-10.19
9131,BJ0800,2.46508,6.34384,57.72,FALSE,-10.19
9394,BJ0800,2.49217,6.371,57.72,FALSE,-10.19
10675,BJ0101,2.6277,6.50681,70.08,FALSE,2.169
10930,BJ0101,2.65482,6.53396,68.94,FALSE,2.169
10932,BJ0101,2.65484,6.50683,70.08,FALSE,2.169
10934,BJ0101,2.65486,6.47969,77.59,FALSE,2.169
10936,BJ0101,2.65487,6.45255,81.3,FALSE,2.169
10939,BJ0101,2.65489,6.42541,86.2,FALSE,2.169
11182,BJ0101,2.68195,6.53398,82.39,FALSE,2.169
11184,BJ0101,2.68197,6.50684,71.95,FALSE,2.169
11185,BJ0101,2.68199,6.47971,87.16,FALSE,2.169
11186,BJ0101,2.682,6.45257,81.52,FALSE,2.169
11187,BJ0101,2.68202,6.42543,95.82,FALSE,2.169
11428,BJ0101,2.7091,6.50686,91.99,FALSE,2.169
11429,BJ0101,2.70912,6.47972,93.97,FALSE,2.169
11430,BJ0101,2.70914,6.45258,83.88,FALSE,2.169
11431,BJ0101,2.70915,6.42545,97.6,FALSE,2.169
9676,BJ0101,2.53977,11.66222,70.08,FALSE,2.169
9678,BJ0101,2.53981,11.63509,70.08,FALSE,2.169
9680,BJ0101,2.53986,11.60796,70.08,FALSE,2.169
9681,BJ0101,2.5399,11.58083,70.08,FALSE,2.169
9682,BJ0101,2.53995,11.5537,70.08,FALSE,2.169
9683,BJ0101,2.53999,11.52657,70.08,FALSE,2.169
9684,BJ0101,2.54003,11.49944,70.08,FALSE,2.169
9685,BJ0101,2.54008,11.47231,70.08,FALSE,2.169
9686,BJ0101,2.54012,11.44518,70.08,FALSE,2.169
9687,BJ0101,2.54017,11.41805,70.08,FALSE,2.169
9688,BJ0101,2.54021,11.39092,70.08,FALSE,2.169
9689,BJ0101,2.54025,11.36379,70.08,FALSE,2.169
9690,BJ0101,2.5403,11.33666,70.08,FALSE,2.169
9691,BJ0101,2.54034,11.30953,70.08,FALSE,2.169
9692,BJ0101,2.54038,11.2824,70.08,FALSE,2.169
9693,BJ0101,2.54043,11.25527,70.08,FALSE,2.169
9694,BJ0101,2.54047,11.22814,70.08,FALSE,2.169
9695,BJ0101,2.54051,11.201,70.08,FALSE,2.169
9696,BJ0101,2.54055,11.17387,70.08,FALSE,2.169
9697,BJ0101,2.5406,11.14674,70.08,FALSE,2.169
9698,BJ0101,2.54064,11.11961,70.08,FALSE,2.169
9700,BJ0101,2.54068,11.09248,70.08,FALSE,2.169
9702,BJ0101,2.54072,11.06535,70.08,FALSE,2.169
9704,BJ0101,2.54077,11.03822,70.08,FALSE,2.169
9945,BJ0101,2.56733,11.63513,70.08,FALSE,2.169
9947,BJ0101,2.56738,11.608,70.08,FALSE,2.169
9949,BJ0101,2.56742,11.580870000000001,70.08,FALSE,2.169
9950,BJ0101,2.56746,11.55374,70.08,FALSE,2.169
9951,BJ0101,2.5675,11.52661,70.08,FALSE,2.169
9952,BJ0101,2.56754,11.49948,70.08,FALSE,2.169
9953,BJ0101,2.56758,11.47235,70.08,FALSE,2.169
9954,BJ0101,2.56762,11.44522,70.08,FALSE,2.169
9955,BJ0101,2.56767,11.41809,70.08,FALSE,2.169
9956,BJ0101,2.56771,11.39096,70.08,FALSE,2.169
9957,BJ0101,2.56775,11.36383,70.08,FALSE,2.169
9958,BJ0101,2.56779,11.3367,70.08,FALSE,2.169
9959,BJ0101,2.56783,11.30957,70.08,FALSE,2.169
9960,BJ0101,2.56787,11.28244,70.08,FALSE,2.169
9961,BJ0101,2.56791,11.25531,70.08,FALSE,2.169
9962,BJ0101,2.56795,11.22818,70.08,FALSE,2.169
9963,BJ0101,2.56799,11.20105,70.08,FALSE,2.169
9964,BJ0101,2.56803,11.17391,70.08,FALSE,2.169
9965,BJ0101,2.56807,11.14678,70.08,FALSE,2.169
9967,BJ0101,2.56811,11.11965,70.08,FALSE,2.169
10202,BJ0101,2.59489,11.60804,70.08,FALSE,2.169
10204,BJ0101,2.59493,11.58091,70.08,FALSE,2.169
10205,BJ0101,2.59497,11.55378,70.08,FALSE,2.169
10206,BJ0101,2.59501,11.52665,70.08,FALSE,2.169
10207,BJ0101,2.59505,11.49952,70.08,FALSE,2.169
10208,BJ0101,2.59509,11.47239,70.08,FALSE,2.169
10209,BJ0101,2.59513,11.44526,70.08,FALSE,2.169
10210,BJ0101,2.59517,11.41813,70.08,FALSE,2.169
10211,BJ0101,2.5952,11.391,70.08,FALSE,2.169
10212,BJ0101,2.59524,11.36387,70.08,FALSE,2.169
10213,BJ0101,2.59528,11.33674,70.08,FALSE,2.169
10214,BJ0101,2.59532,11.30961,70.08,FALSE,2.169
10215,BJ0101,2.59536,11.28248,70.08,FALSE,2.169
10216,BJ0101,2.5954,11.25535,70.08,FALSE,2.169
10217,BJ0101,2.59543,11.22821,70.08,FALSE,2.169
10218,BJ0101,2.59547,11.20108,70.08,FALSE,2.169
10219,BJ0101,2.59551,11.17395,70.08,FALSE,2.169
10221,BJ0101,2.59555,11.14682,70.08,FALSE,2.169
10448,BJ0101,2.62238,11.63521,70.08,FALSE,2.169
10450,BJ0101,2.62241,11.60808,70.08,FALSE,2.169
10452,BJ0101,2.62245,11.58095,70.08,FALSE,2.169
10454,BJ0101,2.62249,11.55382,70.08,FALSE,2.169
10456,BJ0101,2.62252,11.52669,70.08,FALSE,2.169
10458,BJ0101,2.62256,11.49956,70.08,FALSE,2.169
10459,BJ0101,2.62259,11.47243,70.08,FALSE,2.169
10460,BJ0101,2.62263,11.4453,70.08,FALSE,2.169
10461,BJ0101,2.62267,11.41817,70.08,FALSE,2.169
10462,BJ0101,2.6227,11.39104,70.08,FALSE,2.169
10463,BJ0101,2.62274,11.36391,70.08,FALSE,2.169
10464,BJ0101,2.62277,11.33677,70.08,FALSE,2.169
10465,BJ0101,2.62281,11.30964,70.08,FALSE,2.169
10466,BJ0101,2.62284,11.28251,70.08,FALSE,2.169
10467,BJ0101,2.62288,11.25538,70.08,FALSE,2.169
10468,BJ0101,2.62292,11.22825,70.08,FALSE,2.169
10469,BJ0101,2.62295,11.20112,70.08,FALSE,2.169
10471,BJ0101,2.62299,11.17399,70.08,FALSE,2.169
10710,BJ0101,2.64997,11.58098,70.08,FALSE,2.169
10713,BJ0101,2.65003,11.52672,70.08,FALSE,2.169
10715,BJ0101,2.65007,11.49959,70.08,FALSE,2.169
10717,BJ0101,2.6501,11.47246,70.08,FALSE,2.169
10718,BJ0101,2.65013,11.44533,70.08,FALSE,2.169
10719,BJ0101,2.65017,11.4182,70.08,FALSE,2.169
10720,BJ0101,2.6502,11.39107,70.08,FALSE,2.169
10721,BJ0101,2.65023,11.36394,70.08,FALSE,2.169
10722,BJ0101,2.65027,11.33681,70.08,FALSE,2.169
10723,BJ0101,2.6503,11.30968,70.08,FALSE,2.169
10724,BJ0101,2.65033,11.28255,70.08,FALSE,2.169
10726,BJ0101,2.65037,11.25542,70.08,FALSE,2.169
10728,BJ0101,2.6504,11.22828,70.08,FALSE,2.169
10730,BJ0101,2.65043,11.20115,70.08,FALSE,2.169
10732,BJ0101,2.65046,11.17402,70.08,FALSE,2.169
10973,BJ0101,2.67758,11.49962,70.08,FALSE,2.169
10975,BJ0101,2.67761,11.47249,70.08,FALSE,2.169
10977,BJ0101,2.67764,11.44536,70.08,FALSE,2.169
10978,BJ0101,2.67767,11.41823,70.08,FALSE,2.169
10979,BJ0101,2.6777,11.3911,70.08,FALSE,2.169
10980,BJ0101,2.67773,11.36397,70.08,FALSE,2.169
10981,BJ0101,2.67776,11.33684,70.08,FALSE,2.169
10982,BJ0101,2.67779,11.30971,70.08,FALSE,2.169
10983,BJ0101,2.67782,11.28258,70.08,FALSE,2.169
11223,BJ0101,2.70511,11.47252,70.08,FALSE,2.169
11225,BJ0101,2.70514,11.44539,70.08,FALSE,2.169
11226,BJ0101,2.70517,11.41826,70.08,FALSE,2.169
11227,BJ0101,2.7052,11.39113,70.08,FALSE,2.169
11228,BJ0101,2.70522,11.364,70.08,FALSE,2.169
11229,BJ0101,2.70525,11.33687,70.08,FALSE,2.169
11230,BJ0101,2.70528,11.30974,70.08,FALSE,2.169
11231,BJ0101,2.70531,11.28261,70.08,FALSE,2.169
11468,BJ0101,2.73262,11.47255,70.43,FALSE,2.169
11470,BJ0101,2.73264,11.44542,70.08,FALSE,2.169
11472,BJ0101,2.73267,11.41829,70.08,FALSE,2.169
11473,BJ0101,2.73269,11.39116,70.08,FALSE,2.169
11474,BJ0101,2.73272,11.36403,70.08,FALSE,2.169
11475,BJ0101,2.73274,11.33689,70.08,FALSE,2.169
11476,BJ0101,2.73277,11.30976,70.08,FALSE,2.169
11477,BJ0101,2.7328,11.28263,70.08,FALSE,2.169
11689,BJ0101,2.76015,11.44544,70.08,FALSE,2.169
11691,BJ0101,2.76017,11.41831,70.08,FALSE,2.169
11693,BJ0101,2.76019,11.39118,70.08,FALSE,2.169
11694,BJ0101,2.76022,11.36405,70.08,FALSE,2.169
11695,BJ0101,2.76024,11.33692,70.08,FALSE,2.169
11696,BJ0101,2.76026,11.30979,70.08,FALSE,2.169
11697,BJ0101,2.76028,11.28266,70.08,FALSE,2.169
11885,BJ0101,2.78767,11.41833,70.08,FALSE,2.169
11887,BJ0101,2.78769,11.3912,70.08,FALSE,2.169
11888,BJ0101,2.78771,11.36407,70.08,FALSE,2.169
11889,BJ0101,2.78773,11.33694,70.08,FALSE,2.169
11890,BJ0101,2.78775,11.30981,70.08,FALSE,2.169
11891,BJ0101,2.78777,11.28268,70.08,FALSE,2.169
11893,BJ0101,2.78779,11.25555,70.08,FALSE,2.169
12049,BJ0101,2.81517,11.41835,70.08,FALSE,2.169
12051,BJ0101,2.81519,11.39122,70.08,FALSE,2.169
12052,BJ0101,2.81521,11.36409,70.08,FALSE,2.169
12053,BJ0101,2.81522,11.33696,70.08,FALSE,2.169
12054,BJ0101,2.81524,11.30983,70.08,FALSE,2.169
12056,BJ0101,2.81526,11.2827,70.08,FALSE,2.169
12058,BJ0101,2.81528,11.25556,70.08,FALSE,2.169
12197,BJ0101,2.84267,11.41837,70.08,FALSE,2.169
12200,BJ0101,2.84269,11.39124,70.08,FALSE,2.169
12202,BJ0101,2.8427,11.3641,70.08,FALSE,2.169
12203,BJ0101,2.84272,11.33697,70.08,FALSE,2.169
12204,BJ0101,2.84273,11.30984,70.08,FALSE,2.169
12351,BJ0101,2.87019,11.39125,70.08,FALSE,2.169
12353,BJ0101,2.8702,11.36412,70.08,FALSE,2.169
12354,BJ0101,2.87021,11.33699,70.08,FALSE,2.169
12355,BJ0101,2.87022,11.30986,70.08,FALSE,2.169
12483,BJ0101,2.89768,11.39126,70.08,FALSE,2.169
12485,BJ0101,2.89769,11.36413,70.08,FALSE,2.169
12487,BJ0101,2.8977,11.337,70.08,FALSE,2.169
12489,BJ0101,2.89771,11.30987,70.08,FALSE,2.169
5001,BJ0101,2.0176,11.44389,70.08,FALSE,2.169
5002,BJ0101,2.01769,11.41676,70.08,FALSE,2.169
5004,BJ0101,2.01779,11.38964,70.08,FALSE,2.169
5226,BJ0101,2.04501,11.47111,70.08,FALSE,2.169
5227,BJ0101,2.0451,11.44398,70.08,FALSE,2.169
5228,BJ0101,2.04519,11.41686,70.08,FALSE,2.169
5229,BJ0101,2.04528,11.38973,70.08,FALSE,2.169
5231,BJ0101,2.04537,11.3626,70.08,FALSE,2.169
5233,BJ0101,2.04546,11.33547,70.08,FALSE,2.169
5458,BJ0101,2.07242,11.49833,70.08,FALSE,2.169
5459,BJ0101,2.07251,11.4712,70.08,FALSE,2.169
5460,BJ0101,2.0726,11.44407,70.08,FALSE,2.169
5461,BJ0101,2.07269,11.41694,70.08,FALSE,2.169
5462,BJ0101,2.07277,11.38982,70.08,FALSE,2.169
5463,BJ0101,2.07286,11.36269,70.08,FALSE,2.169
5464,BJ0101,2.07295,11.33556,70.08,FALSE,2.169
5466,BJ0101,2.07304,11.30843,70.08,FALSE,2.169
5468,BJ0101,2.07312,11.2813,70.08,FALSE,2.169
5706,BJ0101,2.09984,11.52554,70.08,FALSE,2.169
5707,BJ0101,2.09993,11.49841,70.08,FALSE,2.169
5708,BJ0101,2.10001,11.47129,70.08,FALSE,2.169
5709,BJ0101,2.1001,11.44416,70.08,FALSE,2.169
5710,BJ0101,2.10018,11.41703,70.08,FALSE,2.169
5711,BJ0101,2.10027,11.3899,70.08,FALSE,2.169
5712,BJ0101,2.10035,11.36277,70.08,FALSE,2.169
5713,BJ0101,2.10044,11.33565,70.08,FALSE,2.169
5714,BJ0101,2.10052,11.30852,70.08,FALSE,2.169
5715,BJ0101,2.10061,11.28139,70.08,FALSE,2.169
5717,BJ0101,2.10069,11.25426,70.08,FALSE,2.169
5719,BJ0101,2.10078,11.22713,70.08,FALSE,2.169
5721,BJ0101,2.10086,11.2,70.08,FALSE,2.169
5956,BJ0101,2.12726,11.55275,70.08,FALSE,2.169
5957,BJ0101,2.12735,11.52562,70.08,FALSE,2.169
5958,BJ0101,2.12743,11.4985,70.08,FALSE,2.169
5959,BJ0101,2.12751,11.47137,70.08,FALSE,2.169
5960,BJ0101,2.1276,11.44424,70.08,FALSE,2.169
5961,BJ0101,2.12768,11.41711,70.08,FALSE,2.169
5962,BJ0101,2.12776,11.38998,70.08,FALSE,2.169
5963,BJ0101,2.12785,11.36286,70.08,FALSE,2.169
5964,BJ0101,2.12793,11.33573,70.08,FALSE,2.169
5965,BJ0101,2.12801,11.3086,70.08,FALSE,2.169
5966,BJ0101,2.12809,11.28147,70.08,FALSE,2.169
5967,BJ0101,2.12817,11.25434,70.08,FALSE,2.169
5968,BJ0101,2.12826,11.22721,70.08,FALSE,2.169
5969,BJ0101,2.12834,11.20009,70.08,FALSE,2.169
5971,BJ0101,2.12842,11.17296,70.08,FALSE,2.169
5973,BJ0101,2.1285,11.14583,70.08,FALSE,2.169
6188,BJ0101,2.15469,11.57996,70.43,FALSE,2.169
6189,BJ0101,2.15477,11.55283,70.08,FALSE,2.169
6190,BJ0101,2.15486,11.52571,70.08,FALSE,2.169
6191,BJ0101,2.15494,11.49858,70.08,FALSE,2.169
6192,BJ0101,2.15502,11.47145,70.08,FALSE,2.169
6193,BJ0101,2.1551,11.44432,70.08,FALSE,2.169
6194,BJ0101,2.15518,11.41719,70.08,FALSE,2.169
6195,BJ0101,2.15526,11.39006,70.08,FALSE,2.169
6196,BJ0101,2.15534,11.36294,70.08,FALSE,2.169
6197,BJ0101,2.15542,11.33581,70.08,FALSE,2.169
6198,BJ0101,2.1555,11.30868,70.08,FALSE,2.169
6199,BJ0101,2.15558,11.28155,70.08,FALSE,2.169
6200,BJ0101,2.15566,11.25442,70.08,FALSE,2.169
6201,BJ0101,2.15574,11.22729,70.08,FALSE,2.169
6202,BJ0101,2.15581,11.20017,70.08,FALSE,2.169
6203,BJ0101,2.15589,11.17304,70.08,FALSE,2.169
6204,BJ0101,2.15597,11.14591,70.08,FALSE,2.169
6206,BJ0101,2.15605,11.11878,70.08,FALSE,2.169
6208,BJ0101,2.15613,11.09165,70.08,FALSE,2.169
6422,BJ0101,2.18213,11.60717,70.08,FALSE,2.169
6423,BJ0101,2.18221,11.58004,70.43,FALSE,2.169
6424,BJ0101,2.18229,11.55291,70.43,FALSE,2.169
6425,BJ0101,2.18236,11.52578,70.08,FALSE,2.169
6426,BJ0101,2.18244,11.49866,70.08,FALSE,2.169
6427,BJ0101,2.18252,11.47153,70.08,FALSE,2.169
6428,BJ0101,2.1826,11.4444,70.08,FALSE,2.169
6429,BJ0101,2.18268,11.41727,70.08,FALSE,2.169
6430,BJ0101,2.18275,11.39014,70.08,FALSE,2.169
6431,BJ0101,2.18283,11.36301,70.08,FALSE,2.169
6432,BJ0101,2.18291,11.33589,70.08,FALSE,2.169
6433,BJ0101,2.18299,11.30876,70.08,FALSE,2.169
6434,BJ0101,2.18306,11.28163,70.08,FALSE,2.169
6435,BJ0101,2.18314,11.2545,70.08,FALSE,2.169
6436,BJ0101,2.18322,11.22737,70.08,FALSE,2.169
6437,BJ0101,2.18329,11.20024,70.08,FALSE,2.169
6438,BJ0101,2.18337,11.17311,70.08,FALSE,2.169
6439,BJ0101,2.18344,11.14598,70.08,FALSE,2.169
6440,BJ0101,2.18352,11.11885,70.08,FALSE,2.169
6441,BJ0101,2.18359,11.09173,70.08,FALSE,2.169
6443,BJ0101,2.1836700000000002,11.0646,70.08,FALSE,2.169
6445,BJ0101,2.18374,11.03747,70.08,FALSE,2.169
6447,BJ0101,2.18382,11.01034,70.08,FALSE,2.169
6665,BJ0101,2.20964,11.60725,70.08,FALSE,2.169
6666,BJ0101,2.20972,11.58012,70.08,FALSE,2.169
6667,BJ0101,2.2098,11.55299,70.08,FALSE,2.169
6668,BJ0101,2.20987,11.52586,70.08,FALSE,2.169
6669,BJ0101,2.20995,11.49873,70.08,FALSE,2.169
6670,BJ0101,2.21002,11.4716,70.08,FALSE,2.169
6671,BJ0101,2.2101,11.44447,70.08,FALSE,2.169
6672,BJ0101,2.21017,11.41735,70.08,FALSE,2.169
6673,BJ0101,2.21025,11.39022,70.08,FALSE,2.169
6674,BJ0101,2.21032,11.36309,70.08,FALSE,2.169
6675,BJ0101,2.2104,11.33596,70.08,FALSE,2.169
6676,BJ0101,2.21047,11.30883,70.08,FALSE,2.169
6677,BJ0101,2.21055,11.2817,70.08,FALSE,2.169
6678,BJ0101,2.21062,11.25457,70.08,FALSE,2.169
6679,BJ0101,2.2107,11.22744,70.08,FALSE,2.169
6680,BJ0101,2.21077,11.20032,70.08,FALSE,2.169
6681,BJ0101,2.21084,11.17319,70.08,FALSE,2.169
6682,BJ0101,2.21092,11.14606,70.08,FALSE,2.169
6683,BJ0101,2.21099,11.11893,70.08,FALSE,2.169
6684,BJ0101,2.21106,11.0918,70.08,FALSE,2.169
6685,BJ0101,2.21113,11.06467,70.08,FALSE,2.169
6686,BJ0101,2.21121,11.03754,70.08,FALSE,2.169
6687,BJ0101,2.21128,11.01041,70.08,FALSE,2.169
6918,BJ0101,2.23709,11.63445,70.43,FALSE,2.169
6919,BJ0101,2.23716,11.60732,70.08,FALSE,2.169
6920,BJ0101,2.23724,11.58019,70.08,FALSE,2.169
6921,BJ0101,2.23731,11.55306,70.08,FALSE,2.169
6922,BJ0101,2.23738,11.52593,70.08,FALSE,2.169
6923,BJ0101,2.23746,11.49881,70.08,FALSE,2.169
6924,BJ0101,2.23753,11.47168,70.08,FALSE,2.169
6925,BJ0101,2.2376,11.44455,70.08,FALSE,2.169
6926,BJ0101,2.23767,11.41742,70.08,FALSE,2.169
6927,BJ0101,2.23775,11.39029,70.08,FALSE,2.169
6928,BJ0101,2.23782,11.36316,70.08,FALSE,2.169
6929,BJ0101,2.23789,11.33603,70.08,FALSE,2.169
6930,BJ0101,2.23796,11.3089,70.08,FALSE,2.169
6931,BJ0101,2.23803,11.28177,70.08,FALSE,2.169
6932,BJ0101,2.2381,11.25465,70.08,FALSE,2.169
6933,BJ0101,2.23818,11.22752,70.08,FALSE,2.169
6934,BJ0101,2.23825,11.20039,70.08,FALSE,2.169
6935,BJ0101,2.23832,11.17326,70.08,FALSE,2.169
6936,BJ0101,2.23839,11.14613,70.08,FALSE,2.169
6937,BJ0101,2.23846,11.119,70.08,FALSE,2.169
6938,BJ0101,2.23853,11.09187,70.08,FALSE,2.169
6939,BJ0101,2.2386,11.06474,70.08,FALSE,2.169
6940,BJ0101,2.23867,11.03761,70.08,FALSE,2.169
6941,BJ0101,2.23874,11.01048,70.08,FALSE,2.169
6943,BJ0101,2.23881,10.98335,70.08,FALSE,2.169
7170,BJ0101,2.26454,11.66165,70.08,FALSE,2.169
7171,BJ0101,2.26461,11.63452,70.08,FALSE,2.169
7172,BJ0101,2.26468,11.60739,70.08,FALSE,2.169
7173,BJ0101,2.26475,11.580260000000001,70.08,FALSE,2.169
7174,BJ0101,2.26482,11.55313,70.08,FALSE,2.169
7175,BJ0101,2.26489,11.526,70.08,FALSE,2.169
7176,BJ0101,2.26496,11.49888,70.08,FALSE,2.169
7177,BJ0101,2.26503,11.47175,70.08,FALSE,2.169
7178,BJ0101,2.2651,11.44462,70.08,FALSE,2.169
7179,BJ0101,2.26517,11.41749,70.08,FALSE,2.169
7180,BJ0101,2.26524,11.39036,70.08,FALSE,2.169
7181,BJ0101,2.26531,11.36323,70.08,FALSE,2.169
7182,BJ0101,2.26538,11.3361,70.08,FALSE,2.169
7183,BJ0101,2.26545,11.30897,70.08,FALSE,2.169
7184,BJ0101,2.26552,11.28184,70.08,FALSE,2.169
7185,BJ0101,2.26559,11.25471,70.08,FALSE,2.169
7186,BJ0101,2.26566,11.22758,70.08,FALSE,2.169
7187,BJ0101,2.26572,11.20046,70.08,FALSE,2.169
7188,BJ0101,2.26579,11.17333,70.08,FALSE,2.169
7189,BJ0101,2.26586,11.1462,70.08,FALSE,2.169
7190,BJ0101,2.26593,11.11907,70.08,FALSE,2.169
7191,BJ0101,2.266,11.09194,70.08,FALSE,2.169
7192,BJ0101,2.26606,11.06481,70.08,FALSE,2.169
7193,BJ0101,2.26613,11.03768,70.08,FALSE,2.169
7194,BJ0101,2.2662,11.01055,70.08,FALSE,2.169
7195,BJ0101,2.26627,10.98342,70.43,FALSE,2.169
7399,BJ0101,2.29206,11.66172,70.08,FALSE,2.169
7400,BJ0101,2.29213,11.63459,70.08,FALSE,2.169
7401,BJ0101,2.2922,11.60746,70.08,FALSE,2.169
7402,BJ0101,2.29226,11.58033,70.08,FALSE,2.169
7403,BJ0101,2.29233,11.5532,70.08,FALSE,2.169
7404,BJ0101,2.2924,11.52607,70.08,FALSE,2.169
7405,BJ0101,2.29247,11.49894,70.08,FALSE,2.169
7406,BJ0101,2.29254,11.47182,70.08,FALSE,2.169
7407,BJ0101,2.2926,11.44469,70.08,FALSE,2.169
7408,BJ0101,2.29267,11.41756,70.08,FALSE,2.169
7409,BJ0101,2.2927399999999998,11.39043,70.08,FALSE,2.169
7410,BJ0101,2.2928,11.3633,70.08,FALSE,2.169
7411,BJ0101,2.29287,11.33617,70.08,FALSE,2.169
7412,BJ0101,2.29294,11.30904,70.08,FALSE,2.169
7413,BJ0101,2.293,11.28191,70.08,FALSE,2.169
7414,BJ0101,2.29307,11.25478,70.08,FALSE,2.169
7415,BJ0101,2.29314,11.22765,70.08,FALSE,2.169
7416,BJ0101,2.2932,11.20052,70.08,FALSE,2.169
7417,BJ0101,2.29327,11.17339,70.08,FALSE,2.169
7418,BJ0101,2.29333,11.14626,70.08,FALSE,2.169
7419,BJ0101,2.2934,11.11913,70.08,FALSE,2.169
7420,BJ0101,2.29346,11.092,70.08,FALSE,2.169
7421,BJ0101,2.29353,11.06487,70.08,FALSE,2.169
7422,BJ0101,2.29359,11.03774,70.08,FALSE,2.169
7423,BJ0101,2.29366,11.01061,70.43,FALSE,2.169
7424,BJ0101,2.29372,10.98348,70.08,FALSE,2.169
7426,BJ0101,2.29379,10.95635,70.43,FALSE,2.169
7630,BJ0101,2.31952,11.68891,70.43,FALSE,2.169
7632,BJ0101,2.31958,11.66178,70.08,FALSE,2.169
7634,BJ0101,2.31965,11.63465,70.08,FALSE,2.169
7635,BJ0101,2.31971,11.60753,70.08,FALSE,2.169
7636,BJ0101,2.31978,11.5804,70.08,FALSE,2.169
7637,BJ0101,2.31984,11.55327,70.08,FALSE,2.169
7638,BJ0101,2.31991,11.52614,70.08,FALSE,2.169
7639,BJ0101,2.31997,11.49901,70.08,FALSE,2.169
7640,BJ0101,2.32004,11.47188,70.08,FALSE,2.169
7641,BJ0101,2.3201,11.44475,70.08,FALSE,2.169
7642,BJ0101,2.32017,11.41762,70.08,FALSE,2.169
7643,BJ0101,2.32023,11.39049,70.08,FALSE,2.169
7644,BJ0101,2.3203,11.36336,70.08,FALSE,2.169
7645,BJ0101,2.32036,11.33623,70.08,FALSE,2.169
7646,BJ0101,2.32043,11.3091,70.08,FALSE,2.169
7647,BJ0101,2.32049,11.28197,70.08,FALSE,2.169
7648,BJ0101,2.32055,11.25484,70.08,FALSE,2.169
7649,BJ0101,2.32062,11.22772,70.08,FALSE,2.169
7650,BJ0101,2.32068,11.20059,70.08,FALSE,2.169
7651,BJ0101,2.32074,11.17346,70.08,FALSE,2.169
7652,BJ0101,2.32081,11.14633,70.08,FALSE,2.169
7653,BJ0101,2.32087,11.1192,70.08,FALSE,2.169
7654,BJ0101,2.32093,11.09207,70.08,FALSE,2.169
7655,BJ0101,2.321,11.06494,70.08,FALSE,2.169
7656,BJ0101,2.32106,11.03781,70.08,FALSE,2.169
7657,BJ0101,2.32112,11.01068,70.08,FALSE,2.169
7658,BJ0101,2.32118,10.98355,70.43,FALSE,2.169
7659,BJ0101,2.32124,10.95642,70.43,FALSE,2.169
7877,BJ0101,2.3471,11.66185,70.08,FALSE,2.169
7879,BJ0101,2.34717,11.63472,70.08,FALSE,2.169
7880,BJ0101,2.34723,11.60759,70.08,FALSE,2.169
7881,BJ0101,2.34729,11.58046,70.08,FALSE,2.169
7882,BJ0101,2.34736,11.55333,70.08,FALSE,2.169
7883,BJ0101,2.34742,11.5262,70.08,FALSE,2.169
7884,BJ0101,2.34748,11.49907,70.08,FALSE,2.169
7885,BJ0101,2.34754,11.47194,70.08,FALSE,2.169
7886,BJ0101,2.34761,11.44481,70.08,FALSE,2.169
7887,BJ0101,2.34767,11.41768,70.08,FALSE,2.169
7888,BJ0101,2.34773,11.39055,70.08,FALSE,2.169
7889,BJ0101,2.34779,11.36343,70.08,FALSE,2.169
7890,BJ0101,2.34785,11.3363,70.08,FALSE,2.169
7891,BJ0101,2.34792,11.30917,70.08,FALSE,2.169
7892,BJ0101,2.34798,11.28204,70.08,FALSE,2.169
7893,BJ0101,2.34804,11.25491,70.08,FALSE,2.169
7894,BJ0101,2.3481,11.22778,70.08,FALSE,2.169
7895,BJ0101,2.34816,11.20065,70.08,FALSE,2.169
7896,BJ0101,2.34822,11.17352,70.08,FALSE,2.169
7897,BJ0101,2.34828,11.14639,70.08,FALSE,2.169
7898,BJ0101,2.34834,11.11926,70.08,FALSE,2.169
7899,BJ0101,2.3484,11.09213,70.08,FALSE,2.169
7900,BJ0101,2.34846,11.065,70.08,FALSE,2.169
7901,BJ0101,2.34852,11.03787,70.08,FALSE,2.169
7902,BJ0101,2.34858,11.01074,70.08,FALSE,2.169
7903,BJ0101,2.34864,10.98361,70.08,FALSE,2.169
7905,BJ0101,2.3487,10.956480000000001,70.43,FALSE,2.169
8123,BJ0101,2.37457,11.68904,70.08,FALSE,2.169
8125,BJ0101,2.37463,11.66191,70.08,FALSE,2.169
8127,BJ0101,2.37469,11.63478,70.08,FALSE,2.169
8128,BJ0101,2.37475,11.60765,70.08,FALSE,2.169
8129,BJ0101,2.37481,11.58052,70.08,FALSE,2.169
8130,BJ0101,2.37487,11.55339,70.08,FALSE,2.169
8131,BJ0101,2.37493,11.52626,70.08,FALSE,2.169
8132,BJ0101,2.37499,11.49913,70.08,FALSE,2.169
8133,BJ0101,2.37505,11.472,70.08,FALSE,2.169
8134,BJ0101,2.37511,11.44487,70.08,FALSE,2.169
8135,BJ0101,2.37517,11.41774,70.08,FALSE,2.169
8136,BJ0101,2.37523,11.39061,70.08,FALSE,2.169
8137,BJ0101,2.37529,11.36348,70.08,FALSE,2.169
8138,BJ0101,2.37535,11.33635,70.08,FALSE,2.169
8139,BJ0101,2.3754,11.30923,70.08,FALSE,2.169
8140,BJ0101,2.37546,11.2821,70.08,FALSE,2.169
8141,BJ0101,2.37552,11.25497,70.08,FALSE,2.169
8142,BJ0101,2.37558,11.22784,70.83,FALSE,2.169
8143,BJ0101,2.37564,11.20071,70.08,FALSE,2.169
8144,BJ0101,2.3757,11.17358,70.08,FALSE,2.169
8145,BJ0101,2.37575,11.14645,70.08,FALSE,2.169
8146,BJ0101,2.37581,11.11932,70.08,FALSE,2.169
8147,BJ0101,2.37587,11.09218,70.08,FALSE,2.169
8148,BJ0101,2.37593,11.06505,70.08,FALSE,2.169
8149,BJ0101,2.37598,11.03792,70.08,FALSE,2.169
8150,BJ0101,2.37604,11.01079,70.08,FALSE,2.169
8152,BJ0101,2.3761,10.98366,70.08,FALSE,2.169
8375,BJ0101,2.40209,11.6891,70.08,FALSE,2.169
8377,BJ0101,2.40215,11.66197,70.08,FALSE,2.169
8379,BJ0101,2.40221,11.63484,70.08,FALSE,2.169
8380,BJ0101,2.40227,11.60771,70.08,FALSE,2.169
8381,BJ0101,2.40232,11.58058,70.08,FALSE,2.169
8382,BJ0101,2.40238,11.55345,70.08,FALSE,2.169
8383,BJ0101,2.40244,11.52632,70.08,FALSE,2.169
8384,BJ0101,2.4025,11.49919,70.08,FALSE,2.169
8385,BJ0101,2.40255,11.47206,70.08,FALSE,2.169
8386,BJ0101,2.40261,11.44493,70.08,FALSE,2.169
8387,BJ0101,2.40267,11.4178,70.08,FALSE,2.169
8388,BJ0101,2.40272,11.39067,70.08,FALSE,2.169
8389,BJ0101,2.40278,11.36354,70.08,FALSE,2.169
8390,BJ0101,2.40284,11.33641,70.08,FALSE,2.169
8391,BJ0101,2.40289,11.30928,70.08,FALSE,2.169
8392,BJ0101,2.40295,11.28215,70.08,FALSE,2.169
8393,BJ0101,2.403,11.25502,70.08,FALSE,2.169
8394,BJ0101,2.40306,11.22789,70.08,FALSE,2.169
8395,BJ0101,2.40312,11.20076,70.08,FALSE,2.169
8396,BJ0101,2.40317,11.17363,70.08,FALSE,2.169
8397,BJ0101,2.40323,11.1465,70.08,FALSE,2.169
8398,BJ0101,2.40328,11.11937,70.08,FALSE,2.169
8399,BJ0101,2.40334,11.09224,70.08,FALSE,2.169
8400,BJ0101,2.40339,11.06511,70.08,FALSE,2.169
8401,BJ0101,2.40345,11.03798,70.08,FALSE,2.169
8402,BJ0101,2.4035,11.01085,70.08,FALSE,2.169
8648,BJ0101,2.42967,11.66202,70.08,FALSE,2.169
8650,BJ0101,2.42973,11.63489,70.08,FALSE,2.169
8651,BJ0101,2.42978,11.60776,70.08,FALSE,2.169
8652,BJ0101,2.42984,11.58063,70.08,FALSE,2.169
8653,BJ0101,2.42989,11.55351,70.08,FALSE,2.169
8654,BJ0101,2.42995,11.52638,70.08,FALSE,2.169
8655,BJ0101,2.43,11.49925,70.08,FALSE,2.169
8656,BJ0101,2.43006,11.47212,70.08,FALSE,2.169
8657,BJ0101,2.43011,11.44499,70.08,FALSE,2.169
8658,BJ0101,2.43017,11.41786,70.08,FALSE,2.169
8659,BJ0101,2.43022,11.39073,70.08,FALSE,2.169
8660,BJ0101,2.43027,11.3636,70.08,FALSE,2.169
8661,BJ0101,2.43033,11.33647,70.08,FALSE,2.169
8662,BJ0101,2.43038,11.30934,70.08,FALSE,2.169
8663,BJ0101,2.43044,11.28221,70.08,FALSE,2.169
8664,BJ0101,2.43049,11.25508,70.08,FALSE,2.169
8665,BJ0101,2.43054,11.22795,70.08,FALSE,2.169
8666,BJ0101,2.4306,11.20082,70.08,FALSE,2.169
8667,BJ0101,2.43065,11.17368,70.08,FALSE,2.169
8668,BJ0101,2.4307,11.14655,70.08,FALSE,2.169
8669,BJ0101,2.43075,11.11942,70.08,FALSE,2.169
8670,BJ0101,2.43081,11.09229,70.08,FALSE,2.169
8671,BJ0101,2.43086,11.06516,70.08,FALSE,2.169
8672,BJ0101,2.43091,11.03803,70.08,FALSE,2.169
8673,BJ0101,2.43096,11.0109,70.08,FALSE,2.169
8903,BJ0101,2.4572,11.66208,70.08,FALSE,2.169
8905,BJ0101,2.45725,11.63495,70.08,FALSE,2.169
8906,BJ0101,2.4573,11.60782,70.08,FALSE,2.169
8907,BJ0101,2.45735,11.58069,70.08,FALSE,2.169
8908,BJ0101,2.45741,11.55356,70.08,FALSE,2.169
8909,BJ0101,2.45746,11.52643,70.08,FALSE,2.169
8910,BJ0101,2.45751,11.4993,70.08,FALSE,2.169
8911,BJ0101,2.45756,11.47217,70.08,FALSE,2.169
8912,BJ0101,2.45761,11.44504,70.08,FALSE,2.169
8913,BJ0101,2.45767,11.41791,70.08,FALSE,2.169
8914,BJ0101,2.45772,11.39078,70.08,FALSE,2.169
8915,BJ0101,2.45777,11.36365,70.08,FALSE,2.169
8916,BJ0101,2.45782,11.33652,70.08,FALSE,2.169
8917,BJ0101,2.4578700000000002,11.30939,70.08,FALSE,2.169
8918,BJ0101,2.45792,11.28226,70.08,FALSE,2.169
8919,BJ0101,2.45797,11.25513,70.8,FALSE,2.169
8920,BJ0101,2.45802,11.228,70.08,FALSE,2.169
8921,BJ0101,2.45807,11.20087,70.08,FALSE,2.169
8922,BJ0101,2.45812,11.17374,70.08,FALSE,2.169
8923,BJ0101,2.45818,11.14661,70.08,FALSE,2.169
8924,BJ0101,2.45823,11.11947,70.08,FALSE,2.169
8925,BJ0101,2.45828,11.09234,70.08,FALSE,2.169
8926,BJ0101,2.45833,11.06521,70.08,FALSE,2.169
8927,BJ0101,2.45837,11.03808,70.08,FALSE,2.169
8929,BJ0101,2.45842,11.01095,70.08,FALSE,2.169
9154,BJ0101,2.48467,11.68926,70.08,FALSE,2.169
9156,BJ0101,2.48472,11.66213,70.43,FALSE,2.169
9158,BJ0101,2.48477,11.635,70.08,FALSE,2.169
9159,BJ0101,2.48482,11.60787,70.08,FALSE,2.169
9160,BJ0101,2.48487,11.58074,70.08,FALSE,2.169
9161,BJ0101,2.48492,11.55361,70.08,FALSE,2.169
9162,BJ0101,2.48497,11.52648,70.08,FALSE,2.169
9163,BJ0101,2.48502,11.49935,70.08,FALSE,2.169
9164,BJ0101,2.48507,11.47222,70.08,FALSE,2.169
9165,BJ0101,2.48512,11.44509,70.08,FALSE,2.169
9166,BJ0101,2.48517,11.41796,70.08,FALSE,2.169
9167,BJ0101,2.48521,11.39083,70.08,FALSE,2.169
9168,BJ0101,2.48526,11.3637,70.08,FALSE,2.169
9169,BJ0101,2.48531,11.33657,70.08,FALSE,2.169
9170,BJ0101,2.48536,11.30944,70.08,FALSE,2.169
9171,BJ0101,2.48541,11.28231,70.08,FALSE,2.169
9172,BJ0101,2.48546,11.25518,70.08,FALSE,2.169
9173,BJ0101,2.48551,11.22805,70.08,FALSE,2.169
9174,BJ0101,2.48555,11.20091,70.08,FALSE,2.169
9175,BJ0101,2.4856,11.17378,70.08,FALSE,2.169
9176,BJ0101,2.48565,11.14665,70.08,FALSE,2.169
9177,BJ0101,2.4857,11.11952,70.08,FALSE,2.169
9178,BJ0101,2.48574,11.09239,70.08,FALSE,2.169
9179,BJ0101,2.48579,11.06526,70.08,FALSE,2.169
9181,BJ0101,2.48584,11.03813,70.08,FALSE,2.169
9419,BJ0101,2.51224,11.66218,70.08,FALSE,2.169
9421,BJ0101,2.51229,11.63505,70.08,FALSE,2.169
9422,BJ0101,2.51234,11.60792,70.08,FALSE,2.169
9423,BJ0101,2.51239,11.58079,70.08,FALSE,2.169
9424,BJ0101,2.51243,11.55366,70.08,FALSE,2.169
9425,BJ0101,2.51248,11.52653,70.08,FALSE,2.169
9426,BJ0101,2.51253,11.4994,70.08,FALSE,2.169
9427,BJ0101,2.51257,11.47227,70.08,FALSE,2.169
9428,BJ0101,2.51262,11.44514,70.08,FALSE,2.169
9429,BJ0101,2.51267,11.418,70.08,FALSE,2.169
9430,BJ0101,2.5127100000000002,11.39087,70.08,FALSE,2.169
9431,BJ0101,2.51276,11.36374,70.08,FALSE,2.169
9432,BJ0101,2.5128,11.33661,70.08,FALSE,2.169
9433,BJ0101,2.51285,11.30948,70.08,FALSE,2.169
9434,BJ0101,2.5129,11.28235,70.08,FALSE,2.169
9435,BJ0101,2.51294,11.25522,70.08,FALSE,2.169
9436,BJ0101,2.51299,11.22809,70.08,FALSE,2.169
9437,BJ0101,2.51303,11.20096,70.08,FALSE,2.169
9438,BJ0101,2.51308,11.17383,70.08,FALSE,2.169
9439,BJ0101,2.51312,11.1467,70.08,FALSE,2.169
9440,BJ0101,2.51317,11.11957,70.08,FALSE,2.169
9441,BJ0101,2.51321,11.09244,70.08,FALSE,2.169
9442,BJ0101,2.51326,11.06531,70.08,FALSE,2.169
9444,BJ0101,2.5133,11.03818,70.08,FALSE,2.169
9699,BJ0102,2.54064,11.11961,65.14,FALSE,-2.777
9701,BJ0102,2.54068,11.09248,65.14,FALSE,-2.777
9703,BJ0102,2.54072,11.06535,65.14,FALSE,-2.777
9705,BJ0102,2.54077,11.03822,65.14,FALSE,-2.777
9706,BJ0102,2.54081,11.01109,63.41,FALSE,-2.777
9707,BJ0102,2.54085,10.98396,63.41,FALSE,-2.777
9708,BJ0102,2.54089,10.95683,63.41,FALSE,-2.777
9709,BJ0102,2.54093,10.92969,63.41,FALSE,-2.777
9710,BJ0102,2.54098,10.90256,63.41,FALSE,-2.777
9711,BJ0102,2.54102,10.87543,63.41,FALSE,-2.777
9712,BJ0102,2.54106,10.8483,65.14,FALSE,-2.777
9713,BJ0102,2.5411,10.82117,65.14,FALSE,-2.777
9714,BJ0102,2.54114,10.79404,65.14,FALSE,-2.777
9715,BJ0102,2.54118,10.76691,65.14,FALSE,-2.777
9716,BJ0102,2.54122,10.73977,65.14,FALSE,-2.777
9717,BJ0102,2.54126,10.71264,63.41,FALSE,-2.777
9718,BJ0102,2.54131,10.68551,63.41,FALSE,-2.777
9719,BJ0102,2.54135,10.65838,65.14,FALSE,-2.777
9720,BJ0102,2.54139,10.63125,65.14,FALSE,-2.777
9721,BJ0102,2.54143,10.60412,65.14,FALSE,-2.777
9722,BJ0102,2.54147,10.57698,65.14,FALSE,-2.777
9723,BJ0102,2.54151,10.54985,65.14,FALSE,-2.777
9725,BJ0102,2.54155,10.52272,65.14,FALSE,-2.777
9966,BJ0102,2.56807,11.14678,65.14,FALSE,-2.777
9968,BJ0102,2.56811,11.11965,65.14,FALSE,-2.777
9969,BJ0102,2.56815,11.09252,65.14,FALSE,-2.777
9970,BJ0102,2.56819,11.06539,65.14,FALSE,-2.777
9971,BJ0102,2.56823,11.03826,65.14,FALSE,-2.777
9972,BJ0102,2.56827,11.01113,65.14,FALSE,-2.777
9973,BJ0102,2.56831,10.984,65.14,FALSE,-2.777
9974,BJ0102,2.56835,10.95687,65.14,FALSE,-2.777
9975,BJ0102,2.56839,10.92973,63.41,FALSE,-2.777
9976,BJ0102,2.56843,10.9026,65.14,FALSE,-2.777
9977,BJ0102,2.56847,10.87547,63.41,FALSE,-2.777
9978,BJ0102,2.56851,10.84834,65.14,FALSE,-2.777
9979,BJ0102,2.56854,10.82121,65.14,FALSE,-2.777
9980,BJ0102,2.56858,10.79408,65.14,FALSE,-2.777
9981,BJ0102,2.56862,10.76695,65.14,FALSE,-2.777
9982,BJ0102,2.56866,10.73981,65.14,FALSE,-2.777
9983,BJ0102,2.5687,10.71268,65.14,FALSE,-2.777
9984,BJ0102,2.56874,10.68555,65.14,FALSE,-2.777
9985,BJ0102,2.56878,10.65842,65.14,FALSE,-2.777
9986,BJ0102,2.56881,10.63129,63.41,FALSE,-2.777
9987,BJ0102,2.56885,10.60415,63.41,FALSE,-2.777
9988,BJ0102,2.56889,10.57702,63.41,FALSE,-2.777
9989,BJ0102,2.56893,10.54989,65.14,FALSE,-2.777
9990,BJ0102,2.56897,10.52276,65.14,FALSE,-2.777
10220,BJ0102,2.59551,11.17395,65.14,FALSE,-2.777
10222,BJ0102,2.59555,11.14682,65.14,FALSE,-2.777
10223,BJ0102,2.59558,11.11969,65.14,FALSE,-2.777
10224,BJ0102,2.59562,11.09256,65.14,FALSE,-2.777
10225,BJ0102,2.59566,11.06543,65.14,FALSE,-2.777
10226,BJ0102,2.5957,11.0383,65.14,FALSE,-2.777
10227,BJ0102,2.59573,11.01117,65.14,FALSE,-2.777
10228,BJ0102,2.59577,10.98403,65.14,FALSE,-2.777
10229,BJ0102,2.59581,10.9569,65.14,FALSE,-2.777
10230,BJ0102,2.59584,10.92977,65.14,FALSE,-2.777
10231,BJ0102,2.59588,10.90264,65.14,FALSE,-2.777
10232,BJ0102,2.59592,10.87551,65.14,FALSE,-2.777
10233,BJ0102,2.59595,10.84838,65.14,FALSE,-2.777
10234,BJ0102,2.59599,10.82125,65.14,FALSE,-2.777
10235,BJ0102,2.59603,10.79411,65.14,FALSE,-2.777
10236,BJ0102,2.59606,10.76698,65.14,FALSE,-2.777
10237,BJ0102,2.5961,10.73985,65.14,FALSE,-2.777
10238,BJ0102,2.59613,10.71272,65.14,FALSE,-2.777
10239,BJ0102,2.59617,10.68559,65.14,FALSE,-2.777
10240,BJ0102,2.59621,10.65845,65.14,FALSE,-2.777
10241,BJ0102,2.59624,10.63132,63.41,FALSE,-2.777
10242,BJ0102,2.59628,10.60419,63.41,FALSE,-2.777
10243,BJ0102,2.59631,10.57706,63.41,FALSE,-2.777
10244,BJ0102,2.59635,10.54993,65.14,FALSE,-2.777
10245,BJ0102,2.59638,10.52279,65.14,FALSE,-2.777
10472,BJ0102,2.62299,11.17399,65.14,FALSE,-2.777
10474,BJ0102,2.62302,11.14686,65.14,FALSE,-2.777
10476,BJ0102,2.62306,11.11973,65.14,FALSE,-2.777
10478,BJ0102,2.62309,11.0926,65.14,FALSE,-2.777
10480,BJ0102,2.62313,11.06546,65.14,FALSE,-2.777
10482,BJ0102,2.62316,11.03833,65.14,FALSE,-2.777
10483,BJ0102,2.62319,11.0112,65.14,FALSE,-2.777
10484,BJ0102,2.62323,10.984069999999999,65.14,FALSE,-2.777
10485,BJ0102,2.62326,10.95694,65.14,FALSE,-2.777
10486,BJ0102,2.6233,10.92981,65.14,FALSE,-2.777
10487,BJ0102,2.62333,10.90268,65.14,FALSE,-2.777
10488,BJ0102,2.62337,10.87554,65.14,FALSE,-2.777
10489,BJ0102,2.6234,10.84841,65.14,FALSE,-2.777
10490,BJ0102,2.62343,10.82128,65.14,FALSE,-2.777
10491,BJ0102,2.62347,10.79415,65.14,FALSE,-2.777
10492,BJ0102,2.6235,10.76702,65.14,FALSE,-2.777
10493,BJ0102,2.62353,10.73988,65.14,FALSE,-2.777
10494,BJ0102,2.62357,10.71275,65.14,FALSE,-2.777
10495,BJ0102,2.6236,10.68562,65.14,FALSE,-2.777
10496,BJ0102,2.62364,10.65849,65.14,FALSE,-2.777
10497,BJ0102,2.62367,10.63136,65.14,FALSE,-2.777
10498,BJ0102,2.6237,10.60422,65.14,FALSE,-2.777
10499,BJ0102,2.62373,10.57709,65.14,FALSE,-2.777
10500,BJ0102,2.62377,10.54996,65.14,FALSE,-2.777
10501,BJ0102,2.6238,10.52283,65.14,FALSE,-2.777
10733,BJ0102,2.65046,11.17402,65.14,FALSE,-2.777
10735,BJ0102,2.6505,11.14689,65.14,FALSE,-2.777
10739,BJ0102,2.65059,11.0655,65.14,FALSE,-2.777
10741,BJ0102,2.65062,11.03837,65.14,FALSE,-2.777
10743,BJ0102,2.65066,11.01123,65.14,FALSE,-2.777
10745,BJ0102,2.65069,10.9841,65.14,FALSE,-2.777
10746,BJ0102,2.65072,10.95697,65.14,FALSE,-2.777
10747,BJ0102,2.65075,10.92984,65.14,FALSE,-2.777
10748,BJ0102,2.65078,10.90271,65.14,FALSE,-2.777
10749,BJ0102,2.65082,10.87558,65.14,FALSE,-2.777
10750,BJ0102,2.65085,10.84844,65.14,FALSE,-2.777
10751,BJ0102,2.65088,10.82131,65.14,FALSE,-2.777
10752,BJ0102,2.65091,10.79418,65.14,FALSE,-2.777
10753,BJ0102,2.65094,10.76705,65.14,FALSE,-2.777
10754,BJ0102,2.65097,10.73992,65.14,FALSE,-2.777
10755,BJ0102,2.651,10.71278,65.14,FALSE,-2.777
10756,BJ0102,2.65103,10.68565,65.14,FALSE,-2.777
10757,BJ0102,2.65107,10.65852,65.14,FALSE,-2.777
10758,BJ0102,2.6511,10.63139,65.14,FALSE,-2.777
10759,BJ0102,2.65113,10.60426,65.14,FALSE,-2.777
10760,BJ0102,2.65116,10.57712,65.14,FALSE,-2.777
10761,BJ0102,2.65119,10.54999,65.14,FALSE,-2.777
10762,BJ0102,2.65122,10.52286,65.14,FALSE,-2.777
10994,BJ0102,2.67812,11.01126,65.14,FALSE,-2.777
10996,BJ0102,2.67815,10.98413,65.14,FALSE,-2.777
10998,BJ0102,2.67818,10.957,65.14,FALSE,-2.777
11000,BJ0102,2.67821,10.92987,65.14,FALSE,-2.777
11001,BJ0102,2.67824,10.90274,65.14,FALSE,-2.777
11002,BJ0102,2.67826,10.87561,65.14,FALSE,-2.777
11003,BJ0102,2.67829,10.84847,65.14,FALSE,-2.777
11004,BJ0102,2.67832,10.82134,65.14,FALSE,-2.777
11005,BJ0102,2.67835,10.79421,65.14,FALSE,-2.777
11006,BJ0102,2.67838,10.76708,65.14,FALSE,-2.777
11007,BJ0102,2.67841,10.73995,65.14,FALSE,-2.777
11008,BJ0102,2.67844,10.71281,65.14,FALSE,-2.777
11009,BJ0102,2.67847,10.68568,65.14,FALSE,-2.777
11010,BJ0102,2.67849,10.65855,65.14,FALSE,-2.777
11011,BJ0102,2.67852,10.63142,65.14,FALSE,-2.777
11012,BJ0102,2.67855,10.60429,65.14,FALSE,-2.777
11013,BJ0102,2.67858,10.57715,65.14,FALSE,-2.777
11014,BJ0102,2.67861,10.55002,65.14,FALSE,-2.777
11016,BJ0102,2.67864,10.52289,65.14,FALSE,-2.777
11244,BJ0102,2.70563,10.95703,65.14,FALSE,-2.777
11246,BJ0102,2.70566,10.9299,65.14,FALSE,-2.777
11248,BJ0102,2.70569,10.90277,65.14,FALSE,-2.777
11250,BJ0102,2.70571,10.87563,65.14,FALSE,-2.777
11251,BJ0102,2.70574,10.8485,65.14,FALSE,-2.777
11252,BJ0102,2.70577,10.82137,65.14,FALSE,-2.777
11253,BJ0102,2.70579,10.79424,65.14,FALSE,-2.777
11254,BJ0102,2.70582,10.76711,65.14,FALSE,-2.777
11255,BJ0102,2.70585,10.73997,65.14,FALSE,-2.777
11256,BJ0102,2.70587,10.71284,65.14,FALSE,-2.777
11257,BJ0102,2.7059,10.68571,65.85,FALSE,-2.777
11258,BJ0102,2.70592,10.65858,65.14,FALSE,-2.777
11259,BJ0102,2.70595,10.63144,65.14,FALSE,-2.777
11260,BJ0102,2.70598,10.60431,65.14,FALSE,-2.777
11261,BJ0102,2.706,10.57718,65.14,FALSE,-2.777
11263,BJ0102,2.70603,10.55005,65.14,FALSE,-2.777
11492,BJ0102,2.73314,10.90279,65.14,FALSE,-2.777
11494,BJ0102,2.73316,10.87566,65.14,FALSE,-2.777
11495,BJ0102,2.73319,10.84853,65.14,FALSE,-2.777
11496,BJ0102,2.73321,10.82139,65.14,FALSE,-2.777
11497,BJ0102,2.73324,10.79426,65.14,FALSE,-2.777
11498,BJ0102,2.73326,10.76713,65.14,FALSE,-2.777
11499,BJ0102,2.73328,10.74,65.14,FALSE,-2.777
11500,BJ0102,2.73331,10.71287,65.14,FALSE,-2.777
11501,BJ0102,2.73333,10.68573,65.14,FALSE,-2.777
11502,BJ0102,2.73336,10.6586,65.14,FALSE,-2.777
11503,BJ0102,2.73338,10.63147,65.14,FALSE,-2.777
11504,BJ0102,2.7334,10.60434,65.14,FALSE,-2.777
11505,BJ0102,2.73343,10.5772,65.14,FALSE,-2.777
11712,BJ0102,2.76059,10.90281,65.14,FALSE,-2.777
11714,BJ0102,2.76061,10.87568,65.14,FALSE,-2.777
11715,BJ0102,2.76064,10.84855,65.14,FALSE,-2.777
11716,BJ0102,2.76066,10.82142,65.14,FALSE,-2.777
11717,BJ0102,2.76068,10.79429,65.14,FALSE,-2.777
11718,BJ0102,2.7607,10.767150000000001,65.14,FALSE,-2.777
11719,BJ0102,2.76072,10.74002,65.14,FALSE,-2.777
11720,BJ0102,2.76074,10.71289,65.14,FALSE,-2.777
11721,BJ0102,2.76076,10.68576,65.14,FALSE,-2.777
11722,BJ0102,2.76079,10.65862,65.14,FALSE,-2.777
11723,BJ0102,2.76081,10.63149,65.14,FALSE,-2.777
11724,BJ0102,2.76083,10.60436,65.14,FALSE,-2.777
11725,BJ0102,2.76085,10.57723,65.14,FALSE,-2.777
11906,BJ0102,2.78803,10.92997,65.14,FALSE,-2.777
11908,BJ0102,2.78804,10.90283,65.14,FALSE,-2.777
11910,BJ0102,2.78806,10.8757,65.14,FALSE,-2.777
11911,BJ0102,2.78808,10.84857,65.14,FALSE,-2.777
11912,BJ0102,2.7881,10.82144,65.14,FALSE,-2.777
11913,BJ0102,2.78812,10.79431,65.14,FALSE,-2.777
11914,BJ0102,2.78814,10.76717,65.14,FALSE,-2.777
11915,BJ0102,2.78816,10.74004,65.14,FALSE,-2.777
11916,BJ0102,2.78818,10.71291,65.14,FALSE,-2.777
11917,BJ0102,2.7882,10.68578,65.14,FALSE,-2.777
11918,BJ0102,2.78822,10.65864,65.14,FALSE,-2.777
11919,BJ0102,2.78823,10.63151,65.14,FALSE,-2.777
11920,BJ0102,2.78825,10.60438,65.14,FALSE,-2.777
11921,BJ0102,2.78827,10.57725,65.14,FALSE,-2.777
12070,BJ0102,2.81546,10.95712,65.14,FALSE,-2.777
12072,BJ0102,2.81548,10.92998,65.14,FALSE,-2.777
12074,BJ0102,2.8155,10.90285,65.14,FALSE,-2.777
12075,BJ0102,2.81551,10.87572,65.14,FALSE,-2.777
12076,BJ0102,2.81553,10.84859,65.14,FALSE,-2.777
12077,BJ0102,2.81555,10.82145,65.14,FALSE,-2.777
12078,BJ0102,2.81556,10.79432,65.14,FALSE,-2.777
12079,BJ0102,2.81558,10.76719,65.14,FALSE,-2.777
12080,BJ0102,2.8156,10.74006,65.14,FALSE,-2.777
12081,BJ0102,2.81561,10.71293,65.14,FALSE,-2.777
12082,BJ0102,2.81563,10.68579,65.14,FALSE,-2.777
12083,BJ0102,2.81565,10.65866,65.14,FALSE,-2.777
12084,BJ0102,2.81566,10.63153,65.14,FALSE,-2.777
12085,BJ0102,2.81568,10.6044,65.14,FALSE,-2.777
12086,BJ0102,2.81569,10.57726,65.14,FALSE,-2.777
12217,BJ0102,2.84291,10.98426,65.14,FALSE,-2.777
12219,BJ0102,2.84292,10.95713,65.14,FALSE,-2.777
12221,BJ0102,2.84294,10.93,65.14,FALSE,-2.777
12222,BJ0102,2.84295,10.90287,65.14,FALSE,-2.777
12223,BJ0102,2.84296,10.87573,65.14,FALSE,-2.777
12224,BJ0102,2.84298,10.8486,65.14,FALSE,-2.777
12225,BJ0102,2.84299,10.82147,65.14,FALSE,-2.777
12226,BJ0102,2.84301,10.79434,65.14,FALSE,-2.777
12227,BJ0102,2.84302,10.76721,65.14,FALSE,-2.777
12228,BJ0102,2.84303,10.74007,65.14,FALSE,-2.777
12229,BJ0102,2.84305,10.71294,65.14,FALSE,-2.777
12230,BJ0102,2.84306,10.68581,65.14,FALSE,-2.777
12231,BJ0102,2.84308,10.65868,65.14,FALSE,-2.777
12232,BJ0102,2.84309,10.63154,65.14,FALSE,-2.777
12233,BJ0102,2.8431,10.60441,65.14,FALSE,-2.777
12234,BJ0102,2.84312,10.57728,65.14,FALSE,-2.777
12236,BJ0102,2.84313,10.55015,65.14,FALSE,-2.777
12238,BJ0102,2.84315,10.52301,65.14,FALSE,-2.777
12368,BJ0102,2.87037,10.98428,65.14,FALSE,-2.777
12370,BJ0102,2.87038,10.95714,65.14,FALSE,-2.777
12371,BJ0102,2.87039,10.93001,65.14,FALSE,-2.777
12372,BJ0102,2.8704,10.90288,65.14,FALSE,-2.777
12373,BJ0102,2.87041,10.87575,65.14,FALSE,-2.777
12374,BJ0102,2.87043,10.84861,65.14,FALSE,-2.777
12375,BJ0102,2.87044,10.82148,65.14,FALSE,-2.777
12376,BJ0102,2.87045,10.79435,65.14,FALSE,-2.777
12377,BJ0102,2.87046,10.76722,65.14,FALSE,-2.777
12378,BJ0102,2.87047,10.74009,65.14,FALSE,-2.777
12379,BJ0102,2.87048,10.71295,65.14,FALSE,-2.777
12380,BJ0102,2.87049,10.68582,65.14,FALSE,-2.777
12381,BJ0102,2.87051,10.65869,65.14,FALSE,-2.777
12382,BJ0102,2.87052,10.63156,60.1,FALSE,-2.777
12383,BJ0102,2.87053,10.60442,63.41,FALSE,-2.777
12384,BJ0102,2.87054,10.57729,65.14,FALSE,-2.777
12385,BJ0102,2.87055,10.55016,65.14,FALSE,-2.777
12386,BJ0102,2.87056,10.52302,65.14,FALSE,-2.777
12502,BJ0102,2.89783,10.98429,65.14,FALSE,-2.777
12504,BJ0102,2.89784,10.95715,65.14,FALSE,-2.777
12505,BJ0102,2.89785,10.93002,65.14,FALSE,-2.777
12506,BJ0102,2.89785,10.90289,65.14,FALSE,-2.777
12507,BJ0102,2.89786,10.87576,65.14,FALSE,-2.777
12508,BJ0102,2.89787,10.84863,65.14,FALSE,-2.777
12509,BJ0102,2.89788,10.82149,65.14,FALSE,-2.777
12510,BJ0102,2.89789,10.79436,65.14,FALSE,-2.777
12511,BJ0102,2.8979,10.76723,65.14,FALSE,-2.777
12512,BJ0102,2.89791,10.7401,65.14,FALSE,-2.777
12513,BJ0102,2.89792,10.71296,65.14,FALSE,-2.777
12514,BJ0102,2.89793,10.68583,65.14,FALSE,-2.777
12515,BJ0102,2.89794,10.6587,63.41,FALSE,-2.777
12516,BJ0102,2.89795,10.63157,55.07,FALSE,-2.777
12517,BJ0102,2.89795,10.60443,55.07,FALSE,-2.777
12518,BJ0102,2.89796,10.5773,65.14,FALSE,-2.777
12519,BJ0102,2.89797,10.55017,65.14,FALSE,-2.777
12520,BJ0102,2.89798,10.52303,65.14,FALSE,-2.777
12633,BJ0102,2.92529,10.98429,65.14,FALSE,-2.777
12635,BJ0102,2.92529,10.95716,65.14,FALSE,-2.777
12636,BJ0102,2.9253,10.93003,65.14,FALSE,-2.777
12637,BJ0102,2.92531,10.9029,65.14,FALSE,-2.777
12638,BJ0102,2.92531,10.87577,65.14,FALSE,-2.777
12639,BJ0102,2.92532,10.84863,65.14,FALSE,-2.777
12640,BJ0102,2.92533,10.8215,65.14,FALSE,-2.777
12641,BJ0102,2.92533,10.79437,65.14,FALSE,-2.777
12642,BJ0102,2.92534,10.76724,65.14,FALSE,-2.777
12643,BJ0102,2.92535,10.7401,65.14,FALSE,-2.777
12644,BJ0102,2.92535,10.71297,65.14,FALSE,-2.777
12645,BJ0102,2.92536,10.68584,65.14,FALSE,-2.777
12646,BJ0102,2.92537,10.65871,63.41,FALSE,-2.777
12647,BJ0102,2.92537,10.63157,63.41,FALSE,-2.777
12648,BJ0102,2.92538,10.60444,63.41,FALSE,-2.777
12649,BJ0102,2.92539,10.57731,63.41,FALSE,-2.777
12650,BJ0102,2.92539,10.55018,65.14,FALSE,-2.777
12651,BJ0102,2.9254,10.52304,65.14,FALSE,-2.777
12765,BJ0102,2.95275,10.9843,65.14,FALSE,-2.777
12767,BJ0102,2.95275,10.95717,65.14,FALSE,-2.777
12768,BJ0102,2.95276,10.93004,65.14,FALSE,-2.777
12769,BJ0102,2.95276,10.9029,65.14,FALSE,-2.777
12770,BJ0102,2.95276,10.87577,65.14,FALSE,-2.777
12771,BJ0102,2.95277,10.84864,65.14,FALSE,-2.777
12772,BJ0102,2.95277,10.82151,65.14,FALSE,-2.777
12773,BJ0102,2.95278,10.79437,65.14,FALSE,-2.777
12774,BJ0102,2.95278,10.76724,65.14,FALSE,-2.777
12775,BJ0102,2.95278,10.74011,65.14,FALSE,-2.777
12776,BJ0102,2.95279,10.71298,65.14,FALSE,-2.777
12777,BJ0102,2.95279,10.68584,63.41,FALSE,-2.777
12778,BJ0102,2.9528,10.65871,55.07,FALSE,-2.777
12779,BJ0102,2.9528,10.63158,55.07,FALSE,-2.777
12780,BJ0102,2.95281,10.60445,55.07,FALSE,-2.777
12781,BJ0102,2.95281,10.57731,55.07,FALSE,-2.777
12782,BJ0102,2.95281,10.55018,55.07,FALSE,-2.777
12783,BJ0102,2.95282,10.52305,59.26,FALSE,-2.777
12895,BJ0102,2.98021,10.9843,65.14,FALSE,-2.777
12897,BJ0102,2.98021,10.95717,65.14,FALSE,-2.777
12899,BJ0102,2.98021,10.93004,65.14,FALSE,-2.777
12900,BJ0102,2.98021,10.90291,65.14,FALSE,-2.777
12901,BJ0102,2.98021,10.87577,65.14,FALSE,-2.777
12902,BJ0102,2.98022,10.84864,65.14,FALSE,-2.777
12903,BJ0102,2.98022,10.82151,65.14,FALSE,-2.777
12904,BJ0102,2.98022,10.79438,65.14,FALSE,-2.777
12905,BJ0102,2.98022,10.76724,65.14,FALSE,-2.777
12906,BJ0102,2.98022,10.74011,65.14,FALSE,-2.777
12907,BJ0102,2.98022,10.71298,63.7,FALSE,-2.777
12908,BJ0102,2.98023,10.68585,63.41,FALSE,-2.777
12909,BJ0102,2.98023,10.65871,55.07,FALSE,-2.777
12910,BJ0102,2.98023,10.63158,55.07,FALSE,-2.777
12911,BJ0102,2.98023,10.60445,55.07,FALSE,-2.777
12912,BJ0102,2.98023,10.57732,55.07,FALSE,-2.777
12913,BJ0102,2.98023,10.55018,55.07,FALSE,-2.777
12914,BJ0102,2.9802399999999998,10.52305,55.07,FALSE,-2.777
13034,BJ0102,3.00767,10.95717,65.14,FALSE,-2.777
13036,BJ0102,3.00767,10.93004,65.14,FALSE,-2.777
13037,BJ0102,3.00766,10.90291,65.14,FALSE,-2.777
13038,BJ0102,3.00766,10.87577,65.14,FALSE,-2.777
13039,BJ0102,3.00766,10.84864,65.14,FALSE,-2.777
13040,BJ0102,3.00766,10.82151,65.14,FALSE,-2.777
13041,BJ0102,3.00766,10.79438,65.14,FALSE,-2.777
13042,BJ0102,3.00766,10.76725,65.14,FALSE,-2.777
13043,BJ0102,3.00766,10.74011,65.14,FALSE,-2.777
13044,BJ0102,3.00766,10.71298,55.07,FALSE,-2.777
13045,BJ0102,3.00766,10.68585,55.07,FALSE,-2.777
13046,BJ0102,3.00766,10.65871,55.07,FALSE,-2.777
13047,BJ0102,3.00766,10.63158,55.07,FALSE,-2.777
13048,BJ0102,3.00766,10.60445,55.07,FALSE,-2.777
13049,BJ0102,3.00766,10.57732,55.07,FALSE,-2.777
13050,BJ0102,3.00766,10.55018,55.07,FALSE,-2.777
13051,BJ0102,3.00766,10.52305,55.07,FALSE,-2.777
13168,BJ0102,3.03512,10.95717,65.14,FALSE,-2.777
13170,BJ0102,3.03512,10.93004,65.14,FALSE,-2.777
13172,BJ0102,3.03512,10.9029,65.14,FALSE,-2.777
13173,BJ0102,3.03511,10.87577,65.14,FALSE,-2.777
13174,BJ0102,3.03511,10.84864,65.14,FALSE,-2.777
13175,BJ0102,3.03511,10.82151,65.14,FALSE,-2.777
13176,BJ0102,3.0351,10.79438,65.14,FALSE,-2.777
13177,BJ0102,3.0351,10.76724,65.14,FALSE,-2.777
13178,BJ0102,3.0351,10.74011,65.14,FALSE,-2.777
13179,BJ0102,3.0351,10.71298,55.07,FALSE,-2.777
13180,BJ0102,3.03509,10.68585,55.07,FALSE,-2.777
13181,BJ0102,3.03509,10.65871,55.07,FALSE,-2.777
13182,BJ0102,3.03509,10.63158,55.07,FALSE,-2.777
13183,BJ0102,3.0350799999999998,10.60445,55.07,FALSE,-2.777
13184,BJ0102,3.0350799999999998,10.57732,55.07,FALSE,-2.777
13185,BJ0102,3.0350799999999998,10.55018,55.07,FALSE,-2.777
13186,BJ0102,3.03507,10.52305,55.07,FALSE,-2.777
13307,BJ0102,3.06258,10.93003,65.14,FALSE,-2.777
13309,BJ0102,3.06257,10.9029,65.14,FALSE,-2.777
13310,BJ0102,3.06256,10.87577,65.14,FALSE,-2.777
13311,BJ0102,3.06256,10.84864,63.41,FALSE,-2.777
13312,BJ0102,3.06255,10.8215,63.41,FALSE,-2.777
13313,BJ0102,3.06255,10.79437,65.14,FALSE,-2.777
13314,BJ0102,3.06254,10.76724,58.42,FALSE,-2.777
13315,BJ0102,3.06254,10.74011,65.14,FALSE,-2.777
13316,BJ0102,3.06253,10.71297,55.07,FALSE,-2.777
13317,BJ0102,3.06252,10.68584,55.07,FALSE,-2.777
13318,BJ0102,3.06252,10.65871,55.07,FALSE,-2.777
13319,BJ0102,3.06251,10.63158,55.07,FALSE,-2.777
13320,BJ0102,3.06251,10.60444,55.07,FALSE,-2.777
13321,BJ0102,3.0625,10.57731,55.07,FALSE,-2.777
13322,BJ0102,3.0625,10.55018,55.07,FALSE,-2.777
13323,BJ0102,3.06249,10.52305,55.07,FALSE,-2.777
13434,BJ0102,3.09003,10.93003,65.14,FALSE,-2.777
13436,BJ0102,3.09002,10.90289,65.14,FALSE,-2.777
13437,BJ0102,3.09001,10.87576,65.14,FALSE,-2.777
13438,BJ0102,3.09001,10.84863,63.41,FALSE,-2.777
13439,BJ0102,3.09,10.8215,63.41,FALSE,-2.777
13440,BJ0102,3.08999,10.79436,55.07,FALSE,-2.777
13441,BJ0102,3.08998,10.76723,55.07,FALSE,-2.777
13442,BJ0102,3.08997,10.7401,63.41,FALSE,-2.777
13443,BJ0102,3.08997,10.71297,55.07,FALSE,-2.777
13444,BJ0102,3.08996,10.68583,55.07,FALSE,-2.777
13445,BJ0102,3.08995,10.6587,55.07,FALSE,-2.777
13446,BJ0102,3.08994,10.63157,55.07,FALSE,-2.777
13447,BJ0102,3.08993,10.60444,55.07,FALSE,-2.777
13448,BJ0102,3.08993,10.5773,55.07,FALSE,-2.777
13449,BJ0102,3.0899200000000002,10.55017,55.07,FALSE,-2.777
13452,BJ0102,3.08991,10.52304,55.07,FALSE,-2.777
13566,BJ0102,3.11749,10.93002,65.14,FALSE,-2.777
13568,BJ0102,3.11747,10.90288,65.14,FALSE,-2.777
13569,BJ0102,3.11746,10.87575,60.1,FALSE,-2.777
13570,BJ0102,3.11745,10.84862,63.41,FALSE,-2.777
13571,BJ0102,3.11744,10.82149,63.41,FALSE,-2.777
13572,BJ0102,3.11743,10.79436,55.07,FALSE,-2.777
13573,BJ0102,3.11742,10.76722,55.07,FALSE,-2.777
13574,BJ0102,3.11741,10.74009,63.41,FALSE,-2.777
13575,BJ0102,3.1174,10.71296,55.07,FALSE,-2.777
13576,BJ0102,3.11739,10.68583,55.07,FALSE,-2.777
13577,BJ0102,3.11738,10.65869,55.07,FALSE,-2.777
13578,BJ0102,3.11737,10.63156,55.07,FALSE,-2.777
13579,BJ0102,3.11736,10.60443,55.07,FALSE,-2.777
13580,BJ0102,3.11735,10.5773,55.07,FALSE,-2.777
13582,BJ0102,3.11734,10.55016,55.07,FALSE,-2.777
13693,BJ0102,3.14494,10.93,65.14,FALSE,-2.777
13695,BJ0102,3.14493,10.90287,65.14,FALSE,-2.777
13697,BJ0102,3.14491,10.87574,65.14,FALSE,-2.777
13698,BJ0102,3.1449,10.84861,63.41,FALSE,-2.777
13699,BJ0102,3.14489,10.82148,55.07,FALSE,-2.777
13700,BJ0102,3.14487,10.79434,55.07,FALSE,-2.777
13701,BJ0102,3.14486,10.76721,55.07,FALSE,-2.777
13702,BJ0102,3.14485,10.74008,65.14,FALSE,-2.777
13703,BJ0102,3.14484,10.71295,63.41,FALSE,-2.777
13704,BJ0102,3.14482,10.68581,55.07,FALSE,-2.777
13705,BJ0102,3.14481,10.65868,55.07,FALSE,-2.777
13706,BJ0102,3.1448,10.63155,55.07,FALSE,-2.777
13707,BJ0102,3.14478,10.60442,55.07,FALSE,-2.777
13709,BJ0102,3.14477,10.57728,55.07,FALSE,-2.777
13814,BJ0102,3.17238,10.90286,65.14,FALSE,-2.777
13817,BJ0102,3.17236,10.87573,65.14,FALSE,-2.777
13819,BJ0102,3.17235,10.84859,61.78,FALSE,-2.777
13821,BJ0102,3.17233,10.82146,57.58,FALSE,-2.777
13823,BJ0102,3.17232,10.79433,55.07,FALSE,-2.777
13825,BJ0102,3.1723,10.7672,55.07,FALSE,-2.777
13826,BJ0102,3.17229,10.74006,63.41,FALSE,-2.777
13827,BJ0102,3.17227,10.71293,63.41,FALSE,-2.777
13828,BJ0102,3.17226,10.6858,55.07,FALSE,-2.777
13829,BJ0102,3.17224,10.65867,55.07,FALSE,-2.777
13831,BJ0102,3.17223,10.63154,56.5,FALSE,-2.777
13833,BJ0102,3.17221,10.6044,55.07,FALSE,-2.777
13932,BJ0102,3.19983,10.90284,63.41,FALSE,-2.777
13938,BJ0102,3.19976,10.79431,57.94,FALSE,-2.777
13940,BJ0102,3.19974,10.76718,55.07,FALSE,-2.777
13942,BJ0102,3.19972,10.74005,65.14,FALSE,-2.777
13944,BJ0102,3.19971,10.71292,55.07,FALSE,-2.777
13946,BJ0102,3.19969,10.68578,55.07,FALSE,-2.777
13948,BJ0102,3.19967,10.65865,55.07,FALSE,-2.777
14060,BJ0102,3.22712,10.68577,55.07,FALSE,-2.777
6948,BJ0102,2.23909,10.87483,63.41,FALSE,-2.777
6950,BJ0102,2.23915,10.8477,63.41,FALSE,-2.777
6952,BJ0102,2.23922,10.82057,63.41,FALSE,-2.777
6954,BJ0102,2.23929,10.79344,63.41,FALSE,-2.777
6956,BJ0102,2.23936,10.76631,63.41,FALSE,-2.777
6958,BJ0102,2.23943,10.73918,63.41,FALSE,-2.777
6960,BJ0102,2.23949,10.71205,63.41,FALSE,-2.777
6962,BJ0102,2.23956,10.68492,63.41,FALSE,-2.777
6964,BJ0102,2.23963,10.65779,63.41,FALSE,-2.777
6966,BJ0102,2.2397,10.63066,63.41,FALSE,-2.777
6968,BJ0102,2.23976,10.60353,55.07,FALSE,-2.777
6970,BJ0102,2.23983,10.5764,63.41,FALSE,-2.777
6972,BJ0102,2.2399,10.54927,65.14,FALSE,-2.777
6975,BJ0102,2.23996,10.52214,65.14,FALSE,-2.777
7199,BJ0102,2.26647,10.90203,63.41,FALSE,-2.777
7201,BJ0102,2.26653,10.8749,63.41,FALSE,-2.777
7203,BJ0102,2.2666,10.84777,63.41,FALSE,-2.777
7204,BJ0102,2.26667,10.82064,63.41,FALSE,-2.777
7205,BJ0102,2.26673,10.79351,63.41,FALSE,-2.777
7206,BJ0102,2.2668,10.76638,63.41,FALSE,-2.777
7207,BJ0102,2.26686,10.73925,63.41,FALSE,-2.777
7208,BJ0102,2.26693,10.71212,63.41,FALSE,-2.777
7209,BJ0102,2.26699,10.68499,63.41,FALSE,-2.777
7210,BJ0102,2.26706,10.65786,63.41,FALSE,-2.777
7211,BJ0102,2.26712,10.63073,63.41,FALSE,-2.777
7212,BJ0102,2.26719,10.6036,63.41,FALSE,-2.777
7213,BJ0102,2.26725,10.57647,63.41,FALSE,-2.777
7214,BJ0102,2.26732,10.54934,65.14,FALSE,-2.777
7215,BJ0102,2.26738,10.5222,65.14,FALSE,-2.777
7428,BJ0102,2.29385,10.92922,63.41,FALSE,-2.777
7430,BJ0102,2.29392,10.90209,63.41,FALSE,-2.777
7432,BJ0102,2.29398,10.87496,63.41,FALSE,-2.777
7433,BJ0102,2.29404,10.84783,63.41,FALSE,-2.777
7434,BJ0102,2.29411,10.8207,63.41,FALSE,-2.777
7435,BJ0102,2.29417,10.79357,63.41,FALSE,-2.777
7436,BJ0102,2.29423,10.76644,63.41,FALSE,-2.777
7437,BJ0102,2.2943,10.73931,63.41,FALSE,-2.777
7438,BJ0102,2.29436,10.71218,63.41,FALSE,-2.777
7439,BJ0102,2.29442,10.68505,63.41,FALSE,-2.777
7440,BJ0102,2.29449,10.65792,63.41,FALSE,-2.777
7441,BJ0102,2.29455,10.63079,63.41,FALSE,-2.777
7442,BJ0102,2.29461,10.60366,63.41,FALSE,-2.777
7443,BJ0102,2.29467,10.57653,55.07,FALSE,-2.777
7444,BJ0102,2.29473,10.5494,63.41,FALSE,-2.777
7445,BJ0102,2.2948,10.52227,65.14,FALSE,-2.777
7660,BJ0102,2.32124,10.95642,63.41,FALSE,-2.777
7662,BJ0102,2.32131,10.92929,63.41,FALSE,-2.777
7664,BJ0102,2.32137,10.90216,63.41,FALSE,-2.777
7665,BJ0102,2.32143,10.87503,63.41,FALSE,-2.777
7666,BJ0102,2.32149,10.84789,63.41,FALSE,-2.777
7667,BJ0102,2.32155,10.82076,63.41,FALSE,-2.777
7668,BJ0102,2.32161,10.79363,63.41,FALSE,-2.777
7669,BJ0102,2.32167,10.7665,63.41,FALSE,-2.777
7670,BJ0102,2.32173,10.73937,63.41,FALSE,-2.777
7671,BJ0102,2.32179,10.71224,63.41,FALSE,-2.777
7672,BJ0102,2.32185,10.68511,65.14,FALSE,-2.777
7673,BJ0102,2.32191,10.65798,63.41,FALSE,-2.777
7674,BJ0102,2.32197,10.63085,63.41,FALSE,-2.777
7675,BJ0102,2.32203,10.60372,63.41,FALSE,-2.777
7676,BJ0102,2.32209,10.57659,63.41,FALSE,-2.777
7677,BJ0102,2.32215,10.54946,63.41,FALSE,-2.777
7678,BJ0102,2.32221,10.52233,63.41,FALSE,-2.777
7904,BJ0102,2.34864,10.98361,65.14,FALSE,-2.777
7906,BJ0102,2.3487,10.956480000000001,63.41,FALSE,-2.777
7908,BJ0102,2.34876,10.92935,63.41,FALSE,-2.777
7909,BJ0102,2.34882,10.90221,63.41,FALSE,-2.777
7910,BJ0102,2.34888,10.87508,63.41,FALSE,-2.777
7911,BJ0102,2.34894,10.84795,63.41,FALSE,-2.777
7912,BJ0102,2.34899,10.82082,63.41,FALSE,-2.777
7913,BJ0102,2.34905,10.79369,63.41,FALSE,-2.777
7914,BJ0102,2.34911,10.76656,63.41,FALSE,-2.777
7915,BJ0102,2.34917,10.73943,63.41,FALSE,-2.777
7916,BJ0102,2.34923,10.7123,65.14,FALSE,-2.777
7917,BJ0102,2.34928,10.68517,63.41,FALSE,-2.777
7918,BJ0102,2.34934,10.65804,63.41,FALSE,-2.777
7919,BJ0102,2.3494,10.63091,63.41,FALSE,-2.777
7920,BJ0102,2.34946,10.60378,63.41,FALSE,-2.777
7921,BJ0102,2.34951,10.57665,63.41,FALSE,-2.777
7922,BJ0102,2.34957,10.54952,65.14,FALSE,-2.777
7923,BJ0102,2.34963,10.52238,65.14,FALSE,-2.777
8151,BJ0102,2.37604,11.01079,65.14,FALSE,-2.777
8153,BJ0102,2.3761,10.98366,65.14,FALSE,-2.777
8154,BJ0102,2.37616,10.95653,63.41,FALSE,-2.777
8155,BJ0102,2.37621,10.9294,63.41,FALSE,-2.777
8156,BJ0102,2.37627,10.90227,63.41,FALSE,-2.777
8157,BJ0102,2.37633,10.87514,63.41,FALSE,-2.777
8158,BJ0102,2.37638,10.84801,63.41,FALSE,-2.777
8159,BJ0102,2.37644,10.82088,63.41,FALSE,-2.777
8160,BJ0102,2.37649,10.79375,63.41,FALSE,-2.777
8161,BJ0102,2.37655,10.76662,65.14,FALSE,-2.777
8162,BJ0102,2.37661,10.73949,63.41,FALSE,-2.777
8163,BJ0102,2.37666,10.71236,63.41,FALSE,-2.777
8164,BJ0102,2.37672,10.68523,63.41,FALSE,-2.777
8165,BJ0102,2.37677,10.65809,63.41,FALSE,-2.777
8166,BJ0102,2.37683,10.63096,63.41,FALSE,-2.777
8167,BJ0102,2.37688,10.60383,65.14,FALSE,-2.777
8168,BJ0102,2.37694,10.5767,63.41,FALSE,-2.777
8169,BJ0102,2.37699,10.54957,65.14,FALSE,-2.777
8170,BJ0102,2.37705,10.52244,65.14,FALSE,-2.777
8403,BJ0102,2.4035,11.01085,65.14,FALSE,-2.777
8404,BJ0102,2.40356,10.98372,65.14,FALSE,-2.777
8405,BJ0102,2.40361,10.95659,63.41,FALSE,-2.777
8406,BJ0102,2.40367,10.92946,63.41,FALSE,-2.777
8407,BJ0102,2.40372,10.90233,63.41,FALSE,-2.777
8408,BJ0102,2.40377,10.8752,65.14,FALSE,-2.777
8409,BJ0102,2.40383,10.84807,65.14,FALSE,-2.777
8410,BJ0102,2.40388,10.82093,65.14,FALSE,-2.777
8411,BJ0102,2.40393,10.7938,63.41,FALSE,-2.777
8412,BJ0102,2.40399,10.76667,63.41,FALSE,-2.777
8413,BJ0102,2.40404,10.73954,63.41,FALSE,-2.777
8414,BJ0102,2.40409,10.71241,63.41,FALSE,-2.777
8415,BJ0102,2.40415,10.68528,63.41,FALSE,-2.777
8416,BJ0102,2.4042,10.65815,65.14,FALSE,-2.777
8417,BJ0102,2.40425,10.63102,65.14,FALSE,-2.777
8418,BJ0102,2.40431,10.60389,65.14,FALSE,-2.777
8419,BJ0102,2.40436,10.57675,65.14,FALSE,-2.777
8421,BJ0102,2.40441,10.549620000000001,65.14,FALSE,-2.777
8423,BJ0102,2.40446,10.52249,65.14,FALSE,-2.777
8674,BJ0102,2.43096,11.0109,65.14,FALSE,-2.777
8675,BJ0102,2.43102,10.98377,65.14,FALSE,-2.777
8676,BJ0102,2.43107,10.95664,63.41,FALSE,-2.777
8677,BJ0102,2.43112,10.92951,63.41,FALSE,-2.777
8678,BJ0102,2.43117,10.90238,63.41,FALSE,-2.777
8679,BJ0102,2.43122,10.87525,65.14,FALSE,-2.777
8680,BJ0102,2.43127,10.84812,63.41,FALSE,-2.777
8681,BJ0102,2.43132,10.82099,63.41,FALSE,-2.777
8682,BJ0102,2.43138,10.79386,63.41,FALSE,-2.777
8683,BJ0102,2.43143,10.76672,63.41,FALSE,-2.777
8684,BJ0102,2.43148,10.73959,65.14,FALSE,-2.777
8685,BJ0102,2.43153,10.71246,65.14,FALSE,-2.777
8686,BJ0102,2.43158,10.68533,65.14,FALSE,-2.777
8687,BJ0102,2.43163,10.6582,65.14,FALSE,-2.777
8688,BJ0102,2.43168,10.63107,65.14,FALSE,-2.777
8689,BJ0102,2.43173,10.60394,65.14,FALSE,-2.777
8690,BJ0102,2.43178,10.57681,65.14,FALSE,-2.777
8692,BJ0102,2.43183,10.54967,65.14,FALSE,-2.777
8694,BJ0102,2.43188,10.52254,65.14,FALSE,-2.777
8928,BJ0102,2.45837,11.03808,65.14,FALSE,-2.777
8930,BJ0102,2.45842,11.01095,65.14,FALSE,-2.777
8931,BJ0102,2.45847,10.98382,65.14,FALSE,-2.777
8932,BJ0102,2.45852,10.95669,65.14,FALSE,-2.777
8933,BJ0102,2.45857,10.92956,65.14,FALSE,-2.777
8934,BJ0102,2.45862,10.90243,65.14,FALSE,-2.777
8935,BJ0102,2.45867,10.8753,63.41,FALSE,-2.777
8936,BJ0102,2.45872,10.84817,65.14,FALSE,-2.777
8937,BJ0102,2.45877,10.82104,65.14,FALSE,-2.777
8938,BJ0102,2.45882,10.7939,63.41,FALSE,-2.777
8939,BJ0102,2.45887,10.76677,63.41,FALSE,-2.777
8940,BJ0102,2.45891,10.73964,65.14,FALSE,-2.777
8941,BJ0102,2.45896,10.71251,65.14,FALSE,-2.777
8942,BJ0102,2.45901,10.68538,65.14,FALSE,-2.777
8943,BJ0102,2.45906,10.65825,65.14,FALSE,-2.777
8944,BJ0102,2.45911,10.63112,65.14,FALSE,-2.777
8945,BJ0102,2.45915,10.60398,65.14,FALSE,-2.777
8946,BJ0102,2.4592,10.57685,65.14,FALSE,-2.777
8947,BJ0102,2.45925,10.54972,65.14,FALSE,-2.777
9180,BJ0102,2.48579,11.06526,65.14,FALSE,-2.777
9182,BJ0102,2.48584,11.03813,65.14,FALSE,-2.777
9183,BJ0102,2.48589,11.011,65.14,FALSE,-2.777
9184,BJ0102,2.48593,10.98387,63.41,FALSE,-2.777
9185,BJ0102,2.48598,10.95674,63.41,FALSE,-2.777
9186,BJ0102,2.48603,10.92961,63.41,FALSE,-2.777
9187,BJ0102,2.48607,10.90248,63.41,FALSE,-2.777
9188,BJ0102,2.48612,10.87534,65.14,FALSE,-2.777
9189,BJ0102,2.48617,10.84821,63.41,FALSE,-2.777
9190,BJ0102,2.48621,10.82108,63.41,FALSE,-2.777
9191,BJ0102,2.48626,10.79395,63.41,FALSE,-2.777
9192,BJ0102,2.4863,10.76682,63.41,FALSE,-2.777
9193,BJ0102,2.48635,10.73969,63.41,FALSE,-2.777
9194,BJ0102,2.4864,10.71256,63.41,FALSE,-2.777
9195,BJ0102,2.48644,10.68543,65.14,FALSE,-2.777
9196,BJ0102,2.48649,10.65829,65.14,FALSE,-2.777
9197,BJ0102,2.48653,10.63116,65.14,FALSE,-2.777
9198,BJ0102,2.48658,10.60403,65.14,FALSE,-2.777
9199,BJ0102,2.48662,10.5769,65.14,FALSE,-2.777
9200,BJ0102,2.48667,10.54977,65.14,FALSE,-2.777
9443,BJ0102,2.51326,11.06531,65.14,FALSE,-2.777
9445,BJ0102,2.5133,11.03818,65.14,FALSE,-2.777
9446,BJ0102,2.51335,11.01105,63.41,FALSE,-2.777
9447,BJ0102,2.51339,10.98391,63.41,FALSE,-2.777
9448,BJ0102,2.51344,10.95678,63.41,FALSE,-2.777
9449,BJ0102,2.51348,10.92965,63.41,FALSE,-2.777
9450,BJ0102,2.51352,10.90252,63.41,FALSE,-2.777
9451,BJ0102,2.51357,10.87539,63.41,FALSE,-2.777
9452,BJ0102,2.51361,10.84826,63.41,FALSE,-2.777
9453,BJ0102,2.51366,10.82113,63.41,FALSE,-2.777
9454,BJ0102,2.5137,10.794,63.41,FALSE,-2.777
9455,BJ0102,2.51374,10.76686,65.14,FALSE,-2.777
9456,BJ0102,2.51379,10.73973,65.14,FALSE,-2.777
9457,BJ0102,2.51383,10.7126,63.41,FALSE,-2.777
9458,BJ0102,2.51387,10.68547,63.41,FALSE,-2.777
9459,BJ0102,2.51392,10.65834,65.14,FALSE,-2.777
9460,BJ0102,2.51396,10.63121,65.14,FALSE,-2.777
9461,BJ0102,2.514,10.60407,65.14,FALSE,-2.777
9462,BJ0102,2.51405,10.57694,65.14,FALSE,-2.777
9463,BJ0102,2.51409,10.54981,65.14,FALSE,-2.777
10470,BJ0103,2.62295,11.20112,57.37,FALSE,-10.542
10473,BJ0103,2.62299,11.17399,57.37,FALSE,-10.542
10475,BJ0103,2.62302,11.14686,57.37,FALSE,-10.542
10477,BJ0103,2.62306,11.11973,57.37,FALSE,-10.542
10479,BJ0103,2.62309,11.0926,57.37,FALSE,-10.542
10481,BJ0103,2.62313,11.06546,57.37,FALSE,-10.542
10725,BJ0103,2.65033,11.28255,57.37,FALSE,-10.542
10727,BJ0103,2.65037,11.25542,57.37,FALSE,-10.542
10729,BJ0103,2.6504,11.22828,57.37,FALSE,-10.542
10731,BJ0103,2.65043,11.20115,57.37,FALSE,-10.542
10734,BJ0103,2.65046,11.17402,57.37,FALSE,-10.542
10736,BJ0103,2.6505,11.14689,57.37,FALSE,-10.542
10737,BJ0103,2.65053,11.11976,57.37,FALSE,-10.542
10738,BJ0103,2.65056,11.09263,57.37,FALSE,-10.542
10740,BJ0103,2.65059,11.0655,57.37,FALSE,-10.542
10742,BJ0103,2.65062,11.03837,57.37,FALSE,-10.542
10744,BJ0103,2.65066,11.01123,57.37,FALSE,-10.542
10984,BJ0103,2.67782,11.28258,57.37,FALSE,-10.542
10985,BJ0103,2.67785,11.25545,57.37,FALSE,-10.542
10986,BJ0103,2.67788,11.22832,57.37,FALSE,-10.542
10987,BJ0103,2.67791,11.20118,57.37,FALSE,-10.542
10988,BJ0103,2.67794,11.17405,57.37,FALSE,-10.542
10989,BJ0103,2.67797,11.14692,57.37,FALSE,-10.542
10990,BJ0103,2.678,11.11979,57.37,FALSE,-10.542
10991,BJ0103,2.67803,11.09266,57.37,FALSE,-10.542
10992,BJ0103,2.67806,11.06553,57.37,FALSE,-10.542
10993,BJ0103,2.67809,11.0384,57.37,FALSE,-10.542
10995,BJ0103,2.67812,11.01126,57.37,FALSE,-10.542
10997,BJ0103,2.67815,10.98413,57.37,FALSE,-10.542
10999,BJ0103,2.67818,10.957,57.37,FALSE,-10.542
11232,BJ0103,2.70531,11.28261,57.37,FALSE,-10.542
11233,BJ0103,2.70534,11.25548,57.37,FALSE,-10.542
11234,BJ0103,2.70536,11.22834,57.37,FALSE,-10.542
11235,BJ0103,2.70539,11.20121,57.37,FALSE,-10.542
11236,BJ0103,2.70542,11.17408,57.37,FALSE,-10.542
11237,BJ0103,2.70544,11.14695,57.37,FALSE,-10.542
11238,BJ0103,2.70547,11.11982,57.37,FALSE,-10.542
11239,BJ0103,2.7055,11.09269,57.37,FALSE,-10.542
11240,BJ0103,2.70553,11.06556,57.37,FALSE,-10.542
11241,BJ0103,2.70555,11.03842,57.37,FALSE,-10.542
11242,BJ0103,2.70558,11.01129,57.37,FALSE,-10.542
11243,BJ0103,2.70561,10.98416,57.37,FALSE,-10.542
11245,BJ0103,2.70563,10.95703,57.37,FALSE,-10.542
11247,BJ0103,2.70566,10.9299,57.37,FALSE,-10.542
11249,BJ0103,2.70569,10.90277,57.37,FALSE,-10.542
11478,BJ0103,2.7328,11.28263,57.37,FALSE,-10.542
11479,BJ0103,2.73282,11.2555,57.37,FALSE,-10.542
11480,BJ0103,2.73285,11.22837,57.37,FALSE,-10.542
11481,BJ0103,2.73287,11.20124,57.37,FALSE,-10.542
11482,BJ0103,2.73289,11.17411,57.37,FALSE,-10.542
11483,BJ0103,2.73292,11.14698,57.37,FALSE,-10.542
11484,BJ0103,2.73294,11.11984,57.37,FALSE,-10.542
11485,BJ0103,2.73297,11.09271,57.37,FALSE,-10.542
11486,BJ0103,2.73299,11.06558,57.37,FALSE,-10.542
11487,BJ0103,2.73302,11.03845,57.37,FALSE,-10.542
11488,BJ0103,2.73304,11.01132,57.37,FALSE,-10.542
11489,BJ0103,2.73307,10.98419,57.37,FALSE,-10.542
11490,BJ0103,2.73309,10.95705,57.37,FALSE,-10.542
11491,BJ0103,2.73312,10.92992,57.37,FALSE,-10.542
11493,BJ0103,2.73314,10.90279,57.37,FALSE,-10.542
11698,BJ0103,2.76028,11.28266,57.37,FALSE,-10.542
11699,BJ0103,2.76031,11.25552,57.37,FALSE,-10.542
11700,BJ0103,2.76033,11.22839,57.37,FALSE,-10.542
11701,BJ0103,2.76035,11.20126,57.37,FALSE,-10.542
11702,BJ0103,2.76037,11.17413,57.37,FALSE,-10.542
11703,BJ0103,2.76039,11.147,57.37,FALSE,-10.542
11704,BJ0103,2.76042,11.11987,57.37,FALSE,-10.542
11705,BJ0103,2.76044,11.09274,57.37,FALSE,-10.542
11706,BJ0103,2.76046,11.0656,57.37,FALSE,-10.542
11707,BJ0103,2.76048,11.03847,57.37,FALSE,-10.542
11708,BJ0103,2.76051,11.01134,57.37,FALSE,-10.542
11709,BJ0103,2.76053,10.98421,57.37,FALSE,-10.542
11710,BJ0103,2.76055,10.95708,57.37,FALSE,-10.542
11711,BJ0103,2.76057,10.92995,57.37,FALSE,-10.542
11713,BJ0103,2.76059,10.90281,57.37,FALSE,-10.542
11892,BJ0103,2.78777,11.28268,57.37,FALSE,-10.542
11894,BJ0103,2.78779,11.25555,57.37,FALSE,-10.542
11895,BJ0103,2.78781,11.22841,57.37,FALSE,-10.542
11896,BJ0103,2.78783,11.20128,57.37,FALSE,-10.542
11897,BJ0103,2.78785,11.17415,57.37,FALSE,-10.542
11898,BJ0103,2.78787,11.14702,57.37,FALSE,-10.542
11899,BJ0103,2.78789,11.11989,57.37,FALSE,-10.542
11900,BJ0103,2.78791,11.09276,57.37,FALSE,-10.542
11901,BJ0103,2.78793,11.06562,57.37,FALSE,-10.542
11902,BJ0103,2.78795,11.03849,57.37,FALSE,-10.542
11903,BJ0103,2.78797,11.01136,57.37,FALSE,-10.542
11904,BJ0103,2.78799,10.98423,57.37,FALSE,-10.542
11905,BJ0103,2.78801,10.9571,57.37,FALSE,-10.542
11907,BJ0103,2.78803,10.92997,57.37,FALSE,-10.542
11909,BJ0103,2.78804,10.90283,57.37,FALSE,-10.542
12055,BJ0103,2.81524,11.30983,57.37,FALSE,-10.542
12057,BJ0103,2.81526,11.2827,57.37,FALSE,-10.542
12059,BJ0103,2.81528,11.25556,57.37,FALSE,-10.542
12060,BJ0103,2.81529,11.22843,57.37,FALSE,-10.542
12061,BJ0103,2.81531,11.2013,57.37,FALSE,-10.542
12062,BJ0103,2.81533,11.17417,57.37,FALSE,-10.542
12063,BJ0103,2.81534,11.14704,57.37,FALSE,-10.542
12064,BJ0103,2.81536,11.11991,57.37,FALSE,-10.542
12065,BJ0103,2.81538,11.09277,57.37,FALSE,-10.542
12066,BJ0103,2.8154,11.06564,57.37,FALSE,-10.542
12067,BJ0103,2.81541,11.03851,57.37,FALSE,-10.542
12068,BJ0103,2.81543,11.01138,57.37,FALSE,-10.542
12069,BJ0103,2.81545,10.98425,57.37,FALSE,-10.542
12071,BJ0103,2.81546,10.95712,57.37,FALSE,-10.542
12073,BJ0103,2.81548,10.92998,57.37,FALSE,-10.542
12185,BJ0103,2.84257,11.60828,57.37,FALSE,-10.542
12188,BJ0103,2.8426,11.55402,57.37,FALSE,-10.542
12190,BJ0103,2.84261,11.52689,57.37,FALSE,-10.542
12192,BJ0103,2.84263,11.49976,57.37,FALSE,-10.542
12195,BJ0103,2.84266,11.4455,57.37,FALSE,-10.542
12198,BJ0103,2.84267,11.41837,57.37,FALSE,-10.542
12201,BJ0103,2.84269,11.39124,57.37,FALSE,-10.542
12205,BJ0103,2.84273,11.30984,57.37,FALSE,-10.542
12206,BJ0103,2.84275,11.28271,57.37,FALSE,-10.542
12207,BJ0103,2.84276,11.25558,57.37,FALSE,-10.542
12208,BJ0103,2.84278,11.22845,57.37,FALSE,-10.542
12209,BJ0103,2.84279,11.20132,57.37,FALSE,-10.542
12210,BJ0103,2.84281,11.17418,57.37,FALSE,-10.542
12211,BJ0103,2.84282,11.14705,57.37,FALSE,-10.542
12212,BJ0103,2.84283,11.11992,57.37,FALSE,-10.542
12213,BJ0103,2.84285,11.09279,57.37,FALSE,-10.542
12214,BJ0103,2.84286,11.06566,57.37,FALSE,-10.542
12215,BJ0103,2.84288,11.03853,57.37,FALSE,-10.542
12216,BJ0103,2.84289,11.01139,57.37,FALSE,-10.542
12218,BJ0103,2.84291,10.98426,57.37,FALSE,-10.542
12220,BJ0103,2.84292,10.95713,57.37,FALSE,-10.542
12334,BJ0103,2.87007,11.63543,57.37,FALSE,-10.542
12336,BJ0103,2.87009,11.6083,57.37,FALSE,-10.542
12338,BJ0103,2.8701,11.58117,57.37,FALSE,-10.542
12340,BJ0103,2.87011,11.55404,57.37,FALSE,-10.542
12342,BJ0103,2.87012,11.52691,57.37,FALSE,-10.542
12344,BJ0103,2.87014,11.49977,57.37,FALSE,-10.542
12346,BJ0103,2.87015,11.47264,57.37,FALSE,-10.542
12348,BJ0103,2.87016,11.44551,57.37,FALSE,-10.542
12350,BJ0103,2.87017,11.41838,57.37,FALSE,-10.542
12352,BJ0103,2.87019,11.39125,57.37,FALSE,-10.542
12356,BJ0103,2.87022,11.30986,57.37,FALSE,-10.542
12357,BJ0103,2.87023,11.28272,57.37,FALSE,-10.542
12358,BJ0103,2.87025,11.25559,57.37,FALSE,-10.542
12359,BJ0103,2.87026,11.22846,57.37,FALSE,-10.542
12360,BJ0103,2.87027,11.20133,57.37,FALSE,-10.542
12361,BJ0103,2.87028,11.1742,57.37,FALSE,-10.542
12362,BJ0103,2.87029,11.14707,57.37,FALSE,-10.542
12363,BJ0103,2.87031,11.11993,57.37,FALSE,-10.542
12364,BJ0103,2.87032,11.0928,57.37,FALSE,-10.542
12365,BJ0103,2.87033,11.06567,57.37,FALSE,-10.542
12366,BJ0103,2.87034,11.03854,57.37,FALSE,-10.542
12367,BJ0103,2.87035,11.01141,57.37,FALSE,-10.542
12369,BJ0103,2.87037,10.98428,57.37,FALSE,-10.542
12471,BJ0103,2.89759,11.66257,57.37,FALSE,-10.542
12473,BJ0103,2.8976,11.63544,57.37,FALSE,-10.542
12475,BJ0103,2.89761,11.60831,57.37,FALSE,-10.542
12476,BJ0103,2.89762,11.58118,57.37,FALSE,-10.542
12477,BJ0103,2.89763,11.55405,57.37,FALSE,-10.542
12478,BJ0103,2.89763,11.52692,57.37,FALSE,-10.542
12479,BJ0103,2.89764,11.49979,57.37,FALSE,-10.542
12480,BJ0103,2.89765,11.47265,57.37,FALSE,-10.542
12481,BJ0103,2.89766,11.44552,57.37,FALSE,-10.542
12482,BJ0103,2.89767,11.41839,57.37,FALSE,-10.542
12484,BJ0103,2.89768,11.39126,57.37,FALSE,-10.542
12486,BJ0103,2.89769,11.36413,57.37,FALSE,-10.542
12488,BJ0103,2.8977,11.337,57.37,FALSE,-10.542
12490,BJ0103,2.89771,11.30987,57.37,FALSE,-10.542
12491,BJ0103,2.89772,11.28273,57.37,FALSE,-10.542
12492,BJ0103,2.89773,11.2556,57.37,FALSE,-10.542
12493,BJ0103,2.89774,11.22847,57.37,FALSE,-10.542
12494,BJ0103,2.89775,11.20134,57.37,FALSE,-10.542
12495,BJ0103,2.89776,11.17421,57.37,FALSE,-10.542
12496,BJ0103,2.89777,11.14708,57.37,FALSE,-10.542
12497,BJ0103,2.89778,11.11995,57.37,FALSE,-10.542
12498,BJ0103,2.89779,11.09281,57.37,FALSE,-10.542
12499,BJ0103,2.8978,11.06568,57.37,FALSE,-10.542
12500,BJ0103,2.89781,11.03855,57.37,FALSE,-10.542
12501,BJ0103,2.89782,11.01142,57.37,FALSE,-10.542
12503,BJ0103,2.89783,10.98429,57.37,FALSE,-10.542
12605,BJ0103,2.92511,11.66258,57.37,FALSE,-10.542
12608,BJ0103,2.92512,11.63545,57.37,FALSE,-10.542
12610,BJ0103,2.92512,11.60832,57.37,FALSE,-10.542
12611,BJ0103,2.92513,11.58119,57.37,FALSE,-10.542
12612,BJ0103,2.92514,11.55406,57.37,FALSE,-10.542
12613,BJ0103,2.92515,11.52692,57.37,FALSE,-10.542
12614,BJ0103,2.92515,11.49979,57.37,FALSE,-10.542
12615,BJ0103,2.92516,11.47266,57.37,FALSE,-10.542
12616,BJ0103,2.92517,11.44553,57.37,FALSE,-10.542
12617,BJ0103,2.92518,11.4184,57.37,FALSE,-10.542
12618,BJ0103,2.92518,11.39127,57.37,FALSE,-10.542
12619,BJ0103,2.92519,11.36414,57.37,FALSE,-10.542
12620,BJ0103,2.9252,11.33701,57.37,FALSE,-10.542
12621,BJ0103,2.9252,11.30987,57.37,FALSE,-10.542
12622,BJ0103,2.92521,11.28274,57.37,FALSE,-10.542
12623,BJ0103,2.92522,11.25561,57.37,FALSE,-10.542
12624,BJ0103,2.92522,11.22848,57.37,FALSE,-10.542
12625,BJ0103,2.92523,11.20135,57.37,FALSE,-10.542
12626,BJ0103,2.92524,11.17422,57.37,FALSE,-10.542
12627,BJ0103,2.92525,11.14709,57.37,FALSE,-10.542
12628,BJ0103,2.92525,11.11995,57.37,FALSE,-10.542
12629,BJ0103,2.92526,11.09282,57.37,FALSE,-10.542
12630,BJ0103,2.92527,11.06569,57.37,FALSE,-10.542
12631,BJ0103,2.92527,11.03856,57.37,FALSE,-10.542
12632,BJ0103,2.92528,11.01143,57.37,FALSE,-10.542
12634,BJ0103,2.92529,10.98429,57.37,FALSE,-10.542
12739,BJ0103,2.95264,11.63545,57.37,FALSE,-10.542
12741,BJ0103,2.95264,11.60832,57.37,FALSE,-10.542
12743,BJ0103,2.95265,11.58119,57.37,FALSE,-10.542
12744,BJ0103,2.95265,11.55406,57.37,FALSE,-10.542
12745,BJ0103,2.95266,11.52693,57.37,FALSE,-10.542
12746,BJ0103,2.95266,11.4998,57.37,FALSE,-10.542
12747,BJ0103,2.95267,11.47267,57.37,FALSE,-10.542
12748,BJ0103,2.95267,11.44554,57.37,FALSE,-10.542
12749,BJ0103,2.95268,11.41841,57.37,FALSE,-10.542
12750,BJ0103,2.95268,11.39127,57.37,FALSE,-10.542
12751,BJ0103,2.95269,11.36414,57.37,FALSE,-10.542
12752,BJ0103,2.95269,11.33701,57.37,FALSE,-10.542
12753,BJ0103,2.95269,11.30988,57.37,FALSE,-10.542
12754,BJ0103,2.9527,11.28275,57.37,FALSE,-10.542
12755,BJ0103,2.9527,11.25562,57.37,FALSE,-10.542
12756,BJ0103,2.95271,11.22849,57.37,FALSE,-10.542
12757,BJ0103,2.95271,11.20135,57.37,FALSE,-10.542
12758,BJ0103,2.95272,11.17422,57.37,FALSE,-10.542
12759,BJ0103,2.95272,11.14709,57.37,FALSE,-10.542
12760,BJ0103,2.95272,11.11996,57.37,FALSE,-10.542
12761,BJ0103,2.95273,11.09283,57.37,FALSE,-10.542
12762,BJ0103,2.95273,11.0657,57.37,FALSE,-10.542
12763,BJ0103,2.95274,11.03856,57.37,FALSE,-10.542
12764,BJ0103,2.95274,11.01143,57.37,FALSE,-10.542
12766,BJ0103,2.95275,10.9843,57.37,FALSE,-10.542
12870,BJ0103,2.98016,11.60833,57.37,FALSE,-10.542
12872,BJ0103,2.98017,11.5812,57.37,FALSE,-10.542
12874,BJ0103,2.98017,11.55406,57.37,FALSE,-10.542
12875,BJ0103,2.98017,11.52693,57.37,FALSE,-10.542
12876,BJ0103,2.98017,11.4998,57.37,FALSE,-10.542
12877,BJ0103,2.98017,11.47267,57.37,FALSE,-10.542
12878,BJ0103,2.98018,11.44554,57.37,FALSE,-10.542
12879,BJ0103,2.98018,11.41841,57.37,FALSE,-10.542
12880,BJ0103,2.98018,11.39128,57.37,FALSE,-10.542
12881,BJ0103,2.98018,11.36415,57.37,FALSE,-10.542
12882,BJ0103,2.98018,11.33701,57.37,FALSE,-10.542
12883,BJ0103,2.98018,11.30988,57.37,FALSE,-10.542
12884,BJ0103,2.98019,11.28275,57.37,FALSE,-10.542
12885,BJ0103,2.98019,11.25562,57.37,FALSE,-10.542
12886,BJ0103,2.98019,11.22849,57.37,FALSE,-10.542
12887,BJ0103,2.98019,11.20136,57.37,FALSE,-10.542
12888,BJ0103,2.98019,11.17423,57.37,FALSE,-10.542
12889,BJ0103,2.9802,11.14709,57.37,FALSE,-10.542
12890,BJ0103,2.9802,11.11996,57.37,FALSE,-10.542
12891,BJ0103,2.9802,11.09283,57.37,FALSE,-10.542
12892,BJ0103,2.9802,11.0657,57.37,FALSE,-10.542
12893,BJ0103,2.9802,11.03857,57.37,FALSE,-10.542
12894,BJ0103,2.9802,11.01143,57.37,FALSE,-10.542
12896,BJ0103,2.98021,10.9843,57.37,FALSE,-10.542
12898,BJ0103,2.98021,10.95717,57.37,FALSE,-10.542
13009,BJ0103,3.00768,11.5812,57.37,FALSE,-10.542
13011,BJ0103,3.00768,11.55407,57.37,FALSE,-10.542
13013,BJ0103,3.00768,11.52693,57.37,FALSE,-10.542
13014,BJ0103,3.00768,11.4998,57.37,FALSE,-10.542
13015,BJ0103,3.00768,11.47267,57.37,FALSE,-10.542
13016,BJ0103,3.00768,11.44554,57.37,FALSE,-10.542
13017,BJ0103,3.00768,11.41841,57.37,FALSE,-10.542
13018,BJ0103,3.00768,11.39128,57.37,FALSE,-10.542
13019,BJ0103,3.00768,11.36415,57.37,FALSE,-10.542
13020,BJ0103,3.00768,11.33702,57.37,FALSE,-10.542
13021,BJ0103,3.00768,11.30988,57.37,FALSE,-10.542
13022,BJ0103,3.00767,11.28275,57.37,FALSE,-10.542
13023,BJ0103,3.00767,11.25562,57.37,FALSE,-10.542
13024,BJ0103,3.00767,11.22849,57.37,FALSE,-10.542
13025,BJ0103,3.00767,11.20136,57.37,FALSE,-10.542
13026,BJ0103,3.00767,11.17423,57.37,FALSE,-10.542
13027,BJ0103,3.00767,11.14709,57.37,FALSE,-10.542
13028,BJ0103,3.00767,11.11996,57.37,FALSE,-10.542
13029,BJ0103,3.00767,11.09283,57.37,FALSE,-10.542
13030,BJ0103,3.00767,11.0657,57.37,FALSE,-10.542
13031,BJ0103,3.00767,11.03857,57.37,FALSE,-10.542
13032,BJ0103,3.00767,11.01143,57.37,FALSE,-10.542
13033,BJ0103,3.00767,10.9843,57.37,FALSE,-10.542
13035,BJ0103,3.00767,10.95717,57.37,FALSE,-10.542
13145,BJ0103,3.0352,11.55406,57.37,FALSE,-10.542
13147,BJ0103,3.03519,11.52693,57.37,FALSE,-10.542
13148,BJ0103,3.03519,11.4998,57.37,FALSE,-10.542
13149,BJ0103,3.03519,11.47267,57.37,FALSE,-10.542
13150,BJ0103,3.03518,11.44554,57.37,FALSE,-10.542
13151,BJ0103,3.03518,11.41841,57.37,FALSE,-10.542
13152,BJ0103,3.03518,11.39128,57.37,FALSE,-10.542
13153,BJ0103,3.03517,11.36414,57.37,FALSE,-10.542
13154,BJ0103,3.03517,11.33701,57.37,FALSE,-10.542
13155,BJ0103,3.03517,11.30988,57.37,FALSE,-10.542
13156,BJ0103,3.03516,11.28275,57.37,FALSE,-10.542
13157,BJ0103,3.03516,11.25562,57.37,FALSE,-10.542
13158,BJ0103,3.03516,11.22849,57.37,FALSE,-10.542
13159,BJ0103,3.03515,11.20136,57.37,FALSE,-10.542
13160,BJ0103,3.03515,11.17422,57.37,FALSE,-10.542
13161,BJ0103,3.03515,11.14709,57.37,FALSE,-10.542
13162,BJ0103,3.03514,11.11996,57.37,FALSE,-10.542
13163,BJ0103,3.03514,11.09283,57.37,FALSE,-10.542
13164,BJ0103,3.03514,11.0657,57.37,FALSE,-10.542
13165,BJ0103,3.03513,11.03857,57.37,FALSE,-10.542
13166,BJ0103,3.03513,11.01143,57.37,FALSE,-10.542
13167,BJ0103,3.03513,10.9843,57.37,FALSE,-10.542
13169,BJ0103,3.03512,10.95717,57.37,FALSE,-10.542
13171,BJ0103,3.03512,10.93004,57.37,FALSE,-10.542
13282,BJ0103,3.06271,11.55406,57.37,FALSE,-10.542
13284,BJ0103,3.0627,11.52693,57.37,FALSE,-10.542
13286,BJ0103,3.0627,11.4998,57.37,FALSE,-10.542
13287,BJ0103,3.06269,11.47267,57.37,FALSE,-10.542
13288,BJ0103,3.06269,11.44553,57.37,FALSE,-10.542
13289,BJ0103,3.06268,11.4184,57.37,FALSE,-10.542
13290,BJ0103,3.06267,11.39127,57.37,FALSE,-10.542
13291,BJ0103,3.06267,11.36414,57.37,FALSE,-10.542
13292,BJ0103,3.06266,11.33701,57.37,FALSE,-10.542
13293,BJ0103,3.06266,11.30988,57.37,FALSE,-10.542
13294,BJ0103,3.06265,11.28275,57.37,FALSE,-10.542
13295,BJ0103,3.06264,11.25561,57.37,FALSE,-10.542
13296,BJ0103,3.06264,11.22848,57.37,FALSE,-10.542
13297,BJ0103,3.06263,11.20135,57.37,FALSE,-10.542
13298,BJ0103,3.06263,11.17422,57.37,FALSE,-10.542
13299,BJ0103,3.06262,11.14709,57.37,FALSE,-10.542
13300,BJ0103,3.06262,11.11996,57.37,FALSE,-10.542
13301,BJ0103,3.06261,11.09282,57.37,FALSE,-10.542
13302,BJ0103,3.0626,11.06569,57.37,FALSE,-10.542
13303,BJ0103,3.0626,11.03856,57.37,FALSE,-10.542
13304,BJ0103,3.06259,11.01143,57.37,FALSE,-10.542
13305,BJ0103,3.06259,10.9843,57.37,FALSE,-10.542
13306,BJ0103,3.06258,10.95716,57.37,FALSE,-10.542
13308,BJ0103,3.06258,10.93003,57.37,FALSE,-10.542
13410,BJ0103,3.09022,11.52692,57.37,FALSE,-10.542
13412,BJ0103,3.09021,11.49979,57.37,FALSE,-10.542
13414,BJ0103,3.0902,11.47266,57.37,FALSE,-10.542
13415,BJ0103,3.09019,11.44553,57.37,FALSE,-10.542
13416,BJ0103,3.09018,11.4184,57.37,FALSE,-10.542
13417,BJ0103,3.09017,11.39126,57.37,FALSE,-10.542
13418,BJ0103,3.09016,11.36413,57.37,FALSE,-10.542
13419,BJ0103,3.09016,11.337,57.37,FALSE,-10.542
13420,BJ0103,3.09015,11.30987,57.37,FALSE,-10.542
13421,BJ0103,3.09014,11.28274,57.37,FALSE,-10.542
13422,BJ0103,3.09013,11.25561,57.37,FALSE,-10.542
13423,BJ0103,3.09012,11.22848,57.37,FALSE,-10.542
13424,BJ0103,3.09011,11.20134,57.37,FALSE,-10.542
13425,BJ0103,3.0901,11.17421,57.37,FALSE,-10.542
13426,BJ0103,3.0901,11.14708,57.37,FALSE,-10.542
13427,BJ0103,3.09009,11.11995,57.37,FALSE,-10.542
13428,BJ0103,3.09008,11.09282,57.37,FALSE,-10.542
13429,BJ0103,3.09007,11.06569,57.37,FALSE,-10.542
13430,BJ0103,3.09006,11.03855,57.37,FALSE,-10.542
13431,BJ0103,3.09005,11.01142,57.37,FALSE,-10.542
13432,BJ0103,3.09005,10.98429,57.37,FALSE,-10.542
13433,BJ0103,3.09004,10.95716,57.37,FALSE,-10.542
13435,BJ0103,3.09003,10.93003,57.37,FALSE,-10.542
13542,BJ0103,3.11772,11.49978,57.37,FALSE,-10.542
13544,BJ0103,3.1177,11.47265,57.37,FALSE,-10.542
13546,BJ0103,3.11769,11.44552,57.37,FALSE,-10.542
13548,BJ0103,3.11768,11.41839,57.37,FALSE,-10.542
13549,BJ0103,3.11767,11.39125,57.37,FALSE,-10.542
13550,BJ0103,3.11766,11.36412,57.37,FALSE,-10.542
13551,BJ0103,3.11765,11.33699,57.37,FALSE,-10.542
13552,BJ0103,3.11764,11.30986,57.37,FALSE,-10.542
13553,BJ0103,3.11763,11.28273,57.37,FALSE,-10.542
13554,BJ0103,3.11762,11.2556,57.37,FALSE,-10.542
13555,BJ0103,3.1176,11.22847,57.37,FALSE,-10.542
13556,BJ0103,3.11759,11.20133,57.37,FALSE,-10.542
13557,BJ0103,3.11758,11.1742,57.37,FALSE,-10.542
13558,BJ0103,3.11757,11.14707,57.37,FALSE,-10.542
13559,BJ0103,3.11756,11.11994,57.37,FALSE,-10.542
13560,BJ0103,3.11755,11.09281,57.37,FALSE,-10.542
13561,BJ0103,3.11754,11.06568,57.37,FALSE,-10.542
13562,BJ0103,3.11753,11.03854,57.37,FALSE,-10.542
13563,BJ0103,3.11752,11.01141,57.37,FALSE,-10.542
13564,BJ0103,3.11751,10.98428,57.37,FALSE,-10.542
13565,BJ0103,3.1175,10.95715,57.37,FALSE,-10.542
13567,BJ0103,3.11749,10.93002,57.37,FALSE,-10.542
13672,BJ0103,3.1452,11.4455,57.37,FALSE,-10.542
13674,BJ0103,3.14518,11.41837,57.37,FALSE,-10.542
13676,BJ0103,3.14517,11.39124,57.37,FALSE,-10.542
13677,BJ0103,3.14516,11.36411,57.37,FALSE,-10.542
13678,BJ0103,3.14514,11.33698,57.37,FALSE,-10.542
13679,BJ0103,3.14513,11.30985,57.37,FALSE,-10.542
13680,BJ0103,3.14511,11.28272,57.37,FALSE,-10.542
13681,BJ0103,3.1451,11.25559,57.37,FALSE,-10.542
13682,BJ0103,3.14509,11.22845,57.37,FALSE,-10.542
13683,BJ0103,3.14507,11.20132,57.37,FALSE,-10.542
13684,BJ0103,3.14506,11.17419,57.37,FALSE,-10.542
13685,BJ0103,3.14505,11.14706,57.37,FALSE,-10.542
13686,BJ0103,3.14503,11.11993,57.37,FALSE,-10.542
13687,BJ0103,3.14502,11.0928,57.37,FALSE,-10.542
13688,BJ0103,3.14501,11.06566,57.37,FALSE,-10.542
13689,BJ0103,3.14499,11.03853,57.37,FALSE,-10.542
13690,BJ0103,3.14498,11.0114,57.37,FALSE,-10.542
13691,BJ0103,3.14497,10.98427,57.37,FALSE,-10.542
13692,BJ0103,3.14495,10.95714,57.37,FALSE,-10.542
13694,BJ0103,3.14494,10.93,57.37,FALSE,-10.542
13696,BJ0103,3.14493,10.90287,57.37,FALSE,-10.542
13793,BJ0103,3.17268,11.41836,57.37,FALSE,-10.542
13795,BJ0103,3.17267,11.39123,57.37,FALSE,-10.542
13797,BJ0103,3.17265,11.3641,57.37,FALSE,-10.542
13798,BJ0103,3.17263,11.33697,57.37,FALSE,-10.542
13799,BJ0103,3.17262,11.30983,57.37,FALSE,-10.542
13800,BJ0103,3.1726,11.2827,57.37,FALSE,-10.542
13801,BJ0103,3.17259,11.25557,57.37,FALSE,-10.542
13802,BJ0103,3.17257,11.22844,57.37,FALSE,-10.542
13803,BJ0103,3.17255,11.20131,57.37,FALSE,-10.542
13804,BJ0103,3.17254,11.17418,57.37,FALSE,-10.542
13805,BJ0103,3.17252,11.14704,57.37,FALSE,-10.542
13806,BJ0103,3.17251,11.11991,57.37,FALSE,-10.542
13807,BJ0103,3.17249,11.09278,57.37,FALSE,-10.542
13808,BJ0103,3.17247,11.06565,57.37,FALSE,-10.542
13809,BJ0103,3.17246,11.03852,57.37,FALSE,-10.542
13810,BJ0103,3.17244,11.01139,57.37,FALSE,-10.542
13811,BJ0103,3.17243,10.98425,57.37,FALSE,-10.542
13812,BJ0103,3.17241,10.95712,57.37,FALSE,-10.542
13813,BJ0103,3.1724,10.92999,57.37,FALSE,-10.542
13815,BJ0103,3.17238,10.90286,57.37,FALSE,-10.542
13910,BJ0103,3.20017,11.39121,57.37,FALSE,-10.542
13912,BJ0103,3.20015,11.36408,57.37,FALSE,-10.542
13914,BJ0103,3.20013,11.33695,57.37,FALSE,-10.542
13916,BJ0103,3.20011,11.30982,57.37,FALSE,-10.542
13917,BJ0103,3.20009,11.28269,57.37,FALSE,-10.542
13918,BJ0103,3.20007,11.25555,57.37,FALSE,-10.542
13919,BJ0103,3.20005,11.22842,57.37,FALSE,-10.542
13920,BJ0103,3.20003,11.20129,57.37,FALSE,-10.542
13921,BJ0103,3.20002,11.17416,57.37,FALSE,-10.542
13922,BJ0103,3.2,11.14703,57.37,FALSE,-10.542
13923,BJ0103,3.19998,11.1199,57.37,FALSE,-10.542
13924,BJ0103,3.19996,11.09276,57.37,FALSE,-10.542
13926,BJ0103,3.19994,11.06563,57.37,FALSE,-10.542
13927,BJ0103,3.19992,11.0385,57.37,FALSE,-10.542
13928,BJ0103,3.1999,11.01137,57.37,FALSE,-10.542
13929,BJ0103,3.19989,10.98424,57.37,FALSE,-10.542
13930,BJ0103,3.19987,10.95711,57.37,FALSE,-10.542
13931,BJ0103,3.19985,10.92997,57.37,FALSE,-10.542
13933,BJ0103,3.19983,10.90284,57.37,FALSE,-10.542
14024,BJ0103,3.22762,11.33693,57.37,FALSE,-10.542
14026,BJ0103,3.2276,11.3098,57.37,FALSE,-10.542
14028,BJ0103,3.22758,11.28267,57.37,FALSE,-10.542
14029,BJ0103,3.22756,11.25553,57.37,FALSE,-10.542
14030,BJ0103,3.22754,11.2284,57.37,FALSE,-10.542
14031,BJ0103,3.22751,11.20127,57.37,FALSE,-10.542
14032,BJ0103,3.22749,11.17414,57.37,FALSE,-10.542
14034,BJ0103,3.22747,11.14701,57.37,FALSE,-10.542
14036,BJ0103,3.22745,11.11988,57.37,FALSE,-10.542
14038,BJ0103,3.22743,11.09275,57.37,FALSE,-10.542
14040,BJ0103,3.22741,11.06561,57.37,FALSE,-10.542
14042,BJ0103,3.22739,11.03848,57.37,FALSE,-10.542
14044,BJ0103,3.22737,11.01135,57.37,FALSE,-10.542
14046,BJ0103,3.22735,10.98422,57.37,FALSE,-10.542
14047,BJ0103,3.22733,10.957090000000001,57.37,FALSE,-10.542
14049,BJ0103,3.22731,10.92995,57.37,FALSE,-10.542
14051,BJ0103,3.22728,10.90282,57.37,FALSE,-10.542
14135,BJ0103,3.25509,11.30977,57.37,FALSE,-10.542
14138,BJ0103,3.25507,11.28264,57.37,FALSE,-10.542
14140,BJ0103,3.25504,11.25551,57.37,FALSE,-10.542
14142,BJ0103,3.25502,11.22838,57.37,FALSE,-10.542
14144,BJ0103,3.25499,11.20125,57.37,FALSE,-10.542
14146,BJ0103,3.25497,11.17412,57.37,FALSE,-10.542
14153,BJ0103,3.25483,11.01133,57.37,FALSE,-10.542
14155,BJ0103,3.25481,10.9842,57.37,FALSE,-10.542
14157,BJ0103,3.25478,10.95706,57.37,FALSE,-10.542
9653,BJ0104,2.53871,12.2862,79.2,FALSE,11.039
9654,BJ0104,2.53876,12.25907,79.2,FALSE,11.039
9655,BJ0104,2.53881,12.23194,79.2,FALSE,11.039
9656,BJ0104,2.53885,12.20481,79.2,FALSE,11.039
9657,BJ0104,2.5389,12.17768,79.2,FALSE,11.039
9658,BJ0104,2.53895,12.15055,79.2,FALSE,11.039
9659,BJ0104,2.53899,12.12342,79.2,FALSE,11.039
9660,BJ0104,2.53904,12.09629,79.2,FALSE,11.039
9661,BJ0104,2.53909,12.06916,79.2,FALSE,11.039
9662,BJ0104,2.53913,12.04203,79.2,FALSE,11.039
9663,BJ0104,2.53918,12.01491,79.2,FALSE,11.039
9664,BJ0104,2.53922,11.98778,79.2,FALSE,11.039
9665,BJ0104,2.53927,11.96065,79.2,FALSE,11.039
9666,BJ0104,2.53932,11.93352,79.2,FALSE,11.039
9667,BJ0104,2.53936,11.90639,78.95,FALSE,11.039
9668,BJ0104,2.53941,11.87926,78.95,FALSE,11.039
9669,BJ0104,2.53945,11.85213,79.2,FALSE,11.039
9670,BJ0104,2.5395,11.825,79.2,FALSE,11.039
9671,BJ0104,2.53954,11.79787,79.2,FALSE,11.039
9672,BJ0104,2.53959,11.77074,79.2,FALSE,11.039
9673,BJ0104,2.53963,11.74361,79.2,FALSE,11.039
9674,BJ0104,2.53968,11.71648,79.2,FALSE,11.039
9675,BJ0104,2.53972,11.68935,78.95,FALSE,11.039
9677,BJ0104,2.53977,11.66222,78.95,FALSE,11.039
9679,BJ0104,2.53981,11.63509,78.95,FALSE,11.039
9921,BJ0104,2.5663,12.28624,79.2,FALSE,11.039
9922,BJ0104,2.56634,12.25911,79.2,FALSE,11.039
9923,BJ0104,2.56639,12.23198,78.95,FALSE,11.039
9924,BJ0104,2.56643,12.20485,79.2,FALSE,11.039
9925,BJ0104,2.56647,12.17772,79.2,FALSE,11.039
9926,BJ0104,2.56652,12.1506,79.2,FALSE,11.039
9927,BJ0104,2.56656,12.12347,79.2,FALSE,11.039
9928,BJ0104,2.56661,12.09634,79.2,FALSE,11.039
9929,BJ0104,2.56665,12.06921,79.2,FALSE,11.039
9930,BJ0104,2.56669,12.04208,79.2,FALSE,11.039
9931,BJ0104,2.56674,12.01495,79.2,FALSE,11.039
9932,BJ0104,2.56678,11.98782,79.2,FALSE,11.039
9933,BJ0104,2.56682,11.96069,79.2,FALSE,11.039
9934,BJ0104,2.56687,11.93356,79.2,FALSE,11.039
9935,BJ0104,2.56691,11.90643,79.2,FALSE,11.039
9936,BJ0104,2.56695,11.8793,79.2,FALSE,11.039
9937,BJ0104,2.567,11.85217,79.2,FALSE,11.039
9938,BJ0104,2.56704,11.82504,79.2,FALSE,11.039
9939,BJ0104,2.56708,11.79791,79.2,FALSE,11.039
9940,BJ0104,2.56712,11.77078,79.2,FALSE,11.039
9941,BJ0104,2.56717,11.74365,79.2,FALSE,11.039
9942,BJ0104,2.56721,11.71652,79.2,FALSE,11.039
9943,BJ0104,2.56725,11.68939,79.2,FALSE,11.039
9944,BJ0104,2.56729,11.66226,78.95,FALSE,11.039
9946,BJ0104,2.56733,11.63513,78.95,FALSE,11.039
9948,BJ0104,2.56738,11.608,78.95,FALSE,11.039
10176,BJ0104,2.59384,12.31341,79.2,FALSE,11.039
10177,BJ0104,2.59389,12.28628,79.2,FALSE,11.039
10178,BJ0104,2.59393,12.25915,79.2,FALSE,11.039
10179,BJ0104,2.59397,12.23202,79.2,FALSE,11.039
10180,BJ0104,2.59401,12.2049,79.2,FALSE,11.039
10181,BJ0104,2.59405,12.17777,79.2,FALSE,11.039
10182,BJ0104,2.59409,12.15064,79.2,FALSE,11.039
10183,BJ0104,2.59413,12.12351,79.2,FALSE,11.039
10184,BJ0104,2.59417,12.09638,79.2,FALSE,11.039
10185,BJ0104,2.59421,12.06925,79.2,FALSE,11.039
10186,BJ0104,2.59426,12.04212,79.2,FALSE,11.039
10187,BJ0104,2.5943,12.01499,79.2,FALSE,11.039
10188,BJ0104,2.59434,11.98786,79.2,FALSE,11.039
10189,BJ0104,2.59438,11.96073,79.2,FALSE,11.039
10190,BJ0104,2.59442,11.9336,78.95,FALSE,11.039
10191,BJ0104,2.59446,11.90647,79.2,FALSE,11.039
10192,BJ0104,2.5945,11.87934,79.2,FALSE,11.039
10193,BJ0104,2.59454,11.85221,79.2,FALSE,11.039
10194,BJ0104,2.59458,11.82508,79.2,FALSE,11.039
10195,BJ0104,2.59462,11.79795,79.2,FALSE,11.039
10196,BJ0104,2.59466,11.77082,79.2,FALSE,11.039
10197,BJ0104,2.5947,11.74369,78.95,FALSE,11.039
10198,BJ0104,2.59474,11.71656,79.2,FALSE,11.039
10199,BJ0104,2.59478,11.68943,79.2,FALSE,11.039
10200,BJ0104,2.59482,11.6623,79.2,FALSE,11.039
10201,BJ0104,2.59486,11.63517,78.95,FALSE,11.039
10203,BJ0104,2.59489,11.60804,78.95,FALSE,11.039
10423,BJ0104,2.62143,12.31345,79.2,FALSE,11.039
10424,BJ0104,2.62147,12.28632,79.2,FALSE,11.039
10425,BJ0104,2.62151,12.25919,79.2,FALSE,11.039
10426,BJ0104,2.62155,12.23206,79.2,FALSE,11.039
10427,BJ0104,2.62159,12.20493,79.2,FALSE,11.039
10428,BJ0104,2.62163,12.17781,79.2,FALSE,11.039
10429,BJ0104,2.62167,12.15068,79.2,FALSE,11.039
10430,BJ0104,2.6217,12.12355,78.95,FALSE,11.039
10431,BJ0104,2.62174,12.09642,79.2,FALSE,11.039
10432,BJ0104,2.6217800000000002,12.06929,79.2,FALSE,11.039
10433,BJ0104,2.62182,12.04216,79.2,FALSE,11.039
10434,BJ0104,2.62186,12.01503,79.2,FALSE,11.039
10435,BJ0104,2.62189,11.9879,79.2,FALSE,11.039
10436,BJ0104,2.62193,11.96077,79.2,FALSE,11.039
10437,BJ0104,2.62197,11.93364,78.95,FALSE,11.039
10438,BJ0104,2.62201,11.90651,79.2,FALSE,11.039
10439,BJ0104,2.62204,11.87938,79.2,FALSE,11.039
10440,BJ0104,2.62208,11.85225,79.2,FALSE,11.039
10441,BJ0104,2.62212,11.82512,78.95,FALSE,11.039
10442,BJ0104,2.62216,11.79799,79.2,FALSE,11.039
10443,BJ0104,2.62219,11.77086,78.95,FALSE,11.039
10444,BJ0104,2.62223,11.74373,79.2,FALSE,11.039
10445,BJ0104,2.62227,11.7166,79.2,FALSE,11.039
10446,BJ0104,2.6223,11.68947,79.2,FALSE,11.039
10447,BJ0104,2.62234,11.66234,79.2,FALSE,11.039
10449,BJ0104,2.62238,11.63521,78.95,FALSE,11.039
10451,BJ0104,2.62241,11.60808,78.95,FALSE,11.039
10453,BJ0104,2.62245,11.58095,78.95,FALSE,11.039
10455,BJ0104,2.62249,11.55382,78.95,FALSE,11.039
10457,BJ0104,2.62252,11.52669,78.95,FALSE,11.039
10683,BJ0104,2.64902,12.31349,79.2,FALSE,11.039
10684,BJ0104,2.64906,12.28636,79.2,FALSE,11.039
10685,BJ0104,2.6491,12.25923,79.2,FALSE,11.039
10686,BJ0104,2.64913,12.2321,79.2,FALSE,11.039
10687,BJ0104,2.64917,12.20497,79.2,FALSE,11.039
10688,BJ0104,2.6492,12.17784,79.2,FALSE,11.039
10689,BJ0104,2.64924,12.15071,79.2,FALSE,11.039
10690,BJ0104,2.64927,12.12358,79.2,FALSE,11.039
10691,BJ0104,2.64931,12.09645,79.2,FALSE,11.039
10692,BJ0104,2.64934,12.06932,79.2,FALSE,11.039
10693,BJ0104,2.64938,12.04219,79.2,FALSE,11.039
10694,BJ0104,2.64942,12.01507,79.2,FALSE,11.039
10695,BJ0104,2.64945,11.98794,79.2,FALSE,11.039
10696,BJ0104,2.64949,11.96081,79.2,FALSE,11.039
10697,BJ0104,2.64952,11.93368,79.2,FALSE,11.039
10698,BJ0104,2.64956,11.90655,79.2,FALSE,11.039
10699,BJ0104,2.64959,11.87942,79.2,FALSE,11.039
10700,BJ0104,2.64962,11.85229,79.2,FALSE,11.039
10701,BJ0104,2.64966,11.82516,79.2,FALSE,11.039
10702,BJ0104,2.64969,11.79803,78.95,FALSE,11.039
10703,BJ0104,2.64973,11.7709,79.2,FALSE,11.039
10704,BJ0104,2.64976,11.74377,79.2,FALSE,11.039
10705,BJ0104,2.6498,11.71664,79.2,FALSE,11.039
10706,BJ0104,2.64983,11.68951,79.2,FALSE,11.039
10707,BJ0104,2.64986,11.66238,79.2,FALSE,11.039
10708,BJ0104,2.6499,11.63525,79.2,FALSE,11.039
10709,BJ0104,2.64993,11.60811,79.2,FALSE,11.039
10711,BJ0104,2.64997,11.58098,78.95,FALSE,11.039
10712,BJ0104,2.65,11.55385,78.95,FALSE,11.039
10714,BJ0104,2.65003,11.52672,78.95,FALSE,11.039
10716,BJ0104,2.65007,11.49959,78.95,FALSE,11.039
10943,BJ0104,2.67661,12.31352,79.2,FALSE,11.039
10944,BJ0104,2.67665,12.28639,79.2,FALSE,11.039
10945,BJ0104,2.67668,12.25926,79.2,FALSE,11.039
10946,BJ0104,2.67671,12.23213,79.2,FALSE,11.039
10947,BJ0104,2.67675,12.205,79.2,FALSE,11.039
10948,BJ0104,2.67678,12.17788,79.2,FALSE,11.039
10949,BJ0104,2.67681,12.15075,78.95,FALSE,11.039
10950,BJ0104,2.67684,12.12362,79.2,FALSE,11.039
10951,BJ0104,2.67688,12.09649,79.2,FALSE,11.039
10952,BJ0104,2.67691,12.06936,79.2,FALSE,11.039
10953,BJ0104,2.67694,12.04223,79.2,FALSE,11.039
10954,BJ0104,2.67697,12.0151,79.2,FALSE,11.039
10955,BJ0104,2.67701,11.98797,79.2,FALSE,11.039
10956,BJ0104,2.67704,11.96084,79.2,FALSE,11.039
10957,BJ0104,2.67707,11.93371,79.2,FALSE,11.039
10958,BJ0104,2.6771,11.90658,79.2,FALSE,11.039
10959,BJ0104,2.67714,11.87945,79.2,FALSE,11.039
10960,BJ0104,2.67717,11.85232,79.2,FALSE,11.039
10961,BJ0104,2.6772,11.82519,78.95,FALSE,11.039
10962,BJ0104,2.67723,11.79806,79.2,FALSE,11.039
10963,BJ0104,2.67726,11.77093,79.2,FALSE,11.039
10964,BJ0104,2.67729,11.7438,79.2,FALSE,11.039
10965,BJ0104,2.67733,11.71667,79.2,FALSE,11.039
10966,BJ0104,2.67736,11.68954,79.2,FALSE,11.039
10967,BJ0104,2.67739,11.66241,79.2,FALSE,11.039
10968,BJ0104,2.67742,11.63528,79.2,FALSE,11.039
10969,BJ0104,2.67745,11.60815,79.2,FALSE,11.039
10970,BJ0104,2.67748,11.58102,79.2,FALSE,11.039
10971,BJ0104,2.67751,11.55389,78.95,FALSE,11.039
10972,BJ0104,2.67754,11.52676,78.95,FALSE,11.039
10974,BJ0104,2.67758,11.49962,78.95,FALSE,11.039
10976,BJ0104,2.67761,11.47249,78.95,FALSE,11.039
11191,BJ0104,2.70417,12.34068,79.2,FALSE,11.039
11192,BJ0104,2.7042,12.31355,79.2,FALSE,11.039
11193,BJ0104,2.70424,12.28642,79.2,FALSE,11.039
11194,BJ0104,2.70427,12.25929,79.2,FALSE,11.039
11195,BJ0104,2.7043,12.23217,79.2,FALSE,11.039
11196,BJ0104,2.70433,12.20504,79.2,FALSE,11.039
11197,BJ0104,2.70436,12.17791,79.2,FALSE,11.039
11198,BJ0104,2.70439,12.15078,79.2,FALSE,11.039
11199,BJ0104,2.70442,12.12365,79.2,FALSE,11.039
11200,BJ0104,2.70445,12.09652,79.2,FALSE,11.039
11201,BJ0104,2.70448,12.06939,79.2,FALSE,11.039
11202,BJ0104,2.70451,12.04226,79.2,FALSE,11.039
11203,BJ0104,2.70453,12.01513,79.2,FALSE,11.039
11204,BJ0104,2.70456,11.988,79.2,FALSE,11.039
11205,BJ0104,2.70459,11.96087,79.2,FALSE,11.039
11206,BJ0104,2.70462,11.93374,79.2,FALSE,11.039
11207,BJ0104,2.70465,11.90661,79.2,FALSE,11.039
11208,BJ0104,2.70468,11.87948,78.95,FALSE,11.039
11209,BJ0104,2.70471,11.85235,78.95,FALSE,11.039
11210,BJ0104,2.70474,11.82522,78.95,FALSE,11.039
11211,BJ0104,2.70477,11.79809,79.2,FALSE,11.039
11212,BJ0104,2.7048,11.77096,79.2,FALSE,11.039
11213,BJ0104,2.70483,11.74383,79.2,FALSE,11.039
11214,BJ0104,2.70486,11.7167,79.2,FALSE,11.039
11215,BJ0104,2.70488,11.68957,79.2,FALSE,11.039
11216,BJ0104,2.70491,11.66244,79.2,FALSE,11.039
11217,BJ0104,2.70494,11.63531,79.2,FALSE,11.039
11218,BJ0104,2.70497,11.60818,79.2,FALSE,11.039
11219,BJ0104,2.705,11.58105,79.2,FALSE,11.039
11220,BJ0104,2.70503,11.55392,79.2,FALSE,11.039
11221,BJ0104,2.70506,11.52678,79.2,FALSE,11.039
11222,BJ0104,2.70508,11.49965,79.2,FALSE,11.039
11224,BJ0104,2.70511,11.47252,78.95,FALSE,11.039
11435,BJ0104,2.73174,12.36784,78.95,FALSE,11.039
11436,BJ0104,2.73177,12.34071,78.95,FALSE,11.039
11437,BJ0104,2.7318,12.31358,79.2,FALSE,11.039
11438,BJ0104,2.73182,12.28645,79.2,FALSE,11.039
11439,BJ0104,2.73185,12.25932,79.2,FALSE,11.039
11440,BJ0104,2.73188,12.23219,79.2,FALSE,11.039
11441,BJ0104,2.73191,12.20506,79.2,FALSE,11.039
11442,BJ0104,2.73193,12.17793,79.2,FALSE,11.039
11443,BJ0104,2.73196,12.15081,79.2,FALSE,11.039
11444,BJ0104,2.73199,12.12368,79.2,FALSE,11.039
11445,BJ0104,2.73201,12.09655,79.2,FALSE,11.039
11446,BJ0104,2.73204,12.06942,79.2,FALSE,11.039
11447,BJ0104,2.73207,12.04229,79.2,FALSE,11.039
11448,BJ0104,2.73209,12.01516,79.2,FALSE,11.039
11449,BJ0104,2.73212,11.98803,79.2,FALSE,11.039
11450,BJ0104,2.73215,11.9609,79.2,FALSE,11.039
11451,BJ0104,2.73217,11.93377,79.2,FALSE,11.039
11452,BJ0104,2.7322,11.90664,79.2,FALSE,11.039
11453,BJ0104,2.73223,11.87951,79.2,FALSE,11.039
11454,BJ0104,2.73225,11.85238,79.2,FALSE,11.039
11455,BJ0104,2.73228,11.82525,78.95,FALSE,11.039
11456,BJ0104,2.73231,11.79812,79.2,FALSE,11.039
11457,BJ0104,2.73233,11.77099,79.2,FALSE,11.039
11458,BJ0104,2.73236,11.74386,79.2,FALSE,11.039
11459,BJ0104,2.73239,11.71673,79.2,FALSE,11.039
11460,BJ0104,2.73241,11.68959,79.2,FALSE,11.039
11461,BJ0104,2.73244,11.66246,79.2,FALSE,11.039
11462,BJ0104,2.73246,11.63533,79.2,FALSE,11.039
11463,BJ0104,2.73249,11.6082,79.2,FALSE,11.039
11464,BJ0104,2.73252,11.58107,79.2,FALSE,11.039
11465,BJ0104,2.73254,11.55394,79.2,FALSE,11.039
11466,BJ0104,2.73257,11.52681,79.2,FALSE,11.039
11467,BJ0104,2.73259,11.49968,79.2,FALSE,11.039
11469,BJ0104,2.73262,11.47255,79.2,FALSE,11.039
11471,BJ0104,2.73264,11.44542,78.95,FALSE,11.039
11655,BJ0104,2.75934,12.36787,78.95,FALSE,11.039
11656,BJ0104,2.75936,12.34074,78.95,FALSE,11.039
11657,BJ0104,2.75939,12.31361,79.2,FALSE,11.039
11658,BJ0104,2.75941,12.28648,79.2,FALSE,11.039
11659,BJ0104,2.75944,12.25935,79.2,FALSE,11.039
11660,BJ0104,2.75946,12.23222,79.2,FALSE,11.039
11661,BJ0104,2.75948,12.20509,79.2,FALSE,11.039
11662,BJ0104,2.75951,12.17796,79.2,FALSE,11.039
11663,BJ0104,2.75953,12.15083,79.2,FALSE,11.039
11664,BJ0104,2.75956,12.1237,79.2,FALSE,11.039
11665,BJ0104,2.75958,12.09657,78.95,FALSE,11.039
11666,BJ0104,2.75961,12.06944,79.2,FALSE,11.039
11667,BJ0104,2.75963,12.04231,79.2,FALSE,11.039
11668,BJ0104,2.75965,12.01518,79.2,FALSE,11.039
11669,BJ0104,2.75968,11.98805,79.2,FALSE,11.039
11670,BJ0104,2.7597,11.96092,79.2,FALSE,11.039
11671,BJ0104,2.75973,11.93379,79.2,FALSE,11.039
11672,BJ0104,2.75975,11.90666,79.2,FALSE,11.039
11673,BJ0104,2.75977,11.87953,79.2,FALSE,11.039
11674,BJ0104,2.7598,11.8524,79.2,FALSE,11.039
11675,BJ0104,2.75982,11.82527,78.95,FALSE,11.039
11676,BJ0104,2.75984,11.79814,79.2,FALSE,11.039
11677,BJ0104,2.75987,11.77101,79.2,FALSE,11.039
11678,BJ0104,2.75989,11.74388,79.2,FALSE,11.039
11679,BJ0104,2.75992,11.71675,79.2,FALSE,11.039
11680,BJ0104,2.75994,11.68962,79.2,FALSE,11.039
11681,BJ0104,2.75996,11.66249,79.2,FALSE,11.039
11682,BJ0104,2.75999,11.63536,79.2,FALSE,11.039
11683,BJ0104,2.76001,11.60823,79.2,FALSE,11.039
11684,BJ0104,2.76003,11.5811,79.2,FALSE,11.039
11685,BJ0104,2.76005,11.55397,79.2,FALSE,11.039
11686,BJ0104,2.76008,11.52684,79.2,FALSE,11.039
11687,BJ0104,2.7601,11.4997,79.2,FALSE,11.039
11688,BJ0104,2.76012,11.47257,79.2,FALSE,11.039
11690,BJ0104,2.76015,11.44544,78.95,FALSE,11.039
11692,BJ0104,2.76017,11.41831,78.95,FALSE,11.039
11849,BJ0104,2.78691,12.39502,78.95,FALSE,11.039
11850,BJ0104,2.78693,12.36789,78.95,FALSE,11.039
11851,BJ0104,2.78695,12.34076,79.2,FALSE,11.039
11852,BJ0104,2.78698,12.31363,79.2,FALSE,11.039
11853,BJ0104,2.787,12.2865,79.2,FALSE,11.039
11854,BJ0104,2.78702,12.25937,79.2,FALSE,11.039
11855,BJ0104,2.78704,12.23224,79.2,FALSE,11.039
11856,BJ0104,2.78706,12.20511,79.2,FALSE,11.039
11857,BJ0104,2.78709,12.17798,79.2,FALSE,11.039
11858,BJ0104,2.78711,12.15085,79.2,FALSE,11.039
11859,BJ0104,2.78713,12.12372,79.2,FALSE,11.039
11860,BJ0104,2.78715,12.09659,79.2,FALSE,11.039
11861,BJ0104,2.78717,12.06946,79.2,FALSE,11.039
11862,BJ0104,2.78719,12.04233,79.2,FALSE,11.039
11863,BJ0104,2.78721,12.0152,79.2,FALSE,11.039
11864,BJ0104,2.78724,11.98807,79.2,FALSE,11.039
11865,BJ0104,2.78726,11.96094,78.95,FALSE,11.039
11866,BJ0104,2.78728,11.93381,78.95,FALSE,11.039
11867,BJ0104,2.7873,11.90668,79.2,FALSE,11.039
11868,BJ0104,2.78732,11.87955,79.2,FALSE,11.039
11869,BJ0104,2.78734,11.85242,79.2,FALSE,11.039
11870,BJ0104,2.78736,11.82529,79.2,FALSE,11.039
11871,BJ0104,2.78738,11.79816,79.2,FALSE,11.039
11872,BJ0104,2.7874,11.77103,79.2,FALSE,11.039
11873,BJ0104,2.78742,11.7439,79.2,FALSE,11.039
11874,BJ0104,2.78745,11.71677,79.2,FALSE,11.039
11875,BJ0104,2.78747,11.68964,79.2,FALSE,11.039
11876,BJ0104,2.78749,11.66251,79.2,FALSE,11.039
11877,BJ0104,2.78751,11.63538,79.2,FALSE,11.039
11878,BJ0104,2.78753,11.60825,78.95,FALSE,11.039
11879,BJ0104,2.78755,11.58112,78.95,FALSE,11.039
11880,BJ0104,2.78757,11.55399,79.2,FALSE,11.039
11881,BJ0104,2.78759,11.52686,79.2,FALSE,11.039
11882,BJ0104,2.78761,11.49973,79.2,FALSE,11.039
11883,BJ0104,2.78763,11.47259,79.2,FALSE,11.039
11884,BJ0104,2.78765,11.44546,78.95,FALSE,11.039
11886,BJ0104,2.78767,11.41833,78.95,FALSE,11.039
12013,BJ0104,2.81451,12.39504,78.95,FALSE,11.039
12014,BJ0104,2.81453,12.36791,78.95,FALSE,11.039
12015,BJ0104,2.81455,12.34078,78.95,FALSE,11.039
12016,BJ0104,2.81457,12.31365,78.95,FALSE,11.039
12017,BJ0104,2.81459,12.28652,79.2,FALSE,11.039
12018,BJ0104,2.81461,12.25939,79.2,FALSE,11.039
12019,BJ0104,2.81462,12.23226,79.2,FALSE,11.039
12020,BJ0104,2.81464,12.20513,79.2,FALSE,11.039
12021,BJ0104,2.81466,12.178,79.2,FALSE,11.039
12022,BJ0104,2.81468,12.15087,79.2,FALSE,11.039
12023,BJ0104,2.8147,12.12374,79.2,FALSE,11.039
12024,BJ0104,2.81472,12.09661,78.95,FALSE,11.039
12025,BJ0104,2.81474,12.06948,79.2,FALSE,11.039
12026,BJ0104,2.81476,12.04235,79.2,FALSE,11.039
12027,BJ0104,2.81477,12.01522,79.2,FALSE,11.039
12028,BJ0104,2.81479,11.98809,79.2,FALSE,11.039
12029,BJ0104,2.81481,11.96096,78.95,FALSE,11.039
12030,BJ0104,2.81483,11.93383,79.2,FALSE,11.039
12031,BJ0104,2.81485,11.9067,79.2,FALSE,11.039
12032,BJ0104,2.81487,11.87957,79.2,FALSE,11.039
12033,BJ0104,2.81488,11.85244,79.2,FALSE,11.039
12034,BJ0104,2.8149,11.82531,79.2,FALSE,11.039
12035,BJ0104,2.81492,11.79818,79.2,FALSE,11.039
12036,BJ0104,2.81494,11.77105,79.2,FALSE,11.039
12037,BJ0104,2.81496,11.74392,79.2,FALSE,11.039
12038,BJ0104,2.81498,11.71679,79.2,FALSE,11.039
12039,BJ0104,2.81499,11.68966,79.2,FALSE,11.039
12040,BJ0104,2.81501,11.66253,79.2,FALSE,11.039
12041,BJ0104,2.81503,11.6354,79.2,FALSE,11.039
12042,BJ0104,2.81505,11.60827,78.95,FALSE,11.039
12043,BJ0104,2.81507,11.58114,78.95,FALSE,11.039
12044,BJ0104,2.81508,11.55401,78.95,FALSE,11.039
12045,BJ0104,2.8151,11.52688,78.95,FALSE,11.039
12046,BJ0104,2.81512,11.49974,79.2,FALSE,11.039
12047,BJ0104,2.81514,11.47261,79.2,FALSE,11.039
12048,BJ0104,2.81515,11.44548,78.95,FALSE,11.039
12050,BJ0104,2.81517,11.41835,78.95,FALSE,11.039
12156,BJ0104,2.84211,12.39506,78.95,FALSE,11.039
12157,BJ0104,2.84213,12.36793,78.95,FALSE,11.039
12158,BJ0104,2.84214,12.3408,78.95,FALSE,11.039
12159,BJ0104,2.84216,12.31367,79.2,FALSE,11.039
12160,BJ0104,2.84217,12.28654,79.2,FALSE,11.039
12161,BJ0104,2.84219,12.25941,78.95,FALSE,11.039
12162,BJ0104,2.84221,12.23228,79.2,FALSE,11.039
12163,BJ0104,2.84222,12.20515,79.2,FALSE,11.039
12164,BJ0104,2.84224,12.17802,79.2,FALSE,11.039
12165,BJ0104,2.84225,12.15089,79.2,FALSE,11.039
12166,BJ0104,2.84227,12.12376,79.2,FALSE,11.039
12167,BJ0104,2.84229,12.09663,79.2,FALSE,11.039
12168,BJ0104,2.8423,12.0695,79.2,FALSE,11.039
12169,BJ0104,2.84232,12.04237,79.2,FALSE,11.039
12170,BJ0104,2.84233,12.01524,79.2,FALSE,11.039
12171,BJ0104,2.84235,11.98811,78.95,FALSE,11.039
12172,BJ0104,2.84237,11.96098,79.2,FALSE,11.039
12173,BJ0104,2.84238,11.93385,79.2,FALSE,11.039
12174,BJ0104,2.8424,11.90672,78.95,FALSE,11.039
12175,BJ0104,2.84241,11.87959,78.95,FALSE,11.039
12176,BJ0104,2.84243,11.85246,79.2,FALSE,11.039
12177,BJ0104,2.84244,11.82533,79.2,FALSE,11.039
12178,BJ0104,2.84246,11.7982,79.2,FALSE,11.039
12179,BJ0104,2.84247,11.77107,79.2,FALSE,11.039
12180,BJ0104,2.84249,11.74394,79.2,FALSE,11.039
12181,BJ0104,2.84251,11.71681,79.2,FALSE,11.039
12182,BJ0104,2.84252,11.68968,78.95,FALSE,11.039
12183,BJ0104,2.84254,11.66255,78.95,FALSE,11.039
12184,BJ0104,2.84255,11.63542,78.95,FALSE,11.039
12186,BJ0104,2.84257,11.60828,78.95,FALSE,11.039
12187,BJ0104,2.84258,11.58115,78.95,FALSE,11.039
12189,BJ0104,2.8426,11.55402,78.95,FALSE,11.039
12191,BJ0104,2.84261,11.52689,78.95,FALSE,11.039
12193,BJ0104,2.84263,11.49976,78.95,FALSE,11.039
12194,BJ0104,2.84264,11.47263,78.95,FALSE,11.039
12196,BJ0104,2.84266,11.4455,78.95,FALSE,11.039
12199,BJ0104,2.84267,11.41837,78.95,FALSE,11.039
12306,BJ0104,2.86971,12.39507,78.95,FALSE,11.039
12307,BJ0104,2.86972,12.36794,79.2,FALSE,11.039
12308,BJ0104,2.86974,12.34081,78.95,FALSE,11.039
12309,BJ0104,2.86975,12.31368,78.95,FALSE,11.039
12310,BJ0104,2.86976,12.28655,79.2,FALSE,11.039
12311,BJ0104,2.86978,12.25942,78.95,FALSE,11.039
12312,BJ0104,2.86979,12.23229,78.95,FALSE,11.039
12313,BJ0104,2.8698,12.20516,79.2,FALSE,11.039
12314,BJ0104,2.86982,12.17803,79.2,FALSE,11.039
12315,BJ0104,2.86983,12.1509,79.2,FALSE,11.039
12316,BJ0104,2.86984,12.12377,79.2,FALSE,11.039
12317,BJ0104,2.86985,12.09664,79.2,FALSE,11.039
12318,BJ0104,2.86987,12.06951,79.2,FALSE,11.039
12319,BJ0104,2.86988,12.04238,79.2,FALSE,11.039
12320,BJ0104,2.86989,12.01525,79.2,FALSE,11.039
12321,BJ0104,2.86991,11.98812,79.2,FALSE,11.039
12322,BJ0104,2.86992,11.96099,79.2,FALSE,11.039
12323,BJ0104,2.86993,11.93386,79.2,FALSE,11.039
12324,BJ0104,2.86995,11.90673,79.2,FALSE,11.039
12325,BJ0104,2.86996,11.8796,78.95,FALSE,11.039
12326,BJ0104,2.86997,11.85247,79.2,FALSE,11.039
12327,BJ0104,2.86998,11.82534,79.2,FALSE,11.039
12328,BJ0104,2.87,11.79821,79.2,FALSE,11.039
12329,BJ0104,2.87001,11.77108,79.2,FALSE,11.039
12330,BJ0104,2.87002,11.74395,79.2,FALSE,11.039
12331,BJ0104,2.87004,11.71682,79.2,FALSE,11.039
12332,BJ0104,2.87005,11.68969,78.95,FALSE,11.039
12333,BJ0104,2.87006,11.66256,78.95,FALSE,11.039
12335,BJ0104,2.87007,11.63543,78.95,FALSE,11.039
12337,BJ0104,2.87009,11.6083,78.95,FALSE,11.039
12339,BJ0104,2.8701,11.58117,78.95,FALSE,11.039
12341,BJ0104,2.87011,11.55404,78.95,FALSE,11.039
12343,BJ0104,2.87012,11.52691,78.95,FALSE,11.039
12345,BJ0104,2.87014,11.49977,78.95,FALSE,11.039
12347,BJ0104,2.87015,11.47264,78.95,FALSE,11.039
12349,BJ0104,2.87016,11.44551,78.95,FALSE,11.039
12445,BJ0104,2.89732,12.36795,78.95,FALSE,11.039
12446,BJ0104,2.89733,12.34082,78.95,FALSE,11.039
12447,BJ0104,2.89734,12.31369,78.95,FALSE,11.039
12448,BJ0104,2.89735,12.28656,78.95,FALSE,11.039
12449,BJ0104,2.89736,12.25943,78.95,FALSE,11.039
12450,BJ0104,2.89737,12.23231,78.95,FALSE,11.039
12451,BJ0104,2.89738,12.20518,78.95,FALSE,11.039
12452,BJ0104,2.89739,12.17805,79.2,FALSE,11.039
12453,BJ0104,2.8974,12.15092,79.2,FALSE,11.039
12454,BJ0104,2.89741,12.12379,79.2,FALSE,11.039
12455,BJ0104,2.89742,12.09666,79.2,FALSE,11.039
12456,BJ0104,2.89743,12.06953,79.2,FALSE,11.039
12457,BJ0104,2.89744,12.0424,79.2,FALSE,11.039
12458,BJ0104,2.89745,12.01527,79.2,FALSE,11.039
12459,BJ0104,2.89746,11.98814,79.2,FALSE,11.039
12460,BJ0104,2.89747,11.96101,79.2,FALSE,11.039
12461,BJ0104,2.89748,11.93388,78.95,FALSE,11.039
12462,BJ0104,2.8975,11.90675,79.2,FALSE,11.039
12463,BJ0104,2.89751,11.87962,78.95,FALSE,11.039
12464,BJ0104,2.89752,11.85248,78.95,FALSE,11.039
12465,BJ0104,2.89753,11.82535,79.2,FALSE,11.039
12466,BJ0104,2.89754,11.79822,79.2,FALSE,11.039
12467,BJ0104,2.89755,11.77109,79.2,FALSE,11.039
12468,BJ0104,2.89756,11.74396,79.2,FALSE,11.039
12469,BJ0104,2.89757,11.71683,78.95,FALSE,11.039
12470,BJ0104,2.89758,11.6897,78.95,FALSE,11.039
12472,BJ0104,2.89759,11.66257,78.95,FALSE,11.039
12474,BJ0104,2.8976,11.63544,78.95,FALSE,11.039
12580,BJ0104,2.92492,12.34083,78.95,FALSE,11.039
12581,BJ0104,2.92493,12.3137,78.95,FALSE,11.039
12582,BJ0104,2.92494,12.28657,78.95,FALSE,11.039
12583,BJ0104,2.92495,12.25944,79.2,FALSE,11.039
12584,BJ0104,2.92495,12.23231,78.95,FALSE,11.039
12585,BJ0104,2.92496,12.20518,78.95,FALSE,11.039
12586,BJ0104,2.92497,12.17805,78.95,FALSE,11.039
12587,BJ0104,2.92498,12.15092,79.2,FALSE,11.039
12588,BJ0104,2.92498,12.12379,79.2,FALSE,11.039
12589,BJ0104,2.92499,12.09666,79.2,FALSE,11.039
12590,BJ0104,2.925,12.06953,79.2,FALSE,11.039
12591,BJ0104,2.92501,12.0424,79.2,FALSE,11.039
12592,BJ0104,2.92501,12.01527,79.2,FALSE,11.039
12593,BJ0104,2.92502,11.98814,78.95,FALSE,11.039
12594,BJ0104,2.92503,11.96101,78.95,FALSE,11.039
12595,BJ0104,2.92504,11.93388,78.95,FALSE,11.039
12596,BJ0104,2.92504,11.90675,79.2,FALSE,11.039
12597,BJ0104,2.92505,11.87962,78.95,FALSE,11.039
12598,BJ0104,2.92506,11.85249,78.95,FALSE,11.039
12599,BJ0104,2.92507,11.82536,79.2,FALSE,11.039
12600,BJ0104,2.92507,11.79823,79.2,FALSE,11.039
12601,BJ0104,2.92508,11.7711,79.2,FALSE,11.039
12602,BJ0104,2.92509,11.74397,78.95,FALSE,11.039
12603,BJ0104,2.9251,11.71684,78.95,FALSE,11.039
12604,BJ0104,2.9251,11.68971,78.95,FALSE,11.039
12606,BJ0104,2.92511,11.66258,78.95,FALSE,11.039
12710,BJ0104,2.95252,12.31371,78.95,FALSE,11.039
12711,BJ0104,2.95253,12.28658,78.95,FALSE,11.039
12712,BJ0104,2.95253,12.25945,78.95,FALSE,11.039
12713,BJ0104,2.95254,12.23232,78.95,FALSE,11.039
12714,BJ0104,2.95254,12.20519,78.95,FALSE,11.039
12715,BJ0104,2.95255,12.17806,78.95,FALSE,11.039
12716,BJ0104,2.95255,12.15093,79.2,FALSE,11.039
12717,BJ0104,2.95256,12.1238,79.2,FALSE,11.039
12718,BJ0104,2.95256,12.09667,79.2,FALSE,11.039
12719,BJ0104,2.95256,12.06954,79.2,FALSE,11.039
12720,BJ0104,2.95257,12.04241,79.2,FALSE,11.039
12721,BJ0104,2.95257,12.01528,79.2,FALSE,11.039
12722,BJ0104,2.95258,11.98815,78.95,FALSE,11.039
12723,BJ0104,2.95258,11.96102,78.95,FALSE,11.039
12724,BJ0104,2.95259,11.93389,78.95,FALSE,11.039
12725,BJ0104,2.95259,11.90676,79.2,FALSE,11.039
12726,BJ0104,2.9526,11.87963,78.95,FALSE,11.039
12727,BJ0104,2.9526,11.8525,79.2,FALSE,11.039
12728,BJ0104,2.95261,11.82537,79.2,FALSE,11.039
12729,BJ0104,2.95261,11.79824,79.2,FALSE,11.039
12730,BJ0104,2.95262,11.77111,79.2,FALSE,11.039
12731,BJ0104,2.95262,11.74398,78.95,FALSE,11.039
12733,BJ0104,2.95263,11.71685,78.95,FALSE,11.039
12735,BJ0104,2.95263,11.68972,78.95,FALSE,11.039
12737,BJ0104,2.95264,11.66258,78.95,FALSE,11.039
12843,BJ0104,2.98011,12.28658,78.95,FALSE,11.039
12844,BJ0104,2.98012,12.25945,78.95,FALSE,11.039
12845,BJ0104,2.98012,12.23232,78.95,FALSE,11.039
12846,BJ0104,2.98012,12.20519,78.95,FALSE,11.039
12847,BJ0104,2.98012,12.17806,78.95,FALSE,11.039
12848,BJ0104,2.98012,12.15093,78.95,FALSE,11.039
12849,BJ0104,2.98013,12.1238,78.95,FALSE,11.039
12850,BJ0104,2.98013,12.09667,78.95,FALSE,11.039
12851,BJ0104,2.98013,12.06954,79.2,FALSE,11.039
12852,BJ0104,2.98013,12.04241,79.2,FALSE,11.039
12853,BJ0104,2.98013,12.01528,79.2,FALSE,11.039
12854,BJ0104,2.98014,11.98815,78.95,FALSE,11.039
12855,BJ0104,2.98014,11.96102,78.95,FALSE,11.039
12856,BJ0104,2.98014,11.93389,78.95,FALSE,11.039
12857,BJ0104,2.98014,11.90676,78.95,FALSE,11.039
12858,BJ0104,2.98014,11.87963,78.95,FALSE,11.039
12859,BJ0104,2.98015,11.8525,78.95,FALSE,11.039
12860,BJ0104,2.98015,11.82537,79.2,FALSE,11.039
12861,BJ0104,2.98015,11.79824,79.2,FALSE,11.039
12862,BJ0104,2.98015,11.77111,79.2,FALSE,11.039
12864,BJ0104,2.98015,11.74398,79.2,FALSE,11.039
12976,BJ0104,3.0077,12.28658,78.95,FALSE,11.039
12977,BJ0104,3.0077,12.25945,78.95,FALSE,11.039
12978,BJ0104,3.0077,12.23232,78.95,FALSE,11.039
12979,BJ0104,3.0077,12.20519,78.95,FALSE,11.039
12980,BJ0104,3.0077,12.17806,78.95,FALSE,11.039
12981,BJ0104,3.0077,12.15093,78.95,FALSE,11.039
12982,BJ0104,3.0077,12.1238,78.95,FALSE,11.039
12983,BJ0104,3.0077,12.09667,78.95,FALSE,11.039
12984,BJ0104,3.0077,12.06954,79.2,FALSE,11.039
12985,BJ0104,3.0077,12.04241,79.2,FALSE,11.039
12986,BJ0104,3.00769,12.01528,78.95,FALSE,11.039
12987,BJ0104,3.00769,11.98815,78.95,FALSE,11.039
12988,BJ0104,3.00769,11.96102,78.95,FALSE,11.039
12989,BJ0104,3.00769,11.93389,78.95,FALSE,11.039
12991,BJ0104,3.00769,11.90676,78.95,FALSE,11.039
12993,BJ0104,3.00769,11.87963,78.95,FALSE,11.039
12995,BJ0104,3.00769,11.8525,78.95,FALSE,11.039
12997,BJ0104,3.00769,11.82537,78.95,FALSE,11.039
12999,BJ0104,3.00769,11.79824,79.2,FALSE,11.039
13001,BJ0104,3.00769,11.77111,79.2,FALSE,11.039
13116,BJ0104,3.03529,12.25945,78.95,FALSE,11.039
13117,BJ0104,3.03528,12.23232,78.95,FALSE,11.039
13118,BJ0104,3.03528,12.20519,78.95,FALSE,11.039
13119,BJ0104,3.03528,12.17806,78.95,FALSE,11.039
13120,BJ0104,3.03527,12.15093,78.95,FALSE,11.039
13121,BJ0104,3.03527,12.1238,78.95,FALSE,11.039
13122,BJ0104,3.03527,12.09667,78.95,FALSE,11.039
13123,BJ0104,3.03526,12.06954,79.2,FALSE,11.039
13124,BJ0104,3.03526,12.04241,79.2,FALSE,11.039
13125,BJ0104,3.03525,12.01528,78.95,FALSE,11.039
13126,BJ0104,3.03525,11.98815,78.95,FALSE,11.039
13127,BJ0104,3.03525,11.96102,78.95,FALSE,11.039
13129,BJ0104,3.03524,11.93389,78.95,FALSE,11.039
13131,BJ0104,3.03524,11.90676,79.2,FALSE,11.039
13256,BJ0104,3.06286,12.20519,78.95,FALSE,11.039
13257,BJ0104,3.06285,12.17806,78.95,FALSE,11.039
13258,BJ0104,3.06285,12.15093,78.95,FALSE,11.039
13259,BJ0104,3.06284,12.1238,78.95,FALSE,11.039
13260,BJ0104,3.06283,12.09667,78.95,FALSE,11.039
13261,BJ0104,3.06283,12.06954,78.95,FALSE,11.039
13262,BJ0104,3.06282,12.04241,79.2,FALSE,11.039
13263,BJ0104,3.06281,12.01528,79.2,FALSE,11.039
13264,BJ0104,3.06281,11.98815,78.95,FALSE,11.039
13266,BJ0104,3.0628,11.96102,78.95,FALSE,11.039
13384,BJ0104,3.09043,12.17805,78.95,FALSE,11.039
13385,BJ0104,3.09042,12.15092,78.95,FALSE,11.039
13386,BJ0104,3.09041,12.12379,78.95,FALSE,11.039
13387,BJ0104,3.0904,12.09666,78.95,FALSE,11.039
13388,BJ0104,3.09039,12.06953,78.95,FALSE,11.039
13389,BJ0104,3.09038,12.0424,78.95,FALSE,11.039
13390,BJ0104,3.09037,12.01527,78.95,FALSE,11.039
13391,BJ0104,3.09037,11.98814,78.95,FALSE,11.039
13393,BJ0104,3.09036,11.96101,78.95,FALSE,11.039
13515,BJ0104,3.11801,12.17804,80.11,FALSE,11.039
13516,BJ0104,3.11799,12.15091,78.95,FALSE,11.039
13517,BJ0104,3.11798,12.12378,78.95,FALSE,11.039
13518,BJ0104,3.11797,12.09665,78.95,FALSE,11.039
13519,BJ0104,3.11796,12.06952,79.2,FALSE,11.039
13520,BJ0104,3.11795,12.04239,79.2,FALSE,11.039
13521,BJ0104,3.11793,12.01526,79.2,FALSE,11.039
13522,BJ0104,3.11792,11.98813,78.95,FALSE,11.039
13523,BJ0104,3.11791,11.961,78.95,FALSE,11.039
13525,BJ0104,3.1179,11.93387,78.95,FALSE,11.039
13645,BJ0104,3.14557,12.1509,78.95,FALSE,11.039
13646,BJ0104,3.14555,12.12377,78.95,FALSE,11.039
13647,BJ0104,3.14554,12.09664,78.95,FALSE,11.039
13648,BJ0104,3.14552,12.06951,78.95,FALSE,11.039
13649,BJ0104,3.14551,12.04238,78.95,FALSE,11.039
13650,BJ0104,3.14549,12.01525,79.2,FALSE,11.039
13651,BJ0104,3.14548,11.98812,78.95,FALSE,11.039
13652,BJ0104,3.14547,11.96099,80.38,FALSE,11.039
13653,BJ0104,3.14545,11.93386,78.95,FALSE,11.039
13766,BJ0104,3.17312,12.12375,79.2,FALSE,11.039
13767,BJ0104,3.17311,12.09662,78.95,FALSE,11.039
13768,BJ0104,3.17309,12.06949,78.95,FALSE,11.039
13769,BJ0104,3.17307,12.04236,78.95,FALSE,11.039
13770,BJ0104,3.17305,12.01523,78.95,FALSE,11.039
13771,BJ0104,3.17304,11.9881,78.95,FALSE,11.039
13772,BJ0104,3.17302,11.96097,81.86,FALSE,11.039
13773,BJ0104,3.173,11.93384,80.62,FALSE,11.039
13882,BJ0104,3.20068,12.0966,78.95,FALSE,11.039
13883,BJ0104,3.20066,12.06947,78.95,FALSE,11.039
13884,BJ0104,3.20064,12.04234,78.95,FALSE,11.039
13885,BJ0104,3.20061,12.01521,78.95,FALSE,11.039
13886,BJ0104,3.20059,11.98808,78.95,FALSE,11.039
13887,BJ0104,3.20057,11.96095,78.95,FALSE,11.039
13888,BJ0104,3.20055,11.93382,82.7,FALSE,11.039
13890,BJ0104,3.20053,11.90669,78.95,FALSE,11.039
13995,BJ0104,3.22822,12.06945,82.29,FALSE,11.039
13996,BJ0104,3.2282,12.04232,79.2,FALSE,11.039
13997,BJ0104,3.22817,12.01519,78.95,FALSE,11.039
13998,BJ0104,3.22815,11.98806,79.2,FALSE,11.039
13999,BJ0104,3.22813,11.96093,78.95,FALSE,11.039
14000,BJ0104,3.22811,11.9338,86.96,FALSE,11.039
14002,BJ0104,3.22808,11.90667,80.2,FALSE,11.039
14107,BJ0104,3.25576,12.0423,84.96,FALSE,11.039
14108,BJ0104,3.25573,12.01517,78.95,FALSE,11.039
14109,BJ0104,3.25571,11.98804,78.95,FALSE,11.039
14110,BJ0104,3.25568,11.96091,78.95,FALSE,11.039
14111,BJ0104,3.25566,11.93378,78.95,FALSE,11.039
14112,BJ0104,3.25563,11.90665,78.95,FALSE,11.039
14213,BJ0104,3.28329,12.01514,78.95,FALSE,11.039
14214,BJ0104,3.28327,11.98801,78.95,FALSE,11.039
14215,BJ0104,3.28324,11.96088,78.95,FALSE,11.039
14216,BJ0104,3.28321,11.93375,79.2,FALSE,11.039
14217,BJ0104,3.28318,11.90662,78.95,FALSE,11.039
14307,BJ0104,3.31076,11.93372,104.97,TRUE,11.039
14308,BJ0104,3.31073,11.90659,97.72,FALSE,11.039
7396,BJ0104,2.29185,11.7431,79.2,FALSE,11.039
7397,BJ0104,2.29192,11.71597,79.2,FALSE,11.039
7398,BJ0104,2.29199,11.68885,79.2,FALSE,11.039
7627,BJ0104,2.31932,11.7703,78.95,FALSE,11.039
7628,BJ0104,2.31938,11.74317,79.2,FALSE,11.039
7629,BJ0104,2.31945,11.71604,79.2,FALSE,11.039
7631,BJ0104,2.31952,11.68891,79.2,FALSE,11.039
7633,BJ0104,2.31958,11.66178,78.95,FALSE,11.039
7872,BJ0104,2.34679,11.79749,78.95,FALSE,11.039
7873,BJ0104,2.34685,11.77036,78.95,FALSE,11.039
7874,BJ0104,2.34691,11.74323,79.2,FALSE,11.039
7875,BJ0104,2.34698,11.71611,79.2,FALSE,11.039
7876,BJ0104,2.34704,11.68898,78.95,FALSE,11.039
7878,BJ0104,2.3471,11.66185,78.95,FALSE,11.039
8112,BJ0104,2.37325,12.25874,78.95,FALSE,11.039
8113,BJ0104,2.37332,12.23161,78.95,FALSE,11.039
8114,BJ0104,2.37338,12.20448,78.95,FALSE,11.039
8115,BJ0104,2.37345,12.17735,78.95,FALSE,11.039
8116,BJ0104,2.37351,12.15023,78.95,FALSE,11.039
8117,BJ0104,2.3742,11.85181,79.2,FALSE,11.039
8118,BJ0104,2.37426,11.82468,79.2,FALSE,11.039
8119,BJ0104,2.37432,11.79755,79.2,FALSE,11.039
8120,BJ0104,2.37438,11.77043,79.2,FALSE,11.039
8121,BJ0104,2.37444,11.7433,78.95,FALSE,11.039
8122,BJ0104,2.37451,11.71617,79.2,FALSE,11.039
8124,BJ0104,2.37457,11.68904,78.95,FALSE,11.039
8126,BJ0104,2.37463,11.66191,78.95,FALSE,11.039
8357,BJ0104,2.40084,12.2588,78.95,FALSE,11.039
8358,BJ0104,2.4009,12.23167,78.95,FALSE,11.039
8359,BJ0104,2.40096,12.20454,78.95,FALSE,11.039
8360,BJ0104,2.40102,12.17742,79.2,FALSE,11.039
8361,BJ0104,2.40108,12.15029,78.95,FALSE,11.039
8362,BJ0104,2.40114,12.12316,78.95,FALSE,11.039
8363,BJ0104,2.4012,12.09603,78.95,FALSE,11.039
8364,BJ0104,2.40126,12.0689,78.95,FALSE,11.039
8365,BJ0104,2.4015,11.96039,78.95,FALSE,11.039
8366,BJ0104,2.40156,11.93326,79.2,FALSE,11.039
8367,BJ0104,2.40162,11.90613,79.2,FALSE,11.039
8368,BJ0104,2.40168,11.879,79.2,FALSE,11.039
8369,BJ0104,2.40174,11.85187,79.2,FALSE,11.039
8370,BJ0104,2.4018,11.82474,79.2,FALSE,11.039
8371,BJ0104,2.40186,11.79761,79.2,FALSE,11.039
8372,BJ0104,2.40192,11.77048,79.2,FALSE,11.039
8373,BJ0104,2.40198,11.74336,79.2,FALSE,11.039
8374,BJ0104,2.40203,11.71623,79.2,FALSE,11.039
8376,BJ0104,2.40209,11.6891,78.95,FALSE,11.039
8378,BJ0104,2.40215,11.66197,78.95,FALSE,11.039
8626,BJ0104,2.42842,12.25886,78.95,FALSE,11.039
8627,BJ0104,2.42848,12.23173,78.95,FALSE,11.039
8628,BJ0104,2.42854,12.2046,79.2,FALSE,11.039
8629,BJ0104,2.4286,12.17747,79.2,FALSE,11.039
8630,BJ0104,2.42865,12.15034,79.2,FALSE,11.039
8631,BJ0104,2.42871,12.12322,79.2,FALSE,11.039
8632,BJ0104,2.42877,12.09609,79.2,FALSE,11.039
8633,BJ0104,2.42883,12.06896,78.95,FALSE,11.039
8634,BJ0104,2.42888,12.04183,78.95,FALSE,11.039
8635,BJ0104,2.42894,12.0147,78.95,FALSE,11.039
8636,BJ0104,2.429,11.98757,78.95,FALSE,11.039
8637,BJ0104,2.42906,11.96044,78.95,FALSE,11.039
8638,BJ0104,2.42911,11.93332,79.2,FALSE,11.039
8639,BJ0104,2.42917,11.90619,79.2,FALSE,11.039
8640,BJ0104,2.42923,11.87906,79.2,FALSE,11.039
8641,BJ0104,2.42928,11.85193,79.2,FALSE,11.039
8642,BJ0104,2.42934,11.8248,79.2,FALSE,11.039
8643,BJ0104,2.4294,11.79767,79.2,FALSE,11.039
8644,BJ0104,2.42945,11.77054,79.2,FALSE,11.039
8645,BJ0104,2.42951,11.74341,78.95,FALSE,11.039
8646,BJ0104,2.42956,11.71628,79.2,FALSE,11.039
8647,BJ0104,2.42962,11.68915,79.2,FALSE,11.039
8649,BJ0104,2.42967,11.66202,78.95,FALSE,11.039
8881,BJ0104,2.45601,12.25891,78.95,FALSE,11.039
8882,BJ0104,2.45606,12.23179,78.95,FALSE,11.039
8883,BJ0104,2.45612,12.20466,79.2,FALSE,11.039
8884,BJ0104,2.45617,12.17753,78.95,FALSE,11.039
8885,BJ0104,2.45623,12.1504,79.2,FALSE,11.039
8886,BJ0104,2.45628,12.12327,79.2,FALSE,11.039
8887,BJ0104,2.45634,12.09614,79.2,FALSE,11.039
8888,BJ0104,2.45639,12.06901,79.2,FALSE,11.039
8889,BJ0104,2.45645,12.04189,78.95,FALSE,11.039
8890,BJ0104,2.4565,12.01476,79.2,FALSE,11.039
8891,BJ0104,2.45656,11.98763,78.95,FALSE,11.039
8892,BJ0104,2.45661,11.9605,79.2,FALSE,11.039
8893,BJ0104,2.45666,11.93337,79.2,FALSE,11.039
8894,BJ0104,2.45672,11.90624,79.2,FALSE,11.039
8895,BJ0104,2.45677,11.87911,79.2,FALSE,11.039
8896,BJ0104,2.45682,11.85198,79.2,FALSE,11.039
8897,BJ0104,2.45688,11.82485,79.2,FALSE,11.039
8898,BJ0104,2.45693,11.79772,78.95,FALSE,11.039
8899,BJ0104,2.45699,11.77059,79.2,FALSE,11.039
8900,BJ0104,2.45704,11.74347,78.95,FALSE,11.039
8901,BJ0104,2.45709,11.71634,78.95,FALSE,11.039
8902,BJ0104,2.45714,11.68921,79.2,FALSE,11.039
8904,BJ0104,2.4572,11.66208,78.95,FALSE,11.039
9132,BJ0104,2.48354,12.2861,78.95,FALSE,11.039
9133,BJ0104,2.48359,12.25897,79.2,FALSE,11.039
9134,BJ0104,2.48364,12.23184,79.2,FALSE,11.039
9135,BJ0104,2.4837,12.20471,79.2,FALSE,11.039
9136,BJ0104,2.48375,12.17758,79.2,FALSE,11.039
9137,BJ0104,2.4838,12.15045,79.2,FALSE,11.039
9138,BJ0104,2.48385,12.12332,79.2,FALSE,11.039
9139,BJ0104,2.4839,12.0962,79.2,FALSE,11.039
9140,BJ0104,2.48396,12.06907,79.2,FALSE,11.039
9141,BJ0104,2.48401,12.04194,79.2,FALSE,11.039
9142,BJ0104,2.48406,12.01481,79.2,FALSE,11.039
9143,BJ0104,2.48411,11.98768,79.2,FALSE,11.039
9144,BJ0104,2.48416,11.96055,79.2,FALSE,11.039
9145,BJ0104,2.48421,11.93342,79.2,FALSE,11.039
9146,BJ0104,2.48427,11.90629,79.2,FALSE,11.039
9147,BJ0104,2.48432,11.87916,79.2,FALSE,11.039
9148,BJ0104,2.48437,11.85203,79.2,FALSE,11.039
9149,BJ0104,2.48442,11.8249,79.2,FALSE,11.039
9150,BJ0104,2.48447,11.79778,79.2,FALSE,11.039
9151,BJ0104,2.48452,11.77065,78.95,FALSE,11.039
9152,BJ0104,2.48457,11.74352,79.2,FALSE,11.039
9153,BJ0104,2.48462,11.71639,79.2,FALSE,11.039
9155,BJ0104,2.48467,11.68926,78.95,FALSE,11.039
9157,BJ0104,2.48472,11.66213,79.2,FALSE,11.039
9396,BJ0104,2.51112,12.28615,78.95,FALSE,11.039
9397,BJ0104,2.51117,12.25902,79.2,FALSE,11.039
9398,BJ0104,2.51122,12.23189,79.2,FALSE,11.039
9399,BJ0104,2.51127,12.20476,79.2,FALSE,11.039
9400,BJ0104,2.51132,12.17763,79.2,FALSE,11.039
9401,BJ0104,2.51137,12.1505,79.2,FALSE,11.039
9402,BJ0104,2.51142,12.12337,79.2,FALSE,11.039
9403,BJ0104,2.51147,12.09625,79.2,FALSE,11.039
9404,BJ0104,2.51152,12.06912,79.2,FALSE,11.039
9405,BJ0104,2.51157,12.04199,79.2,FALSE,11.039
9406,BJ0104,2.51162,12.01486,79.2,FALSE,11.039
9407,BJ0104,2.51167,11.987730000000001,79.2,FALSE,11.039
9408,BJ0104,2.51172,11.9606,78.95,FALSE,11.039
9409,BJ0104,2.51176,11.93347,79.2,FALSE,11.039
9410,BJ0104,2.51181,11.90634,79.2,FALSE,11.039
9411,BJ0104,2.51186,11.87921,78.95,FALSE,11.039
9412,BJ0104,2.51191,11.85208,78.95,FALSE,11.039
9413,BJ0104,2.51196,11.82495,79.2,FALSE,11.039
9414,BJ0104,2.51201,11.79782,78.95,FALSE,11.039
9415,BJ0104,2.51205,11.77069,79.2,FALSE,11.039
9416,BJ0104,2.5121000000000002,11.74356,78.95,FALSE,11.039
9417,BJ0104,2.51215,11.71643,79.2,FALSE,11.039
9418,BJ0104,2.5122,11.6893,78.95,FALSE,11.039
9420,BJ0104,2.51224,11.66218,78.95,FALSE,11.039
12607,BJ0105,2.92511,11.66258,66.88,FALSE,-1.034
12609,BJ0105,2.92512,11.63545,66.88,FALSE,-1.034
12732,BJ0105,2.95262,11.74398,66.88,FALSE,-1.034
12734,BJ0105,2.95263,11.71685,66.88,FALSE,-1.034
12736,BJ0105,2.95263,11.68972,66.88,FALSE,-1.034
12738,BJ0105,2.95264,11.66258,66.88,FALSE,-1.034
12740,BJ0105,2.95264,11.63545,66.88,FALSE,-1.034
12742,BJ0105,2.95264,11.60832,66.88,FALSE,-1.034
12863,BJ0105,2.98015,11.77111,68.37,FALSE,-1.034
12865,BJ0105,2.98015,11.74398,68.37,FALSE,-1.034
12866,BJ0105,2.98016,11.71685,68.37,FALSE,-1.034
12867,BJ0105,2.98016,11.68972,68.37,FALSE,-1.034
12868,BJ0105,2.98016,11.66259,66.88,FALSE,-1.034
12869,BJ0105,2.98016,11.63546,66.88,FALSE,-1.034
12871,BJ0105,2.98016,11.60833,66.88,FALSE,-1.034
12873,BJ0105,2.98017,11.5812,66.88,FALSE,-1.034
12990,BJ0105,3.00769,11.93389,66.88,FALSE,-1.034
12992,BJ0105,3.00769,11.90676,66.88,FALSE,-1.034
12994,BJ0105,3.00769,11.87963,66.88,FALSE,-1.034
12996,BJ0105,3.00769,11.8525,66.88,FALSE,-1.034
12998,BJ0105,3.00769,11.82537,66.88,FALSE,-1.034
13000,BJ0105,3.00769,11.79824,68.37,FALSE,-1.034
13002,BJ0105,3.00769,11.77111,68.37,FALSE,-1.034
13003,BJ0105,3.00769,11.74398,68.37,FALSE,-1.034
13004,BJ0105,3.00769,11.71685,68.37,FALSE,-1.034
13005,BJ0105,3.00769,11.68972,68.37,FALSE,-1.034
13006,BJ0105,3.00768,11.66259,68.37,FALSE,-1.034
13007,BJ0105,3.00768,11.63546,68.37,FALSE,-1.034
13008,BJ0105,3.00768,11.60833,66.88,FALSE,-1.034
13010,BJ0105,3.00768,11.5812,66.88,FALSE,-1.034
13012,BJ0105,3.00768,11.55407,66.88,FALSE,-1.034
13128,BJ0105,3.03525,11.96102,66.88,FALSE,-1.034
13130,BJ0105,3.03524,11.93389,66.88,FALSE,-1.034
13132,BJ0105,3.03524,11.90676,68.37,FALSE,-1.034
13133,BJ0105,3.03524,11.87963,68.37,FALSE,-1.034
13134,BJ0105,3.03523,11.8525,68.37,FALSE,-1.034
13135,BJ0105,3.03523,11.82537,68.37,FALSE,-1.034
13136,BJ0105,3.03523,11.79824,68.37,FALSE,-1.034
13137,BJ0105,3.03522,11.77111,68.37,FALSE,-1.034
13138,BJ0105,3.03522,11.74398,68.37,FALSE,-1.034
13139,BJ0105,3.03522,11.71685,68.37,FALSE,-1.034
13140,BJ0105,3.03521,11.68972,68.37,FALSE,-1.034
13141,BJ0105,3.03521,11.66259,68.37,FALSE,-1.034
13142,BJ0105,3.03521,11.63546,68.37,FALSE,-1.034
13143,BJ0105,3.0352,11.60832,68.37,FALSE,-1.034
13144,BJ0105,3.0352,11.58119,68.37,FALSE,-1.034
13146,BJ0105,3.0352,11.55406,66.88,FALSE,-1.034
13265,BJ0105,3.06281,11.98815,66.88,FALSE,-1.034
13267,BJ0105,3.0628,11.96102,66.88,FALSE,-1.034
13268,BJ0105,3.0628,11.93389,68.37,FALSE,-1.034
13269,BJ0105,3.06279,11.90676,68.37,FALSE,-1.034
13270,BJ0105,3.06278,11.87963,68.37,FALSE,-1.034
13271,BJ0105,3.06278,11.8525,68.37,FALSE,-1.034
13272,BJ0105,3.06277,11.82537,68.37,FALSE,-1.034
13273,BJ0105,3.06276,11.79824,68.37,FALSE,-1.034
13274,BJ0105,3.06276,11.7711,68.37,FALSE,-1.034
13275,BJ0105,3.06275,11.74397,68.37,FALSE,-1.034
13276,BJ0105,3.06275,11.71684,68.37,FALSE,-1.034
13277,BJ0105,3.06274,11.68971,68.37,FALSE,-1.034
13278,BJ0105,3.06273,11.66258,68.37,FALSE,-1.034
13279,BJ0105,3.06273,11.63545,68.37,FALSE,-1.034
13280,BJ0105,3.06272,11.60832,68.37,FALSE,-1.034
13281,BJ0105,3.06272,11.58119,68.37,FALSE,-1.034
13283,BJ0105,3.06271,11.55406,66.88,FALSE,-1.034
13285,BJ0105,3.0627,11.52693,66.88,FALSE,-1.034
13392,BJ0105,3.09037,11.98814,66.88,FALSE,-1.034
13394,BJ0105,3.09036,11.96101,66.88,FALSE,-1.034
13395,BJ0105,3.09035,11.93388,68.37,FALSE,-1.034
13396,BJ0105,3.09034,11.90675,68.37,FALSE,-1.034
13397,BJ0105,3.09033,11.87962,68.37,FALSE,-1.034
13398,BJ0105,3.09032,11.85249,68.37,FALSE,-1.034
13399,BJ0105,3.09031,11.82536,68.37,FALSE,-1.034
13400,BJ0105,3.0903,11.79823,66.88,FALSE,-1.034
13401,BJ0105,3.09029,11.7711,66.88,FALSE,-1.034
13402,BJ0105,3.09029,11.74397,66.88,FALSE,-1.034
13403,BJ0105,3.09028,11.71684,68.37,FALSE,-1.034
13404,BJ0105,3.09027,11.68971,68.37,FALSE,-1.034
13405,BJ0105,3.09026,11.66257,68.37,FALSE,-1.034
13406,BJ0105,3.09025,11.63544,68.37,FALSE,-1.034
13407,BJ0105,3.09024,11.60831,68.37,FALSE,-1.034
13408,BJ0105,3.09023,11.58118,68.37,FALSE,-1.034
13409,BJ0105,3.09022,11.55405,66.88,FALSE,-1.034
13411,BJ0105,3.09022,11.52692,66.88,FALSE,-1.034
13413,BJ0105,3.09021,11.49979,66.88,FALSE,-1.034
13524,BJ0105,3.11791,11.961,66.88,FALSE,-1.034
13526,BJ0105,3.1179,11.93387,66.88,FALSE,-1.034
13527,BJ0105,3.11789,11.90674,68.37,FALSE,-1.034
13528,BJ0105,3.11788,11.87961,68.37,FALSE,-1.034
13529,BJ0105,3.11786,11.85248,68.37,FALSE,-1.034
13530,BJ0105,3.11785,11.82535,66.88,FALSE,-1.034
13531,BJ0105,3.11784,11.79822,66.88,FALSE,-1.034
13532,BJ0105,3.11783,11.77109,66.88,FALSE,-1.034
13533,BJ0105,3.11782,11.74396,66.88,FALSE,-1.034
13534,BJ0105,3.11781,11.71683,66.88,FALSE,-1.034
13535,BJ0105,3.1178,11.6897,66.88,FALSE,-1.034
13536,BJ0105,3.11778,11.66256,68.37,FALSE,-1.034
13537,BJ0105,3.11777,11.63543,68.37,FALSE,-1.034
13538,BJ0105,3.11776,11.6083,68.37,FALSE,-1.034
13539,BJ0105,3.11775,11.58117,66.88,FALSE,-1.034
13540,BJ0105,3.11774,11.55404,66.88,FALSE,-1.034
13541,BJ0105,3.11773,11.52691,66.88,FALSE,-1.034
13543,BJ0105,3.11772,11.49978,66.88,FALSE,-1.034
13545,BJ0105,3.1177,11.47265,66.88,FALSE,-1.034
13547,BJ0105,3.11769,11.44552,66.88,FALSE,-1.034
13654,BJ0105,3.14545,11.93386,66.88,FALSE,-1.034
13655,BJ0105,3.14544,11.90673,66.88,FALSE,-1.034
13656,BJ0105,3.14542,11.8796,66.88,FALSE,-1.034
13657,BJ0105,3.14541,11.85247,66.88,FALSE,-1.034
13658,BJ0105,3.14539,11.82534,66.88,FALSE,-1.034
13659,BJ0105,3.14538,11.79821,66.88,FALSE,-1.034
13660,BJ0105,3.1453700000000002,11.77107,66.88,FALSE,-1.034
13661,BJ0105,3.14535,11.74394,66.88,FALSE,-1.034
13662,BJ0105,3.14534,11.71681,66.88,FALSE,-1.034
13663,BJ0105,3.14532,11.68968,66.88,FALSE,-1.034
13664,BJ0105,3.14531,11.66255,66.88,FALSE,-1.034
13665,BJ0105,3.14529,11.63542,66.88,FALSE,-1.034
13666,BJ0105,3.14528,11.60829,66.88,FALSE,-1.034
13667,BJ0105,3.14527,11.58116,66.88,FALSE,-1.034
13668,BJ0105,3.14525,11.55403,66.88,FALSE,-1.034
13669,BJ0105,3.14524,11.5269,66.88,FALSE,-1.034
13670,BJ0105,3.14522,11.49977,66.88,FALSE,-1.034
13671,BJ0105,3.14521,11.47264,66.88,FALSE,-1.034
13673,BJ0105,3.1452,11.4455,66.88,FALSE,-1.034
13675,BJ0105,3.14518,11.41837,66.88,FALSE,-1.034
13774,BJ0105,3.173,11.93384,68.55,FALSE,-1.034
13775,BJ0105,3.17299,11.90671,66.88,FALSE,-1.034
13776,BJ0105,3.17297,11.87958,66.88,FALSE,-1.034
13777,BJ0105,3.17295,11.85245,66.88,FALSE,-1.034
13778,BJ0105,3.17293,11.82532,66.88,FALSE,-1.034
13779,BJ0105,3.17292,11.79819,66.88,FALSE,-1.034
13780,BJ0105,3.1729,11.77106,66.88,FALSE,-1.034
13781,BJ0105,3.17288,11.74393,66.88,FALSE,-1.034
13782,BJ0105,3.17287,11.7168,66.88,FALSE,-1.034
13783,BJ0105,3.17285,11.68967,66.88,FALSE,-1.034
13784,BJ0105,3.17283,11.66254,66.88,FALSE,-1.034
13785,BJ0105,3.17282,11.63541,66.88,FALSE,-1.034
13786,BJ0105,3.1728,11.60828,66.88,FALSE,-1.034
13787,BJ0105,3.17278,11.58114,66.88,FALSE,-1.034
13788,BJ0105,3.17277,11.55401,66.88,FALSE,-1.034
13789,BJ0105,3.17275,11.52688,66.88,FALSE,-1.034
13790,BJ0105,3.17273,11.49975,66.88,FALSE,-1.034
13791,BJ0105,3.17272,11.47262,66.88,FALSE,-1.034
13792,BJ0105,3.1727,11.44549,66.88,FALSE,-1.034
13794,BJ0105,3.17268,11.41836,66.88,FALSE,-1.034
13796,BJ0105,3.17267,11.39123,66.88,FALSE,-1.034
13889,BJ0105,3.20055,11.93382,70.63,FALSE,-1.034
13891,BJ0105,3.20053,11.90669,66.88,FALSE,-1.034
13892,BJ0105,3.20052,11.87956,66.88,FALSE,-1.034
13893,BJ0105,3.2005,11.85243,66.88,FALSE,-1.034
13894,BJ0105,3.20048,11.8253,66.88,FALSE,-1.034
13895,BJ0105,3.20046,11.79817,66.88,FALSE,-1.034
13896,BJ0105,3.20044,11.77104,66.88,FALSE,-1.034
13897,BJ0105,3.20042,11.74391,66.88,FALSE,-1.034
13898,BJ0105,3.2004,11.71678,66.88,FALSE,-1.034
13899,BJ0105,3.20038,11.68965,66.88,FALSE,-1.034
13900,BJ0105,3.20036,11.66252,70.41,FALSE,-1.034
13901,BJ0105,3.20034,11.63539,66.88,FALSE,-1.034
13902,BJ0105,3.20032,11.60826,66.88,FALSE,-1.034
13903,BJ0105,3.2003,11.58113,68.37,FALSE,-1.034
13904,BJ0105,3.20028,11.554,66.88,FALSE,-1.034
13905,BJ0105,3.20026,11.52687,68.37,FALSE,-1.034
13906,BJ0105,3.20024,11.49973,66.88,FALSE,-1.034
13907,BJ0105,3.20022,11.4726,66.88,FALSE,-1.034
13908,BJ0105,3.2002,11.44547,66.88,FALSE,-1.034
13909,BJ0105,3.20018,11.41834,66.88,FALSE,-1.034
13911,BJ0105,3.20017,11.39121,66.88,FALSE,-1.034
13913,BJ0105,3.20015,11.36408,66.88,FALSE,-1.034
13915,BJ0105,3.20013,11.33695,66.88,FALSE,-1.034
14001,BJ0105,3.22811,11.9338,74.89,FALSE,-1.034
14003,BJ0105,3.22808,11.90667,68.13,FALSE,-1.034
14004,BJ0105,3.22806,11.87954,66.88,FALSE,-1.034
14005,BJ0105,3.22804,11.85241,66.88,FALSE,-1.034
14006,BJ0105,3.22802,11.82528,66.88,FALSE,-1.034
14007,BJ0105,3.22799,11.79815,66.88,FALSE,-1.034
14008,BJ0105,3.22797,11.77102,66.88,FALSE,-1.034
14009,BJ0105,3.22795,11.74389,67.52,FALSE,-1.034
14010,BJ0105,3.22793,11.71676,71.05,FALSE,-1.034
14011,BJ0105,3.2279,11.68963,68.16,FALSE,-1.034
14012,BJ0105,3.22788,11.6625,68.08,FALSE,-1.034
14013,BJ0105,3.22786,11.63537,66.88,FALSE,-1.034
14014,BJ0105,3.22784,11.60824,68.37,FALSE,-1.034
14015,BJ0105,3.22782,11.58111,68.37,FALSE,-1.034
14016,BJ0105,3.22779,11.55398,66.88,FALSE,-1.034
14017,BJ0105,3.22777,11.52684,68.37,FALSE,-1.034
14018,BJ0105,3.22775,11.49971,68.37,FALSE,-1.034
14019,BJ0105,3.22773,11.47258,66.88,FALSE,-1.034
14020,BJ0105,3.22771,11.44545,66.88,FALSE,-1.034
14021,BJ0105,3.22769,11.41832,66.88,FALSE,-1.034
14022,BJ0105,3.22766,11.39119,66.88,FALSE,-1.034
14023,BJ0105,3.22764,11.36406,66.88,FALSE,-1.034
14025,BJ0105,3.22762,11.33693,66.88,FALSE,-1.034
14027,BJ0105,3.2276,11.3098,66.88,FALSE,-1.034
14113,BJ0105,3.25563,11.90665,66.88,FALSE,-1.034
14114,BJ0105,3.25561,11.87952,66.88,FALSE,-1.034
14115,BJ0105,3.25558,11.85239,66.88,FALSE,-1.034
14116,BJ0105,3.25556,11.82526,66.88,FALSE,-1.034
14117,BJ0105,3.25553,11.79813,66.88,FALSE,-1.034
14118,BJ0105,3.25551,11.771,67.71,FALSE,-1.034
14119,BJ0105,3.25548,11.74387,70.63,FALSE,-1.034
14120,BJ0105,3.25546,11.71674,66.88,FALSE,-1.034
14121,BJ0105,3.25543,11.68961,72.34,FALSE,-1.034
14122,BJ0105,3.25541,11.66248,66.88,FALSE,-1.034
14123,BJ0105,3.25538,11.63534,68.37,FALSE,-1.034
14124,BJ0105,3.25536,11.60821,68.37,FALSE,-1.034
14125,BJ0105,3.25533,11.58108,68.37,FALSE,-1.034
14126,BJ0105,3.25531,11.55395,68.37,FALSE,-1.034
14127,BJ0105,3.25528,11.52682,68.37,FALSE,-1.034
14128,BJ0105,3.25526,11.49969,68.37,FALSE,-1.034
14129,BJ0105,3.25523,11.47256,68.37,FALSE,-1.034
14130,BJ0105,3.25521,11.44543,66.88,FALSE,-1.034
14131,BJ0105,3.25519,11.4183,66.88,FALSE,-1.034
14132,BJ0105,3.25516,11.39117,66.88,FALSE,-1.034
14133,BJ0105,3.25514,11.36404,66.88,FALSE,-1.034
14134,BJ0105,3.25511,11.33691,66.88,FALSE,-1.034
14136,BJ0105,3.25509,11.30977,66.88,FALSE,-1.034
14218,BJ0105,3.28318,11.90662,66.88,FALSE,-1.034
14219,BJ0105,3.28315,11.87949,66.88,FALSE,-1.034
14220,BJ0105,3.28313,11.85236,66.88,FALSE,-1.034
14221,BJ0105,3.2831,11.82523,74.39,FALSE,-1.034
14222,BJ0105,3.28307,11.7981,80.29,FALSE,-1.034
14223,BJ0105,3.28304,11.77097,66.88,FALSE,-1.034
14224,BJ0105,3.28301,11.74384,67.59,FALSE,-1.034
14225,BJ0105,3.28299,11.71671,78.67,FALSE,-1.034
14226,BJ0105,3.28296,11.68958,66.88,FALSE,-1.034
14227,BJ0105,3.28293,11.66245,66.88,FALSE,-1.034
14228,BJ0105,3.2829,11.63532,68.37,FALSE,-1.034
14229,BJ0105,3.28288,11.60819,68.37,FALSE,-1.034
14230,BJ0105,3.28285,11.58106,68.37,FALSE,-1.034
14231,BJ0105,3.28282,11.55393,68.37,FALSE,-1.034
14232,BJ0105,3.2828,11.5268,68.37,FALSE,-1.034
14233,BJ0105,3.28277,11.49967,68.37,FALSE,-1.034
14234,BJ0105,3.28274,11.47254,68.37,FALSE,-1.034
14235,BJ0105,3.28271,11.4454,68.37,FALSE,-1.034
14236,BJ0105,3.28269,11.41827,68.37,FALSE,-1.034
14237,BJ0105,3.28266,11.39114,68.37,FALSE,-1.034
14238,BJ0105,3.28263,11.36401,66.88,FALSE,-1.034
14239,BJ0105,3.28261,11.33688,66.88,FALSE,-1.034
14241,BJ0105,3.28258,11.30975,66.88,FALSE,-1.034
14309,BJ0105,3.31073,11.90659,85.65,FALSE,-1.034
14310,BJ0105,3.3107,11.87946,66.88,FALSE,-1.034
14311,BJ0105,3.31067,11.85233,70.48,FALSE,-1.034
14312,BJ0105,3.31064,11.8252,81.53,FALSE,-1.034
14313,BJ0105,3.31061,11.79807,90.62,FALSE,-1.034
14314,BJ0105,3.31058,11.77094,72.72,FALSE,-1.034
14315,BJ0105,3.31055,11.74381,66.88,FALSE,-1.034
14316,BJ0105,3.31052,11.71668,66.88,FALSE,-1.034
14317,BJ0105,3.31049,11.68955,66.88,FALSE,-1.034
14318,BJ0105,3.31046,11.66242,66.88,FALSE,-1.034
14319,BJ0105,3.31043,11.63529,68.37,FALSE,-1.034
14320,BJ0105,3.3104,11.60816,68.37,FALSE,-1.034
14321,BJ0105,3.31037,11.58103,68.37,FALSE,-1.034
14322,BJ0105,3.31034,11.5539,68.37,FALSE,-1.034
14323,BJ0105,3.31031,11.52677,68.37,FALSE,-1.034
14324,BJ0105,3.31028,11.49964,68.37,FALSE,-1.034
14325,BJ0105,3.31025,11.47251,68.37,FALSE,-1.034
14326,BJ0105,3.31022,11.44538,68.37,FALSE,-1.034
14327,BJ0105,3.31019,11.41825,68.37,FALSE,-1.034
14328,BJ0105,3.31016,11.39111,68.37,FALSE,-1.034
14329,BJ0105,3.31013,11.36398,66.88,FALSE,-1.034
14330,BJ0105,3.3101,11.33685,66.88,FALSE,-1.034
14396,BJ0105,3.33825,11.87943,66.88,FALSE,-1.034
14397,BJ0105,3.33821,11.8523,68.37,FALSE,-1.034
14398,BJ0105,3.33818,11.82517,66.88,FALSE,-1.034
14399,BJ0105,3.33815,11.79804,85.47,FALSE,-1.034
14400,BJ0105,3.33811,11.77091,88.56,FALSE,-1.034
14401,BJ0105,3.33808,11.74378,72.88,FALSE,-1.034
14402,BJ0105,3.33805,11.71665,66.88,FALSE,-1.034
14403,BJ0105,3.33801,11.68952,66.88,FALSE,-1.034
14404,BJ0105,3.33798,11.66239,66.88,FALSE,-1.034
14405,BJ0105,3.33795,11.63526,66.88,FALSE,-1.034
14406,BJ0105,3.33791,11.60813,66.88,FALSE,-1.034
14407,BJ0105,3.33788,11.581,68.37,FALSE,-1.034
14408,BJ0105,3.33785,11.55387,66.88,FALSE,-1.034
14409,BJ0105,3.33782,11.52674,68.37,FALSE,-1.034
14410,BJ0105,3.33778,11.49961,68.37,FALSE,-1.034
14411,BJ0105,3.33775,11.47248,68.37,FALSE,-1.034
14412,BJ0105,3.33772,11.44535,68.37,FALSE,-1.034
14413,BJ0105,3.33769,11.41822,68.37,FALSE,-1.034
14414,BJ0105,3.33766,11.39108,68.37,FALSE,-1.034
14415,BJ0105,3.33762,11.36395,66.88,FALSE,-1.034
14416,BJ0105,3.33759,11.33682,66.88,FALSE,-1.034
14483,BJ0105,3.36579,11.8794,66.88,FALSE,-1.034
14484,BJ0105,3.36576,11.85227,76.89,FALSE,-1.034
14485,BJ0105,3.36572,11.82514,66.88,FALSE,-1.034
14486,BJ0105,3.36568,11.79801,88.03,FALSE,-1.034
14487,BJ0105,3.36565,11.77088,80.22,FALSE,-1.034
14488,BJ0105,3.36561,11.74375,66.88,FALSE,-1.034
14489,BJ0105,3.36558,11.71662,66.88,FALSE,-1.034
14490,BJ0105,3.36554,11.68949,68.37,FALSE,-1.034
14491,BJ0105,3.3655,11.66236,68.37,FALSE,-1.034
14492,BJ0105,3.36547,11.63523,68.37,FALSE,-1.034
14493,BJ0105,3.36543,11.6081,68.37,FALSE,-1.034
14494,BJ0105,3.3654,11.58097,68.37,FALSE,-1.034
14495,BJ0105,3.36536,11.55384,66.88,FALSE,-1.034
14496,BJ0105,3.36533,11.5267,66.88,FALSE,-1.034
14497,BJ0105,3.36529,11.49957,66.88,FALSE,-1.034
14498,BJ0105,3.36526,11.47244,68.37,FALSE,-1.034
14499,BJ0105,3.36522,11.44531,68.37,FALSE,-1.034
14500,BJ0105,3.36519,11.41818,68.37,FALSE,-1.034
14501,BJ0105,3.36515,11.39105,66.88,FALSE,-1.034
14503,BJ0105,3.36512,11.36392,66.88,FALSE,-1.034
14505,BJ0105,3.36508,11.33679,66.88,FALSE,-1.034
14568,BJ0105,3.39334,11.87936,66.88,FALSE,-1.034
14569,BJ0105,3.3933,11.85223,66.88,FALSE,-1.034
14570,BJ0105,3.39326,11.8251,66.88,FALSE,-1.034
14571,BJ0105,3.39322,11.79797,68.31,FALSE,-1.034
14572,BJ0105,3.39318,11.77084,66.88,FALSE,-1.034
14573,BJ0105,3.39314,11.74371,67.53,FALSE,-1.034
14574,BJ0105,3.39311,11.71658,70.22,FALSE,-1.034
14575,BJ0105,3.39307,11.68945,68.37,FALSE,-1.034
14576,BJ0105,3.39303,11.66232,68.37,FALSE,-1.034
14577,BJ0105,3.39299,11.63519,66.88,FALSE,-1.034
14578,BJ0105,3.39295,11.60806,68.37,FALSE,-1.034
14579,BJ0105,3.39291,11.58093,68.37,FALSE,-1.034
14580,BJ0105,3.39288,11.5538,68.37,FALSE,-1.034
14581,BJ0105,3.39284,11.52667,68.37,FALSE,-1.034
14582,BJ0105,3.3928,11.49954,68.37,FALSE,-1.034
14583,BJ0105,3.39276,11.47241,68.37,FALSE,-1.034
14584,BJ0105,3.39273,11.44528,66.88,FALSE,-1.034
14585,BJ0105,3.39269,11.41815,66.88,FALSE,-1.034
14586,BJ0105,3.39265,11.39102,66.88,FALSE,-1.034
14649,BJ0105,3.42088,11.87932,72.88,FALSE,-1.034
14650,BJ0105,3.42084,11.85219,66.88,FALSE,-1.034
14651,BJ0105,3.4208,11.82506,66.88,FALSE,-1.034
14652,BJ0105,3.42076,11.79793,66.88,FALSE,-1.034
14653,BJ0105,3.42072,11.7708,66.88,FALSE,-1.034
14654,BJ0105,3.42068,11.74367,76.2,FALSE,-1.034
14655,BJ0105,3.42063,11.71654,83.77,FALSE,-1.034
14656,BJ0105,3.42059,11.68941,66.88,FALSE,-1.034
14657,BJ0105,3.42055,11.66228,68.37,FALSE,-1.034
14658,BJ0105,3.42051,11.63515,68.37,FALSE,-1.034
14659,BJ0105,3.42047,11.60802,68.37,FALSE,-1.034
14660,BJ0105,3.42043,11.58089,66.88,FALSE,-1.034
14661,BJ0105,3.42039,11.55376,68.37,FALSE,-1.034
14662,BJ0105,3.42035,11.52663,68.37,FALSE,-1.034
14663,BJ0105,3.42031,11.4995,68.37,FALSE,-1.034
14664,BJ0105,3.42027,11.47237,68.37,FALSE,-1.034
14665,BJ0105,3.42023,11.44524,66.88,FALSE,-1.034
14666,BJ0105,3.42019,11.41811,66.88,FALSE,-1.034
14667,BJ0105,3.42015,11.39098,66.88,FALSE,-1.034
14729,BJ0105,3.44843,11.87928,66.88,FALSE,-1.034
14730,BJ0105,3.44838,11.85215,66.88,FALSE,-1.034
14731,BJ0105,3.44834,11.82502,66.88,FALSE,-1.034
14732,BJ0105,3.4483,11.79789,66.88,FALSE,-1.034
14733,BJ0105,3.44825,11.77076,66.88,FALSE,-1.034
14734,BJ0105,3.44821,11.74363,74.89,FALSE,-1.034
14735,BJ0105,3.44816,11.7165,69.61,FALSE,-1.034
14736,BJ0105,3.44812,11.68937,69.38,FALSE,-1.034
14737,BJ0105,3.44808,11.66224,66.88,FALSE,-1.034
14738,BJ0105,3.44803,11.63511,66.88,FALSE,-1.034
14739,BJ0105,3.44799,11.60798,66.88,FALSE,-1.034
14740,BJ0105,3.44795,11.58085,66.88,FALSE,-1.034
14741,BJ0105,3.4479,11.55372,66.88,FALSE,-1.034
14742,BJ0105,3.44786,11.52659,68.37,FALSE,-1.034
14743,BJ0105,3.44782,11.49946,66.88,FALSE,-1.034
14744,BJ0105,3.44777,11.47233,68.37,FALSE,-1.034
14745,BJ0105,3.44773,11.4452,66.88,FALSE,-1.034
14746,BJ0105,3.44769,11.41807,66.88,FALSE,-1.034
14747,BJ0105,3.44765,11.39094,66.88,FALSE,-1.034
14808,BJ0105,3.47593,11.8521,66.88,FALSE,-1.034
14809,BJ0105,3.47588,11.82497,66.88,FALSE,-1.034
14810,BJ0105,3.47583,11.79784,74.83,FALSE,-1.034
14811,BJ0105,3.47579,11.77071,84.75,FALSE,-1.034
14812,BJ0105,3.47574,11.74358,89.58,FALSE,-1.034
14813,BJ0105,3.47569,11.71646,74.03,FALSE,-1.034
14814,BJ0105,3.47565,11.68933,66.88,FALSE,-1.034
14815,BJ0105,3.4756,11.6622,66.88,FALSE,-1.034
14816,BJ0105,3.47555,11.63507,68.37,FALSE,-1.034
14817,BJ0105,3.47551,11.60794,66.88,FALSE,-1.034
14818,BJ0105,3.47546,11.58081,66.88,FALSE,-1.034
14819,BJ0105,3.47542,11.55368,66.88,FALSE,-1.034
14820,BJ0105,3.47537,11.52655,66.88,FALSE,-1.034
14821,BJ0105,3.47533,11.49942,66.88,FALSE,-1.034
14822,BJ0105,3.47528,11.47229,66.88,FALSE,-1.034
14823,BJ0105,3.47523,11.44515,66.88,FALSE,-1.034
14824,BJ0105,3.47519,11.41802,66.88,FALSE,-1.034
14825,BJ0105,3.47514,11.39089,66.88,FALSE,-1.034
14886,BJ0105,3.50347,11.85206,66.88,FALSE,-1.034
14887,BJ0105,3.50342,11.82493,66.88,FALSE,-1.034
14888,BJ0105,3.50337,11.7978,73.66,FALSE,-1.034
14889,BJ0105,3.50332,11.77067,68.59,FALSE,-1.034
14890,BJ0105,3.50327,11.74354,68.46,FALSE,-1.034
14891,BJ0105,3.50322,11.71641,66.88,FALSE,-1.034
14892,BJ0105,3.50317,11.68928,70.41,FALSE,-1.034
14893,BJ0105,3.50312,11.66215,66.88,FALSE,-1.034
14894,BJ0105,3.50308,11.63502,66.88,FALSE,-1.034
14895,BJ0105,3.50303,11.60789,66.88,FALSE,-1.034
14896,BJ0105,3.50298,11.58076,66.88,FALSE,-1.034
14897,BJ0105,3.50293,11.55363,66.88,FALSE,-1.034
14898,BJ0105,3.50288,11.5265,66.88,FALSE,-1.034
14899,BJ0105,3.50283,11.49937,66.88,FALSE,-1.034
14900,BJ0105,3.50269,11.41798,66.88,FALSE,-1.034
14901,BJ0105,3.50264,11.39085,66.88,FALSE,-1.034
14962,BJ0105,3.53096,11.82488,71.05,FALSE,-1.034
14963,BJ0105,3.53091,11.79775,66.88,FALSE,-1.034
14964,BJ0105,3.53086,11.77062,66.88,FALSE,-1.034
14965,BJ0105,3.5308,11.74349,70.88,FALSE,-1.034
14966,BJ0105,3.53075,11.71636,67.99,FALSE,-1.034
14967,BJ0105,3.5307,11.68923,84.26,FALSE,-1.034
14968,BJ0105,3.53065,11.6621,66.88,FALSE,-1.034
14969,BJ0105,3.5306,11.63497,74.39,FALSE,-1.034
14970,BJ0105,3.53055,11.60784,66.88,FALSE,-1.034
14971,BJ0105,3.53049,11.58071,66.88,FALSE,-1.034
14972,BJ0105,3.53044,11.55358,73.55,FALSE,-1.034
15032,BJ0105,3.55839,11.77056,66.88,FALSE,-1.034
15033,BJ0105,3.55833,11.74344,66.88,FALSE,-1.034
15034,BJ0105,3.55828,11.71631,81.89,FALSE,-1.034
15035,BJ0105,3.55823,11.68918,81.89,FALSE,-1.034
15036,BJ0105,3.55817,11.66205,70.41,FALSE,-1.034
15037,BJ0105,3.55812,11.63492,82.35,FALSE,-1.034
15038,BJ0105,3.55806,11.60779,66.88,FALSE,-1.034
15098,BJ0105,3.58581,11.71625,66.88,FALSE,-1.034
15099,BJ0105,3.58575,11.68912,66.88,FALSE,-1.034
15100,BJ0105,3.58569,11.66199,66.88,FALSE,-1.034
15155,BJ0105,3.61328,11.68906,66.88,FALSE,-1.034
13581,BJ0106,3.11735,10.5773,53.38,FALSE,-4.464
13583,BJ0106,3.11734,10.55016,53.38,FALSE,-4.464
13708,BJ0106,3.14478,10.60442,53.38,FALSE,-4.464
13710,BJ0106,3.14477,10.57728,53.38,FALSE,-4.464
13711,BJ0106,3.1447600000000002,10.55015,53.38,FALSE,-4.464
13816,BJ0106,3.17238,10.90286,63.45,FALSE,-4.464
13818,BJ0106,3.17236,10.87573,63.45,FALSE,-4.464
13820,BJ0106,3.17235,10.84859,60.09,FALSE,-4.464
13822,BJ0106,3.17233,10.82146,55.9,FALSE,-4.464
13824,BJ0106,3.17232,10.79433,53.38,FALSE,-4.464
13830,BJ0106,3.17224,10.65867,53.38,FALSE,-4.464
13832,BJ0106,3.17223,10.63154,54.82,FALSE,-4.464
13834,BJ0106,3.17221,10.6044,53.38,FALSE,-4.464
13835,BJ0106,3.1722,10.57727,53.38,FALSE,-4.464
13836,BJ0106,3.17218,10.55014,53.38,FALSE,-4.464
13925,BJ0106,3.19996,11.09276,62.52,FALSE,-4.464
13934,BJ0106,3.19983,10.90284,62.52,FALSE,-4.464
13935,BJ0106,3.19981,10.87571,62.52,FALSE,-4.464
13936,BJ0106,3.1998,10.84858,53.38,FALSE,-4.464
13937,BJ0106,3.19978,10.82145,53.38,FALSE,-4.464
13939,BJ0106,3.19976,10.79431,56.26,FALSE,-4.464
13941,BJ0106,3.19974,10.76718,53.38,FALSE,-4.464
13943,BJ0106,3.19972,10.74005,63.45,FALSE,-4.464
13945,BJ0106,3.19971,10.71292,53.38,FALSE,-4.464
13947,BJ0106,3.19969,10.68578,53.38,FALSE,-4.464
13949,BJ0106,3.19967,10.65865,53.38,FALSE,-4.464
13950,BJ0106,3.19965,10.63152,54.29,FALSE,-4.464
13951,BJ0106,3.19964,10.60439,53.38,FALSE,-4.464
13952,BJ0106,3.19962,10.57725,53.38,FALSE,-4.464
13953,BJ0106,3.1996000000000002,10.55012,53.38,FALSE,-4.464
14033,BJ0106,3.22749,11.17414,63.45,FALSE,-4.464
14035,BJ0106,3.22747,11.14701,63.45,FALSE,-4.464
14037,BJ0106,3.22745,11.11988,62.52,FALSE,-4.464
14039,BJ0106,3.22743,11.09275,62.52,FALSE,-4.464
14041,BJ0106,3.22741,11.06561,62.52,FALSE,-4.464
14043,BJ0106,3.22739,11.03848,62.52,FALSE,-4.464
14045,BJ0106,3.22737,11.01135,63.45,FALSE,-4.464
14048,BJ0106,3.22733,10.957090000000001,63.45,FALSE,-4.464
14050,BJ0106,3.22731,10.92995,63.45,FALSE,-4.464
14052,BJ0106,3.22728,10.90282,63.45,FALSE,-4.464
14053,BJ0106,3.22726,10.87569,63.45,FALSE,-4.464
14054,BJ0106,3.22724,10.84856,63.45,FALSE,-4.464
14055,BJ0106,3.22722,10.82143,63.45,FALSE,-4.464
14056,BJ0106,3.2272,10.79429,62.19,FALSE,-4.464
14057,BJ0106,3.22718,10.76716,63.45,FALSE,-4.464
14058,BJ0106,3.22716,10.74003,63.45,FALSE,-4.464
14059,BJ0106,3.22714,10.7129,63.45,FALSE,-4.464
14061,BJ0106,3.22712,10.68577,53.38,FALSE,-4.464
14062,BJ0106,3.2271,10.65863,53.38,FALSE,-4.464
14063,BJ0106,3.22708,10.6315,63.45,FALSE,-4.464
14064,BJ0106,3.22706,10.60437,54.82,FALSE,-4.464
14065,BJ0106,3.22704,10.57724,53.38,FALSE,-4.464
14066,BJ0106,3.22702,10.5501,53.38,FALSE,-4.464
14137,BJ0106,3.25509,11.30977,63.45,FALSE,-4.464
14139,BJ0106,3.25507,11.28264,63.45,FALSE,-4.464
14141,BJ0106,3.25504,11.25551,63.45,FALSE,-4.464
14143,BJ0106,3.25502,11.22838,63.45,FALSE,-4.464
14145,BJ0106,3.25499,11.20125,63.45,FALSE,-4.464
14147,BJ0106,3.25497,11.17412,63.45,FALSE,-4.464
14148,BJ0106,3.25495,11.14699,62.52,FALSE,-4.464
14149,BJ0106,3.25492,11.11985,62.52,FALSE,-4.464
14150,BJ0106,3.2549,11.09272,62.52,FALSE,-4.464
14151,BJ0106,3.25488,11.06559,62.52,FALSE,-4.464
14152,BJ0106,3.25485,11.03846,62.52,FALSE,-4.464
14154,BJ0106,3.25483,11.01133,63.45,FALSE,-4.464
14156,BJ0106,3.25481,10.9842,63.45,FALSE,-4.464
14158,BJ0106,3.25478,10.95706,63.45,FALSE,-4.464
14159,BJ0106,3.25476,10.92993,63.45,FALSE,-4.464
14160,BJ0106,3.25474,10.9028,63.45,FALSE,-4.464
14161,BJ0106,3.25471,10.87567,63.45,FALSE,-4.464
14162,BJ0106,3.25469,10.84854,63.45,FALSE,-4.464
14163,BJ0106,3.25467,10.8214,63.45,FALSE,-4.464
14164,BJ0106,3.25464,10.79427,63.45,FALSE,-4.464
14165,BJ0106,3.25462,10.76714,63.45,FALSE,-4.464
14166,BJ0106,3.2546,10.74001,62.52,FALSE,-4.464
14167,BJ0106,3.25458,10.71288,63.45,FALSE,-4.464
14168,BJ0106,3.25455,10.68574,53.38,FALSE,-4.464
14169,BJ0106,3.25453,10.65861,60.93,FALSE,-4.464
14170,BJ0106,3.25451,10.63148,54.93,FALSE,-4.464
14171,BJ0106,3.25449,10.60435,54.05,FALSE,-4.464
14172,BJ0106,3.25446,10.577209999999999,53.75,FALSE,-4.464
14173,BJ0106,3.2544400000000002,10.55008,53.38,FALSE,-4.464
14240,BJ0106,3.28261,11.33688,63.45,FALSE,-4.464
14242,BJ0106,3.28258,11.30975,63.45,FALSE,-4.464
14243,BJ0106,3.28255,11.28262,63.45,FALSE,-4.464
14244,BJ0106,3.28253,11.25549,63.45,FALSE,-4.464
14245,BJ0106,3.2825,11.22836,63.45,FALSE,-4.464
14246,BJ0106,3.28247,11.20122,63.45,FALSE,-4.464
14247,BJ0106,3.28245,11.17409,63.45,FALSE,-4.464
14248,BJ0106,3.28242,11.14696,62.52,FALSE,-4.464
14249,BJ0106,3.2824,11.11983,62.52,FALSE,-4.464
14250,BJ0106,3.28237,11.0927,62.52,FALSE,-4.464
14251,BJ0106,3.28234,11.06557,62.52,FALSE,-4.464
14252,BJ0106,3.28232,11.03844,63.45,FALSE,-4.464
14253,BJ0106,3.28229,11.0113,63.45,FALSE,-4.464
14254,BJ0106,3.28227,10.98417,63.45,FALSE,-4.464
14255,BJ0106,3.28224,10.95704,63.45,FALSE,-4.464
14256,BJ0106,3.28221,10.92991,63.45,FALSE,-4.464
14257,BJ0106,3.28219,10.90278,63.45,FALSE,-4.464
14258,BJ0106,3.28216,10.87564,63.45,FALSE,-4.464
14259,BJ0106,3.28214,10.84851,63.45,FALSE,-4.464
14260,BJ0106,3.28211,10.82138,63.45,FALSE,-4.464
14261,BJ0106,3.28209,10.79425,63.45,FALSE,-4.464
14262,BJ0106,3.28206,10.76712,62.52,FALSE,-4.464
14263,BJ0106,3.28204,10.73998,62.52,FALSE,-4.464
14264,BJ0106,3.28201,10.71285,62.52,FALSE,-4.464
14265,BJ0106,3.28199,10.68572,63.45,FALSE,-4.464
14266,BJ0106,3.28196,10.65859,63.45,FALSE,-4.464
14267,BJ0106,3.28194,10.63146,63.45,FALSE,-4.464
14268,BJ0106,3.28191,10.60432,62.99,FALSE,-4.464
14269,BJ0106,3.28189,10.57719,55.13,FALSE,-4.464
14271,BJ0106,3.28186,10.55006,53.38,FALSE,-4.464
14331,BJ0106,3.3101,11.33685,63.45,FALSE,-4.464
14332,BJ0106,3.31007,11.30972,63.45,FALSE,-4.464
14333,BJ0106,3.31004,11.28259,63.45,FALSE,-4.464
14334,BJ0106,3.31001,11.25546,63.45,FALSE,-4.464
14335,BJ0106,3.30998,11.22833,63.45,FALSE,-4.464
14336,BJ0106,3.30995,11.2012,63.45,FALSE,-4.464
14337,BJ0106,3.30993,11.17407,63.45,FALSE,-4.464
14338,BJ0106,3.3099,11.14693,63.45,FALSE,-4.464
14339,BJ0106,3.30987,11.1198,62.52,FALSE,-4.464
14340,BJ0106,3.30984,11.09267,62.52,FALSE,-4.464
14341,BJ0106,3.30981,11.06554,63.45,FALSE,-4.464
14342,BJ0106,3.30978,11.03841,63.45,FALSE,-4.464
14343,BJ0106,3.30975,11.01128,63.45,FALSE,-4.464
14344,BJ0106,3.30973,10.98415,63.45,FALSE,-4.464
14345,BJ0106,3.3097,10.95701,63.45,FALSE,-4.464
14346,BJ0106,3.30967,10.92988,63.45,FALSE,-4.464
14347,BJ0106,3.30964,10.90275,63.45,FALSE,-4.464
14348,BJ0106,3.30961,10.87562,63.45,FALSE,-4.464
14349,BJ0106,3.30959,10.84849,63.45,FALSE,-4.464
14350,BJ0106,3.30956,10.82135,63.45,FALSE,-4.464
14351,BJ0106,3.30953,10.79422,63.45,FALSE,-4.464
14352,BJ0106,3.3095,10.76709,62.52,FALSE,-4.464
14353,BJ0106,3.30947,10.73996,62.52,FALSE,-4.464
14354,BJ0106,3.30945,10.71283,62.52,FALSE,-4.464
14355,BJ0106,3.30942,10.68569,62.52,FALSE,-4.464
14356,BJ0106,3.30939,10.65856,63.45,FALSE,-4.464
14357,BJ0106,3.30936,10.63143,63.1,FALSE,-4.464
14358,BJ0106,3.30934,10.6043,63.45,FALSE,-4.464
14359,BJ0106,3.30931,10.57717,57.64,FALSE,-4.464
14417,BJ0106,3.33759,11.33682,63.45,FALSE,-4.464
14418,BJ0106,3.33756,11.30969,63.45,FALSE,-4.464
14419,BJ0106,3.33753,11.28256,63.45,FALSE,-4.464
14420,BJ0106,3.3375,11.25543,63.45,FALSE,-4.464
14421,BJ0106,3.33747,11.2283,63.45,FALSE,-4.464
14422,BJ0106,3.33743,11.20117,63.45,FALSE,-4.464
14423,BJ0106,3.3374,11.17404,63.45,FALSE,-4.464
14424,BJ0106,3.33737,11.1469,63.45,FALSE,-4.464
14425,BJ0106,3.33734,11.11977,63.45,FALSE,-4.464
14426,BJ0106,3.33731,11.09264,63.45,FALSE,-4.464
14427,BJ0106,3.33728,11.06551,63.45,FALSE,-4.464
14428,BJ0106,3.33725,11.03838,63.45,FALSE,-4.464
14429,BJ0106,3.33722,11.01125,63.45,FALSE,-4.464
14430,BJ0106,3.33719,10.98412,63.45,FALSE,-4.464
14431,BJ0106,3.33715,10.95698,63.45,FALSE,-4.464
14432,BJ0106,3.33712,10.92985,63.45,FALSE,-4.464
14433,BJ0106,3.33709,10.90272,63.45,FALSE,-4.464
14434,BJ0106,3.33706,10.87559,63.45,FALSE,-4.464
14435,BJ0106,3.33703,10.84846,63.45,FALSE,-4.464
14436,BJ0106,3.337,10.82133,63.45,FALSE,-4.464
14437,BJ0106,3.33697,10.79419,63.45,FALSE,-4.464
14438,BJ0106,3.33694,10.76706,62.52,FALSE,-4.464
14439,BJ0106,3.33691,10.73993,53.38,FALSE,-4.464
14440,BJ0106,3.33688,10.7128,62.52,FALSE,-4.464
14441,BJ0106,3.33685,10.68567,63.45,FALSE,-4.464
14442,BJ0106,3.33682,10.65853,63.45,FALSE,-4.464
14443,BJ0106,3.33679,10.6314,63.45,FALSE,-4.464
14444,BJ0106,3.33676,10.60427,63.45,FALSE,-4.464
14445,BJ0106,3.33673,10.57714,63.08,FALSE,-4.464
14502,BJ0106,3.36515,11.39105,63.45,FALSE,-4.464
14504,BJ0106,3.36512,11.36392,63.45,FALSE,-4.464
14506,BJ0106,3.36508,11.33679,63.45,FALSE,-4.464
14507,BJ0106,3.36505,11.30966,63.45,FALSE,-4.464
14508,BJ0106,3.36502,11.28253,63.45,FALSE,-4.464
14509,BJ0106,3.36498,11.2554,63.45,FALSE,-4.464
14510,BJ0106,3.36495,11.22827,63.45,FALSE,-4.464
14511,BJ0106,3.36491,11.20114,63.45,FALSE,-4.464
14512,BJ0106,3.36488,11.174,63.45,FALSE,-4.464
14513,BJ0106,3.36485,11.14687,63.45,FALSE,-4.464
14514,BJ0106,3.36481,11.11974,63.45,FALSE,-4.464
14515,BJ0106,3.36478,11.09261,63.45,FALSE,-4.464
14516,BJ0106,3.36475,11.06548,63.45,FALSE,-4.464
14517,BJ0106,3.36471,11.03835,63.45,FALSE,-4.464
14518,BJ0106,3.36468,11.01122,63.45,FALSE,-4.464
14519,BJ0106,3.36464,10.98408,63.45,FALSE,-4.464
14520,BJ0106,3.36461,10.95695,63.45,FALSE,-4.464
14521,BJ0106,3.36458,10.92982,63.45,FALSE,-4.464
14522,BJ0106,3.36455,10.90269,63.45,FALSE,-4.464
14523,BJ0106,3.36451,10.87556,63.45,FALSE,-4.464
14524,BJ0106,3.36448,10.84843,63.45,FALSE,-4.464
14525,BJ0106,3.36445,10.82129,63.45,FALSE,-4.464
14526,BJ0106,3.36441,10.79416,63.45,FALSE,-4.464
14527,BJ0106,3.36438,10.76703,62.52,FALSE,-4.464
14528,BJ0106,3.36435,10.7399,62.52,FALSE,-4.464
14529,BJ0106,3.36432,10.71277,63.45,FALSE,-4.464
14530,BJ0106,3.36428,10.68564,63.45,FALSE,-4.464
14531,BJ0106,3.36425,10.6585,63.45,FALSE,-4.464
14532,BJ0106,3.36422,10.63137,63.45,FALSE,-4.464
14533,BJ0106,3.36419,10.60424,63.45,FALSE,-4.464
14534,BJ0106,3.36416,10.57711,63.45,FALSE,-4.464
14587,BJ0106,3.39265,11.39102,63.45,FALSE,-4.464
14588,BJ0106,3.39261,11.36389,63.45,FALSE,-4.464
14589,BJ0106,3.39258,11.33675,63.45,FALSE,-4.464
14590,BJ0106,3.39254,11.30962,63.45,FALSE,-4.464
14591,BJ0106,3.3925,11.28249,63.45,FALSE,-4.464
14592,BJ0106,3.39247,11.25536,63.45,FALSE,-4.464
14593,BJ0106,3.39243,11.22823,63.45,FALSE,-4.464
14594,BJ0106,3.39239,11.2011,63.45,FALSE,-4.464
14595,BJ0106,3.39236,11.17397,63.45,FALSE,-4.464
14596,BJ0106,3.39232,11.14684,63.45,FALSE,-4.464
14597,BJ0106,3.39228,11.11971,63.45,FALSE,-4.464
14598,BJ0106,3.39225,11.09258,63.45,FALSE,-4.464
14599,BJ0106,3.39221,11.06544,63.45,FALSE,-4.464
14600,BJ0106,3.39218,11.03831,63.45,FALSE,-4.464
14601,BJ0106,3.39214,11.01118,63.45,FALSE,-4.464
14602,BJ0106,3.3921,10.98405,63.45,FALSE,-4.464
14603,BJ0106,3.39207,10.95692,63.45,FALSE,-4.464
14604,BJ0106,3.39203,10.92979,63.45,FALSE,-4.464
14605,BJ0106,3.392,10.90266,63.45,FALSE,-4.464
14606,BJ0106,3.39196,10.87552,63.45,FALSE,-4.464
14607,BJ0106,3.39193,10.84839,63.45,FALSE,-4.464
14608,BJ0106,3.39189,10.82126,63.45,FALSE,-4.464
14609,BJ0106,3.39186,10.79413,63.45,FALSE,-4.464
14610,BJ0106,3.39182,10.767,63.45,FALSE,-4.464
14611,BJ0106,3.39179,10.73987,63.45,FALSE,-4.464
14612,BJ0106,3.39175,10.71273,62.52,FALSE,-4.464
14613,BJ0106,3.39172,10.6856,63.45,FALSE,-4.464
14614,BJ0106,3.39168,10.65847,63.45,FALSE,-4.464
14615,BJ0106,3.39165,10.63134,55.9,FALSE,-4.464
14616,BJ0106,3.39161,10.60421,60.93,FALSE,-4.464
14618,BJ0106,3.39158,10.57707,56.74,FALSE,-4.464
14668,BJ0106,3.42015,11.39098,63.45,FALSE,-4.464
14669,BJ0106,3.42011,11.36385,63.45,FALSE,-4.464
14670,BJ0106,3.42007,11.33672,63.45,FALSE,-4.464
14671,BJ0106,3.42003,11.30959,63.45,FALSE,-4.464
14672,BJ0106,3.41999,11.28246,63.45,FALSE,-4.464
14673,BJ0106,3.41995,11.25532,63.45,FALSE,-4.464
14674,BJ0106,3.41991,11.22819,63.45,FALSE,-4.464
14675,BJ0106,3.41987,11.20106,63.45,FALSE,-4.464
14676,BJ0106,3.41983,11.17393,63.45,FALSE,-4.464
14677,BJ0106,3.4198,11.1468,63.45,FALSE,-4.464
14678,BJ0106,3.41976,11.11967,63.45,FALSE,-4.464
14679,BJ0106,3.41972,11.09254,63.45,FALSE,-4.464
14680,BJ0106,3.41968,11.06541,63.45,FALSE,-4.464
14681,BJ0106,3.41964,11.03828,63.45,FALSE,-4.464
14682,BJ0106,3.4196,11.01115,63.45,FALSE,-4.464
14683,BJ0106,3.41956,10.98401,63.45,FALSE,-4.464
14684,BJ0106,3.41953,10.95688,63.45,FALSE,-4.464
14685,BJ0106,3.41949,10.92975,63.45,FALSE,-4.464
14686,BJ0106,3.41945,10.90262,63.45,FALSE,-4.464
14687,BJ0106,3.41941,10.87549,63.45,FALSE,-4.464
14688,BJ0106,3.41937,10.84836,63.45,FALSE,-4.464
14689,BJ0106,3.41934,10.82123,63.45,FALSE,-4.464
14690,BJ0106,3.4193,10.79409,63.45,FALSE,-4.464
14691,BJ0106,3.41926,10.76696,63.45,FALSE,-4.464
14692,BJ0106,3.41922,10.73983,63.45,FALSE,-4.464
14693,BJ0106,3.41919,10.7127,61.94,FALSE,-4.464
14694,BJ0106,3.41915,10.68557,61.77,FALSE,-4.464
14695,BJ0106,3.41911,10.65843,56.26,FALSE,-4.464
14696,BJ0106,3.41907,10.6313,59.42,FALSE,-4.464
14697,BJ0106,3.41904,10.60417,53.38,FALSE,-4.464
14748,BJ0106,3.44765,11.39094,63.45,FALSE,-4.464
14749,BJ0106,3.4476,11.36381,63.45,FALSE,-4.464
14750,BJ0106,3.44756,11.33668,63.45,FALSE,-4.464
14751,BJ0106,3.44752,11.30955,63.45,FALSE,-4.464
14752,BJ0106,3.44748,11.28242,63.45,FALSE,-4.464
14753,BJ0106,3.44744,11.25528,63.45,FALSE,-4.464
14754,BJ0106,3.44739,11.22815,63.45,FALSE,-4.464
14755,BJ0106,3.44735,11.20102,63.45,FALSE,-4.464
14756,BJ0106,3.44731,11.17389,63.45,FALSE,-4.464
14757,BJ0106,3.44727,11.14676,63.45,FALSE,-4.464
14758,BJ0106,3.44723,11.11963,63.45,FALSE,-4.464
14759,BJ0106,3.44719,11.0925,63.45,FALSE,-4.464
14760,BJ0106,3.44715,11.06537,63.45,FALSE,-4.464
14761,BJ0106,3.4471,11.03824,63.45,FALSE,-4.464
14762,BJ0106,3.44706,11.01111,63.45,FALSE,-4.464
14763,BJ0106,3.44702,10.98397,63.45,FALSE,-4.464
14764,BJ0106,3.44698,10.95684,63.45,FALSE,-4.464
14765,BJ0106,3.44694,10.92971,63.45,FALSE,-4.464
14766,BJ0106,3.4469,10.90258,63.45,FALSE,-4.464
14767,BJ0106,3.44686,10.87545,63.45,FALSE,-4.464
14768,BJ0106,3.44682,10.84832,63.45,FALSE,-4.464
14769,BJ0106,3.44678,10.82119,63.45,FALSE,-4.464
14770,BJ0106,3.44674,10.79406,63.45,FALSE,-4.464
14771,BJ0106,3.4467,10.76692,63.45,FALSE,-4.464
14772,BJ0106,3.44666,10.73979,63.45,FALSE,-4.464
14773,BJ0106,3.44662,10.71266,63.03,FALSE,-4.464
14774,BJ0106,3.44658,10.68553,63.45,FALSE,-4.464
14775,BJ0106,3.44654,10.6584,55.39,FALSE,-4.464
14776,BJ0106,3.4465,10.63126,53.38,FALSE,-4.464
14777,BJ0106,3.44646,10.60413,53.84,FALSE,-4.464
14826,BJ0106,3.47514,11.39089,63.45,FALSE,-4.464
14827,BJ0106,3.4751,11.36376,63.45,FALSE,-4.464
14828,BJ0106,3.47505,11.33663,63.45,FALSE,-4.464
14829,BJ0106,3.47501,11.3095,63.45,FALSE,-4.464
14830,BJ0106,3.47497,11.28237,63.45,FALSE,-4.464
14831,BJ0106,3.47492,11.25524,63.45,FALSE,-4.464
14832,BJ0106,3.47488,11.22811,63.45,FALSE,-4.464
14833,BJ0106,3.47483,11.20098,63.45,FALSE,-4.464
14834,BJ0106,3.47479,11.17385,63.45,FALSE,-4.464
14835,BJ0106,3.47474,11.14672,63.45,FALSE,-4.464
14836,BJ0106,3.4747,11.11959,63.45,FALSE,-4.464
14837,BJ0106,3.47466,11.09246,63.45,FALSE,-4.464
14838,BJ0106,3.47461,11.06533,63.45,FALSE,-4.464
14839,BJ0106,3.47457,11.0382,63.45,FALSE,-4.464
14840,BJ0106,3.47453,11.01106,63.45,FALSE,-4.464
14841,BJ0106,3.47448,10.98393,63.45,FALSE,-4.464
14842,BJ0106,3.47444,10.9568,63.45,FALSE,-4.464
14843,BJ0106,3.4744,10.92967,63.45,FALSE,-4.464
14844,BJ0106,3.47435,10.90254,63.45,FALSE,-4.464
14845,BJ0106,3.47431,10.87541,63.45,FALSE,-4.464
14846,BJ0106,3.47427,10.84828,63.45,FALSE,-4.464
14847,BJ0106,3.47422,10.82115,63.45,FALSE,-4.464
14848,BJ0106,3.47418,10.79401,63.45,FALSE,-4.464
14849,BJ0106,3.47414,10.76688,63.45,FALSE,-4.464
14850,BJ0106,3.4741,10.73975,63.45,FALSE,-4.464
14851,BJ0106,3.47405,10.71262,63.45,FALSE,-4.464
14852,BJ0106,3.47401,10.68549,63.45,FALSE,-4.464
14853,BJ0106,3.47397,10.65836,63.45,FALSE,-4.464
14854,BJ0106,3.47393,10.63122,54.15,FALSE,-4.464
14855,BJ0106,3.47389,10.60409,53.38,FALSE,-4.464
14902,BJ0106,3.50264,11.39085,63.45,FALSE,-4.464
14903,BJ0106,3.50259,11.36372,63.45,FALSE,-4.464
14904,BJ0106,3.50255,11.33659,63.45,FALSE,-4.464
14905,BJ0106,3.5025,11.30946,63.45,FALSE,-4.464
14906,BJ0106,3.50245,11.28233,63.45,FALSE,-4.464
14907,BJ0106,3.50241,11.2552,63.45,FALSE,-4.464
14908,BJ0106,3.50236,11.22807,63.45,FALSE,-4.464
14909,BJ0106,3.50231,11.20094,63.45,FALSE,-4.464
14910,BJ0106,3.50226,11.1738,63.45,FALSE,-4.464
14911,BJ0106,3.50222,11.14667,62.52,FALSE,-4.464
14912,BJ0106,3.50217,11.11954,63.45,FALSE,-4.464
14913,BJ0106,3.50213,11.09241,63.45,FALSE,-4.464
14914,BJ0106,3.50208,11.06528,63.45,FALSE,-4.464
14915,BJ0106,3.50203,11.03815,63.45,FALSE,-4.464
14916,BJ0106,3.50199,11.01102,63.45,FALSE,-4.464
14917,BJ0106,3.50194,10.98389,63.45,FALSE,-4.464
14918,BJ0106,3.5019,10.95676,63.45,FALSE,-4.464
14919,BJ0106,3.50185,10.92963,63.45,FALSE,-4.464
14920,BJ0106,3.5018,10.9025,63.45,FALSE,-4.464
14921,BJ0106,3.50176,10.87536,63.45,FALSE,-4.464
14922,BJ0106,3.50171,10.84823,63.45,FALSE,-4.464
14923,BJ0106,3.50167,10.8211,63.45,FALSE,-4.464
14924,BJ0106,3.50162,10.79397,63.45,FALSE,-4.464
14925,BJ0106,3.50158,10.76684,63.45,FALSE,-4.464
14926,BJ0106,3.50153,10.73971,63.45,FALSE,-4.464
14927,BJ0106,3.50149,10.71258,63.45,FALSE,-4.464
14928,BJ0106,3.50144,10.68545,63.45,FALSE,-4.464
14929,BJ0106,3.5014,10.65831,62.52,FALSE,-4.464
14930,BJ0106,3.50136,10.63118,62.52,FALSE,-4.464
14931,BJ0106,3.50131,10.60405,57.69,FALSE,-4.464
14973,BJ0106,3.53014,11.3908,63.45,FALSE,-4.464
14974,BJ0106,3.53009,11.36367,63.45,FALSE,-4.464
14975,BJ0106,3.53004,11.33654,63.45,FALSE,-4.464
14976,BJ0106,3.52999,11.30941,63.45,FALSE,-4.464
14977,BJ0106,3.52994,11.28228,63.45,FALSE,-4.464
14978,BJ0106,3.52989,11.25515,63.45,FALSE,-4.464
14979,BJ0106,3.52984,11.22802,63.45,FALSE,-4.464
14980,BJ0106,3.52979,11.20089,63.45,FALSE,-4.464
14981,BJ0106,3.52974,11.17376,63.45,FALSE,-4.464
14982,BJ0106,3.52969,11.14663,63.45,FALSE,-4.464
14983,BJ0106,3.52964,11.1195,63.45,FALSE,-4.464
14984,BJ0106,3.52959,11.09237,63.45,FALSE,-4.464
14985,BJ0106,3.52955,11.06524,63.45,FALSE,-4.464
14986,BJ0106,3.5295,11.0381,63.45,FALSE,-4.464
14987,BJ0106,3.52945,11.01097,63.45,FALSE,-4.464
14988,BJ0106,3.5294,10.98384,63.45,FALSE,-4.464
14989,BJ0106,3.52935,10.95671,63.45,FALSE,-4.464
14990,BJ0106,3.5293,10.92958,63.45,FALSE,-4.464
14991,BJ0106,3.52926,10.90245,63.45,FALSE,-4.464
14992,BJ0106,3.52921,10.87532,63.45,FALSE,-4.464
14993,BJ0106,3.52916,10.84819,63.45,FALSE,-4.464
14994,BJ0106,3.52911,10.82106,63.45,FALSE,-4.464
14995,BJ0106,3.52906,10.79393,63.45,FALSE,-4.464
14996,BJ0106,3.52902,10.76679,63.45,FALSE,-4.464
14997,BJ0106,3.52897,10.73966,63.45,FALSE,-4.464
14998,BJ0106,3.52892,10.71253,63.45,FALSE,-4.464
14999,BJ0106,3.52888,10.6854,63.45,FALSE,-4.464
15000,BJ0106,3.52883,10.65827,62.52,FALSE,-4.464
15001,BJ0106,3.52878,10.63114,63.45,FALSE,-4.464
15002,BJ0106,3.52874,10.60401,63.45,FALSE,-4.464
15039,BJ0106,3.55753,11.33649,62.52,FALSE,-4.464
15040,BJ0106,3.55748,11.30936,63.45,FALSE,-4.464
15041,BJ0106,3.55743,11.28223,63.45,FALSE,-4.464
15042,BJ0106,3.55737,11.2551,63.45,FALSE,-4.464
15043,BJ0106,3.55732,11.22797,63.45,FALSE,-4.464
15044,BJ0106,3.55727,11.20084,63.45,FALSE,-4.464
15045,BJ0106,3.55722,11.17371,63.45,FALSE,-4.464
15046,BJ0106,3.55717,11.14658,63.45,FALSE,-4.464
15047,BJ0106,3.55711,11.11945,63.45,FALSE,-4.464
15048,BJ0106,3.55706,11.09232,63.45,FALSE,-4.464
15049,BJ0106,3.55701,11.06519,63.45,FALSE,-4.464
15050,BJ0106,3.55696,11.03806,63.45,FALSE,-4.464
15051,BJ0106,3.55691,11.01092,63.45,FALSE,-4.464
15052,BJ0106,3.55686,10.98379,63.45,FALSE,-4.464
15053,BJ0106,3.55681,10.95666,63.45,FALSE,-4.464
15054,BJ0106,3.55676,10.92953,63.45,FALSE,-4.464
15055,BJ0106,3.55671,10.9024,63.45,FALSE,-4.464
15056,BJ0106,3.55666,10.87527,63.45,FALSE,-4.464
15057,BJ0106,3.55661,10.84814,63.45,FALSE,-4.464
15058,BJ0106,3.55656,10.82101,63.45,FALSE,-4.464
15059,BJ0106,3.55651,10.79388,63.45,FALSE,-4.464
15060,BJ0106,3.55646,10.76675,63.45,FALSE,-4.464
15061,BJ0106,3.55641,10.73961,63.45,FALSE,-4.464
15062,BJ0106,3.55636,10.71248,63.45,FALSE,-4.464
15063,BJ0106,3.55631,10.68535,62.52,FALSE,-4.464
15064,BJ0106,3.55626,10.65822,63.45,FALSE,-4.464
15065,BJ0106,3.55621,10.63109,63.45,FALSE,-4.464
15067,BJ0106,3.55616,10.60396,63.45,FALSE,-4.464
15101,BJ0106,3.58497,11.30931,62.52,FALSE,-4.464
15102,BJ0106,3.58491,11.28218,62.52,FALSE,-4.464
15103,BJ0106,3.58486,11.25505,63.45,FALSE,-4.464
15104,BJ0106,3.5848,11.22792,63.45,FALSE,-4.464
15105,BJ0106,3.58475,11.20079,63.45,FALSE,-4.464
15106,BJ0106,3.58469,11.17366,63.45,FALSE,-4.464
15107,BJ0106,3.58464,11.14653,63.45,FALSE,-4.464
15108,BJ0106,3.58459,11.11939,63.45,FALSE,-4.464
15109,BJ0106,3.58453,11.09226,63.45,FALSE,-4.464
15110,BJ0106,3.58448,11.06513,63.45,FALSE,-4.464
15111,BJ0106,3.58442,11.038,63.45,FALSE,-4.464
15112,BJ0106,3.58437,11.01087,63.45,FALSE,-4.464
15113,BJ0106,3.58432,10.98374,63.45,FALSE,-4.464
15114,BJ0106,3.58426,10.95661,63.45,FALSE,-4.464
15115,BJ0106,3.58421,10.92948,63.45,FALSE,-4.464
15116,BJ0106,3.58416,10.90235,63.45,FALSE,-4.464
15117,BJ0106,3.5841,10.87522,63.45,FALSE,-4.464
15118,BJ0106,3.58405,10.84809,63.45,FALSE,-4.464
15119,BJ0106,3.584,10.82096,63.45,FALSE,-4.464
15120,BJ0106,3.58395,10.79383,63.45,FALSE,-4.464
15121,BJ0106,3.58389,10.7667,63.45,FALSE,-4.464
15122,BJ0106,3.58384,10.73956,63.45,FALSE,-4.464
15123,BJ0106,3.58379,10.71243,63.45,FALSE,-4.464
15124,BJ0106,3.58374,10.6853,63.45,FALSE,-4.464
15125,BJ0106,3.58369,10.65817,63.45,FALSE,-4.464
15126,BJ0106,3.58364,10.63104,63.45,FALSE,-4.464
15156,BJ0106,3.61234,11.25499,62.52,FALSE,-4.464
15157,BJ0106,3.61228,11.22786,63.45,FALSE,-4.464
15158,BJ0106,3.61223,11.20073,63.45,FALSE,-4.464
15159,BJ0106,3.61217,11.1736,63.45,FALSE,-4.464
15160,BJ0106,3.61211,11.14647,63.45,FALSE,-4.464
15161,BJ0106,3.61206,11.11934,63.45,FALSE,-4.464
15162,BJ0106,3.612,11.09221,63.45,FALSE,-4.464
15163,BJ0106,3.61194,11.06508,63.45,FALSE,-4.464
15164,BJ0106,3.61189,11.03795,63.45,FALSE,-4.464
15165,BJ0106,3.61183,11.01082,63.45,FALSE,-4.464
15166,BJ0106,3.61178,10.98369,63.45,FALSE,-4.464
15167,BJ0106,3.61172,10.95656,63.45,FALSE,-4.464
15168,BJ0106,3.61166,10.92943,63.45,FALSE,-4.464
15169,BJ0106,3.61161,10.9023,63.45,FALSE,-4.464
15170,BJ0106,3.61155,10.87517,63.45,FALSE,-4.464
15171,BJ0106,3.6115,10.84804,63.45,FALSE,-4.464
15172,BJ0106,3.61144,10.8209,63.45,FALSE,-4.464
15173,BJ0106,3.61139,10.79377,63.45,FALSE,-4.464
15174,BJ0106,3.61133,10.76664,63.45,FALSE,-4.464
15175,BJ0106,3.61128,10.73951,63.45,FALSE,-4.464
15176,BJ0106,3.61122,10.71238,63.45,FALSE,-4.464
15177,BJ0106,3.61117,10.68525,62.52,FALSE,-4.464
15178,BJ0106,3.61112,10.65812,62.52,FALSE,-4.464
15179,BJ0106,3.61106,10.63099,53.38,FALSE,-4.464
15206,BJ0106,3.63977,11.2278,62.52,FALSE,-4.464
15207,BJ0106,3.63971,11.20067,62.52,FALSE,-4.464
15208,BJ0106,3.63965,11.17354,63.45,FALSE,-4.464
15209,BJ0106,3.63959,11.14641,63.45,FALSE,-4.464
15210,BJ0106,3.63953,11.11928,63.45,FALSE,-4.464
15211,BJ0106,3.63947,11.09215,63.45,FALSE,-4.464
15212,BJ0106,3.63941,11.06502,63.45,FALSE,-4.464
15213,BJ0106,3.63935,11.03789,63.45,FALSE,-4.464
15214,BJ0106,3.63929,11.01076,63.45,FALSE,-4.464
15215,BJ0106,3.63923,10.98363,63.45,FALSE,-4.464
15216,BJ0106,3.63918,10.9565,63.45,FALSE,-4.464
15217,BJ0106,3.63912,10.92937,63.45,FALSE,-4.464
15218,BJ0106,3.63906,10.90224,63.45,FALSE,-4.464
15219,BJ0106,3.639,10.87511,63.45,FALSE,-4.464
15220,BJ0106,3.63894,10.84798,63.45,FALSE,-4.464
15221,BJ0106,3.63889,10.82085,63.45,FALSE,-4.464
15222,BJ0106,3.63883,10.79372,63.45,FALSE,-4.464
15223,BJ0106,3.63877,10.76659,63.45,FALSE,-4.464
15224,BJ0106,3.63871,10.73946,63.45,FALSE,-4.464
15225,BJ0106,3.63866,10.71233,62.52,FALSE,-4.464
15226,BJ0106,3.6386,10.68519,63.45,FALSE,-4.464
15227,BJ0106,3.63854,10.65806,63.45,FALSE,-4.464
15228,BJ0106,3.63849,10.63093,53.38,FALSE,-4.464
15246,BJ0106,3.66712,11.17348,63.45,FALSE,-4.464
15247,BJ0106,3.66706,11.14635,63.45,FALSE,-4.464
15248,BJ0106,3.667,11.11922,63.45,FALSE,-4.464
15249,BJ0106,3.66694,11.09209,63.45,FALSE,-4.464
15250,BJ0106,3.66688,11.06496,63.45,FALSE,-4.464
15251,BJ0106,3.66681,11.03783,63.45,FALSE,-4.464
15252,BJ0106,3.66675,11.0107,63.45,FALSE,-4.464
15253,BJ0106,3.66669,10.98357,63.45,FALSE,-4.464
15254,BJ0106,3.66663,10.95644,63.45,FALSE,-4.464
15255,BJ0106,3.66657,10.92931,63.45,FALSE,-4.464
15256,BJ0106,3.66651,10.90218,63.45,FALSE,-4.464
15257,BJ0106,3.66645,10.87505,63.45,FALSE,-4.464
15258,BJ0106,3.66639,10.84792,63.45,FALSE,-4.464
15259,BJ0106,3.66633,10.82079,63.45,FALSE,-4.464
15260,BJ0106,3.66627,10.79366,63.45,FALSE,-4.464
15261,BJ0106,3.66621,10.76653,63.45,FALSE,-4.464
15262,BJ0106,3.66615,10.7394,62.52,FALSE,-4.464
15263,BJ0106,3.66609,10.71227,63.45,FALSE,-4.464
15264,BJ0106,3.66603,10.68514,62.52,FALSE,-4.464
15265,BJ0106,3.66597,10.65801,63.45,FALSE,-4.464
15266,BJ0106,3.66591,10.63088,55.9,FALSE,-4.464
15279,BJ0106,3.69453,11.14629,63.45,FALSE,-4.464
15280,BJ0106,3.69447,11.11916,63.45,FALSE,-4.464
15281,BJ0106,3.69441,11.09203,63.45,FALSE,-4.464
15282,BJ0106,3.69434,11.0649,63.45,FALSE,-4.464
15283,BJ0106,3.69428,11.03777,63.45,FALSE,-4.464
15284,BJ0106,3.69421,11.01064,63.45,FALSE,-4.464
15285,BJ0106,3.69415,10.98351,63.45,FALSE,-4.464
15286,BJ0106,3.69409,10.95638,63.45,FALSE,-4.464
15287,BJ0106,3.69402,10.92925,63.45,FALSE,-4.464
15288,BJ0106,3.69396,10.90212,63.45,FALSE,-4.464
15289,BJ0106,3.6939,10.87499,63.45,FALSE,-4.464
15290,BJ0106,3.69384,10.84786,63.45,FALSE,-4.464
15291,BJ0106,3.69377,10.82073,63.45,FALSE,-4.464
15292,BJ0106,3.69371,10.7936,63.45,FALSE,-4.464
15293,BJ0106,3.69365,10.76647,63.45,FALSE,-4.464
15294,BJ0106,3.69359,10.73934,62.52,FALSE,-4.464
15295,BJ0106,3.69352,10.71221,62.52,FALSE,-4.464
15296,BJ0106,3.69346,10.68508,63.45,FALSE,-4.464
15297,BJ0106,3.6934,10.65795,63.45,FALSE,-4.464
15298,BJ0106,3.69334,10.63082,63.45,FALSE,-4.464
15308,BJ0106,3.72194,11.1191,63.45,FALSE,-4.464
15309,BJ0106,3.72187,11.09197,63.45,FALSE,-4.464
15310,BJ0106,3.72181,11.06484,63.45,FALSE,-4.464
15311,BJ0106,3.72174,11.03771,63.45,FALSE,-4.464
15312,BJ0106,3.72167,11.01058,63.45,FALSE,-4.464
15313,BJ0106,3.72161,10.98345,63.45,FALSE,-4.464
15314,BJ0106,3.72154,10.95632,63.45,FALSE,-4.464
15315,BJ0106,3.72148,10.92919,63.45,FALSE,-4.464
15316,BJ0106,3.72141,10.90206,63.45,FALSE,-4.464
15317,BJ0106,3.72135,10.87493,63.45,FALSE,-4.464
15318,BJ0106,3.72128,10.8478,63.45,FALSE,-4.464
15319,BJ0106,3.72122,10.82067,63.45,FALSE,-4.464
15320,BJ0106,3.72115,10.79354,63.45,FALSE,-4.464
15321,BJ0106,3.72109,10.76641,62.52,FALSE,-4.464
15322,BJ0106,3.72102,10.73928,63.45,FALSE,-4.464
15323,BJ0106,3.72096,10.71215,62.52,FALSE,-4.464
15324,BJ0106,3.72089,10.68502,63.45,FALSE,-4.464
15325,BJ0106,3.72083,10.65789,63.45,FALSE,-4.464
15326,BJ0106,3.72077,10.63076,63.45,FALSE,-4.464
15335,BJ0106,3.74913,11.01051,63.45,FALSE,-4.464
15336,BJ0106,3.74907,10.98338,63.45,FALSE,-4.464
15337,BJ0106,3.749,10.95625,63.45,FALSE,-4.464
15338,BJ0106,3.74893,10.92912,63.45,FALSE,-4.464
15339,BJ0106,3.74886,10.90199,63.45,FALSE,-4.464
15340,BJ0106,3.74879,10.87486,63.45,FALSE,-4.464
15341,BJ0106,3.74873,10.84773,63.45,FALSE,-4.464
15342,BJ0106,3.74866,10.8206,63.45,FALSE,-4.464
15343,BJ0106,3.74859,10.79347,62.52,FALSE,-4.464
15344,BJ0106,3.74852,10.76634,62.52,FALSE,-4.464
15345,BJ0106,3.74846,10.73921,63.45,FALSE,-4.464
15346,BJ0106,3.74839,10.71208,63.45,FALSE,-4.464
15347,BJ0106,3.74832,10.68495,63.45,FALSE,-4.464
15348,BJ0106,3.74826,10.65782,63.45,FALSE,-4.464
15349,BJ0106,3.74819,10.63069,63.45,FALSE,-4.464
15359,BJ0106,3.77652,10.98331,63.45,FALSE,-4.464
15360,BJ0106,3.77645,10.95618,63.45,FALSE,-4.464
15361,BJ0106,3.77638,10.92905,63.45,FALSE,-4.464
15362,BJ0106,3.77631,10.90192,63.45,FALSE,-4.464
15363,BJ0106,3.77624,10.87479,63.45,FALSE,-4.464
15364,BJ0106,3.77603,10.7934,62.52,FALSE,-4.464
15365,BJ0106,3.77596,10.76627,62.52,FALSE,-4.464
15366,BJ0106,3.77589,10.73914,62.52,FALSE,-4.464
15367,BJ0106,3.77582,10.71201,63.45,FALSE,-4.464
15368,BJ0106,3.77575,10.68488,63.45,FALSE,-4.464
15369,BJ0106,3.77569,10.65775,63.45,FALSE,-4.464
15370,BJ0106,3.77562,10.63062,63.45,FALSE,-4.464
15380,BJ0106,3.80333,10.73907,62.52,FALSE,-4.464
15381,BJ0106,3.80326,10.71195,63.45,FALSE,-4.464
15382,BJ0106,3.80318,10.68482,63.45,FALSE,-4.464
15383,BJ0106,3.80311,10.65769,63.45,FALSE,-4.464
15385,BJ0106,3.80304,10.63056,63.45,FALSE,-4.464
15395,BJ0106,3.83069,10.71187,63.45,FALSE,-4.464
15396,BJ0106,3.83061,10.68474,62.52,FALSE,-4.464
15397,BJ0106,3.83054,10.65761,63.45,FALSE,-4.464
15404,BJ0106,3.85804,10.68467,62.52,FALSE,-4.464
15405,BJ0106,3.85797,10.65754,62.52,FALSE,-4.464
98,BJ0201,0.89838,10.29916,73.97,FALSE,6.056
99,BJ0201,0.89856,10.27204,73.97,FALSE,6.056
130,BJ0201,0.92577,10.29934,73.97,FALSE,6.056
131,BJ0201,0.92594,10.27222,73.97,FALSE,6.056
162,BJ0201,0.95297,10.32663,73.97,FALSE,6.056
164,BJ0201,0.95315,10.29951,73.97,FALSE,6.056
165,BJ0201,0.95332,10.27239,73.97,FALSE,6.056
166,BJ0201,0.9535,10.24528,73.97,FALSE,6.056
195,BJ0201,0.98001,10.38103,73.97,FALSE,6.056
197,BJ0201,0.98018,10.35391,73.97,FALSE,6.056
199,BJ0201,0.98036,10.3268,73.97,FALSE,6.056
200,BJ0201,0.98053,10.29968,73.97,FALSE,6.056
201,BJ0201,0.9807,10.27257,73.97,FALSE,6.056
202,BJ0201,0.98087,10.24545,73.97,FALSE,6.056
203,BJ0201,0.98104,10.21833,73.97,FALSE,6.056
231,BJ0201,1.00705,10.43544,73.97,FALSE,6.056
233,BJ0201,1.00722,10.40832,73.97,FALSE,6.056
235,BJ0201,1.0074,10.3812,73.97,FALSE,6.056
236,BJ0201,1.00757,10.35409,73.97,FALSE,6.056
237,BJ0201,1.00774,10.32697,73.97,FALSE,6.056
238,BJ0201,1.00791,10.29985,73.97,FALSE,6.056
239,BJ0201,1.00808,10.27274,73.97,FALSE,6.056
240,BJ0201,1.00825,10.24562,73.97,FALSE,6.056
241,BJ0201,1.00842,10.2185,73.97,FALSE,6.056
242,BJ0201,1.00859,10.19138,73.97,FALSE,6.056
272,BJ0201,1.03445,10.4356,73.97,FALSE,6.056
273,BJ0201,1.03462,10.40849,73.97,FALSE,6.056
274,BJ0201,1.03479,10.38137,73.97,FALSE,6.056
275,BJ0201,1.03496,10.35425,73.97,FALSE,6.056
276,BJ0201,1.03512,10.32714,73.97,FALSE,6.056
277,BJ0201,1.03529,10.30002,73.97,FALSE,6.056
278,BJ0201,1.03546,10.2729,73.97,FALSE,6.056
279,BJ0201,1.03563,10.24579,73.97,FALSE,6.056
280,BJ0201,1.03579,10.21867,73.97,FALSE,6.056
281,BJ0201,1.03596,10.19155,73.97,FALSE,6.056
312,BJ0201,1.06184,10.43577,73.97,FALSE,6.056
313,BJ0201,1.06201,10.40865,73.97,FALSE,6.056
314,BJ0201,1.06218,10.38154,73.97,FALSE,6.056
315,BJ0201,1.06234,10.35442,73.97,FALSE,6.056
316,BJ0201,1.06251,10.3273,73.97,FALSE,6.056
317,BJ0201,1.06268,10.30018,73.97,FALSE,6.056
318,BJ0201,1.06284,10.27307,73.97,FALSE,6.056
319,BJ0201,1.06301,10.24595,73.97,FALSE,6.056
320,BJ0201,1.06317,10.21883,73.97,FALSE,6.056
321,BJ0201,1.06333,10.19171,73.97,FALSE,6.056
322,BJ0201,1.0635,10.1646,73.97,FALSE,6.056
355,BJ0201,1.08924,10.43594,73.97,FALSE,6.056
356,BJ0201,1.0894,10.40882,73.97,FALSE,6.056
357,BJ0201,1.08957,10.3817,73.97,FALSE,6.056
358,BJ0201,1.08973,10.35458,73.97,FALSE,6.056
359,BJ0201,1.0899,10.32747,73.97,FALSE,6.056
360,BJ0201,1.09006,10.30035,73.97,FALSE,6.056
361,BJ0201,1.09022,10.27323,73.97,FALSE,6.056
362,BJ0201,1.09038,10.24611,73.97,FALSE,6.056
363,BJ0201,1.09055,10.21899,73.97,FALSE,6.056
364,BJ0201,1.09071,10.19188,73.97,FALSE,6.056
365,BJ0201,1.09087,10.16476,73.97,FALSE,6.056
366,BJ0201,1.09103,10.13764,73.97,FALSE,6.056
403,BJ0201,1.11663,10.4361,73.97,FALSE,6.056
405,BJ0201,1.1168,10.40898,73.97,FALSE,6.056
406,BJ0201,1.11696,10.38186,73.97,FALSE,6.056
407,BJ0201,1.11712,10.35475,73.97,FALSE,6.056
408,BJ0201,1.11728,10.32763,73.97,FALSE,6.056
409,BJ0201,1.11744,10.30051,73.97,FALSE,6.056
410,BJ0201,1.1176,10.27339,73.97,FALSE,6.056
411,BJ0201,1.11776,10.24627,73.97,FALSE,6.056
412,BJ0201,1.11792,10.21915,73.97,FALSE,6.056
413,BJ0201,1.11808,10.19203,73.97,FALSE,6.056
414,BJ0201,1.11824,10.16492,73.97,FALSE,6.056
415,BJ0201,1.1184,10.1378,73.97,FALSE,6.056
451,BJ0201,1.14419,10.40914,73.97,FALSE,6.056
452,BJ0201,1.14435,10.38202,73.97,FALSE,6.056
453,BJ0201,1.14451,10.3549,73.97,FALSE,6.056
454,BJ0201,1.14467,10.32779,73.97,FALSE,6.056
455,BJ0201,1.14483,10.30067,73.97,FALSE,6.056
456,BJ0201,1.14499,10.27355,73.97,FALSE,6.056
457,BJ0201,1.14514,10.24643,73.97,FALSE,6.056
458,BJ0201,1.1453,10.21931,73.97,FALSE,6.056
459,BJ0201,1.14546,10.19219,73.97,FALSE,6.056
460,BJ0201,1.14561,10.16507,73.97,FALSE,6.056
461,BJ0201,1.14577,10.13795,73.97,FALSE,6.056
462,BJ0201,1.14593,10.11083,73.97,FALSE,6.056
501,BJ0201,1.17142,10.43642,73.97,FALSE,6.056
503,BJ0201,1.17158,10.4093,73.97,FALSE,6.056
504,BJ0201,1.17174,10.38218,73.97,FALSE,6.056
505,BJ0201,1.1719,10.35506,73.97,FALSE,6.056
506,BJ0201,1.17205,10.32794,73.97,FALSE,6.056
507,BJ0201,1.17221,10.30082,73.97,FALSE,6.056
508,BJ0201,1.17237,10.2737,73.97,FALSE,6.056
509,BJ0201,1.17252,10.24658,73.97,FALSE,6.056
510,BJ0201,1.17268,10.21946,73.97,FALSE,6.056
511,BJ0201,1.17283,10.19234,73.97,FALSE,6.056
512,BJ0201,1.17299,10.16523,73.97,FALSE,6.056
513,BJ0201,1.17314,10.13811,73.97,FALSE,6.056
514,BJ0201,1.17329,10.11099,73.97,FALSE,6.056
550,BJ0201,1.19882,10.43657,73.97,FALSE,6.056
553,BJ0201,1.19898,10.40945,73.97,FALSE,6.056
556,BJ0201,1.19913,10.38233,73.97,FALSE,6.056
558,BJ0201,1.19929,10.35522,73.97,FALSE,6.056
559,BJ0201,1.19944,10.3281,73.97,FALSE,6.056
561,BJ0201,1.1996,10.30098,73.97,FALSE,6.056
563,BJ0201,1.19975,10.27386,73.97,FALSE,6.056
565,BJ0201,1.1999,10.24674,73.97,FALSE,6.056
567,BJ0201,1.20006,10.21962,73.97,FALSE,6.056
568,BJ0201,1.20021,10.1925,73.97,FALSE,6.056
569,BJ0201,1.20036,10.16538,73.97,FALSE,6.056
570,BJ0201,1.20051,10.13826,73.97,FALSE,6.056
571,BJ0201,1.20066,10.11114,73.97,FALSE,6.056
572,BJ0201,1.20081,10.08402,73.97,FALSE,6.056
613,BJ0201,1.22668,10.35537,73.97,FALSE,6.056
615,BJ0201,1.22683,10.32825,73.97,FALSE,6.056
617,BJ0201,1.22698,10.30113,73.97,FALSE,6.056
621,BJ0201,1.22744,10.21977,73.97,FALSE,6.056
623,BJ0201,1.22759,10.19265,73.97,FALSE,6.056
624,BJ0201,1.22773,10.16553,73.97,FALSE,6.056
625,BJ0201,1.22788,10.13841,73.97,FALSE,6.056
626,BJ0201,1.22803,10.11128,73.97,FALSE,6.056
627,BJ0201,1.22818,10.08416,73.97,FALSE,6.056
628,BJ0201,1.22833,10.05704,73.97,FALSE,6.056
680,BJ0201,1.25496,10.19279,73.97,FALSE,6.056
681,BJ0201,1.25511,10.16567,73.97,FALSE,6.056
682,BJ0201,1.25526,10.13855,73.97,FALSE,6.056
683,BJ0201,1.2554,10.11143,73.97,FALSE,6.056
684,BJ0201,1.25555,10.08431,73.97,FALSE,6.056
685,BJ0201,1.25569,10.05719,73.97,FALSE,6.056
733,BJ0201,1.28234,10.19294,73.97,FALSE,6.056
735,BJ0201,1.28248,10.16582,73.97,FALSE,6.056
737,BJ0201,1.28263,10.1387,73.97,FALSE,6.056
739,BJ0201,1.28277,10.11158,73.97,FALSE,6.056
741,BJ0201,1.28292,10.08445,73.97,FALSE,6.056
742,BJ0201,1.28306,10.05733,73.97,FALSE,6.056
743,BJ0201,1.2832,10.03021,73.97,FALSE,6.056
791,BJ0201,1.31,10.13884,73.97,FALSE,6.056
793,BJ0201,1.31014,10.11172,73.97,FALSE,6.056
795,BJ0201,1.31029,10.08459,73.97,FALSE,6.056
796,BJ0201,1.31043,10.05747,73.97,FALSE,6.056
797,BJ0201,1.31057,10.03035,73.97,FALSE,6.056
849,BJ0201,1.33765,10.08473,73.97,FALSE,6.056
851,BJ0201,1.33779,10.05761,73.97,FALSE,6.056
852,BJ0201,1.33793,10.03049,73.97,FALSE,6.056
853,BJ0201,1.33807,10.00337,73.97,FALSE,6.056
911,BJ0201,1.36516,10.05775,73.97,FALSE,6.056
914,BJ0201,1.3653,10.03063,73.97,FALSE,6.056
916,BJ0201,1.36543,10.0035,73.97,FALSE,6.056
996,BJ0201,1.39279,10.00364,73.97,FALSE,6.056
2129,BJ0202,1.66249,10.92711,38.95,FALSE,-27.48
2131,BJ0202,1.66262,10.89999,38.95,FALSE,-27.48
2332,BJ0202,1.6897,10.98148,38.95,FALSE,-27.48
2334,BJ0202,1.68982,10.95436,38.95,FALSE,-27.48
2336,BJ0202,1.68994,10.92723,40.43,FALSE,-27.48
2338,BJ0202,1.69006,10.90011,38.95,FALSE,-27.48
2340,BJ0202,1.69018,10.87298,40.43,FALSE,-27.48
2536,BJ0202,1.71692,11.03585,40.43,FALSE,-27.48
2538,BJ0202,1.71704,11.00872,38.95,FALSE,-27.48
2540,BJ0202,1.71716,10.9816,38.95,FALSE,-27.48
2542,BJ0202,1.71727,10.95447,38.95,FALSE,-27.48
2543,BJ0202,1.71739,10.92735,38.95,FALSE,-27.48
2544,BJ0202,1.71751,10.90022,38.95,FALSE,-27.48
2545,BJ0202,1.71762,10.8731,38.95,FALSE,-27.48
2742,BJ0202,1.7438,11.17159,40.43,FALSE,-27.48
2744,BJ0202,1.74392,11.14447,37.92,FALSE,-27.48
2746,BJ0202,1.74403,11.11734,40.43,FALSE,-27.48
2748,BJ0202,1.74415,11.09022,40.43,FALSE,-27.48
2750,BJ0202,1.74426,11.06309,40.43,FALSE,-27.48
2752,BJ0202,1.74438,11.03596,40.43,FALSE,-27.48
2754,BJ0202,1.74449,11.00884,38.95,FALSE,-27.48
2755,BJ0202,1.74461,10.98171,40.43,FALSE,-27.48
2756,BJ0202,1.74472,10.95459,40.43,FALSE,-27.48
2757,BJ0202,1.74484,10.92746,38.95,FALSE,-27.48
2758,BJ0202,1.74495,10.90034,38.95,FALSE,-27.48
2759,BJ0202,1.74507,10.87321,38.95,FALSE,-27.48
2761,BJ0202,1.74518,10.84609,30.36,FALSE,-27.48
2973,BJ0202,1.77116,11.19883,40.43,FALSE,-27.48
2975,BJ0202,1.77127,11.17171,40.43,FALSE,-27.48
2977,BJ0202,1.77138,11.14458,40.43,FALSE,-27.48
2978,BJ0202,1.7715,11.11745,40.43,FALSE,-27.48
2979,BJ0202,1.77161,11.09033,40.43,FALSE,-27.48
2981,BJ0202,1.77172,11.0632,40.43,FALSE,-27.48
2982,BJ0202,1.77184,11.03608,40.43,FALSE,-27.48
2983,BJ0202,1.77195,11.00895,40.43,FALSE,-27.48
2984,BJ0202,1.77206,10.98183,38.95,FALSE,-27.48
2985,BJ0202,1.77217,10.9547,38.95,FALSE,-27.48
2986,BJ0202,1.77229,10.92757,38.95,FALSE,-27.48
2987,BJ0202,1.7724,10.90045,38.95,FALSE,-27.48
2988,BJ0202,1.77251,10.87332,38.95,FALSE,-27.48
2989,BJ0202,1.77262,10.8462,38.95,FALSE,-27.48
3194,BJ0202,1.79863,11.19894,40.43,FALSE,-27.48
3196,BJ0202,1.79874,11.17182,40.43,FALSE,-27.48
3197,BJ0202,1.79885,11.14469,40.43,FALSE,-27.48
3198,BJ0202,1.79896,11.11757,40.43,FALSE,-27.48
3199,BJ0202,1.79908,11.09044,38.95,FALSE,-27.48
3200,BJ0202,1.79919,11.06331,40.43,FALSE,-27.48
3201,BJ0202,1.7993,11.03619,40.43,FALSE,-27.48
3202,BJ0202,1.79941,11.00906,38.95,FALSE,-27.48
3203,BJ0202,1.79952,10.98194,38.95,FALSE,-27.48
3204,BJ0202,1.79963,10.95481,38.95,FALSE,-27.48
3205,BJ0202,1.79973,10.92768,38.95,FALSE,-27.48
3206,BJ0202,1.79984,10.90056,38.95,FALSE,-27.48
3207,BJ0202,1.79995,10.87343,38.95,FALSE,-27.48
3209,BJ0202,1.80006,10.8463,38.95,FALSE,-27.48
3420,BJ0202,1.82588,11.2533,40.43,FALSE,-27.48
3422,BJ0202,1.82599,11.22618,38.95,FALSE,-27.48
3424,BJ0202,1.8261,11.19905,40.43,FALSE,-27.48
3426,BJ0202,1.8262100000000001,11.17193,40.43,FALSE,-27.48
3427,BJ0202,1.82632,11.1448,40.43,FALSE,-27.48
3428,BJ0202,1.82643,11.11767,38.95,FALSE,-27.48
3429,BJ0202,1.82654,11.09055,40.43,FALSE,-27.48
3430,BJ0202,1.82665,11.06342,38.95,FALSE,-27.48
3431,BJ0202,1.82676,11.0363,40.43,FALSE,-27.48
3432,BJ0202,1.82686,11.00917,38.95,FALSE,-27.48
3433,BJ0202,1.82697,10.98204,38.95,FALSE,-27.48
3434,BJ0202,1.82708,10.95492,40.43,FALSE,-27.48
3435,BJ0202,1.82718,10.92779,38.95,FALSE,-27.48
3436,BJ0202,1.82729,10.90066,38.95,FALSE,-27.48
3437,BJ0202,1.8274,10.87354,38.95,FALSE,-27.48
3439,BJ0202,1.8275,10.84641,38.95,FALSE,-27.48
3451,BJ0202,1.82865,10.54801,35.4,FALSE,-27.48
3453,BJ0202,1.82875,10.52089,30.36,FALSE,-27.48
3645,BJ0202,1.85326,11.28054,40.43,FALSE,-27.48
3647,BJ0202,1.85336,11.25341,40.43,FALSE,-27.48
3649,BJ0202,1.85347,11.22628,40.43,FALSE,-27.48
3650,BJ0202,1.85358,11.19916,40.43,FALSE,-27.48
3651,BJ0202,1.85369,11.17203,40.43,FALSE,-27.48
3652,BJ0202,1.85379,11.14491,40.43,FALSE,-27.48
3653,BJ0202,1.8539,11.11778,40.43,FALSE,-27.48
3654,BJ0202,1.854,11.09065,38.95,FALSE,-27.48
3655,BJ0202,1.85411,11.06353,38.95,FALSE,-27.48
3656,BJ0202,1.85421,11.0364,40.43,FALSE,-27.48
3657,BJ0202,1.85432,11.00927,40.43,FALSE,-27.48
3658,BJ0202,1.85442,10.98215,38.95,FALSE,-27.48
3659,BJ0202,1.85453,10.95502,38.95,FALSE,-27.48
3660,BJ0202,1.85463,10.92789,38.95,FALSE,-27.48
3661,BJ0202,1.85474,10.90077,38.95,FALSE,-27.48
3662,BJ0202,1.85484,10.87364,38.95,FALSE,-27.48
3663,BJ0202,1.85494,10.84651,38.95,FALSE,-27.48
3665,BJ0202,1.85505,10.81939,40.43,FALSE,-27.48
3674,BJ0202,1.85586,10.60237,36.4,FALSE,-27.48
3676,BJ0202,1.85596,10.57524,30.36,FALSE,-27.48
3678,BJ0202,1.85606,10.54812,35.4,FALSE,-27.48
3680,BJ0202,1.85616,10.52099,30.36,FALSE,-27.48
3682,BJ0202,1.85626,10.49386,38.95,FALSE,-27.48
3871,BJ0202,1.88042,11.36202,40.43,FALSE,-27.48
3873,BJ0202,1.88053,11.33489,40.43,FALSE,-27.48
3875,BJ0202,1.88063,11.30777,40.43,FALSE,-27.48
3877,BJ0202,1.88074,11.28064,40.43,FALSE,-27.48
3879,BJ0202,1.88084,11.25352,40.43,FALSE,-27.48
3880,BJ0202,1.88095,11.22639,40.43,FALSE,-27.48
3881,BJ0202,1.8810500000000001,11.19926,40.43,FALSE,-27.48
3882,BJ0202,1.88116,11.17214,40.43,FALSE,-27.48
3883,BJ0202,1.88126,11.14501,40.43,FALSE,-27.48
3884,BJ0202,1.88136,11.11788,40.43,FALSE,-27.48
3885,BJ0202,1.88147,11.09076,40.43,FALSE,-27.48
3886,BJ0202,1.88157,11.06363,40.43,FALSE,-27.48
3887,BJ0202,1.88167,11.0365,40.43,FALSE,-27.48
3888,BJ0202,1.88178,11.00938,38.95,FALSE,-27.48
3889,BJ0202,1.88188,10.98225,38.95,FALSE,-27.48
3890,BJ0202,1.88198,10.95512,38.95,FALSE,-27.48
3891,BJ0202,1.88208,10.928,38.95,FALSE,-27.48
3892,BJ0202,1.88218,10.90087,38.95,FALSE,-27.48
3893,BJ0202,1.88228,10.87374,40.43,FALSE,-27.48
3894,BJ0202,1.88239,10.84661,38.95,FALSE,-27.48
3895,BJ0202,1.88249,10.81949,40.43,FALSE,-27.48
3904,BJ0202,1.88328,10.60247,30.36,FALSE,-27.48
3906,BJ0202,1.88338,10.57534,32.38,FALSE,-27.48
3907,BJ0202,1.88348,10.54821,33.72,FALSE,-27.48
3908,BJ0202,1.88358,10.52109,30.36,FALSE,-27.48
3910,BJ0202,1.88367,10.49396,32.88,FALSE,-27.48
4096,BJ0202,1.90781,11.38925,40.43,FALSE,-27.48
4098,BJ0202,1.90791,11.362120000000001,40.43,FALSE,-27.48
4100,BJ0202,1.90802,11.335,40.43,FALSE,-27.48
4102,BJ0202,1.90812,11.30787,40.43,FALSE,-27.48
4103,BJ0202,1.90822,11.28074,40.43,FALSE,-27.48
4104,BJ0202,1.90832,11.25362,40.43,FALSE,-27.48
4105,BJ0202,1.90843,11.22649,40.43,FALSE,-27.48
4106,BJ0202,1.90853,11.19936,40.43,FALSE,-27.48
4107,BJ0202,1.90863,11.17224,40.43,FALSE,-27.48
4108,BJ0202,1.90873,11.14511,40.43,FALSE,-27.48
4109,BJ0202,1.90883,11.11798,40.43,FALSE,-27.48
4110,BJ0202,1.90893,11.09086,40.43,FALSE,-27.48
4111,BJ0202,1.90903,11.06373,40.43,FALSE,-27.48
4112,BJ0202,1.90913,11.0366,40.43,FALSE,-27.48
4113,BJ0202,1.90923,11.00948,38.95,FALSE,-27.48
4114,BJ0202,1.90933,10.98235,38.95,FALSE,-27.48
4115,BJ0202,1.90943,10.95522,38.95,FALSE,-27.48
4116,BJ0202,1.90953,10.92809,38.95,FALSE,-27.48
4117,BJ0202,1.90963,10.90097,40.43,FALSE,-27.48
4118,BJ0202,1.90973,10.87384,40.43,FALSE,-27.48
4119,BJ0202,1.90983,10.84671,40.43,FALSE,-27.48
4120,BJ0202,1.90993,10.81959,40.43,FALSE,-27.48
4122,BJ0202,1.91002,10.79246,39.9,FALSE,-27.48
4129,BJ0202,1.91061,10.62969,30.36,FALSE,-27.48
4131,BJ0202,1.9107,10.60256,30.36,FALSE,-27.48
4133,BJ0202,1.9108,10.57544,30.36,FALSE,-27.48
4134,BJ0202,1.91089,10.54831,30.36,FALSE,-27.48
4135,BJ0202,1.91099,10.52118,30.36,FALSE,-27.48
4320,BJ0202,1.9352,11.41648,38.95,FALSE,-27.48
4322,BJ0202,1.9353,11.38935,40.43,FALSE,-27.48
4324,BJ0202,1.9354,11.36222,40.43,FALSE,-27.48
4325,BJ0202,1.9355,11.3351,40.43,FALSE,-27.48
4326,BJ0202,1.93561,11.30797,40.43,FALSE,-27.48
4327,BJ0202,1.93571,11.28084,40.43,FALSE,-27.48
4328,BJ0202,1.9358,11.25372,38.95,FALSE,-27.48
4329,BJ0202,1.9359,11.22659,40.43,FALSE,-27.48
4330,BJ0202,1.936,11.19946,40.43,FALSE,-27.48
4331,BJ0202,1.9361,11.17234,40.43,FALSE,-27.48
4332,BJ0202,1.9362,11.14521,40.43,FALSE,-27.48
4333,BJ0202,1.9363,11.11808,40.43,FALSE,-27.48
4334,BJ0202,1.9364,11.09095,40.43,FALSE,-27.48
4335,BJ0202,1.9365,11.06383,40.43,FALSE,-27.48
4336,BJ0202,1.93659,11.0367,40.43,FALSE,-27.48
4337,BJ0202,1.93669,11.00957,40.43,FALSE,-27.48
4338,BJ0202,1.93679,10.98245,40.43,FALSE,-27.48
4339,BJ0202,1.93689,10.95532,38.95,FALSE,-27.48
4340,BJ0202,1.93698,10.92819,40.43,FALSE,-27.48
4341,BJ0202,1.93708,10.90106,40.43,FALSE,-27.48
4342,BJ0202,1.93717,10.87394,40.43,FALSE,-27.48
4343,BJ0202,1.93727,10.84681,40.43,FALSE,-27.48
4344,BJ0202,1.93737,10.81968,40.43,FALSE,-27.48
4345,BJ0202,1.93746,10.79255,40.43,FALSE,-27.48
4347,BJ0202,1.93756,10.76543,39.84,FALSE,-27.48
4350,BJ0202,1.93775,10.71117,40.43,FALSE,-27.48
4352,BJ0202,1.93784,10.68404,40.43,FALSE,-27.48
4354,BJ0202,1.93793,10.65691,33.72,FALSE,-27.48
4356,BJ0202,1.93803,10.62979,30.36,FALSE,-27.48
4358,BJ0202,1.93812,10.60266,30.36,FALSE,-27.48
4359,BJ0202,1.93822,10.57553,30.36,FALSE,-27.48
4360,BJ0202,1.93831,10.548400000000001,38.95,FALSE,-27.48
4362,BJ0202,1.9384,10.52127,30.36,FALSE,-27.48
4549,BJ0202,1.9627,11.41658,38.95,FALSE,-27.48
4551,BJ0202,1.9628,11.38945,40.43,FALSE,-27.48
4552,BJ0202,1.9629,11.36232,40.43,FALSE,-27.48
4553,BJ0202,1.96299,11.3352,40.43,FALSE,-27.48
4554,BJ0202,1.96309,11.30807,38.95,FALSE,-27.48
4555,BJ0202,1.96319,11.28094,40.43,FALSE,-27.48
4556,BJ0202,1.96329,11.25381,40.43,FALSE,-27.48
4557,BJ0202,1.96338,11.22669,40.43,FALSE,-27.48
4558,BJ0202,1.96348,11.19956,40.43,FALSE,-27.48
4559,BJ0202,1.96358,11.17243,40.43,FALSE,-27.48
4560,BJ0202,1.96367,11.14531,40.43,FALSE,-27.48
4561,BJ0202,1.96377,11.11818,40.43,FALSE,-27.48
4562,BJ0202,1.96386,11.09105,40.43,FALSE,-27.48
4563,BJ0202,1.96396,11.06392,40.43,FALSE,-27.48
4564,BJ0202,1.96405,11.0368,40.43,FALSE,-27.48
4565,BJ0202,1.96415,11.00967,40.43,FALSE,-27.48
4566,BJ0202,1.96424,10.98254,38.95,FALSE,-27.48
4567,BJ0202,1.96434,10.95541,40.43,FALSE,-27.48
4568,BJ0202,1.96443,10.92829,38.95,FALSE,-27.48
4569,BJ0202,1.96453,10.90116,40.43,FALSE,-27.48
4570,BJ0202,1.96462,10.87403,40.43,FALSE,-27.48
4571,BJ0202,1.96471,10.8469,40.43,FALSE,-27.48
4572,BJ0202,1.96481,10.81977,40.43,FALSE,-27.48
4573,BJ0202,1.9649,10.79265,40.43,FALSE,-27.48
4575,BJ0202,1.96499,10.76552,40.43,FALSE,-27.48
4577,BJ0202,1.96508,10.73839,40.43,FALSE,-27.48
4579,BJ0202,1.96518,10.71126,40.43,FALSE,-27.48
4581,BJ0202,1.96527,10.68413,40.43,FALSE,-27.48
4582,BJ0202,1.96536,10.65701,37.92,FALSE,-27.48
4583,BJ0202,1.96545,10.62988,30.36,FALSE,-27.48
4584,BJ0202,1.96554,10.60275,35.4,FALSE,-27.48
4585,BJ0202,1.96563,10.57562,30.36,FALSE,-27.48
4586,BJ0202,1.96572,10.54849,30.36,FALSE,-27.48
4785,BJ0202,1.9902,11.41667,40.43,FALSE,-27.48
4786,BJ0202,1.99029,11.38954,40.43,FALSE,-27.48
4787,BJ0202,1.99039,11.36242,40.43,FALSE,-27.48
4788,BJ0202,1.99048,11.33529,40.43,FALSE,-27.48
4789,BJ0202,1.99058,11.30816,40.43,FALSE,-27.48
4790,BJ0202,1.99067,11.28104,40.43,FALSE,-27.48
4791,BJ0202,1.99077,11.25391,40.43,FALSE,-27.48
4792,BJ0202,1.99086,11.22678,40.43,FALSE,-27.48
4793,BJ0202,1.99095,11.19965,40.43,FALSE,-27.48
4794,BJ0202,1.99105,11.17253,40.43,FALSE,-27.48
4795,BJ0202,1.99114,11.1454,40.43,FALSE,-27.48
4796,BJ0202,1.99124,11.11827,40.43,FALSE,-27.48
4797,BJ0202,1.99133,11.09114,40.43,FALSE,-27.48
4798,BJ0202,1.99142,11.06402,40.43,FALSE,-27.48
4799,BJ0202,1.99151,11.03689,40.43,FALSE,-27.48
4800,BJ0202,1.99161,11.00976,40.43,FALSE,-27.48
4801,BJ0202,1.9917,10.98263,40.43,FALSE,-27.48
4802,BJ0202,1.99179,10.9555,38.95,FALSE,-27.48
4803,BJ0202,1.99188,10.92838,38.95,FALSE,-27.48
4804,BJ0202,1.99197,10.90125,40.43,FALSE,-27.48
4805,BJ0202,1.99207,10.87412,40.43,FALSE,-27.48
4806,BJ0202,1.99216,10.84699,40.43,FALSE,-27.48
4807,BJ0202,1.99225,10.81986,40.43,FALSE,-27.48
4808,BJ0202,1.99234,10.79274,40.43,FALSE,-27.48
4810,BJ0202,1.99243,10.76561,40.43,FALSE,-27.48
4812,BJ0202,1.99252,10.73848,40.43,FALSE,-27.48
4813,BJ0202,1.99261,10.71135,40.43,FALSE,-27.48
4814,BJ0202,1.9927,10.68422,40.43,FALSE,-27.48
4815,BJ0202,1.99279,10.6571,40.43,FALSE,-27.48
4816,BJ0202,1.99288,10.62997,30.36,FALSE,-27.48
4817,BJ0202,1.99296,10.60284,38.95,FALSE,-27.48
4818,BJ0202,1.99305,10.57571,38.95,FALSE,-27.48
4819,BJ0202,1.99314,10.54858,30.36,FALSE,-27.48
4821,BJ0202,1.99323,10.52145,32.04,FALSE,-27.48
5003,BJ0202,2.01769,11.41676,40.43,FALSE,-27.48
5005,BJ0202,2.01779,11.38964,40.43,FALSE,-27.48
5006,BJ0202,2.01788,11.36251,40.43,FALSE,-27.48
5007,BJ0202,2.01797,11.33538,40.43,FALSE,-27.48
5008,BJ0202,2.01806,11.30826,40.43,FALSE,-27.48
5009,BJ0202,2.01816,11.28113,40.43,FALSE,-27.48
5010,BJ0202,2.01825,11.254,40.43,FALSE,-27.48
5011,BJ0202,2.01834,11.22687,40.43,FALSE,-27.48
5012,BJ0202,2.01843,11.19975,40.43,FALSE,-27.48
5013,BJ0202,2.01852,11.17262,40.43,FALSE,-27.48
5014,BJ0202,2.01861,11.14549,40.43,FALSE,-27.48
5015,BJ0202,2.0187,11.11836,40.43,FALSE,-27.48
5016,BJ0202,2.01879,11.09123,40.43,FALSE,-27.48
5017,BJ0202,2.01889,11.06411,40.43,FALSE,-27.48
5018,BJ0202,2.01898,11.03698,40.43,FALSE,-27.48
5019,BJ0202,2.01907,11.00985,40.43,FALSE,-27.48
5020,BJ0202,2.01915,10.98272,38.95,FALSE,-27.48
5021,BJ0202,2.01924,10.95559,38.95,FALSE,-27.48
5022,BJ0202,2.01933,10.92847,38.95,FALSE,-27.48
5023,BJ0202,2.01942,10.90134,38.95,FALSE,-27.48
5024,BJ0202,2.01951,10.87421,40.43,FALSE,-27.48
5025,BJ0202,2.0196,10.84708,40.43,FALSE,-27.48
5026,BJ0202,2.01969,10.81995,39.43,FALSE,-27.48
5027,BJ0202,2.01978,10.79282,40.43,FALSE,-27.48
5028,BJ0202,2.01986,10.7657,40.43,FALSE,-27.48
5029,BJ0202,2.01995,10.73857,40.43,FALSE,-27.48
5030,BJ0202,2.02004,10.71144,33.72,FALSE,-27.48
5031,BJ0202,2.02013,10.68431,37.92,FALSE,-27.48
5032,BJ0202,2.02021,10.65718,33.72,FALSE,-27.48
5033,BJ0202,2.0203,10.63005,30.36,FALSE,-27.48
5034,BJ0202,2.02039,10.60293,38.95,FALSE,-27.48
5035,BJ0202,2.02047,10.5758,40.43,FALSE,-27.48
5036,BJ0202,2.02056,10.54867,32.88,FALSE,-27.48
5037,BJ0202,2.02064,10.52154,30.36,FALSE,-27.48
5230,BJ0202,2.04528,11.38973,40.43,FALSE,-27.48
5232,BJ0202,2.04537,11.3626,40.43,FALSE,-27.48
5234,BJ0202,2.04546,11.33547,40.43,FALSE,-27.48
5235,BJ0202,2.04555,11.30835,40.43,FALSE,-27.48
5236,BJ0202,2.04564,11.28122,40.43,FALSE,-27.48
5237,BJ0202,2.04573,11.25409,40.43,FALSE,-27.48
5238,BJ0202,2.04582,11.22696,40.43,FALSE,-27.48
5239,BJ0202,2.04591,11.19983,40.43,FALSE,-27.48
5240,BJ0202,2.046,11.17271,40.43,FALSE,-27.48
5241,BJ0202,2.04608,11.14558,40.43,FALSE,-27.48
5242,BJ0202,2.04617,11.11845,40.43,FALSE,-27.48
5243,BJ0202,2.04626,11.09132,40.43,FALSE,-27.48
5244,BJ0202,2.04635,11.06419,40.43,FALSE,-27.48
5245,BJ0202,2.04644,11.03707,40.43,FALSE,-27.48
5246,BJ0202,2.04652,11.00994,40.43,FALSE,-27.48
5247,BJ0202,2.04661,10.98281,38.95,FALSE,-27.48
5248,BJ0202,2.0467,10.95568,38.95,FALSE,-27.48
5249,BJ0202,2.04678,10.92855,38.95,FALSE,-27.48
5250,BJ0202,2.04687,10.90142,40.43,FALSE,-27.48
5251,BJ0202,2.04696,10.8743,40.43,FALSE,-27.48
5252,BJ0202,2.04704,10.84717,40.43,FALSE,-27.48
5253,BJ0202,2.04713,10.82004,40.43,FALSE,-27.48
5254,BJ0202,2.04721,10.79291,40.43,FALSE,-27.48
5255,BJ0202,2.0473,10.76578,40.43,FALSE,-27.48
5256,BJ0202,2.04738,10.73865,40.43,FALSE,-27.48
5257,BJ0202,2.04747,10.71152,40.43,FALSE,-27.48
5258,BJ0202,2.04755,10.6844,40.43,FALSE,-27.48
5259,BJ0202,2.04764,10.65727,38.95,FALSE,-27.48
5260,BJ0202,2.04772,10.63014,38.95,FALSE,-27.48
5261,BJ0202,2.04781,10.60301,38.95,FALSE,-27.48
5262,BJ0202,2.04789,10.57588,34.68,FALSE,-27.48
5263,BJ0202,2.04797,10.54875,30.36,FALSE,-27.48
5264,BJ0202,2.04806,10.52162,30.36,FALSE,-27.48
5465,BJ0202,2.07295,11.33556,40.43,FALSE,-27.48
5467,BJ0202,2.07304,11.30843,40.43,FALSE,-27.48
5469,BJ0202,2.07312,11.2813,40.43,FALSE,-27.48
5470,BJ0202,2.07321,11.25418,40.43,FALSE,-27.48
5471,BJ0202,2.0733,11.22705,40.43,FALSE,-27.48
5472,BJ0202,2.07338,11.19992,40.43,FALSE,-27.48
5473,BJ0202,2.07347,11.172790000000001,40.43,FALSE,-27.48
5474,BJ0202,2.07356,11.14566,40.43,FALSE,-27.48
5475,BJ0202,2.07364,11.11854,40.43,FALSE,-27.48
5476,BJ0202,2.07373,11.09141,38.95,FALSE,-27.48
5477,BJ0202,2.07381,11.06428,40.43,FALSE,-27.48
5478,BJ0202,2.0739,11.03715,40.43,FALSE,-27.48
5479,BJ0202,2.07398,11.01002,40.43,FALSE,-27.48
5480,BJ0202,2.07407,10.98289,40.43,FALSE,-27.48
5481,BJ0202,2.07415,10.95577,40.43,FALSE,-27.48
5482,BJ0202,2.07424,10.92864,40.43,FALSE,-27.48
5483,BJ0202,2.07432,10.90151,40.43,FALSE,-27.48
5484,BJ0202,2.0744,10.87438,40.43,FALSE,-27.48
5485,BJ0202,2.07449,10.84725,40.43,FALSE,-27.48
5486,BJ0202,2.07457,10.82012,40.43,FALSE,-27.48
5487,BJ0202,2.07465,10.79299,40.43,FALSE,-27.48
5488,BJ0202,2.07474,10.76587,40.43,FALSE,-27.48
5489,BJ0202,2.07482,10.73874,40.43,FALSE,-27.48
5490,BJ0202,2.0749,10.71161,38.95,FALSE,-27.48
5491,BJ0202,2.07498,10.68448,40.43,FALSE,-27.48
5492,BJ0202,2.07507,10.65735,38.95,FALSE,-27.48
5493,BJ0202,2.07515,10.63022,38.95,FALSE,-27.48
5494,BJ0202,2.07523,10.60309,33.72,FALSE,-27.48
5495,BJ0202,2.07531,10.57596,35.4,FALSE,-27.48
5496,BJ0202,2.07539,10.54883,40.43,FALSE,-27.48
5497,BJ0202,2.07547,10.5217,30.36,FALSE,-27.48
5716,BJ0202,2.10061,11.28139,40.43,FALSE,-27.48
5718,BJ0202,2.10069,11.25426,40.43,FALSE,-27.48
5720,BJ0202,2.10078,11.22713,40.43,FALSE,-27.48
5722,BJ0202,2.10086,11.2,40.43,FALSE,-27.48
5723,BJ0202,2.10094,11.17288,40.43,FALSE,-27.48
5724,BJ0202,2.10103,11.14575,40.43,FALSE,-27.48
5725,BJ0202,2.10111,11.11862,40.43,FALSE,-27.48
5726,BJ0202,2.10119,11.09149,40.43,FALSE,-27.48
5727,BJ0202,2.10128,11.06436,40.43,FALSE,-27.48
5728,BJ0202,2.10136,11.03723,40.43,FALSE,-27.48
5729,BJ0202,2.10144,11.01011,40.43,FALSE,-27.48
5730,BJ0202,2.10152,10.98298,40.43,FALSE,-27.48
5731,BJ0202,2.10161,10.95585,40.43,FALSE,-27.48
5732,BJ0202,2.10169,10.92872,40.43,FALSE,-27.48
5733,BJ0202,2.10177,10.90159,40.43,FALSE,-27.48
5734,BJ0202,2.10185,10.87446,40.43,FALSE,-27.48
5735,BJ0202,2.10193,10.84733,40.43,FALSE,-27.48
5736,BJ0202,2.10201,10.8202,40.43,FALSE,-27.48
5737,BJ0202,2.10209,10.79307,40.43,FALSE,-27.48
5738,BJ0202,2.10217,10.76595,40.43,FALSE,-27.48
5739,BJ0202,2.10225,10.73882,40.43,FALSE,-27.48
5740,BJ0202,2.10233,10.71169,38.95,FALSE,-27.48
5741,BJ0202,2.10241,10.68456,40.43,FALSE,-27.48
5742,BJ0202,2.10249,10.65743,38.95,FALSE,-27.48
5743,BJ0202,2.10257,10.6303,38.95,FALSE,-27.48
5744,BJ0202,2.10265,10.60317,30.36,FALSE,-27.48
5745,BJ0202,2.10273,10.57604,38.95,FALSE,-27.48
5746,BJ0202,2.10281,10.54891,30.36,FALSE,-27.48
5747,BJ0202,2.10289,10.52178,31.8,FALSE,-27.48
5970,BJ0202,2.12834,11.20009,40.43,FALSE,-27.48
5972,BJ0202,2.12842,11.17296,40.43,FALSE,-27.48
5974,BJ0202,2.1285,11.14583,40.43,FALSE,-27.48
5975,BJ0202,2.12858,11.1187,40.43,FALSE,-27.48
5976,BJ0202,2.12866,11.09157,40.43,FALSE,-27.48
5977,BJ0202,2.12874,11.06444,40.43,FALSE,-27.48
5978,BJ0202,2.12882,11.03731,40.43,FALSE,-27.48
5979,BJ0202,2.1289,11.01019,40.43,FALSE,-27.48
5980,BJ0202,2.12898,10.98306,40.43,FALSE,-27.48
5981,BJ0202,2.12906,10.95593,40.43,FALSE,-27.48
5982,BJ0202,2.12914,10.9288,40.43,FALSE,-27.48
5983,BJ0202,2.12922,10.90167,40.43,FALSE,-27.48
5984,BJ0202,2.1293,10.87454,40.43,FALSE,-27.48
5985,BJ0202,2.12938,10.84741,40.43,FALSE,-27.48
5986,BJ0202,2.12945,10.82028,40.43,FALSE,-27.48
5987,BJ0202,2.12953,10.79315,40.43,FALSE,-27.48
5988,BJ0202,2.12961,10.76602,40.43,FALSE,-27.48
5989,BJ0202,2.12969,10.73889,40.43,FALSE,-27.48
5990,BJ0202,2.12976,10.71177,40.43,FALSE,-27.48
5991,BJ0202,2.12984,10.68464,38.95,FALSE,-27.48
5992,BJ0202,2.12992,10.65751,38.95,FALSE,-27.48
5993,BJ0202,2.13,10.63038,33.72,FALSE,-27.48
5994,BJ0202,2.13007,10.60325,38.95,FALSE,-27.48
5995,BJ0202,2.13015,10.57612,30.36,FALSE,-27.48
5996,BJ0202,2.13023,10.54899,30.36,FALSE,-27.48
5997,BJ0202,2.1303,10.52186,30.36,FALSE,-27.48
6205,BJ0202,2.15597,11.14591,40.43,FALSE,-27.48
6207,BJ0202,2.15605,11.11878,40.43,FALSE,-27.48
6209,BJ0202,2.15613,11.09165,40.43,FALSE,-27.48
6210,BJ0202,2.1562,11.06452,40.43,FALSE,-27.48
6211,BJ0202,2.15628,11.03739,40.43,FALSE,-27.48
6212,BJ0202,2.15636,11.01026,40.43,FALSE,-27.48
6213,BJ0202,2.15644,10.98313,40.43,FALSE,-27.48
6214,BJ0202,2.15651,10.956,40.43,FALSE,-27.48
6215,BJ0202,2.15659,10.92888,40.43,FALSE,-27.48
6216,BJ0202,2.15667,10.90175,40.43,FALSE,-27.48
6217,BJ0202,2.15674,10.87462,40.43,FALSE,-27.48
6218,BJ0202,2.15682,10.84749,40.43,FALSE,-27.48
6219,BJ0202,2.1569,10.82036,40.43,FALSE,-27.48
6220,BJ0202,2.15697,10.79323,40.43,FALSE,-27.48
6221,BJ0202,2.15705,10.7661,40.43,FALSE,-27.48
6222,BJ0202,2.15712,10.73897,38.95,FALSE,-27.48
6223,BJ0202,2.1572,10.71184,38.95,FALSE,-27.48
6224,BJ0202,2.15727,10.68471,38.95,FALSE,-27.48
6225,BJ0202,2.15735,10.65758,38.95,FALSE,-27.48
6226,BJ0202,2.15742,10.63045,38.95,FALSE,-27.48
6227,BJ0202,2.1575,10.60332,30.36,FALSE,-27.48
6228,BJ0202,2.15757,10.57619,30.36,FALSE,-27.48
6229,BJ0202,2.15764,10.54906,30.36,FALSE,-27.48
6230,BJ0202,2.15772,10.52193,38.95,FALSE,-27.48
6442,BJ0202,2.18359,11.09173,40.43,FALSE,-27.48
6444,BJ0202,2.1836700000000002,11.0646,40.43,FALSE,-27.48
6446,BJ0202,2.18374,11.03747,40.43,FALSE,-27.48
6448,BJ0202,2.18382,11.01034,40.43,FALSE,-27.48
6449,BJ0202,2.18389,10.98321,40.43,FALSE,-27.48
6450,BJ0202,2.18397,10.95608,40.43,FALSE,-27.48
6451,BJ0202,2.18404,10.92895,40.43,FALSE,-27.48
6452,BJ0202,2.18412,10.90182,40.43,FALSE,-27.48
6453,BJ0202,2.18419,10.87469,40.43,FALSE,-27.48
6454,BJ0202,2.18426,10.84756,38.95,FALSE,-27.48
6455,BJ0202,2.18434,10.82043,40.43,FALSE,-27.48
6456,BJ0202,2.18441,10.7933,38.95,FALSE,-27.48
6457,BJ0202,2.18448,10.76617,38.95,FALSE,-27.48
6458,BJ0202,2.18456,10.73904,38.95,FALSE,-27.48
6459,BJ0202,2.18463,10.71191,38.95,FALSE,-27.48
6460,BJ0202,2.1847,10.68478,38.95,FALSE,-27.48
6461,BJ0202,2.18477,10.65765,38.95,FALSE,-27.48
6462,BJ0202,2.18485,10.63052,38.95,FALSE,-27.48
6463,BJ0202,2.18492,10.60339,30.36,FALSE,-27.48
6464,BJ0202,2.18499,10.57626,30.36,FALSE,-27.48
6465,BJ0202,2.18506,10.54913,30.36,FALSE,-27.48
6467,BJ0202,2.18513,10.522,30.36,FALSE,-27.48
6688,BJ0202,2.21128,11.01041,40.43,FALSE,-27.48
6689,BJ0202,2.21135,10.98328,40.43,FALSE,-27.48
6690,BJ0202,2.21142,10.95615,40.43,FALSE,-27.48
6691,BJ0202,2.21149,10.92902,40.43,FALSE,-27.48
6692,BJ0202,2.21157,10.90189,38.95,FALSE,-27.48
6693,BJ0202,2.21164,10.87476,38.95,FALSE,-27.48
6694,BJ0202,2.21171,10.84763,38.95,FALSE,-27.48
6695,BJ0202,2.21178,10.8205,38.95,FALSE,-27.48
6696,BJ0202,2.21185,10.79337,38.95,FALSE,-27.48
6697,BJ0202,2.21192,10.76624,38.95,FALSE,-27.48
6698,BJ0202,2.21199,10.73911,38.95,FALSE,-27.48
6699,BJ0202,2.21206,10.71198,40.43,FALSE,-27.48
6700,BJ0202,2.21213,10.68485,38.95,FALSE,-27.48
6701,BJ0202,2.2122,10.65772,38.95,FALSE,-27.48
6702,BJ0202,2.21227,10.63059,38.95,FALSE,-27.48
6703,BJ0202,2.21234,10.60346,30.36,FALSE,-27.48
6704,BJ0202,2.21241,10.57633,30.36,FALSE,-27.48
6705,BJ0202,2.21248,10.5492,33.72,FALSE,-27.48
6942,BJ0202,2.23874,11.01048,40.43,FALSE,-27.48
6944,BJ0202,2.23881,10.98335,40.43,FALSE,-27.48
6945,BJ0202,2.23888,10.95622,40.43,FALSE,-27.48
6946,BJ0202,2.23895,10.92909,38.95,FALSE,-27.48
6947,BJ0202,2.23902,10.90196,38.95,FALSE,-27.48
6949,BJ0202,2.23909,10.87483,38.95,FALSE,-27.48
6951,BJ0202,2.23915,10.8477,38.95,FALSE,-27.48
6953,BJ0202,2.23922,10.82057,38.95,FALSE,-27.48
6955,BJ0202,2.23929,10.79344,38.95,FALSE,-27.48
6957,BJ0202,2.23936,10.76631,38.95,FALSE,-27.48
6959,BJ0202,2.23943,10.73918,38.95,FALSE,-27.48
6961,BJ0202,2.23949,10.71205,38.95,FALSE,-27.48
6963,BJ0202,2.23956,10.68492,38.95,FALSE,-27.48
6965,BJ0202,2.23963,10.65779,38.95,FALSE,-27.48
6967,BJ0202,2.2397,10.63066,38.95,FALSE,-27.48
6969,BJ0202,2.23976,10.60353,30.36,FALSE,-27.48
6971,BJ0202,2.23983,10.5764,38.95,FALSE,-27.48
6973,BJ0202,2.2399,10.54927,40.43,FALSE,-27.48
7196,BJ0202,2.26627,10.98342,38.95,FALSE,-27.48
7197,BJ0202,2.26633,10.95629,38.95,FALSE,-27.48
7198,BJ0202,2.2664,10.92916,38.95,FALSE,-27.48
7200,BJ0202,2.26647,10.90203,38.95,FALSE,-27.48
7202,BJ0202,2.26653,10.8749,38.95,FALSE,-27.48
7425,BJ0202,2.29372,10.98348,40.43,FALSE,-27.48
7427,BJ0202,2.29379,10.95635,38.95,FALSE,-27.48
7429,BJ0202,2.29385,10.92922,38.95,FALSE,-27.48
7431,BJ0202,2.29392,10.90209,38.95,FALSE,-27.48
7661,BJ0202,2.32124,10.95642,38.95,FALSE,-27.48
7663,BJ0202,2.32131,10.92929,38.95,FALSE,-27.48
7907,BJ0202,2.3487,10.956480000000001,38.95,FALSE,-27.48
3,BJ0203,0.78695,10.56956,77.66,FALSE,9.742
4,BJ0203,0.78715,10.54244,77.66,FALSE,9.742
5,BJ0203,0.78734,10.51533,77.66,FALSE,9.742
6,BJ0203,0.78753,10.48822,77.66,FALSE,9.742
7,BJ0203,0.78772,10.46111,77.66,FALSE,9.742
8,BJ0203,0.78792,10.43399,77.66,FALSE,9.742
9,BJ0203,0.78811,10.40688,77.66,FALSE,9.742
10,BJ0203,0.7883,10.37977,77.66,FALSE,9.742
11,BJ0203,0.78849,10.35265,77.66,FALSE,9.742
16,BJ0203,0.81378,10.65108,77.66,FALSE,9.742
18,BJ0203,0.81397,10.62397,77.66,FALSE,9.742
19,BJ0203,0.81416,10.59686,77.66,FALSE,9.742
20,BJ0203,0.81435,10.56975,77.66,FALSE,9.742
21,BJ0203,0.81455,10.54263,77.66,FALSE,9.742
22,BJ0203,0.81474,10.51552,77.66,FALSE,9.742
23,BJ0203,0.81493,10.48841,77.66,FALSE,9.742
24,BJ0203,0.81512,10.46129,77.66,FALSE,9.742
25,BJ0203,0.81531,10.43418,77.66,FALSE,9.742
26,BJ0203,0.8155,10.40707,77.66,FALSE,9.742
27,BJ0203,0.81568,10.37995,77.66,FALSE,9.742
28,BJ0203,0.81587,10.35284,77.66,FALSE,9.742
34,BJ0203,0.84119,10.65128,77.66,FALSE,9.742
36,BJ0203,0.84138,10.62416,77.66,FALSE,9.742
37,BJ0203,0.84157,10.59705,77.66,FALSE,9.742
38,BJ0203,0.84176,10.56994,77.66,FALSE,9.742
39,BJ0203,0.84195,10.54282,77.66,FALSE,9.742
40,BJ0203,0.84213,10.51571,77.66,FALSE,9.742
41,BJ0203,0.84232,10.48859,77.66,FALSE,9.742
42,BJ0203,0.84251,10.46148,77.66,FALSE,9.742
43,BJ0203,0.8427,10.43437,77.66,FALSE,9.742
44,BJ0203,0.84288,10.40725,77.66,FALSE,9.742
45,BJ0203,0.84307,10.38014,77.66,FALSE,9.742
46,BJ0203,0.84326,10.35303,77.66,FALSE,9.742
47,BJ0203,0.84344,10.32591,77.66,FALSE,9.742
55,BJ0203,0.8686,10.65146,77.66,FALSE,9.742
57,BJ0203,0.86878,10.62435,77.66,FALSE,9.742
58,BJ0203,0.86897,10.59724,77.66,FALSE,9.742
59,BJ0203,0.86916,10.57012,77.66,FALSE,9.742
60,BJ0203,0.86935,10.54301,77.66,FALSE,9.742
61,BJ0203,0.86953,10.51589,77.66,FALSE,9.742
62,BJ0203,0.86972,10.48878,77.66,FALSE,9.742
63,BJ0203,0.8699,10.46167,77.66,FALSE,9.742
64,BJ0203,0.87009,10.43455,77.66,FALSE,9.742
65,BJ0203,0.87027,10.40744,77.66,FALSE,9.742
66,BJ0203,0.87046,10.38032,77.66,FALSE,9.742
67,BJ0203,0.87064,10.35321,77.66,FALSE,9.742
68,BJ0203,0.87082,10.32609,77.66,FALSE,9.742
69,BJ0203,0.871,10.29898,77.66,FALSE,9.742
82,BJ0203,0.89601,10.65165,77.66,FALSE,9.742
84,BJ0203,0.89619,10.62453,77.66,FALSE,9.742
86,BJ0203,0.89638,10.59742,77.66,FALSE,9.742
87,BJ0203,0.89656,10.57031,77.66,FALSE,9.742
88,BJ0203,0.89675,10.54319,77.66,FALSE,9.742
89,BJ0203,0.89693,10.51608,77.66,FALSE,9.742
90,BJ0203,0.89712,10.48896,77.66,FALSE,9.742
91,BJ0203,0.8973,10.46185,77.66,FALSE,9.742
92,BJ0203,0.89748000000000006,10.43473,77.66,FALSE,9.742
93,BJ0203,0.89766,10.40762,77.66,FALSE,9.742
94,BJ0203,0.89784,10.3805,77.66,FALSE,9.742
95,BJ0203,0.89802,10.35339,77.66,FALSE,9.742
96,BJ0203,0.89821,10.32627,77.66,FALSE,9.742
97,BJ0203,0.89838,10.29916,77.66,FALSE,9.742
115,BJ0203,0.9236,10.62472,77.66,FALSE,9.742
117,BJ0203,0.92379,10.5976,77.66,FALSE,9.742
119,BJ0203,0.92397,10.57049,77.66,FALSE,9.742
120,BJ0203,0.92415,10.54337,77.66,FALSE,9.742
121,BJ0203,0.92433,10.51626,77.66,FALSE,9.742
122,BJ0203,0.92451,10.48914,77.66,FALSE,9.742
123,BJ0203,0.92469,10.46203,77.66,FALSE,9.742
124,BJ0203,0.92487,10.43491,77.66,FALSE,9.742
125,BJ0203,0.92505,10.4078,77.66,FALSE,9.742
126,BJ0203,0.92523,10.38068,77.66,FALSE,9.742
127,BJ0203,0.92541,10.35357,77.66,FALSE,9.742
128,BJ0203,0.92559,10.32645,77.66,FALSE,9.742
129,BJ0203,0.92577,10.29934,77.66,FALSE,9.742
149,BJ0203,0.95119,10.59778,77.66,FALSE,9.742
151,BJ0203,0.95137,10.57067,77.66,FALSE,9.742
153,BJ0203,0.95155,10.54355,77.66,FALSE,9.742
154,BJ0203,0.95173,10.51644,77.66,FALSE,9.742
155,BJ0203,0.95191,10.48932,77.66,FALSE,9.742
156,BJ0203,0.95209,10.4622,77.66,FALSE,9.742
157,BJ0203,0.95227,10.43509,77.66,FALSE,9.742
158,BJ0203,0.95244,10.40797,77.66,FALSE,9.742
159,BJ0203,0.95262,10.38086,77.66,FALSE,9.742
160,BJ0203,0.9528,10.35374,77.66,FALSE,9.742
161,BJ0203,0.95297,10.32663,77.66,FALSE,9.742
163,BJ0203,0.95315,10.29951,77.66,FALSE,9.742
186,BJ0203,0.97878,10.57084,77.66,FALSE,9.742
188,BJ0203,0.97895,10.54373,77.66,FALSE,9.742
189,BJ0203,0.97913,10.51661,77.66,FALSE,9.742
190,BJ0203,0.97931,10.4895,77.66,FALSE,9.742
191,BJ0203,0.97948,10.46238,77.66,FALSE,9.742
192,BJ0203,0.97966,10.43526,77.66,FALSE,9.742
193,BJ0203,0.97983,10.40815,77.66,FALSE,9.742
194,BJ0203,0.98001,10.38103,77.66,FALSE,9.742
196,BJ0203,0.98018,10.35391,77.66,FALSE,9.742
198,BJ0203,0.98036,10.3268,77.66,FALSE,9.742
223,BJ0203,1.00618,10.57102,77.66,FALSE,9.742
225,BJ0203,1.00636,10.5439,77.66,FALSE,9.742
227,BJ0203,1.00653,10.51678,77.66,FALSE,9.742
228,BJ0203,1.00671,10.48967,77.66,FALSE,9.742
229,BJ0203,1.00688,10.46255,77.66,FALSE,9.742
230,BJ0203,1.00705,10.43544,77.66,FALSE,9.742
232,BJ0203,1.00722,10.40832,77.66,FALSE,9.742
234,BJ0203,1.0074,10.3812,77.66,FALSE,9.742
263,BJ0203,1.03376,10.54407,77.66,FALSE,9.742
266,BJ0203,1.03393,10.51696,77.66,FALSE,9.742
269,BJ0203,1.03411,10.48984,77.66,FALSE,9.742
270,BJ0203,1.03428,10.46272,77.66,FALSE,9.742
271,BJ0203,1.03445,10.4356,77.66,FALSE,9.742
306,BJ0203,1.06134,10.51712,77.66,FALSE,9.742
308,BJ0203,1.0615,10.49001,77.66,FALSE,9.742
310,BJ0203,1.06167,10.46289,77.66,FALSE,9.742
311,BJ0203,1.06184,10.43577,77.66,FALSE,9.742
349,BJ0203,1.0889,10.49017,77.66,FALSE,9.742
351,BJ0203,1.08907,10.46306,77.66,FALSE,9.742
353,BJ0203,1.08924,10.43594,77.66,FALSE,9.742
912,BJ0204,1.3653,10.03063,50.01,FALSE,-17.905
915,BJ0204,1.36543,10.0035,50.01,FALSE,-17.905
992,BJ0204,1.39266,10.03076,50.01,FALSE,-17.905
994,BJ0204,1.39279,10.00364,50.01,FALSE,-17.905
998,BJ0204,1.39293,9.97651,50.01,FALSE,-17.905
1083,BJ0204,1.42003,10.03089,50.01,FALSE,-17.905
1085,BJ0204,1.42016,10.00377,50.01,FALSE,-17.905
1086,BJ0204,1.42029,9.97664,50.01,FALSE,-17.905
1176,BJ0204,1.44739,10.03102,50.01,FALSE,-17.905
1178,BJ0204,1.44752,10.0039,50.01,FALSE,-17.905
1179,BJ0204,1.44765,9.97677,50.01,FALSE,-17.905
1269,BJ0204,1.47476,10.03115,50.01,FALSE,-17.905
1271,BJ0204,1.47488,10.00402,50.01,FALSE,-17.905
1272,BJ0204,1.47501,9.9769,50.01,FALSE,-17.905
1367,BJ0204,1.502,10.0584,50.01,FALSE,-17.905
1369,BJ0204,1.50212,10.03127,50.01,FALSE,-17.905
1371,BJ0204,1.50225,10.00415,50.01,FALSE,-17.905
1372,BJ0204,1.50237,9.97702,50.01,FALSE,-17.905
1374,BJ0204,1.5025,9.9499,50.01,FALSE,-17.905
1465,BJ0204,1.52925,10.08564,50.01,FALSE,-17.905
1467,BJ0204,1.52937,10.05852,50.01,FALSE,-17.905
1469,BJ0204,1.52949,10.03139,50.01,FALSE,-17.905
1470,BJ0204,1.52961,10.00427,50.01,FALSE,-17.905
1471,BJ0204,1.52974,9.97714,50.01,FALSE,-17.905
1472,BJ0204,1.52986,9.95002,50.01,FALSE,-17.905
1534,BJ0204,1.5532300000000001,10.81812,50.01,FALSE,-17.905
1536,BJ0204,1.55336,10.791,50.01,FALSE,-17.905
1538,BJ0204,1.55349,10.76387,47.55,FALSE,-17.905
1540,BJ0204,1.55362,10.73675,50.01,FALSE,-17.905
1557,BJ0204,1.55539,10.35701,50.01,FALSE,-17.905
1559,BJ0204,1.55552,10.32989,50.01,FALSE,-17.905
1561,BJ0204,1.55564,10.30276,50.01,FALSE,-17.905
1563,BJ0204,1.55576,10.27564,50.01,FALSE,-17.905
1565,BJ0204,1.55589,10.24851,49.8,FALSE,-17.905
1567,BJ0204,1.55601,10.22139,50.01,FALSE,-17.905
1569,BJ0204,1.55613,10.19426,50.01,FALSE,-17.905
1571,BJ0204,1.55625,10.16714,50.01,FALSE,-17.905
1573,BJ0204,1.55637,10.14001,50.01,FALSE,-17.905
1575,BJ0204,1.5565,10.11289,50.01,FALSE,-17.905
1577,BJ0204,1.55662,10.08576,50.01,FALSE,-17.905
1579,BJ0204,1.55674,10.05864,50.01,FALSE,-17.905
1580,BJ0204,1.55686,10.03151,50.01,FALSE,-17.905
1581,BJ0204,1.55698,10.00439,50.01,FALSE,-17.905
1582,BJ0204,1.5571,9.97726,50.01,FALSE,-17.905
1583,BJ0204,1.55722,9.95014,50.01,FALSE,-17.905
1650,BJ0204,1.58041,10.87249,47.55,FALSE,-17.905
1652,BJ0204,1.58054,10.84537,47.55,FALSE,-17.905
1654,BJ0204,1.58067,10.81825,50.01,FALSE,-17.905
1656,BJ0204,1.58079,10.79112,50.01,FALSE,-17.905
1658,BJ0204,1.58092,10.764,47.55,FALSE,-17.905
1660,BJ0204,1.58105,10.73687,50.01,FALSE,-17.905
1662,BJ0204,1.58118,10.70975,47.55,FALSE,-17.905
1676,BJ0204,1.58267,10.38426,50.01,FALSE,-17.905
1678,BJ0204,1.58279,10.35713,50.01,FALSE,-17.905
1680,BJ0204,1.58291,10.33001,50.01,FALSE,-17.905
1681,BJ0204,1.58303,10.30288,50.01,FALSE,-17.905
1682,BJ0204,1.58315,10.27576,50.01,FALSE,-17.905
1683,BJ0204,1.58327,10.24863,50.01,FALSE,-17.905
1684,BJ0204,1.58339,10.22151,50.01,FALSE,-17.905
1685,BJ0204,1.58351,10.19438,50.01,FALSE,-17.905
1686,BJ0204,1.58363,10.16726,50.01,FALSE,-17.905
1687,BJ0204,1.58375,10.14013,50.01,FALSE,-17.905
1689,BJ0204,1.5838699999999999,10.11301,50.01,FALSE,-17.905
1691,BJ0204,1.58399,10.08588,50.01,FALSE,-17.905
1692,BJ0204,1.58411,10.05876,50.01,FALSE,-17.905
1693,BJ0204,1.58423,10.03163,50.01,FALSE,-17.905
1694,BJ0204,1.58434,10.00451,50.01,FALSE,-17.905
1695,BJ0204,1.58446,9.97738,50.01,FALSE,-17.905
1696,BJ0204,1.58458,9.95026,50.01,FALSE,-17.905
1773,BJ0204,1.60785,10.87262,47.55,FALSE,-17.905
1775,BJ0204,1.60798,10.8455,47.55,FALSE,-17.905
1776,BJ0204,1.6081,10.81837,47.55,FALSE,-17.905
1777,BJ0204,1.60823,10.79125,47.55,FALSE,-17.905
1778,BJ0204,1.60835,10.76412,50.01,FALSE,-17.905
1779,BJ0204,1.60848,10.737,50.01,FALSE,-17.905
1780,BJ0204,1.6086,10.70987,50.01,FALSE,-17.905
1782,BJ0204,1.60873,10.68275,47.55,FALSE,-17.905
1786,BJ0204,1.60909,10.60138,50.01,FALSE,-17.905
1788,BJ0204,1.60922,10.57425,50.01,FALSE,-17.905
1794,BJ0204,1.60982,10.43863,47.99,FALSE,-17.905
1797,BJ0204,1.60994,10.4115,49.74,FALSE,-17.905
1799,BJ0204,1.61006,10.38438,49.76,FALSE,-17.905
1801,BJ0204,1.61018,10.35725,50.01,FALSE,-17.905
1802,BJ0204,1.6103,10.33013,50.01,FALSE,-17.905
1803,BJ0204,1.61042,10.303,50.01,FALSE,-17.905
1804,BJ0204,1.61054,10.27588,50.01,FALSE,-17.905
1805,BJ0204,1.61066,10.24875,50.01,FALSE,-17.905
1806,BJ0204,1.61078,10.22163,50.01,FALSE,-17.905
1807,BJ0204,1.61089,10.1945,50.01,FALSE,-17.905
1808,BJ0204,1.61101,10.16738,50.01,FALSE,-17.905
1809,BJ0204,1.61113,10.14025,50.01,FALSE,-17.905
1810,BJ0204,1.61125,10.11312,50.01,FALSE,-17.905
1811,BJ0204,1.61136,10.086,50.01,FALSE,-17.905
1812,BJ0204,1.61148,10.05887,50.01,FALSE,-17.905
1813,BJ0204,1.61159,10.03175,50.01,FALSE,-17.905
1814,BJ0204,1.61171,10.00462,50.01,FALSE,-17.905
1815,BJ0204,1.61182,9.9775,50.01,FALSE,-17.905
1816,BJ0204,1.61194,9.95037,50.01,FALSE,-17.905
1926,BJ0204,1.63529,10.87274,47.55,FALSE,-17.905
1928,BJ0204,1.63542,10.84562,47.55,FALSE,-17.905
1929,BJ0204,1.63554,10.81849,50.01,FALSE,-17.905
1930,BJ0204,1.63566,10.79137,47.55,FALSE,-17.905
1931,BJ0204,1.63579,10.76425,47.55,FALSE,-17.905
1932,BJ0204,1.63591,10.737120000000001,50.01,FALSE,-17.905
1933,BJ0204,1.63603,10.71,50.01,FALSE,-17.905
1934,BJ0204,1.63615,10.68287,47.55,FALSE,-17.905
1936,BJ0204,1.63627,10.65575,39.94,FALSE,-17.905
1938,BJ0204,1.63639,10.62862,39.94,FALSE,-17.905
1940,BJ0204,1.63651,10.6015,39.94,FALSE,-17.905
1942,BJ0204,1.63663,10.57437,47.55,FALSE,-17.905
1944,BJ0204,1.63675,10.54725,39.94,FALSE,-17.905
1946,BJ0204,1.63687,10.52012,39.94,FALSE,-17.905
1948,BJ0204,1.63699,10.493,50.01,FALSE,-17.905
1950,BJ0204,1.63711,10.46587,50.01,FALSE,-17.905
1952,BJ0204,1.63723,10.43875,46.74,FALSE,-17.905
1954,BJ0204,1.63734,10.41162,50.01,FALSE,-17.905
1956,BJ0204,1.63746,10.38449,50.01,FALSE,-17.905
1957,BJ0204,1.63758,10.35737,50.01,FALSE,-17.905
1958,BJ0204,1.6377,10.33024,50.01,FALSE,-17.905
1959,BJ0204,1.63781,10.30312,50.01,FALSE,-17.905
1960,BJ0204,1.63793,10.27599,50.01,FALSE,-17.905
1961,BJ0204,1.63805,10.24887,50.01,FALSE,-17.905
1962,BJ0204,1.63816,10.22174,50.01,FALSE,-17.905
1963,BJ0204,1.63828,10.19462,50.01,FALSE,-17.905
1964,BJ0204,1.63839,10.16749,50.01,FALSE,-17.905
1965,BJ0204,1.63851,10.14036,50.01,FALSE,-17.905
1966,BJ0204,1.63862,10.11324,50.01,FALSE,-17.905
1967,BJ0204,1.63873,10.08611,50.01,FALSE,-17.905
1968,BJ0204,1.63885,10.05899,50.01,FALSE,-17.905
1969,BJ0204,1.63896,10.03186,50.01,FALSE,-17.905
1970,BJ0204,1.63907,10.00474,50.01,FALSE,-17.905
1971,BJ0204,1.63919,9.97761,50.01,FALSE,-17.905
1972,BJ0204,1.6393,9.95048,50.01,FALSE,-17.905
2132,BJ0204,1.66262,10.89999,47.55,FALSE,-17.905
2134,BJ0204,1.66274,10.87286,47.55,FALSE,-17.905
2136,BJ0204,1.66286,10.84574,47.55,FALSE,-17.905
2137,BJ0204,1.66298,10.81861,50.01,FALSE,-17.905
2138,BJ0204,1.6631,10.79149,50.01,FALSE,-17.905
2139,BJ0204,1.66322,10.76436,50.01,FALSE,-17.905
2140,BJ0204,1.66334,10.73724,50.01,FALSE,-17.905
2141,BJ0204,1.66346,10.71011,48.57,FALSE,-17.905
2142,BJ0204,1.66357,10.68299,39.94,FALSE,-17.905
2143,BJ0204,1.66369,10.65586,39.94,FALSE,-17.905
2144,BJ0204,1.66381,10.62874,39.94,FALSE,-17.905
2145,BJ0204,1.66393,10.60161,39.94,FALSE,-17.905
2146,BJ0204,1.66405,10.57449,39.94,FALSE,-17.905
2147,BJ0204,1.66416,10.54736,39.94,FALSE,-17.905
2148,BJ0204,1.66428,10.52024,48.33,FALSE,-17.905
2149,BJ0204,1.6644,10.49311,49.05,FALSE,-17.905
2150,BJ0204,1.66451,10.46599,50.01,FALSE,-17.905
2151,BJ0204,1.66463,10.43886,50.01,FALSE,-17.905
2152,BJ0204,1.66475,10.41174,50.01,FALSE,-17.905
2153,BJ0204,1.66486,10.38461,50.01,FALSE,-17.905
2154,BJ0204,1.66498,10.35748,50.01,FALSE,-17.905
2155,BJ0204,1.66509,10.33036,50.01,FALSE,-17.905
2156,BJ0204,1.6652,10.30323,50.01,FALSE,-17.905
2157,BJ0204,1.66532,10.27611,50.01,FALSE,-17.905
2158,BJ0204,1.66543,10.24898,50.01,FALSE,-17.905
2159,BJ0204,1.66555,10.22185,50.01,FALSE,-17.905
2160,BJ0204,1.66566,10.19473,50.01,FALSE,-17.905
2161,BJ0204,1.66577,10.1676,50.01,FALSE,-17.905
2162,BJ0204,1.66588,10.14048,50.01,FALSE,-17.905
2163,BJ0204,1.666,10.11335,50.01,FALSE,-17.905
2164,BJ0204,1.66611,10.08622,50.01,FALSE,-17.905
2165,BJ0204,1.66622,10.0591,50.01,FALSE,-17.905
2166,BJ0204,1.66633,10.03197,50.01,FALSE,-17.905
2167,BJ0204,1.66644,10.00485,50.01,FALSE,-17.905
2168,BJ0204,1.66655,9.97772,50.01,FALSE,-17.905
2170,BJ0204,1.66666,9.95059,50.01,FALSE,-17.905
2339,BJ0204,1.69006,10.90011,47.55,FALSE,-17.905
2341,BJ0204,1.69018,10.87298,50.01,FALSE,-17.905
2342,BJ0204,1.6903,10.84586,47.55,FALSE,-17.905
2343,BJ0204,1.69042,10.81873,47.55,FALSE,-17.905
2344,BJ0204,1.69053,10.79161,47.55,FALSE,-17.905
2345,BJ0204,1.69065,10.76448,41.95,FALSE,-17.905
2346,BJ0204,1.69077,10.73736,39.94,FALSE,-17.905
2347,BJ0204,1.69088,10.71023,40.95,FALSE,-17.905
2348,BJ0204,1.691,10.68311,39.94,FALSE,-17.905
2349,BJ0204,1.69112,10.65598,39.94,FALSE,-17.905
2350,BJ0204,1.69123,10.62885,39.94,FALSE,-17.905
2351,BJ0204,1.69135,10.60173,47.55,FALSE,-17.905
2352,BJ0204,1.69146,10.5746,43.97,FALSE,-17.905
2353,BJ0204,1.69158,10.54748,49.6,FALSE,-17.905
2354,BJ0204,1.69169,10.52035,50.01,FALSE,-17.905
2355,BJ0204,1.69181,10.49323,50.01,FALSE,-17.905
2356,BJ0204,1.69192,10.4661,50.01,FALSE,-17.905
2357,BJ0204,1.69203,10.43897,50.01,FALSE,-17.905
2358,BJ0204,1.69215,10.41185,50.01,FALSE,-17.905
2359,BJ0204,1.69226,10.38472,50.01,FALSE,-17.905
2360,BJ0204,1.69237,10.3576,50.72,FALSE,-17.905
2361,BJ0204,1.69248,10.33047,50.01,FALSE,-17.905
2362,BJ0204,1.6926,10.30334,50.01,FALSE,-17.905
2363,BJ0204,1.69271,10.27622,50.01,FALSE,-17.905
2364,BJ0204,1.69282,10.24909,50.01,FALSE,-17.905
2365,BJ0204,1.69293,10.22197,50.01,FALSE,-17.905
2366,BJ0204,1.69304,10.19484,50.01,FALSE,-17.905
2367,BJ0204,1.69315,10.16771,50.01,FALSE,-17.905
2368,BJ0204,1.69326,10.14059,50.01,FALSE,-17.905
2369,BJ0204,1.69337,10.11346,50.01,FALSE,-17.905
2370,BJ0204,1.69348,10.08633,50.01,FALSE,-17.905
2371,BJ0204,1.69359,10.05921,50.01,FALSE,-17.905
2372,BJ0204,1.6937,10.03208,50.01,FALSE,-17.905
2373,BJ0204,1.69381,10.00495,50.01,FALSE,-17.905
2375,BJ0204,1.69392,9.97783,50.01,FALSE,-17.905
2546,BJ0204,1.71762,10.8731,47.55,FALSE,-17.905
2547,BJ0204,1.71774,10.84597,39.94,FALSE,-17.905
2548,BJ0204,1.71785,10.81885,47.55,FALSE,-17.905
2549,BJ0204,1.71797,10.79172,42.46,FALSE,-17.905
2550,BJ0204,1.71808,10.7646,39.94,FALSE,-17.905
2551,BJ0204,1.7182,10.73747,39.94,FALSE,-17.905
2552,BJ0204,1.71831,10.71034,39.94,FALSE,-17.905
2553,BJ0204,1.71843,10.68322,39.94,FALSE,-17.905
2554,BJ0204,1.71854,10.65609,39.94,FALSE,-17.905
2555,BJ0204,1.71865,10.62897,39.94,FALSE,-17.905
2556,BJ0204,1.71877,10.60184,46.65,FALSE,-17.905
2557,BJ0204,1.71888,10.57472,49.7,FALSE,-17.905
2558,BJ0204,1.71899,10.54759,49.78,FALSE,-17.905
2559,BJ0204,1.7191,10.52046,50.01,FALSE,-17.905
2560,BJ0204,1.71921,10.49334,50.01,FALSE,-17.905
2561,BJ0204,1.71933,10.46621,50.01,FALSE,-17.905
2562,BJ0204,1.71944,10.43909,50.01,FALSE,-17.905
2563,BJ0204,1.71955,10.41196,50.01,FALSE,-17.905
2564,BJ0204,1.71966,10.38483,50.01,FALSE,-17.905
2565,BJ0204,1.71977,10.35771,50.01,FALSE,-17.905
2566,BJ0204,1.71988,10.33058,50.01,FALSE,-17.905
2567,BJ0204,1.71999,10.30345,50.01,FALSE,-17.905
2568,BJ0204,1.7201,10.27633,50.01,FALSE,-17.905
2569,BJ0204,1.72021,10.2492,50.01,FALSE,-17.905
2570,BJ0204,1.72032,10.22207,50.01,FALSE,-17.905
2571,BJ0204,1.72042,10.19495,50.01,FALSE,-17.905
2572,BJ0204,1.72053,10.16782,49.5,FALSE,-17.905
2573,BJ0204,1.72064,10.14069,50.01,FALSE,-17.905
2574,BJ0204,1.72075,10.11357,50.01,FALSE,-17.905
2575,BJ0204,1.72085,10.08644,49.43,FALSE,-17.905
2576,BJ0204,1.72096,10.05931,50.01,FALSE,-17.905
2577,BJ0204,1.72107,10.03219,50.01,FALSE,-17.905
2579,BJ0204,1.72117,10.00506,50.01,FALSE,-17.905
2760,BJ0204,1.74507,10.87321,47.55,FALSE,-17.905
2762,BJ0204,1.74518,10.84609,39.94,FALSE,-17.905
2763,BJ0204,1.74529,10.81896,39.94,FALSE,-17.905
2764,BJ0204,1.7454,10.79183,39.94,FALSE,-17.905
2765,BJ0204,1.74552,10.764709999999999,39.94,FALSE,-17.905
2766,BJ0204,1.74563,10.73758,40.33,FALSE,-17.905
2767,BJ0204,1.74574,10.71046,39.94,FALSE,-17.905
2768,BJ0204,1.74585,10.68333,39.94,FALSE,-17.905
2769,BJ0204,1.74596,10.6562,39.94,FALSE,-17.905
2770,BJ0204,1.74607,10.62908,47.55,FALSE,-17.905
2771,BJ0204,1.74618,10.60195,50.01,FALSE,-17.905
2772,BJ0204,1.74629,10.57483,50.01,FALSE,-17.905
2773,BJ0204,1.7464,10.5477,50.01,FALSE,-17.905
2774,BJ0204,1.74651,10.52057,50.01,FALSE,-17.905
2775,BJ0204,1.74662,10.49345,50.01,FALSE,-17.905
2776,BJ0204,1.74673,10.46632,50.01,FALSE,-17.905
2777,BJ0204,1.74684,10.43919,50.01,FALSE,-17.905
2778,BJ0204,1.74695,10.41207,50.01,FALSE,-17.905
2779,BJ0204,1.74706,10.38494,50.01,FALSE,-17.905
2780,BJ0204,1.74717,10.35781,50.01,FALSE,-17.905
2781,BJ0204,1.74727,10.33069,50.01,FALSE,-17.905
2782,BJ0204,1.74738,10.30356,50.01,FALSE,-17.905
2783,BJ0204,1.74749,10.27643,50.01,FALSE,-17.905
2784,BJ0204,1.74759,10.24931,48.93,FALSE,-17.905
2785,BJ0204,1.7477,10.22218,50.01,FALSE,-17.905
2786,BJ0204,1.74781,10.19505,50.01,FALSE,-17.905
2787,BJ0204,1.74791,10.16793,50.01,FALSE,-17.905
2788,BJ0204,1.74802,10.1408,47.55,FALSE,-17.905
2789,BJ0204,1.74812,10.11367,50.01,FALSE,-17.905
2790,BJ0204,1.74823,10.08655,47.49,FALSE,-17.905
2791,BJ0204,1.74833,10.05942,50.01,FALSE,-17.905
2792,BJ0204,1.74844,10.03229,50.01,FALSE,-17.905
2990,BJ0204,1.77262,10.8462,47.55,FALSE,-17.905
2991,BJ0204,1.77273,10.81907,39.94,FALSE,-17.905
2992,BJ0204,1.77284,10.79194,39.94,FALSE,-17.905
2993,BJ0204,1.77295,10.76482,39.94,FALSE,-17.905
2994,BJ0204,1.77306,10.73769,39.94,FALSE,-17.905
2995,BJ0204,1.77317,10.71057,39.94,FALSE,-17.905
2996,BJ0204,1.77328,10.68344,39.94,FALSE,-17.905
2997,BJ0204,1.77339,10.65631,39.94,FALSE,-17.905
2998,BJ0204,1.77349,10.62919,46.09,FALSE,-17.905
2999,BJ0204,1.7736,10.60206,50.01,FALSE,-17.905
3000,BJ0204,1.77371,10.57493,50.01,FALSE,-17.905
3001,BJ0204,1.77382,10.54781,50.01,FALSE,-17.905
3002,BJ0204,1.77393,10.52068,50.01,FALSE,-17.905
3003,BJ0204,1.77403,10.49355,46.65,FALSE,-17.905
3004,BJ0204,1.77414,10.46643,50.01,FALSE,-17.905
3005,BJ0204,1.77425,10.4393,50.01,FALSE,-17.905
3006,BJ0204,1.77435,10.41217,50.01,FALSE,-17.905
3007,BJ0204,1.77446,10.38505,50.01,FALSE,-17.905
3008,BJ0204,1.77456,10.35792,50.01,FALSE,-17.905
3009,BJ0204,1.77467,10.33079,49.72,FALSE,-17.905
3010,BJ0204,1.77477,10.30367,50.01,FALSE,-17.905
3011,BJ0204,1.77488,10.27654,50.01,FALSE,-17.905
3012,BJ0204,1.77498,10.24941,50.01,FALSE,-17.905
3013,BJ0204,1.77509,10.22229,50.01,FALSE,-17.905
3014,BJ0204,1.77519,10.19516,39.94,FALSE,-17.905
3015,BJ0204,1.77529,10.16803,46.65,FALSE,-17.905
3016,BJ0204,1.7754,10.1409,42.46,FALSE,-17.905
3017,BJ0204,1.7755,10.11378,50.01,FALSE,-17.905
3018,BJ0204,1.7756,10.08665,50.01,FALSE,-17.905
3019,BJ0204,1.7757,10.05952,49.6,FALSE,-17.905
3021,BJ0204,1.7758100000000001,10.03239,50.01,FALSE,-17.905
3208,BJ0204,1.79995,10.87343,47.55,FALSE,-17.905
3210,BJ0204,1.80006,10.8463,47.55,FALSE,-17.905
3211,BJ0204,1.80017,10.81918,39.94,FALSE,-17.905
3212,BJ0204,1.80028,10.79205,39.94,FALSE,-17.905
3213,BJ0204,1.80038,10.76493,39.94,FALSE,-17.905
3214,BJ0204,1.80049,10.7378,39.94,FALSE,-17.905
3215,BJ0204,1.8006,10.71067,39.94,FALSE,-17.905
3216,BJ0204,1.8007,10.68355,40.4,FALSE,-17.905
3217,BJ0204,1.80081,10.65642,42.82,FALSE,-17.905
3218,BJ0204,1.80092,10.62929,50.01,FALSE,-17.905
3219,BJ0204,1.80102,10.60217,50.01,FALSE,-17.905
3220,BJ0204,1.80113,10.57504,50.01,FALSE,-17.905
3221,BJ0204,1.80123,10.54791,48.82,FALSE,-17.905
3222,BJ0204,1.80134,10.52079,50.01,FALSE,-17.905
3223,BJ0204,1.80144,10.49366,39.94,FALSE,-17.905
3224,BJ0204,1.80155,10.46653,48.75,FALSE,-17.905
3225,BJ0204,1.80165,10.4394,50.01,FALSE,-17.905
3226,BJ0204,1.80175,10.41228,50.01,FALSE,-17.905
3227,BJ0204,1.80186,10.38515,50.01,FALSE,-17.905
3228,BJ0204,1.80196,10.35802,50.01,FALSE,-17.905
3229,BJ0204,1.80206,10.3309,50.01,FALSE,-17.905
3230,BJ0204,1.80217,10.30377,50.01,FALSE,-17.905
3231,BJ0204,1.80227,10.27664,50.01,FALSE,-17.905
3232,BJ0204,1.80237,10.24951,48.57,FALSE,-17.905
3233,BJ0204,1.80247,10.22239,50.01,FALSE,-17.905
3234,BJ0204,1.80257,10.19526,39.94,FALSE,-17.905
3235,BJ0204,1.80268,10.16813,47.55,FALSE,-17.905
3236,BJ0204,1.80278,10.141,39.94,FALSE,-17.905
3238,BJ0204,1.80288,10.11388,50.01,FALSE,-17.905
3240,BJ0204,1.80298,10.08675,50.01,FALSE,-17.905
3242,BJ0204,1.80308,10.05962,49.66,FALSE,-17.905
3438,BJ0204,1.8274,10.87354,47.55,FALSE,-17.905
3440,BJ0204,1.8275,10.84641,47.55,FALSE,-17.905
3441,BJ0204,1.82761,10.81928,47.55,FALSE,-17.905
3442,BJ0204,1.82771,10.79216,40.85,FALSE,-17.905
3443,BJ0204,1.82782,10.76503,48.33,FALSE,-17.905
3444,BJ0204,1.82792,10.7379,50.01,FALSE,-17.905
3445,BJ0204,1.82803,10.71078,47.99,FALSE,-17.905
3446,BJ0204,1.82813,10.68365,39.94,FALSE,-17.905
3447,BJ0204,1.82823,10.65652,50.01,FALSE,-17.905
3448,BJ0204,1.82834,10.6294,50.01,FALSE,-17.905
3449,BJ0204,1.82844,10.60227,50.01,FALSE,-17.905
3450,BJ0204,1.82854,10.57514,45.98,FALSE,-17.905
3452,BJ0204,1.82865,10.54801,44.97,FALSE,-17.905
3454,BJ0204,1.82875,10.52089,39.94,FALSE,-17.905
3455,BJ0204,1.82885,10.49376,47.55,FALSE,-17.905
3456,BJ0204,1.82895,10.46663,50.01,FALSE,-17.905
3457,BJ0204,1.82906,10.43951,50.01,FALSE,-17.905
3458,BJ0204,1.82916,10.41238,46.65,FALSE,-17.905
3459,BJ0204,1.82926,10.38525,50.01,FALSE,-17.905
3460,BJ0204,1.82936,10.35812,44.97,FALSE,-17.905
3461,BJ0204,1.82946,10.331,44.41,FALSE,-17.905
3462,BJ0204,1.82956,10.30387,46.65,FALSE,-17.905
3463,BJ0204,1.82966,10.27674,50.01,FALSE,-17.905
3465,BJ0204,1.82976,10.24961,47.55,FALSE,-17.905
3467,BJ0204,1.82986,10.22249,50.01,FALSE,-17.905
3469,BJ0204,1.82996,10.19536,39.94,FALSE,-17.905
3471,BJ0204,1.83006,10.16823,40.44,FALSE,-17.905
3473,BJ0204,1.83016,10.1411,39.94,FALSE,-17.905
3664,BJ0204,1.85494,10.84651,47.55,FALSE,-17.905
3666,BJ0204,1.85505,10.81939,50.01,FALSE,-17.905
3667,BJ0204,1.85515,10.79226,50.01,FALSE,-17.905
3668,BJ0204,1.85525,10.76513,49.38,FALSE,-17.905
3669,BJ0204,1.85535,10.73801,50.01,FALSE,-17.905
3670,BJ0204,1.85546,10.71088,50.01,FALSE,-17.905
3671,BJ0204,1.85556,10.68375,44.25,FALSE,-17.905
3672,BJ0204,1.85566,10.65662,50.01,FALSE,-17.905
3673,BJ0204,1.85576,10.6295,44.52,FALSE,-17.905
3675,BJ0204,1.85586,10.60237,45.98,FALSE,-17.905
3677,BJ0204,1.85596,10.57524,39.94,FALSE,-17.905
3679,BJ0204,1.85606,10.54812,44.97,FALSE,-17.905
3681,BJ0204,1.85616,10.52099,39.94,FALSE,-17.905
3683,BJ0204,1.85626,10.49386,47.55,FALSE,-17.905
3684,BJ0204,1.85636,10.46673,50.01,FALSE,-17.905
3685,BJ0204,1.85646,10.43961,50.01,FALSE,-17.905
3686,BJ0204,1.85656,10.41248,39.94,FALSE,-17.905
3687,BJ0204,1.85666,10.38535,39.94,FALSE,-17.905
3688,BJ0204,1.85676,10.35822,39.94,FALSE,-17.905
3690,BJ0204,1.85686,10.33109,39.94,FALSE,-17.905
3692,BJ0204,1.85695,10.30397,39.94,FALSE,-17.905
3694,BJ0204,1.85705,10.27684,44.97,FALSE,-17.905
3896,BJ0204,1.88249,10.81949,50.01,FALSE,-17.905
3897,BJ0204,1.88259,10.79236,47.49,FALSE,-17.905
3898,BJ0204,1.88269,10.76523,50.01,FALSE,-17.905
3899,BJ0204,1.88279,10.73811,47.99,FALSE,-17.905
3900,BJ0204,1.88289,10.71098,50.01,FALSE,-17.905
3901,BJ0204,1.88299,10.68385,50.01,FALSE,-17.905
3902,BJ0204,1.88308,10.65672,50.01,FALSE,-17.905
3903,BJ0204,1.88318,10.6296,39.94,FALSE,-17.905
3905,BJ0204,1.88328,10.60247,39.94,FALSE,-17.905
3909,BJ0204,1.88358,10.52109,39.94,FALSE,-17.905
3911,BJ0204,1.88367,10.49396,42.46,FALSE,-17.905
3912,BJ0204,1.88377,10.46683,47.55,FALSE,-17.905
3913,BJ0204,1.88387,10.4397,44.97,FALSE,-17.905
3914,BJ0204,1.88396,10.41257,48.33,FALSE,-17.905
3916,BJ0204,1.88406,10.38545,39.94,FALSE,-17.905
3918,BJ0204,1.88416,10.35832,39.94,FALSE,-17.905
4121,BJ0204,1.90993,10.81959,50.01,FALSE,-17.905
4123,BJ0204,1.91002,10.79246,49.48,FALSE,-17.905
4124,BJ0204,1.91012,10.76533,50.01,FALSE,-17.905
4125,BJ0204,1.91022,10.7382,47.68,FALSE,-17.905
4126,BJ0204,1.91032,10.71108,49.17,FALSE,-17.905
4127,BJ0204,1.91041,10.68395,50.01,FALSE,-17.905
4128,BJ0204,1.91051,10.65682,45.69,FALSE,-17.905
4130,BJ0204,1.91061,10.62969,39.94,FALSE,-17.905
4132,BJ0204,1.9107,10.60256,39.94,FALSE,-17.905
4136,BJ0204,1.91099,10.52118,39.94,FALSE,-17.905
4137,BJ0204,1.91108,10.49405,39.94,FALSE,-17.905
4138,BJ0204,1.91118,10.46693,39.94,FALSE,-17.905
4140,BJ0204,1.91127,10.4398,43.29,FALSE,-17.905
4142,BJ0204,1.91137,10.41267,49.09,FALSE,-17.905
4346,BJ0204,1.93746,10.79255,50.01,FALSE,-17.905
4348,BJ0204,1.93756,10.76543,49.42,FALSE,-17.905
4349,BJ0204,1.93765,10.7383,50.01,FALSE,-17.905
4351,BJ0204,1.93775,10.71117,50.01,FALSE,-17.905
4353,BJ0204,1.93784,10.68404,50.01,FALSE,-17.905
4355,BJ0204,1.93793,10.65691,43.29,FALSE,-17.905
4357,BJ0204,1.93803,10.62979,39.94,FALSE,-17.905
4361,BJ0204,1.93831,10.548400000000001,47.55,FALSE,-17.905
4363,BJ0204,1.9384,10.52127,39.94,FALSE,-17.905
4364,BJ0204,1.93849,10.49415,39.94,FALSE,-17.905
4366,BJ0204,1.93859,10.46702,42.62,FALSE,-17.905
4574,BJ0204,1.9649,10.79265,50.01,FALSE,-17.905
4576,BJ0204,1.96499,10.76552,50.01,FALSE,-17.905
4578,BJ0204,1.96508,10.73839,50.01,FALSE,-17.905
4580,BJ0204,1.96518,10.71126,50.01,FALSE,-17.905
4587,BJ0204,1.96572,10.54849,39.94,FALSE,-17.905
4588,BJ0204,1.96582,10.52136,39.94,FALSE,-17.905
4589,BJ0204,1.96591,10.49424,50.01,FALSE,-17.905
4809,BJ0204,1.99234,10.79274,50.01,FALSE,-17.905
4811,BJ0204,1.99243,10.76561,50.01,FALSE,-17.905
4820,BJ0204,1.99314,10.54858,39.94,FALSE,-17.905
4822,BJ0204,1.99323,10.52145,41.62,FALSE,-17.905
4824,BJ0204,1.99332,10.49432,48.57,FALSE,-17.905
5038,BJ0204,2.02064,10.52154,39.94,FALSE,-17.905
1,BJ0205,0.78597,10.70512,74.63,FALSE,6.713
2,BJ0205,0.78617,10.678,74.63,FALSE,6.713
12,BJ0205,0.813,10.75954,74.63,FALSE,6.713
13,BJ0205,0.81319,10.73242,74.63,FALSE,6.713
14,BJ0205,0.81339,10.70531,74.63,FALSE,6.713
15,BJ0205,0.81358,10.6782,74.63,FALSE,6.713
17,BJ0205,0.81378,10.65108,74.63,FALSE,6.713
29,BJ0205,0.84022,10.78684,74.63,FALSE,6.713
30,BJ0205,0.84042,10.75973,74.63,FALSE,6.713
31,BJ0205,0.84061,10.73261,74.63,FALSE,6.713
32,BJ0205,0.8408,10.7055,74.63,FALSE,6.713
33,BJ0205,0.84099,10.67839,74.63,FALSE,6.713
35,BJ0205,0.84119,10.65128,74.63,FALSE,6.713
48,BJ0205,0.86726,10.84126,74.63,FALSE,6.713
49,BJ0205,0.86746,10.81414,74.63,FALSE,6.713
50,BJ0205,0.86765,10.78703,74.63,FALSE,6.713
51,BJ0205,0.86784,10.75992,74.63,FALSE,6.713
52,BJ0205,0.86803,10.7328,74.63,FALSE,6.713
53,BJ0205,0.86822,10.70569,74.63,FALSE,6.713
54,BJ0205,0.86841,10.67858,74.63,FALSE,6.713
56,BJ0205,0.8686,10.65146,74.63,FALSE,6.713
70,BJ0205,0.89374,10.97702,74.63,FALSE,6.713
71,BJ0205,0.89393,10.9499,74.63,FALSE,6.713
72,BJ0205,0.89412,10.922790000000001,74.63,FALSE,6.713
73,BJ0205,0.89431,10.89567,74.63,FALSE,6.713
74,BJ0205,0.8945,10.86856,74.63,FALSE,6.713
75,BJ0205,0.89469,10.84145,74.63,FALSE,6.713
76,BJ0205,0.89488,10.81433,74.63,FALSE,6.713
77,BJ0205,0.89507,10.78722,74.63,FALSE,6.713
78,BJ0205,0.89526,10.7601,74.63,FALSE,6.713
79,BJ0205,0.89545,10.73299,74.63,FALSE,6.713
80,BJ0205,0.89563,10.70588,74.63,FALSE,6.713
81,BJ0205,0.89582,10.67876,74.63,FALSE,6.713
83,BJ0205,0.89601,10.65165,74.63,FALSE,6.713
85,BJ0205,0.89619,10.62453,74.63,FALSE,6.713
100,BJ0205,0.9208,11.03143,74.63,FALSE,6.713
101,BJ0205,0.92099,11.00432,74.63,FALSE,6.713
102,BJ0205,0.92118,10.9772,74.63,FALSE,6.713
103,BJ0205,0.92137,10.95009,74.63,FALSE,6.713
104,BJ0205,0.92156,10.92298,74.63,FALSE,6.713
105,BJ0205,0.92175,10.89586,74.63,FALSE,6.713
106,BJ0205,0.92193,10.86875,74.63,FALSE,6.713
107,BJ0205,0.92212,10.84163,74.63,FALSE,6.713
108,BJ0205,0.92231,10.81452,74.63,FALSE,6.713
109,BJ0205,0.92249,10.7874,74.63,FALSE,6.713
110,BJ0205,0.92268,10.76029,74.63,FALSE,6.713
111,BJ0205,0.92287,10.73317,74.63,FALSE,6.713
112,BJ0205,0.92305,10.70606,74.63,FALSE,6.713
113,BJ0205,0.92323,10.67895,74.63,FALSE,6.713
114,BJ0205,0.92342,10.65183,74.63,FALSE,6.713
116,BJ0205,0.9236,10.62472,74.63,FALSE,6.713
118,BJ0205,0.92379,10.5976,74.63,FALSE,6.713
132,BJ0205,0.94806,11.05873,74.63,FALSE,6.713
133,BJ0205,0.94824,11.03162,74.63,FALSE,6.713
134,BJ0205,0.94843,11.0045,74.63,FALSE,6.713
135,BJ0205,0.94862,10.97739,74.63,FALSE,6.713
136,BJ0205,0.94881,10.95028,74.63,FALSE,6.713
137,BJ0205,0.94899,10.92316,74.63,FALSE,6.713
138,BJ0205,0.94918,10.89605,74.63,FALSE,6.713
139,BJ0205,0.94936,10.86893,74.63,FALSE,6.713
140,BJ0205,0.94955,10.84182,74.63,FALSE,6.713
141,BJ0205,0.94973,10.8147,74.63,FALSE,6.713
142,BJ0205,0.94992,10.78759,74.63,FALSE,6.713
143,BJ0205,0.9501,10.76047,74.63,FALSE,6.713
144,BJ0205,0.95028,10.73336,74.63,FALSE,6.713
145,BJ0205,0.95047,10.70624,74.63,FALSE,6.713
146,BJ0205,0.95065,10.67913,74.63,FALSE,6.713
147,BJ0205,0.95083,10.65201,74.63,FALSE,6.713
148,BJ0205,0.95101,10.6249,74.63,FALSE,6.713
150,BJ0205,0.95119,10.59778,74.63,FALSE,6.713
152,BJ0205,0.95137,10.57067,74.63,FALSE,6.713
167,BJ0205,0.97532,11.08603,74.63,FALSE,6.713
168,BJ0205,0.97551,11.05892,74.63,FALSE,6.713
169,BJ0205,0.97569,11.0318,74.63,FALSE,6.713
170,BJ0205,0.97588,11.00469,74.63,FALSE,6.713
171,BJ0205,0.97606,10.97757,74.63,FALSE,6.713
172,BJ0205,0.97625,10.95046,74.63,FALSE,6.713
173,BJ0205,0.97643,10.92334,74.63,FALSE,6.713
174,BJ0205,0.97661,10.89623,74.63,FALSE,6.713
175,BJ0205,0.9768,10.86911,74.63,FALSE,6.713
176,BJ0205,0.97698,10.842,74.63,FALSE,6.713
177,BJ0205,0.97716,10.81488,74.63,FALSE,6.713
178,BJ0205,0.97734,10.78777,74.63,FALSE,6.713
179,BJ0205,0.97751999999999994,10.76065,74.63,FALSE,6.713
180,BJ0205,0.9777,10.73354,74.63,FALSE,6.713
181,BJ0205,0.97788,10.70642,74.63,FALSE,6.713
182,BJ0205,0.97806,10.67931,74.63,FALSE,6.713
183,BJ0205,0.97824,10.65219,74.63,FALSE,6.713
184,BJ0205,0.97842,10.62507,74.63,FALSE,6.713
185,BJ0205,0.9786,10.59796,74.63,FALSE,6.713
187,BJ0205,0.97878,10.57084,74.63,FALSE,6.713
204,BJ0205,1.00277,11.08622,74.63,FALSE,6.713
205,BJ0205,1.00296,11.0591,74.63,FALSE,6.713
206,BJ0205,1.00314,11.03199,74.63,FALSE,6.713
207,BJ0205,1.00332,11.00487,74.63,FALSE,6.713
208,BJ0205,1.0035,10.97775,74.63,FALSE,6.713
209,BJ0205,1.00369,10.95064,74.63,FALSE,6.713
210,BJ0205,1.00387,10.92352,74.63,FALSE,6.713
211,BJ0205,1.00405,10.89641,74.63,FALSE,6.713
212,BJ0205,1.00423,10.86929,74.63,FALSE,6.713
213,BJ0205,1.00441,10.84218,74.63,FALSE,6.713
214,BJ0205,1.00459,10.81506,74.63,FALSE,6.713
215,BJ0205,1.00477,10.78795,74.63,FALSE,6.713
216,BJ0205,1.00495,10.76083,74.63,FALSE,6.713
217,BJ0205,1.00512,10.73371,74.63,FALSE,6.713
218,BJ0205,1.0053,10.7066,74.63,FALSE,6.713
219,BJ0205,1.00548,10.67948,74.63,FALSE,6.713
220,BJ0205,1.00566,10.65237,74.63,FALSE,6.713
221,BJ0205,1.00583,10.62525,74.63,FALSE,6.713
222,BJ0205,1.00601,10.59813,74.63,FALSE,6.713
224,BJ0205,1.00618,10.57102,74.63,FALSE,6.713
226,BJ0205,1.00636,10.5439,74.63,FALSE,6.713
243,BJ0205,1.03022,11.0864,74.63,FALSE,6.713
244,BJ0205,1.03041,11.05928,74.63,FALSE,6.713
245,BJ0205,1.03059,11.03217,74.63,FALSE,6.713
246,BJ0205,1.03077,11.00505,74.63,FALSE,6.713
247,BJ0205,1.03095,10.97793,74.63,FALSE,6.713
248,BJ0205,1.03113,10.95082,74.63,FALSE,6.713
249,BJ0205,1.03131,10.9237,74.63,FALSE,6.713
250,BJ0205,1.03148,10.89659,74.63,FALSE,6.713
251,BJ0205,1.03166,10.86947,74.63,FALSE,6.713
252,BJ0205,1.03184,10.84235,74.63,FALSE,6.713
253,BJ0205,1.03202,10.81524,74.63,FALSE,6.713
254,BJ0205,1.03219,10.78812,74.63,FALSE,6.713
255,BJ0205,1.03237,10.761,74.63,FALSE,6.713
256,BJ0205,1.03255,10.73389,74.63,FALSE,6.713
257,BJ0205,1.03272,10.70677,74.63,FALSE,6.713
258,BJ0205,1.0329,10.67966,74.63,FALSE,6.713
259,BJ0205,1.03307,10.65254,74.63,FALSE,6.713
260,BJ0205,1.03324,10.62542,74.63,FALSE,6.713
261,BJ0205,1.03342,10.59831,74.63,FALSE,6.713
262,BJ0205,1.03359,10.57119,74.63,FALSE,6.713
264,BJ0205,1.03376,10.54407,74.63,FALSE,6.713
267,BJ0205,1.03393,10.51696,74.63,FALSE,6.713
284,BJ0205,1.05786,11.05946,74.63,FALSE,6.713
285,BJ0205,1.05804,11.03234,74.63,FALSE,6.713
286,BJ0205,1.05821,11.00523,74.63,FALSE,6.713
287,BJ0205,1.05839,10.97811,74.63,FALSE,6.713
288,BJ0205,1.05857,10.95099,74.63,FALSE,6.713
289,BJ0205,1.05874,10.92388,74.63,FALSE,6.713
290,BJ0205,1.05892,10.89676,74.63,FALSE,6.713
291,BJ0205,1.0591,10.86964,74.63,FALSE,6.713
292,BJ0205,1.05927,10.84253,74.63,FALSE,6.713
293,BJ0205,1.05945,10.81541,74.63,FALSE,6.713
294,BJ0205,1.05962,10.78829,74.63,FALSE,6.713
295,BJ0205,1.05979,10.76118,74.63,FALSE,6.713
296,BJ0205,1.05997,10.73406,74.63,FALSE,6.713
297,BJ0205,1.06014,10.70694,74.63,FALSE,6.713
298,BJ0205,1.06031,10.67983,74.63,FALSE,6.713
299,BJ0205,1.06048,10.65271,74.63,FALSE,6.713
300,BJ0205,1.06065,10.62559,74.63,FALSE,6.713
301,BJ0205,1.06083,10.59848,74.63,FALSE,6.713
302,BJ0205,1.061,10.57136,74.63,FALSE,6.713
304,BJ0205,1.06117,10.54424,74.63,FALSE,6.713
326,BJ0205,1.08531,11.05963,74.63,FALSE,6.713
328,BJ0205,1.08548,11.03252,74.63,FALSE,6.713
329,BJ0205,1.08566,11.0054,74.63,FALSE,6.713
330,BJ0205,1.08583,10.97828,74.63,FALSE,6.713
331,BJ0205,1.08601,10.95117,74.63,FALSE,6.713
332,BJ0205,1.08618,10.92405,74.63,FALSE,6.713
333,BJ0205,1.08636,10.89693,74.63,FALSE,6.713
334,BJ0205,1.08653,10.86982,74.63,FALSE,6.713
335,BJ0205,1.0867,10.8427,74.63,FALSE,6.713
336,BJ0205,1.08687,10.81558,74.63,FALSE,6.713
337,BJ0205,1.08705,10.78846,74.63,FALSE,6.713
338,BJ0205,1.08722,10.76135,74.63,FALSE,6.713
339,BJ0205,1.08739,10.73423,74.63,FALSE,6.713
340,BJ0205,1.08756,10.70711,74.63,FALSE,6.713
341,BJ0205,1.08773,10.68,74.63,FALSE,6.713
342,BJ0205,1.0879,10.65288,74.63,FALSE,6.713
343,BJ0205,1.08807,10.62576,74.63,FALSE,6.713
344,BJ0205,1.08824,10.59864,74.63,FALSE,6.713
345,BJ0205,1.0884,10.57153,74.63,FALSE,6.713
372,BJ0205,1.11293,11.03269,74.63,FALSE,6.713
374,BJ0205,1.11311,11.00557,74.63,FALSE,6.713
376,BJ0205,1.11328,10.97846,74.63,FALSE,6.713
378,BJ0205,1.11345,10.95134,74.63,FALSE,6.713
380,BJ0205,1.11362,10.92422,74.63,FALSE,6.713
382,BJ0205,1.11379,10.8971,74.63,FALSE,6.713
384,BJ0205,1.11396,10.86999,74.63,FALSE,6.713
385,BJ0205,1.11413,10.84287,74.63,FALSE,6.713
386,BJ0205,1.1143,10.81575,74.63,FALSE,6.713
387,BJ0205,1.11447,10.78863,74.63,FALSE,6.713
388,BJ0205,1.11464,10.76152,74.63,FALSE,6.713
389,BJ0205,1.11481,10.7344,74.63,FALSE,6.713
390,BJ0205,1.11498,10.70728,74.63,FALSE,6.713
391,BJ0205,1.11515,10.68016,74.63,FALSE,6.713
392,BJ0205,1.11531,10.65304,74.63,FALSE,6.713
393,BJ0205,1.11548,10.62593,74.63,FALSE,6.713
394,BJ0205,1.11565,10.59881,74.63,FALSE,6.713
396,BJ0205,1.11581,10.57169,74.63,FALSE,6.713
430,BJ0205,1.14123,10.89727,74.63,FALSE,6.713
432,BJ0205,1.1414,10.87015,74.63,FALSE,6.713
433,BJ0205,1.14157,10.84303,74.63,FALSE,6.713
434,BJ0205,1.14173,10.81592,74.63,FALSE,6.713
435,BJ0205,1.1419,10.7888,74.63,FALSE,6.713
436,BJ0205,1.14207,10.76168,74.63,FALSE,6.713
437,BJ0205,1.14223,10.73456,74.63,FALSE,6.713
438,BJ0205,1.1424,10.70744,74.63,FALSE,6.713
439,BJ0205,1.14256,10.68033,74.63,FALSE,6.713
440,BJ0205,1.14273,10.65321,74.63,FALSE,6.713
441,BJ0205,1.14289,10.62609,74.63,FALSE,6.713
442,BJ0205,1.14306,10.59897,74.63,FALSE,6.713
477,BJ0205,1.16867,10.89744,74.63,FALSE,6.713
479,BJ0205,1.16883,10.87032,74.63,FALSE,6.713
481,BJ0205,1.169,10.8432,74.63,FALSE,6.713
482,BJ0205,1.16916,10.81608,74.63,FALSE,6.713
483,BJ0205,1.16933,10.78896,74.63,FALSE,6.713
484,BJ0205,1.16949,10.76184,74.63,FALSE,6.713
485,BJ0205,1.16966,10.73473,74.63,FALSE,6.713
486,BJ0205,1.16982,10.70761,74.63,FALSE,6.713
487,BJ0205,1.16998,10.68049,74.63,FALSE,6.713
489,BJ0205,1.17014,10.65337,74.63,FALSE,6.713
491,BJ0205,1.1703,10.62625,74.63,FALSE,6.713
493,BJ0205,1.17047,10.59913,74.63,FALSE,6.713
529,BJ0205,1.19627,10.87048,74.63,FALSE,6.713
531,BJ0205,1.19643,10.84336,74.63,FALSE,6.713
533,BJ0205,1.19659,10.81624,74.63,FALSE,6.713
534,BJ0205,1.19676,10.78912,74.63,FALSE,6.713
535,BJ0205,1.19692,10.762,74.63,FALSE,6.713
536,BJ0205,1.19708,10.73489,74.63,FALSE,6.713
537,BJ0205,1.19724,10.70777,74.63,FALSE,6.713
539,BJ0205,1.1974,10.68065,74.63,FALSE,6.713
588,BJ0205,1.22387,10.84352,74.63,FALSE,6.713
590,BJ0205,1.22403,10.8164,74.63,FALSE,6.713
592,BJ0205,1.22419,10.78928,74.63,FALSE,6.713
593,BJ0205,1.22434,10.76216,74.63,FALSE,6.713
594,BJ0205,1.2245,10.73504,74.63,FALSE,6.713
595,BJ0205,1.22466,10.70792,74.63,FALSE,6.713
648,BJ0205,1.25146,10.81656,74.63,FALSE,6.713
650,BJ0205,1.25161,10.78944,74.63,FALSE,6.713
652,BJ0205,1.25177,10.76232,74.63,FALSE,6.713
654,BJ0205,1.25193,10.7352,74.63,FALSE,6.713
656,BJ0205,1.25208,10.70808,74.63,FALSE,6.713
552,BJ0206,1.19898,10.40945,60.27,FALSE,-7.645
555,BJ0206,1.19913,10.38233,60.27,FALSE,-7.645
557,BJ0206,1.19929,10.35522,60.27,FALSE,-7.645
560,BJ0206,1.1996,10.30098,60.27,FALSE,-7.645
562,BJ0206,1.19975,10.27386,60.27,FALSE,-7.645
564,BJ0206,1.1999,10.24674,60.27,FALSE,-7.645
566,BJ0206,1.20006,10.21962,60.27,FALSE,-7.645
609,BJ0206,1.22637,10.40961,60.27,FALSE,-7.645
611,BJ0206,1.22653,10.38249,60.27,FALSE,-7.645
612,BJ0206,1.22668,10.35537,60.27,FALSE,-7.645
614,BJ0206,1.22683,10.32825,60.27,FALSE,-7.645
616,BJ0206,1.22698,10.30113,60.27,FALSE,-7.645
618,BJ0206,1.22713,10.27401,60.27,FALSE,-7.645
619,BJ0206,1.22728,10.24689,60.27,FALSE,-7.645
620,BJ0206,1.22744,10.21977,60.27,FALSE,-7.645
622,BJ0206,1.22759,10.19265,60.27,FALSE,-7.645
670,BJ0206,1.25377,10.40976,60.27,FALSE,-7.645
672,BJ0206,1.25392,10.38264,60.27,FALSE,-7.645
673,BJ0206,1.25407,10.35552,60.27,FALSE,-7.645
674,BJ0206,1.25422,10.3284,60.27,FALSE,-7.645
675,BJ0206,1.25437,10.30128,60.27,FALSE,-7.645
676,BJ0206,1.25452,10.27416,60.27,FALSE,-7.645
677,BJ0206,1.25467,10.24703,60.27,FALSE,-7.645
678,BJ0206,1.25481,10.21991,60.27,FALSE,-7.645
679,BJ0206,1.25496,10.19279,60.27,FALSE,-7.645
722,BJ0206,1.28116,10.40991,60.27,FALSE,-7.645
724,BJ0206,1.28131,10.38279,60.27,FALSE,-7.645
726,BJ0206,1.28146,10.35566,60.27,FALSE,-7.645
727,BJ0206,1.28161,10.32854,60.27,FALSE,-7.645
728,BJ0206,1.28175,10.30142,60.27,FALSE,-7.645
729,BJ0206,1.2819,10.2743,60.27,FALSE,-7.645
730,BJ0206,1.28205,10.24718,60.27,FALSE,-7.645
731,BJ0206,1.28219,10.22006,60.27,FALSE,-7.645
732,BJ0206,1.28234,10.19294,60.27,FALSE,-7.645
734,BJ0206,1.28248,10.16582,60.27,FALSE,-7.645
736,BJ0206,1.28263,10.1387,60.27,FALSE,-7.645
738,BJ0206,1.28277,10.11158,60.27,FALSE,-7.645
740,BJ0206,1.28292,10.08445,60.27,FALSE,-7.645
780,BJ0206,1.30871,10.38293,60.27,FALSE,-7.645
782,BJ0206,1.30885,10.35581,60.27,FALSE,-7.645
783,BJ0206,1.309,10.32869,60.27,FALSE,-7.645
784,BJ0206,1.30914,10.30157,60.27,FALSE,-7.645
785,BJ0206,1.30929,10.27445,60.27,FALSE,-7.645
786,BJ0206,1.30943,10.24732,60.27,FALSE,-7.645
787,BJ0206,1.30957,10.2202,60.27,FALSE,-7.645
788,BJ0206,1.30972,10.19308,60.27,FALSE,-7.645
789,BJ0206,1.30986,10.16596,60.27,FALSE,-7.645
790,BJ0206,1.31,10.13884,60.27,FALSE,-7.645
792,BJ0206,1.31014,10.11172,60.27,FALSE,-7.645
794,BJ0206,1.31029,10.08459,60.27,FALSE,-7.645
836,BJ0206,1.3361,10.38307,60.27,FALSE,-7.645
838,BJ0206,1.33624,10.35595,60.27,FALSE,-7.645
839,BJ0206,1.33639,10.32883,60.27,FALSE,-7.645
840,BJ0206,1.33653,10.30171,60.27,FALSE,-7.645
841,BJ0206,1.33667,10.27459,60.27,FALSE,-7.645
842,BJ0206,1.33681,10.24747,60.27,FALSE,-7.645
843,BJ0206,1.33695,10.22034,60.27,FALSE,-7.645
844,BJ0206,1.33709,10.19322,60.27,FALSE,-7.645
845,BJ0206,1.33723,10.1661,60.27,FALSE,-7.645
846,BJ0206,1.33737,10.13898,60.27,FALSE,-7.645
847,BJ0206,1.33751,10.11186,60.27,FALSE,-7.645
848,BJ0206,1.33765,10.08473,60.27,FALSE,-7.645
850,BJ0206,1.33779,10.05761,60.27,FALSE,-7.645
895,BJ0206,1.36335,10.41034,60.27,FALSE,-7.645
897,BJ0206,1.36349,10.38321,60.27,FALSE,-7.645
899,BJ0206,1.36364,10.35609,60.27,FALSE,-7.645
900,BJ0206,1.36378,10.32897,60.27,FALSE,-7.645
901,BJ0206,1.36392,10.30185,60.27,FALSE,-7.645
902,BJ0206,1.36406,10.27473,60.27,FALSE,-7.645
903,BJ0206,1.3642,10.2476,60.27,FALSE,-7.645
904,BJ0206,1.36433,10.22048,60.27,FALSE,-7.645
905,BJ0206,1.36447,10.19336,60.27,FALSE,-7.645
906,BJ0206,1.36461,10.16624,60.27,FALSE,-7.645
907,BJ0206,1.36475,10.13912,60.27,FALSE,-7.645
908,BJ0206,1.36489,10.11199,60.27,FALSE,-7.645
909,BJ0206,1.36502,10.08487,60.27,FALSE,-7.645
910,BJ0206,1.36516,10.05775,60.27,FALSE,-7.645
913,BJ0206,1.3653,10.03063,60.27,FALSE,-7.645
977,BJ0206,1.39075,10.41048,60.27,FALSE,-7.645
979,BJ0206,1.39089,10.38335,60.27,FALSE,-7.645
980,BJ0206,1.39103,10.35623,60.27,FALSE,-7.645
981,BJ0206,1.39117,10.32911,60.27,FALSE,-7.645
982,BJ0206,1.3913,10.30199,60.27,FALSE,-7.645
983,BJ0206,1.39144,10.27486,60.27,FALSE,-7.645
984,BJ0206,1.39158,10.24774,60.27,FALSE,-7.645
985,BJ0206,1.39172,10.22062,60.27,FALSE,-7.645
986,BJ0206,1.39185,10.1935,60.27,FALSE,-7.645
987,BJ0206,1.39199,10.16637,60.27,FALSE,-7.645
988,BJ0206,1.39212,10.13925,60.27,FALSE,-7.645
989,BJ0206,1.39226,10.11213,60.27,FALSE,-7.645
990,BJ0206,1.39239,10.08501,60.27,FALSE,-7.645
991,BJ0206,1.39253,10.05788,60.27,FALSE,-7.645
993,BJ0206,1.39266,10.03076,60.27,FALSE,-7.645
995,BJ0206,1.39279,10.00364,60.27,FALSE,-7.645
1068,BJ0206,1.41815,10.41061,60.27,FALSE,-7.645
1070,BJ0206,1.41829,10.38349,60.27,FALSE,-7.645
1071,BJ0206,1.41842,10.35637,60.27,FALSE,-7.645
1072,BJ0206,1.41856,10.32924,60.27,FALSE,-7.645
1073,BJ0206,1.41869,10.30212,60.27,FALSE,-7.645
1074,BJ0206,1.41883,10.275,60.27,FALSE,-7.645
1075,BJ0206,1.41896,10.24788,60.27,FALSE,-7.645
1076,BJ0206,1.4191,10.22075,60.27,FALSE,-7.645
1077,BJ0206,1.41923,10.19363,60.27,FALSE,-7.645
1078,BJ0206,1.41936,10.16651,60.27,FALSE,-7.645
1079,BJ0206,1.4195,10.13938,60.27,FALSE,-7.645
1080,BJ0206,1.41963,10.11226,60.27,FALSE,-7.645
1081,BJ0206,1.41976,10.08514,60.27,FALSE,-7.645
1082,BJ0206,1.41989,10.05801,60.27,FALSE,-7.645
1084,BJ0206,1.42003,10.03089,60.27,FALSE,-7.645
1159,BJ0206,1.44555,10.41075,60.27,FALSE,-7.645
1161,BJ0206,1.44568,10.38362,60.27,FALSE,-7.645
1163,BJ0206,1.44581,10.3565,60.27,FALSE,-7.645
1165,BJ0206,1.44595,10.32938,60.27,FALSE,-7.645
1166,BJ0206,1.44608,10.30225,60.27,FALSE,-7.645
1167,BJ0206,1.44621,10.27513,60.27,FALSE,-7.645
1168,BJ0206,1.44635,10.24801,60.27,FALSE,-7.645
1169,BJ0206,1.44648,10.22088,60.27,FALSE,-7.645
1170,BJ0206,1.44661,10.19376,60.27,FALSE,-7.645
1171,BJ0206,1.44674,10.16664,60.27,FALSE,-7.645
1172,BJ0206,1.44687,10.13951,60.27,FALSE,-7.645
1173,BJ0206,1.447,10.11239,60.27,FALSE,-7.645
1174,BJ0206,1.44713,10.08527,60.27,FALSE,-7.645
1175,BJ0206,1.44726,10.05814,60.27,FALSE,-7.645
1177,BJ0206,1.44739,10.03102,60.27,FALSE,-7.645
1256,BJ0206,1.47321,10.35663,60.27,FALSE,-7.645
1258,BJ0206,1.47334,10.32951,60.27,FALSE,-7.645
1259,BJ0206,1.47347,10.30238,60.27,FALSE,-7.645
1260,BJ0206,1.4736,10.27526,60.27,FALSE,-7.645
1261,BJ0206,1.47373,10.24814,60.27,FALSE,-7.645
1262,BJ0206,1.47386,10.22101,60.27,FALSE,-7.645
1263,BJ0206,1.47399,10.19389,60.27,FALSE,-7.645
1264,BJ0206,1.47412,10.16677,60.27,FALSE,-7.645
1265,BJ0206,1.47425,10.13964,60.27,FALSE,-7.645
1266,BJ0206,1.47438,10.11252,60.27,FALSE,-7.645
1267,BJ0206,1.4745,10.08539,60.27,FALSE,-7.645
1268,BJ0206,1.47463,10.05827,60.27,FALSE,-7.645
1270,BJ0206,1.47476,10.03115,60.27,FALSE,-7.645
1349,BJ0206,1.50021,10.43813,60.27,FALSE,-7.645
1351,BJ0206,1.50034,10.41101,60.27,FALSE,-7.645
1353,BJ0206,1.50047,10.38388,60.27,FALSE,-7.645
1355,BJ0206,1.5006,10.35676,60.27,FALSE,-7.645
1357,BJ0206,1.50073,10.32964,60.27,FALSE,-7.645
1358,BJ0206,1.50086,10.30251,60.27,FALSE,-7.645
1359,BJ0206,1.50099,10.27539,60.27,FALSE,-7.645
1360,BJ0206,1.50112,10.24826,60.27,FALSE,-7.645
1361,BJ0206,1.50124,10.22114,60.27,FALSE,-7.645
1362,BJ0206,1.50137,10.19402,60.27,FALSE,-7.645
1363,BJ0206,1.5015,10.16689,60.27,FALSE,-7.645
1364,BJ0206,1.50162,10.13977,60.27,FALSE,-7.645
1365,BJ0206,1.50175,10.11264,60.27,FALSE,-7.645
1366,BJ0206,1.50187,10.08552,60.27,FALSE,-7.645
1368,BJ0206,1.502,10.0584,60.27,FALSE,-7.645
1370,BJ0206,1.50212,10.03127,60.27,FALSE,-7.645
1451,BJ0206,1.52762,10.43826,60.27,FALSE,-7.645
1453,BJ0206,1.52774,10.41113,60.27,FALSE,-7.645
1454,BJ0206,1.52787,10.38401,60.27,FALSE,-7.645
1455,BJ0206,1.528,10.35689,60.27,FALSE,-7.645
1456,BJ0206,1.52812,10.32976,60.27,FALSE,-7.645
1457,BJ0206,1.52825,10.30264,60.27,FALSE,-7.645
1458,BJ0206,1.52838,10.27551,60.27,FALSE,-7.645
1459,BJ0206,1.5285,10.24839,60.27,FALSE,-7.645
1460,BJ0206,1.52863,10.22127,60.27,FALSE,-7.645
1461,BJ0206,1.52875,10.19414,60.27,FALSE,-7.645
1462,BJ0206,1.52887,10.16702,60.27,FALSE,-7.645
1463,BJ0206,1.529,10.13989,60.27,FALSE,-7.645
1464,BJ0206,1.52912,10.11277,60.27,FALSE,-7.645
1466,BJ0206,1.52925,10.08564,60.27,FALSE,-7.645
1468,BJ0206,1.52937,10.05852,60.27,FALSE,-7.645
1553,BJ0206,1.55502,10.43838,60.27,FALSE,-7.645
1555,BJ0206,1.55514,10.41126,60.27,FALSE,-7.645
1556,BJ0206,1.55527,10.38414,60.27,FALSE,-7.645
1558,BJ0206,1.55539,10.35701,60.27,FALSE,-7.645
1560,BJ0206,1.55552,10.32989,60.27,FALSE,-7.645
1562,BJ0206,1.55564,10.30276,60.27,FALSE,-7.645
1564,BJ0206,1.55576,10.27564,60.27,FALSE,-7.645
1566,BJ0206,1.55589,10.24851,60.06,FALSE,-7.645
1568,BJ0206,1.55601,10.22139,60.27,FALSE,-7.645
1570,BJ0206,1.55613,10.19426,60.27,FALSE,-7.645
1572,BJ0206,1.55625,10.16714,60.27,FALSE,-7.645
1574,BJ0206,1.55637,10.14001,60.27,FALSE,-7.645
1576,BJ0206,1.5565,10.11289,60.27,FALSE,-7.645
1578,BJ0206,1.55662,10.08576,60.27,FALSE,-7.645
1673,BJ0206,1.58242,10.43851,60.27,FALSE,-7.645
1675,BJ0206,1.58254,10.41138,60.27,FALSE,-7.645
1677,BJ0206,1.58267,10.38426,60.27,FALSE,-7.645
1679,BJ0206,1.58279,10.35713,60.27,FALSE,-7.645
1688,BJ0206,1.58375,10.14013,60.27,FALSE,-7.645
1690,BJ0206,1.5838699999999999,10.11301,60.27,FALSE,-7.645
1795,BJ0206,1.60982,10.43863,58.25,FALSE,-7.645
1798,BJ0206,1.60994,10.4115,60,FALSE,-7.645
1800,BJ0206,1.61006,10.38438,60.02,FALSE,-7.645
1955,BJ0206,1.63734,10.41162,60.27,FALSE,-7.645
3020,BJ0207,1.7757,10.05952,45.78,FALSE,-21.727
3022,BJ0207,1.7758100000000001,10.03239,46.19,FALSE,-21.727
3237,BJ0207,1.80278,10.141,36.12,FALSE,-21.727
3239,BJ0207,1.80288,10.11388,46.19,FALSE,-21.727
3241,BJ0207,1.80298,10.08675,46.19,FALSE,-21.727
3243,BJ0207,1.80308,10.05962,45.84,FALSE,-21.727
3244,BJ0207,1.80318,10.03249,41.71,FALSE,-21.727
3464,BJ0207,1.82966,10.27674,46.19,FALSE,-21.727
3466,BJ0207,1.82976,10.24961,43.7,FALSE,-21.727
3468,BJ0207,1.82986,10.22249,46.19,FALSE,-21.727
3470,BJ0207,1.82996,10.19536,36.12,FALSE,-21.727
3472,BJ0207,1.83006,10.16823,36.62,FALSE,-21.727
3474,BJ0207,1.83016,10.1411,36.12,FALSE,-21.727
3475,BJ0207,1.83025,10.11398,41.87,FALSE,-21.727
3476,BJ0207,1.83035,10.08685,45.91,FALSE,-21.727
3477,BJ0207,1.83045,10.05972,46.19,FALSE,-21.727
3478,BJ0207,1.83055,10.03259,44.07,FALSE,-21.727
3689,BJ0207,1.85676,10.35822,36.12,FALSE,-21.727
3691,BJ0207,1.85686,10.33109,36.12,FALSE,-21.727
3693,BJ0207,1.85695,10.30397,36.12,FALSE,-21.727
3695,BJ0207,1.85705,10.27684,41.15,FALSE,-21.727
3696,BJ0207,1.85715,10.24971,41.15,FALSE,-21.727
3697,BJ0207,1.85725,10.22258,43.7,FALSE,-21.727
3698,BJ0207,1.85734,10.19546,36.12,FALSE,-21.727
3699,BJ0207,1.85744,10.16833,36.12,FALSE,-21.727
3700,BJ0207,1.85754,10.1412,36.12,FALSE,-21.727
3701,BJ0207,1.85763,10.11407,46.19,FALSE,-21.727
3702,BJ0207,1.85773,10.08694,45.86,FALSE,-21.727
3703,BJ0207,1.85782,10.05982,44.17,FALSE,-21.727
3704,BJ0207,1.85792,10.03269,38.63,FALSE,-21.727
3915,BJ0207,1.88396,10.41257,44.51,FALSE,-21.727
3917,BJ0207,1.88406,10.38545,36.12,FALSE,-21.727
3919,BJ0207,1.88416,10.35832,36.12,FALSE,-21.727
3920,BJ0207,1.88425,10.33119,36.12,FALSE,-21.727
3921,BJ0207,1.88435,10.30406,37.12,FALSE,-21.727
3922,BJ0207,1.88444,10.27693,40.43,FALSE,-21.727
3923,BJ0207,1.88454,10.24981,38.63,FALSE,-21.727
3924,BJ0207,1.88463,10.22268,36.12,FALSE,-21.727
3925,BJ0207,1.88473,10.19555,36.12,FALSE,-21.727
3926,BJ0207,1.88482,10.16842,36.12,FALSE,-21.727
3927,BJ0207,1.88492,10.14129,36.12,FALSE,-21.727
3928,BJ0207,1.88501,10.11417,37.55,FALSE,-21.727
3929,BJ0207,1.8851,10.08704,46.19,FALSE,-21.727
3930,BJ0207,1.8852,10.05991,42.35,FALSE,-21.727
3931,BJ0207,1.88529,10.03278,44.17,FALSE,-21.727
4139,BJ0207,1.91118,10.46693,36.12,FALSE,-21.727
4141,BJ0207,1.91127,10.4398,39.47,FALSE,-21.727
4143,BJ0207,1.91137,10.41267,45.27,FALSE,-21.727
4144,BJ0207,1.91146,10.38554,43.67,FALSE,-21.727
4145,BJ0207,1.91155,10.35841,42.52,FALSE,-21.727
4146,BJ0207,1.91165,10.33128,40.19,FALSE,-21.727
4147,BJ0207,1.91174,10.30416,44.09,FALSE,-21.727
4148,BJ0207,1.91183,10.27703,44.05,FALSE,-21.727
4149,BJ0207,1.91193,10.2499,46.19,FALSE,-21.727
4150,BJ0207,1.91202,10.22277,46.19,FALSE,-21.727
4151,BJ0207,1.91211,10.19564,43.39,FALSE,-21.727
4152,BJ0207,1.9122,10.16851,40.76,FALSE,-21.727
4153,BJ0207,1.9123000000000001,10.14139,37.67,FALSE,-21.727
4154,BJ0207,1.91239,10.11426,37.08,FALSE,-21.727
4155,BJ0207,1.91248,10.08713,41.78,FALSE,-21.727
4156,BJ0207,1.91257,10.06,45.31,FALSE,-21.727
4157,BJ0207,1.91266,10.03287,45.31,FALSE,-21.727
4365,BJ0207,1.93849,10.49415,36.12,FALSE,-21.727
4367,BJ0207,1.93859,10.46702,38.8,FALSE,-21.727
4368,BJ0207,1.93868,10.43989,46.19,FALSE,-21.727
4369,BJ0207,1.93877,10.41276,46.19,FALSE,-21.727
4370,BJ0207,1.93886,10.38563,46.19,FALSE,-21.727
4371,BJ0207,1.93895,10.3585,46.19,FALSE,-21.727
4372,BJ0207,1.93904,10.33138,45.95,FALSE,-21.727
4373,BJ0207,1.93914,10.30425,46.19,FALSE,-21.727
4374,BJ0207,1.93923,10.27712,46.19,FALSE,-21.727
4375,BJ0207,1.93932,10.24999,46.19,FALSE,-21.727
4376,BJ0207,1.93941,10.22286,46.19,FALSE,-21.727
4377,BJ0207,1.9395,10.19573,46.19,FALSE,-21.727
4378,BJ0207,1.93959,10.1686,45.93,FALSE,-21.727
4379,BJ0207,1.93968,10.14148,45.63,FALSE,-21.727
4380,BJ0207,1.93976,10.11435,44.84,FALSE,-21.727
4381,BJ0207,1.93985,10.08722,38.89,FALSE,-21.727
4382,BJ0207,1.93994,10.06009,37.03,FALSE,-21.727
4383,BJ0207,1.94003,10.03296,39.89,FALSE,-21.727
4590,BJ0207,1.96591,10.49424,46.19,FALSE,-21.727
4591,BJ0207,1.966,10.46711,45.71,FALSE,-21.727
4592,BJ0207,1.96609,10.43998,46.19,FALSE,-21.727
4593,BJ0207,1.96617,10.41285,46.19,FALSE,-21.727
4594,BJ0207,1.96626,10.38572,46.19,FALSE,-21.727
4595,BJ0207,1.96635,10.35859,46.19,FALSE,-21.727
4596,BJ0207,1.96644,10.33146,46.19,FALSE,-21.727
4597,BJ0207,1.96653,10.30434,46.19,FALSE,-21.727
4598,BJ0207,1.96662,10.27721,46.19,FALSE,-21.727
4599,BJ0207,1.96671,10.25008,46.19,FALSE,-21.727
4600,BJ0207,1.96679,10.22295,46.19,FALSE,-21.727
4601,BJ0207,1.96688,10.19582,46.19,FALSE,-21.727
4602,BJ0207,1.96697,10.16869,46.19,FALSE,-21.727
4603,BJ0207,1.96706,10.14156,46.19,FALSE,-21.727
4604,BJ0207,1.9671400000000001,10.11443,43.91,FALSE,-21.727
4605,BJ0207,1.96723,10.0873,38.63,FALSE,-21.727
4606,BJ0207,1.96732,10.06017,36.12,FALSE,-21.727
4607,BJ0207,1.9674,10.03305,38.63,FALSE,-21.727
4823,BJ0207,1.99323,10.52145,37.79,FALSE,-21.727
4825,BJ0207,1.99332,10.49432,44.75,FALSE,-21.727
4826,BJ0207,1.9934,10.4672,44.3,FALSE,-21.727
4827,BJ0207,1.99349,10.44007,46.19,FALSE,-21.727
4828,BJ0207,1.99358,10.41294,46.19,FALSE,-21.727
4829,BJ0207,1.99367,10.38581,46.19,FALSE,-21.727
4830,BJ0207,1.99375,10.35868,46.19,FALSE,-21.727
4831,BJ0207,1.99384,10.33155,46.19,FALSE,-21.727
4832,BJ0207,1.99393,10.30442,46.19,FALSE,-21.727
4833,BJ0207,1.99401,10.27729,46.19,FALSE,-21.727
4834,BJ0207,1.9941,10.25016,47.02,FALSE,-21.727
4835,BJ0207,1.99418,10.22303,46.19,FALSE,-21.727
4836,BJ0207,1.99427,10.19591,46.19,FALSE,-21.727
4837,BJ0207,1.99435,10.16878,48.81,FALSE,-21.727
4838,BJ0207,1.99444,10.14165,45.59,FALSE,-21.727
4839,BJ0207,1.99452,10.11452,44.42,FALSE,-21.727
4840,BJ0207,1.99461,10.08739,45.27,FALSE,-21.727
4841,BJ0207,1.99469,10.06026,37.3,FALSE,-21.727
4842,BJ0207,1.99477,10.03313,40.49,FALSE,-21.727
5039,BJ0207,2.02064,10.52154,36.12,FALSE,-21.727
5040,BJ0207,2.02073,10.49441,46.19,FALSE,-21.727
5041,BJ0207,2.02081,10.46728,46.19,FALSE,-21.727
5042,BJ0207,2.0209,10.44015,46.19,FALSE,-21.727
5043,BJ0207,2.02098,10.41302,46.19,FALSE,-21.727
5044,BJ0207,2.02107,10.38589,46.19,FALSE,-21.727
5045,BJ0207,2.02115,10.35876,47.57,FALSE,-21.727
5046,BJ0207,2.02124,10.33164,46.9,FALSE,-21.727
5047,BJ0207,2.02132,10.30451,46.19,FALSE,-21.727
5048,BJ0207,2.0214,10.27738,46.19,FALSE,-21.727
5049,BJ0207,2.02149,10.25025,46.19,FALSE,-21.727
5050,BJ0207,2.02157,10.22312,46.19,FALSE,-21.727
5051,BJ0207,2.02165,10.19599,46.9,FALSE,-21.727
5052,BJ0207,2.02174,10.16886,52.93,FALSE,-21.727
5053,BJ0207,2.02182,10.14173,50,FALSE,-21.727
5054,BJ0207,2.0219,10.1146,42.62,FALSE,-21.727
5055,BJ0207,2.02198,10.08747,38.73,FALSE,-21.727
5056,BJ0207,2.02206,10.06034,36.52,FALSE,-21.727
5057,BJ0207,2.02215,10.03321,38.53,FALSE,-21.727
5265,BJ0207,2.04806,10.52162,36.12,FALSE,-21.727
5266,BJ0207,2.04814,10.49449,46.19,FALSE,-21.727
5267,BJ0207,2.04822,10.46736,45.89,FALSE,-21.727
5268,BJ0207,2.04831,10.44023,45.96,FALSE,-21.727
5269,BJ0207,2.04839,10.41311,45.23,FALSE,-21.727
5270,BJ0207,2.04847,10.38598,45.31,FALSE,-21.727
5271,BJ0207,2.04855,10.35885,47.39,FALSE,-21.727
5272,BJ0207,2.04863,10.33172,47.41,FALSE,-21.727
5273,BJ0207,2.04872,10.30459,46.19,FALSE,-21.727
5274,BJ0207,2.0488,10.27746,46.19,FALSE,-21.727
5275,BJ0207,2.04888,10.25033,46.19,FALSE,-21.727
5276,BJ0207,2.04896,10.2232,46.9,FALSE,-21.727
5277,BJ0207,2.04904,10.19607,47.02,FALSE,-21.727
5278,BJ0207,2.04912,10.16894,49.76,FALSE,-21.727
5279,BJ0207,2.0492,10.14181,47.02,FALSE,-21.727
5280,BJ0207,2.04928,10.11468,45.9,FALSE,-21.727
5281,BJ0207,2.04936,10.08755,42.58,FALSE,-21.727
5282,BJ0207,2.04944,10.06042,39.57,FALSE,-21.727
5283,BJ0207,2.04952,10.03329,42.52,FALSE,-21.727
5498,BJ0207,2.07547,10.5217,36.12,FALSE,-21.727
5499,BJ0207,2.07555,10.49457,46.19,FALSE,-21.727
5500,BJ0207,2.07563,10.46744,40.03,FALSE,-21.727
5501,BJ0207,2.07571,10.44032,40.52,FALSE,-21.727
5502,BJ0207,2.07579,10.41319,38.35,FALSE,-21.727
5503,BJ0207,2.07587,10.38606,39.65,FALSE,-21.727
5504,BJ0207,2.07595,10.35893,47.04,FALSE,-21.727
5505,BJ0207,2.07603,10.3318,46.19,FALSE,-21.727
5506,BJ0207,2.07611,10.30467,46.19,FALSE,-21.727
5507,BJ0207,2.07619,10.27754,46.19,FALSE,-21.727
5508,BJ0207,2.07627,10.25041,46.19,FALSE,-21.727
5509,BJ0207,2.07635,10.22328,46.19,FALSE,-21.727
5510,BJ0207,2.07643,10.19615,46.19,FALSE,-21.727
5511,BJ0207,2.0765,10.16902,48.64,FALSE,-21.727
5512,BJ0207,2.07658,10.14189,49.05,FALSE,-21.727
5513,BJ0207,2.07666,10.11476,50.88,FALSE,-21.727
5514,BJ0207,2.07674,10.08763,43.34,FALSE,-21.727
5515,BJ0207,2.07681,10.0605,42.41,FALSE,-21.727
5517,BJ0207,2.07689,10.03337,44.75,FALSE,-21.727
5748,BJ0207,2.10289,10.52178,37.55,FALSE,-21.727
5749,BJ0207,2.10297,10.49465,36.12,FALSE,-21.727
5750,BJ0207,2.10304,10.46752,36.12,FALSE,-21.727
5751,BJ0207,2.10312,10.44039,40.85,FALSE,-21.727
5752,BJ0207,2.1032,10.41326,36.41,FALSE,-21.727
5753,BJ0207,2.10328,10.38613,37.01,FALSE,-21.727
5754,BJ0207,2.10335,10.359,44.03,FALSE,-21.727
5755,BJ0207,2.10343,10.33187,45.98,FALSE,-21.727
5756,BJ0207,2.10351,10.30474,46.19,FALSE,-21.727
5757,BJ0207,2.10358,10.27761,46.19,FALSE,-21.727
5758,BJ0207,2.10366,10.25048,46.19,FALSE,-21.727
5759,BJ0207,2.10374,10.22335,48.33,FALSE,-21.727
5760,BJ0207,2.10381,10.19622,46.19,FALSE,-21.727
5761,BJ0207,2.10389,10.16909,56.19,FALSE,-21.727
5762,BJ0207,2.10396,10.14196,56.19,FALSE,-21.727
5763,BJ0207,2.10404,10.11483,55.48,FALSE,-21.727
5764,BJ0207,2.10411,10.0877,45.86,FALSE,-21.727
5765,BJ0207,2.10419,10.06057,37.55,FALSE,-21.727
5998,BJ0207,2.1303,10.52186,36.12,FALSE,-21.727
5999,BJ0207,2.13038,10.49473,36.12,FALSE,-21.727
6000,BJ0207,2.13045,10.4676,36.12,FALSE,-21.727
6001,BJ0207,2.13053,10.44047,36.12,FALSE,-21.727
6002,BJ0207,2.1306,10.41334,36.12,FALSE,-21.727
6003,BJ0207,2.13068,10.38621,40.76,FALSE,-21.727
6004,BJ0207,2.13075,10.35908,46.19,FALSE,-21.727
6005,BJ0207,2.13083,10.33195,44.51,FALSE,-21.727
6006,BJ0207,2.1309,10.30482,47.29,FALSE,-21.727
6007,BJ0207,2.13098,10.27769,49.52,FALSE,-21.727
6008,BJ0207,2.13105,10.25056,46.19,FALSE,-21.727
6009,BJ0207,2.13113,10.22343,46.19,FALSE,-21.727
6010,BJ0207,2.1312,10.1963,46.19,FALSE,-21.727
6011,BJ0207,2.13127,10.16917,51.7,FALSE,-21.727
6012,BJ0207,2.13135,10.14204,51.19,FALSE,-21.727
6013,BJ0207,2.13142,10.11491,48.02,FALSE,-21.727
6014,BJ0207,2.13149,10.08778,43.66,FALSE,-21.727
6016,BJ0207,2.13156,10.06065,43.31,FALSE,-21.727
6231,BJ0207,2.15772,10.52193,43.7,FALSE,-21.727
6232,BJ0207,2.15779,10.4948,43.7,FALSE,-21.727
6233,BJ0207,2.15786,10.46767,36.12,FALSE,-21.727
6234,BJ0207,2.15794,10.44054,36.12,FALSE,-21.727
6236,BJ0207,2.15801,10.41341,36.12,FALSE,-21.727
6238,BJ0207,2.15808,10.38628,36.54,FALSE,-21.727
6240,BJ0207,2.15816,10.35915,42.83,FALSE,-21.727
6242,BJ0207,2.15823,10.33202,44.13,FALSE,-21.727
6244,BJ0207,2.1583,10.30489,45.23,FALSE,-21.727
6245,BJ0207,2.15837,10.27776,46.59,FALSE,-21.727
6246,BJ0207,2.15844,10.25063,47,FALSE,-21.727
6247,BJ0207,2.15851,10.2235,46.19,FALSE,-21.727
6248,BJ0207,2.15859,10.19637,46.19,FALSE,-21.727
6249,BJ0207,2.15866,10.16924,46.9,FALSE,-21.727
6250,BJ0207,2.15873,10.14211,52.86,FALSE,-21.727
6251,BJ0207,2.1588,10.11498,53.33,FALSE,-21.727
6252,BJ0207,2.15887,10.08785,44.1,FALSE,-21.727
6466,BJ0207,2.18506,10.54913,36.12,FALSE,-21.727
6468,BJ0207,2.18513,10.522,36.12,FALSE,-21.727
6469,BJ0207,2.1852,10.49487,36.12,FALSE,-21.727
6471,BJ0207,2.18527,10.46774,36.12,FALSE,-21.727
6473,BJ0207,2.18535,10.44061,37.95,FALSE,-21.727
6478,BJ0207,2.18563,10.332090000000001,46.19,FALSE,-21.727
6480,BJ0207,2.1857,10.30496,46.19,FALSE,-21.727
6481,BJ0207,2.18577,10.27783,48.09,FALSE,-21.727
6482,BJ0207,2.18583,10.2507,50.07,FALSE,-21.727
6483,BJ0207,2.1859,10.22357,54.94,FALSE,-21.727
6484,BJ0207,2.18597,10.19644,51.19,FALSE,-21.727
6485,BJ0207,2.18604,10.16931,48.02,FALSE,-21.727
6486,BJ0207,2.18611,10.14218,54.52,FALSE,-21.727
6487,BJ0207,2.18618,10.11505,54.56,FALSE,-21.727
6488,BJ0207,2.18625,10.08792,45.21,FALSE,-21.727
6706,BJ0207,2.21248,10.5492,39.47,FALSE,-21.727
6707,BJ0207,2.21255,10.52207,36.12,FALSE,-21.727
6709,BJ0207,2.21262,10.49494,36.12,FALSE,-21.727
6716,BJ0207,2.21303,10.33216,46.19,FALSE,-21.727
6718,BJ0207,2.21309,10.30503,46.19,FALSE,-21.727
6720,BJ0207,2.21316,10.2779,49.52,FALSE,-21.727
6722,BJ0207,2.21323,10.25077,49.99,FALSE,-21.727
6723,BJ0207,2.21329,10.22364,51.52,FALSE,-21.727
6724,BJ0207,2.21336,10.19651,47.57,FALSE,-21.727
6725,BJ0207,2.21343,10.16938,51.19,FALSE,-21.727
6726,BJ0207,2.21349,10.14225,53.68,FALSE,-21.727
6727,BJ0207,2.21356,10.11511,45.21,FALSE,-21.727
6728,BJ0207,2.21363,10.08798,44.75,FALSE,-21.727
6974,BJ0207,2.2399,10.54927,46.19,FALSE,-21.727
6976,BJ0207,2.23996,10.52214,46.19,FALSE,-21.727
6986,BJ0207,2.24055,10.27796,46.19,FALSE,-21.727
6988,BJ0207,2.24062,10.25083,46.19,FALSE,-21.727
6990,BJ0207,2.24068,10.2237,45.18,FALSE,-21.727
6992,BJ0207,2.24075,10.19657,46.68,FALSE,-21.727
6994,BJ0207,2.24081,10.16944,39.81,FALSE,-21.727
6996,BJ0207,2.24088,10.14231,39.38,FALSE,-21.727
6998,BJ0207,2.24094,10.11518,36.75,FALSE,-21.727
7000,BJ0207,2.241,10.08805,37.79,FALSE,-21.727
7229,BJ0207,2.2682,10.1695,38.38,FALSE,-21.727
7231,BJ0207,2.26826,10.14237,38.42,FALSE,-21.727
265,BJ0208,1.03376,10.54407,61.78,FALSE,-6.132
268,BJ0208,1.03393,10.51696,61.78,FALSE,-6.132
282,BJ0208,1.05732,11.14081,61.78,FALSE,-6.132
283,BJ0208,1.0575,11.11369,61.78,FALSE,-6.132
303,BJ0208,1.061,10.57136,61.78,FALSE,-6.132
305,BJ0208,1.06117,10.54424,61.78,FALSE,-6.132
307,BJ0208,1.06134,10.51712,61.78,FALSE,-6.132
309,BJ0208,1.0615,10.49001,61.78,FALSE,-6.132
323,BJ0208,1.08478,11.14098,61.78,FALSE,-6.132
324,BJ0208,1.08496,11.11387,61.78,FALSE,-6.132
325,BJ0208,1.08513,11.08675,61.78,FALSE,-6.132
327,BJ0208,1.08531,11.05963,61.78,FALSE,-6.132
346,BJ0208,1.0884,10.57153,61.78,FALSE,-6.132
347,BJ0208,1.08857,10.54441,61.78,FALSE,-6.132
348,BJ0208,1.08874,10.51729,61.78,FALSE,-6.132
350,BJ0208,1.0889,10.49017,61.78,FALSE,-6.132
352,BJ0208,1.08907,10.46306,61.78,FALSE,-6.132
354,BJ0208,1.08924,10.43594,61.78,FALSE,-6.132
367,BJ0208,1.11206,11.16827,61.78,FALSE,-6.132
368,BJ0208,1.11224,11.14116,61.78,FALSE,-6.132
369,BJ0208,1.11241,11.11404,61.78,FALSE,-6.132
370,BJ0208,1.11259,11.08692,61.78,FALSE,-6.132
371,BJ0208,1.11276,11.05981,61.78,FALSE,-6.132
373,BJ0208,1.11293,11.03269,61.78,FALSE,-6.132
375,BJ0208,1.11311,11.00557,61.78,FALSE,-6.132
377,BJ0208,1.11328,10.97846,61.78,FALSE,-6.132
379,BJ0208,1.11345,10.95134,61.78,FALSE,-6.132
381,BJ0208,1.11362,10.92422,61.78,FALSE,-6.132
383,BJ0208,1.11379,10.8971,61.78,FALSE,-6.132
395,BJ0208,1.11565,10.59881,61.78,FALSE,-6.132
397,BJ0208,1.11581,10.57169,61.78,FALSE,-6.132
398,BJ0208,1.11598,10.54457,61.78,FALSE,-6.132
399,BJ0208,1.11614,10.51745,61.78,FALSE,-6.132
400,BJ0208,1.1163,10.49034,61.78,FALSE,-6.132
401,BJ0208,1.11647,10.46322,61.78,FALSE,-6.132
402,BJ0208,1.11663,10.4361,61.78,FALSE,-6.132
404,BJ0208,1.1168,10.40898,61.78,FALSE,-6.132
416,BJ0208,1.13883,11.27692,61.78,FALSE,-6.132
417,BJ0208,1.139,11.2498,61.78,FALSE,-6.132
418,BJ0208,1.13918,11.22268,61.78,FALSE,-6.132
419,BJ0208,1.13935,11.19556,61.78,FALSE,-6.132
420,BJ0208,1.13952,11.16845,61.78,FALSE,-6.132
421,BJ0208,1.1397,11.14133,61.78,FALSE,-6.132
422,BJ0208,1.13987,11.11421,61.78,FALSE,-6.132
423,BJ0208,1.14004,11.08709,61.78,FALSE,-6.132
424,BJ0208,1.14021,11.05998,61.78,FALSE,-6.132
425,BJ0208,1.14038,11.03286,61.78,FALSE,-6.132
426,BJ0208,1.14055,11.00574,61.78,FALSE,-6.132
427,BJ0208,1.14072,10.97862,61.78,FALSE,-6.132
428,BJ0208,1.14089,10.95151,61.78,FALSE,-6.132
429,BJ0208,1.14106,10.92439,61.78,FALSE,-6.132
431,BJ0208,1.14123,10.89727,61.78,FALSE,-6.132
443,BJ0208,1.14306,10.59897,61.78,FALSE,-6.132
444,BJ0208,1.14322,10.57185,61.78,FALSE,-6.132
445,BJ0208,1.14338,10.54473,61.78,FALSE,-6.132
446,BJ0208,1.14354,10.51762,61.78,FALSE,-6.132
447,BJ0208,1.14371,10.4905,61.78,FALSE,-6.132
448,BJ0208,1.14387,10.46338,61.78,FALSE,-6.132
449,BJ0208,1.14403,10.43626,61.78,FALSE,-6.132
450,BJ0208,1.14419,10.40914,61.78,FALSE,-6.132
463,BJ0208,1.1663,11.27709,61.78,FALSE,-6.132
464,BJ0208,1.16648,11.24997,61.78,FALSE,-6.132
465,BJ0208,1.16665,11.22285,61.78,FALSE,-6.132
466,BJ0208,1.16682,11.19573,61.78,FALSE,-6.132
467,BJ0208,1.16699,11.16862,61.78,FALSE,-6.132
468,BJ0208,1.16716,11.1415,61.78,FALSE,-6.132
469,BJ0208,1.16733,11.11438,61.78,FALSE,-6.132
470,BJ0208,1.1675,11.08726,61.78,FALSE,-6.132
471,BJ0208,1.16767,11.06014,61.78,FALSE,-6.132
472,BJ0208,1.16783,11.03303,61.78,FALSE,-6.132
473,BJ0208,1.168,11.00591,61.78,FALSE,-6.132
474,BJ0208,1.16817,10.97879,61.78,FALSE,-6.132
475,BJ0208,1.16834,10.95167,61.78,FALSE,-6.132
476,BJ0208,1.1685,10.92455,61.78,FALSE,-6.132
478,BJ0208,1.16867,10.89744,61.78,FALSE,-6.132
480,BJ0208,1.16883,10.87032,61.78,FALSE,-6.132
488,BJ0208,1.16998,10.68049,61.78,FALSE,-6.132
490,BJ0208,1.17014,10.65337,61.78,FALSE,-6.132
492,BJ0208,1.1703,10.62625,61.78,FALSE,-6.132
494,BJ0208,1.17047,10.59913,61.78,FALSE,-6.132
495,BJ0208,1.17063,10.57201,61.78,FALSE,-6.132
496,BJ0208,1.17079,10.54489,61.78,FALSE,-6.132
497,BJ0208,1.17095,10.51778,61.78,FALSE,-6.132
498,BJ0208,1.17111,10.49066,61.78,FALSE,-6.132
499,BJ0208,1.17127,10.46354,61.78,FALSE,-6.132
500,BJ0208,1.17142,10.43642,61.78,FALSE,-6.132
502,BJ0208,1.17158,10.4093,61.78,FALSE,-6.132
515,BJ0208,1.19395,11.25014,61.78,FALSE,-6.132
516,BJ0208,1.19411,11.22302,61.78,FALSE,-6.132
517,BJ0208,1.19428,11.1959,61.78,FALSE,-6.132
518,BJ0208,1.19445,11.16878,61.78,FALSE,-6.132
519,BJ0208,1.19462,11.14166,61.78,FALSE,-6.132
520,BJ0208,1.19479,11.11455,61.78,FALSE,-6.132
521,BJ0208,1.19495,11.08743,61.78,FALSE,-6.132
522,BJ0208,1.19512,11.06031,61.78,FALSE,-6.132
523,BJ0208,1.19528,11.03319,61.78,FALSE,-6.132
524,BJ0208,1.19545,11.00607,61.78,FALSE,-6.132
525,BJ0208,1.19561,10.97895,61.78,FALSE,-6.132
526,BJ0208,1.19578,10.95184,61.78,FALSE,-6.132
527,BJ0208,1.19594,10.92472,61.78,FALSE,-6.132
528,BJ0208,1.19611,10.8976,61.78,FALSE,-6.132
530,BJ0208,1.19627,10.87048,61.78,FALSE,-6.132
532,BJ0208,1.19643,10.84336,61.78,FALSE,-6.132
538,BJ0208,1.19724,10.70777,61.78,FALSE,-6.132
540,BJ0208,1.1974,10.68065,61.78,FALSE,-6.132
541,BJ0208,1.19756,10.65353,61.78,FALSE,-6.132
542,BJ0208,1.19772,10.62641,61.78,FALSE,-6.132
543,BJ0208,1.19788,10.59929,61.78,FALSE,-6.132
544,BJ0208,1.19804,10.57217,61.78,FALSE,-6.132
545,BJ0208,1.19819,10.54505,61.78,FALSE,-6.132
546,BJ0208,1.19835,10.51793,61.78,FALSE,-6.132
547,BJ0208,1.19851,10.49081,61.78,FALSE,-6.132
548,BJ0208,1.19867,10.46369,61.78,FALSE,-6.132
549,BJ0208,1.19882,10.43657,61.78,FALSE,-6.132
573,BJ0208,1.22142,11.2503,61.78,FALSE,-6.132
574,BJ0208,1.22158,11.22318,61.78,FALSE,-6.132
575,BJ0208,1.22175,11.19607,61.78,FALSE,-6.132
576,BJ0208,1.22191,11.16895,61.78,FALSE,-6.132
577,BJ0208,1.22208,11.14183,61.78,FALSE,-6.132
578,BJ0208,1.22224,11.11471,61.78,FALSE,-6.132
579,BJ0208,1.22241,11.08759,61.78,FALSE,-6.132
580,BJ0208,1.22257,11.06047,61.78,FALSE,-6.132
581,BJ0208,1.22274,11.03335,61.78,FALSE,-6.132
582,BJ0208,1.2229,11.00623,61.78,FALSE,-6.132
583,BJ0208,1.22306,10.97912,61.78,FALSE,-6.132
584,BJ0208,1.22322,10.952,61.78,FALSE,-6.132
585,BJ0208,1.22338,10.92488,61.78,FALSE,-6.132
586,BJ0208,1.22355,10.89776,61.78,FALSE,-6.132
587,BJ0208,1.22371,10.87064,61.78,FALSE,-6.132
589,BJ0208,1.22387,10.84352,61.78,FALSE,-6.132
591,BJ0208,1.22403,10.8164,61.78,FALSE,-6.132
596,BJ0208,1.22466,10.70792,61.78,FALSE,-6.132
597,BJ0208,1.22482,10.6808,61.78,FALSE,-6.132
598,BJ0208,1.22498,10.65369,61.78,FALSE,-6.132
599,BJ0208,1.22513,10.62657,61.78,FALSE,-6.132
600,BJ0208,1.22529,10.59945,61.78,FALSE,-6.132
601,BJ0208,1.22545,10.57233,61.78,FALSE,-6.132
602,BJ0208,1.2256,10.54521,61.78,FALSE,-6.132
603,BJ0208,1.22576,10.51809,61.78,FALSE,-6.132
604,BJ0208,1.22591,10.49097,61.78,FALSE,-6.132
605,BJ0208,1.22607,10.46385,61.78,FALSE,-6.132
607,BJ0208,1.22622,10.43673,61.78,FALSE,-6.132
629,BJ0208,1.2484,11.33182,61.78,FALSE,-6.132
630,BJ0208,1.24856,11.3047,61.78,FALSE,-6.132
631,BJ0208,1.24873,11.27758,61.78,FALSE,-6.132
632,BJ0208,1.24889,11.25047,61.78,FALSE,-6.132
633,BJ0208,1.24905,11.22335,61.78,FALSE,-6.132
634,BJ0208,1.24922,11.19623,61.78,FALSE,-6.132
635,BJ0208,1.24938,11.16911,61.78,FALSE,-6.132
636,BJ0208,1.24954,11.14199,61.78,FALSE,-6.132
637,BJ0208,1.2497,11.11487,61.78,FALSE,-6.132
638,BJ0208,1.24986,11.08775,61.78,FALSE,-6.132
639,BJ0208,1.25003,11.06063,61.78,FALSE,-6.132
640,BJ0208,1.25019,11.03351,61.78,FALSE,-6.132
641,BJ0208,1.25035,11.00639,61.78,FALSE,-6.132
642,BJ0208,1.25051,10.97927,61.78,FALSE,-6.132
643,BJ0208,1.25067,10.95216,61.78,FALSE,-6.132
644,BJ0208,1.25083,10.92504,61.78,FALSE,-6.132
645,BJ0208,1.25098,10.89792,61.78,FALSE,-6.132
646,BJ0208,1.25114,10.8708,61.78,FALSE,-6.132
647,BJ0208,1.2513,10.84368,61.78,FALSE,-6.132
649,BJ0208,1.25146,10.81656,61.78,FALSE,-6.132
651,BJ0208,1.25161,10.78944,61.78,FALSE,-6.132
653,BJ0208,1.25177,10.76232,61.78,FALSE,-6.132
655,BJ0208,1.25193,10.7352,61.78,FALSE,-6.132
657,BJ0208,1.25208,10.70808,61.78,FALSE,-6.132
658,BJ0208,1.25224,10.68096,61.78,FALSE,-6.132
659,BJ0208,1.25239,10.65384,61.78,FALSE,-6.132
660,BJ0208,1.25255,10.62672,61.78,FALSE,-6.132
661,BJ0208,1.2527,10.5996,61.78,FALSE,-6.132
662,BJ0208,1.25285,10.57248,61.78,FALSE,-6.132
663,BJ0208,1.25301,10.54536,61.78,FALSE,-6.132
664,BJ0208,1.25316,10.51824,61.78,FALSE,-6.132
665,BJ0208,1.25331,10.49112,61.78,FALSE,-6.132
667,BJ0208,1.25347,10.464,61.78,FALSE,-6.132
686,BJ0208,1.27588,11.33198,61.78,FALSE,-6.132
687,BJ0208,1.27604,11.30486,61.78,FALSE,-6.132
688,BJ0208,1.2762,11.27775,61.78,FALSE,-6.132
689,BJ0208,1.27636,11.25063,61.78,FALSE,-6.132
690,BJ0208,1.27652,11.22351,61.78,FALSE,-6.132
691,BJ0208,1.27668,11.19639,61.78,FALSE,-6.132
692,BJ0208,1.27684,11.16927,61.78,FALSE,-6.132
693,BJ0208,1.277,11.142150000000001,61.78,FALSE,-6.132
694,BJ0208,1.27716,11.11503,61.78,FALSE,-6.132
695,BJ0208,1.27732,11.08791,61.78,FALSE,-6.132
696,BJ0208,1.27748,11.06079,61.78,FALSE,-6.132
697,BJ0208,1.27764,11.03367,61.78,FALSE,-6.132
698,BJ0208,1.2778,11.00655,61.78,FALSE,-6.132
699,BJ0208,1.27795,10.97943,61.78,FALSE,-6.132
700,BJ0208,1.27811,10.95231,61.78,FALSE,-6.132
701,BJ0208,1.27827,10.92519,61.78,FALSE,-6.132
702,BJ0208,1.27842,10.89807,61.78,FALSE,-6.132
703,BJ0208,1.27858,10.87095,61.78,FALSE,-6.132
704,BJ0208,1.27873,10.84383,61.78,FALSE,-6.132
705,BJ0208,1.27889,10.81671,61.78,FALSE,-6.132
706,BJ0208,1.27904,10.78959,61.78,FALSE,-6.132
707,BJ0208,1.2792,10.76247,61.78,FALSE,-6.132
708,BJ0208,1.27935,10.73535,61.78,FALSE,-6.132
709,BJ0208,1.2795,10.70823,61.78,FALSE,-6.132
710,BJ0208,1.27966,10.68111,61.78,FALSE,-6.132
711,BJ0208,1.27981,10.65399,61.78,FALSE,-6.132
712,BJ0208,1.27996,10.62687,61.78,FALSE,-6.132
713,BJ0208,1.28011,10.59975,61.78,FALSE,-6.132
714,BJ0208,1.28027,10.57263,61.78,FALSE,-6.132
715,BJ0208,1.28042,10.54551,61.78,FALSE,-6.132
716,BJ0208,1.28057,10.51839,61.78,FALSE,-6.132
718,BJ0208,1.28072,10.49127,61.78,FALSE,-6.132
744,BJ0208,1.30352,11.30502,61.78,FALSE,-6.132
745,BJ0208,1.30368,11.2779,61.78,FALSE,-6.132
746,BJ0208,1.30383,11.25078,61.78,FALSE,-6.132
747,BJ0208,1.30399,11.22366,61.78,FALSE,-6.132
748,BJ0208,1.30415,11.19654,61.78,FALSE,-6.132
749,BJ0208,1.30431,11.16942,61.78,FALSE,-6.132
750,BJ0208,1.30447,11.14231,61.78,FALSE,-6.132
751,BJ0208,1.30462,11.11519,61.78,FALSE,-6.132
752,BJ0208,1.30478,11.08807,61.78,FALSE,-6.132
753,BJ0208,1.30494,11.06095,61.78,FALSE,-6.132
754,BJ0208,1.30509,11.03383,61.78,FALSE,-6.132
755,BJ0208,1.30525,11.00671,61.78,FALSE,-6.132
756,BJ0208,1.3054,10.97959,61.78,FALSE,-6.132
757,BJ0208,1.30556,10.95247,61.78,FALSE,-6.132
758,BJ0208,1.30571,10.92535,61.78,FALSE,-6.132
759,BJ0208,1.30586,10.89822,61.78,FALSE,-6.132
760,BJ0208,1.30602,10.8711,61.78,FALSE,-6.132
761,BJ0208,1.30617,10.84398,61.78,FALSE,-6.132
762,BJ0208,1.30632,10.81686,61.78,FALSE,-6.132
763,BJ0208,1.30647,10.78974,61.78,FALSE,-6.132
764,BJ0208,1.30663,10.76262,61.78,FALSE,-6.132
765,BJ0208,1.30678,10.7355,61.78,FALSE,-6.132
766,BJ0208,1.30693,10.70838,61.78,FALSE,-6.132
767,BJ0208,1.30708,10.68126,61.78,FALSE,-6.132
768,BJ0208,1.30723,10.65414,61.78,FALSE,-6.132
769,BJ0208,1.30738,10.62702,61.78,FALSE,-6.132
770,BJ0208,1.30753,10.5999,61.78,FALSE,-6.132
771,BJ0208,1.30768,10.57278,61.78,FALSE,-6.132
772,BJ0208,1.30782,10.54566,61.78,FALSE,-6.132
774,BJ0208,1.30797,10.51854,61.78,FALSE,-6.132
798,BJ0208,1.33068,11.35942,61.78,FALSE,-6.132
799,BJ0208,1.33084,11.3323,61.78,FALSE,-6.132
800,BJ0208,1.33099,11.30518,61.78,FALSE,-6.132
801,BJ0208,1.33115,11.27806,61.78,FALSE,-6.132
802,BJ0208,1.33131,11.25094,61.78,FALSE,-6.132
803,BJ0208,1.33146,11.22382,61.78,FALSE,-6.132
804,BJ0208,1.33162,11.1967,61.78,FALSE,-6.132
805,BJ0208,1.33177,11.16958,61.78,FALSE,-6.132
806,BJ0208,1.33193,11.14246,61.78,FALSE,-6.132
807,BJ0208,1.33208,11.11534,61.78,FALSE,-6.132
808,BJ0208,1.33224,11.08822,61.78,FALSE,-6.132
809,BJ0208,1.33239,11.0611,61.78,FALSE,-6.132
810,BJ0208,1.33254,11.03398,61.78,FALSE,-6.132
811,BJ0208,1.3327,11.00686,61.78,FALSE,-6.132
812,BJ0208,1.33285,10.97974,61.78,FALSE,-6.132
813,BJ0208,1.333,10.95262,61.78,FALSE,-6.132
814,BJ0208,1.33315,10.9255,61.78,FALSE,-6.132
815,BJ0208,1.3333,10.89838,61.78,FALSE,-6.132
816,BJ0208,1.33345,10.87125,61.78,FALSE,-6.132
817,BJ0208,1.3336,10.84413,61.78,FALSE,-6.132
818,BJ0208,1.33375,10.81701,61.78,FALSE,-6.132
819,BJ0208,1.3339,10.78989,61.78,FALSE,-6.132
820,BJ0208,1.33405,10.76277,61.78,FALSE,-6.132
821,BJ0208,1.3342,10.73565,61.78,FALSE,-6.132
822,BJ0208,1.33435,10.70853,61.78,FALSE,-6.132
823,BJ0208,1.3345,10.68141,61.78,FALSE,-6.132
824,BJ0208,1.33465,10.65429,61.78,FALSE,-6.132
825,BJ0208,1.33479,10.62717,61.78,FALSE,-6.132
826,BJ0208,1.33494,10.60005,61.78,FALSE,-6.132
827,BJ0208,1.33509,10.57292,61.78,FALSE,-6.132
829,BJ0208,1.33523,10.5458,61.78,FALSE,-6.132
857,BJ0208,1.35801,11.38669,61.78,FALSE,-6.132
858,BJ0208,1.35816,11.35957,61.78,FALSE,-6.132
859,BJ0208,1.35832,11.33245,61.78,FALSE,-6.132
860,BJ0208,1.35847,11.30533,61.78,FALSE,-6.132
861,BJ0208,1.35863,11.27821,61.78,FALSE,-6.132
862,BJ0208,1.35878,11.25109,61.78,FALSE,-6.132
863,BJ0208,1.35893,11.22397,61.78,FALSE,-6.132
864,BJ0208,1.35909,11.19685,61.78,FALSE,-6.132
865,BJ0208,1.35924,11.16973,61.78,FALSE,-6.132
866,BJ0208,1.35939,11.14261,61.78,FALSE,-6.132
867,BJ0208,1.35954,11.11549,61.78,FALSE,-6.132
868,BJ0208,1.3597,11.08837,61.78,FALSE,-6.132
869,BJ0208,1.35985,11.06125,61.78,FALSE,-6.132
870,BJ0208,1.36,11.03413,61.78,FALSE,-6.132
871,BJ0208,1.36015,11.00701,61.78,FALSE,-6.132
872,BJ0208,1.3603,10.97989,61.78,FALSE,-6.132
873,BJ0208,1.36045,10.95277,61.78,FALSE,-6.132
874,BJ0208,1.3606,10.92564,61.78,FALSE,-6.132
875,BJ0208,1.36074,10.89852,61.78,FALSE,-6.132
876,BJ0208,1.36089,10.8714,61.78,FALSE,-6.132
877,BJ0208,1.36104,10.84428,61.78,FALSE,-6.132
878,BJ0208,1.36119,10.81716,61.78,FALSE,-6.132
879,BJ0208,1.36134,10.79004,61.78,FALSE,-6.132
880,BJ0208,1.36148,10.76292,61.78,FALSE,-6.132
881,BJ0208,1.36163,10.7358,61.78,FALSE,-6.132
882,BJ0208,1.36177,10.70867,61.78,FALSE,-6.132
883,BJ0208,1.36192,10.68155,61.78,FALSE,-6.132
884,BJ0208,1.36206,10.65443,61.78,FALSE,-6.132
885,BJ0208,1.36221,10.62731,61.78,FALSE,-6.132
886,BJ0208,1.36235,10.60019,61.78,FALSE,-6.132
888,BJ0208,1.3625,10.57307,61.78,FALSE,-6.132
938,BJ0208,1.38519,11.44109,61.78,FALSE,-6.132
939,BJ0208,1.38534,11.41397,61.78,FALSE,-6.132
940,BJ0208,1.38549,11.38685,61.78,FALSE,-6.132
941,BJ0208,1.38565,11.35973,61.78,FALSE,-6.132
942,BJ0208,1.3858,11.3326,61.78,FALSE,-6.132
943,BJ0208,1.38595,11.30548,61.78,FALSE,-6.132
944,BJ0208,1.3861,11.27836,61.78,FALSE,-6.132
945,BJ0208,1.38625,11.25124,61.78,FALSE,-6.132
946,BJ0208,1.38641,11.22412,61.78,FALSE,-6.132
947,BJ0208,1.38656,11.197,61.78,FALSE,-6.132
948,BJ0208,1.38671,11.16988,61.78,FALSE,-6.132
949,BJ0208,1.38686,11.142760000000001,61.78,FALSE,-6.132
950,BJ0208,1.387,11.11564,61.78,FALSE,-6.132
951,BJ0208,1.38715,11.08852,61.78,FALSE,-6.132
952,BJ0208,1.3873,11.0614,61.78,FALSE,-6.132
953,BJ0208,1.38745,11.03428,61.78,FALSE,-6.132
954,BJ0208,1.3876,11.00715,61.78,FALSE,-6.132
955,BJ0208,1.38775,10.98003,61.78,FALSE,-6.132
956,BJ0208,1.38789,10.95291,61.78,FALSE,-6.132
957,BJ0208,1.38804,10.92579,61.78,FALSE,-6.132
958,BJ0208,1.38819,10.89867,61.78,FALSE,-6.132
959,BJ0208,1.38833,10.87155,61.78,FALSE,-6.132
960,BJ0208,1.38848,10.84443,61.78,FALSE,-6.132
961,BJ0208,1.38862,10.8173,61.78,FALSE,-6.132
962,BJ0208,1.38877,10.79018,61.78,FALSE,-6.132
963,BJ0208,1.38891,10.76306,61.78,FALSE,-6.132
964,BJ0208,1.38905,10.73594,61.78,FALSE,-6.132
965,BJ0208,1.3892,10.70882,61.78,FALSE,-6.132
966,BJ0208,1.38934,10.6817,61.78,FALSE,-6.132
967,BJ0208,1.38948,10.65457,61.78,FALSE,-6.132
968,BJ0208,1.38963,10.62745,61.78,FALSE,-6.132
969,BJ0208,1.38977,10.60033,61.78,FALSE,-6.132
1027,BJ0208,1.41253,11.46836,61.78,FALSE,-6.132
1028,BJ0208,1.41268,11.44124,61.78,FALSE,-6.132
1029,BJ0208,1.41283,11.41412,61.78,FALSE,-6.132
1030,BJ0208,1.41298,11.387,61.78,FALSE,-6.132
1031,BJ0208,1.41313,11.35987,61.78,FALSE,-6.132
1032,BJ0208,1.41328,11.33275,61.78,FALSE,-6.132
1033,BJ0208,1.41343,11.30563,61.78,FALSE,-6.132
1034,BJ0208,1.41358,11.27851,61.78,FALSE,-6.132
1035,BJ0208,1.41373,11.25139,61.78,FALSE,-6.132
1036,BJ0208,1.41388,11.22427,61.78,FALSE,-6.132
1037,BJ0208,1.41403,11.19715,61.78,FALSE,-6.132
1038,BJ0208,1.41417,11.17003,61.78,FALSE,-6.132
1039,BJ0208,1.41432,11.14291,61.78,FALSE,-6.132
1040,BJ0208,1.41447,11.11578,61.78,FALSE,-6.132
1041,BJ0208,1.41461,11.08866,61.78,FALSE,-6.132
1042,BJ0208,1.41476,11.06154,61.78,FALSE,-6.132
1043,BJ0208,1.4149,11.03442,61.78,FALSE,-6.132
1044,BJ0208,1.41505,11.0073,61.78,FALSE,-6.132
1045,BJ0208,1.41519,10.98018,61.78,FALSE,-6.132
1046,BJ0208,1.41534,10.95306,61.78,FALSE,-6.132
1047,BJ0208,1.41548,10.92593,61.78,FALSE,-6.132
1048,BJ0208,1.41563,10.89881,61.78,FALSE,-6.132
1049,BJ0208,1.41577,10.87169,61.78,FALSE,-6.132
1050,BJ0208,1.41591,10.84457,61.78,FALSE,-6.132
1051,BJ0208,1.41606,10.81745,61.78,FALSE,-6.132
1052,BJ0208,1.4162,10.79032,61.78,FALSE,-6.132
1053,BJ0208,1.41634,10.7632,61.78,FALSE,-6.132
1054,BJ0208,1.41648,10.73608,61.78,FALSE,-6.132
1055,BJ0208,1.41662,10.70896,61.78,FALSE,-6.132
1056,BJ0208,1.41676,10.68184,61.78,FALSE,-6.132
1057,BJ0208,1.4169,10.65471,61.78,FALSE,-6.132
1058,BJ0208,1.41704,10.62759,61.78,FALSE,-6.132
1060,BJ0208,1.41718,10.60047,61.78,FALSE,-6.132
1118,BJ0208,1.44002,11.46851,61.78,FALSE,-6.132
1119,BJ0208,1.44017,11.44138,61.78,FALSE,-6.132
1120,BJ0208,1.44032,11.41426,61.78,FALSE,-6.132
1121,BJ0208,1.44047,11.38714,61.78,FALSE,-6.132
1122,BJ0208,1.44062,11.36002,61.78,FALSE,-6.132
1123,BJ0208,1.44076,11.3329,61.78,FALSE,-6.132
1124,BJ0208,1.44091,11.30578,61.78,FALSE,-6.132
1125,BJ0208,1.44106,11.27866,61.78,FALSE,-6.132
1126,BJ0208,1.4412,11.25154,61.78,FALSE,-6.132
1127,BJ0208,1.44135,11.22441,61.78,FALSE,-6.132
1128,BJ0208,1.44149,11.19729,61.78,FALSE,-6.132
1129,BJ0208,1.44164,11.17017,61.78,FALSE,-6.132
1130,BJ0208,1.44178,11.14305,61.78,FALSE,-6.132
1131,BJ0208,1.44193,11.11593,61.78,FALSE,-6.132
1132,BJ0208,1.44207,11.08881,61.78,FALSE,-6.132
1133,BJ0208,1.44222,11.06168,61.78,FALSE,-6.132
1134,BJ0208,1.44236,11.03456,61.78,FALSE,-6.132
1135,BJ0208,1.4425,11.00744,61.78,FALSE,-6.132
1136,BJ0208,1.44264,10.98032,61.78,FALSE,-6.132
1137,BJ0208,1.44279,10.9532,61.78,FALSE,-6.132
1138,BJ0208,1.44293,10.92607,61.78,FALSE,-6.132
1139,BJ0208,1.44307,10.89895,61.78,FALSE,-6.132
1140,BJ0208,1.44321,10.87183,61.78,FALSE,-6.132
1141,BJ0208,1.44335,10.84471,61.78,FALSE,-6.132
1142,BJ0208,1.44349,10.81759,61.78,FALSE,-6.132
1143,BJ0208,1.44363,10.79046,61.78,FALSE,-6.132
1144,BJ0208,1.44377,10.76334,61.78,FALSE,-6.132
1145,BJ0208,1.44391,10.73622,61.78,FALSE,-6.132
1146,BJ0208,1.44405,10.7091,61.78,FALSE,-6.132
1147,BJ0208,1.44418,10.68197,61.78,FALSE,-6.132
1148,BJ0208,1.44432,10.65485,61.78,FALSE,-6.132
1150,BJ0208,1.44446,10.62773,61.78,FALSE,-6.132
1213,BJ0208,1.46752,11.46865,61.78,FALSE,-6.132
1214,BJ0208,1.46767,11.44153,61.78,FALSE,-6.132
1215,BJ0208,1.46781,11.41441,61.78,FALSE,-6.132
1216,BJ0208,1.46796,11.38729,61.78,FALSE,-6.132
1217,BJ0208,1.4681,11.36017,61.78,FALSE,-6.132
1218,BJ0208,1.46825,11.33304,61.78,FALSE,-6.132
1219,BJ0208,1.46839,11.30592,61.78,FALSE,-6.132
1220,BJ0208,1.46854,11.2788,61.78,FALSE,-6.132
1221,BJ0208,1.46868,11.25168,61.78,FALSE,-6.132
1222,BJ0208,1.46882,11.22456,61.78,FALSE,-6.132
1223,BJ0208,1.46896,11.19743,61.78,FALSE,-6.132
1224,BJ0208,1.46911,11.17031,61.78,FALSE,-6.132
1225,BJ0208,1.46925,11.14319,61.78,FALSE,-6.132
1226,BJ0208,1.46939,11.11607,61.78,FALSE,-6.132
1227,BJ0208,1.46953,11.08895,61.78,FALSE,-6.132
1228,BJ0208,1.46967,11.06182,61.78,FALSE,-6.132
1229,BJ0208,1.46981,11.0347,61.78,FALSE,-6.132
1230,BJ0208,1.46995,11.00758,61.78,FALSE,-6.132
1231,BJ0208,1.47009,10.98046,61.78,FALSE,-6.132
1232,BJ0208,1.47023,10.95334,61.78,FALSE,-6.132
1233,BJ0208,1.47037,10.92621,61.78,FALSE,-6.132
1234,BJ0208,1.47051,10.89909,61.78,FALSE,-6.132
1235,BJ0208,1.47065,10.87197,61.78,FALSE,-6.132
1236,BJ0208,1.47079,10.84485,61.78,FALSE,-6.132
1237,BJ0208,1.47092,10.81772,61.78,FALSE,-6.132
1238,BJ0208,1.47106,10.7906,61.78,FALSE,-6.132
1239,BJ0208,1.4712,10.76348,61.78,FALSE,-6.132
1240,BJ0208,1.47134,10.73635,61.78,FALSE,-6.132
1241,BJ0208,1.47147,10.70923,61.78,FALSE,-6.132
1242,BJ0208,1.47161,10.68211,61.78,FALSE,-6.132
1244,BJ0208,1.47174,10.65499,61.78,FALSE,-6.132
1309,BJ0208,1.49502,11.46879,61.78,FALSE,-6.132
1310,BJ0208,1.49516,11.44167,61.78,FALSE,-6.132
1311,BJ0208,1.4953,11.41455,61.78,FALSE,-6.132
1312,BJ0208,1.49545,11.38743,61.78,FALSE,-6.132
1313,BJ0208,1.49559,11.36031,61.78,FALSE,-6.132
1314,BJ0208,1.49573,11.33318,61.78,FALSE,-6.132
1315,BJ0208,1.49587,11.30606,61.78,FALSE,-6.132
1316,BJ0208,1.49601,11.27894,61.78,FALSE,-6.132
1317,BJ0208,1.49615,11.25182,61.78,FALSE,-6.132
1318,BJ0208,1.49629,11.2247,61.78,FALSE,-6.132
1319,BJ0208,1.49643,11.19757,61.78,FALSE,-6.132
1320,BJ0208,1.49657,11.17045,61.78,FALSE,-6.132
1321,BJ0208,1.49671,11.14333,61.78,FALSE,-6.132
1322,BJ0208,1.49685,11.11621,61.78,FALSE,-6.132
1323,BJ0208,1.49699,11.08908,61.78,FALSE,-6.132
1324,BJ0208,1.49713,11.06196,61.78,FALSE,-6.132
1325,BJ0208,1.49727,11.03484,61.78,FALSE,-6.132
1326,BJ0208,1.49741,11.00772,61.78,FALSE,-6.132
1327,BJ0208,1.49754,10.98059,61.78,FALSE,-6.132
1328,BJ0208,1.49768,10.95347,61.78,FALSE,-6.132
1329,BJ0208,1.49782,10.92635,61.78,FALSE,-6.132
1330,BJ0208,1.49795,10.89923,61.78,FALSE,-6.132
1331,BJ0208,1.49809,10.8721,61.78,FALSE,-6.132
1332,BJ0208,1.49822,10.84498,61.78,FALSE,-6.132
1333,BJ0208,1.49836,10.81786,61.78,FALSE,-6.132
1334,BJ0208,1.49849,10.79073,61.78,FALSE,-6.132
1335,BJ0208,1.49863,10.76361,61.78,FALSE,-6.132
1336,BJ0208,1.49876,10.73649,61.78,FALSE,-6.132
1337,BJ0208,1.4989,10.70937,61.78,FALSE,-6.132
1339,BJ0208,1.49903,10.68224,61.78,FALSE,-6.132
1411,BJ0208,1.52251,11.46893,61.78,FALSE,-6.132
1412,BJ0208,1.52265,11.44181,61.78,FALSE,-6.132
1413,BJ0208,1.52279,11.41469,61.78,FALSE,-6.132
1414,BJ0208,1.52293,11.38757,61.78,FALSE,-6.132
1415,BJ0208,1.52307,11.36045,61.78,FALSE,-6.132
1416,BJ0208,1.52321,11.33332,61.78,FALSE,-6.132
1417,BJ0208,1.52335,11.3062,61.78,FALSE,-6.132
1418,BJ0208,1.52349,11.27908,61.78,FALSE,-6.132
1419,BJ0208,1.52363,11.25196,61.78,FALSE,-6.132
1420,BJ0208,1.52377,11.22483,61.78,FALSE,-6.132
1421,BJ0208,1.52391,11.19771,61.78,FALSE,-6.132
1422,BJ0208,1.52404,11.17059,61.78,FALSE,-6.132
1423,BJ0208,1.52418,11.14347,61.78,FALSE,-6.132
1424,BJ0208,1.52432,11.11634,61.78,FALSE,-6.132
1425,BJ0208,1.52445,11.08922,61.78,FALSE,-6.132
1426,BJ0208,1.52459,11.0621,61.78,FALSE,-6.132
1427,BJ0208,1.52472,11.03497,61.78,FALSE,-6.132
1428,BJ0208,1.52486,11.00785,61.78,FALSE,-6.132
1429,BJ0208,1.52499,10.98073,61.78,FALSE,-6.132
1430,BJ0208,1.52513,10.95361,61.78,FALSE,-6.132
1431,BJ0208,1.52526,10.92648,61.78,FALSE,-6.132
1432,BJ0208,1.5254,10.89936,61.78,FALSE,-6.132
1433,BJ0208,1.52553,10.87224,61.78,FALSE,-6.132
1434,BJ0208,1.52566,10.84511,61.78,FALSE,-6.132
1435,BJ0208,1.5258,10.81799,61.78,FALSE,-6.132
1436,BJ0208,1.52593,10.79087,61.78,FALSE,-6.132
1437,BJ0208,1.52606,10.76374,61.78,FALSE,-6.132
1438,BJ0208,1.52619,10.73662,61.78,FALSE,-6.132
1440,BJ0208,1.52632,10.7095,61.78,FALSE,-6.132
1510,BJ0208,1.55001,11.46907,61.78,FALSE,-6.132
1511,BJ0208,1.55015,11.44195,61.78,FALSE,-6.132
1512,BJ0208,1.55029,11.41483,61.78,FALSE,-6.132
1513,BJ0208,1.55042,11.38771,61.78,FALSE,-6.132
1514,BJ0208,1.55056,11.36058,61.78,FALSE,-6.132
1515,BJ0208,1.5507,11.33346,61.78,FALSE,-6.132
1516,BJ0208,1.55083,11.30634,61.78,FALSE,-6.132
1517,BJ0208,1.55097,11.27921,61.78,FALSE,-6.132
1518,BJ0208,1.55111,11.25209,61.78,FALSE,-6.132
1519,BJ0208,1.55124,11.22497,61.78,FALSE,-6.132
1520,BJ0208,1.55138,11.19785,61.78,FALSE,-6.132
1521,BJ0208,1.55151,11.17072,61.78,FALSE,-6.132
1522,BJ0208,1.55165,11.1436,61.78,FALSE,-6.132
1523,BJ0208,1.55178,11.11648,61.78,FALSE,-6.132
1524,BJ0208,1.55191,11.08935,61.78,FALSE,-6.132
1525,BJ0208,1.55205,11.06223,61.78,FALSE,-6.132
1526,BJ0208,1.55218,11.03511,61.78,FALSE,-6.132
1527,BJ0208,1.55231,11.00798,61.78,FALSE,-6.132
1528,BJ0208,1.55244,10.98086,61.78,FALSE,-6.132
1529,BJ0208,1.55258,10.95374,61.78,FALSE,-6.132
1530,BJ0208,1.55271,10.92661,61.78,FALSE,-6.132
1531,BJ0208,1.55284,10.89949,61.78,FALSE,-6.132
1532,BJ0208,1.55297,10.87237,61.78,FALSE,-6.132
1533,BJ0208,1.5531,10.84524,61.78,FALSE,-6.132
1535,BJ0208,1.5532300000000001,10.81812,61.78,FALSE,-6.132
1537,BJ0208,1.55336,10.791,61.78,FALSE,-6.132
1539,BJ0208,1.55349,10.76387,61.78,FALSE,-6.132
1541,BJ0208,1.55362,10.73675,61.78,FALSE,-6.132
1628,BJ0208,1.57751,11.46921,61.78,FALSE,-6.132
1629,BJ0208,1.57764,11.44208,61.78,FALSE,-6.132
1630,BJ0208,1.57778,11.41496,61.78,FALSE,-6.132
1631,BJ0208,1.57791,11.38784,61.78,FALSE,-6.132
1632,BJ0208,1.57805,11.36072,61.78,FALSE,-6.132
1633,BJ0208,1.57818,11.33359,61.78,FALSE,-6.132
1634,BJ0208,1.57832,11.30647,61.78,FALSE,-6.132
1635,BJ0208,1.57845,11.27935,61.78,FALSE,-6.132
1636,BJ0208,1.57858,11.25222,61.78,FALSE,-6.132
1637,BJ0208,1.57872,11.2251,61.78,FALSE,-6.132
1638,BJ0208,1.57885,11.19798,61.78,FALSE,-6.132
1639,BJ0208,1.57898,11.17085,61.78,FALSE,-6.132
1640,BJ0208,1.57911,11.14373,61.78,FALSE,-6.132
1641,BJ0208,1.57924,11.11661,61.78,FALSE,-6.132
1642,BJ0208,1.57937,11.08948,61.78,FALSE,-6.132
1643,BJ0208,1.57951,11.06236,61.78,FALSE,-6.132
1644,BJ0208,1.57964,11.03524,61.78,FALSE,-6.132
1645,BJ0208,1.57977,11.00811,61.78,FALSE,-6.132
1646,BJ0208,1.5799,10.98099,61.78,FALSE,-6.132
1647,BJ0208,1.58003,10.95387,61.78,FALSE,-6.132
1648,BJ0208,1.58015,10.92674,61.78,FALSE,-6.132
1649,BJ0208,1.58028,10.89962,61.78,FALSE,-6.132
1651,BJ0208,1.58041,10.87249,61.78,FALSE,-6.132
1653,BJ0208,1.58054,10.84537,61.78,FALSE,-6.132
1655,BJ0208,1.58067,10.81825,61.78,FALSE,-6.132
1657,BJ0208,1.58079,10.79112,61.78,FALSE,-6.132
1659,BJ0208,1.58092,10.764,61.78,FALSE,-6.132
1754,BJ0208,1.6054,11.38797,61.78,FALSE,-6.132
1755,BJ0208,1.60553,11.36085,61.78,FALSE,-6.132
1756,BJ0208,1.60567,11.33372,61.78,FALSE,-6.132
1757,BJ0208,1.6058,11.3066,61.78,FALSE,-6.132
1758,BJ0208,1.60593,11.27948,61.78,FALSE,-6.132
1759,BJ0208,1.60606,11.25235,61.78,FALSE,-6.132
1760,BJ0208,1.60619,11.22523,61.78,FALSE,-6.132
1761,BJ0208,1.60632,11.19811,61.78,FALSE,-6.132
1762,BJ0208,1.60645,11.17098,61.78,FALSE,-6.132
1763,BJ0208,1.60658,11.14386,61.78,FALSE,-6.132
1764,BJ0208,1.60671,11.11674,61.78,FALSE,-6.132
1765,BJ0208,1.60684,11.08961,61.78,FALSE,-6.132
1766,BJ0208,1.60696,11.06249,61.78,FALSE,-6.132
1767,BJ0208,1.60709,11.03536,61.78,FALSE,-6.132
1768,BJ0208,1.60722,11.00824,61.78,FALSE,-6.132
1769,BJ0208,1.60735,10.98112,61.78,FALSE,-6.132
1770,BJ0208,1.60747,10.95399,61.78,FALSE,-6.132
1771,BJ0208,1.6076,10.92687,61.78,FALSE,-6.132
1772,BJ0208,1.60773,10.89974,61.78,FALSE,-6.132
1774,BJ0208,1.60785,10.87262,61.78,FALSE,-6.132
1906,BJ0208,1.63276,11.41522,61.78,FALSE,-6.132
1907,BJ0208,1.63289,11.3881,61.78,FALSE,-6.132
1908,BJ0208,1.63302,11.36098,61.78,FALSE,-6.132
1909,BJ0208,1.63315,11.33385,61.78,FALSE,-6.132
1910,BJ0208,1.63328,11.30673,61.78,FALSE,-6.132
1911,BJ0208,1.63341,11.27961,61.78,FALSE,-6.132
1912,BJ0208,1.63354,11.25248,61.78,FALSE,-6.132
1913,BJ0208,1.63366,11.22536,61.78,FALSE,-6.132
1914,BJ0208,1.63379,11.19823,61.78,FALSE,-6.132
1915,BJ0208,1.63392,11.17111,61.78,FALSE,-6.132
1916,BJ0208,1.63405,11.14399,61.78,FALSE,-6.132
1917,BJ0208,1.63417,11.11686,61.78,FALSE,-6.132
1918,BJ0208,1.6343,11.08974,61.78,FALSE,-6.132
1919,BJ0208,1.63442,11.06261,61.78,FALSE,-6.132
1920,BJ0208,1.63455,11.03549,61.78,FALSE,-6.132
1921,BJ0208,1.63467,11.00837,61.78,FALSE,-6.132
1922,BJ0208,1.6348,10.98124,61.78,FALSE,-6.132
1923,BJ0208,1.63492,10.95412,61.78,FALSE,-6.132
1924,BJ0208,1.63505,10.92699,61.78,FALSE,-6.132
1925,BJ0208,1.63517,10.89987,61.78,FALSE,-6.132
1927,BJ0208,1.63529,10.87274,61.78,FALSE,-6.132
2111,BJ0208,1.66026,11.41535,61.78,FALSE,-6.132
2112,BJ0208,1.66038,11.38823,61.78,FALSE,-6.132
2113,BJ0208,1.66051,11.3611,61.78,FALSE,-6.132
2114,BJ0208,1.66064,11.33398,61.78,FALSE,-6.132
2115,BJ0208,1.66076,11.30685,61.78,FALSE,-6.132
2116,BJ0208,1.66089,11.27973,61.78,FALSE,-6.132
2117,BJ0208,1.66101,11.25261,61.78,FALSE,-6.132
2118,BJ0208,1.66114,11.22548,61.78,FALSE,-6.132
2119,BJ0208,1.66126,11.19836,61.78,FALSE,-6.132
2120,BJ0208,1.66139,11.17123,61.78,FALSE,-6.132
2121,BJ0208,1.66151,11.14411,61.78,FALSE,-6.132
2122,BJ0208,1.66164,11.11699,61.78,FALSE,-6.132
2123,BJ0208,1.66176,11.08986,61.78,FALSE,-6.132
2124,BJ0208,1.66188,11.06274,61.78,FALSE,-6.132
2125,BJ0208,1.66201,11.03561,61.78,FALSE,-6.132
2126,BJ0208,1.66213,11.00849,61.78,FALSE,-6.132
2127,BJ0208,1.66225,10.98136,61.78,FALSE,-6.132
2128,BJ0208,1.66237,10.95424,61.78,FALSE,-6.132
2130,BJ0208,1.66249,10.92711,61.78,FALSE,-6.132
2133,BJ0208,1.66262,10.89999,61.78,FALSE,-6.132
2135,BJ0208,1.66274,10.87286,61.78,FALSE,-6.132
2316,BJ0208,1.68775,11.41547,61.78,FALSE,-6.132
2317,BJ0208,1.68787,11.38835,61.78,FALSE,-6.132
2318,BJ0208,1.688,11.36123,61.78,FALSE,-6.132
2319,BJ0208,1.68812,11.3341,61.78,FALSE,-6.132
2320,BJ0208,1.68825,11.30698,61.78,FALSE,-6.132
2321,BJ0208,1.68837,11.27985,61.78,FALSE,-6.132
2322,BJ0208,1.68849,11.25273,61.78,FALSE,-6.132
2323,BJ0208,1.68861,11.2256,61.78,FALSE,-6.132
2324,BJ0208,1.68874,11.19848,61.78,FALSE,-6.132
2325,BJ0208,1.68886,11.17136,61.78,FALSE,-6.132
2326,BJ0208,1.68898,11.14423,61.78,FALSE,-6.132
2327,BJ0208,1.6891,11.11711,61.78,FALSE,-6.132
2328,BJ0208,1.68922,11.08998,61.78,FALSE,-6.132
2329,BJ0208,1.68934,11.06286,61.78,FALSE,-6.132
2330,BJ0208,1.68946,11.03573,61.78,FALSE,-6.132
2331,BJ0208,1.68958,11.00861,61.78,FALSE,-6.132
2333,BJ0208,1.6897,10.98148,61.78,FALSE,-6.132
2335,BJ0208,1.68982,10.95436,61.78,FALSE,-6.132
2337,BJ0208,1.68994,10.92723,61.78,FALSE,-6.132
2521,BJ0208,1.71512,11.44272,61.78,FALSE,-6.132
2522,BJ0208,1.71524,11.4156,61.78,FALSE,-6.132
2523,BJ0208,1.71536,11.38847,61.78,FALSE,-6.132
2524,BJ0208,1.71549,11.36135,61.78,FALSE,-6.132
2525,BJ0208,1.71561,11.33422,61.78,FALSE,-6.132
2526,BJ0208,1.71573,11.3071,61.78,FALSE,-6.132
2527,BJ0208,1.71585,11.27997,61.78,FALSE,-6.132
2528,BJ0208,1.71597,11.25285,61.78,FALSE,-6.132
2529,BJ0208,1.71609,11.22572,61.78,FALSE,-6.132
2530,BJ0208,1.71621,11.1986,61.78,FALSE,-6.132
2531,BJ0208,1.71633,11.17147,61.78,FALSE,-6.132
2532,BJ0208,1.71645,11.14435,61.78,FALSE,-6.132
2533,BJ0208,1.71657,11.11722,61.78,FALSE,-6.132
2534,BJ0208,1.71669,11.0901,61.78,FALSE,-6.132
2535,BJ0208,1.7168,11.06297,61.78,FALSE,-6.132
2537,BJ0208,1.71692,11.03585,61.78,FALSE,-6.132
2539,BJ0208,1.71704,11.00872,61.78,FALSE,-6.132
2541,BJ0208,1.71716,10.9816,61.78,FALSE,-6.132
2733,BJ0208,1.74274,11.41572,61.78,FALSE,-6.132
2734,BJ0208,1.74286,11.38859,61.78,FALSE,-6.132
2735,BJ0208,1.74298,11.36147,61.78,FALSE,-6.132
2736,BJ0208,1.74309,11.33434,61.78,FALSE,-6.132
2737,BJ0208,1.74321,11.30722,61.78,FALSE,-6.132
2738,BJ0208,1.74333,11.28009,61.78,FALSE,-6.132
2739,BJ0208,1.74345,11.25297,61.78,FALSE,-6.132
2740,BJ0208,1.74357,11.22584,61.78,FALSE,-6.132
2741,BJ0208,1.74368,11.19872,61.78,FALSE,-6.132
2743,BJ0208,1.7438,11.17159,61.78,FALSE,-6.132
2745,BJ0208,1.74392,11.14447,59.26,FALSE,-6.132
2747,BJ0208,1.74403,11.11734,61.78,FALSE,-6.132
2749,BJ0208,1.74415,11.09022,61.78,FALSE,-6.132
2751,BJ0208,1.74426,11.06309,61.78,FALSE,-6.132
2753,BJ0208,1.74438,11.03596,61.78,FALSE,-6.132
2965,BJ0208,1.77023,11.41583,61.78,FALSE,-6.132
2966,BJ0208,1.77035,11.38871,61.78,FALSE,-6.132
2967,BJ0208,1.77046,11.36158,61.78,FALSE,-6.132
2968,BJ0208,1.77058,11.33446,61.78,FALSE,-6.132
2969,BJ0208,1.7707,11.30733,61.78,FALSE,-6.132
2970,BJ0208,1.77081,11.28021,61.78,FALSE,-6.132
2971,BJ0208,1.77093,11.25308,61.78,FALSE,-6.132
2972,BJ0208,1.77104,11.22596,61.78,FALSE,-6.132
2974,BJ0208,1.77116,11.19883,61.78,FALSE,-6.132
2976,BJ0208,1.77127,11.17171,61.78,FALSE,-6.132
2980,BJ0208,1.77161,11.09033,61.78,FALSE,-6.132
3185,BJ0208,1.79761,11.44307,61.78,FALSE,-6.132
3186,BJ0208,1.79773,11.41595,61.78,FALSE,-6.132
3187,BJ0208,1.79784,11.38882,61.78,FALSE,-6.132
3188,BJ0208,1.79795,11.3617,61.78,FALSE,-6.132
3189,BJ0208,1.79807,11.33457,61.78,FALSE,-6.132
3190,BJ0208,1.79818,11.30744,61.78,FALSE,-6.132
3191,BJ0208,1.79829,11.28032,61.78,FALSE,-6.132
3192,BJ0208,1.79841,11.25319,61.78,FALSE,-6.132
3193,BJ0208,1.79852,11.22607,61.78,FALSE,-6.132
3195,BJ0208,1.79863,11.19894,61.78,FALSE,-6.132
3413,BJ0208,1.82511,11.44318,61.78,FALSE,-6.132
3414,BJ0208,1.82522,11.41606,61.78,FALSE,-6.132
3415,BJ0208,1.82533,11.38893,61.78,FALSE,-6.132
3416,BJ0208,1.82544,11.36181,61.78,FALSE,-6.132
3417,BJ0208,1.82555,11.33468,61.78,FALSE,-6.132
3418,BJ0208,1.82566,11.30755,61.78,FALSE,-6.132
3419,BJ0208,1.82577,11.28043,61.78,FALSE,-6.132
3421,BJ0208,1.82588,11.2533,61.78,FALSE,-6.132
3423,BJ0208,1.82599,11.22618,61.78,FALSE,-6.132
3425,BJ0208,1.8261,11.19905,61.78,FALSE,-6.132
3639,BJ0208,1.85261,11.44329,61.78,FALSE,-6.132
3640,BJ0208,1.85272,11.41617,61.78,FALSE,-6.132
3641,BJ0208,1.85282,11.38904,61.78,FALSE,-6.132
3642,BJ0208,1.85293,11.36191,61.78,FALSE,-6.132
3643,BJ0208,1.85304,11.33479,61.78,FALSE,-6.132
3644,BJ0208,1.85315,11.30766,61.78,FALSE,-6.132
3646,BJ0208,1.85326,11.28054,61.78,FALSE,-6.132
3648,BJ0208,1.85336,11.25341,61.78,FALSE,-6.132
3868,BJ0208,1.8801,11.4434,61.78,FALSE,-6.132
3869,BJ0208,1.88021,11.41627,61.78,FALSE,-6.132
3870,BJ0208,1.88032,11.38915,61.78,FALSE,-6.132
3872,BJ0208,1.88042,11.36202,61.78,FALSE,-6.132
3874,BJ0208,1.88053,11.33489,61.78,FALSE,-6.132
3876,BJ0208,1.88063,11.30777,61.78,FALSE,-6.132
3878,BJ0208,1.88074,11.28064,61.78,FALSE,-6.132
4094,BJ0208,1.9076,11.4435,61.78,FALSE,-6.132
4095,BJ0208,1.90771,11.41638,61.78,FALSE,-6.132
4097,BJ0208,1.90781,11.38925,61.78,FALSE,-6.132
4099,BJ0208,1.90791,11.362120000000001,61.78,FALSE,-6.132
4101,BJ0208,1.90802,11.335,61.78,FALSE,-6.132
4321,BJ0208,1.9352,11.41648,61.78,FALSE,-6.132
4323,BJ0208,1.9353,11.38935,61.78,FALSE,-6.132
4550,BJ0208,1.9627,11.41658,61.78,FALSE,-6.132
551,BJ0209,1.19882,10.43657,69.46,FALSE,1.543
554,BJ0209,1.19898,10.40945,69.46,FALSE,1.543
606,BJ0209,1.22607,10.46385,69.46,FALSE,1.543
608,BJ0209,1.22622,10.43673,69.46,FALSE,1.543
610,BJ0209,1.22637,10.40961,69.46,FALSE,1.543
666,BJ0209,1.25331,10.49112,69.46,FALSE,1.543
668,BJ0209,1.25347,10.464,69.46,FALSE,1.543
669,BJ0209,1.25362,10.43688,69.46,FALSE,1.543
671,BJ0209,1.25377,10.40976,69.46,FALSE,1.543
717,BJ0209,1.28057,10.51839,69.46,FALSE,1.543
719,BJ0209,1.28072,10.49127,69.46,FALSE,1.543
720,BJ0209,1.28087,10.46415,69.46,FALSE,1.543
721,BJ0209,1.28101,10.43703,69.46,FALSE,1.543
723,BJ0209,1.28116,10.40991,69.46,FALSE,1.543
725,BJ0209,1.28131,10.38279,69.46,FALSE,1.543
773,BJ0209,1.30782,10.54566,69.46,FALSE,1.543
775,BJ0209,1.30797,10.51854,69.46,FALSE,1.543
776,BJ0209,1.30812,10.49142,69.46,FALSE,1.543
777,BJ0209,1.30827,10.46429,69.46,FALSE,1.543
778,BJ0209,1.30841,10.43717,69.46,FALSE,1.543
779,BJ0209,1.30856,10.41005,69.46,FALSE,1.543
781,BJ0209,1.30871,10.38293,69.46,FALSE,1.543
828,BJ0209,1.33509,10.57292,69.46,FALSE,1.543
830,BJ0209,1.33523,10.5458,69.46,FALSE,1.543
831,BJ0209,1.33538,10.51868,69.46,FALSE,1.543
832,BJ0209,1.33552,10.49156,69.46,FALSE,1.543
833,BJ0209,1.33567,10.46444,69.46,FALSE,1.543
834,BJ0209,1.33581,10.43732,69.46,FALSE,1.543
835,BJ0209,1.33596,10.4102,69.46,FALSE,1.543
837,BJ0209,1.3361,10.38307,69.46,FALSE,1.543
887,BJ0209,1.36235,10.60019,69.46,FALSE,1.543
889,BJ0209,1.3625,10.57307,69.46,FALSE,1.543
890,BJ0209,1.36264,10.54595,69.46,FALSE,1.543
891,BJ0209,1.36278,10.51882,69.46,FALSE,1.543
892,BJ0209,1.36293,10.4917,69.46,FALSE,1.543
893,BJ0209,1.36307,10.46458,69.46,FALSE,1.543
894,BJ0209,1.36321,10.43746,69.46,FALSE,1.543
896,BJ0209,1.36335,10.41034,69.46,FALSE,1.543
898,BJ0209,1.36349,10.38321,69.46,FALSE,1.543
970,BJ0209,1.38977,10.60033,69.46,FALSE,1.543
971,BJ0209,1.38991,10.57321,69.46,FALSE,1.543
972,BJ0209,1.39005,10.54609,69.46,FALSE,1.543
973,BJ0209,1.39019,10.51896,69.46,FALSE,1.543
974,BJ0209,1.39033,10.49184,69.46,FALSE,1.543
975,BJ0209,1.39047,10.46472,69.46,FALSE,1.543
976,BJ0209,1.39061,10.4376,69.46,FALSE,1.543
978,BJ0209,1.39075,10.41048,69.46,FALSE,1.543
1059,BJ0209,1.41704,10.62759,69.46,FALSE,1.543
1061,BJ0209,1.41718,10.60047,69.46,FALSE,1.543
1062,BJ0209,1.41732,10.57335,69.46,FALSE,1.543
1063,BJ0209,1.41746,10.54622,69.46,FALSE,1.543
1064,BJ0209,1.4176,10.5191,69.46,FALSE,1.543
1065,BJ0209,1.41774,10.49198,69.46,FALSE,1.543
1066,BJ0209,1.41787,10.46486,69.46,FALSE,1.543
1067,BJ0209,1.41801,10.43773,69.46,FALSE,1.543
1069,BJ0209,1.41815,10.41061,69.46,FALSE,1.543
1149,BJ0209,1.44432,10.65485,69.46,FALSE,1.543
1151,BJ0209,1.44446,10.62773,69.46,FALSE,1.543
1152,BJ0209,1.4446,10.60061,68.98,FALSE,1.543
1153,BJ0209,1.44473,10.57348,69.46,FALSE,1.543
1154,BJ0209,1.44487,10.54636,69.46,FALSE,1.543
1155,BJ0209,1.44501,10.51924,69.46,FALSE,1.543
1156,BJ0209,1.44514,10.49212,69.46,FALSE,1.543
1157,BJ0209,1.44528,10.46499,69.46,FALSE,1.543
1158,BJ0209,1.44541,10.43787,69.46,FALSE,1.543
1160,BJ0209,1.44555,10.41075,69.46,FALSE,1.543
1162,BJ0209,1.44568,10.38362,69.46,FALSE,1.543
1164,BJ0209,1.44581,10.3565,69.46,FALSE,1.543
1243,BJ0209,1.47161,10.68211,69.46,FALSE,1.543
1245,BJ0209,1.47174,10.65499,68.98,FALSE,1.543
1246,BJ0209,1.47188,10.62786,68.98,FALSE,1.543
1247,BJ0209,1.47201,10.60074,69.46,FALSE,1.543
1248,BJ0209,1.47215,10.57362,69.46,FALSE,1.543
1249,BJ0209,1.47228,10.54649,69.46,FALSE,1.543
1250,BJ0209,1.47241,10.51937,69.46,FALSE,1.543
1251,BJ0209,1.47255,10.49225,69.46,FALSE,1.543
1252,BJ0209,1.47268,10.46512,69.46,FALSE,1.543
1253,BJ0209,1.47281,10.438,69.46,FALSE,1.543
1254,BJ0209,1.47295,10.41088,69.46,FALSE,1.543
1255,BJ0209,1.47308,10.38375,69.46,FALSE,1.543
1257,BJ0209,1.47321,10.35663,69.46,FALSE,1.543
1338,BJ0209,1.4989,10.70937,68.98,FALSE,1.543
1340,BJ0209,1.49903,10.68224,68.98,FALSE,1.543
1341,BJ0209,1.49916,10.65512,69.46,FALSE,1.543
1342,BJ0209,1.4993,10.628,68.98,FALSE,1.543
1343,BJ0209,1.49943,10.60087,68.98,FALSE,1.543
1344,BJ0209,1.49956,10.57375,69.46,FALSE,1.543
1345,BJ0209,1.49969,10.54663,69.46,FALSE,1.543
1346,BJ0209,1.49982,10.5195,69.46,FALSE,1.543
1347,BJ0209,1.49995,10.49238,69.46,FALSE,1.543
1348,BJ0209,1.50008,10.46526,69.46,FALSE,1.543
1350,BJ0209,1.50021,10.43813,69.46,FALSE,1.543
1352,BJ0209,1.50034,10.41101,69.46,FALSE,1.543
1354,BJ0209,1.50047,10.38388,69.46,FALSE,1.543
1356,BJ0209,1.5006,10.35676,69.46,FALSE,1.543
1439,BJ0209,1.52619,10.73662,68.98,FALSE,1.543
1441,BJ0209,1.52632,10.7095,68.98,FALSE,1.543
1442,BJ0209,1.52645,10.68237,69.46,FALSE,1.543
1443,BJ0209,1.52658,10.65525,68.98,FALSE,1.543
1444,BJ0209,1.52671,10.62813,69.46,FALSE,1.543
1445,BJ0209,1.52684,10.601,69.46,FALSE,1.543
1446,BJ0209,1.52697,10.57388,69.46,FALSE,1.543
1447,BJ0209,1.5271,10.54675,69.46,FALSE,1.543
1448,BJ0209,1.52723,10.51963,69.46,FALSE,1.543
1449,BJ0209,1.52736,10.49251,69.46,FALSE,1.543
1450,BJ0209,1.52749,10.46538,69.46,FALSE,1.543
1452,BJ0209,1.52762,10.43826,69.46,FALSE,1.543
1542,BJ0209,1.55362,10.73675,69.46,FALSE,1.543
1543,BJ0209,1.55375,10.70962,68.98,FALSE,1.543
1544,BJ0209,1.55388,10.6825,69.46,FALSE,1.543
1545,BJ0209,1.55401,10.65538,69.46,FALSE,1.543
1546,BJ0209,1.55413,10.62825,69.46,FALSE,1.543
1547,BJ0209,1.55426,10.60113,69.46,FALSE,1.543
1548,BJ0209,1.55439,10.574,69.46,FALSE,1.543
1549,BJ0209,1.55451,10.54688,69.46,FALSE,1.543
1550,BJ0209,1.55464,10.51976,69.46,FALSE,1.543
1551,BJ0209,1.55477,10.49263,69.46,FALSE,1.543
1552,BJ0209,1.55489,10.46551,69.46,FALSE,1.543
1554,BJ0209,1.55502,10.43838,69.46,FALSE,1.543
1661,BJ0209,1.58105,10.73687,69.46,FALSE,1.543
1663,BJ0209,1.58118,10.70975,68.98,FALSE,1.543
1664,BJ0209,1.5813,10.68263,69.46,FALSE,1.543
1665,BJ0209,1.58143,10.6555,69.46,FALSE,1.543
1666,BJ0209,1.58155,10.62838,68.98,FALSE,1.543
1667,BJ0209,1.58168,10.60125,69.46,FALSE,1.543
1668,BJ0209,1.5818,10.57413,69.46,FALSE,1.543
1669,BJ0209,1.58193,10.547,69.46,FALSE,1.543
1670,BJ0209,1.58205,10.51988,69.46,FALSE,1.543
1671,BJ0209,1.58217,10.49276,68.98,FALSE,1.543
1672,BJ0209,1.5823,10.46563,69.46,FALSE,1.543
1674,BJ0209,1.58242,10.43851,69.46,FALSE,1.543
1781,BJ0209,1.6086,10.70987,69.46,FALSE,1.543
1783,BJ0209,1.60873,10.68275,68.98,FALSE,1.543
1784,BJ0209,1.60885,10.65563,62.74,FALSE,1.543
1785,BJ0209,1.60897,10.6285,69.46,FALSE,1.543
1787,BJ0209,1.60909,10.60138,69.46,FALSE,1.543
1789,BJ0209,1.60922,10.57425,69.46,FALSE,1.543
1790,BJ0209,1.60934,10.54713,68.98,FALSE,1.543
1791,BJ0209,1.60946,10.52,68.98,FALSE,1.543
1792,BJ0209,1.60958,10.49288,69.46,FALSE,1.543
1793,BJ0209,1.6097,10.46575,68.02,FALSE,1.543
1796,BJ0209,1.60982,10.43863,67.44,FALSE,1.543
1935,BJ0209,1.63615,10.68287,68.98,FALSE,1.543
1937,BJ0209,1.63627,10.65575,59.39,FALSE,1.543
1939,BJ0209,1.63639,10.62862,59.39,FALSE,1.543
1941,BJ0209,1.63651,10.6015,59.39,FALSE,1.543
1943,BJ0209,1.63663,10.57437,68.98,FALSE,1.543
1945,BJ0209,1.63675,10.54725,59.39,FALSE,1.543
1947,BJ0209,1.63687,10.52012,59.39,FALSE,1.543
1949,BJ0209,1.63699,10.493,69.46,FALSE,1.543
1951,BJ0209,1.63711,10.46587,69.46,FALSE,1.543
1953,BJ0209,1.63723,10.43875,66.19,FALSE,1.543
6904,BJ0301,2.22072,6.50634,86.18,FALSE,-10.529
6906,BJ0301,2.22076,6.47921,79.55,FALSE,-10.529
6909,BJ0301,2.2208,6.45207,81.28,FALSE,-10.529
6912,BJ0301,2.22084,6.42494,64.49,FALSE,-10.529
6914,BJ0301,2.22088,6.3978,75.1,FALSE,-10.529
6916,BJ0301,2.22092,6.37066,61.2,FALSE,-10.529
7157,BJ0301,2.24777,6.56066,83.12,FALSE,-10.529
7159,BJ0301,2.24781,6.53352,87.41,FALSE,-10.529
7161,BJ0301,2.24785,6.50638,87.41,FALSE,-10.529
7163,BJ0301,2.24789,6.47925,69.89,FALSE,-10.529
7164,BJ0301,2.24793,6.45211,70.97,FALSE,-10.529
7165,BJ0301,2.24797,6.42498,66.56,FALSE,-10.529
7166,BJ0301,2.24801,6.39784,58.33,FALSE,-10.529
7168,BJ0301,2.24805,6.3707,58.79,FALSE,-10.529
7385,BJ0301,2.2749,6.5607,85.98,FALSE,-10.529
7386,BJ0301,2.27494,6.53356,86.69,FALSE,-10.529
7387,BJ0301,2.27498,6.50642,85.57,FALSE,-10.529
7388,BJ0301,2.27502,6.47929,73.35,FALSE,-10.529
7389,BJ0301,2.27506,6.45215,62.64,FALSE,-10.529
7390,BJ0301,2.2751,6.42502,73.74,FALSE,-10.529
7391,BJ0301,2.27513,6.39788,64.94,FALSE,-10.529
7393,BJ0301,2.27517,6.37074,57.07,FALSE,-10.529
7395,BJ0301,2.27521,6.34361,53.07,FALSE,-10.529
7616,BJ0301,2.302,6.58787,86.58,FALSE,-10.529
7618,BJ0301,2.30204,6.56074,78.35,FALSE,-10.529
7619,BJ0301,2.30207,6.5336,86.55,FALSE,-10.529
7620,BJ0301,2.30211,6.50646,74.96,FALSE,-10.529
7621,BJ0301,2.30215,6.47933,70.16,FALSE,-10.529
7622,BJ0301,2.30219,6.45219,68.64,FALSE,-10.529
7623,BJ0301,2.30222,6.42505,60.44,FALSE,-10.529
7624,BJ0301,2.30226,6.39792,57.38,FALSE,-10.529
7625,BJ0301,2.3023,6.37078,56.3,FALSE,-10.529
7626,BJ0301,2.30233,6.34364,57.04,FALSE,-10.529
7854,BJ0301,2.32899,6.69645,87.41,FALSE,-10.529
7856,BJ0301,2.32903,6.66932,85.26,FALSE,-10.529
7858,BJ0301,2.32906,6.64218,87.41,FALSE,-10.529
7860,BJ0301,2.3291,6.61505,80.07,FALSE,-10.529
7862,BJ0301,2.32914,6.58791,85.26,FALSE,-10.529
7863,BJ0301,2.32917,6.56077,74.69,FALSE,-10.529
7864,BJ0301,2.32921,6.53364,66.65,FALSE,-10.529
7865,BJ0301,2.32924,6.5065,61.07,FALSE,-10.529
7866,BJ0301,2.32928,6.47936,56.88,FALSE,-10.529
7867,BJ0301,2.32932,6.45223,58.01,FALSE,-10.529
7868,BJ0301,2.32935,6.42509,57.38,FALSE,-10.529
7869,BJ0301,2.32939,6.39795,57.38,FALSE,-10.529
7870,BJ0301,2.32942,6.37082,55.87,FALSE,-10.529
7871,BJ0301,2.32946,6.34368,56.38,FALSE,-10.529
8095,BJ0301,2.35613,6.69649,85.26,FALSE,-10.529
8096,BJ0301,2.35617,6.66935,84.96,FALSE,-10.529
8097,BJ0301,2.3562,6.64222,85.98,FALSE,-10.529
8098,BJ0301,2.35624,6.61508,76.97,FALSE,-10.529
8099,BJ0301,2.35627,6.58794,77.12,FALSE,-10.529
8100,BJ0301,2.35631,6.56081,70.49,FALSE,-10.529
8101,BJ0301,2.35634,6.53367,57.35,FALSE,-10.529
8102,BJ0301,2.35638,6.50653,61.66,FALSE,-10.529
8103,BJ0301,2.35641,6.4794,60.03,FALSE,-10.529
8104,BJ0301,2.35645,6.45226,57.38,FALSE,-10.529
8105,BJ0301,2.35648,6.42512,57.1,FALSE,-10.529
8107,BJ0301,2.35651,6.39799,56.59,FALSE,-10.529
8109,BJ0301,2.35655,6.37085,57.38,FALSE,-10.529
8111,BJ0301,2.35658,6.34371,57.38,FALSE,-10.529
8340,BJ0301,2.38327,6.69653,86.58,FALSE,-10.529
8341,BJ0301,2.38331,6.66939,87.41,FALSE,-10.529
8342,BJ0301,2.38334,6.64225,87.41,FALSE,-10.529
8343,BJ0301,2.38338,6.61512,84.55,FALSE,-10.529
8344,BJ0301,2.38341,6.58798,73.23,FALSE,-10.529
8346,BJ0301,2.38344,6.56084,72.4,FALSE,-10.529
8348,BJ0301,2.38348,6.53371,75.97,FALSE,-10.529
8349,BJ0301,2.38351,6.50657,64.74,FALSE,-10.529
8350,BJ0301,2.38354,6.47943,56.77,FALSE,-10.529
8352,BJ0301,2.38357,6.45229,57.38,FALSE,-10.529
8602,BJ0301,2.41042,6.69656,73,FALSE,-10.529
8604,BJ0301,2.41045,6.66942,76.99,FALSE,-10.529
8607,BJ0301,2.41048,6.64229,85.98,FALSE,-10.529
8610,BJ0301,2.41051,6.61515,70.86,FALSE,-10.529
8613,BJ0301,2.41055,6.58801,60.96,FALSE,-10.529
8615,BJ0301,2.41058,6.56087,63.67,FALSE,-10.529
8617,BJ0301,2.41061,6.53374,59.05,FALSE,-10.529
8619,BJ0301,2.41064,6.5066,57.38,FALSE,-10.529
8621,BJ0301,2.41067,6.47946,56.71,FALSE,-10.529
4757,BJ0302,1.97627,6.64158,81.83,FALSE,-10.272
4759,BJ0302,1.97632,6.61444,68.36,FALSE,-10.272
4980,BJ0302,2.00329,6.6959,85.52,FALSE,-10.272
4982,BJ0302,2.00335,6.66877,76.02,FALSE,-10.272
4984,BJ0302,2.0034,6.64163,82.66,FALSE,-10.272
4986,BJ0302,2.00346,6.6145,79.7,FALSE,-10.272
4988,BJ0302,2.00351,6.58737,74.32,FALSE,-10.272
5201,BJ0302,2.03038,6.72309,87.67,FALSE,-10.272
5205,BJ0302,2.03043,6.69596,87.67,FALSE,-10.272
5207,BJ0302,2.03049,6.66882,87.67,FALSE,-10.272
5208,BJ0302,2.03054,6.64169,87.67,FALSE,-10.272
5209,BJ0302,2.03059,6.61455,87.67,FALSE,-10.272
5210,BJ0302,2.03065,6.58742,87.67,FALSE,-10.272
5433,BJ0302,2.05752,6.72314,84.39,FALSE,-10.272
5435,BJ0302,2.05757,6.69601,87.67,FALSE,-10.272
5436,BJ0302,2.05763,6.66887,87.67,FALSE,-10.272
5437,BJ0302,2.05768,6.64174,87.67,FALSE,-10.272
5438,BJ0302,2.05773,6.61461,87.67,FALSE,-10.272
5439,BJ0302,2.05778,6.58747,87.67,FALSE,-10.272
5681,BJ0302,2.08461,6.75033,75.41,FALSE,-10.272
5683,BJ0302,2.08466,6.7232,87.67,FALSE,-10.272
5685,BJ0302,2.08471,6.69606,87.67,FALSE,-10.272
5686,BJ0302,2.08477,6.66893,87.67,FALSE,-10.272
5687,BJ0302,2.08482,6.64179,87.67,FALSE,-10.272
5688,BJ0302,2.08487,6.61466,87.67,FALSE,-10.272
5690,BJ0302,2.08492,6.58752,87.67,FALSE,-10.272
5935,BJ0302,2.11176,6.75038,85.76,FALSE,-10.272
5937,BJ0302,2.11181,6.72325,86.24,FALSE,-10.272
5938,BJ0302,2.11186,6.69611,87.67,FALSE,-10.272
5939,BJ0302,2.1119,6.66898,87.67,FALSE,-10.272
5940,BJ0302,2.11195,6.64184,87.67,FALSE,-10.272
5941,BJ0302,2.112,6.61471,87.67,FALSE,-10.272
6165,BJ0302,2.13885,6.77756,85.88,FALSE,-10.272
6167,BJ0302,2.1389,6.75043,82.1,FALSE,-10.272
6169,BJ0302,2.13895,6.72329,84.8,FALSE,-10.272
6170,BJ0302,2.139,6.69616,87.67,FALSE,-10.272
6171,BJ0302,2.13904,6.66902,79.8,FALSE,-10.272
6172,BJ0302,2.13909,6.64189,87.67,FALSE,-10.272
6173,BJ0302,2.13914,6.61475,87.67,FALSE,-10.272
6400,BJ0302,2.166,6.77761,82.42,FALSE,-10.272
6402,BJ0302,2.16605,6.75048,87.67,FALSE,-10.272
6403,BJ0302,2.16609,6.72334,87.67,FALSE,-10.272
6404,BJ0302,2.16614,6.69621,87.67,FALSE,-10.272
6405,BJ0302,2.16618,6.66907,84.4,FALSE,-10.272
6406,BJ0302,2.16623,6.64193,87.67,FALSE,-10.272
6407,BJ0302,2.16627,6.6148,87.67,FALSE,-10.272
6643,BJ0302,2.19314,6.77766,72.12,FALSE,-10.272
6645,BJ0302,2.19319,6.75052,85.76,FALSE,-10.272
6646,BJ0302,2.19323,6.72339,87.67,FALSE,-10.272
6647,BJ0302,2.19328,6.69625,87.67,FALSE,-10.272
6648,BJ0302,2.19332,6.66911,87.67,FALSE,-10.272
6649,BJ0302,2.19337,6.64198,87.67,FALSE,-10.272
6650,BJ0302,2.19341,6.61484,87.67,FALSE,-10.272
6884,BJ0302,2.22029,6.7777,84.8,FALSE,-10.272
6887,BJ0302,2.22033,6.75057,87.67,FALSE,-10.272
6889,BJ0302,2.22038,6.72343,87.67,FALSE,-10.272
6891,BJ0302,2.22042,6.69629,87.67,FALSE,-10.272
6893,BJ0302,2.22046,6.66916,87.67,FALSE,-10.272
6895,BJ0302,2.22051,6.64202,86.71,FALSE,-10.272
6897,BJ0302,2.22055,6.61489,87.67,FALSE,-10.272
7150,BJ0302,2.24765,6.64206,87.67,FALSE,-10.272
7152,BJ0302,2.24769,6.61493,86.95,FALSE,-10.272
4533,BJ0303,1.94953,6.45158,60.94,FALSE,-6.972
4535,BJ0303,1.94958,6.42445,60.38,FALSE,-6.972
4537,BJ0303,1.94964,6.39732,69.66,FALSE,-6.972
4539,BJ0303,1.94969,6.37018,66.17,FALSE,-6.972
4542,BJ0303,1.94975,6.34305,52.42,FALSE,-6.972
4760,BJ0303,1.97632,6.61444,71.66,FALSE,-6.972
4762,BJ0303,1.97638,6.5873100000000004,60.66,FALSE,-6.972
4764,BJ0303,1.97643,6.56018,61.66,FALSE,-6.972
4766,BJ0303,1.97649,6.53304,61.44,FALSE,-6.972
4768,BJ0303,1.97654,6.50591,60.94,FALSE,-6.972
4771,BJ0303,1.9766,6.47877,61.19,FALSE,-6.972
4774,BJ0303,1.97665,6.45164,70.32,FALSE,-6.972
4776,BJ0303,1.97671,6.42451,86.46,FALSE,-6.972
4777,BJ0303,1.97676,6.39737,90.97,FALSE,-6.972
4778,BJ0303,1.97682,6.37024,87.21,FALSE,-6.972
4779,BJ0303,1.97687,6.3431,70.05,FALSE,-6.972
4987,BJ0303,2.00346,6.6145,83,FALSE,-6.972
4989,BJ0303,2.00351,6.58737,77.62,FALSE,-6.972
4990,BJ0303,2.00357,6.56023,76.25,FALSE,-6.972
4991,BJ0303,2.00362,6.5331,63.88,FALSE,-6.972
4992,BJ0303,2.00367,6.50596,69.89,FALSE,-6.972
4993,BJ0303,2.00373,6.47883,85.24,FALSE,-6.972
4994,BJ0303,2.00378,6.45169,90.22,FALSE,-6.972
4995,BJ0303,2.0038299999999998,6.42456,90.13,FALSE,-6.972
4996,BJ0303,2.00389,6.39742,87.39,FALSE,-6.972
4997,BJ0303,2.00394,6.37029,89.3,FALSE,-6.972
4998,BJ0303,2.00399,6.34316,81.92,FALSE,-6.972
5211,BJ0303,2.03065,6.58742,90.97,FALSE,-6.972
5213,BJ0303,2.0307,6.56028,90.97,FALSE,-6.972
5215,BJ0303,2.03075,6.53315,90.97,FALSE,-6.972
5217,BJ0303,2.0308,6.50602,90.27,FALSE,-6.972
5218,BJ0303,2.03086,6.47888,90.97,FALSE,-6.972
5219,BJ0303,2.03091,6.45175,90.97,FALSE,-6.972
5220,BJ0303,2.03096,6.42461,90.25,FALSE,-6.972
5221,BJ0303,2.03101,6.39748,89.74,FALSE,-6.972
5222,BJ0303,2.03106,6.37034,78.81,FALSE,-6.972
5223,BJ0303,2.03111,6.34321,85,FALSE,-6.972
5442,BJ0303,2.05788,6.5332,90.97,FALSE,-6.972
5444,BJ0303,2.05793,6.50607,89.72,FALSE,-6.972
5446,BJ0303,2.05798,6.47893,90.97,FALSE,-6.972
5447,BJ0303,2.05803,6.4518,90.97,FALSE,-6.972
5449,BJ0303,2.05808,6.42466,90.97,FALSE,-6.972
5451,BJ0303,2.05813,6.39753,83.82,FALSE,-6.972
5453,BJ0303,2.05818,6.37039,63.44,FALSE,-6.972
5455,BJ0303,2.05823,6.34326,71.7,FALSE,-6.972
5694,BJ0303,2.08506,6.50612,90.97,FALSE,-6.972
5696,BJ0303,2.08511,6.47898,90.97,FALSE,-6.972
5699,BJ0303,2.08516,6.45185,90.97,FALSE,-6.972
4543,BJ0304,1.94975,6.34305,44.14,FALSE,-15.252
4546,BJ0304,1.9498,6.31591,51.8,FALSE,-15.252
4780,BJ0304,1.97687,6.3431,61.77,FALSE,-15.252
4781,BJ0304,1.97692,6.31597,51.94,FALSE,-15.252
4783,BJ0304,1.97698,6.28883,52.66,FALSE,-15.252
4999,BJ0304,2.00399,6.34316,73.64,FALSE,-15.252
5000,BJ0304,2.00404,6.31602,51.27,FALSE,-15.252
5224,BJ0304,2.03111,6.34321,76.72,FALSE,-15.252
5225,BJ0304,2.03116,6.31607,51.34,FALSE,-15.252
5448,BJ0304,2.05803,6.4518,82.69,FALSE,-15.252
5450,BJ0304,2.05808,6.42466,82.69,FALSE,-15.252
5452,BJ0304,2.05813,6.39753,75.54,FALSE,-15.252
5454,BJ0304,2.05818,6.37039,55.16,FALSE,-15.252
5456,BJ0304,2.05823,6.34326,63.42,FALSE,-15.252
5457,BJ0304,2.05828,6.31612,51.62,FALSE,-15.252
5697,BJ0304,2.08511,6.47898,82.69,FALSE,-15.252
5700,BJ0304,2.08516,6.45185,82.69,FALSE,-15.252
5701,BJ0304,2.08521,6.42471,79.11,FALSE,-15.252
5702,BJ0304,2.08526,6.39758,77.78,FALSE,-15.252
5703,BJ0304,2.08531,6.37044,57.66,FALSE,-15.252
5704,BJ0304,2.08535,6.34331,59.59,FALSE,-15.252
5705,BJ0304,2.0854,6.31617,51.07,FALSE,-15.252
5947,BJ0304,2.11224,6.47903,82.69,FALSE,-15.252
5949,BJ0304,2.11229,6.45189,82.69,FALSE,-15.252
5951,BJ0304,2.11234,6.42476,77.68,FALSE,-15.252
5952,BJ0304,2.11238,6.39762,76.25,FALSE,-15.252
5953,BJ0304,2.11243,6.37049,67.67,FALSE,-15.252
5954,BJ0304,2.11248,6.34335,52.09,FALSE,-15.252
5955,BJ0304,2.11252,6.31622,51.54,FALSE,-15.252
6179,BJ0304,2.13937,6.47908,82.69,FALSE,-15.252
6181,BJ0304,2.13942,6.45194,81.22,FALSE,-15.252
6183,BJ0304,2.13946,6.42481,79.15,FALSE,-15.252
6184,BJ0304,2.13951,6.39767,65.17,FALSE,-15.252
6185,BJ0304,2.13955,6.37053,70.11,FALSE,-15.252
6186,BJ0304,2.1396,6.3434,47.92,FALSE,-15.252
6187,BJ0304,2.13964,6.31626,52.66,FALSE,-15.252
6413,BJ0304,2.1665,6.47912,82.69,FALSE,-15.252
6415,BJ0304,2.16654,6.45199,80.23,FALSE,-15.252
6417,BJ0304,2.16659,6.42485,74.73,FALSE,-15.252
6419,BJ0304,2.16663,6.39771,67.41,FALSE,-15.252
6420,BJ0304,2.16668,6.37058,72.37,FALSE,-15.252
6421,BJ0304,2.16672,6.34344,51.91,FALSE,-15.252
6658,BJ0304,2.19367,6.45203,78.4,FALSE,-15.252
6660,BJ0304,2.19372,6.42489,61.2,FALSE,-15.252
6662,BJ0304,2.19376,6.39776,63.27,FALSE,-15.252
6663,BJ0304,2.1938,6.37062,53.98,FALSE,-15.252
6664,BJ0304,2.19384,6.34349,51.07,FALSE,-15.252
6908,BJ0304,2.2208,6.45207,76.56,FALSE,-15.252
6911,BJ0304,2.22084,6.42494,59.77,FALSE,-15.252
6913,BJ0304,2.22088,6.3978,70.38,FALSE,-15.252
6915,BJ0304,2.22092,6.37066,56.48,FALSE,-15.252
6917,BJ0304,2.22097,6.34353,49.3,FALSE,-15.252
7167,BJ0304,2.24805,6.3707,54.07,FALSE,-15.252
7169,BJ0304,2.24809,6.34357,48.27,FALSE,-15.252
7392,BJ0304,2.27517,6.37074,52.34,FALSE,-15.252
7394,BJ0304,2.27521,6.34361,48.34,FALSE,-15.252
8345,BJ0305,2.38341,6.58798,104.14,TRUE,20.381
8347,BJ0305,2.38344,6.56084,103.31,TRUE,20.381
8351,BJ0305,2.38354,6.47943,87.68,FALSE,20.381
8353,BJ0305,2.38357,6.45229,88.29,FALSE,20.381
8608,BJ0305,2.41048,6.64229,116.89,TRUE,20.381
8611,BJ0305,2.41051,6.61515,101.78,TRUE,20.381
8614,BJ0305,2.41055,6.58801,91.87,FALSE,20.381
8616,BJ0305,2.41058,6.56087,94.58,FALSE,20.381
8618,BJ0305,2.41061,6.53374,89.96,FALSE,20.381
8620,BJ0305,2.41064,6.5066,88.29,FALSE,20.381
8622,BJ0305,2.41067,6.47946,87.62,FALSE,20.381
8870,BJ0305,2.43768,6.58804,89.13,FALSE,20.381
8872,BJ0305,2.43771,6.56091,99.02,FALSE,20.381
8874,BJ0305,2.43774,6.53377,102.36,TRUE,20.381
8875,BJ0305,2.43777,6.50663,89.02,FALSE,20.381
9125,BJ0305,2.46488,6.5338,96.02,FALSE,20.381
9126,BJ0305,2.46491,6.50666,87.26,FALSE,20.381
9127,BJ0305,2.46493,6.47952,88.29,FALSE,20.381
9387,BJ0305,2.49201,6.53383,88.29,FALSE,20.381
9390,BJ0305,2.49204,6.50669,91.73,FALSE,20.381
9392,BJ0305,2.49207,6.47955,88.29,FALSE,20.381
5197,BJ0306,2.03027,6.77736,88.49,FALSE,-5.874
5199,BJ0306,2.03033,6.75022,92.06,FALSE,-5.874
5202,BJ0306,2.03038,6.72309,92.06,FALSE,-5.874
5424,BJ0306,2.05726,6.85882,87.89,FALSE,-5.874
5426,BJ0306,2.05731,6.83168,87.64,FALSE,-5.874
5428,BJ0306,2.05736,6.80455,90.16,FALSE,-5.874
5430,BJ0306,2.05742,6.77741,86.34,FALSE,-5.874
5432,BJ0306,2.05747,6.75028,85.38,FALSE,-5.874
5434,BJ0306,2.05752,6.72314,88.79,FALSE,-5.874
5669,BJ0306,2.08425,6.94027,86.55,FALSE,-5.874
5672,BJ0306,2.0843,6.91314,90.63,FALSE,-5.874
5674,BJ0306,2.08436,6.886,85.72,FALSE,-5.874
5676,BJ0306,2.08441,6.85887,87.77,FALSE,-5.874
5678,BJ0306,2.08446,6.83173,81.21,FALSE,-5.874
5679,BJ0306,2.08451,6.8046,78.7,FALSE,-5.874
5680,BJ0306,2.08456,6.77746,80.61,FALSE,-5.874
5682,BJ0306,2.08461,6.75033,79.81,FALSE,-5.874
5684,BJ0306,2.08466,6.7232,92.06,FALSE,-5.874
5925,BJ0306,2.11141,6.94032,59.14,FALSE,-5.874
5927,BJ0306,2.11146,6.91319,69.51,FALSE,-5.874
5929,BJ0306,2.11151,6.88605,82.52,FALSE,-5.874
5931,BJ0306,2.11156,6.85892,72.02,FALSE,-5.874
5932,BJ0306,2.11161,6.83178,74.88,FALSE,-5.874
5933,BJ0306,2.11166,6.80465,84.27,FALSE,-5.874
5934,BJ0306,2.11171,6.77751,89.45,FALSE,-5.874
5936,BJ0306,2.11176,6.75038,90.16,FALSE,-5.874
6158,BJ0306,2.13856,6.94037,55.26,FALSE,-5.874
6160,BJ0306,2.13861,6.91324,53.4,FALSE,-5.874
6161,BJ0306,2.13866,6.8861,55.45,FALSE,-5.874
6162,BJ0306,2.13871,6.85897,65.57,FALSE,-5.874
6163,BJ0306,2.13876,6.83183,69.15,FALSE,-5.874
6164,BJ0306,2.1388,6.8047,73.93,FALSE,-5.874
6166,BJ0306,2.13885,6.77756,90.28,FALSE,-5.874
6168,BJ0306,2.1389,6.75043,86.5,FALSE,-5.874
6393,BJ0306,2.16572,6.94042,57.23,FALSE,-5.874
6395,BJ0306,2.16576,6.91329,53.92,FALSE,-5.874
6396,BJ0306,2.16581,6.88615,62.73,FALSE,-5.874
6397,BJ0306,2.16586,6.85902,63.11,FALSE,-5.874
6398,BJ0306,2.1659,6.83188,64.38,FALSE,-5.874
6399,BJ0306,2.16595,6.80475,64.51,FALSE,-5.874
6401,BJ0306,2.166,6.77761,86.82,FALSE,-5.874
6636,BJ0306,2.19287,6.94047,70.79,FALSE,-5.874
6638,BJ0306,2.19292,6.91333,73.69,FALSE,-5.874
6639,BJ0306,2.19296,6.8862,71.59,FALSE,-5.874
6640,BJ0306,2.19301,6.85906,60.56,FALSE,-5.874
6641,BJ0306,2.19305,6.83193,61.58,FALSE,-5.874
6642,BJ0306,2.1931,6.80479,73.77,FALSE,-5.874
6644,BJ0306,2.19314,6.77766,76.52,FALSE,-5.874
6877,BJ0306,2.22003,6.94051,91.35,FALSE,-5.874
6879,BJ0306,2.22007,6.91338,81.49,FALSE,-5.874
6880,BJ0306,2.22011,6.88624,65.17,FALSE,-5.874
6881,BJ0306,2.22016,6.85911,63.72,FALSE,-5.874
6882,BJ0306,2.2202,6.83197,73.73,FALSE,-5.874
6883,BJ0306,2.22025,6.8048400000000004,70.07,FALSE,-5.874
6885,BJ0306,2.22029,6.7777,89.2,FALSE,-5.874
7135,BJ0306,2.24718,6.94056,87.78,FALSE,-5.874
7137,BJ0306,2.24722,6.91342,86.69,FALSE,-5.874
7138,BJ0306,2.24727,6.88629,82.04,FALSE,-5.874
7139,BJ0306,2.24731,6.85915,65.82,FALSE,-5.874
7140,BJ0306,2.24735,6.83202,72.02,FALSE,-5.874
7142,BJ0306,2.24739,6.80488,82.52,FALSE,-5.874
7144,BJ0306,2.24744,6.77774,90.43,FALSE,-5.874
7367,BJ0306,2.27434,6.9406,83.96,FALSE,-5.874
7369,BJ0306,2.27438,6.91346,82.06,FALSE,-5.874
7370,BJ0306,2.27442,6.88633,86.69,FALSE,-5.874
7371,BJ0306,2.27446,6.85919,79.54,FALSE,-5.874
7372,BJ0306,2.2745,6.83206,88.25,FALSE,-5.874
7374,BJ0306,2.27454,6.80492,92.06,FALSE,-5.874
7595,BJ0306,2.30145,6.96778,86.84,FALSE,-5.874
7597,BJ0306,2.30149,6.94064,86.31,FALSE,-5.874
7599,BJ0306,2.30153,6.91351,92.06,FALSE,-5.874
7601,BJ0306,2.30157,6.88637,89,FALSE,-5.874
7603,BJ0306,2.30161,6.85923,89.2,FALSE,-5.874
7605,BJ0306,2.30165,6.8321,92.06,FALSE,-5.874
7838,BJ0306,2.32861,6.96782,86.73,FALSE,-5.874
7840,BJ0306,2.32865,6.94068,74.1,FALSE,-5.874
7843,BJ0306,2.32869,6.91354,86.93,FALSE,-5.874
7846,BJ0306,2.32876,6.85927,89.84,FALSE,-5.874
8085,BJ0306,2.35584,6.91358,82.86,FALSE,-5.874
5212,BJ0307,2.03065,6.58742,96.95,FALSE,-0.987
5214,BJ0307,2.0307,6.56028,96.95,FALSE,-0.987
5216,BJ0307,2.03075,6.53315,96.95,FALSE,-0.987
5440,BJ0307,2.05778,6.58747,96.95,FALSE,-0.987
5441,BJ0307,2.05783,6.56034,96.95,FALSE,-0.987
5443,BJ0307,2.05788,6.5332,96.95,FALSE,-0.987
5445,BJ0307,2.05793,6.50607,95.7,FALSE,-0.987
5689,BJ0307,2.08487,6.61466,96.95,FALSE,-0.987
5691,BJ0307,2.08492,6.58752,96.95,FALSE,-0.987
5692,BJ0307,2.08496,6.56039,96.95,FALSE,-0.987
5693,BJ0307,2.08501,6.53325,96.95,FALSE,-0.987
5695,BJ0307,2.08506,6.50612,96.95,FALSE,-0.987
5698,BJ0307,2.08511,6.47898,96.95,FALSE,-0.987
5942,BJ0307,2.112,6.61471,96.95,FALSE,-0.987
5943,BJ0307,2.11205,6.58757,96.95,FALSE,-0.987
5944,BJ0307,2.1121,6.56043,96.95,FALSE,-0.987
5945,BJ0307,2.11215,6.5333,96.95,FALSE,-0.987
5946,BJ0307,2.11219,6.50616,96.95,FALSE,-0.987
5948,BJ0307,2.11224,6.47903,96.95,FALSE,-0.987
5950,BJ0307,2.11229,6.45189,96.95,FALSE,-0.987
6174,BJ0307,2.13914,6.61475,96.95,FALSE,-0.987
6175,BJ0307,2.13919,6.58762,96.95,FALSE,-0.987
6176,BJ0307,2.13923,6.56048,96.95,FALSE,-0.987
6177,BJ0307,2.13928,6.53335,96.95,FALSE,-0.987
6178,BJ0307,2.13932,6.50621,93.38,FALSE,-0.987
6180,BJ0307,2.13937,6.47908,96.95,FALSE,-0.987
6182,BJ0307,2.13942,6.45194,95.49,FALSE,-0.987
6408,BJ0307,2.16627,6.6148,96.95,FALSE,-0.987
6409,BJ0307,2.16632,6.58766,96.95,FALSE,-0.987
6410,BJ0307,2.16637,6.56053,96.95,FALSE,-0.987
6411,BJ0307,2.16641,6.53339,96.95,FALSE,-0.987
6412,BJ0307,2.16646,6.50626,96.34,FALSE,-0.987
6414,BJ0307,2.1665,6.47912,96.95,FALSE,-0.987
6416,BJ0307,2.16654,6.45199,94.5,FALSE,-0.987
6418,BJ0307,2.16659,6.42485,88.99,FALSE,-0.987
6652,BJ0307,2.19341,6.61484,96.95,FALSE,-0.987
6653,BJ0307,2.19346,6.58771,96.95,FALSE,-0.987
6654,BJ0307,2.1935,6.56057,96.95,FALSE,-0.987
6655,BJ0307,2.19354,6.53344,96.95,FALSE,-0.987
6656,BJ0307,2.19359,6.5063,96.95,FALSE,-0.987
6657,BJ0307,2.19363,6.47917,94.45,FALSE,-0.987
6659,BJ0307,2.19367,6.45203,92.66,FALSE,-0.987
6661,BJ0307,2.19372,6.42489,75.46,FALSE,-0.987
6899,BJ0307,2.22055,6.61489,96.95,FALSE,-0.987
6901,BJ0307,2.22059,6.58775,96.95,FALSE,-0.987
6902,BJ0307,2.22063,6.56062,95.73,FALSE,-0.987
6903,BJ0307,2.22068,6.53348,96.95,FALSE,-0.987
6905,BJ0307,2.22072,6.50634,95.73,FALSE,-0.987
6907,BJ0307,2.22076,6.47921,89.09,FALSE,-0.987
6910,BJ0307,2.2208,6.45207,90.82,FALSE,-0.987
7155,BJ0307,2.24773,6.58779,96.95,FALSE,-0.987
7158,BJ0307,2.24777,6.56066,92.66,FALSE,-0.987
7160,BJ0307,2.24781,6.53352,96.95,FALSE,-0.987
7162,BJ0307,2.24785,6.50638,96.95,FALSE,-0.987
6651,BJ0308,2.19341,6.61484,92.89,FALSE,-5.048
6886,BJ0308,2.22029,6.7777,90.03,FALSE,-5.048
6888,BJ0308,2.22033,6.75057,92.89,FALSE,-5.048
6890,BJ0308,2.22038,6.72343,92.89,FALSE,-5.048
6892,BJ0308,2.22042,6.69629,92.89,FALSE,-5.048
6894,BJ0308,2.22046,6.66916,92.89,FALSE,-5.048
6896,BJ0308,2.22051,6.64202,91.94,FALSE,-5.048
6898,BJ0308,2.22055,6.61489,92.89,FALSE,-5.048
6900,BJ0308,2.22059,6.58775,92.89,FALSE,-5.048
7141,BJ0308,2.24735,6.83202,72.84,FALSE,-5.048
7143,BJ0308,2.24739,6.80488,83.34,FALSE,-5.048
7145,BJ0308,2.24744,6.77774,91.25,FALSE,-5.048
7146,BJ0308,2.24748,6.75061,92.89,FALSE,-5.048
7147,BJ0308,2.24752,6.72347,92.89,FALSE,-5.048
7148,BJ0308,2.24756,6.69634,92.89,FALSE,-5.048
7149,BJ0308,2.2476,6.6692,92.89,FALSE,-5.048
7151,BJ0308,2.24765,6.64206,92.89,FALSE,-5.048
7153,BJ0308,2.24769,6.61493,92.18,FALSE,-5.048
7154,BJ0308,2.24773,6.58779,92.89,FALSE,-5.048
7156,BJ0308,2.24777,6.56066,88.6,FALSE,-5.048
7373,BJ0308,2.2745,6.83206,89.07,FALSE,-5.048
7375,BJ0308,2.27454,6.80492,92.89,FALSE,-5.048
7376,BJ0308,2.27458,6.77779,92.89,FALSE,-5.048
7377,BJ0308,2.27462,6.75065,92.89,FALSE,-5.048
7378,BJ0308,2.27466,6.72351,92.89,FALSE,-5.048
7379,BJ0308,2.2747,6.6963800000000004,92.89,FALSE,-5.048
7380,BJ0308,2.27474,6.66924,92.89,FALSE,-5.048
7381,BJ0308,2.27478,6.64211,92.89,FALSE,-5.048
7382,BJ0308,2.27482,6.61497,91.66,FALSE,-5.048
7383,BJ0308,2.27486,6.58783,91.94,FALSE,-5.048
7384,BJ0308,2.2749,6.5607,91.46,FALSE,-5.048
7600,BJ0308,2.30153,6.91351,92.89,FALSE,-5.048
7602,BJ0308,2.30157,6.88637,89.82,FALSE,-5.048
7604,BJ0308,2.30161,6.85923,90.03,FALSE,-5.048
7606,BJ0308,2.30165,6.8321,92.89,FALSE,-5.048
7607,BJ0308,2.30169,6.80496,92.89,FALSE,-5.048
7608,BJ0308,2.30173,6.77783,92.89,FALSE,-5.048
7609,BJ0308,2.30177,6.75069,92.18,FALSE,-5.048
7610,BJ0308,2.30181,6.72355,92.89,FALSE,-5.048
7611,BJ0308,2.30185,6.69642,92.89,FALSE,-5.048
7612,BJ0308,2.30188,6.66928,92.28,FALSE,-5.048
7613,BJ0308,2.30192,6.64214,92.06,FALSE,-5.048
7614,BJ0308,2.30196,6.61501,91.46,FALSE,-5.048
7615,BJ0308,2.302,6.58787,92.06,FALSE,-5.048
7617,BJ0308,2.30204,6.56074,83.83,FALSE,-5.048
7841,BJ0308,2.32865,6.94068,74.93,FALSE,-5.048
7844,BJ0308,2.32869,6.91354,87.76,FALSE,-5.048
7845,BJ0308,2.32873,6.88641,89.07,FALSE,-5.048
7847,BJ0308,2.32876,6.85927,90.66,FALSE,-5.048
7848,BJ0308,2.3288,6.83214,92.89,FALSE,-5.048
7849,BJ0308,2.32884,6.805,92.89,FALSE,-5.048
7850,BJ0308,2.32888,6.77786,92.89,FALSE,-5.048
7851,BJ0308,2.32891,6.75073,92.89,FALSE,-5.048
7852,BJ0308,2.32895,6.72359,90.03,FALSE,-5.048
7853,BJ0308,2.32899,6.69645,92.89,FALSE,-5.048
7855,BJ0308,2.32903,6.66932,90.75,FALSE,-5.048
7857,BJ0308,2.32906,6.64218,92.89,FALSE,-5.048
7859,BJ0308,2.3291,6.61505,85.55,FALSE,-5.048
7861,BJ0308,2.32914,6.58791,90.75,FALSE,-5.048
8081,BJ0308,2.35577,6.96785,81.68,FALSE,-5.048
8083,BJ0308,2.3558,6.94072,85.1,FALSE,-5.048
8086,BJ0308,2.35584,6.91358,83.69,FALSE,-5.048
8087,BJ0308,2.35588,6.88645,92.89,FALSE,-5.048
8088,BJ0308,2.35591,6.85931,92.18,FALSE,-5.048
8089,BJ0308,2.35595,6.83217,92.28,FALSE,-5.048
8090,BJ0308,2.35599,6.80504,92.89,FALSE,-5.048
8091,BJ0308,2.35602,6.7779,92.28,FALSE,-5.048
8092,BJ0308,2.35606,6.75076,92.89,FALSE,-5.048
8093,BJ0308,2.3561,6.72363,89.83,FALSE,-5.048
8094,BJ0308,2.35613,6.69649,90.75,FALSE,-5.048
8326,BJ0308,2.38293,6.96789,69.17,FALSE,-5.048
8328,BJ0308,2.38296,6.94075,65.7,FALSE,-5.048
8330,BJ0308,2.383,6.91362,66.88,FALSE,-5.048
8332,BJ0308,2.38303,6.88648,84.19,FALSE,-5.048
8333,BJ0308,2.38307,6.85935,86.47,FALSE,-5.048
8334,BJ0308,2.3831,6.83221,84.55,FALSE,-5.048
8335,BJ0308,2.38314,6.80507,88.72,FALSE,-5.048
8336,BJ0308,2.38317,6.77794,91.46,FALSE,-5.048
8337,BJ0308,2.38321,6.7508,92.89,FALSE,-5.048
8338,BJ0308,2.38324,6.72366,90.03,FALSE,-5.048
8339,BJ0308,2.38327,6.69653,92.06,FALSE,-5.048
8577,BJ0308,2.4100799999999998,6.96793,61.91,FALSE,-5.048
8581,BJ0308,2.41012,6.94079,59.63,FALSE,-5.048
8583,BJ0308,2.41015,6.91365,53.31,FALSE,-5.048
8585,BJ0308,2.41018,6.88652,55.37,FALSE,-5.048
8587,BJ0308,2.41022,6.85938,59.77,FALSE,-5.048
8589,BJ0308,2.41025,6.83224,69.58,FALSE,-5.048
8591,BJ0308,2.41028,6.80511,77.24,FALSE,-5.048
8594,BJ0308,2.41032,6.77797,86.21,FALSE,-5.048
8596,BJ0308,2.41035,6.75083,87.65,FALSE,-5.048
8598,BJ0308,2.41038,6.7237,86.56,FALSE,-5.048
8600,BJ0308,2.41042,6.69656,78.48,FALSE,-5.048
8853,BJ0308,2.4374,6.83227,55.61,FALSE,-5.048
8855,BJ0308,2.43743,6.80514,52.8,FALSE,-5.048
8859,BJ0308,2.4375,6.75086,76.74,FALSE,-5.048
8861,BJ0308,2.43753,6.72373,83.59,FALSE,-5.048
9726,BJ0401,2.54155,10.52272,72.92,FALSE,5.009
9728,BJ0401,2.54159,10.49559,72.92,FALSE,5.009
9730,BJ0401,2.54163,10.46846,72.92,FALSE,5.009
9732,BJ0401,2.54167,10.44132,72.92,FALSE,5.009
9734,BJ0401,2.54171,10.41419,72.92,FALSE,5.009
9736,BJ0401,2.54175,10.38706,72.92,FALSE,5.009
9738,BJ0401,2.54179,10.35993,72.92,FALSE,5.009
9740,BJ0401,2.54183,10.33279,72.92,FALSE,5.009
9741,BJ0401,2.54186,10.30566,72.92,FALSE,5.009
9742,BJ0401,2.5419,10.27853,72.92,FALSE,5.009
9743,BJ0401,2.54194,10.2514,72.92,FALSE,5.009
9744,BJ0401,2.54198,10.22427,71.24,FALSE,5.009
9745,BJ0401,2.54202,10.19713,72.92,FALSE,5.009
9746,BJ0401,2.54206,10.17,70.49,FALSE,5.009
9747,BJ0401,2.5421,10.14287,71.95,FALSE,5.009
9748,BJ0401,2.54214,10.11574,72.56,FALSE,5.009
9749,BJ0401,2.54217,10.0886,72.92,FALSE,5.009
9750,BJ0401,2.54221,10.06147,72.92,FALSE,5.009
9752,BJ0401,2.54225,10.03434,72.92,FALSE,5.009
9754,BJ0401,2.54229,10.0072,72.92,FALSE,5.009
9756,BJ0401,2.54233,9.98007,72.46,FALSE,5.009
9759,BJ0401,2.54237,9.95294,72.92,FALSE,5.009
9991,BJ0401,2.56897,10.52276,72.92,FALSE,5.009
9992,BJ0401,2.569,10.49563,72.92,FALSE,5.009
9993,BJ0401,2.56904,10.46849,72.92,FALSE,5.009
9994,BJ0401,2.56908,10.44136,72.92,FALSE,5.009
9995,BJ0401,2.56912,10.41423,72.92,FALSE,5.009
9996,BJ0401,2.56915,10.3871,72.92,FALSE,5.009
9997,BJ0401,2.56919,10.35997,72.92,FALSE,5.009
9998,BJ0401,2.56923,10.33283,72.92,FALSE,5.009
9999,BJ0401,2.56926,10.3057,72.92,FALSE,5.009
10000,BJ0401,2.5693,10.27857,72.53,FALSE,5.009
10001,BJ0401,2.56934,10.25144,72.05,FALSE,5.009
10002,BJ0401,2.56937,10.2243,70.04,FALSE,5.009
10003,BJ0401,2.56941,10.19717,72.66,FALSE,5.009
10004,BJ0401,2.56945,10.17004,70.79,FALSE,5.009
10005,BJ0401,2.56948,10.1429,72.67,FALSE,5.009
10006,BJ0401,2.56952,10.11577,71.14,FALSE,5.009
10007,BJ0401,2.56955,10.08864,72.31,FALSE,5.009
10008,BJ0401,2.56959,10.06151,72.92,FALSE,5.009
10009,BJ0401,2.56963,10.03437,72.92,FALSE,5.009
10010,BJ0401,2.56966,10.00724,72.64,FALSE,5.009
10012,BJ0401,2.5697,9.98011,72.46,FALSE,5.009
10013,BJ0401,2.56973,9.95297,72.46,FALSE,5.009
10246,BJ0401,2.59638,10.52279,72.92,FALSE,5.009
10247,BJ0401,2.59642,10.49566,72.92,FALSE,5.009
10248,BJ0401,2.59645,10.46853,72.92,FALSE,5.009
10249,BJ0401,2.59649,10.4414,72.92,FALSE,5.009
10250,BJ0401,2.59652,10.41427,72.92,FALSE,5.009
10251,BJ0401,2.59656,10.38713,72.92,FALSE,5.009
10252,BJ0401,2.59659,10.36,72.92,FALSE,5.009
10253,BJ0401,2.59663,10.33287,72.92,FALSE,5.009
10254,BJ0401,2.59666,10.30574,72.67,FALSE,5.009
10255,BJ0401,2.5967,10.2786,72.92,FALSE,5.009
10256,BJ0401,2.59673,10.25147,72.92,FALSE,5.009
10257,BJ0401,2.59677,10.22434,72.92,FALSE,5.009
10258,BJ0401,2.5968,10.19721,72.92,FALSE,5.009
10259,BJ0401,2.59683,10.17007,72.92,FALSE,5.009
10260,BJ0401,2.59687,10.14294,72.92,FALSE,5.009
10261,BJ0401,2.5969,10.11581,72.92,FALSE,5.009
10262,BJ0401,2.59694,10.08867,72.92,FALSE,5.009
10263,BJ0401,2.59697,10.06154,72.67,FALSE,5.009
10264,BJ0401,2.597,10.03441,72.92,FALSE,5.009
10265,BJ0401,2.59704,10.00727,72.92,FALSE,5.009
10266,BJ0401,2.59707,9.98014,72.92,FALSE,5.009
10267,BJ0401,2.5971,9.95301,72.46,FALSE,5.009
10269,BJ0401,2.59714,9.92588,72.92,FALSE,5.009
10502,BJ0401,2.6238,10.52283,72.92,FALSE,5.009
10503,BJ0401,2.62383,10.4957,72.92,FALSE,5.009
10504,BJ0401,2.62387,10.46856,72.92,FALSE,5.009
10505,BJ0401,2.6239,10.44143,72.92,FALSE,5.009
10506,BJ0401,2.62393,10.4143,72.92,FALSE,5.009
10507,BJ0401,2.62396,10.38717,72.92,FALSE,5.009
10508,BJ0401,2.624,10.36003,72.92,FALSE,5.009
10509,BJ0401,2.62403,10.3329,72.92,FALSE,5.009
10510,BJ0401,2.62406,10.30577,72.92,FALSE,5.009
10511,BJ0401,2.62409,10.27864,72.92,FALSE,5.009
10512,BJ0401,2.62412,10.2515,72.92,FALSE,5.009
10513,BJ0401,2.62416,10.22437,72.92,FALSE,5.009
10514,BJ0401,2.62419,10.19724,72.92,FALSE,5.009
10515,BJ0401,2.62422,10.1701,72.92,FALSE,5.009
10516,BJ0401,2.62425,10.14297,72.92,FALSE,5.009
10517,BJ0401,2.62428,10.11584,72.92,FALSE,5.009
10518,BJ0401,2.62432,10.08871,72.92,FALSE,5.009
10519,BJ0401,2.62435,10.06157,72.92,FALSE,5.009
10520,BJ0401,2.62438,10.03444,72.92,FALSE,5.009
10521,BJ0401,2.62441,10.00731,72.92,FALSE,5.009
10522,BJ0401,2.62444,9.98017,72.92,FALSE,5.009
10523,BJ0401,2.62447,9.95304,72.92,FALSE,5.009
10524,BJ0401,2.6245,9.92591,72.92,FALSE,5.009
10763,BJ0401,2.65122,10.52286,72.92,FALSE,5.009
10764,BJ0401,2.65125,10.49573,72.92,FALSE,5.009
10765,BJ0401,2.65128,10.46859,72.92,FALSE,5.009
10766,BJ0401,2.65131,10.44146,72.92,FALSE,5.009
10767,BJ0401,2.65134,10.41433,72.92,FALSE,5.009
10768,BJ0401,2.65137,10.3872,72.92,FALSE,5.009
10769,BJ0401,2.6514,10.36006,72.92,FALSE,5.009
10770,BJ0401,2.65143,10.33293,72.92,FALSE,5.009
10771,BJ0401,2.65146,10.3058,72.92,FALSE,5.009
10772,BJ0401,2.65149,10.27867,72.92,FALSE,5.009
10773,BJ0401,2.65152,10.25153,72.92,FALSE,5.009
10774,BJ0401,2.65155,10.2244,72.92,FALSE,5.009
10775,BJ0401,2.65158,10.19727,72.92,FALSE,5.009
10776,BJ0401,2.65161,10.17014,72.92,FALSE,5.009
10777,BJ0401,2.65164,10.143,72.92,FALSE,5.009
10778,BJ0401,2.65167,10.11587,72.92,FALSE,5.009
10779,BJ0401,2.6517,10.08874,72.92,FALSE,5.009
10780,BJ0401,2.65172,10.0616,72.92,FALSE,5.009
10781,BJ0401,2.65175,10.03447,72.92,FALSE,5.009
10782,BJ0401,2.65178,10.00734,72.92,FALSE,5.009
10783,BJ0401,2.65181,9.9802,72.92,FALSE,5.009
10784,BJ0401,2.65184,9.95307,72.92,FALSE,5.009
10785,BJ0401,2.65187,9.92594,72.92,FALSE,5.009
11015,BJ0401,2.67861,10.55002,72.92,FALSE,5.009
11017,BJ0401,2.67864,10.52289,72.92,FALSE,5.009
11018,BJ0401,2.67866,10.49576,72.92,FALSE,5.009
11019,BJ0401,2.67869,10.46862,72.92,FALSE,5.009
11020,BJ0401,2.67872,10.44149,72.92,FALSE,5.009
11021,BJ0401,2.67875,10.41436,72.92,FALSE,5.009
11022,BJ0401,2.67878,10.38723,72.92,FALSE,5.009
11023,BJ0401,2.6788,10.36009,72.92,FALSE,5.009
11024,BJ0401,2.67883,10.33296,72.92,FALSE,5.009
11025,BJ0401,2.67886,10.30583,72.92,FALSE,5.009
11026,BJ0401,2.67889,10.27869,72.92,FALSE,5.009
11027,BJ0401,2.67891,10.25156,72.92,FALSE,5.009
11028,BJ0401,2.67894,10.22443,72.92,FALSE,5.009
11029,BJ0401,2.67897,10.1973,72.92,FALSE,5.009
11030,BJ0401,2.679,10.17016,72.92,FALSE,5.009
11031,BJ0401,2.67902,10.14303,72.92,FALSE,5.009
11032,BJ0401,2.67905,10.1159,72.92,FALSE,5.009
11033,BJ0401,2.67908,10.08876,72.92,FALSE,5.009
11034,BJ0401,2.6791,10.06163,72.92,FALSE,5.009
11035,BJ0401,2.67913,10.0345,72.92,FALSE,5.009
11036,BJ0401,2.67916,10.00736,72.92,FALSE,5.009
11037,BJ0401,2.67918,9.98023,72.92,FALSE,5.009
11038,BJ0401,2.67921,9.9531,72.92,FALSE,5.009
11039,BJ0401,2.67924,9.92596,72.92,FALSE,5.009
11041,BJ0401,2.67926,9.89883,72.92,FALSE,5.009
11262,BJ0401,2.706,10.57718,72.92,FALSE,5.009
11264,BJ0401,2.70603,10.55005,72.92,FALSE,5.009
11265,BJ0401,2.70605,10.52292,72.92,FALSE,5.009
11266,BJ0401,2.70608,10.49578,72.92,FALSE,5.009
11267,BJ0401,2.70611,10.46865,72.92,FALSE,5.009
11268,BJ0401,2.70613,10.44152,72.92,FALSE,5.009
11269,BJ0401,2.70616,10.41438,72.92,FALSE,5.009
11270,BJ0401,2.70618,10.38725,72.92,FALSE,5.009
11271,BJ0401,2.70621,10.36012,72.92,FALSE,5.009
11272,BJ0401,2.70623,10.33299,72.92,FALSE,5.009
11273,BJ0401,2.70626,10.30585,72.92,FALSE,5.009
11274,BJ0401,2.70628,10.27872,72.92,FALSE,5.009
11275,BJ0401,2.70631,10.25159,72.92,FALSE,5.009
11276,BJ0401,2.70633,10.22445,72.92,FALSE,5.009
11277,BJ0401,2.70636,10.19732,72.92,FALSE,5.009
11278,BJ0401,2.70638,10.17019,72.92,FALSE,5.009
11279,BJ0401,2.70641,10.14306,72.92,FALSE,5.009
11280,BJ0401,2.70643,10.11592,72.92,FALSE,5.009
11281,BJ0401,2.70646,10.08879,72.92,FALSE,5.009
11282,BJ0401,2.70648,10.06166,72.92,FALSE,5.009
11283,BJ0401,2.70651,10.03452,72.92,FALSE,5.009
11284,BJ0401,2.70653,10.00739,72.92,FALSE,5.009
11285,BJ0401,2.70655,9.98026,72.92,FALSE,5.009
11286,BJ0401,2.70658,9.95312,72.92,FALSE,5.009
11287,BJ0401,2.7066,9.92599,72.92,FALSE,5.009
11288,BJ0401,2.70663,9.89886,72.92,FALSE,5.009
11506,BJ0401,2.73343,10.5772,72.92,FALSE,5.009
11507,BJ0401,2.73345,10.55007,72.92,FALSE,5.009
11508,BJ0401,2.73347,10.52294,72.92,FALSE,5.009
11509,BJ0401,2.7335,10.49581,72.92,FALSE,5.009
11510,BJ0401,2.73352,10.46867,72.92,FALSE,5.009
11511,BJ0401,2.73354,10.44154,72.92,FALSE,5.009
11512,BJ0401,2.73356,10.41441,72.92,FALSE,5.009
11513,BJ0401,2.73359,10.38728,72.92,FALSE,5.009
11514,BJ0401,2.73361,10.36014,72.92,FALSE,5.009
11515,BJ0401,2.73363,10.33301,72.92,FALSE,5.009
11516,BJ0401,2.73366,10.30588,72.92,FALSE,5.009
11517,BJ0401,2.73368,10.27874,72.92,FALSE,5.009
11518,BJ0401,2.7337,10.25161,72.92,FALSE,5.009
11519,BJ0401,2.73372,10.22448,72.92,FALSE,5.009
11520,BJ0401,2.73375,10.19735,72.92,FALSE,5.009
11521,BJ0401,2.73377,10.17021,72.92,FALSE,5.009
11522,BJ0401,2.73379,10.14308,72.92,FALSE,5.009
11523,BJ0401,2.73381,10.11595,72.92,FALSE,5.009
11524,BJ0401,2.73384,10.08881,72.92,FALSE,5.009
11525,BJ0401,2.73386,10.06168,72.92,FALSE,5.009
11526,BJ0401,2.73388,10.03455,72.92,FALSE,5.009
11527,BJ0401,2.7339,10.00741,72.92,FALSE,5.009
11528,BJ0401,2.73393,9.98028,72.92,FALSE,5.009
11529,BJ0401,2.73395,9.95315,72.92,FALSE,5.009
11530,BJ0401,2.73397,9.92601,72.92,FALSE,5.009
11531,BJ0401,2.73399,9.89888,72.92,FALSE,5.009
11726,BJ0401,2.76085,10.57723,72.92,FALSE,5.009
11727,BJ0401,2.76087,10.55009,72.92,FALSE,5.009
11728,BJ0401,2.76089,10.52296,72.92,FALSE,5.009
11729,BJ0401,2.76091,10.49583,72.92,FALSE,5.009
11730,BJ0401,2.76093,10.4687,72.92,FALSE,5.009
11731,BJ0401,2.76095,10.44156,72.92,FALSE,5.009
11732,BJ0401,2.76097,10.41443,72.92,FALSE,5.009
11733,BJ0401,2.76099,10.3873,72.92,FALSE,5.009
11734,BJ0401,2.76101,10.36016,72.92,FALSE,5.009
11735,BJ0401,2.76104,10.33303,72.92,FALSE,5.009
11736,BJ0401,2.76106,10.3059,72.92,FALSE,5.009
11737,BJ0401,2.76108,10.27877,72.92,FALSE,5.009
11738,BJ0401,2.7611,10.25163,72.92,FALSE,5.009
11739,BJ0401,2.76112,10.2245,72.92,FALSE,5.009
11740,BJ0401,2.76114,10.19737,72.92,FALSE,5.009
11741,BJ0401,2.76116,10.17023,72.92,FALSE,5.009
11742,BJ0401,2.76118,10.1431,72.92,FALSE,5.009
11743,BJ0401,2.7612,10.11597,72.92,FALSE,5.009
11744,BJ0401,2.76122,10.08883,72.92,FALSE,5.009
11745,BJ0401,2.76124,10.0617,72.92,FALSE,5.009
11746,BJ0401,2.76126,10.03457,72.92,FALSE,5.009
11747,BJ0401,2.76128,10.00743,72.92,FALSE,5.009
11748,BJ0401,2.7613,9.9803,72.92,FALSE,5.009
11749,BJ0401,2.76132,9.95317,72.92,FALSE,5.009
11750,BJ0401,2.76134,9.92603,72.92,FALSE,5.009
11753,BJ0401,2.76136,9.8989,72.92,FALSE,5.009
11922,BJ0401,2.78827,10.57725,72.92,FALSE,5.009
11923,BJ0401,2.78829,10.55011,72.92,FALSE,5.009
11924,BJ0401,2.78831,10.52298,72.92,FALSE,5.009
11925,BJ0401,2.78833,10.49585,72.92,FALSE,5.009
11926,BJ0401,2.78835,10.46872,72.92,FALSE,5.009
11927,BJ0401,2.78836,10.44158,72.92,FALSE,5.009
11928,BJ0401,2.78838,10.41445,72.92,FALSE,5.009
11929,BJ0401,2.7884,10.38732,72.92,FALSE,5.009
11930,BJ0401,2.78842,10.36018,72.92,FALSE,5.009
11931,BJ0401,2.78844,10.33305,72.92,FALSE,5.009
11932,BJ0401,2.78845,10.30592,72.92,FALSE,5.009
11933,BJ0401,2.78847,10.27878,72.92,FALSE,5.009
11934,BJ0401,2.78849,10.25165,72.92,FALSE,5.009
11935,BJ0401,2.78851,10.22452,72.92,FALSE,5.009
11936,BJ0401,2.78853,10.19739,72.92,FALSE,5.009
11937,BJ0401,2.78854,10.17025,72.92,FALSE,5.009
11938,BJ0401,2.78856,10.14312,72.92,FALSE,5.009
11939,BJ0401,2.78858,10.11599,72.92,FALSE,5.009
11940,BJ0401,2.7886,10.08885,72.92,FALSE,5.009
11941,BJ0401,2.78862,10.06172,72.92,FALSE,5.009
11942,BJ0401,2.78863,10.03459,72.92,FALSE,5.009
11943,BJ0401,2.78865,10.00745,72.92,FALSE,5.009
11944,BJ0401,2.78867,9.98032,72.92,FALSE,5.009
11945,BJ0401,2.78869,9.95318,72.92,FALSE,5.009
11946,BJ0401,2.7887,9.92605,72.92,FALSE,5.009
12087,BJ0401,2.81569,10.57726,72.92,FALSE,5.009
12088,BJ0401,2.81571,10.55013,72.92,FALSE,5.009
12089,BJ0401,2.81573,10.523,72.92,FALSE,5.009
12090,BJ0401,2.81574,10.49587,72.92,FALSE,5.009
12091,BJ0401,2.81576,10.46873,72.92,FALSE,5.009
12092,BJ0401,2.81577,10.4416,72.92,FALSE,5.009
12093,BJ0401,2.81579,10.41447,72.92,FALSE,5.009
12094,BJ0401,2.81581,10.38733,72.92,FALSE,5.009
12095,BJ0401,2.81582,10.3602,72.92,FALSE,5.009
12096,BJ0401,2.81584,10.33307,72.92,FALSE,5.009
12097,BJ0401,2.81585,10.30593,72.92,FALSE,5.009
12098,BJ0401,2.81587,10.2788,72.92,FALSE,5.009
12099,BJ0401,2.81589,10.25167,72.92,FALSE,5.009
12100,BJ0401,2.8159,10.22454,72.92,FALSE,5.009
12101,BJ0401,2.81592,10.1974,72.92,FALSE,5.009
12102,BJ0401,2.81593,10.17027,72.92,FALSE,5.009
12103,BJ0401,2.81595,10.14314,72.92,FALSE,5.009
12104,BJ0401,2.81596,10.116,72.92,FALSE,5.009
12106,BJ0401,2.81598,10.08887,72.92,FALSE,5.009
12108,BJ0401,2.81599,10.06174,72.92,FALSE,5.009
12110,BJ0401,2.81601,10.0346,72.92,FALSE,5.009
12112,BJ0401,2.81602,10.00747,72.92,FALSE,5.009
12113,BJ0401,2.81604,9.98033,72.92,FALSE,5.009
12114,BJ0401,2.81606,9.9532,72.92,FALSE,5.009
12115,BJ0401,2.81607,9.92607,72.92,FALSE,5.009
12235,BJ0401,2.84312,10.57728,72.92,FALSE,5.009
12237,BJ0401,2.84313,10.55015,72.92,FALSE,5.009
12239,BJ0401,2.84315,10.52301,72.92,FALSE,5.009
12240,BJ0401,2.84316,10.49588,72.92,FALSE,5.009
12241,BJ0401,2.84317,10.46875,72.66,FALSE,5.009
12242,BJ0401,2.84319,10.44161,72.92,FALSE,5.009
12243,BJ0401,2.8432,10.41448,72.92,FALSE,5.009
12244,BJ0401,2.84321,10.38735,72.92,FALSE,5.009
12245,BJ0401,2.84323,10.36022,72.92,FALSE,5.009
12246,BJ0401,2.84324,10.33308,72.92,FALSE,5.009
12247,BJ0401,2.84325,10.30595,72.92,FALSE,5.009
12248,BJ0401,2.84327,10.27882,72.92,FALSE,5.009
12249,BJ0401,2.84328,10.25168,72.92,FALSE,5.009
12250,BJ0401,2.84329,10.22455,72.92,FALSE,5.009
12251,BJ0401,2.84331,10.19742,72.92,FALSE,5.009
12252,BJ0401,2.84332,10.17028,72.92,FALSE,5.009
12253,BJ0401,2.84333,10.14315,72.92,FALSE,5.009
12255,BJ0401,2.84335,10.11602,72.92,FALSE,5.009
12259,BJ0401,2.84339,10.03462,72.92,FALSE,5.009
12261,BJ0401,2.8434,10.00748,72.92,FALSE,5.009
12263,BJ0401,2.84341,9.98035,72.92,FALSE,5.009
12265,BJ0401,2.84342,9.95321,72.92,FALSE,5.009
12267,BJ0401,2.84344,9.92608,72.92,FALSE,5.009
12387,BJ0401,2.87056,10.52302,72.92,FALSE,5.009
12388,BJ0401,2.87057,10.49589,72.92,FALSE,5.009
12389,BJ0401,2.87059,10.46876,72.92,FALSE,5.009
12390,BJ0401,2.8706,10.44163,72.92,FALSE,5.009
12391,BJ0401,2.87061,10.41449,72.92,FALSE,5.009
12392,BJ0401,2.87062,10.38736,72.68,FALSE,5.009
12393,BJ0401,2.87063,10.36023,72.92,FALSE,5.009
12394,BJ0401,2.87064,10.33309,72.92,FALSE,5.009
12395,BJ0401,2.87065,10.30596,72.92,FALSE,5.009
12396,BJ0401,2.87066,10.27883,72.92,FALSE,5.009
12397,BJ0401,2.87067,10.25169,72.92,FALSE,5.009
12398,BJ0401,2.87069,10.22456,72.92,FALSE,5.009
12399,BJ0401,2.8707,10.19743,72.92,FALSE,5.009
12400,BJ0401,2.87071,10.17029,72.92,FALSE,5.009
12401,BJ0401,2.87072,10.14316,72.92,FALSE,5.009
12521,BJ0401,2.89798,10.52303,72.92,FALSE,5.009
12522,BJ0401,2.89799,10.4959,72.92,FALSE,5.009
12523,BJ0401,2.898,10.46877,72.92,FALSE,5.009
12524,BJ0401,2.89801,10.44164,72.92,FALSE,5.009
12525,BJ0401,2.89802,10.4145,72.92,FALSE,5.009
12526,BJ0401,2.89803,10.38737,72.6,FALSE,5.009
12527,BJ0401,2.89803,10.36024,72.92,FALSE,5.009
12528,BJ0401,2.89804,10.3331,72.92,FALSE,5.009
12529,BJ0401,2.89805,10.30597,72.92,FALSE,5.009
12530,BJ0401,2.89806,10.27884,72.92,FALSE,5.009
12531,BJ0401,2.89807,10.2517,72.92,FALSE,5.009
12532,BJ0401,2.89808,10.22457,72.92,FALSE,5.009
12533,BJ0401,2.89809,10.19744,72.92,FALSE,5.009
12534,BJ0401,2.8981,10.1703,72.92,FALSE,5.009
12535,BJ0401,2.8981,10.14317,72.92,FALSE,5.009
12652,BJ0401,2.9254,10.52304,72.92,FALSE,5.009
12653,BJ0401,2.92541,10.49591,72.92,FALSE,5.009
12654,BJ0401,2.92541,10.46878,68.54,FALSE,5.009
12655,BJ0401,2.92542,10.44164,72.92,FALSE,5.009
12656,BJ0401,2.92543,10.41451,72.92,FALSE,5.009
12657,BJ0401,2.92543,10.38738,72.92,FALSE,5.009
12658,BJ0401,2.92544,10.36024,72.92,FALSE,5.009
12659,BJ0401,2.92545,10.33311,72.92,FALSE,5.009
12660,BJ0401,2.92545,10.30598,72.92,FALSE,5.009
12661,BJ0401,2.92546,10.27885,72.92,FALSE,5.009
12662,BJ0401,2.92546,10.25171,72.92,FALSE,5.009
12663,BJ0401,2.92547,10.22458,72.92,FALSE,5.009
12664,BJ0401,2.92548,10.19745,72.92,FALSE,5.009
12665,BJ0401,2.92548,10.17031,72.92,FALSE,5.009
12666,BJ0401,2.92549,10.14318,72.92,FALSE,5.009
12784,BJ0401,2.95282,10.52305,67.05,FALSE,5.009
12785,BJ0401,2.95282,10.49592,69.01,FALSE,5.009
12786,BJ0401,2.95283,10.46878,71.44,FALSE,5.009
12787,BJ0401,2.95283,10.44165,72.92,FALSE,5.009
12788,BJ0401,2.95283,10.41452,72.92,FALSE,5.009
12789,BJ0401,2.95284,10.38738,72.92,FALSE,5.009
12790,BJ0401,2.95284,10.36025,72.92,FALSE,5.009
12791,BJ0401,2.95285,10.33312,72.92,FALSE,5.009
12792,BJ0401,2.95285,10.30598,72.92,FALSE,5.009
12793,BJ0401,2.95285,10.27885,72.92,FALSE,5.009
12794,BJ0401,2.95286,10.25172,72.51,FALSE,5.009
12795,BJ0401,2.95286,10.22458,71.48,FALSE,5.009
12796,BJ0401,2.95287,10.19745,72.92,FALSE,5.009
12798,BJ0401,2.95287,10.17032,72.92,FALSE,5.009
12800,BJ0401,2.95287,10.14318,72.92,FALSE,5.009
12915,BJ0401,2.9802399999999998,10.52305,62.85,FALSE,5.009
12916,BJ0401,2.9802399999999998,10.49592,66.69,FALSE,5.009
12917,BJ0401,2.9802399999999998,10.46878,72.92,FALSE,5.009
12918,BJ0401,2.9802399999999998,10.44165,72.92,FALSE,5.009
12919,BJ0401,2.9802399999999998,10.41452,72.92,FALSE,5.009
12920,BJ0401,2.98025,10.38739,72.92,FALSE,5.009
12922,BJ0401,2.98025,10.36025,72.92,FALSE,5.009
12924,BJ0401,2.98025,10.33312,70.91,FALSE,5.009
12925,BJ0401,2.98025,10.30599,72.06,FALSE,5.009
12926,BJ0401,2.98025,10.27885,72.92,FALSE,5.009
12927,BJ0401,2.98025,10.25172,72.13,FALSE,5.009
12928,BJ0401,2.98026,10.22459,72.92,FALSE,5.009
12930,BJ0401,2.98026,10.19745,72.92,FALSE,5.009
13052,BJ0401,3.00766,10.52305,62.85,FALSE,5.009
13053,BJ0401,3.00765,10.49592,64.34,FALSE,5.009
13054,BJ0401,3.00765,10.46879,71.96,FALSE,5.009
13055,BJ0401,3.00765,10.44165,72.92,FALSE,5.009
13056,BJ0401,3.00765,10.41452,74.35,FALSE,5.009
13058,BJ0401,3.00765,10.38739,72.64,FALSE,5.009
13060,BJ0401,3.00765,10.36025,72.44,FALSE,5.009
13062,BJ0401,3.00765,10.33312,72.63,FALSE,5.009
13064,BJ0401,3.00765,10.30599,72.66,FALSE,5.009
13065,BJ0401,3.00765,10.27885,72.92,FALSE,5.009
13066,BJ0401,3.00765,10.25172,72.92,FALSE,5.009
13069,BJ0401,3.00765,10.22459,72.92,FALSE,5.009
13187,BJ0401,3.03507,10.52305,62.85,FALSE,5.009
13188,BJ0401,3.03507,10.49592,64.87,FALSE,5.009
13189,BJ0401,3.03507,10.46878,71.66,FALSE,5.009
13190,BJ0401,3.03506,10.44165,72.92,FALSE,5.009
13192,BJ0401,3.03506,10.41452,72.72,FALSE,5.009
13196,BJ0401,3.03505,10.33312,72.92,FALSE,5.009
13198,BJ0401,3.03505,10.30599,72.67,FALSE,5.009
13200,BJ0401,3.03505,10.27885,72.92,FALSE,5.009
13202,BJ0401,3.03504,10.25172,72.92,FALSE,5.009
13324,BJ0401,3.06249,10.52305,62.85,FALSE,5.009
13325,BJ0401,3.06249,10.49591,62.85,FALSE,5.009
13326,BJ0401,3.06248,10.46878,67.53,FALSE,5.009
13327,BJ0401,3.06248,10.44165,72.64,FALSE,5.009
13333,BJ0401,3.06245,10.30598,72.92,FALSE,5.009
13335,BJ0401,3.06244,10.27885,72.92,FALSE,5.009
13450,BJ0401,3.0899200000000002,10.55017,62.85,FALSE,5.009
13453,BJ0401,3.08991,10.52304,62.85,FALSE,5.009
13455,BJ0401,3.0899,10.49591,62.85,FALSE,5.009
13457,BJ0401,3.08989,10.46877,67.5,FALSE,5.009
13459,BJ0401,3.08989,10.44164,71.91,FALSE,5.009
13584,BJ0401,3.11734,10.55016,62.85,FALSE,5.009
13586,BJ0401,3.11733,10.52303,62.85,FALSE,5.009
8959,BJ0401,2.45976,10.25127,72.92,FALSE,5.009
8961,BJ0401,2.45981,10.22414,72.92,FALSE,5.009
8963,BJ0401,2.45985,10.19701,72.92,FALSE,5.009
8966,BJ0401,2.45994,10.14274,72.66,FALSE,5.009
8968,BJ0401,2.45999,10.11561,72.92,FALSE,5.009
9210,BJ0401,2.48707,10.30558,72.92,FALSE,5.009
9212,BJ0401,2.48711,10.27845,72.92,FALSE,5.009
9214,BJ0401,2.48716,10.25132,72.92,FALSE,5.009
9216,BJ0401,2.4872,10.22418,72.92,FALSE,5.009
9217,BJ0401,2.48724,10.19705,72.92,FALSE,5.009
9219,BJ0401,2.48729,10.16992,72.59,FALSE,5.009
9221,BJ0401,2.48733,10.14279,72.92,FALSE,5.009
9223,BJ0401,2.48737,10.11565,71.95,FALSE,5.009
9225,BJ0401,2.48742,10.08852,68.27,FALSE,5.009
9471,BJ0401,2.51438,10.35989,72.92,FALSE,5.009
9473,BJ0401,2.51442,10.33275,72.92,FALSE,5.009
9475,BJ0401,2.51447,10.30562,72.92,FALSE,5.009
9477,BJ0401,2.51451,10.27849,72.92,FALSE,5.009
9478,BJ0401,2.51455,10.25136,72.92,FALSE,5.009
9479,BJ0401,2.51459,10.22423,72.92,FALSE,5.009
9480,BJ0401,2.51463,10.19709,72.92,FALSE,5.009
9481,BJ0401,2.51467,10.16996,72.53,FALSE,5.009
9482,BJ0401,2.51471,10.14283,72.57,FALSE,5.009
9483,BJ0401,2.51475,10.1157,72.92,FALSE,5.009
9484,BJ0401,2.5148,10.08856,69.7,FALSE,5.009
9486,BJ0401,2.51484,10.06143,70.68,FALSE,5.009
9490,BJ0401,2.51496,9.98003,66.88,FALSE,5.009
12921,BJ0402,2.98025,10.38739,55.3,FALSE,-12.613
12923,BJ0402,2.98025,10.36025,55.3,FALSE,-12.613
13057,BJ0402,3.00765,10.41452,56.73,FALSE,-12.613
13059,BJ0402,3.00765,10.38739,55.02,FALSE,-12.613
13061,BJ0402,3.00765,10.36025,54.82,FALSE,-12.613
13063,BJ0402,3.00765,10.33312,55.01,FALSE,-12.613
13067,BJ0402,3.00765,10.25172,55.3,FALSE,-12.613
13070,BJ0402,3.00765,10.22459,55.3,FALSE,-12.613
13191,BJ0402,3.03506,10.44165,55.3,FALSE,-12.613
13193,BJ0402,3.03506,10.41452,55.09,FALSE,-12.613
13194,BJ0402,3.03506,10.38738,55.53,FALSE,-12.613
13195,BJ0402,3.03506,10.36025,55.3,FALSE,-12.613
13197,BJ0402,3.03505,10.33312,55.3,FALSE,-12.613
13199,BJ0402,3.03505,10.30599,55.05,FALSE,-12.613
13201,BJ0402,3.03505,10.27885,55.3,FALSE,-12.613
13203,BJ0402,3.03504,10.25172,55.3,FALSE,-12.613
13204,BJ0402,3.03504,10.22459,55.3,FALSE,-12.613
13206,BJ0402,3.03504,10.19745,55.3,FALSE,-12.613
13208,BJ0402,3.03503,10.17032,55.3,FALSE,-12.613
13210,BJ0402,3.03503,10.14319,55.3,FALSE,-12.613
13212,BJ0402,3.03503,10.11605,55.3,FALSE,-12.613
13214,BJ0402,3.03503,10.08892,55.3,FALSE,-12.613
13328,BJ0402,3.06248,10.44165,55.02,FALSE,-12.613
13329,BJ0402,3.06247,10.41451,55.3,FALSE,-12.613
13330,BJ0402,3.06246,10.38738,54.46,FALSE,-12.613
13331,BJ0402,3.06246,10.36025,55.3,FALSE,-12.613
13332,BJ0402,3.06245,10.33311,55.3,FALSE,-12.613
13334,BJ0402,3.06245,10.30598,55.3,FALSE,-12.613
13336,BJ0402,3.06244,10.27885,55.3,FALSE,-12.613
13337,BJ0402,3.06244,10.25171,55.3,FALSE,-12.613
13338,BJ0402,3.06243,10.22458,55.3,FALSE,-12.613
13339,BJ0402,3.06243,10.19745,55.3,FALSE,-12.613
13340,BJ0402,3.06242,10.17031,55.3,FALSE,-12.613
13341,BJ0402,3.06242,10.14318,55.3,FALSE,-12.613
13342,BJ0402,3.06241,10.11605,55.3,FALSE,-12.613
13343,BJ0402,3.06241,10.08891,55.3,FALSE,-12.613
13451,BJ0402,3.0899200000000002,10.55017,45.23,FALSE,-12.613
13454,BJ0402,3.08991,10.52304,45.23,FALSE,-12.613
13456,BJ0402,3.0899,10.49591,45.23,FALSE,-12.613
13458,BJ0402,3.08989,10.46877,49.88,FALSE,-12.613
13460,BJ0402,3.08989,10.44164,54.29,FALSE,-12.613
13461,BJ0402,3.08988,10.41451,55.09,FALSE,-12.613
13462,BJ0402,3.08987,10.38737,55.3,FALSE,-12.613
13463,BJ0402,3.08986,10.36024,55.3,FALSE,-12.613
13464,BJ0402,3.08986,10.33311,55.3,FALSE,-12.613
13465,BJ0402,3.08985,10.30597,55.3,FALSE,-12.613
13466,BJ0402,3.08984,10.27884,55.3,FALSE,-12.613
13467,BJ0402,3.08983,10.25171,55.3,FALSE,-12.613
13468,BJ0402,3.08982,10.22457,55.3,FALSE,-12.613
13469,BJ0402,3.08982,10.19744,55.3,FALSE,-12.613
13470,BJ0402,3.08981,10.17031,55.3,FALSE,-12.613
13471,BJ0402,3.0898,10.14317,55.3,FALSE,-12.613
13472,BJ0402,3.08979,10.11604,55.3,FALSE,-12.613
13473,BJ0402,3.08979,10.08891,55.3,FALSE,-12.613
13475,BJ0402,3.08978,10.06177,55.3,FALSE,-12.613
13585,BJ0402,3.11734,10.55016,45.23,FALSE,-12.613
13587,BJ0402,3.11733,10.52303,45.23,FALSE,-12.613
13588,BJ0402,3.11732,10.4959,45.6,FALSE,-12.613
13589,BJ0402,3.11731,10.46876,52.47,FALSE,-12.613
13590,BJ0402,3.1173,10.44163,54.11,FALSE,-12.613
13591,BJ0402,3.11729,10.4145,55.3,FALSE,-12.613
13592,BJ0402,3.11728,10.38737,55.3,FALSE,-12.613
13593,BJ0402,3.11727,10.36023,55.3,FALSE,-12.613
13594,BJ0402,3.11726,10.3331,55.3,FALSE,-12.613
13595,BJ0402,3.11725,10.30597,55.3,FALSE,-12.613
13596,BJ0402,3.11724,10.27883,55.3,FALSE,-12.613
13597,BJ0402,3.11723,10.2517,55.3,FALSE,-12.613
13598,BJ0402,3.11722,10.22457,55.3,FALSE,-12.613
13599,BJ0402,3.11721,10.19743,55.3,FALSE,-12.613
13600,BJ0402,3.1172,10.1703,55.3,FALSE,-12.613
13601,BJ0402,3.11719,10.14317,55.3,FALSE,-12.613
13602,BJ0402,3.11718,10.11603,55.3,FALSE,-12.613
13603,BJ0402,3.11717,10.0889,55.3,FALSE,-12.613
13605,BJ0402,3.11716,10.06177,55.3,FALSE,-12.613
13712,BJ0402,3.1447600000000002,10.55015,45.23,FALSE,-12.613
13713,BJ0402,3.14475,10.52302,45.23,FALSE,-12.613
13714,BJ0402,3.14473,10.49589,52.69,FALSE,-12.613
13715,BJ0402,3.14472,10.46875,55.3,FALSE,-12.613
13716,BJ0402,3.14471,10.44162,55.3,FALSE,-12.613
13717,BJ0402,3.1447,10.41449,57.18,FALSE,-12.613
13718,BJ0402,3.14468,10.38735,57.44,FALSE,-12.613
13719,BJ0402,3.14467,10.36022,55.3,FALSE,-12.613
13720,BJ0402,3.14466,10.33309,55.3,FALSE,-12.613
13721,BJ0402,3.14465,10.30595,55.3,FALSE,-12.613
13722,BJ0402,3.14463,10.27882,55.3,FALSE,-12.613
13723,BJ0402,3.14462,10.25169,55.3,FALSE,-12.613
13724,BJ0402,3.14461,10.22456,55.3,FALSE,-12.613
13725,BJ0402,3.1446,10.19742,55.3,FALSE,-12.613
13726,BJ0402,3.14459,10.17029,55.3,FALSE,-12.613
13727,BJ0402,3.14457,10.14316,55.3,FALSE,-12.613
13728,BJ0402,3.14456,10.11602,55.3,FALSE,-12.613
13730,BJ0402,3.14455,10.08889,55.3,FALSE,-12.613
13837,BJ0402,3.17218,10.55014,45.23,FALSE,-12.613
13838,BJ0402,3.17216,10.523,45.79,FALSE,-12.613
13839,BJ0402,3.17215,10.49587,53.06,FALSE,-12.613
13840,BJ0402,3.17213,10.46874,55.3,FALSE,-12.613
13841,BJ0402,3.17212,10.44161,55.3,FALSE,-12.613
13842,BJ0402,3.17211,10.41447,56.7,FALSE,-12.613
13843,BJ0402,3.17209,10.38734,55.3,FALSE,-12.613
13844,BJ0402,3.17208,10.36021,55.3,FALSE,-12.613
13845,BJ0402,3.17206,10.33307,55.3,FALSE,-12.613
13846,BJ0402,3.17205,10.30594,55.3,FALSE,-12.613
13847,BJ0402,3.17203,10.27881,55.3,FALSE,-12.613
13848,BJ0402,3.17202,10.25168,55.3,FALSE,-12.613
13849,BJ0402,3.172,10.22454,55.3,FALSE,-12.613
13850,BJ0402,3.17199,10.19741,55.3,FALSE,-12.613
13851,BJ0402,3.17197,10.17028,55.3,FALSE,-12.613
13852,BJ0402,3.17196,10.14314,55.3,FALSE,-12.613
13853,BJ0402,3.17194,10.11601,55.3,FALSE,-12.613
13954,BJ0402,3.1996000000000002,10.55012,45.23,FALSE,-12.613
13955,BJ0402,3.19958,10.52299,52.78,FALSE,-12.613
13956,BJ0402,3.19957,10.49586,55.3,FALSE,-12.613
13957,BJ0402,3.19955,10.46872,55.3,FALSE,-12.613
13958,BJ0402,3.19953,10.44159,55.3,FALSE,-12.613
13959,BJ0402,3.19951,10.41446,55.3,FALSE,-12.613
13960,BJ0402,3.1995,10.38732,55.3,FALSE,-12.613
13961,BJ0402,3.19948,10.36019,55.3,FALSE,-12.613
13962,BJ0402,3.19946,10.33306,55.3,FALSE,-12.613
13963,BJ0402,3.19945,10.30593,55.3,FALSE,-12.613
13964,BJ0402,3.19943,10.27879,55.3,FALSE,-12.613
13965,BJ0402,3.19941,10.25166,55.3,FALSE,-12.613
13966,BJ0402,3.19939,10.22453,55.3,FALSE,-12.613
13967,BJ0402,3.19938,10.19739,55.3,FALSE,-12.613
13968,BJ0402,3.19936,10.17026,55.3,FALSE,-12.613
13969,BJ0402,3.19934,10.14313,55.3,FALSE,-12.613
13970,BJ0402,3.19933,10.11599,55.3,FALSE,-12.613
14067,BJ0402,3.22702,10.5501,45.23,FALSE,-12.613
14068,BJ0402,3.227,10.52297,51.62,FALSE,-12.613
14069,BJ0402,3.22698,10.49584,55.3,FALSE,-12.613
14070,BJ0402,3.22696,10.4687,55.3,FALSE,-12.613
14071,BJ0402,3.22694,10.44157,55.3,FALSE,-12.613
14072,BJ0402,3.22692,10.41444,55.3,FALSE,-12.613
14073,BJ0402,3.2269,10.38731,55.3,FALSE,-12.613
14074,BJ0402,3.22688,10.36017,55.3,FALSE,-12.613
14075,BJ0402,3.22686,10.33304,55.3,FALSE,-12.613
14076,BJ0402,3.22684,10.30591,55.3,FALSE,-12.613
14077,BJ0402,3.22682,10.27877,55.3,FALSE,-12.613
14078,BJ0402,3.22681,10.25164,55.3,FALSE,-12.613
14079,BJ0402,3.22679,10.22451,55.3,FALSE,-12.613
14080,BJ0402,3.22677,10.19738,55.3,FALSE,-12.613
14081,BJ0402,3.22675,10.17024,55.3,FALSE,-12.613
14082,BJ0402,3.22673,10.14311,55.3,FALSE,-12.613
14083,BJ0402,3.22671,10.11598,55.3,FALSE,-12.613
14174,BJ0402,3.2544400000000002,10.55008,45.23,FALSE,-12.613
14175,BJ0402,3.25442,10.52295,52.32,FALSE,-12.613
14176,BJ0402,3.2544,10.49582,55.3,FALSE,-12.613
14177,BJ0402,3.25438,10.46868,55.3,FALSE,-12.613
14178,BJ0402,3.25435,10.44155,55.3,FALSE,-12.613
14179,BJ0402,3.25433,10.41442,55.3,FALSE,-12.613
14180,BJ0402,3.25431,10.38729,55.3,FALSE,-12.613
14181,BJ0402,3.25429,10.36015,55.3,FALSE,-12.613
14182,BJ0402,3.25427,10.33302,55.3,FALSE,-12.613
14183,BJ0402,3.25424,10.30589,55.3,FALSE,-12.613
14184,BJ0402,3.25422,10.27875,55.3,FALSE,-12.613
14185,BJ0402,3.2542,10.25162,55.3,FALSE,-12.613
14186,BJ0402,3.25418,10.22449,55.3,FALSE,-12.613
14187,BJ0402,3.25416,10.19736,55.3,FALSE,-12.613
14188,BJ0402,3.25414,10.17022,55.3,FALSE,-12.613
14189,BJ0402,3.25411,10.14309,55.3,FALSE,-12.613
14190,BJ0402,3.25409,10.11596,55.3,FALSE,-12.613
14270,BJ0402,3.28189,10.57719,46.98,FALSE,-12.613
14272,BJ0402,3.28186,10.55006,45.23,FALSE,-12.613
14273,BJ0402,3.28184,10.52293,47.47,FALSE,-12.613
14274,BJ0402,3.28181,10.49579,47.75,FALSE,-12.613
14275,BJ0402,3.28179,10.46866,54.85,FALSE,-12.613
14276,BJ0402,3.28176,10.44153,57.44,FALSE,-12.613
14277,BJ0402,3.28174,10.4144,58.98,FALSE,-12.613
14278,BJ0402,3.28172,10.38726,58.87,FALSE,-12.613
14279,BJ0402,3.28169,10.36013,55.3,FALSE,-12.613
14280,BJ0402,3.28167,10.333,56.13,FALSE,-12.613
14281,BJ0402,3.28164,10.30586,57.44,FALSE,-12.613
14282,BJ0402,3.28162,10.27873,55.3,FALSE,-12.613
14283,BJ0402,3.28159,10.2516,57.44,FALSE,-12.613
14284,BJ0402,3.28157,10.22447,55.3,FALSE,-12.613
14285,BJ0402,3.28155,10.19733,55.3,FALSE,-12.613
14286,BJ0402,3.28152,10.1702,55.3,FALSE,-12.613
14287,BJ0402,3.2815,10.14307,55.3,FALSE,-12.613
14288,BJ0402,3.28148,10.11593,55.3,FALSE,-12.613
14360,BJ0402,3.30931,10.57717,49.49,FALSE,-12.613
14361,BJ0402,3.3092800000000002,10.55003,47.47,FALSE,-12.613
14362,BJ0402,3.30926,10.5229,45.23,FALSE,-12.613
14363,BJ0402,3.30923,10.49577,45.23,FALSE,-12.613
14364,BJ0402,3.3092,10.46864,54.26,FALSE,-12.613
14365,BJ0402,3.30917,10.4415,54.46,FALSE,-12.613
14366,BJ0402,3.30915,10.41437,61.25,FALSE,-12.613
14367,BJ0402,3.30912,10.38724,70.31,FALSE,-12.613
14368,BJ0402,3.30909,10.36011,56.01,FALSE,-12.613
14369,BJ0402,3.30907,10.33297,56.01,FALSE,-12.613
14370,BJ0402,3.30904,10.30584,68.78,FALSE,-12.613
14371,BJ0402,3.30902,10.27871,60.3,FALSE,-12.613
14372,BJ0402,3.30899,10.25157,55.91,FALSE,-12.613
14373,BJ0402,3.30896,10.22444,63.16,FALSE,-12.613
14374,BJ0402,3.30894,10.19731,55.91,FALSE,-12.613
14375,BJ0402,3.30891,10.17017,55.3,FALSE,-12.613
14376,BJ0402,3.30888,10.14304,55.3,FALSE,-12.613
14377,BJ0402,3.30886,10.11591,55.3,FALSE,-12.613
14446,BJ0402,3.33673,10.57714,54.93,FALSE,-12.613
14447,BJ0402,3.3367,10.55,46.39,FALSE,-12.613
14448,BJ0402,3.33667,10.52287,45.23,FALSE,-12.613
14449,BJ0402,3.33664,10.49574,45.23,FALSE,-12.613
14450,BJ0402,3.33661,10.46861,46.67,FALSE,-12.613
14451,BJ0402,3.33659,10.44148,50.26,FALSE,-12.613
14452,BJ0402,3.33656,10.41434,55.08,FALSE,-12.613
14453,BJ0402,3.33653,10.38721,57.92,FALSE,-12.613
14454,BJ0402,3.3365,10.36008,57.14,FALSE,-12.613
14455,BJ0402,3.33647,10.33294,56.13,FALSE,-12.613
14456,BJ0402,3.33644,10.30581,55.3,FALSE,-12.613
14457,BJ0402,3.33641,10.27868,58.64,FALSE,-12.613
14458,BJ0402,3.33638,10.25155,55.3,FALSE,-12.613
14459,BJ0402,3.33635,10.22441,55.3,FALSE,-12.613
14460,BJ0402,3.33633,10.19728,55.3,FALSE,-12.613
14461,BJ0402,3.3363,10.17015,55.3,FALSE,-12.613
14462,BJ0402,3.33627,10.14301,55.3,FALSE,-12.613
14464,BJ0402,3.33624,10.11588,54.71,FALSE,-12.613
14535,BJ0402,3.36416,10.57711,55.3,FALSE,-12.613
14536,BJ0402,3.3641200000000002,10.54997,48.38,FALSE,-12.613
14537,BJ0402,3.36409,10.52284,45.23,FALSE,-12.613
14538,BJ0402,3.36406,10.49571,45.23,FALSE,-12.613
14539,BJ0402,3.36403,10.46858,45.51,FALSE,-12.613
14540,BJ0402,3.364,10.44145,48.97,FALSE,-12.613
14541,BJ0402,3.36396,10.41431,53.62,FALSE,-12.613
14542,BJ0402,3.36393,10.38718,56.13,FALSE,-12.613
14543,BJ0402,3.3639,10.36005,63.16,FALSE,-12.613
14544,BJ0402,3.36387,10.33292,55.3,FALSE,-12.613
14545,BJ0402,3.36384,10.30578,55.91,FALSE,-12.613
14546,BJ0402,3.36381,10.27865,55.3,FALSE,-12.613
14547,BJ0402,3.36378,10.25152,55.3,FALSE,-12.613
14548,BJ0402,3.36375,10.22438,55.3,FALSE,-12.613
14549,BJ0402,3.36372,10.19725,55.3,FALSE,-12.613
14550,BJ0402,3.36368,10.17012,55.3,FALSE,-12.613
14552,BJ0402,3.36365,10.14299,55.02,FALSE,-12.613
14617,BJ0402,3.39161,10.60421,52.78,FALSE,-12.613
14619,BJ0402,3.39158,10.57707,48.59,FALSE,-12.613
14620,BJ0402,3.39154,10.54994,47.15,FALSE,-12.613
14621,BJ0402,3.39151,10.52281,45.23,FALSE,-12.613
14622,BJ0402,3.39147,10.49568,47.6,FALSE,-12.613
14623,BJ0402,3.39144,10.46855,45.86,FALSE,-12.613
14624,BJ0402,3.39141,10.44141,51.94,FALSE,-12.613
14625,BJ0402,3.39137,10.41428,54.61,FALSE,-12.613
14626,BJ0402,3.39134,10.38715,56.49,FALSE,-12.613
14627,BJ0402,3.39131,10.36002,58.98,FALSE,-12.613
14628,BJ0402,3.39127,10.33288,68.17,FALSE,-12.613
14629,BJ0402,3.39124,10.30575,55.3,FALSE,-12.613
14630,BJ0402,3.3912,10.27862,55.3,FALSE,-12.613
14631,BJ0402,3.39117,10.25149,56.01,FALSE,-12.613
14632,BJ0402,3.39114,10.22435,57.8,FALSE,-12.613
14633,BJ0402,3.39111,10.19722,55.3,FALSE,-12.613
14634,BJ0402,3.39107,10.17009,55.3,FALSE,-12.613
14636,BJ0402,3.39104,10.14295,55.3,FALSE,-12.613
14698,BJ0402,3.41904,10.60417,45.23,FALSE,-12.613
14699,BJ0402,3.419,10.57704,45.23,FALSE,-12.613
14700,BJ0402,3.4189600000000002,10.54991,45.23,FALSE,-12.613
14701,BJ0402,3.41893,10.52277,45.69,FALSE,-12.613
14702,BJ0402,3.41889,10.49564,45.23,FALSE,-12.613
14703,BJ0402,3.41885,10.46851,46.46,FALSE,-12.613
14704,BJ0402,3.41882,10.44138,49.71,FALSE,-12.613
14705,BJ0402,3.41878,10.41425,54.54,FALSE,-12.613
14706,BJ0402,3.41874,10.38711,64.47,FALSE,-12.613
14707,BJ0402,3.41871,10.35998,58.87,FALSE,-12.613
14708,BJ0402,3.41867,10.33285,60.3,FALSE,-12.613
14709,BJ0402,3.41864,10.30572,56.73,FALSE,-12.613
14710,BJ0402,3.4186,10.27858,60.3,FALSE,-12.613
14711,BJ0402,3.41857,10.25145,58.36,FALSE,-12.613
14712,BJ0402,3.41853,10.22432,55.3,FALSE,-12.613
14713,BJ0402,3.41849,10.19719,55.72,FALSE,-12.613
14714,BJ0402,3.41846,10.17005,55.3,FALSE,-12.613
14716,BJ0402,3.41842,10.14292,53.41,FALSE,-12.613
14778,BJ0402,3.44646,10.60413,45.69,FALSE,-12.613
14779,BJ0402,3.44642,10.577,45.23,FALSE,-12.613
14780,BJ0402,3.44638,10.54987,45.23,FALSE,-12.613
14781,BJ0402,3.44634,10.52274,45.99,FALSE,-12.613
14782,BJ0402,3.44631,10.49561,48.07,FALSE,-12.613
14783,BJ0402,3.44627,10.46847,52.83,FALSE,-12.613
14784,BJ0402,3.44623,10.44134,54.34,FALSE,-12.613
14785,BJ0402,3.44619,10.41421,55.3,FALSE,-12.613
14786,BJ0402,3.44615,10.38708,57.44,FALSE,-12.613
14787,BJ0402,3.44611,10.35994,63.88,FALSE,-12.613
14788,BJ0402,3.44607,10.33281,66.02,FALSE,-12.613
14789,BJ0402,3.44604,10.30568,63.27,FALSE,-12.613
14790,BJ0402,3.446,10.27855,66.98,FALSE,-12.613
14791,BJ0402,3.44596,10.25141,62.45,FALSE,-12.613
14792,BJ0402,3.44592,10.22428,55.3,FALSE,-12.613
14793,BJ0402,3.44588,10.19715,54.48,FALSE,-12.613
14794,BJ0402,3.44585,10.17002,55.3,FALSE,-12.613
14795,BJ0402,3.44581,10.14288,53.29,FALSE,-12.613
14856,BJ0402,3.47389,10.60409,45.23,FALSE,-12.613
14857,BJ0402,3.47384,10.57696,45.23,FALSE,-12.613
14858,BJ0402,3.4738,10.54983,45.23,FALSE,-12.613
14859,BJ0402,3.47376,10.5227,48.02,FALSE,-12.613
14860,BJ0402,3.47372,10.49557,51.94,FALSE,-12.613
14861,BJ0402,3.47368,10.46843,54.82,FALSE,-12.613
14862,BJ0402,3.47364,10.4413,55.3,FALSE,-12.613
14863,BJ0402,3.4736,10.41417,55.3,FALSE,-12.613
14864,BJ0402,3.47356,10.38704,55.3,FALSE,-12.613
14865,BJ0402,3.47352,10.35991,58.87,FALSE,-12.613
14866,BJ0402,3.47347,10.33277,55.3,FALSE,-12.613
14867,BJ0402,3.47343,10.30564,57.44,FALSE,-12.613
14868,BJ0402,3.47339,10.27851,61.14,FALSE,-12.613
14869,BJ0402,3.47335,10.25138,55.3,FALSE,-12.613
14870,BJ0402,3.47331,10.22424,55.77,FALSE,-12.613
14871,BJ0402,3.47327,10.19711,54.5,FALSE,-12.613
14872,BJ0402,3.47323,10.16998,52.78,FALSE,-12.613
14873,BJ0402,3.4731900000000002,10.14285,46.49,FALSE,-12.613
14875,BJ0402,3.47315,10.11571,45.23,FALSE,-12.613
14932,BJ0402,3.50131,10.60405,49.55,FALSE,-12.613
14933,BJ0402,3.50127,10.57692,46.78,FALSE,-12.613
14934,BJ0402,3.50122,10.54979,52.12,FALSE,-12.613
14935,BJ0402,3.50118,10.52266,52.6,FALSE,-12.613
14936,BJ0402,3.50114,10.49552,54.74,FALSE,-12.613
14937,BJ0402,3.50109,10.46839,56.6,FALSE,-12.613
14938,BJ0402,3.50105,10.44126,55.3,FALSE,-12.613
14939,BJ0402,3.501,10.41413,55.09,FALSE,-12.613
14940,BJ0402,3.50096,10.387,55.3,FALSE,-12.613
14941,BJ0402,3.50092,10.35986,56.52,FALSE,-12.613
14942,BJ0402,3.50088,10.33273,55.3,FALSE,-12.613
14943,BJ0402,3.50083,10.3056,58.36,FALSE,-12.613
14944,BJ0402,3.50079,10.27847,62.68,FALSE,-12.613
14945,BJ0402,3.50075,10.25133,56,FALSE,-12.613
14946,BJ0402,3.5007,10.2242,55.3,FALSE,-12.613
14947,BJ0402,3.50066,10.19707,55.3,FALSE,-12.613
14948,BJ0402,3.50062,10.16994,46.78,FALSE,-12.613
14949,BJ0402,3.50058,10.14281,45.23,FALSE,-12.613
14950,BJ0402,3.50054,10.11567,45.23,FALSE,-12.613
15003,BJ0402,3.52874,10.60401,55.3,FALSE,-12.613
15004,BJ0402,3.52869,10.57687,55.3,FALSE,-12.613
15005,BJ0402,3.52864,10.54974,54.65,FALSE,-12.613
15006,BJ0402,3.5286,10.52261,55.09,FALSE,-12.613
15007,BJ0402,3.52855,10.49548,55.3,FALSE,-12.613
15008,BJ0402,3.5285,10.46835,55.3,FALSE,-12.613
15009,BJ0402,3.52846,10.44122,57.24,FALSE,-12.613
15010,BJ0402,3.52841,10.41408,58.16,FALSE,-12.613
15011,BJ0402,3.52837,10.38695,55.02,FALSE,-12.613
15012,BJ0402,3.52832,10.35982,55.77,FALSE,-12.613
15013,BJ0402,3.52828,10.33269,56.69,FALSE,-12.613
15014,BJ0402,3.52823,10.30556,53.84,FALSE,-12.613
15015,BJ0402,3.52819,10.27842,53,FALSE,-12.613
15016,BJ0402,3.52814,10.25129,53.58,FALSE,-12.613
15017,BJ0402,3.5281,10.22416,49.67,FALSE,-12.613
15018,BJ0402,3.52805,10.19703,52.2,FALSE,-12.613
15019,BJ0402,3.52801,10.16989,45.23,FALSE,-12.613
15020,BJ0402,3.52796,10.142760000000001,45.23,FALSE,-12.613
15021,BJ0402,3.52792,10.11563,45.23,FALSE,-12.613
15066,BJ0402,3.55621,10.63109,55.3,FALSE,-12.613
15068,BJ0402,3.55616,10.60396,55.3,FALSE,-12.613
15069,BJ0402,3.55611,10.57683,55.3,FALSE,-12.613
15070,BJ0402,3.55606,10.5497,55.3,FALSE,-12.613
15071,BJ0402,3.55601,10.52256,54.82,FALSE,-12.613
15072,BJ0402,3.55596,10.49543,52.78,FALSE,-12.613
15073,BJ0402,3.55592,10.4683,55.77,FALSE,-12.613
15074,BJ0402,3.55587,10.44117,54.29,FALSE,-12.613
15075,BJ0402,3.55582,10.41404,52.63,FALSE,-12.613
15076,BJ0402,3.55577,10.38691,53.38,FALSE,-12.613
15077,BJ0402,3.55572,10.35977,53.41,FALSE,-12.613
15078,BJ0402,3.55568,10.33264,54.04,FALSE,-12.613
15079,BJ0402,3.55563,10.30551,51.66,FALSE,-12.613
15080,BJ0402,3.55558,10.27838,47.75,FALSE,-12.613
15081,BJ0402,3.55553,10.25125,50.12,FALSE,-12.613
15082,BJ0402,3.55549,10.22411,45.23,FALSE,-12.613
15083,BJ0402,3.55544,10.19698,45.23,FALSE,-12.613
15084,BJ0402,3.55539,10.16985,45.23,FALSE,-12.613
15085,BJ0402,3.55535,10.14272,45.23,FALSE,-12.613
15086,BJ0402,3.5553,10.11559,45.23,FALSE,-12.613
15088,BJ0402,3.55525,10.08845,45.23,FALSE,-12.613
15127,BJ0402,3.58364,10.63104,55.3,FALSE,-12.613
15128,BJ0402,3.58358,10.60391,55.3,FALSE,-12.613
15129,BJ0402,3.58353,10.57678,55.3,FALSE,-12.613
15130,BJ0402,3.58348,10.54965,55.3,FALSE,-12.613
15131,BJ0402,3.58343,10.52251,55.3,FALSE,-12.613
15132,BJ0402,3.58338,10.49538,55.3,FALSE,-12.613
15133,BJ0402,3.58333,10.46825,52.94,FALSE,-12.613
15134,BJ0402,3.58328,10.44112,51.59,FALSE,-12.613
15135,BJ0402,3.58323,10.41399,53.86,FALSE,-12.613
15136,BJ0402,3.58318,10.38686,54.72,FALSE,-12.613
15137,BJ0402,3.58313,10.35973,50.26,FALSE,-12.613
15138,BJ0402,3.58308,10.33259,49.17,FALSE,-12.613
15139,BJ0402,3.58303,10.30546,47.18,FALSE,-12.613
15140,BJ0402,3.58298,10.27833,45.23,FALSE,-12.613
15141,BJ0402,3.58293,10.2512,45.23,FALSE,-12.613
15142,BJ0402,3.58288,10.22407,45.23,FALSE,-12.613
15143,BJ0402,3.58283,10.19693,45.23,FALSE,-12.613
15144,BJ0402,3.58278,10.1698,45.23,FALSE,-12.613
15145,BJ0402,3.58273,10.14267,45.23,FALSE,-12.613
15146,BJ0402,3.58268,10.11554,45.23,FALSE,-12.613
15147,BJ0402,3.58263,10.08841,45.23,FALSE,-12.613
15180,BJ0402,3.61106,10.63099,45.23,FALSE,-12.613
15181,BJ0402,3.61101,10.60386,55.3,FALSE,-12.613
15182,BJ0402,3.61095,10.57673,55.3,FALSE,-12.613
15183,BJ0402,3.6109,10.54959,55.3,FALSE,-12.613
15184,BJ0402,3.61085,10.52246,55.3,FALSE,-12.613
15185,BJ0402,3.61079,10.49533,53.82,FALSE,-12.613
15186,BJ0402,3.61074,10.4682,53.97,FALSE,-12.613
15187,BJ0402,3.61069,10.44107,54.18,FALSE,-12.613
15188,BJ0402,3.61063,10.41394,51.41,FALSE,-12.613
15189,BJ0402,3.61058,10.38681,50.7,FALSE,-12.613
15190,BJ0402,3.61053,10.35967,45.9,FALSE,-12.613
15191,BJ0402,3.61048,10.33254,45.23,FALSE,-12.613
15192,BJ0402,3.61042,10.30541,45.23,FALSE,-12.613
15193,BJ0402,3.61032,10.25115,45.23,FALSE,-12.613
15194,BJ0402,3.61027,10.22402,45.23,FALSE,-12.613
15195,BJ0402,3.61022,10.19688,45.23,FALSE,-12.613
15196,BJ0402,3.61017,10.16975,45.23,FALSE,-12.613
15197,BJ0402,3.61011,10.14262,45.67,FALSE,-12.613
15198,BJ0402,3.61006,10.11549,45.23,FALSE,-12.613
15199,BJ0402,3.61001,10.08836,45.23,FALSE,-12.613
15229,BJ0402,3.63849,10.63093,45.23,FALSE,-12.613
15230,BJ0402,3.63843,10.6038,51.1,FALSE,-12.613
15231,BJ0402,3.63838,10.57667,55.3,FALSE,-12.613
15232,BJ0402,3.63832,10.54954,54.82,FALSE,-12.613
15233,BJ0402,3.63826,10.52241,55.3,FALSE,-12.613
15234,BJ0402,3.63821,10.49528,55.3,FALSE,-12.613
15235,BJ0402,3.63815,10.46815,54.27,FALSE,-12.613
15236,BJ0402,3.6381,10.44102,54.52,FALSE,-12.613
15237,BJ0402,3.63804,10.41388,51.56,FALSE,-12.613
15238,BJ0402,3.63799,10.38675,47.35,FALSE,-12.613
15239,BJ0402,3.63793,10.35962,46.57,FALSE,-12.613
15240,BJ0402,3.63766,10.22396,45.23,FALSE,-12.613
15241,BJ0402,3.63761,10.19683,45.23,FALSE,-12.613
15242,BJ0402,3.63755,10.1697,45.23,FALSE,-12.613
15243,BJ0402,3.6375,10.14257,51.27,FALSE,-12.613
15244,BJ0402,3.63744,10.11544,45.55,FALSE,-12.613
15245,BJ0402,3.63739,10.0883,45.59,FALSE,-12.613
15267,BJ0402,3.66591,10.63088,47.75,FALSE,-12.613
15268,BJ0402,3.66586,10.60375,51.75,FALSE,-12.613
15269,BJ0402,3.6658,10.57661,55.3,FALSE,-12.613
15270,BJ0402,3.66574,10.54948,55.3,FALSE,-12.613
15271,BJ0402,3.66568,10.52235,55.3,FALSE,-12.613
15272,BJ0402,3.66562,10.49522,55.3,FALSE,-12.613
15273,BJ0402,3.66556,10.46809,54.58,FALSE,-12.613
15274,BJ0402,3.66551,10.44096,54.09,FALSE,-12.613
15275,BJ0402,3.66499,10.19678,45.23,FALSE,-12.613
15276,BJ0402,3.66494,10.16965,45.86,FALSE,-12.613
15277,BJ0402,3.66488,10.14251,45.57,FALSE,-12.613
15278,BJ0402,3.66483,10.11538,45.23,FALSE,-12.613
15299,BJ0402,3.69334,10.63082,55.3,FALSE,-12.613
15300,BJ0402,3.69328,10.60369,55.3,FALSE,-12.613
15301,BJ0402,3.69322,10.57656,55.3,FALSE,-12.613
15302,BJ0402,3.69316,10.54942,55.3,FALSE,-12.613
15303,BJ0402,3.6931,10.52229,55.3,FALSE,-12.613
15304,BJ0402,3.69304,10.49516,55.06,FALSE,-12.613
15305,BJ0402,3.69298,10.46803,54.86,FALSE,-12.613
15306,BJ0402,3.69292,10.4409,55.3,FALSE,-12.613
15307,BJ0402,3.69232,10.16959,45.23,FALSE,-12.613
15327,BJ0402,3.72077,10.63076,55.3,FALSE,-12.613
15328,BJ0402,3.7207,10.60362,55.3,FALSE,-12.613
15329,BJ0402,3.72064,10.57649,55.3,FALSE,-12.613
15330,BJ0402,3.72058,10.54936,55.3,FALSE,-12.613
15331,BJ0402,3.72051,10.52223,55.3,FALSE,-12.613
15332,BJ0402,3.72045,10.4951,55.3,FALSE,-12.613
15333,BJ0402,3.72039,10.46797,55.3,FALSE,-12.613
15334,BJ0402,3.72032,10.44084,55.3,FALSE,-12.613
15350,BJ0402,3.74819,10.63069,55.3,FALSE,-12.613
15351,BJ0402,3.74813,10.60356,55.3,FALSE,-12.613
15352,BJ0402,3.74806,10.57643,55.3,FALSE,-12.613
15353,BJ0402,3.74799,10.5493,55.3,FALSE,-12.613
15354,BJ0402,3.74793,10.52217,55.3,FALSE,-12.613
15355,BJ0402,3.74786,10.49504,55.3,FALSE,-12.613
15356,BJ0402,3.7478,10.46791,54.88,FALSE,-12.613
15357,BJ0402,3.74773,10.44078,53.62,FALSE,-12.613
15358,BJ0402,3.74767,10.41365,45.23,FALSE,-12.613
15371,BJ0402,3.77562,10.63062,55.3,FALSE,-12.613
15372,BJ0402,3.77555,10.60349,55.3,FALSE,-12.613
15373,BJ0402,3.77548,10.57636,55.3,FALSE,-12.613
15374,BJ0402,3.77541,10.54923,54.98,FALSE,-12.613
15375,BJ0402,3.77534,10.5221,54.74,FALSE,-12.613
15376,BJ0402,3.77528,10.49497,55.3,FALSE,-12.613
15377,BJ0402,3.77521,10.46784,55.3,FALSE,-12.613
15378,BJ0402,3.77514,10.44071,55.3,FALSE,-12.613
15379,BJ0402,3.77508,10.41358,55.3,FALSE,-12.613
15384,BJ0402,3.80311,10.65769,55.3,FALSE,-12.613
15386,BJ0402,3.80304,10.63056,55.3,FALSE,-12.613
15387,BJ0402,3.80297,10.60343,55.3,FALSE,-12.613
15388,BJ0402,3.8029,10.5763,55.3,FALSE,-12.613
15389,BJ0402,3.80283,10.54917,55.3,FALSE,-12.613
15390,BJ0402,3.80276,10.52204,55.3,FALSE,-12.613
15391,BJ0402,3.80269,10.4949,53.42,FALSE,-12.613
15392,BJ0402,3.80262,10.46777,55.3,FALSE,-12.613
15393,BJ0402,3.80255,10.44064,55.3,FALSE,-12.613
15394,BJ0402,3.80248,10.41351,55.3,FALSE,-12.613
15398,BJ0402,3.83054,10.65761,55.3,FALSE,-12.613
15399,BJ0402,3.83047,10.63048,55.3,FALSE,-12.613
15400,BJ0402,3.83039,10.60335,55.3,FALSE,-12.613
15401,BJ0402,3.83032,10.57622,55.3,FALSE,-12.613
15402,BJ0402,3.83025,10.54909,55.3,FALSE,-12.613
15403,BJ0402,3.83018,10.52196,55.3,FALSE,-12.613
15406,BJ0402,3.85797,10.65754,53.42,FALSE,-12.613
15407,BJ0402,3.85789,10.63041,53.42,FALSE,-12.613
15408,BJ0402,3.85782,10.60328,55.3,FALSE,-12.613
15409,BJ0402,3.85774,10.57615,53.42,FALSE,-12.613
9758,BJ0403,2.54233,9.98007,55.39,FALSE,-5.933
9760,BJ0403,2.54237,9.95294,61.98,FALSE,-5.933
9761,BJ0403,2.5424,9.92581,51.91,FALSE,-5.933
9762,BJ0403,2.54244,9.89867,55.39,FALSE,-5.933
9763,BJ0403,2.54248,9.87154,51.91,FALSE,-5.933
9764,BJ0403,2.54252,9.84441,51.91,FALSE,-5.933
9765,BJ0403,2.54255,9.81727,51.91,FALSE,-5.933
9766,BJ0403,2.54259,9.79014,51.91,FALSE,-5.933
9767,BJ0403,2.54263,9.76301,51.91,FALSE,-5.933
9768,BJ0403,2.54266,9.73587,51.91,FALSE,-5.933
9769,BJ0403,2.5427,9.70874,51.91,FALSE,-5.933
9770,BJ0403,2.5427399999999998,9.68161,51.91,FALSE,-5.933
9771,BJ0403,2.54277,9.65447,51.91,FALSE,-5.933
9772,BJ0403,2.54281,9.62734,51.91,FALSE,-5.933
9773,BJ0403,2.54285,9.60021,51.91,FALSE,-5.933
9774,BJ0403,2.54288,9.57307,51.91,FALSE,-5.933
9775,BJ0403,2.54292,9.54594,52.87,FALSE,-5.933
9776,BJ0403,2.54296,9.51881,53.59,FALSE,-5.933
9777,BJ0403,2.54299,9.49167,58.62,FALSE,-5.933
9779,BJ0403,2.54303,9.46454,58.62,FALSE,-5.933
9782,BJ0403,2.54306,9.4374,55.94,FALSE,-5.933
10014,BJ0403,2.56973,9.95297,55.39,FALSE,-5.933
10015,BJ0403,2.56977,9.9258400000000009,59.97,FALSE,-5.933
10016,BJ0403,2.5698,9.89871,56.94,FALSE,-5.933
10017,BJ0403,2.56984,9.87158,54.6,FALSE,-5.933
10018,BJ0403,2.56988,9.84444,52.41,FALSE,-5.933
10019,BJ0403,2.56991,9.81731,51.91,FALSE,-5.933
10020,BJ0403,2.56995,9.79018,51.91,FALSE,-5.933
10021,BJ0403,2.56998,9.76304,51.91,FALSE,-5.933
10022,BJ0403,2.57001,9.73591,51.91,FALSE,-5.933
10023,BJ0403,2.57005,9.70878,51.91,FALSE,-5.933
10024,BJ0403,2.57008,9.68164,51.91,FALSE,-5.933
10025,BJ0403,2.57012,9.65451,51.91,FALSE,-5.933
10026,BJ0403,2.57015,9.62738,52.47,FALSE,-5.933
10027,BJ0403,2.57019,9.60024,51.91,FALSE,-5.933
10028,BJ0403,2.57022,9.57311,51.91,FALSE,-5.933
10029,BJ0403,2.57026,9.54597,53.92,FALSE,-5.933
10030,BJ0403,2.57029,9.51884,58.62,FALSE,-5.933
10031,BJ0403,2.57032,9.49171,60.03,FALSE,-5.933
10033,BJ0403,2.57036,9.46457,61.98,FALSE,-5.933
10035,BJ0403,2.57039,9.43744,61.98,FALSE,-5.933
10268,BJ0403,2.5971,9.95301,55.39,FALSE,-5.933
10270,BJ0403,2.59714,9.92588,61.98,FALSE,-5.933
10271,BJ0403,2.59717,9.89874,59.97,FALSE,-5.933
10272,BJ0403,2.5972,9.87161,61.98,FALSE,-5.933
10273,BJ0403,2.59723,9.84448,51.91,FALSE,-5.933
10274,BJ0403,2.59727,9.81734,55.39,FALSE,-5.933
10275,BJ0403,2.5973,9.79021,51.91,FALSE,-5.933
10276,BJ0403,2.59733,9.76308,51.91,FALSE,-5.933
10277,BJ0403,2.59737,9.73594,51.91,FALSE,-5.933
10278,BJ0403,2.5974,9.70881,51.91,FALSE,-5.933
10279,BJ0403,2.59743,9.68168,51.91,FALSE,-5.933
10280,BJ0403,2.59746,9.65454,51.91,FALSE,-5.933
10281,BJ0403,2.59749,9.62741,51.91,FALSE,-5.933
10282,BJ0403,2.59753,9.60027,51.91,FALSE,-5.933
10283,BJ0403,2.59756,9.57314,51.91,FALSE,-5.933
10284,BJ0403,2.59759,9.54601,54.6,FALSE,-5.933
10285,BJ0403,2.59762,9.51887,59.66,FALSE,-5.933
10286,BJ0403,2.59765,9.49174,61.98,FALSE,-5.933
10287,BJ0403,2.59769,9.46461,61.98,FALSE,-5.933
10289,BJ0403,2.59772,9.43747,61.98,FALSE,-5.933
10525,BJ0403,2.6245,9.92591,61.98,FALSE,-5.933
10526,BJ0403,2.62453,9.89877,61.98,FALSE,-5.933
10527,BJ0403,2.62456,9.87164,61.98,FALSE,-5.933
10528,BJ0403,2.62459,9.84451,61.98,FALSE,-5.933
10529,BJ0403,2.62463,9.81737,51.91,FALSE,-5.933
10530,BJ0403,2.62466,9.79024,61.98,FALSE,-5.933
10531,BJ0403,2.62469,9.76311,51.91,FALSE,-5.933
10532,BJ0403,2.62472,9.73597,51.91,FALSE,-5.933
10533,BJ0403,2.62475,9.70884,55.39,FALSE,-5.933
10534,BJ0403,2.62478,9.68171,54.43,FALSE,-5.933
10535,BJ0403,2.62481,9.65457,51.91,FALSE,-5.933
10536,BJ0403,2.62484,9.62744,55.39,FALSE,-5.933
10537,BJ0403,2.62487,9.60031,51.91,FALSE,-5.933
10538,BJ0403,2.6249,9.57317,58.62,FALSE,-5.933
10539,BJ0403,2.62493,9.54604,57.95,FALSE,-5.933
10540,BJ0403,2.62496,9.5189,61.98,FALSE,-5.933
10541,BJ0403,2.62499,9.49177,61.98,FALSE,-5.933
10542,BJ0403,2.62502,9.46464,61.56,FALSE,-5.933
10544,BJ0403,2.62504,9.4375,61.98,FALSE,-5.933
10546,BJ0403,2.62507,9.41037,61.98,FALSE,-5.933
10786,BJ0403,2.65187,9.92594,61.98,FALSE,-5.933
10787,BJ0403,2.6519,9.8988,61.98,FALSE,-5.933
10788,BJ0403,2.65193,9.87167,61.98,FALSE,-5.933
10789,BJ0403,2.65195,9.84454,61.98,FALSE,-5.933
10790,BJ0403,2.65198,9.8174,51.91,FALSE,-5.933
10791,BJ0403,2.65201,9.79027,51.91,FALSE,-5.933
10792,BJ0403,2.65204,9.76314,51.91,FALSE,-5.933
10793,BJ0403,2.65207,9.736,51.91,FALSE,-5.933
10794,BJ0403,2.6521,9.70887,59.97,FALSE,-5.933
10795,BJ0403,2.65212,9.68174,61.98,FALSE,-5.933
10796,BJ0403,2.65215,9.6546,51.91,FALSE,-5.933
10797,BJ0403,2.65218,9.62747,54.43,FALSE,-5.933
10798,BJ0403,2.65221,9.60033,56.94,FALSE,-5.933
10799,BJ0403,2.65223,9.5732,61.98,FALSE,-5.933
10800,BJ0403,2.65226,9.54607,61.98,FALSE,-5.933
10801,BJ0403,2.65229,9.51893,61.56,FALSE,-5.933
10802,BJ0403,2.65232,9.4918,61.98,FALSE,-5.933
10803,BJ0403,2.65234,9.46466,61.98,FALSE,-5.933
10804,BJ0403,2.65237,9.43753,61.98,FALSE,-5.933
10806,BJ0403,2.6524,9.4104,61.98,FALSE,-5.933
10808,BJ0403,2.65243,9.38326,61.98,FALSE,-5.933
11040,BJ0403,2.67924,9.92596,61.98,FALSE,-5.933
11042,BJ0403,2.67926,9.89883,61.98,FALSE,-5.933
11043,BJ0403,2.67929,9.8717,61.98,FALSE,-5.933
11044,BJ0403,2.67931,9.84456,60.72,FALSE,-5.933
11045,BJ0403,2.67934,9.81743,54.15,FALSE,-5.933
11046,BJ0403,2.67937,9.7903,51.91,FALSE,-5.933
11047,BJ0403,2.67939,9.76316,51.91,FALSE,-5.933
11048,BJ0403,2.67942,9.73603,55.27,FALSE,-5.933
11049,BJ0403,2.67944,9.7089,61.98,FALSE,-5.933
11050,BJ0403,2.67947,9.68176,61.98,FALSE,-5.933
11051,BJ0403,2.6795,9.65463,61.98,FALSE,-5.933
11052,BJ0403,2.67952,9.62749,51.91,FALSE,-5.933
11053,BJ0403,2.67955,9.60036,56.94,FALSE,-5.933
11054,BJ0403,2.67957,9.57323,61.98,FALSE,-5.933
11055,BJ0403,2.6796,9.54609,53.92,FALSE,-5.933
11056,BJ0403,2.67962,9.51896,61.98,FALSE,-5.933
11057,BJ0403,2.67965,9.49182,61.98,FALSE,-5.933
11058,BJ0403,2.67967,9.46469,61.98,FALSE,-5.933
11059,BJ0403,2.6797,9.43756,61.98,FALSE,-5.933
11060,BJ0403,2.67972,9.41042,61.98,FALSE,-5.933
11062,BJ0403,2.67975,9.38329,61.98,FALSE,-5.933
11289,BJ0403,2.70663,9.89886,61.98,FALSE,-5.933
11290,BJ0403,2.70665,9.87172,61.98,FALSE,-5.933
11291,BJ0403,2.70667,9.84459,59.58,FALSE,-5.933
11292,BJ0403,2.7067,9.81745,51.91,FALSE,-5.933
11293,BJ0403,2.70672,9.79032,51.91,FALSE,-5.933
11294,BJ0403,2.70675,9.76319,51.91,FALSE,-5.933
11295,BJ0403,2.70677,9.73605,61.98,FALSE,-5.933
11296,BJ0403,2.70679,9.70892,61.98,FALSE,-5.933
11297,BJ0403,2.70682,9.68179,60.3,FALSE,-5.933
11298,BJ0403,2.70684,9.65465,55.39,FALSE,-5.933
11299,BJ0403,2.70686,9.62752,55.27,FALSE,-5.933
11300,BJ0403,2.70689,9.60038,55.39,FALSE,-5.933
11301,BJ0403,2.70691,9.57325,53.92,FALSE,-5.933
11302,BJ0403,2.70693,9.54612,61.98,FALSE,-5.933
11303,BJ0403,2.70696,9.5189800000000009,61.98,FALSE,-5.933
11304,BJ0403,2.70698,9.49185,61.98,FALSE,-5.933
11305,BJ0403,2.707,9.46471,61.98,FALSE,-5.933
11306,BJ0403,2.70703,9.43758,61.26,FALSE,-5.933
11308,BJ0403,2.70705,9.41045,61.98,FALSE,-5.933
11310,BJ0403,2.70707,9.38331,61.98,FALSE,-5.933
11532,BJ0403,2.73399,9.89888,61.98,FALSE,-5.933
11533,BJ0403,2.73401,9.87174,61.98,FALSE,-5.933
11534,BJ0403,2.73403,9.84461,61.98,FALSE,-5.933
11535,BJ0403,2.73406,9.81748,61.98,FALSE,-5.933
11536,BJ0403,2.73408,9.79034,55.39,FALSE,-5.933
11537,BJ0403,2.7341,9.76321,55.39,FALSE,-5.933
11538,BJ0403,2.73412,9.73608,55.39,FALSE,-5.933
11539,BJ0403,2.73414,9.70894,55.39,FALSE,-5.933
11540,BJ0403,2.73416,9.68181,51.91,FALSE,-5.933
11541,BJ0403,2.73419,9.65467,55.39,FALSE,-5.933
11542,BJ0403,2.73421,9.62754,55.39,FALSE,-5.933
11543,BJ0403,2.73423,9.60041,61.98,FALSE,-5.933
11544,BJ0403,2.73425,9.57327,54.15,FALSE,-5.933
11545,BJ0403,2.73427,9.54614,61.98,FALSE,-5.933
11546,BJ0403,2.73429,9.519,58.62,FALSE,-5.933
11547,BJ0403,2.73431,9.49187,61.98,FALSE,-5.933
11548,BJ0403,2.73433,9.46474,61.98,FALSE,-5.933
11549,BJ0403,2.73435,9.4376,61.98,FALSE,-5.933
11551,BJ0403,2.73437,9.41047,61.98,FALSE,-5.933
11752,BJ0403,2.76134,9.92603,61.98,FALSE,-5.933
11755,BJ0403,2.76136,9.8989,61.98,FALSE,-5.933
11756,BJ0403,2.76138,9.87177,61.98,FALSE,-5.933
11757,BJ0403,2.7614,9.84463,61.98,FALSE,-5.933
11758,BJ0403,2.76141,9.8175,61.98,FALSE,-5.933
11761,BJ0403,2.76143,9.79036,61.98,FALSE,-5.933
11763,BJ0403,2.76145,9.76323,55.39,FALSE,-5.933
11765,BJ0403,2.76147,9.7361,51.91,FALSE,-5.933
11767,BJ0403,2.7614899999999998,9.70896,55.39,FALSE,-5.933
11769,BJ0403,2.76151,9.68183,55.39,FALSE,-5.933
11771,BJ0403,2.76153,9.65469,55.39,FALSE,-5.933
11773,BJ0403,2.76155,9.62756,55.39,FALSE,-5.933
11774,BJ0403,2.76157,9.60043,61.98,FALSE,-5.933
11775,BJ0403,2.76159,9.57329,54.66,FALSE,-5.933
11776,BJ0403,2.76161,9.54616,61.98,FALSE,-5.933
11777,BJ0403,2.76162,9.51902,61.98,FALSE,-5.933
11778,BJ0403,2.76164,9.49189,61.98,FALSE,-5.933
11780,BJ0403,2.76166,9.46476,61.98,FALSE,-5.933
11783,BJ0403,2.76168,9.43762,61.98,FALSE,-5.933
11786,BJ0403,2.7617,9.41049,61.98,FALSE,-5.933
11949,BJ0403,2.78872,9.89892,61.98,FALSE,-5.933
11951,BJ0403,2.78874,9.87178,61.98,FALSE,-5.933
11953,BJ0403,2.78876,9.84465,61.98,FALSE,-5.933
11955,BJ0403,2.78877,9.81752,61.98,FALSE,-5.933
11958,BJ0403,2.78879,9.79038,61.98,FALSE,-5.933
11965,BJ0403,2.78889,9.62758,61.98,FALSE,-5.933
11967,BJ0403,2.78891,9.60044,61.98,FALSE,-5.933
11969,BJ0403,2.78893,9.57331,61.98,FALSE,-5.933
11971,BJ0403,2.78894,9.54618,61.98,FALSE,-5.933
11973,BJ0403,2.78896,9.51904,61.98,FALSE,-5.933
11975,BJ0403,2.78898,9.49191,61.98,FALSE,-5.933
11977,BJ0403,2.78899,9.46477,61.98,FALSE,-5.933
12133,BJ0403,2.81628,9.54619,61.98,FALSE,-5.933
12136,BJ0403,2.81629,9.51906,61.98,FALSE,-5.933
5291,BJ0403,2.04999,9.87051,51.91,FALSE,-5.933
5293,BJ0403,2.05007,9.84338,52.8,FALSE,-5.933
5526,BJ0403,2.07712,9.95198,51.91,FALSE,-5.933
5528,BJ0403,2.0772,9.92485,51.91,FALSE,-5.933
5530,BJ0403,2.07727,9.89772,51.91,FALSE,-5.933
5532,BJ0403,2.07735,9.87059,51.91,FALSE,-5.933
5534,BJ0403,2.07742,9.84346,51.91,FALSE,-5.933
5536,BJ0403,2.0775,9.81633,52.21,FALSE,-5.933
5538,BJ0403,2.07757,9.7892,53.62,FALSE,-5.933
5540,BJ0403,2.07765,9.76206,61,FALSE,-5.933
5770,BJ0403,2.10441,9.97918,51.91,FALSE,-5.933
5772,BJ0403,2.10449,9.95205,51.91,FALSE,-5.933
5774,BJ0403,2.10456,9.92492,51.91,FALSE,-5.933
5776,BJ0403,2.10463,9.89779,51.91,FALSE,-5.933
5777,BJ0403,2.10471,9.87066,51.91,FALSE,-5.933
5778,BJ0403,2.10478,9.84353,51.91,FALSE,-5.933
5779,BJ0403,2.10485,9.8164,53.71,FALSE,-5.933
5780,BJ0403,2.10493,9.78927,52.21,FALSE,-5.933
5782,BJ0403,2.105,9.76214,57.08,FALSE,-5.933
5784,BJ0403,2.10507,9.73501,54.54,FALSE,-5.933
5786,BJ0403,2.10514,9.70788,60.29,FALSE,-5.933
6021,BJ0403,2.13178,9.97926,51.91,FALSE,-5.933
6022,BJ0403,2.13185,9.95212,51.91,FALSE,-5.933
6023,BJ0403,2.13192,9.92499,51.91,FALSE,-5.933
6024,BJ0403,2.132,9.89786,51.91,FALSE,-5.933
6025,BJ0403,2.13207,9.87073,51.91,FALSE,-5.933
6026,BJ0403,2.13214,9.8436,51.91,FALSE,-5.933
6027,BJ0403,2.13221,9.81647,53.03,FALSE,-5.933
6028,BJ0403,2.13228,9.78934,52.49,FALSE,-5.933
6029,BJ0403,2.13235,9.76221,52.77,FALSE,-5.933
6030,BJ0403,2.13242,9.73508,51.91,FALSE,-5.933
6032,BJ0403,2.13249,9.70795,51.91,FALSE,-5.933
6258,BJ0403,2.15915,9.97933,51.91,FALSE,-5.933
6259,BJ0403,2.15922,9.95219,51.91,FALSE,-5.933
6260,BJ0403,2.15929,9.92506,51.91,FALSE,-5.933
6261,BJ0403,2.15936,9.89793,51.91,FALSE,-5.933
6262,BJ0403,2.15943,9.8708,51.91,FALSE,-5.933
6263,BJ0403,2.15949,9.84367,51.91,FALSE,-5.933
6264,BJ0403,2.15956,9.81654,53.71,FALSE,-5.933
6265,BJ0403,2.15963,9.78941,56.01,FALSE,-5.933
6266,BJ0403,2.1597,9.76228,52.5,FALSE,-5.933
6267,BJ0403,2.15977,9.73515,51.91,FALSE,-5.933
6269,BJ0403,2.15984,9.70801,51.91,FALSE,-5.933
6272,BJ0403,2.1599,9.68088,51.91,FALSE,-5.933
6494,BJ0403,2.18652,9.97939,51.91,FALSE,-5.933
6496,BJ0403,2.18659,9.95226,51.91,FALSE,-5.933
6497,BJ0403,2.18665,9.92513,51.91,FALSE,-5.933
6498,BJ0403,2.18672,9.898,51.91,FALSE,-5.933
6499,BJ0403,2.18679,9.87087,51.91,FALSE,-5.933
6500,BJ0403,2.18685,9.84374,51.91,FALSE,-5.933
6501,BJ0403,2.18692,9.81661,51.91,FALSE,-5.933
6502,BJ0403,2.18698,9.78948,52.63,FALSE,-5.933
6503,BJ0403,2.18705,9.76234,51.91,FALSE,-5.933
6504,BJ0403,2.18712,9.73521,51.91,FALSE,-5.933
6505,BJ0403,2.18718,9.70808,51.91,FALSE,-5.933
6507,BJ0403,2.18725,9.68095,52.32,FALSE,-5.933
6509,BJ0403,2.18731,9.65382,51.91,FALSE,-5.933
6511,BJ0403,2.18738,9.62669,51.91,FALSE,-5.933
6734,BJ0403,2.21389,9.97946,51.91,FALSE,-5.933
6736,BJ0403,2.21395,9.95233,51.91,FALSE,-5.933
6737,BJ0403,2.21402,9.9252,51.91,FALSE,-5.933
6738,BJ0403,2.21408,9.89807,51.91,FALSE,-5.933
6739,BJ0403,2.21415,9.87093,51.91,FALSE,-5.933
6740,BJ0403,2.21421,9.8438,51.91,FALSE,-5.933
6741,BJ0403,2.21427,9.81667,54.93,FALSE,-5.933
6742,BJ0403,2.21434,9.78954,56.11,FALSE,-5.933
6743,BJ0403,2.2144,9.76241,51.91,FALSE,-5.933
6744,BJ0403,2.21447,9.73528,51.91,FALSE,-5.933
6745,BJ0403,2.21453,9.70814,52.19,FALSE,-5.933
6746,BJ0403,2.21459,9.68101,52.15,FALSE,-5.933
6748,BJ0403,2.21465,9.65388,51.91,FALSE,-5.933
6750,BJ0403,2.21472,9.62675,51.91,FALSE,-5.933
7006,BJ0403,2.24126,9.97952,51.91,FALSE,-5.933
7008,BJ0403,2.24132,9.95239,51.91,FALSE,-5.933
7009,BJ0403,2.24138,9.92526,51.91,FALSE,-5.933
7010,BJ0403,2.24144,9.89813,51.91,FALSE,-5.933
7011,BJ0403,2.24151,9.871,52.58,FALSE,-5.933
7012,BJ0403,2.24157,9.84386,53.2,FALSE,-5.933
7013,BJ0403,2.24163,9.81673,56.1,FALSE,-5.933
7014,BJ0403,2.24169,9.7896,60.76,FALSE,-5.933
7015,BJ0403,2.24175,9.76247,63.61,FALSE,-5.933
7016,BJ0403,2.24181,9.73534,52.75,FALSE,-5.933
7017,BJ0403,2.24188,9.70821,51.91,FALSE,-5.933
7018,BJ0403,2.24194,9.68107,51.91,FALSE,-5.933
7019,BJ0403,2.242,9.65394,51.91,FALSE,-5.933
7021,BJ0403,2.24206,9.62681,52.12,FALSE,-5.933
7023,BJ0403,2.24212,9.59968,51.91,FALSE,-5.933
7240,BJ0403,2.26869,9.95245,51.91,FALSE,-5.933
7241,BJ0403,2.26875,9.92532,51.91,FALSE,-5.933
7242,BJ0403,2.26881,9.89819,51.91,FALSE,-5.933
7243,BJ0403,2.26887,9.87106,52.16,FALSE,-5.933
7244,BJ0403,2.26893,9.84393,53.03,FALSE,-5.933
7245,BJ0403,2.26899,9.81679,64.12,FALSE,-5.933
7246,BJ0403,2.26905,9.78966,68.92,FALSE,-5.933
7247,BJ0403,2.2691,9.76253,69.83,FALSE,-5.933
7248,BJ0403,2.26916,9.7354,59.37,FALSE,-5.933
7249,BJ0403,2.26922,9.70827,51.91,FALSE,-5.933
7250,BJ0403,2.26928,9.68113,51.91,FALSE,-5.933
7251,BJ0403,2.26934,9.654,51.91,FALSE,-5.933
7252,BJ0403,2.2694,9.62687,51.91,FALSE,-5.933
7254,BJ0403,2.26946,9.59974,51.91,FALSE,-5.933
7256,BJ0403,2.26951,9.57261,51.91,FALSE,-5.933
7258,BJ0403,2.26957,9.54547,51.91,FALSE,-5.933
7468,BJ0403,2.29605,9.95251,51.91,FALSE,-5.933
7469,BJ0403,2.29611,9.92538,51.91,FALSE,-5.933
7470,BJ0403,2.29617,9.89825,51.91,FALSE,-5.933
7471,BJ0403,2.29623,9.87112,52.21,FALSE,-5.933
7472,BJ0403,2.29628,9.84398,53.63,FALSE,-5.933
7473,BJ0403,2.29634,9.81685,60.28,FALSE,-5.933
7474,BJ0403,2.2964,9.78972,62.44,FALSE,-5.933
7475,BJ0403,2.29646,9.76259,67.25,FALSE,-5.933
7476,BJ0403,2.29651,9.73546,60.5,FALSE,-5.933
7477,BJ0403,2.29657,9.70832,51.91,FALSE,-5.933
7478,BJ0403,2.29663,9.68119,51.91,FALSE,-5.933
7479,BJ0403,2.29668,9.65406,51.91,FALSE,-5.933
7480,BJ0403,2.29674,9.62693,51.91,FALSE,-5.933
7481,BJ0403,2.29679,9.59979,51.91,FALSE,-5.933
7482,BJ0403,2.29685,9.57266,51.91,FALSE,-5.933
7484,BJ0403,2.29691,9.54553,52.39,FALSE,-5.933
7486,BJ0403,2.29696,9.5184,56.23,FALSE,-5.933
7701,BJ0403,2.32342,9.95257,51.91,FALSE,-5.933
7702,BJ0403,2.32348,9.92544,52.43,FALSE,-5.933
7703,BJ0403,2.32353,9.8983,51.91,FALSE,-5.933
7704,BJ0403,2.32359,9.87117,51.91,FALSE,-5.933
7705,BJ0403,2.32364,9.84404,52.33,FALSE,-5.933
7706,BJ0403,2.3237,9.81691,58.36,FALSE,-5.933
7707,BJ0403,2.32375,9.78977,59.9,FALSE,-5.933
7708,BJ0403,2.32381,9.76264,56.93,FALSE,-5.933
7709,BJ0403,2.32386,9.73551,51.91,FALSE,-5.933
7710,BJ0403,2.32392,9.70838,51.91,FALSE,-5.933
7711,BJ0403,2.32397,9.68125,51.91,FALSE,-5.933
7712,BJ0403,2.32403,9.65411,52.19,FALSE,-5.933
7713,BJ0403,2.32408,9.62698,53.35,FALSE,-5.933
7714,BJ0403,2.32413,9.59985,51.91,FALSE,-5.933
7715,BJ0403,2.32419,9.57272,51.91,FALSE,-5.933
7716,BJ0403,2.32424,9.54558,51.91,FALSE,-5.933
7718,BJ0403,2.32429,9.51845,52.15,FALSE,-5.933
7946,BJ0403,2.35079,9.95262,52.97,FALSE,-5.933
7948,BJ0403,2.35084,9.92549,52.54,FALSE,-5.933
7949,BJ0403,2.3509,9.89836,51.91,FALSE,-5.933
7950,BJ0403,2.35095,9.87122,52.26,FALSE,-5.933
7951,BJ0403,2.351,9.84409,53.38,FALSE,-5.933
7952,BJ0403,2.35105,9.81696,57.38,FALSE,-5.933
7953,BJ0403,2.35111,9.78983,59.28,FALSE,-5.933
7954,BJ0403,2.35116,9.7627,55.36,FALSE,-5.933
7955,BJ0403,2.35121,9.73556,51.91,FALSE,-5.933
7956,BJ0403,2.35126,9.70843,51.91,FALSE,-5.933
7957,BJ0403,2.35132,9.6813,52.12,FALSE,-5.933
7958,BJ0403,2.35137,9.65417,52.15,FALSE,-5.933
7959,BJ0403,2.35142,9.62703,52.12,FALSE,-5.933
7960,BJ0403,2.35147,9.5999,51.91,FALSE,-5.933
7961,BJ0403,2.35152,9.57277,51.91,FALSE,-5.933
7962,BJ0403,2.35157,9.54564,51.91,FALSE,-5.933
7964,BJ0403,2.35163,9.5185,51.91,FALSE,-5.933
8193,BJ0403,2.37816,9.95267,53.06,FALSE,-5.933
8195,BJ0403,2.37821,9.92554,52.99,FALSE,-5.933
8196,BJ0403,2.37826,9.89841,51.91,FALSE,-5.933
8197,BJ0403,2.37831,9.87128,55.37,FALSE,-5.933
8198,BJ0403,2.37836,9.84414,57.78,FALSE,-5.933
8199,BJ0403,2.37841,9.81701,59.52,FALSE,-5.933
8200,BJ0403,2.37846,9.78988,60.13,FALSE,-5.933
8201,BJ0403,2.37851,9.76275,57.56,FALSE,-5.933
8202,BJ0403,2.37856,9.73561,53.14,FALSE,-5.933
8203,BJ0403,2.37861,9.70848,52.16,FALSE,-5.933
8204,BJ0403,2.37866,9.68135,51.91,FALSE,-5.933
8205,BJ0403,2.37871,9.65422,51.91,FALSE,-5.933
8206,BJ0403,2.37876,9.62708,52.15,FALSE,-5.933
8207,BJ0403,2.37881,9.59995,51.91,FALSE,-5.933
8208,BJ0403,2.37886,9.57282,52.15,FALSE,-5.933
8209,BJ0403,2.37891,9.54569,51.91,FALSE,-5.933
8211,BJ0403,2.37896,9.51855,51.91,FALSE,-5.933
8445,BJ0403,2.40547,9.97986,53.65,FALSE,-5.933
8447,BJ0403,2.40552,9.95272,52.65,FALSE,-5.933
8448,BJ0403,2.40557,9.92559,52.16,FALSE,-5.933
8449,BJ0403,2.40562,9.89846,52.14,FALSE,-5.933
8450,BJ0403,2.40567,9.87133,56.35,FALSE,-5.933
8451,BJ0403,2.40572,9.84419,61.48,FALSE,-5.933
8452,BJ0403,2.40577,9.81706,61.98,FALSE,-5.933
8453,BJ0403,2.40582,9.78993,59.77,FALSE,-5.933
8454,BJ0403,2.40586,9.7628,55.48,FALSE,-5.933
8455,BJ0403,2.40591,9.73566,54.21,FALSE,-5.933
8456,BJ0403,2.40596,9.70853,51.91,FALSE,-5.933
8457,BJ0403,2.40601,9.6814,52.49,FALSE,-5.933
8458,BJ0403,2.40606,9.65426,51.91,FALSE,-5.933
8459,BJ0403,2.4061,9.62713,51.91,FALSE,-5.933
8460,BJ0403,2.40615,9.6,51.91,FALSE,-5.933
8461,BJ0403,2.4062,9.57287,51.91,FALSE,-5.933
8462,BJ0403,2.40624,9.54573,51.91,FALSE,-5.933
8464,BJ0403,2.40629,9.5186,51.91,FALSE,-5.933
8466,BJ0403,2.40634,9.49147,51.91,FALSE,-5.933
8716,BJ0403,2.43284,9.9799,56.23,FALSE,-5.933
8717,BJ0403,2.43289,9.95277,56.79,FALSE,-5.933
8718,BJ0403,2.43294,9.92564,53.74,FALSE,-5.933
8719,BJ0403,2.43299,9.89851,52.97,FALSE,-5.933
8720,BJ0403,2.43303,9.87137,55.35,FALSE,-5.933
8721,BJ0403,2.43308,9.84424,56.39,FALSE,-5.933
8722,BJ0403,2.43312,9.81711,58.93,FALSE,-5.933
8723,BJ0403,2.43317,9.78997,60.78,FALSE,-5.933
8724,BJ0403,2.43322,9.76284,59.2,FALSE,-5.933
8725,BJ0403,2.43326,9.73571,60.76,FALSE,-5.933
8726,BJ0403,2.43331,9.70858,52.97,FALSE,-5.933
8727,BJ0403,2.43335,9.68144,51.91,FALSE,-5.933
8728,BJ0403,2.4334,9.65431,51.91,FALSE,-5.933
8729,BJ0403,2.43344,9.62718,51.91,FALSE,-5.933
8730,BJ0403,2.43349,9.60004,52.19,FALSE,-5.933
8731,BJ0403,2.43353,9.57291,51.91,FALSE,-5.933
8732,BJ0403,2.43358,9.54578,51.91,FALSE,-5.933
8733,BJ0403,2.43362,9.51865,51.91,FALSE,-5.933
8735,BJ0403,2.4336700000000002,9.49151,51.91,FALSE,-5.933
8975,BJ0403,2.46022,9.97995,56.23,FALSE,-5.933
8976,BJ0403,2.46026,9.9528199999999991,53.46,FALSE,-5.933
8977,BJ0403,2.4603,9.92568,52.97,FALSE,-5.933
8978,BJ0403,2.46035,9.89855,58.62,FALSE,-5.933
8979,BJ0403,2.46039,9.87142,53.69,FALSE,-5.933
8980,BJ0403,2.46044,9.84429,53.59,FALSE,-5.933
8981,BJ0403,2.46048,9.81715,58.49,FALSE,-5.933
8982,BJ0403,2.46053,9.79002,61.65,FALSE,-5.933
8983,BJ0403,2.46057,9.76289,57.57,FALSE,-5.933
8984,BJ0403,2.46061,9.73575,53.69,FALSE,-5.933
8985,BJ0403,2.46066,9.70862,52.63,FALSE,-5.933
8986,BJ0403,2.4607,9.68149,51.91,FALSE,-5.933
8987,BJ0403,2.46074,9.65435,51.91,FALSE,-5.933
8988,BJ0403,2.46079,9.62722,51.91,FALSE,-5.933
8989,BJ0403,2.46083,9.60009,51.91,FALSE,-5.933
8990,BJ0403,2.46087,9.57296,51.91,FALSE,-5.933
8991,BJ0403,2.46091,9.54582,51.91,FALSE,-5.933
8992,BJ0403,2.46096,9.51869,51.91,FALSE,-5.933
8994,BJ0403,2.461,9.49156,51.91,FALSE,-5.933
9231,BJ0403,2.48759,9.97999,52.87,FALSE,-5.933
9232,BJ0403,2.48763,9.95286,57.95,FALSE,-5.933
9233,BJ0403,2.48767,9.92573,53.92,FALSE,-5.933
9234,BJ0403,2.48771,9.89859,61.98,FALSE,-5.933
9235,BJ0403,2.48775,9.87146,53.35,FALSE,-5.933
9236,BJ0403,2.4878,9.84433,51.91,FALSE,-5.933
9237,BJ0403,2.48784,9.81719,53.25,FALSE,-5.933
9238,BJ0403,2.48788,9.79006,61.98,FALSE,-5.933
9239,BJ0403,2.48792,9.76293,59.1,FALSE,-5.933
9240,BJ0403,2.48796,9.7358,55.27,FALSE,-5.933
9241,BJ0403,2.488,9.70866,51.91,FALSE,-5.933
9242,BJ0403,2.48805,9.68153,51.91,FALSE,-5.933
9243,BJ0403,2.48809,9.6544,51.91,FALSE,-5.933
9244,BJ0403,2.48813,9.62726,51.91,FALSE,-5.933
9245,BJ0403,2.48817,9.60013,51.91,FALSE,-5.933
9246,BJ0403,2.48821,9.573,51.91,FALSE,-5.933
9247,BJ0403,2.48825,9.54586,51.91,FALSE,-5.933
9248,BJ0403,2.48829,9.51873,52.41,FALSE,-5.933
9250,BJ0403,2.48833,9.4916,51.91,FALSE,-5.933
9252,BJ0403,2.48837,9.46446,51.91,FALSE,-5.933
9492,BJ0403,2.51496,9.98003,55.94,FALSE,-5.933
9493,BJ0403,2.515,9.9529,61.26,FALSE,-5.933
9494,BJ0403,2.51504,9.92577,55.27,FALSE,-5.933
9495,BJ0403,2.51508,9.89863,51.91,FALSE,-5.933
9496,BJ0403,2.51512,9.8715,51.91,FALSE,-5.933
9497,BJ0403,2.51516,9.84437,51.91,FALSE,-5.933
9498,BJ0403,2.5152,9.81724,52.39,FALSE,-5.933
9499,BJ0403,2.51523,9.7901,51.91,FALSE,-5.933
9500,BJ0403,2.51527,9.76297,51.91,FALSE,-5.933
9501,BJ0403,2.51531,9.73584,53.92,FALSE,-5.933
9502,BJ0403,2.51535,9.7087,51.91,FALSE,-5.933
9503,BJ0403,2.51539,9.68157,51.91,FALSE,-5.933
9504,BJ0403,2.51543,9.65444,51.91,FALSE,-5.933
9505,BJ0403,2.51547,9.6273,51.91,FALSE,-5.933
9506,BJ0403,2.51551,9.60017,52.3,FALSE,-5.933
9507,BJ0403,2.51555,9.57304,52.14,FALSE,-5.933
9508,BJ0403,2.51558,9.5459,52.95,FALSE,-5.933
9509,BJ0403,2.51562,9.51877,52.66,FALSE,-5.933
9510,BJ0403,2.51566,9.49164,53.59,FALSE,-5.933
9512,BJ0403,2.5157,9.4645,51.91,FALSE,-5.933
11751,BJ0404,2.76134,9.92603,50.71,FALSE,-17.199
11754,BJ0404,2.76136,9.8989,50.71,FALSE,-17.199
11759,BJ0404,2.76143,9.79036,50.71,FALSE,-17.199
11947,BJ0404,2.7887,9.92605,50.71,FALSE,-17.199
11948,BJ0404,2.78872,9.89892,50.71,FALSE,-17.199
11950,BJ0404,2.78874,9.87178,50.71,FALSE,-17.199
11952,BJ0404,2.78876,9.84465,50.71,FALSE,-17.199
11954,BJ0404,2.78877,9.81752,50.71,FALSE,-17.199
11956,BJ0404,2.78879,9.79038,50.71,FALSE,-17.199
12105,BJ0404,2.81596,10.116,50.71,FALSE,-17.199
12107,BJ0404,2.81598,10.08887,50.71,FALSE,-17.199
12109,BJ0404,2.81599,10.06174,50.71,FALSE,-17.199
12111,BJ0404,2.81601,10.0346,50.71,FALSE,-17.199
12116,BJ0404,2.81607,9.92607,50.71,FALSE,-17.199
12117,BJ0404,2.81609,9.89893,49.82,FALSE,-17.199
12118,BJ0404,2.8161,9.8718,49.82,FALSE,-17.199
12119,BJ0404,2.81612,9.84467,49.82,FALSE,-17.199
12120,BJ0404,2.81613,9.81753,49.82,FALSE,-17.199
12122,BJ0404,2.81615,9.7904,50.71,FALSE,-17.199
12254,BJ0404,2.84333,10.14315,50.71,FALSE,-17.199
12256,BJ0404,2.84335,10.11602,50.71,FALSE,-17.199
12257,BJ0404,2.84336,10.08888,50.71,FALSE,-17.199
12258,BJ0404,2.84337,10.06175,50.71,FALSE,-17.199
12260,BJ0404,2.84339,10.03462,50.71,FALSE,-17.199
12262,BJ0404,2.8434,10.00748,50.71,FALSE,-17.199
12264,BJ0404,2.84341,9.98035,50.71,FALSE,-17.199
12266,BJ0404,2.84342,9.95321,50.71,FALSE,-17.199
12268,BJ0404,2.84344,9.92608,50.71,FALSE,-17.199
12269,BJ0404,2.84345,9.89895,50.71,FALSE,-17.199
12270,BJ0404,2.84346,9.87181,50.71,FALSE,-17.199
12271,BJ0404,2.84348,9.84468,49.82,FALSE,-17.199
12272,BJ0404,2.84349,9.81755,50.71,FALSE,-17.199
12402,BJ0404,2.87072,10.14316,50.71,FALSE,-17.199
12403,BJ0404,2.87073,10.11603,50.71,FALSE,-17.199
12404,BJ0404,2.87074,10.08889,50.71,FALSE,-17.199
12405,BJ0404,2.87075,10.06176,50.71,FALSE,-17.199
12406,BJ0404,2.87076,10.03463,50.71,FALSE,-17.199
12407,BJ0404,2.87077,10.00749,50.71,FALSE,-17.199
12408,BJ0404,2.87078,9.98036,50.71,FALSE,-17.199
12409,BJ0404,2.87079,9.95323,50.71,FALSE,-17.199
12410,BJ0404,2.8708,9.92609,50.71,FALSE,-17.199
12411,BJ0404,2.87082,9.89896,50.71,FALSE,-17.199
12412,BJ0404,2.87083,9.87183,50.71,FALSE,-17.199
12413,BJ0404,2.87084,9.84469,50.71,FALSE,-17.199
12414,BJ0404,2.87085,9.81756,50.71,FALSE,-17.199
12536,BJ0404,2.8981,10.14317,50.71,FALSE,-17.199
12537,BJ0404,2.89811,10.11604,50.71,FALSE,-17.199
12538,BJ0404,2.89812,10.0889,50.71,FALSE,-17.199
12539,BJ0404,2.89813,10.06177,50.71,FALSE,-17.199
12540,BJ0404,2.89814,10.03464,50.71,FALSE,-17.199
12541,BJ0404,2.89815,10.0075,50.71,FALSE,-17.199
12542,BJ0404,2.89816,9.98037,50.71,FALSE,-17.199
12543,BJ0404,2.89816,9.95324,50.71,FALSE,-17.199
12544,BJ0404,2.89817,9.9261,50.71,FALSE,-17.199
12545,BJ0404,2.89818,9.89897,50.71,FALSE,-17.199
12546,BJ0404,2.89819,9.87183,50.71,FALSE,-17.199
12547,BJ0404,2.8982,9.8447,50.71,FALSE,-17.199
12549,BJ0404,2.89821,9.81757,50.71,FALSE,-17.199
12667,BJ0404,2.92549,10.14318,50.71,FALSE,-17.199
12668,BJ0404,2.9255,10.11605,50.71,FALSE,-17.199
12669,BJ0404,2.9255,10.08891,50.71,FALSE,-17.199
12670,BJ0404,2.92551,10.06178,50.71,FALSE,-17.199
12671,BJ0404,2.92551,10.03464,50.71,FALSE,-17.199
12672,BJ0404,2.92552,10.00751,50.71,FALSE,-17.199
12673,BJ0404,2.92553,9.98038,50.71,FALSE,-17.199
12674,BJ0404,2.92553,9.95324,50.71,FALSE,-17.199
12675,BJ0404,2.92554,9.92611,50.71,FALSE,-17.199
12676,BJ0404,2.92555,9.89898,50.71,FALSE,-17.199
12677,BJ0404,2.92555,9.87184,50.71,FALSE,-17.199
12678,BJ0404,2.92556,9.84471,50.71,FALSE,-17.199
12797,BJ0404,2.95287,10.19745,50.71,FALSE,-17.199
12799,BJ0404,2.95287,10.17032,50.71,FALSE,-17.199
12801,BJ0404,2.95287,10.14318,50.71,FALSE,-17.199
12802,BJ0404,2.95288,10.11605,50.71,FALSE,-17.199
12803,BJ0404,2.95288,10.08892,50.71,FALSE,-17.199
12804,BJ0404,2.95289,10.06178,50.71,FALSE,-17.199
12805,BJ0404,2.95289,10.03465,50.71,FALSE,-17.199
12806,BJ0404,2.95289,10.00752,50.71,FALSE,-17.199
12807,BJ0404,2.9529,9.98038,50.71,FALSE,-17.199
12808,BJ0404,2.9529,9.95325,50.71,FALSE,-17.199
12809,BJ0404,2.95291,9.92611,50.71,FALSE,-17.199
12810,BJ0404,2.95291,9.89898,50.71,FALSE,-17.199
12811,BJ0404,2.95291,9.87185,50.71,FALSE,-17.199
12812,BJ0404,2.95292,9.84471,50.71,FALSE,-17.199
12929,BJ0404,2.98026,10.22459,50.71,FALSE,-17.199
12931,BJ0404,2.98026,10.19745,50.71,FALSE,-17.199
12932,BJ0404,2.98026,10.17032,50.71,FALSE,-17.199
12933,BJ0404,2.98026,10.14319,50.71,FALSE,-17.199
12934,BJ0404,2.98026,10.11605,50.71,FALSE,-17.199
12935,BJ0404,2.98026,10.08892,50.71,FALSE,-17.199
12936,BJ0404,2.98027,10.06179,50.71,FALSE,-17.199
12937,BJ0404,2.98027,10.03465,50.71,FALSE,-17.199
12938,BJ0404,2.98027,10.00752,50.71,FALSE,-17.199
12939,BJ0404,2.98027,9.98038,50.71,FALSE,-17.199
12940,BJ0404,2.98027,9.95325,50.71,FALSE,-17.199
12941,BJ0404,2.98027,9.92612,50.71,FALSE,-17.199
12942,BJ0404,2.98028,9.89898,50.71,FALSE,-17.199
12943,BJ0404,2.98028,9.87185,50.71,FALSE,-17.199
12944,BJ0404,2.98028,9.84472,50.71,FALSE,-17.199
12946,BJ0404,2.98028,9.81758,50.71,FALSE,-17.199
13068,BJ0404,3.00765,10.25172,50.71,FALSE,-17.199
13071,BJ0404,3.00765,10.22459,50.71,FALSE,-17.199
13072,BJ0404,3.00765,10.19745,50.71,FALSE,-17.199
13073,BJ0404,3.00765,10.17032,50.71,FALSE,-17.199
13074,BJ0404,3.00765,10.14319,50.71,FALSE,-17.199
13075,BJ0404,3.00765,10.11605,50.71,FALSE,-17.199
13076,BJ0404,3.00764,10.08892,50.71,FALSE,-17.199
13077,BJ0404,3.00764,10.06179,50.71,FALSE,-17.199
13078,BJ0404,3.00764,10.03465,50.71,FALSE,-17.199
13079,BJ0404,3.00764,10.00752,50.71,FALSE,-17.199
13080,BJ0404,3.00764,9.98039,50.71,FALSE,-17.199
13081,BJ0404,3.00764,9.95325,50.71,FALSE,-17.199
13082,BJ0404,3.00764,9.92612,50.71,FALSE,-17.199
13083,BJ0404,3.00764,9.89898,50.71,FALSE,-17.199
13084,BJ0404,3.00764,9.87185,50.71,FALSE,-17.199
13085,BJ0404,3.00764,9.84472,50.71,FALSE,-17.199
13086,BJ0404,3.00764,9.81758,50.71,FALSE,-17.199
13205,BJ0404,3.03504,10.22459,50.71,FALSE,-17.199
13207,BJ0404,3.03504,10.19745,50.71,FALSE,-17.199
13209,BJ0404,3.03503,10.17032,50.71,FALSE,-17.199
13211,BJ0404,3.03503,10.14319,50.71,FALSE,-17.199
13213,BJ0404,3.03503,10.11605,50.71,FALSE,-17.199
13215,BJ0404,3.03503,10.08892,50.71,FALSE,-17.199
13216,BJ0404,3.03502,10.06178,50.71,FALSE,-17.199
13217,BJ0404,3.03502,10.03465,50.71,FALSE,-17.199
13218,BJ0404,3.03502,10.00752,50.71,FALSE,-17.199
13219,BJ0404,3.03501,9.98038,50.71,FALSE,-17.199
13220,BJ0404,3.03501,9.95325,50.71,FALSE,-17.199
13221,BJ0404,3.03501,9.92612,50.71,FALSE,-17.199
13222,BJ0404,3.03501,9.89898,50.71,FALSE,-17.199
13223,BJ0404,3.035,9.87185,50.71,FALSE,-17.199
13224,BJ0404,3.035,9.84471,50.71,FALSE,-17.199
13225,BJ0404,3.035,9.81758,50.71,FALSE,-17.199
13227,BJ0404,3.03499,9.79045,50.71,FALSE,-17.199
13344,BJ0404,3.06241,10.08891,50.71,FALSE,-17.199
13345,BJ0404,3.0624,10.06178,50.71,FALSE,-17.199
13346,BJ0404,3.0624,10.03465,50.71,FALSE,-17.199
13347,BJ0404,3.06239,10.00751,50.71,FALSE,-17.199
13348,BJ0404,3.06239,9.98038,50.71,FALSE,-17.199
13349,BJ0404,3.06238,9.95325,50.71,FALSE,-17.199
13350,BJ0404,3.06238,9.92611,50.71,FALSE,-17.199
13351,BJ0404,3.06237,9.89898,50.71,FALSE,-17.199
13352,BJ0404,3.06236,9.87184,50.71,FALSE,-17.199
13353,BJ0404,3.06236,9.84471,50.71,FALSE,-17.199
13354,BJ0404,3.06235,9.81758,50.71,FALSE,-17.199
13355,BJ0404,3.06235,9.79044,50.71,FALSE,-17.199
13474,BJ0404,3.08979,10.08891,50.71,FALSE,-17.199
13476,BJ0404,3.08978,10.06177,50.71,FALSE,-17.199
13477,BJ0404,3.08977,10.03464,50.71,FALSE,-17.199
13478,BJ0404,3.08976,10.00751,50.71,FALSE,-17.199
13479,BJ0404,3.08976,9.98037,50.71,FALSE,-17.199
13480,BJ0404,3.08975,9.95324,50.71,FALSE,-17.199
13481,BJ0404,3.08974,9.92611,50.71,FALSE,-17.199
13482,BJ0404,3.08973,9.89897,50.71,FALSE,-17.199
13483,BJ0404,3.08973,9.87184,50.71,FALSE,-17.199
13484,BJ0404,3.08972,9.8447,50.71,FALSE,-17.199
13485,BJ0404,3.08971,9.81757,50.71,FALSE,-17.199
13486,BJ0404,3.08971,9.79044,50.71,FALSE,-17.199
13604,BJ0404,3.11717,10.0889,50.71,FALSE,-17.199
13606,BJ0404,3.11716,10.06177,50.71,FALSE,-17.199
13607,BJ0404,3.11715,10.03463,50.71,FALSE,-17.199
13608,BJ0404,3.11714,10.0075,50.71,FALSE,-17.199
13609,BJ0404,3.11713,9.98036,50.71,FALSE,-17.199
13610,BJ0404,3.11712,9.95323,50.71,FALSE,-17.199
13611,BJ0404,3.11711,9.9261,50.71,FALSE,-17.199
13612,BJ0404,3.1171,9.89896,50.71,FALSE,-17.199
13613,BJ0404,3.11709,9.87183,50.71,FALSE,-17.199
13614,BJ0404,3.11708,9.8447,50.71,FALSE,-17.199
13615,BJ0404,3.11707,9.81756,50.71,FALSE,-17.199
13616,BJ0404,3.11706,9.79043,50.71,FALSE,-17.199
13618,BJ0404,3.11705,9.76329,50.71,FALSE,-17.199
13620,BJ0404,3.11704,9.73616,50.71,FALSE,-17.199
13622,BJ0404,3.11703,9.70903,50.71,FALSE,-17.199
13729,BJ0404,3.14456,10.11602,50.71,FALSE,-17.199
13731,BJ0404,3.14455,10.08889,50.71,FALSE,-17.199
13732,BJ0404,3.14454,10.06175,50.71,FALSE,-17.199
13733,BJ0404,3.14452,10.03462,50.71,FALSE,-17.199
13734,BJ0404,3.14451,10.00749,50.71,FALSE,-17.199
13735,BJ0404,3.1445,9.98035,50.71,FALSE,-17.199
13736,BJ0404,3.14449,9.95322,50.71,FALSE,-17.199
13737,BJ0404,3.14448,9.92609,50.71,FALSE,-17.199
13738,BJ0404,3.14446,9.89895,50.71,FALSE,-17.199
13739,BJ0404,3.14445,9.87182,50.71,FALSE,-17.199
13740,BJ0404,3.14444,9.84469,50.71,FALSE,-17.199
13741,BJ0404,3.14443,9.81755,50.71,FALSE,-17.199
13742,BJ0404,3.14442,9.79042,50.71,FALSE,-17.199
13743,BJ0404,3.14441,9.76328,50.71,FALSE,-17.199
13744,BJ0404,3.14439,9.73615,50.71,FALSE,-17.199
13745,BJ0404,3.14438,9.70902,50.71,FALSE,-17.199
13747,BJ0404,3.14437,9.68188,50.71,FALSE,-17.199
13854,BJ0404,3.17194,10.11601,50.71,FALSE,-17.199
13855,BJ0404,3.17193,10.08888,50.71,FALSE,-17.199
13856,BJ0404,3.17192,10.06174,50.71,FALSE,-17.199
13857,BJ0404,3.1719,10.03461,50.71,FALSE,-17.199
13858,BJ0404,3.17189,10.00747,50.71,FALSE,-17.199
13859,BJ0404,3.17187,9.98034,50.71,FALSE,-17.199
13860,BJ0404,3.17186,9.95321,50.71,FALSE,-17.199
13861,BJ0404,3.17184,9.92607,50.71,FALSE,-17.199
13862,BJ0404,3.17183,9.89894,50.71,FALSE,-17.199
13863,BJ0404,3.17182,9.87181,50.71,FALSE,-17.199
13864,BJ0404,3.1718,9.84467,50.71,FALSE,-17.199
13865,BJ0404,3.17179,9.81754,50.71,FALSE,-17.199
13866,BJ0404,3.17177,9.7904,50.71,FALSE,-17.199
13867,BJ0404,3.17176,9.76327,50.71,FALSE,-17.199
13868,BJ0404,3.17175,9.73614,50.71,FALSE,-17.199
13869,BJ0404,3.17173,9.709,50.71,FALSE,-17.199
13870,BJ0404,3.17172,9.68187,50.71,FALSE,-17.199
13872,BJ0404,3.1717,9.65473,50.71,FALSE,-17.199
13971,BJ0404,3.19933,10.11599,50.71,FALSE,-17.199
13972,BJ0404,3.19931,10.08886,50.71,FALSE,-17.199
13973,BJ0404,3.19929,10.06173,50.71,FALSE,-17.199
13974,BJ0404,3.19928,10.03459,50.71,FALSE,-17.199
13975,BJ0404,3.19926,10.00746,50.71,FALSE,-17.199
13976,BJ0404,3.19924,9.98033,50.71,FALSE,-17.199
13977,BJ0404,3.19923,9.95319,50.71,FALSE,-17.199
13978,BJ0404,3.19921,9.92606,50.71,FALSE,-17.199
13979,BJ0404,3.19919,9.89892,50.71,FALSE,-17.199
13980,BJ0404,3.19918,9.87179,50.71,FALSE,-17.199
13981,BJ0404,3.19916,9.84466,50.71,FALSE,-17.199
13982,BJ0404,3.19915,9.81752,50.71,FALSE,-17.199
13983,BJ0404,3.19913,9.79039,50.71,FALSE,-17.199
13984,BJ0404,3.19911,9.76326,50.71,FALSE,-17.199
13985,BJ0404,3.1991,9.73612,50.71,FALSE,-17.199
13986,BJ0404,3.19908,9.70899,50.71,FALSE,-17.199
13987,BJ0404,3.19907,9.68185,50.71,FALSE,-17.199
13988,BJ0404,3.19905,9.65472,50.71,FALSE,-17.199
14084,BJ0404,3.22671,10.11598,50.71,FALSE,-17.199
14085,BJ0404,3.22669,10.08884,50.71,FALSE,-17.199
14086,BJ0404,3.22667,10.06171,50.71,FALSE,-17.199
14087,BJ0404,3.22665,10.03458,50.71,FALSE,-17.199
14088,BJ0404,3.22663,10.00744,50.71,FALSE,-17.199
14089,BJ0404,3.22662,9.98031,50.71,FALSE,-17.199
14090,BJ0404,3.2266,9.95317,50.71,FALSE,-17.199
14091,BJ0404,3.22658,9.92604,50.71,FALSE,-17.199
14092,BJ0404,3.22656,9.89891,50.71,FALSE,-17.199
14093,BJ0404,3.22654,9.87177,50.71,FALSE,-17.199
14094,BJ0404,3.22652,9.84464,50.71,FALSE,-17.199
14095,BJ0404,3.2265,9.81751,50.71,FALSE,-17.199
14096,BJ0404,3.22649,9.79037,50.71,FALSE,-17.199
14097,BJ0404,3.22647,9.76324,50.71,FALSE,-17.199
14098,BJ0404,3.22645,9.7361,50.71,FALSE,-17.199
14099,BJ0404,3.22643,9.70897,50.71,FALSE,-17.199
14100,BJ0404,3.22641,9.68184,50.71,FALSE,-17.199
14101,BJ0404,3.22639,9.6547,50.71,FALSE,-17.199
14191,BJ0404,3.25409,10.11596,50.71,FALSE,-17.199
14192,BJ0404,3.25407,10.08882,50.71,FALSE,-17.199
14193,BJ0404,3.25405,10.06169,50.71,FALSE,-17.199
14194,BJ0404,3.25403,10.03456,50.71,FALSE,-17.199
14195,BJ0404,3.25401,10.00742,50.71,FALSE,-17.199
14196,BJ0404,3.25399,9.98029,50.71,FALSE,-17.199
14197,BJ0404,3.25397,9.95316,50.71,FALSE,-17.199
14198,BJ0404,3.25394,9.92602,50.71,FALSE,-17.199
14199,BJ0404,3.25392,9.89889,50.71,FALSE,-17.199
14200,BJ0404,3.2539,9.87175,50.71,FALSE,-17.199
14201,BJ0404,3.25388,9.84462,50.71,FALSE,-17.199
14202,BJ0404,3.25386,9.81749,50.71,FALSE,-17.199
14203,BJ0404,3.25384,9.79035,50.71,FALSE,-17.199
14204,BJ0404,3.25382,9.76322,50.71,FALSE,-17.199
14205,BJ0404,3.2538,9.73609,50.71,FALSE,-17.199
14206,BJ0404,3.25378,9.70895,50.71,FALSE,-17.199
14207,BJ0404,3.25376,9.68182,50.71,FALSE,-17.199
14208,BJ0404,3.25374,9.65468,50.71,FALSE,-17.199
14210,BJ0404,3.25372,9.62755,50.71,FALSE,-17.199
14289,BJ0404,3.28148,10.11593,50.71,FALSE,-17.199
14290,BJ0404,3.28145,10.0888,50.71,FALSE,-17.199
14291,BJ0404,3.28143,10.06167,50.71,FALSE,-17.199
14292,BJ0404,3.2814,10.03453,50.71,FALSE,-17.199
14293,BJ0404,3.28138,10.0074,50.71,FALSE,-17.199
14294,BJ0404,3.28136,9.98027,50.71,FALSE,-17.199
14295,BJ0404,3.28133,9.95313,50.71,FALSE,-17.199
14296,BJ0404,3.28131,9.926,50.71,FALSE,-17.199
14297,BJ0404,3.28129,9.89887,50.71,FALSE,-17.199
14298,BJ0404,3.28127,9.87173,50.71,FALSE,-17.199
14299,BJ0404,3.28124,9.8446,50.71,FALSE,-17.199
14300,BJ0404,3.28122,9.81747,50.71,FALSE,-17.199
14301,BJ0404,3.2812,9.79033,50.71,FALSE,-17.199
14302,BJ0404,3.28117,9.7632,50.71,FALSE,-17.199
14303,BJ0404,3.28115,9.73606,50.71,FALSE,-17.199
14304,BJ0404,3.28113,9.70893,50.71,FALSE,-17.199
14305,BJ0404,3.28111,9.6818,50.71,FALSE,-17.199
14306,BJ0404,3.28108,9.65466,50.71,FALSE,-17.199
14378,BJ0404,3.30886,10.11591,50.71,FALSE,-17.199
14379,BJ0404,3.30883,10.08878,50.71,FALSE,-17.199
14380,BJ0404,3.30881,10.06164,50.71,FALSE,-17.199
14381,BJ0404,3.30878,10.03451,50.71,FALSE,-17.199
14382,BJ0404,3.30876,10.00738,50.71,FALSE,-17.199
14383,BJ0404,3.30873,9.98024,50.71,FALSE,-17.199
14384,BJ0404,3.3087,9.95311,50.71,FALSE,-17.199
14385,BJ0404,3.30868,9.92598,50.71,FALSE,-17.199
14386,BJ0404,3.30865,9.89884,50.48,FALSE,-17.199
14387,BJ0404,3.30863,9.87171,50.71,FALSE,-17.199
14388,BJ0404,3.3086,9.84458,50.71,FALSE,-17.199
14389,BJ0404,3.30858,9.81744,50.71,FALSE,-17.199
14390,BJ0404,3.30855,9.79031,50.71,FALSE,-17.199
14391,BJ0404,3.30853,9.76317,50.71,FALSE,-17.199
14392,BJ0404,3.3085,9.73604,50.71,FALSE,-17.199
14393,BJ0404,3.30848,9.70891,50.71,FALSE,-17.199
14394,BJ0404,3.30845,9.68177,50.71,FALSE,-17.199
14395,BJ0404,3.30843,9.65464,50.71,FALSE,-17.199
14463,BJ0404,3.33627,10.14301,50.71,FALSE,-17.199
14465,BJ0404,3.33624,10.11588,50.12,FALSE,-17.199
14466,BJ0404,3.33621,10.08875,50.71,FALSE,-17.199
14467,BJ0404,3.33618,10.06162,50.71,FALSE,-17.199
14468,BJ0404,3.33616,10.03448,50.71,FALSE,-17.199
14469,BJ0404,3.33613,10.00735,50.71,FALSE,-17.199
14470,BJ0404,3.3361,9.98022,50.71,FALSE,-17.199
14471,BJ0404,3.33607,9.95308,50.71,FALSE,-17.199
14472,BJ0404,3.33605,9.92595,50.71,FALSE,-17.199
14473,BJ0404,3.33602,9.89882,50.71,FALSE,-17.199
14474,BJ0404,3.33599,9.87168,50.71,FALSE,-17.199
14475,BJ0404,3.33596,9.84455,50.71,FALSE,-17.199
14476,BJ0404,3.33594,9.81742,50.71,FALSE,-17.199
14477,BJ0404,3.33591,9.79028,50.71,FALSE,-17.199
14478,BJ0404,3.33588,9.76315,50.71,FALSE,-17.199
14479,BJ0404,3.33585,9.73601,50.71,FALSE,-17.199
14480,BJ0404,3.33583,9.70888,50.71,FALSE,-17.199
14481,BJ0404,3.3358,9.68175,50.71,FALSE,-17.199
14482,BJ0404,3.33577,9.65461,50.71,FALSE,-17.199
14551,BJ0404,3.36368,10.17012,50.71,FALSE,-17.199
14553,BJ0404,3.36365,10.14299,50.43,FALSE,-17.199
14554,BJ0404,3.36362,10.11585,49.99,FALSE,-17.199
14555,BJ0404,3.36359,10.08872,50.33,FALSE,-17.199
14556,BJ0404,3.36356,10.06159,49.77,FALSE,-17.199
14557,BJ0404,3.36353,10.03445,50.71,FALSE,-17.199
14558,BJ0404,3.3635,10.00732,50.45,FALSE,-17.199
14559,BJ0404,3.36347,9.98019,50.71,FALSE,-17.199
14560,BJ0404,3.36344,9.95305,50.71,FALSE,-17.199
14561,BJ0404,3.36341,9.92592,50.71,FALSE,-17.199
14562,BJ0404,3.36338,9.89879,50.71,FALSE,-17.199
14563,BJ0404,3.36335,9.87165,50.71,FALSE,-17.199
14564,BJ0404,3.36332,9.84452,50.71,FALSE,-17.199
14565,BJ0404,3.36329,9.81739,50.71,FALSE,-17.199
14566,BJ0404,3.36318,9.70885,50.71,FALSE,-17.199
14567,BJ0404,3.36315,9.68172,49.82,FALSE,-17.199
14635,BJ0404,3.39107,10.17009,50.71,FALSE,-17.199
14637,BJ0404,3.39104,10.14295,50.71,FALSE,-17.199
14638,BJ0404,3.39101,10.11582,50.71,FALSE,-17.199
14639,BJ0404,3.39097,10.08869,47.69,FALSE,-17.199
14640,BJ0404,3.39094,10.06156,50.71,FALSE,-17.199
14641,BJ0404,3.39091,10.03442,50.71,FALSE,-17.199
14642,BJ0404,3.39088,10.00729,50.71,FALSE,-17.199
14643,BJ0404,3.39084,9.98016,50.71,FALSE,-17.199
14644,BJ0404,3.39081,9.95302,50.71,FALSE,-17.199
14645,BJ0404,3.39078,9.92589,50.71,FALSE,-17.199
14646,BJ0404,3.39075,9.89876,50.51,FALSE,-17.199
14647,BJ0404,3.39071,9.87162,50.21,FALSE,-17.199
14648,BJ0404,3.39068,9.84449,50.71,FALSE,-17.199
14715,BJ0404,3.41846,10.17005,50.71,FALSE,-17.199
14717,BJ0404,3.41842,10.14292,48.83,FALSE,-17.199
14718,BJ0404,3.41839,10.11579,47.36,FALSE,-17.199
14719,BJ0404,3.4183500000000002,10.08865,50.71,FALSE,-17.199
14720,BJ0404,3.41832,10.06152,50.71,FALSE,-17.199
14721,BJ0404,3.41828,10.03439,50.71,FALSE,-17.199
14722,BJ0404,3.41825,10.00726,50.71,FALSE,-17.199
14723,BJ0404,3.41821,9.98012,52.38,FALSE,-17.199
14724,BJ0404,3.41818,9.95299,50.71,FALSE,-17.199
14725,BJ0404,3.41815,9.92586,50.71,FALSE,-17.199
14726,BJ0404,3.41811,9.89872,50.71,FALSE,-17.199
14727,BJ0404,3.41808,9.87159,49.85,FALSE,-17.199
14728,BJ0404,3.41804,9.84446,49.94,FALSE,-17.199
14796,BJ0404,3.44581,10.14288,48.7,FALSE,-17.199
14797,BJ0404,3.44577,10.11575,42.66,FALSE,-17.199
14798,BJ0404,3.44573,10.08862,50.71,FALSE,-17.199
14799,BJ0404,3.4457,10.06149,49.77,FALSE,-17.199
14800,BJ0404,3.44566,10.03435,50.01,FALSE,-17.199
14801,BJ0404,3.44562,10.00722,50.04,FALSE,-17.199
14802,BJ0404,3.44559,9.98009,51.43,FALSE,-17.199
14803,BJ0404,3.44555,9.95295,50.71,FALSE,-17.199
14804,BJ0404,3.44551,9.92582,50.71,FALSE,-17.199
14805,BJ0404,3.44548,9.89869,50.71,FALSE,-17.199
14806,BJ0404,3.44544,9.87156,45.68,FALSE,-17.199
14807,BJ0404,3.4454,9.84442,42.32,FALSE,-17.199
14874,BJ0404,3.4731900000000002,10.14285,41.9,FALSE,-17.199
14876,BJ0404,3.47315,10.11571,40.64,FALSE,-17.199
14877,BJ0404,3.47311,10.08858,49.8,FALSE,-17.199
14878,BJ0404,3.47307,10.06145,49.8,FALSE,-17.199
14879,BJ0404,3.47303,10.03432,46.57,FALSE,-17.199
14880,BJ0404,3.473,10.00718,45.32,FALSE,-17.199
14881,BJ0404,3.47296,9.98005,50.71,FALSE,-17.199
14882,BJ0404,3.47292,9.95292,50.71,FALSE,-17.199
14883,BJ0404,3.47288,9.92578,50.71,FALSE,-17.199
14884,BJ0404,3.47284,9.89865,48.7,FALSE,-17.199
14885,BJ0404,3.4728,9.87152,49.37,FALSE,-17.199
14951,BJ0404,3.50054,10.11567,40.64,FALSE,-17.199
14952,BJ0404,3.50049,10.08854,40.64,FALSE,-17.199
14953,BJ0404,3.50045,10.06141,40.64,FALSE,-17.199
14954,BJ0404,3.50041,10.03428,40.64,FALSE,-17.199
14955,BJ0404,3.50037,10.00714,42.42,FALSE,-17.199
14956,BJ0404,3.50033,9.98001,48.2,FALSE,-17.199
14957,BJ0404,3.50029,9.95288,49.28,FALSE,-17.199
14958,BJ0404,3.50024,9.92574,48.83,FALSE,-17.199
14959,BJ0404,3.5002,9.89861,46.44,FALSE,-17.199
14960,BJ0404,3.50016,9.87148,44.52,FALSE,-17.199
14961,BJ0404,3.50012,9.84435,40.64,FALSE,-17.199
15022,BJ0404,3.52792,10.11563,40.64,FALSE,-17.199
15023,BJ0404,3.52787,10.0885,40.64,FALSE,-17.199
15024,BJ0404,3.52783,10.06137,49.82,FALSE,-17.199
15025,BJ0404,3.52779,10.03423,40.64,FALSE,-17.199
15026,BJ0404,3.52774,10.0071,42.08,FALSE,-17.199
15027,BJ0404,3.5277,9.97997,45.22,FALSE,-17.199
15028,BJ0404,3.52765,9.95284,50.71,FALSE,-17.199
15029,BJ0404,3.52761,9.9257,49.59,FALSE,-17.199
15030,BJ0404,3.52757,9.89857,45.68,FALSE,-17.199
15031,BJ0404,3.52752,9.87144,40.64,FALSE,-17.199
15087,BJ0404,3.5553,10.11559,40.64,FALSE,-17.199
15089,BJ0404,3.55525,10.08845,40.64,FALSE,-17.199
15090,BJ0404,3.55521,10.06132,40.64,FALSE,-17.199
15091,BJ0404,3.55516,10.03419,40.64,FALSE,-17.199
15092,BJ0404,3.55511,10.00706,41.9,FALSE,-17.199
15093,BJ0404,3.55507,9.97992,44.9,FALSE,-17.199
15094,BJ0404,3.55502,9.95279,43.52,FALSE,-17.199
15095,BJ0404,3.55498,9.92566,44.96,FALSE,-17.199
15096,BJ0404,3.55493,9.89853,49.8,FALSE,-17.199
15097,BJ0404,3.55489,9.87139,46.01,FALSE,-17.199
15148,BJ0404,3.58263,10.08841,40.64,FALSE,-17.199
15149,BJ0404,3.58258,10.06127,40.64,FALSE,-17.199
15150,BJ0404,3.58253,10.03414,40.64,FALSE,-17.199
15151,BJ0404,3.58249,10.00701,41.27,FALSE,-17.199
15152,BJ0404,3.58244,9.97988,44.96,FALSE,-17.199
15153,BJ0404,3.58239,9.95274,46.98,FALSE,-17.199
15154,BJ0404,3.58234,9.92561,49.45,FALSE,-17.199
15200,BJ0404,3.61001,10.08836,40.64,FALSE,-17.199
15201,BJ0404,3.60996,10.06122,40.64,FALSE,-17.199
15202,BJ0404,3.60991,10.03409,40.64,FALSE,-17.199
15203,BJ0404,3.60986,10.00696,41.9,FALSE,-17.199
15204,BJ0404,3.60981,9.97983,47.36,FALSE,-17.199
15205,BJ0404,3.60976,9.9527,46.94,FALSE,-17.199
9780,BJ0405,2.54306,9.4374,47.56,FALSE,-14.306
9783,BJ0405,2.5431,9.41027,50.73,FALSE,-14.306
9784,BJ0405,2.54313,9.38314,52.91,FALSE,-14.306
9785,BJ0405,2.54317,9.356,53.61,FALSE,-14.306
9786,BJ0405,2.54321,9.32887,53.61,FALSE,-14.306
9787,BJ0405,2.54324,9.30174,53.61,FALSE,-14.306
9788,BJ0405,2.54328,9.2746,53.61,FALSE,-14.306
9790,BJ0405,2.54331,9.24747,51.93,FALSE,-14.306
10032,BJ0405,2.57036,9.46457,53.61,FALSE,-14.306
10034,BJ0405,2.57039,9.43744,53.61,FALSE,-14.306
10036,BJ0405,2.57042,9.41031,53.61,FALSE,-14.306
10037,BJ0405,2.57046,9.38317,53.61,FALSE,-14.306
10038,BJ0405,2.57049,9.35604,53.61,FALSE,-14.306
10039,BJ0405,2.57052,9.3289,53.61,FALSE,-14.306
10040,BJ0405,2.57056,9.30177,53.61,FALSE,-14.306
10041,BJ0405,2.57059,9.27464,53.61,FALSE,-14.306
10042,BJ0405,2.57062,9.2475,53.61,FALSE,-14.306
10288,BJ0405,2.59772,9.43747,53.61,FALSE,-14.306
10290,BJ0405,2.59775,9.41034,53.61,FALSE,-14.306
10291,BJ0405,2.59778,9.3832,53.61,FALSE,-14.306
10292,BJ0405,2.59781,9.35607,53.61,FALSE,-14.306
10293,BJ0405,2.59784,9.32894,53.61,FALSE,-14.306
10294,BJ0405,2.59787,9.3018,53.61,FALSE,-14.306
10295,BJ0405,2.5979,9.27467,53.61,FALSE,-14.306
10296,BJ0405,2.59794,9.24753,53.61,FALSE,-14.306
10543,BJ0405,2.62504,9.4375,53.61,FALSE,-14.306
10545,BJ0405,2.62507,9.41037,53.61,FALSE,-14.306
10547,BJ0405,2.6251,9.38323,53.61,FALSE,-14.306
10548,BJ0405,2.62513,9.3561,53.61,FALSE,-14.306
10549,BJ0405,2.62516,9.32897,53.61,FALSE,-14.306
10550,BJ0405,2.62519,9.30183,53.61,FALSE,-14.306
10551,BJ0405,2.62522,9.2747,53.61,FALSE,-14.306
10553,BJ0405,2.62525,9.24756,43.54,FALSE,-14.306
10805,BJ0405,2.6524,9.4104,53.61,FALSE,-14.306
10807,BJ0405,2.65243,9.38326,53.61,FALSE,-14.306
10809,BJ0405,2.65245,9.35613,53.61,FALSE,-14.306
10810,BJ0405,2.65248,9.32899,53.61,FALSE,-14.306
10811,BJ0405,2.65251,9.30186,53.61,FALSE,-14.306
10812,BJ0405,2.65253,9.27472,53.61,FALSE,-14.306
11061,BJ0405,2.67975,9.38329,53.61,FALSE,-14.306
11063,BJ0405,2.67977,9.35615,53.61,FALSE,-14.306
11064,BJ0405,2.6798,9.32902,53.61,FALSE,-14.306
11065,BJ0405,2.67982,9.30188,53.61,FALSE,-14.306
11066,BJ0405,2.67985,9.27475,53.61,FALSE,-14.306
11307,BJ0405,2.70705,9.41045,53.61,FALSE,-14.306
11309,BJ0405,2.70707,9.38331,53.61,FALSE,-14.306
11311,BJ0405,2.70709,9.35618,53.61,FALSE,-14.306
11312,BJ0405,2.70712,9.3290400000000009,53.61,FALSE,-14.306
11313,BJ0405,2.70714,9.30191,53.61,FALSE,-14.306
11314,BJ0405,2.70716,9.27477,53.61,FALSE,-14.306
11550,BJ0405,2.73437,9.41047,53.61,FALSE,-14.306
11552,BJ0405,2.73439,9.38333,53.61,FALSE,-14.306
11554,BJ0405,2.73442,9.3562,53.61,FALSE,-14.306
11556,BJ0405,2.73444,9.32906,52.77,FALSE,-14.306
11558,BJ0405,2.73446,9.30193,53.61,FALSE,-14.306
11560,BJ0405,2.73448,9.27479,53.61,FALSE,-14.306
11781,BJ0405,2.76168,9.43762,53.61,FALSE,-14.306
11784,BJ0405,2.7617,9.41049,53.61,FALSE,-14.306
11787,BJ0405,2.76172,9.38335,53.61,FALSE,-14.306
8998,BJ0405,2.46117,9.38302,53.61,FALSE,-14.306
9000,BJ0405,2.46121,9.35589,52.84,FALSE,-14.306
9002,BJ0405,2.46125,9.32875,43.54,FALSE,-14.306
9254,BJ0405,2.48845,9.4102,53.61,FALSE,-14.306
9256,BJ0405,2.48849,9.38306,53.61,FALSE,-14.306
9258,BJ0405,2.48853,9.35593,53.61,FALSE,-14.306
9259,BJ0405,2.48857,9.3288,53.61,FALSE,-14.306
9261,BJ0405,2.48861,9.30166,49.41,FALSE,-14.306
9513,BJ0405,2.51574,9.43737,44.1,FALSE,-14.306
9515,BJ0405,2.51577,9.41023,49.58,FALSE,-14.306
9517,BJ0405,2.51581,9.3831,53.61,FALSE,-14.306
9518,BJ0405,2.51585,9.35597,53.61,FALSE,-14.306
9519,BJ0405,2.51589,9.32883,53.61,FALSE,-14.306
9520,BJ0405,2.51592,9.3017,52.35,FALSE,-14.306
9522,BJ0405,2.51596,9.27457,48.57,FALSE,-14.306
11760,BJ0406,2.76143,9.79036,63.6,FALSE,-4.308
11762,BJ0406,2.76145,9.76323,63.52,FALSE,-4.308
11764,BJ0406,2.76147,9.7361,53.54,FALSE,-4.308
11766,BJ0406,2.7614899999999998,9.70896,63.52,FALSE,-4.308
11768,BJ0406,2.76151,9.68183,63.52,FALSE,-4.308
11770,BJ0406,2.76153,9.65469,63.52,FALSE,-4.308
11772,BJ0406,2.76155,9.62756,63.52,FALSE,-4.308
11957,BJ0406,2.78879,9.79038,63.6,FALSE,-4.308
11959,BJ0406,2.78881,9.76325,59.58,FALSE,-4.308
11960,BJ0406,2.78882,9.73611,63.6,FALSE,-4.308
11961,BJ0406,2.78884,9.70898,63.6,FALSE,-4.308
11962,BJ0406,2.78886,9.68185,63.6,FALSE,-4.308
11963,BJ0406,2.78887,9.65471,63.6,FALSE,-4.308
11964,BJ0406,2.78889,9.62758,63.6,FALSE,-4.308
11966,BJ0406,2.78891,9.60044,63.6,FALSE,-4.308
11968,BJ0406,2.78893,9.57331,63.6,FALSE,-4.308
11970,BJ0406,2.78894,9.54618,63.6,FALSE,-4.308
12121,BJ0406,2.81613,9.81753,63.52,FALSE,-4.308
12123,BJ0406,2.81615,9.7904,63.6,FALSE,-4.308
12124,BJ0406,2.81616,9.76326,63.6,FALSE,-4.308
12125,BJ0406,2.81618,9.73613,63.26,FALSE,-4.308
12126,BJ0406,2.81619,9.709,63.6,FALSE,-4.308
12127,BJ0406,2.81621,9.68186,63.6,FALSE,-4.308
12128,BJ0406,2.81622,9.65473,63.6,FALSE,-4.308
12129,BJ0406,2.81623,9.62759,63.6,FALSE,-4.308
12130,BJ0406,2.81625,9.60046,63.6,FALSE,-4.308
12131,BJ0406,2.81626,9.57333,63.6,FALSE,-4.308
12132,BJ0406,2.81628,9.54619,63.6,FALSE,-4.308
12134,BJ0406,2.81629,9.51906,63.6,FALSE,-4.308
12137,BJ0406,2.81631,9.49192,63.6,FALSE,-4.308
12139,BJ0406,2.81632,9.46479,63.6,FALSE,-4.308
12273,BJ0406,2.84349,9.81755,63.6,FALSE,-4.308
12274,BJ0406,2.8435,9.79041,63.6,FALSE,-4.308
12275,BJ0406,2.84351,9.76328,63.6,FALSE,-4.308
12276,BJ0406,2.84353,9.73614,63.6,FALSE,-4.308
12277,BJ0406,2.84354,9.70901,63.6,FALSE,-4.308
12278,BJ0406,2.84355,9.68188,63.6,FALSE,-4.308
12279,BJ0406,2.84356,9.65474,63.6,FALSE,-4.308
12280,BJ0406,2.84358,9.62761,63.13,FALSE,-4.308
12281,BJ0406,2.84359,9.60047,63.6,FALSE,-4.308
12282,BJ0406,2.8436,9.57334,63.6,FALSE,-4.308
12283,BJ0406,2.84361,9.5462,63.6,FALSE,-4.308
12284,BJ0406,2.84363,9.51907,63.6,FALSE,-4.308
12285,BJ0406,2.84364,9.49194,63.6,FALSE,-4.308
12286,BJ0406,2.84365,9.4648,63.6,FALSE,-4.308
12288,BJ0406,2.84366,9.43767,63.6,FALSE,-4.308
12290,BJ0406,2.84368,9.41053,63.6,FALSE,-4.308
12292,BJ0406,2.84369,9.3834,63.6,FALSE,-4.308
12415,BJ0406,2.87085,9.81756,63.6,FALSE,-4.308
12416,BJ0406,2.87086,9.79042,63.6,FALSE,-4.308
12417,BJ0406,2.87087,9.76329,63.6,FALSE,-4.308
12418,BJ0406,2.87088,9.73616,63.6,FALSE,-4.308
12419,BJ0406,2.87089,9.70902,63.6,FALSE,-4.308
12420,BJ0406,2.8709,9.68189,63.6,FALSE,-4.308
12421,BJ0406,2.87091,9.65475,63.6,FALSE,-4.308
12422,BJ0406,2.87092,9.62762,63.6,FALSE,-4.308
12423,BJ0406,2.87093,9.60048,63.6,FALSE,-4.308
12424,BJ0406,2.87094,9.57335,63.6,FALSE,-4.308
12425,BJ0406,2.87095,9.54622,63.6,FALSE,-4.308
12426,BJ0406,2.87096,9.51908,63.6,FALSE,-4.308
12427,BJ0406,2.87097,9.49195,63.6,FALSE,-4.308
12428,BJ0406,2.87098,9.46481,63.6,FALSE,-4.308
12429,BJ0406,2.87099,9.43768,63.6,FALSE,-4.308
12430,BJ0406,2.871,9.41054,63.6,FALSE,-4.308
12431,BJ0406,2.87101,9.38341,63.6,FALSE,-4.308
12548,BJ0406,2.8982,9.8447,63.6,FALSE,-4.308
12550,BJ0406,2.89821,9.81757,63.6,FALSE,-4.308
12551,BJ0406,2.89821,9.79043,63.6,FALSE,-4.308
12552,BJ0406,2.89822,9.7633,63.6,FALSE,-4.308
12553,BJ0406,2.89823,9.73616,63.6,FALSE,-4.308
12554,BJ0406,2.89824,9.70903,63.6,FALSE,-4.308
12555,BJ0406,2.89825,9.6819,63.6,FALSE,-4.308
12556,BJ0406,2.89825,9.65476,63.6,FALSE,-4.308
12557,BJ0406,2.89826,9.62763,61.93,FALSE,-4.308
12558,BJ0406,2.89827,9.60049,63.6,FALSE,-4.308
12559,BJ0406,2.89828,9.57336,63.6,FALSE,-4.308
12560,BJ0406,2.89829,9.54622,63.6,FALSE,-4.308
12561,BJ0406,2.89829,9.51909,63.6,FALSE,-4.308
12562,BJ0406,2.8983,9.49196,63.6,FALSE,-4.308
12563,BJ0406,2.89831,9.46482,63.6,FALSE,-4.308
12564,BJ0406,2.89832,9.43769,63.6,FALSE,-4.308
12565,BJ0406,2.89833,9.41055,63.6,FALSE,-4.308
12566,BJ0406,2.89833,9.38342,61.09,FALSE,-4.308
12568,BJ0406,2.89834,9.35628,63.6,FALSE,-4.308
12679,BJ0406,2.92556,9.84471,63.6,FALSE,-4.308
12680,BJ0406,2.92556,9.81757,63.6,FALSE,-4.308
12681,BJ0406,2.92557,9.79044,63.6,FALSE,-4.308
12682,BJ0406,2.92558,9.76331,63.6,FALSE,-4.308
12683,BJ0406,2.92558,9.73617,63.6,FALSE,-4.308
12684,BJ0406,2.92559,9.70904,63.6,FALSE,-4.308
12685,BJ0406,2.92559,9.6819,63.6,FALSE,-4.308
12686,BJ0406,2.9256,9.65477,63.6,FALSE,-4.308
12687,BJ0406,2.92561,9.62763,63.6,FALSE,-4.308
12688,BJ0406,2.92561,9.6005,63.6,FALSE,-4.308
12689,BJ0406,2.92562,9.57337,63.6,FALSE,-4.308
12690,BJ0406,2.92562,9.54623,63.6,FALSE,-4.308
12691,BJ0406,2.92563,9.5191,63.6,FALSE,-4.308
12692,BJ0406,2.92563,9.49196,63.6,FALSE,-4.308
12693,BJ0406,2.92564,9.46483,63.6,FALSE,-4.308
12694,BJ0406,2.92565,9.43769,63.6,FALSE,-4.308
12695,BJ0406,2.92565,9.41056,63.6,FALSE,-4.308
12696,BJ0406,2.92566,9.38342,63.6,FALSE,-4.308
12697,BJ0406,2.92566,9.35629,63.6,FALSE,-4.308
12699,BJ0406,2.92567,9.32915,63.6,FALSE,-4.308
12813,BJ0406,2.95292,9.84471,63.6,FALSE,-4.308
12814,BJ0406,2.95292,9.81758,63.6,FALSE,-4.308
12815,BJ0406,2.95293,9.79044,63.6,FALSE,-4.308
12816,BJ0406,2.95293,9.76331,63.6,FALSE,-4.308
12817,BJ0406,2.95293,9.73618,63.6,FALSE,-4.308
12818,BJ0406,2.95294,9.70904,63.6,FALSE,-4.308
12819,BJ0406,2.95294,9.68191,63.6,FALSE,-4.308
12820,BJ0406,2.95294,9.65477,63.6,FALSE,-4.308
12821,BJ0406,2.95295,9.62764,63.6,FALSE,-4.308
12822,BJ0406,2.95295,9.60051,63.6,FALSE,-4.308
12823,BJ0406,2.95296,9.57337,63.6,FALSE,-4.308
12824,BJ0406,2.95296,9.54624,63.6,FALSE,-4.308
12825,BJ0406,2.95296,9.5191,63.6,FALSE,-4.308
12826,BJ0406,2.95297,9.49197,63.6,FALSE,-4.308
12827,BJ0406,2.95297,9.46483,63.6,FALSE,-4.308
12828,BJ0406,2.95297,9.4377,63.6,FALSE,-4.308
12829,BJ0406,2.95298,9.41056,63.6,FALSE,-4.308
12830,BJ0406,2.95298,9.38343,63.6,FALSE,-4.308
12831,BJ0406,2.95299,9.35629,63.07,FALSE,-4.308
12832,BJ0406,2.95299,9.32916,63.6,FALSE,-4.308
12945,BJ0406,2.98028,9.84472,63.6,FALSE,-4.308
12947,BJ0406,2.98028,9.81758,63.6,FALSE,-4.308
12948,BJ0406,2.98028,9.79045,63.6,FALSE,-4.308
12949,BJ0406,2.98028,9.76331,63.6,FALSE,-4.308
12950,BJ0406,2.98028,9.73618,63.6,FALSE,-4.308
12951,BJ0406,2.98029,9.70904,63.6,FALSE,-4.308
12952,BJ0406,2.98029,9.68191,63.6,FALSE,-4.308
12953,BJ0406,2.98029,9.65478,63.6,FALSE,-4.308
12954,BJ0406,2.98029,9.62764,63.6,FALSE,-4.308
12955,BJ0406,2.98029,9.60051,63.6,FALSE,-4.308
12956,BJ0406,2.98029,9.57337,63.6,FALSE,-4.308
12957,BJ0406,2.9803,9.54624,63.6,FALSE,-4.308
12958,BJ0406,2.9803,9.5191,63.6,FALSE,-4.308
12959,BJ0406,2.9803,9.49197,63.6,FALSE,-4.308
12960,BJ0406,2.9803,9.46484,63.6,FALSE,-4.308
12961,BJ0406,2.9803,9.4377,63.6,FALSE,-4.308
12962,BJ0406,2.9803,9.41057,63.6,FALSE,-4.308
12963,BJ0406,2.98031,9.38343,63.6,FALSE,-4.308
12964,BJ0406,2.98031,9.3563,63.6,FALSE,-4.308
12965,BJ0406,2.98031,9.32916,63.6,FALSE,-4.308
13087,BJ0406,3.00764,9.81758,63.6,FALSE,-4.308
13088,BJ0406,3.00764,9.79045,63.6,FALSE,-4.308
13089,BJ0406,3.00764,9.76331,63.6,FALSE,-4.308
13090,BJ0406,3.00764,9.73618,63.6,FALSE,-4.308
13091,BJ0406,3.00764,9.70905,63.6,FALSE,-4.308
13092,BJ0406,3.00764,9.68191,63.6,FALSE,-4.308
13093,BJ0406,3.00763,9.65478,63.6,FALSE,-4.308
13094,BJ0406,3.00763,9.62764,63.6,FALSE,-4.308
13095,BJ0406,3.00763,9.60051,63.6,FALSE,-4.308
13096,BJ0406,3.00763,9.57337,63.6,FALSE,-4.308
13097,BJ0406,3.00763,9.54624,63.6,FALSE,-4.308
13098,BJ0406,3.00763,9.51911,63.6,FALSE,-4.308
13099,BJ0406,3.00763,9.49197,63.6,FALSE,-4.308
13100,BJ0406,3.00763,9.46484,63.35,FALSE,-4.308
13101,BJ0406,3.00763,9.4377,63.6,FALSE,-4.308
13102,BJ0406,3.00763,9.41057,63.6,FALSE,-4.308
13103,BJ0406,3.00763,9.38343,63.6,FALSE,-4.308
13104,BJ0406,3.00763,9.3563,63.6,FALSE,-4.308
13105,BJ0406,3.00763,9.32916,62.83,FALSE,-4.308
13226,BJ0406,3.035,9.81758,63.6,FALSE,-4.308
13228,BJ0406,3.03499,9.79045,63.6,FALSE,-4.308
13229,BJ0406,3.03499,9.76331,63.6,FALSE,-4.308
13230,BJ0406,3.03499,9.73618,63.6,FALSE,-4.308
13231,BJ0406,3.03499,9.70904,63.6,FALSE,-4.308
13232,BJ0406,3.03498,9.68191,63.6,FALSE,-4.308
13233,BJ0406,3.03498,9.65478,63.6,FALSE,-4.308
13234,BJ0406,3.03498,9.62764,63.6,FALSE,-4.308
13235,BJ0406,3.03497,9.60051,63.6,FALSE,-4.308
13236,BJ0406,3.03497,9.57337,63.6,FALSE,-4.308
13237,BJ0406,3.03497,9.54624,63.6,FALSE,-4.308
13238,BJ0406,3.03497,9.5191,63.6,FALSE,-4.308
13239,BJ0406,3.03496,9.49197,63.6,FALSE,-4.308
13240,BJ0406,3.03496,9.46483,63.6,FALSE,-4.308
13241,BJ0406,3.03496,9.4377,63.6,FALSE,-4.308
13242,BJ0406,3.03495,9.41057,63.6,FALSE,-4.308
13243,BJ0406,3.03495,9.38343,63.6,FALSE,-4.308
13244,BJ0406,3.03495,9.3563,63.6,FALSE,-4.308
13245,BJ0406,3.03495,9.32916,63.29,FALSE,-4.308
13356,BJ0406,3.06235,9.79044,63.6,FALSE,-4.308
13357,BJ0406,3.06234,9.76331,63.6,FALSE,-4.308
13358,BJ0406,3.06234,9.73617,63.6,FALSE,-4.308
13359,BJ0406,3.06233,9.70904,63.6,FALSE,-4.308
13360,BJ0406,3.06233,9.68191,63.6,FALSE,-4.308
13361,BJ0406,3.06232,9.65477,63.6,FALSE,-4.308
13362,BJ0406,3.06232,9.62764,63.6,FALSE,-4.308
13363,BJ0406,3.06231,9.6005,63.6,FALSE,-4.308
13364,BJ0406,3.06231,9.57337,63.52,FALSE,-4.308
13365,BJ0406,3.0623,9.54623,63.52,FALSE,-4.308
13366,BJ0406,3.0623,9.5191,63.6,FALSE,-4.308
13367,BJ0406,3.06229,9.49197,63.6,FALSE,-4.308
13368,BJ0406,3.06229,9.46483,63.09,FALSE,-4.308
13369,BJ0406,3.06229,9.4377,63.6,FALSE,-4.308
13370,BJ0406,3.06228,9.41056,65.03,FALSE,-4.308
13371,BJ0406,3.06228,9.38343,63.6,FALSE,-4.308
13372,BJ0406,3.06227,9.35629,63.6,FALSE,-4.308
13373,BJ0406,3.06227,9.32916,63.6,FALSE,-4.308
13487,BJ0406,3.08971,9.79044,63.6,FALSE,-4.308
13488,BJ0406,3.0897,9.7633,63.6,FALSE,-4.308
13489,BJ0406,3.08969,9.73617,63.6,FALSE,-4.308
13490,BJ0406,3.08968,9.70903,63.6,FALSE,-4.308
13491,BJ0406,3.08968,9.6819,63.6,FALSE,-4.308
13492,BJ0406,3.08967,9.65477,63.6,FALSE,-4.308
13493,BJ0406,3.08966,9.62763,63.6,FALSE,-4.308
13494,BJ0406,3.08966,9.6005,63.6,FALSE,-4.308
13495,BJ0406,3.08965,9.57336,63.6,FALSE,-4.308
13496,BJ0406,3.08964,9.54623,63.52,FALSE,-4.308
13497,BJ0406,3.08963,9.51909,63.6,FALSE,-4.308
13498,BJ0406,3.08963,9.49196,63.6,FALSE,-4.308
13499,BJ0406,3.08962,9.46482,62.8,FALSE,-4.308
13500,BJ0406,3.08961,9.43769,62.72,FALSE,-4.308
13501,BJ0406,3.08961,9.41056,63.6,FALSE,-4.308
13502,BJ0406,3.0896,9.38342,64.32,FALSE,-4.308
13503,BJ0406,3.08959,9.35629,63.6,FALSE,-4.308
13504,BJ0406,3.08958,9.32915,63.6,FALSE,-4.308
13617,BJ0406,3.11706,9.79043,63.6,FALSE,-4.308
13619,BJ0406,3.11705,9.76329,63.6,FALSE,-4.308
13621,BJ0406,3.11704,9.73616,63.6,FALSE,-4.308
13623,BJ0406,3.11703,9.70903,63.6,FALSE,-4.308
13624,BJ0406,3.11702,9.68189,63.6,FALSE,-4.308
13625,BJ0406,3.11701,9.65476,63.6,FALSE,-4.308
13626,BJ0406,3.11701,9.62762,63.6,FALSE,-4.308
13627,BJ0406,3.117,9.60049,63.6,FALSE,-4.308
13628,BJ0406,3.11699,9.57335,63.6,FALSE,-4.308
13629,BJ0406,3.11698,9.54622,63.6,FALSE,-4.308
13630,BJ0406,3.11697,9.51909,63.6,FALSE,-4.308
13631,BJ0406,3.11696,9.49195,63.52,FALSE,-4.308
13632,BJ0406,3.11695,9.46482,63.6,FALSE,-4.308
13633,BJ0406,3.11694,9.43768,63.6,FALSE,-4.308
13634,BJ0406,3.11693,9.41055,63.6,FALSE,-4.308
13635,BJ0406,3.11692,9.38341,63.6,FALSE,-4.308
13636,BJ0406,3.11691,9.35628,63.6,FALSE,-4.308
13637,BJ0406,3.1169,9.32914,63.6,FALSE,-4.308
13746,BJ0406,3.14438,9.70902,63.6,FALSE,-4.308
13748,BJ0406,3.14437,9.68188,63.6,FALSE,-4.308
13749,BJ0406,3.14436,9.65475,63.6,FALSE,-4.308
13750,BJ0406,3.14435,9.62761,63.6,FALSE,-4.308
13751,BJ0406,3.14434,9.60048,63.6,FALSE,-4.308
13752,BJ0406,3.14432,9.57334,63.6,FALSE,-4.308
13753,BJ0406,3.14431,9.54621,63.6,FALSE,-4.308
13754,BJ0406,3.1443,9.51908,63.6,FALSE,-4.308
13755,BJ0406,3.14429,9.49194,63.6,FALSE,-4.308
13756,BJ0406,3.14428,9.46481,63.52,FALSE,-4.308
13757,BJ0406,3.14427,9.43767,63.6,FALSE,-4.308
13758,BJ0406,3.14426,9.41054,63.6,FALSE,-4.308
13759,BJ0406,3.14425,9.3834,63.6,FALSE,-4.308
13760,BJ0406,3.14423,9.35627,63.6,FALSE,-4.308
13761,BJ0406,3.14422,9.32913,63.6,FALSE,-4.308
13871,BJ0406,3.17172,9.68187,63.6,FALSE,-4.308
13873,BJ0406,3.1717,9.65473,63.6,FALSE,-4.308
13874,BJ0406,3.17169,9.6276,63.6,FALSE,-4.308
13875,BJ0406,3.17168,9.60047,63.6,FALSE,-4.308
13876,BJ0406,3.17166,9.57333,63.6,FALSE,-4.308
13877,BJ0406,3.17165,9.5462,63.6,FALSE,-4.308
13878,BJ0406,3.17164,9.51906,63.6,FALSE,-4.308
13879,BJ0406,3.17162,9.49193,63.52,FALSE,-4.308
13989,BJ0406,3.19905,9.65472,63.6,FALSE,-4.308
13990,BJ0406,3.19903,9.62759,63.6,FALSE,-4.308
13991,BJ0406,3.19902,9.60045,63.6,FALSE,-4.308
13992,BJ0406,3.199,9.57332,63.6,FALSE,-4.308
13993,BJ0406,3.1989899999999998,9.54618,63.6,FALSE,-4.308
13994,BJ0406,3.19897,9.51905,63.6,FALSE,-4.308
14102,BJ0406,3.22639,9.6547,63.6,FALSE,-4.308
14103,BJ0406,3.22638,9.62757,63.6,FALSE,-4.308
14104,BJ0406,3.22636,9.60043,63.6,FALSE,-4.308
14105,BJ0406,3.22634,9.5733,63.52,FALSE,-4.308
14106,BJ0406,3.22632,9.54617,63.6,FALSE,-4.308
14209,BJ0406,3.25374,9.65468,63.6,FALSE,-4.308
14211,BJ0406,3.25372,9.62755,63.6,FALSE,-4.308
14212,BJ0406,3.2537,9.60042,63.6,FALSE,-4.308
9724,BJ0407,2.54151,10.54985,57.88,FALSE,-10.037
9727,BJ0407,2.54155,10.52272,57.88,FALSE,-10.037
9729,BJ0407,2.54159,10.49559,57.88,FALSE,-10.037
9731,BJ0407,2.54163,10.46846,57.88,FALSE,-10.037
9733,BJ0407,2.54167,10.44132,57.88,FALSE,-10.037
9735,BJ0407,2.54171,10.41419,57.88,FALSE,-10.037
9737,BJ0407,2.54175,10.38706,57.88,FALSE,-10.037
9739,BJ0407,2.54179,10.35993,57.88,FALSE,-10.037
9751,BJ0407,2.54221,10.06147,57.88,FALSE,-10.037
9753,BJ0407,2.54225,10.03434,57.88,FALSE,-10.037
9755,BJ0407,2.54229,10.0072,57.88,FALSE,-10.037
9757,BJ0407,2.54233,9.98007,54.92,FALSE,-10.037
10011,BJ0407,2.56966,10.00724,57.6,FALSE,-10.037
5516,BJ0407,2.07681,10.0605,54.1,FALSE,-10.037
5518,BJ0407,2.07689,10.03337,56.44,FALSE,-10.037
5520,BJ0407,2.07697,10.00624,49.25,FALSE,-10.037
5522,BJ0407,2.07704,9.97911,47.81,FALSE,-10.037
5524,BJ0407,2.07712,9.95198,47.81,FALSE,-10.037
5766,BJ0407,2.10419,10.06057,49.25,FALSE,-10.037
5767,BJ0407,2.10426,10.03344,49.64,FALSE,-10.037
5768,BJ0407,2.10434,10.00631,50.49,FALSE,-10.037
5769,BJ0407,2.10441,9.97918,47.81,FALSE,-10.037
5771,BJ0407,2.10449,9.95205,47.81,FALSE,-10.037
6015,BJ0407,2.13149,10.08778,55.35,FALSE,-10.037
6017,BJ0407,2.13156,10.06065,55,FALSE,-10.037
6018,BJ0407,2.13164,10.03352,47.81,FALSE,-10.037
6019,BJ0407,2.13171,10.00639,47.81,FALSE,-10.037
6020,BJ0407,2.13178,9.97926,47.81,FALSE,-10.037
6235,BJ0407,2.15794,10.44054,47.81,FALSE,-10.037
6237,BJ0407,2.15801,10.41341,47.81,FALSE,-10.037
6239,BJ0407,2.15808,10.38628,48.23,FALSE,-10.037
6241,BJ0407,2.15816,10.35915,54.52,FALSE,-10.037
6243,BJ0407,2.15823,10.33202,55.82,FALSE,-10.037
6253,BJ0407,2.15887,10.08785,55.79,FALSE,-10.037
6254,BJ0407,2.15894,10.06072,49.2,FALSE,-10.037
6255,BJ0407,2.15901,10.03359,47.81,FALSE,-10.037
6256,BJ0407,2.15908,10.00646,47.81,FALSE,-10.037
6257,BJ0407,2.15915,9.97933,47.81,FALSE,-10.037
6470,BJ0407,2.1852,10.49487,47.81,FALSE,-10.037
6472,BJ0407,2.18527,10.46774,47.81,FALSE,-10.037
6474,BJ0407,2.18535,10.44061,49.64,FALSE,-10.037
6475,BJ0407,2.18542,10.41348,48.58,FALSE,-10.037
6476,BJ0407,2.18549,10.38635,53.26,FALSE,-10.037
6477,BJ0407,2.18556,10.35922,57.6,FALSE,-10.037
6479,BJ0407,2.18563,10.332090000000001,57.88,FALSE,-10.037
6489,BJ0407,2.18625,10.08792,56.9,FALSE,-10.037
6490,BJ0407,2.18632,10.06079,48.89,FALSE,-10.037
6491,BJ0407,2.18638,10.03366,48.4,FALSE,-10.037
6492,BJ0407,2.18645,10.00652,47.81,FALSE,-10.037
6493,BJ0407,2.18652,9.97939,47.81,FALSE,-10.037
6495,BJ0407,2.18659,9.95226,47.81,FALSE,-10.037
6708,BJ0407,2.21255,10.52207,47.81,FALSE,-10.037
6710,BJ0407,2.21262,10.49494,47.81,FALSE,-10.037
6711,BJ0407,2.21269,10.46781,47.81,FALSE,-10.037
6712,BJ0407,2.21275,10.44068,50.32,FALSE,-10.037
6713,BJ0407,2.21282,10.41355,50.55,FALSE,-10.037
6714,BJ0407,2.21289,10.38642,57.61,FALSE,-10.037
6715,BJ0407,2.21296,10.35929,57.88,FALSE,-10.037
6717,BJ0407,2.21303,10.33216,57.88,FALSE,-10.037
6719,BJ0407,2.21309,10.30503,57.88,FALSE,-10.037
6721,BJ0407,2.21316,10.2779,61.21,FALSE,-10.037
6729,BJ0407,2.21363,10.08798,56.44,FALSE,-10.037
6730,BJ0407,2.21369,10.06085,48.23,FALSE,-10.037
6731,BJ0407,2.21376,10.03372,47.81,FALSE,-10.037
6732,BJ0407,2.21382,10.00659,47.81,FALSE,-10.037
6733,BJ0407,2.21389,9.97946,47.81,FALSE,-10.037
6735,BJ0407,2.21395,9.95233,47.81,FALSE,-10.037
6977,BJ0407,2.23996,10.52214,57.88,FALSE,-10.037
6978,BJ0407,2.24003,10.49501,54.92,FALSE,-10.037
6979,BJ0407,2.2401,10.46788,57.88,FALSE,-10.037
6980,BJ0407,2.24016,10.44075,53.85,FALSE,-10.037
6981,BJ0407,2.24023,10.41362,57.88,FALSE,-10.037
6982,BJ0407,2.24029,10.38649,57.88,FALSE,-10.037
6983,BJ0407,2.24036,10.35936,57.88,FALSE,-10.037
6984,BJ0407,2.24042,10.33223,57.88,FALSE,-10.037
6985,BJ0407,2.24049,10.3051,57.88,FALSE,-10.037
6987,BJ0407,2.24055,10.27796,57.88,FALSE,-10.037
6989,BJ0407,2.24062,10.25083,57.88,FALSE,-10.037
6991,BJ0407,2.24068,10.2237,56.87,FALSE,-10.037
6993,BJ0407,2.24075,10.19657,58.37,FALSE,-10.037
6995,BJ0407,2.24081,10.16944,51.5,FALSE,-10.037
6997,BJ0407,2.24088,10.14231,51.07,FALSE,-10.037
6999,BJ0407,2.24094,10.11518,48.44,FALSE,-10.037
7001,BJ0407,2.241,10.08805,49.48,FALSE,-10.037
7002,BJ0407,2.24107,10.06092,47.81,FALSE,-10.037
7003,BJ0407,2.24113,10.03378,47.81,FALSE,-10.037
7004,BJ0407,2.24119,10.00665,47.81,FALSE,-10.037
7005,BJ0407,2.24126,9.97952,47.81,FALSE,-10.037
7007,BJ0407,2.24132,9.95239,47.81,FALSE,-10.037
7216,BJ0407,2.26738,10.5222,57.88,FALSE,-10.037
7217,BJ0407,2.26744,10.49507,54.92,FALSE,-10.037
7218,BJ0407,2.26751,10.46794,57.88,FALSE,-10.037
7219,BJ0407,2.26757,10.44081,57.88,FALSE,-10.037
7220,BJ0407,2.26763,10.41368,57.88,FALSE,-10.037
7221,BJ0407,2.2677,10.38655,57.6,FALSE,-10.037
7222,BJ0407,2.26776,10.35942,57.88,FALSE,-10.037
7223,BJ0407,2.26782,10.33229,57.88,FALSE,-10.037
7224,BJ0407,2.26789,10.30516,57.88,FALSE,-10.037
7225,BJ0407,2.26795,10.27803,57.88,FALSE,-10.037
7226,BJ0407,2.26801,10.2509,56.11,FALSE,-10.037
7227,BJ0407,2.26807,10.22377,57.09,FALSE,-10.037
7228,BJ0407,2.26814,10.19663,54.03,FALSE,-10.037
7230,BJ0407,2.2682,10.1695,50.07,FALSE,-10.037
7232,BJ0407,2.26826,10.14237,50.11,FALSE,-10.037
7233,BJ0407,2.26832,10.11524,48.08,FALSE,-10.037
7234,BJ0407,2.26838,10.08811,47.81,FALSE,-10.037
7235,BJ0407,2.26844,10.06098,48.15,FALSE,-10.037
7236,BJ0407,2.2685,10.03385,47.81,FALSE,-10.037
7237,BJ0407,2.26856,10.00671,47.81,FALSE,-10.037
7238,BJ0407,2.26863,9.97958,47.81,FALSE,-10.037
7239,BJ0407,2.26869,9.95245,47.81,FALSE,-10.037
7446,BJ0407,2.2948,10.52227,57.88,FALSE,-10.037
7447,BJ0407,2.29486,10.49514,57.88,FALSE,-10.037
7448,BJ0407,2.29492,10.46801,56.62,FALSE,-10.037
7449,BJ0407,2.29498,10.44087,57.88,FALSE,-10.037
7450,BJ0407,2.29504,10.41374,57.88,FALSE,-10.037
7451,BJ0407,2.2951,10.38661,57.88,FALSE,-10.037
7452,BJ0407,2.29516,10.35948,57.88,FALSE,-10.037
7453,BJ0407,2.29522,10.33235,57.88,FALSE,-10.037
7454,BJ0407,2.29528,10.30522,57.88,FALSE,-10.037
7455,BJ0407,2.29534,10.27809,57.88,FALSE,-10.037
7456,BJ0407,2.2954,10.25096,57.6,FALSE,-10.037
7457,BJ0407,2.29546,10.22383,57.88,FALSE,-10.037
7458,BJ0407,2.29552,10.19669,57.58,FALSE,-10.037
7459,BJ0407,2.29558,10.16956,54.07,FALSE,-10.037
7460,BJ0407,2.29564,10.14243,50.55,FALSE,-10.037
7461,BJ0407,2.2957,10.1153,53.43,FALSE,-10.037
7462,BJ0407,2.29576,10.08817,48.07,FALSE,-10.037
7463,BJ0407,2.29582,10.06104,48.38,FALSE,-10.037
7464,BJ0407,2.29588,10.03391,47.81,FALSE,-10.037
7465,BJ0407,2.29594,10.00677,47.81,FALSE,-10.037
7466,BJ0407,2.29599,9.97964,47.81,FALSE,-10.037
7467,BJ0407,2.29605,9.95251,47.81,FALSE,-10.037
7679,BJ0407,2.32221,10.52233,54.92,FALSE,-10.037
7680,BJ0407,2.32227,10.4952,57.88,FALSE,-10.037
7681,BJ0407,2.32233,10.46806,57.88,FALSE,-10.037
7682,BJ0407,2.32239,10.44093,57.88,FALSE,-10.037
7683,BJ0407,2.32245,10.4138,57.88,FALSE,-10.037
7684,BJ0407,2.32251,10.38667,57.88,FALSE,-10.037
7685,BJ0407,2.32256,10.35954,57.88,FALSE,-10.037
7686,BJ0407,2.32262,10.33241,57.88,FALSE,-10.037
7687,BJ0407,2.32268,10.30528,57.88,FALSE,-10.037
7688,BJ0407,2.32274,10.27815,57.88,FALSE,-10.037
7689,BJ0407,2.3228,10.25102,57.88,FALSE,-10.037
7690,BJ0407,2.32285,10.22388,57.88,FALSE,-10.037
7691,BJ0407,2.32291,10.19675,57.4,FALSE,-10.037
7692,BJ0407,2.32297,10.16962,57.64,FALSE,-10.037
7693,BJ0407,2.32303,10.14249,55.27,FALSE,-10.037
7694,BJ0407,2.32308,10.11536,57.63,FALSE,-10.037
7695,BJ0407,2.32314,10.08823,55.19,FALSE,-10.037
7696,BJ0407,2.3232,10.06109,49.36,FALSE,-10.037
7697,BJ0407,2.32325,10.03396,48.09,FALSE,-10.037
7698,BJ0407,2.32331,10.00683,49.82,FALSE,-10.037
7699,BJ0407,2.32336,9.9797,47.81,FALSE,-10.037
7700,BJ0407,2.32342,9.95257,47.81,FALSE,-10.037
7924,BJ0407,2.34963,10.52238,57.88,FALSE,-10.037
7925,BJ0407,2.34969,10.49525,57.88,FALSE,-10.037
7926,BJ0407,2.34974,10.46812,57.88,FALSE,-10.037
7927,BJ0407,2.3498,10.44099,57.88,FALSE,-10.037
7928,BJ0407,2.34985,10.41386,57.88,FALSE,-10.037
7929,BJ0407,2.34991,10.38673,57.88,FALSE,-10.037
7930,BJ0407,2.34997,10.3596,57.88,FALSE,-10.037
7931,BJ0407,2.35002,10.33247,57.88,FALSE,-10.037
7932,BJ0407,2.35008,10.30533,57.88,FALSE,-10.037
7933,BJ0407,2.35013,10.2782,57.88,FALSE,-10.037
7934,BJ0407,2.35019,10.25107,57.88,FALSE,-10.037
7935,BJ0407,2.35024,10.22394,57.88,FALSE,-10.037
7936,BJ0407,2.3503,10.19681,57.88,FALSE,-10.037
7937,BJ0407,2.35035,10.16968,57.88,FALSE,-10.037
7938,BJ0407,2.35041,10.14254,58.61,FALSE,-10.037
7939,BJ0407,2.35046,10.11541,58.49,FALSE,-10.037
7940,BJ0407,2.35052,10.08828,57.64,FALSE,-10.037
7941,BJ0407,2.35057,10.06115,55.13,FALSE,-10.037
7942,BJ0407,2.35063,10.03402,50.86,FALSE,-10.037
7943,BJ0407,2.35068,10.00689,51.16,FALSE,-10.037
7944,BJ0407,2.35073,9.97975,50.68,FALSE,-10.037
7945,BJ0407,2.35079,9.95262,48.87,FALSE,-10.037
7947,BJ0407,2.35084,9.92549,48.44,FALSE,-10.037
8171,BJ0407,2.37705,10.52244,57.88,FALSE,-10.037
8172,BJ0407,2.3771,10.49531,57.88,FALSE,-10.037
8173,BJ0407,2.37715,10.46818,57.88,FALSE,-10.037
8174,BJ0407,2.37721,10.44105,57.88,FALSE,-10.037
8175,BJ0407,2.37726,10.41391,57.88,FALSE,-10.037
8176,BJ0407,2.37732,10.38678,57.88,FALSE,-10.037
8177,BJ0407,2.37737,10.35965,57.88,FALSE,-10.037
8178,BJ0407,2.37742,10.33252,57.88,FALSE,-10.037
8179,BJ0407,2.37748,10.30539,57.88,FALSE,-10.037
8180,BJ0407,2.37753,10.27826,57.88,FALSE,-10.037
8181,BJ0407,2.37758,10.25112,57.88,FALSE,-10.037
8182,BJ0407,2.37764,10.22399,57.88,FALSE,-10.037
8183,BJ0407,2.37769,10.19686,57.88,FALSE,-10.037
8184,BJ0407,2.37774,10.16973,57.88,FALSE,-10.037
8185,BJ0407,2.37779,10.1426,57.88,FALSE,-10.037
8186,BJ0407,2.37785,10.11547,57.88,FALSE,-10.037
8187,BJ0407,2.3779,10.08833,57.88,FALSE,-10.037
8188,BJ0407,2.37795,10.0612,57.61,FALSE,-10.037
8189,BJ0407,2.378,10.03407,56.96,FALSE,-10.037
8190,BJ0407,2.37805,10.00694,54.1,FALSE,-10.037
8191,BJ0407,2.3781,9.97981,49.48,FALSE,-10.037
8192,BJ0407,2.37816,9.95267,48.96,FALSE,-10.037
8194,BJ0407,2.37821,9.92554,48.89,FALSE,-10.037
8420,BJ0407,2.40436,10.57675,57.88,FALSE,-10.037
8422,BJ0407,2.40441,10.549620000000001,57.88,FALSE,-10.037
8424,BJ0407,2.40446,10.52249,57.88,FALSE,-10.037
8425,BJ0407,2.40451,10.49536,57.88,FALSE,-10.037
8426,BJ0407,2.40457,10.46823,57.88,FALSE,-10.037
8427,BJ0407,2.40462,10.4411,57.88,FALSE,-10.037
8428,BJ0407,2.40467,10.41397,57.88,FALSE,-10.037
8429,BJ0407,2.40472,10.38683,57.88,FALSE,-10.037
8430,BJ0407,2.40477,10.3597,57.88,FALSE,-10.037
8431,BJ0407,2.40482,10.33257,57.88,FALSE,-10.037
8432,BJ0407,2.40487,10.30544,57.88,FALSE,-10.037
8433,BJ0407,2.40492,10.27831,57.88,FALSE,-10.037
8434,BJ0407,2.40498,10.25118,57.88,FALSE,-10.037
8435,BJ0407,2.40503,10.22404,57.88,FALSE,-10.037
8436,BJ0407,2.40508,10.19691,57.88,FALSE,-10.037
8437,BJ0407,2.40513,10.16978,57.88,FALSE,-10.037
8438,BJ0407,2.40518,10.14265,58.71,FALSE,-10.037
8439,BJ0407,2.40523,10.11552,58.5,FALSE,-10.037
8440,BJ0407,2.40528,10.08838,56.65,FALSE,-10.037
8441,BJ0407,2.40533,10.06125,55.36,FALSE,-10.037
8442,BJ0407,2.40538,10.03412,53.73,FALSE,-10.037
8443,BJ0407,2.40543,10.00699,49.66,FALSE,-10.037
8444,BJ0407,2.40547,9.97986,49.54,FALSE,-10.037
8446,BJ0407,2.40552,9.95272,48.54,FALSE,-10.037
8691,BJ0407,2.43178,10.57681,57.88,FALSE,-10.037
8693,BJ0407,2.43183,10.54967,57.88,FALSE,-10.037
8695,BJ0407,2.43188,10.52254,57.88,FALSE,-10.037
8696,BJ0407,2.43193,10.49541,57.88,FALSE,-10.037
8697,BJ0407,2.43198,10.46828,57.88,FALSE,-10.037
8698,BJ0407,2.43203,10.44115,57.88,FALSE,-10.037
8699,BJ0407,2.43208,10.41402,57.88,FALSE,-10.037
8700,BJ0407,2.43213,10.38688,57.88,FALSE,-10.037
8701,BJ0407,2.43217,10.35975,57.88,FALSE,-10.037
8702,BJ0407,2.43222,10.33262,57.88,FALSE,-10.037
8703,BJ0407,2.43227,10.30549,57.88,FALSE,-10.037
8704,BJ0407,2.43232,10.27836,57.88,FALSE,-10.037
8705,BJ0407,2.43237,10.25122,57.88,FALSE,-10.037
8706,BJ0407,2.43242,10.22409,57.88,FALSE,-10.037
8707,BJ0407,2.43247,10.19696,57.88,FALSE,-10.037
8708,BJ0407,2.43251,10.16983,57.88,FALSE,-10.037
8709,BJ0407,2.43256,10.1427,58.1,FALSE,-10.037
8710,BJ0407,2.43261,10.11556,54.36,FALSE,-10.037
8711,BJ0407,2.43266,10.08843,53.71,FALSE,-10.037
8712,BJ0407,2.4327,10.0613,51.52,FALSE,-10.037
8713,BJ0407,2.43275,10.03417,48.85,FALSE,-10.037
8714,BJ0407,2.4328,10.00704,48.65,FALSE,-10.037
8715,BJ0407,2.43284,9.9799,52.12,FALSE,-10.037
8948,BJ0407,2.45925,10.54972,57.88,FALSE,-10.037
8949,BJ0407,2.4593,10.52259,57.88,FALSE,-10.037
8950,BJ0407,2.45934,10.49546,57.88,FALSE,-10.037
8951,BJ0407,2.45939,10.46833,57.88,FALSE,-10.037
8952,BJ0407,2.45944,10.4412,57.88,FALSE,-10.037
8953,BJ0407,2.45948,10.41406,57.88,FALSE,-10.037
8954,BJ0407,2.45953,10.38693,57.88,FALSE,-10.037
8955,BJ0407,2.45958,10.3598,57.88,FALSE,-10.037
8956,BJ0407,2.45962,10.33267,57.88,FALSE,-10.037
8957,BJ0407,2.45967,10.30554,57.88,FALSE,-10.037
8958,BJ0407,2.45972,10.2784,57.88,FALSE,-10.037
8960,BJ0407,2.45976,10.25127,57.88,FALSE,-10.037
8962,BJ0407,2.45981,10.22414,57.88,FALSE,-10.037
8964,BJ0407,2.45985,10.19701,57.88,FALSE,-10.037
8965,BJ0407,2.4599,10.16988,57.88,FALSE,-10.037
8967,BJ0407,2.45994,10.14274,57.61,FALSE,-10.037
8969,BJ0407,2.45999,10.11561,57.88,FALSE,-10.037
8970,BJ0407,2.46004,10.08848,57.59,FALSE,-10.037
8971,BJ0407,2.46008,10.06135,55.55,FALSE,-10.037
8972,BJ0407,2.46013,10.03421,49.96,FALSE,-10.037
8973,BJ0407,2.46017,10.00708,55.13,FALSE,-10.037
8974,BJ0407,2.46022,9.97995,52.12,FALSE,-10.037
9201,BJ0407,2.48667,10.54977,57.88,FALSE,-10.037
9202,BJ0407,2.48671,10.52264,57.88,FALSE,-10.037
9203,BJ0407,2.48676,10.4955,57.88,FALSE,-10.037
9204,BJ0407,2.4868,10.46837,57.88,FALSE,-10.037
9205,BJ0407,2.48685,10.44124,57.88,FALSE,-10.037
9206,BJ0407,2.48689,10.41411,57.88,FALSE,-10.037
9207,BJ0407,2.48694,10.38698,57.88,FALSE,-10.037
9208,BJ0407,2.48698,10.35984,57.88,FALSE,-10.037
9209,BJ0407,2.48702,10.33271,57.88,FALSE,-10.037
9211,BJ0407,2.48707,10.30558,57.88,FALSE,-10.037
9213,BJ0407,2.48711,10.27845,57.88,FALSE,-10.037
9215,BJ0407,2.48716,10.25132,57.88,FALSE,-10.037
9218,BJ0407,2.48724,10.19705,57.88,FALSE,-10.037
9220,BJ0407,2.48729,10.16992,57.54,FALSE,-10.037
9222,BJ0407,2.48733,10.14279,57.88,FALSE,-10.037
9224,BJ0407,2.48737,10.11565,56.9,FALSE,-10.037
9226,BJ0407,2.48742,10.08852,53.23,FALSE,-10.037
9227,BJ0407,2.48746,10.06139,50.83,FALSE,-10.037
9228,BJ0407,2.4875,10.03426,51.5,FALSE,-10.037
9229,BJ0407,2.48754,10.00712,51.93,FALSE,-10.037
9230,BJ0407,2.48759,9.97999,48.77,FALSE,-10.037
9464,BJ0407,2.51409,10.54981,57.88,FALSE,-10.037
9465,BJ0407,2.51413,10.52268,57.88,FALSE,-10.037
9466,BJ0407,2.51417,10.49555,57.88,FALSE,-10.037
9467,BJ0407,2.51422,10.46842,57.88,FALSE,-10.037
9468,BJ0407,2.51426,10.44128,57.88,FALSE,-10.037
9469,BJ0407,2.5143,10.41415,57.88,FALSE,-10.037
9470,BJ0407,2.51434,10.38702,57.88,FALSE,-10.037
9472,BJ0407,2.51438,10.35989,57.88,FALSE,-10.037
9474,BJ0407,2.51442,10.33275,57.88,FALSE,-10.037
9476,BJ0407,2.51447,10.30562,57.88,FALSE,-10.037
9485,BJ0407,2.5148,10.08856,54.65,FALSE,-10.037
9487,BJ0407,2.51484,10.06143,55.64,FALSE,-10.037
9488,BJ0407,2.51488,10.0343,57.88,FALSE,-10.037
9489,BJ0407,2.51492,10.00717,57.36,FALSE,-10.037
9491,BJ0407,2.51496,9.98003,51.83,FALSE,-10.037
9778,BJ0408,2.54303,9.46454,59.46,FALSE,-5.092
9781,BJ0408,2.54306,9.4374,56.78,FALSE,-5.092
9789,BJ0408,2.54328,9.2746,62.82,FALSE,-5.092
9791,BJ0408,2.54331,9.24747,61.14,FALSE,-5.092
9792,BJ0408,2.5433500000000002,9.22033,62.82,FALSE,-5.092
9793,BJ0408,2.54338,9.1932,61.38,FALSE,-5.092
9794,BJ0408,2.54342,9.16607,62.82,FALSE,-5.092
9795,BJ0408,2.54345,9.13893,62.82,FALSE,-5.092
9796,BJ0408,2.54348,9.1118,62.5,FALSE,-5.092
9797,BJ0408,2.54352,9.08466,60.73,FALSE,-5.092
9798,BJ0408,2.54355,9.05753,55.53,FALSE,-5.092
9799,BJ0408,2.54359,9.03039,52.75,FALSE,-5.092
9800,BJ0408,2.54362,9.00326,53.05,FALSE,-5.092
9801,BJ0408,2.54366,8.97613,57.29,FALSE,-5.092
9802,BJ0408,2.54369,8.94899,72.56,FALSE,-5.092
9803,BJ0408,2.54372,8.92186,75.27,FALSE,-5.092
9804,BJ0408,2.54376,8.89472,82.11,FALSE,-5.092
9805,BJ0408,2.54379,8.86759,57.49,FALSE,-5.092
9806,BJ0408,2.54382,8.84045,54.43,FALSE,-5.092
9807,BJ0408,2.54386,8.81332,52.75,FALSE,-5.092
9808,BJ0408,2.54389,8.78618,53.84,FALSE,-5.092
9809,BJ0408,2.54392,8.75905,53.83,FALSE,-5.092
10043,BJ0408,2.57062,9.2475,62.82,FALSE,-5.092
10044,BJ0408,2.57066,9.22037,62.82,FALSE,-5.092
10045,BJ0408,2.57069,9.19323,57.23,FALSE,-5.092
10046,BJ0408,2.57072,9.1661,56.78,FALSE,-5.092
10047,BJ0408,2.57075,9.13896,60.63,FALSE,-5.092
10048,BJ0408,2.57079,9.11183,61.85,FALSE,-5.092
10049,BJ0408,2.57082,9.0847,61.81,FALSE,-5.092
10050,BJ0408,2.57085,9.05756,60.62,FALSE,-5.092
10051,BJ0408,2.57088,9.03043,56.84,FALSE,-5.092
10052,BJ0408,2.57092,9.00329,54.34,FALSE,-5.092
10053,BJ0408,2.57095,8.97616,66.83,FALSE,-5.092
10054,BJ0408,2.57098,8.94902,87.13,FALSE,-5.092
10055,BJ0408,2.57101,8.92189,73.85,FALSE,-5.092
10056,BJ0408,2.57104,8.89475,77.53,FALSE,-5.092
10057,BJ0408,2.57107,8.86762,64.64,FALSE,-5.092
10058,BJ0408,2.57111,8.84048,53.85,FALSE,-5.092
10059,BJ0408,2.57114,8.81335,53.05,FALSE,-5.092
10060,BJ0408,2.57117,8.78622,58.65,FALSE,-5.092
10061,BJ0408,2.5712,8.75908,55.26,FALSE,-5.092
10297,BJ0408,2.59794,9.24753,62.82,FALSE,-5.092
10298,BJ0408,2.59797,9.2204,53.87,FALSE,-5.092
10299,BJ0408,2.598,9.19326,52.75,FALSE,-5.092
10300,BJ0408,2.59803,9.16613,52.75,FALSE,-5.092
10301,BJ0408,2.59806,9.139,53.67,FALSE,-5.092
10302,BJ0408,2.59809,9.11186,54.38,FALSE,-5.092
10303,BJ0408,2.59812,9.08473,56.27,FALSE,-5.092
10304,BJ0408,2.59815,9.05759,55.85,FALSE,-5.092
10305,BJ0408,2.59818,9.03046,53.53,FALSE,-5.092
10306,BJ0408,2.59821,9.00332,59.72,FALSE,-5.092
10307,BJ0408,2.59824,8.97619,64.55,FALSE,-5.092
10308,BJ0408,2.59827,8.94905,71.16,FALSE,-5.092
10309,BJ0408,2.5983,8.92192,67.11,FALSE,-5.092
10310,BJ0408,2.59833,8.89478,64.25,FALSE,-5.092
10311,BJ0408,2.59836,8.86765,65.17,FALSE,-5.092
10312,BJ0408,2.59839,8.84051,58.97,FALSE,-5.092
10313,BJ0408,2.59842,8.81338,58.19,FALSE,-5.092
10314,BJ0408,2.59845,8.78625,60.07,FALSE,-5.092
10315,BJ0408,2.59847,8.75911,57.79,FALSE,-5.092
10552,BJ0408,2.62522,9.2747,62.82,FALSE,-5.092
10554,BJ0408,2.62525,9.24756,52.75,FALSE,-5.092
10555,BJ0408,2.62528,9.22043,52.75,FALSE,-5.092
10556,BJ0408,2.6253,9.19329,52.75,FALSE,-5.092
10557,BJ0408,2.62533,9.16616,52.75,FALSE,-5.092
10558,BJ0408,2.62536,9.13902,54.3,FALSE,-5.092
10559,BJ0408,2.62539,9.11189,53.26,FALSE,-5.092
10560,BJ0408,2.62542,9.08476,52.75,FALSE,-5.092
10561,BJ0408,2.62545,9.05762,53.06,FALSE,-5.092
10562,BJ0408,2.62547,9.03049,52.75,FALSE,-5.092
10563,BJ0408,2.6255,9.00335,53.67,FALSE,-5.092
10564,BJ0408,2.62553,8.97622,59.02,FALSE,-5.092
10565,BJ0408,2.62556,8.94908,82.34,FALSE,-5.092
10566,BJ0408,2.62559,8.92195,83.24,FALSE,-5.092
10567,BJ0408,2.62561,8.89481,76.02,FALSE,-5.092
10568,BJ0408,2.62564,8.86768,69.4,FALSE,-5.092
10569,BJ0408,2.62567,8.84054,57.26,FALSE,-5.092
10570,BJ0408,2.6257,8.81341,56.62,FALSE,-5.092
10571,BJ0408,2.62572,8.78627,56.83,FALSE,-5.092
10572,BJ0408,2.62575,8.75914,55.16,FALSE,-5.092
10813,BJ0408,2.65253,9.27472,62.82,FALSE,-5.092
10814,BJ0408,2.65256,9.24759,57.18,FALSE,-5.092
10815,BJ0408,2.65259,9.22046,52.75,FALSE,-5.092
10816,BJ0408,2.65261,9.19332,52.75,FALSE,-5.092
10817,BJ0408,2.65264,9.16619,52.75,FALSE,-5.092
10818,BJ0408,2.65267,9.13905,52.75,FALSE,-5.092
10819,BJ0408,2.65269,9.11192,52.75,FALSE,-5.092
10820,BJ0408,2.65272,9.08478,55.5,FALSE,-5.092
10821,BJ0408,2.65274,9.05765,53.02,FALSE,-5.092
10822,BJ0408,2.65277,9.03051,52.75,FALSE,-5.092
10823,BJ0408,2.6528,9.00338,53.59,FALSE,-5.092
10824,BJ0408,2.65282,8.97624,53.05,FALSE,-5.092
10825,BJ0408,2.65285,8.94911,59.44,FALSE,-5.092
10826,BJ0408,2.65287,8.92197,65.66,FALSE,-5.092
10827,BJ0408,2.6529,8.89484,66.91,FALSE,-5.092
10828,BJ0408,2.65292,8.8677,61.41,FALSE,-5.092
10829,BJ0408,2.65295,8.84057,55.83,FALSE,-5.092
10830,BJ0408,2.65298,8.81343,53.71,FALSE,-5.092
10831,BJ0408,2.653,8.7863,53.67,FALSE,-5.092
10832,BJ0408,2.6530300000000002,8.75916,52.75,FALSE,-5.092
11067,BJ0408,2.67985,9.27475,62.82,FALSE,-5.092
11068,BJ0408,2.67987,9.24762,59.94,FALSE,-5.092
11069,BJ0408,2.6799,9.22048,57.18,FALSE,-5.092
11070,BJ0408,2.67992,9.19335,52.75,FALSE,-5.092
11071,BJ0408,2.67995,9.16621,52.75,FALSE,-5.092
11072,BJ0408,2.67997,9.13908,52.75,FALSE,-5.092
11073,BJ0408,2.67999,9.11194,52.75,FALSE,-5.092
11074,BJ0408,2.68002,9.08481,54.43,FALSE,-5.092
11075,BJ0408,2.68004,9.05767,53.09,FALSE,-5.092
11076,BJ0408,2.68007,9.03054,52.75,FALSE,-5.092
11077,BJ0408,2.68009,9.0034,53.1,FALSE,-5.092
11078,BJ0408,2.68011,8.97627,53.23,FALSE,-5.092
11079,BJ0408,2.68014,8.94913,52.75,FALSE,-5.092
11080,BJ0408,2.68016,8.922,53.22,FALSE,-5.092
11081,BJ0408,2.68018,8.89486,54.77,FALSE,-5.092
11082,BJ0408,2.68021,8.86773,54.19,FALSE,-5.092
11083,BJ0408,2.68023,8.84059,55.1,FALSE,-5.092
11084,BJ0408,2.68026,8.81346,52.75,FALSE,-5.092
11085,BJ0408,2.68028,8.78632,52.75,FALSE,-5.092
11086,BJ0408,2.6803,8.75919,53.04,FALSE,-5.092
11315,BJ0408,2.70716,9.27477,62.82,FALSE,-5.092
11316,BJ0408,2.70718,9.24764,62.82,FALSE,-5.092
11317,BJ0408,2.70721,9.2205,57.18,FALSE,-5.092
11318,BJ0408,2.70723,9.19337,57.18,FALSE,-5.092
11319,BJ0408,2.70725,9.16623,52.75,FALSE,-5.092
11320,BJ0408,2.70727,9.1391,52.75,FALSE,-5.092
11321,BJ0408,2.7073,9.11197,52.75,FALSE,-5.092
11322,BJ0408,2.70732,9.08483,52.75,FALSE,-5.092
11323,BJ0408,2.70734,9.0577,53.47,FALSE,-5.092
11324,BJ0408,2.70736,9.03056,52.75,FALSE,-5.092
11325,BJ0408,2.70738,9.00343,56.11,FALSE,-5.092
11326,BJ0408,2.70741,8.97629,52.75,FALSE,-5.092
11327,BJ0408,2.70743,8.94916,52.75,FALSE,-5.092
11328,BJ0408,2.70745,8.92202,52.75,FALSE,-5.092
11329,BJ0408,2.70747,8.89489,53.81,FALSE,-5.092
11330,BJ0408,2.70749,8.86775,54.36,FALSE,-5.092
11331,BJ0408,2.70751,8.84062,52.75,FALSE,-5.092
11332,BJ0408,2.70754,8.81348,52.75,FALSE,-5.092
11333,BJ0408,2.70756,8.78635,52.75,FALSE,-5.092
11334,BJ0408,2.70758,8.75921,52.75,FALSE,-5.092
11553,BJ0408,2.73439,9.38333,62.82,FALSE,-5.092
11555,BJ0408,2.73442,9.3562,62.82,FALSE,-5.092
11557,BJ0408,2.73444,9.32906,61.98,FALSE,-5.092
11559,BJ0408,2.73446,9.30193,62.82,FALSE,-5.092
11561,BJ0408,2.73448,9.27479,62.82,FALSE,-5.092
11562,BJ0408,2.7345,9.24766,52.75,FALSE,-5.092
11563,BJ0408,2.73452,9.22053,52.75,FALSE,-5.092
11564,BJ0408,2.73454,9.19339,57.18,FALSE,-5.092
11565,BJ0408,2.73456,9.16626,57.18,FALSE,-5.092
11566,BJ0408,2.73458,9.13912,54.43,FALSE,-5.092
11567,BJ0408,2.7346,9.11199,52.75,FALSE,-5.092
11568,BJ0408,2.73462,9.08485,52.75,FALSE,-5.092
11569,BJ0408,2.73464,9.05772,52.75,FALSE,-5.092
11570,BJ0408,2.73466,9.03058,52.75,FALSE,-5.092
11571,BJ0408,2.73468,9.00345,52.75,FALSE,-5.092
11572,BJ0408,2.7347,8.97631,52.75,FALSE,-5.092
11573,BJ0408,2.73472,8.94918,52.75,FALSE,-5.092
11574,BJ0408,2.73474,8.92204,53.67,FALSE,-5.092
11575,BJ0408,2.73476,8.89491,52.75,FALSE,-5.092
11576,BJ0408,2.73478,8.86777,55.27,FALSE,-5.092
11577,BJ0408,2.7348,8.84064,52.75,FALSE,-5.092
11578,BJ0408,2.73481,8.8135,52.75,FALSE,-5.092
11579,BJ0408,2.73483,8.78637,52.75,FALSE,-5.092
11580,BJ0408,2.73485,8.75923,52.75,FALSE,-5.092
11779,BJ0408,2.76166,9.46476,62.82,FALSE,-5.092
11782,BJ0408,2.76168,9.43762,62.82,FALSE,-5.092
11785,BJ0408,2.7617,9.41049,62.82,FALSE,-5.092
11788,BJ0408,2.76172,9.38335,62.82,FALSE,-5.092
11789,BJ0408,2.76174,9.35622,62.82,FALSE,-5.092
11790,BJ0408,2.76176,9.32908,62.82,FALSE,-5.092
11791,BJ0408,2.76177,9.30195,57.18,FALSE,-5.092
11792,BJ0408,2.76179,9.27481,57.18,FALSE,-5.092
11793,BJ0408,2.76181,9.24768,57.18,FALSE,-5.092
11794,BJ0408,2.76183,9.22054,62.82,FALSE,-5.092
11795,BJ0408,2.76185,9.19341,52.75,FALSE,-5.092
11796,BJ0408,2.76186,9.16627,52.75,FALSE,-5.092
11797,BJ0408,2.76188,9.13914,52.75,FALSE,-5.092
11798,BJ0408,2.7619,9.11201,55.63,FALSE,-5.092
11799,BJ0408,2.76192,9.08487,54.77,FALSE,-5.092
11800,BJ0408,2.76194,9.05774,62.82,FALSE,-5.092
11801,BJ0408,2.76195,9.0306,54.43,FALSE,-5.092
11802,BJ0408,2.76197,9.00347,52.75,FALSE,-5.092
11803,BJ0408,2.76199,8.97633,52.75,FALSE,-5.092
11804,BJ0408,2.76201,8.9492,52.75,FALSE,-5.092
11805,BJ0408,2.76203,8.92206,52.75,FALSE,-5.092
11806,BJ0408,2.76204,8.89493,52.75,FALSE,-5.092
11807,BJ0408,2.76206,8.86779,52.75,FALSE,-5.092
11808,BJ0408,2.76208,8.84065,52.75,FALSE,-5.092
11809,BJ0408,2.76209,8.81352,52.75,FALSE,-5.092
11972,BJ0408,2.78896,9.51904,62.82,FALSE,-5.092
11974,BJ0408,2.78898,9.49191,62.82,FALSE,-5.092
11976,BJ0408,2.78899,9.46477,62.82,FALSE,-5.092
11978,BJ0408,2.78901,9.43764,56.53,FALSE,-5.092
11979,BJ0408,2.78902,9.4105,61.81,FALSE,-5.092
11980,BJ0408,2.78904,9.38337,60.3,FALSE,-5.092
11981,BJ0408,2.78906,9.35623,61.38,FALSE,-5.092
11982,BJ0408,2.78907,9.3291,52.75,FALSE,-5.092
11983,BJ0408,2.78909,9.30197,52.75,FALSE,-5.092
11984,BJ0408,2.78911,9.27483,52.75,FALSE,-5.092
11985,BJ0408,2.78912,9.2477,57.18,FALSE,-5.092
11986,BJ0408,2.78914,9.22056,57.18,FALSE,-5.092
11987,BJ0408,2.78916,9.19343,62.82,FALSE,-5.092
11988,BJ0408,2.78917,9.16629,52.75,FALSE,-5.092
11989,BJ0408,2.78919,9.13916,54.01,FALSE,-5.092
11990,BJ0408,2.7892,9.11202,55.63,FALSE,-5.092
11991,BJ0408,2.78922,9.08489,53.59,FALSE,-5.092
11992,BJ0408,2.78923,9.05775,52.75,FALSE,-5.092
11993,BJ0408,2.78925,9.03062,52.75,FALSE,-5.092
11994,BJ0408,2.78927,9.00348,52.75,FALSE,-5.092
11995,BJ0408,2.78928,8.97635,52.75,FALSE,-5.092
11996,BJ0408,2.7893,8.94921,52.75,FALSE,-5.092
11997,BJ0408,2.78931,8.92208,52.75,FALSE,-5.092
12135,BJ0408,2.81629,9.51906,62.82,FALSE,-5.092
12138,BJ0408,2.81631,9.49192,62.82,FALSE,-5.092
12140,BJ0408,2.81632,9.46479,62.82,FALSE,-5.092
12141,BJ0408,2.81634,9.43765,62.49,FALSE,-5.092
12142,BJ0408,2.81635,9.41052,62.82,FALSE,-5.092
12143,BJ0408,2.81636,9.38338,62.82,FALSE,-5.092
12144,BJ0408,2.81638,9.35625,61.56,FALSE,-5.092
12145,BJ0408,2.81639,9.32912,57.18,FALSE,-5.092
12146,BJ0408,2.81641,9.30198,57.79,FALSE,-5.092
12147,BJ0408,2.81642,9.27485,62.82,FALSE,-5.092
12148,BJ0408,2.81644,9.24771,57.18,FALSE,-5.092
12149,BJ0408,2.81645,9.22058,57.18,FALSE,-5.092
12150,BJ0408,2.81646,9.19344,57.18,FALSE,-5.092
12151,BJ0408,2.81648,9.16631,55.27,FALSE,-5.092
12152,BJ0408,2.81649,9.13917,62.82,FALSE,-5.092
12153,BJ0408,2.81651,9.11204,54.43,FALSE,-5.092
12154,BJ0408,2.81652,9.0849,52.75,FALSE,-5.092
12155,BJ0408,2.81653,9.05777,52.75,FALSE,-5.092
12287,BJ0408,2.84365,9.4648,62.82,FALSE,-5.092
12289,BJ0408,2.84366,9.43767,62.82,FALSE,-5.092
12291,BJ0408,2.84368,9.41053,62.82,FALSE,-5.092
12293,BJ0408,2.84369,9.3834,62.82,FALSE,-5.092
12294,BJ0408,2.8437,9.35626,54.3,FALSE,-5.092
12295,BJ0408,2.84371,9.32913,57.79,FALSE,-5.092
12296,BJ0408,2.84372,9.30199,57.18,FALSE,-5.092
12297,BJ0408,2.84374,9.27486,62.82,FALSE,-5.092
12298,BJ0408,2.84375,9.24772,52.75,FALSE,-5.092
12299,BJ0408,2.84376,9.22059,52.75,FALSE,-5.092
12300,BJ0408,2.84377,9.19345,52.75,FALSE,-5.092
12301,BJ0408,2.84378,9.16632,57.18,FALSE,-5.092
12302,BJ0408,2.8438,9.13918,57.18,FALSE,-5.092
12303,BJ0408,2.84381,9.11205,52.75,FALSE,-5.092
12304,BJ0408,2.84382,9.08491,52.75,FALSE,-5.092
12305,BJ0408,2.84383,9.05778,52.75,FALSE,-5.092
12432,BJ0408,2.87101,9.38341,62.82,FALSE,-5.092
12433,BJ0408,2.87102,9.35627,60.5,FALSE,-5.092
12434,BJ0408,2.87103,9.32914,54.43,FALSE,-5.092
12435,BJ0408,2.87104,9.302,52.75,FALSE,-5.092
12436,BJ0408,2.87105,9.27487,57.18,FALSE,-5.092
12437,BJ0408,2.87106,9.24774,57.18,FALSE,-5.092
12438,BJ0408,2.87107,9.2206,52.75,FALSE,-5.092
12439,BJ0408,2.87108,9.19347,52.75,FALSE,-5.092
12440,BJ0408,2.87109,9.16633,52.75,FALSE,-5.092
12441,BJ0408,2.8711,9.1392,52.75,FALSE,-5.092
12442,BJ0408,2.87111,9.11206,53.59,FALSE,-5.092
12443,BJ0408,2.87112,9.08493,52.75,FALSE,-5.092
12444,BJ0408,2.87113,9.05779,52.75,FALSE,-5.092
12567,BJ0408,2.89833,9.38342,60.3,FALSE,-5.092
12569,BJ0408,2.89834,9.35628,62.82,FALSE,-5.092
12570,BJ0408,2.89835,9.32915,62.82,FALSE,-5.092
12571,BJ0408,2.89836,9.30201,57.79,FALSE,-5.092
12572,BJ0408,2.89837,9.27488,52.75,FALSE,-5.092
12573,BJ0408,2.89837,9.24774,52.75,FALSE,-5.092
12574,BJ0408,2.89838,9.22061,57.18,FALSE,-5.092
12575,BJ0408,2.89839,9.19347,52.75,FALSE,-5.092
12576,BJ0408,2.8984,9.16634,52.75,FALSE,-5.092
12577,BJ0408,2.8984,9.1392,57.18,FALSE,-5.092
12578,BJ0408,2.89841,9.11207,52.75,FALSE,-5.092
12579,BJ0408,2.89842,9.08493,52.75,FALSE,-5.092
12698,BJ0408,2.92566,9.35629,62.82,FALSE,-5.092
12700,BJ0408,2.92567,9.32915,62.82,FALSE,-5.092
12701,BJ0408,2.92568,9.30202,56.78,FALSE,-5.092
12702,BJ0408,2.92568,9.27489,52.75,FALSE,-5.092
12703,BJ0408,2.92569,9.24775,52.75,FALSE,-5.092
12704,BJ0408,2.92569,9.22062,57.18,FALSE,-5.092
12705,BJ0408,2.9257,9.19348,62.82,FALSE,-5.092
12706,BJ0408,2.9257,9.16635,57.18,FALSE,-5.092
12707,BJ0408,2.92571,9.13921,52.75,FALSE,-5.092
12708,BJ0408,2.92572,9.11208,52.75,FALSE,-5.092
12709,BJ0408,2.92572,9.08494,52.75,FALSE,-5.092
12833,BJ0408,2.95299,9.32916,62.82,FALSE,-5.092
12834,BJ0408,2.95299,9.30202,61.81,FALSE,-5.092
12835,BJ0408,2.953,9.27489,62.82,FALSE,-5.092
12836,BJ0408,2.953,9.24776,62.82,FALSE,-5.092
12837,BJ0408,2.953,9.22062,62.82,FALSE,-5.092
12838,BJ0408,2.95301,9.19349,57.18,FALSE,-5.092
12839,BJ0408,2.95301,9.16635,52.75,FALSE,-5.092
12840,BJ0408,2.95301,9.13922,52.75,FALSE,-5.092
12841,BJ0408,2.95302,9.11208,52.75,FALSE,-5.092
12842,BJ0408,2.95302,9.08495,52.75,FALSE,-5.092
12966,BJ0408,2.98031,9.32916,62.82,FALSE,-5.092
12967,BJ0408,2.98031,9.30203,62.82,FALSE,-5.092
12968,BJ0408,2.98031,9.27489,62.82,FALSE,-5.092
12969,BJ0408,2.98031,9.24776,62.82,FALSE,-5.092
12970,BJ0408,2.98031,9.22062,62.82,FALSE,-5.092
12971,BJ0408,2.98032,9.19349,52.75,FALSE,-5.092
12972,BJ0408,2.98032,9.16635,52.75,FALSE,-5.092
12973,BJ0408,2.98032,9.13922,57.18,FALSE,-5.092
12974,BJ0408,2.98032,9.11208,52.75,FALSE,-5.092
12975,BJ0408,2.98032,9.08495,52.75,FALSE,-5.092
13106,BJ0408,3.00763,9.32916,62.05,FALSE,-5.092
13107,BJ0408,3.00763,9.30203,62.82,FALSE,-5.092
13108,BJ0408,3.00763,9.27489,62.82,FALSE,-5.092
13109,BJ0408,3.00763,9.24776,62.82,FALSE,-5.092
13110,BJ0408,3.00762,9.22062,62.82,FALSE,-5.092
13111,BJ0408,3.00762,9.19349,62.82,FALSE,-5.092
13112,BJ0408,3.00762,9.16635,52.75,FALSE,-5.092
13113,BJ0408,3.00762,9.13922,57.18,FALSE,-5.092
13114,BJ0408,3.00762,9.11208,52.75,FALSE,-5.092
13115,BJ0408,3.00762,9.08495,52.75,FALSE,-5.092
13246,BJ0408,3.03495,9.32916,62.51,FALSE,-5.092
13247,BJ0408,3.03494,9.30203,62.38,FALSE,-5.092
13248,BJ0408,3.03494,9.27489,62.82,FALSE,-5.092
13249,BJ0408,3.03494,9.24776,62.82,FALSE,-5.092
13250,BJ0408,3.03494,9.22062,62.82,FALSE,-5.092
13251,BJ0408,3.03493,9.19349,62.82,FALSE,-5.092
13252,BJ0408,3.03493,9.16635,52.75,FALSE,-5.092
13253,BJ0408,3.03493,9.13922,52.75,FALSE,-5.092
13254,BJ0408,3.03493,9.11208,52.75,FALSE,-5.092
13255,BJ0408,3.03492,9.08495,57.18,FALSE,-5.092
13374,BJ0408,3.06227,9.32916,62.82,FALSE,-5.092
13375,BJ0408,3.06226,9.30202,62.82,FALSE,-5.092
13376,BJ0408,3.06226,9.27489,62.82,FALSE,-5.092
13377,BJ0408,3.06225,9.24775,62.82,FALSE,-5.092
13378,BJ0408,3.06225,9.22062,57.18,FALSE,-5.092
13379,BJ0408,3.06224,9.19348,62.82,FALSE,-5.092
13380,BJ0408,3.06224,9.16635,57.18,FALSE,-5.092
13381,BJ0408,3.06223,9.13921,52.75,FALSE,-5.092
13382,BJ0408,3.06223,9.11208,52.75,FALSE,-5.092
13383,BJ0408,3.06222,9.08494,52.75,FALSE,-5.092
13505,BJ0408,3.08958,9.32915,62.82,FALSE,-5.092
13506,BJ0408,3.08958,9.30202,62.56,FALSE,-5.092
13507,BJ0408,3.08957,9.27488,62.82,FALSE,-5.092
13508,BJ0408,3.08956,9.24775,57.79,FALSE,-5.092
13509,BJ0408,3.08956,9.22061,57.18,FALSE,-5.092
13510,BJ0408,3.08955,9.19348,52.75,FALSE,-5.092
13511,BJ0408,3.08954,9.16634,52.75,FALSE,-5.092
13512,BJ0408,3.08954,9.13921,57.18,FALSE,-5.092
13513,BJ0408,3.08953,9.11207,52.75,FALSE,-5.092
13514,BJ0408,3.08952,9.08494,52.75,FALSE,-5.092
13638,BJ0408,3.1169,9.32914,62.82,FALSE,-5.092
13639,BJ0408,3.1169,9.30201,61.86,FALSE,-5.092
13640,BJ0408,3.11689,9.27487,62.82,FALSE,-5.092
13641,BJ0408,3.11688,9.24774,52.75,FALSE,-5.092
13642,BJ0408,3.11687,9.2206,52.75,FALSE,-5.092
13643,BJ0408,3.11686,9.19347,52.75,FALSE,-5.092
13644,BJ0408,3.11685,9.16633,52.75,FALSE,-5.092
13762,BJ0408,3.14422,9.32913,62.82,FALSE,-5.092
13763,BJ0408,3.14421,9.302,62.82,FALSE,-5.092
13764,BJ0408,3.1442,9.27486,52.75,FALSE,-5.092
13765,BJ0408,3.14419,9.24773,52.75,FALSE,-5.092
13880,BJ0408,3.17153,9.30199,62.82,FALSE,-5.092
13881,BJ0408,3.17152,9.27485,52.75,FALSE,-5.092
4633,BJ0408,1.96947,9.3548,52.75,FALSE,-5.092
4636,BJ0408,1.96955,9.32767,52.75,FALSE,-5.092
4638,BJ0408,1.96963,9.30054,52.75,FALSE,-5.092
4640,BJ0408,1.96971,9.27341,52.75,FALSE,-5.092
4642,BJ0408,1.96979,9.24628,52.99,FALSE,-5.092
4644,BJ0408,1.96987,9.21915,52.75,FALSE,-5.092
4646,BJ0408,1.96995,9.19202,52.75,FALSE,-5.092
4648,BJ0408,1.97003,9.16489,53.23,FALSE,-5.092
4650,BJ0408,1.97011,9.13776,52.75,FALSE,-5.092
4868,BJ0408,1.99679,9.35488,53.03,FALSE,-5.092
4870,BJ0408,1.99687,9.32775,52.75,FALSE,-5.092
4871,BJ0408,1.99695,9.30062,52.75,FALSE,-5.092
4872,BJ0408,1.99702,9.27349,52.75,FALSE,-5.092
4873,BJ0408,1.9971,9.24636,52.75,FALSE,-5.092
4874,BJ0408,1.99718,9.21923,52.75,FALSE,-5.092
4875,BJ0408,1.99725,9.1921,52.75,FALSE,-5.092
4876,BJ0408,1.99733,9.16496,52.75,FALSE,-5.092
4877,BJ0408,1.99741,9.13783,52.75,FALSE,-5.092
4879,BJ0408,1.99748,9.1107,52.75,FALSE,-5.092
5083,BJ0408,2.02411,9.35496,68.98,FALSE,-5.092
5085,BJ0408,2.02418,9.3278199999999991,53.78,FALSE,-5.092
5086,BJ0408,2.02426,9.30069,52.75,FALSE,-5.092
5087,BJ0408,2.02433,9.27356,52.75,FALSE,-5.092
5088,BJ0408,2.02441,9.24643,52.75,FALSE,-5.092
5089,BJ0408,2.02448,9.2193,52.75,FALSE,-5.092
5090,BJ0408,2.02456,9.19217,54.66,FALSE,-5.092
5091,BJ0408,2.02463,9.16504,53.57,FALSE,-5.092
5092,BJ0408,2.02471,9.13791,52.75,FALSE,-5.092
5093,BJ0408,2.02478,9.11078,52.99,FALSE,-5.092
5095,BJ0408,2.02485,9.08365,52.75,FALSE,-5.092
5311,BJ0408,2.05143,9.35503,80.88,FALSE,-5.092
5313,BJ0408,2.0515,9.3279,75.67,FALSE,-5.092
5314,BJ0408,2.05157,9.30077,63.06,FALSE,-5.092
5315,BJ0408,2.05165,9.27364,52.99,FALSE,-5.092
5316,BJ0408,2.05172,9.24651,52.75,FALSE,-5.092
5317,BJ0408,2.05179,9.21937,54.66,FALSE,-5.092
5318,BJ0408,2.05186,9.19224,65,FALSE,-5.092
5319,BJ0408,2.05194,9.16511,59.2,FALSE,-5.092
5320,BJ0408,2.05201,9.13798,54.76,FALSE,-5.092
5321,BJ0408,2.05208,9.11085,52.75,FALSE,-5.092
5322,BJ0408,2.05215,9.08372,52.75,FALSE,-5.092
5554,BJ0408,2.07867,9.38223,80.69,FALSE,-5.092
5556,BJ0408,2.07874,9.3551,80.2,FALSE,-5.092
5558,BJ0408,2.07882,9.32797,70.17,FALSE,-5.092
5559,BJ0408,2.07889,9.3008400000000009,86.65,FALSE,-5.092
5560,BJ0408,2.07896,9.27371,61.75,FALSE,-5.092
5561,BJ0408,2.07903,9.24658,52.75,FALSE,-5.092
5562,BJ0408,2.0791,9.21945,56.84,FALSE,-5.092
5563,BJ0408,2.07917,9.19231,73.75,FALSE,-5.092
5564,BJ0408,2.07924,9.16518,83.85,FALSE,-5.092
5565,BJ0408,2.07931,9.13805,56.81,FALSE,-5.092
5566,BJ0408,2.07938,9.11092,52.75,FALSE,-5.092
5567,BJ0408,2.07945,9.08379,52.75,FALSE,-5.092
5795,BJ0408,2.10578,9.4637,75.47,FALSE,-5.092
5797,BJ0408,2.1058500000000002,9.43657,69.26,FALSE,-5.092
5799,BJ0408,2.10592,9.40943,70.79,FALSE,-5.092
5801,BJ0408,2.10599,9.3823,81.35,FALSE,-5.092
5803,BJ0408,2.10606,9.35517,80.69,FALSE,-5.092
5804,BJ0408,2.10613,9.32804,83.55,FALSE,-5.092
5805,BJ0408,2.1062,9.30091,90.34,FALSE,-5.092
5806,BJ0408,2.10627,9.27378,85.21,FALSE,-5.092
5807,BJ0408,2.10634,9.24665,54.98,FALSE,-5.092
5808,BJ0408,2.10641,9.21951,68.27,FALSE,-5.092
5809,BJ0408,2.10647,9.19238,84.22,FALSE,-5.092
5810,BJ0408,2.10654,9.16525,67.07,FALSE,-5.092
5811,BJ0408,2.10661,9.13812,57.77,FALSE,-5.092
5812,BJ0408,2.10668,9.11099,53,FALSE,-5.092
5813,BJ0408,2.10674,9.08386,54.77,FALSE,-5.092
5815,BJ0408,2.10681,9.05672,53.98,FALSE,-5.092
6036,BJ0408,2.13277,9.59942,52.75,FALSE,-5.092
6038,BJ0408,2.13284,9.57229,52.75,FALSE,-5.092
6040,BJ0408,2.1329,9.54516,52.75,FALSE,-5.092
6042,BJ0408,2.13297,9.51803,52.75,FALSE,-5.092
6044,BJ0408,2.13304,9.4909,52.75,FALSE,-5.092
6046,BJ0408,2.13311,9.46377,62.79,FALSE,-5.092
6048,BJ0408,2.13318,9.43663,72.55,FALSE,-5.092
6049,BJ0408,2.13324,9.4095,76.4,FALSE,-5.092
6050,BJ0408,2.13331,9.38237,83.38,FALSE,-5.092
6051,BJ0408,2.13338,9.35524,86.41,FALSE,-5.092
6052,BJ0408,2.13345,9.32811,77.15,FALSE,-5.092
6053,BJ0408,2.13351,9.30098,77.12,FALSE,-5.092
6054,BJ0408,2.13358,9.27384,79.37,FALSE,-5.092
6055,BJ0408,2.13365,9.24671,77.81,FALSE,-5.092
6056,BJ0408,2.13371,9.21958,85.49,FALSE,-5.092
6057,BJ0408,2.13378,9.19245,89.03,FALSE,-5.092
6058,BJ0408,2.13384,9.16532,78.94,FALSE,-5.092
6059,BJ0408,2.13391,9.13819,59.43,FALSE,-5.092
6060,BJ0408,2.13398,9.11105,52.75,FALSE,-5.092
6061,BJ0408,2.13404,9.08392,53.81,FALSE,-5.092
6062,BJ0408,2.13411,9.05679,52.75,FALSE,-5.092
6270,BJ0408,2.1599,9.68088,52.75,FALSE,-5.092
6273,BJ0408,2.15997,9.65375,52.75,FALSE,-5.092
6275,BJ0408,2.16004,9.62662,52.75,FALSE,-5.092
6277,BJ0408,2.1601,9.59949,52.75,FALSE,-5.092
6279,BJ0408,2.16017,9.57236,52.75,FALSE,-5.092
6280,BJ0408,2.16024,9.54523,52.75,FALSE,-5.092
6281,BJ0408,2.1603,9.5181,52.75,FALSE,-5.092
6282,BJ0408,2.16037,9.49096,52.75,FALSE,-5.092
6283,BJ0408,2.16044,9.46383,57.05,FALSE,-5.092
6284,BJ0408,2.1605,9.4367,61.35,FALSE,-5.092
6285,BJ0408,2.16057,9.40957,64.21,FALSE,-5.092
6286,BJ0408,2.16063,9.38244,85.21,FALSE,-5.092
6287,BJ0408,2.1607,9.3553,88.76,FALSE,-5.092
6288,BJ0408,2.16076,9.32817,88.45,FALSE,-5.092
6289,BJ0408,2.16083,9.30104,72.11,FALSE,-5.092
6290,BJ0408,2.16089,9.27391,79.26,FALSE,-5.092
6291,BJ0408,2.16096,9.24678,92.85,FALSE,-5.092
6292,BJ0408,2.16102,9.21965,81.39,FALSE,-5.092
6293,BJ0408,2.16108,9.19251,86.16,FALSE,-5.092
6294,BJ0408,2.16115,9.16538,79.73,FALSE,-5.092
6295,BJ0408,2.16121,9.13825,54.98,FALSE,-5.092
6296,BJ0408,2.16128,9.11112,52.99,FALSE,-5.092
6297,BJ0408,2.16134,9.08398,52.75,FALSE,-5.092
6299,BJ0408,2.1614,9.05685,52.75,FALSE,-5.092
6506,BJ0408,2.18725,9.68095,53.16,FALSE,-5.092
6508,BJ0408,2.18731,9.65382,52.75,FALSE,-5.092
6510,BJ0408,2.18738,9.62669,52.75,FALSE,-5.092
6512,BJ0408,2.18744,9.59955,52.75,FALSE,-5.092
6513,BJ0408,2.18751,9.57242,52.75,FALSE,-5.092
6514,BJ0408,2.18757,9.54529,52.75,FALSE,-5.092
6515,BJ0408,2.18764,9.51816,52.75,FALSE,-5.092
6516,BJ0408,2.1877,9.49103,52.75,FALSE,-5.092
6517,BJ0408,2.18776,9.4639,52.75,FALSE,-5.092
6518,BJ0408,2.18783,9.43676,52.75,FALSE,-5.092
6519,BJ0408,2.18789,9.40963,52.75,FALSE,-5.092
6520,BJ0408,2.18795,9.3825,65,FALSE,-5.092
6521,BJ0408,2.18802,9.35537,70.89,FALSE,-5.092
6522,BJ0408,2.18808,9.32824,87.84,FALSE,-5.092
6523,BJ0408,2.18814,9.3011,78.88,FALSE,-5.092
6524,BJ0408,2.1882,9.27397,83.26,FALSE,-5.092
6525,BJ0408,2.18827,9.24684,87.38,FALSE,-5.092
6526,BJ0408,2.18833,9.21971,84.46,FALSE,-5.092
6527,BJ0408,2.18839,9.19258,88.07,FALSE,-5.092
6528,BJ0408,2.18845,9.16544,63.39,FALSE,-5.092
6529,BJ0408,2.18851,9.13831,52.75,FALSE,-5.092
6530,BJ0408,2.18857,9.11118,52.75,FALSE,-5.092
6531,BJ0408,2.18864,9.08405,53.23,FALSE,-5.092
6533,BJ0408,2.1887,9.05691,52.75,FALSE,-5.092
6537,BJ0408,2.18888,8.97552,52.75,FALSE,-5.092
6539,BJ0408,2.18894,8.94838,52.75,FALSE,-5.092
6541,BJ0408,2.189,8.92125,52.75,FALSE,-5.092
6543,BJ0408,2.18906,8.89412,52.75,FALSE,-5.092
6547,BJ0408,2.18924,8.81272,52.75,FALSE,-5.092
6549,BJ0408,2.1893,8.78559,52.75,FALSE,-5.092
6551,BJ0408,2.18935,8.75845,52.75,FALSE,-5.092
6747,BJ0408,2.21465,9.65388,52.75,FALSE,-5.092
6749,BJ0408,2.21472,9.62675,52.75,FALSE,-5.092
6751,BJ0408,2.21478,9.59962,52.75,FALSE,-5.092
6752,BJ0408,2.21484,9.57249,52.75,FALSE,-5.092
6753,BJ0408,2.2149,9.54535,52.75,FALSE,-5.092
6754,BJ0408,2.21497,9.51822,52.75,FALSE,-5.092
6755,BJ0408,2.21503,9.49109,52.75,FALSE,-5.092
6756,BJ0408,2.21509,9.46396,52.75,FALSE,-5.092
6757,BJ0408,2.21515,9.43683,52.75,FALSE,-5.092
6758,BJ0408,2.21521,9.40969,52.75,FALSE,-5.092
6759,BJ0408,2.21527,9.38256,52.75,FALSE,-5.092
6760,BJ0408,2.21533,9.35543,52.75,FALSE,-5.092
6761,BJ0408,2.2154,9.3283,74.71,FALSE,-5.092
6762,BJ0408,2.21546,9.30117,73.01,FALSE,-5.092
6763,BJ0408,2.21552,9.27403,66.12,FALSE,-5.092
6764,BJ0408,2.21558,9.2469,72.32,FALSE,-5.092
6765,BJ0408,2.21564,9.21977,78.77,FALSE,-5.092
6766,BJ0408,2.2157,9.19264,80.89,FALSE,-5.092
6767,BJ0408,2.21576,9.1655,62.06,FALSE,-5.092
6768,BJ0408,2.21582,9.13837,52.75,FALSE,-5.092
6769,BJ0408,2.21587,9.11124,52.75,FALSE,-5.092
6770,BJ0408,2.21593,9.08411,52.75,FALSE,-5.092
6771,BJ0408,2.21599,9.05697,52.75,FALSE,-5.092
6773,BJ0408,2.21605,9.02984,52.75,FALSE,-5.092
6775,BJ0408,2.21611,9.00271,52.75,FALSE,-5.092
6777,BJ0408,2.21617,8.97558,52.75,FALSE,-5.092
6779,BJ0408,2.21623,8.94844,52.75,FALSE,-5.092
6780,BJ0408,2.21628,8.92131,52.75,FALSE,-5.092
6782,BJ0408,2.21634,8.89418,52.75,FALSE,-5.092
6784,BJ0408,2.2164,8.86704,52.75,FALSE,-5.092
6786,BJ0408,2.21646,8.83991,52.75,FALSE,-5.092
6788,BJ0408,2.21651,8.81278,52.75,FALSE,-5.092
6790,BJ0408,2.21657,8.78565,52.75,FALSE,-5.092
6791,BJ0408,2.21663,8.75851,52.75,FALSE,-5.092
7020,BJ0408,2.24206,9.62681,52.96,FALSE,-5.092
7022,BJ0408,2.24212,9.59968,52.75,FALSE,-5.092
7024,BJ0408,2.24218,9.57255,52.75,FALSE,-5.092
7025,BJ0408,2.24224,9.54541,52.75,FALSE,-5.092
7026,BJ0408,2.2423,9.51828,52.75,FALSE,-5.092
7027,BJ0408,2.24236,9.49115,52.75,FALSE,-5.092
7028,BJ0408,2.24242,9.46402,52.99,FALSE,-5.092
7029,BJ0408,2.24248,9.43689,52.75,FALSE,-5.092
7030,BJ0408,2.24254,9.40975,52.75,FALSE,-5.092
7031,BJ0408,2.24259,9.38262,53.59,FALSE,-5.092
7032,BJ0408,2.24265,9.35549,53.23,FALSE,-5.092
7033,BJ0408,2.24271,9.32836,52.75,FALSE,-5.092
7034,BJ0408,2.24277,9.30122,53.71,FALSE,-5.092
7035,BJ0408,2.24283,9.27409,52.75,FALSE,-5.092
7036,BJ0408,2.24289,9.24696,58.9,FALSE,-5.092
7037,BJ0408,2.24294,9.21983,63.26,FALSE,-5.092
7038,BJ0408,2.243,9.19269,62.39,FALSE,-5.092
7039,BJ0408,2.24306,9.16556,53.37,FALSE,-5.092
7040,BJ0408,2.24312,9.13843,52.75,FALSE,-5.092
7041,BJ0408,2.24317,9.1113,52.75,FALSE,-5.092
7042,BJ0408,2.24323,9.08416,52.75,FALSE,-5.092
7043,BJ0408,2.24329,9.05703,52.75,FALSE,-5.092
7044,BJ0408,2.24335,9.0299,52.75,FALSE,-5.092
7045,BJ0408,2.2434,9.00277,52.75,FALSE,-5.092
7046,BJ0408,2.24346,8.97563,52.75,FALSE,-5.092
7047,BJ0408,2.24351,8.9485,52.75,FALSE,-5.092
7048,BJ0408,2.24357,8.92137,52.75,FALSE,-5.092
7049,BJ0408,2.24363,8.89423,52.99,FALSE,-5.092
7051,BJ0408,2.24368,8.8671,53.04,FALSE,-5.092
7053,BJ0408,2.24374,8.83997,52.75,FALSE,-5.092
7054,BJ0408,2.24379,8.81283,52.75,FALSE,-5.092
7055,BJ0408,2.24385,8.7857,52.75,FALSE,-5.092
7056,BJ0408,2.2439,8.75857,52.75,FALSE,-5.092
7253,BJ0408,2.26946,9.59974,52.75,FALSE,-5.092
7255,BJ0408,2.26951,9.57261,52.75,FALSE,-5.092
7257,BJ0408,2.26957,9.54547,52.75,FALSE,-5.092
7259,BJ0408,2.26963,9.51834,52.75,FALSE,-5.092
7260,BJ0408,2.26969,9.49121,54.56,FALSE,-5.092
7261,BJ0408,2.26974,9.46408,56.45,FALSE,-5.092
7262,BJ0408,2.2698,9.43694,53.71,FALSE,-5.092
7263,BJ0408,2.26986,9.40981,53.57,FALSE,-5.092
7264,BJ0408,2.26992,9.38268,52.99,FALSE,-5.092
7265,BJ0408,2.26997,9.35555,52.96,FALSE,-5.092
7266,BJ0408,2.27003,9.32841,52.99,FALSE,-5.092
7267,BJ0408,2.27009,9.30128,52.75,FALSE,-5.092
7268,BJ0408,2.27014,9.27415,52.99,FALSE,-5.092
7269,BJ0408,2.2702,9.24702,52.99,FALSE,-5.092
7270,BJ0408,2.27025,9.21988,57.6,FALSE,-5.092
7271,BJ0408,2.27031,9.19275,60.38,FALSE,-5.092
7272,BJ0408,2.27036,9.16562,53.73,FALSE,-5.092
7273,BJ0408,2.27042,9.13849,52.75,FALSE,-5.092
7274,BJ0408,2.27047,9.11135,52.75,FALSE,-5.092
7275,BJ0408,2.27053,9.08422,52.75,FALSE,-5.092
7276,BJ0408,2.27058,9.05709,52.75,FALSE,-5.092
7277,BJ0408,2.27064,9.02995,52.75,FALSE,-5.092
7278,BJ0408,2.27069,9.00282,52.75,FALSE,-5.092
7279,BJ0408,2.27075,8.97569,52.75,FALSE,-5.092
7280,BJ0408,2.2708,8.94855,52.75,FALSE,-5.092
7281,BJ0408,2.27086,8.92142,52.75,FALSE,-5.092
7282,BJ0408,2.27091,8.89429,52.75,FALSE,-5.092
7283,BJ0408,2.27096,8.86715,52.75,FALSE,-5.092
7284,BJ0408,2.27102,8.84002,52.96,FALSE,-5.092
7285,BJ0408,2.27107,8.81289,52.75,FALSE,-5.092
7286,BJ0408,2.27112,8.78575,52.75,FALSE,-5.092
7287,BJ0408,2.27118,8.75862,52.75,FALSE,-5.092
7483,BJ0408,2.29691,9.54553,53.23,FALSE,-5.092
7485,BJ0408,2.29696,9.5184,57.07,FALSE,-5.092
7487,BJ0408,2.29702,9.49126,55.33,FALSE,-5.092
7488,BJ0408,2.29707,9.46413,52.99,FALSE,-5.092
7489,BJ0408,2.29713,9.437,53.03,FALSE,-5.092
7490,BJ0408,2.29718,9.40987,52.75,FALSE,-5.092
7491,BJ0408,2.29724,9.38273,52.75,FALSE,-5.092
7492,BJ0408,2.29729,9.3556,52.75,FALSE,-5.092
7493,BJ0408,2.29735,9.32847,52.75,FALSE,-5.092
7494,BJ0408,2.2974,9.30134,52.75,FALSE,-5.092
7495,BJ0408,2.29745,9.2742,53.03,FALSE,-5.092
7496,BJ0408,2.29751,9.24707,56.53,FALSE,-5.092
7497,BJ0408,2.29756,9.21994,62.26,FALSE,-5.092
7498,BJ0408,2.29762,9.1928,59.46,FALSE,-5.092
7499,BJ0408,2.29767,9.16567,55.5,FALSE,-5.092
7500,BJ0408,2.29772,9.13854,52.75,FALSE,-5.092
7501,BJ0408,2.29778,9.11141,52.96,FALSE,-5.092
7502,BJ0408,2.29783,9.08427,52.75,FALSE,-5.092
7503,BJ0408,2.29788,9.05714,52.75,FALSE,-5.092
7504,BJ0408,2.29793,9.03001,52.75,FALSE,-5.092
7505,BJ0408,2.29799,9.00287,52.75,FALSE,-5.092
7506,BJ0408,2.29804,8.97574,52.75,FALSE,-5.092
7507,BJ0408,2.29809,8.94861,52.75,FALSE,-5.092
7508,BJ0408,2.29814,8.92147,52.75,FALSE,-5.092
7509,BJ0408,2.29819,8.89434,52.75,FALSE,-5.092
7510,BJ0408,2.29825,8.86721,52.75,FALSE,-5.092
7511,BJ0408,2.2983,8.84007,52.75,FALSE,-5.092
7512,BJ0408,2.29835,8.81294,52.75,FALSE,-5.092
7513,BJ0408,2.2984,8.78581,52.75,FALSE,-5.092
7514,BJ0408,2.29845,8.75867,52.75,FALSE,-5.092
7717,BJ0408,2.32429,9.51845,52.99,FALSE,-5.092
7719,BJ0408,2.32435,9.49132,53.03,FALSE,-5.092
7720,BJ0408,2.3244,9.46419,52.75,FALSE,-5.092
7721,BJ0408,2.32445,9.43705,52.75,FALSE,-5.092
7722,BJ0408,2.32451,9.40992,52.75,FALSE,-5.092
7723,BJ0408,2.32456,9.38279,52.75,FALSE,-5.092
7724,BJ0408,2.32461,9.35565,52.75,FALSE,-5.092
7725,BJ0408,2.32466,9.32852,52.75,FALSE,-5.092
7726,BJ0408,2.32472,9.30139,53.16,FALSE,-5.092
7727,BJ0408,2.32477,9.27426,57.65,FALSE,-5.092
7728,BJ0408,2.32482,9.24712,60.3,FALSE,-5.092
7729,BJ0408,2.32487,9.21999,56.11,FALSE,-5.092
7730,BJ0408,2.32492,9.19286,52.75,FALSE,-5.092
7731,BJ0408,2.32497,9.16572,53.08,FALSE,-5.092
7732,BJ0408,2.32502,9.13859,52.75,FALSE,-5.092
7733,BJ0408,2.32508,9.11146,53,FALSE,-5.092
7734,BJ0408,2.32513,9.08432,52.75,FALSE,-5.092
7735,BJ0408,2.32518,9.05719,52.75,FALSE,-5.092
7736,BJ0408,2.32523,9.03006,52.75,FALSE,-5.092
7737,BJ0408,2.32528,9.00292,52.75,FALSE,-5.092
7738,BJ0408,2.32533,8.97579,53.03,FALSE,-5.092
7739,BJ0408,2.32538,8.94866,52.75,FALSE,-5.092
7740,BJ0408,2.32543,8.92152,52.75,FALSE,-5.092
7741,BJ0408,2.32548,8.89439,52.75,FALSE,-5.092
7742,BJ0408,2.32553,8.86726,52.75,FALSE,-5.092
7743,BJ0408,2.32558,8.84012,52.75,FALSE,-5.092
7744,BJ0408,2.32563,8.81299,52.75,FALSE,-5.092
7745,BJ0408,2.32568,8.78586,52.75,FALSE,-5.092
7746,BJ0408,2.32572,8.75872,52.75,FALSE,-5.092
7963,BJ0408,2.35163,9.5185,52.75,FALSE,-5.092
7965,BJ0408,2.35168,9.49137,52.75,FALSE,-5.092
7966,BJ0408,2.35173,9.46424,52.75,FALSE,-5.092
7967,BJ0408,2.35178,9.4371,52.75,FALSE,-5.092
7968,BJ0408,2.35183,9.40997,52.75,FALSE,-5.092
7969,BJ0408,2.35188,9.38284,52.75,FALSE,-5.092
7970,BJ0408,2.35193,9.35571,53,FALSE,-5.092
7971,BJ0408,2.35198,9.32857,56.32,FALSE,-5.092
7972,BJ0408,2.35203,9.30144,59.11,FALSE,-5.092
7973,BJ0408,2.35208,9.27431,57.57,FALSE,-5.092
7974,BJ0408,2.35213,9.24717,59.8,FALSE,-5.092
7975,BJ0408,2.35218,9.22004,61.14,FALSE,-5.092
7976,BJ0408,2.35223,9.19291,52.75,FALSE,-5.092
7977,BJ0408,2.35228,9.16577,52.75,FALSE,-5.092
7978,BJ0408,2.35233,9.13864,52.98,FALSE,-5.092
7979,BJ0408,2.35238,9.1115100000000009,52.75,FALSE,-5.092
7980,BJ0408,2.35243,9.08437,52.75,FALSE,-5.092
7981,BJ0408,2.35247,9.05724,52.75,FALSE,-5.092
7982,BJ0408,2.35252,9.03011,52.75,FALSE,-5.092
7983,BJ0408,2.35257,9.00297,52.75,FALSE,-5.092
7984,BJ0408,2.35262,8.97584,52.99,FALSE,-5.092
7985,BJ0408,2.35267,8.94871,53,FALSE,-5.092
7986,BJ0408,2.35271,8.9215699999999991,52.75,FALSE,-5.092
7987,BJ0408,2.35276,8.89444,52.75,FALSE,-5.092
7988,BJ0408,2.35281,8.86731,52.75,FALSE,-5.092
7989,BJ0408,2.35286,8.84017,52.75,FALSE,-5.092
7990,BJ0408,2.3529,8.81304,52.75,FALSE,-5.092
7991,BJ0408,2.35295,8.7859,52.75,FALSE,-5.092
7992,BJ0408,2.353,8.75877,52.75,FALSE,-5.092
8210,BJ0408,2.37896,9.51855,52.75,FALSE,-5.092
8212,BJ0408,2.37901,9.49142,52.75,FALSE,-5.092
8213,BJ0408,2.37906,9.46429,52.75,FALSE,-5.092
8214,BJ0408,2.3791,9.43715,52.75,FALSE,-5.092
8215,BJ0408,2.37915,9.41002,52.75,FALSE,-5.092
8216,BJ0408,2.3792,9.38289,56.11,FALSE,-5.092
8217,BJ0408,2.37925,9.35575,58.19,FALSE,-5.092
8218,BJ0408,2.3793,9.32862,62.23,FALSE,-5.092
8219,BJ0408,2.37935,9.30149,61.14,FALSE,-5.092
8220,BJ0408,2.37939,9.27435,62.5,FALSE,-5.092
8221,BJ0408,2.3794400000000002,9.24722,62.34,FALSE,-5.092
8222,BJ0408,2.37949,9.22009,59.46,FALSE,-5.092
8223,BJ0408,2.37954,9.19295,52.75,FALSE,-5.092
8224,BJ0408,2.37958,9.16582,52.75,FALSE,-5.092
8225,BJ0408,2.37963,9.13869,53.01,FALSE,-5.092
8226,BJ0408,2.37968,9.11155,52.75,FALSE,-5.092
8227,BJ0408,2.37972,9.08442,52.75,FALSE,-5.092
8228,BJ0408,2.37977,9.05729,52.75,FALSE,-5.092
8229,BJ0408,2.37982,9.03015,52.75,FALSE,-5.092
8230,BJ0408,2.37986,9.00302,53.05,FALSE,-5.092
8231,BJ0408,2.37991,8.97589,53.07,FALSE,-5.092
8232,BJ0408,2.37996,8.94875,52.75,FALSE,-5.092
8233,BJ0408,2.38,8.92162,52.75,FALSE,-5.092
8234,BJ0408,2.38005,8.89449,52.75,FALSE,-5.092
8235,BJ0408,2.38009,8.86735,52.75,FALSE,-5.092
8236,BJ0408,2.38014,8.84022,52.75,FALSE,-5.092
8237,BJ0408,2.38018,8.81308,52.75,FALSE,-5.092
8238,BJ0408,2.38023,8.78595,52.75,FALSE,-5.092
8239,BJ0408,2.38027,8.75882,52.75,FALSE,-5.092
8463,BJ0408,2.40629,9.5186,52.75,FALSE,-5.092
8465,BJ0408,2.40634,9.49147,52.75,FALSE,-5.092
8467,BJ0408,2.40638,9.46433,53,FALSE,-5.092
8468,BJ0408,2.40643,9.4372,54.32,FALSE,-5.092
8469,BJ0408,2.40648,9.41007,60.88,FALSE,-5.092
8470,BJ0408,2.40652,9.38293,62.82,FALSE,-5.092
8471,BJ0408,2.40657,9.3558,61.81,FALSE,-5.092
8472,BJ0408,2.40662,9.32867,61.38,FALSE,-5.092
8473,BJ0408,2.40666,9.30153,59.32,FALSE,-5.092
8474,BJ0408,2.40671,9.2744,62.82,FALSE,-5.092
8475,BJ0408,2.40675,9.24727,62.82,FALSE,-5.092
8476,BJ0408,2.4068,9.22013,62.82,FALSE,-5.092
8477,BJ0408,2.40684,9.193,52.75,FALSE,-5.092
8478,BJ0408,2.40689,9.16587,52.75,FALSE,-5.092
8479,BJ0408,2.40693,9.13873,52.75,FALSE,-5.092
8480,BJ0408,2.40698,9.1116,52.75,FALSE,-5.092
8481,BJ0408,2.40702,9.08447,52.75,FALSE,-5.092
8482,BJ0408,2.40707,9.05733,52.75,FALSE,-5.092
8483,BJ0408,2.40711,9.0302,52.75,FALSE,-5.092
8484,BJ0408,2.40716,9.00307,52.98,FALSE,-5.092
8485,BJ0408,2.4072,8.97593,52.75,FALSE,-5.092
8486,BJ0408,2.40724,8.9488,52.75,FALSE,-5.092
8487,BJ0408,2.40729,8.92166,52.75,FALSE,-5.092
8488,BJ0408,2.40733,8.89453,52.75,FALSE,-5.092
8489,BJ0408,2.40738,8.8674,52.75,FALSE,-5.092
8490,BJ0408,2.40742,8.84026,52.75,FALSE,-5.092
8491,BJ0408,2.40746,8.81313,52.75,FALSE,-5.092
8492,BJ0408,2.40751,8.78599,52.75,FALSE,-5.092
8493,BJ0408,2.40755,8.75886,52.75,FALSE,-5.092
8734,BJ0408,2.4336700000000002,9.49151,52.75,FALSE,-5.092
8736,BJ0408,2.43371,9.46438,54.99,FALSE,-5.092
8737,BJ0408,2.43376,9.43725,54.43,FALSE,-5.092
8738,BJ0408,2.4338,9.41011,61.91,FALSE,-5.092
8739,BJ0408,2.43385,9.38298,57.52,FALSE,-5.092
8740,BJ0408,2.43389,9.35585,54.43,FALSE,-5.092
8741,BJ0408,2.43393,9.32871,52.75,FALSE,-5.092
8742,BJ0408,2.43398,9.30158,56.11,FALSE,-5.092
8743,BJ0408,2.43402,9.27445,61.38,FALSE,-5.092
8744,BJ0408,2.43406,9.24731,60.58,FALSE,-5.092
8745,BJ0408,2.43411,9.22018,52.75,FALSE,-5.092
8746,BJ0408,2.43415,9.19304,52.75,FALSE,-5.092
8747,BJ0408,2.43419,9.16591,52.75,FALSE,-5.092
8748,BJ0408,2.43424,9.13878,52.75,FALSE,-5.092
8749,BJ0408,2.4342800000000002,9.11164,52.75,FALSE,-5.092
8750,BJ0408,2.43432,9.08451,52.75,FALSE,-5.092
8751,BJ0408,2.43436,9.05738,52.75,FALSE,-5.092
8752,BJ0408,2.43441,9.03024,53.57,FALSE,-5.092
8753,BJ0408,2.43445,9.00311,52.75,FALSE,-5.092
8754,BJ0408,2.43449,8.97597,52.75,FALSE,-5.092
8755,BJ0408,2.43453,8.94884,52.75,FALSE,-5.092
8756,BJ0408,2.43457,8.92171,52.75,FALSE,-5.092
8757,BJ0408,2.43462,8.89457,52.75,FALSE,-5.092
8758,BJ0408,2.43466,8.86744,52.75,FALSE,-5.092
8759,BJ0408,2.4347,8.8403,52.75,FALSE,-5.092
8760,BJ0408,2.43474,8.81317,52.75,FALSE,-5.092
8761,BJ0408,2.43478,8.78604,52.75,FALSE,-5.092
8762,BJ0408,2.43482,8.7589,52.75,FALSE,-5.092
8993,BJ0408,2.461,9.49156,52.75,FALSE,-5.092
8995,BJ0408,2.46104,9.46442,53.76,FALSE,-5.092
8996,BJ0408,2.46108,9.43729,62.82,FALSE,-5.092
8997,BJ0408,2.46113,9.41016,60.81,FALSE,-5.092
8999,BJ0408,2.46117,9.38302,62.82,FALSE,-5.092
9001,BJ0408,2.46121,9.35589,57.18,FALSE,-5.092
9003,BJ0408,2.46125,9.32875,52.75,FALSE,-5.092
9004,BJ0408,2.46129,9.30162,57.18,FALSE,-5.092
9005,BJ0408,2.46133,9.27449,57.79,FALSE,-5.092
9006,BJ0408,2.46138,9.24735,54.43,FALSE,-5.092
9007,BJ0408,2.46142,9.22022,52.75,FALSE,-5.092
9008,BJ0408,2.46146,9.19309,52.75,FALSE,-5.092
9009,BJ0408,2.4615,9.16595,52.75,FALSE,-5.092
9010,BJ0408,2.46154,9.13882,52.75,FALSE,-5.092
9011,BJ0408,2.46158,9.11168,52.75,FALSE,-5.092
9012,BJ0408,2.46162,9.08455,53.53,FALSE,-5.092
9013,BJ0408,2.46166,9.05742,53.59,FALSE,-5.092
9014,BJ0408,2.4617,9.03028,53.03,FALSE,-5.092
9015,BJ0408,2.46174,9.00315,52.75,FALSE,-5.092
9016,BJ0408,2.46178,8.97601,52.75,FALSE,-5.092
9017,BJ0408,2.46182,8.94888,53.59,FALSE,-5.092
9018,BJ0408,2.46186,8.92175,52.75,FALSE,-5.092
9019,BJ0408,2.4619,8.89461,52.75,FALSE,-5.092
9020,BJ0408,2.46194,8.86748,52.75,FALSE,-5.092
9021,BJ0408,2.46198,8.84034,52.75,FALSE,-5.092
9022,BJ0408,2.46202,8.81321,52.75,FALSE,-5.092
9023,BJ0408,2.46206,8.78608,52.75,FALSE,-5.092
9024,BJ0408,2.4621,8.75894,52.75,FALSE,-5.092
9249,BJ0408,2.48833,9.4916,52.75,FALSE,-5.092
9251,BJ0408,2.48837,9.46446,52.75,FALSE,-5.092
9253,BJ0408,2.48841,9.43733,57.79,FALSE,-5.092
9255,BJ0408,2.48845,9.4102,62.82,FALSE,-5.092
9257,BJ0408,2.48849,9.38306,62.82,FALSE,-5.092
9260,BJ0408,2.48857,9.3288,62.82,FALSE,-5.092
9262,BJ0408,2.48861,9.30166,58.63,FALSE,-5.092
9263,BJ0408,2.48865,9.27453,52.75,FALSE,-5.092
9264,BJ0408,2.48869,9.24739,53.21,FALSE,-5.092
9265,BJ0408,2.48873,9.22026,52.75,FALSE,-5.092
9266,BJ0408,2.48877,9.19313,53.42,FALSE,-5.092
9267,BJ0408,2.4888,9.16599,52.75,FALSE,-5.092
9268,BJ0408,2.48884,9.13886,52.75,FALSE,-5.092
9269,BJ0408,2.48888,9.11172,55.27,FALSE,-5.092
9270,BJ0408,2.48892,9.08459,52.75,FALSE,-5.092
9271,BJ0408,2.48896,9.05746,52.75,FALSE,-5.092
9272,BJ0408,2.489,9.03032,52.75,FALSE,-5.092
9273,BJ0408,2.48904,9.00319,53.11,FALSE,-5.092
9274,BJ0408,2.48907,8.97605,57.51,FALSE,-5.092
9275,BJ0408,2.48911,8.94892,56.38,FALSE,-5.092
9276,BJ0408,2.48915,8.92179,54.58,FALSE,-5.092
9277,BJ0408,2.48919,8.89465,52.75,FALSE,-5.092
9278,BJ0408,2.48922,8.86752,52.75,FALSE,-5.092
9279,BJ0408,2.48926,8.84038,52.75,FALSE,-5.092
9280,BJ0408,2.4893,8.81325,52.75,FALSE,-5.092
9281,BJ0408,2.48934,8.78611,52.75,FALSE,-5.092
9282,BJ0408,2.48937,8.75898,52.75,FALSE,-5.092
9511,BJ0408,2.5157,9.4645,52.75,FALSE,-5.092
9514,BJ0408,2.51574,9.43737,53.31,FALSE,-5.092
9516,BJ0408,2.51577,9.41023,58.79,FALSE,-5.092
9521,BJ0408,2.51592,9.3017,61.56,FALSE,-5.092
9523,BJ0408,2.51596,9.27457,57.79,FALSE,-5.092
9524,BJ0408,2.516,9.24743,52.75,FALSE,-5.092
9525,BJ0408,2.51604,9.2203,52.75,FALSE,-5.092
9526,BJ0408,2.51607,9.19316,52.75,FALSE,-5.092
9527,BJ0408,2.51611,9.16603,55.63,FALSE,-5.092
9528,BJ0408,2.51615,9.1389,59.2,FALSE,-5.092
9529,BJ0408,2.51618,9.11176,56.53,FALSE,-5.092
9530,BJ0408,2.51622,9.08463,60.58,FALSE,-5.092
9531,BJ0408,2.51626,9.05749,57.79,FALSE,-5.092
9532,BJ0408,2.51629,9.03036,54.09,FALSE,-5.092
9533,BJ0408,2.51633,9.00322,53.04,FALSE,-5.092
9534,BJ0408,2.51636,8.97609,60.36,FALSE,-5.092
9535,BJ0408,2.5164,8.94896,76.49,FALSE,-5.092
9536,BJ0408,2.51644,8.92182,75.9,FALSE,-5.092
9537,BJ0408,2.51647,8.89469,59.5,FALSE,-5.092
9538,BJ0408,2.51651,8.86755,53.81,FALSE,-5.092
9539,BJ0408,2.51654,8.84042,52.75,FALSE,-5.092
9540,BJ0408,2.51658,8.81328,52.75,FALSE,-5.092
9541,BJ0408,2.51661,8.78615,52.75,FALSE,-5.092
9542,BJ0408,2.51665,8.75901,52.75,FALSE,-5.092
1864,BJ0501,1.61726,8.59403,65.21,FALSE,7.369
1866,BJ0501,1.61736,8.5669,65.21,FALSE,7.369
1867,BJ0501,1.61746,8.53977,65.21,FALSE,7.369
1868,BJ0501,1.61755,8.51264,65.21,FALSE,7.369
1869,BJ0501,1.61775,8.45839,65.21,FALSE,7.369
1870,BJ0501,1.61784,8.43126,65.21,FALSE,7.369
1871,BJ0501,1.61794,8.40413,65.21,FALSE,7.369
1872,BJ0501,1.61804,8.377,65.21,FALSE,7.369
1873,BJ0501,1.61813,8.34987,65.49,FALSE,7.369
2025,BJ0501,1.64452,8.59412,65.21,FALSE,7.369
2027,BJ0501,1.64461,8.567,65.21,FALSE,7.369
2028,BJ0501,1.64471,8.53987,65.21,FALSE,7.369
2029,BJ0501,1.6448,8.51274,65.21,FALSE,7.369
2030,BJ0501,1.6449,8.48561,65.21,FALSE,7.369
2031,BJ0501,1.64499,8.45848,65.21,FALSE,7.369
2032,BJ0501,1.64509,8.43135,65.21,FALSE,7.369
2033,BJ0501,1.64518,8.40423,65.21,FALSE,7.369
2034,BJ0501,1.64528,8.3771,65.21,FALSE,7.369
2035,BJ0501,1.64537,8.34997,65.21,FALSE,7.369
2036,BJ0501,1.64546,8.32284,65.67,FALSE,7.369
2037,BJ0501,1.64556,8.29571,65.21,FALSE,7.369
2038,BJ0501,1.64565,8.26858,65.21,FALSE,7.369
2039,BJ0501,1.64574,8.24145,65.21,FALSE,7.369
2040,BJ0501,1.64583,8.21433,65.21,FALSE,7.369
2225,BJ0501,1.67177,8.59422,65.21,FALSE,7.369
2227,BJ0501,1.67187,8.56709,65.21,FALSE,7.369
2228,BJ0501,1.67196,8.53996,65.21,FALSE,7.369
2229,BJ0501,1.67205,8.51283,65.21,FALSE,7.369
2230,BJ0501,1.67215,8.4857,65.21,FALSE,7.369
2231,BJ0501,1.67224,8.45858,65.21,FALSE,7.369
2232,BJ0501,1.67233,8.43145,65.21,FALSE,7.369
2233,BJ0501,1.67243,8.40432,65.21,FALSE,7.369
2234,BJ0501,1.67252,8.37719,65.21,FALSE,7.369
2235,BJ0501,1.67261,8.35006,65.21,FALSE,7.369
2236,BJ0501,1.6727,8.32293,65.21,FALSE,7.369
2237,BJ0501,1.67279,8.2958,65.21,FALSE,7.369
2238,BJ0501,1.67288,8.26867,65.21,FALSE,7.369
2239,BJ0501,1.67297,8.24154,65.21,FALSE,7.369
2240,BJ0501,1.67306,8.21442,65.21,FALSE,7.369
2242,BJ0501,1.67315,8.18729,65.21,FALSE,7.369
2430,BJ0501,1.69903,8.59431,65.21,FALSE,7.369
2432,BJ0501,1.69912,8.56718,65.21,FALSE,7.369
2433,BJ0501,1.69921,8.54005,65.21,FALSE,7.369
2434,BJ0501,1.69931,8.51293,65.21,FALSE,7.369
2435,BJ0501,1.6994,8.4858,65.62,FALSE,7.369
2436,BJ0501,1.69949,8.45867,65.21,FALSE,7.369
2437,BJ0501,1.69958,8.43154,65.21,FALSE,7.369
2438,BJ0501,1.69967,8.40441,65.21,FALSE,7.369
2439,BJ0501,1.69976,8.37728,65.42,FALSE,7.369
2440,BJ0501,1.69985,8.35015,65.21,FALSE,7.369
2441,BJ0501,1.69994,8.32302,65.21,FALSE,7.369
2442,BJ0501,1.70003,8.29589,65.21,FALSE,7.369
2443,BJ0501,1.70012,8.26876,65.21,FALSE,7.369
2444,BJ0501,1.70021,8.24163,65.21,FALSE,7.369
2445,BJ0501,1.7003,8.2145,65.21,FALSE,7.369
2446,BJ0501,1.70038,8.18738,65.21,FALSE,7.369
2448,BJ0501,1.70047,8.16025,65.21,FALSE,7.369
2634,BJ0501,1.7262,8.62153,65.21,FALSE,7.369
2636,BJ0501,1.72629,8.5944,65.21,FALSE,7.369
2638,BJ0501,1.72638,8.56727,65.21,FALSE,7.369
2639,BJ0501,1.72647,8.54014,65.21,FALSE,7.369
2640,BJ0501,1.72656,8.51302,66.08,FALSE,7.369
2641,BJ0501,1.72665,8.48589,65.51,FALSE,7.369
2642,BJ0501,1.72674,8.45876,65.21,FALSE,7.369
2643,BJ0501,1.72683,8.43163,65.21,FALSE,7.369
2644,BJ0501,1.72691,8.4045,65.21,FALSE,7.369
2645,BJ0501,1.727,8.37737,65.21,FALSE,7.369
2646,BJ0501,1.72709,8.35024,65.21,FALSE,7.369
2647,BJ0501,1.72718,8.32311,65.21,FALSE,7.369
2648,BJ0501,1.72727,8.29598,65.21,FALSE,7.369
2649,BJ0501,1.72735,8.26885,65.21,FALSE,7.369
2650,BJ0501,1.72744,8.24172,65.21,FALSE,7.369
2651,BJ0501,1.72753,8.21459,65.21,FALSE,7.369
2652,BJ0501,1.72761,8.18746,65.21,FALSE,7.369
2653,BJ0501,1.7277,8.16033,65.21,FALSE,7.369
2854,BJ0501,1.75346,8.62162,65.21,FALSE,7.369
2856,BJ0501,1.75354,8.59449,65.21,FALSE,7.369
2857,BJ0501,1.75363,8.56736,65.21,FALSE,7.369
2858,BJ0501,1.75372,8.54023,65.21,FALSE,7.369
2859,BJ0501,1.75381,8.5131,65.21,FALSE,7.369
2860,BJ0501,1.7539,8.48597,65.21,FALSE,7.369
2861,BJ0501,1.75398,8.45884,65.21,FALSE,7.369
2862,BJ0501,1.75407,8.43171,65.21,FALSE,7.369
2863,BJ0501,1.75416,8.40459,65.21,FALSE,7.369
2864,BJ0501,1.75424,8.37746,65.21,FALSE,7.369
2865,BJ0501,1.75433,8.35033,65.21,FALSE,7.369
2866,BJ0501,1.75442,8.3232,65.21,FALSE,7.369
2867,BJ0501,1.7545,8.29607,65.21,FALSE,7.369
2868,BJ0501,1.75459,8.26894,65.21,FALSE,7.369
2869,BJ0501,1.75467,8.24181,65.21,FALSE,7.369
2870,BJ0501,1.75476,8.21468,65.21,FALSE,7.369
2871,BJ0501,1.75484,8.18755,65.21,FALSE,7.369
2872,BJ0501,1.75493,8.16042,65.21,FALSE,7.369
2874,BJ0501,1.75501,8.13329,65.21,FALSE,7.369
3076,BJ0501,1.78072,8.62171,65.21,FALSE,7.369
3078,BJ0501,1.7808,8.59458,65.21,FALSE,7.369
3079,BJ0501,1.78089,8.56745,65.21,FALSE,7.369
3080,BJ0501,1.78098,8.54032,65.21,FALSE,7.369
3081,BJ0501,1.78106,8.51319,65.21,FALSE,7.369
3082,BJ0501,1.78115,8.48606,65.21,FALSE,7.369
3083,BJ0501,1.78123,8.45893,65.21,FALSE,7.369
3084,BJ0501,1.78132,8.4318,65.21,FALSE,7.369
3085,BJ0501,1.7814,8.40467,65.21,FALSE,7.369
3086,BJ0501,1.78149,8.37754,65.97,FALSE,7.369
3087,BJ0501,1.78157,8.35041,65.21,FALSE,7.369
3088,BJ0501,1.78166,8.32328,65.21,FALSE,7.369
3089,BJ0501,1.78174,8.29615,65.21,FALSE,7.369
3090,BJ0501,1.78182,8.26902,65.21,FALSE,7.369
3091,BJ0501,1.78191,8.24189,65.21,FALSE,7.369
3092,BJ0501,1.78199,8.21476,65.21,FALSE,7.369
3093,BJ0501,1.78207,8.18763,65.21,FALSE,7.369
3094,BJ0501,1.78215,8.1605,65.21,FALSE,7.369
3095,BJ0501,1.78224,8.13337,65.21,FALSE,7.369
3097,BJ0501,1.78232,8.10624,65.21,FALSE,7.369
3300,BJ0501,1.80798,8.62179,65.21,FALSE,7.369
3302,BJ0501,1.80806,8.59466,65.45,FALSE,7.369
3303,BJ0501,1.80815,8.56753,65.21,FALSE,7.369
3304,BJ0501,1.80823,8.5404,65.21,FALSE,7.369
3305,BJ0501,1.80831,8.51327,65.21,FALSE,7.369
3306,BJ0501,1.8084,8.48614,65.21,FALSE,7.369
3307,BJ0501,1.80848,8.45901,65.21,FALSE,7.369
3308,BJ0501,1.80856,8.43188,65.21,FALSE,7.369
3309,BJ0501,1.80865,8.40475,65.21,FALSE,7.369
3310,BJ0501,1.80873,8.37762,65.21,FALSE,7.369
3311,BJ0501,1.80881,8.35049,65.21,FALSE,7.369
3312,BJ0501,1.80889,8.32336,65.21,FALSE,7.369
3313,BJ0501,1.80898,8.29623,65.21,FALSE,7.369
3314,BJ0501,1.80906,8.2691,65.42,FALSE,7.369
3315,BJ0501,1.80914,8.24197,65.21,FALSE,7.369
3316,BJ0501,1.80922,8.21484,65.21,FALSE,7.369
3317,BJ0501,1.8093,8.18771,65.21,FALSE,7.369
3318,BJ0501,1.80938,8.16058,65.21,FALSE,7.369
3319,BJ0501,1.80946,8.13345,65.21,FALSE,7.369
3320,BJ0501,1.80954,8.10632,65.21,FALSE,7.369
3322,BJ0501,1.80962,8.07919,65.21,FALSE,7.369
3532,BJ0501,1.83524,8.62188,65.21,FALSE,7.369
3534,BJ0501,1.83532,8.59475,65.21,FALSE,7.369
3536,BJ0501,1.8354,8.56762,65.21,FALSE,7.369
3537,BJ0501,1.83548,8.54049,65.21,FALSE,7.369
3538,BJ0501,1.83557,8.51336,65.21,FALSE,7.369
3539,BJ0501,1.83565,8.48623,65.21,FALSE,7.369
3540,BJ0501,1.83573,8.4591,65.21,FALSE,7.369
3541,BJ0501,1.83581,8.43197,65.21,FALSE,7.369
3542,BJ0501,1.83589,8.40484,65.21,FALSE,7.369
3543,BJ0501,1.83597,8.37771,65.7,FALSE,7.369
3544,BJ0501,1.83605,8.35057,65.21,FALSE,7.369
3545,BJ0501,1.83613,8.32344,65.21,FALSE,7.369
3546,BJ0501,1.83621,8.29631,65.21,FALSE,7.369
3547,BJ0501,1.83629,8.26918,65.21,FALSE,7.369
3548,BJ0501,1.83637,8.24205,65.21,FALSE,7.369
3549,BJ0501,1.83645,8.21492,65.21,FALSE,7.369
3550,BJ0501,1.83653,8.18779,65.21,FALSE,7.369
3551,BJ0501,1.83661,8.16066,65.21,FALSE,7.369
3552,BJ0501,1.83669,8.13353,65.21,FALSE,7.369
3553,BJ0501,1.83677,8.1064,65.21,FALSE,7.369
3554,BJ0501,1.83684,8.07927,65.49,FALSE,7.369
3759,BJ0501,1.86258,8.59483,65.21,FALSE,7.369
3761,BJ0501,1.86266,8.5677,65.21,FALSE,7.369
3763,BJ0501,1.86274,8.54057,65.21,FALSE,7.369
3764,BJ0501,1.86282,8.51344,65.21,FALSE,7.369
3765,BJ0501,1.8629,8.48631,65.21,FALSE,7.369
3766,BJ0501,1.86298,8.45918,65.21,FALSE,7.369
3767,BJ0501,1.86306,8.43205,65.21,FALSE,7.369
3768,BJ0501,1.86314,8.40492,65.69,FALSE,7.369
3769,BJ0501,1.86322,8.37778,65.21,FALSE,7.369
3770,BJ0501,1.8633,8.35065,65.21,FALSE,7.369
3771,BJ0501,1.86337,8.32352,65.21,FALSE,7.369
3772,BJ0501,1.86345,8.29639,65.21,FALSE,7.369
3773,BJ0501,1.86353,8.26926,65.21,FALSE,7.369
3774,BJ0501,1.86361,8.24213,65.21,FALSE,7.369
3775,BJ0501,1.86369,8.215,65.21,FALSE,7.369
3776,BJ0501,1.86376,8.18787,65.21,FALSE,7.369
3777,BJ0501,1.86384,8.16074,65.21,FALSE,7.369
3778,BJ0501,1.86392,8.13361,65.21,FALSE,7.369
3779,BJ0501,1.86399,8.10647,65.21,FALSE,7.369
3780,BJ0501,1.86407,8.07934,65.21,FALSE,7.369
3988,BJ0501,1.88992,8.56778,65.21,FALSE,7.369
3990,BJ0501,1.89,8.54065,65.21,FALSE,7.369
3991,BJ0501,1.89007,8.51352,65.21,FALSE,7.369
3992,BJ0501,1.89015,8.48639,65.21,FALSE,7.369
3993,BJ0501,1.89023,8.45925,65.21,FALSE,7.369
3994,BJ0501,1.89031,8.43212,65.81,FALSE,7.369
3995,BJ0501,1.89038,8.40499,67.37,FALSE,7.369
3996,BJ0501,1.89046,8.37786,65.21,FALSE,7.369
3997,BJ0501,1.89054,8.35073,65.21,FALSE,7.369
3998,BJ0501,1.89061,8.3236,65.21,FALSE,7.369
3999,BJ0501,1.89069,8.29647,65.51,FALSE,7.369
4000,BJ0501,1.89077,8.26934,65.21,FALSE,7.369
4001,BJ0501,1.89084,8.24221,65.21,FALSE,7.369
4002,BJ0501,1.89092,8.21508,65.21,FALSE,7.369
4003,BJ0501,1.89099,8.18794,65.21,FALSE,7.369
4004,BJ0501,1.89107,8.16081,65.21,FALSE,7.369
4005,BJ0501,1.89114,8.13368,65.21,FALSE,7.369
4006,BJ0501,1.89122,8.10655,65.21,FALSE,7.369
4007,BJ0501,1.89129,8.07942,65.21,FALSE,7.369
4213,BJ0501,1.91717,8.56786,65.21,FALSE,7.369
4215,BJ0501,1.91725,8.54072,65.21,FALSE,7.369
4217,BJ0501,1.91733,8.51359,65.21,FALSE,7.369
4218,BJ0501,1.9174,8.48646,65.21,FALSE,7.369
4219,BJ0501,1.91748,8.45933,65.21,FALSE,7.369
4220,BJ0501,1.91755,8.4322,65.21,FALSE,7.369
4221,BJ0501,1.91763,8.40507,65.21,FALSE,7.369
4222,BJ0501,1.91771,8.37794,65.21,FALSE,7.369
4223,BJ0501,1.91778,8.35081,65.21,FALSE,7.369
4224,BJ0501,1.91785,8.32367,65.21,FALSE,7.369
4225,BJ0501,1.91793,8.29654,65.21,FALSE,7.369
4226,BJ0501,1.918,8.26941,65.21,FALSE,7.369
4227,BJ0501,1.91808,8.24228,65.21,FALSE,7.369
4228,BJ0501,1.91815,8.21515,65.21,FALSE,7.369
4229,BJ0501,1.91822,8.18802,65.21,FALSE,7.369
4230,BJ0501,1.9183,8.16089,65.21,FALSE,7.369
4231,BJ0501,1.91837,8.13375,65.21,FALSE,7.369
4232,BJ0501,1.91844,8.10662,65.21,FALSE,7.369
4233,BJ0501,1.91851,8.07949,65.21,FALSE,7.369
4440,BJ0501,1.94443,8.56793,65.21,FALSE,7.369
4442,BJ0501,1.94451,8.5408,65.21,FALSE,7.369
4444,BJ0501,1.94458,8.51367,65.21,FALSE,7.369
4445,BJ0501,1.94466,8.48654,65.21,FALSE,7.369
4446,BJ0501,1.94473,8.45941,65.21,FALSE,7.369
4447,BJ0501,1.9448,8.43227,65.21,FALSE,7.369
4448,BJ0501,1.94488,8.40514,65.21,FALSE,7.369
4449,BJ0501,1.94495,8.37801,65.21,FALSE,7.369
4450,BJ0501,1.94502,8.35088,65.21,FALSE,7.369
4451,BJ0501,1.9451,8.32375,65.21,FALSE,7.369
4452,BJ0501,1.94517,8.29662,65.21,FALSE,7.369
4453,BJ0501,1.94524,8.26948,65.21,FALSE,7.369
4454,BJ0501,1.94531,8.24235,65.21,FALSE,7.369
4455,BJ0501,1.94538,8.21522,65.21,FALSE,7.369
4456,BJ0501,1.94546,8.18809,65.21,FALSE,7.369
4457,BJ0501,1.94553,8.16096,65.21,FALSE,7.369
4458,BJ0501,1.9456,8.13383,65.21,FALSE,7.369
4459,BJ0501,1.94567,8.10669,65.21,FALSE,7.369
4460,BJ0501,1.94574,8.07956,65.21,FALSE,7.369
4673,BJ0501,1.97176,8.54087,65.21,FALSE,7.369
4675,BJ0501,1.97184,8.51374,65.21,FALSE,7.369
4677,BJ0501,1.97191,8.48661,65.21,FALSE,7.369
4678,BJ0501,1.97198,8.45948,65.21,FALSE,7.369
4679,BJ0501,1.97205,8.43235,65.21,FALSE,7.369
4680,BJ0501,1.97212,8.40521,65.21,FALSE,7.369
4681,BJ0501,1.97219,8.37808,65.21,FALSE,7.369
4682,BJ0501,1.97227,8.35095,65.21,FALSE,7.369
4683,BJ0501,1.97234,8.32382,65.21,FALSE,7.369
4684,BJ0501,1.97241,8.29669,65.21,FALSE,7.369
4685,BJ0501,1.97248,8.26956,65.21,FALSE,7.369
4686,BJ0501,1.97255,8.24242,65.21,FALSE,7.369
4687,BJ0501,1.97262,8.21529,65.21,FALSE,7.369
4688,BJ0501,1.97269,8.18816,65.21,FALSE,7.369
4689,BJ0501,1.97276,8.16103,65.21,FALSE,7.369
4690,BJ0501,1.97283,8.1339,65.21,FALSE,7.369
4691,BJ0501,1.97289,8.10676,65.21,FALSE,7.369
4692,BJ0501,1.97296,8.07963,65.21,FALSE,7.369
4902,BJ0501,1.99909,8.51381,65.21,FALSE,7.369
4904,BJ0501,1.99916,8.48668,65.21,FALSE,7.369
4905,BJ0501,1.99923,8.45955,65.21,FALSE,7.369
4906,BJ0501,1.9993,8.43242,65.21,FALSE,7.369
4907,BJ0501,1.99937,8.40529,65.21,FALSE,7.369
4908,BJ0501,1.99944,8.37815,65.21,FALSE,7.369
4909,BJ0501,1.99951,8.35102,65.21,FALSE,7.369
4910,BJ0501,1.99958,8.32389,65.21,FALSE,7.369
4911,BJ0501,1.99965,8.29676,65.21,FALSE,7.369
4912,BJ0501,1.99971,8.26962,65.21,FALSE,7.369
4913,BJ0501,1.99978,8.24249,65.21,FALSE,7.369
4914,BJ0501,1.99985,8.21536,65.21,FALSE,7.369
4915,BJ0501,1.99992,8.18823,65.21,FALSE,7.369
4916,BJ0501,1.99999,8.1611,65.21,FALSE,7.369
4917,BJ0501,2.00005,8.13396,65.21,FALSE,7.369
4918,BJ0501,2.00012,8.10683,65.21,FALSE,7.369
4919,BJ0501,2.00019,8.0797,65.21,FALSE,7.369
5117,BJ0501,2.02634,8.51388,65.21,FALSE,7.369
5119,BJ0501,2.02641,8.48675,65.21,FALSE,7.369
5120,BJ0501,2.02648,8.45962,65.21,FALSE,7.369
5121,BJ0501,2.02655,8.43249,65.21,FALSE,7.369
5122,BJ0501,2.02662,8.40535,65.21,FALSE,7.369
5123,BJ0501,2.02668,8.37822,65.21,FALSE,7.369
5124,BJ0501,2.02675,8.35109,65.21,FALSE,7.369
5125,BJ0501,2.02682,8.32396,65.21,FALSE,7.369
5126,BJ0501,2.02689,8.29682,65.21,FALSE,7.369
5127,BJ0501,2.02695,8.26969,65.21,FALSE,7.369
5128,BJ0501,2.02702,8.24256,65.21,FALSE,7.369
5129,BJ0501,2.02708,8.21543,65.21,FALSE,7.369
5130,BJ0501,2.02715,8.18829,65.21,FALSE,7.369
5131,BJ0501,2.02722,8.16116,65.21,FALSE,7.369
5132,BJ0501,2.02728,8.13403,65.21,FALSE,7.369
5133,BJ0501,2.02735,8.1069,65.21,FALSE,7.369
5134,BJ0501,2.02741,8.07976,65.21,FALSE,7.369
5344,BJ0501,2.0536,8.51395,65.21,FALSE,7.369
5346,BJ0501,2.05367,8.48682,65.21,FALSE,7.369
5347,BJ0501,2.05373,8.45968,65.21,FALSE,7.369
5348,BJ0501,2.0538,8.43255,65.21,FALSE,7.369
5349,BJ0501,2.05386,8.40542,65.21,FALSE,7.369
5350,BJ0501,2.05393,8.37829,65.21,FALSE,7.369
5351,BJ0501,2.05399,8.35116,65.21,FALSE,7.369
5352,BJ0501,2.05406,8.32402,65.21,FALSE,7.369
5353,BJ0501,2.05413,8.29689,65.21,FALSE,7.369
5354,BJ0501,2.05419,8.26976,65.21,FALSE,7.369
5355,BJ0501,2.05425,8.24262,65.21,FALSE,7.369
5356,BJ0501,2.05432,8.21549,65.21,FALSE,7.369
5357,BJ0501,2.05438,8.18836,65.21,FALSE,7.369
5358,BJ0501,2.05445,8.16123,65.21,FALSE,7.369
5359,BJ0501,2.05451,8.13409,65.21,FALSE,7.369
5360,BJ0501,2.05457,8.10696,65.21,FALSE,7.369
5361,BJ0501,2.05464,8.07983,65.21,FALSE,7.369
5589,BJ0501,2.08085,8.51401,65.21,FALSE,7.369
5591,BJ0501,2.08092,8.48688,65.21,FALSE,7.369
5593,BJ0501,2.08098,8.45975,65.21,FALSE,7.369
5594,BJ0501,2.08105,8.43262,65.21,FALSE,7.369
5595,BJ0501,2.08111,8.40548,65.21,FALSE,7.369
5596,BJ0501,2.08117,8.37835,65.21,FALSE,7.369
5597,BJ0501,2.08124,8.35122,65.21,FALSE,7.369
5598,BJ0501,2.0813,8.32409,65.21,FALSE,7.369
5600,BJ0501,2.08136,8.29695,65.21,FALSE,7.369
5602,BJ0501,2.08143,8.26982,65.21,FALSE,7.369
5604,BJ0501,2.08149,8.24269,65.21,FALSE,7.369
5606,BJ0501,2.08155,8.21556,65.21,FALSE,7.369
5608,BJ0501,2.08162,8.18842,65.21,FALSE,7.369
5610,BJ0501,2.08168,8.16129,65.21,FALSE,7.369
5611,BJ0501,2.08174,8.13416,65.21,FALSE,7.369
5612,BJ0501,2.0818,8.10702,68.57,FALSE,7.369
5614,BJ0501,2.08186,8.07989,74.82,FALSE,7.369
5837,BJ0501,2.10817,8.48695,65.21,FALSE,7.369
5839,BJ0501,2.10823,8.45981,65.21,FALSE,7.369
5841,BJ0501,2.1083,8.43268,65.21,FALSE,7.369
5843,BJ0501,2.10836,8.40555,65.21,FALSE,7.369
5845,BJ0501,2.10842,8.37841,65.21,FALSE,7.369
5847,BJ0501,2.10848,8.35128,65.21,FALSE,7.369
5849,BJ0501,2.10854,8.32415,65.21,FALSE,7.369
5855,BJ0501,2.10885,8.18848,65.21,FALSE,7.369
5857,BJ0501,2.10891,8.16135,65.21,FALSE,7.369
5859,BJ0501,2.10897,8.13422,65.21,FALSE,7.369
5862,BJ0501,2.10903,8.10708,75.28,FALSE,7.369
6085,BJ0501,2.13543,8.48701,65.21,FALSE,7.369
6088,BJ0501,2.13549,8.45987,65.21,FALSE,7.369
5372,BJ0502,2.0552,7.83563,55.46,FALSE,-2.648
5374,BJ0502,2.05526,7.8085,59.14,FALSE,-2.648
5376,BJ0502,2.05532,7.78137,56.81,FALSE,-2.648
5378,BJ0502,2.05538,7.75423,55.2,FALSE,-2.648
5380,BJ0502,2.05544,7.7271,56.31,FALSE,-2.648
5382,BJ0502,2.0555,7.69997,55.63,FALSE,-2.648
5384,BJ0502,2.05556,7.67283,57.92,FALSE,-2.648
5386,BJ0502,2.05562,7.6457,58.12,FALSE,-2.648
5623,BJ0502,2.08229,7.88996,59.67,FALSE,-2.648
5625,BJ0502,2.08235,7.86282,57.43,FALSE,-2.648
5627,BJ0502,2.08241,7.83569,58.97,FALSE,-2.648
5628,BJ0502,2.08246,7.80856,65.26,FALSE,-2.648
5629,BJ0502,2.08252,7.78142,59.67,FALSE,-2.648
5630,BJ0502,2.08258,7.75429,63.25,FALSE,-2.648
5631,BJ0502,2.08264,7.72716,59.92,FALSE,-2.648
5632,BJ0502,2.0827,7.70002,57.14,FALSE,-2.648
5633,BJ0502,2.08276,7.67289,57.43,FALSE,-2.648
5635,BJ0502,2.08282,7.64576,58.44,FALSE,-2.648
5637,BJ0502,2.0828700000000002,7.61862,61.29,FALSE,-2.648
5877,BJ0502,2.10938,7.94428,64.81,FALSE,-2.648
5879,BJ0502,2.10944,7.91715,60.23,FALSE,-2.648
5881,BJ0502,2.1095,7.89002,59.22,FALSE,-2.648
5882,BJ0502,2.10956,7.86288,60.23,FALSE,-2.648
5883,BJ0502,2.10961,7.83575,63.59,FALSE,-2.648
5884,BJ0502,2.10967,7.80862,62.75,FALSE,-2.648
5885,BJ0502,2.10973,7.78148,63.25,FALSE,-2.648
5886,BJ0502,2.10979,7.75435,65.26,FALSE,-2.648
5887,BJ0502,2.10984,7.72722,63.65,FALSE,-2.648
5888,BJ0502,2.1099,7.70008,60.69,FALSE,-2.648
5889,BJ0502,2.10996,7.67295,59.46,FALSE,-2.648
5890,BJ0502,2.11001,7.64581,63.49,FALSE,-2.648
5892,BJ0502,2.11007,7.61868,63.53,FALSE,-2.648
5894,BJ0502,2.11013,7.59155,60.82,FALSE,-2.648
6111,BJ0502,2.1366,7.94434,65.26,FALSE,-2.648
6112,BJ0502,2.13666,7.91721,65.26,FALSE,-2.648
6113,BJ0502,2.13671,7.89007,65.26,FALSE,-2.648
6114,BJ0502,2.13677,7.86294,65.26,FALSE,-2.648
6115,BJ0502,2.13682,7.83581,65.26,FALSE,-2.648
6116,BJ0502,2.13688,7.80867,65.26,FALSE,-2.648
6117,BJ0502,2.13694,7.78154,65.26,FALSE,-2.648
6118,BJ0502,2.13699,7.75441,65.26,FALSE,-2.648
6119,BJ0502,2.13705,7.72727,65.26,FALSE,-2.648
6120,BJ0502,2.1371000000000002,7.70014,65.26,FALSE,-2.648
6121,BJ0502,2.13716,7.673,59.31,FALSE,-2.648
6122,BJ0502,2.13721,7.64587,58.9,FALSE,-2.648
6123,BJ0502,2.13727,7.61874,64.92,FALSE,-2.648
6125,BJ0502,2.13732,7.5916,63.43,FALSE,-2.648
6129,BJ0502,2.13737,7.56447,64.09,FALSE,-2.648
6344,BJ0502,2.16382,7.9444,65.26,FALSE,-2.648
6346,BJ0502,2.16387,7.91726,65.26,FALSE,-2.648
6348,BJ0502,2.16393,7.89013,65.26,FALSE,-2.648
6350,BJ0502,2.16398,7.863,65.26,FALSE,-2.648
6351,BJ0502,2.16403,7.83586,65.26,FALSE,-2.648
6352,BJ0502,2.16409,7.80873,65.26,FALSE,-2.648
6353,BJ0502,2.16414,7.78159,65.26,FALSE,-2.648
6354,BJ0502,2.1642,7.75446,65.26,FALSE,-2.648
6355,BJ0502,2.16425,7.72733,62.97,FALSE,-2.648
6356,BJ0502,2.1643,7.70019,65.26,FALSE,-2.648
6357,BJ0502,2.16436,7.67306,64.01,FALSE,-2.648
6358,BJ0502,2.16441,7.64592,65.26,FALSE,-2.648
6359,BJ0502,2.16446,7.61879,65.26,FALSE,-2.648
6360,BJ0502,2.16451,7.59165,64.95,FALSE,-2.648
6362,BJ0502,2.16457,7.56452,65.26,FALSE,-2.648
6365,BJ0502,2.16462,7.53739,66.65,FALSE,-2.648
6591,BJ0502,2.19119,7.86305,65.26,FALSE,-2.648
6593,BJ0502,2.19124,7.83591,65.26,FALSE,-2.648
6594,BJ0502,2.1913,7.80878,65.26,FALSE,-2.648
6595,BJ0502,2.19135,7.78165,65.26,FALSE,-2.648
6596,BJ0502,2.1914,7.75451,65.26,FALSE,-2.648
6597,BJ0502,2.19145,7.72738,65.26,FALSE,-2.648
6598,BJ0502,2.1915,7.70024,65.26,FALSE,-2.648
6599,BJ0502,2.19155,7.67311,64.35,FALSE,-2.648
6600,BJ0502,2.19161,7.64597,65.26,FALSE,-2.648
6601,BJ0502,2.19166,7.61884,65.26,FALSE,-2.648
6602,BJ0502,2.19171,7.59171,64.97,FALSE,-2.648
6603,BJ0502,2.19176,7.56457,65.26,FALSE,-2.648
6606,BJ0502,2.19181,7.53744,66.45,FALSE,-2.648
6837,BJ0502,2.21845,7.83597,64.31,FALSE,-2.648
6838,BJ0502,2.2185,7.80883,65.26,FALSE,-2.648
6839,BJ0502,2.21855,7.7817,65.26,FALSE,-2.648
6840,BJ0502,2.2186,7.75456,65.26,FALSE,-2.648
6841,BJ0502,2.21865,7.72743,65.26,FALSE,-2.648
6842,BJ0502,2.2187,7.70029,65.26,FALSE,-2.648
6843,BJ0502,2.21875,7.67316,65.26,FALSE,-2.648
6844,BJ0502,2.2188,7.64602,65.26,FALSE,-2.648
6845,BJ0502,2.21885,7.61889,64.49,FALSE,-2.648
6846,BJ0502,2.2189,7.59176,60.95,FALSE,-2.648
6847,BJ0502,2.21895,7.56462,63.25,FALSE,-2.648
6849,BJ0502,2.219,7.53749,65.26,FALSE,-2.648
7093,BJ0502,2.24562,7.86315,65.26,FALSE,-2.648
7095,BJ0502,2.24566,7.83602,60.23,FALSE,-2.648
7096,BJ0502,2.24571,7.80888,65.26,FALSE,-2.648
7097,BJ0502,2.24576,7.78175,65.26,FALSE,-2.648
7098,BJ0502,2.24581,7.75461,65.26,FALSE,-2.648
7099,BJ0502,2.24586,7.72748,65.26,FALSE,-2.648
7100,BJ0502,2.24591,7.70034,65.26,FALSE,-2.648
7101,BJ0502,2.24595,7.67321,65.26,FALSE,-2.648
7102,BJ0502,2.246,7.64607,65.26,FALSE,-2.648
7103,BJ0502,2.24605,7.61894,65.26,FALSE,-2.648
7104,BJ0502,2.2461,7.5918,61.65,FALSE,-2.648
7105,BJ0502,2.24614,7.56467,60.57,FALSE,-2.648
7107,BJ0502,2.24619,7.53753,65.26,FALSE,-2.648
7323,BJ0502,2.27278,7.89033,65.26,FALSE,-2.648
7325,BJ0502,2.27283,7.8632,65.26,FALSE,-2.648
7326,BJ0502,2.27287,7.83606,65.26,FALSE,-2.648
7327,BJ0502,2.27292,7.80893,65.26,FALSE,-2.648
7328,BJ0502,2.27297,7.78179,65.26,FALSE,-2.648
7329,BJ0502,2.27301,7.75466,65.26,FALSE,-2.648
7330,BJ0502,2.27306,7.72752,64.83,FALSE,-2.648
7331,BJ0502,2.27311,7.70039,65.02,FALSE,-2.648
7332,BJ0502,2.27315,7.67325,65.26,FALSE,-2.648
7333,BJ0502,2.2732,7.64612,65.02,FALSE,-2.648
7334,BJ0502,2.27325,7.61898,64.2,FALSE,-2.648
7335,BJ0502,2.27329,7.59185,64.55,FALSE,-2.648
7336,BJ0502,2.27334,7.56471,61.6,FALSE,-2.648
7338,BJ0502,2.27338,7.53758,64.64,FALSE,-2.648
7340,BJ0502,2.27343,7.51044,65.26,FALSE,-2.648
7549,BJ0502,2.29999,7.89038,65.26,FALSE,-2.648
7550,BJ0502,2.30004,7.86324,65.26,FALSE,-2.648
7551,BJ0502,2.30008,7.83611,65.26,FALSE,-2.648
7552,BJ0502,2.30013,7.80897,65.26,FALSE,-2.648
7553,BJ0502,2.30018,7.78184,65.26,FALSE,-2.648
7554,BJ0502,2.30022,7.7547,65.26,FALSE,-2.648
7555,BJ0502,2.30026,7.72757,64.92,FALSE,-2.648
7556,BJ0502,2.30031,7.70043,64.71,FALSE,-2.648
7557,BJ0502,2.30035,7.6733,64.31,FALSE,-2.648
7558,BJ0502,2.3004,7.64616,65.26,FALSE,-2.648
7559,BJ0502,2.30044,7.61903,62.96,FALSE,-2.648
7560,BJ0502,2.30049,7.59189,61.35,FALSE,-2.648
7561,BJ0502,2.30053,7.56476,60.23,FALSE,-2.648
7562,BJ0502,2.30057,7.53762,61.49,FALSE,-2.648
7563,BJ0502,2.30062,7.51049,65.03,FALSE,-2.648
7566,BJ0502,2.30066,7.48335,62.47,FALSE,-2.648
7791,BJ0502,2.32716,7.91756,65.26,FALSE,-2.648
7793,BJ0502,2.32721,7.89042,65.26,FALSE,-2.648
7794,BJ0502,2.32725,7.86329,65.26,FALSE,-2.648
7795,BJ0502,2.3273,7.83615,65.26,FALSE,-2.648
7796,BJ0502,2.32734,7.80902,63.83,FALSE,-2.648
7797,BJ0502,2.32738,7.78188,65.26,FALSE,-2.648
7798,BJ0502,2.32743,7.75475,65.26,FALSE,-2.648
7799,BJ0502,2.32747,7.72761,65.05,FALSE,-2.648
7800,BJ0502,2.32751,7.70048,65.02,FALSE,-2.648
7801,BJ0502,2.32755,7.67334,64.65,FALSE,-2.648
7802,BJ0502,2.3276,7.64621,63.97,FALSE,-2.648
7803,BJ0502,2.32764,7.61907,62.52,FALSE,-2.648
7804,BJ0502,2.32768,7.59194,64.26,FALSE,-2.648
7805,BJ0502,2.32772,7.5648,61.31,FALSE,-2.648
7806,BJ0502,2.32777,7.53767,60.79,FALSE,-2.648
7807,BJ0502,2.32781,7.51053,63.72,FALSE,-2.648
7808,BJ0502,2.32785,7.4834,60.57,FALSE,-2.648
8035,BJ0502,2.35438,7.9176,65.26,FALSE,-2.648
8036,BJ0502,2.35442,7.89047,65.26,FALSE,-2.648
8037,BJ0502,2.35446,7.86333,65.26,FALSE,-2.648
8038,BJ0502,2.35451,7.8362,65.26,FALSE,-2.648
8039,BJ0502,2.35455,7.80906,65.26,FALSE,-2.648
8040,BJ0502,2.35459,7.78193,64.86,FALSE,-2.648
8041,BJ0502,2.35463,7.75479,66.38,FALSE,-2.648
8042,BJ0502,2.35467,7.72766,65.26,FALSE,-2.648
8043,BJ0502,2.35471,7.70052,65.26,FALSE,-2.648
8044,BJ0502,2.35475,7.67338,62.82,FALSE,-2.648
8045,BJ0502,2.3548,7.64625,64.89,FALSE,-2.648
8046,BJ0502,2.35484,7.61911,65.01,FALSE,-2.648
8047,BJ0502,2.35488,7.59198,65.26,FALSE,-2.648
8048,BJ0502,2.35492,7.56484,62.61,FALSE,-2.648
8049,BJ0502,2.35496,7.53771,63.59,FALSE,-2.648
8050,BJ0502,2.355,7.51057,65.26,FALSE,-2.648
8051,BJ0502,2.35504,7.48344,64.55,FALSE,-2.648
8053,BJ0502,2.35508,7.4563,59.22,FALSE,-2.648
8282,BJ0502,2.3816,7.91764,62.97,FALSE,-2.648
8284,BJ0502,2.38164,7.89051,65.26,FALSE,-2.648
8286,BJ0502,2.38168,7.86337,55.2,FALSE,-2.648
8288,BJ0502,2.38172,7.83624,65.26,FALSE,-2.648
8290,BJ0502,2.38176,7.8091,65.26,FALSE,-2.648
8291,BJ0502,2.3818,7.78197,63.38,FALSE,-2.648
8292,BJ0502,2.38184,7.75483,65.26,FALSE,-2.648
8293,BJ0502,2.38188,7.7277,65.26,FALSE,-2.648
8294,BJ0502,2.38192,7.70056,65.26,FALSE,-2.648
8295,BJ0502,2.38196,7.67342,63.03,FALSE,-2.648
8296,BJ0502,2.38199,7.64629,64.61,FALSE,-2.648
8297,BJ0502,2.38203,7.61915,65.26,FALSE,-2.648
8298,BJ0502,2.38207,7.59202,65.26,FALSE,-2.648
8299,BJ0502,2.38211,7.56488,63.51,FALSE,-2.648
8300,BJ0502,2.38215,7.53775,59.89,FALSE,-2.648
8301,BJ0502,2.38219,7.51061,64.15,FALSE,-2.648
8302,BJ0502,2.38223,7.48348,65.26,FALSE,-2.648
8303,BJ0502,2.38226,7.45634,55.2,FALSE,-2.648
8531,BJ0502,2.40897,7.80914,63.43,FALSE,-2.648
8532,BJ0502,2.409,7.78201,61.12,FALSE,-2.648
8533,BJ0502,2.40904,7.75487,60.23,FALSE,-2.648
8534,BJ0502,2.40908,7.72773,63.25,FALSE,-2.648
8535,BJ0502,2.40912,7.7006,64.43,FALSE,-2.648
8536,BJ0502,2.40916,7.67346,65.26,FALSE,-2.648
8537,BJ0502,2.40919,7.64633,63.83,FALSE,-2.648
8538,BJ0502,2.40923,7.61919,65.26,FALSE,-2.648
8539,BJ0502,2.40927,7.59206,64.91,FALSE,-2.648
8540,BJ0502,2.4093,7.56492,64.01,FALSE,-2.648
8541,BJ0502,2.40934,7.53778,63.25,FALSE,-2.648
8542,BJ0502,2.40938,7.51065,62.97,FALSE,-2.648
8544,BJ0502,2.40941,7.48351,65.26,FALSE,-2.648
8546,BJ0502,2.40945,7.45638,60.23,FALSE,-2.648
8549,BJ0502,2.40949,7.42924,55.2,FALSE,-2.648
8800,BJ0502,2.43618,7.80918,56.87,FALSE,-2.648
8802,BJ0502,2.43621,7.78204,60.62,FALSE,-2.648
8803,BJ0502,2.43625,7.75491,58.75,FALSE,-2.648
8804,BJ0502,2.43628,7.72777,59.98,FALSE,-2.648
8805,BJ0502,2.43632,7.70064,63.31,FALSE,-2.648
8806,BJ0502,2.43636,7.6735,62.61,FALSE,-2.648
8807,BJ0502,2.43639,7.64636,61.41,FALSE,-2.648
8808,BJ0502,2.43643,7.61923,60.06,FALSE,-2.648
8809,BJ0502,2.43646,7.59209,63.03,FALSE,-2.648
8810,BJ0502,2.4365,7.56496,56.63,FALSE,-2.648
8812,BJ0502,2.43653,7.53782,56.63,FALSE,-2.648
8814,BJ0502,2.43657,7.51068,57.21,FALSE,-2.648
8816,BJ0502,2.4366,7.48355,62.97,FALSE,-2.648
9063,BJ0502,2.46342,7.78208,58.9,FALSE,-2.648
9065,BJ0502,2.46346,7.75494,56.45,FALSE,-2.648
9067,BJ0502,2.46349,7.72781,56.79,FALSE,-2.648
9069,BJ0502,2.46352,7.70067,59.01,FALSE,-2.648
9070,BJ0502,2.46356,7.67353,57.94,FALSE,-2.648
9072,BJ0502,2.46359,7.6464,59.6,FALSE,-2.648
9074,BJ0502,2.46363,7.61926,55.79,FALSE,-2.648
9076,BJ0502,2.46366,7.59213,56.31,FALSE,-2.648
9078,BJ0502,2.46369,7.56499,56.45,FALSE,-2.648
9080,BJ0502,2.46373,7.53785,55.2,FALSE,-2.648
9330,BJ0502,2.49073,7.7007,55.79,FALSE,-2.648
9333,BJ0502,2.49076,7.67357,55.2,FALSE,-2.648
9335,BJ0502,2.49079,7.64643,55.2,FALSE,-2.648
5599,BJ0503,2.0813,8.32409,53.7,FALSE,-4.143
5601,BJ0503,2.08136,8.29695,53.7,FALSE,-4.143
5603,BJ0503,2.08143,8.26982,53.7,FALSE,-4.143
5605,BJ0503,2.08149,8.24269,53.7,FALSE,-4.143
5607,BJ0503,2.08155,8.21556,53.7,FALSE,-4.143
5609,BJ0503,2.08162,8.18842,53.7,FALSE,-4.143
5840,BJ0503,2.10823,8.45981,53.7,FALSE,-4.143
5842,BJ0503,2.1083,8.43268,53.7,FALSE,-4.143
5844,BJ0503,2.10836,8.40555,53.7,FALSE,-4.143
5846,BJ0503,2.10842,8.37841,53.7,FALSE,-4.143
5848,BJ0503,2.10848,8.35128,53.7,FALSE,-4.143
5850,BJ0503,2.10854,8.32415,53.7,FALSE,-4.143
5851,BJ0503,2.1086,8.29702,53.7,FALSE,-4.143
5852,BJ0503,2.10867,8.26988,53.7,FALSE,-4.143
5853,BJ0503,2.10873,8.24275,53.7,FALSE,-4.143
5854,BJ0503,2.10879,8.21562,53.7,FALSE,-4.143
5856,BJ0503,2.10885,8.18848,53.7,FALSE,-4.143
5858,BJ0503,2.10891,8.16135,53.7,FALSE,-4.143
5860,BJ0503,2.10897,8.13422,53.7,FALSE,-4.143
5863,BJ0503,2.10903,8.10708,63.77,FALSE,-4.143
5865,BJ0503,2.10909,8.07995,63.77,FALSE,-4.143
5867,BJ0503,2.10915,8.05282,63.77,FALSE,-4.143
5869,BJ0503,2.10921,8.02568,63.77,FALSE,-4.143
5871,BJ0503,2.10927,7.99855,63.77,FALSE,-4.143
5873,BJ0503,2.10932,7.97142,63.77,FALSE,-4.143
5875,BJ0503,2.10938,7.94428,63.31,FALSE,-4.143
6083,BJ0503,2.13536,8.51414,53.7,FALSE,-4.143
6086,BJ0503,2.13543,8.48701,53.7,FALSE,-4.143
6089,BJ0503,2.13549,8.45987,53.7,FALSE,-4.143
6090,BJ0503,2.13555,8.43274,53.7,FALSE,-4.143
6091,BJ0503,2.13561,8.40561,53.7,FALSE,-4.143
6092,BJ0503,2.13567,8.37847,53.7,FALSE,-4.143
6093,BJ0503,2.13573,8.35134,53.7,FALSE,-4.143
6094,BJ0503,2.13579,8.32421,54.14,FALSE,-4.143
6095,BJ0503,2.13585,8.29708,56.07,FALSE,-4.143
6096,BJ0503,2.1359,8.26994,54.82,FALSE,-4.143
6097,BJ0503,2.13596,8.24281,53.7,FALSE,-4.143
6098,BJ0503,2.13602,8.21568,53.7,FALSE,-4.143
6099,BJ0503,2.13608,8.18854,53.7,FALSE,-4.143
6100,BJ0503,2.13614,8.16141,57.51,FALSE,-4.143
6101,BJ0503,2.1362,8.13428,58.73,FALSE,-4.143
6102,BJ0503,2.13626,8.10714,63.77,FALSE,-4.143
6104,BJ0503,2.13631,8.08001,63.77,FALSE,-4.143
6106,BJ0503,2.13637,8.05288,63.77,FALSE,-4.143
6107,BJ0503,2.13643,8.02574,63.77,FALSE,-4.143
6108,BJ0503,2.1364899999999998,7.99861,63.77,FALSE,-4.143
6109,BJ0503,2.13654,7.97148,63.77,FALSE,-4.143
6110,BJ0503,2.1366,7.94434,63.77,FALSE,-4.143
6320,BJ0503,2.16262,8.5142,53.7,FALSE,-4.143
6322,BJ0503,2.16268,8.48707,53.7,FALSE,-4.143
6324,BJ0503,2.16274,8.45993,53.7,FALSE,-4.143
6325,BJ0503,2.1628,8.4328,53.7,FALSE,-4.143
6326,BJ0503,2.16285,8.40567,53.7,FALSE,-4.143
6327,BJ0503,2.16291,8.37853,53.7,FALSE,-4.143
6328,BJ0503,2.16297,8.3514,53.7,FALSE,-4.143
6329,BJ0503,2.16303,8.32427,54.28,FALSE,-4.143
6330,BJ0503,2.16309,8.29713,55.9,FALSE,-4.143
6331,BJ0503,2.16314,8.27,58.73,FALSE,-4.143
6332,BJ0503,2.1632,8.24287,55.29,FALSE,-4.143
6333,BJ0503,2.16326,8.21573,54.71,FALSE,-4.143
6334,BJ0503,2.16331,8.1886,53.7,FALSE,-4.143
6335,BJ0503,2.16337,8.16147,53.7,FALSE,-4.143
6336,BJ0503,2.16343,8.13433,57.06,FALSE,-4.143
6337,BJ0503,2.16348,8.1072,63.77,FALSE,-4.143
6338,BJ0503,2.16354,8.08007,63.77,FALSE,-4.143
6339,BJ0503,2.16359,8.05293,63.77,FALSE,-4.143
6340,BJ0503,2.16365,8.0258,63.77,FALSE,-4.143
6341,BJ0503,2.16371,7.99866,63.77,FALSE,-4.143
6342,BJ0503,2.16376,7.97153,63.77,FALSE,-4.143
6343,BJ0503,2.16382,7.9444,63.77,FALSE,-4.143
6345,BJ0503,2.16387,7.91726,63.77,FALSE,-4.143
6347,BJ0503,2.16393,7.89013,63.77,FALSE,-4.143
6349,BJ0503,2.16398,7.863,63.77,FALSE,-4.143
6564,BJ0503,2.18988,8.51426,54.42,FALSE,-4.143
6566,BJ0503,2.18993,8.4871200000000009,53.7,FALSE,-4.143
6568,BJ0503,2.18999,8.45999,53.7,FALSE,-4.143
6569,BJ0503,2.19005,8.43286,53.7,FALSE,-4.143
6570,BJ0503,2.1901,8.40572,53.7,FALSE,-4.143
6571,BJ0503,2.19016,8.37859,53.7,FALSE,-4.143
6572,BJ0503,2.19021,8.35146,53.7,FALSE,-4.143
6573,BJ0503,2.19027,8.32432,53.7,FALSE,-4.143
6574,BJ0503,2.19033,8.29719,53.7,FALSE,-4.143
6575,BJ0503,2.19038,8.27006,56.07,FALSE,-4.143
6576,BJ0503,2.19044,8.24292,56.39,FALSE,-4.143
6577,BJ0503,2.19049,8.21579,58.4,FALSE,-4.143
6578,BJ0503,2.19055,8.18866,53.7,FALSE,-4.143
6579,BJ0503,2.1906,8.16152,53.7,FALSE,-4.143
6580,BJ0503,2.19066,8.13439,55.14,FALSE,-4.143
6581,BJ0503,2.19071,8.10725,62.69,FALSE,-4.143
6582,BJ0503,2.19076,8.08012,63.77,FALSE,-4.143
6583,BJ0503,2.19082,8.05299,63.77,FALSE,-4.143
6584,BJ0503,2.19087,8.02585,63.77,FALSE,-4.143
6585,BJ0503,2.19093,7.99872,63.77,FALSE,-4.143
6586,BJ0503,2.19098,7.97158,63.77,FALSE,-4.143
6587,BJ0503,2.19103,7.94445,63.77,FALSE,-4.143
6588,BJ0503,2.19109,7.91732,63.77,FALSE,-4.143
6589,BJ0503,2.19114,7.89018,63.77,FALSE,-4.143
6590,BJ0503,2.19119,7.86305,63.77,FALSE,-4.143
6592,BJ0503,2.19124,7.83591,63.77,FALSE,-4.143
6809,BJ0503,2.21713,8.51431,53.7,FALSE,-4.143
6812,BJ0503,2.21719,8.48718,53.94,FALSE,-4.143
6813,BJ0503,2.21724,8.46005,54.11,FALSE,-4.143
6814,BJ0503,2.2173,8.43291,53.94,FALSE,-4.143
6815,BJ0503,2.21735,8.40578,53.7,FALSE,-4.143
6816,BJ0503,2.21741,8.37865,53.7,FALSE,-4.143
6817,BJ0503,2.21746,8.35151,53.7,FALSE,-4.143
6818,BJ0503,2.21751,8.32438,53.7,FALSE,-4.143
6819,BJ0503,2.21757,8.29724,53.92,FALSE,-4.143
6820,BJ0503,2.21762,8.27011,53.7,FALSE,-4.143
6821,BJ0503,2.21767,8.24298,53.7,FALSE,-4.143
6822,BJ0503,2.21773,8.21584,53.7,FALSE,-4.143
6823,BJ0503,2.21778,8.18871,55.04,FALSE,-4.143
6824,BJ0503,2.21783,8.16158,63.77,FALSE,-4.143
6825,BJ0503,2.21789,8.13444,63.77,FALSE,-4.143
6826,BJ0503,2.21794,8.10731,63.77,FALSE,-4.143
6827,BJ0503,2.21799,8.08017,63.77,FALSE,-4.143
6828,BJ0503,2.21804,8.05304,63.77,FALSE,-4.143
6829,BJ0503,2.2181,8.02591,63.77,FALSE,-4.143
6830,BJ0503,2.21815,7.99877,63.77,FALSE,-4.143
6831,BJ0503,2.2182,7.97164,63.77,FALSE,-4.143
6832,BJ0503,2.21825,7.9445,63.77,FALSE,-4.143
6833,BJ0503,2.2183,7.91737,63.77,FALSE,-4.143
6834,BJ0503,2.21835,7.89023,63.77,FALSE,-4.143
6835,BJ0503,2.2184,7.8631,63.77,FALSE,-4.143
6836,BJ0503,2.21845,7.83597,62.81,FALSE,-4.143
7066,BJ0503,2.24439,8.51437,53.7,FALSE,-4.143
7068,BJ0503,2.24444,8.48723,54.26,FALSE,-4.143
7070,BJ0503,2.24449,8.4601,55.38,FALSE,-4.143
7071,BJ0503,2.24455,8.43297,57.34,FALSE,-4.143
7072,BJ0503,2.2446,8.40583,53.7,FALSE,-4.143
7073,BJ0503,2.24465,8.3787,53.7,FALSE,-4.143
7074,BJ0503,2.2447,8.35156,53.7,FALSE,-4.143
7075,BJ0503,2.24476,8.32443,53.7,FALSE,-4.143
7076,BJ0503,2.24481,8.2973,53.7,FALSE,-4.143
7077,BJ0503,2.24486,8.27016,53.7,FALSE,-4.143
7078,BJ0503,2.24491,8.24303,53.7,FALSE,-4.143
7079,BJ0503,2.24496,8.2159,53.7,FALSE,-4.143
7080,BJ0503,2.24501,8.18876,53.7,FALSE,-4.143
7081,BJ0503,2.24507,8.16163,53.7,FALSE,-4.143
7082,BJ0503,2.24512,8.13449,63.77,FALSE,-4.143
7083,BJ0503,2.24517,8.10736,53.7,FALSE,-4.143
7084,BJ0503,2.24522,8.08022,63.77,FALSE,-4.143
7085,BJ0503,2.24527,8.05309,63.77,FALSE,-4.143
7086,BJ0503,2.24532,8.02596,57.51,FALSE,-4.143
7087,BJ0503,2.24537,7.99882,63.77,FALSE,-4.143
7088,BJ0503,2.24542,7.97169,63.77,FALSE,-4.143
7089,BJ0503,2.24547,7.94455,63.77,FALSE,-4.143
7090,BJ0503,2.24552,7.91742,63.77,FALSE,-4.143
7091,BJ0503,2.24557,7.89028,63.77,FALSE,-4.143
7092,BJ0503,2.24562,7.86315,63.77,FALSE,-4.143
7094,BJ0503,2.24566,7.83602,58.73,FALSE,-4.143
7298,BJ0503,2.2717,8.48729,53.7,FALSE,-4.143
7300,BJ0503,2.27175,8.46015,53.91,FALSE,-4.143
7302,BJ0503,2.2718,8.43302,53.7,FALSE,-4.143
7303,BJ0503,2.27185,8.40588,53.91,FALSE,-4.143
7304,BJ0503,2.2719,8.37875,53.7,FALSE,-4.143
7305,BJ0503,2.27195,8.35162,53.7,FALSE,-4.143
7306,BJ0503,2.272,8.32448,53.7,FALSE,-4.143
7307,BJ0503,2.27205,8.29735,53.7,FALSE,-4.143
7308,BJ0503,2.2721,8.27021,53.7,FALSE,-4.143
7309,BJ0503,2.27215,8.24308,53.7,FALSE,-4.143
7310,BJ0503,2.2722,8.21595,53.7,FALSE,-4.143
7311,BJ0503,2.27225,8.18881,53.7,FALSE,-4.143
7312,BJ0503,2.2723,8.16168,53.7,FALSE,-4.143
7313,BJ0503,2.27235,8.13454,57.51,FALSE,-4.143
7314,BJ0503,2.2724,8.10741,53.7,FALSE,-4.143
7315,BJ0503,2.27244,8.08027,53.7,FALSE,-4.143
7316,BJ0503,2.27249,8.05314,63.77,FALSE,-4.143
7317,BJ0503,2.27254,8.02601,57.51,FALSE,-4.143
7318,BJ0503,2.27259,7.99887,57.51,FALSE,-4.143
7319,BJ0503,2.27264,7.97174,63.77,FALSE,-4.143
7320,BJ0503,2.27268,7.9446,63.77,FALSE,-4.143
7321,BJ0503,2.27273,7.91747,63.77,FALSE,-4.143
7322,BJ0503,2.27278,7.89033,63.77,FALSE,-4.143
7324,BJ0503,2.27283,7.8632,63.77,FALSE,-4.143
7526,BJ0503,2.299,8.4602,53.7,FALSE,-4.143
7528,BJ0503,2.29905,8.43307,53.7,FALSE,-4.143
7529,BJ0503,2.2991,8.40593,53.7,FALSE,-4.143
7530,BJ0503,2.29915,8.3788,54.29,FALSE,-4.143
7531,BJ0503,2.29919,8.35166,54.2,FALSE,-4.143
7532,BJ0503,2.29924,8.32453,53.7,FALSE,-4.143
7533,BJ0503,2.29929,8.2974,53.7,FALSE,-4.143
7534,BJ0503,2.29934,8.27026,53.7,FALSE,-4.143
7535,BJ0503,2.29939,8.24313,53.7,FALSE,-4.143
7536,BJ0503,2.29943,8.21599,53.7,FALSE,-4.143
7537,BJ0503,2.29948,8.18886,53.7,FALSE,-4.143
7538,BJ0503,2.29953,8.16172,53.7,FALSE,-4.143
7539,BJ0503,2.29958,8.13459,53.7,FALSE,-4.143
7540,BJ0503,2.29962,8.10746,53.7,FALSE,-4.143
7541,BJ0503,2.29967,8.08032,53.7,FALSE,-4.143
7542,BJ0503,2.29972,8.05319,57.51,FALSE,-4.143
7543,BJ0503,2.29976,8.02605,57.51,FALSE,-4.143
7544,BJ0503,2.29981,7.99892,63.77,FALSE,-4.143
7545,BJ0503,2.29986,7.97178,63.77,FALSE,-4.143
7546,BJ0503,2.2999,7.94465,63.77,FALSE,-4.143
7547,BJ0503,2.29995,7.91751,63.77,FALSE,-4.143
7548,BJ0503,2.29999,7.89038,63.77,FALSE,-4.143
7758,BJ0503,2.32625,8.46025,54.71,FALSE,-4.143
7760,BJ0503,2.3263,8.43311,53.95,FALSE,-4.143
7762,BJ0503,2.32635,8.40598,53.7,FALSE,-4.143
7764,BJ0503,2.32639,8.37885,53.7,FALSE,-4.143
7766,BJ0503,2.32644,8.35171,53.7,FALSE,-4.143
7768,BJ0503,2.32649,8.32458,53.7,FALSE,-4.143
7770,BJ0503,2.32653,8.29744,53.7,FALSE,-4.143
7772,BJ0503,2.32658,8.27031,53.7,FALSE,-4.143
7774,BJ0503,2.32662,8.24317,53.7,FALSE,-4.143
7776,BJ0503,2.32667,8.21604,53.7,FALSE,-4.143
7778,BJ0503,2.32672,8.18891,53.7,FALSE,-4.143
7779,BJ0503,2.32676,8.16177,53.7,FALSE,-4.143
7780,BJ0503,2.32681,8.13464,53.7,FALSE,-4.143
7782,BJ0503,2.32685,8.1075,63.77,FALSE,-4.143
7784,BJ0503,2.3269,8.08037,53.7,FALSE,-4.143
7785,BJ0503,2.32694,8.05323,53.7,FALSE,-4.143
7786,BJ0503,2.32699,8.0261,53.7,FALSE,-4.143
7787,BJ0503,2.32703,7.99896,57.51,FALSE,-4.143
7788,BJ0503,2.32708,7.97183,57.51,FALSE,-4.143
7789,BJ0503,2.32712,7.94469,57.51,FALSE,-4.143
7790,BJ0503,2.32716,7.91756,63.77,FALSE,-4.143
7792,BJ0503,2.32721,7.89042,63.77,FALSE,-4.143
8005,BJ0503,2.35355,8.43316,55.82,FALSE,-4.143
8007,BJ0503,2.3536,8.40603,53.7,FALSE,-4.143
8015,BJ0503,2.35391,8.21608,53.7,FALSE,-4.143
8017,BJ0503,2.35395,8.18895,58.73,FALSE,-4.143
8019,BJ0503,2.35399,8.16182,60.41,FALSE,-4.143
8020,BJ0503,2.35404,8.13468,63.77,FALSE,-4.143
8023,BJ0503,2.35408,8.10755,63.77,FALSE,-4.143
8025,BJ0503,2.35412,8.08041,63.77,FALSE,-4.143
8027,BJ0503,2.35417,8.05328,59.74,FALSE,-4.143
8029,BJ0503,2.35421,8.02614,59.07,FALSE,-4.143
8031,BJ0503,2.35425,7.99901,56.22,FALSE,-4.143
8032,BJ0503,2.3543,7.97187,53.7,FALSE,-4.143
8033,BJ0503,2.35434,7.94474,53.7,FALSE,-4.143
8034,BJ0503,2.35438,7.9176,63.77,FALSE,-4.143
8261,BJ0503,2.38118,8.18899,53.7,FALSE,-4.143
8263,BJ0503,2.38123,8.16186,62.33,FALSE,-4.143
8265,BJ0503,2.38127,8.13472,63.77,FALSE,-4.143
8270,BJ0503,2.38139,8.05332,63.77,FALSE,-4.143
8272,BJ0503,2.38143,8.02618,63.77,FALSE,-4.143
8274,BJ0503,2.38147,7.99905,63.77,FALSE,-4.143
8276,BJ0503,2.38152,7.97191,53.7,FALSE,-4.143
8278,BJ0503,2.38156,7.94478,53.7,FALSE,-4.143
8280,BJ0503,2.3816,7.91764,57.51,FALSE,-4.143
9810,BJ0504,2.54392,8.75905,52.6,FALSE,-6.322
9811,BJ0504,2.5439600000000002,8.73191,51.52,FALSE,-6.322
9812,BJ0504,2.54399,8.70478,51.52,FALSE,-6.322
9813,BJ0504,2.54402,8.67764,51.52,FALSE,-6.322
9814,BJ0504,2.54405,8.65051,51.52,FALSE,-6.322
9815,BJ0504,2.54409,8.62337,51.75,FALSE,-6.322
9816,BJ0504,2.54412,8.59624,52.78,FALSE,-6.322
9817,BJ0504,2.54415,8.5691,51.79,FALSE,-6.322
9818,BJ0504,2.54418,8.54197,51.52,FALSE,-6.322
9819,BJ0504,2.54422,8.51483,51.52,FALSE,-6.322
9820,BJ0504,2.54425,8.4877,51.52,FALSE,-6.322
9821,BJ0504,2.54428,8.46056,51.52,FALSE,-6.322
9822,BJ0504,2.54431,8.43343,51.52,FALSE,-6.322
9823,BJ0504,2.54434,8.40629,51.52,FALSE,-6.322
9824,BJ0504,2.54438,8.37916,51.52,FALSE,-6.322
9825,BJ0504,2.54441,8.35202,51.76,FALSE,-6.322
9826,BJ0504,2.54444,8.32489,51.52,FALSE,-6.322
9828,BJ0504,2.54447,8.29775,51.96,FALSE,-6.322
10062,BJ0504,2.5712,8.75908,54.03,FALSE,-6.322
10063,BJ0504,2.57123,8.73195,52.88,FALSE,-6.322
10064,BJ0504,2.57126,8.70481,51.52,FALSE,-6.322
10065,BJ0504,2.57129,8.67768,51.52,FALSE,-6.322
10066,BJ0504,2.57132,8.65054,51.52,FALSE,-6.322
10067,BJ0504,2.57135,8.62341,52.28,FALSE,-6.322
10068,BJ0504,2.57138,8.59627,51.82,FALSE,-6.322
10069,BJ0504,2.57141,8.56914,51.52,FALSE,-6.322
10070,BJ0504,2.57144,8.542,51.52,FALSE,-6.322
10071,BJ0504,2.57147,8.51487,51.52,FALSE,-6.322
10072,BJ0504,2.5715,8.4877300000000009,51.52,FALSE,-6.322
10073,BJ0504,2.57153,8.46059,51.52,FALSE,-6.322
10074,BJ0504,2.57156,8.43346,52.61,FALSE,-6.322
10075,BJ0504,2.57159,8.40632,51.52,FALSE,-6.322
10076,BJ0504,2.57162,8.37919,51.52,FALSE,-6.322
10077,BJ0504,2.57165,8.35205,51.52,FALSE,-6.322
10078,BJ0504,2.57168,8.32492,51.52,FALSE,-6.322
10316,BJ0504,2.59847,8.75911,56.56,FALSE,-6.322
10317,BJ0504,2.5985,8.73198,57.07,FALSE,-6.322
10318,BJ0504,2.59853,8.70484,52.61,FALSE,-6.322
10319,BJ0504,2.59856,8.67771,52.58,FALSE,-6.322
10320,BJ0504,2.59859,8.65057,51.76,FALSE,-6.322
10321,BJ0504,2.59862,8.62344,51.52,FALSE,-6.322
10322,BJ0504,2.59865,8.5963,51.52,FALSE,-6.322
10323,BJ0504,2.59868,8.56916,54.3,FALSE,-6.322
10324,BJ0504,2.5987,8.54203,51.52,FALSE,-6.322
10325,BJ0504,2.59873,8.51489,51.52,FALSE,-6.322
10326,BJ0504,2.59876,8.48776,51.52,FALSE,-6.322
10327,BJ0504,2.59879,8.46062,51.52,FALSE,-6.322
10328,BJ0504,2.59882,8.43349,51.52,FALSE,-6.322
10329,BJ0504,2.59885,8.40635,51.52,FALSE,-6.322
10330,BJ0504,2.59887,8.37922,51.52,FALSE,-6.322
10331,BJ0504,2.5989,8.35208,51.52,FALSE,-6.322
10332,BJ0504,2.59893,8.32495,51.52,FALSE,-6.322
10573,BJ0504,2.62575,8.75914,53.93,FALSE,-6.322
10574,BJ0504,2.62578,8.732,51.79,FALSE,-6.322
10575,BJ0504,2.6258,8.70487,51.52,FALSE,-6.322
10576,BJ0504,2.62583,8.67773,52.85,FALSE,-6.322
10577,BJ0504,2.62586,8.6506,51.86,FALSE,-6.322
10578,BJ0504,2.62588,8.62346,51.52,FALSE,-6.322
10579,BJ0504,2.62591,8.59633,51.52,FALSE,-6.322
10580,BJ0504,2.62594,8.56919,51.52,FALSE,-6.322
10581,BJ0504,2.62596,8.54206,51.52,FALSE,-6.322
10582,BJ0504,2.62599,8.51492,51.52,FALSE,-6.322
10583,BJ0504,2.62602,8.48779,51.52,FALSE,-6.322
10584,BJ0504,2.62604,8.46065,51.52,FALSE,-6.322
10585,BJ0504,2.62607,8.43352,51.52,FALSE,-6.322
10586,BJ0504,2.6261,8.40638,51.52,FALSE,-6.322
10587,BJ0504,2.62612,8.37924,51.52,FALSE,-6.322
10588,BJ0504,2.62615,8.35211,51.52,FALSE,-6.322
10589,BJ0504,2.62617,8.32497,51.52,FALSE,-6.322
10833,BJ0504,2.6530300000000002,8.75916,51.52,FALSE,-6.322
10834,BJ0504,2.65305,8.73203,51.8,FALSE,-6.322
10835,BJ0504,2.65308,8.70489,51.52,FALSE,-6.322
10836,BJ0504,2.6531,8.67776,51.52,FALSE,-6.322
10837,BJ0504,2.65313,8.65062,51.79,FALSE,-6.322
10838,BJ0504,2.65315,8.62349,51.74,FALSE,-6.322
10839,BJ0504,2.65318,8.59635,51.52,FALSE,-6.322
10840,BJ0504,2.6532,8.56922,51.52,FALSE,-6.322
10841,BJ0504,2.65322,8.54208,51.52,FALSE,-6.322
10842,BJ0504,2.65325,8.51495,51.52,FALSE,-6.322
10843,BJ0504,2.65327,8.48781,51.52,FALSE,-6.322
10844,BJ0504,2.6533,8.46068,51.52,FALSE,-6.322
10845,BJ0504,2.65332,8.43354,51.52,FALSE,-6.322
10846,BJ0504,2.65335,8.4064,51.52,FALSE,-6.322
10847,BJ0504,2.65337,8.37927,51.52,FALSE,-6.322
10848,BJ0504,2.65339,8.35213,51.52,FALSE,-6.322
10849,BJ0504,2.65342,8.325,51.52,FALSE,-6.322
11087,BJ0504,2.6803,8.75919,51.81,FALSE,-6.322
11088,BJ0504,2.68032,8.73205,51.52,FALSE,-6.322
11089,BJ0504,2.68035,8.70492,51.8,FALSE,-6.322
11090,BJ0504,2.68037,8.67778,51.76,FALSE,-6.322
11091,BJ0504,2.68039,8.65065,51.84,FALSE,-6.322
11092,BJ0504,2.68042,8.62351,51.76,FALSE,-6.322
11093,BJ0504,2.68044,8.59638,51.52,FALSE,-6.322
11094,BJ0504,2.68046,8.56924,51.52,FALSE,-6.322
11095,BJ0504,2.68048,8.54211,51.8,FALSE,-6.322
11096,BJ0504,2.68051,8.51497,51.77,FALSE,-6.322
11097,BJ0504,2.68053,8.48783,51.77,FALSE,-6.322
11098,BJ0504,2.68055,8.4607,51.52,FALSE,-6.322
11099,BJ0504,2.68057,8.43356,51.52,FALSE,-6.322
11100,BJ0504,2.6806,8.40643,51.78,FALSE,-6.322
11101,BJ0504,2.68062,8.37929,51.76,FALSE,-6.322
11102,BJ0504,2.68064,8.35216,51.73,FALSE,-6.322
11103,BJ0504,2.68066,8.32502,52.08,FALSE,-6.322
11335,BJ0504,2.70758,8.75921,51.52,FALSE,-6.322
11336,BJ0504,2.7076,8.73208,51.98,FALSE,-6.322
11337,BJ0504,2.70762,8.70494,52.34,FALSE,-6.322
11338,BJ0504,2.70764,8.6778,53.41,FALSE,-6.322
11339,BJ0504,2.70766,8.65067,52.24,FALSE,-6.322
11340,BJ0504,2.70768,8.62353,52.14,FALSE,-6.322
11341,BJ0504,2.7077,8.5964,51.52,FALSE,-6.322
11342,BJ0504,2.70772,8.56926,51.52,FALSE,-6.322
11343,BJ0504,2.70774,8.54213,51.52,FALSE,-6.322
11344,BJ0504,2.70777,8.51499,51.52,FALSE,-6.322
11345,BJ0504,2.70779,8.48786,51.52,FALSE,-6.322
11346,BJ0504,2.70781,8.46072,51.52,FALSE,-6.322
11347,BJ0504,2.70783,8.43358,52.64,FALSE,-6.322
11348,BJ0504,2.70785,8.40645,52.5,FALSE,-6.322
11349,BJ0504,2.7078700000000002,8.37931,51.8,FALSE,-6.322
11350,BJ0504,2.70789,8.35218,53.44,FALSE,-6.322
11351,BJ0504,2.70791,8.32504,52.64,FALSE,-6.322
11581,BJ0504,2.73485,8.75923,51.52,FALSE,-6.322
11582,BJ0504,2.73487,8.7321,51.52,FALSE,-6.322
11583,BJ0504,2.73489,8.70496,51.52,FALSE,-6.322
11584,BJ0504,2.73491,8.67782,51.52,FALSE,-6.322
11585,BJ0504,2.73493,8.65069,51.52,FALSE,-6.322
11586,BJ0504,2.73495,8.62355,52.05,FALSE,-6.322
11587,BJ0504,2.73497,8.59642,56.26,FALSE,-6.322
11588,BJ0504,2.73499,8.56928,59.76,FALSE,-6.322
11589,BJ0504,2.73501,8.54215,57.56,FALSE,-6.322
11590,BJ0504,2.73502,8.51501,55.9,FALSE,-6.322
11591,BJ0504,2.73504,8.48788,52.67,FALSE,-6.322
11592,BJ0504,2.73506,8.46074,51.76,FALSE,-6.322
11593,BJ0504,2.73508,8.4336,51.52,FALSE,-6.322
11810,BJ0504,2.76216,8.70498,51.52,FALSE,-6.322
11811,BJ0504,2.7622,8.65071,51.52,FALSE,-6.322
11812,BJ0504,2.76222,8.62357,54.4,FALSE,-6.322
11813,BJ0504,2.76223,8.59644,58.57,FALSE,-6.322
11814,BJ0504,2.76225,8.5693,59.02,FALSE,-6.322
11815,BJ0504,2.76227,8.54216,56.8,FALSE,-6.322
11816,BJ0504,2.76228,8.51503,57.73,FALSE,-6.322
11817,BJ0504,2.7623,8.48789,52.72,FALSE,-6.322
11818,BJ0504,2.76232,8.46076,53.08,FALSE,-6.322
6552,BJ0504,2.18935,8.75845,51.52,FALSE,-6.322
6554,BJ0504,2.18941,8.73132,51.52,FALSE,-6.322
6556,BJ0504,2.18947,8.70419,51.52,FALSE,-6.322
6792,BJ0504,2.21663,8.75851,51.52,FALSE,-6.322
6793,BJ0504,2.21669,8.73138,51.52,FALSE,-6.322
6795,BJ0504,2.21674,8.70425,51.52,FALSE,-6.322
6797,BJ0504,2.2168,8.67711,51.52,FALSE,-6.322
6799,BJ0504,2.21685,8.64998,51.81,FALSE,-6.322
6801,BJ0504,2.21691,8.62285,51.52,FALSE,-6.322
6803,BJ0504,2.21697,8.59571,51.52,FALSE,-6.322
6805,BJ0504,2.21702,8.56858,51.52,FALSE,-6.322
6807,BJ0504,2.21708,8.54145,51.52,FALSE,-6.322
6810,BJ0504,2.21713,8.51431,51.52,FALSE,-6.322
7057,BJ0504,2.2439,8.75857,51.52,FALSE,-6.322
7058,BJ0504,2.24396,8.73143,51.52,FALSE,-6.322
7059,BJ0504,2.24401,8.7043,51.52,FALSE,-6.322
7060,BJ0504,2.24407,8.67717,51.52,FALSE,-6.322
7061,BJ0504,2.24412,8.65003,51.52,FALSE,-6.322
7062,BJ0504,2.24417,8.6229,51.52,FALSE,-6.322
7063,BJ0504,2.24423,8.59577,51.52,FALSE,-6.322
7064,BJ0504,2.24428,8.56863,51.73,FALSE,-6.322
7065,BJ0504,2.24433,8.5415,51.52,FALSE,-6.322
7067,BJ0504,2.24439,8.51437,51.52,FALSE,-6.322
7069,BJ0504,2.24444,8.48723,52.08,FALSE,-6.322
7288,BJ0504,2.27118,8.75862,51.52,FALSE,-6.322
7289,BJ0504,2.27123,8.73149,51.52,FALSE,-6.322
7290,BJ0504,2.27128,8.70435,51.52,FALSE,-6.322
7291,BJ0504,2.27133,8.67722,51.52,FALSE,-6.322
7292,BJ0504,2.27139,8.65009,51.52,FALSE,-6.322
7293,BJ0504,2.27144,8.62295,51.52,FALSE,-6.322
7294,BJ0504,2.27149,8.59582,51.52,FALSE,-6.322
7295,BJ0504,2.27154,8.56869,51.52,FALSE,-6.322
7296,BJ0504,2.27159,8.54155,51.52,FALSE,-6.322
7297,BJ0504,2.27164,8.51442,51.52,FALSE,-6.322
7299,BJ0504,2.2717,8.48729,51.52,FALSE,-6.322
7301,BJ0504,2.27175,8.46015,51.73,FALSE,-6.322
7515,BJ0504,2.29845,8.75867,51.52,FALSE,-6.322
7516,BJ0504,2.2985,8.73154,51.52,FALSE,-6.322
7517,BJ0504,2.29855,8.70441,51.52,FALSE,-6.322
7518,BJ0504,2.2986,8.67727,51.52,FALSE,-6.322
7519,BJ0504,2.29865,8.65014,51.52,FALSE,-6.322
7520,BJ0504,2.2987,8.623,51.52,FALSE,-6.322
7521,BJ0504,2.29875,8.59587,51.52,FALSE,-6.322
7522,BJ0504,2.2988,8.56874,51.52,FALSE,-6.322
7523,BJ0504,2.29885,8.5416,51.52,FALSE,-6.322
7524,BJ0504,2.2989,8.51447,51.52,FALSE,-6.322
7525,BJ0504,2.29895,8.48734,51.52,FALSE,-6.322
7527,BJ0504,2.299,8.4602,51.52,FALSE,-6.322
7747,BJ0504,2.32572,8.75872,51.52,FALSE,-6.322
7748,BJ0504,2.32577,8.73159,51.52,FALSE,-6.322
7749,BJ0504,2.32582,8.70445,51.52,FALSE,-6.322
7750,BJ0504,2.32587,8.67732,51.52,FALSE,-6.322
7751,BJ0504,2.32592,8.65019,51.52,FALSE,-6.322
7752,BJ0504,2.32597,8.62305,51.52,FALSE,-6.322
7753,BJ0504,2.32601,8.59592,51.52,FALSE,-6.322
7754,BJ0504,2.32606,8.56879,51.52,FALSE,-6.322
7755,BJ0504,2.32611,8.54165,51.52,FALSE,-6.322
7756,BJ0504,2.32616,8.51452,51.52,FALSE,-6.322
7757,BJ0504,2.32621,8.48738,51.52,FALSE,-6.322
7759,BJ0504,2.32625,8.46025,52.53,FALSE,-6.322
7761,BJ0504,2.3263,8.43311,51.77,FALSE,-6.322
7763,BJ0504,2.32635,8.40598,51.52,FALSE,-6.322
7765,BJ0504,2.32639,8.37885,51.52,FALSE,-6.322
7767,BJ0504,2.32644,8.35171,51.52,FALSE,-6.322
7769,BJ0504,2.32649,8.32458,51.52,FALSE,-6.322
7771,BJ0504,2.32653,8.29744,51.52,FALSE,-6.322
7773,BJ0504,2.32658,8.27031,51.52,FALSE,-6.322
7775,BJ0504,2.32662,8.24317,51.52,FALSE,-6.322
7777,BJ0504,2.32667,8.21604,51.52,FALSE,-6.322
7993,BJ0504,2.353,8.75877,51.52,FALSE,-6.322
7994,BJ0504,2.35305,8.73164,51.52,FALSE,-6.322
7995,BJ0504,2.35309,8.7045,51.52,FALSE,-6.322
7996,BJ0504,2.35314,8.67737,51.52,FALSE,-6.322
7997,BJ0504,2.35319,8.65023,51.52,FALSE,-6.322
7998,BJ0504,2.35323,8.6231,51.52,FALSE,-6.322
7999,BJ0504,2.35328,8.59597,51.52,FALSE,-6.322
8000,BJ0504,2.35332,8.56883,51.52,FALSE,-6.322
8001,BJ0504,2.35337,8.5417,51.52,FALSE,-6.322
8002,BJ0504,2.35341,8.51456,51.52,FALSE,-6.322
8003,BJ0504,2.35346,8.48743,58.71,FALSE,-6.322
8004,BJ0504,2.35351,8.46029,61.59,FALSE,-6.322
8006,BJ0504,2.35355,8.43316,53.64,FALSE,-6.322
8008,BJ0504,2.3536,8.40603,51.52,FALSE,-6.322
8009,BJ0504,2.35364,8.37889,51.52,FALSE,-6.322
8010,BJ0504,2.35369,8.35176,51.52,FALSE,-6.322
8011,BJ0504,2.35373,8.32462,51.52,FALSE,-6.322
8012,BJ0504,2.35377,8.29749,51.52,FALSE,-6.322
8013,BJ0504,2.35382,8.27035,51.52,FALSE,-6.322
8014,BJ0504,2.35386,8.24322,51.52,FALSE,-6.322
8016,BJ0504,2.35391,8.21608,51.52,FALSE,-6.322
8018,BJ0504,2.35395,8.18895,56.56,FALSE,-6.322
8021,BJ0504,2.35404,8.13468,61.59,FALSE,-6.322
8240,BJ0504,2.38027,8.75882,51.52,FALSE,-6.322
8241,BJ0504,2.38032,8.73168,51.52,FALSE,-6.322
8242,BJ0504,2.38036,8.70455,51.52,FALSE,-6.322
8243,BJ0504,2.38041,8.67741,51.52,FALSE,-6.322
8244,BJ0504,2.38045,8.65028,51.52,FALSE,-6.322
8245,BJ0504,2.3805,8.62315,51.52,FALSE,-6.322
8246,BJ0504,2.38054,8.59601,51.52,FALSE,-6.322
8247,BJ0504,2.38058,8.56888,51.52,FALSE,-6.322
8248,BJ0504,2.38063,8.54174,51.52,FALSE,-6.322
8249,BJ0504,2.38067,8.51461,51.89,FALSE,-6.322
8250,BJ0504,2.38072,8.48747,56.1,FALSE,-6.322
8251,BJ0504,2.38076,8.46034,52.58,FALSE,-6.322
8252,BJ0504,2.3808,8.4332,51.81,FALSE,-6.322
8253,BJ0504,2.38085,8.40607,51.52,FALSE,-6.322
8254,BJ0504,2.38089,8.37894,51.52,FALSE,-6.322
8255,BJ0504,2.38093,8.3518,52.08,FALSE,-6.322
8256,BJ0504,2.38097,8.32467,51.52,FALSE,-6.322
8257,BJ0504,2.38102,8.29753,51.52,FALSE,-6.322
8258,BJ0504,2.38106,8.2704,51.52,FALSE,-6.322
8259,BJ0504,2.3811,8.24326,51.52,FALSE,-6.322
8260,BJ0504,2.38114,8.21613,51.52,FALSE,-6.322
8262,BJ0504,2.38118,8.18899,51.52,FALSE,-6.322
8264,BJ0504,2.38123,8.16186,60.15,FALSE,-6.322
8266,BJ0504,2.38127,8.13472,61.59,FALSE,-6.322
8494,BJ0504,2.40755,8.75886,51.52,FALSE,-6.322
8495,BJ0504,2.40759,8.73173,51.52,FALSE,-6.322
8496,BJ0504,2.40763,8.70459,51.52,FALSE,-6.322
8497,BJ0504,2.40768,8.67746,51.52,FALSE,-6.322
8498,BJ0504,2.40772,8.65032,51.52,FALSE,-6.322
8499,BJ0504,2.40776,8.62319,51.52,FALSE,-6.322
8500,BJ0504,2.4078,8.59605,51.52,FALSE,-6.322
8501,BJ0504,2.40785,8.56892,51.52,FALSE,-6.322
8502,BJ0504,2.40789,8.54178,51.77,FALSE,-6.322
8503,BJ0504,2.40793,8.51465,57.72,FALSE,-6.322
8504,BJ0504,2.40797,8.48752,53.95,FALSE,-6.322
8505,BJ0504,2.40801,8.46038,52.75,FALSE,-6.322
8506,BJ0504,2.40805,8.43325,51.52,FALSE,-6.322
8507,BJ0504,2.40809,8.40611,51.52,FALSE,-6.322
8508,BJ0504,2.40814,8.37898,51.52,FALSE,-6.322
8509,BJ0504,2.40818,8.35184,51.52,FALSE,-6.322
8510,BJ0504,2.40822,8.32471,51.52,FALSE,-6.322
8511,BJ0504,2.40826,8.29757,51.52,FALSE,-6.322
8512,BJ0504,2.4083,8.27044,51.52,FALSE,-6.322
8513,BJ0504,2.40834,8.2433,51.52,FALSE,-6.322
8514,BJ0504,2.40838,8.21617,51.52,FALSE,-6.322
8515,BJ0504,2.40842,8.18903,52.01,FALSE,-6.322
8516,BJ0504,2.40846,8.1619,51.52,FALSE,-6.322
8517,BJ0504,2.4085,8.13476,52.01,FALSE,-6.322
8763,BJ0504,2.43482,8.7589,51.52,FALSE,-6.322
8764,BJ0504,2.43486,8.73177,51.52,FALSE,-6.322
8765,BJ0504,2.4349,8.70463,51.52,FALSE,-6.322
8766,BJ0504,2.43495,8.6775,51.52,FALSE,-6.322
8767,BJ0504,2.43499,8.65036,51.52,FALSE,-6.322
8768,BJ0504,2.43503,8.62323,51.52,FALSE,-6.322
8769,BJ0504,2.43507,8.59609,51.52,FALSE,-6.322
8770,BJ0504,2.43511,8.56896,51.52,FALSE,-6.322
8771,BJ0504,2.43515,8.54183,51.52,FALSE,-6.322
8772,BJ0504,2.43519,8.51469,51.52,FALSE,-6.322
8773,BJ0504,2.43523,8.48756,56.05,FALSE,-6.322
8774,BJ0504,2.43527,8.46042,51.52,FALSE,-6.322
8775,BJ0504,2.43531,8.43329,51.52,FALSE,-6.322
8776,BJ0504,2.43534,8.40615,51.52,FALSE,-6.322
8777,BJ0504,2.43538,8.37902,51.52,FALSE,-6.322
8778,BJ0504,2.43542,8.35188,51.52,FALSE,-6.322
8779,BJ0504,2.43546,8.32475,51.52,FALSE,-6.322
8780,BJ0504,2.4355,8.29761,51.52,FALSE,-6.322
8781,BJ0504,2.43554,8.27048,51.52,FALSE,-6.322
8782,BJ0504,2.43558,8.24334,51.52,FALSE,-6.322
8783,BJ0504,2.43562,8.21621,51.52,FALSE,-6.322
8784,BJ0504,2.43565,8.18907,51.52,FALSE,-6.322
8785,BJ0504,2.43569,8.16194,51.52,FALSE,-6.322
8786,BJ0504,2.43573,8.1348,54.04,FALSE,-6.322
9025,BJ0504,2.4621,8.75894,51.52,FALSE,-6.322
9026,BJ0504,2.46214,8.73181,51.52,FALSE,-6.322
9027,BJ0504,2.46218,8.70467,51.52,FALSE,-6.322
9028,BJ0504,2.46221,8.67754,51.52,FALSE,-6.322
9029,BJ0504,2.46225,8.6504,51.52,FALSE,-6.322
9030,BJ0504,2.46229,8.62327,51.52,FALSE,-6.322
9031,BJ0504,2.46233,8.59613,51.52,FALSE,-6.322
9032,BJ0504,2.46237,8.569,51.52,FALSE,-6.322
9033,BJ0504,2.46241,8.54186,51.52,FALSE,-6.322
9034,BJ0504,2.46244,8.51473,51.52,FALSE,-6.322
9035,BJ0504,2.46248,8.48759,51.52,FALSE,-6.322
9036,BJ0504,2.46252,8.46046,51.73,FALSE,-6.322
9037,BJ0504,2.46256,8.43333,51.52,FALSE,-6.322
9038,BJ0504,2.46259,8.40619,51.52,FALSE,-6.322
9039,BJ0504,2.46263,8.37906,51.52,FALSE,-6.322
9040,BJ0504,2.46267,8.35192,51.52,FALSE,-6.322
9041,BJ0504,2.46271,8.32479,51.52,FALSE,-6.322
9042,BJ0504,2.46274,8.29765,51.52,FALSE,-6.322
9043,BJ0504,2.46278,8.27052,51.52,FALSE,-6.322
9044,BJ0504,2.46282,8.24338,51.52,FALSE,-6.322
9045,BJ0504,2.46285,8.21624,51.52,FALSE,-6.322
9046,BJ0504,2.46289,8.18911,51.52,FALSE,-6.322
9047,BJ0504,2.46293,8.16197,51.52,FALSE,-6.322
9048,BJ0504,2.46296,8.13484,51.52,FALSE,-6.322
9283,BJ0504,2.48937,8.75898,51.52,FALSE,-6.322
9284,BJ0504,2.48941,8.73184,51.52,FALSE,-6.322
9285,BJ0504,2.48945,8.70471,51.52,FALSE,-6.322
9286,BJ0504,2.48948,8.67757,51.52,FALSE,-6.322
9287,BJ0504,2.48952,8.65044,51.52,FALSE,-6.322
9288,BJ0504,2.48956,8.62331,51.52,FALSE,-6.322
9289,BJ0504,2.48959,8.59617,51.52,FALSE,-6.322
9290,BJ0504,2.48963,8.56904,51.52,FALSE,-6.322
9291,BJ0504,2.48967,8.5419,51.52,FALSE,-6.322
9292,BJ0504,2.4897,8.51477,51.52,FALSE,-6.322
9293,BJ0504,2.48974,8.48763,51.52,FALSE,-6.322
9294,BJ0504,2.48977,8.4605,51.52,FALSE,-6.322
9295,BJ0504,2.48981,8.43336,51.52,FALSE,-6.322
9296,BJ0504,2.48984,8.40623,51.52,FALSE,-6.322
9297,BJ0504,2.48988,8.37909,51.52,FALSE,-6.322
9298,BJ0504,2.48991,8.35196,51.52,FALSE,-6.322
9299,BJ0504,2.48995,8.32482,51.52,FALSE,-6.322
9300,BJ0504,2.48999,8.29769,51.52,FALSE,-6.322
9302,BJ0504,2.49002,8.27055,51.52,FALSE,-6.322
9304,BJ0504,2.49005,8.24342,51.73,FALSE,-6.322
9306,BJ0504,2.49009,8.21628,51.52,FALSE,-6.322
9308,BJ0504,2.49012,8.18915,51.52,FALSE,-6.322
9310,BJ0504,2.49016,8.16201,51.52,FALSE,-6.322
9312,BJ0504,2.49019,8.13487,51.52,FALSE,-6.322
9543,BJ0504,2.51665,8.75901,51.52,FALSE,-6.322
9544,BJ0504,2.51668,8.73188,51.52,FALSE,-6.322
9545,BJ0504,2.51672,8.70475,51.52,FALSE,-6.322
9546,BJ0504,2.51675,8.67761,51.52,FALSE,-6.322
9547,BJ0504,2.51679,8.65048,51.52,FALSE,-6.322
9548,BJ0504,2.51682,8.62334,51.52,FALSE,-6.322
9549,BJ0504,2.51686,8.59621,51.52,FALSE,-6.322
9550,BJ0504,2.51689,8.56907,51.52,FALSE,-6.322
9551,BJ0504,2.51692,8.54194,51.52,FALSE,-6.322
9552,BJ0504,2.51696,8.5148,51.52,FALSE,-6.322
9553,BJ0504,2.51699,8.48767,51.52,FALSE,-6.322
9554,BJ0504,2.51703,8.46053,51.52,FALSE,-6.322
9555,BJ0504,2.51706,8.4334,51.52,FALSE,-6.322
9556,BJ0504,2.51709,8.40626,51.52,FALSE,-6.322
9557,BJ0504,2.51713,8.37913,51.52,FALSE,-6.322
9558,BJ0504,2.51716,8.35199,51.52,FALSE,-6.322
9559,BJ0504,2.51719,8.32486,51.52,FALSE,-6.322
9560,BJ0504,2.51723,8.29772,51.52,FALSE,-6.322
1874,BJ0505,1.61962,7.91582,64.04,FALSE,6.202
1875,BJ0505,1.61971,7.88869,64.04,FALSE,6.202
1876,BJ0505,1.6198,7.86156,64.37,FALSE,6.202
1877,BJ0505,1.61989,7.83443,64.04,FALSE,6.202
1878,BJ0505,1.61998,7.8073,64.04,FALSE,6.202
1879,BJ0505,1.62015,7.75304,64.29,FALSE,6.202
1880,BJ0505,1.62024,7.72591,68.74,FALSE,6.202
1881,BJ0505,1.62033,7.69879,64.04,FALSE,6.202
1882,BJ0505,1.62042,7.67166,64.52,FALSE,6.202
2041,BJ0505,1.64583,8.21433,64.04,FALSE,6.202
2042,BJ0505,1.64593,8.1872,64.04,FALSE,6.202
2043,BJ0505,1.64602,8.16007,64.32,FALSE,6.202
2044,BJ0505,1.64611,8.13294,64.04,FALSE,6.202
2045,BJ0505,1.6462,8.10581,64.29,FALSE,6.202
2046,BJ0505,1.64629,8.07868,64.04,FALSE,6.202
2047,BJ0505,1.64638,8.05155,64.04,FALSE,6.202
2048,BJ0505,1.64647,8.02442,64.04,FALSE,6.202
2049,BJ0505,1.64656,7.99729,65.79,FALSE,6.202
2050,BJ0505,1.64665,7.97016,65.36,FALSE,6.202
2051,BJ0505,1.64674,7.94304,64.88,FALSE,6.202
2052,BJ0505,1.64683,7.91591,64.32,FALSE,6.202
2053,BJ0505,1.64692,7.88878,64.32,FALSE,6.202
2054,BJ0505,1.647,7.86165,64.33,FALSE,6.202
2055,BJ0505,1.64709,7.83452,65.52,FALSE,6.202
2056,BJ0505,1.64718,7.80739,64.04,FALSE,6.202
2057,BJ0505,1.64727,7.78026,64.04,FALSE,6.202
2058,BJ0505,1.64735,7.75313,64.04,FALSE,6.202
2059,BJ0505,1.64744,7.726,64.04,FALSE,6.202
2060,BJ0505,1.64752,7.69887,68.78,FALSE,6.202
2061,BJ0505,1.64761,7.67174,67.39,FALSE,6.202
2063,BJ0505,1.6477,7.64461,64.28,FALSE,6.202
2241,BJ0505,1.67306,8.21442,64.04,FALSE,6.202
2243,BJ0505,1.67315,8.18729,64.04,FALSE,6.202
2244,BJ0505,1.67324,8.16016,64.04,FALSE,6.202
2245,BJ0505,1.67333,8.13303,66.35,FALSE,6.202
2246,BJ0505,1.67342,8.1059,65.68,FALSE,6.202
2247,BJ0505,1.67351,8.07877,67.22,FALSE,6.202
2248,BJ0505,1.6736,8.05164,69.17,FALSE,6.202
2249,BJ0505,1.67369,8.02451,65.4,FALSE,6.202
2250,BJ0505,1.67378,7.99738,83.38,FALSE,6.202
2251,BJ0505,1.67386,7.97025,71.85,FALSE,6.202
2252,BJ0505,1.67395,7.94312,78.6,FALSE,6.202
2253,BJ0505,1.67404,7.91599,64.34,FALSE,6.202
2254,BJ0505,1.67412,7.88886,64.31,FALSE,6.202
2255,BJ0505,1.67421,7.86173,64.04,FALSE,6.202
2256,BJ0505,1.6743,7.83461,64.6,FALSE,6.202
2257,BJ0505,1.67438,7.80748,64.35,FALSE,6.202
2258,BJ0505,1.67447,7.78035,64.04,FALSE,6.202
2259,BJ0505,1.67455,7.75322,64.34,FALSE,6.202
2260,BJ0505,1.67464,7.72609,65.48,FALSE,6.202
2261,BJ0505,1.67472,7.69896,74.3,FALSE,6.202
2262,BJ0505,1.67481,7.67183,82.19,FALSE,6.202
2263,BJ0505,1.67489,7.6447,87.58,FALSE,6.202
2447,BJ0505,1.70038,8.18738,64.04,FALSE,6.202
2449,BJ0505,1.70047,8.16025,64.04,FALSE,6.202
2450,BJ0505,1.70056,8.13312,64.04,FALSE,6.202
2451,BJ0505,1.70065,8.10599,64.04,FALSE,6.202
2452,BJ0505,1.70073,8.07886,64.04,FALSE,6.202
2453,BJ0505,1.70082,8.05173,66.19,FALSE,6.202
2454,BJ0505,1.70091,8.0246,75.18,FALSE,6.202
2455,BJ0505,1.70099,7.99747,82,FALSE,6.202
2456,BJ0505,1.70108,7.97034,83.13,FALSE,6.202
2457,BJ0505,1.70116,7.94321,87.37,FALSE,6.202
2458,BJ0505,1.70125,7.91608,68.34,FALSE,6.202
2459,BJ0505,1.70133,7.88895,64.26,FALSE,6.202
2460,BJ0505,1.70142,7.86182,65.63,FALSE,6.202
2461,BJ0505,1.7015,7.83469,64.75,FALSE,6.202
2462,BJ0505,1.70159,7.80756,64.04,FALSE,6.202
2463,BJ0505,1.70167,7.78043,64.26,FALSE,6.202
2464,BJ0505,1.70175,7.7533,67.71,FALSE,6.202
2465,BJ0505,1.70184,7.72617,65.85,FALSE,6.202
2466,BJ0505,1.70192,7.69904,66.91,FALSE,6.202
2467,BJ0505,1.702,7.67191,73.12,FALSE,6.202
2468,BJ0505,1.70208,7.64478,86.56,FALSE,6.202
2654,BJ0505,1.7277,8.16033,64.04,FALSE,6.202
2655,BJ0505,1.72778,8.1332,64.04,FALSE,6.202
2656,BJ0505,1.72787,8.10607,64.04,FALSE,6.202
2657,BJ0505,1.72795,8.07894,64.04,FALSE,6.202
2658,BJ0505,1.72804,8.05181,64.66,FALSE,6.202
2659,BJ0505,1.72812,8.02468,75.74,FALSE,6.202
2660,BJ0505,1.72821,7.99755,81.92,FALSE,6.202
2661,BJ0505,1.72829,7.97042,73.53,FALSE,6.202
2662,BJ0505,1.72838,7.94329,66.43,FALSE,6.202
2663,BJ0505,1.72846,7.91616,70.18,FALSE,6.202
2664,BJ0505,1.72854,7.88903,66.5,FALSE,6.202
2665,BJ0505,1.72862,7.8619,66.13,FALSE,6.202
2666,BJ0505,1.72871,7.83477,65.43,FALSE,6.202
2667,BJ0505,1.72879,7.80764,65.72,FALSE,6.202
2668,BJ0505,1.72887,7.78051,64.04,FALSE,6.202
2669,BJ0505,1.72895,7.75338,64.4,FALSE,6.202
2670,BJ0505,1.72903,7.72625,64.04,FALSE,6.202
2671,BJ0505,1.72911,7.69912,64.04,FALSE,6.202
2672,BJ0505,1.7292,7.67199,70.59,FALSE,6.202
2673,BJ0505,1.72928,7.64486,92.46,FALSE,6.202
2873,BJ0505,1.75493,8.16042,64.04,FALSE,6.202
2875,BJ0505,1.75501,8.13329,64.04,FALSE,6.202
2876,BJ0505,1.75509,8.10616,64.04,FALSE,6.202
2877,BJ0505,1.75518,8.07903,64.04,FALSE,6.202
2878,BJ0505,1.75526,8.0519,67.15,FALSE,6.202
2879,BJ0505,1.75534,8.02477,72.13,FALSE,6.202
2880,BJ0505,1.75542,7.99764,78.14,FALSE,6.202
2881,BJ0505,1.75551,7.97051,75.18,FALSE,6.202
2882,BJ0505,1.75559,7.94338,64.04,FALSE,6.202
2883,BJ0505,1.75567,7.91625,64.04,FALSE,6.202
2884,BJ0505,1.75575,7.88912,64.04,FALSE,6.202
2885,BJ0505,1.75583,7.86198,66.31,FALSE,6.202
2886,BJ0505,1.75591,7.83485,64.47,FALSE,6.202
2887,BJ0505,1.75599,7.80772,64.04,FALSE,6.202
2888,BJ0505,1.75607,7.78059,64.04,FALSE,6.202
2889,BJ0505,1.75615,7.75346,64.04,FALSE,6.202
2890,BJ0505,1.75623,7.72633,64.25,FALSE,6.202
2891,BJ0505,1.75631,7.6992,64.04,FALSE,6.202
2892,BJ0505,1.75639,7.67207,65.48,FALSE,6.202
2893,BJ0505,1.75647,7.64494,74.07,FALSE,6.202
3096,BJ0505,1.78224,8.13337,64.04,FALSE,6.202
3098,BJ0505,1.78232,8.10624,64.04,FALSE,6.202
3099,BJ0505,1.7824,8.07911,64.04,FALSE,6.202
3100,BJ0505,1.78248,8.05198,66.18,FALSE,6.202
3101,BJ0505,1.78256,8.02485,75.51,FALSE,6.202
3102,BJ0505,1.78264,7.99772,71.62,FALSE,6.202
3103,BJ0505,1.78272,7.97059,67.39,FALSE,6.202
3104,BJ0505,1.7828,7.94346,64.76,FALSE,6.202
3105,BJ0505,1.78288,7.91633,64.04,FALSE,6.202
3106,BJ0505,1.78296,7.8892,64.04,FALSE,6.202
3107,BJ0505,1.78304,7.86206,65.02,FALSE,6.202
3108,BJ0505,1.78312,7.83493,64.3,FALSE,6.202
3109,BJ0505,1.7832,7.8078,64.04,FALSE,6.202
3110,BJ0505,1.78328,7.78067,64.04,FALSE,6.202
3111,BJ0505,1.78335,7.75354,64.6,FALSE,6.202
3112,BJ0505,1.78343,7.7264099999999996,65.33,FALSE,6.202
3113,BJ0505,1.78351,7.69928,64.04,FALSE,6.202
3114,BJ0505,1.78359,7.67215,64.04,FALSE,6.202
3115,BJ0505,1.78366,7.64502,71.07,FALSE,6.202
3321,BJ0505,1.80954,8.10632,64.04,FALSE,6.202
3323,BJ0505,1.80962,8.07919,64.04,FALSE,6.202
3324,BJ0505,1.8097,8.05206,64.62,FALSE,6.202
3325,BJ0505,1.80978,8.02493,66.25,FALSE,6.202
3326,BJ0505,1.80986,7.9978,65.8,FALSE,6.202
3327,BJ0505,1.80994,7.97067,65.72,FALSE,6.202
3328,BJ0505,1.81002,7.94353,64.28,FALSE,6.202
3329,BJ0505,1.81009,7.9164,64.3,FALSE,6.202
3330,BJ0505,1.81017,7.88927,64.04,FALSE,6.202
3331,BJ0505,1.81025,7.86214,64.3,FALSE,6.202
3332,BJ0505,1.81033,7.83501,64.47,FALSE,6.202
3333,BJ0505,1.8104,7.80788,64.04,FALSE,6.202
3334,BJ0505,1.81048,7.78075,64.04,FALSE,6.202
3335,BJ0505,1.81056,7.75362,64.52,FALSE,6.202
3336,BJ0505,1.81063,7.72649,64.04,FALSE,6.202
3337,BJ0505,1.81071,7.69936,64.04,FALSE,6.202
3338,BJ0505,1.81078,7.67222,64.04,FALSE,6.202
3339,BJ0505,1.81086,7.64509,64.84,FALSE,6.202
3555,BJ0505,1.83684,8.07927,64.32,FALSE,6.202
3556,BJ0505,1.83692,8.05214,64.04,FALSE,6.202
3557,BJ0505,1.837,8.02501,64.04,FALSE,6.202
3558,BJ0505,1.83708,7.99787,64.69,FALSE,6.202
3559,BJ0505,1.83715,7.97074,65.52,FALSE,6.202
3560,BJ0505,1.83723,7.94361,64.49,FALSE,6.202
3561,BJ0505,1.83731,7.91648,64.04,FALSE,6.202
3562,BJ0505,1.83738,7.88935,64.55,FALSE,6.202
3563,BJ0505,1.83746,7.86222,64.04,FALSE,6.202
3564,BJ0505,1.83753,7.83509,64.29,FALSE,6.202
3565,BJ0505,1.83761,7.80796,64.04,FALSE,6.202
3566,BJ0505,1.83768,7.78082,64.04,FALSE,6.202
3567,BJ0505,1.83776,7.75369,64.04,FALSE,6.202
3568,BJ0505,1.83783,7.72656,64.04,FALSE,6.202
3569,BJ0505,1.83791,7.69943,64.33,FALSE,6.202
3570,BJ0505,1.83798,7.6723,64.31,FALSE,6.202
3571,BJ0505,1.83805,7.64517,66.18,FALSE,6.202
3781,BJ0505,1.86407,8.07934,64.04,FALSE,6.202
3782,BJ0505,1.86414,8.05221,64.04,FALSE,6.202
3783,BJ0505,1.86422,8.02508,64.04,FALSE,6.202
3784,BJ0505,1.86429,7.99795,64.04,FALSE,6.202
3785,BJ0505,1.86437,7.97082,64.74,FALSE,6.202
3786,BJ0505,1.86444,7.94369,64.34,FALSE,6.202
3787,BJ0505,1.86452,7.91656,64.72,FALSE,6.202
3788,BJ0505,1.86459,7.88942,64.04,FALSE,6.202
3789,BJ0505,1.86467,7.86229,64.36,FALSE,6.202
3790,BJ0505,1.86474,7.83516,64.28,FALSE,6.202
3791,BJ0505,1.86481,7.80803,64.3,FALSE,6.202
3792,BJ0505,1.86489,7.7809,64.04,FALSE,6.202
3793,BJ0505,1.86496,7.75377,64.04,FALSE,6.202
3794,BJ0505,1.86503,7.72664,64.04,FALSE,6.202
3795,BJ0505,1.8651,7.6995,64.04,FALSE,6.202
3796,BJ0505,1.86518,7.67237,64.25,FALSE,6.202
3797,BJ0505,1.86525,7.64524,64.56,FALSE,6.202
4008,BJ0505,1.89129,8.07942,64.04,FALSE,6.202
4009,BJ0505,1.89137,8.05229,64.04,FALSE,6.202
4010,BJ0505,1.89144,8.02516,64.04,FALSE,6.202
4011,BJ0505,1.89151,7.99802,64.75,FALSE,6.202
4012,BJ0505,1.89159,7.97089,65.56,FALSE,6.202
4013,BJ0505,1.89166,7.94376,65.03,FALSE,6.202
4014,BJ0505,1.89173,7.91663,64.3,FALSE,6.202
4015,BJ0505,1.8918,7.8895,64.32,FALSE,6.202
4016,BJ0505,1.89188,7.86237,64.38,FALSE,6.202
4017,BJ0505,1.89195,7.83523,64.04,FALSE,6.202
4018,BJ0505,1.89202,7.8081,64.04,FALSE,6.202
4019,BJ0505,1.89209,7.78097,64.04,FALSE,6.202
4020,BJ0505,1.89216,7.75384,64.04,FALSE,6.202
4021,BJ0505,1.89223,7.72671,64.04,FALSE,6.202
4022,BJ0505,1.8923,7.69957,64.04,FALSE,6.202
4023,BJ0505,1.89237,7.67244,64.28,FALSE,6.202
4024,BJ0505,1.89244,7.64531,64.62,FALSE,6.202
4234,BJ0505,1.91851,8.07949,64.04,FALSE,6.202
4235,BJ0505,1.91859,8.05236,64.04,FALSE,6.202
4236,BJ0505,1.91866,8.02523,64.39,FALSE,6.202
4237,BJ0505,1.91873,7.9981,64.04,FALSE,6.202
4238,BJ0505,1.9188,7.97096,64.04,FALSE,6.202
4239,BJ0505,1.91887,7.94383,64.29,FALSE,6.202
4240,BJ0505,1.91894,7.9167,64.67,FALSE,6.202
4241,BJ0505,1.91901,7.88957,64.04,FALSE,6.202
4242,BJ0505,1.91908,7.86244,64.42,FALSE,6.202
4243,BJ0505,1.91915,7.8353,64.04,FALSE,6.202
4244,BJ0505,1.91922,7.80817,64.04,FALSE,6.202
4245,BJ0505,1.91929,7.78104,64.04,FALSE,6.202
4246,BJ0505,1.91936,7.75391,64.04,FALSE,6.202
4247,BJ0505,1.91943,7.72678,65.12,FALSE,6.202
4248,BJ0505,1.9195,7.69964,65.34,FALSE,6.202
4249,BJ0505,1.91957,7.67251,64.46,FALSE,6.202
4250,BJ0505,1.91964,7.64538,64.29,FALSE,6.202
4461,BJ0505,1.94574,8.07956,64.04,FALSE,6.202
4462,BJ0505,1.94581,8.05243,64.04,FALSE,6.202
4463,BJ0505,1.94588,8.0253,64.04,FALSE,6.202
4464,BJ0505,1.94595,7.99817,64.04,FALSE,6.202
4465,BJ0505,1.94602,7.97103,64.04,FALSE,6.202
4466,BJ0505,1.94609,7.9439,65.8,FALSE,6.202
4467,BJ0505,1.94616,7.91677,67.17,FALSE,6.202
4468,BJ0505,1.94623,7.88964,65.12,FALSE,6.202
4469,BJ0505,1.94629,7.86251,64.04,FALSE,6.202
4470,BJ0505,1.94636,7.83537,64.04,FALSE,6.202
4471,BJ0505,1.94643,7.80824,64.04,FALSE,6.202
4472,BJ0505,1.9465,7.78111,64.04,FALSE,6.202
4473,BJ0505,1.94657,7.75398,64.04,FALSE,6.202
4474,BJ0505,1.94663,7.72684,64.59,FALSE,6.202
4475,BJ0505,1.9467,7.69971,67.4,FALSE,6.202
4476,BJ0505,1.94677,7.67258,68.28,FALSE,6.202
4477,BJ0505,1.94683,7.64545,65.82,FALSE,6.202
4479,BJ0505,1.9469,7.61831,66.92,FALSE,6.202
4693,BJ0505,1.97296,8.07963,64.04,FALSE,6.202
4694,BJ0505,1.97303,8.0525,66.92,FALSE,6.202
4695,BJ0505,1.9731,8.02537,64.04,FALSE,6.202
4696,BJ0505,1.97317,7.99823,66.68,FALSE,6.202
4697,BJ0505,1.97324,7.9711,67.12,FALSE,6.202
4698,BJ0505,1.9733,7.94397,69.64,FALSE,6.202
4699,BJ0505,1.97337,7.91684,73.82,FALSE,6.202
4700,BJ0505,1.97344,7.88971,70.89,FALSE,6.202
4701,BJ0505,1.9735,7.86257,66.56,FALSE,6.202
4702,BJ0505,1.97357,7.83544,64.04,FALSE,6.202
4703,BJ0505,1.97364,7.80831,64.04,FALSE,6.202
4704,BJ0505,1.9737,7.78118,64.27,FALSE,6.202
4705,BJ0505,1.97377,7.75404,64.04,FALSE,6.202
4706,BJ0505,1.97383,7.72691,64.04,FALSE,6.202
4707,BJ0505,1.9739,7.69978,64.04,FALSE,6.202
4708,BJ0505,1.97397,7.67264,64.04,FALSE,6.202
4709,BJ0505,1.97403,7.64551,64.6,FALSE,6.202
4710,BJ0505,1.97409,7.61838,66.14,FALSE,6.202
4712,BJ0505,1.97416,7.59125,65.48,FALSE,6.202
4920,BJ0505,2.00019,8.0797,64.04,FALSE,6.202
4921,BJ0505,2.00025,8.05257,64.04,FALSE,6.202
4922,BJ0505,2.00032,8.02543,64.04,FALSE,6.202
4923,BJ0505,2.00039,7.9983,70.52,FALSE,6.202
4924,BJ0505,2.00045,7.97117,71.99,FALSE,6.202
4925,BJ0505,2.00052,7.94404,71.44,FALSE,6.202
4926,BJ0505,2.00058,7.9169,73.4,FALSE,6.202
4927,BJ0505,2.00065,7.88977,69.97,FALSE,6.202
4928,BJ0505,2.00071,7.86264,68.62,FALSE,6.202
4929,BJ0505,2.00078,7.83551,64.66,FALSE,6.202
4930,BJ0505,2.00084,7.80837,64.04,FALSE,6.202
4931,BJ0505,2.00091,7.78124,65,FALSE,6.202
4932,BJ0505,2.00097,7.75411,64.67,FALSE,6.202
4933,BJ0505,2.00104,7.72697,65.67,FALSE,6.202
4934,BJ0505,2.0011,7.69984,66.32,FALSE,6.202
4935,BJ0505,2.00116,7.67271,65.8,FALSE,6.202
4936,BJ0505,2.00123,7.64558,65.93,FALSE,6.202
4937,BJ0505,2.00129,7.61844,67.78,FALSE,6.202
4938,BJ0505,2.00135,7.59131,66.84,FALSE,6.202
4940,BJ0505,2.00141,7.56418,72.41,FALSE,6.202
5135,BJ0505,2.02741,8.07976,64.04,FALSE,6.202
5136,BJ0505,2.02748,8.05263,64.04,FALSE,6.202
5137,BJ0505,2.02754,8.0255,67.07,FALSE,6.202
5138,BJ0505,2.02761,7.99837,70.99,FALSE,6.202
5139,BJ0505,2.02767,7.97123,72.17,FALSE,6.202
5140,BJ0505,2.02773,7.9441,71.02,FALSE,6.202
5141,BJ0505,2.0278,7.91697,70.86,FALSE,6.202
5142,BJ0505,2.02786,7.88984,65.59,FALSE,6.202
5143,BJ0505,2.02792,7.8627,69.32,FALSE,6.202
5144,BJ0505,2.02799,7.83557,65.54,FALSE,6.202
5145,BJ0505,2.02805,7.80844,64.35,FALSE,6.202
5146,BJ0505,2.02811,7.7813,68.07,FALSE,6.202
5147,BJ0505,2.02818,7.75417,64.04,FALSE,6.202
5148,BJ0505,2.02824,7.72704,66.92,FALSE,6.202
5149,BJ0505,2.0283,7.6999,68.95,FALSE,6.202
5150,BJ0505,2.02836,7.67277,71.11,FALSE,6.202
5151,BJ0505,2.02842,7.64564,70.52,FALSE,6.202
5152,BJ0505,2.02848,7.6185,70.69,FALSE,6.202
5153,BJ0505,2.02855,7.59137,68.07,FALSE,6.202
5154,BJ0505,2.02861,7.56424,69.59,FALSE,6.202
5362,BJ0505,2.05464,8.07983,64.04,FALSE,6.202
5363,BJ0505,2.0547,8.0527,66.16,FALSE,6.202
5364,BJ0505,2.05476,8.02556,74.11,FALSE,6.202
5365,BJ0505,2.05483,7.99843,74.11,FALSE,6.202
5366,BJ0505,2.05489,7.9713,74.11,FALSE,6.202
5367,BJ0505,2.05495,7.94416,71.6,FALSE,6.202
5368,BJ0505,2.05501,7.91703,71.6,FALSE,6.202
5369,BJ0505,2.05507,7.8899,67.68,FALSE,6.202
5370,BJ0505,2.05514,7.86276,67.07,FALSE,6.202
5371,BJ0505,2.0552,7.83563,64.31,FALSE,6.202
5373,BJ0505,2.05526,7.8085,67.99,FALSE,6.202
5375,BJ0505,2.05532,7.78137,65.66,FALSE,6.202
5377,BJ0505,2.05538,7.75423,64.04,FALSE,6.202
5379,BJ0505,2.05544,7.7271,65.16,FALSE,6.202
5381,BJ0505,2.0555,7.69997,64.48,FALSE,6.202
5383,BJ0505,2.05556,7.67283,66.77,FALSE,6.202
5385,BJ0505,2.05562,7.6457,66.97,FALSE,6.202
5387,BJ0505,2.05568,7.61857,72.68,FALSE,6.202
5388,BJ0505,2.05574,7.59143,70.45,FALSE,6.202
5389,BJ0505,2.0558,7.5643,69.47,FALSE,6.202
5613,BJ0505,2.0818,8.10702,67.4,FALSE,6.202
5615,BJ0505,2.08186,8.07989,73.66,FALSE,6.202
5616,BJ0505,2.08192,8.05276,74.11,FALSE,6.202
5617,BJ0505,2.08198,8.02562,74.11,FALSE,6.202
5618,BJ0505,2.08205,7.99849,74.11,FALSE,6.202
5619,BJ0505,2.08211,7.97136,74.11,FALSE,6.202
5620,BJ0505,2.08217,7.94422,72.93,FALSE,6.202
5621,BJ0505,2.08223,7.91709,70.52,FALSE,6.202
5622,BJ0505,2.08229,7.88996,68.52,FALSE,6.202
5624,BJ0505,2.08235,7.86282,66.28,FALSE,6.202
5626,BJ0505,2.08241,7.83569,67.82,FALSE,6.202
5634,BJ0505,2.08282,7.64576,67.29,FALSE,6.202
5636,BJ0505,2.0828700000000002,7.61862,70.14,FALSE,6.202
5638,BJ0505,2.08293,7.59149,69.51,FALSE,6.202
5639,BJ0505,2.08299,7.56436,70.75,FALSE,6.202
5861,BJ0505,2.10897,8.13422,64.04,FALSE,6.202
5864,BJ0505,2.10903,8.10708,74.11,FALSE,6.202
5866,BJ0505,2.10909,8.07995,74.11,FALSE,6.202
5868,BJ0505,2.10915,8.05282,74.11,FALSE,6.202
5870,BJ0505,2.10921,8.02568,74.11,FALSE,6.202
5872,BJ0505,2.10927,7.99855,74.11,FALSE,6.202
5874,BJ0505,2.10932,7.97142,74.11,FALSE,6.202
5876,BJ0505,2.10938,7.94428,73.66,FALSE,6.202
5878,BJ0505,2.10944,7.91715,69.08,FALSE,6.202
5880,BJ0505,2.1095,7.89002,68.07,FALSE,6.202
5891,BJ0505,2.11007,7.61868,72.38,FALSE,6.202
5893,BJ0505,2.11013,7.59155,69.67,FALSE,6.202
5895,BJ0505,2.11018,7.56441,71.48,FALSE,6.202
6103,BJ0505,2.13626,8.10714,74.11,FALSE,6.202
6105,BJ0505,2.13631,8.08001,74.11,FALSE,6.202
6124,BJ0505,2.13732,7.5916,72.28,FALSE,6.202
6126,BJ0505,2.13737,7.56447,72.94,FALSE,6.202
9582,BJ0506,2.5179,7.72787,47.42,FALSE,-11.2
9583,BJ0506,2.51793,7.70073,47.76,FALSE,-11.2
9585,BJ0506,2.51796,7.6736,46.64,FALSE,-11.2
9827,BJ0506,2.54444,8.32489,46.64,FALSE,-11.2
9829,BJ0506,2.54447,8.29775,47.08,FALSE,-11.2
9830,BJ0506,2.5445,8.27062,47.12,FALSE,-11.2
9831,BJ0506,2.54453,8.24348,47.1,FALSE,-11.2
9832,BJ0506,2.54456,8.21635,46.64,FALSE,-11.2
9833,BJ0506,2.54459,8.18921,46.64,FALSE,-11.2
9834,BJ0506,2.54463,8.16207,46.64,FALSE,-11.2
9835,BJ0506,2.54466,8.13494,46.64,FALSE,-11.2
9836,BJ0506,2.54469,8.1078,46.64,FALSE,-11.2
9837,BJ0506,2.54472,8.08067,46.64,FALSE,-11.2
9838,BJ0506,2.54475,8.05353,46.64,FALSE,-11.2
9839,BJ0506,2.54478,8.0264,46.64,FALSE,-11.2
9840,BJ0506,2.54481,7.99926,46.64,FALSE,-11.2
9841,BJ0506,2.54484,7.97212,46.64,FALSE,-11.2
9842,BJ0506,2.54487,7.94499,46.64,FALSE,-11.2
9843,BJ0506,2.5449,7.91785,46.64,FALSE,-11.2
9844,BJ0506,2.54493,7.89072,46.64,FALSE,-11.2
9845,BJ0506,2.54496,7.86358,46.64,FALSE,-11.2
9846,BJ0506,2.54499,7.83644,46.64,FALSE,-11.2
9847,BJ0506,2.54502,7.80931,48.38,FALSE,-11.2
9848,BJ0506,2.54505,7.78217,49.25,FALSE,-11.2
9849,BJ0506,2.54507,7.75504,46.99,FALSE,-11.2
9850,BJ0506,2.5451,7.7279,46.64,FALSE,-11.2
9851,BJ0506,2.54513,7.70076,46.64,FALSE,-11.2
10079,BJ0506,2.57168,8.32492,46.64,FALSE,-11.2
10080,BJ0506,2.57171,8.29778,46.64,FALSE,-11.2
10081,BJ0506,2.57174,8.27065,46.64,FALSE,-11.2
10082,BJ0506,2.57177,8.24351,46.64,FALSE,-11.2
10083,BJ0506,2.5718,8.21638,46.64,FALSE,-11.2
10084,BJ0506,2.57183,8.18924,46.64,FALSE,-11.2
10085,BJ0506,2.57186,8.1621,46.64,FALSE,-11.2
10086,BJ0506,2.57189,8.13497,46.64,FALSE,-11.2
10087,BJ0506,2.57192,8.10783,46.64,FALSE,-11.2
10088,BJ0506,2.57194,8.0807,46.64,FALSE,-11.2
10089,BJ0506,2.57197,8.05356,46.64,FALSE,-11.2
10090,BJ0506,2.572,8.02643,46.64,FALSE,-11.2
10091,BJ0506,2.57203,7.99929,46.64,FALSE,-11.2
10092,BJ0506,2.57206,7.97215,46.64,FALSE,-11.2
10093,BJ0506,2.57209,7.94502,46.64,FALSE,-11.2
10094,BJ0506,2.57211,7.91788,46.64,FALSE,-11.2
10095,BJ0506,2.57214,7.89075,47.24,FALSE,-11.2
10096,BJ0506,2.57217,7.86361,46.64,FALSE,-11.2
10097,BJ0506,2.5722,7.83647,46.64,FALSE,-11.2
10098,BJ0506,2.57223,7.80934,47.25,FALSE,-11.2
10099,BJ0506,2.57225,7.7822,47.31,FALSE,-11.2
10100,BJ0506,2.57228,7.75506,48.22,FALSE,-11.2
10101,BJ0506,2.57231,7.72793,46.64,FALSE,-11.2
10102,BJ0506,2.57234,7.70079,46.64,FALSE,-11.2
10104,BJ0506,2.57236,7.67366,46.64,FALSE,-11.2
10333,BJ0506,2.59893,8.32495,46.64,FALSE,-11.2
10334,BJ0506,2.59896,8.29781,46.64,FALSE,-11.2
10335,BJ0506,2.59898,8.27067,46.64,FALSE,-11.2
10336,BJ0506,2.59901,8.24354,46.64,FALSE,-11.2
10337,BJ0506,2.59904,8.2164,47.12,FALSE,-11.2
10338,BJ0506,2.59907,8.18927,46.64,FALSE,-11.2
10339,BJ0506,2.59909,8.16213,46.64,FALSE,-11.2
10340,BJ0506,2.59912,8.135,46.64,FALSE,-11.2
10341,BJ0506,2.59915,8.10786,46.64,FALSE,-11.2
10342,BJ0506,2.59917,8.08072,46.64,FALSE,-11.2
10343,BJ0506,2.5992,8.05359,46.64,FALSE,-11.2
10344,BJ0506,2.59923,8.02645,46.64,FALSE,-11.2
10345,BJ0506,2.59925,7.99932,46.64,FALSE,-11.2
10346,BJ0506,2.59928,7.97218,46.64,FALSE,-11.2
10347,BJ0506,2.59931,7.94504,46.64,FALSE,-11.2
10348,BJ0506,2.59933,7.91791,46.64,FALSE,-11.2
10349,BJ0506,2.59936,7.89077,46.64,FALSE,-11.2
10350,BJ0506,2.59938,7.86364,46.64,FALSE,-11.2
10351,BJ0506,2.59941,7.8365,46.64,FALSE,-11.2
10352,BJ0506,2.59944,7.80936,46.64,FALSE,-11.2
10353,BJ0506,2.59946,7.78223,46.64,FALSE,-11.2
10354,BJ0506,2.59949,7.75509,46.64,FALSE,-11.2
10355,BJ0506,2.59951,7.72796,46.64,FALSE,-11.2
10356,BJ0506,2.59954,7.70082,46.64,FALSE,-11.2
10590,BJ0506,2.62617,8.32497,46.64,FALSE,-11.2
10591,BJ0506,2.6262,8.29784,46.64,FALSE,-11.2
10592,BJ0506,2.62622,8.2707,46.64,FALSE,-11.2
10593,BJ0506,2.62625,8.24357,46.64,FALSE,-11.2
10594,BJ0506,2.62628,8.21643,46.64,FALSE,-11.2
10595,BJ0506,2.6263,8.18929,46.64,FALSE,-11.2
10596,BJ0506,2.62633,8.16216,46.64,FALSE,-11.2
10597,BJ0506,2.62635,8.13502,46.64,FALSE,-11.2
10598,BJ0506,2.62638,8.10789,46.64,FALSE,-11.2
10599,BJ0506,2.6264,8.08075,46.64,FALSE,-11.2
10600,BJ0506,2.62643,8.05361,46.64,FALSE,-11.2
10601,BJ0506,2.62645,8.02648,46.64,FALSE,-11.2
10602,BJ0506,2.62648,7.99934,46.64,FALSE,-11.2
10603,BJ0506,2.6265,7.97221,46.64,FALSE,-11.2
10604,BJ0506,2.62652,7.94507,46.92,FALSE,-11.2
10605,BJ0506,2.62655,7.91793,46.64,FALSE,-11.2
10606,BJ0506,2.62657,7.8908,46.64,FALSE,-11.2
10607,BJ0506,2.6266,7.86366,46.64,FALSE,-11.2
10608,BJ0506,2.62662,7.83653,46.64,FALSE,-11.2
10609,BJ0506,2.62665,7.80939,46.64,FALSE,-11.2
10610,BJ0506,2.62667,7.78225,46.64,FALSE,-11.2
10611,BJ0506,2.62669,7.75512,46.64,FALSE,-11.2
10612,BJ0506,2.62672,7.72798,46.64,FALSE,-11.2
10613,BJ0506,2.62674,7.70084,46.64,FALSE,-11.2
10850,BJ0506,2.65342,8.325,46.64,FALSE,-11.2
10851,BJ0506,2.65344,8.29786,46.64,FALSE,-11.2
10852,BJ0506,2.65347,8.27073,46.64,FALSE,-11.2
10853,BJ0506,2.65349,8.24359,46.64,FALSE,-11.2
10854,BJ0506,2.65351,8.21645,46.64,FALSE,-11.2
10855,BJ0506,2.65354,8.18932,46.64,FALSE,-11.2
10856,BJ0506,2.65356,8.16218,46.64,FALSE,-11.2
10857,BJ0506,2.65358,8.13505,46.64,FALSE,-11.2
10858,BJ0506,2.65361,8.10791,46.64,FALSE,-11.2
10859,BJ0506,2.65363,8.08077,46.64,FALSE,-11.2
10860,BJ0506,2.65365,8.05364,46.64,FALSE,-11.2
10861,BJ0506,2.65368,8.0265,46.64,FALSE,-11.2
10862,BJ0506,2.6537,7.99937,46.64,FALSE,-11.2
10863,BJ0506,2.65372,7.97223,46.64,FALSE,-11.2
10864,BJ0506,2.65374,7.94509,46.64,FALSE,-11.2
10865,BJ0506,2.65377,7.91796,46.64,FALSE,-11.2
10866,BJ0506,2.65379,7.89082,46.64,FALSE,-11.2
10867,BJ0506,2.65381,7.86368,46.64,FALSE,-11.2
10868,BJ0506,2.65383,7.83655,46.64,FALSE,-11.2
10869,BJ0506,2.65386,7.80941,46.64,FALSE,-11.2
10870,BJ0506,2.65388,7.78228,46.64,FALSE,-11.2
10871,BJ0506,2.6539,7.75514,47.15,FALSE,-11.2
10872,BJ0506,2.65392,7.728,46.64,FALSE,-11.2
10873,BJ0506,2.65395,7.70087,46.64,FALSE,-11.2
10875,BJ0506,2.65397,7.67373,46.64,FALSE,-11.2
11104,BJ0506,2.68066,8.32502,47.2,FALSE,-11.2
11105,BJ0506,2.68068,8.29788,46.88,FALSE,-11.2
11106,BJ0506,2.68071,8.27075,46.64,FALSE,-11.2
11107,BJ0506,2.68073,8.24361,47.44,FALSE,-11.2
11108,BJ0506,2.68075,8.21648,46.64,FALSE,-11.2
11109,BJ0506,2.68077,8.18934,46.64,FALSE,-11.2
11110,BJ0506,2.68079,8.1622,46.64,FALSE,-11.2
11111,BJ0506,2.68082,8.13507,46.64,FALSE,-11.2
11112,BJ0506,2.68084,8.10793,46.64,FALSE,-11.2
11113,BJ0506,2.68086,8.0808,46.64,FALSE,-11.2
11114,BJ0506,2.68088,8.05366,46.64,FALSE,-11.2
11115,BJ0506,2.6809,8.02652,46.64,FALSE,-11.2
11116,BJ0506,2.68092,7.99939,46.64,FALSE,-11.2
11117,BJ0506,2.68094,7.97225,46.64,FALSE,-11.2
11118,BJ0506,2.68096,7.94512,46.64,FALSE,-11.2
11119,BJ0506,2.68098,7.91798,46.85,FALSE,-11.2
11120,BJ0506,2.68101,7.89084,46.64,FALSE,-11.2
11121,BJ0506,2.68103,7.86371,46.64,FALSE,-11.2
11122,BJ0506,2.68105,7.83657,46.64,FALSE,-11.2
11123,BJ0506,2.68107,7.80943,46.64,FALSE,-11.2
11124,BJ0506,2.68109,7.7823,46.64,FALSE,-11.2
11125,BJ0506,2.68111,7.75516,56.71,FALSE,-11.2
11126,BJ0506,2.68113,7.72802,46.64,FALSE,-11.2
11127,BJ0506,2.68115,7.70089,46.64,FALSE,-11.2
11129,BJ0506,2.68117,7.67375,46.64,FALSE,-11.2
11352,BJ0506,2.70791,8.32504,47.76,FALSE,-11.2
11353,BJ0506,2.70793,8.29791,46.88,FALSE,-11.2
11354,BJ0506,2.70795,8.27077,46.92,FALSE,-11.2
11355,BJ0506,2.70797,8.24363,47.2,FALSE,-11.2
11356,BJ0506,2.70799,8.2165,46.64,FALSE,-11.2
11357,BJ0506,2.70801,8.18936,46.64,FALSE,-11.2
11358,BJ0506,2.70803,8.16223,46.64,FALSE,-11.2
11359,BJ0506,2.70805,8.13509,46.64,FALSE,-11.2
11360,BJ0506,2.70807,8.10795,46.64,FALSE,-11.2
11361,BJ0506,2.70809,8.08082,46.64,FALSE,-11.2
11362,BJ0506,2.70811,8.05368,47.4,FALSE,-11.2
11363,BJ0506,2.70813,8.02654,47.26,FALSE,-11.2
11364,BJ0506,2.70814,7.99941,46.88,FALSE,-11.2
11365,BJ0506,2.70816,7.97227,46.64,FALSE,-11.2
11366,BJ0506,2.70818,7.94514,46.64,FALSE,-11.2
11367,BJ0506,2.7082,7.918,46.64,FALSE,-11.2
11368,BJ0506,2.70824,7.86373,46.64,FALSE,-11.2
11369,BJ0506,2.70826,7.83659,46.64,FALSE,-11.2
11370,BJ0506,2.70828,7.80945,46.64,FALSE,-11.2
11371,BJ0506,2.7083,7.78232,46.64,FALSE,-11.2
11372,BJ0506,2.70832,7.75518,46.64,FALSE,-11.2
11373,BJ0506,2.70833,7.72804,46.64,FALSE,-11.2
11374,BJ0506,2.70835,7.70091,46.64,FALSE,-11.2
11594,BJ0506,2.73521,8.24365,46.64,FALSE,-11.2
11595,BJ0506,2.73523,8.21652,46.64,FALSE,-11.2
11596,BJ0506,2.73524,8.18938,46.64,FALSE,-11.2
11597,BJ0506,2.73526,8.16224,47.22,FALSE,-11.2
11598,BJ0506,2.73528,8.13511,46.64,FALSE,-11.2
11599,BJ0506,2.7353,8.10797,46.64,FALSE,-11.2
11600,BJ0506,2.73531,8.08084,46.64,FALSE,-11.2
11601,BJ0506,2.73533,8.0537,46.64,FALSE,-11.2
11602,BJ0506,2.73549,7.80947,46.97,FALSE,-11.2
11603,BJ0506,2.73551,7.78233,46.64,FALSE,-11.2
11604,BJ0506,2.73552,7.7552,46.64,FALSE,-11.2
11605,BJ0506,2.73554,7.72806,46.64,FALSE,-11.2
11606,BJ0506,2.73556,7.70092,46.64,FALSE,-11.2
11819,BJ0506,2.76246,8.21653,46.64,FALSE,-11.2
11820,BJ0506,2.76248,8.1894,46.64,FALSE,-11.2
11821,BJ0506,2.7625,8.16226,46.64,FALSE,-11.2
7781,BJ0506,2.32681,8.13464,46.64,FALSE,-11.2
7783,BJ0506,2.32685,8.1075,56.71,FALSE,-11.2
8022,BJ0506,2.35404,8.13468,56.71,FALSE,-11.2
8024,BJ0506,2.35408,8.10755,56.71,FALSE,-11.2
8026,BJ0506,2.35412,8.08041,56.71,FALSE,-11.2
8028,BJ0506,2.35417,8.05328,52.69,FALSE,-11.2
8030,BJ0506,2.35421,8.02614,52.01,FALSE,-11.2
8267,BJ0506,2.38127,8.13472,56.71,FALSE,-11.2
8268,BJ0506,2.38131,8.10759,56.71,FALSE,-11.2
8269,BJ0506,2.38135,8.08045,56.71,FALSE,-11.2
8271,BJ0506,2.38139,8.05332,56.71,FALSE,-11.2
8273,BJ0506,2.38143,8.02618,56.71,FALSE,-11.2
8275,BJ0506,2.38147,7.99905,56.71,FALSE,-11.2
8277,BJ0506,2.38152,7.97191,46.64,FALSE,-11.2
8279,BJ0506,2.38156,7.94478,46.64,FALSE,-11.2
8281,BJ0506,2.3816,7.91764,47.79,FALSE,-11.2
8283,BJ0506,2.38164,7.89051,56.71,FALSE,-11.2
8285,BJ0506,2.38168,7.86337,46.64,FALSE,-11.2
8287,BJ0506,2.38172,7.83624,56.71,FALSE,-11.2
8289,BJ0506,2.38176,7.8091,56.71,FALSE,-11.2
8518,BJ0506,2.4085,8.13476,47.79,FALSE,-11.2
8519,BJ0506,2.40854,8.10763,56.71,FALSE,-11.2
8520,BJ0506,2.40858,8.08049,56.71,FALSE,-11.2
8521,BJ0506,2.40862,8.05336,56.71,FALSE,-11.2
8522,BJ0506,2.40866,8.02622,56.71,FALSE,-11.2
8523,BJ0506,2.4087,7.99909,56.71,FALSE,-11.2
8524,BJ0506,2.40874,7.97195,46.64,FALSE,-11.2
8525,BJ0506,2.40877,7.94482,46.64,FALSE,-11.2
8526,BJ0506,2.40881,7.91768,46.64,FALSE,-11.2
8527,BJ0506,2.40885,7.89055,47.79,FALSE,-11.2
8528,BJ0506,2.40889,7.86341,50,FALSE,-11.2
8529,BJ0506,2.40893,7.83628,56.71,FALSE,-11.2
8530,BJ0506,2.40897,7.80914,54.88,FALSE,-11.2
8787,BJ0506,2.43573,8.1348,49.16,FALSE,-11.2
8788,BJ0506,2.43577,8.10767,47.79,FALSE,-11.2
8789,BJ0506,2.43581,8.08053,47.79,FALSE,-11.2
8790,BJ0506,2.43584,8.0534,47.65,FALSE,-11.2
8791,BJ0506,2.43588,8.02626,49.52,FALSE,-11.2
8792,BJ0506,2.43592,7.99913,46.64,FALSE,-11.2
8793,BJ0506,2.43596,7.97199,46.64,FALSE,-11.2
8794,BJ0506,2.43599,7.94486,47.79,FALSE,-11.2
8795,BJ0506,2.43603,7.91772,47.79,FALSE,-11.2
8796,BJ0506,2.43607,7.89058,47.79,FALSE,-11.2
8797,BJ0506,2.4361,7.86345,48.08,FALSE,-11.2
8798,BJ0506,2.43614,7.83631,46.64,FALSE,-11.2
8799,BJ0506,2.43618,7.80918,48.32,FALSE,-11.2
8801,BJ0506,2.43621,7.78204,52.07,FALSE,-11.2
9049,BJ0506,2.46296,8.13484,46.64,FALSE,-11.2
9050,BJ0506,2.463,8.1077,46.64,FALSE,-11.2
9051,BJ0506,2.46303,8.08057,46.64,FALSE,-11.2
9052,BJ0506,2.46307,8.05343,47.79,FALSE,-11.2
9053,BJ0506,2.46311,8.0263,56.71,FALSE,-11.2
9054,BJ0506,2.46314,7.99916,46.64,FALSE,-11.2
9055,BJ0506,2.46318,7.97203,46.64,FALSE,-11.2
9056,BJ0506,2.46321,7.94489,46.64,FALSE,-11.2
9057,BJ0506,2.46325,7.91776,46.64,FALSE,-11.2
9058,BJ0506,2.46328,7.89062,47.79,FALSE,-11.2
9059,BJ0506,2.46332,7.86348,47.79,FALSE,-11.2
9060,BJ0506,2.46335,7.83635,46.64,FALSE,-11.2
9061,BJ0506,2.46339,7.80921,46.64,FALSE,-11.2
9062,BJ0506,2.46342,7.78208,50.35,FALSE,-11.2
9064,BJ0506,2.46346,7.75494,47.9,FALSE,-11.2
9066,BJ0506,2.46349,7.72781,48.23,FALSE,-11.2
9068,BJ0506,2.46352,7.70067,50.46,FALSE,-11.2
9301,BJ0506,2.48999,8.29769,46.64,FALSE,-11.2
9303,BJ0506,2.49002,8.27055,46.64,FALSE,-11.2
9305,BJ0506,2.49005,8.24342,46.85,FALSE,-11.2
9307,BJ0506,2.49009,8.21628,46.64,FALSE,-11.2
9309,BJ0506,2.49012,8.18915,46.64,FALSE,-11.2
9311,BJ0506,2.49016,8.16201,46.64,FALSE,-11.2
9313,BJ0506,2.49019,8.13487,46.64,FALSE,-11.2
9314,BJ0506,2.49023,8.10774,46.64,FALSE,-11.2
9315,BJ0506,2.49026,8.0806,46.64,FALSE,-11.2
9316,BJ0506,2.4903,8.05347,54.2,FALSE,-11.2
9317,BJ0506,2.49033,8.02633,56.71,FALSE,-11.2
9318,BJ0506,2.49036,7.9992,46.64,FALSE,-11.2
9319,BJ0506,2.4904,7.97206,46.64,FALSE,-11.2
9320,BJ0506,2.49043,7.94493,46.64,FALSE,-11.2
9321,BJ0506,2.49046,7.91779,46.64,FALSE,-11.2
9322,BJ0506,2.4905,7.89065,46.64,FALSE,-11.2
9323,BJ0506,2.49053,7.86352,47.24,FALSE,-11.2
9324,BJ0506,2.49056,7.83638,50.84,FALSE,-11.2
9325,BJ0506,2.4906,7.80925,56.71,FALSE,-11.2
9326,BJ0506,2.49063,7.78211,50.24,FALSE,-11.2
9327,BJ0506,2.49066,7.75498,50.2,FALSE,-11.2
9328,BJ0506,2.49069,7.72784,46.64,FALSE,-11.2
9329,BJ0506,2.49073,7.7007,47.24,FALSE,-11.2
9331,BJ0506,2.49076,7.67357,46.64,FALSE,-11.2
9561,BJ0506,2.51723,8.29772,46.64,FALSE,-11.2
9562,BJ0506,2.51726,8.27058,46.64,FALSE,-11.2
9563,BJ0506,2.51729,8.24345,46.64,FALSE,-11.2
9564,BJ0506,2.51733,8.21631,46.64,FALSE,-11.2
9565,BJ0506,2.51736,8.18918,46.64,FALSE,-11.2
9566,BJ0506,2.51739,8.16204,46.64,FALSE,-11.2
9567,BJ0506,2.51742,8.13491,46.64,FALSE,-11.2
9568,BJ0506,2.51746,8.10777,46.64,FALSE,-11.2
9569,BJ0506,2.51749,8.08064,49.27,FALSE,-11.2
9570,BJ0506,2.51752,8.0535,46.64,FALSE,-11.2
9571,BJ0506,2.51755,8.02637,46.64,FALSE,-11.2
9572,BJ0506,2.51759,7.99923,46.64,FALSE,-11.2
9573,BJ0506,2.51762,7.97209,46.64,FALSE,-11.2
9574,BJ0506,2.51765,7.94496,46.64,FALSE,-11.2
9575,BJ0506,2.51768,7.91782,46.64,FALSE,-11.2
9576,BJ0506,2.51771,7.89069,46.64,FALSE,-11.2
9577,BJ0506,2.51774,7.86355,47.65,FALSE,-11.2
9578,BJ0506,2.51777,7.83641,48.02,FALSE,-11.2
9579,BJ0506,2.51781,7.80928,47.76,FALSE,-11.2
9580,BJ0506,2.51784,7.78214,48.32,FALSE,-11.2
9581,BJ0506,2.51787,7.75501,47.56,FALSE,-11.2
1623,BJ0601,1.5682,6.99325,69.91,FALSE,0.575
1624,BJ0601,1.56828,6.96613,80.63,FALSE,0.575
1625,BJ0601,1.56836,6.939,73.05,FALSE,0.575
1626,BJ0601,1.56844,6.91187,58.42,FALSE,0.575
1735,BJ0601,1.59535,6.99334,82.15,FALSE,0.575
1736,BJ0601,1.59543,6.96621,97.68,FALSE,0.575
1737,BJ0601,1.59551,6.93908,86.12,FALSE,0.575
1738,BJ0601,1.59559,6.91195,68.19,FALSE,0.575
1739,BJ0601,1.59567,6.88482,66.77,FALSE,0.575
1885,BJ0601,1.6225,6.99342,96.06,FALSE,0.575
1886,BJ0601,1.62258,6.96629,96.37,FALSE,0.575
1887,BJ0601,1.62266,6.93916,88.71,FALSE,0.575
1888,BJ0601,1.62274,6.91203,77.78,FALSE,0.575
1889,BJ0601,1.62282,6.8849,79.52,FALSE,0.575
2070,BJ0601,1.6482,7.48184,65.34,FALSE,0.575
2071,BJ0601,1.64829,7.45471,84.31,FALSE,0.575
2072,BJ0601,1.64837,7.42758,90.95,FALSE,0.575
2073,BJ0601,1.64845,7.40045,95.89,FALSE,0.575
2074,BJ0601,1.64853,7.37332,93.61,FALSE,0.575
2075,BJ0601,1.64862,7.34619,93.5,FALSE,0.575
2076,BJ0601,1.6487,7.31906,94.84,FALSE,0.575
2077,BJ0601,1.64878,7.29193,92.79,FALSE,0.575
2078,BJ0601,1.64886,7.2648,96.26,FALSE,0.575
2079,BJ0601,1.64894,7.23767,92.08,FALSE,0.575
2080,BJ0601,1.64902,7.21054,88.7,FALSE,0.575
2081,BJ0601,1.6491,7.18341,75.61,FALSE,0.575
2082,BJ0601,1.64918,7.15628,84.74,FALSE,0.575
2083,BJ0601,1.64926,7.12915,89.33,FALSE,0.575
2084,BJ0601,1.64934,7.1020200000000004,79.21,FALSE,0.575
2085,BJ0601,1.64942,7.07489,87.67,FALSE,0.575
2086,BJ0601,1.6495,7.04776,97.8,FALSE,0.575
2087,BJ0601,1.64958,7.02063,95.18,FALSE,0.575
2088,BJ0601,1.64966,6.9935,94.22,FALSE,0.575
2089,BJ0601,1.64973,6.96636,87.67,FALSE,0.575
2090,BJ0601,1.64981,6.93923,85.64,FALSE,0.575
2091,BJ0601,1.64989,6.9121,94.34,FALSE,0.575
2093,BJ0601,1.64997,6.88497,93.51,FALSE,0.575
2270,BJ0601,1.67539,7.48192,94.42,FALSE,0.575
2272,BJ0601,1.67547,7.45479,96.6,FALSE,0.575
2274,BJ0601,1.67555,7.42766,97.8,FALSE,0.575
2275,BJ0601,1.67563,7.40053,98.51,FALSE,0.575
2276,BJ0601,1.67571,7.3734,98.51,FALSE,0.575
2277,BJ0601,1.67579,7.34627,97.68,FALSE,0.575
2278,BJ0601,1.67587,7.31914,97.8,FALSE,0.575
2279,BJ0601,1.67595,7.29201,96.01,FALSE,0.575
2280,BJ0601,1.67603,7.26488,94.94,FALSE,0.575
2281,BJ0601,1.67611,7.23775,97.68,FALSE,0.575
2282,BJ0601,1.67619,7.21062,97.08,FALSE,0.575
2283,BJ0601,1.67627,7.18349,92.67,FALSE,0.575
2284,BJ0601,1.67635,7.15636,87.79,FALSE,0.575
2285,BJ0601,1.67642,7.12922,94.34,FALSE,0.575
2286,BJ0601,1.6765,7.10209,80.63,FALSE,0.575
2287,BJ0601,1.67658,7.07496,90.65,FALSE,0.575
2288,BJ0601,1.67666,7.04783,91.16,FALSE,0.575
2289,BJ0601,1.67673,7.0207,92.08,FALSE,0.575
2290,BJ0601,1.67681,6.99357,82.58,FALSE,0.575
2291,BJ0601,1.67689,6.96644,74.92,FALSE,0.575
2292,BJ0601,1.67696,6.93931,77.68,FALSE,0.575
2293,BJ0601,1.67704,6.91218,78.5,FALSE,0.575
2476,BJ0601,1.70265,7.45487,97.68,FALSE,0.575
2478,BJ0601,1.70273,7.42774,96.37,FALSE,0.575
2480,BJ0601,1.70281,7.40061,96.97,FALSE,0.575
2481,BJ0601,1.70289,7.37348,95.45,FALSE,0.575
2482,BJ0601,1.70297,7.34635,94.22,FALSE,0.575
2483,BJ0601,1.70304,7.31922,97.9,FALSE,0.575
2484,BJ0601,1.70312,7.29209,97.8,FALSE,0.575
2485,BJ0601,1.7032,7.26496,96.06,FALSE,0.575
2486,BJ0601,1.70328,7.23782,92.08,FALSE,0.575
2487,BJ0601,1.70336,7.21069,89.93,FALSE,0.575
2488,BJ0601,1.70343,7.18356,87.07,FALSE,0.575
2489,BJ0601,1.70351,7.15643,84.42,FALSE,0.575
2490,BJ0601,1.70359,7.1293,92.79,FALSE,0.575
2491,BJ0601,1.70366,7.10217,82.14,FALSE,0.575
2492,BJ0601,1.70374,7.07504,82.67,FALSE,0.575
2493,BJ0601,1.70381,7.04791,79.93,FALSE,0.575
2494,BJ0601,1.70389,7.02078,88.5,FALSE,0.575
2495,BJ0601,1.70396,6.99365,76.35,FALSE,0.575
2496,BJ0601,1.70404,6.96652,69.32,FALSE,0.575
2497,BJ0601,1.70411,6.93939,68.49,FALSE,0.575
2499,BJ0601,1.70419,6.91225,70.99,FALSE,0.575
2682,BJ0601,1.72991,7.42782,94.84,FALSE,0.575
2684,BJ0601,1.72999,7.40069,96.2,FALSE,0.575
2686,BJ0601,1.73006,7.37356,93.51,FALSE,0.575
2688,BJ0601,1.73014,7.34642,93.51,FALSE,0.575
2690,BJ0601,1.73022,7.31929,98.51,FALSE,0.575
2691,BJ0601,1.73029,7.29216,97.68,FALSE,0.575
2692,BJ0601,1.73037,7.26503,87.07,FALSE,0.575
2693,BJ0601,1.73045,7.2379,85.17,FALSE,0.575
2694,BJ0601,1.73052,7.21077,79.93,FALSE,0.575
2695,BJ0601,1.7306,7.18364,92.67,FALSE,0.575
2696,BJ0601,1.73067,7.15651,84.93,FALSE,0.575
2697,BJ0601,1.73075,7.12938,82.67,FALSE,0.575
2698,BJ0601,1.73082,7.10225,76.35,FALSE,0.575
2699,BJ0601,1.7309,7.07512,70.99,FALSE,0.575
2701,BJ0601,1.73097,7.04798,69.71,FALSE,0.575
2703,BJ0601,1.73104,7.02085,68.49,FALSE,0.575
2705,BJ0601,1.73112,6.99372,71.55,FALSE,0.575
2707,BJ0601,1.73119,6.96659,69.92,FALSE,0.575
2710,BJ0601,1.73126,6.93946,69.1,FALSE,0.575
2905,BJ0601,1.75732,7.3465,82.07,FALSE,0.575
2907,BJ0601,1.75739,7.31937,88.1,FALSE,0.575
2909,BJ0601,1.75747,7.29224,89.22,FALSE,0.575
2911,BJ0601,1.75754,7.26511,81.97,FALSE,0.575
2912,BJ0601,1.75762,7.23798,77.78,FALSE,0.575
2913,BJ0601,1.75769,7.21084,76.45,FALSE,0.575
2914,BJ0601,1.75776,7.18371,87.07,FALSE,0.575
2915,BJ0601,1.75784,7.15658,88.1,FALSE,0.575
2916,BJ0601,1.75791,7.12945,87.79,FALSE,0.575
2917,BJ0601,1.75798,7.10232,86.26,FALSE,0.575
2919,BJ0601,1.75806,7.07519,70.63,FALSE,0.575
3129,BJ0601,1.78464,7.29231,82.67,FALSE,0.575
3131,BJ0601,1.78471,7.26518,84.22,FALSE,0.575
3133,BJ0601,1.78478,7.23805,84.33,FALSE,0.575
3134,BJ0601,1.78486,7.21092,82.07,FALSE,0.575
3135,BJ0601,1.78493,7.18379,81,FALSE,0.575
3136,BJ0601,1.785,7.15665,79.93,FALSE,0.575
3137,BJ0601,1.78507,7.12952,76.83,FALSE,0.575
3139,BJ0601,1.78514,7.10239,74.21,FALSE,0.575
3354,BJ0601,1.81188,7.26525,92.39,FALSE,0.575
3356,BJ0601,1.81195,7.23812,97.08,FALSE,0.575
3358,BJ0601,1.81202,7.21099,95.45,FALSE,0.575
3360,BJ0601,1.8121,7.18386,80.64,FALSE,0.575
3362,BJ0601,1.81217,7.15673,75.84,FALSE,0.575
3364,BJ0601,1.81224,7.12959,72.06,FALSE,0.575
3588,BJ0601,1.83919,7.21106,90.65,FALSE,0.575
3591,BJ0601,1.83926,7.18393,94.34,FALSE,0.575
1740,BJ0602,1.59567,6.88482,81.44,FALSE,15.243
1741,BJ0602,1.59575,6.85769,83.67,FALSE,15.243
1742,BJ0602,1.59583,6.83056,85.62,FALSE,15.243
1743,BJ0602,1.59591,6.80343,88.65,FALSE,15.243
1744,BJ0602,1.59599,6.7763,94.27,FALSE,15.243
1890,BJ0602,1.62282,6.8849,94.19,FALSE,15.243
1891,BJ0602,1.6229,6.85777,103.17,TRUE,15.243
1892,BJ0602,1.62297,6.83064,102.93,TRUE,15.243
1893,BJ0602,1.62305,6.80351,101.5,TRUE,15.243
1894,BJ0602,1.62313,6.77638,105.32,TRUE,15.243
2092,BJ0602,1.64989,6.9121,109.01,TRUE,15.243
2094,BJ0602,1.64997,6.88497,108.18,TRUE,15.243
2095,BJ0602,1.65004,6.85784,98.17,FALSE,15.243
2096,BJ0602,1.65012,6.83071,87.44,FALSE,15.243
2097,BJ0602,1.65019,6.80358,91.81,FALSE,15.243
2098,BJ0602,1.65027,6.77645,98.47,FALSE,15.243
2294,BJ0602,1.67704,6.91218,93.16,FALSE,15.243
2295,BJ0602,1.67711,6.88505,93.57,FALSE,15.243
2296,BJ0602,1.67719,6.85792,86.01,FALSE,15.243
2297,BJ0602,1.67726,6.83079,85.61,FALSE,15.243
2298,BJ0602,1.67734,6.80366,89.75,FALSE,15.243
2300,BJ0602,1.67741,6.77653,91.73,FALSE,15.243
2498,BJ0602,1.70411,6.93939,83.16,FALSE,15.243
2500,BJ0602,1.70419,6.91225,85.66,FALSE,15.243
2501,BJ0602,1.70426,6.88512,94.59,FALSE,15.243
2502,BJ0602,1.70433,6.85799,93.16,FALSE,15.243
2503,BJ0602,1.70441,6.83086,85.3,FALSE,15.243
2505,BJ0602,1.70448,6.80373,96.5,FALSE,15.243
2709,BJ0602,1.73119,6.96659,84.59,FALSE,15.243
2711,BJ0602,1.73126,6.93946,83.77,FALSE,15.243
2712,BJ0602,1.73134,6.91233,84.59,FALSE,15.243
2713,BJ0602,1.73141,6.8852,95.41,FALSE,15.243
2714,BJ0602,1.73148,6.85807,92.45,FALSE,15.243
2715,BJ0602,1.73155,6.83093,85.61,FALSE,15.243
2926,BJ0602,1.75834,6.96666,92.33,FALSE,15.243
2928,BJ0602,1.75841,6.93953,83.16,FALSE,15.243
2930,BJ0602,1.75849,6.9124,97.33,FALSE,15.243
2932,BJ0602,1.75856,6.88527,93.88,FALSE,15.243
2934,BJ0602,1.75863,6.85814,95.67,FALSE,15.243
2936,BJ0602,1.7587,6.831,98.17,FALSE,15.243
1745,BJ0603,1.59599,6.7763,79.29,FALSE,0.256
1746,BJ0603,1.59607,6.74917,78.16,FALSE,0.256
1748,BJ0603,1.59614,6.72204,90.52,FALSE,0.256
1895,BJ0603,1.62313,6.77638,90.33,FALSE,0.256
1896,BJ0603,1.62321,6.74925,76.51,FALSE,0.256
1898,BJ0603,1.62328,6.72211,96.76,FALSE,0.256
2099,BJ0603,1.65027,6.77645,83.49,FALSE,0.256
2100,BJ0603,1.65035,6.74932,92.48,FALSE,0.256
2102,BJ0603,1.65042,6.72219,96.36,FALSE,0.256
2299,BJ0603,1.67734,6.80366,74.76,FALSE,0.256
2301,BJ0603,1.67741,6.77653,76.75,FALSE,0.256
2302,BJ0603,1.67748,6.7494,84.02,FALSE,0.256
2304,BJ0603,1.67756,6.72226,91.05,FALSE,0.256
2504,BJ0603,1.70441,6.83086,70.31,FALSE,0.256
2506,BJ0603,1.70448,6.80373,81.51,FALSE,0.256
2507,BJ0603,1.70455,6.7766,86.04,FALSE,0.256
2508,BJ0603,1.70462,6.74947,82.79,FALSE,0.256
2510,BJ0603,1.7047,6.72234,85.53,FALSE,0.256
2716,BJ0603,1.73155,6.83093,70.62,FALSE,0.256
2717,BJ0603,1.73162,6.8038,81.04,FALSE,0.256
2718,BJ0603,1.73169,6.77667,87.78,FALSE,0.256
2719,BJ0603,1.73177,6.74954,95.82,FALSE,0.256
2721,BJ0603,1.73184,6.72241,96.76,FALSE,0.256
2935,BJ0603,1.75863,6.85814,80.68,FALSE,0.256
2937,BJ0603,1.7587,6.831,83.18,FALSE,0.256
2938,BJ0603,1.75877,6.80387,89.02,FALSE,0.256
2939,BJ0603,1.75884,6.77674,94.62,FALSE,0.256
2941,BJ0603,1.75891,6.74961,88.19,FALSE,0.256
2943,BJ0603,1.75897,6.72248,87.47,FALSE,0.256
3152,BJ0603,1.78577,6.85821,93.19,FALSE,0.256
3153,BJ0603,1.78584,6.83107,96.97,FALSE,0.256
3154,BJ0603,1.78591,6.80394,80.32,FALSE,0.256
3155,BJ0603,1.78598,6.77681,93.9,FALSE,0.256
3157,BJ0603,1.78605,6.74968,92.48,FALSE,0.256
3377,BJ0603,1.81292,6.85827,84.02,FALSE,0.256
3379,BJ0603,1.81299,6.83114,98.19,FALSE,0.256
3380,BJ0603,1.81305,6.80401,98.19,FALSE,0.256
3382,BJ0603,1.81312,6.77688,98.19,FALSE,0.256
3384,BJ0603,1.81319,6.74974,95.69,FALSE,0.256
3609,BJ0603,1.84013,6.83121,98.19,FALSE,0.256
3610,BJ0603,1.8402,6.80408,98.19,FALSE,0.256
3612,BJ0603,1.84026,6.77694,98.19,FALSE,0.256
3840,BJ0603,1.86728,6.83127,97.48,FALSE,0.256
3841,BJ0603,1.86734,6.80414,98.19,FALSE,0.256
3843,BJ0603,1.86741,6.77701,98.19,FALSE,0.256
4065,BJ0603,1.89443,6.83134,96.97,FALSE,0.256
4067,BJ0603,1.89449,6.8042,98.19,FALSE,0.256
4070,BJ0603,1.89455,6.77707,96.36,FALSE,0.256
4293,BJ0603,1.92163,6.80426,97.36,FALSE,0.256
4296,BJ0603,1.92169,6.77713,98.19,FALSE,0.256
2700,BJ0604,1.7309,7.07512,91.96,FALSE,21.545
2702,BJ0604,1.73097,7.04798,90.68,FALSE,21.545
2704,BJ0604,1.73104,7.02085,89.46,FALSE,21.545
2706,BJ0604,1.73112,6.99372,92.52,FALSE,21.545
2708,BJ0604,1.73119,6.96659,90.89,FALSE,21.545
2918,BJ0604,1.75798,7.10232,107.23,TRUE,21.545
2920,BJ0604,1.75806,7.07519,91.6,FALSE,21.545
2921,BJ0604,1.75813,7.04806,95.18,FALSE,21.545
2922,BJ0604,1.7582,7.02093,90.29,FALSE,21.545
2923,BJ0604,1.75827,6.99379,89.46,FALSE,21.545
2924,BJ0604,1.75834,6.96666,98.63,FALSE,21.545
3138,BJ0604,1.78507,7.12952,97.8,FALSE,21.545
3140,BJ0604,1.78514,7.10239,95.18,FALSE,21.545
3141,BJ0604,1.78522,7.07526,90.29,FALSE,21.545
3142,BJ0604,1.78529,7.04813,90.17,FALSE,21.545
3143,BJ0604,1.78536,7.021,90.21,FALSE,21.545
3144,BJ0604,1.78543,6.99386,89.46,FALSE,21.545
3145,BJ0604,1.7855,6.96673,90.17,FALSE,21.545
3147,BJ0604,1.78557,6.9396,90.68,FALSE,21.545
3361,BJ0604,1.8121,7.18386,101.61,TRUE,21.545
3363,BJ0604,1.81217,7.15673,96.81,FALSE,21.545
3365,BJ0604,1.81224,7.12959,93.03,FALSE,21.545
3366,BJ0604,1.81231,7.10246,94.36,FALSE,21.545
3367,BJ0604,1.81238,7.07533,90.17,FALSE,21.545
3368,BJ0604,1.81244,7.0482,89.46,FALSE,21.545
3369,BJ0604,1.81251,7.02107,89.46,FALSE,21.545
3370,BJ0604,1.81258,6.99393,90.17,FALSE,21.545
3371,BJ0604,1.81265,6.9668,90.29,FALSE,21.545
3372,BJ0604,1.81272,6.93967,94.46,FALSE,21.545
3589,BJ0604,1.83919,7.21106,111.62,TRUE,21.545
3592,BJ0604,1.83926,7.18393,115.31,TRUE,21.545
3594,BJ0604,1.83933,7.1568,97.32,FALSE,21.545
3595,BJ0604,1.8394,7.12966,90.29,FALSE,21.545
3596,BJ0604,1.83947,7.10253,89.46,FALSE,21.545
3597,BJ0604,1.83954,7.0754,89.46,FALSE,21.545
3598,BJ0604,1.8396,7.04827,95.18,FALSE,21.545
3599,BJ0604,1.83967,7.02113,101.97,TRUE,21.545
3600,BJ0604,1.83974,6.994,94.35,FALSE,21.545
3601,BJ0604,1.8398,6.96687,89.46,FALSE,21.545
3602,BJ0604,1.83987,6.93974,91.91,FALSE,21.545
3815,BJ0604,1.86643,7.184,111.62,TRUE,21.545
3817,BJ0604,1.8665,7.15686,108.45,TRUE,21.545
3820,BJ0604,1.86656,7.12973,93.75,FALSE,21.545
3822,BJ0604,1.86663,7.1026,92.52,FALSE,21.545
3824,BJ0604,1.8667,7.07547,97.32,FALSE,21.545
3825,BJ0604,1.86676,7.04833,99.87,FALSE,21.545
3826,BJ0604,1.86683,7.0212,96.61,FALSE,21.545
3827,BJ0604,1.86689,6.99407,93.21,FALSE,21.545
3828,BJ0604,1.86696,6.96694,91.13,FALSE,21.545
3829,BJ0604,1.86702,6.9398,91.6,FALSE,21.545
4050,BJ0604,1.89379,7.10266,91.6,FALSE,21.545
4052,BJ0604,1.89386,7.07553,92.79,FALSE,21.545
4054,BJ0604,1.89392,7.0484,98.04,FALSE,21.545
4055,BJ0604,1.89398,7.02127,90.29,FALSE,21.545
4056,BJ0604,1.89405,6.99413,90.17,FALSE,21.545
4057,BJ0604,1.89411,6.967,93.63,FALSE,21.545
4059,BJ0604,1.89418,6.93987,94.03,FALSE,21.545
4276,BJ0604,1.92102,7.07559,94.46,FALSE,21.545
4278,BJ0604,1.92108,7.04846,103.55,TRUE,21.545
4280,BJ0604,1.92114,7.02133,93.03,FALSE,21.545
4283,BJ0604,1.9212,6.9942,92.52,FALSE,21.545
4285,BJ0604,1.92127,6.96706,98.75,FALSE,21.545
3607,BJ0605,1.84013,6.83121,97.81,FALSE,-0.125
3830,BJ0605,1.86702,6.9398,69.93,FALSE,-0.125
3832,BJ0605,1.86709,6.91267,88.64,FALSE,-0.125
3834,BJ0605,1.86715,6.88554,94.95,FALSE,-0.125
3836,BJ0605,1.86722,6.8584,91.14,FALSE,-0.125
3838,BJ0605,1.86728,6.83127,97.1,FALSE,-0.125
4058,BJ0605,1.89411,6.967,71.96,FALSE,-0.125
4060,BJ0605,1.89418,6.93987,72.36,FALSE,-0.125
4061,BJ0605,1.89424,6.91273,92.09,FALSE,-0.125
4062,BJ0605,1.8943,6.8856,96.59,FALSE,-0.125
4063,BJ0605,1.89436,6.85847,92.81,FALSE,-0.125
4064,BJ0605,1.89443,6.83134,96.59,FALSE,-0.125
4066,BJ0605,1.89449,6.8042,97.81,FALSE,-0.125
4281,BJ0605,1.92114,7.02133,71.36,FALSE,-0.125
4284,BJ0605,1.9212,6.9942,70.85,FALSE,-0.125
4286,BJ0605,1.92127,6.96706,77.08,FALSE,-0.125
4287,BJ0605,1.92133,6.93993,75.79,FALSE,-0.125
4288,BJ0605,1.92139,6.9128,86.14,FALSE,-0.125
4289,BJ0605,1.92145,6.88566,94.24,FALSE,-0.125
4290,BJ0605,1.92151,6.85853,97.81,FALSE,-0.125
4291,BJ0605,1.92157,6.8314,97.81,FALSE,-0.125
4292,BJ0605,1.92163,6.80426,96.98,FALSE,-0.125
4294,BJ0605,1.92169,6.77713,97.81,FALSE,-0.125
4504,BJ0605,1.9483,7.02139,86.14,FALSE,-0.125
4506,BJ0605,1.94836,6.99426,73.51,FALSE,-0.125
4508,BJ0605,1.94842,6.96712,81.97,FALSE,-0.125
4509,BJ0605,1.94848,6.93999,83.51,FALSE,-0.125
4510,BJ0605,1.94854,6.91286,86.97,FALSE,-0.125
4511,BJ0605,1.9486,6.88572,84.33,FALSE,-0.125
4512,BJ0605,1.94866,6.85859,97.81,FALSE,-0.125
4513,BJ0605,1.94872,6.83146,97.81,FALSE,-0.125
4514,BJ0605,1.94878,6.80432,97.1,FALSE,-0.125
4515,BJ0605,1.94884,6.77719,97.81,FALSE,-0.125
4517,BJ0605,1.9489,6.75006,97.81,FALSE,-0.125
4739,BJ0605,1.97552,6.99432,94.75,FALSE,-0.125
4742,BJ0605,1.97558,6.96718,90.66,FALSE,-0.125
4744,BJ0605,1.97564,6.94005,90.46,FALSE,-0.125
4746,BJ0605,1.97569,6.91292,90.66,FALSE,-0.125
4747,BJ0605,1.97575,6.88578,94.24,FALSE,-0.125
4748,BJ0605,1.97581,6.85865,96.98,FALSE,-0.125
4749,BJ0605,1.97587,6.83152,95.67,FALSE,-0.125
4750,BJ0605,1.97593,6.80438,95.31,FALSE,-0.125
4751,BJ0605,1.97598,6.77725,97.81,FALSE,-0.125
4752,BJ0605,1.97604,6.75011,97.81,FALSE,-0.125
4967,BJ0605,2.00279,6.94011,87.09,FALSE,-0.125
4969,BJ0605,2.00285,6.91297,90.31,FALSE,-0.125
4971,BJ0605,2.0029,6.88584,89.95,FALSE,-0.125
4972,BJ0605,2.00296,6.85871,91.06,FALSE,-0.125
4973,BJ0605,2.00302,6.83157,94.75,FALSE,-0.125
4974,BJ0605,2.00307,6.80444,96.38,FALSE,-0.125
4975,BJ0605,2.00313,6.7773,96.59,FALSE,-0.125
4976,BJ0605,2.00318,6.75017,97.81,FALSE,-0.125
4978,BJ0605,2.00324,6.72304,97.81,FALSE,-0.125
5191,BJ0605,2.03,6.91303,96.38,FALSE,-0.125
5193,BJ0605,2.03005,6.8859,94.14,FALSE,-0.125
5194,BJ0605,2.03011,6.85876,92.28,FALSE,-0.125
5195,BJ0605,2.03016,6.83163,97.1,FALSE,-0.125
5196,BJ0605,2.03022,6.80449,94.48,FALSE,-0.125
5198,BJ0605,2.03027,6.77736,94.24,FALSE,-0.125
5200,BJ0605,2.03033,6.75022,97.81,FALSE,-0.125
5203,BJ0605,2.03038,6.72309,97.81,FALSE,-0.125
5419,BJ0605,2.0571,6.94022,94.24,FALSE,-0.125
5421,BJ0605,2.05715,6.91308,97.81,FALSE,-0.125
5423,BJ0605,2.0572,6.88595,93.52,FALSE,-0.125
5425,BJ0605,2.05726,6.85882,93.64,FALSE,-0.125
5427,BJ0605,2.05731,6.83168,93.39,FALSE,-0.125
5429,BJ0605,2.05736,6.80455,95.9,FALSE,-0.125
5431,BJ0605,2.05742,6.77741,92.08,FALSE,-0.125
5670,BJ0605,2.08425,6.94027,92.29,FALSE,-0.125
5673,BJ0605,2.0843,6.91314,96.38,FALSE,-0.125
5675,BJ0605,2.08436,6.886,91.47,FALSE,-0.125
5677,BJ0605,2.08441,6.85887,93.52,FALSE,-0.125
5928,BJ0605,2.11146,6.91319,75.26,FALSE,-0.125
5930,BJ0605,2.11151,6.88605,88.27,FALSE,-0.125
2925,BJ0606,1.75834,6.96666,90.51,FALSE,13.425
2927,BJ0606,1.75841,6.93953,81.34,FALSE,13.425
2929,BJ0606,1.75849,6.9124,95.52,FALSE,13.425
2931,BJ0606,1.75856,6.88527,92.06,FALSE,13.425
2933,BJ0606,1.75863,6.85814,93.85,FALSE,13.425
3146,BJ0606,1.7855,6.96673,82.05,FALSE,13.425
3148,BJ0606,1.78557,6.9396,82.56,FALSE,13.425
3149,BJ0606,1.78564,6.91247,96.35,FALSE,13.425
3150,BJ0606,1.78571,6.88534,105.24,TRUE,13.425
3151,BJ0606,1.78577,6.85821,106.36,TRUE,13.425
3373,BJ0606,1.81272,6.93967,86.34,FALSE,13.425
3374,BJ0606,1.81279,6.91254,95.52,FALSE,13.425
3375,BJ0606,1.81285,6.88541,97.07,FALSE,13.425
3376,BJ0606,1.81292,6.85827,97.19,FALSE,13.425
3378,BJ0606,1.81299,6.83114,111.36,TRUE,13.425
3603,BJ0606,1.83987,6.93974,83.79,FALSE,13.425
3604,BJ0606,1.83994,6.9126,89.2,FALSE,13.425
3605,BJ0606,1.84,6.88547,90.53,FALSE,13.425
3606,BJ0606,1.84007,6.85834,110.65,TRUE,13.425
3608,BJ0606,1.84013,6.83121,111.36,TRUE,13.425
3831,BJ0606,1.86702,6.9398,83.48,FALSE,13.425
3833,BJ0606,1.86709,6.91267,102.19,TRUE,13.425
3835,BJ0606,1.86715,6.88554,108.5,TRUE,13.425
3837,BJ0606,1.86722,6.8584,104.69,TRUE,13.425
3839,BJ0606,1.86728,6.83127,110.65,TRUE,13.425
1022,BJ0701,1.39564,9.40692,72.19,FALSE,4.282
1024,BJ0701,1.39576,9.3798,72.19,FALSE,4.282
1025,BJ0701,1.39589,9.35267,62.13,FALSE,4.282
1026,BJ0701,1.39601,9.32555,62.13,FALSE,4.282
1111,BJ0701,1.42295,9.40704,66.15,FALSE,4.282
1113,BJ0701,1.42307,9.37992,67.16,FALSE,4.282
1115,BJ0701,1.4232,9.35279,69.68,FALSE,4.282
1116,BJ0701,1.42332,9.32567,62.13,FALSE,4.282
1117,BJ0701,1.42344,9.29855,62.13,FALSE,4.282
1204,BJ0701,1.45027,9.40716,64.04,FALSE,4.282
1206,BJ0701,1.45039,9.38004,62.13,FALSE,4.282
1208,BJ0701,1.45051,9.35291,72.19,FALSE,4.282
1209,BJ0701,1.45063,9.32579,62.13,FALSE,4.282
1210,BJ0701,1.45075,9.29867,62.13,FALSE,4.282
1211,BJ0701,1.45087,9.27154,62.13,FALSE,4.282
1212,BJ0701,1.45098,9.24442,62.13,FALSE,4.282
1298,BJ0701,1.47746,9.43441,68.84,FALSE,4.282
1300,BJ0701,1.47758,9.40728,65.48,FALSE,4.282
1302,BJ0701,1.4777,9.38016,62.13,FALSE,4.282
1303,BJ0701,1.47782,9.35303,62.13,FALSE,4.282
1304,BJ0701,1.47794,9.32591,62.13,FALSE,4.282
1305,BJ0701,1.47805,9.29878,62.13,FALSE,4.282
1306,BJ0701,1.47817,9.27166,62.13,FALSE,4.282
1307,BJ0701,1.47829,9.24453,62.13,FALSE,4.282
1308,BJ0701,1.4784,9.21741,62.13,FALSE,4.282
1398,BJ0701,1.50466,9.46165,72.19,FALSE,4.282
1400,BJ0701,1.50478,9.43453,62.13,FALSE,4.282
1402,BJ0701,1.5049,9.4074,62.13,FALSE,4.282
1403,BJ0701,1.50501,9.38027,62.13,FALSE,4.282
1404,BJ0701,1.50513,9.35315,62.13,FALSE,4.282
1405,BJ0701,1.50525,9.32602,62.13,FALSE,4.282
1406,BJ0701,1.50536,9.2989,62.13,FALSE,4.282
1407,BJ0701,1.50548,9.27177,62.13,FALSE,4.282
1408,BJ0701,1.50559,9.24465,62.13,FALSE,4.282
1409,BJ0701,1.5057,9.21752,62.13,FALSE,4.282
1410,BJ0701,1.50582,9.1904,62.13,FALSE,4.282
1497,BJ0701,1.53198,9.46177,72.19,FALSE,4.282
1500,BJ0701,1.5321,9.43464,62.34,FALSE,4.282
1501,BJ0701,1.53221,9.40751,62.13,FALSE,4.282
1502,BJ0701,1.53233,9.38039,62.13,FALSE,4.282
1503,BJ0701,1.53244,9.35326,62.13,FALSE,4.282
1504,BJ0701,1.53256,9.32614,62.13,FALSE,4.282
1505,BJ0701,1.53267,9.2990100000000009,62.13,FALSE,4.282
1506,BJ0701,1.53278,9.27189,62.62,FALSE,4.282
1507,BJ0701,1.53289,9.24476,63.08,FALSE,4.282
1508,BJ0701,1.53301,9.21763,62.13,FALSE,4.282
1509,BJ0701,1.53312,9.19051,62.13,FALSE,4.282
1607,BJ0701,1.55931,9.46188,62.34,FALSE,4.282
1609,BJ0701,1.55942,9.43475,63.96,FALSE,4.282
1611,BJ0701,1.55953,9.40763,62.13,FALSE,4.282
1613,BJ0701,1.55964,9.3805,64.14,FALSE,4.282
1614,BJ0701,1.55975,9.35337,62.13,FALSE,4.282
1615,BJ0701,1.55987,9.32625,62.13,FALSE,4.282
1616,BJ0701,1.55998,9.29912,62.13,FALSE,4.282
1617,BJ0701,1.56009,9.272,62.33,FALSE,4.282
1618,BJ0701,1.5602,9.24487,62.13,FALSE,4.282
1619,BJ0701,1.56031,9.21774,62.13,FALSE,4.282
1620,BJ0701,1.56042,9.19062,62.13,FALSE,4.282
1621,BJ0701,1.56053,9.16349,62.13,FALSE,4.282
1622,BJ0701,1.56064,9.13636,62.13,FALSE,4.282
1722,BJ0701,1.58685,9.40774,65.48,FALSE,4.282
1724,BJ0701,1.58696,9.38061,62.13,FALSE,4.282
1725,BJ0701,1.58707,9.35348,62.13,FALSE,4.282
1726,BJ0701,1.58718,9.32636,62.13,FALSE,4.282
1727,BJ0701,1.58729,9.29923,62.13,FALSE,4.282
1728,BJ0701,1.58739,9.27211,62.13,FALSE,4.282
1729,BJ0701,1.5875,9.24498,62.13,FALSE,4.282
1730,BJ0701,1.58761,9.21785,62.13,FALSE,4.282
1731,BJ0701,1.58772,9.19073,62.13,FALSE,4.282
1732,BJ0701,1.58783,9.1636,62.66,FALSE,4.282
1733,BJ0701,1.58793,9.13647,62.75,FALSE,4.282
1734,BJ0701,1.58804,9.10934,62.13,FALSE,4.282
1839,BJ0701,1.61416,9.40785,68.84,FALSE,4.282
1841,BJ0701,1.61427,9.38072,62.13,FALSE,4.282
1843,BJ0701,1.61438,9.35359,62.13,FALSE,4.282
1844,BJ0701,1.61449,9.32647,62.13,FALSE,4.282
1845,BJ0701,1.61459,9.29934,62.13,FALSE,4.282
1846,BJ0701,1.6147,9.27221,62.13,FALSE,4.282
1847,BJ0701,1.61481,9.24508,62.13,FALSE,4.282
1848,BJ0701,1.61491,9.21796,62.13,FALSE,4.282
1849,BJ0701,1.61502,9.19083,62.13,FALSE,4.282
1850,BJ0701,1.6151199999999999,9.1637,62.13,FALSE,4.282
1851,BJ0701,1.61523,9.13658,62.13,FALSE,4.282
1852,BJ0701,1.61533,9.10945,63.72,FALSE,4.282
1853,BJ0701,1.61544,9.08232,62.68,FALSE,4.282
1854,BJ0701,1.61554,9.0552,62.13,FALSE,4.282
1855,BJ0701,1.61564,9.02807,62.13,FALSE,4.282
1856,BJ0701,1.61575,9.00094,62.13,FALSE,4.282
1857,BJ0701,1.61585,8.97381,62.38,FALSE,4.282
1858,BJ0701,1.61595,8.94669,62.13,FALSE,4.282
1859,BJ0701,1.61606,8.91956,62.13,FALSE,4.282
1860,BJ0701,1.61636,8.83818,62.13,FALSE,4.282
1861,BJ0701,1.61696,8.67541,62.13,FALSE,4.282
1862,BJ0701,1.61706,8.64828,62.13,FALSE,4.282
1863,BJ0701,1.61716,8.62115,62.13,FALSE,4.282
1865,BJ0701,1.61726,8.59403,62.13,FALSE,4.282
1995,BJ0701,1.64159,9.38082,62.13,FALSE,4.282
1997,BJ0701,1.64169,9.3537,62.13,FALSE,4.282
1998,BJ0701,1.6418,9.32657,62.13,FALSE,4.282
1999,BJ0701,1.6419,9.29944,62.13,FALSE,4.282
2000,BJ0701,1.64201,9.27232,62.13,FALSE,4.282
2001,BJ0701,1.64211,9.24519,62.13,FALSE,4.282
2002,BJ0701,1.64222,9.21806,62.13,FALSE,4.282
2003,BJ0701,1.64232,9.19093,62.13,FALSE,4.282
2004,BJ0701,1.64242,9.16381,62.13,FALSE,4.282
2005,BJ0701,1.64252,9.13668,62.13,FALSE,4.282
2006,BJ0701,1.64263,9.10955,62.13,FALSE,4.282
2007,BJ0701,1.64273,9.08243,62.13,FALSE,4.282
2008,BJ0701,1.64283,9.0553,62.13,FALSE,4.282
2009,BJ0701,1.64293,9.02817,62.13,FALSE,4.282
2010,BJ0701,1.64303,9.00104,63.63,FALSE,4.282
2011,BJ0701,1.64314,8.97391,62.95,FALSE,4.282
2012,BJ0701,1.64324,8.94679,62.37,FALSE,4.282
2013,BJ0701,1.64334,8.91966,62.13,FALSE,4.282
2014,BJ0701,1.64344,8.89253,62.13,FALSE,4.282
2015,BJ0701,1.64354,8.8654,62.13,FALSE,4.282
2016,BJ0701,1.64364,8.83828,62.13,FALSE,4.282
2017,BJ0701,1.64373,8.81115,62.13,FALSE,4.282
2018,BJ0701,1.64383,8.78402,62.13,FALSE,4.282
2019,BJ0701,1.64393,8.75689,62.13,FALSE,4.282
2020,BJ0701,1.64403,8.72976,62.13,FALSE,4.282
2021,BJ0701,1.64413,8.70264,62.13,FALSE,4.282
2022,BJ0701,1.64423,8.67551,62.13,FALSE,4.282
2023,BJ0701,1.64432,8.64838,62.13,FALSE,4.282
2024,BJ0701,1.64442,8.62125,62.13,FALSE,4.282
2026,BJ0701,1.64452,8.59412,62.13,FALSE,4.282
2193,BJ0701,1.6688,9.40806,65.31,FALSE,4.282
2195,BJ0701,1.6689,9.38093,62.13,FALSE,4.282
2197,BJ0701,1.66901,9.3538,62.13,FALSE,4.282
2198,BJ0701,1.66911,9.32667,62.13,FALSE,4.282
2199,BJ0701,1.66921,9.29955,62.13,FALSE,4.282
2200,BJ0701,1.66931,9.27242,62.13,FALSE,4.282
2201,BJ0701,1.66942,9.24529,62.13,FALSE,4.282
2202,BJ0701,1.66952,9.21816,62.13,FALSE,4.282
2203,BJ0701,1.66962,9.19104,62.13,FALSE,4.282
2204,BJ0701,1.66972,9.16391,62.13,FALSE,4.282
2205,BJ0701,1.66982,9.13678,62.13,FALSE,4.282
2206,BJ0701,1.66992,9.10965,62.13,FALSE,4.282
2207,BJ0701,1.67002,9.08253,62.13,FALSE,4.282
2208,BJ0701,1.67012,9.0554,62.13,FALSE,4.282
2209,BJ0701,1.67022,9.02827,62.13,FALSE,4.282
2210,BJ0701,1.67032,9.00114,65.05,FALSE,4.282
2211,BJ0701,1.67042,8.97401,62.13,FALSE,4.282
2212,BJ0701,1.67052,8.94689,62.13,FALSE,4.282
2213,BJ0701,1.67062,8.91976,62.13,FALSE,4.282
2214,BJ0701,1.67071,8.89263,62.13,FALSE,4.282
2215,BJ0701,1.67081,8.8655,62.13,FALSE,4.282
2216,BJ0701,1.67091,8.83837,62.13,FALSE,4.282
2217,BJ0701,1.67101,8.81125,62.13,FALSE,4.282
2218,BJ0701,1.6711,8.78412,62.13,FALSE,4.282
2219,BJ0701,1.6712,8.75699,62.13,FALSE,4.282
2220,BJ0701,1.6713,8.72986,62.13,FALSE,4.282
2221,BJ0701,1.67139,8.70273,62.13,FALSE,4.282
2222,BJ0701,1.67149,8.6756,62.13,FALSE,4.282
2223,BJ0701,1.67158,8.64848,62.33,FALSE,4.282
2224,BJ0701,1.67168,8.62135,62.13,FALSE,4.282
2226,BJ0701,1.67177,8.59422,62.13,FALSE,4.282
2399,BJ0701,1.69612,9.40816,63.31,FALSE,4.282
2401,BJ0701,1.69622,9.38103,62.13,FALSE,4.282
2402,BJ0701,1.69632,9.3539,62.13,FALSE,4.282
2403,BJ0701,1.69642,9.32678,62.13,FALSE,4.282
2404,BJ0701,1.69652,9.29965,62.13,FALSE,4.282
2405,BJ0701,1.69662,9.27252,62.13,FALSE,4.282
2406,BJ0701,1.69672,9.24539,62.13,FALSE,4.282
2407,BJ0701,1.69682,9.21826,62.13,FALSE,4.282
2408,BJ0701,1.69692,9.19114,62.68,FALSE,4.282
2409,BJ0701,1.69702,9.16401,62.37,FALSE,4.282
2410,BJ0701,1.69712,9.13688,62.13,FALSE,4.282
2411,BJ0701,1.69722,9.10975,62.13,FALSE,4.282
2412,BJ0701,1.69732,9.08262,62.13,FALSE,4.282
2413,BJ0701,1.69741,9.0555,62.13,FALSE,4.282
2414,BJ0701,1.69751,9.02837,62.13,FALSE,4.282
2415,BJ0701,1.69761,9.00124,62.13,FALSE,4.282
2416,BJ0701,1.6977,8.97411,62.6,FALSE,4.282
2417,BJ0701,1.6978,8.94698,62.13,FALSE,4.282
2418,BJ0701,1.6979,8.91985,62.13,FALSE,4.282
2419,BJ0701,1.69799,8.89273,62.13,FALSE,4.282
2420,BJ0701,1.69809,8.8656,62.13,FALSE,4.282
2421,BJ0701,1.69818,8.83847,62.13,FALSE,4.282
2422,BJ0701,1.69828,8.81134,62.6,FALSE,4.282
2423,BJ0701,1.69837,8.78421,62.68,FALSE,4.282
2424,BJ0701,1.69847,8.75708,62.13,FALSE,4.282
2425,BJ0701,1.69856,8.72996,62.13,FALSE,4.282
2426,BJ0701,1.69866,8.70283,62.6,FALSE,4.282
2427,BJ0701,1.69875,8.6757,62.68,FALSE,4.282
2428,BJ0701,1.69884,8.64857,63.32,FALSE,4.282
2429,BJ0701,1.69894,8.62144,62.13,FALSE,4.282
2431,BJ0701,1.69903,8.59431,62.13,FALSE,4.282
2604,BJ0701,1.72344,9.40826,62.13,FALSE,4.282
2606,BJ0701,1.72354,9.38113,62.13,FALSE,4.282
2607,BJ0701,1.72363,9.354,62.13,FALSE,4.282
2608,BJ0701,1.72373,9.32687,62.13,FALSE,4.282
2609,BJ0701,1.72383,9.29975,62.13,FALSE,4.282
2610,BJ0701,1.72393,9.27262,62.13,FALSE,4.282
2611,BJ0701,1.72403,9.24549,62.13,FALSE,4.282
2612,BJ0701,1.72413,9.21836,62.13,FALSE,4.282
2613,BJ0701,1.72422,9.19123,62.6,FALSE,4.282
2614,BJ0701,1.72432,9.16411,62.13,FALSE,4.282
2615,BJ0701,1.72442,9.13698,62.37,FALSE,4.282
2616,BJ0701,1.72451,9.10985,62.13,FALSE,4.282
2617,BJ0701,1.72461,9.08272,62.13,FALSE,4.282
2618,BJ0701,1.7247,9.05559,62.13,FALSE,4.282
2619,BJ0701,1.7248000000000001,9.02846,62.13,FALSE,4.282
2620,BJ0701,1.7249,9.00133,62.13,FALSE,4.282
2621,BJ0701,1.72499,8.97421,65.84,FALSE,4.282
2622,BJ0701,1.72508,8.94708,62.13,FALSE,4.282
2623,BJ0701,1.72518,8.91995,62.13,FALSE,4.282
2624,BJ0701,1.72527,8.89282,62.13,FALSE,4.282
2625,BJ0701,1.72537,8.86569,62.13,FALSE,4.282
2626,BJ0701,1.72546,8.83856,62.13,FALSE,4.282
2627,BJ0701,1.72555,8.81143,62.36,FALSE,4.282
2628,BJ0701,1.72565,8.78431,62.13,FALSE,4.282
2629,BJ0701,1.72574,8.75718,62.33,FALSE,4.282
2630,BJ0701,1.72583,8.73005,62.13,FALSE,4.282
2631,BJ0701,1.72592,8.70292,62.33,FALSE,4.282
2632,BJ0701,1.72601,8.67579,62.6,FALSE,4.282
2633,BJ0701,1.72611,8.64866,62.74,FALSE,4.282
2635,BJ0701,1.7262,8.62153,62.13,FALSE,4.282
2637,BJ0701,1.72629,8.5944,62.13,FALSE,4.282
2822,BJ0701,1.75066,9.43548,62.13,FALSE,4.282
2824,BJ0701,1.75075,9.40836,62.13,FALSE,4.282
2826,BJ0701,1.75085,9.38123,62.13,FALSE,4.282
2827,BJ0701,1.75095,9.3541,62.13,FALSE,4.282
2828,BJ0701,1.75105,9.32697,62.13,FALSE,4.282
2829,BJ0701,1.75114,9.29984,62.13,FALSE,4.282
2830,BJ0701,1.75124,9.27271,62.13,FALSE,4.282
2831,BJ0701,1.75133,9.24559,62.13,FALSE,4.282
2832,BJ0701,1.75143,9.21846,62.13,FALSE,4.282
2833,BJ0701,1.75152,9.19133,62.13,FALSE,4.282
2834,BJ0701,1.75162,9.1642,62.13,FALSE,4.282
2835,BJ0701,1.75171,9.13707,62.68,FALSE,4.282
2836,BJ0701,1.75181,9.10994,62.13,FALSE,4.282
2837,BJ0701,1.7519,9.08281,62.13,FALSE,4.282
2838,BJ0701,1.752,9.05569,62.13,FALSE,4.282
2839,BJ0701,1.75209,9.02856,62.13,FALSE,4.282
2840,BJ0701,1.75218,9.00143,62.13,FALSE,4.282
2841,BJ0701,1.75228,8.9743,62.13,FALSE,4.282
2842,BJ0701,1.75237,8.94717,62.13,FALSE,4.282
2843,BJ0701,1.75246,8.92004,62.13,FALSE,4.282
2844,BJ0701,1.75255,8.89291,62.13,FALSE,4.282
2845,BJ0701,1.75264,8.86578,62.13,FALSE,4.282
2846,BJ0701,1.75274,8.83865,62.74,FALSE,4.282
2847,BJ0701,1.75283,8.81153,62.84,FALSE,4.282
2848,BJ0701,1.75292,8.7844,62.6,FALSE,4.282
2849,BJ0701,1.75301,8.75727,62.13,FALSE,4.282
2850,BJ0701,1.7531,8.73014,62.13,FALSE,4.282
2851,BJ0701,1.75319,8.70301,62.13,FALSE,4.282
2852,BJ0701,1.75328,8.67588,62.13,FALSE,4.282
2853,BJ0701,1.75337,8.64875,62.13,FALSE,4.282
2855,BJ0701,1.75346,8.62162,62.13,FALSE,4.282
3045,BJ0701,1.77798,9.43558,62.13,FALSE,4.282
3047,BJ0701,1.77807,9.40845,62.13,FALSE,4.282
3048,BJ0701,1.77817,9.38132,62.13,FALSE,4.282
3049,BJ0701,1.77826,9.35419,62.13,FALSE,4.282
3050,BJ0701,1.77836,9.32707,62.13,FALSE,4.282
3051,BJ0701,1.77845,9.29994,62.13,FALSE,4.282
3052,BJ0701,1.77855,9.27281,62.13,FALSE,4.282
3053,BJ0701,1.77864,9.24568,62.13,FALSE,4.282
3054,BJ0701,1.77873,9.21855,62.13,FALSE,4.282
3055,BJ0701,1.77883,9.19142,62.13,FALSE,4.282
3056,BJ0701,1.77892,9.16429,62.13,FALSE,4.282
3057,BJ0701,1.77901,9.13716,63.32,FALSE,4.282
3058,BJ0701,1.7791,9.11004,62.13,FALSE,4.282
3059,BJ0701,1.7792,9.08291,62.13,FALSE,4.282
3060,BJ0701,1.77929,9.05578,62.13,FALSE,4.282
3061,BJ0701,1.77938,9.02865,62.13,FALSE,4.282
3062,BJ0701,1.77947,9.00152,62.13,FALSE,4.282
3063,BJ0701,1.77956,8.97439,62.13,FALSE,4.282
3064,BJ0701,1.77965,8.94726,62.13,FALSE,4.282
3065,BJ0701,1.77974,8.92013,62.13,FALSE,4.282
3066,BJ0701,1.77983,8.893,62.13,FALSE,4.282
3067,BJ0701,1.77992,8.86587,62.13,FALSE,4.282
3068,BJ0701,1.78001,8.83874,62.13,FALSE,4.282
3069,BJ0701,1.7801,8.81162,62.41,FALSE,4.282
3070,BJ0701,1.78019,8.78449,62.37,FALSE,4.282
3071,BJ0701,1.78028,8.75736,62.37,FALSE,4.282
3072,BJ0701,1.78037,8.73023,62.13,FALSE,4.282
3073,BJ0701,1.78045,8.7031,62.54,FALSE,4.282
3074,BJ0701,1.78054,8.67597,64.76,FALSE,4.282
3075,BJ0701,1.78063,8.64884,62.13,FALSE,4.282
3077,BJ0701,1.78072,8.62171,62.13,FALSE,4.282
3267,BJ0701,1.8053,9.43567,62.13,FALSE,4.282
3269,BJ0701,1.80539,9.40854,62.13,FALSE,4.282
3271,BJ0701,1.80549,9.38142,62.13,FALSE,4.282
3273,BJ0701,1.80558,9.35429,62.13,FALSE,4.282
3274,BJ0701,1.80567,9.32716,62.33,FALSE,4.282
3275,BJ0701,1.80576,9.30003,62.13,FALSE,4.282
3276,BJ0701,1.80586,9.2729,62.13,FALSE,4.282
3277,BJ0701,1.80595,9.24577,62.13,FALSE,4.282
3278,BJ0701,1.80604,9.21864,62.13,FALSE,4.282
3279,BJ0701,1.80613,9.19151,62.13,FALSE,4.282
3280,BJ0701,1.80622,9.16438,62.13,FALSE,4.282
3281,BJ0701,1.80631,9.13726,62.41,FALSE,4.282
3282,BJ0701,1.8064,9.11013,62.13,FALSE,4.282
3283,BJ0701,1.80649,9.083,62.13,FALSE,4.282
3284,BJ0701,1.80658,9.05587,62.13,FALSE,4.282
3285,BJ0701,1.80667,9.02874,62.13,FALSE,4.282
3286,BJ0701,1.80676,9.00161,62.13,FALSE,4.282
3287,BJ0701,1.80685,8.97448,62.13,FALSE,4.282
3288,BJ0701,1.80694,8.94735,62.13,FALSE,4.282
3289,BJ0701,1.80702,8.92022,62.13,FALSE,4.282
3290,BJ0701,1.80711,8.89309,62.95,FALSE,4.282
3291,BJ0701,1.8072,8.86596,62.13,FALSE,4.282
3292,BJ0701,1.80729,8.83883,62.13,FALSE,4.282
3293,BJ0701,1.80737,8.8117,62.37,FALSE,4.282
3294,BJ0701,1.80746,8.78457,62.33,FALSE,4.282
3295,BJ0701,1.80755,8.75744,62.67,FALSE,4.282
3296,BJ0701,1.80763,8.73031,63.08,FALSE,4.282
3297,BJ0701,1.80772,8.70318,62.13,FALSE,4.282
3298,BJ0701,1.80781,8.67605,62.13,FALSE,4.282
3299,BJ0701,1.80789,8.64892,62.37,FALSE,4.282
3301,BJ0701,1.80798,8.62179,62.13,FALSE,4.282
3503,BJ0701,1.8328,9.38151,62.13,FALSE,4.282
3505,BJ0701,1.83289,9.35438,62.13,FALSE,4.282
3506,BJ0701,1.83298,9.32725,62.13,FALSE,4.282
3507,BJ0701,1.83307,9.30012,62.13,FALSE,4.282
3508,BJ0701,1.83316,9.27299,62.37,FALSE,4.282
3509,BJ0701,1.83325,9.24586,62.38,FALSE,4.282
3510,BJ0701,1.83334,9.21873,62.13,FALSE,4.282
3511,BJ0701,1.83343,9.1916,62.37,FALSE,4.282
3512,BJ0701,1.83352,9.16447,62.13,FALSE,4.282
3513,BJ0701,1.83361,9.13734,62.13,FALSE,4.282
3514,BJ0701,1.8337,9.11021,62.13,FALSE,4.282
3515,BJ0701,1.83379,9.08309,62.13,FALSE,4.282
3516,BJ0701,1.8338699999999999,9.05596,62.13,FALSE,4.282
3517,BJ0701,1.83396,9.02883,62.13,FALSE,4.282
3518,BJ0701,1.83405,9.0017,62.13,FALSE,4.282
3519,BJ0701,1.83413,8.97457,62.13,FALSE,4.282
3520,BJ0701,1.83422,8.94744,62.13,FALSE,4.282
3521,BJ0701,1.83431,8.92031,62.13,FALSE,4.282
3522,BJ0701,1.83439,8.89318,62.6,FALSE,4.282
3523,BJ0701,1.8344800000000001,8.86605,62.41,FALSE,4.282
3524,BJ0701,1.83456,8.83892,62.37,FALSE,4.282
3525,BJ0701,1.83465,8.81179,62.96,FALSE,4.282
3526,BJ0701,1.83473,8.78466,62.13,FALSE,4.282
3527,BJ0701,1.83482,8.75753,62.68,FALSE,4.282
3528,BJ0701,1.8349,8.7304,62.13,FALSE,4.282
3529,BJ0701,1.83499,8.70327,62.13,FALSE,4.282
3530,BJ0701,1.83507,8.67614,62.13,FALSE,4.282
3531,BJ0701,1.83515,8.64901,62.13,FALSE,4.282
3533,BJ0701,1.83524,8.62188,62.13,FALSE,4.282
3535,BJ0701,1.83532,8.59475,62.13,FALSE,4.282
3729,BJ0701,1.86012,9.3816,62.13,FALSE,4.282
3731,BJ0701,1.86021,9.35447,62.13,FALSE,4.282
3732,BJ0701,1.8603,9.32734,62.13,FALSE,4.282
3733,BJ0701,1.86039,9.30021,62.13,FALSE,4.282
3734,BJ0701,1.86047,9.27308,62.74,FALSE,4.282
3735,BJ0701,1.86056,9.24595,62.13,FALSE,4.282
3736,BJ0701,1.86065,9.21882,62.13,FALSE,4.282
3737,BJ0701,1.86074,9.19169,62.13,FALSE,4.282
3738,BJ0701,1.86082,9.16456,62.84,FALSE,4.282
3739,BJ0701,1.86091,9.13743,62.13,FALSE,4.282
3740,BJ0701,1.86099,9.1103,62.13,FALSE,4.282
3741,BJ0701,1.86108,9.08317,62.13,FALSE,4.282
3742,BJ0701,1.86117,9.05604,62.13,FALSE,4.282
3743,BJ0701,1.86125,9.02891,62.13,FALSE,4.282
3744,BJ0701,1.86134,9.00178,62.13,FALSE,4.282
3745,BJ0701,1.86142,8.97465,62.13,FALSE,4.282
3746,BJ0701,1.8615,8.94752,62.33,FALSE,4.282
3747,BJ0701,1.86159,8.92039,62.13,FALSE,4.282
3748,BJ0701,1.86167,8.89326,62.13,FALSE,4.282
3749,BJ0701,1.86176,8.86613,62.13,FALSE,4.282
3750,BJ0701,1.86184,8.839,62.13,FALSE,4.282
3751,BJ0701,1.86192,8.81187,62.13,FALSE,4.282
3752,BJ0701,1.86201,8.78474,62.54,FALSE,4.282
3753,BJ0701,1.86209,8.75761,62.37,FALSE,4.282
3754,BJ0701,1.86217,8.73048,62.13,FALSE,4.282
3755,BJ0701,1.86225,8.70335,62.68,FALSE,4.282
3756,BJ0701,1.86233,8.67622,62.13,FALSE,4.282
3757,BJ0701,1.86242,8.64909,62.13,FALSE,4.282
3758,BJ0701,1.8625,8.62196,62.13,FALSE,4.282
3760,BJ0701,1.86258,8.59483,62.13,FALSE,4.282
3762,BJ0701,1.86266,8.5677,62.13,FALSE,4.282
3955,BJ0701,1.88735,9.40881,63.08,FALSE,4.282
3957,BJ0701,1.88744,9.38168,62.13,FALSE,4.282
3959,BJ0701,1.88753,9.35455,62.13,FALSE,4.282
3960,BJ0701,1.88761,9.32742,62.13,FALSE,4.282
3961,BJ0701,1.8877,9.30029,62.13,FALSE,4.282
3962,BJ0701,1.88778,9.27316,62.13,FALSE,4.282
3963,BJ0701,1.88787,9.24603,62.13,FALSE,4.282
3964,BJ0701,1.88795,9.21891,62.13,FALSE,4.282
3965,BJ0701,1.88804,9.19178,62.37,FALSE,4.282
3966,BJ0701,1.88812,9.16465,62.54,FALSE,4.282
3967,BJ0701,1.88821,9.13752,62.37,FALSE,4.282
3968,BJ0701,1.88829,9.11039,62.13,FALSE,4.282
3969,BJ0701,1.88837,9.08326,62.13,FALSE,4.282
3970,BJ0701,1.88846,9.05613,62.13,FALSE,4.282
3971,BJ0701,1.88854,9.029,62.13,FALSE,4.282
3972,BJ0701,1.88862,9.00187,62.13,FALSE,4.282
3973,BJ0701,1.8887100000000001,8.97474,62.13,FALSE,4.282
3974,BJ0701,1.88879,8.94761,62.13,FALSE,4.282
3975,BJ0701,1.88887,8.92047,62.13,FALSE,4.282
3976,BJ0701,1.88895,8.89334,62.13,FALSE,4.282
3977,BJ0701,1.88904,8.86621,62.13,FALSE,4.282
3978,BJ0701,1.88912,8.83908,62.13,FALSE,4.282
3979,BJ0701,1.8892,8.81195,62.13,FALSE,4.282
3980,BJ0701,1.88928,8.78482,62.13,FALSE,4.282
3981,BJ0701,1.88936,8.75769,62.13,FALSE,4.282
3982,BJ0701,1.88944,8.73056,62.13,FALSE,4.282
3983,BJ0701,1.88952,8.7034300000000009,62.13,FALSE,4.282
3984,BJ0701,1.8896,8.6763,62.13,FALSE,4.282
3985,BJ0701,1.88968,8.64917,62.13,FALSE,4.282
3986,BJ0701,1.88976,8.62204,62.13,FALSE,4.282
3987,BJ0701,1.88984,8.59491,62.13,FALSE,4.282
3989,BJ0701,1.88992,8.56778,62.13,FALSE,4.282
4182,BJ0701,1.91476,9.38177,62.13,FALSE,4.282
4184,BJ0701,1.91484,9.35464,62.13,FALSE,4.282
4185,BJ0701,1.91493,9.32751,62.13,FALSE,4.282
4186,BJ0701,1.91501,9.30038,62.13,FALSE,4.282
4187,BJ0701,1.91509,9.27325,62.13,FALSE,4.282
4188,BJ0701,1.91518,9.24612,62.13,FALSE,4.282
4189,BJ0701,1.91526,9.21899,62.13,FALSE,4.282
4190,BJ0701,1.91534,9.19186,62.13,FALSE,4.282
4191,BJ0701,1.91542,9.16473,62.13,FALSE,4.282
4192,BJ0701,1.91551,9.1376,62.13,FALSE,4.282
4193,BJ0701,1.91559,9.11047,62.13,FALSE,4.282
4194,BJ0701,1.91567,9.08334,62.13,FALSE,4.282
4195,BJ0701,1.91575,9.05621,62.13,FALSE,4.282
4196,BJ0701,1.91583,9.02908,62.13,FALSE,4.282
4197,BJ0701,1.91591,9.00195,62.13,FALSE,4.282
4198,BJ0701,1.91599,8.97482,62.13,FALSE,4.282
4199,BJ0701,1.91607,8.94769,62.13,FALSE,4.282
4200,BJ0701,1.91615,8.92056,62.13,FALSE,4.282
4201,BJ0701,1.91623,8.89342,62.13,FALSE,4.282
4202,BJ0701,1.91631,8.86629,62.13,FALSE,4.282
4203,BJ0701,1.91639,8.83916,62.13,FALSE,4.282
4204,BJ0701,1.91647,8.81203,62.13,FALSE,4.282
4205,BJ0701,1.91655,8.7849,62.33,FALSE,4.282
4206,BJ0701,1.91663,8.75777,62.13,FALSE,4.282
4207,BJ0701,1.91671,8.73064,62.13,FALSE,4.282
4208,BJ0701,1.91679,8.70351,62.13,FALSE,4.282
4209,BJ0701,1.91687,8.67638,62.13,FALSE,4.282
4210,BJ0701,1.91694,8.64925,62.13,FALSE,4.282
4211,BJ0701,1.91702,8.62212,62.13,FALSE,4.282
4212,BJ0701,1.9171,8.59499,62.13,FALSE,4.282
4214,BJ0701,1.91717,8.56786,62.13,FALSE,4.282
4216,BJ0701,1.91725,8.54072,62.13,FALSE,4.282
4408,BJ0701,1.94208,9.38185,62.13,FALSE,4.282
4410,BJ0701,1.94216,9.35472,62.13,FALSE,4.282
4412,BJ0701,1.94224,9.32759,62.13,FALSE,4.282
4413,BJ0701,1.94232,9.30046,62.13,FALSE,4.282
4414,BJ0701,1.9424,9.27333,62.13,FALSE,4.282
4415,BJ0701,1.94248,9.2462,62.13,FALSE,4.282
4416,BJ0701,1.94257,9.21907,62.13,FALSE,4.282
4417,BJ0701,1.94265,9.19194,62.13,FALSE,4.282
4418,BJ0701,1.94273,9.16481,62.13,FALSE,4.282
4419,BJ0701,1.94281,9.13768,62.13,FALSE,4.282
4420,BJ0701,1.94289,9.11055,62.13,FALSE,4.282
4421,BJ0701,1.94297,9.08342,62.13,FALSE,4.282
4422,BJ0701,1.94305,9.05629,62.13,FALSE,4.282
4423,BJ0701,1.94312,9.02916,62.13,FALSE,4.282
4424,BJ0701,1.9432,9.00203,62.13,FALSE,4.282
4425,BJ0701,1.94328,8.9749,62.13,FALSE,4.282
4426,BJ0701,1.94336,8.94776,62.13,FALSE,4.282
4427,BJ0701,1.94344,8.92063,62.13,FALSE,4.282
4428,BJ0701,1.94352,8.8935,62.13,FALSE,4.282
4429,BJ0701,1.94359,8.86637,62.13,FALSE,4.282
4430,BJ0701,1.94367,8.83924,62.13,FALSE,4.282
4431,BJ0701,1.94375,8.81211,62.13,FALSE,4.282
4432,BJ0701,1.94383,8.78498,62.13,FALSE,4.282
4433,BJ0701,1.9439,8.75785,62.13,FALSE,4.282
4434,BJ0701,1.94398,8.73072,62.13,FALSE,4.282
4435,BJ0701,1.94405,8.70359,62.13,FALSE,4.282
4436,BJ0701,1.94413,8.67646,62.13,FALSE,4.282
4437,BJ0701,1.94421,8.64932,62.13,FALSE,4.282
4438,BJ0701,1.94428,8.62219,62.54,FALSE,4.282
4439,BJ0701,1.94436,8.59506,62.13,FALSE,4.282
4441,BJ0701,1.94443,8.56793,62.13,FALSE,4.282
4443,BJ0701,1.94451,8.5408,62.13,FALSE,4.282
4634,BJ0701,1.96947,9.3548,62.13,FALSE,4.282
4637,BJ0701,1.96955,9.32767,62.13,FALSE,4.282
4639,BJ0701,1.96963,9.30054,62.13,FALSE,4.282
4641,BJ0701,1.96971,9.27341,62.13,FALSE,4.282
4643,BJ0701,1.96979,9.24628,62.37,FALSE,4.282
4645,BJ0701,1.96987,9.21915,62.13,FALSE,4.282
4647,BJ0701,1.96995,9.19202,62.13,FALSE,4.282
4649,BJ0701,1.97003,9.16489,62.6,FALSE,4.282
4651,BJ0701,1.97011,9.13776,62.13,FALSE,4.282
4652,BJ0701,1.97018,9.11063,62.13,FALSE,4.282
4653,BJ0701,1.97026,9.0835,62.13,FALSE,4.282
4654,BJ0701,1.97034,9.05637,62.13,FALSE,4.282
4655,BJ0701,1.97042,9.02923,62.13,FALSE,4.282
4656,BJ0701,1.97049,9.0021,62.13,FALSE,4.282
4657,BJ0701,1.97057,8.97497,62.13,FALSE,4.282
4658,BJ0701,1.97065,8.94784,62.13,FALSE,4.282
4659,BJ0701,1.97072,8.92071,62.13,FALSE,4.282
4660,BJ0701,1.9708,8.89358,62.13,FALSE,4.282
4661,BJ0701,1.97087,8.86645,62.13,FALSE,4.282
4662,BJ0701,1.97095,8.83932,62.13,FALSE,4.282
4663,BJ0701,1.97102,8.81219,62.13,FALSE,4.282
4664,BJ0701,1.9711,8.78506,62.13,FALSE,4.282
4665,BJ0701,1.97117,8.75792,62.13,FALSE,4.282
4666,BJ0701,1.97125,8.73079,62.13,FALSE,4.282
4667,BJ0701,1.97132,8.70366,62.13,FALSE,4.282
4668,BJ0701,1.9714,8.67653,62.13,FALSE,4.282
4669,BJ0701,1.97147,8.6494,62.13,FALSE,4.282
4670,BJ0701,1.97154,8.62227,62.13,FALSE,4.282
4671,BJ0701,1.97162,8.59514,62.13,FALSE,4.282
4672,BJ0701,1.97169,8.568,62.13,FALSE,4.282
4674,BJ0701,1.97176,8.54087,62.13,FALSE,4.282
4676,BJ0701,1.97184,8.51374,62.13,FALSE,4.282
4878,BJ0701,1.99741,9.13783,62.13,FALSE,4.282
4880,BJ0701,1.99748,9.1107,62.13,FALSE,4.282
4881,BJ0701,1.99756,9.08357,62.13,FALSE,4.282
4882,BJ0701,1.99763,9.05644,62.13,FALSE,4.282
4883,BJ0701,1.99771,9.02931,62.13,FALSE,4.282
4884,BJ0701,1.99778,9.00218,62.13,FALSE,4.282
4885,BJ0701,1.99786,8.97505,62.37,FALSE,4.282
4886,BJ0701,1.99793,8.94792,62.13,FALSE,4.282
4887,BJ0701,1.99801,8.92079,62.13,FALSE,4.282
4888,BJ0701,1.99808,8.89365,62.13,FALSE,4.282
4889,BJ0701,1.99815,8.86652,62.13,FALSE,4.282
4890,BJ0701,1.99823,8.83939,62.13,FALSE,4.282
4891,BJ0701,1.9983,8.81226,62.13,FALSE,4.282
4892,BJ0701,1.99837,8.78513,62.13,FALSE,4.282
4893,BJ0701,1.99845,8.758,62.13,FALSE,4.282
4894,BJ0701,1.99852,8.73087,62.13,FALSE,4.282
4895,BJ0701,1.99859,8.70373,62.13,FALSE,4.282
4896,BJ0701,1.99866,8.6766,62.13,FALSE,4.282
4897,BJ0701,1.99873,8.64947,62.13,FALSE,4.282
4898,BJ0701,1.99881,8.62234,62.13,FALSE,4.282
4899,BJ0701,1.99888,8.59521,62.13,FALSE,4.282
4900,BJ0701,1.99895,8.56808,62.13,FALSE,4.282
4901,BJ0701,1.99902,8.54094,62.13,FALSE,4.282
4903,BJ0701,1.99909,8.51381,62.13,FALSE,4.282
5094,BJ0701,2.02478,9.11078,62.37,FALSE,4.282
5096,BJ0701,2.02485,9.08365,62.13,FALSE,4.282
5097,BJ0701,2.02493,9.05651,62.13,FALSE,4.282
5098,BJ0701,2.025,9.02938,62.13,FALSE,4.282
5099,BJ0701,2.02507,9.00225,62.13,FALSE,4.282
5100,BJ0701,2.02515,8.97512,62.13,FALSE,4.282
5101,BJ0701,2.02522,8.94799,62.13,FALSE,4.282
5102,BJ0701,2.02529,8.92086,62.13,FALSE,4.282
5103,BJ0701,2.02536,8.89373,62.13,FALSE,4.282
5104,BJ0701,2.02543,8.86659,62.13,FALSE,4.282
5105,BJ0701,2.0255,8.83946,62.13,FALSE,4.282
5106,BJ0701,2.02558,8.81233,62.13,FALSE,4.282
5107,BJ0701,2.02565,8.7852,62.13,FALSE,4.282
5108,BJ0701,2.02572,8.75807,62.13,FALSE,4.282
5109,BJ0701,2.02579,8.73094,62.13,FALSE,4.282
5110,BJ0701,2.02586,8.70381,62.13,FALSE,4.282
5111,BJ0701,2.02593,8.67667,62.13,FALSE,4.282
5112,BJ0701,2.026,8.64954,62.13,FALSE,4.282
5113,BJ0701,2.02607,8.62241,62.13,FALSE,4.282
5114,BJ0701,2.02614,8.59528,62.13,FALSE,4.282
5115,BJ0701,2.02621,8.56815,62.13,FALSE,4.282
5116,BJ0701,2.02628,8.54101,62.13,FALSE,4.282
5118,BJ0701,2.02634,8.51388,62.13,FALSE,4.282
5323,BJ0701,2.05215,9.08372,62.13,FALSE,4.282
5324,BJ0701,2.05222,9.05659,62.13,FALSE,4.282
5325,BJ0701,2.05229,9.02945,62.13,FALSE,4.282
5326,BJ0701,2.05236,9.00232,62.13,FALSE,4.282
5327,BJ0701,2.05243,8.97519,62.13,FALSE,4.282
5328,BJ0701,2.0525,8.94806,62.13,FALSE,4.282
5329,BJ0701,2.05257,8.92093,62.13,FALSE,4.282
5330,BJ0701,2.05264,8.8938,62.13,FALSE,4.282
5331,BJ0701,2.05271,8.86667,62.13,FALSE,4.282
5332,BJ0701,2.05278,8.83953,62.13,FALSE,4.282
5333,BJ0701,2.05285,8.8124,62.13,FALSE,4.282
5334,BJ0701,2.05292,8.78527,62.13,FALSE,4.282
5335,BJ0701,2.05299,8.75814,62.13,FALSE,4.282
5336,BJ0701,2.05306,8.73101,62.13,FALSE,4.282
5337,BJ0701,2.05313,8.70387,62.13,FALSE,4.282
5338,BJ0701,2.05319,8.67674,62.13,FALSE,4.282
5339,BJ0701,2.05326,8.64961,62.13,FALSE,4.282
5340,BJ0701,2.05333,8.62248,62.13,FALSE,4.282
5341,BJ0701,2.0534,8.59535,62.13,FALSE,4.282
5342,BJ0701,2.05347,8.56821,62.13,FALSE,4.282
5343,BJ0701,2.05353,8.54108,62.13,FALSE,4.282
5345,BJ0701,2.0536,8.51395,62.13,FALSE,4.282
5568,BJ0701,2.07945,9.08379,62.13,FALSE,4.282
5569,BJ0701,2.07952,9.05666,64.04,FALSE,4.282
5570,BJ0701,2.07959,9.02952,62.13,FALSE,4.282
5571,BJ0701,2.07965,9.00239,62.13,FALSE,4.282
5572,BJ0701,2.07972,8.97526,62.13,FALSE,4.282
5573,BJ0701,2.07979,8.94813,62.13,FALSE,4.282
5574,BJ0701,2.07986,8.921,62.13,FALSE,4.282
5575,BJ0701,2.07993,8.89387,62.13,FALSE,4.282
5576,BJ0701,2.07999,8.86673,62.13,FALSE,4.282
5577,BJ0701,2.08006,8.8396,62.13,FALSE,4.282
5578,BJ0701,2.08013,8.81247,62.13,FALSE,4.282
5579,BJ0701,2.0802,8.78534,62.13,FALSE,4.282
5580,BJ0701,2.08026,8.75821,62.13,FALSE,4.282
5581,BJ0701,2.08033,8.73107,62.13,FALSE,4.282
5582,BJ0701,2.0804,8.70394,62.13,FALSE,4.282
5583,BJ0701,2.08046,8.67681,62.13,FALSE,4.282
5584,BJ0701,2.08053,8.64968,62.13,FALSE,4.282
5585,BJ0701,2.08059,8.62254,62.13,FALSE,4.282
5586,BJ0701,2.08066,8.59541,62.13,FALSE,4.282
5587,BJ0701,2.08072,8.56828,62.13,FALSE,4.282
5588,BJ0701,2.08079,8.54115,62.13,FALSE,4.282
5590,BJ0701,2.08085,8.51401,62.13,FALSE,4.282
5592,BJ0701,2.08092,8.48688,62.13,FALSE,4.282
5814,BJ0701,2.10674,9.08386,64.14,FALSE,4.282
5816,BJ0701,2.10681,9.05672,63.36,FALSE,4.282
5817,BJ0701,2.10688,9.02959,62.37,FALSE,4.282
5818,BJ0701,2.10694,9.00246,62.13,FALSE,4.282
5819,BJ0701,2.10701,8.97533,62.13,FALSE,4.282
5820,BJ0701,2.10708,8.9482,62.13,FALSE,4.282
5821,BJ0701,2.10714,8.92106,62.13,FALSE,4.282
5822,BJ0701,2.10721,8.89393,62.13,FALSE,4.282
5823,BJ0701,2.10727,8.8668,62.13,FALSE,4.282
5824,BJ0701,2.10734,8.83967,62.13,FALSE,4.282
5825,BJ0701,2.10741,8.81253,62.13,FALSE,4.282
5826,BJ0701,2.10747,8.7854,62.13,FALSE,4.282
5827,BJ0701,2.10754,8.75827,62.13,FALSE,4.282
5828,BJ0701,2.1076,8.73114,62.13,FALSE,4.282
5829,BJ0701,2.10766,8.70401,62.13,FALSE,4.282
5830,BJ0701,2.10773,8.67687,62.13,FALSE,4.282
5831,BJ0701,2.10779,8.64974,62.13,FALSE,4.282
5832,BJ0701,2.10786,8.62261,62.13,FALSE,4.282
5833,BJ0701,2.10792,8.59548,62.13,FALSE,4.282
5834,BJ0701,2.10798,8.56834,62.13,FALSE,4.282
5835,BJ0701,2.10805,8.54121,62.13,FALSE,4.282
5836,BJ0701,2.10811,8.51408,62.13,FALSE,4.282
5838,BJ0701,2.10817,8.48695,62.13,FALSE,4.282
6063,BJ0701,2.13411,9.05679,62.13,FALSE,4.282
6064,BJ0701,2.13417,9.02966,62.13,FALSE,4.282
6065,BJ0701,2.13424,9.00252,62.13,FALSE,4.282
6066,BJ0701,2.1343,8.97539,62.13,FALSE,4.282
6067,BJ0701,2.13436,8.94826,62.13,FALSE,4.282
6068,BJ0701,2.13443,8.92113,62.13,FALSE,4.282
6069,BJ0701,2.13449,8.894,62.13,FALSE,4.282
6070,BJ0701,2.13456,8.86686,62.13,FALSE,4.282
6071,BJ0701,2.13462,8.83973,62.13,FALSE,4.282
6072,BJ0701,2.13468,8.8126,62.13,FALSE,4.282
6073,BJ0701,2.13475,8.78547,62.13,FALSE,4.282
6074,BJ0701,2.13481,8.75833,62.13,FALSE,4.282
6075,BJ0701,2.13487,8.7312,62.13,FALSE,4.282
6076,BJ0701,2.13493,8.70407,62.13,FALSE,4.282
6077,BJ0701,2.135,8.67694,62.13,FALSE,4.282
6078,BJ0701,2.13506,8.6498,62.13,FALSE,4.282
6079,BJ0701,2.13512,8.62267,62.13,FALSE,4.282
6080,BJ0701,2.13518,8.59554,62.13,FALSE,4.282
6081,BJ0701,2.13524,8.56841,62.13,FALSE,4.282
6082,BJ0701,2.1353,8.54127,62.13,FALSE,4.282
6084,BJ0701,2.13536,8.51414,62.13,FALSE,4.282
6087,BJ0701,2.13543,8.48701,62.13,FALSE,4.282
6298,BJ0701,2.16134,9.08398,62.13,FALSE,4.282
6300,BJ0701,2.1614,9.05685,62.13,FALSE,4.282
6301,BJ0701,2.16146,9.02972,62.13,FALSE,4.282
6302,BJ0701,2.16153,9.00259,62.13,FALSE,4.282
6303,BJ0701,2.16159,8.97546,62.13,FALSE,4.282
6304,BJ0701,2.16165,8.94832,62.13,FALSE,4.282
6305,BJ0701,2.16171,8.92119,62.13,FALSE,4.282
6306,BJ0701,2.16178,8.89406,62.13,FALSE,4.282
6307,BJ0701,2.16184,8.86693,62.13,FALSE,4.282
6308,BJ0701,2.1619,8.83979,62.13,FALSE,4.282
6309,BJ0701,2.16196,8.81266,62.13,FALSE,4.282
6310,BJ0701,2.16202,8.78553,62.13,FALSE,4.282
6311,BJ0701,2.16208,8.7584,62.13,FALSE,4.282
6312,BJ0701,2.16214,8.73126,62.13,FALSE,4.282
6313,BJ0701,2.1622,8.70413,62.13,FALSE,4.282
6314,BJ0701,2.16226,8.677,62.13,FALSE,4.282
6315,BJ0701,2.16232,8.64986,62.13,FALSE,4.282
6316,BJ0701,2.16238,8.62273,62.13,FALSE,4.282
6317,BJ0701,2.16244,8.5956,62.13,FALSE,4.282
6318,BJ0701,2.1625,8.56847,62.13,FALSE,4.282
6319,BJ0701,2.16256,8.54133,62.13,FALSE,4.282
6321,BJ0701,2.16262,8.5142,62.13,FALSE,4.282
6323,BJ0701,2.16268,8.48707,62.13,FALSE,4.282
6532,BJ0701,2.18864,9.08405,62.6,FALSE,4.282
6534,BJ0701,2.1887,9.05691,62.13,FALSE,4.282
6535,BJ0701,2.18876,9.02978,62.13,FALSE,4.282
6536,BJ0701,2.18882,9.00265,62.13,FALSE,4.282
6538,BJ0701,2.18888,8.97552,62.13,FALSE,4.282
6540,BJ0701,2.18894,8.94838,62.13,FALSE,4.282
6542,BJ0701,2.189,8.92125,62.13,FALSE,4.282
6544,BJ0701,2.18906,8.89412,62.13,FALSE,4.282
6545,BJ0701,2.18912,8.86699,62.13,FALSE,4.282
6546,BJ0701,2.18918,8.83985,62.13,FALSE,4.282
6548,BJ0701,2.18924,8.81272,62.13,FALSE,4.282
6550,BJ0701,2.1893,8.78559,62.13,FALSE,4.282
6553,BJ0701,2.18935,8.75845,62.13,FALSE,4.282
6555,BJ0701,2.18941,8.73132,62.13,FALSE,4.282
6557,BJ0701,2.18947,8.70419,62.13,FALSE,4.282
6558,BJ0701,2.18953,8.67706,62.13,FALSE,4.282
6559,BJ0701,2.18959,8.64992,62.13,FALSE,4.282
6560,BJ0701,2.18965,8.62279,62.13,FALSE,4.282
6561,BJ0701,2.1897,8.59566,62.13,FALSE,4.282
6562,BJ0701,2.18976,8.56852,62.33,FALSE,4.282
6563,BJ0701,2.18982,8.54139,62.38,FALSE,4.282
6565,BJ0701,2.18988,8.51426,62.84,FALSE,4.282
6567,BJ0701,2.18993,8.4871200000000009,62.13,FALSE,4.282
6772,BJ0701,2.21599,9.05697,62.13,FALSE,4.282
6774,BJ0701,2.21605,9.02984,62.13,FALSE,4.282
6776,BJ0701,2.21611,9.00271,62.13,FALSE,4.282
6778,BJ0701,2.21617,8.97558,62.13,FALSE,4.282
6781,BJ0701,2.21628,8.92131,62.13,FALSE,4.282
6783,BJ0701,2.21634,8.89418,62.13,FALSE,4.282
6785,BJ0701,2.2164,8.86704,62.13,FALSE,4.282
6787,BJ0701,2.21646,8.83991,62.13,FALSE,4.282
6789,BJ0701,2.21651,8.81278,62.13,FALSE,4.282
6794,BJ0701,2.21669,8.73138,62.13,FALSE,4.282
6796,BJ0701,2.21674,8.70425,62.13,FALSE,4.282
6798,BJ0701,2.2168,8.67711,62.13,FALSE,4.282
6800,BJ0701,2.21685,8.64998,62.41,FALSE,4.282
6802,BJ0701,2.21691,8.62285,62.13,FALSE,4.282
6804,BJ0701,2.21697,8.59571,62.13,FALSE,4.282
6806,BJ0701,2.21702,8.56858,62.13,FALSE,4.282
6808,BJ0701,2.21708,8.54145,62.13,FALSE,4.282
6811,BJ0701,2.21713,8.51431,62.13,FALSE,4.282
7050,BJ0701,2.24363,8.89423,62.37,FALSE,4.282
7052,BJ0701,2.24368,8.8671,62.41,FALSE,4.282
1190,BJ0702,1.44879,9.73266,56.94,FALSE,-10.97
1282,BJ0702,1.47613,9.73278,56.94,FALSE,-10.97
1285,BJ0702,1.47625,9.70566,56.94,FALSE,-10.97
1287,BJ0702,1.47638,9.67853,56.94,FALSE,-10.97
1289,BJ0702,1.4765,9.65141,56.94,FALSE,-10.97
1382,BJ0702,1.50335,9.76003,56.94,FALSE,-10.97
1384,BJ0702,1.50347,9.7329,56.94,FALSE,-10.97
1386,BJ0702,1.50359,9.70578,56.94,FALSE,-10.97
1387,BJ0702,1.50371,9.67865,56.94,FALSE,-10.97
1388,BJ0702,1.50383,9.65153,56.94,FALSE,-10.97
1390,BJ0702,1.50395,9.6244,56.94,FALSE,-10.97
1392,BJ0702,1.50407,9.59728,56.94,FALSE,-10.97
1480,BJ0702,1.5307,9.76014,56.94,FALSE,-10.97
1482,BJ0702,1.53082,9.73302,56.94,FALSE,-10.97
1484,BJ0702,1.53093,9.70589,56.94,FALSE,-10.97
1485,BJ0702,1.53105,9.67877,56.94,FALSE,-10.97
1486,BJ0702,1.53117,9.65164,56.94,FALSE,-10.97
1487,BJ0702,1.53129,9.62452,56.94,FALSE,-10.97
1488,BJ0702,1.5314,9.59739,56.94,FALSE,-10.97
1491,BJ0702,1.53164,9.54314,56.94,FALSE,-10.97
1493,BJ0702,1.53175,9.51602,56.94,FALSE,-10.97
1495,BJ0702,1.53187,9.48889,55.63,FALSE,-10.97
1498,BJ0702,1.53198,9.46177,56.94,FALSE,-10.97
1592,BJ0702,1.55816,9.73314,56.94,FALSE,-10.97
1594,BJ0702,1.55827,9.70601,56.94,FALSE,-10.97
1596,BJ0702,1.55839,9.67889,56.94,FALSE,-10.97
1597,BJ0702,1.55851,9.65176,56.94,FALSE,-10.97
1598,BJ0702,1.55862,9.62463,56.94,FALSE,-10.97
1599,BJ0702,1.55874,9.59751,56.94,FALSE,-10.97
1601,BJ0702,1.55885,9.57038,56.94,FALSE,-10.97
1603,BJ0702,1.55896,9.54326,56.94,FALSE,-10.97
1605,BJ0702,1.55908,9.51613,56.94,FALSE,-10.97
1606,BJ0702,1.55919,9.489,48.13,FALSE,-10.97
1608,BJ0702,1.55931,9.46188,55.51,FALSE,-10.97
1610,BJ0702,1.55942,9.43475,48.7,FALSE,-10.97
1612,BJ0702,1.55953,9.40763,46.87,FALSE,-10.97
1704,BJ0702,1.58539,9.76038,56.94,FALSE,-10.97
1706,BJ0702,1.5855,9.73325,56.94,FALSE,-10.97
1708,BJ0702,1.58562,9.70612,56.94,FALSE,-10.97
1710,BJ0702,1.58573,9.679,56.94,FALSE,-10.97
1711,BJ0702,1.58584,9.65187,56.94,FALSE,-10.97
1712,BJ0702,1.58596,9.62475,56.94,FALSE,-10.97
1713,BJ0702,1.58607,9.59762,56.94,FALSE,-10.97
1715,BJ0702,1.58618,9.57049,56.94,FALSE,-10.97
1717,BJ0702,1.58629,9.54337,53.05,FALSE,-10.97
1718,BJ0702,1.5864,9.51624,55.9,FALSE,-10.97
1719,BJ0702,1.58652,9.48912,49.86,FALSE,-10.97
1720,BJ0702,1.58663,9.46199,50.65,FALSE,-10.97
1721,BJ0702,1.58674,9.43486,50.65,FALSE,-10.97
1723,BJ0702,1.58685,9.40774,50.23,FALSE,-10.97
1823,BJ0702,1.61262,9.78761,56.94,FALSE,-10.97
1825,BJ0702,1.61273,9.76049,56.94,FALSE,-10.97
1827,BJ0702,1.61284,9.73336,56.94,FALSE,-10.97
1828,BJ0702,1.61296,9.70624,56.94,FALSE,-10.97
1829,BJ0702,1.61307,9.67911,56.94,FALSE,-10.97
1830,BJ0702,1.61318,9.65198,56.94,FALSE,-10.97
1831,BJ0702,1.61329,9.62486,56.94,FALSE,-10.97
1832,BJ0702,1.6134,9.59773,56.94,FALSE,-10.97
1833,BJ0702,1.61351,9.57061,56.94,FALSE,-10.97
1834,BJ0702,1.61362,9.54348,53.59,FALSE,-10.97
1835,BJ0702,1.61373,9.51635,48.45,FALSE,-10.97
1836,BJ0702,1.61384,9.48923,53.09,FALSE,-10.97
1837,BJ0702,1.61395,9.4621,56.03,FALSE,-10.97
1838,BJ0702,1.61406,9.43497,56.94,FALSE,-10.97
1840,BJ0702,1.61416,9.40785,53.59,FALSE,-10.97
1842,BJ0702,1.61427,9.38072,46.87,FALSE,-10.97
1979,BJ0702,1.63997,9.78773,56.94,FALSE,-10.97
1981,BJ0702,1.64008,9.7606,56.94,FALSE,-10.97
1982,BJ0702,1.64019,9.73347,56.94,FALSE,-10.97
1983,BJ0702,1.6403,9.70635,56.94,FALSE,-10.97
1984,BJ0702,1.64041,9.67922,56.94,FALSE,-10.97
1985,BJ0702,1.64052,9.65209,56.94,FALSE,-10.97
1986,BJ0702,1.64062,9.62497,56.94,FALSE,-10.97
1987,BJ0702,1.64073,9.59784,56.94,FALSE,-10.97
1988,BJ0702,1.64084,9.57071,56.94,FALSE,-10.97
1989,BJ0702,1.64095,9.54359,56.94,FALSE,-10.97
1990,BJ0702,1.64106,9.51646,58.37,FALSE,-10.97
1991,BJ0702,1.64116,9.48933,57.56,FALSE,-10.97
1992,BJ0702,1.64127,9.46221,56.94,FALSE,-10.97
1993,BJ0702,1.64138,9.43508,56.94,FALSE,-10.97
1994,BJ0702,1.64148,9.40795,57.36,FALSE,-10.97
1996,BJ0702,1.64159,9.38082,46.87,FALSE,-10.97
2176,BJ0702,1.66721,9.81496,56.94,FALSE,-10.97
2178,BJ0702,1.66732,9.78783,56.94,FALSE,-10.97
2180,BJ0702,1.66742,9.76071,56.94,FALSE,-10.97
2181,BJ0702,1.66753,9.73358,56.94,FALSE,-10.97
2182,BJ0702,1.66764,9.70645,56.94,FALSE,-10.97
2183,BJ0702,1.66775,9.67933,56.94,FALSE,-10.97
2184,BJ0702,1.66785,9.6522,56.94,FALSE,-10.97
2185,BJ0702,1.66796,9.62507,56.94,FALSE,-10.97
2186,BJ0702,1.66807,9.59795,55.09,FALSE,-10.97
2187,BJ0702,1.66817,9.57082,55.64,FALSE,-10.97
2188,BJ0702,1.66828,9.54369,54.73,FALSE,-10.97
2189,BJ0702,1.66838,9.51656,61.38,FALSE,-10.97
2190,BJ0702,1.66849,9.48944,68.62,FALSE,-10.97
2191,BJ0702,1.66859,9.46231,60.28,FALSE,-10.97
2192,BJ0702,1.6687,9.43518,60.52,FALSE,-10.97
2194,BJ0702,1.6688,9.40806,50.05,FALSE,-10.97
2196,BJ0702,1.6689,9.38093,46.87,FALSE,-10.97
2381,BJ0702,1.69445,9.84219,56.94,FALSE,-10.97
2383,BJ0702,1.69456,9.81507,56.94,FALSE,-10.97
2385,BJ0702,1.69466,9.78794,56.94,FALSE,-10.97
2386,BJ0702,1.69477,9.76081,56.94,FALSE,-10.97
2387,BJ0702,1.69488,9.73369,56.94,FALSE,-10.97
2388,BJ0702,1.69498,9.70656,56.94,FALSE,-10.97
2389,BJ0702,1.69509,9.67943,56.94,FALSE,-10.97
2390,BJ0702,1.69519,9.6523,56.94,FALSE,-10.97
2391,BJ0702,1.69529,9.62518,56.94,FALSE,-10.97
2392,BJ0702,1.6954,9.59805,54.33,FALSE,-10.97
2393,BJ0702,1.6955,9.57092,51.19,FALSE,-10.97
2394,BJ0702,1.69561,9.5438,49.23,FALSE,-10.97
2395,BJ0702,1.69571,9.51667,53.08,FALSE,-10.97
2396,BJ0702,1.69581,9.48954,51.79,FALSE,-10.97
2397,BJ0702,1.69591,9.46241,53.97,FALSE,-10.97
2398,BJ0702,1.69602,9.43529,51.57,FALSE,-10.97
2400,BJ0702,1.69612,9.40816,48.06,FALSE,-10.97
2585,BJ0702,1.7217,9.86943,56.94,FALSE,-10.97
2587,BJ0702,1.72181,9.8423,56.94,FALSE,-10.97
2589,BJ0702,1.72191,9.81517,56.94,FALSE,-10.97
2590,BJ0702,1.72201,9.78804,55.14,FALSE,-10.97
2591,BJ0702,1.72212,9.76092,56.94,FALSE,-10.97
2592,BJ0702,1.72222,9.73379,56.94,FALSE,-10.97
2593,BJ0702,1.72232,9.70666,56.94,FALSE,-10.97
2594,BJ0702,1.72243,9.67953,56.94,FALSE,-10.97
2595,BJ0702,1.72253,9.65241,56.94,FALSE,-10.97
2596,BJ0702,1.72263,9.62528,56.41,FALSE,-10.97
2597,BJ0702,1.72273,9.59815,56.46,FALSE,-10.97
2598,BJ0702,1.72283,9.57102,54.07,FALSE,-10.97
2599,BJ0702,1.72293,9.5439,55.97,FALSE,-10.97
2600,BJ0702,1.72304,9.51677,53.02,FALSE,-10.97
2601,BJ0702,1.72314,9.48964,50.93,FALSE,-10.97
2602,BJ0702,1.72324,9.46251,46.87,FALSE,-10.97
2603,BJ0702,1.72334,9.43539,46.87,FALSE,-10.97
2605,BJ0702,1.72344,9.40826,46.87,FALSE,-10.97
2793,BJ0702,1.74844,10.03229,56.94,FALSE,-10.97
2795,BJ0702,1.74854,10.00516,56.94,FALSE,-10.97
2797,BJ0702,1.74864,9.97804,56.94,FALSE,-10.97
2799,BJ0702,1.74875,9.95091,56.94,FALSE,-10.97
2801,BJ0702,1.74885,9.92378,56.94,FALSE,-10.97
2803,BJ0702,1.74895,9.89666,56.94,FALSE,-10.97
2805,BJ0702,1.74906,9.86953,56.94,FALSE,-10.97
2807,BJ0702,1.74916,9.8424,56.94,FALSE,-10.97
2808,BJ0702,1.74926,9.81527,56.94,FALSE,-10.97
2809,BJ0702,1.74936,9.78815,56.68,FALSE,-10.97
2810,BJ0702,1.74946,9.76102,56.68,FALSE,-10.97
2811,BJ0702,1.74957,9.73389,56.94,FALSE,-10.97
2812,BJ0702,1.74967,9.70676,56.94,FALSE,-10.97
2813,BJ0702,1.74977,9.67964,56.94,FALSE,-10.97
2814,BJ0702,1.74987,9.65251,56.94,FALSE,-10.97
2815,BJ0702,1.74997,9.62538,56.94,FALSE,-10.97
2816,BJ0702,1.75007,9.59825,56.94,FALSE,-10.97
2817,BJ0702,1.75017,9.57112,56.94,FALSE,-10.97
2818,BJ0702,1.75026,9.544,59.09,FALSE,-10.97
2819,BJ0702,1.75036,9.51687,58.93,FALSE,-10.97
2820,BJ0702,1.75046,9.48974,47.71,FALSE,-10.97
2821,BJ0702,1.75056,9.46261,46.87,FALSE,-10.97
2823,BJ0702,1.75066,9.43548,46.87,FALSE,-10.97
2825,BJ0702,1.75075,9.40836,46.87,FALSE,-10.97
3023,BJ0702,1.7758100000000001,10.03239,56.94,FALSE,-10.97
3024,BJ0702,1.77591,10.00527,56.94,FALSE,-10.97
3025,BJ0702,1.77601,9.97814,56.94,FALSE,-10.97
3026,BJ0702,1.77611,9.95101,56.94,FALSE,-10.97
3027,BJ0702,1.77621,9.92388,56.94,FALSE,-10.97
3028,BJ0702,1.77631,9.89676,56.94,FALSE,-10.97
3029,BJ0702,1.77641,9.86963,56.94,FALSE,-10.97
3030,BJ0702,1.77651,9.8425,56.94,FALSE,-10.97
3031,BJ0702,1.77661,9.81537,56.94,FALSE,-10.97
3032,BJ0702,1.77671,9.78825,56.94,FALSE,-10.97
3033,BJ0702,1.77681,9.76112,56.38,FALSE,-10.97
3034,BJ0702,1.77691,9.73399,56.94,FALSE,-10.97
3035,BJ0702,1.77701,9.70686,56.94,FALSE,-10.97
3036,BJ0702,1.77711,9.67973,56.94,FALSE,-10.97
3037,BJ0702,1.7772,9.65261,56.94,FALSE,-10.97
3038,BJ0702,1.7773,9.62548,56.94,FALSE,-10.97
3039,BJ0702,1.7774,9.59835,56.94,FALSE,-10.97
3040,BJ0702,1.7775,9.57122,56.22,FALSE,-10.97
3041,BJ0702,1.77759,9.54409,56.1,FALSE,-10.97
3042,BJ0702,1.77769,9.51696,55.48,FALSE,-10.97
3043,BJ0702,1.77779,9.48984,48.5,FALSE,-10.97
3044,BJ0702,1.77788,9.46271,46.87,FALSE,-10.97
3046,BJ0702,1.77798,9.43558,46.87,FALSE,-10.97
3245,BJ0702,1.80318,10.03249,52.47,FALSE,-10.97
3246,BJ0702,1.80328,10.00537,56.94,FALSE,-10.97
3247,BJ0702,1.80338,9.97824,56.94,FALSE,-10.97
3248,BJ0702,1.80347,9.95111,56.94,FALSE,-10.97
3249,BJ0702,1.80357,9.92398,56.94,FALSE,-10.97
3250,BJ0702,1.80367,9.89685,56.94,FALSE,-10.97
3251,BJ0702,1.80377,9.86973,56.94,FALSE,-10.97
3252,BJ0702,1.80387,9.8426,56.94,FALSE,-10.97
3253,BJ0702,1.80396,9.81547,53.8,FALSE,-10.97
3254,BJ0702,1.80406,9.78834,56.94,FALSE,-10.97
3255,BJ0702,1.80416,9.76121,56.94,FALSE,-10.97
3256,BJ0702,1.80426,9.73409,56.94,FALSE,-10.97
3257,BJ0702,1.80435,9.70696,56.94,FALSE,-10.97
3258,BJ0702,1.80445,9.67983,56.94,FALSE,-10.97
3259,BJ0702,1.80454,9.6527,56.37,FALSE,-10.97
3260,BJ0702,1.80464,9.62557,56.94,FALSE,-10.97
3261,BJ0702,1.80473,9.59844,56.43,FALSE,-10.97
3262,BJ0702,1.80483,9.57132,57.53,FALSE,-10.97
3263,BJ0702,1.80492,9.54419,54.22,FALSE,-10.97
3264,BJ0702,1.80502,9.51706,46.87,FALSE,-10.97
3265,BJ0702,1.80511,9.48993,47.82,FALSE,-10.97
3266,BJ0702,1.80521,9.4628,46.87,FALSE,-10.97
3268,BJ0702,1.8053,9.43567,46.87,FALSE,-10.97
3270,BJ0702,1.80539,9.40854,46.87,FALSE,-10.97
3272,BJ0702,1.80549,9.38142,46.87,FALSE,-10.97
3479,BJ0702,1.83055,10.03259,54.82,FALSE,-10.97
3480,BJ0702,1.83064,10.00546,56.94,FALSE,-10.97
3481,BJ0702,1.83074,9.97834,56.94,FALSE,-10.97
3482,BJ0702,1.83084,9.95121,56.61,FALSE,-10.97
3483,BJ0702,1.83093,9.92408,56.94,FALSE,-10.97
3484,BJ0702,1.83103,9.89695,56.94,FALSE,-10.97
3485,BJ0702,1.83113,9.86982,56.94,FALSE,-10.97
3486,BJ0702,1.83122,9.84269,56.44,FALSE,-10.97
3487,BJ0702,1.83132,9.81557,56.1,FALSE,-10.97
3488,BJ0702,1.83141,9.78844,56.94,FALSE,-10.97
3489,BJ0702,1.83151,9.76131,56.7,FALSE,-10.97
3490,BJ0702,1.8316,9.73418,56.94,FALSE,-10.97
3491,BJ0702,1.8317,9.70705,56.94,FALSE,-10.97
3492,BJ0702,1.83179,9.67992,56.2,FALSE,-10.97
3493,BJ0702,1.83188,9.6528,53.42,FALSE,-10.97
3494,BJ0702,1.83198,9.62567,56.94,FALSE,-10.97
3495,BJ0702,1.83207,9.59854,53.87,FALSE,-10.97
3496,BJ0702,1.83216,9.57141,56.94,FALSE,-10.97
3497,BJ0702,1.83225,9.54428,51.91,FALSE,-10.97
3498,BJ0702,1.83235,9.5171500000000009,48.17,FALSE,-10.97
3499,BJ0702,1.83244,9.49002,47.85,FALSE,-10.97
3500,BJ0702,1.83253,9.46289,46.87,FALSE,-10.97
3501,BJ0702,1.83262,9.43577,46.87,FALSE,-10.97
3502,BJ0702,1.83271,9.40864,46.87,FALSE,-10.97
3504,BJ0702,1.8328,9.38151,46.87,FALSE,-10.97
3705,BJ0702,1.85792,10.03269,49.39,FALSE,-10.97
3706,BJ0702,1.85801,10.00556,53.28,FALSE,-10.97
3707,BJ0702,1.85811,9.97843,56.17,FALSE,-10.97
3708,BJ0702,1.8582,9.9513,55.3,FALSE,-10.97
3709,BJ0702,1.8583,9.92417,56.94,FALSE,-10.97
3710,BJ0702,1.85839,9.89705,56.94,FALSE,-10.97
3711,BJ0702,1.85848,9.86992,56.35,FALSE,-10.97
3712,BJ0702,1.85858,9.84279,56.94,FALSE,-10.97
3713,BJ0702,1.85867,9.81566,56.56,FALSE,-10.97
3714,BJ0702,1.85876,9.78853,53.37,FALSE,-10.97
3715,BJ0702,1.85885,9.7614,56.94,FALSE,-10.97
3716,BJ0702,1.85895,9.73427,56.94,FALSE,-10.97
3717,BJ0702,1.85904,9.70714,56.94,FALSE,-10.97
3718,BJ0702,1.85913,9.68002,54.23,FALSE,-10.97
3719,BJ0702,1.85922,9.65289,53.84,FALSE,-10.97
3720,BJ0702,1.85931,9.62576,56.49,FALSE,-10.97
3721,BJ0702,1.8594,9.59863,50.23,FALSE,-10.97
3722,BJ0702,1.85949,9.5715,52.27,FALSE,-10.97
3723,BJ0702,1.85958,9.54437,55.37,FALSE,-10.97
3724,BJ0702,1.85967,9.51724,52.72,FALSE,-10.97
3725,BJ0702,1.85976,9.49011,48.38,FALSE,-10.97
3726,BJ0702,1.85985,9.46298,54.01,FALSE,-10.97
3727,BJ0702,1.85994,9.43585,50.01,FALSE,-10.97
3728,BJ0702,1.86003,9.40873,46.87,FALSE,-10.97
3730,BJ0702,1.86012,9.3816,46.87,FALSE,-10.97
3932,BJ0702,1.88529,10.03278,54.93,FALSE,-10.97
3933,BJ0702,1.88538,10.00565,56.94,FALSE,-10.97
3934,BJ0702,1.88547,9.97852,56.94,FALSE,-10.97
3935,BJ0702,1.88557,9.95139,56.19,FALSE,-10.97
3936,BJ0702,1.88566,9.92427,55.98,FALSE,-10.97
3937,BJ0702,1.88575,9.89714,55.86,FALSE,-10.97
3938,BJ0702,1.88584,9.87001,50.02,FALSE,-10.97
3939,BJ0702,1.88593,9.84288,50.47,FALSE,-10.97
3940,BJ0702,1.88602,9.81575,56.94,FALSE,-10.97
3941,BJ0702,1.88611,9.78862,55.01,FALSE,-10.97
3942,BJ0702,1.8862,9.76149,56.94,FALSE,-10.97
3943,BJ0702,1.88629,9.73436,56.94,FALSE,-10.97
3944,BJ0702,1.88638,9.70723,56.94,FALSE,-10.97
3945,BJ0702,1.88647,9.68011,55.5,FALSE,-10.97
3946,BJ0702,1.88656,9.65298,53.75,FALSE,-10.97
3947,BJ0702,1.88665,9.62585,51.04,FALSE,-10.97
3948,BJ0702,1.88674,9.59872,54.73,FALSE,-10.97
3949,BJ0702,1.88683,9.57159,55.26,FALSE,-10.97
3950,BJ0702,1.88692,9.54446,54.58,FALSE,-10.97
3951,BJ0702,1.887,9.51733,54.78,FALSE,-10.97
3952,BJ0702,1.88709,9.4902,54.26,FALSE,-10.97
3953,BJ0702,1.88718,9.46307,57.26,FALSE,-10.97
3954,BJ0702,1.88727,9.43594,53.16,FALSE,-10.97
3956,BJ0702,1.88735,9.40881,47.83,FALSE,-10.97
3958,BJ0702,1.88744,9.38168,46.87,FALSE,-10.97
4158,BJ0702,1.91266,10.03287,56.07,FALSE,-10.97
4159,BJ0702,1.91275,10.00574,54.11,FALSE,-10.97
4160,BJ0702,1.91284,9.97861,56.94,FALSE,-10.97
4161,BJ0702,1.91293,9.95148,56.44,FALSE,-10.97
4162,BJ0702,1.91302,9.92436,56.1,FALSE,-10.97
4163,BJ0702,1.91311,9.89723,55.98,FALSE,-10.97
4164,BJ0702,1.9132,9.8701,48.17,FALSE,-10.97
4165,BJ0702,1.91329,9.84297,50.47,FALSE,-10.97
4166,BJ0702,1.91338,9.81584,55.79,FALSE,-10.97
4167,BJ0702,1.91346,9.78871,56.3,FALSE,-10.97
4168,BJ0702,1.91355,9.76158,56.7,FALSE,-10.97
4169,BJ0702,1.91364,9.73445,56.94,FALSE,-10.97
4170,BJ0702,1.91373,9.70732,56.94,FALSE,-10.97
4171,BJ0702,1.91381,9.68019,56.44,FALSE,-10.97
4172,BJ0702,1.9139,9.65306,54.82,FALSE,-10.97
4173,BJ0702,1.91399,9.62593,56.33,FALSE,-10.97
4174,BJ0702,1.91407,9.59881,55.26,FALSE,-10.97
4175,BJ0702,1.91416,9.57168,60.82,FALSE,-10.97
4176,BJ0702,1.91425,9.54455,57.89,FALSE,-10.97
4177,BJ0702,1.91433,9.51742,68.06,FALSE,-10.97
4178,BJ0702,1.91442,9.49029,57.17,FALSE,-10.97
4179,BJ0702,1.9145,9.46316,53.19,FALSE,-10.97
4180,BJ0702,1.91459,9.43603,53.81,FALSE,-10.97
4181,BJ0702,1.91467,9.4089,47.36,FALSE,-10.97
4183,BJ0702,1.91476,9.38177,46.87,FALSE,-10.97
4384,BJ0702,1.94003,10.03296,50.65,FALSE,-10.97
4385,BJ0702,1.94012,10.00583,48.31,FALSE,-10.97
4386,BJ0702,1.94021,9.9787,56.13,FALSE,-10.97
4387,BJ0702,1.94029,9.95157,54.29,FALSE,-10.97
4388,BJ0702,1.94038,9.92444,52.08,FALSE,-10.97
4389,BJ0702,1.94047,9.89731,49.03,FALSE,-10.97
4390,BJ0702,1.94056,9.87018,48.31,FALSE,-10.97
4391,BJ0702,1.94064,9.84306,50.31,FALSE,-10.97
4392,BJ0702,1.94073,9.81593,56.36,FALSE,-10.97
4393,BJ0702,1.94081,9.7888,57.89,FALSE,-10.97
4394,BJ0702,1.9409,9.76167,56.94,FALSE,-10.97
4395,BJ0702,1.94099,9.73454,57.66,FALSE,-10.97
4396,BJ0702,1.94107,9.70741,56.94,FALSE,-10.97
4397,BJ0702,1.94116,9.68028,56.71,FALSE,-10.97
4398,BJ0702,1.94124,9.65315,52.15,FALSE,-10.97
4399,BJ0702,1.94133,9.62602,52.87,FALSE,-10.97
4400,BJ0702,1.94141,9.59889,57.75,FALSE,-10.97
4401,BJ0702,1.94149,9.57176,61.71,FALSE,-10.97
4402,BJ0702,1.94158,9.54463,71.04,FALSE,-10.97
4403,BJ0702,1.94166,9.5175,68.38,FALSE,-10.97
4404,BJ0702,1.94175,9.49037,64.91,FALSE,-10.97
4405,BJ0702,1.94183,9.46324,70.51,FALSE,-10.97
4406,BJ0702,1.94191,9.43611,67.38,FALSE,-10.97
4407,BJ0702,1.94199,9.40898,47.99,FALSE,-10.97
4409,BJ0702,1.94208,9.38185,46.87,FALSE,-10.97
4411,BJ0702,1.94216,9.35472,46.87,FALSE,-10.97
4608,BJ0702,1.9674,10.03305,49.39,FALSE,-10.97
4609,BJ0702,1.96749,10.00592,47.57,FALSE,-10.97
4610,BJ0702,1.96757,9.97879,51.72,FALSE,-10.97
4611,BJ0702,1.96766,9.95166,55.94,FALSE,-10.97
4612,BJ0702,1.96774,9.92453,53.49,FALSE,-10.97
4613,BJ0702,1.96783,9.8974,54.62,FALSE,-10.97
4614,BJ0702,1.96791,9.87027,53.67,FALSE,-10.97
4615,BJ0702,1.968,9.84314,56.74,FALSE,-10.97
4616,BJ0702,1.96808,9.81601,60.52,FALSE,-10.97
4617,BJ0702,1.96817,9.78888,56.94,FALSE,-10.97
4618,BJ0702,1.96825,9.76175,56.94,FALSE,-10.97
4619,BJ0702,1.96833,9.73462,58.17,FALSE,-10.97
4620,BJ0702,1.96842,9.70749,64.09,FALSE,-10.97
4621,BJ0702,1.9685,9.68036,54.63,FALSE,-10.97
4622,BJ0702,1.96858,9.65323,52.72,FALSE,-10.97
4623,BJ0702,1.96866,9.6261,54.68,FALSE,-10.97
4624,BJ0702,1.96875,9.59897,55.94,FALSE,-10.97
4625,BJ0702,1.96883,9.57184,61.41,FALSE,-10.97
4626,BJ0702,1.96891,9.54471,59.8,FALSE,-10.97
4627,BJ0702,1.96899,9.51758,64.45,FALSE,-10.97
4628,BJ0702,1.96907,9.49045,59.09,FALSE,-10.97
4629,BJ0702,1.96915,9.46332,73.34,FALSE,-10.97
4630,BJ0702,1.96923,9.43619,71.47,FALSE,-10.97
4631,BJ0702,1.96931,9.40906,63.18,FALSE,-10.97
4632,BJ0702,1.96939,9.38193,51.06,FALSE,-10.97
4635,BJ0702,1.96947,9.3548,46.87,FALSE,-10.97
4843,BJ0702,1.99477,10.03313,51.25,FALSE,-10.97
4844,BJ0702,1.99486,10.006,48.19,FALSE,-10.97
4845,BJ0702,1.99494,9.97887,49.39,FALSE,-10.97
4846,BJ0702,1.99502,9.95174,50.23,FALSE,-10.97
4847,BJ0702,1.99511,9.92461,51.9,FALSE,-10.97
4848,BJ0702,1.99519,9.89748,55.65,FALSE,-10.97
4849,BJ0702,1.99527,9.87035,57.8,FALSE,-10.97
4850,BJ0702,1.99535,9.84322,56.7,FALSE,-10.97
4851,BJ0702,1.99544,9.81609,57.22,FALSE,-10.97
4852,BJ0702,1.99552,9.78896,61.23,FALSE,-10.97
4853,BJ0702,1.9956,9.76183,61.11,FALSE,-10.97
4854,BJ0702,1.99568,9.7347,59.8,FALSE,-10.97
4855,BJ0702,1.99576,9.70757,63.62,FALSE,-10.97
4856,BJ0702,1.99584,9.68044,50.71,FALSE,-10.97
4857,BJ0702,1.99592,9.65331,51.48,FALSE,-10.97
4858,BJ0702,1.996,9.62618,54.6,FALSE,-10.97
4859,BJ0702,1.99608,9.59905,55.98,FALSE,-10.97
4860,BJ0702,1.99616,9.57192,60.4,FALSE,-10.97
4861,BJ0702,1.99624,9.54479,63.12,FALSE,-10.97
4862,BJ0702,1.99632,9.51766,62.4,FALSE,-10.97
4863,BJ0702,1.9964,9.49053,58.17,FALSE,-10.97
4864,BJ0702,1.99648,9.4634,64.09,FALSE,-10.97
4865,BJ0702,1.99656,9.43627,72.46,FALSE,-10.97
4866,BJ0702,1.99664,9.40914,73.54,FALSE,-10.97
4867,BJ0702,1.99671,9.38201,63.12,FALSE,-10.97
4869,BJ0702,1.99679,9.35488,47.15,FALSE,-10.97
5058,BJ0702,2.02215,10.03321,49.29,FALSE,-10.97
5059,BJ0702,2.02223,10.00608,55.57,FALSE,-10.97
5060,BJ0702,2.02231,9.97895,46.87,FALSE,-10.97
5061,BJ0702,2.02239,9.95182,47.79,FALSE,-10.97
5062,BJ0702,2.02247,9.92469,46.87,FALSE,-10.97
5063,BJ0702,2.02255,9.89756,49.03,FALSE,-10.97
5064,BJ0702,2.02263,9.87043,51.49,FALSE,-10.97
5065,BJ0702,2.02271,9.8433,52.49,FALSE,-10.97
5066,BJ0702,2.02279,9.81617,52.52,FALSE,-10.97
5067,BJ0702,2.02287,9.78904,59.17,FALSE,-10.97
5068,BJ0702,2.02295,9.76191,59.09,FALSE,-10.97
5069,BJ0702,2.02303,9.73478,60.01,FALSE,-10.97
5070,BJ0702,2.02311,9.70765,59.8,FALSE,-10.97
5071,BJ0702,2.02318,9.68052,56.51,FALSE,-10.97
5072,BJ0702,2.02326,9.65339,51.43,FALSE,-10.97
5073,BJ0702,2.02334,9.62626,53.42,FALSE,-10.97
5074,BJ0702,2.02342,9.59913,52.75,FALSE,-10.97
5075,BJ0702,2.0235,9.572,62.64,FALSE,-10.97
5076,BJ0702,2.02357,9.54487,80.85,FALSE,-10.97
5077,BJ0702,2.02365,9.51774,64.81,FALSE,-10.97
5078,BJ0702,2.02373,9.49061,64.09,FALSE,-10.97
5079,BJ0702,2.0238,9.46348,67.79,FALSE,-10.97
5080,BJ0702,2.02388,9.43635,63.38,FALSE,-10.97
5081,BJ0702,2.02396,9.40922,68.62,FALSE,-10.97
5082,BJ0702,2.02403,9.38209,74.35,FALSE,-10.97
5084,BJ0702,2.02411,9.35496,63.1,FALSE,-10.97
5284,BJ0702,2.04952,10.03329,53.28,FALSE,-10.97
5285,BJ0702,2.0496,10.00616,48.31,FALSE,-10.97
5286,BJ0702,2.04968,9.97903,46.87,FALSE,-10.97
5287,BJ0702,2.04975,9.9519,48.31,FALSE,-10.97
5288,BJ0702,2.04983,9.92477,46.87,FALSE,-10.97
5289,BJ0702,2.04991,9.89764,47.79,FALSE,-10.97
5290,BJ0702,2.04999,9.87051,46.87,FALSE,-10.97
5292,BJ0702,2.05007,9.84338,47.76,FALSE,-10.97
5294,BJ0702,2.05014,9.81625,49.15,FALSE,-10.97
5295,BJ0702,2.05022,9.78912,51.4,FALSE,-10.97
5296,BJ0702,2.0503,9.76199,63.89,FALSE,-10.97
5297,BJ0702,2.05038,9.73486,66.95,FALSE,-10.97
5298,BJ0702,2.05045,9.70773,66.12,FALSE,-10.97
5299,BJ0702,2.05053,9.6806,58.85,FALSE,-10.97
5300,BJ0702,2.0506,9.65347,55.54,FALSE,-10.97
5301,BJ0702,2.05068,9.62634,54.54,FALSE,-10.97
5302,BJ0702,2.05076,9.59921,47.59,FALSE,-10.97
5303,BJ0702,2.05083,9.57208,54.44,FALSE,-10.97
5304,BJ0702,2.05091,9.54495,69.8,FALSE,-10.97
5305,BJ0702,2.05098,9.51781,72.88,FALSE,-10.97
5306,BJ0702,2.05106,9.49068,71.24,FALSE,-10.97
5307,BJ0702,2.05113,9.46355,66.13,FALSE,-10.97
5308,BJ0702,2.0512,9.43642,66.75,FALSE,-10.97
5309,BJ0702,2.05128,9.40929,76.96,FALSE,-10.97
5310,BJ0702,2.05135,9.38216,76.96,FALSE,-10.97
5312,BJ0702,2.05143,9.35503,75,FALSE,-10.97
5519,BJ0702,2.07689,10.03337,55.5,FALSE,-10.97
5521,BJ0702,2.07697,10.00624,48.31,FALSE,-10.97
5523,BJ0702,2.07704,9.97911,46.87,FALSE,-10.97
5525,BJ0702,2.07712,9.95198,46.87,FALSE,-10.97
5527,BJ0702,2.0772,9.92485,46.87,FALSE,-10.97
5529,BJ0702,2.07727,9.89772,46.87,FALSE,-10.97
5531,BJ0702,2.07735,9.87059,46.87,FALSE,-10.97
5533,BJ0702,2.07742,9.84346,46.87,FALSE,-10.97
5535,BJ0702,2.0775,9.81633,47.17,FALSE,-10.97
5537,BJ0702,2.07757,9.7892,48.59,FALSE,-10.97
5539,BJ0702,2.07765,9.76206,55.96,FALSE,-10.97
5541,BJ0702,2.07772,9.73493,65.72,FALSE,-10.97
5542,BJ0702,2.0778,9.7078,67.66,FALSE,-10.97
5543,BJ0702,2.07787,9.68067,64.3,FALSE,-10.97
5544,BJ0702,2.07795,9.65354,60.74,FALSE,-10.97
5545,BJ0702,2.07802,9.62641,51.79,FALSE,-10.97
5546,BJ0702,2.07809,9.59928,46.87,FALSE,-10.97
5547,BJ0702,2.07817,9.57215,46.87,FALSE,-10.97
5548,BJ0702,2.07824,9.54502,51.33,FALSE,-10.97
5549,BJ0702,2.07831,9.51789,53.32,FALSE,-10.97
5550,BJ0702,2.07838,9.49076,66.39,FALSE,-10.97
5551,BJ0702,2.07846,9.46363,64.81,FALSE,-10.97
5552,BJ0702,2.07853,9.4365,61.68,FALSE,-10.97
5553,BJ0702,2.0786,9.40936,62.2,FALSE,-10.97
5555,BJ0702,2.07867,9.38223,74.82,FALSE,-10.97
5557,BJ0702,2.07874,9.3551,74.33,FALSE,-10.97
5773,BJ0702,2.10456,9.92492,46.87,FALSE,-10.97
5775,BJ0702,2.10463,9.89779,46.87,FALSE,-10.97
5781,BJ0702,2.105,9.76214,52.05,FALSE,-10.97
5783,BJ0702,2.10507,9.73501,49.51,FALSE,-10.97
5785,BJ0702,2.10514,9.70788,55.25,FALSE,-10.97
5787,BJ0702,2.10521,9.68075,58.6,FALSE,-10.97
5788,BJ0702,2.10529,9.65361,51.61,FALSE,-10.97
5789,BJ0702,2.10536,9.62648,46.87,FALSE,-10.97
5790,BJ0702,2.10543,9.59935,46.87,FALSE,-10.97
5791,BJ0702,2.1055,9.57222,46.87,FALSE,-10.97
5792,BJ0702,2.10557,9.54509,47.11,FALSE,-10.97
5793,BJ0702,2.10564,9.51796,46.87,FALSE,-10.97
5794,BJ0702,2.10571,9.49083,52.84,FALSE,-10.97
5796,BJ0702,2.10578,9.4637,69.59,FALSE,-10.97
5798,BJ0702,2.1058500000000002,9.43657,63.38,FALSE,-10.97
5800,BJ0702,2.10592,9.40943,64.91,FALSE,-10.97
5802,BJ0702,2.10599,9.3823,75.47,FALSE,-10.97
6031,BJ0702,2.13249,9.70795,46.87,FALSE,-10.97
6033,BJ0702,2.13256,9.68082,47.52,FALSE,-10.97
6034,BJ0702,2.13263,9.65368,46.87,FALSE,-10.97
6035,BJ0702,2.1327,9.62655,46.87,FALSE,-10.97
6037,BJ0702,2.13277,9.59942,46.87,FALSE,-10.97
6039,BJ0702,2.13284,9.57229,46.87,FALSE,-10.97
6041,BJ0702,2.1329,9.54516,46.87,FALSE,-10.97
6043,BJ0702,2.13297,9.51803,46.87,FALSE,-10.97
6045,BJ0702,2.13304,9.4909,46.87,FALSE,-10.97
6047,BJ0702,2.13311,9.46377,56.91,FALSE,-10.97
6268,BJ0702,2.15984,9.70801,46.87,FALSE,-10.97
6271,BJ0702,2.1599,9.68088,46.87,FALSE,-10.97
6274,BJ0702,2.15997,9.65375,46.87,FALSE,-10.97
6276,BJ0702,2.16004,9.62662,46.87,FALSE,-10.97
6278,BJ0702,2.1601,9.59949,46.87,FALSE,-10.97
917,BJ0703,1.36543,10.0035,69.92,FALSE,2.002
918,BJ0703,1.36557,9.97638,69.92,FALSE,2.002
919,BJ0703,1.3657,9.94926,69.92,FALSE,2.002
920,BJ0703,1.36584,9.92213,69.92,FALSE,2.002
921,BJ0703,1.36597,9.89501,69.92,FALSE,2.002
922,BJ0703,1.36611,9.86789,69.92,FALSE,2.002
924,BJ0703,1.36624,9.84077,69.92,FALSE,2.002
997,BJ0703,1.39279,10.00364,69.92,FALSE,2.002
999,BJ0703,1.39293,9.97651,69.92,FALSE,2.002
1000,BJ0703,1.39306,9.94939,69.92,FALSE,2.002
1001,BJ0703,1.39319,9.92227,69.92,FALSE,2.002
1002,BJ0703,1.39332,9.89514,69.92,FALSE,2.002
1003,BJ0703,1.39346,9.86802,69.92,FALSE,2.002
1005,BJ0703,1.39359,9.8409,69.92,FALSE,2.002
1007,BJ0703,1.39372,9.81377,69.92,FALSE,2.002
1087,BJ0703,1.42029,9.97664,69.92,FALSE,2.002
1088,BJ0703,1.42042,9.94952,69.92,FALSE,2.002
1089,BJ0703,1.42055,9.9224,69.92,FALSE,2.002
1090,BJ0703,1.42068,9.89527,69.92,FALSE,2.002
1091,BJ0703,1.42081,9.86815,69.92,FALSE,2.002
1092,BJ0703,1.42094,9.84103,69.92,FALSE,2.002
1094,BJ0703,1.42107,9.8139,69.92,FALSE,2.002
1096,BJ0703,1.42119,9.78678,69.92,FALSE,2.002
1098,BJ0703,1.42132,9.75966,69.92,FALSE,2.002
1180,BJ0703,1.44765,9.97677,69.92,FALSE,2.002
1181,BJ0703,1.44778,9.94965,69.92,FALSE,2.002
1182,BJ0703,1.44791,9.92252,69.92,FALSE,2.002
1183,BJ0703,1.44803,9.8954,69.92,FALSE,2.002
1184,BJ0703,1.44816,9.86828,69.92,FALSE,2.002
1185,BJ0703,1.44829,9.84115,69.92,FALSE,2.002
1186,BJ0703,1.44841,9.81403,69.92,FALSE,2.002
1187,BJ0703,1.44854,9.78691,69.92,FALSE,2.002
1189,BJ0703,1.44867,9.75978,69.92,FALSE,2.002
1192,BJ0703,1.44879,9.73266,69.92,FALSE,2.002
1273,BJ0703,1.47501,9.9769,69.92,FALSE,2.002
1274,BJ0703,1.47514,9.94977,69.92,FALSE,2.002
1275,BJ0703,1.47526,9.92265,69.92,FALSE,2.002
1276,BJ0703,1.47539,9.89553,69.92,FALSE,2.002
1277,BJ0703,1.47551,9.8684,69.92,FALSE,2.002
1278,BJ0703,1.47564,9.84128,69.92,FALSE,2.002
1279,BJ0703,1.47576,9.81415,69.92,FALSE,2.002
1280,BJ0703,1.47589,9.78703,69.92,FALSE,2.002
1281,BJ0703,1.47601,9.7599,69.92,FALSE,2.002
1284,BJ0703,1.47613,9.73278,69.92,FALSE,2.002
1373,BJ0703,1.50237,9.97702,69.92,FALSE,2.002
1375,BJ0703,1.5025,9.9499,69.92,FALSE,2.002
1376,BJ0703,1.50262,9.92277,69.92,FALSE,2.002
1377,BJ0703,1.50274,9.89565,69.92,FALSE,2.002
1378,BJ0703,1.50287,9.86852,69.92,FALSE,2.002
1379,BJ0703,1.50299,9.8414,69.92,FALSE,2.002
1380,BJ0703,1.50311,9.81428,69.92,FALSE,2.002
1381,BJ0703,1.50323,9.78715,69.92,FALSE,2.002
1383,BJ0703,1.50335,9.76003,69.92,FALSE,2.002
1385,BJ0703,1.50347,9.7329,69.92,FALSE,2.002
1473,BJ0703,1.52986,9.95002,69.92,FALSE,2.002
1474,BJ0703,1.52998,9.92289,69.92,FALSE,2.002
1475,BJ0703,1.5301,9.89577,69.92,FALSE,2.002
1476,BJ0703,1.53022,9.86865,69.92,FALSE,2.002
1477,BJ0703,1.53034,9.84152,69.92,FALSE,2.002
1478,BJ0703,1.53046,9.8144,69.92,FALSE,2.002
1479,BJ0703,1.53058,9.78727,69.92,FALSE,2.002
1481,BJ0703,1.5307,9.76014,69.92,FALSE,2.002
1483,BJ0703,1.53082,9.73302,69.92,FALSE,2.002
1584,BJ0703,1.55722,9.95014,69.92,FALSE,2.002
1585,BJ0703,1.55734,9.92301,69.92,FALSE,2.002
1586,BJ0703,1.55745,9.89589,69.92,FALSE,2.002
1587,BJ0703,1.55757,9.86876,69.92,FALSE,2.002
1588,BJ0703,1.55769,9.84164,69.92,FALSE,2.002
1589,BJ0703,1.55781,9.81451,69.92,FALSE,2.002
1590,BJ0703,1.55793,9.78739,69.92,FALSE,2.002
1591,BJ0703,1.55804,9.76026,69.92,FALSE,2.002
1593,BJ0703,1.55816,9.73314,69.92,FALSE,2.002
1595,BJ0703,1.55827,9.70601,69.92,FALSE,2.002
1697,BJ0703,1.58458,9.95026,69.92,FALSE,2.002
1698,BJ0703,1.58469,9.92313,69.92,FALSE,2.002
1699,BJ0703,1.58481,9.896,69.92,FALSE,2.002
1700,BJ0703,1.58493,9.86888,69.92,FALSE,2.002
1701,BJ0703,1.58504,9.84175,69.92,FALSE,2.002
1702,BJ0703,1.58516,9.81463,69.92,FALSE,2.002
1703,BJ0703,1.58527,9.7875,69.92,FALSE,2.002
1705,BJ0703,1.58539,9.76038,69.92,FALSE,2.002
1707,BJ0703,1.5855,9.73325,69.92,FALSE,2.002
1709,BJ0703,1.58562,9.70612,69.92,FALSE,2.002
1817,BJ0703,1.61194,9.95037,69.92,FALSE,2.002
1818,BJ0703,1.61205,9.92324,69.92,FALSE,2.002
1819,BJ0703,1.61217,9.89612,69.92,FALSE,2.002
1820,BJ0703,1.61228,9.86899,69.92,FALSE,2.002
1821,BJ0703,1.61239,9.84187,69.92,FALSE,2.002
1822,BJ0703,1.61251,9.81474,69.92,FALSE,2.002
1824,BJ0703,1.61262,9.78761,69.92,FALSE,2.002
1826,BJ0703,1.61273,9.76049,69.92,FALSE,2.002
1973,BJ0703,1.6393,9.95048,69.92,FALSE,2.002
1974,BJ0703,1.63941,9.92336,69.92,FALSE,2.002
1975,BJ0703,1.63952,9.89623,69.92,FALSE,2.002
1976,BJ0703,1.63964,9.8691,69.92,FALSE,2.002
1977,BJ0703,1.63975,9.84198,69.92,FALSE,2.002
1978,BJ0703,1.63986,9.81485,69.92,FALSE,2.002
1980,BJ0703,1.63997,9.78773,69.92,FALSE,2.002
2169,BJ0703,1.66655,9.97772,69.92,FALSE,2.002
2171,BJ0703,1.66666,9.95059,69.92,FALSE,2.002
2172,BJ0703,1.66677,9.92347,69.92,FALSE,2.002
2173,BJ0703,1.66688,9.89634,69.92,FALSE,2.002
2174,BJ0703,1.66699,9.86921,69.92,FALSE,2.002
2175,BJ0703,1.6671,9.84209,69.92,FALSE,2.002
2177,BJ0703,1.66721,9.81496,69.92,FALSE,2.002
2179,BJ0703,1.66732,9.78783,69.92,FALSE,2.002
2374,BJ0703,1.69381,10.00495,69.92,FALSE,2.002
2376,BJ0703,1.69392,9.97783,69.92,FALSE,2.002
2377,BJ0703,1.69402,9.9507,69.92,FALSE,2.002
2378,BJ0703,1.69413,9.92357,69.92,FALSE,2.002
2379,BJ0703,1.69424,9.89645,69.92,FALSE,2.002
2380,BJ0703,1.69435,9.86932,69.92,FALSE,2.002
2382,BJ0703,1.69445,9.84219,69.92,FALSE,2.002
2384,BJ0703,1.69456,9.81507,69.92,FALSE,2.002
2578,BJ0703,1.72107,10.03219,69.92,FALSE,2.002
2580,BJ0703,1.72117,10.00506,69.92,FALSE,2.002
2581,BJ0703,1.72128,9.97793,69.92,FALSE,2.002
2582,BJ0703,1.72139,9.95081,69.92,FALSE,2.002
2583,BJ0703,1.72149,9.92368,69.92,FALSE,2.002
2584,BJ0703,1.7216,9.89655,69.92,FALSE,2.002
2586,BJ0703,1.7217,9.86943,69.92,FALSE,2.002
2588,BJ0703,1.72181,9.8423,69.92,FALSE,2.002
2794,BJ0703,1.74844,10.03229,69.92,FALSE,2.002
2796,BJ0703,1.74854,10.00516,69.92,FALSE,2.002
2798,BJ0703,1.74864,9.97804,69.92,FALSE,2.002
2800,BJ0703,1.74875,9.95091,69.92,FALSE,2.002
2802,BJ0703,1.74885,9.92378,69.92,FALSE,2.002
2804,BJ0703,1.74895,9.89666,69.92,FALSE,2.002
2806,BJ0703,1.74906,9.86953,69.92,FALSE,2.002
854,BJ0704,1.34023,9.56941,64.68,FALSE,-3.237
855,BJ0704,1.34036,9.54228,64.68,FALSE,-3.237
856,BJ0704,1.34049,9.51516,64.68,FALSE,-3.237
923,BJ0704,1.36624,9.84077,64.68,FALSE,-3.237
925,BJ0704,1.36637,9.81364,64.68,FALSE,-3.237
926,BJ0704,1.3665,9.78652,64.68,FALSE,-3.237
927,BJ0704,1.36664,9.7594,64.68,FALSE,-3.237
928,BJ0704,1.36677,9.73227,64.68,FALSE,-3.237
929,BJ0704,1.3669,9.70515,64.68,FALSE,-3.237
930,BJ0704,1.36703,9.67803,64.68,FALSE,-3.237
931,BJ0704,1.36716,9.65091,64.68,FALSE,-3.237
932,BJ0704,1.36729,9.62378,64.68,FALSE,-3.237
933,BJ0704,1.36742,9.59666,64.68,FALSE,-3.237
934,BJ0704,1.36755,9.56954,64.68,FALSE,-3.237
935,BJ0704,1.36768,9.54241,64.68,FALSE,-3.237
936,BJ0704,1.36781,9.51529,64.68,FALSE,-3.237
937,BJ0704,1.36794,9.48817,64.68,FALSE,-3.237
1004,BJ0704,1.39359,9.8409,64.68,FALSE,-3.237
1006,BJ0704,1.39372,9.81377,64.68,FALSE,-3.237
1008,BJ0704,1.39385,9.78665,64.68,FALSE,-3.237
1009,BJ0704,1.39398,9.75953,64.68,FALSE,-3.237
1010,BJ0704,1.39411,9.7324,64.68,FALSE,-3.237
1011,BJ0704,1.39424,9.70528,64.68,FALSE,-3.237
1012,BJ0704,1.39437,9.67816,64.68,FALSE,-3.237
1013,BJ0704,1.3945,9.65103,64.68,FALSE,-3.237
1014,BJ0704,1.39462,9.62391,64.68,FALSE,-3.237
1015,BJ0704,1.39475,9.59679,64.68,FALSE,-3.237
1016,BJ0704,1.39488,9.56966,64.68,FALSE,-3.237
1017,BJ0704,1.39501,9.54254,64.68,FALSE,-3.237
1018,BJ0704,1.39513,9.51542,64.68,FALSE,-3.237
1019,BJ0704,1.39526,9.48829,64.68,FALSE,-3.237
1020,BJ0704,1.39539,9.46117,64.68,FALSE,-3.237
1021,BJ0704,1.39551,9.43404,64.68,FALSE,-3.237
1023,BJ0704,1.39564,9.40692,64.68,FALSE,-3.237
1093,BJ0704,1.42107,9.8139,64.68,FALSE,-3.237
1095,BJ0704,1.42119,9.78678,64.68,FALSE,-3.237
1097,BJ0704,1.42132,9.75966,64.68,FALSE,-3.237
1099,BJ0704,1.42145,9.73253,64.68,FALSE,-3.237
1100,BJ0704,1.42158,9.70541,64.68,FALSE,-3.237
1101,BJ0704,1.4217,9.67828,64.68,FALSE,-3.237
1102,BJ0704,1.42183,9.65116,64.68,FALSE,-3.237
1103,BJ0704,1.42196,9.62404,64.68,FALSE,-3.237
1104,BJ0704,1.42208,9.59691,64.68,FALSE,-3.237
1105,BJ0704,1.42221,9.56979,64.68,FALSE,-3.237
1106,BJ0704,1.42233,9.54266,64.68,FALSE,-3.237
1107,BJ0704,1.42246,9.51554,64.68,FALSE,-3.237
1108,BJ0704,1.42258,9.48842,64.68,FALSE,-3.237
1109,BJ0704,1.4227,9.46129,64.43,FALSE,-3.237
1110,BJ0704,1.42283,9.43417,64.17,FALSE,-3.237
1112,BJ0704,1.42295,9.40704,58.63,FALSE,-3.237
1114,BJ0704,1.42307,9.37992,59.64,FALSE,-3.237
1188,BJ0704,1.44867,9.75978,64.68,FALSE,-3.237
1191,BJ0704,1.44879,9.73266,64.68,FALSE,-3.237
1193,BJ0704,1.44892,9.70553,64.68,FALSE,-3.237
1194,BJ0704,1.44904,9.67841,64.68,FALSE,-3.237
1195,BJ0704,1.44916,9.65128,64.68,FALSE,-3.237
1196,BJ0704,1.44929,9.62416,64.68,FALSE,-3.237
1197,BJ0704,1.44941,9.59704,64.68,FALSE,-3.237
1198,BJ0704,1.44954,9.56991,64.68,FALSE,-3.237
1199,BJ0704,1.44966,9.54279,64.68,FALSE,-3.237
1200,BJ0704,1.44978,9.51566,64.68,FALSE,-3.237
1201,BJ0704,1.4499,9.48854,64.42,FALSE,-3.237
1202,BJ0704,1.45002,9.46141,64.68,FALSE,-3.237
1203,BJ0704,1.45015,9.43429,61.32,FALSE,-3.237
1205,BJ0704,1.45027,9.40716,56.52,FALSE,-3.237
1207,BJ0704,1.45039,9.38004,54.61,FALSE,-3.237
1283,BJ0704,1.47613,9.73278,64.68,FALSE,-3.237
1286,BJ0704,1.47625,9.70566,64.68,FALSE,-3.237
1288,BJ0704,1.47638,9.67853,64.68,FALSE,-3.237
1290,BJ0704,1.4765,9.65141,64.68,FALSE,-3.237
1291,BJ0704,1.47662,9.62428,64.68,FALSE,-3.237
1292,BJ0704,1.47674,9.59716,64.68,FALSE,-3.237
1293,BJ0704,1.47686,9.57003,64.68,FALSE,-3.237
1294,BJ0704,1.47698,9.54291,64.68,FALSE,-3.237
1295,BJ0704,1.4771,9.51578,64.68,FALSE,-3.237
1296,BJ0704,1.47722,9.48866,64.68,FALSE,-3.237
1297,BJ0704,1.47734,9.46153,64.68,FALSE,-3.237
1299,BJ0704,1.47746,9.43441,61.32,FALSE,-3.237
1301,BJ0704,1.47758,9.40728,57.96,FALSE,-3.237
1389,BJ0704,1.50383,9.65153,64.68,FALSE,-3.237
1391,BJ0704,1.50395,9.6244,64.68,FALSE,-3.237
1393,BJ0704,1.50407,9.59728,64.68,FALSE,-3.237
1394,BJ0704,1.50419,9.57015,64.68,FALSE,-3.237
1395,BJ0704,1.50431,9.54303,64.68,FALSE,-3.237
1396,BJ0704,1.50443,9.5159,64.68,FALSE,-3.237
1397,BJ0704,1.50455,9.48878,63.76,FALSE,-3.237
1399,BJ0704,1.50466,9.46165,64.68,FALSE,-3.237
1401,BJ0704,1.50478,9.43453,54.61,FALSE,-3.237
1489,BJ0704,1.5314,9.59739,64.68,FALSE,-3.237
1490,BJ0704,1.53152,9.57027,64.68,FALSE,-3.237
1492,BJ0704,1.53164,9.54314,64.68,FALSE,-3.237
1494,BJ0704,1.53175,9.51602,64.68,FALSE,-3.237
1496,BJ0704,1.53187,9.48889,63.36,FALSE,-3.237
1499,BJ0704,1.53198,9.46177,64.68,FALSE,-3.237
1600,BJ0704,1.55874,9.59751,64.68,FALSE,-3.237
1602,BJ0704,1.55885,9.57038,64.68,FALSE,-3.237
1604,BJ0704,1.55896,9.54326,64.68,FALSE,-3.237
1714,BJ0704,1.58607,9.59762,64.68,FALSE,-3.237
1716,BJ0704,1.58618,9.57049,64.68,FALSE,-3.237
1750,BJ0901,1.5963,6.66778,94,FALSE,3.415
1752,BJ0901,1.59638,6.64065,83.88,FALSE,3.415
1753,BJ0901,1.59645,6.61352,71.29,FALSE,3.415
1900,BJ0901,1.62343,6.66785,100.4,TRUE,3.415
1902,BJ0901,1.62351,6.64072,98.02,FALSE,3.415
1903,BJ0901,1.62358,6.61359,90.87,FALSE,3.415
1904,BJ0901,1.62366,6.58646,77.41,FALSE,3.415
2104,BJ0901,1.65057,6.66793,98.9,FALSE,3.415
2106,BJ0901,1.65064,6.6408,99.92,FALSE,3.415
2107,BJ0901,1.65072,6.61367,95.83,FALSE,3.415
2108,BJ0901,1.65079,6.58654,91.34,FALSE,3.415
2306,BJ0901,1.6777,6.668,97.06,FALSE,3.415
2308,BJ0901,1.67778,6.64087,101.35,TRUE,3.415
2310,BJ0901,1.67785,6.61374,96.35,FALSE,3.415
2312,BJ0901,1.67792,6.58661,89.68,FALSE,3.415
2313,BJ0901,1.67799,6.55948,81.58,FALSE,3.415
2514,BJ0901,1.70498,6.61381,90.32,FALSE,3.415
2516,BJ0901,1.70505,6.58668,97.78,FALSE,3.415
2517,BJ0901,1.70512,6.55955,93.39,FALSE,3.415
2518,BJ0901,1.70519,6.53242,85.63,FALSE,3.415
2519,BJ0901,1.70526,6.50529,81.54,FALSE,3.415
2725,BJ0901,1.73211,6.61388,99.21,FALSE,3.415
2727,BJ0901,1.73218,6.58675,100.52,TRUE,3.415
2728,BJ0901,1.73225,6.55962,94.2,FALSE,3.415
2729,BJ0901,1.73232,6.53249,86.34,FALSE,3.415
2730,BJ0901,1.73239,6.50536,96.73,FALSE,3.415
2731,BJ0901,1.7324600000000001,6.47822,89.82,FALSE,3.415
2947,BJ0901,1.75925,6.61395,79.29,FALSE,3.415
2950,BJ0901,1.75932,6.58682,84.2,FALSE,3.415
2952,BJ0901,1.75938,6.55969,92.77,FALSE,3.415
2954,BJ0901,1.75945,6.53255,94.92,FALSE,3.415
2956,BJ0901,1.75952,6.50542,95.23,FALSE,3.415
2957,BJ0901,1.75958,6.47829,96.85,FALSE,3.415
2958,BJ0901,1.75965,6.45116,83.11,FALSE,3.415
3163,BJ0901,1.78638,6.61402,88.41,FALSE,3.415
3167,BJ0901,1.78651,6.55975,93.49,FALSE,3.415
3169,BJ0901,1.78658,6.53262,97.18,FALSE,3.415
3171,BJ0901,1.78664,6.50549,97.78,FALSE,3.415
3173,BJ0901,1.78671,6.47836,101.35,TRUE,3.415
3176,BJ0901,1.78677,6.45122,93.72,FALSE,3.415
3385,BJ0902,1.81325,6.72261,85.8,FALSE,2.16
3387,BJ0902,1.81332,6.69548,98.43,FALSE,2.16
3389,BJ0902,1.81338,6.66835,99.43,FALSE,2.16
3613,BJ0902,1.84033,6.74981,97.24,FALSE,2.16
3615,BJ0902,1.84039,6.72268,99.49,FALSE,2.16
3617,BJ0902,1.84046,6.69554,100.1,TRUE,2.16
3618,BJ0902,1.84052,6.66841,100.1,TRUE,2.16
3620,BJ0902,1.84059,6.64128,99.26,FALSE,2.16
3844,BJ0902,1.86747,6.74987,100.1,TRUE,2.16
3846,BJ0902,1.86753,6.72274,97.24,FALSE,2.16
3847,BJ0902,1.8676,6.69561,97.6,FALSE,2.16
3848,BJ0902,1.86766,6.66848,95.81,FALSE,2.16
3849,BJ0902,1.86772,6.64134,94.26,FALSE,2.16
3851,BJ0902,1.86778,6.61421,98.87,FALSE,2.16
4068,BJ0902,1.89455,6.77707,98.26,FALSE,2.16
4071,BJ0902,1.89461,6.74994,100.1,TRUE,2.16
4073,BJ0902,1.89467,6.7228,98.87,FALSE,2.16
4074,BJ0902,1.89474,6.69567,97.95,FALSE,2.16
4075,BJ0902,1.8948,6.66854,97.65,FALSE,2.16
4076,BJ0902,1.89486,6.6414,94.38,FALSE,2.16
4077,BJ0902,1.89492,6.61427,88.66,FALSE,2.16
4079,BJ0902,1.89498,6.58714,96.76,FALSE,2.16
4295,BJ0902,1.92169,6.77713,100.1,TRUE,2.16
4297,BJ0902,1.92175,6.75,98.43,FALSE,2.16
4298,BJ0902,1.92181,6.72286,94.38,FALSE,2.16
4299,BJ0902,1.92187,6.69573,95.93,FALSE,2.16
4300,BJ0902,1.92193,6.6686,100.1,TRUE,2.16
4301,BJ0902,1.92199,6.64146,100.1,TRUE,2.16
4302,BJ0902,1.92205,6.61433,97.95,FALSE,2.16
4303,BJ0902,1.92211,6.5872,100.1,TRUE,2.16
4305,BJ0902,1.92217,6.56006,97.03,FALSE,2.16
4516,BJ0902,1.94884,6.77719,100.1,TRUE,2.16
4518,BJ0902,1.9489,6.75006,100.1,TRUE,2.16
4519,BJ0902,1.94896,6.72292,99.49,FALSE,2.16
4520,BJ0902,1.94901,6.69579,99.38,FALSE,2.16
4521,BJ0902,1.94907,6.66866,98.87,FALSE,2.16
4522,BJ0902,1.94913,6.64152,99.38,FALSE,2.16
4523,BJ0902,1.94919,6.61439,99.49,FALSE,2.16
4524,BJ0902,1.94924,6.58725,91.09,FALSE,2.16
4525,BJ0902,1.9493,6.56012,98.67,FALSE,2.16
4527,BJ0902,1.94936,6.53299,82.58,FALSE,2.16
4529,BJ0902,1.94941,6.50585,75.33,FALSE,2.16
4753,BJ0902,1.97604,6.75011,100.1,TRUE,2.16
4754,BJ0902,1.9761,6.72298,100.1,TRUE,2.16
4755,BJ0902,1.97615,6.69585,98.43,FALSE,2.16
4756,BJ0902,1.97621,6.66871,98.67,FALSE,2.16
4758,BJ0902,1.97627,6.64158,94.26,FALSE,2.16
4761,BJ0902,1.97632,6.61444,80.8,FALSE,2.16
4763,BJ0902,1.97638,6.5873100000000004,69.79,FALSE,2.16
4765,BJ0902,1.97643,6.56018,70.79,FALSE,2.16
4767,BJ0902,1.97649,6.53304,70.57,FALSE,2.16
4769,BJ0902,1.97654,6.50591,70.07,FALSE,2.16
4772,BJ0902,1.9766,6.47877,70.32,FALSE,2.16
4977,BJ0902,2.00318,6.75017,100.1,TRUE,2.16
4979,BJ0902,2.00324,6.72304,100.1,TRUE,2.16
4981,BJ0902,2.00329,6.6959,97.95,FALSE,2.16
4983,BJ0902,2.00335,6.66877,88.46,FALSE,2.16
4985,BJ0902,2.0034,6.64163,95.09,FALSE,2.16
5204,BJ0902,2.03038,6.72309,100.1,TRUE,2.16
5206,BJ0902,2.03043,6.69596,100.1,TRUE,2.16
3401,BJ0903,1.8139,6.45129,111.19,TRUE,17.54
3404,BJ0903,1.81396,6.42415,114.52,TRUE,17.54
3406,BJ0903,1.81402,6.39702,110.57,TRUE,17.54
3628,BJ0903,1.84102,6.45135,100.59,TRUE,17.54
3630,BJ0903,1.84108,6.42422,102.13,TRUE,17.54
3632,BJ0903,1.84115,6.39708,103.8,TRUE,17.54
3634,BJ0903,1.84121,6.36995,112.83,TRUE,17.54
3857,BJ0903,1.86809,6.47854,101.9,TRUE,17.54
3859,BJ0903,1.86815,6.45141,94.64,FALSE,17.54
3861,BJ0903,1.86821,6.42428,89.74,FALSE,17.54
3862,BJ0903,1.86827,6.39714,89.74,FALSE,17.54
3863,BJ0903,1.86833,6.37001,102.61,TRUE,17.54
4084,BJ0903,1.89522,6.4786,96.3,FALSE,17.54
4086,BJ0903,1.89527,6.45147,98.32,FALSE,17.54
4087,BJ0903,1.89533,6.42434,98.8,FALSE,17.54
4088,BJ0903,1.89539,6.3972,96.89,FALSE,17.54
4089,BJ0903,1.89545,6.37007,99.91,FALSE,17.54
4308,BJ0903,1.92229,6.5058,105.67,TRUE,17.54
4310,BJ0903,1.92234,6.47866,96.18,FALSE,17.54
4312,BJ0903,1.9224,6.45153,89.29,FALSE,17.54
4313,BJ0903,1.92246,6.42439,85.45,FALSE,17.54
4314,BJ0903,1.92251,6.39726,92.82,FALSE,17.54
4315,BJ0903,1.92257,6.37013,90.63,FALSE,17.54
4530,BJ0903,1.94941,6.50585,90.71,FALSE,17.54
4532,BJ0903,1.94947,6.47872,85.45,FALSE,17.54
4534,BJ0903,1.94953,6.45158,85.45,FALSE,17.54
4536,BJ0903,1.94958,6.42445,84.89,FALSE,17.54
4538,BJ0903,1.94964,6.39732,94.17,FALSE,17.54
4540,BJ0903,1.94969,6.37018,90.69,FALSE,17.54
4544,BJ0903,1.94975,6.34305,76.93,FALSE,17.54
4770,BJ0903,1.97654,6.50591,85.45,FALSE,17.54
4773,BJ0903,1.9766,6.47877,85.7,FALSE,17.54
4775,BJ0903,1.97665,6.45164,94.83,FALSE,17.54
1905,BJ0904,1.62461,6.23376,79.8,FALSE,11.887
2109,BJ0904,1.65165,6.26097,79.8,FALSE,11.887
2110,BJ0904,1.65172,6.23383,79.8,FALSE,11.887
2314,BJ0904,1.67876,6.26103,79.8,FALSE,11.887
2315,BJ0904,1.67883,6.2339,79.8,FALSE,11.887
2520,BJ0904,1.70588,6.2611,79.8,FALSE,11.887
2732,BJ0904,1.73299,6.26117,79.32,FALSE,11.887
2959,BJ0904,1.75965,6.45116,91.58,FALSE,11.887
2960,BJ0904,1.75971,6.42403,79.45,FALSE,11.887
2961,BJ0904,1.75978,6.39689,74.74,FALSE,11.887
2962,BJ0904,1.75985,6.36976,70.88,FALSE,11.887
2963,BJ0904,1.76004,6.28837,69.73,FALSE,11.887
2964,BJ0904,1.7601,6.26123,79.41,FALSE,11.887
3175,BJ0904,1.78671,6.47836,109.83,TRUE,11.887
3177,BJ0904,1.78677,6.45122,102.19,TRUE,11.887
3178,BJ0904,1.78684,6.42409,88.6,FALSE,11.887
3179,BJ0904,1.7869,6.39696,86.83,FALSE,11.887
3180,BJ0904,1.78697,6.36983,74.96,FALSE,11.887
3181,BJ0904,1.78703,6.34269,69.73,FALSE,11.887
3182,BJ0904,1.78709,6.31556,69.73,FALSE,11.887
3183,BJ0904,1.78716,6.28843,69.73,FALSE,11.887
3184,BJ0904,1.78722,6.2613,79.55,FALSE,11.887
3400,BJ0904,1.81383,6.47842,99.82,FALSE,11.887
3403,BJ0904,1.8139,6.45129,105.54,TRUE,11.887
3405,BJ0904,1.81396,6.42415,108.87,TRUE,11.887
3407,BJ0904,1.81402,6.39702,104.92,TRUE,11.887
3408,BJ0904,1.81409,6.36989,102.31,TRUE,11.887
3409,BJ0904,1.81415,6.34276,78.14,FALSE,11.887
3410,BJ0904,1.81421,6.31562,69.73,FALSE,11.887
3411,BJ0904,1.81427,6.28849,78.54,FALSE,11.887
3412,BJ0904,1.81433,6.26136,79.8,FALSE,11.887
3633,BJ0904,1.84115,6.39708,98.15,FALSE,11.887
3635,BJ0904,1.84121,6.36995,107.18,TRUE,11.887
3636,BJ0904,1.84127,6.34282,101.58,TRUE,11.887
3637,BJ0904,1.84133,6.31568,75.09,FALSE,11.887
3638,BJ0904,1.84139,6.28855,75.41,FALSE,11.887
3864,BJ0904,1.86833,6.37001,96.96,FALSE,11.887
3865,BJ0904,1.86839,6.34288,95.7,FALSE,11.887
3866,BJ0904,1.86845,6.31574,73.09,FALSE,11.887
3867,BJ0904,1.86851,6.28861,78.6,FALSE,11.887
4090,BJ0904,1.89545,6.37007,94.26,FALSE,11.887
4091,BJ0904,1.89551,6.34294,82.53,FALSE,11.887
4092,BJ0904,1.89557,6.3158,79.27,FALSE,11.887
4093,BJ0904,1.89562,6.28867,79.32,FALSE,11.887
4316,BJ0904,1.92257,6.37013,84.98,FALSE,11.887
4317,BJ0904,1.92263,6.34299,81.23,FALSE,11.887
4318,BJ0904,1.92268,6.31586,79.8,FALSE,11.887
4319,BJ0904,1.92274,6.28873,79.8,FALSE,11.887
4541,BJ0904,1.94969,6.37018,85.03,FALSE,11.887
4545,BJ0904,1.94975,6.34305,71.28,FALSE,11.887
4547,BJ0904,1.9498,6.31591,78.94,FALSE,11.887
4548,BJ0904,1.94986,6.28878,79.8,FALSE,11.887
4782,BJ0904,1.97692,6.31597,79.08,FALSE,11.887
4784,BJ0904,1.97698,6.28883,79.8,FALSE,11.887
2948,BJ0905,1.75925,6.61395,81.09,FALSE,5.21
2951,BJ0905,1.75932,6.58682,85.99,FALSE,5.21
2953,BJ0905,1.75938,6.55969,94.57,FALSE,5.21
2955,BJ0905,1.75945,6.53255,96.71,FALSE,5.21
3161,BJ0905,1.78631,6.64115,87.3,FALSE,5.21
3164,BJ0905,1.78638,6.61402,90.21,FALSE,5.21
3166,BJ0905,1.78645,6.58688,94.81,FALSE,5.21
3168,BJ0905,1.78651,6.55975,95.28,FALSE,5.21
3170,BJ0905,1.78658,6.53262,98.98,FALSE,5.21
3172,BJ0905,1.78664,6.50549,99.57,FALSE,5.21
3174,BJ0905,1.78671,6.47836,103.15,TRUE,5.21
3390,BJ0905,1.81338,6.66835,102.48,TRUE,5.21
3392,BJ0905,1.81345,6.64122,97.43,FALSE,5.21
3394,BJ0905,1.81351,6.61408,101.31,TRUE,5.21
3395,BJ0905,1.81358,6.58695,103.15,TRUE,5.21
3396,BJ0905,1.81364,6.55982,93.34,FALSE,5.21
3397,BJ0905,1.81371,6.53269,92.42,FALSE,5.21
3398,BJ0905,1.81377,6.50555,79.25,FALSE,5.21
3399,BJ0905,1.81383,6.47842,93.14,FALSE,5.21
3402,BJ0905,1.8139,6.45129,98.86,FALSE,5.21
3619,BJ0905,1.84052,6.66841,103.15,TRUE,5.21
3621,BJ0905,1.84059,6.64128,102.31,TRUE,5.21
3622,BJ0905,1.84065,6.61415,102.43,TRUE,5.21
3623,BJ0905,1.84071,6.58701,102.31,TRUE,5.21
3624,BJ0905,1.84077,6.55988,97.43,FALSE,5.21
3625,BJ0905,1.84084,6.53275,97.31,FALSE,5.21
3626,BJ0905,1.8409,6.50562,95.28,FALSE,5.21
3627,BJ0905,1.84096,6.47848,94.81,FALSE,5.21
3629,BJ0905,1.84102,6.45135,88.26,FALSE,5.21
3631,BJ0905,1.84108,6.42422,89.8,FALSE,5.21
3850,BJ0905,1.86772,6.64134,97.31,FALSE,5.21
3852,BJ0905,1.86778,6.61421,101.92,TRUE,5.21
3853,BJ0905,1.86784,6.58708,99.57,FALSE,5.21
3854,BJ0905,1.86791,6.55994,92.73,FALSE,5.21
3855,BJ0905,1.86797,6.53281,93.85,FALSE,5.21
3856,BJ0905,1.86803,6.50568,95.8,FALSE,5.21
3858,BJ0905,1.86809,6.47854,89.57,FALSE,5.21
3860,BJ0905,1.86815,6.45141,82.31,FALSE,5.21
4078,BJ0905,1.89492,6.61427,91.71,FALSE,5.21
4080,BJ0905,1.89498,6.58714,99.81,FALSE,5.21
4081,BJ0905,1.89504,6.56,97.43,FALSE,5.21
4082,BJ0905,1.8951,6.53287,99.81,FALSE,5.21
4083,BJ0905,1.89516,6.50574,82.42,FALSE,5.21
4085,BJ0905,1.89522,6.4786,83.97,FALSE,5.21
4304,BJ0905,1.92211,6.5872,103.15,TRUE,5.21
4306,BJ0905,1.92217,6.56006,100.08,TRUE,5.21
4307,BJ0905,1.92223,6.53293,98.14,FALSE,5.21
4309,BJ0905,1.92229,6.5058,93.34,FALSE,5.21
4311,BJ0905,1.92234,6.47866,83.85,FALSE,5.21
4526,BJ0905,1.9493,6.56012,101.72,TRUE,5.21
4528,BJ0905,1.94936,6.53299,85.63,FALSE,5.21
4531,BJ0905,1.94941,6.50585,78.38,FALSE,5.21
1627,BJ0906,1.56909,6.69483,77.54,FALSE,-1.939
1747,BJ0906,1.59614,6.72204,88.33,FALSE,-1.939
1749,BJ0906,1.59622,6.69491,89.08,FALSE,-1.939
1751,BJ0906,1.5963,6.66778,88.65,FALSE,-1.939
1897,BJ0906,1.62328,6.72211,94.57,FALSE,-1.939
1899,BJ0906,1.62336,6.69498,96,FALSE,-1.939
1901,BJ0906,1.62343,6.66785,95.04,FALSE,-1.939
2101,BJ0906,1.65042,6.72219,94.16,FALSE,-1.939
2103,BJ0906,1.65049,6.69506,96,FALSE,-1.939
2105,BJ0906,1.65057,6.66793,93.55,FALSE,-1.939
2303,BJ0906,1.67756,6.72226,88.85,FALSE,-1.939
2305,BJ0906,1.67763,6.69513,92.66,FALSE,-1.939
2307,BJ0906,1.6777,6.668,91.71,FALSE,-1.939
2309,BJ0906,1.67778,6.64087,96,FALSE,-1.939
2311,BJ0906,1.67785,6.61374,91,FALSE,-1.939
2509,BJ0906,1.7047,6.72234,83.33,FALSE,-1.939
2511,BJ0906,1.70477,6.69521,88.14,FALSE,-1.939
2512,BJ0906,1.70484,6.66807,74.96,FALSE,-1.939
2513,BJ0906,1.70491,6.64094,73.84,FALSE,-1.939
2515,BJ0906,1.70498,6.61381,84.97,FALSE,-1.939
2720,BJ0906,1.73184,6.72241,94.57,FALSE,-1.939
2722,BJ0906,1.73191,6.69528,95.17,FALSE,-1.939
2723,BJ0906,1.73198,6.66815,83.85,FALSE,-1.939
2724,BJ0906,1.73205,6.64101,76.82,FALSE,-1.939
2726,BJ0906,1.73211,6.61388,93.85,FALSE,-1.939
2940,BJ0906,1.75891,6.74961,85.99,FALSE,-1.939
2942,BJ0906,1.75897,6.72248,85.28,FALSE,-1.939
2944,BJ0906,1.75904,6.69535,88.85,FALSE,-1.939
2945,BJ0906,1.75911,6.66821,88.03,FALSE,-1.939
2946,BJ0906,1.75918,6.64108,93.14,FALSE,-1.939
2949,BJ0906,1.75925,6.61395,73.94,FALSE,-1.939
3156,BJ0906,1.78605,6.74968,90.28,FALSE,-1.939
3158,BJ0906,1.78611,6.72255,84.36,FALSE,-1.939
3159,BJ0906,1.78618,6.69541,80.99,FALSE,-1.939
3160,BJ0906,1.78625,6.66828,85.28,FALSE,-1.939
3162,BJ0906,1.78631,6.64115,80.15,FALSE,-1.939
3165,BJ0906,1.78638,6.61402,83.06,FALSE,-1.939
3381,BJ0906,1.81312,6.77688,96,FALSE,-1.939
3383,BJ0906,1.81319,6.74974,93.5,FALSE,-1.939
3386,BJ0906,1.81325,6.72261,81.7,FALSE,-1.939
3388,BJ0906,1.81332,6.69548,94.33,FALSE,-1.939
3391,BJ0906,1.81338,6.66835,95.33,FALSE,-1.939
3393,BJ0906,1.81345,6.64122,90.28,FALSE,-1.939
3611,BJ0906,1.84026,6.77694,96,FALSE,-1.939
3614,BJ0906,1.84033,6.74981,93.14,FALSE,-1.939
3616,BJ0906,1.84039,6.72268,95.39,FALSE,-1.939
3842,BJ0906,1.86741,6.77701,96,FALSE,-1.939
3845,BJ0906,1.86747,6.74987,96,FALSE,-1.939
4069,BJ0906,1.89455,6.77707,94.16,FALSE,-1.939
4072,BJ0906,1.89461,6.74994,96,FALSE,-1.939
9632,BJ1002,2.51888,6.80523,73.15,FALSE,15.304
9634,BJ1002,2.51891,6.77809,73.15,FALSE,15.304
9636,BJ1002,2.51893,6.75095,73.15,FALSE,15.304
9637,BJ1002,2.51896,6.72381,98.51,FALSE,15.304
9638,BJ1002,2.51899,6.69668,113.24,TRUE,15.304
9639,BJ1002,2.51901,6.66954,113.24,TRUE,15.304
9640,BJ1002,2.51904,6.6424,112.53,TRUE,15.304
9641,BJ1002,2.51907,6.61527,97.6,FALSE,15.304
9897,BJ1002,2.54603,6.80525,73.15,FALSE,15.304
9899,BJ1002,2.54606,6.77812,75.06,FALSE,15.304
9900,BJ1002,2.54608,6.75098,78.87,FALSE,15.304
9901,BJ1002,2.54611,6.72384,97.97,FALSE,15.304
9902,BJ1002,2.54613,6.6967,109.9,TRUE,15.304
9903,BJ1002,2.54616,6.66957,113.24,TRUE,15.304
9904,BJ1002,2.54618,6.64243,112.41,TRUE,15.304
9906,BJ1002,2.54621,6.61529,110.38,TRUE,15.304
10140,BJ1002,2.57318,6.80528,76.97,FALSE,15.304
10143,BJ1002,2.5732,6.77814,77.7,FALSE,15.304
10145,BJ1002,2.57323,6.751,90.33,FALSE,15.304
10147,BJ1002,2.57325,6.72386,102.81,TRUE,15.304
10149,BJ1002,2.57327,6.69673,110.62,TRUE,15.304
10151,BJ1002,2.5733,6.66959,112.42,TRUE,15.304
10153,BJ1002,2.57332,6.64245,113.24,TRUE,15.304
8592,BJ1002,2.41028,6.80511,97.6,FALSE,15.304
8595,BJ1002,2.41032,6.77797,106.56,TRUE,15.304
8597,BJ1002,2.41035,6.75083,108,TRUE,15.304
8599,BJ1002,2.41038,6.7237,106.91,TRUE,15.304
8601,BJ1002,2.41042,6.69656,98.84,FALSE,15.304
8603,BJ1002,2.41045,6.66942,102.82,TRUE,15.304
8605,BJ1002,2.41048,6.64229,111.81,TRUE,15.304
8856,BJ1002,2.43743,6.80514,73.15,FALSE,15.304
8858,BJ1002,2.43747,6.778,81.98,FALSE,15.304
8860,BJ1002,2.4375,6.75086,97.1,FALSE,15.304
8862,BJ1002,2.43753,6.72373,103.94,TRUE,15.304
8863,BJ1002,2.43756,6.69659,95.73,FALSE,15.304
8864,BJ1002,2.43759,6.66945,86.08,FALSE,15.304
8865,BJ1002,2.43762,6.64232,85.72,FALSE,15.304
8867,BJ1002,2.43765,6.61518,99.66,FALSE,15.304
9112,BJ1002,2.46458,6.80517,73.15,FALSE,15.304
9114,BJ1002,2.46461,6.77803,86.2,FALSE,15.304
9115,BJ1002,2.46464,6.7509,89.54,FALSE,15.304
9116,BJ1002,2.46467,6.72376,89.47,FALSE,15.304
9117,BJ1002,2.4647,6.69662,87.51,FALSE,15.304
9118,BJ1002,2.46473,6.66948,83.83,FALSE,15.304
9119,BJ1002,2.46476,6.64235,83.22,FALSE,15.304
9120,BJ1002,2.46479,6.61521,85.05,FALSE,15.304
9372,BJ1002,2.49173,6.8052,73.15,FALSE,15.304
9374,BJ1002,2.49176,6.77806,75.51,FALSE,15.304
9376,BJ1002,2.49179,6.75092,92.62,FALSE,15.304
9377,BJ1002,2.49182,6.72379,103.22,TRUE,15.304
9378,BJ1002,2.49185,6.69665,110.74,TRUE,15.304
9379,BJ1002,2.49187,6.66951,97.27,FALSE,15.304
9380,BJ1002,2.4919,6.64238,87.39,FALSE,15.304
9381,BJ1002,2.49193,6.61524,83.22,FALSE,15.304
9645,BJ1003,2.51912,6.56099,91.43,FALSE,23.516
9647,BJ1003,2.51915,6.53385,91.43,FALSE,23.516
9648,BJ1003,2.51917,6.50672,92.08,FALSE,23.516
9649,BJ1003,2.5192,6.47958,90.09,FALSE,23.516
9650,BJ1003,2.51922,6.45244,91.43,FALSE,23.516
9911,BJ1003,2.54628,6.53388,103.94,TRUE,23.516
9913,BJ1003,2.5463,6.50674,95.82,FALSE,23.516
9915,BJ1003,2.54633,6.4796,91.43,FALSE,23.516
9916,BJ1003,2.54635,6.45247,91.43,FALSE,23.516
9917,BJ1003,2.54638,6.42533,91.7,FALSE,23.516
10165,BJ1003,2.57344,6.50676,109.95,TRUE,23.516
10168,BJ1003,2.57346,6.47963,92.86,FALSE,23.516
10170,BJ1003,2.57348,6.45249,93.57,FALSE,23.516
10172,BJ1003,2.57351,6.42535,99.77,FALSE,23.516
10415,BJ1003,2.60059,6.47965,92.86,FALSE,23.516
10417,BJ1003,2.60061,6.45251,97.43,FALSE,23.516
9386,BJ1003,2.49201,6.53383,91.43,FALSE,23.516
9389,BJ1003,2.49204,6.50669,94.86,FALSE,23.516
9391,BJ1003,2.49207,6.47955,91.43,FALSE,23.516
9912,BJ1004,2.54628,6.53388,94.31,FALSE,13.884
9914,BJ1004,2.5463,6.50674,86.19,FALSE,13.884
10156,BJ1004,2.57332,6.64245,111.82,TRUE,13.884
10158,BJ1004,2.57335,6.61531,102.21,TRUE,13.884
10160,BJ1004,2.57337,6.58818,89.7,FALSE,13.884
10162,BJ1004,2.57339,6.56104,83.37,FALSE,13.884
10164,BJ1004,2.57341,6.5339,85.53,FALSE,13.884
10166,BJ1004,2.57344,6.50676,100.32,TRUE,13.884
10404,BJ1004,2.60046,6.64247,102.1,TRUE,13.884
10405,BJ1004,2.60048,6.61534,96.66,FALSE,13.884
10407,BJ1004,2.60051,6.5882,106.81,TRUE,13.884
10409,BJ1004,2.60053,6.56106,83.71,FALSE,13.884
10411,BJ1004,2.60055,6.53392,80.68,FALSE,13.884
10413,BJ1004,2.60057,6.50679,81.8,FALSE,13.884
10663,BJ1004,2.6276,6.6425,77.6,FALSE,13.884
10666,BJ1004,2.62762,6.61536,75.46,FALSE,13.884
10668,BJ1004,2.62764,6.58822,83.61,FALSE,13.884
10670,BJ1004,2.62766,6.56108,97.42,FALSE,13.884
10672,BJ1004,2.62768,6.53395,77.48,FALSE,13.884
10406,BJ1005,2.60051,6.5882,105.6,TRUE,12.674
10408,BJ1005,2.60053,6.56106,82.5,FALSE,12.674
10410,BJ1005,2.60055,6.53392,79.47,FALSE,12.674
10664,BJ1005,2.62762,6.61536,74.25,FALSE,12.674
10667,BJ1005,2.62764,6.58822,82.4,FALSE,12.674
10669,BJ1005,2.62766,6.56108,96.21,FALSE,12.674
10671,BJ1005,2.62768,6.53395,76.27,FALSE,12.674
10674,BJ1005,2.6277,6.50681,80.59,FALSE,12.674
10923,BJ1005,2.65476,6.61538,86.66,FALSE,12.674
10926,BJ1005,2.65478,6.58824,76.25,FALSE,12.674
10928,BJ1005,2.6548,6.5611,74.98,FALSE,12.674
10929,BJ1005,2.65482,6.53396,79.45,FALSE,12.674
10931,BJ1005,2.65484,6.50683,80.59,FALSE,12.674
11176,BJ1005,2.68192,6.58826,88.9,FALSE,12.674
11178,BJ1005,2.68194,6.56112,93.01,FALSE,12.674
11180,BJ1005,2.68195,6.53398,92.9,FALSE,12.674
11183,BJ1005,2.68197,6.50684,82.46,FALSE,12.674
11424,BJ1005,2.70909,6.534,100.04,TRUE,12.674
11426,BJ1005,2.7091,6.50686,102.49,TRUE,12.674
9621,BJ1006,2.51872,6.96805,108.7,TRUE,18.16
9624,BJ1006,2.51874,6.94091,112.76,TRUE,18.16
9626,BJ1006,2.51877,6.91377,100.8,TRUE,18.16
9628,BJ1006,2.5188,6.88664,83.8,FALSE,18.16
9630,BJ1006,2.51883,6.8595,76,FALSE,18.16
9631,BJ1006,2.51885,6.83236,76,FALSE,18.16
9633,BJ1006,2.51888,6.80523,76,FALSE,18.16
9635,BJ1006,2.51891,6.77809,76,FALSE,18.16
9890,BJ1006,2.54595,6.88666,105.6,TRUE,18.16
9892,BJ1006,2.54598,6.85953,94.21,FALSE,18.16
9895,BJ1006,2.546,6.83239,77.91,FALSE,18.16
9898,BJ1006,2.54603,6.80525,76,FALSE,18.16
10138,BJ1006,2.57316,6.83241,77.12,FALSE,18.16
10141,BJ1006,2.57318,6.80528,79.82,FALSE,18.16
8329,BJ1006,2.38296,6.94075,88.91,FALSE,18.16
8331,BJ1006,2.383,6.91362,90.09,FALSE,18.16
8578,BJ1006,2.4100799999999998,6.96793,85.11,FALSE,18.16
8582,BJ1006,2.41012,6.94079,82.84,FALSE,18.16
8584,BJ1006,2.41015,6.91365,76.52,FALSE,18.16
8586,BJ1006,2.41018,6.88652,78.58,FALSE,18.16
8588,BJ1006,2.41022,6.85938,82.98,FALSE,18.16
8590,BJ1006,2.41025,6.83224,92.78,FALSE,18.16
8593,BJ1006,2.41028,6.80511,100.45,TRUE,18.16
8847,BJ1006,2.43724,6.96796,93.07,FALSE,18.16
8849,BJ1006,2.43727,6.94082,78.58,FALSE,18.16
8850,BJ1006,2.43731,6.91369,76.35,FALSE,18.16
8851,BJ1006,2.43734,6.88655,76.78,FALSE,18.16
8852,BJ1006,2.43737,6.85941,76,FALSE,18.16
8854,BJ1006,2.4374,6.83227,78.82,FALSE,18.16
8857,BJ1006,2.43743,6.80514,76,FALSE,18.16
9105,BJ1006,2.4644,6.96799,88.54,FALSE,18.16
9107,BJ1006,2.46443,6.94085,78.52,FALSE,18.16
9108,BJ1006,2.46446,6.91372,76,FALSE,18.16
9109,BJ1006,2.46449,6.88658,76,FALSE,18.16
9110,BJ1006,2.46452,6.85944,76,FALSE,18.16
9111,BJ1006,2.46455,6.83231,79.84,FALSE,18.16
9113,BJ1006,2.46458,6.80517,76,FALSE,18.16
9363,BJ1006,2.49156,6.96802,85,FALSE,18.16
9365,BJ1006,2.49159,6.94088,86.5,FALSE,18.16
9367,BJ1006,2.49162,6.91375,80.36,FALSE,18.16
9369,BJ1006,2.49165,6.88661,76,FALSE,18.16
9370,BJ1006,2.49167,6.85947,76,FALSE,18.16
9371,BJ1006,2.4917,6.83234,76,FALSE,18.16
9373,BJ1006,2.49173,6.8052,76,FALSE,18.16
9375,BJ1006,2.49176,6.77806,78.36,FALSE,18.16
9642,BJ1007,2.51907,6.61527,99.16,FALSE,16.861
9643,BJ1007,2.51909,6.58813,85.49,FALSE,16.861
9644,BJ1007,2.51912,6.56099,84.77,FALSE,16.861
9646,BJ1007,2.51915,6.53385,84.77,FALSE,16.861
9905,BJ1007,2.54618,6.64243,113.96,TRUE,16.861
9907,BJ1007,2.54621,6.61529,111.94,TRUE,16.861
9908,BJ1007,2.54623,6.58815,104.2,TRUE,16.861
9909,BJ1007,2.54626,6.56102,103.36,TRUE,16.861
9910,BJ1007,2.54628,6.53388,97.28,FALSE,16.861
10154,BJ1007,2.57332,6.64245,114.8,TRUE,16.861
10157,BJ1007,2.57335,6.61531,105.19,TRUE,16.861
10159,BJ1007,2.57337,6.58818,92.68,FALSE,16.861
10161,BJ1007,2.57339,6.56104,86.35,FALSE,16.861
10163,BJ1007,2.57341,6.5339,88.51,FALSE,16.861
8606,BJ1007,2.41048,6.64229,113.37,TRUE,16.861
8609,BJ1007,2.41051,6.61515,98.25,FALSE,16.861
8612,BJ1007,2.41055,6.58801,88.35,FALSE,16.861
8866,BJ1007,2.43762,6.64232,87.28,FALSE,16.861
8868,BJ1007,2.43765,6.61518,101.22,TRUE,16.861
8869,BJ1007,2.43768,6.58804,85.61,FALSE,16.861
8871,BJ1007,2.43771,6.56091,95.5,FALSE,16.861
8873,BJ1007,2.43774,6.53377,98.84,FALSE,16.861
9121,BJ1007,2.46479,6.61521,86.61,FALSE,16.861
9122,BJ1007,2.46482,6.58807,84.77,FALSE,16.861
9123,BJ1007,2.46485,6.56094,87.84,FALSE,16.861
9124,BJ1007,2.46488,6.5338,92.49,FALSE,16.861
9382,BJ1007,2.49193,6.61524,84.77,FALSE,16.861
9383,BJ1007,2.49196,6.5881,84.77,FALSE,16.861
9384,BJ1007,2.49198,6.56096,84.77,FALSE,16.861
9385,BJ1007,2.49201,6.53383,84.77,FALSE,16.861
9388,BJ1007,2.49204,6.50669,88.2,FALSE,16.861
10167,BJ1008,2.57344,6.50676,101.96,TRUE,15.521
10169,BJ1008,2.57346,6.47963,84.86,FALSE,15.521
10412,BJ1008,2.60055,6.53392,82.31,FALSE,15.521
10414,BJ1008,2.60057,6.50679,83.43,FALSE,15.521
10416,BJ1008,2.60059,6.47965,84.86,FALSE,15.521
10418,BJ1008,2.60061,6.45251,89.43,FALSE,15.521
10673,BJ1008,2.62768,6.53395,79.12,FALSE,15.521
10676,BJ1008,2.6277,6.50681,83.43,FALSE,15.521
10677,BJ1008,2.62772,6.47967,83.43,FALSE,15.521
10678,BJ1008,2.62774,6.45253,90.71,FALSE,15.521
10933,BJ1008,2.65484,6.50683,83.43,FALSE,15.521
10935,BJ1008,2.65486,6.47969,90.94,FALSE,15.521
10937,BJ1008,2.65487,6.45255,94.65,FALSE,15.521
9651,BJ1009,2.51927,6.39817,60.16,FALSE,-4.675
9652,BJ1009,2.5193,6.37103,62.68,FALSE,-4.675
9918,BJ1009,2.54638,6.42533,63.51,FALSE,-4.675
9919,BJ1009,2.5464,6.39819,63.97,FALSE,-4.675
9920,BJ1009,2.54642,6.37105,62.97,FALSE,-4.675
10171,BJ1009,2.57348,6.45249,65.38,FALSE,-4.675
10173,BJ1009,2.57351,6.42535,71.58,FALSE,-4.675
10174,BJ1009,2.57353,6.39821,63.24,FALSE,-4.675
10175,BJ1009,2.57355,6.37108,63.24,FALSE,-4.675
10419,BJ1009,2.60061,6.45251,69.24,FALSE,-4.675
10420,BJ1009,2.60063,6.42537,74.39,FALSE,-4.675
10421,BJ1009,2.60066,6.39824,68.63,FALSE,-4.675
10422,BJ1009,2.60068,6.3711,63.24,FALSE,-4.675
10679,BJ1009,2.62774,6.45253,70.51,FALSE,-4.675
10680,BJ1009,2.62776,6.42539,74.68,FALSE,-4.675
10681,BJ1009,2.62778,6.39826,79.83,FALSE,-4.675
10682,BJ1009,2.6278,6.37112,63.24,FALSE,-4.675
10938,BJ1009,2.65487,6.45255,74.46,FALSE,-4.675
10940,BJ1009,2.65489,6.42541,79.36,FALSE,-4.675
10941,BJ1009,2.65491,6.39827,85.02,FALSE,-4.675
10942,BJ1009,2.65493,6.37114,62.46,FALSE,-4.675
11188,BJ1009,2.68202,6.42543,88.97,FALSE,-4.675
11189,BJ1009,2.68204,6.39829,83.01,FALSE,-4.675
11190,BJ1009,2.68206,6.37115,63.24,FALSE,-4.675
11432,BJ1009,2.70915,6.42545,90.76,FALSE,-4.675
11433,BJ1009,2.70917,6.39831,67.77,FALSE,-4.675
11434,BJ1009,2.70918,6.37117,63.24,FALSE,-4.675
8877,BJ1009,2.43789,6.39808,63.24,FALSE,-4.675
8879,BJ1009,2.43792,6.37095,63.24,FALSE,-4.675
9128,BJ1009,2.46502,6.39811,63,FALSE,-4.675
9130,BJ1009,2.46505,6.37097,63.24,FALSE,-4.675
9393,BJ1009,2.49215,6.39814,63.24,FALSE,-4.675
9395,BJ1009,2.49217,6.371,63.24,FALSE,-4.675
9608,BJ1101,2.51849,7.18514,54.67,FALSE,-9.022
9611,BJ1101,2.51852,7.15801,60.39,FALSE,-9.022
9614,BJ1101,2.51855,7.13087,76.05,FALSE,-9.022
9620,BJ1101,2.51869,6.99519,87.25,FALSE,-9.022
9623,BJ1101,2.51872,6.96805,81.52,FALSE,-9.022
9625,BJ1101,2.51874,6.94091,85.57,FALSE,-9.022
9627,BJ1101,2.51877,6.91377,73.62,FALSE,-9.022
9629,BJ1101,2.5188,6.88664,56.62,FALSE,-9.022
9872,BJ1101,2.54566,7.18517,52.35,FALSE,-9.022
9874,BJ1101,2.54569,7.15803,59.75,FALSE,-9.022
9876,BJ1101,2.54572,7.1309,63.18,FALSE,-9.022
9878,BJ1101,2.54574,7.10376,86.06,FALSE,-9.022
9880,BJ1101,2.54577,7.07662,85.24,FALSE,-9.022
9882,BJ1101,2.5458,7.04949,87.49,FALSE,-9.022
9884,BJ1101,2.54582,7.02235,82.79,FALSE,-9.022
9886,BJ1101,2.54585,6.99521,88.2,FALSE,-9.022
9887,BJ1101,2.54588,6.96808,88.92,FALSE,-9.022
9888,BJ1101,2.5459,6.94094,83.91,FALSE,-9.022
9889,BJ1101,2.54593,6.9138,88.92,FALSE,-9.022
9891,BJ1101,2.54595,6.88666,78.41,FALSE,-9.022
9894,BJ1101,2.54598,6.85953,67.03,FALSE,-9.022
10124,BJ1101,2.57283,7.1852,51.12,FALSE,-9.022
10125,BJ1101,2.57286,7.15806,57.38,FALSE,-9.022
10126,BJ1101,2.57289,7.13092,61.34,FALSE,-9.022
10127,BJ1101,2.57291,7.10379,73.9,FALSE,-9.022
10128,BJ1101,2.57294,7.07665,81.53,FALSE,-9.022
10129,BJ1101,2.57296,7.04951,87.25,FALSE,-9.022
10130,BJ1101,2.57299,7.02237,78.19,FALSE,-9.022
10131,BJ1101,2.57301,6.99524,86.97,FALSE,-9.022
10132,BJ1101,2.57303,6.9681,88.92,FALSE,-9.022
10133,BJ1101,2.57306,6.94096,88.92,FALSE,-9.022
10134,BJ1101,2.57308,6.91383,88.2,FALSE,-9.022
10135,BJ1101,2.57311,6.88669,86.69,FALSE,-9.022
10137,BJ1101,2.57313,6.85955,79.37,FALSE,-9.022
10378,BJ1101,2.60001,7.18522,48.82,FALSE,-9.022
10379,BJ1101,2.60003,7.15808,52.51,FALSE,-9.022
10381,BJ1101,2.60005,7.13095,59.93,FALSE,-9.022
10383,BJ1101,2.60008,7.10381,65.06,FALSE,-9.022
10385,BJ1101,2.6001,7.07667,68.44,FALSE,-9.022
10387,BJ1101,2.60012,7.04954,75.24,FALSE,-9.022
10388,BJ1101,2.60015,7.0224,78.46,FALSE,-9.022
10389,BJ1101,2.60017,6.99526,85.1,FALSE,-9.022
10390,BJ1101,2.60019,6.96812,86.46,FALSE,-9.022
10391,BJ1101,2.60022,6.94099,84.14,FALSE,-9.022
10392,BJ1101,2.60024,6.91385,88.92,FALSE,-9.022
10393,BJ1101,2.60026,6.88671,88.92,FALSE,-9.022
10395,BJ1101,2.60028,6.85958,87.28,FALSE,-9.022
10636,BJ1101,2.62718,7.18524,48.82,FALSE,-9.022
10638,BJ1101,2.6272,7.15811,49.54,FALSE,-9.022
10640,BJ1101,2.62722,7.13097,56.37,FALSE,-9.022
10644,BJ1101,2.62729,7.04956,55.29,FALSE,-9.022
10646,BJ1101,2.62731,7.02242,53.12,FALSE,-9.022
10648,BJ1101,2.62733,6.99528,61.07,FALSE,-9.022
10649,BJ1101,2.62735,6.96815,59.32,FALSE,-9.022
10650,BJ1101,2.62737,6.94101,66.64,FALSE,-9.022
10651,BJ1101,2.62739,6.91387,77.94,FALSE,-9.022
10652,BJ1101,2.62742,6.88673,84.74,FALSE,-9.022
10654,BJ1101,2.62744,6.8596,88.92,FALSE,-9.022
10903,BJ1101,2.65449,6.9953,51.47,FALSE,-9.022
10905,BJ1101,2.65451,6.96817,52.97,FALSE,-9.022
10907,BJ1101,2.65453,6.94103,64.1,FALSE,-9.022
10908,BJ1101,2.65455,6.91389,79.1,FALSE,-9.022
10909,BJ1101,2.65457,6.88675,88.92,FALSE,-9.022
10911,BJ1101,2.65459,6.85962,88.92,FALSE,-9.022
11159,BJ1101,2.68169,6.94105,48.82,FALSE,-9.022
11160,BJ1101,2.68171,6.9139099999999996,80.32,FALSE,-9.022
11162,BJ1101,2.68172,6.88677,88.92,FALSE,-9.022
11164,BJ1101,2.68174,6.85964,88.92,FALSE,-9.022
11405,BJ1101,2.70885,6.94107,71.73,FALSE,-9.022
11407,BJ1101,2.70886,6.91393,82.37,FALSE,-9.022
11409,BJ1101,2.70888,6.88679,87.96,FALSE,-9.022
11636,BJ1101,2.736,6.94108,85.85,FALSE,-9.022
11638,BJ1101,2.73602,6.91394,88.92,FALSE,-9.022
9366,BJ1101,2.49159,6.94088,59.32,FALSE,-9.022
9368,BJ1101,2.49162,6.91375,53.18,FALSE,-9.022
10917,BJ1102,2.65471,6.69679,63.06,FALSE,-10.113
10919,BJ1102,2.65472,6.66965,60.76,FALSE,-10.113
10921,BJ1102,2.65474,6.64252,48.95,FALSE,-10.113
10924,BJ1102,2.65476,6.61538,63.87,FALSE,-10.113
10927,BJ1102,2.65478,6.58824,53.47,FALSE,-10.113
11169,BJ1102,2.68183,6.72395,87.83,FALSE,-10.113
11171,BJ1102,2.68185,6.69681,78.08,FALSE,-10.113
11173,BJ1102,2.68187,6.66967,55.79,FALSE,-10.113
11174,BJ1102,2.68188,6.64253,47.73,FALSE,-10.113
11175,BJ1102,2.6819,6.6154,49.11,FALSE,-10.113
11177,BJ1102,2.68192,6.58826,66.11,FALSE,-10.113
11179,BJ1102,2.68194,6.56112,70.22,FALSE,-10.113
11181,BJ1102,2.68195,6.53398,70.11,FALSE,-10.113
11414,BJ1102,2.70896,6.7511,87.83,FALSE,-10.113
11416,BJ1102,2.70898,6.72396,87.83,FALSE,-10.113
11418,BJ1102,2.70899,6.69683,83.32,FALSE,-10.113
11419,BJ1102,2.70901,6.66969,68.07,FALSE,-10.113
11420,BJ1102,2.70903,6.64255,59.6,FALSE,-10.113
11421,BJ1102,2.70904,6.61541,47.73,FALSE,-10.113
11422,BJ1102,2.70906,6.58827,52.03,FALSE,-10.113
11423,BJ1102,2.70907,6.56114,73.92,FALSE,-10.113
11425,BJ1102,2.70909,6.534,77.26,FALSE,-10.113
11427,BJ1102,2.7091,6.50686,79.71,FALSE,-10.113
11644,BJ1102,2.73611,6.75112,87.83,FALSE,-10.113
11646,BJ1102,2.73612,6.72398,87.83,FALSE,-10.113
11647,BJ1102,2.73614,6.69684,87.83,FALSE,-10.113
11648,BJ1102,2.73615,6.6697,65.13,FALSE,-10.113
11649,BJ1102,2.73617,6.64257,57.78,FALSE,-10.113
11650,BJ1102,2.73618,6.61543,56.54,FALSE,-10.113
11651,BJ1102,2.7362,6.58829,57.24,FALSE,-10.113
11652,BJ1102,2.73621,6.56115,58.29,FALSE,-10.113
11653,BJ1102,2.73622,6.53401,76.49,FALSE,-10.113
11654,BJ1102,2.73624,6.50688,83.73,FALSE,-10.113
11842,BJ1102,2.76325,6.75113,87.83,FALSE,-10.113
11844,BJ1102,2.76327,6.72399,87.83,FALSE,-10.113
11845,BJ1102,2.76328,6.69686,83.12,FALSE,-10.113
11846,BJ1102,2.76329,6.66972,64.44,FALSE,-10.113
11847,BJ1102,2.76333,6.5883,60.83,FALSE,-10.113
11848,BJ1102,2.76335,6.56117,53.7,FALSE,-10.113
12009,BJ1102,2.7904,6.75114,87.11,FALSE,-10.113
12011,BJ1102,2.79041,6.72401,87.83,FALSE,-10.113
12012,BJ1102,2.79043,6.69687,87.83,FALSE,-10.113
9584,BJ1103,2.51793,7.70073,76.09,FALSE,17.128
9586,BJ1103,2.51796,7.6736,74.97,FALSE,17.128
9587,BJ1103,2.51799,7.64646,74.97,FALSE,17.128
9588,BJ1103,2.51802,7.61933,74.97,FALSE,17.128
9589,BJ1103,2.51805,7.59219,74.97,FALSE,17.128
9590,BJ1103,2.51808,7.56505,74.97,FALSE,17.128
9591,BJ1103,2.51811,7.53792,74.97,FALSE,17.128
9592,BJ1103,2.51814,7.51078,74.97,FALSE,17.128
9593,BJ1103,2.51817,7.48365,76.13,FALSE,17.128
9594,BJ1103,2.5182,7.45651,76.13,FALSE,17.128
9595,BJ1103,2.51823,7.42937,76.13,FALSE,17.128
9596,BJ1103,2.51826,7.40224,74.97,FALSE,17.128
9597,BJ1103,2.51829,7.3751,74.97,FALSE,17.128
9598,BJ1103,2.51832,7.34796,76.13,FALSE,17.128
9599,BJ1103,2.51835,7.32083,76.13,FALSE,17.128
9600,BJ1103,2.51838,7.29369,74.97,FALSE,17.128
9601,BJ1103,2.51841,7.26655,76.13,FALSE,17.128
9602,BJ1103,2.51843,7.23942,74.97,FALSE,17.128
9604,BJ1103,2.51846,7.21228,78.75,FALSE,17.128
9606,BJ1103,2.51849,7.18514,80.82,FALSE,17.128
9852,BJ1103,2.54513,7.70076,74.97,FALSE,17.128
9853,BJ1103,2.54516,7.67363,74.97,FALSE,17.128
9854,BJ1103,2.54519,7.64649,74.97,FALSE,17.128
9855,BJ1103,2.54522,7.61936,74.97,FALSE,17.128
9856,BJ1103,2.54525,7.59222,74.97,FALSE,17.128
9857,BJ1103,2.54528,7.56508,74.97,FALSE,17.128
9858,BJ1103,2.5453,7.53795,85.04,FALSE,17.128
9859,BJ1103,2.54533,7.51081,76.13,FALSE,17.128
9860,BJ1103,2.54536,7.48367,76.13,FALSE,17.128
9861,BJ1103,2.54539,7.45654,85.04,FALSE,17.128
9862,BJ1103,2.54542,7.4294,85.04,FALSE,17.128
9863,BJ1103,2.54544,7.40226,76.13,FALSE,17.128
9864,BJ1103,2.54547,7.37513,76.13,FALSE,17.128
9865,BJ1103,2.5455,7.34799,76.13,FALSE,17.128
9866,BJ1103,2.54553,7.32085,74.97,FALSE,17.128
9867,BJ1103,2.54555,7.29372,74.97,FALSE,17.128
9868,BJ1103,2.54558,7.26658,74.97,FALSE,17.128
9869,BJ1103,2.54561,7.23944,74.97,FALSE,17.128
9870,BJ1103,2.54564,7.2123100000000004,75.89,FALSE,17.128
9871,BJ1103,2.54566,7.18517,78.5,FALSE,17.128
10103,BJ1103,2.57234,7.70079,74.97,FALSE,17.128
10105,BJ1103,2.57236,7.67366,74.97,FALSE,17.128
10106,BJ1103,2.57239,7.64652,74.97,FALSE,17.128
10107,BJ1103,2.57242,7.61938,76.13,FALSE,17.128
10108,BJ1103,2.57244,7.59225,74.97,FALSE,17.128
10109,BJ1103,2.57247,7.56511,76.13,FALSE,17.128
10110,BJ1103,2.5725,7.53797,74.97,FALSE,17.128
10111,BJ1103,2.57252,7.51084,76.13,FALSE,17.128
10112,BJ1103,2.57255,7.4837,74.97,FALSE,17.128
10113,BJ1103,2.57258,7.45656,76.23,FALSE,17.128
10114,BJ1103,2.5726,7.42943,76.13,FALSE,17.128
10115,BJ1103,2.57263,7.40229,74.97,FALSE,17.128
10116,BJ1103,2.57265,7.37515,74.97,FALSE,17.128
10117,BJ1103,2.57268,7.34802,76.13,FALSE,17.128
10118,BJ1103,2.57271,7.32088,74.97,FALSE,17.128
10119,BJ1103,2.57273,7.29374,74.97,FALSE,17.128
10120,BJ1103,2.57276,7.26661,74.97,FALSE,17.128
10121,BJ1103,2.57278,7.23947,74.97,FALSE,17.128
10122,BJ1103,2.57281,7.21233,74.97,FALSE,17.128
10123,BJ1103,2.57283,7.1852,77.27,FALSE,17.128
10357,BJ1103,2.59954,7.70082,74.97,FALSE,17.128
10358,BJ1103,2.59956,7.67368,74.97,FALSE,17.128
10359,BJ1103,2.59959,7.64655,74.97,FALSE,17.128
10360,BJ1103,2.59961,7.61941,74.97,FALSE,17.128
10361,BJ1103,2.59964,7.59227,74.97,FALSE,17.128
10362,BJ1103,2.59967,7.56514,74.97,FALSE,17.128
10363,BJ1103,2.59969,7.538,74.97,FALSE,17.128
10364,BJ1103,2.59971,7.51086,76.13,FALSE,17.128
10365,BJ1103,2.59974,7.48373,76.13,FALSE,17.128
10366,BJ1103,2.59976,7.45659,76.13,FALSE,17.128
10367,BJ1103,2.59979,7.42945,74.97,FALSE,17.128
10368,BJ1103,2.59981,7.40232,74.97,FALSE,17.128
10369,BJ1103,2.59984,7.37518,85.04,FALSE,17.128
10370,BJ1103,2.59986,7.34804,85.04,FALSE,17.128
10371,BJ1103,2.59989,7.32091,74.97,FALSE,17.128
10372,BJ1103,2.59991,7.29377,74.97,FALSE,17.128
10373,BJ1103,2.59993,7.26663,74.97,FALSE,17.128
10374,BJ1103,2.59996,7.2395,74.97,FALSE,17.128
10375,BJ1103,2.59998,7.21236,74.97,FALSE,17.128
10376,BJ1103,2.60001,7.18522,74.97,FALSE,17.128
10614,BJ1103,2.62674,7.70084,74.97,FALSE,17.128
10615,BJ1103,2.62677,7.67371,74.97,FALSE,17.128
10616,BJ1103,2.62679,7.64657,74.97,FALSE,17.128
10617,BJ1103,2.62681,7.61943,74.97,FALSE,17.128
10618,BJ1103,2.62684,7.5923,74.97,FALSE,17.128
10619,BJ1103,2.62686,7.56516,74.97,FALSE,17.128
10620,BJ1103,2.62688,7.53802,74.97,FALSE,17.128
10621,BJ1103,2.62691,7.51089,74.97,FALSE,17.128
10622,BJ1103,2.62693,7.48375,74.97,FALSE,17.128
10623,BJ1103,2.62695,7.45661,74.97,FALSE,17.128
10624,BJ1103,2.62698,7.42948,74.97,FALSE,17.128
10625,BJ1103,2.627,7.40234,74.97,FALSE,17.128
10626,BJ1103,2.62702,7.3752,85.04,FALSE,17.128
10627,BJ1103,2.62704,7.34807,75.64,FALSE,17.128
10628,BJ1103,2.62707,7.32093,76.23,FALSE,17.128
10629,BJ1103,2.62709,7.29379,74.97,FALSE,17.128
10630,BJ1103,2.62711,7.26666,74.97,FALSE,17.128
10631,BJ1103,2.62713,7.23952,74.97,FALSE,17.128
10632,BJ1103,2.62716,7.21238,74.97,FALSE,17.128
10634,BJ1103,2.62718,7.18524,74.97,FALSE,17.128
10874,BJ1103,2.65395,7.70087,74.97,FALSE,17.128
10876,BJ1103,2.65397,7.67373,74.97,FALSE,17.128
10877,BJ1103,2.65399,7.64659,74.97,FALSE,17.128
10878,BJ1103,2.65401,7.61946,74.97,FALSE,17.128
10879,BJ1103,2.65403,7.59232,74.97,FALSE,17.128
10880,BJ1103,2.65405,7.56518,74.97,FALSE,17.128
10881,BJ1103,2.65408,7.53805,74.97,FALSE,17.128
10882,BJ1103,2.6541,7.51091,74.97,FALSE,17.128
10883,BJ1103,2.65412,7.48377,74.97,FALSE,17.128
10884,BJ1103,2.65414,7.45664,74.97,FALSE,17.128
10885,BJ1103,2.65416,7.4295,74.97,FALSE,17.128
10886,BJ1103,2.65418,7.40236,74.97,FALSE,17.128
10887,BJ1103,2.6542,7.37523,74.97,FALSE,17.128
10888,BJ1103,2.65423,7.34809,74.97,FALSE,17.128
10889,BJ1103,2.65425,7.32095,74.97,FALSE,17.128
10890,BJ1103,2.65427,7.29381,74.97,FALSE,17.128
10891,BJ1103,2.65429,7.26668,77.49,FALSE,17.128
10892,BJ1103,2.65431,7.23954,74.97,FALSE,17.128
10893,BJ1103,2.65433,7.2124,74.97,FALSE,17.128
11128,BJ1103,2.68115,7.70089,74.97,FALSE,17.128
11130,BJ1103,2.68117,7.67375,74.97,FALSE,17.128
11131,BJ1103,2.68119,7.64661,74.97,FALSE,17.128
11132,BJ1103,2.68121,7.61948,74.97,FALSE,17.128
11133,BJ1103,2.68123,7.59234,74.97,FALSE,17.128
11134,BJ1103,2.68125,7.5652,74.97,FALSE,17.128
11135,BJ1103,2.68127,7.53807,74.97,FALSE,17.128
11136,BJ1103,2.68129,7.51093,74.97,FALSE,17.128
11137,BJ1103,2.68131,7.48379,74.97,FALSE,17.128
11138,BJ1103,2.68133,7.45666,74.97,FALSE,17.128
11139,BJ1103,2.68135,7.42952,74.97,FALSE,17.128
11140,BJ1103,2.68137,7.40238,74.97,FALSE,17.128
11141,BJ1103,2.68139,7.37525,74.97,FALSE,17.128
11142,BJ1103,2.68141,7.34811,74.97,FALSE,17.128
11143,BJ1103,2.68143,7.32097,74.97,FALSE,17.128
11144,BJ1103,2.68145,7.29383,74.97,FALSE,17.128
11145,BJ1103,2.68146,7.2667,74.97,FALSE,17.128
11146,BJ1103,2.68148,7.23956,74.97,FALSE,17.128
11147,BJ1103,2.6815,7.21242,74.97,FALSE,17.128
11375,BJ1103,2.70835,7.70091,74.97,FALSE,17.128
11376,BJ1103,2.70837,7.67377,74.97,FALSE,17.128
11377,BJ1103,2.70839,7.64663,74.97,FALSE,17.128
11378,BJ1103,2.70841,7.6195,74.97,FALSE,17.128
11379,BJ1103,2.70843,7.59236,74.97,FALSE,17.128
11380,BJ1103,2.70844,7.56522,74.97,FALSE,17.128
11381,BJ1103,2.70846,7.53809,74.97,FALSE,17.128
11382,BJ1103,2.70848,7.51095,74.97,FALSE,17.128
11383,BJ1103,2.7085,7.48381,76.13,FALSE,17.128
11384,BJ1103,2.70852,7.45668,74.97,FALSE,17.128
11385,BJ1103,2.70853,7.42954,74.97,FALSE,17.128
11386,BJ1103,2.70855,7.4024,74.97,FALSE,17.128
11387,BJ1103,2.70857,7.37526,74.97,FALSE,17.128
11388,BJ1103,2.70859,7.34813,74.97,FALSE,17.128
11389,BJ1103,2.70861,7.32099,74.97,FALSE,17.128
11390,BJ1103,2.70862,7.29385,75.45,FALSE,17.128
11391,BJ1103,2.70864,7.26672,74.97,FALSE,17.128
11392,BJ1103,2.70866,7.23958,75.89,FALSE,17.128
11393,BJ1103,2.70868,7.21244,74.97,FALSE,17.128
11607,BJ1103,2.73556,7.70092,74.97,FALSE,17.128
11608,BJ1103,2.73557,7.67379,74.97,FALSE,17.128
11609,BJ1103,2.73559,7.64665,74.97,FALSE,17.128
11610,BJ1103,2.73561,7.61951,74.97,FALSE,17.128
11611,BJ1103,2.73562,7.59238,74.97,FALSE,17.128
11612,BJ1103,2.73564,7.56524,74.97,FALSE,17.128
11613,BJ1103,2.73566,7.5381,75.39,FALSE,17.128
11614,BJ1103,2.73567,7.51097,74.97,FALSE,17.128
11615,BJ1103,2.73569,7.48383,74.97,FALSE,17.128
11616,BJ1103,2.73571,7.45669,75.28,FALSE,17.128
11617,BJ1103,2.73572,7.42956,76.48,FALSE,17.128
11618,BJ1103,2.73574,7.40242,79.12,FALSE,17.128
11619,BJ1103,2.73575,7.37528,74.97,FALSE,17.128
11620,BJ1103,2.73577,7.34814,74.97,FALSE,17.128
11621,BJ1103,2.73579,7.32101,78.75,FALSE,17.128
11622,BJ1103,2.7358,7.29387,80.34,FALSE,17.128
11623,BJ1103,2.73582,7.26673,78.18,FALSE,17.128
11624,BJ1103,2.73583,7.23959,81.17,FALSE,17.128
11625,BJ1103,2.73585,7.21246,76.56,FALSE,17.128
11822,BJ1103,2.76285,7.53812,74.97,FALSE,17.128
11823,BJ1103,2.76286,7.51098,74.97,FALSE,17.128
11824,BJ1103,2.76288,7.48384,74.97,FALSE,17.128
11825,BJ1103,2.76289,7.45671,76.6,FALSE,17.128
11826,BJ1103,2.76291,7.42957,77.62,FALSE,17.128
11827,BJ1103,2.76297,7.32102,84.37,FALSE,17.128
11828,BJ1103,2.76298,7.29388,84.33,FALSE,17.128
11829,BJ1103,2.76299,7.26675,84.4,FALSE,17.128
11830,BJ1103,2.76301,7.23961,87.95,FALSE,17.128
11831,BJ1103,2.76302,7.21247,80.77,FALSE,17.128
11998,BJ1103,2.79006,7.511,74.97,FALSE,17.128
11999,BJ1103,2.79007,7.48386,74.97,FALSE,17.128
12000,BJ1103,2.79008,7.45672,74.97,FALSE,17.128
12001,BJ1103,2.7901,7.42958,76.41,FALSE,17.128
12002,BJ1103,2.7902,7.21249,89.81,FALSE,17.128
8543,BJ1103,2.40941,7.48351,85.04,FALSE,17.128
8545,BJ1103,2.40945,7.45638,80.01,FALSE,17.128
8548,BJ1103,2.40949,7.42924,74.97,FALSE,17.128
8811,BJ1103,2.43653,7.53782,76.41,FALSE,17.128
8813,BJ1103,2.43657,7.51068,76.99,FALSE,17.128
8815,BJ1103,2.4366,7.48355,76.13,FALSE,17.128
8817,BJ1103,2.43664,7.45641,76.13,FALSE,17.128
8818,BJ1103,2.43667,7.42928,74.97,FALSE,17.128
8820,BJ1103,2.43671,7.40214,74.97,FALSE,17.128
8822,BJ1103,2.43674,7.375,85.04,FALSE,17.128
8824,BJ1103,2.43678,7.34787,76.13,FALSE,17.128
8826,BJ1103,2.43681,7.32073,74.97,FALSE,17.128
8828,BJ1103,2.43684,7.2936,76.13,FALSE,17.128
9071,BJ1103,2.46359,7.6464,79.38,FALSE,17.128
9073,BJ1103,2.46363,7.61926,75.56,FALSE,17.128
9075,BJ1103,2.46366,7.59213,76.09,FALSE,17.128
9077,BJ1103,2.46369,7.56499,76.23,FALSE,17.128
9079,BJ1103,2.46373,7.53785,74.97,FALSE,17.128
9081,BJ1103,2.46376,7.51072,76.13,FALSE,17.128
9082,BJ1103,2.46379,7.48358,74.97,FALSE,17.128
9083,BJ1103,2.46383,7.45645,74.97,FALSE,17.128
9084,BJ1103,2.46386,7.42931,74.97,FALSE,17.128
9085,BJ1103,2.46389,7.40217,74.97,FALSE,17.128
9086,BJ1103,2.46392,7.37504,80.01,FALSE,17.128
9087,BJ1103,2.46396,7.3479,74.97,FALSE,17.128
9088,BJ1103,2.46399,7.32076,74.97,FALSE,17.128
9089,BJ1103,2.46402,7.29363,74.97,FALSE,17.128
9091,BJ1103,2.46405,7.26649,81.01,FALSE,17.128
9332,BJ1103,2.49076,7.67357,74.97,FALSE,17.128
9334,BJ1103,2.49079,7.64643,74.97,FALSE,17.128
9336,BJ1103,2.49082,7.6193,74.97,FALSE,17.128
9337,BJ1103,2.49086,7.59216,74.97,FALSE,17.128
9338,BJ1103,2.49089,7.56502,74.97,FALSE,17.128
9339,BJ1103,2.49092,7.53789,76.13,FALSE,17.128
9340,BJ1103,2.49095,7.51075,76.13,FALSE,17.128
9341,BJ1103,2.49098,7.48361,85.04,FALSE,17.128
9342,BJ1103,2.49101,7.45648,76.13,FALSE,17.128
9343,BJ1103,2.49104,7.42934,76.13,FALSE,17.128
9344,BJ1103,2.49108,7.40221,76.13,FALSE,17.128
9345,BJ1103,2.49111,7.37507,74.97,FALSE,17.128
9346,BJ1103,2.49114,7.34793,76.13,FALSE,17.128
9347,BJ1103,2.49117,7.3208,74.97,FALSE,17.128
9348,BJ1103,2.4912,7.29366,74.97,FALSE,17.128
9349,BJ1103,2.49123,7.26652,74.97,FALSE,17.128
9351,BJ1103,2.49126,7.23939,76.65,FALSE,17.128
10377,BJ1104,2.60001,7.18522,67.32,FALSE,9.478
10380,BJ1104,2.60005,7.13095,78.43,FALSE,9.478
10382,BJ1104,2.60008,7.10381,83.56,FALSE,9.478
10384,BJ1104,2.6001,7.07667,86.94,FALSE,9.478
10386,BJ1104,2.60012,7.04954,93.74,FALSE,9.478
10633,BJ1104,2.62716,7.21238,67.32,FALSE,9.478
10635,BJ1104,2.62718,7.18524,67.32,FALSE,9.478
10637,BJ1104,2.6272,7.15811,68.04,FALSE,9.478
10639,BJ1104,2.62722,7.13097,74.87,FALSE,9.478
10641,BJ1104,2.62724,7.10383,70.12,FALSE,9.478
10642,BJ1104,2.62727,7.0767,72.69,FALSE,9.478
10643,BJ1104,2.62729,7.04956,73.79,FALSE,9.478
10645,BJ1104,2.62731,7.02242,71.62,FALSE,9.478
10647,BJ1104,2.62733,6.99528,79.57,FALSE,9.478
10894,BJ1104,2.65433,7.2124,67.32,FALSE,9.478
10895,BJ1104,2.65435,7.18527,67.32,FALSE,9.478
10896,BJ1104,2.65437,7.15813,71.75,FALSE,9.478
10897,BJ1104,2.65439,7.13099,67.32,FALSE,9.478
10898,BJ1104,2.65441,7.10385,67.32,FALSE,9.478
10899,BJ1104,2.65443,7.07672,67.32,FALSE,9.478
10900,BJ1104,2.65445,7.04958,67.32,FALSE,9.478
10901,BJ1104,2.65447,7.02244,67.32,FALSE,9.478
10902,BJ1104,2.65449,6.9953,69.97,FALSE,9.478
10904,BJ1104,2.65451,6.96817,71.47,FALSE,9.478
10906,BJ1104,2.65453,6.94103,82.6,FALSE,9.478
11148,BJ1104,2.6815,7.21242,67.32,FALSE,9.478
11149,BJ1104,2.68152,7.18529,67.32,FALSE,9.478
11150,BJ1104,2.68154,7.15815,67.32,FALSE,9.478
11151,BJ1104,2.68156,7.13101,67.32,FALSE,9.478
11152,BJ1104,2.68158,7.10387,67.32,FALSE,9.478
11153,BJ1104,2.6816,7.07674,67.32,FALSE,9.478
11154,BJ1104,2.68161,7.0496,67.32,FALSE,9.478
11155,BJ1104,2.68163,7.02246,67.32,FALSE,9.478
11156,BJ1104,2.68165,6.99532,67.62,FALSE,9.478
11157,BJ1104,2.68167,6.96819,70.01,FALSE,9.478
11158,BJ1104,2.68169,6.94105,67.32,FALSE,9.478
11394,BJ1104,2.70868,7.21244,67.32,FALSE,9.478
11395,BJ1104,2.70869,7.1853,67.32,FALSE,9.478
11396,BJ1104,2.70871,7.15817,67.32,FALSE,9.478
11397,BJ1104,2.70873,7.13103,67.32,FALSE,9.478
11398,BJ1104,2.70874,7.10389,67.32,FALSE,9.478
11399,BJ1104,2.70876,7.07675,67.32,FALSE,9.478
11400,BJ1104,2.70878,7.04962,67.32,FALSE,9.478
11401,BJ1104,2.7088,7.02248,67.32,FALSE,9.478
11402,BJ1104,2.70881,6.99534,72.35,FALSE,9.478
11403,BJ1104,2.70883,6.9682,87.98,FALSE,9.478
11404,BJ1104,2.70885,6.94107,90.23,FALSE,9.478
11626,BJ1104,2.73585,7.21246,68.91,FALSE,9.478
11627,BJ1104,2.73586,7.18532,67.57,FALSE,9.478
11628,BJ1104,2.73588,7.15818,67.32,FALSE,9.478
11629,BJ1104,2.7359,7.13105,67.32,FALSE,9.478
11630,BJ1104,2.73591,7.10391,68.79,FALSE,9.478
11631,BJ1104,2.73593,7.07677,72.11,FALSE,9.478
11632,BJ1104,2.73594,7.04963,71.82,FALSE,9.478
11633,BJ1104,2.73596,7.02249,74.68,FALSE,9.478
11634,BJ1104,2.73597,6.99536,81.39,FALSE,9.478
11832,BJ1104,2.76302,7.21247,73.12,FALSE,9.478
11833,BJ1104,2.76304,7.18533,70.02,FALSE,9.478
11834,BJ1104,2.76305,7.1582,76.79,FALSE,9.478
11835,BJ1104,2.76306,7.13106,81.17,FALSE,9.478
11836,BJ1104,2.76308,7.10392,86.56,FALSE,9.478
11837,BJ1104,2.76309,7.07678,90.01,FALSE,9.478
11838,BJ1104,2.76311,7.04965,89.06,FALSE,9.478
11839,BJ1104,2.76312,7.02251,87.63,FALSE,9.478
12003,BJ1104,2.7902,7.21249,82.16,FALSE,9.478
12004,BJ1104,2.79021,7.18535,83.71,FALSE,9.478
12005,BJ1104,2.79022,7.15821,95.73,FALSE,9.478
12006,BJ1104,2.79023,7.13107,80.45,FALSE,9.478
12007,BJ1104,2.79027,7.04966,87.4,FALSE,9.478
12008,BJ1104,2.79028,7.02252,106.8,TRUE,9.478
9893,BJ1105,2.54598,6.85953,58.48,FALSE,-17.568
9896,BJ1105,2.546,6.83239,42.18,FALSE,-17.568
10136,BJ1105,2.57313,6.85955,70.82,FALSE,-17.568
10139,BJ1105,2.57316,6.83241,41.39,FALSE,-17.568
10142,BJ1105,2.57318,6.80528,44.09,FALSE,-17.568
10144,BJ1105,2.5732,6.77814,44.83,FALSE,-17.568
10146,BJ1105,2.57323,6.751,57.46,FALSE,-17.568
10148,BJ1105,2.57325,6.72386,69.94,FALSE,-17.568
10150,BJ1105,2.57327,6.69673,77.75,FALSE,-17.568
10152,BJ1105,2.5733,6.66959,79.55,FALSE,-17.568
10155,BJ1105,2.57332,6.64245,80.37,FALSE,-17.568
10394,BJ1105,2.60028,6.85958,78.73,FALSE,-17.568
10396,BJ1105,2.60031,6.83244,71.06,FALSE,-17.568
10397,BJ1105,2.60033,6.8053,64.82,FALSE,-17.568
10398,BJ1105,2.60035,6.77816,70.59,FALSE,-17.568
10399,BJ1105,2.60037,6.75103,72.97,FALSE,-17.568
10400,BJ1105,2.6004,6.72389,78.46,FALSE,-17.568
10401,BJ1105,2.60042,6.69675,72.57,FALSE,-17.568
10402,BJ1105,2.60044,6.66961,76.55,FALSE,-17.568
10403,BJ1105,2.60046,6.64247,70.65,FALSE,-17.568
10653,BJ1105,2.62744,6.8596,80.37,FALSE,-17.568
10655,BJ1105,2.62746,6.83246,80.37,FALSE,-17.568
10656,BJ1105,2.62748,6.80532,76.55,FALSE,-17.568
10657,BJ1105,2.6275,6.77818,79.26,FALSE,-17.568
10658,BJ1105,2.62752,6.75105,80.37,FALSE,-17.568
10659,BJ1105,2.62754,6.72391,72.69,FALSE,-17.568
10660,BJ1105,2.62756,6.69677,68.84,FALSE,-17.568
10661,BJ1105,2.62758,6.66963,57.82,FALSE,-17.568
10662,BJ1105,2.6276,6.6425,46.14,FALSE,-17.568
10665,BJ1105,2.62762,6.61536,44,FALSE,-17.568
10910,BJ1105,2.65459,6.85962,80.37,FALSE,-17.568
10912,BJ1105,2.65461,6.83248,80.37,FALSE,-17.568
10913,BJ1105,2.65463,6.80534,80.37,FALSE,-17.568
10914,BJ1105,2.65465,6.7782,80.37,FALSE,-17.568
10915,BJ1105,2.65467,6.75107,76.23,FALSE,-17.568
10916,BJ1105,2.65469,6.72393,63.83,FALSE,-17.568
10918,BJ1105,2.65471,6.69679,55.61,FALSE,-17.568
10920,BJ1105,2.65472,6.66965,53.31,FALSE,-17.568
10922,BJ1105,2.65474,6.64252,41.5,FALSE,-17.568
10925,BJ1105,2.65476,6.61538,56.42,FALSE,-17.568
11161,BJ1105,2.68172,6.88677,80.37,FALSE,-17.568
11163,BJ1105,2.68174,6.85964,80.37,FALSE,-17.568
11165,BJ1105,2.68176,6.8325,80.37,FALSE,-17.568
11166,BJ1105,2.68178,6.80536,80.37,FALSE,-17.568
11167,BJ1105,2.6818,6.77822,78.7,FALSE,-17.568
11168,BJ1105,2.68181,6.75109,79.65,FALSE,-17.568
11170,BJ1105,2.68183,6.72395,80.37,FALSE,-17.568
11172,BJ1105,2.68185,6.69681,70.62,FALSE,-17.568
11406,BJ1105,2.70886,6.91393,73.82,FALSE,-17.568
11408,BJ1105,2.70888,6.88679,79.42,FALSE,-17.568
11410,BJ1105,2.7089,6.85965,80.37,FALSE,-17.568
11411,BJ1105,2.70891,6.83252,80.37,FALSE,-17.568
11412,BJ1105,2.70893,6.80538,79.55,FALSE,-17.568
11413,BJ1105,2.70894,6.77824,80.37,FALSE,-17.568
11415,BJ1105,2.70896,6.7511,80.37,FALSE,-17.568
11417,BJ1105,2.70898,6.72396,80.37,FALSE,-17.568
11635,BJ1105,2.736,6.94108,77.31,FALSE,-17.568
11637,BJ1105,2.73602,6.91394,80.37,FALSE,-17.568
11639,BJ1105,2.73603,6.88681,80.37,FALSE,-17.568
11640,BJ1105,2.73605,6.85967,80.37,FALSE,-17.568
11641,BJ1105,2.73606,6.83253,80.37,FALSE,-17.568
11642,BJ1105,2.73608,6.80539,80.37,FALSE,-17.568
11643,BJ1105,2.73609,6.77826,80.37,FALSE,-17.568
11645,BJ1105,2.73611,6.75112,80.37,FALSE,-17.568
11840,BJ1105,2.76317,6.91396,80.37,FALSE,-17.568
11841,BJ1105,2.76319,6.88682,80.37,FALSE,-17.568
11843,BJ1105,2.76325,6.75113,80.37,FALSE,-17.568
12010,BJ1105,2.7904,6.75114,79.65,FALSE,-17.568
4040,BJ1201,1.89346,7.23833,102.15,TRUE,8.385
4042,BJ1201,1.89353,7.21119,98.46,FALSE,8.385
4044,BJ1201,1.8936,7.18406,97.98,FALSE,8.385
4046,BJ1201,1.89366,7.15693,91.31,FALSE,8.385
4266,BJ1201,1.92063,7.23839,96.8,FALSE,8.385
4268,BJ1201,1.9207,7.21126,99.58,FALSE,8.385
4270,BJ1201,1.92076,7.18413,101.32,TRUE,8.385
4272,BJ1201,1.92083,7.15699,91.62,FALSE,8.385
4494,BJ1201,1.9478,7.23846,92.53,FALSE,8.385
4496,BJ1201,1.94787,7.21132,94.88,FALSE,8.385
4497,BJ1201,1.94793,7.18419,90.48,FALSE,8.385
4498,BJ1201,1.94799,7.15706,95.6,FALSE,8.385
4726,BJ1201,1.97498,7.23852,84.77,FALSE,8.385
4728,BJ1201,1.97504,7.21138,87.22,FALSE,8.385
4729,BJ1201,1.9751,7.18425,79.16,FALSE,8.385
4730,BJ1201,1.97516,7.15712,80.59,FALSE,8.385
4732,BJ1201,1.97522,7.12998,77.01,FALSE,8.385
4953,BJ1201,2.00215,7.23858,84.26,FALSE,8.385
4955,BJ1201,2.00221,7.21144,80.13,FALSE,8.385
4956,BJ1201,2.00227,7.18431,76.3,FALSE,8.385
4957,BJ1201,2.00232,7.15718,76.3,FALSE,8.385
4958,BJ1201,2.00238,7.13004,76.3,FALSE,8.385
5167,BJ1201,2.02932,7.23864,78.44,FALSE,8.385
5169,BJ1201,2.02938,7.2115,76.3,FALSE,8.385
5172,BJ1201,2.02943,7.18437,76.3,FALSE,8.385
5174,BJ1201,2.02949,7.15724,76.3,FALSE,8.385
5177,BJ1201,2.02955,7.1301,76.3,FALSE,8.385
3818,BJ1202,1.8665,7.15686,89.68,FALSE,2.769
3821,BJ1202,1.86656,7.12973,74.97,FALSE,2.769
3823,BJ1202,1.86663,7.1026,73.75,FALSE,2.769
4047,BJ1202,1.89366,7.15693,85.69,FALSE,2.769
4049,BJ1202,1.89373,7.1298,73.18,FALSE,2.769
4051,BJ1202,1.89379,7.10266,72.83,FALSE,2.769
4053,BJ1202,1.89386,7.07553,74.02,FALSE,2.769
4273,BJ1202,1.92083,7.15699,86,FALSE,2.769
4274,BJ1202,1.92089,7.12986,88.55,FALSE,2.769
4275,BJ1202,1.92095,7.10273,73.75,FALSE,2.769
4277,BJ1202,1.92102,7.07559,75.69,FALSE,2.769
4279,BJ1202,1.92108,7.04846,84.78,FALSE,2.769
4282,BJ1202,1.92114,7.02133,74.26,FALSE,2.769
4499,BJ1202,1.94799,7.15706,89.98,FALSE,2.769
4500,BJ1202,1.94805,7.12992,87.36,FALSE,2.769
4501,BJ1202,1.94812,7.10279,72.11,FALSE,2.769
4502,BJ1202,1.94818,7.07566,70.68,FALSE,2.769
4503,BJ1202,1.94824,7.04852,84.26,FALSE,2.769
4505,BJ1202,1.9483,7.02139,89.03,FALSE,2.769
4507,BJ1202,1.94836,6.99426,76.4,FALSE,2.769
4731,BJ1202,1.97516,7.15712,74.97,FALSE,2.769
4733,BJ1202,1.97522,7.12998,71.4,FALSE,2.769
4734,BJ1202,1.97528,7.10285,72.52,FALSE,2.769
4735,BJ1202,1.97534,7.07572,70.68,FALSE,2.769
4736,BJ1202,1.9754,7.04858,70.68,FALSE,2.769
4737,BJ1202,1.97546,7.02145,85.69,FALSE,2.769
4740,BJ1202,1.97552,6.99432,97.64,FALSE,2.769
4959,BJ1202,2.00238,7.13004,70.68,FALSE,2.769
4960,BJ1202,2.00244,7.10291,71.4,FALSE,2.769
4961,BJ1202,2.0025,7.07578,70.68,FALSE,2.769
4962,BJ1202,2.00256,7.04864,71.4,FALSE,2.769
4963,BJ1202,2.00262,7.02151,82.36,FALSE,2.769
5175,BJ1202,2.02949,7.15724,70.68,FALSE,2.769
5178,BJ1202,2.02955,7.1301,70.68,FALSE,2.769
5180,BJ1202,2.02961,7.10297,71.29,FALSE,2.769
5182,BJ1202,2.02966,7.07583,81.41,FALSE,2.769
5184,BJ1202,2.02972,7.0487,86.61,FALSE,2.769
5186,BJ1202,2.02978,7.02157,92.13,FALSE,2.769
5409,BJ1202,2.05671,7.13016,70.68,FALSE,2.769
5412,BJ1202,2.05677,7.10302,76.4,FALSE,2.769
5170,BJ1203,2.02938,7.2115,68.02,FALSE,0.108
5173,BJ1203,2.02943,7.18437,68.02,FALSE,0.108
5176,BJ1203,2.02949,7.15724,68.02,FALSE,0.108
5179,BJ1203,2.02955,7.1301,68.02,FALSE,0.108
5401,BJ1203,2.05643,7.26583,68.74,FALSE,0.108
5403,BJ1203,2.05649,7.23869,68.02,FALSE,0.108
5405,BJ1203,2.05655,7.21156,68.02,FALSE,0.108
5407,BJ1203,2.0566,7.18443,68.02,FALSE,0.108
5408,BJ1203,2.05666,7.15729,68.02,FALSE,0.108
5410,BJ1203,2.05671,7.13016,68.02,FALSE,0.108
5652,BJ1203,2.08361,7.26588,69.69,FALSE,0.108
5655,BJ1203,2.08366,7.23875,68.02,FALSE,0.108
5657,BJ1203,2.08372,7.21161,68.02,FALSE,0.108
5659,BJ1203,2.08377,7.18448,68.02,FALSE,0.108
5660,BJ1203,2.08382,7.15735,68.02,FALSE,0.108
5661,BJ1203,2.08388,7.13021,68.02,FALSE,0.108
5912,BJ1203,2.11089,7.21167,68.02,FALSE,0.108
5914,BJ1203,2.11094,7.18453,68.02,FALSE,0.108
5916,BJ1203,2.11099,7.1574,68.74,FALSE,0.108
5917,BJ1203,2.11104,7.13027,76.96,FALSE,0.108
6145,BJ1203,2.13806,7.21172,68.02,FALSE,0.108
6147,BJ1203,2.13811,7.18459,68.02,FALSE,0.108
6149,BJ1203,2.13816,7.15745,75.53,FALSE,0.108
6150,BJ1203,2.13821,7.13032,70.17,FALSE,0.108
6379,BJ1203,2.16523,7.21177,68.02,FALSE,0.108
6381,BJ1203,2.16528,7.18464,68.02,FALSE,0.108
6383,BJ1203,2.16533,7.1575,68.74,FALSE,0.108
6385,BJ1203,2.16538,7.13037,72.92,FALSE,0.108
6625,BJ1203,2.19249,7.15755,68.02,FALSE,0.108
6627,BJ1203,2.19254,7.13041,69.45,FALSE,0.108
6127,BJ1204,2.13737,7.56447,64.73,FALSE,-2.009
6130,BJ1204,2.13743,7.53733,66.4,FALSE,-2.009
6361,BJ1204,2.16457,7.56452,65.9,FALSE,-2.009
6363,BJ1204,2.16462,7.53739,67.29,FALSE,-2.009
6604,BJ1204,2.19181,7.53744,67.09,FALSE,-2.009
6607,BJ1204,2.19186,7.5103,71.42,FALSE,-2.009
6609,BJ1204,2.19191,7.48317,65.9,FALSE,-2.009
6611,BJ1204,2.19196,7.45603,67.74,FALSE,-2.009
6613,BJ1204,2.19201,7.4289,67.33,FALSE,-2.009
6848,BJ1204,2.219,7.53749,65.9,FALSE,-2.009
6850,BJ1204,2.21905,7.51035,68.76,FALSE,-2.009
6851,BJ1204,2.2191,7.48322,66.74,FALSE,-2.009
6852,BJ1204,2.21914,7.45608,67.33,FALSE,-2.009
6853,BJ1204,2.21919,7.42895,67.57,FALSE,-2.009
6855,BJ1204,2.21924,7.40181,68.05,FALSE,-2.009
6857,BJ1204,2.21929,7.37468,70.07,FALSE,-2.009
6859,BJ1204,2.21934,7.34754,67.24,FALSE,-2.009
7106,BJ1204,2.24619,7.53753,65.9,FALSE,-2.009
7108,BJ1204,2.24624,7.5104,66.92,FALSE,-2.009
7109,BJ1204,2.24628,7.48326,65.66,FALSE,-2.009
7110,BJ1204,2.24633,7.45613,66.91,FALSE,-2.009
7111,BJ1204,2.24638,7.42899,66.14,FALSE,-2.009
7112,BJ1204,2.24642,7.40186,67.42,FALSE,-2.009
7113,BJ1204,2.24647,7.37472,65.16,FALSE,-2.009
7114,BJ1204,2.24652,7.34759,66.11,FALSE,-2.009
7117,BJ1204,2.24656,7.32045,68.95,FALSE,-2.009
7119,BJ1204,2.24661,7.29332,69.95,FALSE,-2.009
7121,BJ1204,2.24665,7.26618,67.57,FALSE,-2.009
7337,BJ1204,2.27338,7.53758,65.27,FALSE,-2.009
7339,BJ1204,2.27343,7.51044,65.9,FALSE,-2.009
7342,BJ1204,2.27347,7.48331,64.23,FALSE,-2.009
7344,BJ1204,2.27352,7.45617,62.07,FALSE,-2.009
7345,BJ1204,2.27356,7.42904,63.31,FALSE,-2.009
7346,BJ1204,2.27361,7.4019,61.23,FALSE,-2.009
7347,BJ1204,2.27365,7.37477,62.07,FALSE,-2.009
7348,BJ1204,2.27369,7.34763,61.18,FALSE,-2.009
7349,BJ1204,2.27374,7.3205,67.28,FALSE,-2.009
7350,BJ1204,2.27378,7.29336,73.46,FALSE,-2.009
7351,BJ1204,2.27383,7.26623,74.48,FALSE,-2.009
7353,BJ1204,2.27387,7.23909,79.38,FALSE,-2.009
7355,BJ1204,2.27391,7.21196,68.76,FALSE,-2.009
7565,BJ1204,2.30066,7.48335,63.11,FALSE,-2.009
7568,BJ1204,2.3007,7.45622,60.48,FALSE,-2.009
7570,BJ1204,2.30075,7.42908,60.26,FALSE,-2.009
7572,BJ1204,2.30079,7.40195,58.35,FALSE,-2.009
7574,BJ1204,2.30083,7.37481,57.38,FALSE,-2.009
7575,BJ1204,2.30087,7.34768,58.8,FALSE,-2.009
7576,BJ1204,2.30092,7.32054,61.76,FALSE,-2.009
7577,BJ1204,2.30096,7.29341,68.66,FALSE,-2.009
7578,BJ1204,2.301,7.26627,72.57,FALSE,-2.009
7579,BJ1204,2.30104,7.23913,83.54,FALSE,-2.009
7580,BJ1204,2.30108,7.212,82.86,FALSE,-2.009
7582,BJ1204,2.30113,7.18486,77.1,FALSE,-2.009
7584,BJ1204,2.30117,7.15773,78.41,FALSE,-2.009
7586,BJ1204,2.30121,7.13059,78.77,FALSE,-2.009
7589,BJ1204,2.30125,7.10346,80.08,FALSE,-2.009
7812,BJ1204,2.32797,7.40199,55.83,FALSE,-2.009
7814,BJ1204,2.32801,7.37485,55.83,FALSE,-2.009
7816,BJ1204,2.32805,7.34772,56.46,FALSE,-2.009
7818,BJ1204,2.3281,7.32058,65.9,FALSE,-2.009
7820,BJ1204,2.32814,7.29345,58.52,FALSE,-2.009
7822,BJ1204,2.32818,7.26631,65.9,FALSE,-2.009
7824,BJ1204,2.32822,7.23918,66.6,FALSE,-2.009
7825,BJ1204,2.32826,7.21204,72.34,FALSE,-2.009
7826,BJ1204,2.3283,7.1849,72.85,FALSE,-2.009
7827,BJ1204,2.32834,7.15777,77.34,FALSE,-2.009
7828,BJ1204,2.32838,7.13063,78.36,FALSE,-2.009
7829,BJ1204,2.32842,7.1035,66.62,FALSE,-2.009
7832,BJ1204,2.32845,7.07636,76.58,FALSE,-2.009
8061,BJ1204,2.35535,7.26635,65.9,FALSE,-2.009
8063,BJ1204,2.35539,7.23921,65.9,FALSE,-2.009
8065,BJ1204,2.35543,7.21208,65.9,FALSE,-2.009
8067,BJ1204,2.35547,7.18494,72.58,FALSE,-2.009
8069,BJ1204,2.3555,7.15781,71.2,FALSE,-2.009
8071,BJ1204,2.35554,7.13067,82.35,FALSE,-2.009
8073,BJ1204,2.35558,7.10354,65.9,FALSE,-2.009
8312,BJ1204,2.38256,7.23925,65.9,FALSE,-2.009
8314,BJ1204,2.3826,7.21212,65.9,FALSE,-2.009
1883,BJ1205,1.62042,7.67166,57.31,FALSE,-1.013
1884,BJ1205,1.6205,7.64453,57.25,FALSE,-1.013
2062,BJ1205,1.64761,7.67174,60.17,FALSE,-1.013
2064,BJ1205,1.6477,7.64461,57.07,FALSE,-1.013
2065,BJ1205,1.64778,7.61748,57.39,FALSE,-1.013
2066,BJ1205,1.64787,7.59035,56.83,FALSE,-1.013
2067,BJ1205,1.64795,7.56322,56.83,FALSE,-1.013
2068,BJ1205,1.64804,7.53609,68.57,FALSE,-1.013
2069,BJ1205,1.64812,7.50897,57.94,FALSE,-1.013
2264,BJ1205,1.67489,7.6447,80.37,FALSE,-1.013
2265,BJ1205,1.67497,7.61757,79.76,FALSE,-1.013
2266,BJ1205,1.67506,7.59044,83.03,FALSE,-1.013
2267,BJ1205,1.67514,7.56331,84.23,FALSE,-1.013
2268,BJ1205,1.67522,7.53618,91.41,FALSE,-1.013
2269,BJ1205,1.6753,7.50905,88.33,FALSE,-1.013
2271,BJ1205,1.67539,7.48192,92.83,FALSE,-1.013
2273,BJ1205,1.67547,7.45479,95.02,FALSE,-1.013
2469,BJ1205,1.70208,7.64478,79.35,FALSE,-1.013
2470,BJ1205,1.70216,7.61765,72.58,FALSE,-1.013
2471,BJ1205,1.70225,7.59052,80.48,FALSE,-1.013
2472,BJ1205,1.70233,7.56339,73.57,FALSE,-1.013
2473,BJ1205,1.70241,7.53626,94.78,FALSE,-1.013
2474,BJ1205,1.70249,7.50913,96.09,FALSE,-1.013
2475,BJ1205,1.70257,7.482,96.92,FALSE,-1.013
2477,BJ1205,1.70265,7.45487,96.09,FALSE,-1.013
2479,BJ1205,1.70273,7.42774,94.78,FALSE,-1.013
2674,BJ1205,1.72928,7.64486,85.24,FALSE,-1.013
2675,BJ1205,1.72936,7.61773,95.7,FALSE,-1.013
2676,BJ1205,1.72944,7.5906,92.02,FALSE,-1.013
2677,BJ1205,1.72952,7.56347,95.5,FALSE,-1.013
2678,BJ1205,1.72959,7.53634,93.86,FALSE,-1.013
2679,BJ1205,1.72967,7.50921,96.21,FALSE,-1.013
2680,BJ1205,1.72975,7.48208,95.7,FALSE,-1.013
2681,BJ1205,1.72983,7.45495,96.92,FALSE,-1.013
2683,BJ1205,1.72991,7.42782,93.25,FALSE,-1.013
2685,BJ1205,1.72999,7.40069,94.62,FALSE,-1.013
2687,BJ1205,1.73006,7.37356,91.92,FALSE,-1.013
2689,BJ1205,1.73014,7.34642,91.92,FALSE,-1.013
2894,BJ1205,1.75647,7.64494,66.85,FALSE,-1.013
2895,BJ1205,1.75655,7.61781,95.97,FALSE,-1.013
2896,BJ1205,1.75663,7.59068,96.09,FALSE,-1.013
2897,BJ1205,1.7567,7.56355,94.78,FALSE,-1.013
2898,BJ1205,1.75678,7.53642,94.07,FALSE,-1.013
2899,BJ1205,1.75686,7.50929,95.26,FALSE,-1.013
2900,BJ1205,1.75694,7.48216,96.21,FALSE,-1.013
2901,BJ1205,1.75701,7.45502,93.59,FALSE,-1.013
2902,BJ1205,1.75709,7.42789,94.78,FALSE,-1.013
2903,BJ1205,1.75717,7.40076,94.42,FALSE,-1.013
2904,BJ1205,1.75724,7.37363,94.13,FALSE,-1.013
2906,BJ1205,1.75732,7.3465,80.48,FALSE,-1.013
2908,BJ1205,1.75739,7.31937,86.51,FALSE,-1.013
2910,BJ1205,1.75747,7.29224,87.63,FALSE,-1.013
3116,BJ1205,1.78366,7.64502,63.85,FALSE,-1.013
3117,BJ1205,1.78374,7.61789,87.73,FALSE,-1.013
3118,BJ1205,1.78382,7.59076,93.35,FALSE,-1.013
3119,BJ1205,1.78389,7.56362,95.7,FALSE,-1.013
3120,BJ1205,1.78397,7.53649,86.69,FALSE,-1.013
3121,BJ1205,1.78404,7.50936,90.54,FALSE,-1.013
3122,BJ1205,1.78412,7.48223,87.12,FALSE,-1.013
3123,BJ1205,1.78419,7.4551,86.2,FALSE,-1.013
3124,BJ1205,1.78427,7.42797,84.06,FALSE,-1.013
3125,BJ1205,1.78434,7.40084,89.78,FALSE,-1.013
3126,BJ1205,1.78442,7.37371,81.29,FALSE,-1.013
3127,BJ1205,1.78449,7.34658,75.24,FALSE,-1.013
3128,BJ1205,1.78457,7.31944,72.62,FALSE,-1.013
3130,BJ1205,1.78464,7.29231,81.08,FALSE,-1.013
3132,BJ1205,1.78471,7.26518,82.63,FALSE,-1.013
3340,BJ1205,1.81086,7.64509,57.62,FALSE,-1.013
3341,BJ1205,1.81093,7.61796,63.04,FALSE,-1.013
3342,BJ1205,1.81101,7.59083,94.14,FALSE,-1.013
3343,BJ1205,1.81108,7.5637,93.35,FALSE,-1.013
3344,BJ1205,1.81116,7.53657,80.24,FALSE,-1.013
3345,BJ1205,1.81123,7.50944,84.77,FALSE,-1.013
3346,BJ1205,1.8113,7.48231,73.66,FALSE,-1.013
3347,BJ1205,1.81138,7.45517,80.33,FALSE,-1.013
3348,BJ1205,1.81145,7.42804,89.78,FALSE,-1.013
3349,BJ1205,1.81152,7.40091,91.09,FALSE,-1.013
3350,BJ1205,1.8116,7.37378,94.78,FALSE,-1.013
3351,BJ1205,1.81167,7.34665,92.75,FALSE,-1.013
3352,BJ1205,1.81174,7.31952,80.32,FALSE,-1.013
3353,BJ1205,1.81181,7.29238,81.91,FALSE,-1.013
3355,BJ1205,1.81188,7.26525,90.8,FALSE,-1.013
3357,BJ1205,1.81195,7.23812,95.5,FALSE,-1.013
3359,BJ1205,1.81202,7.21099,93.86,FALSE,-1.013
3572,BJ1205,1.83805,7.64517,58.97,FALSE,-1.013
3573,BJ1205,1.83813,7.61804,76.19,FALSE,-1.013
3574,BJ1205,1.8382,7.5909,93.11,FALSE,-1.013
3575,BJ1205,1.83827,7.56377,91.61,FALSE,-1.013
3576,BJ1205,1.83834,7.53664,75.48,FALSE,-1.013
3577,BJ1205,1.83842,7.50951,82.83,FALSE,-1.013
3578,BJ1205,1.83849,7.48238,73.33,FALSE,-1.013
3579,BJ1205,1.83856,7.45525,71.19,FALSE,-1.013
3580,BJ1205,1.83863,7.42811,76.7,FALSE,-1.013
3581,BJ1205,1.8387,7.40098,96.21,FALSE,-1.013
3582,BJ1205,1.83877,7.37385,89.57,FALSE,-1.013
3583,BJ1205,1.83884,7.34672,91.21,FALSE,-1.013
3584,BJ1205,1.83891,7.31959,77.14,FALSE,-1.013
3585,BJ1205,1.83898,7.29246,83.58,FALSE,-1.013
3586,BJ1205,1.83905,7.26532,92.64,FALSE,-1.013
3587,BJ1205,1.83912,7.23819,87.75,FALSE,-1.013
3590,BJ1205,1.83919,7.21106,89.06,FALSE,-1.013
3593,BJ1205,1.83926,7.18393,92.75,FALSE,-1.013
3798,BJ1205,1.86525,7.64524,57.35,FALSE,-1.013
3799,BJ1205,1.86532,7.61811,72.3,FALSE,-1.013
3800,BJ1205,1.86539,7.59098,80.52,FALSE,-1.013
3801,BJ1205,1.86546,7.56384,86.92,FALSE,-1.013
3802,BJ1205,1.86553,7.53671,79.41,FALSE,-1.013
3803,BJ1205,1.8656,7.50958,70.47,FALSE,-1.013
3804,BJ1205,1.86567,7.48245,76.91,FALSE,-1.013
3805,BJ1205,1.86574,7.45532,78.34,FALSE,-1.013
3806,BJ1205,1.86581,7.42818,71.07,FALSE,-1.013
3807,BJ1205,1.86588,7.40105,77.62,FALSE,-1.013
3808,BJ1205,1.86595,7.37392,68.33,FALSE,-1.013
3809,BJ1205,1.86602,7.34679,80.24,FALSE,-1.013
3810,BJ1205,1.86609,7.31966,80.48,FALSE,-1.013
3811,BJ1205,1.86616,7.29252,83.13,FALSE,-1.013
3812,BJ1205,1.86623,7.26539,87.12,FALSE,-1.013
3813,BJ1205,1.86629,7.23826,87.63,FALSE,-1.013
3814,BJ1205,1.86636,7.21113,89.57,FALSE,-1.013
3816,BJ1205,1.86643,7.184,89.06,FALSE,-1.013
3819,BJ1205,1.8665,7.15686,85.9,FALSE,-1.013
4025,BJ1205,1.89244,7.64531,57.41,FALSE,-1.013
4026,BJ1205,1.89251,7.61818,70.2,FALSE,-1.013
4027,BJ1205,1.89258,7.59105,84.69,FALSE,-1.013
4028,BJ1205,1.89265,7.56391,84.41,FALSE,-1.013
4029,BJ1205,1.89272,7.53678,69.76,FALSE,-1.013
4030,BJ1205,1.89279,7.50965,70.58,FALSE,-1.013
4031,BJ1205,1.89286,7.48252,86.92,FALSE,-1.013
4032,BJ1205,1.89293,7.45539,79.15,FALSE,-1.013
4033,BJ1205,1.89299,7.42825,81.2,FALSE,-1.013
4034,BJ1205,1.89306,7.40112,75.48,FALSE,-1.013
4035,BJ1205,1.89313,7.37399,74.24,FALSE,-1.013
4036,BJ1205,1.8932,7.34686,81.91,FALSE,-1.013
4037,BJ1205,1.89326,7.31972,80.38,FALSE,-1.013
4038,BJ1205,1.89333,7.29259,88.87,FALSE,-1.013
4039,BJ1205,1.8934,7.26546,78.34,FALSE,-1.013
4041,BJ1205,1.89346,7.23833,92.75,FALSE,-1.013
4043,BJ1205,1.89353,7.21119,89.06,FALSE,-1.013
4045,BJ1205,1.8936,7.18406,88.58,FALSE,-1.013
4048,BJ1205,1.89366,7.15693,81.91,FALSE,-1.013
4251,BJ1205,1.91964,7.64538,57.08,FALSE,-1.013
4252,BJ1205,1.91971,7.61825,65.58,FALSE,-1.013
4253,BJ1205,1.91977,7.59111,77.86,FALSE,-1.013
4254,BJ1205,1.91984,7.56398,76.44,FALSE,-1.013
4255,BJ1205,1.91991,7.53685,74.41,FALSE,-1.013
4256,BJ1205,1.91998,7.50972,69.76,FALSE,-1.013
4257,BJ1205,1.92004,7.48259,86.92,FALSE,-1.013
4258,BJ1205,1.92011,7.45545,88.35,FALSE,-1.013
4259,BJ1205,1.92018,7.42832,78.58,FALSE,-1.013
4260,BJ1205,1.92024,7.40119,69.04,FALSE,-1.013
4261,BJ1205,1.92031,7.37406,69.4,FALSE,-1.013
4262,BJ1205,1.92037,7.34692,67.61,FALSE,-1.013
4263,BJ1205,1.92044,7.31979,74.05,FALSE,-1.013
4264,BJ1205,1.9205,7.29266,70.24,FALSE,-1.013
4265,BJ1205,1.92057,7.26552,68.33,FALSE,-1.013
4267,BJ1205,1.92063,7.23839,87.4,FALSE,-1.013
4269,BJ1205,1.9207,7.21126,90.18,FALSE,-1.013
4271,BJ1205,1.92076,7.18413,91.92,FALSE,-1.013
4478,BJ1205,1.94683,7.64545,58.61,FALSE,-1.013
4480,BJ1205,1.9469,7.61831,59.7,FALSE,-1.013
4481,BJ1205,1.94697,7.59118,66.32,FALSE,-1.013
4482,BJ1205,1.94703,7.56405,71.17,FALSE,-1.013
4483,BJ1205,1.9471,7.53692,88.97,FALSE,-1.013
4484,BJ1205,1.94716,7.50978,80.38,FALSE,-1.013
4485,BJ1205,1.94723,7.48265,74.05,FALSE,-1.013
4486,BJ1205,1.94729,7.45552,85.28,FALSE,-1.013
4487,BJ1205,1.94736,7.42839,86.2,FALSE,-1.013
4488,BJ1205,1.94742,7.40125,69.96,FALSE,-1.013
4489,BJ1205,1.94749,7.37412,70.47,FALSE,-1.013
4490,BJ1205,1.94755,7.34699,68.74,FALSE,-1.013
4491,BJ1205,1.94761,7.31985,66.9,FALSE,-1.013
4492,BJ1205,1.94768,7.29272,66.9,FALSE,-1.013
4493,BJ1205,1.94774,7.26559,69.35,FALSE,-1.013
4495,BJ1205,1.9478,7.23846,83.13,FALSE,-1.013
4711,BJ1205,1.97409,7.61838,58.93,FALSE,-1.013
4713,BJ1205,1.97416,7.59125,58.27,FALSE,-1.013
4714,BJ1205,1.97422,7.56411,64.21,FALSE,-1.013
4715,BJ1205,1.97429,7.53698,85.1,FALSE,-1.013
4716,BJ1205,1.97435,7.50985,83.34,FALSE,-1.013
4717,BJ1205,1.97441,7.48272,76.91,FALSE,-1.013
4718,BJ1205,1.97448,7.45558,79.77,FALSE,-1.013
4719,BJ1205,1.97454,7.42845,81.91,FALSE,-1.013
4720,BJ1205,1.9746,7.40132,76.91,FALSE,-1.013
4721,BJ1205,1.97467,7.37418,76.07,FALSE,-1.013
4722,BJ1205,1.97473,7.34705,71.19,FALSE,-1.013
4723,BJ1205,1.97479,7.31992,68.57,FALSE,-1.013
4724,BJ1205,1.97485,7.29278,67.61,FALSE,-1.013
4725,BJ1205,1.97491,7.26565,66.9,FALSE,-1.013
4727,BJ1205,1.97498,7.23852,75.37,FALSE,-1.013
4939,BJ1205,2.00135,7.59131,59.63,FALSE,-1.013
4941,BJ1205,2.00141,7.56418,65.2,FALSE,-1.013
4942,BJ1205,2.00148,7.53704,74.95,FALSE,-1.013
4943,BJ1205,2.00154,7.50991,78.34,FALSE,-1.013
4944,BJ1205,2.0016,7.48278,80.48,FALSE,-1.013
4945,BJ1205,2.00166,7.45564,77.32,FALSE,-1.013
4946,BJ1205,2.00172,7.42851,74.05,FALSE,-1.013
4947,BJ1205,2.00178,7.40138,69.96,FALSE,-1.013
4948,BJ1205,2.00185,7.37424,66.9,FALSE,-1.013
4949,BJ1205,2.00191,7.34711,67.51,FALSE,-1.013
4950,BJ1205,2.00197,7.31998,66.9,FALSE,-1.013
4951,BJ1205,2.00203,7.29284,67.51,FALSE,-1.013
4952,BJ1205,2.00209,7.26571,79.05,FALSE,-1.013
4954,BJ1205,2.00215,7.23858,74.87,FALSE,-1.013
5155,BJ1205,2.02861,7.56424,62.38,FALSE,-1.013
5156,BJ1205,2.02867,7.53711,65.21,FALSE,-1.013
5157,BJ1205,2.02873,7.50997,71.6,FALSE,-1.013
5158,BJ1205,2.02879,7.48284,67.73,FALSE,-1.013
5159,BJ1205,2.02885,7.4557,69.04,FALSE,-1.013
5160,BJ1205,2.02891,7.42857,67.73,FALSE,-1.013
5161,BJ1205,2.02897,7.40144,66.9,FALSE,-1.013
5162,BJ1205,2.02903,7.3743,67.73,FALSE,-1.013
5163,BJ1205,2.02908,7.34717,67.61,FALSE,-1.013
5164,BJ1205,2.02914,7.32004,66.9,FALSE,-1.013
5165,BJ1205,2.0292,7.2929,74.05,FALSE,-1.013
5166,BJ1205,2.02926,7.26577,68.57,FALSE,-1.013
5168,BJ1205,2.02932,7.23864,69.04,FALSE,-1.013
5171,BJ1205,2.02938,7.2115,66.9,FALSE,-1.013
5390,BJ1205,2.0558,7.5643,62.25,FALSE,-1.013
5391,BJ1205,2.05586,7.53716,67.72,FALSE,-1.013
5392,BJ1205,2.05591,7.51003,73.33,FALSE,-1.013
5393,BJ1205,2.05597,7.4829,73.57,FALSE,-1.013
5394,BJ1205,2.05603,7.45576,66.9,FALSE,-1.013
5395,BJ1205,2.05609,7.42863,66.9,FALSE,-1.013
5396,BJ1205,2.05615,7.4015,66.9,FALSE,-1.013
5397,BJ1205,2.05621,7.37436,66.9,FALSE,-1.013
5398,BJ1205,2.05626,7.34723,66.9,FALSE,-1.013
5399,BJ1205,2.05632,7.3201,69.04,FALSE,-1.013
5400,BJ1205,2.05638,7.29296,67.51,FALSE,-1.013
5402,BJ1205,2.05643,7.26583,67.61,FALSE,-1.013
5404,BJ1205,2.05649,7.23869,66.9,FALSE,-1.013
5406,BJ1205,2.05655,7.21156,66.9,FALSE,-1.013
5640,BJ1205,2.08299,7.56436,63.54,FALSE,-1.013
5641,BJ1205,2.08305,7.53722,66.18,FALSE,-1.013
5642,BJ1205,2.0831,7.51009,74.87,FALSE,-1.013
5643,BJ1205,2.08316,7.48295,71.19,FALSE,-1.013
5644,BJ1205,2.08322,7.45582,67.57,FALSE,-1.013
5645,BJ1205,2.08327,7.42869,66.9,FALSE,-1.013
5646,BJ1205,2.08333,7.40155,66.9,FALSE,-1.013
5647,BJ1205,2.08339,7.37442,67.73,FALSE,-1.013
5648,BJ1205,2.08344,7.34729,69.76,FALSE,-1.013
5649,BJ1205,2.0835,7.32015,71.9,FALSE,-1.013
5650,BJ1205,2.08355,7.29302,68.33,FALSE,-1.013
5653,BJ1205,2.08361,7.26588,68.57,FALSE,-1.013
5896,BJ1205,2.11018,7.56441,64.26,FALSE,-1.013
5897,BJ1205,2.11024,7.53728,68.84,FALSE,-1.013
5898,BJ1205,2.11029,7.51014,69.04,FALSE,-1.013
5899,BJ1205,2.11035,7.48301,71.07,FALSE,-1.013
5900,BJ1205,2.1104,7.45588,66.9,FALSE,-1.013
5901,BJ1205,2.11046,7.42874,66.9,FALSE,-1.013
5902,BJ1205,2.11051,7.40161,66.9,FALSE,-1.013
5903,BJ1205,2.11057,7.37447,69.76,FALSE,-1.013
5904,BJ1205,2.11062,7.34734,69.96,FALSE,-1.013
5906,BJ1205,2.11067,7.32021,72.62,FALSE,-1.013
5908,BJ1205,2.11073,7.29307,71.19,FALSE,-1.013
6128,BJ1205,2.13737,7.56447,65.72,FALSE,-1.013
6131,BJ1205,2.13743,7.53733,67.39,FALSE,-1.013
6132,BJ1205,2.13748,7.5102,68.53,FALSE,-1.013
6133,BJ1205,2.13753,7.48306,69.04,FALSE,-1.013
6134,BJ1205,2.13759,7.45593,67.51,FALSE,-1.013
6135,BJ1205,2.13764,7.4288,66.9,FALSE,-1.013
6136,BJ1205,2.13769,7.40166,69.04,FALSE,-1.013
6137,BJ1205,2.13775,7.37453,70.24,FALSE,-1.013
6138,BJ1205,2.1378,7.34739,71.9,FALSE,-1.013
6140,BJ1205,2.13785,7.32026,68.57,FALSE,-1.013
6364,BJ1205,2.16462,7.53739,68.28,FALSE,-1.013
6366,BJ1205,2.16467,7.51025,70.47,FALSE,-1.013
6367,BJ1205,2.16472,7.48312,68.57,FALSE,-1.013
6368,BJ1205,2.16477,7.45598,66.9,FALSE,-1.013
6369,BJ1205,2.16482,7.42885,66.9,FALSE,-1.013
6370,BJ1205,2.16488,7.40171,66.9,FALSE,-1.013
6371,BJ1205,2.16493,7.37458,67.63,FALSE,-1.013
6372,BJ1205,2.16498,7.34744,66.9,FALSE,-1.013
6374,BJ1205,2.16503,7.32031,69.76,FALSE,-1.013
6605,BJ1205,2.19181,7.53744,68.09,FALSE,-1.013
6608,BJ1205,2.19186,7.5103,72.41,FALSE,-1.013
6610,BJ1205,2.19191,7.48317,66.9,FALSE,-1.013
6612,BJ1205,2.19196,7.45603,68.74,FALSE,-1.013
6614,BJ1205,2.19201,7.4289,68.33,FALSE,-1.013
6615,BJ1205,2.19206,7.40176,66.9,FALSE,-1.013
6616,BJ1205,2.19211,7.37463,66.9,FALSE,-1.013
6617,BJ1205,2.19216,7.34749,66.9,FALSE,-1.013
6854,BJ1205,2.21919,7.42895,68.57,FALSE,-1.013
6856,BJ1205,2.21924,7.40181,69.04,FALSE,-1.013
6858,BJ1205,2.21929,7.37468,71.07,FALSE,-1.013
6860,BJ1205,2.21934,7.34754,68.23,FALSE,-1.013
7115,BJ1205,2.24652,7.34759,67.11,FALSE,-1.013
9607,BJ1206,2.51849,7.18514,54.5,FALSE,-9.194
9610,BJ1206,2.51852,7.15801,60.22,FALSE,-9.194
9613,BJ1206,2.51855,7.13087,75.88,FALSE,-9.194
9615,BJ1206,2.51858,7.10373,80.4,FALSE,-9.194
9616,BJ1206,2.51861,7.0766,82.31,FALSE,-9.194
9617,BJ1206,2.51863,7.04946,88.74,FALSE,-9.194
9618,BJ1206,2.51866,7.02232,77.31,FALSE,-9.194
9619,BJ1206,2.51869,6.99519,87.08,FALSE,-9.194
9622,BJ1206,2.51872,6.96805,81.35,FALSE,-9.194
9875,BJ1206,2.54572,7.1309,63.01,FALSE,-9.194
9877,BJ1206,2.54574,7.10376,85.88,FALSE,-9.194
9879,BJ1206,2.54577,7.07662,85.07,FALSE,-9.194
9881,BJ1206,2.5458,7.04949,87.31,FALSE,-9.194
9883,BJ1206,2.54582,7.02235,82.62,FALSE,-9.194
9885,BJ1206,2.54585,6.99521,88.03,FALSE,-9.194
8559,BJ1206,2.40981,7.18502,55.64,FALSE,-9.194
8561,BJ1206,2.40984,7.15788,58.16,FALSE,-9.194
8563,BJ1206,2.40988,7.13074,59.26,FALSE,-9.194
8565,BJ1206,2.40991,7.10361,61.29,FALSE,-9.194
8567,BJ1206,2.40995,7.07647,62.62,FALSE,-9.194
8569,BJ1206,2.40998,7.04933,61.22,FALSE,-9.194
8571,BJ1206,2.41002,7.0222,62.29,FALSE,-9.194
8574,BJ1206,2.41005,6.99506,58.72,FALSE,-9.194
8579,BJ1206,2.4100799999999998,6.96793,57.76,FALSE,-9.194
8832,BJ1206,2.43695,7.21219,53.68,FALSE,-9.194
8834,BJ1206,2.43698,7.18505,57.17,FALSE,-9.194
8836,BJ1206,2.43701,7.15791,59.53,FALSE,-9.194
8837,BJ1206,2.43705,7.13078,59.94,FALSE,-9.194
8839,BJ1206,2.43708,7.10364,61.58,FALSE,-9.194
8841,BJ1206,2.43711,7.0765,63.01,FALSE,-9.194
8843,BJ1206,2.43714,7.04937,60.86,FALSE,-9.194
8845,BJ1206,2.43718,7.02223,76.08,FALSE,-9.194
8846,BJ1206,2.43721,6.9951,68.72,FALSE,-9.194
8848,BJ1206,2.43724,6.96796,65.72,FALSE,-9.194
9094,BJ1206,2.46412,7.21222,58.72,FALSE,-9.194
9096,BJ1206,2.46415,7.18508,58.7,FALSE,-9.194
9098,BJ1206,2.46418,7.15795,58.72,FALSE,-9.194
9099,BJ1206,2.46421,7.13081,59.43,FALSE,-9.194
9100,BJ1206,2.46424,7.10367,58.72,FALSE,-9.194
9101,BJ1206,2.46428,7.07654,61.58,FALSE,-9.194
9102,BJ1206,2.46431,7.0494,62.89,FALSE,-9.194
9103,BJ1206,2.46434,7.02226,64.44,FALSE,-9.194
9104,BJ1206,2.46437,6.99513,75.67,FALSE,-9.194
9106,BJ1206,2.4644,6.96799,61.18,FALSE,-9.194
9354,BJ1206,2.49132,7.18511,56.91,FALSE,-9.194
9356,BJ1206,2.49135,7.15798,61.09,FALSE,-9.194
9357,BJ1206,2.49138,7.13084,68.52,FALSE,-9.194
9358,BJ1206,2.49141,7.1037,83.74,FALSE,-9.194
9359,BJ1206,2.49144,7.07657,82,FALSE,-9.194
9360,BJ1206,2.49147,7.04943,73.02,FALSE,-9.194
9361,BJ1206,2.4915,7.02229,73.42,FALSE,-9.194
9362,BJ1206,2.49153,6.99516,80.4,FALSE,-9.194
9364,BJ1206,2.49156,6.96802,57.65,FALSE,-9.194
5651,BJ1207,2.08355,7.29302,86.49,FALSE,17.146
5654,BJ1207,2.08361,7.26588,86.73,FALSE,17.146
5656,BJ1207,2.08366,7.23875,85.06,FALSE,17.146
5658,BJ1207,2.08372,7.21161,85.06,FALSE,17.146
5905,BJ1207,2.11062,7.34734,88.12,FALSE,17.146
5907,BJ1207,2.11067,7.32021,90.78,FALSE,17.146
5909,BJ1207,2.11073,7.29307,89.35,FALSE,17.146
5910,BJ1207,2.11078,7.26594,85.06,FALSE,17.146
5911,BJ1207,2.11083,7.2388,85.06,FALSE,17.146
5913,BJ1207,2.11089,7.21167,85.06,FALSE,17.146
5915,BJ1207,2.11094,7.18453,85.06,FALSE,17.146
6139,BJ1207,2.1378,7.34739,90.06,FALSE,17.146
6141,BJ1207,2.13785,7.32026,86.73,FALSE,17.146
6142,BJ1207,2.1379,7.29312,85.06,FALSE,17.146
6143,BJ1207,2.13795,7.26599,85.06,FALSE,17.146
6144,BJ1207,2.13801,7.23886,85.06,FALSE,17.146
6146,BJ1207,2.13806,7.21172,85.06,FALSE,17.146
6148,BJ1207,2.13811,7.18459,85.06,FALSE,17.146
6373,BJ1207,2.16498,7.34744,85.06,FALSE,17.146
6375,BJ1207,2.16503,7.32031,87.92,FALSE,17.146
6376,BJ1207,2.16508,7.29318,85.06,FALSE,17.146
6377,BJ1207,2.16513,7.26604,85.06,FALSE,17.146
6378,BJ1207,2.16518,7.23891,85.06,FALSE,17.146
6380,BJ1207,2.16523,7.21177,85.06,FALSE,17.146
6382,BJ1207,2.16528,7.18464,85.06,FALSE,17.146
6384,BJ1207,2.16533,7.1575,85.77,FALSE,17.146
6618,BJ1207,2.19216,7.34749,85.06,FALSE,17.146
6619,BJ1207,2.19221,7.32036,85.89,FALSE,17.146
6620,BJ1207,2.19225,7.29322,85.06,FALSE,17.146
6621,BJ1207,2.1923,7.26609,85.89,FALSE,17.146
6622,BJ1207,2.19235,7.23895,85.06,FALSE,17.146
6623,BJ1207,2.1924,7.21182,85.06,FALSE,17.146
6624,BJ1207,2.19245,7.18468,85.06,FALSE,17.146
6626,BJ1207,2.19249,7.15755,85.06,FALSE,17.146
6629,BJ1207,2.19254,7.13041,86.49,FALSE,17.146
6861,BJ1207,2.21934,7.34754,86.39,FALSE,17.146
6862,BJ1207,2.21938,7.32041,85.06,FALSE,17.146
6863,BJ1207,2.21943,7.29327,85.06,FALSE,17.146
6864,BJ1207,2.21948,7.26614,85.06,FALSE,17.146
6865,BJ1207,2.21952,7.239,85.06,FALSE,17.146
6866,BJ1207,2.21957,7.21187,85.06,FALSE,17.146
6867,BJ1207,2.21962,7.18473,85.67,FALSE,17.146
6868,BJ1207,2.21966,7.1576,85.77,FALSE,17.146
6870,BJ1207,2.21971,7.13046,85.06,FALSE,17.146
7116,BJ1207,2.24652,7.34759,85.27,FALSE,17.146
7118,BJ1207,2.24656,7.32045,88.1,FALSE,17.146
7120,BJ1207,2.24661,7.29332,89.11,FALSE,17.146
7122,BJ1207,2.24665,7.26618,86.73,FALSE,17.146
7123,BJ1207,2.2467,7.23905,85.77,FALSE,17.146
7124,BJ1207,2.24674,7.21191,85.06,FALSE,17.146
7125,BJ1207,2.24679,7.18478,89.35,FALSE,17.146
7126,BJ1207,2.24683,7.15764,88.39,FALSE,17.146
7128,BJ1207,2.24688,7.13051,85.77,FALSE,17.146
7352,BJ1207,2.27383,7.26623,93.64,FALSE,17.146
7354,BJ1207,2.27387,7.23909,98.54,FALSE,17.146
7356,BJ1207,2.27391,7.21196,87.92,FALSE,17.146
7357,BJ1207,2.27396,7.18482,88.12,FALSE,17.146
7358,BJ1207,2.274,7.15769,92.21,FALSE,17.146
7360,BJ1207,2.27404,7.13055,92.41,FALSE,17.146
7581,BJ1207,2.30108,7.212,102.01,TRUE,17.146
7583,BJ1207,2.30113,7.18486,96.25,FALSE,17.146
7585,BJ1207,2.30117,7.15773,97.57,FALSE,17.146
7588,BJ1207,2.30121,7.13059,97.93,FALSE,17.146
9603,BJ1208,2.51843,7.23942,51.67,FALSE,-6.172
9605,BJ1208,2.51846,7.21228,55.45,FALSE,-6.172
9609,BJ1208,2.51849,7.18514,57.52,FALSE,-6.172
9612,BJ1208,2.51852,7.15801,63.24,FALSE,-6.172
9873,BJ1208,2.54566,7.18517,55.2,FALSE,-6.172
7341,BJ1208,2.27343,7.51044,61.74,FALSE,-6.172
7343,BJ1208,2.27347,7.48331,60.06,FALSE,-6.172
7564,BJ1208,2.30062,7.51049,61.51,FALSE,-6.172
7567,BJ1208,2.30066,7.48335,58.94,FALSE,-6.172
7569,BJ1208,2.3007,7.45622,56.32,FALSE,-6.172
7571,BJ1208,2.30075,7.42908,56.1,FALSE,-6.172
7573,BJ1208,2.30079,7.40195,54.19,FALSE,-6.172
7809,BJ1208,2.32785,7.4834,57.04,FALSE,-6.172
7810,BJ1208,2.32789,7.45626,52.79,FALSE,-6.172
7811,BJ1208,2.32793,7.42912,53.11,FALSE,-6.172
7813,BJ1208,2.32797,7.40199,51.67,FALSE,-6.172
7815,BJ1208,2.32801,7.37485,51.67,FALSE,-6.172
7817,BJ1208,2.32805,7.34772,52.3,FALSE,-6.172
7819,BJ1208,2.3281,7.32058,61.74,FALSE,-6.172
7821,BJ1208,2.32814,7.29345,54.36,FALSE,-6.172
7823,BJ1208,2.32818,7.26631,61.74,FALSE,-6.172
7831,BJ1208,2.32842,7.1035,62.46,FALSE,-6.172
7834,BJ1208,2.32845,7.07636,72.41,FALSE,-6.172
8052,BJ1208,2.35504,7.48344,61.02,FALSE,-6.172
8054,BJ1208,2.35508,7.4563,55.7,FALSE,-6.172
8055,BJ1208,2.35512,7.42917,52.73,FALSE,-6.172
8056,BJ1208,2.35516,7.40203,52.15,FALSE,-6.172
8057,BJ1208,2.3552,7.37489,51.67,FALSE,-6.172
8058,BJ1208,2.35523,7.34776,51.67,FALSE,-6.172
8059,BJ1208,2.35527,7.32062,51.67,FALSE,-6.172
8060,BJ1208,2.35531,7.29349,51.67,FALSE,-6.172
8062,BJ1208,2.35535,7.26635,61.74,FALSE,-6.172
8064,BJ1208,2.35539,7.23921,61.74,FALSE,-6.172
8066,BJ1208,2.35543,7.21208,61.74,FALSE,-6.172
8068,BJ1208,2.35547,7.18494,68.41,FALSE,-6.172
8070,BJ1208,2.3555,7.15781,67.04,FALSE,-6.172
8072,BJ1208,2.35554,7.13067,78.18,FALSE,-6.172
8074,BJ1208,2.35558,7.10354,61.74,FALSE,-6.172
8076,BJ1208,2.35562,7.0764,63.88,FALSE,-6.172
8078,BJ1208,2.35566,7.04926,75.08,FALSE,-6.172
8304,BJ1208,2.38226,7.45634,51.67,FALSE,-6.172
8305,BJ1208,2.3823,7.4292,52.59,FALSE,-6.172
8306,BJ1208,2.38234,7.40207,51.67,FALSE,-6.172
8307,BJ1208,2.38238,7.37493,51.67,FALSE,-6.172
8308,BJ1208,2.38242,7.3478,51.67,FALSE,-6.172
8309,BJ1208,2.38245,7.32066,51.67,FALSE,-6.172
8310,BJ1208,2.38249,7.29352,51.67,FALSE,-6.172
8311,BJ1208,2.38253,7.26639,51.67,FALSE,-6.172
8313,BJ1208,2.38256,7.23925,61.74,FALSE,-6.172
8315,BJ1208,2.3826,7.21212,61.74,FALSE,-6.172
8316,BJ1208,2.38264,7.18498,71.12,FALSE,-6.172
8317,BJ1208,2.38267,7.15784,66.6,FALSE,-6.172
8318,BJ1208,2.38271,7.13071,66.04,FALSE,-6.172
8319,BJ1208,2.38275,7.10357,70.79,FALSE,-6.172
8320,BJ1208,2.38278,7.07644,67.65,FALSE,-6.172
8322,BJ1208,2.38282,7.0493,74.84,FALSE,-6.172
8324,BJ1208,2.38285,7.02216,71.95,FALSE,-6.172
8547,BJ1208,2.40945,7.45638,56.71,FALSE,-6.172
8550,BJ1208,2.40949,7.42924,51.67,FALSE,-6.172
8551,BJ1208,2.40952,7.4021,51.67,FALSE,-6.172
8552,BJ1208,2.40956,7.37497,51.67,FALSE,-6.172
8553,BJ1208,2.4096,7.34783,51.67,FALSE,-6.172
8554,BJ1208,2.40963,7.3207,51.67,FALSE,-6.172
8555,BJ1208,2.40967,7.29356,51.67,FALSE,-6.172
8556,BJ1208,2.4097,7.26642,51.67,FALSE,-6.172
8557,BJ1208,2.40974,7.23929,53.91,FALSE,-6.172
8558,BJ1208,2.40977,7.21215,56.96,FALSE,-6.172
8560,BJ1208,2.40981,7.18502,58.66,FALSE,-6.172
8562,BJ1208,2.40984,7.15788,61.18,FALSE,-6.172
8564,BJ1208,2.40988,7.13074,62.28,FALSE,-6.172
8566,BJ1208,2.40991,7.10361,64.31,FALSE,-6.172
8568,BJ1208,2.40995,7.07647,65.64,FALSE,-6.172
8570,BJ1208,2.40998,7.04933,64.24,FALSE,-6.172
8573,BJ1208,2.41002,7.0222,65.31,FALSE,-6.172
8576,BJ1208,2.41005,6.99506,61.74,FALSE,-6.172
8819,BJ1208,2.43667,7.42928,51.67,FALSE,-6.172
8821,BJ1208,2.43671,7.40214,51.67,FALSE,-6.172
8823,BJ1208,2.43674,7.375,61.74,FALSE,-6.172
8825,BJ1208,2.43678,7.34787,58.73,FALSE,-6.172
8827,BJ1208,2.43681,7.32073,51.67,FALSE,-6.172
8829,BJ1208,2.43684,7.2936,58.73,FALSE,-6.172
8830,BJ1208,2.43688,7.26646,61.74,FALSE,-6.172
8831,BJ1208,2.43691,7.23932,58.64,FALSE,-6.172
8833,BJ1208,2.43695,7.21219,56.71,FALSE,-6.172
8835,BJ1208,2.43698,7.18505,60.19,FALSE,-6.172
8838,BJ1208,2.43705,7.13078,62.97,FALSE,-6.172
8840,BJ1208,2.43708,7.10364,64.6,FALSE,-6.172
8842,BJ1208,2.43711,7.0765,66.03,FALSE,-6.172
8844,BJ1208,2.43714,7.04937,63.88,FALSE,-6.172
9090,BJ1208,2.46402,7.29363,51.67,FALSE,-6.172
9092,BJ1208,2.46405,7.26649,57.71,FALSE,-6.172
9093,BJ1208,2.46409,7.23936,58.08,FALSE,-6.172
9095,BJ1208,2.46412,7.21222,61.74,FALSE,-6.172
9097,BJ1208,2.46415,7.18508,61.72,FALSE,-6.172
9350,BJ1208,2.49123,7.26652,51.67,FALSE,-6.172
9352,BJ1208,2.49126,7.23939,53.35,FALSE,-6.172
9353,BJ1208,2.49129,7.21225,60.48,FALSE,-6.172
9355,BJ1208,2.49132,7.18511,59.93,FALSE,-6.172
4738,BJ1209,1.97546,7.02145,72.9,FALSE,-10.027
4741,BJ1209,1.97552,6.99432,84.85,FALSE,-10.027
4743,BJ1209,1.97558,6.96718,80.76,FALSE,-10.027
4745,BJ1209,1.97564,6.94005,80.56,FALSE,-10.027
4964,BJ1209,2.00262,7.02151,69.56,FALSE,-10.027
4965,BJ1209,2.00267,6.99438,87.91,FALSE,-10.027
4966,BJ1209,2.00273,6.96724,86.24,FALSE,-10.027
4968,BJ1209,2.00279,6.94011,77.19,FALSE,-10.027
4970,BJ1209,2.00285,6.91297,80.4,FALSE,-10.027
5181,BJ1209,2.02961,7.10297,58.5,FALSE,-10.027
5183,BJ1209,2.02966,7.07583,68.61,FALSE,-10.027
5185,BJ1209,2.02972,7.0487,73.82,FALSE,-10.027
5187,BJ1209,2.02978,7.02157,79.33,FALSE,-10.027
5188,BJ1209,2.02983,6.99443,87.3,FALSE,-10.027
5189,BJ1209,2.02989,6.9673,87.2,FALSE,-10.027
5190,BJ1209,2.02994,6.94016,87.3,FALSE,-10.027
5192,BJ1209,2.03,6.91303,86.48,FALSE,-10.027
5411,BJ1209,2.05671,7.13016,57.89,FALSE,-10.027
5413,BJ1209,2.05677,7.10302,63.6,FALSE,-10.027
5414,BJ1209,2.05682,7.07589,68.73,FALSE,-10.027
5415,BJ1209,2.05688,7.04876,82.91,FALSE,-10.027
5416,BJ1209,2.05693,7.02162,87.91,FALSE,-10.027
5417,BJ1209,2.05699,6.99449,87.91,FALSE,-10.027
5418,BJ1209,2.05704,6.96735,84.57,FALSE,-10.027
5420,BJ1209,2.0571,6.94022,84.34,FALSE,-10.027
5422,BJ1209,2.05715,6.91308,87.91,FALSE,-10.027
5662,BJ1209,2.08388,7.13021,57.89,FALSE,-10.027
5663,BJ1209,2.08393,7.10308,67.69,FALSE,-10.027
5664,BJ1209,2.08399,7.07594,68.61,FALSE,-10.027
5665,BJ1209,2.08404,7.04881,79.33,FALSE,-10.027
5666,BJ1209,2.08409,7.02168,80.76,FALSE,-10.027
5667,BJ1209,2.08415,6.99454,87.3,FALSE,-10.027
5668,BJ1209,2.0842,6.96741,71.7,FALSE,-10.027
5671,BJ1209,2.08425,6.94027,82.39,FALSE,-10.027
5918,BJ1209,2.11104,7.13027,66.83,FALSE,-10.027
5919,BJ1209,2.1111,7.10313,67.41,FALSE,-10.027
5920,BJ1209,2.11115,7.076,59.51,FALSE,-10.027
5921,BJ1209,2.1112,7.04886,65.75,FALSE,-10.027
5922,BJ1209,2.11125,7.02173,79.57,FALSE,-10.027
5923,BJ1209,2.1113,6.99459,87.2,FALSE,-10.027
5924,BJ1209,2.11135,6.96746,61.75,FALSE,-10.027
5926,BJ1209,2.11141,6.94032,54.99,FALSE,-10.027
6151,BJ1209,2.13821,7.13032,60.03,FALSE,-10.027
6152,BJ1209,2.13826,7.10318,60.39,FALSE,-10.027
6153,BJ1209,2.13831,7.07605,66.64,FALSE,-10.027
6154,BJ1209,2.13836,7.04891,77.49,FALSE,-10.027
6155,BJ1209,2.13841,7.02178,80.76,FALSE,-10.027
6156,BJ1209,2.13846,6.99464,84.84,FALSE,-10.027
6157,BJ1209,2.13851,6.96751,60.01,FALSE,-10.027
6159,BJ1209,2.13856,6.94037,51.1,FALSE,-10.027
6386,BJ1209,2.16538,7.13037,62.79,FALSE,-10.027
6387,BJ1209,2.16543,7.10323,60.75,FALSE,-10.027
6388,BJ1209,2.16547,7.0761,58.58,FALSE,-10.027
6389,BJ1209,2.16552,7.04896,81.48,FALSE,-10.027
6390,BJ1209,2.16557,7.02183,86.24,FALSE,-10.027
6391,BJ1209,2.16562,6.99469,84.81,FALSE,-10.027
6392,BJ1209,2.16567,6.96756,65.37,FALSE,-10.027
6394,BJ1209,2.16572,6.94042,53.07,FALSE,-10.027
6628,BJ1209,2.19254,7.13041,59.32,FALSE,-10.027
6630,BJ1209,2.19259,7.10328,57.89,FALSE,-10.027
6631,BJ1209,2.19264,7.07614,66.46,FALSE,-10.027
6632,BJ1209,2.19268,7.04901,78.67,FALSE,-10.027
6633,BJ1209,2.19273,7.02187,75.66,FALSE,-10.027
6634,BJ1209,2.19278,6.99474,83.42,FALSE,-10.027
6635,BJ1209,2.19282,6.9676,87.2,FALSE,-10.027
6637,BJ1209,2.19287,6.94047,66.64,FALSE,-10.027
6869,BJ1209,2.21971,7.13046,57.89,FALSE,-10.027
6871,BJ1209,2.21975,7.10333,58.6,FALSE,-10.027
6872,BJ1209,2.2198,7.07619,67.69,FALSE,-10.027
6873,BJ1209,2.21985,7.04906,68.66,FALSE,-10.027
6874,BJ1209,2.21989,7.02192,74.33,FALSE,-10.027
6875,BJ1209,2.21994,6.99479,78.62,FALSE,-10.027
6876,BJ1209,2.21998,6.96765,84.57,FALSE,-10.027
6878,BJ1209,2.22003,6.94051,87.2,FALSE,-10.027
7127,BJ1209,2.24688,7.13051,58.6,FALSE,-10.027
7129,BJ1209,2.24692,7.10337,58.72,FALSE,-10.027
7130,BJ1209,2.24696,7.07624,70.34,FALSE,-10.027
7131,BJ1209,2.24701,7.0491,70.4,FALSE,-10.027
7132,BJ1209,2.24705,7.02196,77.9,FALSE,-10.027
7133,BJ1209,2.24709,6.99483,83.02,FALSE,-10.027
7134,BJ1209,2.24714,6.96769,82.28,FALSE,-10.027
7136,BJ1209,2.24718,6.94056,83.62,FALSE,-10.027
7359,BJ1209,2.27404,7.13055,65.24,FALSE,-10.027
7361,BJ1209,2.27408,7.10341,58.6,FALSE,-10.027
7362,BJ1209,2.27413,7.07628,62.18,FALSE,-10.027
7363,BJ1209,2.27417,7.04914,79.18,FALSE,-10.027
7364,BJ1209,2.27421,7.02201,80.4,FALSE,-10.027
7365,BJ1209,2.27425,6.99487,83.74,FALSE,-10.027
7366,BJ1209,2.2743,6.96774,87.2,FALSE,-10.027
7368,BJ1209,2.27434,6.9406,79.81,FALSE,-10.027
7587,BJ1209,2.30121,7.13059,70.75,FALSE,-10.027
7590,BJ1209,2.30125,7.10346,72.06,FALSE,-10.027
7591,BJ1209,2.30129,7.07632,81.48,FALSE,-10.027
7592,BJ1209,2.30133,7.04918,71.23,FALSE,-10.027
7593,BJ1209,2.30137,7.02205,84.34,FALSE,-10.027
7594,BJ1209,2.30141,6.99491,81.91,FALSE,-10.027
7596,BJ1209,2.30145,6.96778,82.69,FALSE,-10.027
7598,BJ1209,2.30149,6.94064,82.16,FALSE,-10.027
7830,BJ1209,2.32842,7.1035,58.6,FALSE,-10.027
7833,BJ1209,2.32845,7.07636,68.56,FALSE,-10.027
7835,BJ1209,2.32849,7.04922,76.47,FALSE,-10.027
7836,BJ1209,2.32853,7.02209,83.01,FALSE,-10.027
7837,BJ1209,2.32857,6.99495,87.2,FALSE,-10.027
7839,BJ1209,2.32861,6.96782,82.57,FALSE,-10.027
7842,BJ1209,2.32865,6.94068,69.95,FALSE,-10.027
8075,BJ1209,2.35562,7.0764,60.03,FALSE,-10.027
8077,BJ1209,2.35566,7.04926,71.23,FALSE,-10.027
8079,BJ1209,2.35569,7.02213,82.91,FALSE,-10.027
8080,BJ1209,2.35573,6.99499,82.91,FALSE,-10.027
8082,BJ1209,2.35577,6.96785,76.7,FALSE,-10.027
8084,BJ1209,2.3558,6.94072,80.12,FALSE,-10.027
8321,BJ1209,2.38282,7.0493,70.98,FALSE,-10.027
8323,BJ1209,2.38285,7.02216,68.1,FALSE,-10.027
8325,BJ1209,2.38289,6.99503,70.03,FALSE,-10.027
8327,BJ1209,2.38293,6.96789,64.19,FALSE,-10.027
8572,BJ1209,2.41002,7.0222,61.46,FALSE,-10.027
8575,BJ1209,2.41005,6.99506,57.89,FALSE,-10.027
8580,BJ1209,2.4100799999999998,6.96793,56.93,FALSE,-10.027
